ISO-10303-21;
HEADER;
/* Generated by software containing ST-Developer
 * from STEP Tools, Inc. (www.steptools.com) 
 */

FILE_DESCRIPTION(
/* description */ (''),
/* implementation_level */ '2;1');

FILE_NAME(
/* name */ 'Bottom case.step',
/* time_stamp */ '2025-11-06T15:52:40+01:00',
/* author */ (''),
/* organization */ (''),
/* preprocessor_version */ 'ST-DEVELOPER v20.1',
/* originating_system */ 'Autodesk Translation Framework v14.17.0.0',
/* authorisation */ '');

FILE_SCHEMA (('AUTOMOTIVE_DESIGN { 1 0 10303 214 3 1 1 }'));
ENDSEC;

DATA;
#10=MECHANICAL_DESIGN_GEOMETRIC_PRESENTATION_REPRESENTATION('',(#21),#6709);
#11=ITEM_DEFINED_TRANSFORMATION($,$,#3493,#3875);
#12=ITEM_DEFINED_TRANSFORMATION($,$,#3492,#3876);
#13=(
REPRESENTATION_RELATIONSHIP($,$,#6724,#6723)
REPRESENTATION_RELATIONSHIP_WITH_TRANSFORMATION(#11)
SHAPE_REPRESENTATION_RELATIONSHIP()
);
#14=(
REPRESENTATION_RELATIONSHIP($,$,#6723,#6722)
REPRESENTATION_RELATIONSHIP_WITH_TRANSFORMATION(#12)
SHAPE_REPRESENTATION_RELATIONSHIP()
);
#15=CONTEXT_DEPENDENT_SHAPE_REPRESENTATION(#13,#6720);
#16=CONTEXT_DEPENDENT_SHAPE_REPRESENTATION(#14,#6721);
#17=NEXT_ASSEMBLY_USAGE_OCCURRENCE('Bottom case:1','Bottom case:1',
'Bottom case:1',#6727,#6728,'Bottom case:1');
#18=NEXT_ASSEMBLY_USAGE_OCCURRENCE('Pancake:1','Pancake:1','Pancake:1',
#6726,#6727,'Pancake:1');
#19=SHAPE_REPRESENTATION_RELATIONSHIP('SRR','None',#6724,#20);
#20=ADVANCED_BREP_SHAPE_REPRESENTATION('',(#22),#6708);
#21=STYLED_ITEM('',(#6743),#22);
#22=MANIFOLD_SOLID_BREP('Placage UDB',#3478);
#23=(
BOUNDED_SURFACE()
B_SPLINE_SURFACE(1,2,((#6061,#6062,#6063),(#6064,#6065,#6066)),
 .UNSPECIFIED.,.F.,.F.,.F.)
B_SPLINE_SURFACE_WITH_KNOTS((2,2),(3,3),(-1.00231095106556E-15,0.498097349045872),
(-2.33146835171283E-15,1.57079632679488),.UNSPECIFIED.)
GEOMETRIC_REPRESENTATION_ITEM()
RATIONAL_B_SPLINE_SURFACE(((1.,0.707106781186553,1.),(1.,0.707106781186553,
1.)))
REPRESENTATION_ITEM('')
SURFACE()
);
#24=(
BOUNDED_SURFACE()
B_SPLINE_SURFACE(1,2,((#6070,#6071,#6072),(#6073,#6074,#6075)),
 .UNSPECIFIED.,.F.,.F.,.F.)
B_SPLINE_SURFACE_WITH_KNOTS((2,2),(3,3),(-1.19084026122796E-15,0.498097349045872),
(1.5707963267949,3.14159265358979),.UNSPECIFIED.)
GEOMETRIC_REPRESENTATION_ITEM()
RATIONAL_B_SPLINE_SURFACE(((1.,0.707106781186548,1.),(1.,0.707106781186548,
1.)))
REPRESENTATION_ITEM('')
SURFACE()
);
#25=CONICAL_SURFACE('',#3619,0.799999999999996,1.02974425867665);
#26=CONICAL_SURFACE('',#3622,0.8,1.02974425867665);
#27=CONICAL_SURFACE('',#3625,0.799999999999999,1.02974425867665);
#28=CONICAL_SURFACE('',#3628,0.8,1.02974425867665);
#29=B_SPLINE_SURFACE_WITH_KNOTS('',3,3,((#5036,#5037,#5038,#5039),(#5040,
#5041,#5042,#5043),(#5044,#5045,#5046,#5047),(#5048,#5049,#5050,#5051),
(#5052,#5053,#5054,#5055),(#5056,#5057,#5058,#5059),(#5060,#5061,#5062,
#5063)),.UNSPECIFIED.,.F.,.F.,.F.,(4,1,1,1,4),(4,4),(0.,0.26082090725543,
0.434701512092384,0.499906738906241,0.608582116929337),(2.37076410371659,
3.0171652550366),.UNSPECIFIED.);
#30=B_SPLINE_SURFACE_WITH_KNOTS('',3,3,((#5084,#5085,#5086,#5087,#5088,
#5089),(#5090,#5091,#5092,#5093,#5094,#5095),(#5096,#5097,#5098,#5099,#5100,
#5101),(#5102,#5103,#5104,#5105,#5106,#5107),(#5108,#5109,#5110,#5111,#5112,
#5113),(#5114,#5115,#5116,#5117,#5118,#5119),(#5120,#5121,#5122,#5123,#5124,
#5125),(#5126,#5127,#5128,#5129,#5130,#5131),(#5132,#5133,#5134,#5135,#5136,
#5137),(#5138,#5139,#5140,#5141,#5142,#5143)),.UNSPECIFIED.,.F.,.F.,.F.,
(4,1,1,1,1,1,1,4),(4,1,1,4),(0.,0.12650221172148,0.202403538754368,0.303605308131552,
0.404807077508736,0.506008846885921,0.607210616263105,0.708412385640289),
(3.01716523611371,3.25305673821011,3.48894824030651,3.8427854934511),
 .UNSPECIFIED.);
#31=B_SPLINE_SURFACE_WITH_KNOTS('',3,3,((#5161,#5162,#5163,#5164),(#5165,
#5166,#5167,#5168),(#5169,#5170,#5171,#5172),(#5173,#5174,#5175,#5176),
(#5177,#5178,#5179,#5180),(#5181,#5182,#5183,#5184),(#5185,#5186,#5187,
#5188)),.UNSPECIFIED.,.F.,.F.,.F.,(4,1,1,1,4),(4,4),(0.,0.311002451650324,
0.518337419417207,0.622004903300649,0.72567238718409),(3.8427854934511,
3.91576946301869),.UNSPECIFIED.);
#32=B_SPLINE_SURFACE_WITH_KNOTS('',3,3,((#5201,#5202,#5203,#5204,#5205,
#5206),(#5207,#5208,#5209,#5210,#5211,#5212),(#5213,#5214,#5215,#5216,#5217,
#5218),(#5219,#5220,#5221,#5222,#5223,#5224),(#5225,#5226,#5227,#5228,#5229,
#5230),(#5231,#5232,#5233,#5234,#5235,#5236),(#5237,#5238,#5239,#5240,#5241,
#5242),(#5243,#5244,#5245,#5246,#5247,#5248),(#5249,#5250,#5251,#5252,#5253,
#5254),(#5255,#5256,#5257,#5258,#5259,#5260)),.UNSPECIFIED.,.F.,.F.,.F.,
(4,1,1,1,1,1,1,4),(4,1,1,4),(0.,0.203051253227225,0.270735004302966,0.406102506454449,
0.541470008605932,0.676837510757415,0.812205012908898,0.947572515060381),
(3.91576946301869,4.2696658833583,4.50559683025137,4.74152777714444),
 .UNSPECIFIED.);
#33=B_SPLINE_SURFACE_WITH_KNOTS('',3,3,((#5543,#5544,#5545,#5546),(#5547,
#5548,#5549,#5550),(#5551,#5552,#5553,#5554),(#5555,#5556,#5557,#5558),
(#5559,#5560,#5561,#5562),(#5563,#5564,#5565,#5566),(#5567,#5568,#5569,
#5570)),.UNSPECIFIED.,.F.,.F.,.F.,(4,1,1,1,4),(4,4),(0.,0.27073500430296,
0.40610250645444,0.676837510757401,0.947572515060361),(-3.01147995429574E-15,
0.646401383982352),.UNSPECIFIED.);
#34=B_SPLINE_SURFACE_WITH_KNOTS('',3,3,((#5583,#5584,#5585,#5586,#5587,
#5588,#5589,#5590,#5591,#5592,#5593,#5594,#5595,#5596,#5597,#5598,#5599,
#5600),(#5601,#5602,#5603,#5604,#5605,#5606,#5607,#5608,#5609,#5610,#5611,
#5612,#5613,#5614,#5615,#5616,#5617,#5618),(#5619,#5620,#5621,#5622,#5623,
#5624,#5625,#5626,#5627,#5628,#5629,#5630,#5631,#5632,#5633,#5634,#5635,
#5636),(#5637,#5638,#5639,#5640,#5641,#5642,#5643,#5644,#5645,#5646,#5647,
#5648,#5649,#5650,#5651,#5652,#5653,#5654),(#5655,#5656,#5657,#5658,#5659,
#5660,#5661,#5662,#5663,#5664,#5665,#5666,#5667,#5668,#5669,#5670,#5671,
#5672),(#5673,#5674,#5675,#5676,#5677,#5678,#5679,#5680,#5681,#5682,#5683,
#5684,#5685,#5686,#5687,#5688,#5689,#5690),(#5691,#5692,#5693,#5694,#5695,
#5696,#5697,#5698,#5699,#5700,#5701,#5702,#5703,#5704,#5705,#5706,#5707,
#5708)),.UNSPECIFIED.,.F.,.F.,.F.,(4,1,1,1,4),(4,1,1,1,1,1,1,1,1,1,1,1,
1,1,1,4),(0.,0.270735004302963,0.406102506454444,0.676837510757407,0.94757251506037),
(0.646401370348975,0.65377421421702,0.661147058085064,0.675892745821154,
0.705384121293332,0.76436687223769,0.823349623182048,1.00029787601512,1.11826337790384,
1.23622887979255,1.29521163073691,1.35419438168127,1.41317713262562,1.4426685080978,
1.45741419583389,1.47215988356998),.UNSPECIFIED.);
#35=B_SPLINE_SURFACE_WITH_KNOTS('',3,3,((#5735,#5736,#5737,#5738),(#5739,
#5740,#5741,#5742),(#5743,#5744,#5745,#5746),(#5747,#5748,#5749,#5750),
(#5751,#5752,#5753,#5754),(#5755,#5756,#5757,#5758),(#5759,#5760,#5761,
#5762)),.UNSPECIFIED.,.F.,.F.,.F.,(4,1,1,1,4),(4,4),(0.,0.311002451650329,
0.518337419417215,0.622004903300657,0.7256723871841),(1.47215988356997,
1.54514385313739),.UNSPECIFIED.);
#36=B_SPLINE_SURFACE_WITH_KNOTS('',3,3,((#5775,#5776,#5777,#5778,#5779,
#5780),(#5781,#5782,#5783,#5784,#5785,#5786),(#5787,#5788,#5789,#5790,#5791,
#5792),(#5793,#5794,#5795,#5796,#5797,#5798),(#5799,#5800,#5801,#5802,#5803,
#5804),(#5805,#5806,#5807,#5808,#5809,#5810),(#5811,#5812,#5813,#5814,#5815,
#5816)),.UNSPECIFIED.,.F.,.F.,.F.,(4,1,1,1,4),(4,1,1,4),(0.,0.303605308131554,
0.404807077508739,0.607210616263109,0.708412385640294),(1.5451438531374,
1.89898110222708,2.1348726016202,2.37076410101332),.UNSPECIFIED.);
#37=B_SPLINE_SURFACE_WITH_KNOTS('',3,3,((#6431,#6432,#6433,#6434,#6435,
#6436),(#6437,#6438,#6439,#6440,#6441,#6442),(#6443,#6444,#6445,#6446,#6447,
#6448),(#6449,#6450,#6451,#6452,#6453,#6454),(#6455,#6456,#6457,#6458,#6459,
#6460)),.UNSPECIFIED.,.F.,.F.,.F.,(4,1,4),(4,1,1,4),(0.,0.571428571428571,
1.),(-1.77635683940025E-15,0.67319842576924,1.12199737628207,1.5707963267949),
 .UNSPECIFIED.);
#38=B_SPLINE_SURFACE_WITH_KNOTS('',3,3,((#6469,#6470,#6471,#6472,#6473,
#6474),(#6475,#6476,#6477,#6478,#6479,#6480),(#6481,#6482,#6483,#6484,#6485,
#6486),(#6487,#6488,#6489,#6490,#6491,#6492),(#6493,#6494,#6495,#6496,#6497,
#6498)),.UNSPECIFIED.,.F.,.F.,.F.,(4,1,4),(4,1,1,4),(0.,0.571428571428571,
1.),(-1.57079632679489,-0.897597901025651,-0.448798950512826,2.35906419478751E-16),
 .UNSPECIFIED.);
#39=B_SPLINE_SURFACE_WITH_KNOTS('',3,3,((#6506,#6507,#6508,#6509,#6510,
#6511),(#6512,#6513,#6514,#6515,#6516,#6517),(#6518,#6519,#6520,#6521,#6522,
#6523),(#6524,#6525,#6526,#6527,#6528,#6529),(#6530,#6531,#6532,#6533,#6534,
#6535)),.UNSPECIFIED.,.F.,.F.,.F.,(4,1,4),(4,1,1,4),(0.,0.571428571428571,
1.),(2.51182821737013E-14,0.673198425769256,1.12199737628208,1.5707963267949),
 .UNSPECIFIED.);
#40=B_SPLINE_SURFACE_WITH_KNOTS('',3,3,((#6543,#6544,#6545,#6546,#6547,
#6548),(#6549,#6550,#6551,#6552,#6553,#6554),(#6555,#6556,#6557,#6558,#6559,
#6560),(#6561,#6562,#6563,#6564,#6565,#6566),(#6567,#6568,#6569,#6570,#6571,
#6572),(#6573,#6574,#6575,#6576,#6577,#6578)),.UNSPECIFIED.,.F.,.F.,.F.,
(4,1,1,4),(4,1,1,4),(0.,0.285714285714286,0.571428571428571,1.),(-1.5707963267949,
-0.897597901025651,-0.448798950512821,8.62586155787591E-15),
 .UNSPECIFIED.);
#41=FACE_BOUND('',#404,.T.);
#42=FACE_BOUND('',#414,.T.);
#43=FACE_BOUND('',#415,.T.);
#44=FACE_BOUND('',#416,.T.);
#45=FACE_BOUND('',#418,.T.);
#46=FACE_BOUND('',#419,.T.);
#47=FACE_BOUND('',#420,.T.);
#48=FACE_BOUND('',#421,.T.);
#49=FACE_BOUND('',#423,.T.);
#50=FACE_BOUND('',#424,.T.);
#51=FACE_BOUND('',#425,.T.);
#52=FACE_BOUND('',#426,.T.);
#53=FACE_BOUND('',#427,.T.);
#54=FACE_BOUND('',#428,.T.);
#55=FACE_BOUND('',#429,.T.);
#56=FACE_BOUND('',#430,.T.);
#57=FACE_BOUND('',#431,.T.);
#58=FACE_BOUND('',#437,.T.);
#59=FACE_BOUND('',#533,.T.);
#60=FACE_BOUND('',#535,.T.);
#61=FACE_BOUND('',#539,.T.);
#62=FACE_BOUND('',#541,.T.);
#63=FACE_BOUND('',#545,.T.);
#64=FACE_BOUND('',#547,.T.);
#65=FACE_BOUND('',#551,.T.);
#66=FACE_BOUND('',#553,.T.);
#67=FACE_BOUND('',#557,.T.);
#68=FACE_BOUND('',#559,.T.);
#69=FACE_BOUND('',#563,.T.);
#70=FACE_BOUND('',#565,.T.);
#71=FACE_BOUND('',#569,.T.);
#72=FACE_BOUND('',#571,.T.);
#73=FACE_BOUND('',#575,.T.);
#74=FACE_BOUND('',#577,.T.);
#75=FACE_BOUND('',#580,.T.);
#76=FACE_BOUND('',#581,.T.);
#77=FACE_BOUND('',#582,.T.);
#78=FACE_BOUND('',#583,.T.);
#79=FACE_BOUND('',#584,.T.);
#80=FACE_BOUND('',#585,.T.);
#81=FACE_BOUND('',#586,.T.);
#82=FACE_BOUND('',#587,.T.);
#83=FACE_BOUND('',#588,.T.);
#84=FACE_BOUND('',#589,.T.);
#85=FACE_BOUND('',#590,.T.);
#86=FACE_BOUND('',#591,.T.);
#87=B_SPLINE_CURVE_WITH_KNOTS('',3,(#4946,#4947,#4948,#4949,#4950,#4951),
 .UNSPECIFIED.,.F.,.F.,(4,2,4),(-0.646401583083625,-0.32320089109005,-1.36395446048709E-8),
 .UNSPECIFIED.);
#88=B_SPLINE_CURVE_WITH_KNOTS('',3,(#4953,#4954,#4955,#4956,#4957,#4958,
#4959,#4960,#4961,#4962),.UNSPECIFIED.,.F.,.F.,(4,2,2,2,4),(-0.3808945283613,
-0.28832916640674,-0.201260611043013,-0.0960624899396791,0.),
 .UNSPECIFIED.);
#89=B_SPLINE_CURVE_WITH_KNOTS('',3,(#4964,#4965,#4966,#4967,#4968,#4969),
 .UNSPECIFIED.,.F.,.F.,(4,2,4),(-0.0734579168144786,-0.036716153266398,
0.),.UNSPECIFIED.);
#90=B_SPLINE_CURVE_WITH_KNOTS('',3,(#4971,#4972,#4973,#4974,#4975,#4976,
#4977,#4978,#4979,#4980,#4981,#4982),.UNSPECIFIED.,.F.,.F.,(4,2,2,2,2,4),
(-0.464764642146505,-0.394686568607028,-0.325032707903706,-0.217693263464521,
-0.108656474231905,0.),.UNSPECIFIED.);
#91=B_SPLINE_CURVE_WITH_KNOTS('',3,(#4984,#4985,#4986,#4987,#4988,#4989),
 .UNSPECIFIED.,.F.,.F.,(4,2,4),(-0.646401593894037,-0.323200797571564,-1.89319049326287E-8),
 .UNSPECIFIED.);
#92=B_SPLINE_CURVE_WITH_KNOTS('',3,(#4991,#4992,#4993,#4994,#4995,#4996,
#4997,#4998,#4999,#5000,#5001,#5002),.UNSPECIFIED.,.F.,.F.,(4,2,2,2,2,4),
(-0.464537553816192,-0.389627666705114,-0.311835874356097,-0.20801322886232,
-0.104223889882743,0.),.UNSPECIFIED.);
#93=B_SPLINE_CURVE_WITH_KNOTS('',3,(#5004,#5005,#5006,#5007,#5008,#5009),
 .UNSPECIFIED.,.F.,.F.,(4,2,4),(-0.0734584696158687,-0.0367201269341351,
0.),.UNSPECIFIED.);
#94=B_SPLINE_CURVE_WITH_KNOTS('',3,(#5010,#5011,#5012,#5013,#5014,#5015,
#5016,#5017,#5018,#5019),.UNSPECIFIED.,.F.,.F.,(4,2,2,2,4),(-0.379668377066185,
-0.291393311700508,-0.203456179897383,-0.101657255942078,0.),
 .UNSPECIFIED.);
#95=B_SPLINE_CURVE_WITH_KNOTS('',3,(#5065,#5066,#5067,#5068,#5069,#5070,
#5071),.UNSPECIFIED.,.F.,.F.,(4,1,1,1,4),(-0.608582116929337,-0.499906738906241,
-0.434701512092384,-0.26082090725543,0.),.UNSPECIFIED.);
#96=B_SPLINE_CURVE_WITH_KNOTS('',3,(#5073,#5074,#5075,#5076),
 .UNSPECIFIED.,.F.,.F.,(4,4),(-3.01716521719083,-2.37076410371659),
 .UNSPECIFIED.);
#97=B_SPLINE_CURVE_WITH_KNOTS('',3,(#5077,#5078,#5079,#5080,#5081,#5082,
#5083),.UNSPECIFIED.,.F.,.F.,(4,1,1,1,4),(-0.608551285677276,-0.607210616263109,
-0.404807077508739,-0.303605308131554,0.),.UNSPECIFIED.);
#98=B_SPLINE_CURVE_WITH_KNOTS('',3,(#5145,#5146,#5147,#5148,#5149,#5150,
#5151,#5152,#5153,#5154),.UNSPECIFIED.,.F.,.F.,(4,1,1,1,1,1,1,4),(-0.708412385640289,
-0.607210616263105,-0.506008846885921,-0.404807077508736,-0.303605308131552,
-0.202403538754368,-0.12650221172148,0.),.UNSPECIFIED.);
#99=B_SPLINE_CURVE_WITH_KNOTS('',3,(#5155,#5156,#5157,#5158,#5159,#5160),
 .UNSPECIFIED.,.F.,.F.,(4,1,1,4),(-3.8427854934511,-3.48894824030651,-3.25305673821011,
-3.01716523611371),.UNSPECIFIED.);
#100=B_SPLINE_CURVE_WITH_KNOTS('',3,(#5190,#5191,#5192,#5193,#5194,#5195,
#5196),.UNSPECIFIED.,.F.,.F.,(4,1,1,1,4),(-0.72567238718409,-0.622004903300649,
-0.518337419417207,-0.311002451650324,0.),.UNSPECIFIED.);
#101=B_SPLINE_CURVE_WITH_KNOTS('',3,(#5197,#5198,#5199,#5200),
 .UNSPECIFIED.,.F.,.F.,(4,4),(-3.91576946301869,-3.8427854934511),
 .UNSPECIFIED.);
#102=B_SPLINE_CURVE_WITH_KNOTS('',3,(#5262,#5263,#5264,#5265,#5266,#5267,
#5268),.UNSPECIFIED.,.F.,.F.,(4,1,1,1,4),(0.,0.27073500430296,0.40610250645444,
0.676837510757401,0.947572515060361),.UNSPECIFIED.);
#103=B_SPLINE_CURVE_WITH_KNOTS('',3,(#5269,#5270,#5271,#5272,#5273,#5274),
 .UNSPECIFIED.,.F.,.F.,(4,1,1,4),(-4.74152777714444,-4.50559683025137,-4.2696658833583,
-3.91576946301869),.UNSPECIFIED.);
#104=B_SPLINE_CURVE_WITH_KNOTS('',3,(#5572,#5573,#5574,#5575,#5576,#5577,
#5578),.UNSPECIFIED.,.F.,.F.,(4,1,1,1,4),(-0.947572515060361,-0.676837510757401,
-0.40610250645444,-0.27073500430296,0.),.UNSPECIFIED.);
#105=B_SPLINE_CURVE_WITH_KNOTS('',3,(#5579,#5580,#5581,#5582),
 .UNSPECIFIED.,.F.,.F.,(4,4),(-0.646401356715604,3.01147995429574E-15),
 .UNSPECIFIED.);
#106=B_SPLINE_CURVE_WITH_KNOTS('',3,(#5710,#5711,#5712,#5713,#5714,#5715,
#5716),.UNSPECIFIED.,.F.,.F.,(4,1,1,1,4),(-0.725012550977833,-0.676837510757407,
-0.406102506454444,-0.270735004302963,0.),.UNSPECIFIED.);
#107=B_SPLINE_CURVE_WITH_KNOTS('',3,(#5717,#5718,#5719,#5720,#5721,#5722,
#5723,#5724,#5725,#5726,#5727,#5728,#5729,#5730,#5731,#5732,#5733,#5734),
 .UNSPECIFIED.,.F.,.F.,(4,1,1,1,1,1,1,1,1,1,1,1,1,1,1,4),(-1.47215988356998,
-1.45741419583389,-1.4426685080978,-1.41317713262562,-1.35419438168127,
-1.29521163073691,-1.23622887979255,-1.11826337790384,-1.00029787601512,
-0.823349623182048,-0.76436687223769,-0.705384121293332,-0.675892745821154,
-0.661147058085064,-0.65377421421702,-0.646401370348975),.UNSPECIFIED.);
#108=B_SPLINE_CURVE_WITH_KNOTS('',3,(#5764,#5765,#5766,#5767,#5768,#5769,
#5770),.UNSPECIFIED.,.F.,.F.,(4,1,1,1,4),(-0.708389678988666,-0.622004903300657,
-0.518337419417215,-0.311002451650329,0.),.UNSPECIFIED.);
#109=B_SPLINE_CURVE_WITH_KNOTS('',3,(#5771,#5772,#5773,#5774),
 .UNSPECIFIED.,.F.,.F.,(4,4),(-1.54514385313739,-1.47215988356997),
 .UNSPECIFIED.);
#110=B_SPLINE_CURVE_WITH_KNOTS('',3,(#5817,#5818,#5819,#5820,#5821,#5822),
 .UNSPECIFIED.,.F.,.F.,(4,1,1,4),(-2.37076410101332,-2.1348726016202,-1.89898110222708,
-1.5451438531374),.UNSPECIFIED.);
#111=B_SPLINE_CURVE_WITH_KNOTS('',3,(#6186,#6187,#6188,#6189,#6190,#6191,
#6192,#6193,#6194,#6195,#6196,#6197,#6198,#6199,#6200,#6201,#6202,#6203,
#6204,#6205,#6206,#6207,#6208,#6209,#6210,#6211,#6212,#6213,#6214,#6215,
#6216,#6217,#6218,#6219),.UNSPECIFIED.,.F.,.F.,(4,3,3,3,3,3,3,3,3,3,3,4),
(-0.286410276707107,-0.255853038875533,-0.224696727215646,-0.200333380058383,
-0.169328593341155,-0.138398492634774,-0.114649904824053,-0.0837699055933568,
-0.079768086150923,-0.0491643735639445,-0.0185189281843012,0.),
 .UNSPECIFIED.);
#112=B_SPLINE_CURVE_WITH_KNOTS('',3,(#6221,#6222,#6223,#6224),
 .UNSPECIFIED.,.F.,.F.,(4,4),(1.26467872710115,1.32796472225654),
 .UNSPECIFIED.);
#113=B_SPLINE_CURVE_WITH_KNOTS('',3,(#6276,#6277,#6278,#6279),
 .UNSPECIFIED.,.F.,.F.,(4,4),(1.32796472225654,1.39125071741192),
 .UNSPECIFIED.);
#114=B_SPLINE_CURVE_WITH_KNOTS('',3,(#6281,#6282,#6283,#6284,#6285,#6286,
#6287,#6288,#6289,#6290,#6291,#6292,#6293,#6294,#6295,#6296,#6297,#6298,
#6299,#6300,#6301,#6302,#6303,#6304,#6305,#6306,#6307,#6308,#6309,#6310,
#6311,#6312,#6313,#6314),.UNSPECIFIED.,.F.,.F.,(4,3,3,3,3,3,3,3,3,3,3,4),
(-0.286378756511791,-0.274860746616946,-0.24452673625171,-0.213915389600329,
-0.199990414688921,-0.169074061733202,-0.138157708777483,-0.112742852847964,
-0.0817624767458555,-0.0506244835446965,-0.0199320654171963,0.),
 .UNSPECIFIED.);
#115=B_SPLINE_CURVE_WITH_KNOTS('',3,(#6334,#6335,#6336,#6337,#6338,#6339),
 .UNSPECIFIED.,.F.,.F.,(4,2,4),(1.26467872710115,1.32796472225654,1.39125071741193),
 .UNSPECIFIED.);
#116=B_SPLINE_CURVE_WITH_KNOTS('',3,(#6391,#6392,#6393,#6394,#6395,#6396),
 .UNSPECIFIED.,.F.,.F.,(4,2,4),(1.26467872710116,1.32796472225654,1.39125071741193),
 .UNSPECIFIED.);
#117=PLANE('',#3497);
#118=PLANE('',#3498);
#119=PLANE('',#3499);
#120=PLANE('',#3503);
#121=PLANE('',#3504);
#122=PLANE('',#3505);
#123=PLANE('',#3526);
#124=PLANE('',#3535);
#125=PLANE('',#3578);
#126=PLANE('',#3579);
#127=PLANE('',#3582);
#128=PLANE('',#3585);
#129=PLANE('',#3588);
#130=PLANE('',#3593);
#131=PLANE('',#3596);
#132=PLANE('',#3599);
#133=PLANE('',#3602);
#134=PLANE('',#3605);
#135=PLANE('',#3608);
#136=PLANE('',#3615);
#137=PLANE('',#3618);
#138=PLANE('',#3631);
#139=PLANE('',#3632);
#140=PLANE('',#3634);
#141=PLANE('',#3636);
#142=PLANE('',#3641);
#143=PLANE('',#3642);
#144=PLANE('',#3647);
#145=PLANE('',#3652);
#146=PLANE('',#3658);
#147=PLANE('',#3660);
#148=PLANE('',#3662);
#149=PLANE('',#3664);
#150=PLANE('',#3666);
#151=PLANE('',#3668);
#152=PLANE('',#3670);
#153=PLANE('',#3671);
#154=PLANE('',#3674);
#155=PLANE('',#3675);
#156=PLANE('',#3677);
#157=PLANE('',#3679);
#158=PLANE('',#3681);
#159=PLANE('',#3683);
#160=PLANE('',#3686);
#161=PLANE('',#3688);
#162=PLANE('',#3693);
#163=PLANE('',#3697);
#164=PLANE('',#3701);
#165=PLANE('',#3705);
#166=PLANE('',#3709);
#167=PLANE('',#3713);
#168=PLANE('',#3717);
#169=PLANE('',#3721);
#170=PLANE('',#3725);
#171=PLANE('',#3727);
#172=PLANE('',#3735);
#173=PLANE('',#3737);
#174=PLANE('',#3744);
#175=PLANE('',#3746);
#176=PLANE('',#3753);
#177=PLANE('',#3755);
#178=PLANE('',#3763);
#179=PLANE('',#3765);
#180=PLANE('',#3773);
#181=PLANE('',#3775);
#182=PLANE('',#3782);
#183=PLANE('',#3784);
#184=PLANE('',#3791);
#185=PLANE('',#3793);
#186=PLANE('',#3798);
#187=PLANE('',#3827);
#188=PLANE('',#3830);
#189=PLANE('',#3832);
#190=PLANE('',#3835);
#191=PLANE('',#3842);
#192=PLANE('',#3849);
#193=PLANE('',#3851);
#194=PLANE('',#3853);
#195=PLANE('',#3855);
#196=PLANE('',#3858);
#197=PLANE('',#3860);
#198=PLANE('',#3862);
#199=PLANE('',#3864);
#200=PLANE('',#3866);
#201=PLANE('',#3869);
#202=PLANE('',#3871);
#203=PLANE('',#3873);
#204=FACE_OUTER_BOUND('',#401,.T.);
#205=FACE_OUTER_BOUND('',#402,.T.);
#206=FACE_OUTER_BOUND('',#403,.T.);
#207=FACE_OUTER_BOUND('',#405,.T.);
#208=FACE_OUTER_BOUND('',#406,.T.);
#209=FACE_OUTER_BOUND('',#407,.T.);
#210=FACE_OUTER_BOUND('',#408,.T.);
#211=FACE_OUTER_BOUND('',#409,.T.);
#212=FACE_OUTER_BOUND('',#410,.T.);
#213=FACE_OUTER_BOUND('',#411,.T.);
#214=FACE_OUTER_BOUND('',#412,.T.);
#215=FACE_OUTER_BOUND('',#413,.T.);
#216=FACE_OUTER_BOUND('',#417,.T.);
#217=FACE_OUTER_BOUND('',#422,.T.);
#218=FACE_OUTER_BOUND('',#432,.T.);
#219=FACE_OUTER_BOUND('',#433,.T.);
#220=FACE_OUTER_BOUND('',#434,.T.);
#221=FACE_OUTER_BOUND('',#435,.T.);
#222=FACE_OUTER_BOUND('',#436,.T.);
#223=FACE_OUTER_BOUND('',#438,.T.);
#224=FACE_OUTER_BOUND('',#439,.T.);
#225=FACE_OUTER_BOUND('',#440,.T.);
#226=FACE_OUTER_BOUND('',#441,.T.);
#227=FACE_OUTER_BOUND('',#442,.T.);
#228=FACE_OUTER_BOUND('',#443,.T.);
#229=FACE_OUTER_BOUND('',#444,.T.);
#230=FACE_OUTER_BOUND('',#445,.T.);
#231=FACE_OUTER_BOUND('',#446,.T.);
#232=FACE_OUTER_BOUND('',#447,.T.);
#233=FACE_OUTER_BOUND('',#448,.T.);
#234=FACE_OUTER_BOUND('',#449,.T.);
#235=FACE_OUTER_BOUND('',#450,.T.);
#236=FACE_OUTER_BOUND('',#451,.T.);
#237=FACE_OUTER_BOUND('',#452,.T.);
#238=FACE_OUTER_BOUND('',#453,.T.);
#239=FACE_OUTER_BOUND('',#454,.T.);
#240=FACE_OUTER_BOUND('',#455,.T.);
#241=FACE_OUTER_BOUND('',#456,.T.);
#242=FACE_OUTER_BOUND('',#457,.T.);
#243=FACE_OUTER_BOUND('',#458,.T.);
#244=FACE_OUTER_BOUND('',#459,.T.);
#245=FACE_OUTER_BOUND('',#460,.T.);
#246=FACE_OUTER_BOUND('',#461,.T.);
#247=FACE_OUTER_BOUND('',#462,.T.);
#248=FACE_OUTER_BOUND('',#463,.T.);
#249=FACE_OUTER_BOUND('',#464,.T.);
#250=FACE_OUTER_BOUND('',#465,.T.);
#251=FACE_OUTER_BOUND('',#466,.T.);
#252=FACE_OUTER_BOUND('',#467,.T.);
#253=FACE_OUTER_BOUND('',#468,.T.);
#254=FACE_OUTER_BOUND('',#469,.T.);
#255=FACE_OUTER_BOUND('',#470,.T.);
#256=FACE_OUTER_BOUND('',#471,.T.);
#257=FACE_OUTER_BOUND('',#472,.T.);
#258=FACE_OUTER_BOUND('',#473,.T.);
#259=FACE_OUTER_BOUND('',#474,.T.);
#260=FACE_OUTER_BOUND('',#475,.T.);
#261=FACE_OUTER_BOUND('',#476,.T.);
#262=FACE_OUTER_BOUND('',#477,.T.);
#263=FACE_OUTER_BOUND('',#478,.T.);
#264=FACE_OUTER_BOUND('',#479,.T.);
#265=FACE_OUTER_BOUND('',#480,.T.);
#266=FACE_OUTER_BOUND('',#481,.T.);
#267=FACE_OUTER_BOUND('',#482,.T.);
#268=FACE_OUTER_BOUND('',#483,.T.);
#269=FACE_OUTER_BOUND('',#484,.T.);
#270=FACE_OUTER_BOUND('',#485,.T.);
#271=FACE_OUTER_BOUND('',#486,.T.);
#272=FACE_OUTER_BOUND('',#487,.T.);
#273=FACE_OUTER_BOUND('',#488,.T.);
#274=FACE_OUTER_BOUND('',#489,.T.);
#275=FACE_OUTER_BOUND('',#490,.T.);
#276=FACE_OUTER_BOUND('',#491,.T.);
#277=FACE_OUTER_BOUND('',#492,.T.);
#278=FACE_OUTER_BOUND('',#493,.T.);
#279=FACE_OUTER_BOUND('',#494,.T.);
#280=FACE_OUTER_BOUND('',#495,.T.);
#281=FACE_OUTER_BOUND('',#496,.T.);
#282=FACE_OUTER_BOUND('',#497,.T.);
#283=FACE_OUTER_BOUND('',#498,.T.);
#284=FACE_OUTER_BOUND('',#499,.T.);
#285=FACE_OUTER_BOUND('',#500,.T.);
#286=FACE_OUTER_BOUND('',#501,.T.);
#287=FACE_OUTER_BOUND('',#502,.T.);
#288=FACE_OUTER_BOUND('',#503,.T.);
#289=FACE_OUTER_BOUND('',#504,.T.);
#290=FACE_OUTER_BOUND('',#505,.T.);
#291=FACE_OUTER_BOUND('',#506,.T.);
#292=FACE_OUTER_BOUND('',#507,.T.);
#293=FACE_OUTER_BOUND('',#508,.T.);
#294=FACE_OUTER_BOUND('',#509,.T.);
#295=FACE_OUTER_BOUND('',#510,.T.);
#296=FACE_OUTER_BOUND('',#511,.T.);
#297=FACE_OUTER_BOUND('',#512,.T.);
#298=FACE_OUTER_BOUND('',#513,.T.);
#299=FACE_OUTER_BOUND('',#514,.T.);
#300=FACE_OUTER_BOUND('',#515,.T.);
#301=FACE_OUTER_BOUND('',#516,.T.);
#302=FACE_OUTER_BOUND('',#517,.T.);
#303=FACE_OUTER_BOUND('',#518,.T.);
#304=FACE_OUTER_BOUND('',#519,.T.);
#305=FACE_OUTER_BOUND('',#520,.T.);
#306=FACE_OUTER_BOUND('',#521,.T.);
#307=FACE_OUTER_BOUND('',#522,.T.);
#308=FACE_OUTER_BOUND('',#523,.T.);
#309=FACE_OUTER_BOUND('',#524,.T.);
#310=FACE_OUTER_BOUND('',#525,.T.);
#311=FACE_OUTER_BOUND('',#526,.T.);
#312=FACE_OUTER_BOUND('',#527,.T.);
#313=FACE_OUTER_BOUND('',#528,.T.);
#314=FACE_OUTER_BOUND('',#529,.T.);
#315=FACE_OUTER_BOUND('',#530,.T.);
#316=FACE_OUTER_BOUND('',#531,.T.);
#317=FACE_OUTER_BOUND('',#532,.T.);
#318=FACE_OUTER_BOUND('',#534,.T.);
#319=FACE_OUTER_BOUND('',#536,.T.);
#320=FACE_OUTER_BOUND('',#537,.T.);
#321=FACE_OUTER_BOUND('',#538,.T.);
#322=FACE_OUTER_BOUND('',#540,.T.);
#323=FACE_OUTER_BOUND('',#542,.T.);
#324=FACE_OUTER_BOUND('',#543,.T.);
#325=FACE_OUTER_BOUND('',#544,.T.);
#326=FACE_OUTER_BOUND('',#546,.T.);
#327=FACE_OUTER_BOUND('',#548,.T.);
#328=FACE_OUTER_BOUND('',#549,.T.);
#329=FACE_OUTER_BOUND('',#550,.T.);
#330=FACE_OUTER_BOUND('',#552,.T.);
#331=FACE_OUTER_BOUND('',#554,.T.);
#332=FACE_OUTER_BOUND('',#555,.T.);
#333=FACE_OUTER_BOUND('',#556,.T.);
#334=FACE_OUTER_BOUND('',#558,.T.);
#335=FACE_OUTER_BOUND('',#560,.T.);
#336=FACE_OUTER_BOUND('',#561,.T.);
#337=FACE_OUTER_BOUND('',#562,.T.);
#338=FACE_OUTER_BOUND('',#564,.T.);
#339=FACE_OUTER_BOUND('',#566,.T.);
#340=FACE_OUTER_BOUND('',#567,.T.);
#341=FACE_OUTER_BOUND('',#568,.T.);
#342=FACE_OUTER_BOUND('',#570,.T.);
#343=FACE_OUTER_BOUND('',#572,.T.);
#344=FACE_OUTER_BOUND('',#573,.T.);
#345=FACE_OUTER_BOUND('',#574,.T.);
#346=FACE_OUTER_BOUND('',#576,.T.);
#347=FACE_OUTER_BOUND('',#578,.T.);
#348=FACE_OUTER_BOUND('',#579,.T.);
#349=FACE_OUTER_BOUND('',#592,.T.);
#350=FACE_OUTER_BOUND('',#593,.T.);
#351=FACE_OUTER_BOUND('',#594,.T.);
#352=FACE_OUTER_BOUND('',#595,.T.);
#353=FACE_OUTER_BOUND('',#596,.T.);
#354=FACE_OUTER_BOUND('',#597,.T.);
#355=FACE_OUTER_BOUND('',#598,.T.);
#356=FACE_OUTER_BOUND('',#599,.T.);
#357=FACE_OUTER_BOUND('',#600,.T.);
#358=FACE_OUTER_BOUND('',#601,.T.);
#359=FACE_OUTER_BOUND('',#602,.T.);
#360=FACE_OUTER_BOUND('',#603,.T.);
#361=FACE_OUTER_BOUND('',#604,.T.);
#362=FACE_OUTER_BOUND('',#605,.T.);
#363=FACE_OUTER_BOUND('',#606,.T.);
#364=FACE_OUTER_BOUND('',#607,.T.);
#365=FACE_OUTER_BOUND('',#608,.T.);
#366=FACE_OUTER_BOUND('',#609,.T.);
#367=FACE_OUTER_BOUND('',#610,.T.);
#368=FACE_OUTER_BOUND('',#611,.T.);
#369=FACE_OUTER_BOUND('',#612,.T.);
#370=FACE_OUTER_BOUND('',#613,.T.);
#371=FACE_OUTER_BOUND('',#614,.T.);
#372=FACE_OUTER_BOUND('',#615,.T.);
#373=FACE_OUTER_BOUND('',#616,.T.);
#374=FACE_OUTER_BOUND('',#617,.T.);
#375=FACE_OUTER_BOUND('',#618,.T.);
#376=FACE_OUTER_BOUND('',#619,.T.);
#377=FACE_OUTER_BOUND('',#620,.T.);
#378=FACE_OUTER_BOUND('',#621,.T.);
#379=FACE_OUTER_BOUND('',#622,.T.);
#380=FACE_OUTER_BOUND('',#623,.T.);
#381=FACE_OUTER_BOUND('',#624,.T.);
#382=FACE_OUTER_BOUND('',#625,.T.);
#383=FACE_OUTER_BOUND('',#626,.T.);
#384=FACE_OUTER_BOUND('',#627,.T.);
#385=FACE_OUTER_BOUND('',#628,.T.);
#386=FACE_OUTER_BOUND('',#629,.T.);
#387=FACE_OUTER_BOUND('',#630,.T.);
#388=FACE_OUTER_BOUND('',#631,.T.);
#389=FACE_OUTER_BOUND('',#632,.T.);
#390=FACE_OUTER_BOUND('',#633,.T.);
#391=FACE_OUTER_BOUND('',#634,.T.);
#392=FACE_OUTER_BOUND('',#635,.T.);
#393=FACE_OUTER_BOUND('',#636,.T.);
#394=FACE_OUTER_BOUND('',#637,.T.);
#395=FACE_OUTER_BOUND('',#638,.T.);
#396=FACE_OUTER_BOUND('',#639,.T.);
#397=FACE_OUTER_BOUND('',#640,.T.);
#398=FACE_OUTER_BOUND('',#641,.T.);
#399=FACE_OUTER_BOUND('',#642,.T.);
#400=FACE_OUTER_BOUND('',#643,.T.);
#401=EDGE_LOOP('',(#2199,#2200,#2201,#2202));
#402=EDGE_LOOP('',(#2203,#2204,#2205,#2206,#2207,#2208));
#403=EDGE_LOOP('',(#2209,#2210,#2211,#2212));
#404=EDGE_LOOP('',(#2213,#2214,#2215,#2216,#2217,#2218,#2219,#2220));
#405=EDGE_LOOP('',(#2221,#2222,#2223,#2224,#2225,#2226));
#406=EDGE_LOOP('',(#2227,#2228,#2229,#2230));
#407=EDGE_LOOP('',(#2231,#2232,#2233,#2234));
#408=EDGE_LOOP('',(#2235,#2236,#2237,#2238));
#409=EDGE_LOOP('',(#2239,#2240,#2241,#2242));
#410=EDGE_LOOP('',(#2243,#2244,#2245,#2246));
#411=EDGE_LOOP('',(#2247,#2248,#2249,#2250,#2251,#2252,#2253,#2254));
#412=EDGE_LOOP('',(#2255,#2256,#2257,#2258));
#413=EDGE_LOOP('',(#2259,#2260,#2261,#2262,#2263,#2264,#2265,#2266,#2267,
#2268,#2269,#2270,#2271,#2272,#2273,#2274,#2275,#2276,#2277,#2278));
#414=EDGE_LOOP('',(#2279,#2280,#2281,#2282,#2283,#2284,#2285,#2286));
#415=EDGE_LOOP('',(#2287,#2288,#2289,#2290,#2291,#2292,#2293,#2294));
#416=EDGE_LOOP('',(#2295,#2296,#2297,#2298,#2299,#2300,#2301,#2302));
#417=EDGE_LOOP('',(#2303,#2304,#2305,#2306,#2307,#2308,#2309,#2310,#2311,
#2312,#2313,#2314,#2315,#2316));
#418=EDGE_LOOP('',(#2317));
#419=EDGE_LOOP('',(#2318));
#420=EDGE_LOOP('',(#2319));
#421=EDGE_LOOP('',(#2320));
#422=EDGE_LOOP('',(#2321,#2322,#2323,#2324,#2325,#2326,#2327,#2328));
#423=EDGE_LOOP('',(#2329,#2330,#2331,#2332,#2333,#2334,#2335,#2336,#2337,
#2338,#2339,#2340,#2341,#2342,#2343,#2344,#2345,#2346,#2347,#2348,#2349,
#2350,#2351,#2352,#2353,#2354,#2355,#2356,#2357,#2358,#2359,#2360,#2361,
#2362,#2363,#2364,#2365,#2366,#2367,#2368,#2369,#2370,#2371,#2372,#2373,
#2374,#2375,#2376,#2377,#2378,#2379,#2380,#2381,#2382,#2383,#2384,#2385,
#2386,#2387,#2388,#2389,#2390,#2391,#2392));
#424=EDGE_LOOP('',(#2393));
#425=EDGE_LOOP('',(#2394));
#426=EDGE_LOOP('',(#2395));
#427=EDGE_LOOP('',(#2396));
#428=EDGE_LOOP('',(#2397));
#429=EDGE_LOOP('',(#2398));
#430=EDGE_LOOP('',(#2399));
#431=EDGE_LOOP('',(#2400));
#432=EDGE_LOOP('',(#2401,#2402,#2403,#2404));
#433=EDGE_LOOP('',(#2405,#2406,#2407,#2408));
#434=EDGE_LOOP('',(#2409,#2410,#2411,#2412));
#435=EDGE_LOOP('',(#2413,#2414,#2415,#2416));
#436=EDGE_LOOP('',(#2417,#2418,#2419,#2420));
#437=EDGE_LOOP('',(#2421,#2422,#2423,#2424,#2425,#2426,#2427,#2428));
#438=EDGE_LOOP('',(#2429,#2430,#2431,#2432));
#439=EDGE_LOOP('',(#2433,#2434,#2435,#2436));
#440=EDGE_LOOP('',(#2437,#2438,#2439,#2440));
#441=EDGE_LOOP('',(#2441,#2442,#2443,#2444));
#442=EDGE_LOOP('',(#2445,#2446,#2447,#2448));
#443=EDGE_LOOP('',(#2449,#2450,#2451,#2452));
#444=EDGE_LOOP('',(#2453,#2454,#2455,#2456));
#445=EDGE_LOOP('',(#2457,#2458,#2459,#2460));
#446=EDGE_LOOP('',(#2461,#2462,#2463,#2464));
#447=EDGE_LOOP('',(#2465,#2466,#2467,#2468));
#448=EDGE_LOOP('',(#2469,#2470,#2471,#2472));
#449=EDGE_LOOP('',(#2473,#2474,#2475,#2476,#2477,#2478,#2479,#2480,#2481,
#2482,#2483,#2484));
#450=EDGE_LOOP('',(#2485,#2486,#2487,#2488));
#451=EDGE_LOOP('',(#2489,#2490,#2491,#2492));
#452=EDGE_LOOP('',(#2493,#2494,#2495,#2496));
#453=EDGE_LOOP('',(#2497,#2498,#2499,#2500));
#454=EDGE_LOOP('',(#2501,#2502,#2503,#2504));
#455=EDGE_LOOP('',(#2505,#2506,#2507,#2508));
#456=EDGE_LOOP('',(#2509,#2510,#2511,#2512));
#457=EDGE_LOOP('',(#2513,#2514,#2515,#2516));
#458=EDGE_LOOP('',(#2517,#2518,#2519,#2520));
#459=EDGE_LOOP('',(#2521,#2522,#2523,#2524));
#460=EDGE_LOOP('',(#2525,#2526,#2527,#2528));
#461=EDGE_LOOP('',(#2529,#2530,#2531,#2532));
#462=EDGE_LOOP('',(#2533,#2534,#2535,#2536));
#463=EDGE_LOOP('',(#2537,#2538,#2539,#2540,#2541,#2542,#2543,#2544,#2545,
#2546,#2547,#2548,#2549,#2550));
#464=EDGE_LOOP('',(#2551,#2552,#2553));
#465=EDGE_LOOP('',(#2554,#2555,#2556,#2557));
#466=EDGE_LOOP('',(#2558,#2559,#2560));
#467=EDGE_LOOP('',(#2561,#2562,#2563,#2564));
#468=EDGE_LOOP('',(#2565,#2566,#2567));
#469=EDGE_LOOP('',(#2568,#2569,#2570,#2571));
#470=EDGE_LOOP('',(#2572,#2573,#2574));
#471=EDGE_LOOP('',(#2575,#2576,#2577,#2578));
#472=EDGE_LOOP('',(#2579,#2580,#2581,#2582,#2583,#2584,#2585,#2586));
#473=EDGE_LOOP('',(#2587,#2588,#2589));
#474=EDGE_LOOP('',(#2590,#2591,#2592));
#475=EDGE_LOOP('',(#2593,#2594,#2595,#2596,#2597,#2598));
#476=EDGE_LOOP('',(#2599,#2600,#2601,#2602,#2603,#2604));
#477=EDGE_LOOP('',(#2605,#2606,#2607,#2608));
#478=EDGE_LOOP('',(#2609,#2610,#2611,#2612,#2613,#2614,#2615,#2616));
#479=EDGE_LOOP('',(#2617,#2618,#2619,#2620,#2621,#2622,#2623,#2624));
#480=EDGE_LOOP('',(#2625,#2626,#2627,#2628,#2629,#2630,#2631,#2632));
#481=EDGE_LOOP('',(#2633,#2634,#2635,#2636));
#482=EDGE_LOOP('',(#2637,#2638,#2639,#2640));
#483=EDGE_LOOP('',(#2641,#2642,#2643,#2644));
#484=EDGE_LOOP('',(#2645,#2646,#2647,#2648));
#485=EDGE_LOOP('',(#2649,#2650,#2651,#2652));
#486=EDGE_LOOP('',(#2653,#2654,#2655,#2656));
#487=EDGE_LOOP('',(#2657,#2658,#2659,#2660));
#488=EDGE_LOOP('',(#2661,#2662,#2663,#2664));
#489=EDGE_LOOP('',(#2665,#2666,#2667,#2668));
#490=EDGE_LOOP('',(#2669,#2670,#2671,#2672));
#491=EDGE_LOOP('',(#2673,#2674,#2675,#2676));
#492=EDGE_LOOP('',(#2677,#2678,#2679,#2680));
#493=EDGE_LOOP('',(#2681,#2682,#2683,#2684));
#494=EDGE_LOOP('',(#2685,#2686,#2687,#2688));
#495=EDGE_LOOP('',(#2689,#2690,#2691,#2692,#2693));
#496=EDGE_LOOP('',(#2694,#2695,#2696,#2697,#2698));
#497=EDGE_LOOP('',(#2699,#2700,#2701,#2702));
#498=EDGE_LOOP('',(#2703,#2704,#2705,#2706));
#499=EDGE_LOOP('',(#2707,#2708,#2709,#2710));
#500=EDGE_LOOP('',(#2711,#2712,#2713,#2714));
#501=EDGE_LOOP('',(#2715,#2716,#2717,#2718));
#502=EDGE_LOOP('',(#2719,#2720,#2721,#2722));
#503=EDGE_LOOP('',(#2723,#2724,#2725,#2726));
#504=EDGE_LOOP('',(#2727,#2728,#2729,#2730));
#505=EDGE_LOOP('',(#2731,#2732,#2733,#2734));
#506=EDGE_LOOP('',(#2735,#2736,#2737,#2738));
#507=EDGE_LOOP('',(#2739,#2740,#2741,#2742));
#508=EDGE_LOOP('',(#2743,#2744,#2745,#2746));
#509=EDGE_LOOP('',(#2747,#2748,#2749,#2750,#2751,#2752));
#510=EDGE_LOOP('',(#2753,#2754,#2755,#2756));
#511=EDGE_LOOP('',(#2757,#2758,#2759,#2760));
#512=EDGE_LOOP('',(#2761,#2762,#2763,#2764));
#513=EDGE_LOOP('',(#2765,#2766,#2767,#2768));
#514=EDGE_LOOP('',(#2769,#2770,#2771,#2772));
#515=EDGE_LOOP('',(#2773,#2774,#2775,#2776));
#516=EDGE_LOOP('',(#2777));
#517=EDGE_LOOP('',(#2778,#2779,#2780,#2781));
#518=EDGE_LOOP('',(#2782));
#519=EDGE_LOOP('',(#2783,#2784,#2785,#2786));
#520=EDGE_LOOP('',(#2787));
#521=EDGE_LOOP('',(#2788,#2789,#2790,#2791));
#522=EDGE_LOOP('',(#2792));
#523=EDGE_LOOP('',(#2793,#2794,#2795,#2796));
#524=EDGE_LOOP('',(#2797));
#525=EDGE_LOOP('',(#2798,#2799,#2800,#2801));
#526=EDGE_LOOP('',(#2802));
#527=EDGE_LOOP('',(#2803,#2804,#2805,#2806));
#528=EDGE_LOOP('',(#2807));
#529=EDGE_LOOP('',(#2808,#2809,#2810,#2811));
#530=EDGE_LOOP('',(#2812));
#531=EDGE_LOOP('',(#2813,#2814,#2815,#2816));
#532=EDGE_LOOP('',(#2817));
#533=EDGE_LOOP('',(#2818));
#534=EDGE_LOOP('',(#2819));
#535=EDGE_LOOP('',(#2820));
#536=EDGE_LOOP('',(#2821,#2822,#2823,#2824,#2825,#2826,#2827));
#537=EDGE_LOOP('',(#2828,#2829,#2830,#2831));
#538=EDGE_LOOP('',(#2832));
#539=EDGE_LOOP('',(#2833));
#540=EDGE_LOOP('',(#2834));
#541=EDGE_LOOP('',(#2835));
#542=EDGE_LOOP('',(#2836,#2837,#2838,#2839));
#543=EDGE_LOOP('',(#2840,#2841,#2842,#2843));
#544=EDGE_LOOP('',(#2844));
#545=EDGE_LOOP('',(#2845));
#546=EDGE_LOOP('',(#2846));
#547=EDGE_LOOP('',(#2847));
#548=EDGE_LOOP('',(#2848,#2849,#2850,#2851));
#549=EDGE_LOOP('',(#2852,#2853,#2854,#2855));
#550=EDGE_LOOP('',(#2856));
#551=EDGE_LOOP('',(#2857));
#552=EDGE_LOOP('',(#2858));
#553=EDGE_LOOP('',(#2859));
#554=EDGE_LOOP('',(#2860,#2861,#2862,#2863,#2864,#2865,#2866));
#555=EDGE_LOOP('',(#2867,#2868,#2869,#2870));
#556=EDGE_LOOP('',(#2871));
#557=EDGE_LOOP('',(#2872));
#558=EDGE_LOOP('',(#2873));
#559=EDGE_LOOP('',(#2874));
#560=EDGE_LOOP('',(#2875,#2876,#2877,#2878,#2879,#2880));
#561=EDGE_LOOP('',(#2881,#2882,#2883,#2884));
#562=EDGE_LOOP('',(#2885));
#563=EDGE_LOOP('',(#2886));
#564=EDGE_LOOP('',(#2887));
#565=EDGE_LOOP('',(#2888));
#566=EDGE_LOOP('',(#2889,#2890,#2891,#2892));
#567=EDGE_LOOP('',(#2893,#2894,#2895,#2896));
#568=EDGE_LOOP('',(#2897));
#569=EDGE_LOOP('',(#2898));
#570=EDGE_LOOP('',(#2899));
#571=EDGE_LOOP('',(#2900));
#572=EDGE_LOOP('',(#2901,#2902,#2903,#2904));
#573=EDGE_LOOP('',(#2905,#2906,#2907,#2908));
#574=EDGE_LOOP('',(#2909));
#575=EDGE_LOOP('',(#2910));
#576=EDGE_LOOP('',(#2911));
#577=EDGE_LOOP('',(#2912));
#578=EDGE_LOOP('',(#2913,#2914,#2915,#2916,#2917,#2918));
#579=EDGE_LOOP('',(#2919,#2920,#2921,#2922,#2923,#2924,#2925,#2926,#2927,
#2928,#2929,#2930,#2931,#2932,#2933,#2934,#2935,#2936));
#580=EDGE_LOOP('',(#2937));
#581=EDGE_LOOP('',(#2938));
#582=EDGE_LOOP('',(#2939));
#583=EDGE_LOOP('',(#2940));
#584=EDGE_LOOP('',(#2941));
#585=EDGE_LOOP('',(#2942));
#586=EDGE_LOOP('',(#2943));
#587=EDGE_LOOP('',(#2944));
#588=EDGE_LOOP('',(#2945));
#589=EDGE_LOOP('',(#2946));
#590=EDGE_LOOP('',(#2947));
#591=EDGE_LOOP('',(#2948));
#592=EDGE_LOOP('',(#2949,#2950,#2951,#2952));
#593=EDGE_LOOP('',(#2953,#2954,#2955,#2956));
#594=EDGE_LOOP('',(#2957,#2958,#2959,#2960));
#595=EDGE_LOOP('',(#2961,#2962,#2963,#2964));
#596=EDGE_LOOP('',(#2965,#2966,#2967,#2968));
#597=EDGE_LOOP('',(#2969,#2970,#2971,#2972));
#598=EDGE_LOOP('',(#2973,#2974,#2975,#2976));
#599=EDGE_LOOP('',(#2977,#2978,#2979,#2980));
#600=EDGE_LOOP('',(#2981,#2982,#2983,#2984,#2985));
#601=EDGE_LOOP('',(#2986,#2987,#2988,#2989));
#602=EDGE_LOOP('',(#2990,#2991,#2992,#2993));
#603=EDGE_LOOP('',(#2994,#2995,#2996,#2997));
#604=EDGE_LOOP('',(#2998,#2999,#3000,#3001));
#605=EDGE_LOOP('',(#3002,#3003,#3004,#3005));
#606=EDGE_LOOP('',(#3006,#3007,#3008,#3009,#3010));
#607=EDGE_LOOP('',(#3011,#3012,#3013,#3014,#3015,#3016,#3017,#3018,#3019,
#3020));
#608=EDGE_LOOP('',(#3021,#3022,#3023,#3024));
#609=EDGE_LOOP('',(#3025,#3026,#3027,#3028));
#610=EDGE_LOOP('',(#3029,#3030,#3031,#3032));
#611=EDGE_LOOP('',(#3033,#3034,#3035,#3036));
#612=EDGE_LOOP('',(#3037,#3038,#3039,#3040));
#613=EDGE_LOOP('',(#3041,#3042,#3043,#3044));
#614=EDGE_LOOP('',(#3045,#3046,#3047,#3048));
#615=EDGE_LOOP('',(#3049,#3050,#3051,#3052));
#616=EDGE_LOOP('',(#3053,#3054,#3055,#3056,#3057,#3058,#3059,#3060,#3061,
#3062,#3063,#3064));
#617=EDGE_LOOP('',(#3065,#3066,#3067,#3068,#3069,#3070,#3071,#3072,#3073,
#3074,#3075,#3076));
#618=EDGE_LOOP('',(#3077,#3078,#3079,#3080));
#619=EDGE_LOOP('',(#3081,#3082,#3083,#3084));
#620=EDGE_LOOP('',(#3085,#3086,#3087,#3088));
#621=EDGE_LOOP('',(#3089,#3090,#3091,#3092));
#622=EDGE_LOOP('',(#3093,#3094,#3095,#3096,#3097,#3098,#3099,#3100,#3101,
#3102,#3103,#3104));
#623=EDGE_LOOP('',(#3105,#3106,#3107,#3108));
#624=EDGE_LOOP('',(#3109,#3110,#3111,#3112));
#625=EDGE_LOOP('',(#3113,#3114,#3115,#3116));
#626=EDGE_LOOP('',(#3117,#3118,#3119,#3120));
#627=EDGE_LOOP('',(#3121,#3122,#3123,#3124));
#628=EDGE_LOOP('',(#3125,#3126,#3127,#3128));
#629=EDGE_LOOP('',(#3129,#3130,#3131,#3132));
#630=EDGE_LOOP('',(#3133,#3134,#3135,#3136));
#631=EDGE_LOOP('',(#3137,#3138,#3139,#3140));
#632=EDGE_LOOP('',(#3141,#3142,#3143,#3144));
#633=EDGE_LOOP('',(#3145,#3146,#3147,#3148));
#634=EDGE_LOOP('',(#3149,#3150,#3151,#3152));
#635=EDGE_LOOP('',(#3153,#3154,#3155,#3156));
#636=EDGE_LOOP('',(#3157,#3158,#3159,#3160));
#637=EDGE_LOOP('',(#3161,#3162,#3163,#3164));
#638=EDGE_LOOP('',(#3165,#3166,#3167,#3168));
#639=EDGE_LOOP('',(#3169,#3170,#3171,#3172));
#640=EDGE_LOOP('',(#3173,#3174,#3175,#3176));
#641=EDGE_LOOP('',(#3177,#3178,#3179,#3180));
#642=EDGE_LOOP('',(#3181,#3182,#3183,#3184));
#643=EDGE_LOOP('',(#3185,#3186,#3187,#3188));
#644=CIRCLE('',#3496,3.59999999999998);
#645=CIRCLE('',#3502,3.59999999999999);
#646=CIRCLE('',#3506,1.99999999999999);
#647=CIRCLE('',#3507,2.);
#648=CIRCLE('',#3508,2.);
#649=CIRCLE('',#3509,2.);
#650=CIRCLE('',#3510,3.00000000000001);
#651=CIRCLE('',#3511,3.00000000000001);
#652=CIRCLE('',#3512,3.00000000000001);
#653=CIRCLE('',#3513,3.00000000000008);
#654=CIRCLE('',#3514,2.00000000000003);
#655=CIRCLE('',#3515,1.99999999999999);
#656=CIRCLE('',#3516,2.);
#657=CIRCLE('',#3517,1.99999999999999);
#658=CIRCLE('',#3518,2.00000000000003);
#659=CIRCLE('',#3519,2.);
#660=CIRCLE('',#3520,2.);
#661=CIRCLE('',#3521,2.00000000000001);
#662=CIRCLE('',#3522,1.99999999999996);
#663=CIRCLE('',#3523,2.);
#664=CIRCLE('',#3524,2.);
#665=CIRCLE('',#3525,1.99999999999998);
#666=CIRCLE('',#3531,1.59999999999999);
#667=CIRCLE('',#3532,1.6);
#668=CIRCLE('',#3533,1.6);
#669=CIRCLE('',#3534,1.6);
#670=CIRCLE('',#3536,5.);
#671=CIRCLE('',#3537,5.00000000000001);
#672=CIRCLE('',#3538,4.99999999999999);
#673=CIRCLE('',#3539,5.00000000000002);
#674=CIRCLE('',#3540,1.00000000000001);
#675=CIRCLE('',#3541,2.00000000000003);
#676=CIRCLE('',#3542,2.00000000000002);
#677=CIRCLE('',#3543,2.00000000000006);
#678=CIRCLE('',#3544,2.00000000000006);
#679=CIRCLE('',#3545,0.999999999999999);
#680=CIRCLE('',#3546,3.00000000000008);
#681=CIRCLE('',#3547,3.00000000000001);
#682=CIRCLE('',#3548,0.999999999999979);
#683=CIRCLE('',#3549,1.99999999999999);
#684=CIRCLE('',#3550,1.99999999999996);
#685=CIRCLE('',#3551,1.99999999999999);
#686=CIRCLE('',#3552,1.99999999999996);
#687=CIRCLE('',#3553,1.00000000000001);
#688=CIRCLE('',#3554,1.00000000000001);
#689=CIRCLE('',#3555,1.99999999999999);
#690=CIRCLE('',#3556,1.99999999999999);
#691=CIRCLE('',#3557,1.99999999999999);
#692=CIRCLE('',#3558,1.99999999999999);
#693=CIRCLE('',#3559,0.999999999999996);
#694=CIRCLE('',#3560,3.00000000000001);
#695=CIRCLE('',#3561,3.00000000000001);
#696=CIRCLE('',#3562,0.999999999999996);
#697=CIRCLE('',#3563,0.999999999999996);
#698=CIRCLE('',#3564,2.);
#699=CIRCLE('',#3565,2.);
#700=CIRCLE('',#3566,1.99999999999999);
#701=CIRCLE('',#3567,2.);
#702=CIRCLE('',#3568,0.999999999999996);
#703=CIRCLE('',#3569,0.999999999999996);
#704=CIRCLE('',#3570,2.89999999999999);
#705=CIRCLE('',#3571,2.89999999999999);
#706=CIRCLE('',#3572,2.89999999999999);
#707=CIRCLE('',#3573,2.9);
#708=CIRCLE('',#3574,2.89999999999999);
#709=CIRCLE('',#3575,2.89999999999999);
#710=CIRCLE('',#3576,2.89999999999999);
#711=CIRCLE('',#3577,2.9);
#712=CIRCLE('',#3581,2.00000000000003);
#713=CIRCLE('',#3584,2.00000000000002);
#714=CIRCLE('',#3587,2.00000000000006);
#715=CIRCLE('',#3590,1.00000000000001);
#716=CIRCLE('',#3592,0.999999999999999);
#717=CIRCLE('',#3595,2.00000000000006);
#718=CIRCLE('',#3598,0.999999999999996);
#719=CIRCLE('',#3601,2.);
#720=CIRCLE('',#3604,2.);
#721=CIRCLE('',#3607,1.99999999999999);
#722=CIRCLE('',#3610,0.999999999999996);
#723=CIRCLE('',#3612,0.999999999999996);
#724=CIRCLE('',#3614,0.999999999999996);
#725=CIRCLE('',#3617,2.);
#726=CIRCLE('',#3620,1.59999999999999);
#727=CIRCLE('',#3623,1.6);
#728=CIRCLE('',#3626,1.6);
#729=CIRCLE('',#3629,1.6);
#730=CIRCLE('',#3637,2.);
#731=CIRCLE('',#3638,2.);
#732=CIRCLE('',#3643,1.99999999999996);
#733=CIRCLE('',#3644,1.99999999999998);
#734=CIRCLE('',#3645,2.);
#735=CIRCLE('',#3646,2.);
#736=CIRCLE('',#3648,2.00000000000003);
#737=CIRCLE('',#3649,2.00000000000001);
#738=CIRCLE('',#3650,2.);
#739=CIRCLE('',#3651,2.);
#740=CIRCLE('',#3653,2.00000000000003);
#741=CIRCLE('',#3654,1.99999999999999);
#742=CIRCLE('',#3655,2.);
#743=CIRCLE('',#3656,1.99999999999999);
#744=CIRCLE('',#3691,3.2);
#745=CIRCLE('',#3692,3.2);
#746=CIRCLE('',#3695,3.20000000000001);
#747=CIRCLE('',#3696,3.20000000000001);
#748=CIRCLE('',#3699,3.2);
#749=CIRCLE('',#3700,3.2);
#750=CIRCLE('',#3703,3.2);
#751=CIRCLE('',#3704,3.2);
#752=CIRCLE('',#3707,3.2);
#753=CIRCLE('',#3708,3.2);
#754=CIRCLE('',#3711,3.2);
#755=CIRCLE('',#3712,3.2);
#756=CIRCLE('',#3715,3.2);
#757=CIRCLE('',#3716,3.2);
#758=CIRCLE('',#3719,3.2);
#759=CIRCLE('',#3720,3.2);
#760=CIRCLE('',#3723,1.6);
#761=CIRCLE('',#3724,1.6);
#762=CIRCLE('',#3726,2.9);
#763=CIRCLE('',#3728,2.9);
#764=CIRCLE('',#3733,1.6);
#765=CIRCLE('',#3734,1.6);
#766=CIRCLE('',#3736,2.89999999999999);
#767=CIRCLE('',#3738,2.89999999999999);
#768=CIRCLE('',#3742,1.60000000000001);
#769=CIRCLE('',#3743,1.60000000000001);
#770=CIRCLE('',#3745,2.9);
#771=CIRCLE('',#3747,2.9);
#772=CIRCLE('',#3751,1.6);
#773=CIRCLE('',#3752,1.6);
#774=CIRCLE('',#3754,2.89999999999999);
#775=CIRCLE('',#3756,2.89999999999999);
#776=CIRCLE('',#3761,1.6);
#777=CIRCLE('',#3762,1.6);
#778=CIRCLE('',#3764,2.89999999999999);
#779=CIRCLE('',#3766,2.89999999999999);
#780=CIRCLE('',#3771,1.6);
#781=CIRCLE('',#3772,1.6);
#782=CIRCLE('',#3774,2.89999999999999);
#783=CIRCLE('',#3776,2.89999999999999);
#784=CIRCLE('',#3780,1.6);
#785=CIRCLE('',#3781,1.6);
#786=CIRCLE('',#3783,2.89999999999999);
#787=CIRCLE('',#3785,2.89999999999999);
#788=CIRCLE('',#3789,1.6);
#789=CIRCLE('',#3790,1.6);
#790=CIRCLE('',#3792,2.89999999999999);
#791=CIRCLE('',#3794,2.89999999999999);
#792=CIRCLE('',#3811,2.);
#793=CIRCLE('',#3813,2.);
#794=CIRCLE('',#3815,2.);
#795=CIRCLE('',#3816,2.);
#796=CIRCLE('',#3819,2.);
#797=CIRCLE('',#3820,2.00000000000001);
#798=CIRCLE('',#3823,2.);
#799=CIRCLE('',#3824,2.);
#800=CIRCLE('',#3836,1.99999999999999);
#801=CIRCLE('',#3837,1.99999999999999);
#802=CIRCLE('',#3838,1.99999999999999);
#803=CIRCLE('',#3839,1.00000000000001);
#804=CIRCLE('',#3840,0.999999999999996);
#805=CIRCLE('',#3841,1.99999999999999);
#806=CIRCLE('',#3843,1.99999999999999);
#807=CIRCLE('',#3844,1.99999999999996);
#808=CIRCLE('',#3845,1.99999999999999);
#809=CIRCLE('',#3846,0.999999999999979);
#810=CIRCLE('',#3847,1.00000000000001);
#811=CIRCLE('',#3848,1.99999999999996);
#812=LINE('',#4924,#1079);
#813=LINE('',#4927,#1080);
#814=LINE('',#4930,#1081);
#815=LINE('',#4932,#1082);
#816=LINE('',#4934,#1083);
#817=LINE('',#4936,#1084);
#818=LINE('',#4937,#1085);
#819=LINE('',#4940,#1086);
#820=LINE('',#4942,#1087);
#821=LINE('',#4943,#1088);
#822=LINE('',#5023,#1089);
#823=LINE('',#5025,#1090);
#824=LINE('',#5027,#1091);
#825=LINE('',#5029,#1092);
#826=LINE('',#5031,#1093);
#827=LINE('',#5032,#1094);
#828=LINE('',#5277,#1095);
#829=LINE('',#5279,#1096);
#830=LINE('',#5281,#1097);
#831=LINE('',#5283,#1098);
#832=LINE('',#5285,#1099);
#833=LINE('',#5287,#1100);
#834=LINE('',#5288,#1101);
#835=LINE('',#5291,#1102);
#836=LINE('',#5293,#1103);
#837=LINE('',#5294,#1104);
#838=LINE('',#5299,#1105);
#839=LINE('',#5303,#1106);
#840=LINE('',#5307,#1107);
#841=LINE('',#5310,#1108);
#842=LINE('',#5312,#1109);
#843=LINE('',#5316,#1110);
#844=LINE('',#5320,#1111);
#845=LINE('',#5324,#1112);
#846=LINE('',#5328,#1113);
#847=LINE('',#5332,#1114);
#848=LINE('',#5336,#1115);
#849=LINE('',#5340,#1116);
#850=LINE('',#5344,#1117);
#851=LINE('',#5348,#1118);
#852=LINE('',#5352,#1119);
#853=LINE('',#5356,#1120);
#854=LINE('',#5360,#1121);
#855=LINE('',#5364,#1122);
#856=LINE('',#5368,#1123);
#857=LINE('',#5372,#1124);
#858=LINE('',#5376,#1125);
#859=LINE('',#5380,#1126);
#860=LINE('',#5384,#1127);
#861=LINE('',#5388,#1128);
#862=LINE('',#5401,#1129);
#863=LINE('',#5405,#1130);
#864=LINE('',#5409,#1131);
#865=LINE('',#5413,#1132);
#866=LINE('',#5418,#1133);
#867=LINE('',#5422,#1134);
#868=LINE('',#5426,#1135);
#869=LINE('',#5430,#1136);
#870=LINE('',#5434,#1137);
#871=LINE('',#5439,#1138);
#872=LINE('',#5443,#1139);
#873=LINE('',#5447,#1140);
#874=LINE('',#5451,#1141);
#875=LINE('',#5455,#1142);
#876=LINE('',#5459,#1143);
#877=LINE('',#5463,#1144);
#878=LINE('',#5467,#1145);
#879=LINE('',#5471,#1146);
#880=LINE('',#5475,#1147);
#881=LINE('',#5479,#1148);
#882=LINE('',#5483,#1149);
#883=LINE('',#5487,#1150);
#884=LINE('',#5491,#1151);
#885=LINE('',#5495,#1152);
#886=LINE('',#5499,#1153);
#887=LINE('',#5505,#1154);
#888=LINE('',#5509,#1155);
#889=LINE('',#5513,#1156);
#890=LINE('',#5517,#1157);
#891=LINE('',#5521,#1158);
#892=LINE('',#5526,#1159);
#893=LINE('',#5826,#1160);
#894=LINE('',#5827,#1161);
#895=LINE('',#5828,#1162);
#896=LINE('',#5831,#1163);
#897=LINE('',#5833,#1164);
#898=LINE('',#5834,#1165);
#899=LINE('',#5838,#1166);
#900=LINE('',#5841,#1167);
#901=LINE('',#5842,#1168);
#902=LINE('',#5846,#1169);
#903=LINE('',#5849,#1170);
#904=LINE('',#5850,#1171);
#905=LINE('',#5854,#1172);
#906=LINE('',#5857,#1173);
#907=LINE('',#5858,#1174);
#908=LINE('',#5863,#1175);
#909=LINE('',#5867,#1176);
#910=LINE('',#5868,#1177);
#911=LINE('',#5874,#1178);
#912=LINE('',#5877,#1179);
#913=LINE('',#5880,#1180);
#914=LINE('',#5881,#1181);
#915=LINE('',#5885,#1182);
#916=LINE('',#5888,#1183);
#917=LINE('',#5889,#1184);
#918=LINE('',#5893,#1185);
#919=LINE('',#5896,#1186);
#920=LINE('',#5897,#1187);
#921=LINE('',#5901,#1188);
#922=LINE('',#5904,#1189);
#923=LINE('',#5905,#1190);
#924=LINE('',#5908,#1191);
#925=LINE('',#5912,#1192);
#926=LINE('',#5915,#1193);
#927=LINE('',#5918,#1194);
#928=LINE('',#5922,#1195);
#929=LINE('',#5923,#1196);
#930=LINE('',#5927,#1197);
#931=LINE('',#5932,#1198);
#932=LINE('',#5934,#1199);
#933=LINE('',#5939,#1200);
#934=LINE('',#5941,#1201);
#935=LINE('',#5946,#1202);
#936=LINE('',#5948,#1203);
#937=LINE('',#5953,#1204);
#938=LINE('',#5955,#1205);
#939=LINE('',#5957,#1206);
#940=LINE('',#5960,#1207);
#941=LINE('',#5962,#1208);
#942=LINE('',#5966,#1209);
#943=LINE('',#5969,#1210);
#944=LINE('',#5975,#1211);
#945=LINE('',#5979,#1212);
#946=LINE('',#5980,#1213);
#947=LINE('',#5982,#1214);
#948=LINE('',#5988,#1215);
#949=LINE('',#5992,#1216);
#950=LINE('',#5996,#1217);
#951=LINE('',#5999,#1218);
#952=LINE('',#6005,#1219);
#953=LINE('',#6009,#1220);
#954=LINE('',#6013,#1221);
#955=LINE('',#6016,#1222);
#956=LINE('',#6022,#1223);
#957=LINE('',#6026,#1224);
#958=LINE('',#6030,#1225);
#959=LINE('',#6033,#1226);
#960=LINE('',#6035,#1227);
#961=LINE('',#6036,#1228);
#962=LINE('',#6038,#1229);
#963=LINE('',#6040,#1230);
#964=LINE('',#6042,#1231);
#965=LINE('',#6044,#1232);
#966=LINE('',#6045,#1233);
#967=LINE('',#6047,#1234);
#968=LINE('',#6049,#1235);
#969=LINE('',#6051,#1236);
#970=LINE('',#6053,#1237);
#971=LINE('',#6054,#1238);
#972=LINE('',#6056,#1239);
#973=LINE('',#6058,#1240);
#974=LINE('',#6060,#1241);
#975=LINE('',#6069,#1242);
#976=LINE('',#6076,#1243);
#977=LINE('',#6078,#1244);
#978=LINE('',#6079,#1245);
#979=LINE('',#6081,#1246);
#980=LINE('',#6084,#1247);
#981=LINE('',#6086,#1248);
#982=LINE('',#6088,#1249);
#983=LINE('',#6090,#1250);
#984=LINE('',#6092,#1251);
#985=LINE('',#6095,#1252);
#986=LINE('',#6097,#1253);
#987=LINE('',#6099,#1254);
#988=LINE('',#6102,#1255);
#989=LINE('',#6106,#1256);
#990=LINE('',#6108,#1257);
#991=LINE('',#6110,#1258);
#992=LINE('',#6116,#1259);
#993=LINE('',#6123,#1260);
#994=LINE('',#6130,#1261);
#995=LINE('',#6137,#1262);
#996=LINE('',#6144,#1263);
#997=LINE('',#6151,#1264);
#998=LINE('',#6158,#1265);
#999=LINE('',#6165,#1266);
#1000=LINE('',#6172,#1267);
#1001=LINE('',#6182,#1268);
#1002=LINE('',#6230,#1269);
#1003=LINE('',#6240,#1270);
#1004=LINE('',#6246,#1271);
#1005=LINE('',#6256,#1272);
#1006=LINE('',#6262,#1273);
#1007=LINE('',#6272,#1274);
#1008=LINE('',#6320,#1275);
#1009=LINE('',#6330,#1276);
#1010=LINE('',#6345,#1277);
#1011=LINE('',#6355,#1278);
#1012=LINE('',#6361,#1279);
#1013=LINE('',#6371,#1280);
#1014=LINE('',#6377,#1281);
#1015=LINE('',#6387,#1282);
#1016=LINE('',#6399,#1283);
#1017=LINE('',#6400,#1284);
#1018=LINE('',#6404,#1285);
#1019=LINE('',#6408,#1286);
#1020=LINE('',#6412,#1287);
#1021=LINE('',#6414,#1288);
#1022=LINE('',#6416,#1289);
#1023=LINE('',#6418,#1290);
#1024=LINE('',#6420,#1291);
#1025=LINE('',#6422,#1292);
#1026=LINE('',#6424,#1293);
#1027=LINE('',#6426,#1294);
#1028=LINE('',#6428,#1295);
#1029=LINE('',#6430,#1296);
#1030=LINE('',#6468,#1297);
#1031=LINE('',#6505,#1298);
#1032=LINE('',#6542,#1299);
#1033=LINE('',#6583,#1300);
#1034=LINE('',#6584,#1301);
#1035=LINE('',#6587,#1302);
#1036=LINE('',#6589,#1303);
#1037=LINE('',#6591,#1304);
#1038=LINE('',#6593,#1305);
#1039=LINE('',#6596,#1306);
#1040=LINE('',#6602,#1307);
#1041=LINE('',#6606,#1308);
#1042=LINE('',#6610,#1309);
#1043=LINE('',#6614,#1310);
#1044=LINE('',#6618,#1311);
#1045=LINE('',#6621,#1312);
#1046=LINE('',#6627,#1313);
#1047=LINE('',#6631,#1314);
#1048=LINE('',#6635,#1315);
#1049=LINE('',#6639,#1316);
#1050=LINE('',#6643,#1317);
#1051=LINE('',#6646,#1318);
#1052=LINE('',#6648,#1319);
#1053=LINE('',#6649,#1320);
#1054=LINE('',#6651,#1321);
#1055=LINE('',#6653,#1322);
#1056=LINE('',#6655,#1323);
#1057=LINE('',#6657,#1324);
#1058=LINE('',#6658,#1325);
#1059=LINE('',#6659,#1326);
#1060=LINE('',#6660,#1327);
#1061=LINE('',#6662,#1328);
#1062=LINE('',#6664,#1329);
#1063=LINE('',#6667,#1330);
#1064=LINE('',#6669,#1331);
#1065=LINE('',#6671,#1332);
#1066=LINE('',#6673,#1333);
#1067=LINE('',#6675,#1334);
#1068=LINE('',#6677,#1335);
#1069=LINE('',#6679,#1336);
#1070=LINE('',#6681,#1337);
#1071=LINE('',#6683,#1338);
#1072=LINE('',#6685,#1339);
#1073=LINE('',#6688,#1340);
#1074=LINE('',#6690,#1341);
#1075=LINE('',#6692,#1342);
#1076=LINE('',#6694,#1343);
#1077=LINE('',#6696,#1344);
#1078=LINE('',#6698,#1345);
#1079=VECTOR('',#3887,10.);
#1080=VECTOR('',#3890,10.);
#1081=VECTOR('',#3893,10.);
#1082=VECTOR('',#3894,10.);
#1083=VECTOR('',#3895,10.);
#1084=VECTOR('',#3896,10.);
#1085=VECTOR('',#3897,10.);
#1086=VECTOR('',#3900,10.);
#1087=VECTOR('',#3901,10.);
#1088=VECTOR('',#3902,10.);
#1089=VECTOR('',#3905,10.);
#1090=VECTOR('',#3906,10.);
#1091=VECTOR('',#3907,10.);
#1092=VECTOR('',#3908,10.);
#1093=VECTOR('',#3909,10.);
#1094=VECTOR('',#3910,10.);
#1095=VECTOR('',#3919,10.);
#1096=VECTOR('',#3920,10.);
#1097=VECTOR('',#3921,10.);
#1098=VECTOR('',#3922,10.);
#1099=VECTOR('',#3923,10.);
#1100=VECTOR('',#3924,10.);
#1101=VECTOR('',#3925,10.);
#1102=VECTOR('',#3928,10.);
#1103=VECTOR('',#3929,10.);
#1104=VECTOR('',#3930,10.);
#1105=VECTOR('',#3935,10.);
#1106=VECTOR('',#3938,10.);
#1107=VECTOR('',#3941,10.);
#1108=VECTOR('',#3944,10.);
#1109=VECTOR('',#3945,10.);
#1110=VECTOR('',#3948,10.);
#1111=VECTOR('',#3951,10.);
#1112=VECTOR('',#3954,10.);
#1113=VECTOR('',#3957,10.);
#1114=VECTOR('',#3960,10.);
#1115=VECTOR('',#3963,10.);
#1116=VECTOR('',#3966,10.);
#1117=VECTOR('',#3969,10.);
#1118=VECTOR('',#3972,10.);
#1119=VECTOR('',#3975,10.);
#1120=VECTOR('',#3978,10.);
#1121=VECTOR('',#3981,10.);
#1122=VECTOR('',#3984,10.);
#1123=VECTOR('',#3987,10.);
#1124=VECTOR('',#3990,10.);
#1125=VECTOR('',#3995,10.);
#1126=VECTOR('',#3998,10.);
#1127=VECTOR('',#4001,10.);
#1128=VECTOR('',#4004,10.);
#1129=VECTOR('',#4017,10.);
#1130=VECTOR('',#4020,10.);
#1131=VECTOR('',#4023,10.);
#1132=VECTOR('',#4026,10.);
#1133=VECTOR('',#4031,10.);
#1134=VECTOR('',#4034,10.);
#1135=VECTOR('',#4037,10.);
#1136=VECTOR('',#4040,10.);
#1137=VECTOR('',#4043,10.);
#1138=VECTOR('',#4048,10.);
#1139=VECTOR('',#4051,10.);
#1140=VECTOR('',#4054,10.);
#1141=VECTOR('',#4057,10.);
#1142=VECTOR('',#4060,10.);
#1143=VECTOR('',#4063,10.);
#1144=VECTOR('',#4066,10.);
#1145=VECTOR('',#4069,10.);
#1146=VECTOR('',#4072,10.);
#1147=VECTOR('',#4075,10.);
#1148=VECTOR('',#4078,10.);
#1149=VECTOR('',#4081,10.);
#1150=VECTOR('',#4084,10.);
#1151=VECTOR('',#4087,10.);
#1152=VECTOR('',#4090,10.);
#1153=VECTOR('',#4093,10.);
#1154=VECTOR('',#4098,10.);
#1155=VECTOR('',#4101,10.);
#1156=VECTOR('',#4104,10.);
#1157=VECTOR('',#4107,10.);
#1158=VECTOR('',#4110,10.);
#1159=VECTOR('',#4115,10.);
#1160=VECTOR('',#4134,2.);
#1161=VECTOR('',#4135,10.);
#1162=VECTOR('',#4136,10.);
#1163=VECTOR('',#4139,10.);
#1164=VECTOR('',#4140,10.);
#1165=VECTOR('',#4141,10.);
#1166=VECTOR('',#4146,10.);
#1167=VECTOR('',#4149,10.);
#1168=VECTOR('',#4150,10.);
#1169=VECTOR('',#4155,10.);
#1170=VECTOR('',#4158,10.);
#1171=VECTOR('',#4159,10.);
#1172=VECTOR('',#4164,10.);
#1173=VECTOR('',#4167,10.);
#1174=VECTOR('',#4168,10.);
#1175=VECTOR('',#4175,10.);
#1176=VECTOR('',#4180,10.);
#1177=VECTOR('',#4181,10.);
#1178=VECTOR('',#4190,10.);
#1179=VECTOR('',#4193,10.);
#1180=VECTOR('',#4196,10.);
#1181=VECTOR('',#4197,10.);
#1182=VECTOR('',#4202,10.);
#1183=VECTOR('',#4205,10.);
#1184=VECTOR('',#4206,10.);
#1185=VECTOR('',#4211,10.);
#1186=VECTOR('',#4214,10.);
#1187=VECTOR('',#4215,10.);
#1188=VECTOR('',#4220,10.);
#1189=VECTOR('',#4223,10.);
#1190=VECTOR('',#4224,10.);
#1191=VECTOR('',#4227,10.);
#1192=VECTOR('',#4232,10.);
#1193=VECTOR('',#4235,10.);
#1194=VECTOR('',#4238,10.);
#1195=VECTOR('',#4243,10.);
#1196=VECTOR('',#4244,10.);
#1197=VECTOR('',#4251,10.);
#1198=VECTOR('',#4256,0.799999999999996);
#1199=VECTOR('',#4259,1.59999999999999);
#1200=VECTOR('',#4264,0.8);
#1201=VECTOR('',#4267,1.6);
#1202=VECTOR('',#4272,0.799999999999999);
#1203=VECTOR('',#4275,1.6);
#1204=VECTOR('',#4280,0.8);
#1205=VECTOR('',#4283,1.6);
#1206=VECTOR('',#4286,10.);
#1207=VECTOR('',#4289,10.);
#1208=VECTOR('',#4290,10.);
#1209=VECTOR('',#4295,10.);
#1210=VECTOR('',#4298,10.);
#1211=VECTOR('',#4305,10.);
#1212=VECTOR('',#4310,10.);
#1213=VECTOR('',#4311,10.);
#1214=VECTOR('',#4314,10.);
#1215=VECTOR('',#4319,10.);
#1216=VECTOR('',#4322,10.);
#1217=VECTOR('',#4325,10.);
#1218=VECTOR('',#4328,10.);
#1219=VECTOR('',#4333,10.);
#1220=VECTOR('',#4336,10.);
#1221=VECTOR('',#4339,10.);
#1222=VECTOR('',#4342,10.);
#1223=VECTOR('',#4347,10.);
#1224=VECTOR('',#4350,10.);
#1225=VECTOR('',#4353,10.);
#1226=VECTOR('',#4356,10.);
#1227=VECTOR('',#4359,10.);
#1228=VECTOR('',#4360,10.);
#1229=VECTOR('',#4363,10.);
#1230=VECTOR('',#4366,10.);
#1231=VECTOR('',#4369,10.);
#1232=VECTOR('',#4372,10.);
#1233=VECTOR('',#4373,10.);
#1234=VECTOR('',#4376,10.);
#1235=VECTOR('',#4379,10.);
#1236=VECTOR('',#4382,10.);
#1237=VECTOR('',#4385,10.);
#1238=VECTOR('',#4386,10.);
#1239=VECTOR('',#4389,10.);
#1240=VECTOR('',#4392,10.);
#1241=VECTOR('',#4395,10.);
#1242=VECTOR('',#4398,10.);
#1243=VECTOR('',#4399,10.);
#1244=VECTOR('',#4402,10.);
#1245=VECTOR('',#4403,10.);
#1246=VECTOR('',#4406,10.);
#1247=VECTOR('',#4411,10.);
#1248=VECTOR('',#4414,10.);
#1249=VECTOR('',#4417,10.);
#1250=VECTOR('',#4420,10.);
#1251=VECTOR('',#4423,10.);
#1252=VECTOR('',#4428,10.);
#1253=VECTOR('',#4431,10.);
#1254=VECTOR('',#4434,10.);
#1255=VECTOR('',#4439,10.);
#1256=VECTOR('',#4446,10.);
#1257=VECTOR('',#4449,10.);
#1258=VECTOR('',#4452,10.);
#1259=VECTOR('',#4459,3.2);
#1260=VECTOR('',#4468,3.20000000000001);
#1261=VECTOR('',#4477,3.2);
#1262=VECTOR('',#4486,3.2);
#1263=VECTOR('',#4495,3.2);
#1264=VECTOR('',#4504,3.2);
#1265=VECTOR('',#4513,3.2);
#1266=VECTOR('',#4522,3.2);
#1267=VECTOR('',#4531,1.6);
#1268=VECTOR('',#4544,2.9);
#1269=VECTOR('',#4553,1.6);
#1270=VECTOR('',#4566,2.89999999999999);
#1271=VECTOR('',#4573,1.60000000000001);
#1272=VECTOR('',#4586,2.9);
#1273=VECTOR('',#4593,1.6);
#1274=VECTOR('',#4606,2.89999999999999);
#1275=VECTOR('',#4615,1.6);
#1276=VECTOR('',#4628,2.89999999999999);
#1277=VECTOR('',#4637,1.6);
#1278=VECTOR('',#4650,2.89999999999999);
#1279=VECTOR('',#4657,1.6);
#1280=VECTOR('',#4670,2.89999999999999);
#1281=VECTOR('',#4677,1.6);
#1282=VECTOR('',#4690,2.89999999999999);
#1283=VECTOR('',#4697,2.);
#1284=VECTOR('',#4698,2.);
#1285=VECTOR('',#4701,10.);
#1286=VECTOR('',#4704,10.);
#1287=VECTOR('',#4707,10.);
#1288=VECTOR('',#4710,2.);
#1289=VECTOR('',#4713,2.89999999999999);
#1290=VECTOR('',#4716,2.89999999999999);
#1291=VECTOR('',#4719,2.89999999999999);
#1292=VECTOR('',#4722,2.9);
#1293=VECTOR('',#4725,2.89999999999999);
#1294=VECTOR('',#4728,2.89999999999999);
#1295=VECTOR('',#4731,2.89999999999999);
#1296=VECTOR('',#4734,2.9);
#1297=VECTOR('',#4745,10.);
#1298=VECTOR('',#4754,10.);
#1299=VECTOR('',#4763,10.);
#1300=VECTOR('',#4772,10.);
#1301=VECTOR('',#4773,10.);
#1302=VECTOR('',#4778,10.);
#1303=VECTOR('',#4781,10.);
#1304=VECTOR('',#4784,10.);
#1305=VECTOR('',#4787,10.);
#1306=VECTOR('',#4792,10.);
#1307=VECTOR('',#4797,10.);
#1308=VECTOR('',#4800,10.);
#1309=VECTOR('',#4803,10.);
#1310=VECTOR('',#4806,10.);
#1311=VECTOR('',#4809,10.);
#1312=VECTOR('',#4812,10.);
#1313=VECTOR('',#4817,10.);
#1314=VECTOR('',#4820,10.);
#1315=VECTOR('',#4823,10.);
#1316=VECTOR('',#4826,10.);
#1317=VECTOR('',#4829,10.);
#1318=VECTOR('',#4832,10.);
#1319=VECTOR('',#4835,10.);
#1320=VECTOR('',#4836,10.);
#1321=VECTOR('',#4839,10.);
#1322=VECTOR('',#4842,10.);
#1323=VECTOR('',#4845,10.);
#1324=VECTOR('',#4848,10.);
#1325=VECTOR('',#4849,10.);
#1326=VECTOR('',#4850,10.);
#1327=VECTOR('',#4851,10.);
#1328=VECTOR('',#4854,10.);
#1329=VECTOR('',#4857,10.);
#1330=VECTOR('',#4862,10.);
#1331=VECTOR('',#4865,10.);
#1332=VECTOR('',#4868,10.);
#1333=VECTOR('',#4871,10.);
#1334=VECTOR('',#4874,10.);
#1335=VECTOR('',#4877,10.);
#1336=VECTOR('',#4880,10.);
#1337=VECTOR('',#4883,10.);
#1338=VECTOR('',#4886,10.);
#1339=VECTOR('',#4889,10.);
#1340=VECTOR('',#4894,10.);
#1341=VECTOR('',#4897,10.);
#1342=VECTOR('',#4900,10.);
#1343=VECTOR('',#4903,10.);
#1344=VECTOR('',#4906,10.);
#1345=VECTOR('',#4909,10.);
#1346=ELLIPSE('',#3495,3.61375141515603,3.59999999999998);
#1347=ELLIPSE('',#3501,3.61375141515604,3.59999999999999);
#1348=ELLIPSE('',#3527,2.0076396750867,2.);
#1349=ELLIPSE('',#3528,2.0076396750867,2.);
#1350=ELLIPSE('',#3529,2.0076396750867,2.);
#1351=ELLIPSE('',#3530,2.00763967508669,1.99999999999999);
#1352=ELLIPSE('',#3633,22.9474264913393,2.);
#1353=ELLIPSE('',#3635,22.9474264913393,2.);
#1354=ELLIPSE('',#3640,2.0076396750867,2.);
#1355=ELLIPSE('',#3669,2.0076396750867,2.);
#1356=ELLIPSE('',#3730,2.91107752887571,2.9);
#1357=ELLIPSE('',#3731,2.91107752887571,2.9);
#1358=ELLIPSE('',#3740,2.9110775288757,2.89999999999999);
#1359=ELLIPSE('',#3749,2.91107752887571,2.9);
#1360=ELLIPSE('',#3758,2.9110775288757,2.89999999999999);
#1361=ELLIPSE('',#3759,2.9110775288757,2.89999999999999);
#1362=ELLIPSE('',#3768,2.9110775288757,2.89999999999999);
#1363=ELLIPSE('',#3769,2.9110775288757,2.89999999999999);
#1364=ELLIPSE('',#3778,2.9110775288757,2.89999999999999);
#1365=ELLIPSE('',#3787,2.9110775288757,2.89999999999999);
#1366=ELLIPSE('',#3796,2.9110775288757,2.89999999999999);
#1367=ELLIPSE('',#3797,2.9110775288757,2.89999999999999);
#1368=ELLIPSE('',#3799,3.01145951263005,3.00000000000001);
#1369=ELLIPSE('',#3800,3.01145951263004,3.);
#1370=ELLIPSE('',#3801,3.01145951263006,3.00000000000002);
#1371=ELLIPSE('',#3802,3.01145951263004,2.99999999999999);
#1372=ELLIPSE('',#3812,5.00688410053697,4.99999999999999);
#1373=ELLIPSE('',#3817,5.00688410053699,5.00000000000002);
#1374=ELLIPSE('',#3821,5.00688410053698,5.);
#1375=ELLIPSE('',#3825,5.00688410053698,5.);
#1376=VERTEX_POINT('',#4920);
#1377=VERTEX_POINT('',#4921);
#1378=VERTEX_POINT('',#4923);
#1379=VERTEX_POINT('',#4925);
#1380=VERTEX_POINT('',#4929);
#1381=VERTEX_POINT('',#4931);
#1382=VERTEX_POINT('',#4933);
#1383=VERTEX_POINT('',#4935);
#1384=VERTEX_POINT('',#4939);
#1385=VERTEX_POINT('',#4941);
#1386=VERTEX_POINT('',#4944);
#1387=VERTEX_POINT('',#4945);
#1388=VERTEX_POINT('',#4952);
#1389=VERTEX_POINT('',#4963);
#1390=VERTEX_POINT('',#4970);
#1391=VERTEX_POINT('',#4983);
#1392=VERTEX_POINT('',#4990);
#1393=VERTEX_POINT('',#5003);
#1394=VERTEX_POINT('',#5021);
#1395=VERTEX_POINT('',#5022);
#1396=VERTEX_POINT('',#5024);
#1397=VERTEX_POINT('',#5026);
#1398=VERTEX_POINT('',#5028);
#1399=VERTEX_POINT('',#5030);
#1400=VERTEX_POINT('',#5064);
#1401=VERTEX_POINT('',#5072);
#1402=VERTEX_POINT('',#5144);
#1403=VERTEX_POINT('',#5189);
#1404=VERTEX_POINT('',#5261);
#1405=VERTEX_POINT('',#5276);
#1406=VERTEX_POINT('',#5278);
#1407=VERTEX_POINT('',#5280);
#1408=VERTEX_POINT('',#5282);
#1409=VERTEX_POINT('',#5284);
#1410=VERTEX_POINT('',#5286);
#1411=VERTEX_POINT('',#5290);
#1412=VERTEX_POINT('',#5292);
#1413=VERTEX_POINT('',#5296);
#1414=VERTEX_POINT('',#5298);
#1415=VERTEX_POINT('',#5300);
#1416=VERTEX_POINT('',#5302);
#1417=VERTEX_POINT('',#5304);
#1418=VERTEX_POINT('',#5306);
#1419=VERTEX_POINT('',#5308);
#1420=VERTEX_POINT('',#5311);
#1421=VERTEX_POINT('',#5313);
#1422=VERTEX_POINT('',#5315);
#1423=VERTEX_POINT('',#5317);
#1424=VERTEX_POINT('',#5319);
#1425=VERTEX_POINT('',#5321);
#1426=VERTEX_POINT('',#5323);
#1427=VERTEX_POINT('',#5326);
#1428=VERTEX_POINT('',#5327);
#1429=VERTEX_POINT('',#5329);
#1430=VERTEX_POINT('',#5331);
#1431=VERTEX_POINT('',#5333);
#1432=VERTEX_POINT('',#5335);
#1433=VERTEX_POINT('',#5337);
#1434=VERTEX_POINT('',#5339);
#1435=VERTEX_POINT('',#5342);
#1436=VERTEX_POINT('',#5343);
#1437=VERTEX_POINT('',#5345);
#1438=VERTEX_POINT('',#5347);
#1439=VERTEX_POINT('',#5349);
#1440=VERTEX_POINT('',#5351);
#1441=VERTEX_POINT('',#5353);
#1442=VERTEX_POINT('',#5355);
#1443=VERTEX_POINT('',#5358);
#1444=VERTEX_POINT('',#5359);
#1445=VERTEX_POINT('',#5361);
#1446=VERTEX_POINT('',#5363);
#1447=VERTEX_POINT('',#5365);
#1448=VERTEX_POINT('',#5367);
#1449=VERTEX_POINT('',#5369);
#1450=VERTEX_POINT('',#5371);
#1451=VERTEX_POINT('',#5375);
#1452=VERTEX_POINT('',#5377);
#1453=VERTEX_POINT('',#5379);
#1454=VERTEX_POINT('',#5381);
#1455=VERTEX_POINT('',#5383);
#1456=VERTEX_POINT('',#5385);
#1457=VERTEX_POINT('',#5387);
#1458=VERTEX_POINT('',#5390);
#1459=VERTEX_POINT('',#5392);
#1460=VERTEX_POINT('',#5394);
#1461=VERTEX_POINT('',#5396);
#1462=VERTEX_POINT('',#5399);
#1463=VERTEX_POINT('',#5400);
#1464=VERTEX_POINT('',#5402);
#1465=VERTEX_POINT('',#5404);
#1466=VERTEX_POINT('',#5406);
#1467=VERTEX_POINT('',#5408);
#1468=VERTEX_POINT('',#5410);
#1469=VERTEX_POINT('',#5412);
#1470=VERTEX_POINT('',#5415);
#1471=VERTEX_POINT('',#5417);
#1472=VERTEX_POINT('',#5419);
#1473=VERTEX_POINT('',#5421);
#1474=VERTEX_POINT('',#5423);
#1475=VERTEX_POINT('',#5425);
#1476=VERTEX_POINT('',#5427);
#1477=VERTEX_POINT('',#5429);
#1478=VERTEX_POINT('',#5431);
#1479=VERTEX_POINT('',#5433);
#1480=VERTEX_POINT('',#5436);
#1481=VERTEX_POINT('',#5438);
#1482=VERTEX_POINT('',#5440);
#1483=VERTEX_POINT('',#5442);
#1484=VERTEX_POINT('',#5444);
#1485=VERTEX_POINT('',#5446);
#1486=VERTEX_POINT('',#5448);
#1487=VERTEX_POINT('',#5450);
#1488=VERTEX_POINT('',#5452);
#1489=VERTEX_POINT('',#5454);
#1490=VERTEX_POINT('',#5456);
#1491=VERTEX_POINT('',#5458);
#1492=VERTEX_POINT('',#5460);
#1493=VERTEX_POINT('',#5462);
#1494=VERTEX_POINT('',#5464);
#1495=VERTEX_POINT('',#5466);
#1496=VERTEX_POINT('',#5468);
#1497=VERTEX_POINT('',#5470);
#1498=VERTEX_POINT('',#5472);
#1499=VERTEX_POINT('',#5474);
#1500=VERTEX_POINT('',#5476);
#1501=VERTEX_POINT('',#5478);
#1502=VERTEX_POINT('',#5480);
#1503=VERTEX_POINT('',#5482);
#1504=VERTEX_POINT('',#5484);
#1505=VERTEX_POINT('',#5486);
#1506=VERTEX_POINT('',#5488);
#1507=VERTEX_POINT('',#5490);
#1508=VERTEX_POINT('',#5492);
#1509=VERTEX_POINT('',#5494);
#1510=VERTEX_POINT('',#5496);
#1511=VERTEX_POINT('',#5498);
#1512=VERTEX_POINT('',#5500);
#1513=VERTEX_POINT('',#5502);
#1514=VERTEX_POINT('',#5504);
#1515=VERTEX_POINT('',#5506);
#1516=VERTEX_POINT('',#5508);
#1517=VERTEX_POINT('',#5510);
#1518=VERTEX_POINT('',#5512);
#1519=VERTEX_POINT('',#5514);
#1520=VERTEX_POINT('',#5516);
#1521=VERTEX_POINT('',#5518);
#1522=VERTEX_POINT('',#5520);
#1523=VERTEX_POINT('',#5522);
#1524=VERTEX_POINT('',#5524);
#1525=VERTEX_POINT('',#5527);
#1526=VERTEX_POINT('',#5529);
#1527=VERTEX_POINT('',#5531);
#1528=VERTEX_POINT('',#5533);
#1529=VERTEX_POINT('',#5535);
#1530=VERTEX_POINT('',#5537);
#1531=VERTEX_POINT('',#5539);
#1532=VERTEX_POINT('',#5541);
#1533=VERTEX_POINT('',#5571);
#1534=VERTEX_POINT('',#5709);
#1535=VERTEX_POINT('',#5763);
#1536=VERTEX_POINT('',#5824);
#1537=VERTEX_POINT('',#5825);
#1538=VERTEX_POINT('',#5830);
#1539=VERTEX_POINT('',#5832);
#1540=VERTEX_POINT('',#5836);
#1541=VERTEX_POINT('',#5840);
#1542=VERTEX_POINT('',#5844);
#1543=VERTEX_POINT('',#5848);
#1544=VERTEX_POINT('',#5852);
#1545=VERTEX_POINT('',#5856);
#1546=VERTEX_POINT('',#5862);
#1547=VERTEX_POINT('',#5866);
#1548=VERTEX_POINT('',#5873);
#1549=VERTEX_POINT('',#5875);
#1550=VERTEX_POINT('',#5879);
#1551=VERTEX_POINT('',#5883);
#1552=VERTEX_POINT('',#5887);
#1553=VERTEX_POINT('',#5891);
#1554=VERTEX_POINT('',#5895);
#1555=VERTEX_POINT('',#5899);
#1556=VERTEX_POINT('',#5903);
#1557=VERTEX_POINT('',#5907);
#1558=VERTEX_POINT('',#5911);
#1559=VERTEX_POINT('',#5913);
#1560=VERTEX_POINT('',#5917);
#1561=VERTEX_POINT('',#5921);
#1562=VERTEX_POINT('',#5929);
#1563=VERTEX_POINT('',#5931);
#1564=VERTEX_POINT('',#5936);
#1565=VERTEX_POINT('',#5938);
#1566=VERTEX_POINT('',#5943);
#1567=VERTEX_POINT('',#5945);
#1568=VERTEX_POINT('',#5950);
#1569=VERTEX_POINT('',#5952);
#1570=VERTEX_POINT('',#5959);
#1571=VERTEX_POINT('',#5961);
#1572=VERTEX_POINT('',#5965);
#1573=VERTEX_POINT('',#5967);
#1574=VERTEX_POINT('',#5971);
#1575=VERTEX_POINT('',#5973);
#1576=VERTEX_POINT('',#5977);
#1577=VERTEX_POINT('',#5984);
#1578=VERTEX_POINT('',#5985);
#1579=VERTEX_POINT('',#5987);
#1580=VERTEX_POINT('',#5989);
#1581=VERTEX_POINT('',#5991);
#1582=VERTEX_POINT('',#5993);
#1583=VERTEX_POINT('',#5995);
#1584=VERTEX_POINT('',#5997);
#1585=VERTEX_POINT('',#6001);
#1586=VERTEX_POINT('',#6002);
#1587=VERTEX_POINT('',#6004);
#1588=VERTEX_POINT('',#6006);
#1589=VERTEX_POINT('',#6008);
#1590=VERTEX_POINT('',#6010);
#1591=VERTEX_POINT('',#6012);
#1592=VERTEX_POINT('',#6014);
#1593=VERTEX_POINT('',#6018);
#1594=VERTEX_POINT('',#6019);
#1595=VERTEX_POINT('',#6021);
#1596=VERTEX_POINT('',#6023);
#1597=VERTEX_POINT('',#6025);
#1598=VERTEX_POINT('',#6027);
#1599=VERTEX_POINT('',#6029);
#1600=VERTEX_POINT('',#6031);
#1601=VERTEX_POINT('',#6067);
#1602=VERTEX_POINT('',#6113);
#1603=VERTEX_POINT('',#6115);
#1604=VERTEX_POINT('',#6120);
#1605=VERTEX_POINT('',#6122);
#1606=VERTEX_POINT('',#6127);
#1607=VERTEX_POINT('',#6129);
#1608=VERTEX_POINT('',#6134);
#1609=VERTEX_POINT('',#6136);
#1610=VERTEX_POINT('',#6141);
#1611=VERTEX_POINT('',#6143);
#1612=VERTEX_POINT('',#6148);
#1613=VERTEX_POINT('',#6150);
#1614=VERTEX_POINT('',#6155);
#1615=VERTEX_POINT('',#6157);
#1616=VERTEX_POINT('',#6162);
#1617=VERTEX_POINT('',#6164);
#1618=VERTEX_POINT('',#6169);
#1619=VERTEX_POINT('',#6171);
#1620=VERTEX_POINT('',#6175);
#1621=VERTEX_POINT('',#6178);
#1622=VERTEX_POINT('',#6181);
#1623=VERTEX_POINT('',#6183);
#1624=VERTEX_POINT('',#6185);
#1625=VERTEX_POINT('',#6220);
#1626=VERTEX_POINT('',#6227);
#1627=VERTEX_POINT('',#6229);
#1628=VERTEX_POINT('',#6233);
#1629=VERTEX_POINT('',#6236);
#1630=VERTEX_POINT('',#6239);
#1631=VERTEX_POINT('',#6243);
#1632=VERTEX_POINT('',#6245);
#1633=VERTEX_POINT('',#6249);
#1634=VERTEX_POINT('',#6252);
#1635=VERTEX_POINT('',#6255);
#1636=VERTEX_POINT('',#6259);
#1637=VERTEX_POINT('',#6261);
#1638=VERTEX_POINT('',#6265);
#1639=VERTEX_POINT('',#6268);
#1640=VERTEX_POINT('',#6271);
#1641=VERTEX_POINT('',#6273);
#1642=VERTEX_POINT('',#6275);
#1643=VERTEX_POINT('',#6280);
#1644=VERTEX_POINT('',#6317);
#1645=VERTEX_POINT('',#6319);
#1646=VERTEX_POINT('',#6323);
#1647=VERTEX_POINT('',#6326);
#1648=VERTEX_POINT('',#6329);
#1649=VERTEX_POINT('',#6331);
#1650=VERTEX_POINT('',#6333);
#1651=VERTEX_POINT('',#6342);
#1652=VERTEX_POINT('',#6344);
#1653=VERTEX_POINT('',#6348);
#1654=VERTEX_POINT('',#6351);
#1655=VERTEX_POINT('',#6354);
#1656=VERTEX_POINT('',#6358);
#1657=VERTEX_POINT('',#6360);
#1658=VERTEX_POINT('',#6364);
#1659=VERTEX_POINT('',#6367);
#1660=VERTEX_POINT('',#6370);
#1661=VERTEX_POINT('',#6374);
#1662=VERTEX_POINT('',#6376);
#1663=VERTEX_POINT('',#6380);
#1664=VERTEX_POINT('',#6383);
#1665=VERTEX_POINT('',#6386);
#1666=VERTEX_POINT('',#6388);
#1667=VERTEX_POINT('',#6390);
#1668=VERTEX_POINT('',#6401);
#1669=VERTEX_POINT('',#6403);
#1670=VERTEX_POINT('',#6405);
#1671=VERTEX_POINT('',#6407);
#1672=VERTEX_POINT('',#6409);
#1673=VERTEX_POINT('',#6411);
#1674=VERTEX_POINT('',#6461);
#1675=VERTEX_POINT('',#6466);
#1676=VERTEX_POINT('',#6499);
#1677=VERTEX_POINT('',#6503);
#1678=VERTEX_POINT('',#6536);
#1679=VERTEX_POINT('',#6540);
#1680=VERTEX_POINT('',#6598);
#1681=VERTEX_POINT('',#6599);
#1682=VERTEX_POINT('',#6601);
#1683=VERTEX_POINT('',#6603);
#1684=VERTEX_POINT('',#6605);
#1685=VERTEX_POINT('',#6607);
#1686=VERTEX_POINT('',#6609);
#1687=VERTEX_POINT('',#6611);
#1688=VERTEX_POINT('',#6613);
#1689=VERTEX_POINT('',#6615);
#1690=VERTEX_POINT('',#6617);
#1691=VERTEX_POINT('',#6619);
#1692=VERTEX_POINT('',#6623);
#1693=VERTEX_POINT('',#6624);
#1694=VERTEX_POINT('',#6626);
#1695=VERTEX_POINT('',#6628);
#1696=VERTEX_POINT('',#6630);
#1697=VERTEX_POINT('',#6632);
#1698=VERTEX_POINT('',#6634);
#1699=VERTEX_POINT('',#6636);
#1700=VERTEX_POINT('',#6638);
#1701=VERTEX_POINT('',#6640);
#1702=VERTEX_POINT('',#6642);
#1703=VERTEX_POINT('',#6644);
#1704=EDGE_CURVE('',#1376,#1377,#1346,.T.);
#1705=EDGE_CURVE('',#1378,#1376,#812,.T.);
#1706=EDGE_CURVE('',#1379,#1378,#644,.T.);
#1707=EDGE_CURVE('',#1379,#1377,#813,.T.);
#1708=EDGE_CURVE('',#1377,#1380,#814,.T.);
#1709=EDGE_CURVE('',#1379,#1381,#815,.T.);
#1710=EDGE_CURVE('',#1382,#1381,#816,.T.);
#1711=EDGE_CURVE('',#1383,#1382,#817,.T.);
#1712=EDGE_CURVE('',#1380,#1383,#818,.T.);
#1713=EDGE_CURVE('',#1384,#1376,#819,.T.);
#1714=EDGE_CURVE('',#1385,#1384,#820,.T.);
#1715=EDGE_CURVE('',#1385,#1378,#821,.T.);
#1716=EDGE_CURVE('',#1386,#1387,#87,.T.);
#1717=EDGE_CURVE('',#1388,#1386,#88,.T.);
#1718=EDGE_CURVE('',#1389,#1388,#89,.T.);
#1719=EDGE_CURVE('',#1390,#1389,#90,.T.);
#1720=EDGE_CURVE('',#1391,#1390,#91,.T.);
#1721=EDGE_CURVE('',#1392,#1391,#92,.T.);
#1722=EDGE_CURVE('',#1393,#1392,#93,.T.);
#1723=EDGE_CURVE('',#1387,#1393,#94,.T.);
#1724=EDGE_CURVE('',#1394,#1395,#822,.T.);
#1725=EDGE_CURVE('',#1396,#1394,#823,.T.);
#1726=EDGE_CURVE('',#1397,#1396,#824,.T.);
#1727=EDGE_CURVE('',#1398,#1397,#825,.T.);
#1728=EDGE_CURVE('',#1398,#1399,#826,.T.);
#1729=EDGE_CURVE('',#1399,#1395,#827,.T.);
#1730=EDGE_CURVE('',#1395,#1384,#1347,.T.);
#1731=EDGE_CURVE('',#1385,#1399,#645,.T.);
#1732=EDGE_CURVE('',#1390,#1400,#95,.T.);
#1733=EDGE_CURVE('',#1400,#1401,#96,.T.);
#1734=EDGE_CURVE('',#1391,#1401,#97,.T.);
#1735=EDGE_CURVE('',#1389,#1402,#98,.T.);
#1736=EDGE_CURVE('',#1402,#1400,#99,.T.);
#1737=EDGE_CURVE('',#1388,#1403,#100,.T.);
#1738=EDGE_CURVE('',#1403,#1402,#101,.T.);
#1739=EDGE_CURVE('',#1404,#1386,#102,.T.);
#1740=EDGE_CURVE('',#1404,#1403,#103,.T.);
#1741=EDGE_CURVE('',#1383,#1405,#828,.T.);
#1742=EDGE_CURVE('',#1406,#1405,#829,.T.);
#1743=EDGE_CURVE('',#1407,#1406,#830,.T.);
#1744=EDGE_CURVE('',#1408,#1407,#831,.T.);
#1745=EDGE_CURVE('',#1408,#1409,#832,.T.);
#1746=EDGE_CURVE('',#1409,#1410,#833,.T.);
#1747=EDGE_CURVE('',#1380,#1410,#834,.T.);
#1748=EDGE_CURVE('',#1411,#1381,#835,.T.);
#1749=EDGE_CURVE('',#1412,#1411,#836,.T.);
#1750=EDGE_CURVE('',#1412,#1382,#837,.T.);
#1751=EDGE_CURVE('',#1412,#1413,#646,.T.);
#1752=EDGE_CURVE('',#1413,#1414,#838,.T.);
#1753=EDGE_CURVE('',#1414,#1415,#647,.T.);
#1754=EDGE_CURVE('',#1415,#1416,#839,.T.);
#1755=EDGE_CURVE('',#1416,#1417,#648,.T.);
#1756=EDGE_CURVE('',#1417,#1418,#840,.T.);
#1757=EDGE_CURVE('',#1418,#1419,#649,.T.);
#1758=EDGE_CURVE('',#1419,#1397,#841,.T.);
#1759=EDGE_CURVE('',#1420,#1396,#842,.T.);
#1760=EDGE_CURVE('',#1421,#1420,#650,.T.);
#1761=EDGE_CURVE('',#1422,#1421,#843,.T.);
#1762=EDGE_CURVE('',#1423,#1422,#651,.T.);
#1763=EDGE_CURVE('',#1424,#1423,#844,.T.);
#1764=EDGE_CURVE('',#1425,#1424,#652,.T.);
#1765=EDGE_CURVE('',#1425,#1426,#845,.T.);
#1766=EDGE_CURVE('',#1405,#1426,#653,.T.);
#1767=EDGE_CURVE('',#1427,#1428,#846,.T.);
#1768=EDGE_CURVE('',#1428,#1429,#654,.T.);
#1769=EDGE_CURVE('',#1429,#1430,#847,.T.);
#1770=EDGE_CURVE('',#1430,#1431,#655,.T.);
#1771=EDGE_CURVE('',#1431,#1432,#848,.T.);
#1772=EDGE_CURVE('',#1432,#1433,#656,.T.);
#1773=EDGE_CURVE('',#1433,#1434,#849,.T.);
#1774=EDGE_CURVE('',#1434,#1427,#657,.T.);
#1775=EDGE_CURVE('',#1435,#1436,#850,.T.);
#1776=EDGE_CURVE('',#1436,#1437,#658,.T.);
#1777=EDGE_CURVE('',#1437,#1438,#851,.T.);
#1778=EDGE_CURVE('',#1438,#1439,#659,.T.);
#1779=EDGE_CURVE('',#1439,#1440,#852,.T.);
#1780=EDGE_CURVE('',#1440,#1441,#660,.T.);
#1781=EDGE_CURVE('',#1441,#1442,#853,.T.);
#1782=EDGE_CURVE('',#1442,#1435,#661,.T.);
#1783=EDGE_CURVE('',#1443,#1444,#854,.T.);
#1784=EDGE_CURVE('',#1444,#1445,#662,.T.);
#1785=EDGE_CURVE('',#1445,#1446,#855,.T.);
#1786=EDGE_CURVE('',#1446,#1447,#663,.T.);
#1787=EDGE_CURVE('',#1447,#1448,#856,.T.);
#1788=EDGE_CURVE('',#1448,#1449,#664,.T.);
#1789=EDGE_CURVE('',#1449,#1450,#857,.T.);
#1790=EDGE_CURVE('',#1450,#1443,#665,.T.);
#1791=EDGE_CURVE('',#1451,#1398,#858,.T.);
#1792=EDGE_CURVE('',#1452,#1451,#1348,.T.);
#1793=EDGE_CURVE('',#1453,#1452,#859,.T.);
#1794=EDGE_CURVE('',#1453,#1454,#1349,.T.);
#1795=EDGE_CURVE('',#1454,#1455,#860,.T.);
#1796=EDGE_CURVE('',#1455,#1456,#1350,.T.);
#1797=EDGE_CURVE('',#1457,#1456,#861,.T.);
#1798=EDGE_CURVE('',#1411,#1457,#1351,.T.);
#1799=EDGE_CURVE('',#1458,#1458,#666,.T.);
#1800=EDGE_CURVE('',#1459,#1459,#667,.T.);
#1801=EDGE_CURVE('',#1460,#1460,#668,.T.);
#1802=EDGE_CURVE('',#1461,#1461,#669,.T.);
#1803=EDGE_CURVE('',#1462,#1463,#862,.T.);
#1804=EDGE_CURVE('',#1463,#1464,#670,.T.);
#1805=EDGE_CURVE('',#1464,#1465,#863,.T.);
#1806=EDGE_CURVE('',#1465,#1466,#671,.T.);
#1807=EDGE_CURVE('',#1466,#1467,#864,.T.);
#1808=EDGE_CURVE('',#1467,#1468,#672,.T.);
#1809=EDGE_CURVE('',#1468,#1469,#865,.T.);
#1810=EDGE_CURVE('',#1469,#1462,#673,.T.);
#1811=EDGE_CURVE('',#1410,#1470,#674,.T.);
#1812=EDGE_CURVE('',#1470,#1471,#866,.T.);
#1813=EDGE_CURVE('',#1471,#1472,#675,.T.);
#1814=EDGE_CURVE('',#1472,#1473,#867,.T.);
#1815=EDGE_CURVE('',#1473,#1474,#676,.T.);
#1816=EDGE_CURVE('',#1474,#1475,#868,.T.);
#1817=EDGE_CURVE('',#1475,#1476,#677,.T.);
#1818=EDGE_CURVE('',#1476,#1477,#869,.T.);
#1819=EDGE_CURVE('',#1477,#1478,#678,.T.);
#1820=EDGE_CURVE('',#1478,#1479,#870,.T.);
#1821=EDGE_CURVE('',#1479,#1407,#679,.T.);
#1822=EDGE_CURVE('',#1406,#1480,#680,.T.);
#1823=EDGE_CURVE('',#1480,#1481,#871,.T.);
#1824=EDGE_CURVE('',#1481,#1482,#681,.T.);
#1825=EDGE_CURVE('',#1482,#1483,#872,.T.);
#1826=EDGE_CURVE('',#1483,#1484,#682,.T.);
#1827=EDGE_CURVE('',#1484,#1485,#873,.T.);
#1828=EDGE_CURVE('',#1485,#1486,#683,.T.);
#1829=EDGE_CURVE('',#1486,#1487,#874,.T.);
#1830=EDGE_CURVE('',#1487,#1488,#684,.T.);
#1831=EDGE_CURVE('',#1488,#1489,#875,.T.);
#1832=EDGE_CURVE('',#1489,#1490,#685,.T.);
#1833=EDGE_CURVE('',#1490,#1491,#876,.T.);
#1834=EDGE_CURVE('',#1491,#1492,#686,.T.);
#1835=EDGE_CURVE('',#1492,#1493,#877,.T.);
#1836=EDGE_CURVE('',#1493,#1494,#687,.T.);
#1837=EDGE_CURVE('',#1494,#1495,#878,.T.);
#1838=EDGE_CURVE('',#1495,#1496,#688,.T.);
#1839=EDGE_CURVE('',#1496,#1497,#879,.T.);
#1840=EDGE_CURVE('',#1497,#1498,#689,.T.);
#1841=EDGE_CURVE('',#1498,#1499,#880,.T.);
#1842=EDGE_CURVE('',#1499,#1500,#690,.T.);
#1843=EDGE_CURVE('',#1500,#1501,#881,.T.);
#1844=EDGE_CURVE('',#1501,#1502,#691,.T.);
#1845=EDGE_CURVE('',#1502,#1503,#882,.T.);
#1846=EDGE_CURVE('',#1503,#1504,#692,.T.);
#1847=EDGE_CURVE('',#1504,#1505,#883,.T.);
#1848=EDGE_CURVE('',#1505,#1506,#693,.T.);
#1849=EDGE_CURVE('',#1506,#1507,#884,.T.);
#1850=EDGE_CURVE('',#1507,#1508,#694,.T.);
#1851=EDGE_CURVE('',#1508,#1509,#885,.T.);
#1852=EDGE_CURVE('',#1509,#1510,#695,.T.);
#1853=EDGE_CURVE('',#1510,#1511,#886,.T.);
#1854=EDGE_CURVE('',#1511,#1512,#696,.T.);
#1855=EDGE_CURVE('',#1512,#1513,#697,.T.);
#1856=EDGE_CURVE('',#1513,#1514,#887,.T.);
#1857=EDGE_CURVE('',#1514,#1515,#698,.T.);
#1858=EDGE_CURVE('',#1515,#1516,#888,.T.);
#1859=EDGE_CURVE('',#1516,#1517,#699,.T.);
#1860=EDGE_CURVE('',#1517,#1518,#889,.T.);
#1861=EDGE_CURVE('',#1518,#1519,#700,.T.);
#1862=EDGE_CURVE('',#1519,#1520,#890,.T.);
#1863=EDGE_CURVE('',#1520,#1521,#701,.T.);
#1864=EDGE_CURVE('',#1521,#1522,#891,.T.);
#1865=EDGE_CURVE('',#1522,#1523,#702,.T.);
#1866=EDGE_CURVE('',#1523,#1524,#703,.T.);
#1867=EDGE_CURVE('',#1524,#1394,#892,.T.);
#1868=EDGE_CURVE('',#1525,#1525,#704,.T.);
#1869=EDGE_CURVE('',#1526,#1526,#705,.T.);
#1870=EDGE_CURVE('',#1527,#1527,#706,.T.);
#1871=EDGE_CURVE('',#1528,#1528,#707,.T.);
#1872=EDGE_CURVE('',#1529,#1529,#708,.T.);
#1873=EDGE_CURVE('',#1530,#1530,#709,.T.);
#1874=EDGE_CURVE('',#1531,#1531,#710,.T.);
#1875=EDGE_CURVE('',#1532,#1532,#711,.T.);
#1876=EDGE_CURVE('',#1387,#1533,#104,.T.);
#1877=EDGE_CURVE('',#1533,#1404,#105,.T.);
#1878=EDGE_CURVE('',#1393,#1534,#106,.T.);
#1879=EDGE_CURVE('',#1534,#1533,#107,.T.);
#1880=EDGE_CURVE('',#1392,#1535,#108,.T.);
#1881=EDGE_CURVE('',#1535,#1534,#109,.T.);
#1882=EDGE_CURVE('',#1401,#1535,#110,.T.);
#1883=EDGE_CURVE('',#1536,#1537,#893,.T.);
#1884=EDGE_CURVE('',#1467,#1536,#894,.T.);
#1885=EDGE_CURVE('',#1466,#1537,#895,.T.);
#1886=EDGE_CURVE('',#1470,#1538,#896,.T.);
#1887=EDGE_CURVE('',#1538,#1539,#897,.T.);
#1888=EDGE_CURVE('',#1471,#1539,#898,.T.);
#1889=EDGE_CURVE('',#1539,#1540,#712,.T.);
#1890=EDGE_CURVE('',#1472,#1540,#899,.T.);
#1891=EDGE_CURVE('',#1540,#1541,#900,.T.);
#1892=EDGE_CURVE('',#1473,#1541,#901,.T.);
#1893=EDGE_CURVE('',#1541,#1542,#713,.T.);
#1894=EDGE_CURVE('',#1474,#1542,#902,.T.);
#1895=EDGE_CURVE('',#1542,#1543,#903,.T.);
#1896=EDGE_CURVE('',#1475,#1543,#904,.T.);
#1897=EDGE_CURVE('',#1543,#1544,#714,.T.);
#1898=EDGE_CURVE('',#1476,#1544,#905,.T.);
#1899=EDGE_CURVE('',#1544,#1545,#906,.T.);
#1900=EDGE_CURVE('',#1477,#1545,#907,.T.);
#1901=EDGE_CURVE('',#1409,#1538,#715,.T.);
#1902=EDGE_CURVE('',#1479,#1546,#908,.T.);
#1903=EDGE_CURVE('',#1546,#1408,#716,.T.);
#1904=EDGE_CURVE('',#1478,#1547,#909,.T.);
#1905=EDGE_CURVE('',#1547,#1546,#910,.T.);
#1906=EDGE_CURVE('',#1545,#1547,#717,.T.);
#1907=EDGE_CURVE('',#1512,#1548,#911,.T.);
#1908=EDGE_CURVE('',#1548,#1549,#718,.T.);
#1909=EDGE_CURVE('',#1513,#1549,#912,.T.);
#1910=EDGE_CURVE('',#1549,#1550,#913,.T.);
#1911=EDGE_CURVE('',#1514,#1550,#914,.T.);
#1912=EDGE_CURVE('',#1550,#1551,#719,.T.);
#1913=EDGE_CURVE('',#1515,#1551,#915,.T.);
#1914=EDGE_CURVE('',#1551,#1552,#916,.T.);
#1915=EDGE_CURVE('',#1516,#1552,#917,.T.);
#1916=EDGE_CURVE('',#1552,#1553,#720,.T.);
#1917=EDGE_CURVE('',#1517,#1553,#918,.T.);
#1918=EDGE_CURVE('',#1553,#1554,#919,.T.);
#1919=EDGE_CURVE('',#1518,#1554,#920,.T.);
#1920=EDGE_CURVE('',#1554,#1555,#721,.T.);
#1921=EDGE_CURVE('',#1519,#1555,#921,.T.);
#1922=EDGE_CURVE('',#1555,#1556,#922,.T.);
#1923=EDGE_CURVE('',#1520,#1556,#923,.T.);
#1924=EDGE_CURVE('',#1557,#1511,#924,.T.);
#1925=EDGE_CURVE('',#1557,#1548,#722,.T.);
#1926=EDGE_CURVE('',#1523,#1558,#925,.T.);
#1927=EDGE_CURVE('',#1558,#1559,#723,.T.);
#1928=EDGE_CURVE('',#1559,#1524,#926,.T.);
#1929=EDGE_CURVE('',#1522,#1560,#927,.T.);
#1930=EDGE_CURVE('',#1560,#1558,#724,.T.);
#1931=EDGE_CURVE('',#1521,#1561,#928,.T.);
#1932=EDGE_CURVE('',#1561,#1560,#929,.T.);
#1933=EDGE_CURVE('',#1556,#1561,#725,.T.);
#1934=EDGE_CURVE('',#1559,#1557,#930,.T.);
#1935=EDGE_CURVE('',#1562,#1562,#726,.T.);
#1936=EDGE_CURVE('',#1562,#1563,#931,.T.);
#1937=EDGE_CURVE('',#1458,#1562,#932,.T.);
#1938=EDGE_CURVE('',#1564,#1564,#727,.T.);
#1939=EDGE_CURVE('',#1564,#1565,#933,.T.);
#1940=EDGE_CURVE('',#1461,#1564,#934,.T.);
#1941=EDGE_CURVE('',#1566,#1566,#728,.T.);
#1942=EDGE_CURVE('',#1566,#1567,#935,.T.);
#1943=EDGE_CURVE('',#1459,#1566,#936,.T.);
#1944=EDGE_CURVE('',#1568,#1568,#729,.T.);
#1945=EDGE_CURVE('',#1568,#1569,#937,.T.);
#1946=EDGE_CURVE('',#1460,#1568,#938,.T.);
#1947=EDGE_CURVE('',#1510,#1420,#939,.T.);
#1948=EDGE_CURVE('',#1570,#1455,#940,.T.);
#1949=EDGE_CURVE('',#1571,#1455,#941,.T.);
#1950=EDGE_CURVE('',#1570,#1571,#1352,.T.);
#1951=EDGE_CURVE('',#1572,#1454,#942,.T.);
#1952=EDGE_CURVE('',#1573,#1572,#1353,.T.);
#1953=EDGE_CURVE('',#1454,#1573,#943,.T.);
#1954=EDGE_CURVE('',#1571,#1574,#730,.T.);
#1955=EDGE_CURVE('',#1575,#1573,#731,.T.);
#1956=EDGE_CURVE('',#1574,#1575,#944,.T.);
#1957=EDGE_CURVE('',#1576,#1572,#1354,.T.);
#1958=EDGE_CURVE('',#1417,#1576,#945,.T.);
#1959=EDGE_CURVE('',#1575,#1416,#946,.T.);
#1960=EDGE_CURVE('',#1419,#1451,#947,.T.);
#1961=EDGE_CURVE('',#1577,#1578,#732,.T.);
#1962=EDGE_CURVE('',#1579,#1577,#948,.T.);
#1963=EDGE_CURVE('',#1580,#1579,#733,.T.);
#1964=EDGE_CURVE('',#1581,#1580,#949,.T.);
#1965=EDGE_CURVE('',#1582,#1581,#734,.T.);
#1966=EDGE_CURVE('',#1583,#1582,#950,.T.);
#1967=EDGE_CURVE('',#1584,#1583,#735,.T.);
#1968=EDGE_CURVE('',#1578,#1584,#951,.T.);
#1969=EDGE_CURVE('',#1585,#1586,#736,.T.);
#1970=EDGE_CURVE('',#1587,#1585,#952,.T.);
#1971=EDGE_CURVE('',#1588,#1587,#737,.T.);
#1972=EDGE_CURVE('',#1589,#1588,#953,.T.);
#1973=EDGE_CURVE('',#1590,#1589,#738,.T.);
#1974=EDGE_CURVE('',#1591,#1590,#954,.T.);
#1975=EDGE_CURVE('',#1592,#1591,#739,.T.);
#1976=EDGE_CURVE('',#1586,#1592,#955,.T.);
#1977=EDGE_CURVE('',#1593,#1594,#740,.T.);
#1978=EDGE_CURVE('',#1595,#1593,#956,.T.);
#1979=EDGE_CURVE('',#1596,#1595,#741,.T.);
#1980=EDGE_CURVE('',#1597,#1596,#957,.T.);
#1981=EDGE_CURVE('',#1598,#1597,#742,.T.);
#1982=EDGE_CURVE('',#1599,#1598,#958,.T.);
#1983=EDGE_CURVE('',#1600,#1599,#743,.T.);
#1984=EDGE_CURVE('',#1594,#1600,#959,.T.);
#1985=EDGE_CURVE('',#1449,#1581,#960,.T.);
#1986=EDGE_CURVE('',#1448,#1582,#961,.T.);
#1987=EDGE_CURVE('',#1450,#1580,#962,.T.);
#1988=EDGE_CURVE('',#1443,#1579,#963,.T.);
#1989=EDGE_CURVE('',#1577,#1444,#964,.T.);
#1990=EDGE_CURVE('',#1441,#1589,#965,.T.);
#1991=EDGE_CURVE('',#1440,#1590,#966,.T.);
#1992=EDGE_CURVE('',#1442,#1588,#967,.T.);
#1993=EDGE_CURVE('',#1435,#1587,#968,.T.);
#1994=EDGE_CURVE('',#1585,#1436,#969,.T.);
#1995=EDGE_CURVE('',#1433,#1597,#970,.T.);
#1996=EDGE_CURVE('',#1432,#1598,#971,.T.);
#1997=EDGE_CURVE('',#1434,#1596,#972,.T.);
#1998=EDGE_CURVE('',#1427,#1595,#973,.T.);
#1999=EDGE_CURVE('',#1593,#1428,#974,.T.);
#2000=EDGE_CURVE('',#1570,#1601,#1355,.T.);
#2001=EDGE_CURVE('',#1601,#1456,#975,.T.);
#2002=EDGE_CURVE('',#1576,#1453,#976,.T.);
#2003=EDGE_CURVE('',#1414,#1601,#977,.T.);
#2004=EDGE_CURVE('',#1413,#1457,#978,.T.);
#2005=EDGE_CURVE('',#1418,#1452,#979,.T.);
#2006=EDGE_CURVE('',#1480,#1426,#980,.T.);
#2007=EDGE_CURVE('',#1481,#1425,#981,.T.);
#2008=EDGE_CURVE('',#1447,#1583,#982,.T.);
#2009=EDGE_CURVE('',#1446,#1584,#983,.T.);
#2010=EDGE_CURVE('',#1445,#1578,#984,.T.);
#2011=EDGE_CURVE('',#1439,#1591,#985,.T.);
#2012=EDGE_CURVE('',#1438,#1592,#986,.T.);
#2013=EDGE_CURVE('',#1437,#1586,#987,.T.);
#2014=EDGE_CURVE('',#1415,#1574,#988,.T.);
#2015=EDGE_CURVE('',#1431,#1599,#989,.T.);
#2016=EDGE_CURVE('',#1430,#1600,#990,.T.);
#2017=EDGE_CURVE('',#1429,#1594,#991,.T.);
#2018=EDGE_CURVE('',#1602,#1602,#744,.T.);
#2019=EDGE_CURVE('',#1602,#1603,#992,.T.);
#2020=EDGE_CURVE('',#1603,#1603,#745,.T.);
#2021=EDGE_CURVE('',#1604,#1604,#746,.T.);
#2022=EDGE_CURVE('',#1604,#1605,#993,.T.);
#2023=EDGE_CURVE('',#1605,#1605,#747,.T.);
#2024=EDGE_CURVE('',#1606,#1606,#748,.T.);
#2025=EDGE_CURVE('',#1606,#1607,#994,.T.);
#2026=EDGE_CURVE('',#1607,#1607,#749,.T.);
#2027=EDGE_CURVE('',#1608,#1608,#750,.T.);
#2028=EDGE_CURVE('',#1608,#1609,#995,.T.);
#2029=EDGE_CURVE('',#1609,#1609,#751,.T.);
#2030=EDGE_CURVE('',#1610,#1610,#752,.T.);
#2031=EDGE_CURVE('',#1610,#1611,#996,.T.);
#2032=EDGE_CURVE('',#1611,#1611,#753,.T.);
#2033=EDGE_CURVE('',#1612,#1612,#754,.T.);
#2034=EDGE_CURVE('',#1612,#1613,#997,.T.);
#2035=EDGE_CURVE('',#1613,#1613,#755,.T.);
#2036=EDGE_CURVE('',#1614,#1614,#756,.T.);
#2037=EDGE_CURVE('',#1614,#1615,#998,.T.);
#2038=EDGE_CURVE('',#1615,#1615,#757,.T.);
#2039=EDGE_CURVE('',#1616,#1616,#758,.T.);
#2040=EDGE_CURVE('',#1616,#1617,#999,.T.);
#2041=EDGE_CURVE('',#1617,#1617,#759,.T.);
#2042=EDGE_CURVE('',#1618,#1618,#760,.T.);
#2043=EDGE_CURVE('',#1618,#1619,#1000,.T.);
#2044=EDGE_CURVE('',#1619,#1619,#761,.T.);
#2045=EDGE_CURVE('',#1620,#1620,#762,.T.);
#2046=EDGE_CURVE('',#1621,#1621,#763,.T.);
#2047=EDGE_CURVE('',#1621,#1622,#1001,.T.);
#2048=EDGE_CURVE('',#1623,#1622,#1356,.T.);
#2049=EDGE_CURVE('',#1624,#1623,#111,.T.);
#2050=EDGE_CURVE('',#1625,#1624,#112,.T.);
#2051=EDGE_CURVE('',#1622,#1625,#1357,.T.);
#2052=EDGE_CURVE('',#1626,#1626,#764,.T.);
#2053=EDGE_CURVE('',#1626,#1627,#1002,.T.);
#2054=EDGE_CURVE('',#1627,#1627,#765,.T.);
#2055=EDGE_CURVE('',#1628,#1628,#766,.T.);
#2056=EDGE_CURVE('',#1629,#1629,#767,.T.);
#2057=EDGE_CURVE('',#1629,#1630,#1003,.T.);
#2058=EDGE_CURVE('',#1630,#1630,#1358,.T.);
#2059=EDGE_CURVE('',#1631,#1631,#768,.T.);
#2060=EDGE_CURVE('',#1631,#1632,#1004,.T.);
#2061=EDGE_CURVE('',#1632,#1632,#769,.T.);
#2062=EDGE_CURVE('',#1633,#1633,#770,.T.);
#2063=EDGE_CURVE('',#1634,#1634,#771,.T.);
#2064=EDGE_CURVE('',#1634,#1635,#1005,.T.);
#2065=EDGE_CURVE('',#1635,#1635,#1359,.T.);
#2066=EDGE_CURVE('',#1636,#1636,#772,.T.);
#2067=EDGE_CURVE('',#1636,#1637,#1006,.T.);
#2068=EDGE_CURVE('',#1637,#1637,#773,.T.);
#2069=EDGE_CURVE('',#1638,#1638,#774,.T.);
#2070=EDGE_CURVE('',#1639,#1639,#775,.T.);
#2071=EDGE_CURVE('',#1639,#1640,#1007,.T.);
#2072=EDGE_CURVE('',#1641,#1640,#1360,.T.);
#2073=EDGE_CURVE('',#1642,#1641,#113,.T.);
#2074=EDGE_CURVE('',#1643,#1642,#114,.T.);
#2075=EDGE_CURVE('',#1640,#1643,#1361,.T.);
#2076=EDGE_CURVE('',#1644,#1644,#776,.T.);
#2077=EDGE_CURVE('',#1644,#1645,#1008,.T.);
#2078=EDGE_CURVE('',#1645,#1645,#777,.T.);
#2079=EDGE_CURVE('',#1646,#1646,#778,.T.);
#2080=EDGE_CURVE('',#1647,#1647,#779,.T.);
#2081=EDGE_CURVE('',#1647,#1648,#1009,.T.);
#2082=EDGE_CURVE('',#1649,#1648,#1362,.T.);
#2083=EDGE_CURVE('',#1650,#1649,#115,.T.);
#2084=EDGE_CURVE('',#1648,#1650,#1363,.T.);
#2085=EDGE_CURVE('',#1651,#1651,#780,.T.);
#2086=EDGE_CURVE('',#1651,#1652,#1010,.T.);
#2087=EDGE_CURVE('',#1652,#1652,#781,.T.);
#2088=EDGE_CURVE('',#1653,#1653,#782,.T.);
#2089=EDGE_CURVE('',#1654,#1654,#783,.T.);
#2090=EDGE_CURVE('',#1654,#1655,#1011,.T.);
#2091=EDGE_CURVE('',#1655,#1655,#1364,.T.);
#2092=EDGE_CURVE('',#1656,#1656,#784,.T.);
#2093=EDGE_CURVE('',#1656,#1657,#1012,.T.);
#2094=EDGE_CURVE('',#1657,#1657,#785,.T.);
#2095=EDGE_CURVE('',#1658,#1658,#786,.T.);
#2096=EDGE_CURVE('',#1659,#1659,#787,.T.);
#2097=EDGE_CURVE('',#1659,#1660,#1013,.T.);
#2098=EDGE_CURVE('',#1660,#1660,#1365,.T.);
#2099=EDGE_CURVE('',#1661,#1661,#788,.T.);
#2100=EDGE_CURVE('',#1661,#1662,#1014,.T.);
#2101=EDGE_CURVE('',#1662,#1662,#789,.T.);
#2102=EDGE_CURVE('',#1663,#1663,#790,.T.);
#2103=EDGE_CURVE('',#1664,#1664,#791,.T.);
#2104=EDGE_CURVE('',#1664,#1665,#1015,.T.);
#2105=EDGE_CURVE('',#1666,#1665,#1366,.T.);
#2106=EDGE_CURVE('',#1667,#1666,#116,.T.);
#2107=EDGE_CURVE('',#1665,#1667,#1367,.T.);
#2108=EDGE_CURVE('',#1666,#1650,#1016,.T.);
#2109=EDGE_CURVE('',#1641,#1667,#1017,.T.);
#2110=EDGE_CURVE('',#1668,#1643,#1368,.T.);
#2111=EDGE_CURVE('',#1669,#1668,#1018,.T.);
#2112=EDGE_CURVE('',#1670,#1669,#1369,.T.);
#2113=EDGE_CURVE('',#1671,#1670,#1019,.T.);
#2114=EDGE_CURVE('',#1672,#1671,#1370,.T.);
#2115=EDGE_CURVE('',#1673,#1672,#1020,.T.);
#2116=EDGE_CURVE('',#1623,#1673,#1371,.T.);
#2117=EDGE_CURVE('',#1649,#1625,#1021,.T.);
#2118=EDGE_CURVE('',#1525,#1658,#1022,.T.);
#2119=EDGE_CURVE('',#1526,#1646,#1023,.T.);
#2120=EDGE_CURVE('',#1527,#1638,#1024,.T.);
#2121=EDGE_CURVE('',#1528,#1633,#1025,.T.);
#2122=EDGE_CURVE('',#1529,#1653,#1026,.T.);
#2123=EDGE_CURVE('',#1530,#1663,#1027,.T.);
#2124=EDGE_CURVE('',#1531,#1628,#1028,.T.);
#2125=EDGE_CURVE('',#1532,#1620,#1029,.T.);
#2126=EDGE_CURVE('',#1673,#1674,#792,.T.);
#2127=EDGE_CURVE('',#1674,#1536,#1372,.T.);
#2128=EDGE_CURVE('',#1536,#1624,#793,.T.);
#2129=EDGE_CURVE('',#1672,#1675,#794,.T.);
#2130=EDGE_CURVE('',#1675,#1674,#1030,.T.);
#2131=EDGE_CURVE('',#1671,#1676,#795,.T.);
#2132=EDGE_CURVE('',#1676,#1675,#1373,.T.);
#2133=EDGE_CURVE('',#1670,#1677,#796,.T.);
#2134=EDGE_CURVE('',#1677,#1676,#1031,.T.);
#2135=EDGE_CURVE('',#1669,#1678,#797,.T.);
#2136=EDGE_CURVE('',#1678,#1677,#1374,.T.);
#2137=EDGE_CURVE('',#1668,#1679,#798,.T.);
#2138=EDGE_CURVE('',#1679,#1678,#1032,.T.);
#2139=EDGE_CURVE('',#1642,#1537,#799,.T.);
#2140=EDGE_CURVE('',#1537,#1679,#1375,.T.);
#2141=EDGE_CURVE('',#1465,#1679,#1033,.T.);
#2142=EDGE_CURVE('',#1464,#1678,#1034,.T.);
#2143=EDGE_CURVE('',#1468,#1674,#1035,.T.);
#2144=EDGE_CURVE('',#1469,#1675,#1036,.T.);
#2145=EDGE_CURVE('',#1462,#1676,#1037,.T.);
#2146=EDGE_CURVE('',#1463,#1677,#1038,.T.);
#2147=EDGE_CURVE('',#1482,#1424,#1039,.T.);
#2148=EDGE_CURVE('',#1680,#1681,#800,.T.);
#2149=EDGE_CURVE('',#1682,#1680,#1040,.T.);
#2150=EDGE_CURVE('',#1683,#1682,#801,.T.);
#2151=EDGE_CURVE('',#1684,#1683,#1041,.T.);
#2152=EDGE_CURVE('',#1685,#1684,#802,.T.);
#2153=EDGE_CURVE('',#1686,#1685,#1042,.T.);
#2154=EDGE_CURVE('',#1687,#1686,#803,.T.);
#2155=EDGE_CURVE('',#1687,#1688,#1043,.T.);
#2156=EDGE_CURVE('',#1689,#1688,#804,.T.);
#2157=EDGE_CURVE('',#1690,#1689,#1044,.T.);
#2158=EDGE_CURVE('',#1691,#1690,#805,.T.);
#2159=EDGE_CURVE('',#1681,#1691,#1045,.T.);
#2160=EDGE_CURVE('',#1692,#1693,#806,.T.);
#2161=EDGE_CURVE('',#1694,#1692,#1046,.T.);
#2162=EDGE_CURVE('',#1695,#1694,#807,.T.);
#2163=EDGE_CURVE('',#1696,#1695,#1047,.T.);
#2164=EDGE_CURVE('',#1697,#1696,#808,.T.);
#2165=EDGE_CURVE('',#1698,#1697,#1048,.T.);
#2166=EDGE_CURVE('',#1699,#1698,#809,.T.);
#2167=EDGE_CURVE('',#1699,#1700,#1049,.T.);
#2168=EDGE_CURVE('',#1701,#1700,#810,.T.);
#2169=EDGE_CURVE('',#1702,#1701,#1050,.T.);
#2170=EDGE_CURVE('',#1703,#1702,#811,.T.);
#2171=EDGE_CURVE('',#1693,#1703,#1051,.T.);
#2172=EDGE_CURVE('',#1503,#1691,#1052,.T.);
#2173=EDGE_CURVE('',#1681,#1502,#1053,.T.);
#2174=EDGE_CURVE('',#1504,#1690,#1054,.T.);
#2175=EDGE_CURVE('',#1505,#1689,#1055,.T.);
#2176=EDGE_CURVE('',#1506,#1688,#1056,.T.);
#2177=EDGE_CURVE('',#1507,#1423,#1057,.T.);
#2178=EDGE_CURVE('',#1495,#1687,#1058,.T.);
#2179=EDGE_CURVE('',#1494,#1700,#1059,.T.);
#2180=EDGE_CURVE('',#1483,#1699,#1060,.T.);
#2181=EDGE_CURVE('',#1508,#1422,#1061,.T.);
#2182=EDGE_CURVE('',#1509,#1421,#1062,.T.);
#2183=EDGE_CURVE('',#1484,#1698,#1063,.T.);
#2184=EDGE_CURVE('',#1485,#1697,#1064,.T.);
#2185=EDGE_CURVE('',#1486,#1696,#1065,.T.);
#2186=EDGE_CURVE('',#1487,#1695,#1066,.T.);
#2187=EDGE_CURVE('',#1488,#1694,#1067,.T.);
#2188=EDGE_CURVE('',#1489,#1692,#1068,.T.);
#2189=EDGE_CURVE('',#1490,#1693,#1069,.T.);
#2190=EDGE_CURVE('',#1491,#1703,#1070,.T.);
#2191=EDGE_CURVE('',#1492,#1702,#1071,.T.);
#2192=EDGE_CURVE('',#1493,#1701,#1072,.T.);
#2193=EDGE_CURVE('',#1496,#1686,#1073,.T.);
#2194=EDGE_CURVE('',#1497,#1685,#1074,.T.);
#2195=EDGE_CURVE('',#1498,#1684,#1075,.T.);
#2196=EDGE_CURVE('',#1499,#1683,#1076,.T.);
#2197=EDGE_CURVE('',#1500,#1682,#1077,.T.);
#2198=EDGE_CURVE('',#1501,#1680,#1078,.T.);
#2199=ORIENTED_EDGE('',*,*,#1704,.F.);
#2200=ORIENTED_EDGE('',*,*,#1705,.F.);
#2201=ORIENTED_EDGE('',*,*,#1706,.F.);
#2202=ORIENTED_EDGE('',*,*,#1707,.T.);
#2203=ORIENTED_EDGE('',*,*,#1708,.F.);
#2204=ORIENTED_EDGE('',*,*,#1707,.F.);
#2205=ORIENTED_EDGE('',*,*,#1709,.T.);
#2206=ORIENTED_EDGE('',*,*,#1710,.F.);
#2207=ORIENTED_EDGE('',*,*,#1711,.F.);
#2208=ORIENTED_EDGE('',*,*,#1712,.F.);
#2209=ORIENTED_EDGE('',*,*,#1713,.F.);
#2210=ORIENTED_EDGE('',*,*,#1714,.F.);
#2211=ORIENTED_EDGE('',*,*,#1715,.T.);
#2212=ORIENTED_EDGE('',*,*,#1705,.T.);
#2213=ORIENTED_EDGE('',*,*,#1716,.F.);
#2214=ORIENTED_EDGE('',*,*,#1717,.F.);
#2215=ORIENTED_EDGE('',*,*,#1718,.F.);
#2216=ORIENTED_EDGE('',*,*,#1719,.F.);
#2217=ORIENTED_EDGE('',*,*,#1720,.F.);
#2218=ORIENTED_EDGE('',*,*,#1721,.F.);
#2219=ORIENTED_EDGE('',*,*,#1722,.F.);
#2220=ORIENTED_EDGE('',*,*,#1723,.F.);
#2221=ORIENTED_EDGE('',*,*,#1724,.F.);
#2222=ORIENTED_EDGE('',*,*,#1725,.F.);
#2223=ORIENTED_EDGE('',*,*,#1726,.F.);
#2224=ORIENTED_EDGE('',*,*,#1727,.F.);
#2225=ORIENTED_EDGE('',*,*,#1728,.T.);
#2226=ORIENTED_EDGE('',*,*,#1729,.T.);
#2227=ORIENTED_EDGE('',*,*,#1730,.F.);
#2228=ORIENTED_EDGE('',*,*,#1729,.F.);
#2229=ORIENTED_EDGE('',*,*,#1731,.F.);
#2230=ORIENTED_EDGE('',*,*,#1714,.T.);
#2231=ORIENTED_EDGE('',*,*,#1720,.T.);
#2232=ORIENTED_EDGE('',*,*,#1732,.T.);
#2233=ORIENTED_EDGE('',*,*,#1733,.T.);
#2234=ORIENTED_EDGE('',*,*,#1734,.F.);
#2235=ORIENTED_EDGE('',*,*,#1719,.T.);
#2236=ORIENTED_EDGE('',*,*,#1735,.T.);
#2237=ORIENTED_EDGE('',*,*,#1736,.T.);
#2238=ORIENTED_EDGE('',*,*,#1732,.F.);
#2239=ORIENTED_EDGE('',*,*,#1718,.T.);
#2240=ORIENTED_EDGE('',*,*,#1737,.T.);
#2241=ORIENTED_EDGE('',*,*,#1738,.T.);
#2242=ORIENTED_EDGE('',*,*,#1735,.F.);
#2243=ORIENTED_EDGE('',*,*,#1717,.T.);
#2244=ORIENTED_EDGE('',*,*,#1739,.F.);
#2245=ORIENTED_EDGE('',*,*,#1740,.T.);
#2246=ORIENTED_EDGE('',*,*,#1737,.F.);
#2247=ORIENTED_EDGE('',*,*,#1712,.T.);
#2248=ORIENTED_EDGE('',*,*,#1741,.T.);
#2249=ORIENTED_EDGE('',*,*,#1742,.F.);
#2250=ORIENTED_EDGE('',*,*,#1743,.F.);
#2251=ORIENTED_EDGE('',*,*,#1744,.F.);
#2252=ORIENTED_EDGE('',*,*,#1745,.T.);
#2253=ORIENTED_EDGE('',*,*,#1746,.T.);
#2254=ORIENTED_EDGE('',*,*,#1747,.F.);
#2255=ORIENTED_EDGE('',*,*,#1710,.T.);
#2256=ORIENTED_EDGE('',*,*,#1748,.F.);
#2257=ORIENTED_EDGE('',*,*,#1749,.F.);
#2258=ORIENTED_EDGE('',*,*,#1750,.T.);
#2259=ORIENTED_EDGE('',*,*,#1711,.T.);
#2260=ORIENTED_EDGE('',*,*,#1750,.F.);
#2261=ORIENTED_EDGE('',*,*,#1751,.T.);
#2262=ORIENTED_EDGE('',*,*,#1752,.T.);
#2263=ORIENTED_EDGE('',*,*,#1753,.T.);
#2264=ORIENTED_EDGE('',*,*,#1754,.T.);
#2265=ORIENTED_EDGE('',*,*,#1755,.T.);
#2266=ORIENTED_EDGE('',*,*,#1756,.T.);
#2267=ORIENTED_EDGE('',*,*,#1757,.T.);
#2268=ORIENTED_EDGE('',*,*,#1758,.T.);
#2269=ORIENTED_EDGE('',*,*,#1726,.T.);
#2270=ORIENTED_EDGE('',*,*,#1759,.F.);
#2271=ORIENTED_EDGE('',*,*,#1760,.F.);
#2272=ORIENTED_EDGE('',*,*,#1761,.F.);
#2273=ORIENTED_EDGE('',*,*,#1762,.F.);
#2274=ORIENTED_EDGE('',*,*,#1763,.F.);
#2275=ORIENTED_EDGE('',*,*,#1764,.F.);
#2276=ORIENTED_EDGE('',*,*,#1765,.T.);
#2277=ORIENTED_EDGE('',*,*,#1766,.F.);
#2278=ORIENTED_EDGE('',*,*,#1741,.F.);
#2279=ORIENTED_EDGE('',*,*,#1767,.T.);
#2280=ORIENTED_EDGE('',*,*,#1768,.T.);
#2281=ORIENTED_EDGE('',*,*,#1769,.T.);
#2282=ORIENTED_EDGE('',*,*,#1770,.T.);
#2283=ORIENTED_EDGE('',*,*,#1771,.T.);
#2284=ORIENTED_EDGE('',*,*,#1772,.T.);
#2285=ORIENTED_EDGE('',*,*,#1773,.T.);
#2286=ORIENTED_EDGE('',*,*,#1774,.T.);
#2287=ORIENTED_EDGE('',*,*,#1775,.T.);
#2288=ORIENTED_EDGE('',*,*,#1776,.T.);
#2289=ORIENTED_EDGE('',*,*,#1777,.T.);
#2290=ORIENTED_EDGE('',*,*,#1778,.T.);
#2291=ORIENTED_EDGE('',*,*,#1779,.T.);
#2292=ORIENTED_EDGE('',*,*,#1780,.T.);
#2293=ORIENTED_EDGE('',*,*,#1781,.T.);
#2294=ORIENTED_EDGE('',*,*,#1782,.T.);
#2295=ORIENTED_EDGE('',*,*,#1783,.T.);
#2296=ORIENTED_EDGE('',*,*,#1784,.T.);
#2297=ORIENTED_EDGE('',*,*,#1785,.T.);
#2298=ORIENTED_EDGE('',*,*,#1786,.T.);
#2299=ORIENTED_EDGE('',*,*,#1787,.T.);
#2300=ORIENTED_EDGE('',*,*,#1788,.T.);
#2301=ORIENTED_EDGE('',*,*,#1789,.T.);
#2302=ORIENTED_EDGE('',*,*,#1790,.T.);
#2303=ORIENTED_EDGE('',*,*,#1709,.F.);
#2304=ORIENTED_EDGE('',*,*,#1706,.T.);
#2305=ORIENTED_EDGE('',*,*,#1715,.F.);
#2306=ORIENTED_EDGE('',*,*,#1731,.T.);
#2307=ORIENTED_EDGE('',*,*,#1728,.F.);
#2308=ORIENTED_EDGE('',*,*,#1791,.F.);
#2309=ORIENTED_EDGE('',*,*,#1792,.F.);
#2310=ORIENTED_EDGE('',*,*,#1793,.F.);
#2311=ORIENTED_EDGE('',*,*,#1794,.T.);
#2312=ORIENTED_EDGE('',*,*,#1795,.T.);
#2313=ORIENTED_EDGE('',*,*,#1796,.T.);
#2314=ORIENTED_EDGE('',*,*,#1797,.F.);
#2315=ORIENTED_EDGE('',*,*,#1798,.F.);
#2316=ORIENTED_EDGE('',*,*,#1748,.T.);
#2317=ORIENTED_EDGE('',*,*,#1799,.T.);
#2318=ORIENTED_EDGE('',*,*,#1800,.T.);
#2319=ORIENTED_EDGE('',*,*,#1801,.T.);
#2320=ORIENTED_EDGE('',*,*,#1802,.T.);
#2321=ORIENTED_EDGE('',*,*,#1803,.T.);
#2322=ORIENTED_EDGE('',*,*,#1804,.T.);
#2323=ORIENTED_EDGE('',*,*,#1805,.T.);
#2324=ORIENTED_EDGE('',*,*,#1806,.T.);
#2325=ORIENTED_EDGE('',*,*,#1807,.T.);
#2326=ORIENTED_EDGE('',*,*,#1808,.T.);
#2327=ORIENTED_EDGE('',*,*,#1809,.T.);
#2328=ORIENTED_EDGE('',*,*,#1810,.T.);
#2329=ORIENTED_EDGE('',*,*,#1708,.T.);
#2330=ORIENTED_EDGE('',*,*,#1747,.T.);
#2331=ORIENTED_EDGE('',*,*,#1811,.T.);
#2332=ORIENTED_EDGE('',*,*,#1812,.T.);
#2333=ORIENTED_EDGE('',*,*,#1813,.T.);
#2334=ORIENTED_EDGE('',*,*,#1814,.T.);
#2335=ORIENTED_EDGE('',*,*,#1815,.T.);
#2336=ORIENTED_EDGE('',*,*,#1816,.T.);
#2337=ORIENTED_EDGE('',*,*,#1817,.T.);
#2338=ORIENTED_EDGE('',*,*,#1818,.T.);
#2339=ORIENTED_EDGE('',*,*,#1819,.T.);
#2340=ORIENTED_EDGE('',*,*,#1820,.T.);
#2341=ORIENTED_EDGE('',*,*,#1821,.T.);
#2342=ORIENTED_EDGE('',*,*,#1743,.T.);
#2343=ORIENTED_EDGE('',*,*,#1822,.T.);
#2344=ORIENTED_EDGE('',*,*,#1823,.T.);
#2345=ORIENTED_EDGE('',*,*,#1824,.T.);
#2346=ORIENTED_EDGE('',*,*,#1825,.T.);
#2347=ORIENTED_EDGE('',*,*,#1826,.T.);
#2348=ORIENTED_EDGE('',*,*,#1827,.T.);
#2349=ORIENTED_EDGE('',*,*,#1828,.T.);
#2350=ORIENTED_EDGE('',*,*,#1829,.T.);
#2351=ORIENTED_EDGE('',*,*,#1830,.T.);
#2352=ORIENTED_EDGE('',*,*,#1831,.T.);
#2353=ORIENTED_EDGE('',*,*,#1832,.T.);
#2354=ORIENTED_EDGE('',*,*,#1833,.T.);
#2355=ORIENTED_EDGE('',*,*,#1834,.T.);
#2356=ORIENTED_EDGE('',*,*,#1835,.T.);
#2357=ORIENTED_EDGE('',*,*,#1836,.T.);
#2358=ORIENTED_EDGE('',*,*,#1837,.T.);
#2359=ORIENTED_EDGE('',*,*,#1838,.T.);
#2360=ORIENTED_EDGE('',*,*,#1839,.T.);
#2361=ORIENTED_EDGE('',*,*,#1840,.T.);
#2362=ORIENTED_EDGE('',*,*,#1841,.T.);
#2363=ORIENTED_EDGE('',*,*,#1842,.T.);
#2364=ORIENTED_EDGE('',*,*,#1843,.T.);
#2365=ORIENTED_EDGE('',*,*,#1844,.T.);
#2366=ORIENTED_EDGE('',*,*,#1845,.T.);
#2367=ORIENTED_EDGE('',*,*,#1846,.T.);
#2368=ORIENTED_EDGE('',*,*,#1847,.T.);
#2369=ORIENTED_EDGE('',*,*,#1848,.T.);
#2370=ORIENTED_EDGE('',*,*,#1849,.T.);
#2371=ORIENTED_EDGE('',*,*,#1850,.T.);
#2372=ORIENTED_EDGE('',*,*,#1851,.T.);
#2373=ORIENTED_EDGE('',*,*,#1852,.T.);
#2374=ORIENTED_EDGE('',*,*,#1853,.T.);
#2375=ORIENTED_EDGE('',*,*,#1854,.T.);
#2376=ORIENTED_EDGE('',*,*,#1855,.T.);
#2377=ORIENTED_EDGE('',*,*,#1856,.T.);
#2378=ORIENTED_EDGE('',*,*,#1857,.T.);
#2379=ORIENTED_EDGE('',*,*,#1858,.T.);
#2380=ORIENTED_EDGE('',*,*,#1859,.T.);
#2381=ORIENTED_EDGE('',*,*,#1860,.T.);
#2382=ORIENTED_EDGE('',*,*,#1861,.T.);
#2383=ORIENTED_EDGE('',*,*,#1862,.T.);
#2384=ORIENTED_EDGE('',*,*,#1863,.T.);
#2385=ORIENTED_EDGE('',*,*,#1864,.T.);
#2386=ORIENTED_EDGE('',*,*,#1865,.T.);
#2387=ORIENTED_EDGE('',*,*,#1866,.T.);
#2388=ORIENTED_EDGE('',*,*,#1867,.T.);
#2389=ORIENTED_EDGE('',*,*,#1724,.T.);
#2390=ORIENTED_EDGE('',*,*,#1730,.T.);
#2391=ORIENTED_EDGE('',*,*,#1713,.T.);
#2392=ORIENTED_EDGE('',*,*,#1704,.T.);
#2393=ORIENTED_EDGE('',*,*,#1868,.T.);
#2394=ORIENTED_EDGE('',*,*,#1869,.T.);
#2395=ORIENTED_EDGE('',*,*,#1870,.T.);
#2396=ORIENTED_EDGE('',*,*,#1871,.T.);
#2397=ORIENTED_EDGE('',*,*,#1872,.T.);
#2398=ORIENTED_EDGE('',*,*,#1873,.T.);
#2399=ORIENTED_EDGE('',*,*,#1874,.T.);
#2400=ORIENTED_EDGE('',*,*,#1875,.T.);
#2401=ORIENTED_EDGE('',*,*,#1716,.T.);
#2402=ORIENTED_EDGE('',*,*,#1876,.T.);
#2403=ORIENTED_EDGE('',*,*,#1877,.T.);
#2404=ORIENTED_EDGE('',*,*,#1739,.T.);
#2405=ORIENTED_EDGE('',*,*,#1723,.T.);
#2406=ORIENTED_EDGE('',*,*,#1878,.T.);
#2407=ORIENTED_EDGE('',*,*,#1879,.T.);
#2408=ORIENTED_EDGE('',*,*,#1876,.F.);
#2409=ORIENTED_EDGE('',*,*,#1722,.T.);
#2410=ORIENTED_EDGE('',*,*,#1880,.T.);
#2411=ORIENTED_EDGE('',*,*,#1881,.T.);
#2412=ORIENTED_EDGE('',*,*,#1878,.F.);
#2413=ORIENTED_EDGE('',*,*,#1721,.T.);
#2414=ORIENTED_EDGE('',*,*,#1734,.T.);
#2415=ORIENTED_EDGE('',*,*,#1882,.T.);
#2416=ORIENTED_EDGE('',*,*,#1880,.F.);
#2417=ORIENTED_EDGE('',*,*,#1883,.F.);
#2418=ORIENTED_EDGE('',*,*,#1884,.F.);
#2419=ORIENTED_EDGE('',*,*,#1807,.F.);
#2420=ORIENTED_EDGE('',*,*,#1885,.T.);
#2421=ORIENTED_EDGE('',*,*,#1877,.F.);
#2422=ORIENTED_EDGE('',*,*,#1879,.F.);
#2423=ORIENTED_EDGE('',*,*,#1881,.F.);
#2424=ORIENTED_EDGE('',*,*,#1882,.F.);
#2425=ORIENTED_EDGE('',*,*,#1733,.F.);
#2426=ORIENTED_EDGE('',*,*,#1736,.F.);
#2427=ORIENTED_EDGE('',*,*,#1738,.F.);
#2428=ORIENTED_EDGE('',*,*,#1740,.F.);
#2429=ORIENTED_EDGE('',*,*,#1812,.F.);
#2430=ORIENTED_EDGE('',*,*,#1886,.T.);
#2431=ORIENTED_EDGE('',*,*,#1887,.T.);
#2432=ORIENTED_EDGE('',*,*,#1888,.F.);
#2433=ORIENTED_EDGE('',*,*,#1813,.F.);
#2434=ORIENTED_EDGE('',*,*,#1888,.T.);
#2435=ORIENTED_EDGE('',*,*,#1889,.T.);
#2436=ORIENTED_EDGE('',*,*,#1890,.F.);
#2437=ORIENTED_EDGE('',*,*,#1814,.F.);
#2438=ORIENTED_EDGE('',*,*,#1890,.T.);
#2439=ORIENTED_EDGE('',*,*,#1891,.T.);
#2440=ORIENTED_EDGE('',*,*,#1892,.F.);
#2441=ORIENTED_EDGE('',*,*,#1815,.F.);
#2442=ORIENTED_EDGE('',*,*,#1892,.T.);
#2443=ORIENTED_EDGE('',*,*,#1893,.T.);
#2444=ORIENTED_EDGE('',*,*,#1894,.F.);
#2445=ORIENTED_EDGE('',*,*,#1816,.F.);
#2446=ORIENTED_EDGE('',*,*,#1894,.T.);
#2447=ORIENTED_EDGE('',*,*,#1895,.T.);
#2448=ORIENTED_EDGE('',*,*,#1896,.F.);
#2449=ORIENTED_EDGE('',*,*,#1817,.F.);
#2450=ORIENTED_EDGE('',*,*,#1896,.T.);
#2451=ORIENTED_EDGE('',*,*,#1897,.T.);
#2452=ORIENTED_EDGE('',*,*,#1898,.F.);
#2453=ORIENTED_EDGE('',*,*,#1818,.F.);
#2454=ORIENTED_EDGE('',*,*,#1898,.T.);
#2455=ORIENTED_EDGE('',*,*,#1899,.T.);
#2456=ORIENTED_EDGE('',*,*,#1900,.F.);
#2457=ORIENTED_EDGE('',*,*,#1811,.F.);
#2458=ORIENTED_EDGE('',*,*,#1746,.F.);
#2459=ORIENTED_EDGE('',*,*,#1901,.T.);
#2460=ORIENTED_EDGE('',*,*,#1886,.F.);
#2461=ORIENTED_EDGE('',*,*,#1821,.F.);
#2462=ORIENTED_EDGE('',*,*,#1902,.T.);
#2463=ORIENTED_EDGE('',*,*,#1903,.T.);
#2464=ORIENTED_EDGE('',*,*,#1744,.T.);
#2465=ORIENTED_EDGE('',*,*,#1820,.F.);
#2466=ORIENTED_EDGE('',*,*,#1904,.T.);
#2467=ORIENTED_EDGE('',*,*,#1905,.T.);
#2468=ORIENTED_EDGE('',*,*,#1902,.F.);
#2469=ORIENTED_EDGE('',*,*,#1819,.F.);
#2470=ORIENTED_EDGE('',*,*,#1900,.T.);
#2471=ORIENTED_EDGE('',*,*,#1906,.T.);
#2472=ORIENTED_EDGE('',*,*,#1904,.F.);
#2473=ORIENTED_EDGE('',*,*,#1906,.F.);
#2474=ORIENTED_EDGE('',*,*,#1899,.F.);
#2475=ORIENTED_EDGE('',*,*,#1897,.F.);
#2476=ORIENTED_EDGE('',*,*,#1895,.F.);
#2477=ORIENTED_EDGE('',*,*,#1893,.F.);
#2478=ORIENTED_EDGE('',*,*,#1891,.F.);
#2479=ORIENTED_EDGE('',*,*,#1889,.F.);
#2480=ORIENTED_EDGE('',*,*,#1887,.F.);
#2481=ORIENTED_EDGE('',*,*,#1901,.F.);
#2482=ORIENTED_EDGE('',*,*,#1745,.F.);
#2483=ORIENTED_EDGE('',*,*,#1903,.F.);
#2484=ORIENTED_EDGE('',*,*,#1905,.F.);
#2485=ORIENTED_EDGE('',*,*,#1855,.F.);
#2486=ORIENTED_EDGE('',*,*,#1907,.T.);
#2487=ORIENTED_EDGE('',*,*,#1908,.T.);
#2488=ORIENTED_EDGE('',*,*,#1909,.F.);
#2489=ORIENTED_EDGE('',*,*,#1856,.F.);
#2490=ORIENTED_EDGE('',*,*,#1909,.T.);
#2491=ORIENTED_EDGE('',*,*,#1910,.T.);
#2492=ORIENTED_EDGE('',*,*,#1911,.F.);
#2493=ORIENTED_EDGE('',*,*,#1857,.F.);
#2494=ORIENTED_EDGE('',*,*,#1911,.T.);
#2495=ORIENTED_EDGE('',*,*,#1912,.T.);
#2496=ORIENTED_EDGE('',*,*,#1913,.F.);
#2497=ORIENTED_EDGE('',*,*,#1858,.F.);
#2498=ORIENTED_EDGE('',*,*,#1913,.T.);
#2499=ORIENTED_EDGE('',*,*,#1914,.T.);
#2500=ORIENTED_EDGE('',*,*,#1915,.F.);
#2501=ORIENTED_EDGE('',*,*,#1859,.F.);
#2502=ORIENTED_EDGE('',*,*,#1915,.T.);
#2503=ORIENTED_EDGE('',*,*,#1916,.T.);
#2504=ORIENTED_EDGE('',*,*,#1917,.F.);
#2505=ORIENTED_EDGE('',*,*,#1860,.F.);
#2506=ORIENTED_EDGE('',*,*,#1917,.T.);
#2507=ORIENTED_EDGE('',*,*,#1918,.T.);
#2508=ORIENTED_EDGE('',*,*,#1919,.F.);
#2509=ORIENTED_EDGE('',*,*,#1861,.F.);
#2510=ORIENTED_EDGE('',*,*,#1919,.T.);
#2511=ORIENTED_EDGE('',*,*,#1920,.T.);
#2512=ORIENTED_EDGE('',*,*,#1921,.F.);
#2513=ORIENTED_EDGE('',*,*,#1862,.F.);
#2514=ORIENTED_EDGE('',*,*,#1921,.T.);
#2515=ORIENTED_EDGE('',*,*,#1922,.T.);
#2516=ORIENTED_EDGE('',*,*,#1923,.F.);
#2517=ORIENTED_EDGE('',*,*,#1854,.F.);
#2518=ORIENTED_EDGE('',*,*,#1924,.F.);
#2519=ORIENTED_EDGE('',*,*,#1925,.T.);
#2520=ORIENTED_EDGE('',*,*,#1907,.F.);
#2521=ORIENTED_EDGE('',*,*,#1866,.F.);
#2522=ORIENTED_EDGE('',*,*,#1926,.T.);
#2523=ORIENTED_EDGE('',*,*,#1927,.T.);
#2524=ORIENTED_EDGE('',*,*,#1928,.T.);
#2525=ORIENTED_EDGE('',*,*,#1865,.F.);
#2526=ORIENTED_EDGE('',*,*,#1929,.T.);
#2527=ORIENTED_EDGE('',*,*,#1930,.T.);
#2528=ORIENTED_EDGE('',*,*,#1926,.F.);
#2529=ORIENTED_EDGE('',*,*,#1864,.F.);
#2530=ORIENTED_EDGE('',*,*,#1931,.T.);
#2531=ORIENTED_EDGE('',*,*,#1932,.T.);
#2532=ORIENTED_EDGE('',*,*,#1929,.F.);
#2533=ORIENTED_EDGE('',*,*,#1863,.F.);
#2534=ORIENTED_EDGE('',*,*,#1923,.T.);
#2535=ORIENTED_EDGE('',*,*,#1933,.T.);
#2536=ORIENTED_EDGE('',*,*,#1931,.F.);
#2537=ORIENTED_EDGE('',*,*,#1933,.F.);
#2538=ORIENTED_EDGE('',*,*,#1922,.F.);
#2539=ORIENTED_EDGE('',*,*,#1920,.F.);
#2540=ORIENTED_EDGE('',*,*,#1918,.F.);
#2541=ORIENTED_EDGE('',*,*,#1916,.F.);
#2542=ORIENTED_EDGE('',*,*,#1914,.F.);
#2543=ORIENTED_EDGE('',*,*,#1912,.F.);
#2544=ORIENTED_EDGE('',*,*,#1910,.F.);
#2545=ORIENTED_EDGE('',*,*,#1908,.F.);
#2546=ORIENTED_EDGE('',*,*,#1925,.F.);
#2547=ORIENTED_EDGE('',*,*,#1934,.F.);
#2548=ORIENTED_EDGE('',*,*,#1927,.F.);
#2549=ORIENTED_EDGE('',*,*,#1930,.F.);
#2550=ORIENTED_EDGE('',*,*,#1932,.F.);
#2551=ORIENTED_EDGE('',*,*,#1935,.F.);
#2552=ORIENTED_EDGE('',*,*,#1936,.T.);
#2553=ORIENTED_EDGE('',*,*,#1936,.F.);
#2554=ORIENTED_EDGE('',*,*,#1799,.F.);
#2555=ORIENTED_EDGE('',*,*,#1937,.T.);
#2556=ORIENTED_EDGE('',*,*,#1935,.T.);
#2557=ORIENTED_EDGE('',*,*,#1937,.F.);
#2558=ORIENTED_EDGE('',*,*,#1938,.F.);
#2559=ORIENTED_EDGE('',*,*,#1939,.T.);
#2560=ORIENTED_EDGE('',*,*,#1939,.F.);
#2561=ORIENTED_EDGE('',*,*,#1802,.F.);
#2562=ORIENTED_EDGE('',*,*,#1940,.T.);
#2563=ORIENTED_EDGE('',*,*,#1938,.T.);
#2564=ORIENTED_EDGE('',*,*,#1940,.F.);
#2565=ORIENTED_EDGE('',*,*,#1941,.F.);
#2566=ORIENTED_EDGE('',*,*,#1942,.T.);
#2567=ORIENTED_EDGE('',*,*,#1942,.F.);
#2568=ORIENTED_EDGE('',*,*,#1800,.F.);
#2569=ORIENTED_EDGE('',*,*,#1943,.T.);
#2570=ORIENTED_EDGE('',*,*,#1941,.T.);
#2571=ORIENTED_EDGE('',*,*,#1943,.F.);
#2572=ORIENTED_EDGE('',*,*,#1944,.F.);
#2573=ORIENTED_EDGE('',*,*,#1945,.T.);
#2574=ORIENTED_EDGE('',*,*,#1945,.F.);
#2575=ORIENTED_EDGE('',*,*,#1801,.F.);
#2576=ORIENTED_EDGE('',*,*,#1946,.T.);
#2577=ORIENTED_EDGE('',*,*,#1944,.T.);
#2578=ORIENTED_EDGE('',*,*,#1946,.F.);
#2579=ORIENTED_EDGE('',*,*,#1725,.T.);
#2580=ORIENTED_EDGE('',*,*,#1867,.F.);
#2581=ORIENTED_EDGE('',*,*,#1928,.F.);
#2582=ORIENTED_EDGE('',*,*,#1934,.T.);
#2583=ORIENTED_EDGE('',*,*,#1924,.T.);
#2584=ORIENTED_EDGE('',*,*,#1853,.F.);
#2585=ORIENTED_EDGE('',*,*,#1947,.T.);
#2586=ORIENTED_EDGE('',*,*,#1759,.T.);
#2587=ORIENTED_EDGE('',*,*,#1948,.T.);
#2588=ORIENTED_EDGE('',*,*,#1949,.F.);
#2589=ORIENTED_EDGE('',*,*,#1950,.F.);
#2590=ORIENTED_EDGE('',*,*,#1951,.F.);
#2591=ORIENTED_EDGE('',*,*,#1952,.F.);
#2592=ORIENTED_EDGE('',*,*,#1953,.F.);
#2593=ORIENTED_EDGE('',*,*,#1954,.F.);
#2594=ORIENTED_EDGE('',*,*,#1949,.T.);
#2595=ORIENTED_EDGE('',*,*,#1795,.F.);
#2596=ORIENTED_EDGE('',*,*,#1953,.T.);
#2597=ORIENTED_EDGE('',*,*,#1955,.F.);
#2598=ORIENTED_EDGE('',*,*,#1956,.F.);
#2599=ORIENTED_EDGE('',*,*,#1955,.T.);
#2600=ORIENTED_EDGE('',*,*,#1952,.T.);
#2601=ORIENTED_EDGE('',*,*,#1957,.F.);
#2602=ORIENTED_EDGE('',*,*,#1958,.F.);
#2603=ORIENTED_EDGE('',*,*,#1755,.F.);
#2604=ORIENTED_EDGE('',*,*,#1959,.F.);
#2605=ORIENTED_EDGE('',*,*,#1727,.T.);
#2606=ORIENTED_EDGE('',*,*,#1758,.F.);
#2607=ORIENTED_EDGE('',*,*,#1960,.T.);
#2608=ORIENTED_EDGE('',*,*,#1791,.T.);
#2609=ORIENTED_EDGE('',*,*,#1961,.F.);
#2610=ORIENTED_EDGE('',*,*,#1962,.F.);
#2611=ORIENTED_EDGE('',*,*,#1963,.F.);
#2612=ORIENTED_EDGE('',*,*,#1964,.F.);
#2613=ORIENTED_EDGE('',*,*,#1965,.F.);
#2614=ORIENTED_EDGE('',*,*,#1966,.F.);
#2615=ORIENTED_EDGE('',*,*,#1967,.F.);
#2616=ORIENTED_EDGE('',*,*,#1968,.F.);
#2617=ORIENTED_EDGE('',*,*,#1969,.F.);
#2618=ORIENTED_EDGE('',*,*,#1970,.F.);
#2619=ORIENTED_EDGE('',*,*,#1971,.F.);
#2620=ORIENTED_EDGE('',*,*,#1972,.F.);
#2621=ORIENTED_EDGE('',*,*,#1973,.F.);
#2622=ORIENTED_EDGE('',*,*,#1974,.F.);
#2623=ORIENTED_EDGE('',*,*,#1975,.F.);
#2624=ORIENTED_EDGE('',*,*,#1976,.F.);
#2625=ORIENTED_EDGE('',*,*,#1977,.F.);
#2626=ORIENTED_EDGE('',*,*,#1978,.F.);
#2627=ORIENTED_EDGE('',*,*,#1979,.F.);
#2628=ORIENTED_EDGE('',*,*,#1980,.F.);
#2629=ORIENTED_EDGE('',*,*,#1981,.F.);
#2630=ORIENTED_EDGE('',*,*,#1982,.F.);
#2631=ORIENTED_EDGE('',*,*,#1983,.F.);
#2632=ORIENTED_EDGE('',*,*,#1984,.F.);
#2633=ORIENTED_EDGE('',*,*,#1965,.T.);
#2634=ORIENTED_EDGE('',*,*,#1985,.F.);
#2635=ORIENTED_EDGE('',*,*,#1788,.F.);
#2636=ORIENTED_EDGE('',*,*,#1986,.T.);
#2637=ORIENTED_EDGE('',*,*,#1964,.T.);
#2638=ORIENTED_EDGE('',*,*,#1987,.F.);
#2639=ORIENTED_EDGE('',*,*,#1789,.F.);
#2640=ORIENTED_EDGE('',*,*,#1985,.T.);
#2641=ORIENTED_EDGE('',*,*,#1963,.T.);
#2642=ORIENTED_EDGE('',*,*,#1988,.F.);
#2643=ORIENTED_EDGE('',*,*,#1790,.F.);
#2644=ORIENTED_EDGE('',*,*,#1987,.T.);
#2645=ORIENTED_EDGE('',*,*,#1962,.T.);
#2646=ORIENTED_EDGE('',*,*,#1989,.T.);
#2647=ORIENTED_EDGE('',*,*,#1783,.F.);
#2648=ORIENTED_EDGE('',*,*,#1988,.T.);
#2649=ORIENTED_EDGE('',*,*,#1973,.T.);
#2650=ORIENTED_EDGE('',*,*,#1990,.F.);
#2651=ORIENTED_EDGE('',*,*,#1780,.F.);
#2652=ORIENTED_EDGE('',*,*,#1991,.T.);
#2653=ORIENTED_EDGE('',*,*,#1972,.T.);
#2654=ORIENTED_EDGE('',*,*,#1992,.F.);
#2655=ORIENTED_EDGE('',*,*,#1781,.F.);
#2656=ORIENTED_EDGE('',*,*,#1990,.T.);
#2657=ORIENTED_EDGE('',*,*,#1971,.T.);
#2658=ORIENTED_EDGE('',*,*,#1993,.F.);
#2659=ORIENTED_EDGE('',*,*,#1782,.F.);
#2660=ORIENTED_EDGE('',*,*,#1992,.T.);
#2661=ORIENTED_EDGE('',*,*,#1970,.T.);
#2662=ORIENTED_EDGE('',*,*,#1994,.T.);
#2663=ORIENTED_EDGE('',*,*,#1775,.F.);
#2664=ORIENTED_EDGE('',*,*,#1993,.T.);
#2665=ORIENTED_EDGE('',*,*,#1981,.T.);
#2666=ORIENTED_EDGE('',*,*,#1995,.F.);
#2667=ORIENTED_EDGE('',*,*,#1772,.F.);
#2668=ORIENTED_EDGE('',*,*,#1996,.T.);
#2669=ORIENTED_EDGE('',*,*,#1980,.T.);
#2670=ORIENTED_EDGE('',*,*,#1997,.F.);
#2671=ORIENTED_EDGE('',*,*,#1773,.F.);
#2672=ORIENTED_EDGE('',*,*,#1995,.T.);
#2673=ORIENTED_EDGE('',*,*,#1979,.T.);
#2674=ORIENTED_EDGE('',*,*,#1998,.F.);
#2675=ORIENTED_EDGE('',*,*,#1774,.F.);
#2676=ORIENTED_EDGE('',*,*,#1997,.T.);
#2677=ORIENTED_EDGE('',*,*,#1978,.T.);
#2678=ORIENTED_EDGE('',*,*,#1999,.T.);
#2679=ORIENTED_EDGE('',*,*,#1767,.F.);
#2680=ORIENTED_EDGE('',*,*,#1998,.T.);
#2681=ORIENTED_EDGE('',*,*,#2000,.T.);
#2682=ORIENTED_EDGE('',*,*,#2001,.T.);
#2683=ORIENTED_EDGE('',*,*,#1796,.F.);
#2684=ORIENTED_EDGE('',*,*,#1948,.F.);
#2685=ORIENTED_EDGE('',*,*,#1957,.T.);
#2686=ORIENTED_EDGE('',*,*,#1951,.T.);
#2687=ORIENTED_EDGE('',*,*,#1794,.F.);
#2688=ORIENTED_EDGE('',*,*,#2002,.F.);
#2689=ORIENTED_EDGE('',*,*,#1797,.T.);
#2690=ORIENTED_EDGE('',*,*,#2001,.F.);
#2691=ORIENTED_EDGE('',*,*,#2003,.F.);
#2692=ORIENTED_EDGE('',*,*,#1752,.F.);
#2693=ORIENTED_EDGE('',*,*,#2004,.T.);
#2694=ORIENTED_EDGE('',*,*,#2002,.T.);
#2695=ORIENTED_EDGE('',*,*,#1793,.T.);
#2696=ORIENTED_EDGE('',*,*,#2005,.F.);
#2697=ORIENTED_EDGE('',*,*,#1756,.F.);
#2698=ORIENTED_EDGE('',*,*,#1958,.T.);
#2699=ORIENTED_EDGE('',*,*,#1792,.T.);
#2700=ORIENTED_EDGE('',*,*,#1960,.F.);
#2701=ORIENTED_EDGE('',*,*,#1757,.F.);
#2702=ORIENTED_EDGE('',*,*,#2005,.T.);
#2703=ORIENTED_EDGE('',*,*,#1766,.T.);
#2704=ORIENTED_EDGE('',*,*,#2006,.F.);
#2705=ORIENTED_EDGE('',*,*,#1822,.F.);
#2706=ORIENTED_EDGE('',*,*,#1742,.T.);
#2707=ORIENTED_EDGE('',*,*,#1765,.F.);
#2708=ORIENTED_EDGE('',*,*,#2007,.F.);
#2709=ORIENTED_EDGE('',*,*,#1823,.F.);
#2710=ORIENTED_EDGE('',*,*,#2006,.T.);
#2711=ORIENTED_EDGE('',*,*,#1966,.T.);
#2712=ORIENTED_EDGE('',*,*,#1986,.F.);
#2713=ORIENTED_EDGE('',*,*,#1787,.F.);
#2714=ORIENTED_EDGE('',*,*,#2008,.T.);
#2715=ORIENTED_EDGE('',*,*,#1967,.T.);
#2716=ORIENTED_EDGE('',*,*,#2008,.F.);
#2717=ORIENTED_EDGE('',*,*,#1786,.F.);
#2718=ORIENTED_EDGE('',*,*,#2009,.T.);
#2719=ORIENTED_EDGE('',*,*,#1968,.T.);
#2720=ORIENTED_EDGE('',*,*,#2009,.F.);
#2721=ORIENTED_EDGE('',*,*,#1785,.F.);
#2722=ORIENTED_EDGE('',*,*,#2010,.T.);
#2723=ORIENTED_EDGE('',*,*,#1961,.T.);
#2724=ORIENTED_EDGE('',*,*,#2010,.F.);
#2725=ORIENTED_EDGE('',*,*,#1784,.F.);
#2726=ORIENTED_EDGE('',*,*,#1989,.F.);
#2727=ORIENTED_EDGE('',*,*,#1974,.T.);
#2728=ORIENTED_EDGE('',*,*,#1991,.F.);
#2729=ORIENTED_EDGE('',*,*,#1779,.F.);
#2730=ORIENTED_EDGE('',*,*,#2011,.T.);
#2731=ORIENTED_EDGE('',*,*,#1975,.T.);
#2732=ORIENTED_EDGE('',*,*,#2011,.F.);
#2733=ORIENTED_EDGE('',*,*,#1778,.F.);
#2734=ORIENTED_EDGE('',*,*,#2012,.T.);
#2735=ORIENTED_EDGE('',*,*,#1976,.T.);
#2736=ORIENTED_EDGE('',*,*,#2012,.F.);
#2737=ORIENTED_EDGE('',*,*,#1777,.F.);
#2738=ORIENTED_EDGE('',*,*,#2013,.T.);
#2739=ORIENTED_EDGE('',*,*,#1969,.T.);
#2740=ORIENTED_EDGE('',*,*,#2013,.F.);
#2741=ORIENTED_EDGE('',*,*,#1776,.F.);
#2742=ORIENTED_EDGE('',*,*,#1994,.F.);
#2743=ORIENTED_EDGE('',*,*,#1956,.T.);
#2744=ORIENTED_EDGE('',*,*,#1959,.T.);
#2745=ORIENTED_EDGE('',*,*,#1754,.F.);
#2746=ORIENTED_EDGE('',*,*,#2014,.T.);
#2747=ORIENTED_EDGE('',*,*,#1954,.T.);
#2748=ORIENTED_EDGE('',*,*,#2014,.F.);
#2749=ORIENTED_EDGE('',*,*,#1753,.F.);
#2750=ORIENTED_EDGE('',*,*,#2003,.T.);
#2751=ORIENTED_EDGE('',*,*,#2000,.F.);
#2752=ORIENTED_EDGE('',*,*,#1950,.T.);
#2753=ORIENTED_EDGE('',*,*,#1798,.T.);
#2754=ORIENTED_EDGE('',*,*,#2004,.F.);
#2755=ORIENTED_EDGE('',*,*,#1751,.F.);
#2756=ORIENTED_EDGE('',*,*,#1749,.T.);
#2757=ORIENTED_EDGE('',*,*,#1982,.T.);
#2758=ORIENTED_EDGE('',*,*,#1996,.F.);
#2759=ORIENTED_EDGE('',*,*,#1771,.F.);
#2760=ORIENTED_EDGE('',*,*,#2015,.T.);
#2761=ORIENTED_EDGE('',*,*,#1983,.T.);
#2762=ORIENTED_EDGE('',*,*,#2015,.F.);
#2763=ORIENTED_EDGE('',*,*,#1770,.F.);
#2764=ORIENTED_EDGE('',*,*,#2016,.T.);
#2765=ORIENTED_EDGE('',*,*,#1984,.T.);
#2766=ORIENTED_EDGE('',*,*,#2016,.F.);
#2767=ORIENTED_EDGE('',*,*,#1769,.F.);
#2768=ORIENTED_EDGE('',*,*,#2017,.T.);
#2769=ORIENTED_EDGE('',*,*,#1977,.T.);
#2770=ORIENTED_EDGE('',*,*,#2017,.F.);
#2771=ORIENTED_EDGE('',*,*,#1768,.F.);
#2772=ORIENTED_EDGE('',*,*,#1999,.F.);
#2773=ORIENTED_EDGE('',*,*,#2018,.F.);
#2774=ORIENTED_EDGE('',*,*,#2019,.T.);
#2775=ORIENTED_EDGE('',*,*,#2020,.T.);
#2776=ORIENTED_EDGE('',*,*,#2019,.F.);
#2777=ORIENTED_EDGE('',*,*,#2020,.F.);
#2778=ORIENTED_EDGE('',*,*,#2021,.F.);
#2779=ORIENTED_EDGE('',*,*,#2022,.T.);
#2780=ORIENTED_EDGE('',*,*,#2023,.T.);
#2781=ORIENTED_EDGE('',*,*,#2022,.F.);
#2782=ORIENTED_EDGE('',*,*,#2023,.F.);
#2783=ORIENTED_EDGE('',*,*,#2024,.F.);
#2784=ORIENTED_EDGE('',*,*,#2025,.T.);
#2785=ORIENTED_EDGE('',*,*,#2026,.T.);
#2786=ORIENTED_EDGE('',*,*,#2025,.F.);
#2787=ORIENTED_EDGE('',*,*,#2026,.F.);
#2788=ORIENTED_EDGE('',*,*,#2027,.F.);
#2789=ORIENTED_EDGE('',*,*,#2028,.T.);
#2790=ORIENTED_EDGE('',*,*,#2029,.T.);
#2791=ORIENTED_EDGE('',*,*,#2028,.F.);
#2792=ORIENTED_EDGE('',*,*,#2029,.F.);
#2793=ORIENTED_EDGE('',*,*,#2030,.F.);
#2794=ORIENTED_EDGE('',*,*,#2031,.T.);
#2795=ORIENTED_EDGE('',*,*,#2032,.T.);
#2796=ORIENTED_EDGE('',*,*,#2031,.F.);
#2797=ORIENTED_EDGE('',*,*,#2032,.F.);
#2798=ORIENTED_EDGE('',*,*,#2033,.F.);
#2799=ORIENTED_EDGE('',*,*,#2034,.T.);
#2800=ORIENTED_EDGE('',*,*,#2035,.T.);
#2801=ORIENTED_EDGE('',*,*,#2034,.F.);
#2802=ORIENTED_EDGE('',*,*,#2035,.F.);
#2803=ORIENTED_EDGE('',*,*,#2036,.F.);
#2804=ORIENTED_EDGE('',*,*,#2037,.T.);
#2805=ORIENTED_EDGE('',*,*,#2038,.T.);
#2806=ORIENTED_EDGE('',*,*,#2037,.F.);
#2807=ORIENTED_EDGE('',*,*,#2038,.F.);
#2808=ORIENTED_EDGE('',*,*,#2039,.F.);
#2809=ORIENTED_EDGE('',*,*,#2040,.T.);
#2810=ORIENTED_EDGE('',*,*,#2041,.T.);
#2811=ORIENTED_EDGE('',*,*,#2040,.F.);
#2812=ORIENTED_EDGE('',*,*,#2041,.F.);
#2813=ORIENTED_EDGE('',*,*,#2042,.F.);
#2814=ORIENTED_EDGE('',*,*,#2043,.T.);
#2815=ORIENTED_EDGE('',*,*,#2044,.F.);
#2816=ORIENTED_EDGE('',*,*,#2043,.F.);
#2817=ORIENTED_EDGE('',*,*,#2045,.F.);
#2818=ORIENTED_EDGE('',*,*,#2044,.T.);
#2819=ORIENTED_EDGE('',*,*,#2046,.F.);
#2820=ORIENTED_EDGE('',*,*,#2042,.T.);
#2821=ORIENTED_EDGE('',*,*,#2046,.T.);
#2822=ORIENTED_EDGE('',*,*,#2047,.T.);
#2823=ORIENTED_EDGE('',*,*,#2048,.F.);
#2824=ORIENTED_EDGE('',*,*,#2049,.F.);
#2825=ORIENTED_EDGE('',*,*,#2050,.F.);
#2826=ORIENTED_EDGE('',*,*,#2051,.F.);
#2827=ORIENTED_EDGE('',*,*,#2047,.F.);
#2828=ORIENTED_EDGE('',*,*,#2052,.F.);
#2829=ORIENTED_EDGE('',*,*,#2053,.T.);
#2830=ORIENTED_EDGE('',*,*,#2054,.F.);
#2831=ORIENTED_EDGE('',*,*,#2053,.F.);
#2832=ORIENTED_EDGE('',*,*,#2055,.F.);
#2833=ORIENTED_EDGE('',*,*,#2054,.T.);
#2834=ORIENTED_EDGE('',*,*,#2056,.F.);
#2835=ORIENTED_EDGE('',*,*,#2052,.T.);
#2836=ORIENTED_EDGE('',*,*,#2056,.T.);
#2837=ORIENTED_EDGE('',*,*,#2057,.T.);
#2838=ORIENTED_EDGE('',*,*,#2058,.F.);
#2839=ORIENTED_EDGE('',*,*,#2057,.F.);
#2840=ORIENTED_EDGE('',*,*,#2059,.F.);
#2841=ORIENTED_EDGE('',*,*,#2060,.T.);
#2842=ORIENTED_EDGE('',*,*,#2061,.F.);
#2843=ORIENTED_EDGE('',*,*,#2060,.F.);
#2844=ORIENTED_EDGE('',*,*,#2062,.F.);
#2845=ORIENTED_EDGE('',*,*,#2061,.T.);
#2846=ORIENTED_EDGE('',*,*,#2063,.F.);
#2847=ORIENTED_EDGE('',*,*,#2059,.T.);
#2848=ORIENTED_EDGE('',*,*,#2063,.T.);
#2849=ORIENTED_EDGE('',*,*,#2064,.T.);
#2850=ORIENTED_EDGE('',*,*,#2065,.F.);
#2851=ORIENTED_EDGE('',*,*,#2064,.F.);
#2852=ORIENTED_EDGE('',*,*,#2066,.F.);
#2853=ORIENTED_EDGE('',*,*,#2067,.T.);
#2854=ORIENTED_EDGE('',*,*,#2068,.F.);
#2855=ORIENTED_EDGE('',*,*,#2067,.F.);
#2856=ORIENTED_EDGE('',*,*,#2069,.F.);
#2857=ORIENTED_EDGE('',*,*,#2068,.T.);
#2858=ORIENTED_EDGE('',*,*,#2070,.F.);
#2859=ORIENTED_EDGE('',*,*,#2066,.T.);
#2860=ORIENTED_EDGE('',*,*,#2070,.T.);
#2861=ORIENTED_EDGE('',*,*,#2071,.T.);
#2862=ORIENTED_EDGE('',*,*,#2072,.F.);
#2863=ORIENTED_EDGE('',*,*,#2073,.F.);
#2864=ORIENTED_EDGE('',*,*,#2074,.F.);
#2865=ORIENTED_EDGE('',*,*,#2075,.F.);
#2866=ORIENTED_EDGE('',*,*,#2071,.F.);
#2867=ORIENTED_EDGE('',*,*,#2076,.F.);
#2868=ORIENTED_EDGE('',*,*,#2077,.T.);
#2869=ORIENTED_EDGE('',*,*,#2078,.F.);
#2870=ORIENTED_EDGE('',*,*,#2077,.F.);
#2871=ORIENTED_EDGE('',*,*,#2079,.F.);
#2872=ORIENTED_EDGE('',*,*,#2078,.T.);
#2873=ORIENTED_EDGE('',*,*,#2080,.F.);
#2874=ORIENTED_EDGE('',*,*,#2076,.T.);
#2875=ORIENTED_EDGE('',*,*,#2080,.T.);
#2876=ORIENTED_EDGE('',*,*,#2081,.T.);
#2877=ORIENTED_EDGE('',*,*,#2082,.F.);
#2878=ORIENTED_EDGE('',*,*,#2083,.F.);
#2879=ORIENTED_EDGE('',*,*,#2084,.F.);
#2880=ORIENTED_EDGE('',*,*,#2081,.F.);
#2881=ORIENTED_EDGE('',*,*,#2085,.F.);
#2882=ORIENTED_EDGE('',*,*,#2086,.T.);
#2883=ORIENTED_EDGE('',*,*,#2087,.F.);
#2884=ORIENTED_EDGE('',*,*,#2086,.F.);
#2885=ORIENTED_EDGE('',*,*,#2088,.F.);
#2886=ORIENTED_EDGE('',*,*,#2087,.T.);
#2887=ORIENTED_EDGE('',*,*,#2089,.F.);
#2888=ORIENTED_EDGE('',*,*,#2085,.T.);
#2889=ORIENTED_EDGE('',*,*,#2089,.T.);
#2890=ORIENTED_EDGE('',*,*,#2090,.T.);
#2891=ORIENTED_EDGE('',*,*,#2091,.F.);
#2892=ORIENTED_EDGE('',*,*,#2090,.F.);
#2893=ORIENTED_EDGE('',*,*,#2092,.F.);
#2894=ORIENTED_EDGE('',*,*,#2093,.T.);
#2895=ORIENTED_EDGE('',*,*,#2094,.F.);
#2896=ORIENTED_EDGE('',*,*,#2093,.F.);
#2897=ORIENTED_EDGE('',*,*,#2095,.F.);
#2898=ORIENTED_EDGE('',*,*,#2094,.T.);
#2899=ORIENTED_EDGE('',*,*,#2096,.F.);
#2900=ORIENTED_EDGE('',*,*,#2092,.T.);
#2901=ORIENTED_EDGE('',*,*,#2096,.T.);
#2902=ORIENTED_EDGE('',*,*,#2097,.T.);
#2903=ORIENTED_EDGE('',*,*,#2098,.F.);
#2904=ORIENTED_EDGE('',*,*,#2097,.F.);
#2905=ORIENTED_EDGE('',*,*,#2099,.F.);
#2906=ORIENTED_EDGE('',*,*,#2100,.T.);
#2907=ORIENTED_EDGE('',*,*,#2101,.F.);
#2908=ORIENTED_EDGE('',*,*,#2100,.F.);
#2909=ORIENTED_EDGE('',*,*,#2102,.F.);
#2910=ORIENTED_EDGE('',*,*,#2101,.T.);
#2911=ORIENTED_EDGE('',*,*,#2103,.F.);
#2912=ORIENTED_EDGE('',*,*,#2099,.T.);
#2913=ORIENTED_EDGE('',*,*,#2103,.T.);
#2914=ORIENTED_EDGE('',*,*,#2104,.T.);
#2915=ORIENTED_EDGE('',*,*,#2105,.F.);
#2916=ORIENTED_EDGE('',*,*,#2106,.F.);
#2917=ORIENTED_EDGE('',*,*,#2107,.F.);
#2918=ORIENTED_EDGE('',*,*,#2104,.F.);
#2919=ORIENTED_EDGE('',*,*,#2082,.T.);
#2920=ORIENTED_EDGE('',*,*,#2084,.T.);
#2921=ORIENTED_EDGE('',*,*,#2108,.F.);
#2922=ORIENTED_EDGE('',*,*,#2105,.T.);
#2923=ORIENTED_EDGE('',*,*,#2107,.T.);
#2924=ORIENTED_EDGE('',*,*,#2109,.F.);
#2925=ORIENTED_EDGE('',*,*,#2072,.T.);
#2926=ORIENTED_EDGE('',*,*,#2075,.T.);
#2927=ORIENTED_EDGE('',*,*,#2110,.F.);
#2928=ORIENTED_EDGE('',*,*,#2111,.F.);
#2929=ORIENTED_EDGE('',*,*,#2112,.F.);
#2930=ORIENTED_EDGE('',*,*,#2113,.F.);
#2931=ORIENTED_EDGE('',*,*,#2114,.F.);
#2932=ORIENTED_EDGE('',*,*,#2115,.F.);
#2933=ORIENTED_EDGE('',*,*,#2116,.F.);
#2934=ORIENTED_EDGE('',*,*,#2048,.T.);
#2935=ORIENTED_EDGE('',*,*,#2051,.T.);
#2936=ORIENTED_EDGE('',*,*,#2117,.F.);
#2937=ORIENTED_EDGE('',*,*,#2018,.T.);
#2938=ORIENTED_EDGE('',*,*,#2021,.T.);
#2939=ORIENTED_EDGE('',*,*,#2024,.T.);
#2940=ORIENTED_EDGE('',*,*,#2027,.T.);
#2941=ORIENTED_EDGE('',*,*,#2030,.T.);
#2942=ORIENTED_EDGE('',*,*,#2033,.T.);
#2943=ORIENTED_EDGE('',*,*,#2036,.T.);
#2944=ORIENTED_EDGE('',*,*,#2039,.T.);
#2945=ORIENTED_EDGE('',*,*,#2098,.T.);
#2946=ORIENTED_EDGE('',*,*,#2091,.T.);
#2947=ORIENTED_EDGE('',*,*,#2065,.T.);
#2948=ORIENTED_EDGE('',*,*,#2058,.T.);
#2949=ORIENTED_EDGE('',*,*,#1868,.F.);
#2950=ORIENTED_EDGE('',*,*,#2118,.T.);
#2951=ORIENTED_EDGE('',*,*,#2095,.T.);
#2952=ORIENTED_EDGE('',*,*,#2118,.F.);
#2953=ORIENTED_EDGE('',*,*,#1869,.F.);
#2954=ORIENTED_EDGE('',*,*,#2119,.T.);
#2955=ORIENTED_EDGE('',*,*,#2079,.T.);
#2956=ORIENTED_EDGE('',*,*,#2119,.F.);
#2957=ORIENTED_EDGE('',*,*,#1870,.F.);
#2958=ORIENTED_EDGE('',*,*,#2120,.T.);
#2959=ORIENTED_EDGE('',*,*,#2069,.T.);
#2960=ORIENTED_EDGE('',*,*,#2120,.F.);
#2961=ORIENTED_EDGE('',*,*,#1871,.F.);
#2962=ORIENTED_EDGE('',*,*,#2121,.T.);
#2963=ORIENTED_EDGE('',*,*,#2062,.T.);
#2964=ORIENTED_EDGE('',*,*,#2121,.F.);
#2965=ORIENTED_EDGE('',*,*,#1872,.F.);
#2966=ORIENTED_EDGE('',*,*,#2122,.T.);
#2967=ORIENTED_EDGE('',*,*,#2088,.T.);
#2968=ORIENTED_EDGE('',*,*,#2122,.F.);
#2969=ORIENTED_EDGE('',*,*,#1873,.F.);
#2970=ORIENTED_EDGE('',*,*,#2123,.T.);
#2971=ORIENTED_EDGE('',*,*,#2102,.T.);
#2972=ORIENTED_EDGE('',*,*,#2123,.F.);
#2973=ORIENTED_EDGE('',*,*,#1874,.F.);
#2974=ORIENTED_EDGE('',*,*,#2124,.T.);
#2975=ORIENTED_EDGE('',*,*,#2055,.T.);
#2976=ORIENTED_EDGE('',*,*,#2124,.F.);
#2977=ORIENTED_EDGE('',*,*,#1875,.F.);
#2978=ORIENTED_EDGE('',*,*,#2125,.T.);
#2979=ORIENTED_EDGE('',*,*,#2045,.T.);
#2980=ORIENTED_EDGE('',*,*,#2125,.F.);
#2981=ORIENTED_EDGE('',*,*,#2049,.T.);
#2982=ORIENTED_EDGE('',*,*,#2116,.T.);
#2983=ORIENTED_EDGE('',*,*,#2126,.T.);
#2984=ORIENTED_EDGE('',*,*,#2127,.T.);
#2985=ORIENTED_EDGE('',*,*,#2128,.T.);
#2986=ORIENTED_EDGE('',*,*,#2129,.T.);
#2987=ORIENTED_EDGE('',*,*,#2130,.T.);
#2988=ORIENTED_EDGE('',*,*,#2126,.F.);
#2989=ORIENTED_EDGE('',*,*,#2115,.T.);
#2990=ORIENTED_EDGE('',*,*,#2131,.T.);
#2991=ORIENTED_EDGE('',*,*,#2132,.T.);
#2992=ORIENTED_EDGE('',*,*,#2129,.F.);
#2993=ORIENTED_EDGE('',*,*,#2114,.T.);
#2994=ORIENTED_EDGE('',*,*,#2133,.T.);
#2995=ORIENTED_EDGE('',*,*,#2134,.T.);
#2996=ORIENTED_EDGE('',*,*,#2131,.F.);
#2997=ORIENTED_EDGE('',*,*,#2113,.T.);
#2998=ORIENTED_EDGE('',*,*,#2135,.T.);
#2999=ORIENTED_EDGE('',*,*,#2136,.T.);
#3000=ORIENTED_EDGE('',*,*,#2133,.F.);
#3001=ORIENTED_EDGE('',*,*,#2112,.T.);
#3002=ORIENTED_EDGE('',*,*,#2137,.T.);
#3003=ORIENTED_EDGE('',*,*,#2138,.T.);
#3004=ORIENTED_EDGE('',*,*,#2135,.F.);
#3005=ORIENTED_EDGE('',*,*,#2111,.T.);
#3006=ORIENTED_EDGE('',*,*,#2074,.T.);
#3007=ORIENTED_EDGE('',*,*,#2139,.T.);
#3008=ORIENTED_EDGE('',*,*,#2140,.T.);
#3009=ORIENTED_EDGE('',*,*,#2137,.F.);
#3010=ORIENTED_EDGE('',*,*,#2110,.T.);
#3011=ORIENTED_EDGE('',*,*,#2083,.T.);
#3012=ORIENTED_EDGE('',*,*,#2117,.T.);
#3013=ORIENTED_EDGE('',*,*,#2050,.T.);
#3014=ORIENTED_EDGE('',*,*,#2128,.F.);
#3015=ORIENTED_EDGE('',*,*,#1883,.T.);
#3016=ORIENTED_EDGE('',*,*,#2139,.F.);
#3017=ORIENTED_EDGE('',*,*,#2073,.T.);
#3018=ORIENTED_EDGE('',*,*,#2109,.T.);
#3019=ORIENTED_EDGE('',*,*,#2106,.T.);
#3020=ORIENTED_EDGE('',*,*,#2108,.T.);
#3021=ORIENTED_EDGE('',*,*,#2138,.F.);
#3022=ORIENTED_EDGE('',*,*,#2141,.F.);
#3023=ORIENTED_EDGE('',*,*,#1805,.F.);
#3024=ORIENTED_EDGE('',*,*,#2142,.T.);
#3025=ORIENTED_EDGE('',*,*,#2140,.F.);
#3026=ORIENTED_EDGE('',*,*,#1885,.F.);
#3027=ORIENTED_EDGE('',*,*,#1806,.F.);
#3028=ORIENTED_EDGE('',*,*,#2141,.T.);
#3029=ORIENTED_EDGE('',*,*,#2127,.F.);
#3030=ORIENTED_EDGE('',*,*,#2143,.F.);
#3031=ORIENTED_EDGE('',*,*,#1808,.F.);
#3032=ORIENTED_EDGE('',*,*,#1884,.T.);
#3033=ORIENTED_EDGE('',*,*,#2130,.F.);
#3034=ORIENTED_EDGE('',*,*,#2144,.F.);
#3035=ORIENTED_EDGE('',*,*,#1809,.F.);
#3036=ORIENTED_EDGE('',*,*,#2143,.T.);
#3037=ORIENTED_EDGE('',*,*,#2132,.F.);
#3038=ORIENTED_EDGE('',*,*,#2145,.F.);
#3039=ORIENTED_EDGE('',*,*,#1810,.F.);
#3040=ORIENTED_EDGE('',*,*,#2144,.T.);
#3041=ORIENTED_EDGE('',*,*,#2134,.F.);
#3042=ORIENTED_EDGE('',*,*,#2146,.F.);
#3043=ORIENTED_EDGE('',*,*,#1803,.F.);
#3044=ORIENTED_EDGE('',*,*,#2145,.T.);
#3045=ORIENTED_EDGE('',*,*,#2136,.F.);
#3046=ORIENTED_EDGE('',*,*,#2142,.F.);
#3047=ORIENTED_EDGE('',*,*,#1804,.F.);
#3048=ORIENTED_EDGE('',*,*,#2146,.T.);
#3049=ORIENTED_EDGE('',*,*,#1764,.T.);
#3050=ORIENTED_EDGE('',*,*,#2147,.F.);
#3051=ORIENTED_EDGE('',*,*,#1824,.F.);
#3052=ORIENTED_EDGE('',*,*,#2007,.T.);
#3053=ORIENTED_EDGE('',*,*,#2148,.F.);
#3054=ORIENTED_EDGE('',*,*,#2149,.F.);
#3055=ORIENTED_EDGE('',*,*,#2150,.F.);
#3056=ORIENTED_EDGE('',*,*,#2151,.F.);
#3057=ORIENTED_EDGE('',*,*,#2152,.F.);
#3058=ORIENTED_EDGE('',*,*,#2153,.F.);
#3059=ORIENTED_EDGE('',*,*,#2154,.F.);
#3060=ORIENTED_EDGE('',*,*,#2155,.T.);
#3061=ORIENTED_EDGE('',*,*,#2156,.F.);
#3062=ORIENTED_EDGE('',*,*,#2157,.F.);
#3063=ORIENTED_EDGE('',*,*,#2158,.F.);
#3064=ORIENTED_EDGE('',*,*,#2159,.F.);
#3065=ORIENTED_EDGE('',*,*,#2160,.F.);
#3066=ORIENTED_EDGE('',*,*,#2161,.F.);
#3067=ORIENTED_EDGE('',*,*,#2162,.F.);
#3068=ORIENTED_EDGE('',*,*,#2163,.F.);
#3069=ORIENTED_EDGE('',*,*,#2164,.F.);
#3070=ORIENTED_EDGE('',*,*,#2165,.F.);
#3071=ORIENTED_EDGE('',*,*,#2166,.F.);
#3072=ORIENTED_EDGE('',*,*,#2167,.T.);
#3073=ORIENTED_EDGE('',*,*,#2168,.F.);
#3074=ORIENTED_EDGE('',*,*,#2169,.F.);
#3075=ORIENTED_EDGE('',*,*,#2170,.F.);
#3076=ORIENTED_EDGE('',*,*,#2171,.F.);
#3077=ORIENTED_EDGE('',*,*,#2159,.T.);
#3078=ORIENTED_EDGE('',*,*,#2172,.F.);
#3079=ORIENTED_EDGE('',*,*,#1845,.F.);
#3080=ORIENTED_EDGE('',*,*,#2173,.F.);
#3081=ORIENTED_EDGE('',*,*,#2158,.T.);
#3082=ORIENTED_EDGE('',*,*,#2174,.F.);
#3083=ORIENTED_EDGE('',*,*,#1846,.F.);
#3084=ORIENTED_EDGE('',*,*,#2172,.T.);
#3085=ORIENTED_EDGE('',*,*,#2157,.T.);
#3086=ORIENTED_EDGE('',*,*,#2175,.F.);
#3087=ORIENTED_EDGE('',*,*,#1847,.F.);
#3088=ORIENTED_EDGE('',*,*,#2174,.T.);
#3089=ORIENTED_EDGE('',*,*,#2156,.T.);
#3090=ORIENTED_EDGE('',*,*,#2176,.F.);
#3091=ORIENTED_EDGE('',*,*,#1848,.F.);
#3092=ORIENTED_EDGE('',*,*,#2175,.T.);
#3093=ORIENTED_EDGE('',*,*,#1763,.T.);
#3094=ORIENTED_EDGE('',*,*,#2177,.F.);
#3095=ORIENTED_EDGE('',*,*,#1849,.F.);
#3096=ORIENTED_EDGE('',*,*,#2176,.T.);
#3097=ORIENTED_EDGE('',*,*,#2155,.F.);
#3098=ORIENTED_EDGE('',*,*,#2178,.F.);
#3099=ORIENTED_EDGE('',*,*,#1837,.F.);
#3100=ORIENTED_EDGE('',*,*,#2179,.T.);
#3101=ORIENTED_EDGE('',*,*,#2167,.F.);
#3102=ORIENTED_EDGE('',*,*,#2180,.F.);
#3103=ORIENTED_EDGE('',*,*,#1825,.F.);
#3104=ORIENTED_EDGE('',*,*,#2147,.T.);
#3105=ORIENTED_EDGE('',*,*,#1762,.T.);
#3106=ORIENTED_EDGE('',*,*,#2181,.F.);
#3107=ORIENTED_EDGE('',*,*,#1850,.F.);
#3108=ORIENTED_EDGE('',*,*,#2177,.T.);
#3109=ORIENTED_EDGE('',*,*,#1761,.T.);
#3110=ORIENTED_EDGE('',*,*,#2182,.F.);
#3111=ORIENTED_EDGE('',*,*,#1851,.F.);
#3112=ORIENTED_EDGE('',*,*,#2181,.T.);
#3113=ORIENTED_EDGE('',*,*,#1760,.T.);
#3114=ORIENTED_EDGE('',*,*,#1947,.F.);
#3115=ORIENTED_EDGE('',*,*,#1852,.F.);
#3116=ORIENTED_EDGE('',*,*,#2182,.T.);
#3117=ORIENTED_EDGE('',*,*,#2166,.T.);
#3118=ORIENTED_EDGE('',*,*,#2183,.F.);
#3119=ORIENTED_EDGE('',*,*,#1826,.F.);
#3120=ORIENTED_EDGE('',*,*,#2180,.T.);
#3121=ORIENTED_EDGE('',*,*,#2165,.T.);
#3122=ORIENTED_EDGE('',*,*,#2184,.F.);
#3123=ORIENTED_EDGE('',*,*,#1827,.F.);
#3124=ORIENTED_EDGE('',*,*,#2183,.T.);
#3125=ORIENTED_EDGE('',*,*,#2164,.T.);
#3126=ORIENTED_EDGE('',*,*,#2185,.F.);
#3127=ORIENTED_EDGE('',*,*,#1828,.F.);
#3128=ORIENTED_EDGE('',*,*,#2184,.T.);
#3129=ORIENTED_EDGE('',*,*,#2163,.T.);
#3130=ORIENTED_EDGE('',*,*,#2186,.F.);
#3131=ORIENTED_EDGE('',*,*,#1829,.F.);
#3132=ORIENTED_EDGE('',*,*,#2185,.T.);
#3133=ORIENTED_EDGE('',*,*,#2162,.T.);
#3134=ORIENTED_EDGE('',*,*,#2187,.F.);
#3135=ORIENTED_EDGE('',*,*,#1830,.F.);
#3136=ORIENTED_EDGE('',*,*,#2186,.T.);
#3137=ORIENTED_EDGE('',*,*,#2161,.T.);
#3138=ORIENTED_EDGE('',*,*,#2188,.F.);
#3139=ORIENTED_EDGE('',*,*,#1831,.F.);
#3140=ORIENTED_EDGE('',*,*,#2187,.T.);
#3141=ORIENTED_EDGE('',*,*,#2160,.T.);
#3142=ORIENTED_EDGE('',*,*,#2189,.F.);
#3143=ORIENTED_EDGE('',*,*,#1832,.F.);
#3144=ORIENTED_EDGE('',*,*,#2188,.T.);
#3145=ORIENTED_EDGE('',*,*,#2171,.T.);
#3146=ORIENTED_EDGE('',*,*,#2190,.F.);
#3147=ORIENTED_EDGE('',*,*,#1833,.F.);
#3148=ORIENTED_EDGE('',*,*,#2189,.T.);
#3149=ORIENTED_EDGE('',*,*,#2170,.T.);
#3150=ORIENTED_EDGE('',*,*,#2191,.F.);
#3151=ORIENTED_EDGE('',*,*,#1834,.F.);
#3152=ORIENTED_EDGE('',*,*,#2190,.T.);
#3153=ORIENTED_EDGE('',*,*,#2169,.T.);
#3154=ORIENTED_EDGE('',*,*,#2192,.F.);
#3155=ORIENTED_EDGE('',*,*,#1835,.F.);
#3156=ORIENTED_EDGE('',*,*,#2191,.T.);
#3157=ORIENTED_EDGE('',*,*,#2168,.T.);
#3158=ORIENTED_EDGE('',*,*,#2179,.F.);
#3159=ORIENTED_EDGE('',*,*,#1836,.F.);
#3160=ORIENTED_EDGE('',*,*,#2192,.T.);
#3161=ORIENTED_EDGE('',*,*,#2154,.T.);
#3162=ORIENTED_EDGE('',*,*,#2193,.F.);
#3163=ORIENTED_EDGE('',*,*,#1838,.F.);
#3164=ORIENTED_EDGE('',*,*,#2178,.T.);
#3165=ORIENTED_EDGE('',*,*,#2153,.T.);
#3166=ORIENTED_EDGE('',*,*,#2194,.F.);
#3167=ORIENTED_EDGE('',*,*,#1839,.F.);
#3168=ORIENTED_EDGE('',*,*,#2193,.T.);
#3169=ORIENTED_EDGE('',*,*,#2152,.T.);
#3170=ORIENTED_EDGE('',*,*,#2195,.F.);
#3171=ORIENTED_EDGE('',*,*,#1840,.F.);
#3172=ORIENTED_EDGE('',*,*,#2194,.T.);
#3173=ORIENTED_EDGE('',*,*,#2151,.T.);
#3174=ORIENTED_EDGE('',*,*,#2196,.F.);
#3175=ORIENTED_EDGE('',*,*,#1841,.F.);
#3176=ORIENTED_EDGE('',*,*,#2195,.T.);
#3177=ORIENTED_EDGE('',*,*,#2150,.T.);
#3178=ORIENTED_EDGE('',*,*,#2197,.F.);
#3179=ORIENTED_EDGE('',*,*,#1842,.F.);
#3180=ORIENTED_EDGE('',*,*,#2196,.T.);
#3181=ORIENTED_EDGE('',*,*,#2149,.T.);
#3182=ORIENTED_EDGE('',*,*,#2198,.F.);
#3183=ORIENTED_EDGE('',*,*,#1843,.F.);
#3184=ORIENTED_EDGE('',*,*,#2197,.T.);
#3185=ORIENTED_EDGE('',*,*,#2148,.T.);
#3186=ORIENTED_EDGE('',*,*,#2173,.T.);
#3187=ORIENTED_EDGE('',*,*,#1844,.F.);
#3188=ORIENTED_EDGE('',*,*,#2198,.T.);
#3189=CYLINDRICAL_SURFACE('',#3494,3.59999999999998);
#3190=CYLINDRICAL_SURFACE('',#3500,3.59999999999999);
#3191=CYLINDRICAL_SURFACE('',#3580,2.00000000000003);
#3192=CYLINDRICAL_SURFACE('',#3583,2.00000000000002);
#3193=CYLINDRICAL_SURFACE('',#3586,2.00000000000006);
#3194=CYLINDRICAL_SURFACE('',#3589,1.00000000000001);
#3195=CYLINDRICAL_SURFACE('',#3591,0.999999999999999);
#3196=CYLINDRICAL_SURFACE('',#3594,2.00000000000006);
#3197=CYLINDRICAL_SURFACE('',#3597,0.999999999999996);
#3198=CYLINDRICAL_SURFACE('',#3600,2.);
#3199=CYLINDRICAL_SURFACE('',#3603,2.);
#3200=CYLINDRICAL_SURFACE('',#3606,1.99999999999999);
#3201=CYLINDRICAL_SURFACE('',#3609,0.999999999999996);
#3202=CYLINDRICAL_SURFACE('',#3611,0.999999999999996);
#3203=CYLINDRICAL_SURFACE('',#3613,0.999999999999996);
#3204=CYLINDRICAL_SURFACE('',#3616,2.);
#3205=CYLINDRICAL_SURFACE('',#3621,1.59999999999999);
#3206=CYLINDRICAL_SURFACE('',#3624,1.6);
#3207=CYLINDRICAL_SURFACE('',#3627,1.6);
#3208=CYLINDRICAL_SURFACE('',#3630,1.6);
#3209=CYLINDRICAL_SURFACE('',#3639,2.);
#3210=CYLINDRICAL_SURFACE('',#3657,2.);
#3211=CYLINDRICAL_SURFACE('',#3659,1.99999999999998);
#3212=CYLINDRICAL_SURFACE('',#3661,2.);
#3213=CYLINDRICAL_SURFACE('',#3663,2.00000000000001);
#3214=CYLINDRICAL_SURFACE('',#3665,2.);
#3215=CYLINDRICAL_SURFACE('',#3667,1.99999999999999);
#3216=CYLINDRICAL_SURFACE('',#3672,2.);
#3217=CYLINDRICAL_SURFACE('',#3673,3.00000000000008);
#3218=CYLINDRICAL_SURFACE('',#3676,2.);
#3219=CYLINDRICAL_SURFACE('',#3678,1.99999999999996);
#3220=CYLINDRICAL_SURFACE('',#3680,2.);
#3221=CYLINDRICAL_SURFACE('',#3682,2.00000000000003);
#3222=CYLINDRICAL_SURFACE('',#3684,2.);
#3223=CYLINDRICAL_SURFACE('',#3685,1.99999999999999);
#3224=CYLINDRICAL_SURFACE('',#3687,1.99999999999999);
#3225=CYLINDRICAL_SURFACE('',#3689,2.00000000000003);
#3226=CYLINDRICAL_SURFACE('',#3690,3.2);
#3227=CYLINDRICAL_SURFACE('',#3694,3.20000000000001);
#3228=CYLINDRICAL_SURFACE('',#3698,3.2);
#3229=CYLINDRICAL_SURFACE('',#3702,3.2);
#3230=CYLINDRICAL_SURFACE('',#3706,3.2);
#3231=CYLINDRICAL_SURFACE('',#3710,3.2);
#3232=CYLINDRICAL_SURFACE('',#3714,3.2);
#3233=CYLINDRICAL_SURFACE('',#3718,3.2);
#3234=CYLINDRICAL_SURFACE('',#3722,1.6);
#3235=CYLINDRICAL_SURFACE('',#3729,2.9);
#3236=CYLINDRICAL_SURFACE('',#3732,1.6);
#3237=CYLINDRICAL_SURFACE('',#3739,2.89999999999999);
#3238=CYLINDRICAL_SURFACE('',#3741,1.60000000000001);
#3239=CYLINDRICAL_SURFACE('',#3748,2.9);
#3240=CYLINDRICAL_SURFACE('',#3750,1.6);
#3241=CYLINDRICAL_SURFACE('',#3757,2.89999999999999);
#3242=CYLINDRICAL_SURFACE('',#3760,1.6);
#3243=CYLINDRICAL_SURFACE('',#3767,2.89999999999999);
#3244=CYLINDRICAL_SURFACE('',#3770,1.6);
#3245=CYLINDRICAL_SURFACE('',#3777,2.89999999999999);
#3246=CYLINDRICAL_SURFACE('',#3779,1.6);
#3247=CYLINDRICAL_SURFACE('',#3786,2.89999999999999);
#3248=CYLINDRICAL_SURFACE('',#3788,1.6);
#3249=CYLINDRICAL_SURFACE('',#3795,2.89999999999999);
#3250=CYLINDRICAL_SURFACE('',#3803,2.89999999999999);
#3251=CYLINDRICAL_SURFACE('',#3804,2.89999999999999);
#3252=CYLINDRICAL_SURFACE('',#3805,2.89999999999999);
#3253=CYLINDRICAL_SURFACE('',#3806,2.9);
#3254=CYLINDRICAL_SURFACE('',#3807,2.89999999999999);
#3255=CYLINDRICAL_SURFACE('',#3808,2.89999999999999);
#3256=CYLINDRICAL_SURFACE('',#3809,2.89999999999999);
#3257=CYLINDRICAL_SURFACE('',#3810,2.9);
#3258=CYLINDRICAL_SURFACE('',#3814,2.);
#3259=CYLINDRICAL_SURFACE('',#3818,2.);
#3260=CYLINDRICAL_SURFACE('',#3822,2.);
#3261=CYLINDRICAL_SURFACE('',#3826,2.);
#3262=CYLINDRICAL_SURFACE('',#3828,5.00000000000001);
#3263=CYLINDRICAL_SURFACE('',#3829,4.99999999999999);
#3264=CYLINDRICAL_SURFACE('',#3831,5.00000000000002);
#3265=CYLINDRICAL_SURFACE('',#3833,5.);
#3266=CYLINDRICAL_SURFACE('',#3834,3.00000000000001);
#3267=CYLINDRICAL_SURFACE('',#3850,1.99999999999999);
#3268=CYLINDRICAL_SURFACE('',#3852,0.999999999999996);
#3269=CYLINDRICAL_SURFACE('',#3854,3.00000000000001);
#3270=CYLINDRICAL_SURFACE('',#3856,3.00000000000001);
#3271=CYLINDRICAL_SURFACE('',#3857,0.999999999999979);
#3272=CYLINDRICAL_SURFACE('',#3859,1.99999999999999);
#3273=CYLINDRICAL_SURFACE('',#3861,1.99999999999996);
#3274=CYLINDRICAL_SURFACE('',#3863,1.99999999999999);
#3275=CYLINDRICAL_SURFACE('',#3865,1.99999999999996);
#3276=CYLINDRICAL_SURFACE('',#3867,1.00000000000001);
#3277=CYLINDRICAL_SURFACE('',#3868,1.00000000000001);
#3278=CYLINDRICAL_SURFACE('',#3870,1.99999999999999);
#3279=CYLINDRICAL_SURFACE('',#3872,1.99999999999999);
#3280=CYLINDRICAL_SURFACE('',#3874,1.99999999999999);
#3281=ADVANCED_FACE('',(#204),#3189,.F.);
#3282=ADVANCED_FACE('',(#205),#117,.F.);
#3283=ADVANCED_FACE('',(#206,#41),#118,.F.);
#3284=ADVANCED_FACE('',(#207),#119,.F.);
#3285=ADVANCED_FACE('',(#208),#3190,.F.);
#3286=ADVANCED_FACE('',(#209),#29,.T.);
#3287=ADVANCED_FACE('',(#210),#30,.T.);
#3288=ADVANCED_FACE('',(#211),#31,.T.);
#3289=ADVANCED_FACE('',(#212),#32,.T.);
#3290=ADVANCED_FACE('',(#213),#120,.T.);
#3291=ADVANCED_FACE('',(#214),#121,.F.);
#3292=ADVANCED_FACE('',(#215,#42,#43,#44),#122,.F.);
#3293=ADVANCED_FACE('',(#216,#45,#46,#47,#48),#123,.F.);
#3294=ADVANCED_FACE('',(#217,#49,#50,#51,#52,#53,#54,#55,#56,#57),#124,
 .F.);
#3295=ADVANCED_FACE('',(#218),#33,.T.);
#3296=ADVANCED_FACE('',(#219),#34,.T.);
#3297=ADVANCED_FACE('',(#220),#35,.T.);
#3298=ADVANCED_FACE('',(#221),#36,.T.);
#3299=ADVANCED_FACE('',(#222,#58),#125,.T.);
#3300=ADVANCED_FACE('',(#223),#126,.F.);
#3301=ADVANCED_FACE('',(#224),#3191,.F.);
#3302=ADVANCED_FACE('',(#225),#127,.F.);
#3303=ADVANCED_FACE('',(#226),#3192,.F.);
#3304=ADVANCED_FACE('',(#227),#128,.F.);
#3305=ADVANCED_FACE('',(#228),#3193,.F.);
#3306=ADVANCED_FACE('',(#229),#129,.F.);
#3307=ADVANCED_FACE('',(#230),#3194,.T.);
#3308=ADVANCED_FACE('',(#231),#3195,.T.);
#3309=ADVANCED_FACE('',(#232),#130,.F.);
#3310=ADVANCED_FACE('',(#233),#3196,.F.);
#3311=ADVANCED_FACE('',(#234),#131,.T.);
#3312=ADVANCED_FACE('',(#235),#3197,.T.);
#3313=ADVANCED_FACE('',(#236),#132,.F.);
#3314=ADVANCED_FACE('',(#237),#3198,.F.);
#3315=ADVANCED_FACE('',(#238),#133,.F.);
#3316=ADVANCED_FACE('',(#239),#3199,.F.);
#3317=ADVANCED_FACE('',(#240),#134,.F.);
#3318=ADVANCED_FACE('',(#241),#3200,.F.);
#3319=ADVANCED_FACE('',(#242),#135,.F.);
#3320=ADVANCED_FACE('',(#243),#3201,.T.);
#3321=ADVANCED_FACE('',(#244),#3202,.T.);
#3322=ADVANCED_FACE('',(#245),#3203,.T.);
#3323=ADVANCED_FACE('',(#246),#136,.F.);
#3324=ADVANCED_FACE('',(#247),#3204,.F.);
#3325=ADVANCED_FACE('',(#248),#137,.T.);
#3326=ADVANCED_FACE('',(#249),#25,.F.);
#3327=ADVANCED_FACE('',(#250),#3205,.F.);
#3328=ADVANCED_FACE('',(#251),#26,.F.);
#3329=ADVANCED_FACE('',(#252),#3206,.F.);
#3330=ADVANCED_FACE('',(#253),#27,.F.);
#3331=ADVANCED_FACE('',(#254),#3207,.F.);
#3332=ADVANCED_FACE('',(#255),#28,.F.);
#3333=ADVANCED_FACE('',(#256),#3208,.F.);
#3334=ADVANCED_FACE('',(#257),#138,.T.);
#3335=ADVANCED_FACE('',(#258),#139,.T.);
#3336=ADVANCED_FACE('',(#259),#140,.T.);
#3337=ADVANCED_FACE('',(#260),#141,.T.);
#3338=ADVANCED_FACE('',(#261),#3209,.F.);
#3339=ADVANCED_FACE('',(#262),#142,.F.);
#3340=ADVANCED_FACE('',(#263),#143,.T.);
#3341=ADVANCED_FACE('',(#264),#144,.T.);
#3342=ADVANCED_FACE('',(#265),#145,.T.);
#3343=ADVANCED_FACE('',(#266),#3210,.F.);
#3344=ADVANCED_FACE('',(#267),#146,.F.);
#3345=ADVANCED_FACE('',(#268),#3211,.F.);
#3346=ADVANCED_FACE('',(#269),#147,.F.);
#3347=ADVANCED_FACE('',(#270),#3212,.F.);
#3348=ADVANCED_FACE('',(#271),#148,.F.);
#3349=ADVANCED_FACE('',(#272),#3213,.F.);
#3350=ADVANCED_FACE('',(#273),#149,.F.);
#3351=ADVANCED_FACE('',(#274),#3214,.F.);
#3352=ADVANCED_FACE('',(#275),#150,.F.);
#3353=ADVANCED_FACE('',(#276),#3215,.F.);
#3354=ADVANCED_FACE('',(#277),#151,.F.);
#3355=ADVANCED_FACE('',(#278),#23,.F.);
#3356=ADVANCED_FACE('',(#279),#24,.F.);
#3357=ADVANCED_FACE('',(#280),#152,.F.);
#3358=ADVANCED_FACE('',(#281),#153,.F.);
#3359=ADVANCED_FACE('',(#282),#3216,.F.);
#3360=ADVANCED_FACE('',(#283),#3217,.F.);
#3361=ADVANCED_FACE('',(#284),#154,.T.);
#3362=ADVANCED_FACE('',(#285),#155,.F.);
#3363=ADVANCED_FACE('',(#286),#3218,.F.);
#3364=ADVANCED_FACE('',(#287),#156,.F.);
#3365=ADVANCED_FACE('',(#288),#3219,.F.);
#3366=ADVANCED_FACE('',(#289),#157,.F.);
#3367=ADVANCED_FACE('',(#290),#3220,.F.);
#3368=ADVANCED_FACE('',(#291),#158,.F.);
#3369=ADVANCED_FACE('',(#292),#3221,.F.);
#3370=ADVANCED_FACE('',(#293),#159,.F.);
#3371=ADVANCED_FACE('',(#294),#3222,.F.);
#3372=ADVANCED_FACE('',(#295),#3223,.F.);
#3373=ADVANCED_FACE('',(#296),#160,.F.);
#3374=ADVANCED_FACE('',(#297),#3224,.F.);
#3375=ADVANCED_FACE('',(#298),#161,.F.);
#3376=ADVANCED_FACE('',(#299),#3225,.F.);
#3377=ADVANCED_FACE('',(#300),#3226,.F.);
#3378=ADVANCED_FACE('',(#301),#162,.T.);
#3379=ADVANCED_FACE('',(#302),#3227,.F.);
#3380=ADVANCED_FACE('',(#303),#163,.T.);
#3381=ADVANCED_FACE('',(#304),#3228,.F.);
#3382=ADVANCED_FACE('',(#305),#164,.T.);
#3383=ADVANCED_FACE('',(#306),#3229,.F.);
#3384=ADVANCED_FACE('',(#307),#165,.T.);
#3385=ADVANCED_FACE('',(#308),#3230,.F.);
#3386=ADVANCED_FACE('',(#309),#166,.T.);
#3387=ADVANCED_FACE('',(#310),#3231,.F.);
#3388=ADVANCED_FACE('',(#311),#167,.T.);
#3389=ADVANCED_FACE('',(#312),#3232,.F.);
#3390=ADVANCED_FACE('',(#313),#168,.T.);
#3391=ADVANCED_FACE('',(#314),#3233,.F.);
#3392=ADVANCED_FACE('',(#315),#169,.T.);
#3393=ADVANCED_FACE('',(#316),#3234,.F.);
#3394=ADVANCED_FACE('',(#317,#59),#170,.T.);
#3395=ADVANCED_FACE('',(#318,#60),#171,.F.);
#3396=ADVANCED_FACE('',(#319),#3235,.F.);
#3397=ADVANCED_FACE('',(#320),#3236,.F.);
#3398=ADVANCED_FACE('',(#321,#61),#172,.T.);
#3399=ADVANCED_FACE('',(#322,#62),#173,.F.);
#3400=ADVANCED_FACE('',(#323),#3237,.F.);
#3401=ADVANCED_FACE('',(#324),#3238,.F.);
#3402=ADVANCED_FACE('',(#325,#63),#174,.T.);
#3403=ADVANCED_FACE('',(#326,#64),#175,.F.);
#3404=ADVANCED_FACE('',(#327),#3239,.F.);
#3405=ADVANCED_FACE('',(#328),#3240,.F.);
#3406=ADVANCED_FACE('',(#329,#65),#176,.T.);
#3407=ADVANCED_FACE('',(#330,#66),#177,.F.);
#3408=ADVANCED_FACE('',(#331),#3241,.F.);
#3409=ADVANCED_FACE('',(#332),#3242,.F.);
#3410=ADVANCED_FACE('',(#333,#67),#178,.T.);
#3411=ADVANCED_FACE('',(#334,#68),#179,.F.);
#3412=ADVANCED_FACE('',(#335),#3243,.F.);
#3413=ADVANCED_FACE('',(#336),#3244,.F.);
#3414=ADVANCED_FACE('',(#337,#69),#180,.T.);
#3415=ADVANCED_FACE('',(#338,#70),#181,.F.);
#3416=ADVANCED_FACE('',(#339),#3245,.F.);
#3417=ADVANCED_FACE('',(#340),#3246,.F.);
#3418=ADVANCED_FACE('',(#341,#71),#182,.T.);
#3419=ADVANCED_FACE('',(#342,#72),#183,.F.);
#3420=ADVANCED_FACE('',(#343),#3247,.F.);
#3421=ADVANCED_FACE('',(#344),#3248,.F.);
#3422=ADVANCED_FACE('',(#345,#73),#184,.T.);
#3423=ADVANCED_FACE('',(#346,#74),#185,.F.);
#3424=ADVANCED_FACE('',(#347),#3249,.F.);
#3425=ADVANCED_FACE('',(#348,#75,#76,#77,#78,#79,#80,#81,#82,#83,#84,#85,
#86),#186,.F.);
#3426=ADVANCED_FACE('',(#349),#3250,.F.);
#3427=ADVANCED_FACE('',(#350),#3251,.F.);
#3428=ADVANCED_FACE('',(#351),#3252,.F.);
#3429=ADVANCED_FACE('',(#352),#3253,.F.);
#3430=ADVANCED_FACE('',(#353),#3254,.F.);
#3431=ADVANCED_FACE('',(#354),#3255,.F.);
#3432=ADVANCED_FACE('',(#355),#3256,.F.);
#3433=ADVANCED_FACE('',(#356),#3257,.F.);
#3434=ADVANCED_FACE('',(#357),#37,.F.);
#3435=ADVANCED_FACE('',(#358),#3258,.T.);
#3436=ADVANCED_FACE('',(#359),#38,.F.);
#3437=ADVANCED_FACE('',(#360),#3259,.T.);
#3438=ADVANCED_FACE('',(#361),#39,.F.);
#3439=ADVANCED_FACE('',(#362),#3260,.T.);
#3440=ADVANCED_FACE('',(#363),#40,.F.);
#3441=ADVANCED_FACE('',(#364),#3261,.T.);
#3442=ADVANCED_FACE('',(#365),#187,.T.);
#3443=ADVANCED_FACE('',(#366),#3262,.T.);
#3444=ADVANCED_FACE('',(#367),#3263,.T.);
#3445=ADVANCED_FACE('',(#368),#188,.T.);
#3446=ADVANCED_FACE('',(#369),#3264,.T.);
#3447=ADVANCED_FACE('',(#370),#189,.T.);
#3448=ADVANCED_FACE('',(#371),#3265,.T.);
#3449=ADVANCED_FACE('',(#372),#3266,.F.);
#3450=ADVANCED_FACE('',(#373),#190,.F.);
#3451=ADVANCED_FACE('',(#374),#191,.F.);
#3452=ADVANCED_FACE('',(#375),#192,.T.);
#3453=ADVANCED_FACE('',(#376),#3267,.F.);
#3454=ADVANCED_FACE('',(#377),#193,.T.);
#3455=ADVANCED_FACE('',(#378),#3268,.T.);
#3456=ADVANCED_FACE('',(#379),#194,.T.);
#3457=ADVANCED_FACE('',(#380),#3269,.F.);
#3458=ADVANCED_FACE('',(#381),#195,.T.);
#3459=ADVANCED_FACE('',(#382),#3270,.F.);
#3460=ADVANCED_FACE('',(#383),#3271,.T.);
#3461=ADVANCED_FACE('',(#384),#196,.T.);
#3462=ADVANCED_FACE('',(#385),#3272,.F.);
#3463=ADVANCED_FACE('',(#386),#197,.T.);
#3464=ADVANCED_FACE('',(#387),#3273,.F.);
#3465=ADVANCED_FACE('',(#388),#198,.T.);
#3466=ADVANCED_FACE('',(#389),#3274,.F.);
#3467=ADVANCED_FACE('',(#390),#199,.T.);
#3468=ADVANCED_FACE('',(#391),#3275,.F.);
#3469=ADVANCED_FACE('',(#392),#200,.T.);
#3470=ADVANCED_FACE('',(#393),#3276,.T.);
#3471=ADVANCED_FACE('',(#394),#3277,.T.);
#3472=ADVANCED_FACE('',(#395),#201,.T.);
#3473=ADVANCED_FACE('',(#396),#3278,.F.);
#3474=ADVANCED_FACE('',(#397),#202,.T.);
#3475=ADVANCED_FACE('',(#398),#3279,.F.);
#3476=ADVANCED_FACE('',(#399),#203,.T.);
#3477=ADVANCED_FACE('',(#400),#3280,.F.);
#3478=CLOSED_SHELL('',(#3281,#3282,#3283,#3284,#3285,#3286,#3287,#3288,
#3289,#3290,#3291,#3292,#3293,#3294,#3295,#3296,#3297,#3298,#3299,#3300,
#3301,#3302,#3303,#3304,#3305,#3306,#3307,#3308,#3309,#3310,#3311,#3312,
#3313,#3314,#3315,#3316,#3317,#3318,#3319,#3320,#3321,#3322,#3323,#3324,
#3325,#3326,#3327,#3328,#3329,#3330,#3331,#3332,#3333,#3334,#3335,#3336,
#3337,#3338,#3339,#3340,#3341,#3342,#3343,#3344,#3345,#3346,#3347,#3348,
#3349,#3350,#3351,#3352,#3353,#3354,#3355,#3356,#3357,#3358,#3359,#3360,
#3361,#3362,#3363,#3364,#3365,#3366,#3367,#3368,#3369,#3370,#3371,#3372,
#3373,#3374,#3375,#3376,#3377,#3378,#3379,#3380,#3381,#3382,#3383,#3384,
#3385,#3386,#3387,#3388,#3389,#3390,#3391,#3392,#3393,#3394,#3395,#3396,
#3397,#3398,#3399,#3400,#3401,#3402,#3403,#3404,#3405,#3406,#3407,#3408,
#3409,#3410,#3411,#3412,#3413,#3414,#3415,#3416,#3417,#3418,#3419,#3420,
#3421,#3422,#3423,#3424,#3425,#3426,#3427,#3428,#3429,#3430,#3431,#3432,
#3433,#3434,#3435,#3436,#3437,#3438,#3439,#3440,#3441,#3442,#3443,#3444,
#3445,#3446,#3447,#3448,#3449,#3450,#3451,#3452,#3453,#3454,#3455,#3456,
#3457,#3458,#3459,#3460,#3461,#3462,#3463,#3464,#3465,#3466,#3467,#3468,
#3469,#3470,#3471,#3472,#3473,#3474,#3475,#3476,#3477));
#3479=DERIVED_UNIT_ELEMENT(#3481,1.);
#3480=DERIVED_UNIT_ELEMENT(#6711,-3.);
#3481=(
MASS_UNIT()
NAMED_UNIT(*)
SI_UNIT(.KILO.,.GRAM.)
);
#3482=DERIVED_UNIT((#3479,#3480));
#3483=MEASURE_REPRESENTATION_ITEM('density measure',
POSITIVE_RATIO_MEASURE(7850.),#3482);
#3484=PROPERTY_DEFINITION_REPRESENTATION(#3489,#3486);
#3485=PROPERTY_DEFINITION_REPRESENTATION(#3490,#3487);
#3486=REPRESENTATION('material name',(#3488),#6708);
#3487=REPRESENTATION('density',(#3483),#6708);
#3488=DESCRIPTIVE_REPRESENTATION_ITEM('Acier','Acier');
#3489=PROPERTY_DEFINITION('material property','material name',#6728);
#3490=PROPERTY_DEFINITION('material property','density of part',#6728);
#3491=AXIS2_PLACEMENT_3D('',#4916,#3877,#3878);
#3492=AXIS2_PLACEMENT_3D('',#4917,#3879,#3880);
#3493=AXIS2_PLACEMENT_3D('',#4918,#3881,#3882);
#3494=AXIS2_PLACEMENT_3D('',#4919,#3883,#3884);
#3495=AXIS2_PLACEMENT_3D('',#4922,#3885,#3886);
#3496=AXIS2_PLACEMENT_3D('',#4926,#3888,#3889);
#3497=AXIS2_PLACEMENT_3D('',#4928,#3891,#3892);
#3498=AXIS2_PLACEMENT_3D('',#4938,#3898,#3899);
#3499=AXIS2_PLACEMENT_3D('',#5020,#3903,#3904);
#3500=AXIS2_PLACEMENT_3D('',#5033,#3911,#3912);
#3501=AXIS2_PLACEMENT_3D('',#5034,#3913,#3914);
#3502=AXIS2_PLACEMENT_3D('',#5035,#3915,#3916);
#3503=AXIS2_PLACEMENT_3D('',#5275,#3917,#3918);
#3504=AXIS2_PLACEMENT_3D('',#5289,#3926,#3927);
#3505=AXIS2_PLACEMENT_3D('',#5295,#3931,#3932);
#3506=AXIS2_PLACEMENT_3D('',#5297,#3933,#3934);
#3507=AXIS2_PLACEMENT_3D('',#5301,#3936,#3937);
#3508=AXIS2_PLACEMENT_3D('',#5305,#3939,#3940);
#3509=AXIS2_PLACEMENT_3D('',#5309,#3942,#3943);
#3510=AXIS2_PLACEMENT_3D('',#5314,#3946,#3947);
#3511=AXIS2_PLACEMENT_3D('',#5318,#3949,#3950);
#3512=AXIS2_PLACEMENT_3D('',#5322,#3952,#3953);
#3513=AXIS2_PLACEMENT_3D('',#5325,#3955,#3956);
#3514=AXIS2_PLACEMENT_3D('',#5330,#3958,#3959);
#3515=AXIS2_PLACEMENT_3D('',#5334,#3961,#3962);
#3516=AXIS2_PLACEMENT_3D('',#5338,#3964,#3965);
#3517=AXIS2_PLACEMENT_3D('',#5341,#3967,#3968);
#3518=AXIS2_PLACEMENT_3D('',#5346,#3970,#3971);
#3519=AXIS2_PLACEMENT_3D('',#5350,#3973,#3974);
#3520=AXIS2_PLACEMENT_3D('',#5354,#3976,#3977);
#3521=AXIS2_PLACEMENT_3D('',#5357,#3979,#3980);
#3522=AXIS2_PLACEMENT_3D('',#5362,#3982,#3983);
#3523=AXIS2_PLACEMENT_3D('',#5366,#3985,#3986);
#3524=AXIS2_PLACEMENT_3D('',#5370,#3988,#3989);
#3525=AXIS2_PLACEMENT_3D('',#5373,#3991,#3992);
#3526=AXIS2_PLACEMENT_3D('',#5374,#3993,#3994);
#3527=AXIS2_PLACEMENT_3D('',#5378,#3996,#3997);
#3528=AXIS2_PLACEMENT_3D('',#5382,#3999,#4000);
#3529=AXIS2_PLACEMENT_3D('',#5386,#4002,#4003);
#3530=AXIS2_PLACEMENT_3D('',#5389,#4005,#4006);
#3531=AXIS2_PLACEMENT_3D('',#5391,#4007,#4008);
#3532=AXIS2_PLACEMENT_3D('',#5393,#4009,#4010);
#3533=AXIS2_PLACEMENT_3D('',#5395,#4011,#4012);
#3534=AXIS2_PLACEMENT_3D('',#5397,#4013,#4014);
#3535=AXIS2_PLACEMENT_3D('',#5398,#4015,#4016);
#3536=AXIS2_PLACEMENT_3D('',#5403,#4018,#4019);
#3537=AXIS2_PLACEMENT_3D('',#5407,#4021,#4022);
#3538=AXIS2_PLACEMENT_3D('',#5411,#4024,#4025);
#3539=AXIS2_PLACEMENT_3D('',#5414,#4027,#4028);
#3540=AXIS2_PLACEMENT_3D('',#5416,#4029,#4030);
#3541=AXIS2_PLACEMENT_3D('',#5420,#4032,#4033);
#3542=AXIS2_PLACEMENT_3D('',#5424,#4035,#4036);
#3543=AXIS2_PLACEMENT_3D('',#5428,#4038,#4039);
#3544=AXIS2_PLACEMENT_3D('',#5432,#4041,#4042);
#3545=AXIS2_PLACEMENT_3D('',#5435,#4044,#4045);
#3546=AXIS2_PLACEMENT_3D('',#5437,#4046,#4047);
#3547=AXIS2_PLACEMENT_3D('',#5441,#4049,#4050);
#3548=AXIS2_PLACEMENT_3D('',#5445,#4052,#4053);
#3549=AXIS2_PLACEMENT_3D('',#5449,#4055,#4056);
#3550=AXIS2_PLACEMENT_3D('',#5453,#4058,#4059);
#3551=AXIS2_PLACEMENT_3D('',#5457,#4061,#4062);
#3552=AXIS2_PLACEMENT_3D('',#5461,#4064,#4065);
#3553=AXIS2_PLACEMENT_3D('',#5465,#4067,#4068);
#3554=AXIS2_PLACEMENT_3D('',#5469,#4070,#4071);
#3555=AXIS2_PLACEMENT_3D('',#5473,#4073,#4074);
#3556=AXIS2_PLACEMENT_3D('',#5477,#4076,#4077);
#3557=AXIS2_PLACEMENT_3D('',#5481,#4079,#4080);
#3558=AXIS2_PLACEMENT_3D('',#5485,#4082,#4083);
#3559=AXIS2_PLACEMENT_3D('',#5489,#4085,#4086);
#3560=AXIS2_PLACEMENT_3D('',#5493,#4088,#4089);
#3561=AXIS2_PLACEMENT_3D('',#5497,#4091,#4092);
#3562=AXIS2_PLACEMENT_3D('',#5501,#4094,#4095);
#3563=AXIS2_PLACEMENT_3D('',#5503,#4096,#4097);
#3564=AXIS2_PLACEMENT_3D('',#5507,#4099,#4100);
#3565=AXIS2_PLACEMENT_3D('',#5511,#4102,#4103);
#3566=AXIS2_PLACEMENT_3D('',#5515,#4105,#4106);
#3567=AXIS2_PLACEMENT_3D('',#5519,#4108,#4109);
#3568=AXIS2_PLACEMENT_3D('',#5523,#4111,#4112);
#3569=AXIS2_PLACEMENT_3D('',#5525,#4113,#4114);
#3570=AXIS2_PLACEMENT_3D('',#5528,#4116,#4117);
#3571=AXIS2_PLACEMENT_3D('',#5530,#4118,#4119);
#3572=AXIS2_PLACEMENT_3D('',#5532,#4120,#4121);
#3573=AXIS2_PLACEMENT_3D('',#5534,#4122,#4123);
#3574=AXIS2_PLACEMENT_3D('',#5536,#4124,#4125);
#3575=AXIS2_PLACEMENT_3D('',#5538,#4126,#4127);
#3576=AXIS2_PLACEMENT_3D('',#5540,#4128,#4129);
#3577=AXIS2_PLACEMENT_3D('',#5542,#4130,#4131);
#3578=AXIS2_PLACEMENT_3D('',#5823,#4132,#4133);
#3579=AXIS2_PLACEMENT_3D('',#5829,#4137,#4138);
#3580=AXIS2_PLACEMENT_3D('',#5835,#4142,#4143);
#3581=AXIS2_PLACEMENT_3D('',#5837,#4144,#4145);
#3582=AXIS2_PLACEMENT_3D('',#5839,#4147,#4148);
#3583=AXIS2_PLACEMENT_3D('',#5843,#4151,#4152);
#3584=AXIS2_PLACEMENT_3D('',#5845,#4153,#4154);
#3585=AXIS2_PLACEMENT_3D('',#5847,#4156,#4157);
#3586=AXIS2_PLACEMENT_3D('',#5851,#4160,#4161);
#3587=AXIS2_PLACEMENT_3D('',#5853,#4162,#4163);
#3588=AXIS2_PLACEMENT_3D('',#5855,#4165,#4166);
#3589=AXIS2_PLACEMENT_3D('',#5859,#4169,#4170);
#3590=AXIS2_PLACEMENT_3D('',#5860,#4171,#4172);
#3591=AXIS2_PLACEMENT_3D('',#5861,#4173,#4174);
#3592=AXIS2_PLACEMENT_3D('',#5864,#4176,#4177);
#3593=AXIS2_PLACEMENT_3D('',#5865,#4178,#4179);
#3594=AXIS2_PLACEMENT_3D('',#5869,#4182,#4183);
#3595=AXIS2_PLACEMENT_3D('',#5870,#4184,#4185);
#3596=AXIS2_PLACEMENT_3D('',#5871,#4186,#4187);
#3597=AXIS2_PLACEMENT_3D('',#5872,#4188,#4189);
#3598=AXIS2_PLACEMENT_3D('',#5876,#4191,#4192);
#3599=AXIS2_PLACEMENT_3D('',#5878,#4194,#4195);
#3600=AXIS2_PLACEMENT_3D('',#5882,#4198,#4199);
#3601=AXIS2_PLACEMENT_3D('',#5884,#4200,#4201);
#3602=AXIS2_PLACEMENT_3D('',#5886,#4203,#4204);
#3603=AXIS2_PLACEMENT_3D('',#5890,#4207,#4208);
#3604=AXIS2_PLACEMENT_3D('',#5892,#4209,#4210);
#3605=AXIS2_PLACEMENT_3D('',#5894,#4212,#4213);
#3606=AXIS2_PLACEMENT_3D('',#5898,#4216,#4217);
#3607=AXIS2_PLACEMENT_3D('',#5900,#4218,#4219);
#3608=AXIS2_PLACEMENT_3D('',#5902,#4221,#4222);
#3609=AXIS2_PLACEMENT_3D('',#5906,#4225,#4226);
#3610=AXIS2_PLACEMENT_3D('',#5909,#4228,#4229);
#3611=AXIS2_PLACEMENT_3D('',#5910,#4230,#4231);
#3612=AXIS2_PLACEMENT_3D('',#5914,#4233,#4234);
#3613=AXIS2_PLACEMENT_3D('',#5916,#4236,#4237);
#3614=AXIS2_PLACEMENT_3D('',#5919,#4239,#4240);
#3615=AXIS2_PLACEMENT_3D('',#5920,#4241,#4242);
#3616=AXIS2_PLACEMENT_3D('',#5924,#4245,#4246);
#3617=AXIS2_PLACEMENT_3D('',#5925,#4247,#4248);
#3618=AXIS2_PLACEMENT_3D('',#5926,#4249,#4250);
#3619=AXIS2_PLACEMENT_3D('',#5928,#4252,#4253);
#3620=AXIS2_PLACEMENT_3D('',#5930,#4254,#4255);
#3621=AXIS2_PLACEMENT_3D('',#5933,#4257,#4258);
#3622=AXIS2_PLACEMENT_3D('',#5935,#4260,#4261);
#3623=AXIS2_PLACEMENT_3D('',#5937,#4262,#4263);
#3624=AXIS2_PLACEMENT_3D('',#5940,#4265,#4266);
#3625=AXIS2_PLACEMENT_3D('',#5942,#4268,#4269);
#3626=AXIS2_PLACEMENT_3D('',#5944,#4270,#4271);
#3627=AXIS2_PLACEMENT_3D('',#5947,#4273,#4274);
#3628=AXIS2_PLACEMENT_3D('',#5949,#4276,#4277);
#3629=AXIS2_PLACEMENT_3D('',#5951,#4278,#4279);
#3630=AXIS2_PLACEMENT_3D('',#5954,#4281,#4282);
#3631=AXIS2_PLACEMENT_3D('',#5956,#4284,#4285);
#3632=AXIS2_PLACEMENT_3D('',#5958,#4287,#4288);
#3633=AXIS2_PLACEMENT_3D('',#5963,#4291,#4292);
#3634=AXIS2_PLACEMENT_3D('',#5964,#4293,#4294);
#3635=AXIS2_PLACEMENT_3D('',#5968,#4296,#4297);
#3636=AXIS2_PLACEMENT_3D('',#5970,#4299,#4300);
#3637=AXIS2_PLACEMENT_3D('',#5972,#4301,#4302);
#3638=AXIS2_PLACEMENT_3D('',#5974,#4303,#4304);
#3639=AXIS2_PLACEMENT_3D('',#5976,#4306,#4307);
#3640=AXIS2_PLACEMENT_3D('',#5978,#4308,#4309);
#3641=AXIS2_PLACEMENT_3D('',#5981,#4312,#4313);
#3642=AXIS2_PLACEMENT_3D('',#5983,#4315,#4316);
#3643=AXIS2_PLACEMENT_3D('',#5986,#4317,#4318);
#3644=AXIS2_PLACEMENT_3D('',#5990,#4320,#4321);
#3645=AXIS2_PLACEMENT_3D('',#5994,#4323,#4324);
#3646=AXIS2_PLACEMENT_3D('',#5998,#4326,#4327);
#3647=AXIS2_PLACEMENT_3D('',#6000,#4329,#4330);
#3648=AXIS2_PLACEMENT_3D('',#6003,#4331,#4332);
#3649=AXIS2_PLACEMENT_3D('',#6007,#4334,#4335);
#3650=AXIS2_PLACEMENT_3D('',#6011,#4337,#4338);
#3651=AXIS2_PLACEMENT_3D('',#6015,#4340,#4341);
#3652=AXIS2_PLACEMENT_3D('',#6017,#4343,#4344);
#3653=AXIS2_PLACEMENT_3D('',#6020,#4345,#4346);
#3654=AXIS2_PLACEMENT_3D('',#6024,#4348,#4349);
#3655=AXIS2_PLACEMENT_3D('',#6028,#4351,#4352);
#3656=AXIS2_PLACEMENT_3D('',#6032,#4354,#4355);
#3657=AXIS2_PLACEMENT_3D('',#6034,#4357,#4358);
#3658=AXIS2_PLACEMENT_3D('',#6037,#4361,#4362);
#3659=AXIS2_PLACEMENT_3D('',#6039,#4364,#4365);
#3660=AXIS2_PLACEMENT_3D('',#6041,#4367,#4368);
#3661=AXIS2_PLACEMENT_3D('',#6043,#4370,#4371);
#3662=AXIS2_PLACEMENT_3D('',#6046,#4374,#4375);
#3663=AXIS2_PLACEMENT_3D('',#6048,#4377,#4378);
#3664=AXIS2_PLACEMENT_3D('',#6050,#4380,#4381);
#3665=AXIS2_PLACEMENT_3D('',#6052,#4383,#4384);
#3666=AXIS2_PLACEMENT_3D('',#6055,#4387,#4388);
#3667=AXIS2_PLACEMENT_3D('',#6057,#4390,#4391);
#3668=AXIS2_PLACEMENT_3D('',#6059,#4393,#4394);
#3669=AXIS2_PLACEMENT_3D('',#6068,#4396,#4397);
#3670=AXIS2_PLACEMENT_3D('',#6077,#4400,#4401);
#3671=AXIS2_PLACEMENT_3D('',#6080,#4404,#4405);
#3672=AXIS2_PLACEMENT_3D('',#6082,#4407,#4408);
#3673=AXIS2_PLACEMENT_3D('',#6083,#4409,#4410);
#3674=AXIS2_PLACEMENT_3D('',#6085,#4412,#4413);
#3675=AXIS2_PLACEMENT_3D('',#6087,#4415,#4416);
#3676=AXIS2_PLACEMENT_3D('',#6089,#4418,#4419);
#3677=AXIS2_PLACEMENT_3D('',#6091,#4421,#4422);
#3678=AXIS2_PLACEMENT_3D('',#6093,#4424,#4425);
#3679=AXIS2_PLACEMENT_3D('',#6094,#4426,#4427);
#3680=AXIS2_PLACEMENT_3D('',#6096,#4429,#4430);
#3681=AXIS2_PLACEMENT_3D('',#6098,#4432,#4433);
#3682=AXIS2_PLACEMENT_3D('',#6100,#4435,#4436);
#3683=AXIS2_PLACEMENT_3D('',#6101,#4437,#4438);
#3684=AXIS2_PLACEMENT_3D('',#6103,#4440,#4441);
#3685=AXIS2_PLACEMENT_3D('',#6104,#4442,#4443);
#3686=AXIS2_PLACEMENT_3D('',#6105,#4444,#4445);
#3687=AXIS2_PLACEMENT_3D('',#6107,#4447,#4448);
#3688=AXIS2_PLACEMENT_3D('',#6109,#4450,#4451);
#3689=AXIS2_PLACEMENT_3D('',#6111,#4453,#4454);
#3690=AXIS2_PLACEMENT_3D('',#6112,#4455,#4456);
#3691=AXIS2_PLACEMENT_3D('',#6114,#4457,#4458);
#3692=AXIS2_PLACEMENT_3D('',#6117,#4460,#4461);
#3693=AXIS2_PLACEMENT_3D('',#6118,#4462,#4463);
#3694=AXIS2_PLACEMENT_3D('',#6119,#4464,#4465);
#3695=AXIS2_PLACEMENT_3D('',#6121,#4466,#4467);
#3696=AXIS2_PLACEMENT_3D('',#6124,#4469,#4470);
#3697=AXIS2_PLACEMENT_3D('',#6125,#4471,#4472);
#3698=AXIS2_PLACEMENT_3D('',#6126,#4473,#4474);
#3699=AXIS2_PLACEMENT_3D('',#6128,#4475,#4476);
#3700=AXIS2_PLACEMENT_3D('',#6131,#4478,#4479);
#3701=AXIS2_PLACEMENT_3D('',#6132,#4480,#4481);
#3702=AXIS2_PLACEMENT_3D('',#6133,#4482,#4483);
#3703=AXIS2_PLACEMENT_3D('',#6135,#4484,#4485);
#3704=AXIS2_PLACEMENT_3D('',#6138,#4487,#4488);
#3705=AXIS2_PLACEMENT_3D('',#6139,#4489,#4490);
#3706=AXIS2_PLACEMENT_3D('',#6140,#4491,#4492);
#3707=AXIS2_PLACEMENT_3D('',#6142,#4493,#4494);
#3708=AXIS2_PLACEMENT_3D('',#6145,#4496,#4497);
#3709=AXIS2_PLACEMENT_3D('',#6146,#4498,#4499);
#3710=AXIS2_PLACEMENT_3D('',#6147,#4500,#4501);
#3711=AXIS2_PLACEMENT_3D('',#6149,#4502,#4503);
#3712=AXIS2_PLACEMENT_3D('',#6152,#4505,#4506);
#3713=AXIS2_PLACEMENT_3D('',#6153,#4507,#4508);
#3714=AXIS2_PLACEMENT_3D('',#6154,#4509,#4510);
#3715=AXIS2_PLACEMENT_3D('',#6156,#4511,#4512);
#3716=AXIS2_PLACEMENT_3D('',#6159,#4514,#4515);
#3717=AXIS2_PLACEMENT_3D('',#6160,#4516,#4517);
#3718=AXIS2_PLACEMENT_3D('',#6161,#4518,#4519);
#3719=AXIS2_PLACEMENT_3D('',#6163,#4520,#4521);
#3720=AXIS2_PLACEMENT_3D('',#6166,#4523,#4524);
#3721=AXIS2_PLACEMENT_3D('',#6167,#4525,#4526);
#3722=AXIS2_PLACEMENT_3D('',#6168,#4527,#4528);
#3723=AXIS2_PLACEMENT_3D('',#6170,#4529,#4530);
#3724=AXIS2_PLACEMENT_3D('',#6173,#4532,#4533);
#3725=AXIS2_PLACEMENT_3D('',#6174,#4534,#4535);
#3726=AXIS2_PLACEMENT_3D('',#6176,#4536,#4537);
#3727=AXIS2_PLACEMENT_3D('',#6177,#4538,#4539);
#3728=AXIS2_PLACEMENT_3D('',#6179,#4540,#4541);
#3729=AXIS2_PLACEMENT_3D('',#6180,#4542,#4543);
#3730=AXIS2_PLACEMENT_3D('',#6184,#4545,#4546);
#3731=AXIS2_PLACEMENT_3D('',#6225,#4547,#4548);
#3732=AXIS2_PLACEMENT_3D('',#6226,#4549,#4550);
#3733=AXIS2_PLACEMENT_3D('',#6228,#4551,#4552);
#3734=AXIS2_PLACEMENT_3D('',#6231,#4554,#4555);
#3735=AXIS2_PLACEMENT_3D('',#6232,#4556,#4557);
#3736=AXIS2_PLACEMENT_3D('',#6234,#4558,#4559);
#3737=AXIS2_PLACEMENT_3D('',#6235,#4560,#4561);
#3738=AXIS2_PLACEMENT_3D('',#6237,#4562,#4563);
#3739=AXIS2_PLACEMENT_3D('',#6238,#4564,#4565);
#3740=AXIS2_PLACEMENT_3D('',#6241,#4567,#4568);
#3741=AXIS2_PLACEMENT_3D('',#6242,#4569,#4570);
#3742=AXIS2_PLACEMENT_3D('',#6244,#4571,#4572);
#3743=AXIS2_PLACEMENT_3D('',#6247,#4574,#4575);
#3744=AXIS2_PLACEMENT_3D('',#6248,#4576,#4577);
#3745=AXIS2_PLACEMENT_3D('',#6250,#4578,#4579);
#3746=AXIS2_PLACEMENT_3D('',#6251,#4580,#4581);
#3747=AXIS2_PLACEMENT_3D('',#6253,#4582,#4583);
#3748=AXIS2_PLACEMENT_3D('',#6254,#4584,#4585);
#3749=AXIS2_PLACEMENT_3D('',#6257,#4587,#4588);
#3750=AXIS2_PLACEMENT_3D('',#6258,#4589,#4590);
#3751=AXIS2_PLACEMENT_3D('',#6260,#4591,#4592);
#3752=AXIS2_PLACEMENT_3D('',#6263,#4594,#4595);
#3753=AXIS2_PLACEMENT_3D('',#6264,#4596,#4597);
#3754=AXIS2_PLACEMENT_3D('',#6266,#4598,#4599);
#3755=AXIS2_PLACEMENT_3D('',#6267,#4600,#4601);
#3756=AXIS2_PLACEMENT_3D('',#6269,#4602,#4603);
#3757=AXIS2_PLACEMENT_3D('',#6270,#4604,#4605);
#3758=AXIS2_PLACEMENT_3D('',#6274,#4607,#4608);
#3759=AXIS2_PLACEMENT_3D('',#6315,#4609,#4610);
#3760=AXIS2_PLACEMENT_3D('',#6316,#4611,#4612);
#3761=AXIS2_PLACEMENT_3D('',#6318,#4613,#4614);
#3762=AXIS2_PLACEMENT_3D('',#6321,#4616,#4617);
#3763=AXIS2_PLACEMENT_3D('',#6322,#4618,#4619);
#3764=AXIS2_PLACEMENT_3D('',#6324,#4620,#4621);
#3765=AXIS2_PLACEMENT_3D('',#6325,#4622,#4623);
#3766=AXIS2_PLACEMENT_3D('',#6327,#4624,#4625);
#3767=AXIS2_PLACEMENT_3D('',#6328,#4626,#4627);
#3768=AXIS2_PLACEMENT_3D('',#6332,#4629,#4630);
#3769=AXIS2_PLACEMENT_3D('',#6340,#4631,#4632);
#3770=AXIS2_PLACEMENT_3D('',#6341,#4633,#4634);
#3771=AXIS2_PLACEMENT_3D('',#6343,#4635,#4636);
#3772=AXIS2_PLACEMENT_3D('',#6346,#4638,#4639);
#3773=AXIS2_PLACEMENT_3D('',#6347,#4640,#4641);
#3774=AXIS2_PLACEMENT_3D('',#6349,#4642,#4643);
#3775=AXIS2_PLACEMENT_3D('',#6350,#4644,#4645);
#3776=AXIS2_PLACEMENT_3D('',#6352,#4646,#4647);
#3777=AXIS2_PLACEMENT_3D('',#6353,#4648,#4649);
#3778=AXIS2_PLACEMENT_3D('',#6356,#4651,#4652);
#3779=AXIS2_PLACEMENT_3D('',#6357,#4653,#4654);
#3780=AXIS2_PLACEMENT_3D('',#6359,#4655,#4656);
#3781=AXIS2_PLACEMENT_3D('',#6362,#4658,#4659);
#3782=AXIS2_PLACEMENT_3D('',#6363,#4660,#4661);
#3783=AXIS2_PLACEMENT_3D('',#6365,#4662,#4663);
#3784=AXIS2_PLACEMENT_3D('',#6366,#4664,#4665);
#3785=AXIS2_PLACEMENT_3D('',#6368,#4666,#4667);
#3786=AXIS2_PLACEMENT_3D('',#6369,#4668,#4669);
#3787=AXIS2_PLACEMENT_3D('',#6372,#4671,#4672);
#3788=AXIS2_PLACEMENT_3D('',#6373,#4673,#4674);
#3789=AXIS2_PLACEMENT_3D('',#6375,#4675,#4676);
#3790=AXIS2_PLACEMENT_3D('',#6378,#4678,#4679);
#3791=AXIS2_PLACEMENT_3D('',#6379,#4680,#4681);
#3792=AXIS2_PLACEMENT_3D('',#6381,#4682,#4683);
#3793=AXIS2_PLACEMENT_3D('',#6382,#4684,#4685);
#3794=AXIS2_PLACEMENT_3D('',#6384,#4686,#4687);
#3795=AXIS2_PLACEMENT_3D('',#6385,#4688,#4689);
#3796=AXIS2_PLACEMENT_3D('',#6389,#4691,#4692);
#3797=AXIS2_PLACEMENT_3D('',#6397,#4693,#4694);
#3798=AXIS2_PLACEMENT_3D('',#6398,#4695,#4696);
#3799=AXIS2_PLACEMENT_3D('',#6402,#4699,#4700);
#3800=AXIS2_PLACEMENT_3D('',#6406,#4702,#4703);
#3801=AXIS2_PLACEMENT_3D('',#6410,#4705,#4706);
#3802=AXIS2_PLACEMENT_3D('',#6413,#4708,#4709);
#3803=AXIS2_PLACEMENT_3D('',#6415,#4711,#4712);
#3804=AXIS2_PLACEMENT_3D('',#6417,#4714,#4715);
#3805=AXIS2_PLACEMENT_3D('',#6419,#4717,#4718);
#3806=AXIS2_PLACEMENT_3D('',#6421,#4720,#4721);
#3807=AXIS2_PLACEMENT_3D('',#6423,#4723,#4724);
#3808=AXIS2_PLACEMENT_3D('',#6425,#4726,#4727);
#3809=AXIS2_PLACEMENT_3D('',#6427,#4729,#4730);
#3810=AXIS2_PLACEMENT_3D('',#6429,#4732,#4733);
#3811=AXIS2_PLACEMENT_3D('',#6462,#4735,#4736);
#3812=AXIS2_PLACEMENT_3D('',#6463,#4737,#4738);
#3813=AXIS2_PLACEMENT_3D('',#6464,#4739,#4740);
#3814=AXIS2_PLACEMENT_3D('',#6465,#4741,#4742);
#3815=AXIS2_PLACEMENT_3D('',#6467,#4743,#4744);
#3816=AXIS2_PLACEMENT_3D('',#6500,#4746,#4747);
#3817=AXIS2_PLACEMENT_3D('',#6501,#4748,#4749);
#3818=AXIS2_PLACEMENT_3D('',#6502,#4750,#4751);
#3819=AXIS2_PLACEMENT_3D('',#6504,#4752,#4753);
#3820=AXIS2_PLACEMENT_3D('',#6537,#4755,#4756);
#3821=AXIS2_PLACEMENT_3D('',#6538,#4757,#4758);
#3822=AXIS2_PLACEMENT_3D('',#6539,#4759,#4760);
#3823=AXIS2_PLACEMENT_3D('',#6541,#4761,#4762);
#3824=AXIS2_PLACEMENT_3D('',#6579,#4764,#4765);
#3825=AXIS2_PLACEMENT_3D('',#6580,#4766,#4767);
#3826=AXIS2_PLACEMENT_3D('',#6581,#4768,#4769);
#3827=AXIS2_PLACEMENT_3D('',#6582,#4770,#4771);
#3828=AXIS2_PLACEMENT_3D('',#6585,#4774,#4775);
#3829=AXIS2_PLACEMENT_3D('',#6586,#4776,#4777);
#3830=AXIS2_PLACEMENT_3D('',#6588,#4779,#4780);
#3831=AXIS2_PLACEMENT_3D('',#6590,#4782,#4783);
#3832=AXIS2_PLACEMENT_3D('',#6592,#4785,#4786);
#3833=AXIS2_PLACEMENT_3D('',#6594,#4788,#4789);
#3834=AXIS2_PLACEMENT_3D('',#6595,#4790,#4791);
#3835=AXIS2_PLACEMENT_3D('',#6597,#4793,#4794);
#3836=AXIS2_PLACEMENT_3D('',#6600,#4795,#4796);
#3837=AXIS2_PLACEMENT_3D('',#6604,#4798,#4799);
#3838=AXIS2_PLACEMENT_3D('',#6608,#4801,#4802);
#3839=AXIS2_PLACEMENT_3D('',#6612,#4804,#4805);
#3840=AXIS2_PLACEMENT_3D('',#6616,#4807,#4808);
#3841=AXIS2_PLACEMENT_3D('',#6620,#4810,#4811);
#3842=AXIS2_PLACEMENT_3D('',#6622,#4813,#4814);
#3843=AXIS2_PLACEMENT_3D('',#6625,#4815,#4816);
#3844=AXIS2_PLACEMENT_3D('',#6629,#4818,#4819);
#3845=AXIS2_PLACEMENT_3D('',#6633,#4821,#4822);
#3846=AXIS2_PLACEMENT_3D('',#6637,#4824,#4825);
#3847=AXIS2_PLACEMENT_3D('',#6641,#4827,#4828);
#3848=AXIS2_PLACEMENT_3D('',#6645,#4830,#4831);
#3849=AXIS2_PLACEMENT_3D('',#6647,#4833,#4834);
#3850=AXIS2_PLACEMENT_3D('',#6650,#4837,#4838);
#3851=AXIS2_PLACEMENT_3D('',#6652,#4840,#4841);
#3852=AXIS2_PLACEMENT_3D('',#6654,#4843,#4844);
#3853=AXIS2_PLACEMENT_3D('',#6656,#4846,#4847);
#3854=AXIS2_PLACEMENT_3D('',#6661,#4852,#4853);
#3855=AXIS2_PLACEMENT_3D('',#6663,#4855,#4856);
#3856=AXIS2_PLACEMENT_3D('',#6665,#4858,#4859);
#3857=AXIS2_PLACEMENT_3D('',#6666,#4860,#4861);
#3858=AXIS2_PLACEMENT_3D('',#6668,#4863,#4864);
#3859=AXIS2_PLACEMENT_3D('',#6670,#4866,#4867);
#3860=AXIS2_PLACEMENT_3D('',#6672,#4869,#4870);
#3861=AXIS2_PLACEMENT_3D('',#6674,#4872,#4873);
#3862=AXIS2_PLACEMENT_3D('',#6676,#4875,#4876);
#3863=AXIS2_PLACEMENT_3D('',#6678,#4878,#4879);
#3864=AXIS2_PLACEMENT_3D('',#6680,#4881,#4882);
#3865=AXIS2_PLACEMENT_3D('',#6682,#4884,#4885);
#3866=AXIS2_PLACEMENT_3D('',#6684,#4887,#4888);
#3867=AXIS2_PLACEMENT_3D('',#6686,#4890,#4891);
#3868=AXIS2_PLACEMENT_3D('',#6687,#4892,#4893);
#3869=AXIS2_PLACEMENT_3D('',#6689,#4895,#4896);
#3870=AXIS2_PLACEMENT_3D('',#6691,#4898,#4899);
#3871=AXIS2_PLACEMENT_3D('',#6693,#4901,#4902);
#3872=AXIS2_PLACEMENT_3D('',#6695,#4904,#4905);
#3873=AXIS2_PLACEMENT_3D('',#6697,#4907,#4908);
#3874=AXIS2_PLACEMENT_3D('',#6699,#4910,#4911);
#3875=AXIS2_PLACEMENT_3D('',#6700,#4912,#4913);
#3876=AXIS2_PLACEMENT_3D('',#6701,#4914,#4915);
#3877=DIRECTION('axis',(0.,0.,1.));
#3878=DIRECTION('refdir',(1.,0.,0.));
#3879=DIRECTION('axis',(0.,0.,1.));
#3880=DIRECTION('refdir',(1.,0.,0.));
#3881=DIRECTION('axis',(0.,0.,1.));
#3882=DIRECTION('refdir',(1.,0.,0.));
#3883=DIRECTION('center_axis',(0.,0.0871557427476546,0.996194698091746));
#3884=DIRECTION('ref_axis',(1.,-1.23045524224741E-32,0.));
#3885=DIRECTION('center_axis',(0.,0.,-1.));
#3886=DIRECTION('ref_axis',(1.22110855227359E-32,1.,0.));
#3887=DIRECTION('',(0.,0.0871557427476546,0.996194698091746));
#3888=DIRECTION('center_axis',(-1.38249786353872E-17,0.0871557427476537,
0.996194698091746));
#3889=DIRECTION('ref_axis',(1.,1.20492628143762E-18,1.37723704178044E-17));
#3890=DIRECTION('',(0.,0.0871557427476546,0.996194698091746));
#3891=DIRECTION('center_axis',(1.,-4.24703343679089E-15,3.71567279334732E-16));
#3892=DIRECTION('ref_axis',(4.2632564145606E-15,0.996194698091746,-0.0871557427476544));
#3893=DIRECTION('',(-4.24703343679089E-15,-1.,0.));
#3894=DIRECTION('',(-4.2632564145606E-15,-0.996194698091746,0.0871557427476544));
#3895=DIRECTION('',(3.71567279334732E-16,0.,-1.));
#3896=DIRECTION('',(-4.24703343679089E-15,-1.,0.));
#3897=DIRECTION('',(3.71567279334732E-16,5.1558896630321E-31,-1.));
#3898=DIRECTION('center_axis',(1.90323947078598E-15,0.996194698091746,-0.0871557427476546));
#3899=DIRECTION('ref_axis',(-1.,1.87640270174976E-15,-3.89842903596272E-16));
#3900=DIRECTION('',(1.,-1.91050953637046E-15,0.));
#3901=DIRECTION('',(0.,0.0871557427476546,0.996194698091746));
#3902=DIRECTION('',(1.,-1.87640270174976E-15,3.89842903596272E-16));
#3903=DIRECTION('center_axis',(-1.,1.41567781226363E-15,-1.23855759778244E-16));
#3904=DIRECTION('ref_axis',(-1.4210854715202E-15,-0.996194698091746,0.0871557427476546));
#3905=DIRECTION('',(1.41567781226363E-15,1.,0.));
#3906=DIRECTION('',(-1.23855759778244E-16,-1.71862988767737E-31,1.));
#3907=DIRECTION('',(1.41567781226363E-15,1.,0.));
#3908=DIRECTION('',(-1.23855759778244E-16,0.,1.));
#3909=DIRECTION('',(1.4210854715202E-15,0.996194698091746,-0.0871557427476546));
#3910=DIRECTION('',(0.,0.0871557427476546,0.996194698091746));
#3911=DIRECTION('center_axis',(0.,0.0871557427476546,0.996194698091746));
#3912=DIRECTION('ref_axis',(0.,0.996194698091746,-0.0871557427476546));
#3913=DIRECTION('center_axis',(0.,0.,-1.));
#3914=DIRECTION('ref_axis',(0.,1.,0.));
#3915=DIRECTION('center_axis',(0.,0.0871557427476546,0.996194698091746));
#3916=DIRECTION('ref_axis',(0.,0.996194698091746,-0.0871557427476546));
#3917=DIRECTION('center_axis',(1.38760594642871E-15,-1.,0.));
#3918=DIRECTION('ref_axis',(-1.,-1.38760594642871E-15,0.));
#3919=DIRECTION('',(1.,1.38760594642871E-15,0.));
#3920=DIRECTION('',(0.,0.,-1.));
#3921=DIRECTION('',(1.,4.18344013894816E-16,0.));
#3922=DIRECTION('',(0.,0.,1.));
#3923=DIRECTION('',(-1.,-1.38760594642871E-15,0.));
#3924=DIRECTION('',(0.,0.,1.));
#3925=DIRECTION('',(1.,4.18344013894816E-16,0.));
#3926=DIRECTION('center_axis',(0.,1.,0.));
#3927=DIRECTION('ref_axis',(1.,0.,0.));
#3928=DIRECTION('',(-1.,0.,0.));
#3929=DIRECTION('',(0.,0.,-1.));
#3930=DIRECTION('',(-1.,0.,0.));
#3931=DIRECTION('center_axis',(0.,0.,-1.));
#3932=DIRECTION('ref_axis',(-1.,0.,0.));
#3933=DIRECTION('center_axis',(0.,0.,-1.));
#3934=DIRECTION('ref_axis',(1.,0.,0.));
#3935=DIRECTION('',(0.,-1.,0.));
#3936=DIRECTION('center_axis',(0.,0.,-1.));
#3937=DIRECTION('ref_axis',(1.77635683940025E-14,-1.,0.));
#3938=DIRECTION('',(-1.,0.,0.));
#3939=DIRECTION('center_axis',(0.,0.,-1.));
#3940=DIRECTION('ref_axis',(-1.,0.,0.));
#3941=DIRECTION('',(0.,1.,0.));
#3942=DIRECTION('center_axis',(0.,0.,-1.));
#3943=DIRECTION('ref_axis',(-2.22044604925031E-15,1.,0.));
#3944=DIRECTION('',(1.,0.,0.));
#3945=DIRECTION('',(1.,1.38760594642871E-15,0.));
#3946=DIRECTION('center_axis',(0.,0.,-1.));
#3947=DIRECTION('ref_axis',(-1.,0.,0.));
#3948=DIRECTION('',(1.64477485129653E-16,1.,0.));
#3949=DIRECTION('center_axis',(0.,0.,-1.));
#3950=DIRECTION('ref_axis',(-2.66453525910037E-14,-1.,0.));
#3951=DIRECTION('',(-1.,0.,0.));
#3952=DIRECTION('center_axis',(0.,0.,-1.));
#3953=DIRECTION('ref_axis',(1.,1.1842378929335E-14,0.));
#3954=DIRECTION('',(0.,1.,0.));
#3955=DIRECTION('center_axis',(0.,0.,-1.));
#3956=DIRECTION('ref_axis',(0.,1.,0.));
#3957=DIRECTION('',(1.,0.,0.));
#3958=DIRECTION('center_axis',(0.,0.,-1.));
#3959=DIRECTION('ref_axis',(1.,-1.77635683940023E-14,0.));
#3960=DIRECTION('',(-2.94831010688839E-15,-1.,0.));
#3961=DIRECTION('center_axis',(0.,0.,-1.));
#3962=DIRECTION('ref_axis',(0.,-1.,0.));
#3963=DIRECTION('',(-1.,0.,0.));
#3964=DIRECTION('center_axis',(0.,0.,-1.));
#3965=DIRECTION('ref_axis',(-1.,8.88178419700124E-15,0.));
#3966=DIRECTION('',(0.,1.,0.));
#3967=DIRECTION('center_axis',(0.,0.,-1.));
#3968=DIRECTION('ref_axis',(0.,1.,0.));
#3969=DIRECTION('',(1.,0.,0.));
#3970=DIRECTION('center_axis',(0.,0.,-1.));
#3971=DIRECTION('ref_axis',(1.,-4.44089209850056E-15,0.));
#3972=DIRECTION('',(-2.94831010688838E-15,-1.,0.));
#3973=DIRECTION('center_axis',(0.,0.,-1.));
#3974=DIRECTION('ref_axis',(0.,-1.,0.));
#3975=DIRECTION('',(-1.,0.,0.));
#3976=DIRECTION('center_axis',(0.,0.,-1.));
#3977=DIRECTION('ref_axis',(-1.,-8.88178419700124E-15,0.));
#3978=DIRECTION('',(7.37077526722094E-16,1.,0.));
#3979=DIRECTION('center_axis',(0.,0.,-1.));
#3980=DIRECTION('ref_axis',(-6.6613381477509E-15,1.,0.));
#3981=DIRECTION('',(1.,7.34031751818285E-17,0.));
#3982=DIRECTION('center_axis',(0.,0.,-1.));
#3983=DIRECTION('ref_axis',(1.,0.,0.));
#3984=DIRECTION('',(2.94831010688838E-15,-1.,0.));
#3985=DIRECTION('center_axis',(0.,0.,-1.));
#3986=DIRECTION('ref_axis',(0.,-1.,0.));
#3987=DIRECTION('',(-1.,0.,0.));
#3988=DIRECTION('center_axis',(0.,0.,-1.));
#3989=DIRECTION('ref_axis',(-1.,0.,0.));
#3990=DIRECTION('',(0.,1.,0.));
#3991=DIRECTION('center_axis',(0.,0.,-1.));
#3992=DIRECTION('ref_axis',(2.22044604925033E-15,1.,0.));
#3993=DIRECTION('center_axis',(0.,-0.0871557427476546,-0.996194698091746));
#3994=DIRECTION('ref_axis',(0.,-0.996194698091746,0.0871557427476546));
#3995=DIRECTION('',(1.,0.,0.));
#3996=DIRECTION('center_axis',(0.,-0.0871557427476546,-0.996194698091746));
#3997=DIRECTION('ref_axis',(-2.21199658166192E-15,0.996194698091746,-0.0871557427476546));
#3998=DIRECTION('',(0.,0.996194698091746,-0.0871557427476546));
#3999=DIRECTION('center_axis',(0.,0.0871557427476546,0.996194698091746));
#4000=DIRECTION('ref_axis',(0.,0.996194698091746,-0.0871557427476546));
#4001=DIRECTION('',(1.,0.,0.));
#4002=DIRECTION('center_axis',(0.,0.0871557427476546,0.996194698091746));
#4003=DIRECTION('ref_axis',(1.76959726532954E-14,-0.996194698091746,0.0871557427476546));
#4004=DIRECTION('',(0.,-0.996194698091746,0.0871557427476546));
#4005=DIRECTION('center_axis',(0.,-0.0871557427476546,-0.996194698091746));
#4006=DIRECTION('ref_axis',(0.,-0.996194698091746,0.0871557427476546));
#4007=DIRECTION('center_axis',(0.,-0.0871557427476546,-0.996194698091746));
#4008=DIRECTION('ref_axis',(1.,0.,1.38777878078145E-17));
#4009=DIRECTION('center_axis',(0.,-0.0871557427476546,-0.996194698091746));
#4010=DIRECTION('ref_axis',(1.,0.,1.38777878078145E-17));
#4011=DIRECTION('center_axis',(0.,-0.0871557427476546,-0.996194698091746));
#4012=DIRECTION('ref_axis',(1.,0.,1.38777878078145E-17));
#4013=DIRECTION('center_axis',(0.,-0.0871557427476546,-0.996194698091746));
#4014=DIRECTION('ref_axis',(1.,0.,1.38777878078145E-17));
#4015=DIRECTION('center_axis',(0.,0.,-1.));
#4016=DIRECTION('ref_axis',(-1.,0.,0.));
#4017=DIRECTION('',(1.,0.,0.));
#4018=DIRECTION('center_axis',(0.,0.,1.));
#4019=DIRECTION('ref_axis',(1.,-3.5527136788005E-15,0.));
#4020=DIRECTION('',(-3.62829198150336E-15,1.,0.));
#4021=DIRECTION('center_axis',(0.,0.,1.));
#4022=DIRECTION('ref_axis',(7.10542735760099E-15,1.,0.));
#4023=DIRECTION('',(-1.,0.,0.));
#4024=DIRECTION('center_axis',(0.,0.,1.));
#4025=DIRECTION('ref_axis',(-1.,-8.88178419700126E-16,0.));
#4026=DIRECTION('',(0.,-1.,0.));
#4027=DIRECTION('center_axis',(0.,0.,1.));
#4028=DIRECTION('ref_axis',(-2.66453525910037E-15,-1.,0.));
#4029=DIRECTION('center_axis',(0.,0.,1.));
#4030=DIRECTION('ref_axis',(0.,-1.,0.));
#4031=DIRECTION('',(-1.,1.30909870206226E-15,0.));
#4032=DIRECTION('center_axis',(0.,0.,-1.));
#4033=DIRECTION('ref_axis',(-1.,-9.99200722162627E-15,0.));
#4034=DIRECTION('',(0.,1.,0.));
#4035=DIRECTION('center_axis',(0.,0.,-1.));
#4036=DIRECTION('ref_axis',(0.,1.,0.));
#4037=DIRECTION('',(1.,0.,0.));
#4038=DIRECTION('center_axis',(0.,0.,-1.));
#4039=DIRECTION('ref_axis',(1.,2.7755575615628E-14,0.));
#4040=DIRECTION('',(0.,-1.,0.));
#4041=DIRECTION('center_axis',(0.,0.,-1.));
#4042=DIRECTION('ref_axis',(1.7763568394002E-14,-1.,0.));
#4043=DIRECTION('',(-1.,-1.04256325505666E-15,0.));
#4044=DIRECTION('center_axis',(0.,0.,1.));
#4045=DIRECTION('ref_axis',(7.10542735760101E-14,1.,0.));
#4046=DIRECTION('center_axis',(0.,0.,-1.));
#4047=DIRECTION('ref_axis',(0.,1.,0.));
#4048=DIRECTION('',(-8.77213254024815E-16,-1.,0.));
#4049=DIRECTION('center_axis',(0.,0.,-1.));
#4050=DIRECTION('ref_axis',(1.,1.1842378929335E-14,0.));
#4051=DIRECTION('',(-1.,5.55719397530385E-16,0.));
#4052=DIRECTION('center_axis',(0.,0.,1.));
#4053=DIRECTION('ref_axis',(-1.,-1.77635683940029E-14,0.));
#4054=DIRECTION('',(1.,-2.08990894327864E-15,0.));
#4055=DIRECTION('center_axis',(0.,0.,-1.));
#4056=DIRECTION('ref_axis',(0.,1.,0.));
#4057=DIRECTION('',(-1.77635683940024E-14,-1.,0.));
#4058=DIRECTION('center_axis',(0.,0.,-1.));
#4059=DIRECTION('ref_axis',(1.,8.88178419700144E-15,0.));
#4060=DIRECTION('',(-1.,-3.70074341541718E-16,0.));
#4061=DIRECTION('center_axis',(0.,0.,-1.));
#4062=DIRECTION('ref_axis',(0.,-1.,0.));
#4063=DIRECTION('',(1.77635683940024E-14,1.,0.));
#4064=DIRECTION('center_axis',(0.,0.,-1.));
#4065=DIRECTION('ref_axis',(-1.,-8.88178419700144E-15,0.));
#4066=DIRECTION('',(1.,3.13463132096908E-15,0.));
#4067=DIRECTION('center_axis',(0.,0.,1.));
#4068=DIRECTION('ref_axis',(1.,-1.77635683940023E-14,0.));
#4069=DIRECTION('',(-1.,2.36847492851877E-16,0.));
#4070=DIRECTION('center_axis',(0.,0.,1.));
#4071=DIRECTION('ref_axis',(-1.,1.77635683940023E-14,0.));
#4072=DIRECTION('',(1.,0.,0.));
#4073=DIRECTION('center_axis',(0.,0.,-1.));
#4074=DIRECTION('ref_axis',(0.,1.,0.));
#4075=DIRECTION('',(0.,-1.,0.));
#4076=DIRECTION('center_axis',(0.,0.,-1.));
#4077=DIRECTION('ref_axis',(1.,0.,0.));
#4078=DIRECTION('',(-1.,0.,0.));
#4079=DIRECTION('center_axis',(0.,0.,-1.));
#4080=DIRECTION('ref_axis',(4.44089209850064E-15,-1.,0.));
#4081=DIRECTION('',(-2.2204460492503E-15,1.,0.));
#4082=DIRECTION('center_axis',(0.,0.,-1.));
#4083=DIRECTION('ref_axis',(-1.,0.,0.));
#4084=DIRECTION('',(1.,0.,0.));
#4085=DIRECTION('center_axis',(0.,0.,1.));
#4086=DIRECTION('ref_axis',(1.,0.,0.));
#4087=DIRECTION('',(-1.,0.,0.));
#4088=DIRECTION('center_axis',(0.,0.,-1.));
#4089=DIRECTION('ref_axis',(-2.66453525910037E-14,-1.,0.));
#4090=DIRECTION('',(1.64477485129653E-16,1.,0.));
#4091=DIRECTION('center_axis',(0.,0.,-1.));
#4092=DIRECTION('ref_axis',(-1.,0.,0.));
#4093=DIRECTION('',(1.,-3.46988053448994E-16,0.));
#4094=DIRECTION('center_axis',(0.,0.,1.));
#4095=DIRECTION('ref_axis',(1.77635683940026E-14,-1.,0.));
#4096=DIRECTION('center_axis',(0.,0.,1.));
#4097=DIRECTION('ref_axis',(1.,-6.66133814775096E-15,0.));
#4098=DIRECTION('',(-1.,2.60749459073752E-16,0.));
#4099=DIRECTION('center_axis',(0.,0.,-1.));
#4100=DIRECTION('ref_axis',(-1.,1.11022302462516E-15,0.));
#4101=DIRECTION('',(0.,1.,0.));
#4102=DIRECTION('center_axis',(0.,0.,-1.));
#4103=DIRECTION('ref_axis',(0.,1.,0.));
#4104=DIRECTION('',(1.,-1.38777878078145E-16,0.));
#4105=DIRECTION('center_axis',(0.,0.,-1.));
#4106=DIRECTION('ref_axis',(1.,1.11022302462516E-15,0.));
#4107=DIRECTION('',(0.,-1.,0.));
#4108=DIRECTION('center_axis',(0.,0.,-1.));
#4109=DIRECTION('ref_axis',(0.,-1.,0.));
#4110=DIRECTION('',(-1.,0.,0.));
#4111=DIRECTION('center_axis',(0.,0.,1.));
#4112=DIRECTION('ref_axis',(0.,1.,0.));
#4113=DIRECTION('center_axis',(0.,0.,1.));
#4114=DIRECTION('ref_axis',(-1.,6.66133814775096E-15,0.));
#4115=DIRECTION('',(1.,-3.46988053448994E-16,0.));
#4116=DIRECTION('center_axis',(0.,0.,-1.));
#4117=DIRECTION('ref_axis',(1.,0.,0.));
#4118=DIRECTION('center_axis',(0.,0.,-1.));
#4119=DIRECTION('ref_axis',(1.,0.,0.));
#4120=DIRECTION('center_axis',(0.,0.,-1.));
#4121=DIRECTION('ref_axis',(1.,0.,0.));
#4122=DIRECTION('center_axis',(0.,0.,-1.));
#4123=DIRECTION('ref_axis',(1.,0.,0.));
#4124=DIRECTION('center_axis',(0.,0.,-1.));
#4125=DIRECTION('ref_axis',(1.,0.,0.));
#4126=DIRECTION('center_axis',(0.,0.,-1.));
#4127=DIRECTION('ref_axis',(1.,0.,0.));
#4128=DIRECTION('center_axis',(0.,0.,-1.));
#4129=DIRECTION('ref_axis',(1.,0.,0.));
#4130=DIRECTION('center_axis',(0.,0.,-1.));
#4131=DIRECTION('ref_axis',(1.,0.,0.));
#4132=DIRECTION('center_axis',(0.,1.,0.));
#4133=DIRECTION('ref_axis',(1.,0.,0.));
#4134=DIRECTION('',(1.,0.,7.10028718129854E-18));
#4135=DIRECTION('',(0.,0.,-1.));
#4136=DIRECTION('',(0.,0.,-1.));
#4137=DIRECTION('center_axis',(-1.30909870206226E-15,-1.,0.));
#4138=DIRECTION('ref_axis',(-1.,1.30909870206226E-15,0.));
#4139=DIRECTION('',(0.,0.,-1.));
#4140=DIRECTION('',(-1.,1.30909870206226E-15,0.));
#4141=DIRECTION('',(0.,0.,-1.));
#4142=DIRECTION('center_axis',(0.,0.,-1.));
#4143=DIRECTION('ref_axis',(-1.,-9.99200722162627E-15,0.));
#4144=DIRECTION('center_axis',(0.,0.,-1.));
#4145=DIRECTION('ref_axis',(-1.,-9.99200722162627E-15,0.));
#4146=DIRECTION('',(0.,0.,-1.));
#4147=DIRECTION('center_axis',(-1.,0.,0.));
#4148=DIRECTION('ref_axis',(0.,1.,0.));
#4149=DIRECTION('',(0.,1.,0.));
#4150=DIRECTION('',(0.,0.,-1.));
#4151=DIRECTION('center_axis',(0.,0.,-1.));
#4152=DIRECTION('ref_axis',(0.,1.,0.));
#4153=DIRECTION('center_axis',(0.,0.,-1.));
#4154=DIRECTION('ref_axis',(0.,1.,0.));
#4155=DIRECTION('',(0.,0.,-1.));
#4156=DIRECTION('center_axis',(0.,1.,0.));
#4157=DIRECTION('ref_axis',(1.,0.,0.));
#4158=DIRECTION('',(1.,0.,0.));
#4159=DIRECTION('',(0.,0.,-1.));
#4160=DIRECTION('center_axis',(0.,0.,-1.));
#4161=DIRECTION('ref_axis',(1.,2.7755575615628E-14,0.));
#4162=DIRECTION('center_axis',(0.,0.,-1.));
#4163=DIRECTION('ref_axis',(1.,2.7755575615628E-14,0.));
#4164=DIRECTION('',(0.,0.,-1.));
#4165=DIRECTION('center_axis',(1.,0.,0.));
#4166=DIRECTION('ref_axis',(0.,-1.,0.));
#4167=DIRECTION('',(0.,-1.,0.));
#4168=DIRECTION('',(0.,0.,-1.));
#4169=DIRECTION('center_axis',(0.,0.,-1.));
#4170=DIRECTION('ref_axis',(0.,-1.,0.));
#4171=DIRECTION('center_axis',(0.,0.,1.));
#4172=DIRECTION('ref_axis',(0.,-1.,0.));
#4173=DIRECTION('center_axis',(0.,0.,-1.));
#4174=DIRECTION('ref_axis',(7.10542735760101E-14,1.,0.));
#4175=DIRECTION('',(0.,0.,-1.));
#4176=DIRECTION('center_axis',(0.,0.,1.));
#4177=DIRECTION('ref_axis',(7.10542735760101E-14,1.,0.));
#4178=DIRECTION('center_axis',(1.04256325505666E-15,-1.,0.));
#4179=DIRECTION('ref_axis',(-1.,-1.04256325505666E-15,0.));
#4180=DIRECTION('',(0.,0.,-1.));
#4181=DIRECTION('',(-1.,-1.04256325505666E-15,0.));
#4182=DIRECTION('center_axis',(0.,0.,-1.));
#4183=DIRECTION('ref_axis',(1.7763568394002E-14,-1.,0.));
#4184=DIRECTION('center_axis',(0.,0.,-1.));
#4185=DIRECTION('ref_axis',(1.7763568394002E-14,-1.,0.));
#4186=DIRECTION('center_axis',(0.,0.,1.));
#4187=DIRECTION('ref_axis',(1.,0.,0.));
#4188=DIRECTION('center_axis',(0.,0.,-1.));
#4189=DIRECTION('ref_axis',(1.,-6.66133814775096E-15,0.));
#4190=DIRECTION('',(0.,0.,-1.));
#4191=DIRECTION('center_axis',(0.,0.,1.));
#4192=DIRECTION('ref_axis',(1.,-6.66133814775096E-15,0.));
#4193=DIRECTION('',(0.,0.,-1.));
#4194=DIRECTION('center_axis',(-2.60749459073752E-16,-1.,0.));
#4195=DIRECTION('ref_axis',(-1.,2.60749459073752E-16,0.));
#4196=DIRECTION('',(-1.,2.60749459073752E-16,0.));
#4197=DIRECTION('',(0.,0.,-1.));
#4198=DIRECTION('center_axis',(0.,0.,-1.));
#4199=DIRECTION('ref_axis',(-1.,1.11022302462516E-15,0.));
#4200=DIRECTION('center_axis',(0.,0.,-1.));
#4201=DIRECTION('ref_axis',(-1.,1.11022302462516E-15,0.));
#4202=DIRECTION('',(0.,0.,-1.));
#4203=DIRECTION('center_axis',(-1.,0.,0.));
#4204=DIRECTION('ref_axis',(0.,1.,0.));
#4205=DIRECTION('',(0.,1.,0.));
#4206=DIRECTION('',(0.,0.,-1.));
#4207=DIRECTION('center_axis',(0.,0.,-1.));
#4208=DIRECTION('ref_axis',(0.,1.,0.));
#4209=DIRECTION('center_axis',(0.,0.,-1.));
#4210=DIRECTION('ref_axis',(0.,1.,0.));
#4211=DIRECTION('',(0.,0.,-1.));
#4212=DIRECTION('center_axis',(1.38777878078145E-16,1.,0.));
#4213=DIRECTION('ref_axis',(1.,-1.38777878078145E-16,0.));
#4214=DIRECTION('',(1.,-1.38777878078145E-16,0.));
#4215=DIRECTION('',(0.,0.,-1.));
#4216=DIRECTION('center_axis',(0.,0.,-1.));
#4217=DIRECTION('ref_axis',(1.,1.11022302462516E-15,0.));
#4218=DIRECTION('center_axis',(0.,0.,-1.));
#4219=DIRECTION('ref_axis',(1.,1.11022302462516E-15,0.));
#4220=DIRECTION('',(0.,0.,-1.));
#4221=DIRECTION('center_axis',(1.,0.,0.));
#4222=DIRECTION('ref_axis',(0.,-1.,0.));
#4223=DIRECTION('',(0.,-1.,0.));
#4224=DIRECTION('',(0.,0.,-1.));
#4225=DIRECTION('center_axis',(0.,0.,-1.));
#4226=DIRECTION('ref_axis',(1.77635683940026E-14,-1.,0.));
#4227=DIRECTION('',(0.,0.,1.));
#4228=DIRECTION('center_axis',(0.,0.,1.));
#4229=DIRECTION('ref_axis',(1.77635683940026E-14,-1.,0.));
#4230=DIRECTION('center_axis',(0.,0.,-1.));
#4231=DIRECTION('ref_axis',(-1.,6.66133814775096E-15,0.));
#4232=DIRECTION('',(0.,0.,-1.));
#4233=DIRECTION('center_axis',(0.,0.,1.));
#4234=DIRECTION('ref_axis',(-1.,6.66133814775096E-15,0.));
#4235=DIRECTION('',(0.,0.,1.));
#4236=DIRECTION('center_axis',(0.,0.,-1.));
#4237=DIRECTION('ref_axis',(0.,1.,0.));
#4238=DIRECTION('',(0.,0.,-1.));
#4239=DIRECTION('center_axis',(0.,0.,1.));
#4240=DIRECTION('ref_axis',(0.,1.,0.));
#4241=DIRECTION('center_axis',(0.,-1.,0.));
#4242=DIRECTION('ref_axis',(-1.,0.,0.));
#4243=DIRECTION('',(0.,0.,-1.));
#4244=DIRECTION('',(-1.,0.,0.));
#4245=DIRECTION('center_axis',(0.,0.,-1.));
#4246=DIRECTION('ref_axis',(0.,-1.,0.));
#4247=DIRECTION('center_axis',(0.,0.,-1.));
#4248=DIRECTION('ref_axis',(0.,-1.,0.));
#4249=DIRECTION('center_axis',(0.,0.,1.));
#4250=DIRECTION('ref_axis',(1.,0.,0.));
#4251=DIRECTION('',(-1.,-1.38760594642871E-15,0.));
#4252=DIRECTION('center_axis',(-1.3824978635387E-17,0.0871557427476546,
0.996194698091746));
#4253=DIRECTION('ref_axis',(1.,0.,1.38777878078145E-17));
#4254=DIRECTION('center_axis',(1.3824978635387E-17,-0.0871557427476546,
-0.996194698091746));
#4255=DIRECTION('ref_axis',(1.,0.,1.38777878078145E-17));
#4256=DIRECTION('',(0.857167300702112,-0.0448885259621081,-0.513078199540776));
#4257=DIRECTION('center_axis',(1.3824978635387E-17,-0.0871557427476546,
-0.996194698091746));
#4258=DIRECTION('ref_axis',(1.,0.,1.38777878078145E-17));
#4259=DIRECTION('',(1.3824978635387E-17,-0.0871557427476546,-0.996194698091746));
#4260=DIRECTION('center_axis',(-1.3824978635387E-17,0.0871557427476546,
0.996194698091746));
#4261=DIRECTION('ref_axis',(1.,0.,1.38777878078145E-17));
#4262=DIRECTION('center_axis',(1.3824978635387E-17,-0.0871557427476546,
-0.996194698091746));
#4263=DIRECTION('ref_axis',(1.,0.,1.38777878078145E-17));
#4264=DIRECTION('',(0.857167300702112,-0.0448885259621081,-0.513078199540776));
#4265=DIRECTION('center_axis',(1.3824978635387E-17,-0.0871557427476546,
-0.996194698091746));
#4266=DIRECTION('ref_axis',(1.,0.,1.38777878078145E-17));
#4267=DIRECTION('',(1.3824978635387E-17,-0.0871557427476546,-0.996194698091746));
#4268=DIRECTION('center_axis',(-1.3824978635387E-17,0.0871557427476546,
0.996194698091746));
#4269=DIRECTION('ref_axis',(1.,0.,1.38777878078145E-17));
#4270=DIRECTION('center_axis',(1.3824978635387E-17,-0.0871557427476546,
-0.996194698091746));
#4271=DIRECTION('ref_axis',(1.,0.,1.38777878078145E-17));
#4272=DIRECTION('',(0.857167300702112,-0.0448885259621081,-0.513078199540776));
#4273=DIRECTION('center_axis',(1.3824978635387E-17,-0.0871557427476546,
-0.996194698091746));
#4274=DIRECTION('ref_axis',(1.,0.,1.38777878078145E-17));
#4275=DIRECTION('',(1.3824978635387E-17,-0.0871557427476546,-0.996194698091746));
#4276=DIRECTION('center_axis',(-1.3824978635387E-17,0.0871557427476546,
0.996194698091746));
#4277=DIRECTION('ref_axis',(1.,0.,1.38777878078145E-17));
#4278=DIRECTION('center_axis',(1.3824978635387E-17,-0.0871557427476546,
-0.996194698091746));
#4279=DIRECTION('ref_axis',(1.,0.,1.38777878078145E-17));
#4280=DIRECTION('',(0.857167300702112,-0.0448885259621081,-0.513078199540776));
#4281=DIRECTION('center_axis',(1.3824978635387E-17,-0.0871557427476546,
-0.996194698091746));
#4282=DIRECTION('ref_axis',(1.,0.,1.38777878078145E-17));
#4283=DIRECTION('',(1.3824978635387E-17,-0.0871557427476546,-0.996194698091746));
#4284=DIRECTION('center_axis',(1.38760594642871E-15,-1.,0.));
#4285=DIRECTION('ref_axis',(-1.,-1.38760594642871E-15,0.));
#4286=DIRECTION('',(0.,0.,-1.));
#4287=DIRECTION('center_axis',(0.,0.996194698091745,-0.0871557427476599));
#4288=DIRECTION('ref_axis',(0.,-0.0871557427476599,-0.996194698091745));
#4289=DIRECTION('',(0.,0.0871557427476555,0.996194698091746));
#4290=DIRECTION('',(-1.,0.,0.));
#4291=DIRECTION('center_axis',(0.,-0.996194698091745,0.0871557427476599));
#4292=DIRECTION('ref_axis',(1.54819699722814E-15,-0.0871557427476599,-0.996194698091745));
#4293=DIRECTION('center_axis',(0.,0.996194698091745,-0.0871557427476599));
#4294=DIRECTION('ref_axis',(0.,-0.0871557427476599,-0.996194698091745));
#4295=DIRECTION('',(0.,0.0871557427476555,0.996194698091746));
#4296=DIRECTION('center_axis',(0.,-0.996194698091745,0.0871557427476599));
#4297=DIRECTION('ref_axis',(0.,0.0871557427476599,0.996194698091745));
#4298=DIRECTION('',(-1.,0.,0.));
#4299=DIRECTION('center_axis',(0.,0.,1.));
#4300=DIRECTION('ref_axis',(0.,1.,0.));
#4301=DIRECTION('center_axis',(0.,0.,-1.));
#4302=DIRECTION('ref_axis',(1.77635683940025E-14,-1.,0.));
#4303=DIRECTION('center_axis',(0.,0.,-1.));
#4304=DIRECTION('ref_axis',(-1.,0.,0.));
#4305=DIRECTION('',(-1.,0.,0.));
#4306=DIRECTION('center_axis',(0.,0.,-1.));
#4307=DIRECTION('ref_axis',(-1.,0.,0.));
#4308=DIRECTION('center_axis',(0.,0.0871557427476546,0.996194698091746));
#4309=DIRECTION('ref_axis',(0.,0.996194698091746,-0.0871557427476546));
#4310=DIRECTION('',(0.,0.,-1.));
#4311=DIRECTION('',(0.,0.,1.));
#4312=DIRECTION('center_axis',(0.,1.,0.));
#4313=DIRECTION('ref_axis',(1.,0.,0.));
#4314=DIRECTION('',(0.,0.,-1.));
#4315=DIRECTION('center_axis',(0.,0.,1.));
#4316=DIRECTION('ref_axis',(1.,0.,0.));
#4317=DIRECTION('center_axis',(0.,0.,-1.));
#4318=DIRECTION('ref_axis',(1.,0.,0.));
#4319=DIRECTION('',(1.,7.34031751818285E-17,0.));
#4320=DIRECTION('center_axis',(0.,0.,-1.));
#4321=DIRECTION('ref_axis',(2.22044604925033E-15,1.,0.));
#4322=DIRECTION('',(0.,1.,0.));
#4323=DIRECTION('center_axis',(0.,0.,-1.));
#4324=DIRECTION('ref_axis',(-1.,0.,0.));
#4325=DIRECTION('',(-1.,0.,0.));
#4326=DIRECTION('center_axis',(0.,0.,-1.));
#4327=DIRECTION('ref_axis',(0.,-1.,0.));
#4328=DIRECTION('',(2.94831010688838E-15,-1.,0.));
#4329=DIRECTION('center_axis',(0.,0.,1.));
#4330=DIRECTION('ref_axis',(1.,0.,0.));
#4331=DIRECTION('center_axis',(0.,0.,-1.));
#4332=DIRECTION('ref_axis',(1.,-4.44089209850056E-15,0.));
#4333=DIRECTION('',(1.,0.,0.));
#4334=DIRECTION('center_axis',(0.,0.,-1.));
#4335=DIRECTION('ref_axis',(-6.6613381477509E-15,1.,0.));
#4336=DIRECTION('',(7.37077526722094E-16,1.,0.));
#4337=DIRECTION('center_axis',(0.,0.,-1.));
#4338=DIRECTION('ref_axis',(-1.,-8.88178419700124E-15,0.));
#4339=DIRECTION('',(-1.,0.,0.));
#4340=DIRECTION('center_axis',(0.,0.,-1.));
#4341=DIRECTION('ref_axis',(0.,-1.,0.));
#4342=DIRECTION('',(-2.94831010688838E-15,-1.,0.));
#4343=DIRECTION('center_axis',(0.,0.,1.));
#4344=DIRECTION('ref_axis',(1.,0.,0.));
#4345=DIRECTION('center_axis',(0.,0.,-1.));
#4346=DIRECTION('ref_axis',(1.,-1.77635683940023E-14,0.));
#4347=DIRECTION('',(1.,0.,0.));
#4348=DIRECTION('center_axis',(0.,0.,-1.));
#4349=DIRECTION('ref_axis',(0.,1.,0.));
#4350=DIRECTION('',(0.,1.,0.));
#4351=DIRECTION('center_axis',(0.,0.,-1.));
#4352=DIRECTION('ref_axis',(-1.,8.88178419700124E-15,0.));
#4353=DIRECTION('',(-1.,0.,0.));
#4354=DIRECTION('center_axis',(0.,0.,-1.));
#4355=DIRECTION('ref_axis',(0.,-1.,0.));
#4356=DIRECTION('',(-2.94831010688839E-15,-1.,0.));
#4357=DIRECTION('center_axis',(0.,0.,-1.));
#4358=DIRECTION('ref_axis',(-1.,0.,0.));
#4359=DIRECTION('',(0.,0.,-1.));
#4360=DIRECTION('',(0.,0.,-1.));
#4361=DIRECTION('center_axis',(-1.,0.,0.));
#4362=DIRECTION('ref_axis',(0.,1.,0.));
#4363=DIRECTION('',(0.,0.,-1.));
#4364=DIRECTION('center_axis',(0.,0.,-1.));
#4365=DIRECTION('ref_axis',(2.22044604925033E-15,1.,0.));
#4366=DIRECTION('',(0.,0.,-1.));
#4367=DIRECTION('center_axis',(-7.34031751818285E-17,1.,0.));
#4368=DIRECTION('ref_axis',(1.,7.34031751818285E-17,0.));
#4369=DIRECTION('',(0.,0.,1.));
#4370=DIRECTION('center_axis',(0.,0.,-1.));
#4371=DIRECTION('ref_axis',(-1.,-8.88178419700124E-15,0.));
#4372=DIRECTION('',(0.,0.,-1.));
#4373=DIRECTION('',(0.,0.,-1.));
#4374=DIRECTION('center_axis',(-1.,7.37077526722094E-16,0.));
#4375=DIRECTION('ref_axis',(7.37077526722094E-16,1.,0.));
#4376=DIRECTION('',(0.,0.,-1.));
#4377=DIRECTION('center_axis',(0.,0.,-1.));
#4378=DIRECTION('ref_axis',(-6.6613381477509E-15,1.,0.));
#4379=DIRECTION('',(0.,0.,-1.));
#4380=DIRECTION('center_axis',(0.,1.,0.));
#4381=DIRECTION('ref_axis',(1.,0.,0.));
#4382=DIRECTION('',(0.,0.,1.));
#4383=DIRECTION('center_axis',(0.,0.,-1.));
#4384=DIRECTION('ref_axis',(-1.,8.88178419700124E-15,0.));
#4385=DIRECTION('',(0.,0.,-1.));
#4386=DIRECTION('',(0.,0.,-1.));
#4387=DIRECTION('center_axis',(-1.,0.,0.));
#4388=DIRECTION('ref_axis',(0.,1.,0.));
#4389=DIRECTION('',(0.,0.,-1.));
#4390=DIRECTION('center_axis',(0.,0.,-1.));
#4391=DIRECTION('ref_axis',(0.,1.,0.));
#4392=DIRECTION('',(0.,0.,-1.));
#4393=DIRECTION('center_axis',(0.,1.,0.));
#4394=DIRECTION('ref_axis',(1.,0.,0.));
#4395=DIRECTION('',(0.,0.,1.));
#4396=DIRECTION('center_axis',(0.,0.0871557427476546,0.996194698091746));
#4397=DIRECTION('ref_axis',(1.76959726532954E-14,-0.996194698091746,0.0871557427476546));
#4398=DIRECTION('',(0.,0.0871557427476555,0.996194698091746));
#4399=DIRECTION('',(0.,0.0871557427476555,0.996194698091746));
#4400=DIRECTION('center_axis',(1.,0.,0.));
#4401=DIRECTION('ref_axis',(0.,-1.,0.));
#4402=DIRECTION('',(0.,0.,-1.));
#4403=DIRECTION('',(0.,0.,-1.));
#4404=DIRECTION('center_axis',(-1.,0.,0.));
#4405=DIRECTION('ref_axis',(0.,1.,0.));
#4406=DIRECTION('',(0.,0.,-1.));
#4407=DIRECTION('center_axis',(0.,0.,-1.));
#4408=DIRECTION('ref_axis',(-2.22044604925031E-15,1.,0.));
#4409=DIRECTION('center_axis',(0.,0.,-1.));
#4410=DIRECTION('ref_axis',(0.,1.,0.));
#4411=DIRECTION('',(0.,0.,-1.));
#4412=DIRECTION('center_axis',(-1.,8.77213254024815E-16,0.));
#4413=DIRECTION('ref_axis',(8.77213254024815E-16,1.,0.));
#4414=DIRECTION('',(0.,0.,-1.));
#4415=DIRECTION('center_axis',(0.,-1.,0.));
#4416=DIRECTION('ref_axis',(-1.,0.,0.));
#4417=DIRECTION('',(0.,0.,-1.));
#4418=DIRECTION('center_axis',(0.,0.,-1.));
#4419=DIRECTION('ref_axis',(0.,-1.,0.));
#4420=DIRECTION('',(0.,0.,-1.));
#4421=DIRECTION('center_axis',(1.,2.94831010688838E-15,0.));
#4422=DIRECTION('ref_axis',(2.94831010688838E-15,-1.,0.));
#4423=DIRECTION('',(0.,0.,-1.));
#4424=DIRECTION('center_axis',(0.,0.,-1.));
#4425=DIRECTION('ref_axis',(1.,0.,0.));
#4426=DIRECTION('center_axis',(0.,-1.,0.));
#4427=DIRECTION('ref_axis',(-1.,0.,0.));
#4428=DIRECTION('',(0.,0.,-1.));
#4429=DIRECTION('center_axis',(0.,0.,-1.));
#4430=DIRECTION('ref_axis',(0.,-1.,0.));
#4431=DIRECTION('',(0.,0.,-1.));
#4432=DIRECTION('center_axis',(1.,-2.94831010688838E-15,0.));
#4433=DIRECTION('ref_axis',(-2.94831010688838E-15,-1.,0.));
#4434=DIRECTION('',(0.,0.,-1.));
#4435=DIRECTION('center_axis',(0.,0.,-1.));
#4436=DIRECTION('ref_axis',(1.,-4.44089209850056E-15,0.));
#4437=DIRECTION('center_axis',(0.,-1.,0.));
#4438=DIRECTION('ref_axis',(-1.,0.,0.));
#4439=DIRECTION('',(0.,0.,-1.));
#4440=DIRECTION('center_axis',(0.,0.,-1.));
#4441=DIRECTION('ref_axis',(1.77635683940025E-14,-1.,0.));
#4442=DIRECTION('center_axis',(0.,0.,-1.));
#4443=DIRECTION('ref_axis',(1.,0.,0.));
#4444=DIRECTION('center_axis',(0.,-1.,0.));
#4445=DIRECTION('ref_axis',(-1.,0.,0.));
#4446=DIRECTION('',(0.,0.,-1.));
#4447=DIRECTION('center_axis',(0.,0.,-1.));
#4448=DIRECTION('ref_axis',(0.,-1.,0.));
#4449=DIRECTION('',(0.,0.,-1.));
#4450=DIRECTION('center_axis',(1.,-2.94831010688839E-15,0.));
#4451=DIRECTION('ref_axis',(-2.94831010688839E-15,-1.,0.));
#4452=DIRECTION('',(0.,0.,-1.));
#4453=DIRECTION('center_axis',(0.,0.,-1.));
#4454=DIRECTION('ref_axis',(1.,-1.77635683940023E-14,0.));
#4455=DIRECTION('center_axis',(0.,0.0871557427476687,0.996194698091745));
#4456=DIRECTION('ref_axis',(-8.26944819749418E-17,0.996194698091745,-0.0871557427476687));
#4457=DIRECTION('center_axis',(-7.07326844493839E-18,0.0871557427476582,
0.996194698091746));
#4458=DIRECTION('ref_axis',(-8.26944819749418E-17,0.996194698091745,-0.0871557427476687));
#4459=DIRECTION('',(0.,0.0871557427476687,0.996194698091745));
#4460=DIRECTION('center_axis',(-7.07326844493839E-18,0.0871557427476582,
0.996194698091746));
#4461=DIRECTION('ref_axis',(-8.26944819749418E-17,0.996194698091745,-0.0871557427476582));
#4462=DIRECTION('center_axis',(7.07326844493839E-18,-0.0871557427476582,
-0.996194698091746));
#4463=DIRECTION('ref_axis',(-8.26944819749418E-17,0.996194698091746,-0.0871557427476582));
#4464=DIRECTION('center_axis',(0.,0.0871557427476577,0.996194698091746));
#4465=DIRECTION('ref_axis',(-8.26944819749418E-17,0.996194698091745,-0.0871557427476577));
#4466=DIRECTION('center_axis',(-7.07326844493839E-18,0.0871557427476582,
0.996194698091746));
#4467=DIRECTION('ref_axis',(-8.26944819749418E-17,0.996194698091745,-0.0871557427476577));
#4468=DIRECTION('',(0.,0.0871557427476577,0.996194698091745));
#4469=DIRECTION('center_axis',(-7.07326844493839E-18,0.0871557427476582,
0.996194698091746));
#4470=DIRECTION('ref_axis',(-8.26944819749418E-17,0.996194698091745,-0.0871557427476582));
#4471=DIRECTION('center_axis',(7.07326844493839E-18,-0.0871557427476582,
-0.996194698091746));
#4472=DIRECTION('ref_axis',(-8.26944819749418E-17,0.996194698091746,-0.0871557427476582));
#4473=DIRECTION('center_axis',(0.,0.0871557427476577,0.996194698091746));
#4474=DIRECTION('ref_axis',(-8.26944819749418E-17,0.996194698091746,-0.0871557427476577));
#4475=DIRECTION('center_axis',(-7.07326844493839E-18,0.0871557427476582,
0.996194698091746));
#4476=DIRECTION('ref_axis',(-8.26944819749418E-17,0.996194698091746,-0.0871557427476577));
#4477=DIRECTION('',(0.,0.0871557427476577,0.996194698091746));
#4478=DIRECTION('center_axis',(-7.07326844493839E-18,0.0871557427476582,
0.996194698091746));
#4479=DIRECTION('ref_axis',(-8.26944819749418E-17,0.996194698091745,-0.0871557427476582));
#4480=DIRECTION('center_axis',(7.07326844493839E-18,-0.0871557427476582,
-0.996194698091746));
#4481=DIRECTION('ref_axis',(-8.26944819749418E-17,0.996194698091746,-0.0871557427476582));
#4482=DIRECTION('center_axis',(0.,0.0871557427476687,0.996194698091745));
#4483=DIRECTION('ref_axis',(-8.26944819749418E-17,0.996194698091745,-0.0871557427476687));
#4484=DIRECTION('center_axis',(-7.07326844493839E-18,0.0871557427476582,
0.996194698091746));
#4485=DIRECTION('ref_axis',(-8.26944819749418E-17,0.996194698091745,-0.0871557427476687));
#4486=DIRECTION('',(0.,0.0871557427476687,0.996194698091745));
#4487=DIRECTION('center_axis',(-7.07326844493839E-18,0.0871557427476582,
0.996194698091746));
#4488=DIRECTION('ref_axis',(-8.26944819749418E-17,0.996194698091745,-0.0871557427476582));
#4489=DIRECTION('center_axis',(7.07326844493839E-18,-0.0871557427476582,
-0.996194698091746));
#4490=DIRECTION('ref_axis',(-8.26944819749418E-17,0.996194698091746,-0.0871557427476582));
#4491=DIRECTION('center_axis',(0.,0.0871557427476687,0.996194698091745));
#4492=DIRECTION('ref_axis',(-8.26944819749418E-17,0.996194698091745,-0.0871557427476687));
#4493=DIRECTION('center_axis',(-7.07326844493839E-18,0.0871557427476582,
0.996194698091746));
#4494=DIRECTION('ref_axis',(-8.26944819749418E-17,0.996194698091745,-0.0871557427476687));
#4495=DIRECTION('',(0.,0.0871557427476687,0.996194698091745));
#4496=DIRECTION('center_axis',(-7.07326844493839E-18,0.0871557427476582,
0.996194698091746));
#4497=DIRECTION('ref_axis',(-8.26944819749418E-17,0.996194698091745,-0.0871557427476582));
#4498=DIRECTION('center_axis',(7.07326844493839E-18,-0.0871557427476582,
-0.996194698091746));
#4499=DIRECTION('ref_axis',(-8.26944819749418E-17,0.996194698091746,-0.0871557427476582));
#4500=DIRECTION('center_axis',(0.,0.0871557427476577,0.996194698091746));
#4501=DIRECTION('ref_axis',(-8.26944819749418E-17,0.996194698091746,-0.0871557427476577));
#4502=DIRECTION('center_axis',(-7.07326844493839E-18,0.0871557427476582,
0.996194698091746));
#4503=DIRECTION('ref_axis',(-8.26944819749418E-17,0.996194698091746,-0.0871557427476577));
#4504=DIRECTION('',(0.,0.0871557427476577,0.996194698091746));
#4505=DIRECTION('center_axis',(-7.07326844493839E-18,0.0871557427476582,
0.996194698091746));
#4506=DIRECTION('ref_axis',(-8.26944819749418E-17,0.996194698091745,-0.0871557427476582));
#4507=DIRECTION('center_axis',(7.07326844493839E-18,-0.0871557427476582,
-0.996194698091746));
#4508=DIRECTION('ref_axis',(-8.26944819749418E-17,0.996194698091746,-0.0871557427476582));
#4509=DIRECTION('center_axis',(0.,0.0871557427476577,0.996194698091746));
#4510=DIRECTION('ref_axis',(-8.26944819749418E-17,0.996194698091746,-0.0871557427476577));
#4511=DIRECTION('center_axis',(-7.07326844493839E-18,0.0871557427476582,
0.996194698091746));
#4512=DIRECTION('ref_axis',(-8.26944819749418E-17,0.996194698091746,-0.0871557427476577));
#4513=DIRECTION('',(0.,0.0871557427476577,0.996194698091746));
#4514=DIRECTION('center_axis',(-7.07326844493839E-18,0.0871557427476582,
0.996194698091746));
#4515=DIRECTION('ref_axis',(-8.26944819749418E-17,0.996194698091745,-0.0871557427476582));
#4516=DIRECTION('center_axis',(7.07326844493839E-18,-0.0871557427476582,
-0.996194698091746));
#4517=DIRECTION('ref_axis',(-8.26944819749418E-17,0.996194698091746,-0.0871557427476582));
#4518=DIRECTION('center_axis',(0.,0.0871557427476687,0.996194698091745));
#4519=DIRECTION('ref_axis',(-8.26944819749418E-17,0.996194698091745,-0.0871557427476687));
#4520=DIRECTION('center_axis',(-7.07326844493839E-18,0.0871557427476582,
0.996194698091746));
#4521=DIRECTION('ref_axis',(-8.26944819749418E-17,0.996194698091745,-0.0871557427476687));
#4522=DIRECTION('',(0.,0.0871557427476687,0.996194698091745));
#4523=DIRECTION('center_axis',(-7.07326844493839E-18,0.0871557427476582,
0.996194698091746));
#4524=DIRECTION('ref_axis',(-8.26944819749418E-17,0.996194698091745,-0.0871557427476582));
#4525=DIRECTION('center_axis',(7.07326844493839E-18,-0.0871557427476582,
-0.996194698091746));
#4526=DIRECTION('ref_axis',(-8.26944819749418E-17,0.996194698091746,-0.0871557427476582));
#4527=DIRECTION('center_axis',(0.,0.,-1.));
#4528=DIRECTION('ref_axis',(1.,0.,0.));
#4529=DIRECTION('center_axis',(0.,0.,1.));
#4530=DIRECTION('ref_axis',(1.,0.,0.));
#4531=DIRECTION('',(0.,0.,1.));
#4532=DIRECTION('center_axis',(0.,0.,-1.));
#4533=DIRECTION('ref_axis',(1.,0.,0.));
#4534=DIRECTION('center_axis',(0.,0.,1.));
#4535=DIRECTION('ref_axis',(1.,0.,0.));
#4536=DIRECTION('center_axis',(0.,0.,-1.));
#4537=DIRECTION('ref_axis',(1.,0.,0.));
#4538=DIRECTION('center_axis',(0.,0.,1.));
#4539=DIRECTION('ref_axis',(1.,0.,0.));
#4540=DIRECTION('center_axis',(0.,0.,1.));
#4541=DIRECTION('ref_axis',(1.,0.,0.));
#4542=DIRECTION('center_axis',(0.,0.,-1.));
#4543=DIRECTION('ref_axis',(1.,0.,0.));
#4544=DIRECTION('',(0.,0.,-1.));
#4545=DIRECTION('center_axis',(-7.07326844493839E-18,0.0871557427476582,
0.996194698091746));
#4546=DIRECTION('ref_axis',(0.,-0.996194698091746,0.0871557427476582));
#4547=DIRECTION('center_axis',(-7.07326844493839E-18,0.0871557427476582,
0.996194698091746));
#4548=DIRECTION('ref_axis',(0.,-0.996194698091746,0.0871557427476582));
#4549=DIRECTION('center_axis',(0.,0.,-1.));
#4550=DIRECTION('ref_axis',(1.,0.,0.));
#4551=DIRECTION('center_axis',(0.,0.,1.));
#4552=DIRECTION('ref_axis',(1.,0.,0.));
#4553=DIRECTION('',(0.,0.,1.));
#4554=DIRECTION('center_axis',(0.,0.,-1.));
#4555=DIRECTION('ref_axis',(1.,0.,0.));
#4556=DIRECTION('center_axis',(0.,0.,1.));
#4557=DIRECTION('ref_axis',(1.,0.,0.));
#4558=DIRECTION('center_axis',(0.,0.,-1.));
#4559=DIRECTION('ref_axis',(1.,0.,0.));
#4560=DIRECTION('center_axis',(0.,0.,1.));
#4561=DIRECTION('ref_axis',(1.,0.,0.));
#4562=DIRECTION('center_axis',(0.,0.,1.));
#4563=DIRECTION('ref_axis',(1.,0.,0.));
#4564=DIRECTION('center_axis',(0.,0.,-1.));
#4565=DIRECTION('ref_axis',(1.,0.,0.));
#4566=DIRECTION('',(0.,0.,-1.));
#4567=DIRECTION('center_axis',(-7.07326844493839E-18,0.0871557427476582,
0.996194698091746));
#4568=DIRECTION('ref_axis',(0.,-0.996194698091746,0.0871557427476582));
#4569=DIRECTION('center_axis',(0.,0.,-1.));
#4570=DIRECTION('ref_axis',(1.,0.,0.));
#4571=DIRECTION('center_axis',(0.,0.,1.));
#4572=DIRECTION('ref_axis',(1.,0.,0.));
#4573=DIRECTION('',(0.,0.,1.));
#4574=DIRECTION('center_axis',(0.,0.,-1.));
#4575=DIRECTION('ref_axis',(1.,0.,0.));
#4576=DIRECTION('center_axis',(0.,0.,1.));
#4577=DIRECTION('ref_axis',(1.,0.,0.));
#4578=DIRECTION('center_axis',(0.,0.,-1.));
#4579=DIRECTION('ref_axis',(1.,0.,0.));
#4580=DIRECTION('center_axis',(0.,0.,1.));
#4581=DIRECTION('ref_axis',(1.,0.,0.));
#4582=DIRECTION('center_axis',(0.,0.,1.));
#4583=DIRECTION('ref_axis',(1.,0.,0.));
#4584=DIRECTION('center_axis',(0.,0.,-1.));
#4585=DIRECTION('ref_axis',(1.,0.,0.));
#4586=DIRECTION('',(0.,0.,-1.));
#4587=DIRECTION('center_axis',(-7.07326844493839E-18,0.0871557427476582,
0.996194698091746));
#4588=DIRECTION('ref_axis',(0.,-0.996194698091746,0.0871557427476582));
#4589=DIRECTION('center_axis',(0.,0.,-1.));
#4590=DIRECTION('ref_axis',(1.,0.,0.));
#4591=DIRECTION('center_axis',(0.,0.,1.));
#4592=DIRECTION('ref_axis',(1.,0.,0.));
#4593=DIRECTION('',(0.,0.,1.));
#4594=DIRECTION('center_axis',(0.,0.,-1.));
#4595=DIRECTION('ref_axis',(1.,0.,0.));
#4596=DIRECTION('center_axis',(0.,0.,1.));
#4597=DIRECTION('ref_axis',(1.,0.,0.));
#4598=DIRECTION('center_axis',(0.,0.,-1.));
#4599=DIRECTION('ref_axis',(1.,0.,0.));
#4600=DIRECTION('center_axis',(0.,0.,1.));
#4601=DIRECTION('ref_axis',(1.,0.,0.));
#4602=DIRECTION('center_axis',(0.,0.,1.));
#4603=DIRECTION('ref_axis',(1.,0.,0.));
#4604=DIRECTION('center_axis',(0.,0.,-1.));
#4605=DIRECTION('ref_axis',(1.,0.,0.));
#4606=DIRECTION('',(0.,0.,-1.));
#4607=DIRECTION('center_axis',(-7.07326844493839E-18,0.0871557427476582,
0.996194698091746));
#4608=DIRECTION('ref_axis',(0.,-0.996194698091746,0.0871557427476582));
#4609=DIRECTION('center_axis',(-7.07326844493839E-18,0.0871557427476582,
0.996194698091746));
#4610=DIRECTION('ref_axis',(0.,-0.996194698091746,0.0871557427476582));
#4611=DIRECTION('center_axis',(0.,0.,-1.));
#4612=DIRECTION('ref_axis',(1.,0.,0.));
#4613=DIRECTION('center_axis',(0.,0.,1.));
#4614=DIRECTION('ref_axis',(1.,0.,0.));
#4615=DIRECTION('',(0.,0.,1.));
#4616=DIRECTION('center_axis',(0.,0.,-1.));
#4617=DIRECTION('ref_axis',(1.,0.,0.));
#4618=DIRECTION('center_axis',(0.,0.,1.));
#4619=DIRECTION('ref_axis',(1.,0.,0.));
#4620=DIRECTION('center_axis',(0.,0.,-1.));
#4621=DIRECTION('ref_axis',(1.,0.,0.));
#4622=DIRECTION('center_axis',(0.,0.,1.));
#4623=DIRECTION('ref_axis',(1.,0.,0.));
#4624=DIRECTION('center_axis',(0.,0.,1.));
#4625=DIRECTION('ref_axis',(1.,0.,0.));
#4626=DIRECTION('center_axis',(0.,0.,-1.));
#4627=DIRECTION('ref_axis',(1.,0.,0.));
#4628=DIRECTION('',(0.,0.,-1.));
#4629=DIRECTION('center_axis',(-7.07326844493839E-18,0.0871557427476582,
0.996194698091746));
#4630=DIRECTION('ref_axis',(0.,-0.996194698091746,0.0871557427476582));
#4631=DIRECTION('center_axis',(-7.07326844493839E-18,0.0871557427476582,
0.996194698091746));
#4632=DIRECTION('ref_axis',(0.,-0.996194698091746,0.0871557427476582));
#4633=DIRECTION('center_axis',(0.,0.,-1.));
#4634=DIRECTION('ref_axis',(1.,0.,0.));
#4635=DIRECTION('center_axis',(0.,0.,1.));
#4636=DIRECTION('ref_axis',(1.,0.,0.));
#4637=DIRECTION('',(0.,0.,1.));
#4638=DIRECTION('center_axis',(0.,0.,-1.));
#4639=DIRECTION('ref_axis',(1.,0.,0.));
#4640=DIRECTION('center_axis',(0.,0.,1.));
#4641=DIRECTION('ref_axis',(1.,0.,0.));
#4642=DIRECTION('center_axis',(0.,0.,-1.));
#4643=DIRECTION('ref_axis',(1.,0.,0.));
#4644=DIRECTION('center_axis',(0.,0.,1.));
#4645=DIRECTION('ref_axis',(1.,0.,0.));
#4646=DIRECTION('center_axis',(0.,0.,1.));
#4647=DIRECTION('ref_axis',(1.,0.,0.));
#4648=DIRECTION('center_axis',(0.,0.,-1.));
#4649=DIRECTION('ref_axis',(1.,0.,0.));
#4650=DIRECTION('',(0.,0.,-1.));
#4651=DIRECTION('center_axis',(-7.07326844493839E-18,0.0871557427476582,
0.996194698091746));
#4652=DIRECTION('ref_axis',(0.,-0.996194698091746,0.0871557427476582));
#4653=DIRECTION('center_axis',(0.,0.,-1.));
#4654=DIRECTION('ref_axis',(1.,0.,0.));
#4655=DIRECTION('center_axis',(0.,0.,1.));
#4656=DIRECTION('ref_axis',(1.,0.,0.));
#4657=DIRECTION('',(0.,0.,1.));
#4658=DIRECTION('center_axis',(0.,0.,-1.));
#4659=DIRECTION('ref_axis',(1.,0.,0.));
#4660=DIRECTION('center_axis',(0.,0.,1.));
#4661=DIRECTION('ref_axis',(1.,0.,0.));
#4662=DIRECTION('center_axis',(0.,0.,-1.));
#4663=DIRECTION('ref_axis',(1.,0.,0.));
#4664=DIRECTION('center_axis',(0.,0.,1.));
#4665=DIRECTION('ref_axis',(1.,0.,0.));
#4666=DIRECTION('center_axis',(0.,0.,1.));
#4667=DIRECTION('ref_axis',(1.,0.,0.));
#4668=DIRECTION('center_axis',(0.,0.,-1.));
#4669=DIRECTION('ref_axis',(1.,0.,0.));
#4670=DIRECTION('',(0.,0.,-1.));
#4671=DIRECTION('center_axis',(-7.07326844493839E-18,0.0871557427476582,
0.996194698091746));
#4672=DIRECTION('ref_axis',(0.,-0.996194698091746,0.0871557427476582));
#4673=DIRECTION('center_axis',(0.,0.,-1.));
#4674=DIRECTION('ref_axis',(1.,0.,0.));
#4675=DIRECTION('center_axis',(0.,0.,1.));
#4676=DIRECTION('ref_axis',(1.,0.,0.));
#4677=DIRECTION('',(0.,0.,1.));
#4678=DIRECTION('center_axis',(0.,0.,-1.));
#4679=DIRECTION('ref_axis',(1.,0.,0.));
#4680=DIRECTION('center_axis',(0.,0.,1.));
#4681=DIRECTION('ref_axis',(1.,0.,0.));
#4682=DIRECTION('center_axis',(0.,0.,-1.));
#4683=DIRECTION('ref_axis',(1.,0.,0.));
#4684=DIRECTION('center_axis',(0.,0.,1.));
#4685=DIRECTION('ref_axis',(1.,0.,0.));
#4686=DIRECTION('center_axis',(0.,0.,1.));
#4687=DIRECTION('ref_axis',(1.,0.,0.));
#4688=DIRECTION('center_axis',(0.,0.,-1.));
#4689=DIRECTION('ref_axis',(1.,0.,0.));
#4690=DIRECTION('',(0.,0.,-1.));
#4691=DIRECTION('center_axis',(-7.07326844493839E-18,0.0871557427476582,
0.996194698091746));
#4692=DIRECTION('ref_axis',(0.,-0.996194698091746,0.0871557427476582));
#4693=DIRECTION('center_axis',(-7.07326844493839E-18,0.0871557427476582,
0.996194698091746));
#4694=DIRECTION('ref_axis',(0.,-0.996194698091746,0.0871557427476582));
#4695=DIRECTION('center_axis',(-7.07326844493839E-18,0.0871557427476582,
0.996194698091746));
#4696=DIRECTION('ref_axis',(8.26944819749418E-17,-0.996194698091746,0.0871557427476582));
#4697=DIRECTION('',(-1.,0.,-7.10028718129854E-18));
#4698=DIRECTION('',(-1.,0.,-7.10028718129854E-18));
#4699=DIRECTION('center_axis',(-7.07326844493839E-18,0.0871557427476582,
0.996194698091746));
#4700=DIRECTION('ref_axis',(7.07838906131815E-15,0.996194698091746,-0.0871557427476582));
#4701=DIRECTION('',(-3.61448523510245E-15,0.996194698091746,-0.0871557427476582));
#4702=DIRECTION('center_axis',(-7.07326844493839E-18,0.0871557427476582,
0.996194698091746));
#4703=DIRECTION('ref_axis',(-3.53919453065908E-15,-0.996194698091745,0.0871557427476582));
#4704=DIRECTION('',(1.,0.,7.10028718129854E-18));
#4705=DIRECTION('center_axis',(-7.07326844493839E-18,0.0871557427476582,
0.996194698091746));
#4706=DIRECTION('ref_axis',(-2.6543958979943E-15,-0.996194698091746,0.0871557427476582));
#4707=DIRECTION('',(0.,-0.996194698091746,0.0871557427476582));
#4708=DIRECTION('center_axis',(-7.07326844493839E-18,0.0871557427476582,
0.996194698091746));
#4709=DIRECTION('ref_axis',(-8.84798632664771E-16,0.996194698091745,-0.0871557427476582));
#4710=DIRECTION('',(-1.,0.,-7.10028718129854E-18));
#4711=DIRECTION('center_axis',(0.,0.,-1.));
#4712=DIRECTION('ref_axis',(1.,0.,0.));
#4713=DIRECTION('',(0.,0.,-1.));
#4714=DIRECTION('center_axis',(0.,0.,-1.));
#4715=DIRECTION('ref_axis',(1.,0.,0.));
#4716=DIRECTION('',(0.,0.,-1.));
#4717=DIRECTION('center_axis',(0.,0.,-1.));
#4718=DIRECTION('ref_axis',(1.,0.,0.));
#4719=DIRECTION('',(0.,0.,-1.));
#4720=DIRECTION('center_axis',(0.,0.,-1.));
#4721=DIRECTION('ref_axis',(1.,0.,0.));
#4722=DIRECTION('',(0.,0.,-1.));
#4723=DIRECTION('center_axis',(0.,0.,-1.));
#4724=DIRECTION('ref_axis',(1.,0.,0.));
#4725=DIRECTION('',(0.,0.,-1.));
#4726=DIRECTION('center_axis',(0.,0.,-1.));
#4727=DIRECTION('ref_axis',(1.,0.,0.));
#4728=DIRECTION('',(0.,0.,-1.));
#4729=DIRECTION('center_axis',(0.,0.,-1.));
#4730=DIRECTION('ref_axis',(1.,0.,0.));
#4731=DIRECTION('',(0.,0.,-1.));
#4732=DIRECTION('center_axis',(0.,0.,-1.));
#4733=DIRECTION('ref_axis',(1.,0.,0.));
#4734=DIRECTION('',(0.,0.,-1.));
#4735=DIRECTION('center_axis',(-2.21199658166193E-15,0.996194698091746,
-0.0871557427476588));
#4736=DIRECTION('ref_axis',(0.,-0.0871557427476588,-0.996194698091746));
#4737=DIRECTION('center_axis',(4.65592220741424E-17,-0.0524210237959419,
-0.998625072919855));
#4738=DIRECTION('ref_axis',(-1.77391447827776E-15,0.998625072919855,-0.0524210237959419));
#4739=DIRECTION('center_axis',(-1.,-2.22044604925031E-15,2.42319164971255E-15));
#4740=DIRECTION('ref_axis',(-2.22044604925031E-15,1.,0.));
#4741=DIRECTION('center_axis',(0.,-0.996194698091746,0.0871557427476582));
#4742=DIRECTION('ref_axis',(-0.707106781186548,-0.0616284167162206,-0.704416026402759));
#4743=DIRECTION('center_axis',(8.8479863266477E-15,0.996194698091746,-0.0871557427476511));
#4744=DIRECTION('ref_axis',(0.,-0.0871557427476511,-0.996194698091746));
#4745=DIRECTION('',(0.,0.996194698091746,-0.0871557427476582));
#4746=DIRECTION('center_axis',(-1.,2.22044604925032E-15,-1.94263857280332E-16));
#4747=DIRECTION('ref_axis',(0.,-0.0871557427476598,-0.996194698091745));
#4748=DIRECTION('center_axis',(2.21739309784719E-16,-0.0524210237959421,
-0.998625072919855));
#4749=DIRECTION('ref_axis',(-2.66087171741663E-15,-0.998625072919855,0.0524210237959421));
#4750=DIRECTION('center_axis',(1.,0.,7.10028718129854E-18));
#4751=DIRECTION('ref_axis',(0.,-0.737277336810126,-0.675590207615658));
#4752=DIRECTION('center_axis',(-1.,0.,0.));
#4753=DIRECTION('ref_axis',(0.,-0.0871557427476599,-0.996194698091745));
#4754=DIRECTION('',(-1.,0.,-7.10028718129854E-18));
#4755=DIRECTION('center_axis',(9.6762312326769E-17,-0.996194698091745,0.0871557427476686));
#4756=DIRECTION('ref_axis',(0.,-0.0871557427476685,-0.996194698091745));
#4757=DIRECTION('center_axis',(-1.5073446680842E-16,-0.052421023795942,
-0.998625072919855));
#4758=DIRECTION('ref_axis',(0.,-0.998625072919855,0.052421023795942));
#4759=DIRECTION('center_axis',(-3.61448523510245E-15,0.996194698091746,
-0.0871557427476582));
#4760=DIRECTION('ref_axis',(0.707106781186553,-0.061628416716217,-0.704416026402754));
#4761=DIRECTION('center_axis',(3.22123256016608E-15,-0.996194698091746,
0.0871557427476577));
#4762=DIRECTION('ref_axis',(0.,-0.0871557427476577,-0.996194698091746));
#4763=DIRECTION('',(3.61448523510245E-15,-0.996194698091746,0.0871557427476582));
#4764=DIRECTION('center_axis',(1.,-1.77635683940025E-14,1.55411085824263E-15));
#4765=DIRECTION('ref_axis',(0.,-0.0871557427476587,-0.996194698091746));
#4766=DIRECTION('center_axis',(4.77252319392275E-17,-0.0524210237959422,
-0.998625072919855));
#4767=DIRECTION('ref_axis',(1.4191315826222E-14,0.998625072919855,-0.0524210237959422));
#4768=DIRECTION('center_axis',(-1.,0.,-7.10028718129854E-18));
#4769=DIRECTION('ref_axis',(0.,1.,0.));
#4770=DIRECTION('center_axis',(1.,3.62829198150336E-15,0.));
#4771=DIRECTION('ref_axis',(3.62829198150336E-15,-1.,0.));
#4772=DIRECTION('',(0.,0.,-1.));
#4773=DIRECTION('',(0.,0.,-1.));
#4774=DIRECTION('center_axis',(0.,0.,-1.));
#4775=DIRECTION('ref_axis',(7.10542735760099E-15,1.,0.));
#4776=DIRECTION('center_axis',(0.,0.,-1.));
#4777=DIRECTION('ref_axis',(-1.,-8.88178419700126E-16,0.));
#4778=DIRECTION('',(0.,0.,-1.));
#4779=DIRECTION('center_axis',(-1.,0.,0.));
#4780=DIRECTION('ref_axis',(0.,1.,0.));
#4781=DIRECTION('',(0.,0.,-1.));
#4782=DIRECTION('center_axis',(0.,0.,-1.));
#4783=DIRECTION('ref_axis',(-2.66453525910037E-15,-1.,0.));
#4784=DIRECTION('',(0.,0.,-1.));
#4785=DIRECTION('center_axis',(0.,-1.,0.));
#4786=DIRECTION('ref_axis',(-1.,0.,0.));
#4787=DIRECTION('',(0.,0.,-1.));
#4788=DIRECTION('center_axis',(0.,0.,-1.));
#4789=DIRECTION('ref_axis',(1.,-3.5527136788005E-15,0.));
#4790=DIRECTION('center_axis',(0.,0.,-1.));
#4791=DIRECTION('ref_axis',(1.,1.1842378929335E-14,0.));
#4792=DIRECTION('',(0.,0.,-1.));
#4793=DIRECTION('center_axis',(0.,0.,-1.));
#4794=DIRECTION('ref_axis',(-1.,0.,0.));
#4795=DIRECTION('center_axis',(0.,0.,-1.));
#4796=DIRECTION('ref_axis',(4.44089209850064E-15,-1.,0.));
#4797=DIRECTION('',(-1.,0.,0.));
#4798=DIRECTION('center_axis',(0.,0.,-1.));
#4799=DIRECTION('ref_axis',(1.,0.,0.));
#4800=DIRECTION('',(0.,-1.,0.));
#4801=DIRECTION('center_axis',(0.,0.,-1.));
#4802=DIRECTION('ref_axis',(0.,1.,0.));
#4803=DIRECTION('',(1.,0.,0.));
#4804=DIRECTION('center_axis',(0.,0.,1.));
#4805=DIRECTION('ref_axis',(-1.,1.77635683940023E-14,0.));
#4806=DIRECTION('',(-1.,0.,0.));
#4807=DIRECTION('center_axis',(0.,0.,1.));
#4808=DIRECTION('ref_axis',(1.,0.,0.));
#4809=DIRECTION('',(1.,0.,0.));
#4810=DIRECTION('center_axis',(0.,0.,-1.));
#4811=DIRECTION('ref_axis',(-1.,0.,0.));
#4812=DIRECTION('',(-2.2204460492503E-15,1.,0.));
#4813=DIRECTION('center_axis',(0.,0.,-1.));
#4814=DIRECTION('ref_axis',(-1.,0.,0.));
#4815=DIRECTION('center_axis',(0.,0.,-1.));
#4816=DIRECTION('ref_axis',(0.,-1.,0.));
#4817=DIRECTION('',(-1.,-3.70074341541718E-16,0.));
#4818=DIRECTION('center_axis',(0.,0.,-1.));
#4819=DIRECTION('ref_axis',(1.,8.88178419700144E-15,0.));
#4820=DIRECTION('',(-1.77635683940024E-14,-1.,0.));
#4821=DIRECTION('center_axis',(0.,0.,-1.));
#4822=DIRECTION('ref_axis',(0.,1.,0.));
#4823=DIRECTION('',(1.,-2.08990894327864E-15,0.));
#4824=DIRECTION('center_axis',(0.,0.,1.));
#4825=DIRECTION('ref_axis',(-1.,-1.77635683940029E-14,0.));
#4826=DIRECTION('',(-1.,-1.26882631385731E-15,0.));
#4827=DIRECTION('center_axis',(0.,0.,1.));
#4828=DIRECTION('ref_axis',(1.,-1.77635683940023E-14,0.));
#4829=DIRECTION('',(1.,3.13463132096908E-15,0.));
#4830=DIRECTION('center_axis',(0.,0.,-1.));
#4831=DIRECTION('ref_axis',(-1.,-8.88178419700144E-15,0.));
#4832=DIRECTION('',(1.77635683940024E-14,1.,0.));
#4833=DIRECTION('center_axis',(1.,2.2204460492503E-15,0.));
#4834=DIRECTION('ref_axis',(2.2204460492503E-15,-1.,0.));
#4835=DIRECTION('',(0.,0.,-1.));
#4836=DIRECTION('',(0.,0.,1.));
#4837=DIRECTION('center_axis',(0.,0.,-1.));
#4838=DIRECTION('ref_axis',(-1.,0.,0.));
#4839=DIRECTION('',(0.,0.,-1.));
#4840=DIRECTION('center_axis',(0.,-1.,0.));
#4841=DIRECTION('ref_axis',(-1.,0.,0.));
#4842=DIRECTION('',(0.,0.,-1.));
#4843=DIRECTION('center_axis',(0.,0.,-1.));
#4844=DIRECTION('ref_axis',(1.,0.,0.));
#4845=DIRECTION('',(0.,0.,-1.));
#4846=DIRECTION('center_axis',(0.,1.,0.));
#4847=DIRECTION('ref_axis',(1.,0.,0.));
#4848=DIRECTION('',(0.,0.,-1.));
#4849=DIRECTION('',(0.,0.,-1.));
#4850=DIRECTION('',(0.,0.,-1.));
#4851=DIRECTION('',(0.,0.,-1.));
#4852=DIRECTION('center_axis',(0.,0.,-1.));
#4853=DIRECTION('ref_axis',(-2.66453525910037E-14,-1.,0.));
#4854=DIRECTION('',(0.,0.,-1.));
#4855=DIRECTION('center_axis',(1.,-1.64477485129653E-16,0.));
#4856=DIRECTION('ref_axis',(-1.64477485129653E-16,-1.,0.));
#4857=DIRECTION('',(0.,0.,-1.));
#4858=DIRECTION('center_axis',(0.,0.,-1.));
#4859=DIRECTION('ref_axis',(-1.,0.,0.));
#4860=DIRECTION('center_axis',(0.,0.,-1.));
#4861=DIRECTION('ref_axis',(-1.,-1.77635683940029E-14,0.));
#4862=DIRECTION('',(0.,0.,-1.));
#4863=DIRECTION('center_axis',(-2.08990894327864E-15,-1.,0.));
#4864=DIRECTION('ref_axis',(-1.,2.08990894327864E-15,0.));
#4865=DIRECTION('',(0.,0.,-1.));
#4866=DIRECTION('center_axis',(0.,0.,-1.));
#4867=DIRECTION('ref_axis',(0.,1.,0.));
#4868=DIRECTION('',(0.,0.,-1.));
#4869=DIRECTION('center_axis',(-1.,1.77635683940024E-14,0.));
#4870=DIRECTION('ref_axis',(1.77635683940024E-14,1.,0.));
#4871=DIRECTION('',(0.,0.,-1.));
#4872=DIRECTION('center_axis',(0.,0.,-1.));
#4873=DIRECTION('ref_axis',(1.,8.88178419700144E-15,0.));
#4874=DIRECTION('',(0.,0.,-1.));
#4875=DIRECTION('center_axis',(-3.70074341541719E-16,1.,0.));
#4876=DIRECTION('ref_axis',(1.,3.70074341541718E-16,0.));
#4877=DIRECTION('',(0.,0.,-1.));
#4878=DIRECTION('center_axis',(0.,0.,-1.));
#4879=DIRECTION('ref_axis',(0.,-1.,0.));
#4880=DIRECTION('',(0.,0.,-1.));
#4881=DIRECTION('center_axis',(1.,-1.77635683940024E-14,0.));
#4882=DIRECTION('ref_axis',(-1.77635683940024E-14,-1.,0.));
#4883=DIRECTION('',(0.,0.,-1.));
#4884=DIRECTION('center_axis',(0.,0.,-1.));
#4885=DIRECTION('ref_axis',(-1.,-8.88178419700144E-15,0.));
#4886=DIRECTION('',(0.,0.,-1.));
#4887=DIRECTION('center_axis',(3.13463132096908E-15,-1.,0.));
#4888=DIRECTION('ref_axis',(-1.,-3.13463132096908E-15,0.));
#4889=DIRECTION('',(0.,0.,-1.));
#4890=DIRECTION('center_axis',(0.,0.,-1.));
#4891=DIRECTION('ref_axis',(1.,-1.77635683940023E-14,0.));
#4892=DIRECTION('center_axis',(0.,0.,-1.));
#4893=DIRECTION('ref_axis',(-1.,1.77635683940023E-14,0.));
#4894=DIRECTION('',(0.,0.,-1.));
#4895=DIRECTION('center_axis',(0.,-1.,0.));
#4896=DIRECTION('ref_axis',(-1.,0.,0.));
#4897=DIRECTION('',(0.,0.,-1.));
#4898=DIRECTION('center_axis',(0.,0.,-1.));
#4899=DIRECTION('ref_axis',(0.,1.,0.));
#4900=DIRECTION('',(0.,0.,-1.));
#4901=DIRECTION('center_axis',(-1.,0.,0.));
#4902=DIRECTION('ref_axis',(0.,1.,0.));
#4903=DIRECTION('',(0.,0.,-1.));
#4904=DIRECTION('center_axis',(0.,0.,-1.));
#4905=DIRECTION('ref_axis',(1.,0.,0.));
#4906=DIRECTION('',(0.,0.,-1.));
#4907=DIRECTION('center_axis',(0.,1.,0.));
#4908=DIRECTION('ref_axis',(1.,0.,0.));
#4909=DIRECTION('',(0.,0.,-1.));
#4910=DIRECTION('center_axis',(0.,0.,-1.));
#4911=DIRECTION('ref_axis',(4.44089209850064E-15,-1.,0.));
#4912=DIRECTION('',(0.,0.,1.));
#4913=DIRECTION('',(1.,0.,0.));
#4914=DIRECTION('',(0.,0.,1.));
#4915=DIRECTION('',(1.,0.,0.));
#4916=CARTESIAN_POINT('',(0.,0.,0.));
#4917=CARTESIAN_POINT('',(0.,0.,0.));
#4918=CARTESIAN_POINT('',(0.,0.,0.));
#4919=CARTESIAN_POINT('Origin',(153.5045,-15.7496359342858,-8.7846101537973));
#4920=CARTESIAN_POINT('',(153.5045,-10.7986544042593,6.5));
#4921=CARTESIAN_POINT('',(157.1045,-14.4124058194153,6.5));
#4922=CARTESIAN_POINT('Origin',(153.5045,-14.4124058194153,6.5));
#4923=CARTESIAN_POINT('',(153.5045,-12.1633350211555,-9.09837082768886));
#4924=CARTESIAN_POINT('',(153.5045,-12.1633350211555,-9.09837082768886));
#4925=CARTESIAN_POINT('',(157.1045,-15.7496359342858,-8.7846101537973));
#4926=CARTESIAN_POINT('Origin',(153.5045,-15.7496359342858,-8.7846101537973));
#4927=CARTESIAN_POINT('',(157.1045,-15.7496359342858,-8.7846101537973));
#4928=CARTESIAN_POINT('Origin',(157.1045,-28.2020696604326,-7.69516336945162));
#4929=CARTESIAN_POINT('',(157.1045,-19.3999995216727,6.5));
#4930=CARTESIAN_POINT('',(157.1045,-45.5510345910527,6.5));
#4931=CARTESIAN_POINT('',(157.1045,-25.8565104265182,-7.90037321204768));
#4932=CARTESIAN_POINT('',(157.1045,-15.7496359342858,-8.7846101537973));
#4933=CARTESIAN_POINT('',(157.1045,-25.8565104265182,-5.));
#4934=CARTESIAN_POINT('',(157.1045,-25.8565104265182,-6.84758168472581));
#4935=CARTESIAN_POINT('',(157.1045,-19.3999995216728,-5.));
#4936=CARTESIAN_POINT('',(157.1045,-45.5510345910527,-5.));
#4937=CARTESIAN_POINT('',(157.1045,-19.3999995216728,-3.84758168472583));
#4938=CARTESIAN_POINT('Origin',(153.5045,-12.1633350211555,-9.09837082768886));
#4939=CARTESIAN_POINT('',(139.5045,-10.7986544042593,6.5));
#4940=CARTESIAN_POINT('',(150.05224973625,-10.7986544042593,6.5));
#4941=CARTESIAN_POINT('',(139.5045,-12.1633350211555,-9.09837082768886));
#4942=CARTESIAN_POINT('',(139.5045,-12.1633350211555,-9.09837082768886));
#4943=CARTESIAN_POINT('',(139.5045,-12.1633350211555,-9.09837082768886));
#4944=CARTESIAN_POINT('',(143.277178974633,-12.1081478007815,-8.46757801236982));
#4945=CARTESIAN_POINT('',(149.741194669074,-12.1081478007815,-8.46757801236981));
#4946=CARTESIAN_POINT('Ctrl Pts',(143.277178974633,-12.1081478007814,-8.46757801236982));
#4947=CARTESIAN_POINT('Ctrl Pts',(144.354514614612,-12.1081478007815,-8.46757801236982));
#4948=CARTESIAN_POINT('Ctrl Pts',(145.43185025459,-12.1081478007815,-8.46757801236981));
#4949=CARTESIAN_POINT('Ctrl Pts',(147.586522152737,-12.1081478007815,-8.46757801236981));
#4950=CARTESIAN_POINT('Ctrl Pts',(148.663858410906,-12.1081478007815,-8.46757801236982));
#4951=CARTESIAN_POINT('Ctrl Pts',(149.741194669074,-12.1081478007815,-8.46757801236981));
#4952=CARTESIAN_POINT('',(140.668823938821,-11.9075843926846,-6.17512776780219));
#4953=CARTESIAN_POINT('Ctrl Pts',(140.668823938821,-11.9075843926846,-6.17512776780222));
#4954=CARTESIAN_POINT('Ctrl Pts',(140.712719384273,-11.9341143882362,-6.47836700454903));
#4955=CARTESIAN_POINT('Ctrl Pts',(140.808493163149,-11.9597936229696,-6.77188200064688));
#4956=CARTESIAN_POINT('Ctrl Pts',(141.086713631288,-12.0058169611486,-7.29793116318028));
#4957=CARTESIAN_POINT('Ctrl Pts',(141.261901054004,-12.0260926942697,-7.52968385323231));
#4958=CARTESIAN_POINT('Ctrl Pts',(141.722665183416,-12.0646526501229,-7.97042616542559));
#4959=CARTESIAN_POINT('Ctrl Pts',(142.019881061059,-12.0813292233715,-8.16104026988845));
#4960=CARTESIAN_POINT('Ctrl Pts',(142.64078300892,-12.1026754175772,-8.40502838612398));
#4961=CARTESIAN_POINT('Ctrl Pts',(142.956970674834,-12.1081478007814,-8.46757801236982));
#4962=CARTESIAN_POINT('Ctrl Pts',(143.277178974633,-12.1081478007814,-8.46757801236981));
#4963=CARTESIAN_POINT('',(140.613160754733,-11.8437315676289,-5.44528663773689));
#4964=CARTESIAN_POINT('Ctrl Pts',(140.613160754733,-11.8437315676289,-5.44528663773689));
#4965=CARTESIAN_POINT('Ctrl Pts',(140.622507896026,-11.8543747012021,-5.56693821114406));
#4966=CARTESIAN_POINT('Ctrl Pts',(140.631827846002,-11.8650244707448,-5.6886656340287));
#4967=CARTESIAN_POINT('Ctrl Pts',(140.650379821229,-11.8863041446816,-5.93189342011241));
#4968=CARTESIAN_POINT('Ctrl Pts',(140.659623907874,-11.8969478276182,-6.05355127277152));
#4969=CARTESIAN_POINT('Ctrl Pts',(140.668823938821,-11.9075843926846,-6.1751277678022));
#4970=CARTESIAN_POINT('',(143.277178974633,-11.5734959980528,-2.35647994341509));
#4971=CARTESIAN_POINT('Ctrl Pts',(143.277178974633,-11.5734959980527,-2.35647994341486));
#4972=CARTESIAN_POINT('Ctrl Pts',(143.043675990612,-11.5734959980527,-2.35647994341486));
#4973=CARTESIAN_POINT('Ctrl Pts',(142.81121797867,-11.5761634103122,-2.38696860505745));
#4974=CARTESIAN_POINT('Ctrl Pts',(142.361466121017,-11.586659663523,-2.50694132824029));
#4975=CARTESIAN_POINT('Ctrl Pts',(142.146064491859,-11.5944109688455,-2.5955391544152));
#4976=CARTESIAN_POINT('Ctrl Pts',(141.63454895718,-11.6199967007731,-2.8879854085524));
#4977=CARTESIAN_POINT('Ctrl Pts',(141.363041441094,-11.6407551171599,-3.12525519264683));
#4978=CARTESIAN_POINT('Ctrl Pts',(140.924800749064,-11.690664308555,-3.69571986068211));
#4979=CARTESIAN_POINT('Ctrl Pts',(140.764236950522,-11.7194346098473,-4.02456590919204));
#4980=CARTESIAN_POINT('Ctrl Pts',(140.582124890414,-11.7806487812482,-4.72424708997423));
#4981=CARTESIAN_POINT('Ctrl Pts',(140.561859594251,-11.8124830410394,-5.08811434443485));
#4982=CARTESIAN_POINT('Ctrl Pts',(140.613160754733,-11.8437315676289,-5.44528663773688));
#4983=CARTESIAN_POINT('',(149.741194724255,-11.5734959980528,-2.35647994341491));
#4984=CARTESIAN_POINT('Ctrl Pts',(149.741194724255,-11.5734959980528,-2.3564799434151));
#4985=CARTESIAN_POINT('Ctrl Pts',(148.663858736513,-11.5734959980528,-2.3564799434151));
#4986=CARTESIAN_POINT('Ctrl Pts',(147.586522748771,-11.5734959980528,-2.3564799434151));
#4987=CARTESIAN_POINT('Ctrl Pts',(145.431850832231,-11.5734959980528,-2.35647994341509));
#4988=CARTESIAN_POINT('Ctrl Pts',(144.354514903432,-11.5734959980528,-2.35647994341509));
#4989=CARTESIAN_POINT('Ctrl Pts',(143.277178974633,-11.5734959980528,-2.35647994341509));
#4990=CARTESIAN_POINT('',(152.405212888974,-11.8437315676289,-5.44528663773679));
#4991=CARTESIAN_POINT('Ctrl Pts',(152.405212888974,-11.8437315676289,-5.44528663773679));
#4992=CARTESIAN_POINT('Ctrl Pts',(152.440593069605,-11.8221808170258,-5.19896043117891));
#4993=CARTESIAN_POINT('Ctrl Pts',(152.442007679488,-11.8003068239348,-4.94893954601882));
#4994=CARTESIAN_POINT('Ctrl Pts',(152.375425040191,-11.7563110630358,-4.44606569784347));
#4995=CARTESIAN_POINT('Ctrl Pts',(152.305083367062,-11.7344297750661,-4.19596143140527));
#4996=CARTESIAN_POINT('Ctrl Pts',(152.060471174895,-11.6861505144453,-3.64412695737067));
#4997=CARTESIAN_POINT('Ctrl Pts',(151.861501595057,-11.6611265765923,-3.35810203927247));
#4998=CARTESIAN_POINT('Ctrl Pts',(151.36610658826,-11.6189980347382,-2.87657060244068));
#4999=CARTESIAN_POINT('Ctrl Pts',(151.074342953642,-11.6022859581886,-2.68555069356109));
#5000=CARTESIAN_POINT('Ctrl Pts',(150.432576067315,-11.5794004331233,-2.42396794508793));
#5001=CARTESIAN_POINT('Ctrl Pts',(150.08860769053,-11.573495998678,-2.35647995056154));
#5002=CARTESIAN_POINT('Ctrl Pts',(149.741194724254,-11.5734959980528,-2.35647994341495));
#5003=CARTESIAN_POINT('',(152.349549704886,-11.9075843926846,-6.17512776780228));
#5004=CARTESIAN_POINT('Ctrl Pts',(152.349549704886,-11.9075843926846,-6.17512776780228));
#5005=CARTESIAN_POINT('Ctrl Pts',(152.358755226419,-11.8969414797085,-6.0534787158319));
#5006=CARTESIAN_POINT('Ctrl Pts',(152.368004859801,-11.8862914362566,-5.93174816214949));
#5007=CARTESIAN_POINT('Ctrl Pts',(152.386556918553,-11.8650117631435,-5.68852038548176));
#5008=CARTESIAN_POINT('Ctrl Pts',(152.395871322537,-11.8543683533855,-5.56686565526739));
#5009=CARTESIAN_POINT('Ctrl Pts',(152.405212888974,-11.8437315676289,-5.44528663773679));
#5010=CARTESIAN_POINT('Ctrl Pts',(149.741194669074,-12.1081478007815,-8.4675780123698));
#5011=CARTESIAN_POINT('Ctrl Pts',(150.036316989917,-12.1081478007815,-8.4675780123698));
#5012=CARTESIAN_POINT('Ctrl Pts',(150.328043203811,-12.1035028600847,-8.41448609726302));
#5013=CARTESIAN_POINT('Ctrl Pts',(150.879485093159,-12.0860966679087,-8.21553241029883));
#5014=CARTESIAN_POINT('Ctrl Pts',(151.137036813891,-12.0734462130562,-8.07093704968072));
#5015=CARTESIAN_POINT('Ctrl Pts',(151.630550059259,-12.0389916039114,-7.67711906508517));
#5016=CARTESIAN_POINT('Ctrl Pts',(151.853192656782,-12.0163043286195,-7.41780232207261));
#5017=CARTESIAN_POINT('Ctrl Pts',(152.189882962417,-11.9649893003986,-6.83126886559059));
#5018=CARTESIAN_POINT('Ctrl Pts',(152.301185263461,-11.9368154074894,-6.50923979588389));
#5019=CARTESIAN_POINT('Ctrl Pts',(152.349549704886,-11.9075843926846,-6.17512776780229));
#5020=CARTESIAN_POINT('Origin',(135.9045,-15.7496359342857,-8.78461015379731));
#5021=CARTESIAN_POINT('',(135.9045,-19.3999995216728,6.5));
#5022=CARTESIAN_POINT('',(135.9045,-14.4124058194153,6.5));
#5023=CARTESIAN_POINT('',(135.9045,-39.3248177279792,6.5));
#5024=CARTESIAN_POINT('',(135.9045,-19.3999995216728,-5.));
#5025=CARTESIAN_POINT('',(135.9045,-19.3999995216728,-4.39230507689866));
#5026=CARTESIAN_POINT('',(135.9045,-25.8565104265182,-5.));
#5027=CARTESIAN_POINT('',(135.9045,-39.3248177279792,-5.));
#5028=CARTESIAN_POINT('',(135.9045,-25.8565104265182,-7.90037321204768));
#5029=CARTESIAN_POINT('',(135.9045,-25.8565104265182,-7.39230507689865));
#5030=CARTESIAN_POINT('',(135.9045,-15.7496359342857,-8.78461015379731));
#5031=CARTESIAN_POINT('',(135.9045,-28.2020696604326,-7.69516336945162));
#5032=CARTESIAN_POINT('',(135.9045,-15.7496359342857,-8.78461015379731));
#5033=CARTESIAN_POINT('Origin',(139.5045,-15.7496359342857,-8.78461015379731));
#5034=CARTESIAN_POINT('Origin',(139.5045,-14.4124058194153,6.5));
#5035=CARTESIAN_POINT('Origin',(139.5045,-15.7496359342857,-8.78461015379731));
#5036=CARTESIAN_POINT('Ctrl Pts',(149.741194736688,-9.39999952167273,-0.175232475676237));
#5037=CARTESIAN_POINT('Ctrl Pts',(147.585497328589,-9.39999952167273,-0.175232475676235));
#5038=CARTESIAN_POINT('Ctrl Pts',(145.432876194685,-9.39999952167273,-0.175232475676234));
#5039=CARTESIAN_POINT('Ctrl Pts',(143.277178785314,-9.39999952167273,-0.175232475676233));
#5040=CARTESIAN_POINT('Ctrl Pts',(149.741194736688,-9.39999952167273,-0.213691944453374));
#5041=CARTESIAN_POINT('Ctrl Pts',(147.585497328589,-9.39999952167273,-0.213691944453372));
#5042=CARTESIAN_POINT('Ctrl Pts',(145.432876194685,-9.39999952167273,-0.213691944453371));
#5043=CARTESIAN_POINT('Ctrl Pts',(143.277178785314,-9.39999952167273,-0.213691944453369));
#5044=CARTESIAN_POINT('Ctrl Pts',(149.741194736688,-9.51748441345585,-0.405794948400589));
#5045=CARTESIAN_POINT('Ctrl Pts',(147.585497328589,-9.51748441345585,-0.405794948400587));
#5046=CARTESIAN_POINT('Ctrl Pts',(145.432876194685,-9.51748441345585,-0.405794948400586));
#5047=CARTESIAN_POINT('Ctrl Pts',(143.277178785314,-9.51748441345585,-0.405794948400584));
#5048=CARTESIAN_POINT('Ctrl Pts',(149.741194736688,-10.3074800399962,-1.2062801257446));
#5049=CARTESIAN_POINT('Ctrl Pts',(147.585497328589,-10.3074800399962,-1.2062801257446));
#5050=CARTESIAN_POINT('Ctrl Pts',(145.432876194685,-10.3074800399962,-1.2062801257446));
#5051=CARTESIAN_POINT('Ctrl Pts',(143.277178785314,-10.3074800399962,-1.2062801257446));
#5052=CARTESIAN_POINT('Ctrl Pts',(149.741194736688,-11.0157599052216,-1.86662757460795));
#5053=CARTESIAN_POINT('Ctrl Pts',(147.585497328589,-11.0157599052216,-1.86662757460795));
#5054=CARTESIAN_POINT('Ctrl Pts',(145.432876194685,-11.0157599052216,-1.86662757460795));
#5055=CARTESIAN_POINT('Ctrl Pts',(143.277178785314,-11.0157599052216,-1.86662757460794));
#5056=CARTESIAN_POINT('Ctrl Pts',(149.741194736688,-11.3721205380313,-2.18321999814265));
#5057=CARTESIAN_POINT('Ctrl Pts',(147.585497328589,-11.3721205380313,-2.18321999814265));
#5058=CARTESIAN_POINT('Ctrl Pts',(145.432876194685,-11.3721205380313,-2.18321999814265));
#5059=CARTESIAN_POINT('Ctrl Pts',(143.277178785314,-11.3721205380313,-2.18321999814265));
#5060=CARTESIAN_POINT('Ctrl Pts',(149.741194736688,-11.5734959980528,-2.3564799434151));
#5061=CARTESIAN_POINT('Ctrl Pts',(147.585497328589,-11.5734959980528,-2.3564799434151));
#5062=CARTESIAN_POINT('Ctrl Pts',(145.432876194685,-11.5734959980528,-2.3564799434151));
#5063=CARTESIAN_POINT('Ctrl Pts',(143.277178785314,-11.5734959980528,-2.3564799434151));
#5064=CARTESIAN_POINT('',(143.277178974633,-9.39999952167273,-0.175232475676233));
#5065=CARTESIAN_POINT('Ctrl Pts',(143.277178785314,-11.5734959980528,-2.3564799434151));
#5066=CARTESIAN_POINT('Ctrl Pts',(143.277178785314,-11.3721205380313,-2.18321999814265));
#5067=CARTESIAN_POINT('Ctrl Pts',(143.277178785314,-11.0157599052216,-1.86662757460794));
#5068=CARTESIAN_POINT('Ctrl Pts',(143.277178785314,-10.3074800399962,-1.2062801257446));
#5069=CARTESIAN_POINT('Ctrl Pts',(143.277178785314,-9.51748441345585,-0.405794948400584));
#5070=CARTESIAN_POINT('Ctrl Pts',(143.277178785314,-9.39999952167273,-0.213691944453369));
#5071=CARTESIAN_POINT('Ctrl Pts',(143.277178785314,-9.39999952167273,-0.175232475676233));
#5072=CARTESIAN_POINT('',(149.741194763733,-9.39999952167273,-0.175232475675504));
#5073=CARTESIAN_POINT('Ctrl Pts',(143.277179163952,-9.39999952167273,-0.175232475676233));
#5074=CARTESIAN_POINT('Ctrl Pts',(145.43287644675,-9.39999952167273,-0.175232475676234));
#5075=CARTESIAN_POINT('Ctrl Pts',(147.585497454802,-9.39999952167273,-0.175232475676235));
#5076=CARTESIAN_POINT('Ctrl Pts',(149.741194736688,-9.39999952167273,-0.175232475676237));
#5077=CARTESIAN_POINT('Ctrl Pts',(149.74119472425,-11.5732871736622,-2.35672260368138));
#5078=CARTESIAN_POINT('Ctrl Pts',(149.741194724289,-11.5708055543389,-2.35458712413168));
#5079=CARTESIAN_POINT('Ctrl Pts',(149.741194730173,-11.1931544942011,-2.0294584981299));
#5080=CARTESIAN_POINT('Ctrl Pts',(149.741194741425,-10.5116769985458,-1.40781393782639));
#5081=CARTESIAN_POINT('Ctrl Pts',(149.741194759063,-9.54226825021566,-0.433302093910173));
#5082=CARTESIAN_POINT('Ctrl Pts',(149.741194762923,-9.39999952167273,-0.220000738279641));
#5083=CARTESIAN_POINT('Ctrl Pts',(149.741194763733,-9.39999952167273,-0.175232475675504));
#5084=CARTESIAN_POINT('Ctrl Pts',(143.277178974633,-9.39999952167273,-0.175232475676233));
#5085=CARTESIAN_POINT('Ctrl Pts',(142.490499219402,-9.39999952167273,-0.175232475676235));
#5086=CARTESIAN_POINT('Ctrl Pts',(140.919400984221,-9.39999952167273,-0.537741908164402));
#5087=CARTESIAN_POINT('Ctrl Pts',(138.712821632081,-9.39999952167273,-2.30429613438506));
#5088=CARTESIAN_POINT('Ctrl Pts',(138.027178959732,-9.39999952167273,-4.26569549624777));
#5089=CARTESIAN_POINT('Ctrl Pts',(138.027178959732,-9.39999952167273,-5.4452866377369));
#5090=CARTESIAN_POINT('Ctrl Pts',(143.277178974633,-9.39999952167273,-0.193885918427953));
#5091=CARTESIAN_POINT('Ctrl Pts',(142.493310630578,-9.39999952167273,-0.193885918427956));
#5092=CARTESIAN_POINT('Ctrl Pts',(140.92781007323,-9.40000271054608,-0.555057812226454));
#5093=CARTESIAN_POINT('Ctrl Pts',(138.728858544835,-9.39999936898767,-2.31514587920869));
#5094=CARTESIAN_POINT('Ctrl Pts',(138.04524345066,-9.40000196333807,-4.26969312018895));
#5095=CARTESIAN_POINT('Ctrl Pts',(138.045069074081,-9.39999952167273,-5.4452866377369));
#5096=CARTESIAN_POINT('Ctrl Pts',(143.277178974633,-9.42716376415023,-0.252145052859084));
#5097=CARTESIAN_POINT('Ctrl Pts',(142.502072525173,-9.42716376415023,-0.252145052859087));
#5098=CARTESIAN_POINT('Ctrl Pts',(140.95406911996,-9.42701624004862,-0.609189429289374));
#5099=CARTESIAN_POINT('Ctrl Pts',(138.779232130319,-9.42628851650169,-2.34938538077565));
#5100=CARTESIAN_POINT('Ctrl Pts',(138.102533546751,-9.42548297106194,-4.28239557943273));
#5101=CARTESIAN_POINT('Ctrl Pts',(138.102044385147,-9.42499646161315,-5.4452866377369));
#5102=CARTESIAN_POINT('Ctrl Pts',(143.277178974633,-9.58970972452877,-0.455915928678296));
#5103=CARTESIAN_POINT('Ctrl Pts',(142.532724245258,-9.58970972452877,-0.455915928678299));
#5104=CARTESIAN_POINT('Ctrl Pts',(141.045924444893,-9.58864899066381,-0.798727461249925));
#5105=CARTESIAN_POINT('Ctrl Pts',(138.956203456872,-9.58346700442824,-2.46993518433166));
#5106=CARTESIAN_POINT('Ctrl Pts',(138.304863420481,-9.57772758694377,-4.32738112348544));
#5107=CARTESIAN_POINT('Ctrl Pts',(138.303784865635,-9.57427668770865,-5.4452866377369));
#5108=CARTESIAN_POINT('Ctrl Pts',(143.277178974633,-9.8659844009742,-0.758798384263073));
#5109=CARTESIAN_POINT('Ctrl Pts',(142.578283917173,-9.8659844009742,-0.758798384263075));
#5110=CARTESIAN_POINT('Ctrl Pts',(141.182460035038,-9.86335039345719,-1.08054258650642));
#5111=CARTESIAN_POINT('Ctrl Pts',(139.219603009868,-9.85051232206444,-2.64948447184111));
#5112=CARTESIAN_POINT('Ctrl Pts',(138.606501032274,-9.83629721308187,-4.39449827416771));
#5113=CARTESIAN_POINT('Ctrl Pts',(138.604780297153,-9.82776148012222,-5.44528663773689));
#5114=CARTESIAN_POINT('Ctrl Pts',(143.277178974633,-10.3481599675114,-1.24217275761371));
#5115=CARTESIAN_POINT('Ctrl Pts',(142.650995642662,-10.3481599675114,-1.24217275761371));
#5116=CARTESIAN_POINT('Ctrl Pts',(141.400364062052,-10.3427514291545,-1.53040164560321));
#5117=CARTESIAN_POINT('Ctrl Pts',(139.640374796882,-10.3164079953461,-2.93644460982722));
#5118=CARTESIAN_POINT('Ctrl Pts',(139.088905729383,-10.2872603758526,-4.5019004675894));
#5119=CARTESIAN_POINT('Ctrl Pts',(139.086423565636,-10.2697716563847,-5.44528663773689));
#5120=CARTESIAN_POINT('Ctrl Pts',(143.277178974633,-10.9629280396513,-1.82007061217691));
#5121=CARTESIAN_POINT('Ctrl Pts',(142.737906785204,-10.9629280396513,-1.82007061217692));
#5122=CARTESIAN_POINT('Ctrl Pts',(141.660874827337,-10.9539734228571,-2.06831650766698));
#5123=CARTESIAN_POINT('Ctrl Pts',(140.143859282842,-10.9103979737442,-3.28002454023371));
#5124=CARTESIAN_POINT('Ctrl Pts',(139.666884020696,-10.862190129613,-4.63062558637541));
#5125=CARTESIAN_POINT('Ctrl Pts',(139.66381750325,-10.8332805773534,-5.44528663773689));
#5126=CARTESIAN_POINT('Ctrl Pts',(143.277178974633,-11.5852677262304,-2.37194911787129));
#5127=CARTESIAN_POINT('Ctrl Pts',(142.820943087483,-11.5852677262304,-2.37194911787129));
#5128=CARTESIAN_POINT('Ctrl Pts',(141.909682504051,-11.5727862232615,-2.58225736381271));
#5129=CARTESIAN_POINT('Ctrl Pts',(140.625472814841,-11.5120175185652,-3.6088437048491));
#5130=CARTESIAN_POINT('Ctrl Pts',(140.220603441563,-11.4447790017534,-4.75410863838199));
#5131=CARTESIAN_POINT('Ctrl Pts',(140.217449428646,-11.4044434662508,-5.44528663773689));
#5132=CARTESIAN_POINT('Ctrl Pts',(143.277178974633,-11.9223441278071,-2.65162616071261));
#5133=CARTESIAN_POINT('Ctrl Pts',(142.863015791468,-11.9223441278071,-2.65162616071261));
#5134=CARTESIAN_POINT('Ctrl Pts',(142.035770806578,-11.9080175588382,-2.8428310245043));
#5135=CARTESIAN_POINT('Ctrl Pts',(140.870063867186,-11.83824760122,-3.77604943405659));
#5136=CARTESIAN_POINT('Ctrl Pts',(140.502618674166,-11.7610100666885,-4.81707500652282));
#5137=CARTESIAN_POINT('Ctrl Pts',(140.499802515081,-11.7146560729521,-5.44528663773689));
#5138=CARTESIAN_POINT('Ctrl Pts',(143.277178974633,-12.062343479858,-2.76345456974666));
#5139=CARTESIAN_POINT('Ctrl Pts',(142.879809599634,-12.062343479858,-2.76345456974666));
#5140=CARTESIAN_POINT('Ctrl Pts',(142.086176714253,-12.0472625958596,-2.94700070524605));
#5141=CARTESIAN_POINT('Ctrl Pts',(140.967919875658,-11.9738448034713,-3.84305190940769));
#5142=CARTESIAN_POINT('Ctrl Pts',(140.615744276986,-11.8925340863799,-4.84231073138862));
#5143=CARTESIAN_POINT('Ctrl Pts',(140.613160754733,-11.8437315676289,-5.44528663773689));
#5144=CARTESIAN_POINT('',(138.027178959732,-9.39999952167273,-5.4452866377369));
#5145=CARTESIAN_POINT('Ctrl Pts',(140.613160754733,-11.8437315676289,-5.44528663773689));
#5146=CARTESIAN_POINT('Ctrl Pts',(140.499802515081,-11.7146560729521,-5.44528663773689));
#5147=CARTESIAN_POINT('Ctrl Pts',(140.217449428646,-11.4044434662508,-5.44528663773689));
#5148=CARTESIAN_POINT('Ctrl Pts',(139.66381750325,-10.8332805773534,-5.44528663773689));
#5149=CARTESIAN_POINT('Ctrl Pts',(139.086423565636,-10.2697716563847,-5.44528663773689));
#5150=CARTESIAN_POINT('Ctrl Pts',(138.604780297153,-9.82776148012222,-5.44528663773689));
#5151=CARTESIAN_POINT('Ctrl Pts',(138.303784865635,-9.57427668770865,-5.4452866377369));
#5152=CARTESIAN_POINT('Ctrl Pts',(138.102044385147,-9.42499646161315,-5.4452866377369));
#5153=CARTESIAN_POINT('Ctrl Pts',(138.045069074081,-9.39999952167273,-5.4452866377369));
#5154=CARTESIAN_POINT('Ctrl Pts',(138.027178959732,-9.39999952167273,-5.4452866377369));
#5155=CARTESIAN_POINT('Ctrl Pts',(138.027178959732,-9.39999952167273,-5.4452866377369));
#5156=CARTESIAN_POINT('Ctrl Pts',(138.027178959732,-9.39999952167273,-4.26569549624777));
#5157=CARTESIAN_POINT('Ctrl Pts',(138.712821632081,-9.39999952167273,-2.30429613438506));
#5158=CARTESIAN_POINT('Ctrl Pts',(140.919400984221,-9.39999952167273,-0.537741908164402));
#5159=CARTESIAN_POINT('Ctrl Pts',(142.490499219402,-9.39999952167273,-0.175232475676235));
#5160=CARTESIAN_POINT('Ctrl Pts',(143.277178974633,-9.39999952167273,-0.175232475676233));
#5161=CARTESIAN_POINT('Ctrl Pts',(138.027178959732,-9.39999952167273,-5.4452866377369));
#5162=CARTESIAN_POINT('Ctrl Pts',(138.027178959732,-9.39999952167273,-5.6885940995927));
#5163=CARTESIAN_POINT('Ctrl Pts',(138.027178959732,-9.39999952167273,-5.93184563045724));
#5164=CARTESIAN_POINT('Ctrl Pts',(138.027178959732,-9.39999952167273,-6.1751277678022));
#5165=CARTESIAN_POINT('Ctrl Pts',(138.071161348238,-9.39999952167273,-5.4452866377369));
#5166=CARTESIAN_POINT('Ctrl Pts',(138.071161348238,-9.39999952167273,-5.6885940995927));
#5167=CARTESIAN_POINT('Ctrl Pts',(138.071161348238,-9.39999952167273,-5.93184563045724));
#5168=CARTESIAN_POINT('Ctrl Pts',(138.071161348238,-9.39999952167273,-6.1751277678022));
#5169=CARTESIAN_POINT('Ctrl Pts',(138.342907378227,-9.56562831325375,-5.4452866377369));
#5170=CARTESIAN_POINT('Ctrl Pts',(138.342907378227,-9.56562831325375,-5.6885940995927));
#5171=CARTESIAN_POINT('Ctrl Pts',(138.342907378227,-9.56562831325375,-5.93184563045724));
#5172=CARTESIAN_POINT('Ctrl Pts',(138.342907378227,-9.56562831325375,-6.1751277678022));
#5173=CARTESIAN_POINT('Ctrl Pts',(139.546414250438,-10.7064557147726,-5.44528663773689));
#5174=CARTESIAN_POINT('Ctrl Pts',(139.546414250438,-10.7064557147726,-5.6885940995927));
#5175=CARTESIAN_POINT('Ctrl Pts',(139.546414250438,-10.7064557147726,-5.93184563045724));
#5176=CARTESIAN_POINT('Ctrl Pts',(139.546414250438,-10.7064557147726,-6.1751277678022));
#5177=CARTESIAN_POINT('Ctrl Pts',(140.293969768257,-11.4863772581439,-5.44528663773689));
#5178=CARTESIAN_POINT('Ctrl Pts',(140.293969768257,-11.4863772581439,-5.6885940995927));
#5179=CARTESIAN_POINT('Ctrl Pts',(140.293969768257,-11.4863772581439,-5.93184563045724));
#5180=CARTESIAN_POINT('Ctrl Pts',(140.293969768257,-11.4863772581439,-6.1751277678022));
#5181=CARTESIAN_POINT('Ctrl Pts',(140.562054810232,-11.784143853215,-5.44528663773689));
#5182=CARTESIAN_POINT('Ctrl Pts',(140.562054810232,-11.784143853215,-5.6885940995927));
#5183=CARTESIAN_POINT('Ctrl Pts',(140.562054810232,-11.784143853215,-5.93184563045724));
#5184=CARTESIAN_POINT('Ctrl Pts',(140.562054810232,-11.784143853215,-6.17512776780219));
#5185=CARTESIAN_POINT('Ctrl Pts',(140.668823938821,-11.9075843926846,-5.44528663773689));
#5186=CARTESIAN_POINT('Ctrl Pts',(140.668823938821,-11.9075843926846,-5.6885940995927));
#5187=CARTESIAN_POINT('Ctrl Pts',(140.668823938821,-11.9075843926846,-5.93184563045724));
#5188=CARTESIAN_POINT('Ctrl Pts',(140.668823938821,-11.9075843926846,-6.17512776780219));
#5189=CARTESIAN_POINT('',(138.027178959732,-9.39999952167273,-6.1751277678022));
#5190=CARTESIAN_POINT('Ctrl Pts',(140.668823938821,-11.9075843926846,-6.17512776780219));
#5191=CARTESIAN_POINT('Ctrl Pts',(140.562054810232,-11.784143853215,-6.17512776780219));
#5192=CARTESIAN_POINT('Ctrl Pts',(140.293969768257,-11.4863772581439,-6.1751277678022));
#5193=CARTESIAN_POINT('Ctrl Pts',(139.546414250438,-10.7064557147726,-6.1751277678022));
#5194=CARTESIAN_POINT('Ctrl Pts',(138.342907378227,-9.56562831325375,-6.1751277678022));
#5195=CARTESIAN_POINT('Ctrl Pts',(138.071161348238,-9.39999952167273,-6.1751277678022));
#5196=CARTESIAN_POINT('Ctrl Pts',(138.027178959732,-9.39999952167273,-6.1751277678022));
#5197=CARTESIAN_POINT('Ctrl Pts',(138.027178959732,-9.39999952167273,-6.1751277678022));
#5198=CARTESIAN_POINT('Ctrl Pts',(138.027178959732,-9.39999952167273,-5.93184563045724));
#5199=CARTESIAN_POINT('Ctrl Pts',(138.027178959732,-9.39999952167273,-5.6885940995927));
#5200=CARTESIAN_POINT('Ctrl Pts',(138.027178959732,-9.39999952167273,-5.4452866377369));
#5201=CARTESIAN_POINT('Ctrl Pts',(138.027178959732,-9.39999952167273,-6.1751277678022));
#5202=CARTESIAN_POINT('Ctrl Pts',(138.027178959732,-9.39999952167273,-7.354793358055));
#5203=CARTESIAN_POINT('Ctrl Pts',(138.712637602675,-9.39999952167273,-9.31591962008817));
#5204=CARTESIAN_POINT('Ctrl Pts',(140.919390645214,-9.39999952167273,-11.0827569537233));
#5205=CARTESIAN_POINT('Ctrl Pts',(142.490388419152,-9.39999952167273,-11.4451819298633));
#5206=CARTESIAN_POINT('Ctrl Pts',(143.277178974633,-9.39999952167273,-11.4451819298633));
#5207=CARTESIAN_POINT('Ctrl Pts',(138.055894743349,-9.39999952167273,-6.1751277678022));
#5208=CARTESIAN_POINT('Ctrl Pts',(138.055623429666,-9.40002187158062,-7.34886372658107));
#5209=CARTESIAN_POINT('Ctrl Pts',(138.736006328621,-9.39999865696585,-9.29922197387462));
#5210=CARTESIAN_POINT('Ctrl Pts',(140.931634764675,-9.40002840256509,-11.0577279072437));
#5211=CARTESIAN_POINT('Ctrl Pts',(142.494202904905,-9.39999952167273,-11.4177460421984));
#5212=CARTESIAN_POINT('Ctrl Pts',(143.277178974633,-9.39999952167273,-11.4177460421984));
#5213=CARTESIAN_POINT('Ctrl Pts',(138.156710537909,-9.45417340823247,-6.1751277678022));
#5214=CARTESIAN_POINT('Ctrl Pts',(138.155972874379,-9.45312120719842,-7.32588794692905));
#5215=CARTESIAN_POINT('Ctrl Pts',(138.823466700067,-9.45138629004839,-9.23994719376102));
#5216=CARTESIAN_POINT('Ctrl Pts',(140.976191263853,-9.44980885910075,-10.9652255819516));
#5217=CARTESIAN_POINT('Ctrl Pts',(142.509351203136,-9.44949420066547,-11.3192235237792));
#5218=CARTESIAN_POINT('Ctrl Pts',(143.277178974633,-9.44949420066547,-11.3192235237792));
#5219=CARTESIAN_POINT('Ctrl Pts',(138.562853939886,-9.79089764450407,-6.1751277678022));
#5220=CARTESIAN_POINT('Ctrl Pts',(138.561216222346,-9.78311243299125,-7.23549406106896));
#5221=CARTESIAN_POINT('Ctrl Pts',(139.174000744524,-9.77018042508917,-8.99996175697265));
#5222=CARTESIAN_POINT('Ctrl Pts',(141.156842334149,-9.75856421920399,-10.5919541197245));
#5223=CARTESIAN_POINT('Ctrl Pts',(142.569531603009,-9.7561758046877,-10.9184314939712));
#5224=CARTESIAN_POINT('Ctrl Pts',(143.277178974633,-9.7561758046877,-10.9184314939712));
#5225=CARTESIAN_POINT('Ctrl Pts',(139.080817350402,-10.2601250561038,-6.1751277678022));
#5226=CARTESIAN_POINT('Ctrl Pts',(139.078304091674,-10.2428602773794,-7.12013612993148));
#5227=CARTESIAN_POINT('Ctrl Pts',(139.6218641054,-10.214165633001,-8.69355310764644));
#5228=CARTESIAN_POINT('Ctrl Pts',(141.387755051226,-10.1884419866552,-10.1148357352729));
#5229=CARTESIAN_POINT('Ctrl Pts',(142.646500869263,-10.1831333932814,-10.4061562309209));
#5230=CARTESIAN_POINT('Ctrl Pts',(143.277178974633,-10.1831333932814,-10.4061562309209));
#5231=CARTESIAN_POINT('Ctrl Pts',(139.877941756599,-11.0454550865377,-6.1751277678022));
#5232=CARTESIAN_POINT('Ctrl Pts',(139.874691563878,-11.0122494312967,-6.9422666129716));
#5233=CARTESIAN_POINT('Ctrl Pts',(140.313277727596,-10.9571793831102,-8.22124147611214));
#5234=CARTESIAN_POINT('Ctrl Pts',(141.744358522293,-10.9077506278522,-9.37794215111359));
#5235=CARTESIAN_POINT('Ctrl Pts',(142.765562671743,-10.8976083032285,-9.61524558317574));
#5236=CARTESIAN_POINT('Ctrl Pts',(143.277178974633,-10.8976083032285,-9.61524558317573));
#5237=CARTESIAN_POINT('Ctrl Pts',(140.549589604226,-11.761462221126,-6.17512776780219));
#5238=CARTESIAN_POINT('Ctrl Pts',(140.546662803929,-11.7141048125057,-6.79225650263904));
#5239=CARTESIAN_POINT('Ctrl Pts',(140.898489757862,-11.6355850315518,-7.82207375982488));
#5240=CARTESIAN_POINT('Ctrl Pts',(142.046660287088,-11.5650078456125,-8.7534052785725));
#5241=CARTESIAN_POINT('Ctrl Pts',(142.86657780474,-11.5505604696668,-8.94481667067999));
#5242=CARTESIAN_POINT('Ctrl Pts',(143.277178974633,-11.5505604696668,-8.94481667067998));
#5243=CARTESIAN_POINT('Ctrl Pts',(140.92197923383,-12.204721189648,-6.17512776780219));
#5244=CARTESIAN_POINT('Ctrl Pts',(140.920238587636,-12.1491703803602,-6.70941553340021));
#5245=CARTESIAN_POINT('Ctrl Pts',(141.224840835738,-12.0569107904849,-7.59948207457865));
#5246=CARTESIAN_POINT('Ctrl Pts',(142.216089738211,-11.9739363953762,-8.40387066067868));
#5247=CARTESIAN_POINT('Ctrl Pts',(142.923008373676,-11.9569092047739,-8.56882683808394));
#5248=CARTESIAN_POINT('Ctrl Pts',(143.277178974633,-11.9569092047739,-8.56882683808393));
#5249=CARTESIAN_POINT('Ctrl Pts',(141.001705027981,-12.3305043382465,-6.17512776780219));
#5250=CARTESIAN_POINT('Ctrl Pts',(141.000848570313,-12.2729127343065,-6.69152981558184));
#5251=CARTESIAN_POINT('Ctrl Pts',(141.296587869812,-12.1772230905609,-7.55102426837467));
#5252=CARTESIAN_POINT('Ctrl Pts',(142.253613682475,-12.0910791863823,-8.32651874249175));
#5253=CARTESIAN_POINT('Ctrl Pts',(142.935595509853,-12.0734099319244,-8.48562769408102));
#5254=CARTESIAN_POINT('Ctrl Pts',(143.277178974633,-12.0734099319244,-8.48562769408101));
#5255=CARTESIAN_POINT('Ctrl Pts',(141.018094224039,-12.3676937962924,-6.17512776780219));
#5256=CARTESIAN_POINT('Ctrl Pts',(141.017641886643,-12.3095723319819,-6.68784506062878));
#5257=CARTESIAN_POINT('Ctrl Pts',(141.31191135671,-12.2129800873299,-7.5407822742488));
#5258=CARTESIAN_POINT('Ctrl Pts',(142.261754547309,-12.1259894204578,-8.30979095288257));
#5259=CARTESIAN_POINT('Ctrl Pts',(142.938331192566,-12.1081478007815,-8.46757801236982));
#5260=CARTESIAN_POINT('Ctrl Pts',(143.277178974633,-12.1081478007815,-8.46757801236981));
#5261=CARTESIAN_POINT('',(143.277178974633,-9.39999952167273,-11.4451819298629));
#5262=CARTESIAN_POINT('Ctrl Pts',(143.277178974633,-9.39999952167273,-11.4451819298629));
#5263=CARTESIAN_POINT('Ctrl Pts',(143.277178974633,-9.39999952167273,-11.4086007463097));
#5264=CARTESIAN_POINT('Ctrl Pts',(143.277178974633,-9.49647111919206,-11.2320006749579));
#5265=CARTESIAN_POINT('Ctrl Pts',(143.277178974633,-10.3579311810822,-10.1915636044176));
#5266=CARTESIAN_POINT('Ctrl Pts',(143.277178974633,-11.6899961503384,-8.77399757109689));
#5267=CARTESIAN_POINT('Ctrl Pts',(143.277178974633,-12.0386720630674,-8.50367737579221));
#5268=CARTESIAN_POINT('Ctrl Pts',(143.277178974633,-12.1081478007815,-8.46757801236981));
#5269=CARTESIAN_POINT('Ctrl Pts',(143.277178974633,-9.39999952167273,-11.4451819298633));
#5270=CARTESIAN_POINT('Ctrl Pts',(142.490388419152,-9.39999952167273,-11.4451819298633));
#5271=CARTESIAN_POINT('Ctrl Pts',(140.919390645214,-9.39999952167273,-11.0827569537233));
#5272=CARTESIAN_POINT('Ctrl Pts',(138.712637602675,-9.39999952167273,-9.31591962008817));
#5273=CARTESIAN_POINT('Ctrl Pts',(138.027178959732,-9.39999952167273,-7.354793358055));
#5274=CARTESIAN_POINT('Ctrl Pts',(138.027178959732,-9.39999952167273,-6.1751277678022));
#5275=CARTESIAN_POINT('Origin',(268.599999472499,-19.3999995216727,1.11022302462516E-15));
#5276=CARTESIAN_POINT('',(268.599999472499,-19.3999995216727,-5.));
#5277=CARTESIAN_POINT('',(207.599999472499,-19.3999995216727,-5.));
#5278=CARTESIAN_POINT('',(268.599999472499,-19.3999995216727,6.5));
#5279=CARTESIAN_POINT('',(268.599999472499,-19.3999995216727,1.11022302462516E-15));
#5280=CARTESIAN_POINT('',(236.596013687268,-19.3999995216727,6.5));
#5281=CARTESIAN_POINT('',(222.596013687268,-19.3999995216727,6.5));
#5282=CARTESIAN_POINT('',(236.596013687268,-19.3999995216727,3.1));
#5283=CARTESIAN_POINT('',(236.596013687268,-19.3999995216727,12.7979257281011));
#5284=CARTESIAN_POINT('',(222.596013687268,-19.3999995216727,3.1));
#5285=CARTESIAN_POINT('',(207.599999472499,-19.3999995216727,3.1));
#5286=CARTESIAN_POINT('',(222.596013687268,-19.3999995216727,6.5));
#5287=CARTESIAN_POINT('',(222.596013687268,-19.3999995216727,12.7979257281011));
#5288=CARTESIAN_POINT('',(222.596013687268,-19.3999995216727,6.5));
#5289=CARTESIAN_POINT('Origin',(156.500002332032,-25.8565104265182,-6.));
#5290=CARTESIAN_POINT('',(267.696229991425,-25.8565104265182,-7.90037321204768));
#5291=CARTESIAN_POINT('',(156.500002332032,-25.8565104265182,-7.90037321204768));
#5292=CARTESIAN_POINT('',(267.696229991425,-25.8565104265182,-5.));
#5293=CARTESIAN_POINT('',(267.696229991425,-25.8565104265182,-6.));
#5294=CARTESIAN_POINT('',(156.500002332032,-25.8565104265182,-5.));
#5295=CARTESIAN_POINT('Origin',(146.599999472499,-62.8999995216727,-5.));
#5296=CARTESIAN_POINT('',(269.696229991425,-27.8565104265182,-5.));
#5297=CARTESIAN_POINT('Origin',(267.696229991425,-27.8565104265182,-5.));
#5298=CARTESIAN_POINT('',(269.696229991425,-39.9065104265182,-5.));
#5299=CARTESIAN_POINT('',(269.696229991425,-45.3782549740954,-5.));
#5300=CARTESIAN_POINT('',(267.696229991425,-41.9065104265182,-5.));
#5301=CARTESIAN_POINT('Origin',(267.696229991425,-39.9065104265182,-5.));
#5302=CARTESIAN_POINT('',(25.6962299914253,-41.9065104265182,-5.));
#5303=CARTESIAN_POINT('',(207.148114731962,-41.9065104265182,-5.));
#5304=CARTESIAN_POINT('',(23.6962299914253,-39.9065104265182,-5.));
#5305=CARTESIAN_POINT('Origin',(25.6962299914253,-39.9065104265182,-5.));
#5306=CARTESIAN_POINT('',(23.6962299914253,-27.8565104265182,-5.));
#5307=CARTESIAN_POINT('',(23.6962299914253,-51.4032549740954,-5.));
#5308=CARTESIAN_POINT('',(25.6962299914253,-25.8565104265182,-5.));
#5309=CARTESIAN_POINT('Origin',(25.6962299914253,-27.8565104265182,-5.));
#5310=CARTESIAN_POINT('',(86.1481147319621,-25.8565104265182,-5.));
#5311=CARTESIAN_POINT('',(24.5999994724989,-19.3999995216727,-5.));
#5312=CARTESIAN_POINT('',(207.599999472499,-19.3999995216727,-5.));
#5313=CARTESIAN_POINT('',(21.5999994724989,-22.3999995216727,-5.));
#5314=CARTESIAN_POINT('Origin',(24.5999994724989,-22.3999995216727,-5.));
#5315=CARTESIAN_POINT('',(21.5999994724989,-103.399999521673,-5.));
#5316=CARTESIAN_POINT('',(21.5999994724989,-42.6499995216727,-5.));
#5317=CARTESIAN_POINT('',(24.5999994724988,-106.399999521673,-5.));
#5318=CARTESIAN_POINT('Origin',(24.5999994724989,-103.399999521673,-5.));
#5319=CARTESIAN_POINT('',(268.599999472499,-106.399999521673,-5.));
#5320=CARTESIAN_POINT('',(85.5999994724989,-106.399999521673,-5.));
#5321=CARTESIAN_POINT('',(271.599999472499,-103.399999521673,-5.));
#5322=CARTESIAN_POINT('Origin',(268.599999472499,-103.399999521673,-5.));
#5323=CARTESIAN_POINT('',(271.599999472499,-22.3999995216727,-5.));
#5324=CARTESIAN_POINT('',(271.599999472499,-81.9571025886781,-5.));
#5325=CARTESIAN_POINT('Origin',(268.599999472499,-22.3999995216727,-5.));
#5326=CARTESIAN_POINT('',(25.6962299914253,-83.0072297119537,-5.));
#5327=CARTESIAN_POINT('',(267.696229991425,-83.0072297119537,-5.));
#5328=CARTESIAN_POINT('',(86.1481147319621,-83.0072297119537,-5.));
#5329=CARTESIAN_POINT('',(269.696229991425,-85.0072297119538,-5.));
#5330=CARTESIAN_POINT('Origin',(267.696229991425,-85.0072297119537,-5.));
#5331=CARTESIAN_POINT('',(269.696229991425,-97.0572297119537,-5.));
#5332=CARTESIAN_POINT('',(269.696229991425,-73.9536146168134,-5.));
#5333=CARTESIAN_POINT('',(267.696229991425,-99.0572297119537,-5.));
#5334=CARTESIAN_POINT('Origin',(267.696229991425,-97.0572297119537,-5.));
#5335=CARTESIAN_POINT('',(25.6962299914253,-99.0572297119537,-5.));
#5336=CARTESIAN_POINT('',(207.148114731962,-99.0572297119537,-5.));
#5337=CARTESIAN_POINT('',(23.6962299914253,-97.0572297119537,-5.));
#5338=CARTESIAN_POINT('Origin',(25.6962299914253,-97.0572297119537,-5.));
#5339=CARTESIAN_POINT('',(23.6962299914253,-85.0072297119537,-5.));
#5340=CARTESIAN_POINT('',(23.6962299914253,-79.9786146168132,-5.));
#5341=CARTESIAN_POINT('Origin',(25.6962299914253,-85.0072297119537,-5.));
#5342=CARTESIAN_POINT('',(25.6962299914253,-63.9572297119537,-5.));
#5343=CARTESIAN_POINT('',(267.696229991425,-63.9572297119537,-5.));
#5344=CARTESIAN_POINT('',(86.1481147319621,-63.9572297119537,-5.));
#5345=CARTESIAN_POINT('',(269.696229991425,-65.9572297119537,-5.));
#5346=CARTESIAN_POINT('Origin',(267.696229991425,-65.9572297119537,-5.));
#5347=CARTESIAN_POINT('',(269.696229991425,-78.0072297119537,-5.));
#5348=CARTESIAN_POINT('',(269.696229991425,-64.4286146168134,-5.));
#5349=CARTESIAN_POINT('',(267.696229991425,-80.0072297119537,-5.));
#5350=CARTESIAN_POINT('Origin',(267.696229991425,-78.0072297119537,-5.));
#5351=CARTESIAN_POINT('',(25.6962299914253,-80.0072297119537,-5.));
#5352=CARTESIAN_POINT('',(207.148114731962,-80.0072297119537,-5.));
#5353=CARTESIAN_POINT('',(23.6962299914253,-78.0072297119537,-5.));
#5354=CARTESIAN_POINT('Origin',(25.6962299914253,-78.0072297119537,-5.));
#5355=CARTESIAN_POINT('',(23.6962299914253,-65.9572297119537,-5.));
#5356=CARTESIAN_POINT('',(23.6962299914253,-70.4536146168132,-5.));
#5357=CARTESIAN_POINT('Origin',(25.6962299914253,-65.9572297119537,-5.));
#5358=CARTESIAN_POINT('',(25.6962299914253,-44.9072297119537,-5.));
#5359=CARTESIAN_POINT('',(267.696229991425,-44.9072297119538,-5.));
#5360=CARTESIAN_POINT('',(86.1481147319621,-44.9072297119537,-5.));
#5361=CARTESIAN_POINT('',(269.696229991425,-46.9072297119537,-5.));
#5362=CARTESIAN_POINT('Origin',(267.696229991425,-46.9072297119537,-5.));
#5363=CARTESIAN_POINT('',(269.696229991425,-58.9572297119537,-5.));
#5364=CARTESIAN_POINT('',(269.696229991425,-54.903614616813,-5.));
#5365=CARTESIAN_POINT('',(267.696229991425,-60.9572297119537,-5.));
#5366=CARTESIAN_POINT('Origin',(267.696229991425,-58.9572297119537,-5.));
#5367=CARTESIAN_POINT('',(25.6962299914253,-60.9572297119537,-5.));
#5368=CARTESIAN_POINT('',(207.148114731962,-60.9572297119537,-5.));
#5369=CARTESIAN_POINT('',(23.6962299914253,-58.9572297119537,-5.));
#5370=CARTESIAN_POINT('Origin',(25.6962299914253,-58.9572297119537,-5.));
#5371=CARTESIAN_POINT('',(23.6962299914253,-46.9072297119537,-5.));
#5372=CARTESIAN_POINT('',(23.6962299914253,-60.9286146168132,-5.));
#5373=CARTESIAN_POINT('Origin',(25.6962299914253,-46.9072297119537,-5.));
#5374=CARTESIAN_POINT('Origin',(156.500002332032,-19.3128437789251,-8.47286986160474));
#5375=CARTESIAN_POINT('',(25.6962299914253,-25.8565104265182,-7.90037321204768));
#5376=CARTESIAN_POINT('',(91.0981161617285,-25.8565104265182,-7.90037321204768));
#5377=CARTESIAN_POINT('',(23.6962299914253,-27.8565104265182,-7.72539588499583));
#5378=CARTESIAN_POINT('Origin',(25.6962299914253,-27.8565104265182,-7.72539588499584));
#5379=CARTESIAN_POINT('',(23.6962299914253,-39.8193546837705,-6.67878262896009));
#5380=CARTESIAN_POINT('',(23.6962299914253,-29.6388134214668,-7.56946457796953));
#5381=CARTESIAN_POINT('',(25.6962299914253,-41.8193546837705,-6.50380530190825));
#5382=CARTESIAN_POINT('Origin',(25.6962299914253,-39.8193546837705,-6.6787826289601));
#5383=CARTESIAN_POINT('',(267.696229991425,-41.8193546837705,-6.50380530190825));
#5384=CARTESIAN_POINT('',(267.696229991425,-41.8193546837705,-6.50380530190826));
#5385=CARTESIAN_POINT('',(269.696229991425,-39.8193546837705,-6.67878262896009));
#5386=CARTESIAN_POINT('Origin',(267.696229991425,-39.8193546837705,-6.6787826289601));
#5387=CARTESIAN_POINT('',(269.696229991425,-27.8565104265182,-7.72539588499584));
#5388=CARTESIAN_POINT('',(269.696229991425,-23.6595800655175,-8.09257971319114));
#5389=CARTESIAN_POINT('Origin',(267.696229991425,-27.8565104265182,-7.72539588499584));
#5390=CARTESIAN_POINT('',(151.9045,-15.7496359342857,-8.7846101537973));
#5391=CARTESIAN_POINT('Origin',(153.5045,-15.7496359342857,-8.7846101537973));
#5392=CARTESIAN_POINT('',(151.9045,-28.2020696604326,-7.69516336945162));
#5393=CARTESIAN_POINT('Origin',(153.5045,-28.2020696604326,-7.69516336945162));
#5394=CARTESIAN_POINT('',(137.9045,-28.2020696604326,-7.69516336945162));
#5395=CARTESIAN_POINT('Origin',(139.5045,-28.2020696604326,-7.69516336945162));
#5396=CARTESIAN_POINT('',(137.9045,-15.7496359342857,-8.7846101537973));
#5397=CARTESIAN_POINT('Origin',(139.5045,-15.7496359342857,-8.78461015379731));
#5398=CARTESIAN_POINT('Origin',(146.599999472499,-62.8999995216727,6.5));
#5399=CARTESIAN_POINT('',(24.5999994724989,-116.399999521673,6.5));
#5400=CARTESIAN_POINT('',(268.599999472499,-116.399999521673,6.5));
#5401=CARTESIAN_POINT('',(257.634374005307,-116.399999521673,6.5));
#5402=CARTESIAN_POINT('',(273.599999472499,-111.399999521673,6.5));
#5403=CARTESIAN_POINT('Origin',(268.599999472499,-111.399999521673,6.5));
#5404=CARTESIAN_POINT('',(273.599999472499,-14.3999995216727,6.5));
#5405=CARTESIAN_POINT('',(273.599999472499,-14.3999995216727,6.5));
#5406=CARTESIAN_POINT('',(268.599999472499,-9.39999952167273,6.5));
#5407=CARTESIAN_POINT('Origin',(268.599999472499,-14.3999995216727,6.5));
#5408=CARTESIAN_POINT('',(24.5999994724989,-9.39999952167273,6.5));
#5409=CARTESIAN_POINT('',(40.5966067585565,-9.39999952167273,6.5));
#5410=CARTESIAN_POINT('',(19.5999994724989,-14.3999995216727,6.5));
#5411=CARTESIAN_POINT('Origin',(24.5999994724989,-14.3999995216727,6.5));
#5412=CARTESIAN_POINT('',(19.5999994724989,-111.399999521673,6.5));
#5413=CARTESIAN_POINT('',(19.5999994724989,-111.399999521673,6.5));
#5414=CARTESIAN_POINT('Origin',(24.5999994724989,-111.399999521673,6.5));
#5415=CARTESIAN_POINT('',(222.596013687268,-17.3999995216727,6.5));
#5416=CARTESIAN_POINT('Origin',(222.596013687268,-18.3999995216727,6.5));
#5417=CARTESIAN_POINT('',(205.634374005307,-17.3999995216727,6.5));
#5418=CARTESIAN_POINT('',(184.598006579883,-17.3999995216727,6.5));
#5419=CARTESIAN_POINT('',(203.634374005307,-15.3999995216727,6.5));
#5420=CARTESIAN_POINT('Origin',(205.634374005307,-15.3999995216727,6.5));
#5421=CARTESIAN_POINT('',(203.634374005307,-13.3999995216727,6.5));
#5422=CARTESIAN_POINT('',(203.634374005307,-39.1499995216727,6.5));
#5423=CARTESIAN_POINT('',(205.634374005307,-11.3999995216727,6.5));
#5424=CARTESIAN_POINT('Origin',(205.634374005307,-13.3999995216728,6.5));
#5425=CARTESIAN_POINT('',(253.634374005307,-11.3999995216727,6.5));
#5426=CARTESIAN_POINT('',(176.117186738903,-11.3999995216727,6.5));
#5427=CARTESIAN_POINT('',(255.634374005307,-13.3999995216727,6.5));
#5428=CARTESIAN_POINT('Origin',(253.634374005307,-13.3999995216728,6.5));
#5429=CARTESIAN_POINT('',(255.634374005307,-15.3999995216728,6.5));
#5430=CARTESIAN_POINT('',(255.634374005307,-38.1499995216727,6.5));
#5431=CARTESIAN_POINT('',(253.634374005307,-17.3999995216727,6.5));
#5432=CARTESIAN_POINT('Origin',(253.634374005307,-15.3999995216727,6.5));
#5433=CARTESIAN_POINT('',(236.596013687268,-17.3999995216727,6.5));
#5434=CARTESIAN_POINT('',(200.117186738903,-17.3999995216728,6.5));
#5435=CARTESIAN_POINT('Origin',(236.596013687268,-18.3999995216727,6.5));
#5436=CARTESIAN_POINT('',(271.599999472499,-22.3999995216727,6.5));
#5437=CARTESIAN_POINT('Origin',(268.599999472499,-22.3999995216727,6.5));
#5438=CARTESIAN_POINT('',(271.599999472499,-103.399999521673,6.5));
#5439=CARTESIAN_POINT('',(271.599999472499,-103.399999521673,6.5));
#5440=CARTESIAN_POINT('',(268.599999472499,-106.399999521673,6.5));
#5441=CARTESIAN_POINT('Origin',(268.599999472499,-103.399999521673,6.5));
#5442=CARTESIAN_POINT('',(236.63500333786,-106.399999521673,6.5));
#5443=CARTESIAN_POINT('',(236.63500333786,-106.399999521673,6.5));
#5444=CARTESIAN_POINT('',(236.63500333786,-108.399999521673,6.5));
#5445=CARTESIAN_POINT('Origin',(236.63500333786,-107.399999521673,6.5));
#5446=CARTESIAN_POINT('',(253.634374005307,-108.399999521673,6.5));
#5447=CARTESIAN_POINT('',(253.634374005307,-108.399999521673,6.5));
#5448=CARTESIAN_POINT('',(255.634374005307,-110.399999521673,6.5));
#5449=CARTESIAN_POINT('Origin',(253.634374005307,-110.399999521673,6.5));
#5450=CARTESIAN_POINT('',(255.634374005307,-112.399999521673,6.5));
#5451=CARTESIAN_POINT('',(255.634374005307,-112.399999521673,6.5));
#5452=CARTESIAN_POINT('',(253.634374005307,-114.399999521673,6.5));
#5453=CARTESIAN_POINT('Origin',(253.634374005307,-112.399999521673,6.5));
#5454=CARTESIAN_POINT('',(205.634374005307,-114.399999521673,6.5));
#5455=CARTESIAN_POINT('',(205.634374005307,-114.399999521673,6.5));
#5456=CARTESIAN_POINT('',(203.634374005307,-112.399999521673,6.5));
#5457=CARTESIAN_POINT('Origin',(205.634374005307,-112.399999521673,6.5));
#5458=CARTESIAN_POINT('',(203.634374005307,-110.399999521673,6.5));
#5459=CARTESIAN_POINT('',(203.634374005307,-110.399999521673,6.5));
#5460=CARTESIAN_POINT('',(205.634374005307,-108.399999521673,6.5));
#5461=CARTESIAN_POINT('Origin',(205.634374005307,-110.399999521673,6.5));
#5462=CARTESIAN_POINT('',(222.63500333786,-108.399999521673,6.5));
#5463=CARTESIAN_POINT('',(222.63500333786,-108.399999521673,6.5));
#5464=CARTESIAN_POINT('',(222.63500333786,-106.399999521673,6.5));
#5465=CARTESIAN_POINT('Origin',(222.63500333786,-107.399999521673,6.5));
#5466=CARTESIAN_POINT('',(72.6349490403738,-106.399999521673,6.5));
#5467=CARTESIAN_POINT('',(72.6349490403738,-106.399999521673,6.5));
#5468=CARTESIAN_POINT('',(72.6349490403738,-108.399999521673,6.5));
#5469=CARTESIAN_POINT('Origin',(72.6349490403738,-107.399999521673,6.5));
#5470=CARTESIAN_POINT('',(89.6349490403738,-108.399999521673,6.5));
#5471=CARTESIAN_POINT('',(89.6349490403738,-108.399999521673,6.5));
#5472=CARTESIAN_POINT('',(91.6349490403738,-110.399999521673,6.5));
#5473=CARTESIAN_POINT('Origin',(89.6349490403738,-110.399999521673,6.5));
#5474=CARTESIAN_POINT('',(91.6349490403738,-112.399999521673,6.5));
#5475=CARTESIAN_POINT('',(91.6349490403738,-112.399999521673,6.5));
#5476=CARTESIAN_POINT('',(89.6349490403738,-114.399999521673,6.5));
#5477=CARTESIAN_POINT('Origin',(89.6349490403738,-112.399999521673,6.5));
#5478=CARTESIAN_POINT('',(41.6349490403738,-114.399999521673,6.5));
#5479=CARTESIAN_POINT('',(41.6349490403738,-114.399999521673,6.5));
#5480=CARTESIAN_POINT('',(39.6349490403738,-112.399999521673,6.5));
#5481=CARTESIAN_POINT('Origin',(41.6349490403738,-112.399999521673,6.5));
#5482=CARTESIAN_POINT('',(39.6349490403738,-110.399999521673,6.5));
#5483=CARTESIAN_POINT('',(39.6349490403738,-110.399999521673,6.5));
#5484=CARTESIAN_POINT('',(41.6349490403738,-108.399999521673,6.5));
#5485=CARTESIAN_POINT('Origin',(41.6349490403738,-110.399999521673,6.5));
#5486=CARTESIAN_POINT('',(58.6349490403738,-108.399999521673,6.5));
#5487=CARTESIAN_POINT('',(58.6349490403738,-108.399999521673,6.5));
#5488=CARTESIAN_POINT('',(58.6349490403739,-106.399999521673,6.5));
#5489=CARTESIAN_POINT('Origin',(58.6349490403739,-107.399999521673,6.5));
#5490=CARTESIAN_POINT('',(24.5999994724988,-106.399999521673,6.5));
#5491=CARTESIAN_POINT('',(24.5999994724988,-106.399999521673,6.5));
#5492=CARTESIAN_POINT('',(21.5999994724989,-103.399999521673,6.5));
#5493=CARTESIAN_POINT('Origin',(24.5999994724989,-103.399999521673,6.5));
#5494=CARTESIAN_POINT('',(21.5999994724989,-22.3999995216727,6.5));
#5495=CARTESIAN_POINT('',(21.5999994724989,-22.3999995216727,6.5));
#5496=CARTESIAN_POINT('',(24.5999994724989,-19.3999995216727,6.5));
#5497=CARTESIAN_POINT('Origin',(24.5999994724989,-22.3999995216727,6.5));
#5498=CARTESIAN_POINT('',(58.6662100611092,-19.3999995216728,6.5));
#5499=CARTESIAN_POINT('',(56.5960008791685,-19.3999995216727,6.5));
#5500=CARTESIAN_POINT('',(59.6662098870623,-18.3999995218906,6.5));
#5501=CARTESIAN_POINT('Origin',(58.6662100611092,-18.3999995216728,6.5));
#5502=CARTESIAN_POINT('',(58.6662100611092,-17.4008339004752,6.5));
#5503=CARTESIAN_POINT('Origin',(58.6662100611092,-18.4008339004752,6.5));
#5504=CARTESIAN_POINT('',(41.6349490403738,-17.4008339004752,6.5));
#5505=CARTESIAN_POINT('',(102.633104766804,-17.4008339004752,6.5));
#5506=CARTESIAN_POINT('',(39.6349490403738,-15.4008339004752,6.5));
#5507=CARTESIAN_POINT('Origin',(41.6349490403738,-15.4008339004752,6.5));
#5508=CARTESIAN_POINT('',(39.6349490403738,-13.4008339004752,6.5));
#5509=CARTESIAN_POINT('',(39.6349490403738,-39.150416711074,6.5));
#5510=CARTESIAN_POINT('',(41.6349490403738,-11.4008339004752,6.5));
#5511=CARTESIAN_POINT('Origin',(41.6349490403738,-13.4008339004752,6.5));
#5512=CARTESIAN_POINT('',(89.6349490403738,-11.4008339004752,6.5));
#5513=CARTESIAN_POINT('',(94.1174742564364,-11.4008339004752,6.5));
#5514=CARTESIAN_POINT('',(91.6349490403738,-13.4008339004752,6.5));
#5515=CARTESIAN_POINT('Origin',(89.6349490403738,-13.4008339004752,6.5));
#5516=CARTESIAN_POINT('',(91.6349490403738,-15.4008339004752,6.5));
#5517=CARTESIAN_POINT('',(91.6349490403738,-38.150416711074,6.5));
#5518=CARTESIAN_POINT('',(89.6349490403738,-17.4008339004752,6.5));
#5519=CARTESIAN_POINT('Origin',(89.6349490403738,-15.4008339004752,6.5));
#5520=CARTESIAN_POINT('',(72.6662100611092,-17.4008339004752,6.5));
#5521=CARTESIAN_POINT('',(118.117474256436,-17.4008339004752,6.5));
#5522=CARTESIAN_POINT('',(71.6662102351561,-18.4008339002573,6.5));
#5523=CARTESIAN_POINT('Origin',(72.6662100611092,-18.4008339004752,6.5));
#5524=CARTESIAN_POINT('',(72.6662100611092,-19.3999995216727,6.5));
#5525=CARTESIAN_POINT('Origin',(72.6662100611092,-18.3999995216727,6.5));
#5526=CARTESIAN_POINT('',(56.5960008791685,-19.3999995216727,6.5));
#5527=CARTESIAN_POINT('',(112.410478607156,-111.399999521673,6.5));
#5528=CARTESIAN_POINT('Origin',(115.310478607156,-111.399999521673,6.5));
#5529=CARTESIAN_POINT('',(112.410478607156,-14.3999995216727,6.5));
#5530=CARTESIAN_POINT('Origin',(115.310478607156,-14.3999995216727,6.5));
#5531=CARTESIAN_POINT('',(265.699999472499,-14.3999995216727,6.5));
#5532=CARTESIAN_POINT('Origin',(268.599999472499,-14.3999995216727,6.5));
#5533=CARTESIAN_POINT('',(21.6999994724989,-111.399999521673,6.5));
#5534=CARTESIAN_POINT('Origin',(24.5999994724989,-111.399999521673,6.5));
#5535=CARTESIAN_POINT('',(172.410478607156,-111.399999521673,6.5));
#5536=CARTESIAN_POINT('Origin',(175.310478607156,-111.399999521673,6.5));
#5537=CARTESIAN_POINT('',(172.410478607156,-14.3999995216727,6.5));
#5538=CARTESIAN_POINT('Origin',(175.310478607156,-14.3999995216727,6.5));
#5539=CARTESIAN_POINT('',(265.699999472499,-111.399999521673,6.5));
#5540=CARTESIAN_POINT('Origin',(268.599999472499,-111.399999521673,6.5));
#5541=CARTESIAN_POINT('',(21.6999994724989,-14.3999995216727,6.5));
#5542=CARTESIAN_POINT('Origin',(24.5999994724989,-14.3999995216727,6.5));
#5543=CARTESIAN_POINT('Ctrl Pts',(143.277178974633,-9.39999952167273,-11.4451819298629));
#5544=CARTESIAN_POINT('Ctrl Pts',(145.43282032082,-9.39999952167273,-11.4451819298629));
#5545=CARTESIAN_POINT('Ctrl Pts',(147.585549056397,-9.39999952167273,-11.4451819298629));
#5546=CARTESIAN_POINT('Ctrl Pts',(149.741194805469,-9.39999952167273,-11.4451819298629));
#5547=CARTESIAN_POINT('Ctrl Pts',(143.277178974633,-9.39999952167273,-11.4086007463097));
#5548=CARTESIAN_POINT('Ctrl Pts',(145.43282032082,-9.39999952167273,-11.4086007463097));
#5549=CARTESIAN_POINT('Ctrl Pts',(147.585549056397,-9.39999952167273,-11.4086007463097));
#5550=CARTESIAN_POINT('Ctrl Pts',(149.741194805469,-9.39999952167273,-11.4086007463097));
#5551=CARTESIAN_POINT('Ctrl Pts',(143.277178974633,-9.49647111919206,-11.2320006749579));
#5552=CARTESIAN_POINT('Ctrl Pts',(145.43282032082,-9.49647111919206,-11.2320006749579));
#5553=CARTESIAN_POINT('Ctrl Pts',(147.585549056397,-9.49647111919206,-11.2320006749579));
#5554=CARTESIAN_POINT('Ctrl Pts',(149.741194805469,-9.49647111919206,-11.2320006749579));
#5555=CARTESIAN_POINT('Ctrl Pts',(143.277178974633,-10.3579311810822,-10.1915636044176));
#5556=CARTESIAN_POINT('Ctrl Pts',(145.43282032082,-10.3579311810822,-10.1915636044176));
#5557=CARTESIAN_POINT('Ctrl Pts',(147.585549056397,-10.3579311810822,-10.1915636044176));
#5558=CARTESIAN_POINT('Ctrl Pts',(149.741194805469,-10.3579311810822,-10.1915636044176));
#5559=CARTESIAN_POINT('Ctrl Pts',(143.277178974633,-11.6899961503384,-8.77399757109689));
#5560=CARTESIAN_POINT('Ctrl Pts',(145.43282032082,-11.6899961503384,-8.77399757109689));
#5561=CARTESIAN_POINT('Ctrl Pts',(147.585549056397,-11.6899961503384,-8.77399757109689));
#5562=CARTESIAN_POINT('Ctrl Pts',(149.741194805469,-11.6899961503384,-8.77399757109689));
#5563=CARTESIAN_POINT('Ctrl Pts',(143.277178974633,-12.0386720630674,-8.50367737579221));
#5564=CARTESIAN_POINT('Ctrl Pts',(145.43282032082,-12.0386720630674,-8.50367737579221));
#5565=CARTESIAN_POINT('Ctrl Pts',(147.585549056397,-12.0386720630674,-8.50367737579221));
#5566=CARTESIAN_POINT('Ctrl Pts',(149.741194805469,-12.0386720630674,-8.50367737579221));
#5567=CARTESIAN_POINT('Ctrl Pts',(143.277178974633,-12.1081478007815,-8.46757801236981));
#5568=CARTESIAN_POINT('Ctrl Pts',(145.43282032082,-12.1081478007815,-8.46757801236981));
#5569=CARTESIAN_POINT('Ctrl Pts',(147.585549056397,-12.1081478007815,-8.46757801236981));
#5570=CARTESIAN_POINT('Ctrl Pts',(149.741194805469,-12.1081478007815,-8.46757801236981));
#5571=CARTESIAN_POINT('',(149.741194669074,-9.39999952167273,-11.4451819298629));
#5572=CARTESIAN_POINT('Ctrl Pts',(149.741194805469,-12.1081478007815,-8.46757801236981));
#5573=CARTESIAN_POINT('Ctrl Pts',(149.741194805469,-12.0386720630674,-8.50367737579221));
#5574=CARTESIAN_POINT('Ctrl Pts',(149.741194805469,-11.6899961503384,-8.77399757109689));
#5575=CARTESIAN_POINT('Ctrl Pts',(149.741194805469,-10.3579311810822,-10.1915636044176));
#5576=CARTESIAN_POINT('Ctrl Pts',(149.741194805469,-9.49647111919206,-11.2320006749579));
#5577=CARTESIAN_POINT('Ctrl Pts',(149.741194805469,-9.39999952167273,-11.4086007463097));
#5578=CARTESIAN_POINT('Ctrl Pts',(149.741194805469,-9.39999952167273,-11.4451819298629));
#5579=CARTESIAN_POINT('Ctrl Pts',(149.741194532679,-9.39999952167273,-11.4451819298629));
#5580=CARTESIAN_POINT('Ctrl Pts',(147.585548874783,-9.39999952167273,-11.4451819298629));
#5581=CARTESIAN_POINT('Ctrl Pts',(145.43282022989,-9.39999952167273,-11.4451819298629));
#5582=CARTESIAN_POINT('Ctrl Pts',(143.277178974633,-9.39999952167273,-11.4451819298629));
#5583=CARTESIAN_POINT('Ctrl Pts',(149.741194669074,-9.39999952167273,-11.4451819298629));
#5584=CARTESIAN_POINT('Ctrl Pts',(149.765781930066,-9.39999952167273,-11.4451819298629));
#5585=CARTESIAN_POINT('Ctrl Pts',(149.81495987727,-9.39999952167273,-11.4448347373868));
#5586=CARTESIAN_POINT('Ctrl Pts',(149.913304972128,-9.39999952167273,-11.4427554575872));
#5587=CARTESIAN_POINT('Ctrl Pts',(150.08534567935,-9.39999952167273,-11.4354634987533));
#5588=CARTESIAN_POINT('Ctrl Pts',(150.428499518416,-9.39999952167272,-11.4063910574527));
#5589=CARTESIAN_POINT('Ctrl Pts',(150.914040231394,-9.39999952167272,-11.323288324242));
#5590=CARTESIAN_POINT('Ctrl Pts',(151.860656680803,-9.39999952167272,-11.0494305584872));
#5591=CARTESIAN_POINT('Ctrl Pts',(152.906803369634,-9.39999952167273,-10.4675028795354));
#5592=CARTESIAN_POINT('Ctrl Pts',(153.883692434587,-9.39999952167273,-9.48432046088052));
#5593=CARTESIAN_POINT('Ctrl Pts',(154.408114811001,-9.39999952167273,-8.64486244700683));
#5594=CARTESIAN_POINT('Ctrl Pts',(154.708112469213,-9.39999952167273,-7.91602976790927));
#5595=CARTESIAN_POINT('Ctrl Pts',(154.870917463023,-9.39999952167273,-7.34756685648475));
#5596=CARTESIAN_POINT('Ctrl Pts',(154.952845564605,-9.39999952167273,-6.86210845435644));
#5597=CARTESIAN_POINT('Ctrl Pts',(154.981608270061,-9.39999952167273,-6.51903666541454));
#5598=CARTESIAN_POINT('Ctrl Pts',(154.9898240303,-9.39999952167273,-6.3225860323802));
#5599=CARTESIAN_POINT('Ctrl Pts',(154.991194683975,-9.39999952167273,-6.22428051258124));
#5600=CARTESIAN_POINT('Ctrl Pts',(154.991194683975,-9.39999952167273,-6.17512776780232));
#5601=CARTESIAN_POINT('Ctrl Pts',(149.741194669074,-9.39999952167273,-11.4086007463097));
#5602=CARTESIAN_POINT('Ctrl Pts',(149.765591360414,-9.39999952167273,-11.4086007463097));
#5603=CARTESIAN_POINT('Ctrl Pts',(149.814394713765,-9.39999894617466,-11.408251309781));
#5604=CARTESIAN_POINT('Ctrl Pts',(149.911986891773,-9.39999826632458,-11.4061804935061));
#5605=CARTESIAN_POINT('Ctrl Pts',(150.082721116327,-9.39999642238893,-11.3989224824936));
#5606=CARTESIAN_POINT('Ctrl Pts',(150.423402531879,-9.39998143287414,-11.3699250279018));
#5607=CARTESIAN_POINT('Ctrl Pts',(150.905385526261,-9.39996886232199,-11.2872763613107));
#5608=CARTESIAN_POINT('Ctrl Pts',(151.845116380388,-9.39994674878412,-11.0150722888427));
#5609=CARTESIAN_POINT('Ctrl Pts',(152.884137483322,-9.3998810178724,-10.4365258591975));
#5610=CARTESIAN_POINT('Ctrl Pts',(153.853793721753,-9.39989626280681,-9.46015983246712));
#5611=CARTESIAN_POINT('Ctrl Pts',(154.374333701072,-9.3999059203616,-8.62658077457038));
#5612=CARTESIAN_POINT('Ctrl Pts',(154.672168481096,-9.39991200787465,-7.90290183906862));
#5613=CARTESIAN_POINT('Ctrl Pts',(154.833589420017,-9.39994993043435,-7.33875798181076));
#5614=CARTESIAN_POINT('Ctrl Pts',(154.914979504781,-9.39995307571193,-6.85678896632718));
#5615=CARTESIAN_POINT('Ctrl Pts',(154.943466692084,-9.3999741073099,-6.51635038203611));
#5616=CARTESIAN_POINT('Ctrl Pts',(154.951579691856,-9.39998823195758,-6.32142935632291));
#5617=CARTESIAN_POINT('Ctrl Pts',(154.952924464783,-9.39999466961125,-6.22388602008224));
#5618=CARTESIAN_POINT('Ctrl Pts',(154.952906972486,-9.39999952167273,-6.17512776780232));
#5619=CARTESIAN_POINT('Ctrl Pts',(149.741194669074,-9.49648985536473,-11.2320231371677));
#5620=CARTESIAN_POINT('Ctrl Pts',(149.764793993723,-9.49648985536473,-11.2320231371677));
#5621=CARTESIAN_POINT('Ctrl Pts',(149.811990962554,-9.4964907205145,-11.2316931840858));
#5622=CARTESIAN_POINT('Ctrl Pts',(149.906377368439,-9.49649458626902,-11.2297004609854));
#5623=CARTESIAN_POINT('Ctrl Pts',(150.071484514457,-9.49650788655593,-11.2227087671606));
#5624=CARTESIAN_POINT('Ctrl Pts',(150.40070555028,-9.4965645438455,-11.1948798077728));
#5625=CARTESIAN_POINT('Ctrl Pts',(150.866561912305,-9.49671209867958,-11.115149063078));
#5626=CARTESIAN_POINT('Ctrl Pts',(151.774692886176,-9.497189093356,-10.8522992691865));
#5627=CARTESIAN_POINT('Ctrl Pts',(152.777667850209,-9.49821126230994,-10.2939200997118));
#5628=CARTESIAN_POINT('Ctrl Pts',(153.714022408902,-9.49987631236868,-9.35005104962323));
#5629=CARTESIAN_POINT('Ctrl Pts',(154.216209842767,-9.50129796525638,-8.54442026749776));
#5630=CARTESIAN_POINT('Ctrl Pts',(154.503095824118,-9.50253215671732,-7.84516048670211));
#5631=CARTESIAN_POINT('Ctrl Pts',(154.658718220745,-9.50347839041737,-7.29966529945476));
#5632=CARTESIAN_POINT('Ctrl Pts',(154.736668022364,-9.50429975703131,-6.8340894122944));
#5633=CARTESIAN_POINT('Ctrl Pts',(154.763897299389,-9.50487097924944,-6.50500592205345));
#5634=CARTESIAN_POINT('Ctrl Pts',(154.771579439131,-9.50519699831425,-6.31656747873776));
#5635=CARTESIAN_POINT('Ctrl Pts',(154.772792250794,-9.50536040949686,-6.22228006576633));
#5636=CARTESIAN_POINT('Ctrl Pts',(154.772748904122,-9.50544133329381,-6.17512776780231));
#5637=CARTESIAN_POINT('Ctrl Pts',(149.741194669074,-10.3579509859028,-10.1915788960636));
#5638=CARTESIAN_POINT('Ctrl Pts',(149.759885961006,-10.3579509859028,-10.1915788960636));
#5639=CARTESIAN_POINT('Ctrl Pts',(149.797271886129,-10.3579570126463,-10.1913128664851));
#5640=CARTESIAN_POINT('Ctrl Pts',(149.872034990854,-10.3579939628899,-10.1897227763437));
#5641=CARTESIAN_POINT('Ctrl Pts',(150.002822781012,-10.3581237116696,-10.1841469239571));
#5642=CARTESIAN_POINT('Ctrl Pts',(150.263703399619,-10.3586386632073,-10.1619086216884));
#5643=CARTESIAN_POINT('Ctrl Pts',(150.632792592855,-10.3601200384587,-10.0983757511414));
#5644=CARTESIAN_POINT('Ctrl Pts',(151.352224999454,-10.3650087126739,-9.88906535642797));
#5645=CARTESIAN_POINT('Ctrl Pts',(152.146748802048,-10.3753946295554,-9.44440322011881));
#5646=CARTESIAN_POINT('Ctrl Pts',(152.887175318631,-10.3930035193987,-8.69409650351052));
#5647=CARTESIAN_POINT('Ctrl Pts',(153.283623256146,-10.408055828546,-8.05414891345284));
#5648=CARTESIAN_POINT('Ctrl Pts',(153.509665003542,-10.4211380311773,-7.49906396604792));
#5649=CARTESIAN_POINT('Ctrl Pts',(153.631827896829,-10.43135940213,-7.06643886844615));
#5650=CARTESIAN_POINT('Ctrl Pts',(153.692790775708,-10.4400861125788,-6.69720920679652));
#5651=CARTESIAN_POINT('Ctrl Pts',(153.713749834217,-10.446262660313,-6.43643677909901));
#5652=CARTESIAN_POINT('Ctrl Pts',(153.719489416875,-10.4498011758201,-6.28715548529549));
#5653=CARTESIAN_POINT('Ctrl Pts',(153.720283664072,-10.4515720410942,-6.21246690913781));
#5654=CARTESIAN_POINT('Ctrl Pts',(153.720160331774,-10.4524580581899,-6.1751277678023));
#5655=CARTESIAN_POINT('Ctrl Pts',(149.741194669074,-11.6900254891132,-8.7740252117757));
#5656=CARTESIAN_POINT('Ctrl Pts',(149.753225867561,-11.6900254891132,-8.7740252117757));
#5657=CARTESIAN_POINT('Ctrl Pts',(149.777289421849,-11.6900403289315,-8.77385342188084));
#5658=CARTESIAN_POINT('Ctrl Pts',(149.825411415128,-11.6901291545241,-8.77282283164432));
#5659=CARTESIAN_POINT('Ctrl Pts',(149.909592156941,-11.6904406484503,-8.76920815237067));
#5660=CARTESIAN_POINT('Ctrl Pts',(150.077483386906,-11.6916827328864,-8.75480256216137));
#5661=CARTESIAN_POINT('Ctrl Pts',(150.315001872477,-11.6952327121837,-8.71360586825896));
#5662=CARTESIAN_POINT('Ctrl Pts',(150.777875948769,-11.7069333894028,-8.57787628562113));
#5663=CARTESIAN_POINT('Ctrl Pts',(151.288633814259,-11.7318054753694,-8.28962880690232));
#5664=CARTESIAN_POINT('Ctrl Pts',(151.763855042983,-11.7738804931453,-7.80354744004081));
#5665=CARTESIAN_POINT('Ctrl Pts',(152.017703476147,-11.809849916348,-7.38934883945066));
#5666=CARTESIAN_POINT('Ctrl Pts',(152.161994915422,-11.8411139864182,-7.03037720517661));
#5667=CARTESIAN_POINT('Ctrl Pts',(152.23972409672,-11.8655166924983,-6.75071386651479));
#5668=CARTESIAN_POINT('Ctrl Pts',(152.278185989029,-11.8863731804073,-6.51221196466919));
#5669=CARTESIAN_POINT('Ctrl Pts',(152.291166830041,-11.9011210322766,-6.34381986336598));
#5670=CARTESIAN_POINT('Ctrl Pts',(152.294578849979,-11.9095685308311,-6.24744205787889));
#5671=CARTESIAN_POINT('Ctrl Pts',(152.294951375127,-11.9137966026787,-6.19923049748318));
#5672=CARTESIAN_POINT('Ctrl Pts',(152.294804813594,-11.915910826598,-6.17512776780228));
#5673=CARTESIAN_POINT('Ctrl Pts',(149.741194669074,-12.0386720630674,-8.50367737579221));
#5674=CARTESIAN_POINT('Ctrl Pts',(149.751972055002,-12.0386720630674,-8.50367737579221));
#5675=CARTESIAN_POINT('Ctrl Pts',(149.773521279011,-12.0386889739363,-8.50352817890878));
#5676=CARTESIAN_POINT('Ctrl Pts',(149.816619021073,-12.0387895184143,-8.50261291478663));
#5677=CARTESIAN_POINT('Ctrl Pts',(149.892000531391,-12.0391419803708,-8.4993988496407));
#5678=CARTESIAN_POINT('Ctrl Pts',(150.042211183755,-12.0405492513427,-8.48664493298138));
#5679=CARTESIAN_POINT('Ctrl Pts',(150.254794805722,-12.0445639151005,-8.44995070641025));
#5680=CARTESIAN_POINT('Ctrl Pts',(150.669111355467,-12.0577895202592,-8.32888986532695));
#5681=CARTESIAN_POINT('Ctrl Pts',(151.126129521892,-12.0859010781665,-8.07184747891875));
#5682=CARTESIAN_POINT('Ctrl Pts',(151.552732357524,-12.1333810749396,-7.6369044641035));
#5683=CARTESIAN_POINT('Ctrl Pts',(151.781171872098,-12.1739366202459,-7.26584896959512));
#5684=CARTESIAN_POINT('Ctrl Pts',(151.911374950963,-12.2091598690094,-6.94392309134245));
#5685=CARTESIAN_POINT('Ctrl Pts',(151.982002282988,-12.2366298122527,-6.69268158607309));
#5686=CARTESIAN_POINT('Ctrl Pts',(152.017077203217,-12.2601022821298,-6.47846233369296));
#5687=CARTESIAN_POINT('Ctrl Pts',(152.029250508384,-12.2766879630172,-6.32697875034512));
#5688=CARTESIAN_POINT('Ctrl Pts',(152.032621169738,-12.2861855574337,-6.24023487941412));
#5689=CARTESIAN_POINT('Ctrl Pts',(152.033104536508,-12.2909386975729,-6.19683805233076));
#5690=CARTESIAN_POINT('Ctrl Pts',(152.033057811785,-12.2933148802006,-6.17512776780227));
#5691=CARTESIAN_POINT('Ctrl Pts',(149.741194669074,-12.1081478007815,-8.46757801236981));
#5692=CARTESIAN_POINT('Ctrl Pts',(149.751783686438,-12.1081478007815,-8.46757801236981));
#5693=CARTESIAN_POINT('Ctrl Pts',(149.772963195612,-12.1081648928656,-8.46742686280735));
#5694=CARTESIAN_POINT('Ctrl Pts',(149.815317546436,-12.1082672548278,-8.46652165649327));
#5695=CARTESIAN_POINT('Ctrl Pts',(149.88941031192,-12.1086262339188,-8.46334711987649));
#5696=CARTESIAN_POINT('Ctrl Pts',(150.037195600688,-12.1100574603336,-8.45069061491895));
#5697=CARTESIAN_POINT('Ctrl Pts',(150.246297009093,-12.1141485874769,-8.41451248874496));
#5698=CARTESIAN_POINT('Ctrl Pts',(150.653939363534,-12.1276308530401,-8.29529620898475));
#5699=CARTESIAN_POINT('Ctrl Pts',(151.104346917897,-12.1562808328817,-8.04199052193339));
#5700=CARTESIAN_POINT('Ctrl Pts',(151.524710324014,-12.2046930651547,-7.61415325761237));
#5701=CARTESIAN_POINT('Ctrl Pts',(151.75021213884,-12.246034223786,-7.24896478378081));
#5702=CARTESIAN_POINT('Ctrl Pts',(151.879094013275,-12.2819319629177,-6.93198420280323));
#5703=CARTESIAN_POINT('Ctrl Pts',(151.948961119391,-12.3099333299724,-6.68479505660274));
#5704=CARTESIAN_POINT('Ctrl Pts',(151.984038435247,-12.3338482324255,-6.47373896100396));
#5705=CARTESIAN_POINT('Ctrl Pts',(151.996285740876,-12.3507499959708,-6.32460800331761));
#5706=CARTESIAN_POINT('Ctrl Pts',(151.999746120007,-12.3604286671196,-6.23921850890079));
#5707=CARTESIAN_POINT('Ctrl Pts',(152.000298267064,-12.3652720680288,-6.19649099348782));
#5708=CARTESIAN_POINT('Ctrl Pts',(152.000279419668,-12.3676937962923,-6.17512776780227));
#5709=CARTESIAN_POINT('',(154.991194683975,-9.39999952167273,-6.17512776780232));
#5710=CARTESIAN_POINT('Ctrl Pts',(152.34750753048,-11.9058169097823,-6.17512776780228));
#5711=CARTESIAN_POINT('Ctrl Pts',(152.396653592465,-11.8490328635846,-6.17512776780228));
#5712=CARTESIAN_POINT('Ctrl Pts',(152.76349496136,-11.4346934141516,-6.17512776780229));
#5713=CARTESIAN_POINT('Ctrl Pts',(153.720160331774,-10.4524580581899,-6.1751277678023));
#5714=CARTESIAN_POINT('Ctrl Pts',(154.772748904122,-9.50544133329381,-6.17512776780231));
#5715=CARTESIAN_POINT('Ctrl Pts',(154.952906972486,-9.39999952167273,-6.17512776780232));
#5716=CARTESIAN_POINT('Ctrl Pts',(154.991194683975,-9.39999952167273,-6.17512776780232));
#5717=CARTESIAN_POINT('Ctrl Pts',(154.991194683975,-9.39999952167273,-6.17512776780232));
#5718=CARTESIAN_POINT('Ctrl Pts',(154.991194683975,-9.39999952167273,-6.22428051258124));
#5719=CARTESIAN_POINT('Ctrl Pts',(154.9898240303,-9.39999952167273,-6.3225860323802));
#5720=CARTESIAN_POINT('Ctrl Pts',(154.981608270061,-9.39999952167273,-6.51903666541454));
#5721=CARTESIAN_POINT('Ctrl Pts',(154.952845564605,-9.39999952167273,-6.86210845435644));
#5722=CARTESIAN_POINT('Ctrl Pts',(154.870917463023,-9.39999952167273,-7.34756685648475));
#5723=CARTESIAN_POINT('Ctrl Pts',(154.708112469213,-9.39999952167273,-7.91602976790927));
#5724=CARTESIAN_POINT('Ctrl Pts',(154.408114811001,-9.39999952167273,-8.64486244700683));
#5725=CARTESIAN_POINT('Ctrl Pts',(153.883692434587,-9.39999952167273,-9.48432046088052));
#5726=CARTESIAN_POINT('Ctrl Pts',(152.906803369634,-9.39999952167273,-10.4675028795354));
#5727=CARTESIAN_POINT('Ctrl Pts',(151.860656680803,-9.39999952167272,-11.0494305584872));
#5728=CARTESIAN_POINT('Ctrl Pts',(150.914040231394,-9.39999952167272,-11.323288324242));
#5729=CARTESIAN_POINT('Ctrl Pts',(150.428499518416,-9.39999952167272,-11.4063910574527));
#5730=CARTESIAN_POINT('Ctrl Pts',(150.08534567935,-9.39999952167273,-11.4354634987533));
#5731=CARTESIAN_POINT('Ctrl Pts',(149.913304972128,-9.39999952167273,-11.4427554575872));
#5732=CARTESIAN_POINT('Ctrl Pts',(149.81495987727,-9.39999952167273,-11.4448347373868));
#5733=CARTESIAN_POINT('Ctrl Pts',(149.765781930066,-9.39999952167273,-11.4451819298629));
#5734=CARTESIAN_POINT('Ctrl Pts',(149.741194669074,-9.39999952167273,-11.4451819298629));
#5735=CARTESIAN_POINT('Ctrl Pts',(154.991194683975,-9.39999952167273,-6.17512776780232));
#5736=CARTESIAN_POINT('Ctrl Pts',(154.991194683975,-9.39999952167273,-5.93184563045438));
#5737=CARTESIAN_POINT('Ctrl Pts',(154.991194683975,-9.39999952167273,-5.68859409959237));
#5738=CARTESIAN_POINT('Ctrl Pts',(154.991194683975,-9.39999952167273,-5.44528663773679));
#5739=CARTESIAN_POINT('Ctrl Pts',(154.94721229547,-9.39999952167273,-6.17512776780232));
#5740=CARTESIAN_POINT('Ctrl Pts',(154.94721229547,-9.39999952167273,-5.93184563045438));
#5741=CARTESIAN_POINT('Ctrl Pts',(154.94721229547,-9.39999952167273,-5.68859409959238));
#5742=CARTESIAN_POINT('Ctrl Pts',(154.94721229547,-9.39999952167273,-5.44528663773679));
#5743=CARTESIAN_POINT('Ctrl Pts',(154.675449698062,-9.56563675884612,-6.17512776780232));
#5744=CARTESIAN_POINT('Ctrl Pts',(154.675449698062,-9.56563675884612,-5.93184563045438));
#5745=CARTESIAN_POINT('Ctrl Pts',(154.675449698062,-9.56563675884612,-5.68859409959238));
#5746=CARTESIAN_POINT('Ctrl Pts',(154.675449698062,-9.56563675884612,-5.44528663773679));
#5747=CARTESIAN_POINT('Ctrl Pts',(153.471950571134,-10.7064613661204,-6.1751277678023));
#5748=CARTESIAN_POINT('Ctrl Pts',(153.471950571134,-10.7064613661204,-5.93184563045436));
#5749=CARTESIAN_POINT('Ctrl Pts',(153.471950571134,-10.7064613661204,-5.68859409959238));
#5750=CARTESIAN_POINT('Ctrl Pts',(153.471950571134,-10.7064613661204,-5.44528663773679));
#5751=CARTESIAN_POINT('Ctrl Pts',(152.72439667068,-11.4863816012399,-6.17512776780229));
#5752=CARTESIAN_POINT('Ctrl Pts',(152.72439667068,-11.4863816012399,-5.93184563045435));
#5753=CARTESIAN_POINT('Ctrl Pts',(152.72439667068,-11.4863816012399,-5.68859409959238));
#5754=CARTESIAN_POINT('Ctrl Pts',(152.72439667068,-11.4863816012399,-5.44528663773679));
#5755=CARTESIAN_POINT('Ctrl Pts',(152.456318833475,-11.7841438532151,-6.17512776780228));
#5756=CARTESIAN_POINT('Ctrl Pts',(152.456318833475,-11.7841438532151,-5.93184563045435));
#5757=CARTESIAN_POINT('Ctrl Pts',(152.456318833475,-11.7841438532151,-5.68859409959238));
#5758=CARTESIAN_POINT('Ctrl Pts',(152.456318833475,-11.7841438532151,-5.44528663773679));
#5759=CARTESIAN_POINT('Ctrl Pts',(152.349549704886,-11.9075843926846,-6.17512776780228));
#5760=CARTESIAN_POINT('Ctrl Pts',(152.349549704886,-11.9075843926846,-5.93184563045435));
#5761=CARTESIAN_POINT('Ctrl Pts',(152.349549704886,-11.9075843926846,-5.68859409959237));
#5762=CARTESIAN_POINT('Ctrl Pts',(152.349549704886,-11.9075843926846,-5.44528663773679));
#5763=CARTESIAN_POINT('',(154.991194683975,-9.39999952167273,-5.44528663773679));
#5764=CARTESIAN_POINT('Ctrl Pts',(152.40521891059,-11.8437368506772,-5.44528663773679));
#5765=CARTESIAN_POINT('Ctrl Pts',(152.501745299581,-11.7338624225614,-5.44528663773679));
#5766=CARTESIAN_POINT('Ctrl Pts',(152.755553392725,-11.453875907713,-5.44528663773679));
#5767=CARTESIAN_POINT('Ctrl Pts',(153.471950571134,-10.7064613661204,-5.44528663773679));
#5768=CARTESIAN_POINT('Ctrl Pts',(154.675449698062,-9.56563675884612,-5.44528663773679));
#5769=CARTESIAN_POINT('Ctrl Pts',(154.94721229547,-9.39999952167273,-5.44528663773679));
#5770=CARTESIAN_POINT('Ctrl Pts',(154.991194683975,-9.39999952167273,-5.44528663773679));
#5771=CARTESIAN_POINT('Ctrl Pts',(154.991194683975,-9.39999952167273,-5.44528663773679));
#5772=CARTESIAN_POINT('Ctrl Pts',(154.991194683975,-9.39999952167273,-5.68859409959237));
#5773=CARTESIAN_POINT('Ctrl Pts',(154.991194683975,-9.39999952167273,-5.93184563045438));
#5774=CARTESIAN_POINT('Ctrl Pts',(154.991194683975,-9.39999952167273,-6.17512776780232));
#5775=CARTESIAN_POINT('Ctrl Pts',(154.991194683975,-9.39999952167273,-5.44528663773679));
#5776=CARTESIAN_POINT('Ctrl Pts',(154.991194683975,-9.39999952167273,-4.26569550976398));
#5777=CARTESIAN_POINT('Ctrl Pts',(154.305538976536,-9.39999952167273,-2.30430132405536));
#5778=CARTESIAN_POINT('Ctrl Pts',(152.098965843981,-9.39999952167273,-0.537745715459169));
#5779=CARTESIAN_POINT('Ctrl Pts',(150.527874510078,-9.39999952167273,-0.175232489913801));
#5780=CARTESIAN_POINT('Ctrl Pts',(149.741194763733,-9.39999952167273,-0.175232475675504));
#5781=CARTESIAN_POINT('Ctrl Pts',(154.948258409538,-9.39999952167273,-5.44528663773679));
#5782=CARTESIAN_POINT('Ctrl Pts',(154.947857400122,-9.39990531051555,-4.27363753984666));
#5783=CARTESIAN_POINT('Ctrl Pts',(154.270316192855,-9.40000056757895,-2.33040759561301));
#5784=CARTESIAN_POINT('Ctrl Pts',(152.07932355506,-9.39987945659855,-0.577163419401875));
#5785=CARTESIAN_POINT('Ctrl Pts',(150.52225012914,-9.39999952167384,-0.220000752411392));
#5786=CARTESIAN_POINT('Ctrl Pts',(149.741194762923,-9.39999952167273,-0.220000738279641));
#5787=CARTESIAN_POINT('Ctrl Pts',(154.737859140134,-9.5310264179016,-5.44528663773679));
#5788=CARTESIAN_POINT('Ctrl Pts',(154.736665587531,-9.53353112753761,-4.32193901385487));
#5789=CARTESIAN_POINT('Ctrl Pts',(154.082570308305,-9.53773292367384,-2.45628351212535));
#5790=CARTESIAN_POINT('Ctrl Pts',(151.982718157031,-9.54147617645694,-0.777300573125972));
#5791=CARTESIAN_POINT('Ctrl Pts',(150.489221874722,-9.54226825018553,-0.433302107437713));
#5792=CARTESIAN_POINT('Ctrl Pts',(149.741194759063,-9.54226825021566,-0.433302093910173));
#5793=CARTESIAN_POINT('Ctrl Pts',(153.766998296382,-10.4196557683265,-5.44528663773679));
#5794=CARTESIAN_POINT('Ctrl Pts',(153.764246734063,-10.4401593436516,-4.53822098621078));
#5795=CARTESIAN_POINT('Ctrl Pts',(153.234760259405,-10.4743995128878,-3.03478101798938));
#5796=CARTESIAN_POINT('Ctrl Pts',(151.543498274963,-10.5052960985872,-1.68394756602358));
#5797=CARTESIAN_POINT('Ctrl Pts',(150.342780445222,-10.5116769982965,-1.40781394870285));
#5798=CARTESIAN_POINT('Ctrl Pts',(149.741194741425,-10.5116769985458,-1.40781393782639));
#5799=CARTESIAN_POINT('Ctrl Pts',(152.941283151749,-11.248927628108,-5.44528663773679));
#5800=CARTESIAN_POINT('Ctrl Pts',(152.937930935257,-11.2862448676726,-4.72277586676454));
#5801=CARTESIAN_POINT('Ctrl Pts',(152.514463194599,-11.3484907192039,-3.52574898873484));
#5802=CARTESIAN_POINT('Ctrl Pts',(151.171312711983,-11.4047496974585,-2.4527869760127));
#5803=CARTESIAN_POINT('Ctrl Pts',(150.218345096902,-11.4163189140942,-2.23302934930294));
#5804=CARTESIAN_POINT('Ctrl Pts',(149.741194726489,-11.4163189145482,-2.23302934066914));
#5805=CARTESIAN_POINT('Ctrl Pts',(152.518571128626,-11.7146560729522,-5.44528663773679));
#5806=CARTESIAN_POINT('Ctrl Pts',(152.515764980024,-11.7610144723324,-4.81703917450537));
#5807=CARTESIAN_POINT('Ctrl Pts',(152.148397258226,-11.8382478588032,-3.77606785735798));
#5808=CARTESIAN_POINT('Ctrl Pts',(150.982629849303,-11.9080226864682,-2.84277685243146));
#5809=CARTESIAN_POINT('Ctrl Pts',(150.15538909012,-11.9223441272442,-2.65162616822298));
#5810=CARTESIAN_POINT('Ctrl Pts',(149.741194718913,-11.9223441278071,-2.6516261607125));
#5811=CARTESIAN_POINT('Ctrl Pts',(152.405212888974,-11.8437315676289,-5.44528663773679));
#5812=CARTESIAN_POINT('Ctrl Pts',(152.402629366751,-11.8925340858208,-4.84231073829771));
#5813=CARTESIAN_POINT('Ctrl Pts',(152.050447252623,-11.9738445970737,-3.8430547381604));
#5814=CARTESIAN_POINT('Ctrl Pts',(150.932193524193,-12.0472624413472,-2.94700271424432));
#5815=CARTESIAN_POINT('Ctrl Pts',(150.138564087399,-12.0623434792658,-2.76345457695785));
#5816=CARTESIAN_POINT('Ctrl Pts',(149.741194716889,-12.0623434798581,-2.76345456974657));
#5817=CARTESIAN_POINT('Ctrl Pts',(149.741194763733,-9.39999952167273,-0.175232475675504));
#5818=CARTESIAN_POINT('Ctrl Pts',(150.527874510078,-9.39999952167273,-0.175232489913801));
#5819=CARTESIAN_POINT('Ctrl Pts',(152.098965843981,-9.39999952167273,-0.537745715459169));
#5820=CARTESIAN_POINT('Ctrl Pts',(154.305538976536,-9.39999952167273,-2.30430132405536));
#5821=CARTESIAN_POINT('Ctrl Pts',(154.991194683975,-9.39999952167273,-4.26569550976398));
#5822=CARTESIAN_POINT('Ctrl Pts',(154.991194683975,-9.39999952167273,-5.44528663773679));
#5823=CARTESIAN_POINT('Origin',(24.5999994724989,-9.39999952167273,1.11022302462516E-15));
#5824=CARTESIAN_POINT('',(24.5999994724989,-9.39999952167273,-14.6786699951353));
#5825=CARTESIAN_POINT('',(268.599999472499,-9.39999952167273,-14.6786699951353));
#5826=CARTESIAN_POINT('',(24.5999994724989,-9.39999952167273,-14.6786699951353));
#5827=CARTESIAN_POINT('',(24.5999994724989,-9.39999952167273,1.11022302462516E-15));
#5828=CARTESIAN_POINT('',(268.599999472499,-9.39999952167273,1.11022302462516E-15));
#5829=CARTESIAN_POINT('Origin',(222.596013687268,-17.3999995216727,12.7979257281011));
#5830=CARTESIAN_POINT('',(222.596013687268,-17.3999995216727,3.1));
#5831=CARTESIAN_POINT('',(222.596013687268,-17.3999995216727,12.7979257281011));
#5832=CARTESIAN_POINT('',(205.634374005307,-17.3999995216727,3.1));
#5833=CARTESIAN_POINT('',(222.596013687268,-17.3999995216727,3.1));
#5834=CARTESIAN_POINT('',(205.634374005307,-17.3999995216727,12.7979257281011));
#5835=CARTESIAN_POINT('Origin',(205.634374005307,-15.3999995216727,12.7979257281011));
#5836=CARTESIAN_POINT('',(203.634374005307,-15.3999995216727,3.1));
#5837=CARTESIAN_POINT('Origin',(205.634374005307,-15.3999995216727,3.1));
#5838=CARTESIAN_POINT('',(203.634374005307,-15.3999995216727,12.7979257281011));
#5839=CARTESIAN_POINT('Origin',(203.634374005307,-15.3999995216727,12.7979257281011));
#5840=CARTESIAN_POINT('',(203.634374005307,-13.3999995216727,3.1));
#5841=CARTESIAN_POINT('',(203.634374005307,-15.3999995216727,3.1));
#5842=CARTESIAN_POINT('',(203.634374005307,-13.3999995216727,12.7979257281011));
#5843=CARTESIAN_POINT('Origin',(205.634374005307,-13.3999995216728,12.7979257281011));
#5844=CARTESIAN_POINT('',(205.634374005307,-11.3999995216727,3.1));
#5845=CARTESIAN_POINT('Origin',(205.634374005307,-13.3999995216728,3.1));
#5846=CARTESIAN_POINT('',(205.634374005307,-11.3999995216727,12.7979257281011));
#5847=CARTESIAN_POINT('Origin',(205.634374005307,-11.3999995216727,12.7979257281011));
#5848=CARTESIAN_POINT('',(253.634374005307,-11.3999995216727,3.1));
#5849=CARTESIAN_POINT('',(205.634374005307,-11.3999995216727,3.1));
#5850=CARTESIAN_POINT('',(253.634374005307,-11.3999995216727,12.7979257281011));
#5851=CARTESIAN_POINT('Origin',(253.634374005307,-13.3999995216728,12.7979257281011));
#5852=CARTESIAN_POINT('',(255.634374005307,-13.3999995216727,3.1));
#5853=CARTESIAN_POINT('Origin',(253.634374005307,-13.3999995216728,3.1));
#5854=CARTESIAN_POINT('',(255.634374005307,-13.3999995216727,12.7979257281011));
#5855=CARTESIAN_POINT('Origin',(255.634374005307,-13.3999995216727,12.7979257281011));
#5856=CARTESIAN_POINT('',(255.634374005307,-15.3999995216728,3.1));
#5857=CARTESIAN_POINT('',(255.634374005307,-13.3999995216727,3.1));
#5858=CARTESIAN_POINT('',(255.634374005307,-15.3999995216728,12.7979257281011));
#5859=CARTESIAN_POINT('Origin',(222.596013687268,-18.3999995216727,12.7979257281011));
#5860=CARTESIAN_POINT('Origin',(222.596013687268,-18.3999995216727,3.1));
#5861=CARTESIAN_POINT('Origin',(236.596013687268,-18.3999995216727,12.7979257281011));
#5862=CARTESIAN_POINT('',(236.596013687268,-17.3999995216727,3.1));
#5863=CARTESIAN_POINT('',(236.596013687268,-17.3999995216727,12.7979257281011));
#5864=CARTESIAN_POINT('Origin',(236.596013687268,-18.3999995216727,3.1));
#5865=CARTESIAN_POINT('Origin',(253.634374005307,-17.3999995216727,12.7979257281011));
#5866=CARTESIAN_POINT('',(253.634374005307,-17.3999995216727,3.1));
#5867=CARTESIAN_POINT('',(253.634374005307,-17.3999995216727,12.7979257281011));
#5868=CARTESIAN_POINT('',(253.634374005307,-17.3999995216727,3.1));
#5869=CARTESIAN_POINT('Origin',(253.634374005307,-15.3999995216727,12.7979257281011));
#5870=CARTESIAN_POINT('Origin',(253.634374005307,-15.3999995216727,3.1));
#5871=CARTESIAN_POINT('Origin',(146.599999472499,-62.8999995216727,3.1));
#5872=CARTESIAN_POINT('Origin',(58.6662100611092,-18.4008339004752,12.7979257281011));
#5873=CARTESIAN_POINT('',(59.6662098870623,-18.3999995218906,3.1));
#5874=CARTESIAN_POINT('',(59.6662098870623,-18.3999995218906,12.7979257281011));
#5875=CARTESIAN_POINT('',(58.6662100611092,-17.4008339004752,3.1));
#5876=CARTESIAN_POINT('Origin',(58.6662100611092,-18.4008339004752,3.1));
#5877=CARTESIAN_POINT('',(58.6662100611092,-17.4008339004752,12.7979257281011));
#5878=CARTESIAN_POINT('Origin',(58.6662100611092,-17.4008339004752,12.7979257281011));
#5879=CARTESIAN_POINT('',(41.6349490403738,-17.4008339004752,3.1));
#5880=CARTESIAN_POINT('',(58.6662100611092,-17.4008339004752,3.1));
#5881=CARTESIAN_POINT('',(41.6349490403738,-17.4008339004752,12.7979257281011));
#5882=CARTESIAN_POINT('Origin',(41.6349490403738,-15.4008339004752,12.7979257281011));
#5883=CARTESIAN_POINT('',(39.6349490403738,-15.4008339004752,3.1));
#5884=CARTESIAN_POINT('Origin',(41.6349490403738,-15.4008339004752,3.1));
#5885=CARTESIAN_POINT('',(39.6349490403738,-15.4008339004752,12.7979257281011));
#5886=CARTESIAN_POINT('Origin',(39.6349490403738,-15.4008339004752,12.7979257281011));
#5887=CARTESIAN_POINT('',(39.6349490403738,-13.4008339004752,3.1));
#5888=CARTESIAN_POINT('',(39.6349490403738,-15.4008339004752,3.1));
#5889=CARTESIAN_POINT('',(39.6349490403738,-13.4008339004752,12.7979257281011));
#5890=CARTESIAN_POINT('Origin',(41.6349490403738,-13.4008339004752,12.7979257281011));
#5891=CARTESIAN_POINT('',(41.6349490403738,-11.4008339004752,3.1));
#5892=CARTESIAN_POINT('Origin',(41.6349490403738,-13.4008339004752,3.1));
#5893=CARTESIAN_POINT('',(41.6349490403738,-11.4008339004752,12.7979257281011));
#5894=CARTESIAN_POINT('Origin',(41.6349490403738,-11.4008339004752,12.7979257281011));
#5895=CARTESIAN_POINT('',(89.6349490403738,-11.4008339004752,3.1));
#5896=CARTESIAN_POINT('',(41.6349490403738,-11.4008339004752,3.1));
#5897=CARTESIAN_POINT('',(89.6349490403738,-11.4008339004752,12.7979257281011));
#5898=CARTESIAN_POINT('Origin',(89.6349490403738,-13.4008339004752,12.7979257281011));
#5899=CARTESIAN_POINT('',(91.6349490403738,-13.4008339004752,3.1));
#5900=CARTESIAN_POINT('Origin',(89.6349490403738,-13.4008339004752,3.1));
#5901=CARTESIAN_POINT('',(91.6349490403738,-13.4008339004752,12.7979257281011));
#5902=CARTESIAN_POINT('Origin',(91.6349490403738,-13.4008339004752,12.7979257281011));
#5903=CARTESIAN_POINT('',(91.6349490403738,-15.4008339004752,3.1));
#5904=CARTESIAN_POINT('',(91.6349490403738,-13.4008339004752,3.1));
#5905=CARTESIAN_POINT('',(91.6349490403738,-15.4008339004752,12.7979257281011));
#5906=CARTESIAN_POINT('Origin',(58.6662100611092,-18.3999995216728,12.7979257281011));
#5907=CARTESIAN_POINT('',(58.6662100611092,-19.3999995216728,3.1));
#5908=CARTESIAN_POINT('',(58.6662100611092,-19.3999995216729,12.7979257281011));
#5909=CARTESIAN_POINT('Origin',(58.6662100611092,-18.3999995216728,3.1));
#5910=CARTESIAN_POINT('Origin',(72.6662100611092,-18.3999995216727,12.7979257281011));
#5911=CARTESIAN_POINT('',(71.6662102351561,-18.4008339002573,3.1));
#5912=CARTESIAN_POINT('',(71.6662102351561,-18.4008339002573,12.7979257281011));
#5913=CARTESIAN_POINT('',(72.6662100611092,-19.3999995216727,3.1));
#5914=CARTESIAN_POINT('Origin',(72.6662100611092,-18.3999995216727,3.1));
#5915=CARTESIAN_POINT('',(72.6662100611092,-19.3999995216729,12.7979257281011));
#5916=CARTESIAN_POINT('Origin',(72.6662100611092,-18.4008339004752,12.7979257281011));
#5917=CARTESIAN_POINT('',(72.6662100611092,-17.4008339004752,3.1));
#5918=CARTESIAN_POINT('',(72.6662100611092,-17.4008339004752,12.7979257281011));
#5919=CARTESIAN_POINT('Origin',(72.6662100611092,-18.4008339004752,3.1));
#5920=CARTESIAN_POINT('Origin',(89.6349490403738,-17.4008339004752,12.7979257281011));
#5921=CARTESIAN_POINT('',(89.6349490403738,-17.4008339004752,3.1));
#5922=CARTESIAN_POINT('',(89.6349490403738,-17.4008339004752,12.7979257281011));
#5923=CARTESIAN_POINT('',(89.6349490403738,-17.4008339004752,3.1));
#5924=CARTESIAN_POINT('Origin',(89.6349490403738,-15.4008339004752,12.7979257281011));
#5925=CARTESIAN_POINT('Origin',(89.6349490403738,-15.4008339004752,3.1));
#5926=CARTESIAN_POINT('Origin',(146.599999472499,-62.8999995216727,3.1));
#5927=CARTESIAN_POINT('',(207.599999472499,-19.3999995216727,3.1));
#5928=CARTESIAN_POINT('Origin',(153.5045,-16.2186092738248,-14.14499995333));
#5929=CARTESIAN_POINT('',(151.9045,-16.1767145109935,-13.6661406229561));
#5930=CARTESIAN_POINT('Origin',(153.5045,-16.1767145109935,-13.6661406229561));
#5931=CARTESIAN_POINT('',(153.5045,-16.2605040366562,-14.6238592837039));
#5932=CARTESIAN_POINT('',(152.7045,-16.2186092738248,-14.14499995333));
#5933=CARTESIAN_POINT('Origin',(153.5045,-15.9588251541244,-11.1756538777268));
#5934=CARTESIAN_POINT('',(151.9045,-15.9588251541244,-11.1756538777268));
#5935=CARTESIAN_POINT('Origin',(139.5045,-16.2186092738248,-14.14499995333));
#5936=CARTESIAN_POINT('',(137.9045,-16.1767145109935,-13.6661406229561));
#5937=CARTESIAN_POINT('Origin',(139.5045,-16.1767145109935,-13.6661406229561));
#5938=CARTESIAN_POINT('',(139.5045,-16.2605040366562,-14.6238592837039));
#5939=CARTESIAN_POINT('',(138.7045,-16.2186092738248,-14.14499995333));
#5940=CARTESIAN_POINT('Origin',(139.5045,-15.9588251541244,-11.1756538777268));
#5941=CARTESIAN_POINT('',(137.9045,-15.9588251541244,-11.1756538777268));
#5942=CARTESIAN_POINT('Origin',(153.5045,-28.6710429999717,-13.0555531689843));
#5943=CARTESIAN_POINT('',(151.9045,-28.6291482371404,-12.5766938386104));
#5944=CARTESIAN_POINT('Origin',(153.5045,-28.6291482371404,-12.5766938386104));
#5945=CARTESIAN_POINT('',(153.5045,-28.712937762803,-13.5344124993582));
#5946=CARTESIAN_POINT('',(152.7045,-28.6710429999717,-13.0555531689843));
#5947=CARTESIAN_POINT('Origin',(153.5045,-28.4112588802712,-10.0862070933811));
#5948=CARTESIAN_POINT('',(151.9045,-28.4112588802712,-10.0862070933811));
#5949=CARTESIAN_POINT('Origin',(139.5045,-28.6710429999717,-13.0555531689843));
#5950=CARTESIAN_POINT('',(137.9045,-28.6291482371403,-12.5766938386104));
#5951=CARTESIAN_POINT('Origin',(139.5045,-28.6291482371403,-12.5766938386104));
#5952=CARTESIAN_POINT('',(139.5045,-28.712937762803,-13.5344124993583));
#5953=CARTESIAN_POINT('',(138.7045,-28.6710429999717,-13.0555531689843));
#5954=CARTESIAN_POINT('Origin',(139.5045,-28.4112588802712,-10.0862070933811));
#5955=CARTESIAN_POINT('',(137.9045,-28.4112588802712,-10.0862070933811));
#5956=CARTESIAN_POINT('Origin',(268.599999472499,-19.3999995216727,1.11022302462516E-15));
#5957=CARTESIAN_POINT('',(24.5999994724989,-19.3999995216727,1.11022302462516E-15));
#5958=CARTESIAN_POINT('Origin',(269.696229991425,-41.8193546837705,-6.50380530190825));
#5959=CARTESIAN_POINT('',(267.696229991425,-41.9065104265182,-7.5));
#5960=CARTESIAN_POINT('',(267.696229991425,-41.9065104265182,-7.5));
#5961=CARTESIAN_POINT('',(268.280205031557,-41.8193546837705,-6.50380530190825));
#5962=CARTESIAN_POINT('',(269.696229991425,-41.8193546837705,-6.50380530190825));
#5963=CARTESIAN_POINT('Origin',(267.696229991425,-39.9065104265182,15.3601046055223));
#5964=CARTESIAN_POINT('Origin',(269.696229991425,-41.8193546837705,-6.50380530190825));
#5965=CARTESIAN_POINT('',(25.6962299914253,-41.9065104265182,-7.5));
#5966=CARTESIAN_POINT('',(25.6962299914253,-41.9065104265182,-7.5));
#5967=CARTESIAN_POINT('',(25.1122549512937,-41.8193546837705,-6.50380530190825));
#5968=CARTESIAN_POINT('Origin',(25.6962299914253,-39.9065104265182,15.3601046055223));
#5969=CARTESIAN_POINT('',(269.696229991425,-41.8193546837705,-6.50380530190825));
#5970=CARTESIAN_POINT('Origin',(269.696229991425,-41.9065104265182,-6.50380530190825));
#5971=CARTESIAN_POINT('',(267.696229991425,-41.9065104265182,-6.50380530190825));
#5972=CARTESIAN_POINT('Origin',(267.696229991425,-39.9065104265182,-6.50380530190825));
#5973=CARTESIAN_POINT('',(25.6962299914253,-41.9065104265182,-6.50380530190825));
#5974=CARTESIAN_POINT('Origin',(25.6962299914253,-39.9065104265182,-6.50380530190825));
#5975=CARTESIAN_POINT('',(268.696229991425,-41.9065104265182,-6.50380530190825));
#5976=CARTESIAN_POINT('Origin',(25.6962299914253,-39.9065104265182,-6.));
#5977=CARTESIAN_POINT('',(23.6962299914253,-39.9065104265182,-7.67497732705184));
#5978=CARTESIAN_POINT('Origin',(25.6962299914253,-39.9065104265182,-7.67497732705184));
#5979=CARTESIAN_POINT('',(23.6962299914253,-39.9065104265182,-6.));
#5980=CARTESIAN_POINT('',(25.6962299914253,-41.9065104265182,-6.));
#5981=CARTESIAN_POINT('Origin',(25.6962299914253,-25.8565104265182,-6.));
#5982=CARTESIAN_POINT('',(25.6962299914253,-25.8565104265182,-6.));
#5983=CARTESIAN_POINT('Origin',(146.696229991425,-52.9322297119537,-6.5));
#5984=CARTESIAN_POINT('',(267.696229991425,-44.9072297119538,-6.5));
#5985=CARTESIAN_POINT('',(269.696229991425,-46.9072297119537,-6.5));
#5986=CARTESIAN_POINT('Origin',(267.696229991425,-46.9072297119537,-6.5));
#5987=CARTESIAN_POINT('',(25.6962299914253,-44.9072297119537,-6.5));
#5988=CARTESIAN_POINT('',(86.1962299914253,-44.9072297119537,-6.5));
#5989=CARTESIAN_POINT('',(23.6962299914253,-46.9072297119537,-6.5));
#5990=CARTESIAN_POINT('Origin',(25.6962299914253,-46.9072297119537,-6.5));
#5991=CARTESIAN_POINT('',(23.6962299914253,-58.9572297119537,-6.5));
#5992=CARTESIAN_POINT('',(23.6962299914253,-55.9447297119537,-6.5));
#5993=CARTESIAN_POINT('',(25.6962299914253,-60.9572297119537,-6.5));
#5994=CARTESIAN_POINT('Origin',(25.6962299914253,-58.9572297119537,-6.5));
#5995=CARTESIAN_POINT('',(267.696229991425,-60.9572297119537,-6.5));
#5996=CARTESIAN_POINT('',(207.196229991425,-60.9572297119537,-6.5));
#5997=CARTESIAN_POINT('',(269.696229991425,-58.9572297119537,-6.5));
#5998=CARTESIAN_POINT('Origin',(267.696229991425,-58.9572297119537,-6.5));
#5999=CARTESIAN_POINT('',(269.696229991425,-49.9197297119535,-6.5));
#6000=CARTESIAN_POINT('Origin',(146.696229991425,-71.9822297119537,-6.5));
#6001=CARTESIAN_POINT('',(267.696229991425,-63.9572297119537,-6.5));
#6002=CARTESIAN_POINT('',(269.696229991425,-65.9572297119537,-6.5));
#6003=CARTESIAN_POINT('Origin',(267.696229991425,-65.9572297119537,-6.5));
#6004=CARTESIAN_POINT('',(25.6962299914253,-63.9572297119537,-6.5));
#6005=CARTESIAN_POINT('',(86.1962299914253,-63.9572297119537,-6.5));
#6006=CARTESIAN_POINT('',(23.6962299914253,-65.9572297119537,-6.5));
#6007=CARTESIAN_POINT('Origin',(25.6962299914253,-65.9572297119537,-6.5));
#6008=CARTESIAN_POINT('',(23.6962299914253,-78.0072297119537,-6.5));
#6009=CARTESIAN_POINT('',(23.6962299914253,-74.9947297119537,-6.5));
#6010=CARTESIAN_POINT('',(25.6962299914253,-80.0072297119537,-6.5));
#6011=CARTESIAN_POINT('Origin',(25.6962299914253,-78.0072297119537,-6.5));
#6012=CARTESIAN_POINT('',(267.696229991425,-80.0072297119537,-6.5));
#6013=CARTESIAN_POINT('',(207.196229991425,-80.0072297119537,-6.5));
#6014=CARTESIAN_POINT('',(269.696229991425,-78.0072297119537,-6.5));
#6015=CARTESIAN_POINT('Origin',(267.696229991425,-78.0072297119537,-6.5));
#6016=CARTESIAN_POINT('',(269.696229991425,-68.9697297119539,-6.5));
#6017=CARTESIAN_POINT('Origin',(146.696229991425,-91.0322297119537,-6.5));
#6018=CARTESIAN_POINT('',(267.696229991425,-83.0072297119537,-6.5));
#6019=CARTESIAN_POINT('',(269.696229991425,-85.0072297119538,-6.5));
#6020=CARTESIAN_POINT('Origin',(267.696229991425,-85.0072297119537,-6.5));
#6021=CARTESIAN_POINT('',(25.6962299914253,-83.0072297119537,-6.5));
#6022=CARTESIAN_POINT('',(86.1962299914253,-83.0072297119537,-6.5));
#6023=CARTESIAN_POINT('',(23.6962299914253,-85.0072297119537,-6.5));
#6024=CARTESIAN_POINT('Origin',(25.6962299914253,-85.0072297119537,-6.5));
#6025=CARTESIAN_POINT('',(23.6962299914253,-97.0572297119537,-6.5));
#6026=CARTESIAN_POINT('',(23.6962299914253,-94.0447297119537,-6.5));
#6027=CARTESIAN_POINT('',(25.6962299914253,-99.0572297119537,-6.5));
#6028=CARTESIAN_POINT('Origin',(25.6962299914253,-97.0572297119537,-6.5));
#6029=CARTESIAN_POINT('',(267.696229991425,-99.0572297119537,-6.5));
#6030=CARTESIAN_POINT('',(207.196229991425,-99.0572297119537,-6.5));
#6031=CARTESIAN_POINT('',(269.696229991425,-97.0572297119537,-6.5));
#6032=CARTESIAN_POINT('Origin',(267.696229991425,-97.0572297119537,-6.5));
#6033=CARTESIAN_POINT('',(269.696229991425,-88.0197297119539,-6.5));
#6034=CARTESIAN_POINT('Origin',(25.6962299914253,-58.9572297119537,-6.));
#6035=CARTESIAN_POINT('',(23.6962299914253,-58.9572297119537,-6.));
#6036=CARTESIAN_POINT('',(25.6962299914253,-60.9572297119537,-6.));
#6037=CARTESIAN_POINT('Origin',(23.6962299914253,-58.9572297119537,-6.));
#6038=CARTESIAN_POINT('',(23.6962299914253,-46.9072297119537,-6.));
#6039=CARTESIAN_POINT('Origin',(25.6962299914253,-46.9072297119537,-6.));
#6040=CARTESIAN_POINT('',(25.6962299914253,-44.9072297119537,-6.));
#6041=CARTESIAN_POINT('Origin',(25.6962299914253,-44.9072297119537,-6.));
#6042=CARTESIAN_POINT('',(267.696229991425,-44.9072297119538,-6.));
#6043=CARTESIAN_POINT('Origin',(25.6962299914253,-78.0072297119537,-6.));
#6044=CARTESIAN_POINT('',(23.6962299914253,-78.0072297119537,-6.));
#6045=CARTESIAN_POINT('',(25.6962299914253,-80.0072297119537,-6.));
#6046=CARTESIAN_POINT('Origin',(23.6962299914253,-78.0072297119537,-6.));
#6047=CARTESIAN_POINT('',(23.6962299914253,-65.9572297119537,-6.));
#6048=CARTESIAN_POINT('Origin',(25.6962299914253,-65.9572297119537,-6.));
#6049=CARTESIAN_POINT('',(25.6962299914253,-63.9572297119537,-6.));
#6050=CARTESIAN_POINT('Origin',(25.6962299914253,-63.9572297119537,-6.));
#6051=CARTESIAN_POINT('',(267.696229991425,-63.9572297119537,-6.));
#6052=CARTESIAN_POINT('Origin',(25.6962299914253,-97.0572297119537,-6.));
#6053=CARTESIAN_POINT('',(23.6962299914253,-97.0572297119537,-6.));
#6054=CARTESIAN_POINT('',(25.6962299914253,-99.0572297119537,-6.));
#6055=CARTESIAN_POINT('Origin',(23.6962299914253,-97.0572297119537,-6.));
#6056=CARTESIAN_POINT('',(23.6962299914253,-85.0072297119537,-6.));
#6057=CARTESIAN_POINT('Origin',(25.6962299914253,-85.0072297119537,-6.));
#6058=CARTESIAN_POINT('',(25.6962299914253,-83.0072297119537,-6.));
#6059=CARTESIAN_POINT('Origin',(25.6962299914253,-83.0072297119537,-6.));
#6060=CARTESIAN_POINT('',(267.696229991425,-83.0072297119537,-6.));
#6061=CARTESIAN_POINT('Ctrl Pts',(267.696229991425,-41.9065104265182,-7.5));
#6062=CARTESIAN_POINT('Ctrl Pts',(269.696229991425,-41.9065104265181,-7.5));
#6063=CARTESIAN_POINT('Ctrl Pts',(269.696229991425,-39.9065104265181,-7.67497732705185));
#6064=CARTESIAN_POINT('Ctrl Pts',(267.696229991425,-41.8193546837705,-6.50380530190825));
#6065=CARTESIAN_POINT('Ctrl Pts',(269.696229991425,-41.8193546837704,-6.50380530190826));
#6066=CARTESIAN_POINT('Ctrl Pts',(269.696229991425,-39.8193546837705,-6.6787826289601));
#6067=CARTESIAN_POINT('',(269.696229991425,-39.9065104265182,-7.67497732705184));
#6068=CARTESIAN_POINT('Origin',(267.696229991425,-39.9065104265182,-7.67497732705184));
#6069=CARTESIAN_POINT('',(269.696229991425,-39.9065104265182,-7.67497732705184));
#6070=CARTESIAN_POINT('Ctrl Pts',(23.6962299914253,-39.9065104265182,-7.67497732705184));
#6071=CARTESIAN_POINT('Ctrl Pts',(23.6962299914253,-41.9065104265182,-7.5));
#6072=CARTESIAN_POINT('Ctrl Pts',(25.6962299914253,-41.9065104265182,-7.5));
#6073=CARTESIAN_POINT('Ctrl Pts',(23.6962299914253,-39.8193546837705,-6.67878262896009));
#6074=CARTESIAN_POINT('Ctrl Pts',(23.6962299914253,-41.8193546837705,-6.50380530190825));
#6075=CARTESIAN_POINT('Ctrl Pts',(25.6962299914253,-41.8193546837705,-6.50380530190825));
#6076=CARTESIAN_POINT('',(23.6962299914253,-39.9065104265182,-7.67497732705184));
#6077=CARTESIAN_POINT('Origin',(269.696229991425,-27.8565104265182,-6.));
#6078=CARTESIAN_POINT('',(269.696229991425,-39.9065104265182,-6.));
#6079=CARTESIAN_POINT('',(269.696229991425,-27.8565104265182,-6.));
#6080=CARTESIAN_POINT('Origin',(23.6962299914253,-39.9065104265182,-6.));
#6081=CARTESIAN_POINT('',(23.6962299914253,-27.8565104265182,-6.));
#6082=CARTESIAN_POINT('Origin',(25.6962299914253,-27.8565104265182,-6.));
#6083=CARTESIAN_POINT('Origin',(268.599999472499,-22.3999995216727,1.11022302462516E-15));
#6084=CARTESIAN_POINT('',(271.599999472499,-22.3999995216727,1.11022302462516E-15));
#6085=CARTESIAN_POINT('Origin',(271.599999472499,-103.399999521673,1.11022302462516E-15));
#6086=CARTESIAN_POINT('',(271.599999472499,-103.399999521673,1.11022302462516E-15));
#6087=CARTESIAN_POINT('Origin',(267.696229991425,-60.9572297119537,-6.));
#6088=CARTESIAN_POINT('',(267.696229991425,-60.9572297119537,-6.));
#6089=CARTESIAN_POINT('Origin',(267.696229991425,-58.9572297119537,-6.));
#6090=CARTESIAN_POINT('',(269.696229991425,-58.9572297119537,-6.));
#6091=CARTESIAN_POINT('Origin',(269.696229991425,-46.9072297119537,-6.));
#6092=CARTESIAN_POINT('',(269.696229991425,-46.9072297119537,-6.));
#6093=CARTESIAN_POINT('Origin',(267.696229991425,-46.9072297119537,-6.));
#6094=CARTESIAN_POINT('Origin',(267.696229991425,-80.0072297119537,-6.));
#6095=CARTESIAN_POINT('',(267.696229991425,-80.0072297119537,-6.));
#6096=CARTESIAN_POINT('Origin',(267.696229991425,-78.0072297119537,-6.));
#6097=CARTESIAN_POINT('',(269.696229991425,-78.0072297119537,-6.));
#6098=CARTESIAN_POINT('Origin',(269.696229991425,-65.9572297119537,-6.));
#6099=CARTESIAN_POINT('',(269.696229991425,-65.9572297119537,-6.));
#6100=CARTESIAN_POINT('Origin',(267.696229991425,-65.9572297119537,-6.));
#6101=CARTESIAN_POINT('Origin',(267.696229991425,-41.9065104265182,-6.));
#6102=CARTESIAN_POINT('',(267.696229991425,-41.9065104265182,-6.));
#6103=CARTESIAN_POINT('Origin',(267.696229991425,-39.9065104265182,-6.));
#6104=CARTESIAN_POINT('Origin',(267.696229991425,-27.8565104265182,-6.));
#6105=CARTESIAN_POINT('Origin',(267.696229991425,-99.0572297119537,-6.));
#6106=CARTESIAN_POINT('',(267.696229991425,-99.0572297119537,-6.));
#6107=CARTESIAN_POINT('Origin',(267.696229991425,-97.0572297119537,-6.));
#6108=CARTESIAN_POINT('',(269.696229991425,-97.0572297119537,-6.));
#6109=CARTESIAN_POINT('Origin',(269.696229991425,-85.0072297119538,-6.));
#6110=CARTESIAN_POINT('',(269.696229991425,-85.0072297119538,-6.));
#6111=CARTESIAN_POINT('Origin',(267.696229991425,-85.0072297119537,-6.));
#6112=CARTESIAN_POINT('Origin',(99.4473637277414,-108.399666987896,-8.19993840114305));
#6113=CARTESIAN_POINT('',(99.4473637277414,-111.58749002179,-7.92104002435055));
#6114=CARTESIAN_POINT('Origin',(99.4473637277414,-108.399666987896,-8.19993840114202));
#6115=CARTESIAN_POINT('',(99.4473637277414,-111.552627724691,-7.52256214511385));
#6116=CARTESIAN_POINT('',(99.4473637277414,-111.58749002179,-7.92104002435051));
#6117=CARTESIAN_POINT('Origin',(99.4473637277414,-108.364804690797,-7.80146052190636));
#6118=CARTESIAN_POINT('Origin',(99.4473637277414,-108.364804690797,-7.80146052190636));
#6119=CARTESIAN_POINT('Origin',(193.766228342771,-17.3060717176742,-16.1695953071062));
#6120=CARTESIAN_POINT('',(193.766228342771,-20.4938947515678,-15.8906969303137));
#6121=CARTESIAN_POINT('Origin',(193.766228342771,-17.3060717176742,-16.1695953071062));
#6122=CARTESIAN_POINT('',(193.766228342771,-20.4590324544688,-15.492219051077));
#6123=CARTESIAN_POINT('',(193.766228342771,-20.4938947515678,-15.8906969303137));
#6124=CARTESIAN_POINT('Origin',(193.766228342771,-17.2712094205752,-15.7711174278695));
#6125=CARTESIAN_POINT('Origin',(193.766228342771,-17.2712094205752,-15.7711174278695));
#6126=CARTESIAN_POINT('Origin',(99.4473637277414,-17.3060717176743,-16.1695953071062));
#6127=CARTESIAN_POINT('',(99.4473637277414,-20.4938947515679,-15.8906969303137));
#6128=CARTESIAN_POINT('Origin',(99.4473637277414,-17.3060717176743,-16.1695953071062));
#6129=CARTESIAN_POINT('',(99.4473637277414,-20.4590324544689,-15.492219051077));
#6130=CARTESIAN_POINT('',(99.4473637277414,-20.4938947515679,-15.8906969303137));
#6131=CARTESIAN_POINT('Origin',(99.4473637277414,-17.2712094205753,-15.7711174278695));
#6132=CARTESIAN_POINT('Origin',(99.4473637277414,-17.2712094205753,-15.7711174278695));
#6133=CARTESIAN_POINT('Origin',(193.766228342771,-108.399666987896,-8.19993840114306));
#6134=CARTESIAN_POINT('',(193.766228342771,-111.58749002179,-7.92104002435055));
#6135=CARTESIAN_POINT('Origin',(193.766228342771,-108.399666987896,-8.19993840114202));
#6136=CARTESIAN_POINT('',(193.766228342771,-111.552627724691,-7.52256214511386));
#6137=CARTESIAN_POINT('',(193.766228342771,-111.58749002179,-7.92104002435052));
#6138=CARTESIAN_POINT('Origin',(193.766228342771,-108.364804690797,-7.80146052190636));
#6139=CARTESIAN_POINT('Origin',(193.766228342771,-108.364804690797,-7.80146052190636));
#6140=CARTESIAN_POINT('Origin',(42.5412848172054,-108.399670851533,-8.19993806311866));
#6141=CARTESIAN_POINT('',(42.5412848172054,-111.587493885427,-7.92103968632616));
#6142=CARTESIAN_POINT('Origin',(42.5412848172054,-108.399670851533,-8.19993806311762));
#6143=CARTESIAN_POINT('',(42.5412848172054,-111.552631588327,-7.52256180708946));
#6144=CARTESIAN_POINT('',(42.5412848172054,-111.587493885427,-7.92103968632612));
#6145=CARTESIAN_POINT('Origin',(42.5412848172054,-108.364808554434,-7.80146018388196));
#6146=CARTESIAN_POINT('Origin',(42.5412848172054,-108.364808554434,-7.80146018388196));
#6147=CARTESIAN_POINT('Origin',(250.672307253307,-17.3060718683849,-16.1695952939208));
#6148=CARTESIAN_POINT('',(250.672307253307,-20.4938949022784,-15.8906969171283));
#6149=CARTESIAN_POINT('Origin',(250.672307253307,-17.3060718683849,-16.1695952939208));
#6150=CARTESIAN_POINT('',(250.672307253307,-20.4590326051794,-15.4922190378916));
#6151=CARTESIAN_POINT('',(250.672307253307,-20.4938949022784,-15.8906969171283));
#6152=CARTESIAN_POINT('Origin',(250.672307253307,-17.2712095712858,-15.7711174146841));
#6153=CARTESIAN_POINT('Origin',(250.672307253307,-17.2712095712858,-15.7711174146841));
#6154=CARTESIAN_POINT('Origin',(42.5412848172053,-17.3060718683851,-16.1695952939207));
#6155=CARTESIAN_POINT('',(42.5412848172053,-20.4938949022787,-15.8906969171282));
#6156=CARTESIAN_POINT('Origin',(42.5412848172053,-17.3060718683851,-16.1695952939207));
#6157=CARTESIAN_POINT('',(42.5412848172053,-20.4590326051796,-15.4922190378915));
#6158=CARTESIAN_POINT('',(42.5412848172053,-20.4938949022787,-15.8906969171282));
#6159=CARTESIAN_POINT('Origin',(42.5412848172053,-17.271209571286,-15.771117414684));
#6160=CARTESIAN_POINT('Origin',(42.5412848172053,-17.271209571286,-15.771117414684));
#6161=CARTESIAN_POINT('Origin',(250.672307253307,-108.399670851533,-8.19993806311868));
#6162=CARTESIAN_POINT('',(250.672307253307,-111.587493885426,-7.92103968632617));
#6163=CARTESIAN_POINT('Origin',(250.672307253307,-108.399670851533,-8.19993806311764));
#6164=CARTESIAN_POINT('',(250.672307253307,-111.552631588327,-7.52256180708947));
#6165=CARTESIAN_POINT('',(250.672307253307,-111.587493885426,-7.92103968632614));
#6166=CARTESIAN_POINT('Origin',(250.672307253307,-108.364808554434,-7.80146018388198));
#6167=CARTESIAN_POINT('Origin',(250.672307253307,-108.364808554434,-7.80146018388198));
#6168=CARTESIAN_POINT('Origin',(24.5999994724989,-14.3999995216727,2.5));
#6169=CARTESIAN_POINT('',(22.9999994724989,-14.3999995216727,0.500000000000001));
#6170=CARTESIAN_POINT('Origin',(24.5999994724989,-14.3999995216727,0.500000000000001));
#6171=CARTESIAN_POINT('',(22.9999994724989,-14.3999995216727,2.5));
#6172=CARTESIAN_POINT('',(22.9999994724989,-14.3999995216727,2.5));
#6173=CARTESIAN_POINT('Origin',(24.5999994724989,-14.3999995216727,2.5));
#6174=CARTESIAN_POINT('Origin',(24.5999994724989,-14.3999995216727,2.5));
#6175=CARTESIAN_POINT('',(21.6999994724989,-14.3999995216727,2.5));
#6176=CARTESIAN_POINT('Origin',(24.5999994724989,-14.3999995216727,2.5));
#6177=CARTESIAN_POINT('Origin',(24.5999994724989,-14.3999995216727,0.500000000000001));
#6178=CARTESIAN_POINT('',(21.6999994724989,-14.3999995216727,0.500000000000001));
#6179=CARTESIAN_POINT('Origin',(24.5999994724989,-14.3999995216727,0.5));
#6180=CARTESIAN_POINT('Origin',(24.5999994724989,-14.3999995216727,6.5));
#6181=CARTESIAN_POINT('',(21.6999994724989,-14.3999995216727,-16.4238436796442));
#6182=CARTESIAN_POINT('',(21.6999994724989,-14.3999995216727,6.5));
#6183=CARTESIAN_POINT('',(22.1851413868863,-12.7952324658657,-16.5642426046272));
#6184=CARTESIAN_POINT('Origin',(24.5999994724989,-14.3999995216727,-16.4238436796442));
#6185=CARTESIAN_POINT('',(24.5999994724989,-11.5000273679168,-16.6760674216442));
#6186=CARTESIAN_POINT('Ctrl Pts',(24.5999994724989,-11.5000273679168,-16.6760674216442));
#6187=CARTESIAN_POINT('Ctrl Pts',(24.4981400098368,-11.5000273679168,-16.6760674216442));
#6188=CARTESIAN_POINT('Ctrl Pts',(24.3965419644025,-11.5055954334495,-16.6755932381004));
#6189=CARTESIAN_POINT('Ctrl Pts',(24.2955896611283,-11.5165179209316,-16.6746627705833));
#6190=CARTESIAN_POINT('Ctrl Pts',(24.1926581906554,-11.5276545434878,-16.6737140612755));
#6191=CARTESIAN_POINT('Ctrl Pts',(24.0903970551019,-11.5443577563047,-16.67229098565));
#6192=CARTESIAN_POINT('Ctrl Pts',(23.9892149040886,-11.5664549797801,-16.6704067984905));
#6193=CARTESIAN_POINT('Ctrl Pts',(23.9100933476552,-11.5837343783372,-16.6689334178677));
#6194=CARTESIAN_POINT('Ctrl Pts',(23.8316314375881,-11.6043132356448,-16.667177956911));
#6195=CARTESIAN_POINT('Ctrl Pts',(23.7540310418658,-11.6281301428673,-16.6651445063643));
#6196=CARTESIAN_POINT('Ctrl Pts',(23.6552768065379,-11.6584395303225,-16.6625567379393));
#6197=CARTESIAN_POINT('Ctrl Pts',(23.5583152942478,-11.6938692833727,-16.6595293442022));
#6198=CARTESIAN_POINT('Ctrl Pts',(23.4635363970853,-11.7342157192818,-16.6560767321323));
#6199=CARTESIAN_POINT('Ctrl Pts',(23.3689858084677,-11.774464966509,-16.6526324369015));
#6200=CARTESIAN_POINT('Ctrl Pts',(23.2766063842711,-11.8196076180398,-16.6487649269086));
#6201=CARTESIAN_POINT('Ctrl Pts',(23.1868006258049,-11.8694900440778,-16.6444836434402));
#6202=CARTESIAN_POINT('Ctrl Pts',(23.1178464390375,-11.9077905069899,-16.641196410807));
#6203=CARTESIAN_POINT('Ctrl Pts',(23.0504097218862,-11.9488862777178,-16.6376651391204));
#6204=CARTESIAN_POINT('Ctrl Pts',(22.9846841318234,-11.9927252254666,-16.6338923873019));
#6205=CARTESIAN_POINT('Ctrl Pts',(22.8992219482716,-12.0497284748197,-16.6289867241028));
#6206=CARTESIAN_POINT('Ctrl Pts',(22.8170458210769,-12.111105747439,-16.6236954890344));
#6207=CARTESIAN_POINT('Ctrl Pts',(22.7385197078013,-12.176660538668,-16.6180314092181));
#6208=CARTESIAN_POINT('Ctrl Pts',(22.7283433044763,-12.1851559546207,-16.6172973863782));
#6209=CARTESIAN_POINT('Ctrl Pts',(22.7182282269368,-12.1937215951973,-16.6165570960084));
#6210=CARTESIAN_POINT('Ctrl Pts',(22.7081752935464,-12.2023570910097,-16.6158105606719));
#6211=CARTESIAN_POINT('Ctrl Pts',(22.6312959918779,-12.2683966102059,-16.6101014692942));
#6212=CARTESIAN_POINT('Ctrl Pts',(22.5580484819208,-12.3385180592348,-16.6040274736385));
#6213=CARTESIAN_POINT('Ctrl Pts',(22.488655219527,-12.4123334188837,-16.5976182850524));
#6214=CARTESIAN_POINT('Ctrl Pts',(22.4191673289203,-12.4862494369442,-16.5912003565678));
#6215=CARTESIAN_POINT('Ctrl Pts',(22.3535435826934,-12.5638702011608,-16.5844462517581));
#6216=CARTESIAN_POINT('Ctrl Pts',(22.2920448287362,-12.6448415452791,-16.5773824710926));
#6217=CARTESIAN_POINT('Ctrl Pts',(22.2548813614134,-12.6937722261074,-16.5731138548191));
#6218=CARTESIAN_POINT('Ctrl Pts',(22.2192249989709,-12.7439270854464,-16.5687320933261));
#6219=CARTESIAN_POINT('Ctrl Pts',(22.1851413868863,-12.7952324658657,-16.5642426046272));
#6220=CARTESIAN_POINT('',(25.2522911396205,-11.574311007168,-16.6710593913188));
#6221=CARTESIAN_POINT('Ctrl Pts',(25.2522911396205,-11.574311007168,-16.6710593913188));
#6222=CARTESIAN_POINT('Ctrl Pts',(25.0334059240823,-11.5237827902684,-16.6754800374857));
#6223=CARTESIAN_POINT('Ctrl Pts',(24.8109527896835,-11.4999995216727,-16.6761684306791));
#6224=CARTESIAN_POINT('Ctrl Pts',(24.5999994724989,-11.4999995216727,-16.6761684306791));
#6225=CARTESIAN_POINT('Origin',(24.5999994724989,-14.3999995216727,-16.4238436796442));
#6226=CARTESIAN_POINT('Origin',(268.599999472499,-111.399999521673,2.5));
#6227=CARTESIAN_POINT('',(266.999999472499,-111.399999521673,0.500000000000001));
#6228=CARTESIAN_POINT('Origin',(268.599999472499,-111.399999521673,0.500000000000001));
#6229=CARTESIAN_POINT('',(266.999999472499,-111.399999521673,2.5));
#6230=CARTESIAN_POINT('',(266.999999472499,-111.399999521673,2.5));
#6231=CARTESIAN_POINT('Origin',(268.599999472499,-111.399999521673,2.5));
#6232=CARTESIAN_POINT('Origin',(268.599999472499,-111.399999521673,2.5));
#6233=CARTESIAN_POINT('',(265.699999472499,-111.399999521673,2.5));
#6234=CARTESIAN_POINT('Origin',(268.599999472499,-111.399999521673,2.5));
#6235=CARTESIAN_POINT('Origin',(268.599999472499,-111.399999521673,0.500000000000001));
#6236=CARTESIAN_POINT('',(265.699999472499,-111.399999521673,0.500000000000001));
#6237=CARTESIAN_POINT('Origin',(268.599999472499,-111.399999521673,0.5));
#6238=CARTESIAN_POINT('Origin',(268.599999472499,-111.399999521673,6.5));
#6239=CARTESIAN_POINT('',(265.699999472499,-111.399999521673,-7.93744331762962));
#6240=CARTESIAN_POINT('',(265.699999472499,-111.399999521673,6.5));
#6241=CARTESIAN_POINT('Origin',(268.599999472499,-111.399999521673,-7.93744331762962));
#6242=CARTESIAN_POINT('Origin',(24.5999994724989,-111.399999521673,2.5));
#6243=CARTESIAN_POINT('',(22.9999994724989,-111.399999521673,0.500000000000001));
#6244=CARTESIAN_POINT('Origin',(24.5999994724989,-111.399999521673,0.500000000000001));
#6245=CARTESIAN_POINT('',(22.9999994724989,-111.399999521673,2.5));
#6246=CARTESIAN_POINT('',(22.9999994724989,-111.399999521673,2.5));
#6247=CARTESIAN_POINT('Origin',(24.5999994724989,-111.399999521673,2.5));
#6248=CARTESIAN_POINT('Origin',(24.5999994724989,-111.399999521673,2.5));
#6249=CARTESIAN_POINT('',(21.6999994724989,-111.399999521673,2.5));
#6250=CARTESIAN_POINT('Origin',(24.5999994724989,-111.399999521673,2.5));
#6251=CARTESIAN_POINT('Origin',(24.5999994724989,-111.399999521673,0.500000000000001));
#6252=CARTESIAN_POINT('',(21.6999994724989,-111.399999521673,0.500000000000001));
#6253=CARTESIAN_POINT('Origin',(24.5999994724989,-111.399999521673,0.5));
#6254=CARTESIAN_POINT('Origin',(24.5999994724989,-111.399999521673,6.5));
#6255=CARTESIAN_POINT('',(21.6999994724989,-111.399999521673,-7.93744331762962));
#6256=CARTESIAN_POINT('',(21.6999994724989,-111.399999521673,6.5));
#6257=CARTESIAN_POINT('Origin',(24.5999994724989,-111.399999521673,-7.93744331762962));
#6258=CARTESIAN_POINT('Origin',(268.599999472499,-14.3999995216727,2.5));
#6259=CARTESIAN_POINT('',(266.999999472499,-14.3999995216727,0.500000000000001));
#6260=CARTESIAN_POINT('Origin',(268.599999472499,-14.3999995216727,0.500000000000001));
#6261=CARTESIAN_POINT('',(266.999999472499,-14.3999995216727,2.5));
#6262=CARTESIAN_POINT('',(266.999999472499,-14.3999995216727,2.5));
#6263=CARTESIAN_POINT('Origin',(268.599999472499,-14.3999995216727,2.5));
#6264=CARTESIAN_POINT('Origin',(268.599999472499,-14.3999995216727,2.5));
#6265=CARTESIAN_POINT('',(265.699999472499,-14.3999995216727,2.5));
#6266=CARTESIAN_POINT('Origin',(268.599999472499,-14.3999995216727,2.5));
#6267=CARTESIAN_POINT('Origin',(268.599999472499,-14.3999995216727,0.500000000000001));
#6268=CARTESIAN_POINT('',(265.699999472499,-14.3999995216727,0.500000000000001));
#6269=CARTESIAN_POINT('Origin',(268.599999472499,-14.3999995216727,0.5));
#6270=CARTESIAN_POINT('Origin',(268.599999472499,-14.3999995216727,6.5));
#6271=CARTESIAN_POINT('',(265.699999472499,-14.3999995216727,-16.4238436796442));
#6272=CARTESIAN_POINT('',(265.699999472499,-14.3999995216727,6.5));
#6273=CARTESIAN_POINT('',(267.947707805377,-11.574311007168,-16.6710593913188));
#6274=CARTESIAN_POINT('Origin',(268.599999472499,-14.3999995216727,-16.4238436796442));
#6275=CARTESIAN_POINT('',(268.599999472499,-11.5000081165142,-16.6761420157185));
#6276=CARTESIAN_POINT('Ctrl Pts',(268.599999472499,-11.4999995216727,-16.6761684306791));
#6277=CARTESIAN_POINT('Ctrl Pts',(268.389046155314,-11.4999995216727,-16.6761684306791));
#6278=CARTESIAN_POINT('Ctrl Pts',(268.166593020916,-11.5237827902684,-16.6754800374857));
#6279=CARTESIAN_POINT('Ctrl Pts',(267.947707805377,-11.5743110071681,-16.6710593913188));
#6280=CARTESIAN_POINT('',(271.014449277157,-12.7950525639472,-16.5642583440057));
#6281=CARTESIAN_POINT('Ctrl Pts',(271.014449277157,-12.7950525639472,-16.5642583440057));
#6282=CARTESIAN_POINT('Ctrl Pts',(270.993327518437,-12.7631422100773,-16.5670501722134));
#6283=CARTESIAN_POINT('Ctrl Pts',(270.971577310252,-12.731678714417,-16.5698002588416));
#6284=CARTESIAN_POINT('Ctrl Pts',(270.949206433421,-12.7006829138319,-16.5725070180227));
#6285=CARTESIAN_POINT('Ctrl Pts',(270.89029014355,-12.619051890347,-16.5796355811865));
#6286=CARTESIAN_POINT('Ctrl Pts',(270.827071991388,-12.5406624484649,-16.5864638306782));
#6287=CARTESIAN_POINT('Ctrl Pts',(270.759906846062,-12.4657555897568,-16.592975045452));
#6288=CARTESIAN_POINT('Ctrl Pts',(270.692127626575,-12.3901638763345,-16.5995457906375));
#6289=CARTESIAN_POINT('Ctrl Pts',(270.620328174586,-12.3181180977854,-16.6057937384154));
#6290=CARTESIAN_POINT('Ctrl Pts',(270.544835838634,-12.2499027871911,-16.6116984434187));
#6291=CARTESIAN_POINT('Ctrl Pts',(270.510494687423,-12.2188719247002,-16.614384469289));
#6292=CARTESIAN_POINT('Ctrl Pts',(270.475388927168,-12.1886342605355,-16.6169994178538));
#6293=CARTESIAN_POINT('Ctrl Pts',(270.439547491531,-12.1592196077084,-16.6195410910551));
#6294=CARTESIAN_POINT('Ctrl Pts',(270.359972017847,-12.0939129342921,-16.6251841364673));
#6295=CARTESIAN_POINT('Ctrl Pts',(270.277090345681,-12.0329210629039,-16.6304437263678));
#6296=CARTESIAN_POINT('Ctrl Pts',(270.19127734963,-11.9765018006113,-16.6353017332114));
#6297=CARTESIAN_POINT('Ctrl Pts',(270.105464353578,-11.9200825383187,-16.6401597400549));
#6298=CARTESIAN_POINT('Ctrl Pts',(270.016719181085,-11.8682352842098,-16.6446162229014));
#6299=CARTESIAN_POINT('Ctrl Pts',(269.9253861005,-11.8212600895339,-16.6486488961106));
#6300=CARTESIAN_POINT('Ctrl Pts',(269.850305540771,-11.7826440274563,-16.6519639639897));
#6301=CARTESIAN_POINT('Ctrl Pts',(269.773475310948,-11.7473211240745,-16.654992559503));
#6302=CARTESIAN_POINT('Ctrl Pts',(269.69511304155,-11.7153715335527,-16.6577296216578));
#6303=CARTESIAN_POINT('Ctrl Pts',(269.599590462754,-11.6764254016753,-16.6610660645323));
#6304=CARTESIAN_POINT('Ctrl Pts',(269.502238021487,-11.6426714334999,-16.6639539293555));
#6305=CARTESIAN_POINT('Ctrl Pts',(269.403489370948,-11.6141603707437,-16.6663916397654));
#6306=CARTESIAN_POINT('Ctrl Pts',(269.304238322512,-11.5855042538736,-16.668841752376));
#6307=CARTESIAN_POINT('Ctrl Pts',(269.203575859356,-11.5621442437475,-16.6708371479023));
#6308=CARTESIAN_POINT('Ctrl Pts',(269.101920859977,-11.5441798589104,-16.6723711972459));
#6309=CARTESIAN_POINT('Ctrl Pts',(269.001720512268,-11.5264725388765,-16.6738832948168));
#6310=CARTESIAN_POINT('Ctrl Pts',(268.900554875381,-11.5140074201449,-16.6749471659104));
#6311=CARTESIAN_POINT('Ctrl Pts',(268.798818679982,-11.5069289936222,-16.6755513159597));
#6312=CARTESIAN_POINT('Ctrl Pts',(268.732749838695,-11.5023321690932,-16.6759436590542));
#6313=CARTESIAN_POINT('Ctrl Pts',(268.666440275326,-11.5000081165142,-16.6761420157185));
#6314=CARTESIAN_POINT('Ctrl Pts',(268.599999472499,-11.5000081165142,-16.6761420157185));
#6315=CARTESIAN_POINT('Origin',(268.599999472499,-14.3999995216727,-16.4238436796442));
#6316=CARTESIAN_POINT('Origin',(115.310478607156,-14.3999995216727,2.5));
#6317=CARTESIAN_POINT('',(113.710478607156,-14.3999995216727,0.500000000000001));
#6318=CARTESIAN_POINT('Origin',(115.310478607156,-14.3999995216727,0.500000000000001));
#6319=CARTESIAN_POINT('',(113.710478607156,-14.3999995216727,2.5));
#6320=CARTESIAN_POINT('',(113.710478607156,-14.3999995216727,2.5));
#6321=CARTESIAN_POINT('Origin',(115.310478607156,-14.3999995216727,2.5));
#6322=CARTESIAN_POINT('Origin',(115.310478607156,-14.3999995216727,2.5));
#6323=CARTESIAN_POINT('',(112.410478607156,-14.3999995216727,2.5));
#6324=CARTESIAN_POINT('Origin',(115.310478607156,-14.3999995216727,2.5));
#6325=CARTESIAN_POINT('Origin',(115.310478607156,-14.3999995216727,0.500000000000001));
#6326=CARTESIAN_POINT('',(112.410478607156,-14.3999995216727,0.500000000000001));
#6327=CARTESIAN_POINT('Origin',(115.310478607156,-14.3999995216727,0.5));
#6328=CARTESIAN_POINT('Origin',(115.310478607156,-14.3999995216727,6.5));
#6329=CARTESIAN_POINT('',(112.410478607156,-14.3999995216727,-16.4238436796442));
#6330=CARTESIAN_POINT('',(112.410478607156,-14.3999995216727,6.5));
#6331=CARTESIAN_POINT('',(114.658186940034,-11.574311007168,-16.6710593913188));
#6332=CARTESIAN_POINT('Origin',(115.310478607156,-14.3999995216727,-16.4238436796442));
#6333=CARTESIAN_POINT('',(115.962770274277,-11.574311007168,-16.6710593913188));
#6334=CARTESIAN_POINT('Ctrl Pts',(115.962770274277,-11.574311007168,-16.6710593913188));
#6335=CARTESIAN_POINT('Ctrl Pts',(115.743885058739,-11.5237827902684,-16.6754800374857));
#6336=CARTESIAN_POINT('Ctrl Pts',(115.52143192434,-11.4999995216727,-16.6761684306791));
#6337=CARTESIAN_POINT('Ctrl Pts',(115.099525289971,-11.4999995216727,-16.6761684306791));
#6338=CARTESIAN_POINT('Ctrl Pts',(114.877072155572,-11.5237827902684,-16.6754800374857));
#6339=CARTESIAN_POINT('Ctrl Pts',(114.658186940034,-11.574311007168,-16.6710593913188));
#6340=CARTESIAN_POINT('Origin',(115.310478607156,-14.3999995216727,-16.4238436796442));
#6341=CARTESIAN_POINT('Origin',(175.310478607156,-111.399999521673,2.5));
#6342=CARTESIAN_POINT('',(173.710478607156,-111.399999521673,0.500000000000001));
#6343=CARTESIAN_POINT('Origin',(175.310478607156,-111.399999521673,0.500000000000001));
#6344=CARTESIAN_POINT('',(173.710478607156,-111.399999521673,2.5));
#6345=CARTESIAN_POINT('',(173.710478607156,-111.399999521673,2.5));
#6346=CARTESIAN_POINT('Origin',(175.310478607156,-111.399999521673,2.5));
#6347=CARTESIAN_POINT('Origin',(175.310478607156,-111.399999521673,2.5));
#6348=CARTESIAN_POINT('',(172.410478607156,-111.399999521673,2.5));
#6349=CARTESIAN_POINT('Origin',(175.310478607156,-111.399999521673,2.5));
#6350=CARTESIAN_POINT('Origin',(175.310478607156,-111.399999521673,0.500000000000001));
#6351=CARTESIAN_POINT('',(172.410478607156,-111.399999521673,0.500000000000001));
#6352=CARTESIAN_POINT('Origin',(175.310478607156,-111.399999521673,0.5));
#6353=CARTESIAN_POINT('Origin',(175.310478607156,-111.399999521673,6.5));
#6354=CARTESIAN_POINT('',(172.410478607156,-111.399999521673,-7.93744331762962));
#6355=CARTESIAN_POINT('',(172.410478607156,-111.399999521673,6.5));
#6356=CARTESIAN_POINT('Origin',(175.310478607156,-111.399999521673,-7.93744331762962));
#6357=CARTESIAN_POINT('Origin',(115.310478607156,-111.399999521673,2.5));
#6358=CARTESIAN_POINT('',(113.710478607156,-111.399999521673,0.500000000000001));
#6359=CARTESIAN_POINT('Origin',(115.310478607156,-111.399999521673,0.500000000000001));
#6360=CARTESIAN_POINT('',(113.710478607156,-111.399999521673,2.5));
#6361=CARTESIAN_POINT('',(113.710478607156,-111.399999521673,2.5));
#6362=CARTESIAN_POINT('Origin',(115.310478607156,-111.399999521673,2.5));
#6363=CARTESIAN_POINT('Origin',(115.310478607156,-111.399999521673,2.5));
#6364=CARTESIAN_POINT('',(112.410478607156,-111.399999521673,2.5));
#6365=CARTESIAN_POINT('Origin',(115.310478607156,-111.399999521673,2.5));
#6366=CARTESIAN_POINT('Origin',(115.310478607156,-111.399999521673,0.500000000000001));
#6367=CARTESIAN_POINT('',(112.410478607156,-111.399999521673,0.500000000000001));
#6368=CARTESIAN_POINT('Origin',(115.310478607156,-111.399999521673,0.5));
#6369=CARTESIAN_POINT('Origin',(115.310478607156,-111.399999521673,6.5));
#6370=CARTESIAN_POINT('',(112.410478607156,-111.399999521673,-7.93744331762962));
#6371=CARTESIAN_POINT('',(112.410478607156,-111.399999521673,6.5));
#6372=CARTESIAN_POINT('Origin',(115.310478607156,-111.399999521673,-7.93744331762962));
#6373=CARTESIAN_POINT('Origin',(175.310478607156,-14.3999995216727,2.5));
#6374=CARTESIAN_POINT('',(173.710478607156,-14.3999995216727,0.500000000000001));
#6375=CARTESIAN_POINT('Origin',(175.310478607156,-14.3999995216727,0.500000000000001));
#6376=CARTESIAN_POINT('',(173.710478607156,-14.3999995216727,2.5));
#6377=CARTESIAN_POINT('',(173.710478607156,-14.3999995216727,2.5));
#6378=CARTESIAN_POINT('Origin',(175.310478607156,-14.3999995216727,2.5));
#6379=CARTESIAN_POINT('Origin',(175.310478607156,-14.3999995216727,2.5));
#6380=CARTESIAN_POINT('',(172.410478607156,-14.3999995216727,2.5));
#6381=CARTESIAN_POINT('Origin',(175.310478607156,-14.3999995216727,2.5));
#6382=CARTESIAN_POINT('Origin',(175.310478607156,-14.3999995216727,0.500000000000001));
#6383=CARTESIAN_POINT('',(172.410478607156,-14.3999995216727,0.500000000000001));
#6384=CARTESIAN_POINT('Origin',(175.310478607156,-14.3999995216727,0.5));
#6385=CARTESIAN_POINT('Origin',(175.310478607156,-14.3999995216727,6.5));
#6386=CARTESIAN_POINT('',(172.410478607156,-14.3999995216727,-16.4238436796442));
#6387=CARTESIAN_POINT('',(172.410478607156,-14.3999995216727,6.5));
#6388=CARTESIAN_POINT('',(174.658186940034,-11.574311007168,-16.6710593913188));
#6389=CARTESIAN_POINT('Origin',(175.310478607156,-14.3999995216727,-16.4238436796442));
#6390=CARTESIAN_POINT('',(175.962770274277,-11.574311007168,-16.6710593913188));
#6391=CARTESIAN_POINT('Ctrl Pts',(175.962770274277,-11.574311007168,-16.6710593913188));
#6392=CARTESIAN_POINT('Ctrl Pts',(175.743885058739,-11.5237827902684,-16.6754800374857));
#6393=CARTESIAN_POINT('Ctrl Pts',(175.52143192434,-11.4999995216727,-16.6761684306791));
#6394=CARTESIAN_POINT('Ctrl Pts',(175.099525289971,-11.4999995216727,-16.6761684306791));
#6395=CARTESIAN_POINT('Ctrl Pts',(174.877072155573,-11.5237827902684,-16.6754800374857));
#6396=CARTESIAN_POINT('Ctrl Pts',(174.658186940034,-11.574311007168,-16.6710593913188));
#6397=CARTESIAN_POINT('Origin',(175.310478607156,-14.3999995216727,-16.4238436796442));
#6398=CARTESIAN_POINT('Origin',(-8.88033750820443E-15,-9.42133623408836,
-16.8594202768206));
#6399=CARTESIAN_POINT('',(24.5999994724989,-11.574311007168,-16.6710593913188));
#6400=CARTESIAN_POINT('',(24.5999994724989,-11.574311007168,-16.6710593913188));
#6401=CARTESIAN_POINT('',(271.599999472499,-14.5743110071681,-16.408593400741));
#6402=CARTESIAN_POINT('Origin',(268.599999472499,-14.5743110071681,-16.408593400741));
#6403=CARTESIAN_POINT('',(271.599999472499,-111.574311007168,-7.92219303872641));
#6404=CARTESIAN_POINT('',(271.599999472499,-12.6236605091942,-16.579253205815));
#6405=CARTESIAN_POINT('',(268.599999472499,-114.574311007168,-7.65972704814864));
#6406=CARTESIAN_POINT('Origin',(268.599999472499,-111.574311007168,-7.92219303872642));
#6407=CARTESIAN_POINT('',(24.5999994724989,-114.574311007168,-7.65972704814864));
#6408=CARTESIAN_POINT('',(134.299999736249,-114.574311007168,-7.65972704814864));
#6409=CARTESIAN_POINT('',(21.5999994724989,-111.574311007168,-7.92219303872641));
#6410=CARTESIAN_POINT('Origin',(24.5999994724989,-111.574311007168,-7.92219303872642));
#6411=CARTESIAN_POINT('',(21.5999994724989,-14.574311007168,-16.408593400741));
#6412=CARTESIAN_POINT('',(21.5999994724989,-60.7552485197408,-12.3682848973918));
#6413=CARTESIAN_POINT('Origin',(24.5999994724989,-14.574311007168,-16.408593400741));
#6414=CARTESIAN_POINT('',(24.5999994724989,-11.574311007168,-16.6710593913188));
#6415=CARTESIAN_POINT('Origin',(115.310478607156,-111.399999521673,6.5));
#6416=CARTESIAN_POINT('',(112.410478607156,-111.399999521673,6.5));
#6417=CARTESIAN_POINT('Origin',(115.310478607156,-14.3999995216727,6.5));
#6418=CARTESIAN_POINT('',(112.410478607156,-14.3999995216727,6.5));
#6419=CARTESIAN_POINT('Origin',(268.599999472499,-14.3999995216727,6.5));
#6420=CARTESIAN_POINT('',(265.699999472499,-14.3999995216727,6.5));
#6421=CARTESIAN_POINT('Origin',(24.5999994724989,-111.399999521673,6.5));
#6422=CARTESIAN_POINT('',(21.6999994724989,-111.399999521673,6.5));
#6423=CARTESIAN_POINT('Origin',(175.310478607156,-111.399999521673,6.5));
#6424=CARTESIAN_POINT('',(172.410478607156,-111.399999521673,6.5));
#6425=CARTESIAN_POINT('Origin',(175.310478607156,-14.3999995216727,6.5));
#6426=CARTESIAN_POINT('',(172.410478607156,-14.3999995216727,6.5));
#6427=CARTESIAN_POINT('Origin',(268.599999472499,-111.399999521673,6.5));
#6428=CARTESIAN_POINT('',(265.699999472499,-111.399999521673,6.5));
#6429=CARTESIAN_POINT('Origin',(24.5999994724989,-14.3999995216727,6.5));
#6430=CARTESIAN_POINT('',(21.6999994724989,-14.3999995216727,6.5));
#6431=CARTESIAN_POINT('Ctrl Pts',(24.5999994724989,-11.574311007168,-16.6710593913188));
#6432=CARTESIAN_POINT('Ctrl Pts',(23.9268010467296,-11.574311007168,-16.6710593913188));
#6433=CARTESIAN_POINT('Ctrl Pts',(22.8088165485844,-11.9674922897042,-16.6366604863863));
#6434=CARTESIAN_POINT('Ctrl Pts',(21.8052230503811,-13.2294236005403,-16.5262558025398));
#6435=CARTESIAN_POINT('Ctrl Pts',(21.5999994724989,-14.1255120566552,-16.4478582211133));
#6436=CARTESIAN_POINT('Ctrl Pts',(21.5999994724989,-14.574311007168,-16.408593400741));
#6437=CARTESIAN_POINT('Ctrl Pts',(24.5999994724989,-10.9450716319688,-16.7261107032929));
#6438=CARTESIAN_POINT('Ctrl Pts',(23.7837324759954,-10.9450716319688,-16.7261107032929));
#6439=CARTESIAN_POINT('Ctrl Pts',(22.4309636909636,-11.4257316696228,-16.6845396194859));
#6440=CARTESIAN_POINT('Ctrl Pts',(21.2317812135926,-12.9587364020701,-16.5499207088263));
#6441=CARTESIAN_POINT('Ctrl Pts',(20.9965233990725,-14.0362938306912,-16.4558711925879));
#6442=CARTESIAN_POINT('Ctrl Pts',(21.0016008718151,-14.574311007168,-16.408593400741));
#6443=CARTESIAN_POINT('Ctrl Pts',(24.5999994724989,-9.80936490594059,-16.2595775744707));
#6444=CARTESIAN_POINT('Ctrl Pts',(23.53910297303,-9.80936490594058,-16.2595775744707));
#6445=CARTESIAN_POINT('Ctrl Pts',(21.7787444283408,-10.4444885172668,-16.2123444614053));
#6446=CARTESIAN_POINT('Ctrl Pts',(20.2427205976317,-12.4437872225596,-16.0636787748057));
#6447=CARTESIAN_POINT('Ctrl Pts',(19.9524281831876,-13.8384350921867,-15.9596494070844));
#6448=CARTESIAN_POINT('Ctrl Pts',(19.9655870988983,-14.5305162759711,-15.9080173325743));
#6449=CARTESIAN_POINT('Ctrl Pts',(24.5999994724989,-9.39999952167273,-15.1524022206766));
#6450=CARTESIAN_POINT('Ctrl Pts',(23.4682751497652,-9.39999952167273,-15.1524022206766));
#6451=CARTESIAN_POINT('Ctrl Pts',(21.590851281991,-10.0667708294928,-15.1140976724805));
#6452=CARTESIAN_POINT('Ctrl Pts',(19.9238244733112,-12.1931986123747,-14.9923221913302));
#6453=CARTESIAN_POINT('Ctrl Pts',(19.5940967702489,-13.6912088999458,-14.9062289426731));
#6454=CARTESIAN_POINT('Ctrl Pts',(19.5999994724989,-14.439114927549,-14.8632951395676));
#6455=CARTESIAN_POINT('Ctrl Pts',(24.5999994724989,-9.39999952167273,-14.6786699951353));
#6456=CARTESIAN_POINT('Ctrl Pts',(23.4780020962168,-9.39999952167273,-14.6786699951353));
#6457=CARTESIAN_POINT('Ctrl Pts',(21.6146945993081,-10.0553016592329,-14.6442710902028));
#6458=CARTESIAN_POINT('Ctrl Pts',(19.9420387689692,-12.1585205106265,-14.5338664063563));
#6459=CARTESIAN_POINT('Ctrl Pts',(19.5999994724989,-13.652001270818,-14.4554688249298));
#6460=CARTESIAN_POINT('Ctrl Pts',(19.5999994724989,-14.3999995216727,-14.4162040045576));
#6461=CARTESIAN_POINT('',(19.5999994724989,-14.3999995216727,-14.4162040045576));
#6462=CARTESIAN_POINT('Origin',(21.5999994724989,-14.3999995216727,-14.4162040045576));
#6463=CARTESIAN_POINT('Origin',(24.5999994724989,-14.3999995216727,-14.4162040045576));
#6464=CARTESIAN_POINT('Origin',(24.5999994724989,-11.3999995216727,-14.6786699951353));
#6465=CARTESIAN_POINT('Origin',(21.5999994724989,-60.5809370342455,-10.3758955012084));
#6466=CARTESIAN_POINT('',(19.5999994724989,-111.399999521673,-5.92980364254292));
#6467=CARTESIAN_POINT('Origin',(21.5999994724989,-111.399999521673,-5.92980364254292));
#6468=CARTESIAN_POINT('',(19.5999994724989,-60.5809370342455,-10.3758955012084));
#6469=CARTESIAN_POINT('Ctrl Pts',(21.5999994724989,-111.574311007168,-7.92219303872642));
#6470=CARTESIAN_POINT('Ctrl Pts',(21.5999994724989,-112.247509432937,-7.86329580816811));
#6471=CARTESIAN_POINT('Ctrl Pts',(21.993506354749,-113.365361724517,-7.76549640515842));
#6472=CARTESIAN_POINT('Ctrl Pts',(23.2552563414556,-114.368991216164,-7.67769020225902));
#6473=CARTESIAN_POINT('Ctrl Pts',(24.1512005219861,-114.574311007168,-7.65972704814864));
#6474=CARTESIAN_POINT('Ctrl Pts',(24.5999994724989,-114.574311007168,-7.65972704814864));
#6475=CARTESIAN_POINT('Ctrl Pts',(21.0016008718151,-111.574311007168,-7.92219303872642));
#6476=CARTESIAN_POINT('Ctrl Pts',(21.009217432782,-112.381337418357,-7.85127444000324));
#6477=CARTESIAN_POINT('Ctrl Pts',(21.4913082026492,-113.710633279715,-7.73529727044424));
#6478=CARTESIAN_POINT('Ctrl Pts',(23.000978896883,-114.896073969787,-7.63122306519901));
#6479=CARTESIAN_POINT('Ctrl Pts',(24.0660291579112,-115.137314658662,-7.61047061111921));
#6480=CARTESIAN_POINT('Ctrl Pts',(24.5999994724989,-115.137314658662,-7.61047061111921));
#6481=CARTESIAN_POINT('Ctrl Pts',(19.9655959993717,-111.530548914699,-7.42199003293227));
#6482=CARTESIAN_POINT('Ctrl Pts',(19.9853330162041,-112.568668197594,-7.3445492897384));
#6483=CARTESIAN_POINT('Ctrl Pts',(20.622825927392,-114.268039307157,-7.21731618480289));
#6484=CARTESIAN_POINT('Ctrl Pts',(22.5594204673182,-115.769703582472,-7.10479045246698));
#6485=CARTESIAN_POINT('Ctrl Pts',(23.919182433406,-116.075405595133,-7.08175280239761));
#6486=CARTESIAN_POINT('Ctrl Pts',(24.5999994724989,-116.075405595133,-7.08175280239761));
#6487=CARTESIAN_POINT('Ctrl Pts',(19.5999994724989,-111.439114927549,-6.37689477755294));
#6488=CARTESIAN_POINT('Ctrl Pts',(19.6088541989111,-112.560975205553,-6.31249041755459));
#6489=CARTESIAN_POINT('Ctrl Pts',(20.2772821454821,-114.411828538276,-6.20586968572674));
#6490=CARTESIAN_POINT('Ctrl Pts',(22.3753123644057,-116.063345742664,-6.11071645730245));
#6491=CARTESIAN_POINT('Ctrl Pts',(23.8573664626543,-116.399999521673,-6.09120332744949));
#6492=CARTESIAN_POINT('Ctrl Pts',(24.5999994724989,-116.399999521673,-6.09120332744949));
#6493=CARTESIAN_POINT('Ctrl Pts',(19.5999994724989,-111.399999521673,-5.92980364254292));
#6494=CARTESIAN_POINT('Ctrl Pts',(19.5999994724989,-112.521996897955,-5.87090641198462));
#6495=CARTESIAN_POINT('Ctrl Pts',(20.2558442762491,-114.385084050588,-5.77310700897493));
#6496=CARTESIAN_POINT('Ctrl Pts',(22.3587609207601,-116.057799869999,-5.68530080607553));
#6497=CARTESIAN_POINT('Ctrl Pts',(23.8520012216442,-116.399999521673,-5.66733765196515));
#6498=CARTESIAN_POINT('Ctrl Pts',(24.5999994724989,-116.399999521673,-5.66733765196515));
#6499=CARTESIAN_POINT('',(24.5999994724989,-116.399999521673,-5.66733765196515));
#6500=CARTESIAN_POINT('Origin',(24.5999994724989,-114.399999521673,-5.66733765196515));
#6501=CARTESIAN_POINT('Origin',(24.5999994724989,-111.399999521673,-5.92980364254292));
#6502=CARTESIAN_POINT('Origin',(134.299999736249,-114.399999521673,-5.66733765196515));
#6503=CARTESIAN_POINT('',(268.599999472499,-116.399999521673,-5.66733765196515));
#6504=CARTESIAN_POINT('Origin',(268.599999472499,-114.399999521673,-5.66733765196515));
#6505=CARTESIAN_POINT('',(134.299999736249,-116.399999521673,-5.66733765196515));
#6506=CARTESIAN_POINT('Ctrl Pts',(268.599999472499,-114.574311007168,-7.65972704814864));
#6507=CARTESIAN_POINT('Ctrl Pts',(269.273197898268,-114.574311007168,-7.65972704814864));
#6508=CARTESIAN_POINT('Ctrl Pts',(270.390982849239,-114.18064495648,-7.69416836479882));
#6509=CARTESIAN_POINT('Ctrl Pts',(271.394631580914,-112.918975793835,-7.80455011365058));
#6510=CARTESIAN_POINT('Ctrl Pts',(271.599999472499,-112.023109957681,-7.88292821835421));
#6511=CARTESIAN_POINT('Ctrl Pts',(271.599999472499,-111.574311007168,-7.92219303872641));
#6512=CARTESIAN_POINT('Ctrl Pts',(268.599999472499,-115.137314658662,-7.61047061111921));
#6513=CARTESIAN_POINT('Ctrl Pts',(269.40095494438,-115.137314658662,-7.61047061111921));
#6514=CARTESIAN_POINT('Ctrl Pts',(270.72980634233,-114.675223788259,-7.65032620681783));
#6515=CARTESIAN_POINT('Ctrl Pts',(271.938105747601,-113.180826929627,-7.78152685637715));
#6516=CARTESIAN_POINT('Ctrl Pts',(272.193320365871,-112.112328614628,-7.87491397291097));
#6517=CARTESIAN_POINT('Ctrl Pts',(272.198398073183,-111.574311007168,-7.92219303872641));
#6518=CARTESIAN_POINT('Ctrl Pts',(268.599999472499,-116.075321183414,-7.08166106030716));
#6519=CARTESIAN_POINT('Ctrl Pts',(269.621225031138,-116.075321183414,-7.08166106030717));
#6520=CARTESIAN_POINT('Ctrl Pts',(271.318742580863,-115.490834008562,-7.12568671091255));
#6521=CARTESIAN_POINT('Ctrl Pts',(272.8785409137,-113.592066890341,-7.26784271355454));
#6522=CARTESIAN_POINT('Ctrl Pts',(273.221145744917,-112.222618058549,-7.37024424880676));
#6523=CARTESIAN_POINT('Ctrl Pts',(273.234303756138,-111.53053853662,-7.42187141093601));
#6524=CARTESIAN_POINT('Ctrl Pts',(268.599999472499,-116.399999521673,-6.09120332744948));
#6525=CARTESIAN_POINT('Ctrl Pts',(269.713948987266,-116.399999521673,-6.09120332744949));
#6526=CARTESIAN_POINT('Ctrl Pts',(271.563283588885,-115.755137024286,-6.12856737948939));
#6527=CARTESIAN_POINT('Ctrl Pts',(273.240940988009,-113.673947407586,-6.24839393496339));
#6528=CARTESIAN_POINT('Ctrl Pts',(273.594096321557,-112.187021779552,-6.33395853755404));
#6529=CARTESIAN_POINT('Ctrl Pts',(273.599999472499,-111.439114927549,-6.37689477755294));
#6530=CARTESIAN_POINT('Ctrl Pts',(268.599999472499,-116.399999521673,-5.66733765196515));
#6531=CARTESIAN_POINT('Ctrl Pts',(269.721996848781,-116.399999521673,-5.66733765196515));
#6532=CARTESIAN_POINT('Ctrl Pts',(271.584971767066,-115.743889437193,-5.70177896861533));
#6533=CARTESIAN_POINT('Ctrl Pts',(273.257719653191,-113.64110749945,-5.81216071746709));
#6534=CARTESIAN_POINT('Ctrl Pts',(273.599999472499,-112.147997772527,-5.89053882217072));
#6535=CARTESIAN_POINT('Ctrl Pts',(273.599999472499,-111.399999521673,-5.92980364254292));
#6536=CARTESIAN_POINT('',(273.599999472499,-111.399999521673,-5.92980364254292));
#6537=CARTESIAN_POINT('Origin',(271.599999472499,-111.399999521673,-5.92980364254292));
#6538=CARTESIAN_POINT('Origin',(268.599999472499,-111.399999521673,-5.92980364254292));
#6539=CARTESIAN_POINT('Origin',(271.599999472499,-12.4493490236989,-14.5868638096315));
#6540=CARTESIAN_POINT('',(273.599999472499,-14.3999995216727,-14.4162040045576));
#6541=CARTESIAN_POINT('Origin',(271.599999472499,-14.3999995216727,-14.4162040045576));
#6542=CARTESIAN_POINT('',(273.599999472499,-12.4493490236989,-14.5868638096315));
#6543=CARTESIAN_POINT('Ctrl Pts',(271.599999472499,-14.5743110071681,-16.408593400741));
#6544=CARTESIAN_POINT('Ctrl Pts',(271.599999472499,-13.9011125813988,-16.4674906312994));
#6545=CARTESIAN_POINT('Ctrl Pts',(271.206364191632,-12.7833144983784,-16.5652852916747));
#6546=CARTESIAN_POINT('Ctrl Pts',(269.944679733026,-11.7796695552679,-16.6530928464019));
#6547=CARTESIAN_POINT('Ctrl Pts',(269.048798423012,-11.574311007168,-16.6710593913188));
#6548=CARTESIAN_POINT('Ctrl Pts',(268.599999472499,-11.574311007168,-16.6710593913188));
#6549=CARTESIAN_POINT('Ctrl Pts',(271.899198772841,-14.5743110071681,-16.408593400741));
#6550=CARTESIAN_POINT('Ctrl Pts',(271.902930019022,-13.8344562433336,-16.4733357985068));
#6551=CARTESIAN_POINT('Ctrl Pts',(271.476344204772,-12.6012038289906,-16.5812162997148));
#6552=CARTESIAN_POINT('Ctrl Pts',(270.086748070955,-11.487932804931,-16.678634317416));
#6553=CARTESIAN_POINT('Ctrl Pts',(269.096248352419,-11.2596913195684,-16.6985850473059));
#6554=CARTESIAN_POINT('Ctrl Pts',(268.599999472499,-11.2596913195684,-16.6985850473059));
#6555=CARTESIAN_POINT('Ctrl Pts',(272.496600752414,-14.5623782258568,-16.2722010862358));
#6556=CARTESIAN_POINT('Ctrl Pts',(272.507751758115,-13.6890846149191,-16.3451333208052));
#6557=CARTESIAN_POINT('Ctrl Pts',(272.015401076617,-12.2249215257026,-16.4673251533687));
#6558=CARTESIAN_POINT('Ctrl Pts',(270.370353916577,-10.8923194713233,-16.5784626033834));
#6559=CARTESIAN_POINT('Ctrl Pts',(269.190996738922,-10.6183952678062,-16.6012949405387));
#6560=CARTESIAN_POINT('Ctrl Pts',(268.599999472499,-10.6183952678062,-16.6012949405387));
#6561=CARTESIAN_POINT('Ctrl Pts',(273.337527274616,-14.5040582990545,-15.6056012725924));
#6562=CARTESIAN_POINT('Ctrl Pts',(273.354089764858,-13.442233895707,-15.6791820767428));
#6563=CARTESIAN_POINT('Ctrl Pts',(272.760163660385,-11.6575629391357,-15.8026271442763));
#6564=CARTESIAN_POINT('Ctrl Pts',(270.758643870166,-10.0291264114732,-15.915100350166));
#6565=CARTESIAN_POINT('Ctrl Pts',(269.320548269993,-9.69374076265056,-15.9382282075308));
#6566=CARTESIAN_POINT('Ctrl Pts',(268.599999472499,-9.69374076265056,-15.9382282075308));
#6567=CARTESIAN_POINT('Ctrl Pts',(273.599999472499,-14.4391149275491,-14.8632951395676));
#6568=CARTESIAN_POINT('Ctrl Pts',(273.608898941435,-13.3171032844885,-14.9277921517098));
#6569=CARTESIAN_POINT('Ctrl Pts',(272.968516320926,-11.4441743833753,-15.0352899620792));
#6570=CARTESIAN_POINT('Ctrl Pts',(270.859972912961,-9.74736310616836,-15.132513806945));
#6571=CARTESIAN_POINT('Ctrl Pts',(269.354624221836,-9.39999952167273,-15.1524022206766));
#6572=CARTESIAN_POINT('Ctrl Pts',(268.599999472499,-9.39999952167273,-15.1524022206766));
#6573=CARTESIAN_POINT('Ctrl Pts',(273.599999472499,-14.3999995216728,-14.4162040045576));
#6574=CARTESIAN_POINT('Ctrl Pts',(273.599999472499,-13.2780021453907,-14.4751012351159));
#6575=CARTESIAN_POINT('Ctrl Pts',(272.943940671054,-11.4150053403566,-14.5728958954912));
#6576=CARTESIAN_POINT('Ctrl Pts',(270.841133240043,-9.74226376850584,-14.6607034502184));
#6577=CARTESIAN_POINT('Ctrl Pts',(269.347997723354,-9.39999952167273,-14.6786699951353));
#6578=CARTESIAN_POINT('Ctrl Pts',(268.599999472499,-9.39999952167273,-14.6786699951353));
#6579=CARTESIAN_POINT('Origin',(268.599999472499,-11.3999995216727,-14.6786699951353));
#6580=CARTESIAN_POINT('Origin',(268.599999472499,-14.3999995216727,-14.4162040045576));
#6581=CARTESIAN_POINT('Origin',(24.5999994724989,-11.3999995216727,-14.6786699951353));
#6582=CARTESIAN_POINT('Origin',(273.599999472499,-14.3999995216727,1.11022302462516E-15));
#6583=CARTESIAN_POINT('',(273.599999472499,-14.3999995216727,1.11022302462516E-15));
#6584=CARTESIAN_POINT('',(273.599999472499,-111.399999521673,1.11022302462516E-15));
#6585=CARTESIAN_POINT('Origin',(268.599999472499,-14.3999995216727,1.11022302462516E-15));
#6586=CARTESIAN_POINT('Origin',(24.5999994724989,-14.3999995216727,1.11022302462516E-15));
#6587=CARTESIAN_POINT('',(19.5999994724989,-14.3999995216727,1.11022302462516E-15));
#6588=CARTESIAN_POINT('Origin',(19.5999994724989,-111.399999521673,1.11022302462516E-15));
#6589=CARTESIAN_POINT('',(19.5999994724989,-111.399999521673,1.11022302462516E-15));
#6590=CARTESIAN_POINT('Origin',(24.5999994724989,-111.399999521673,1.11022302462516E-15));
#6591=CARTESIAN_POINT('',(24.5999994724989,-116.399999521673,1.11022302462516E-15));
#6592=CARTESIAN_POINT('Origin',(268.599999472499,-116.399999521673,1.11022302462516E-15));
#6593=CARTESIAN_POINT('',(268.599999472499,-116.399999521673,1.11022302462516E-15));
#6594=CARTESIAN_POINT('Origin',(268.599999472499,-111.399999521673,1.11022302462516E-15));
#6595=CARTESIAN_POINT('Origin',(268.599999472499,-103.399999521673,1.11022302462516E-15));
#6596=CARTESIAN_POINT('',(268.599999472499,-106.399999521673,1.11022302462516E-15));
#6597=CARTESIAN_POINT('Origin',(65.6349490403738,-110.399999521673,3.1));
#6598=CARTESIAN_POINT('',(41.6349490403738,-114.399999521673,3.1));
#6599=CARTESIAN_POINT('',(39.6349490403738,-112.399999521673,3.1));
#6600=CARTESIAN_POINT('Origin',(41.6349490403738,-112.399999521673,3.1));
#6601=CARTESIAN_POINT('',(89.6349490403738,-114.399999521673,3.1));
#6602=CARTESIAN_POINT('',(53.6349490403738,-114.399999521673,3.1));
#6603=CARTESIAN_POINT('',(91.6349490403738,-112.399999521673,3.1));
#6604=CARTESIAN_POINT('Origin',(89.6349490403738,-112.399999521673,3.1));
#6605=CARTESIAN_POINT('',(91.6349490403738,-110.399999521673,3.1));
#6606=CARTESIAN_POINT('',(91.6349490403738,-111.399999521673,3.1));
#6607=CARTESIAN_POINT('',(89.6349490403738,-108.399999521673,3.1));
#6608=CARTESIAN_POINT('Origin',(89.6349490403738,-110.399999521673,3.1));
#6609=CARTESIAN_POINT('',(72.6349490403738,-108.399999521673,3.1));
#6610=CARTESIAN_POINT('',(77.6349490403738,-108.399999521673,3.1));
#6611=CARTESIAN_POINT('',(72.6349490403738,-106.399999521673,3.1));
#6612=CARTESIAN_POINT('Origin',(72.6349490403738,-107.399999521673,3.1));
#6613=CARTESIAN_POINT('',(58.6349490403739,-106.399999521673,3.1));
#6614=CARTESIAN_POINT('',(58.6349490403739,-106.399999521673,3.1));
#6615=CARTESIAN_POINT('',(58.6349490403738,-108.399999521673,3.1));
#6616=CARTESIAN_POINT('Origin',(58.6349490403739,-107.399999521673,3.1));
#6617=CARTESIAN_POINT('',(41.6349490403738,-108.399999521673,3.1));
#6618=CARTESIAN_POINT('',(62.1349490403738,-108.399999521673,3.1));
#6619=CARTESIAN_POINT('',(39.6349490403738,-110.399999521673,3.1));
#6620=CARTESIAN_POINT('Origin',(41.6349490403738,-110.399999521673,3.1));
#6621=CARTESIAN_POINT('',(39.6349490403738,-110.399999521673,3.1));
#6622=CARTESIAN_POINT('Origin',(229.634374005307,-110.399999521673,3.1));
#6623=CARTESIAN_POINT('',(205.634374005307,-114.399999521673,3.1));
#6624=CARTESIAN_POINT('',(203.634374005307,-112.399999521673,3.1));
#6625=CARTESIAN_POINT('Origin',(205.634374005307,-112.399999521673,3.1));
#6626=CARTESIAN_POINT('',(253.634374005307,-114.399999521673,3.1));
#6627=CARTESIAN_POINT('',(217.634374005307,-114.399999521673,3.1));
#6628=CARTESIAN_POINT('',(255.634374005307,-112.399999521673,3.1));
#6629=CARTESIAN_POINT('Origin',(253.634374005307,-112.399999521673,3.1));
#6630=CARTESIAN_POINT('',(255.634374005307,-110.399999521673,3.1));
#6631=CARTESIAN_POINT('',(255.634374005307,-111.399999521673,3.1));
#6632=CARTESIAN_POINT('',(253.634374005307,-108.399999521673,3.1));
#6633=CARTESIAN_POINT('Origin',(253.634374005307,-110.399999521673,3.1));
#6634=CARTESIAN_POINT('',(236.63500333786,-108.399999521673,3.1));
#6635=CARTESIAN_POINT('',(241.634374005307,-108.399999521673,3.1));
#6636=CARTESIAN_POINT('',(236.63500333786,-106.399999521673,3.1));
#6637=CARTESIAN_POINT('Origin',(236.63500333786,-107.399999521673,3.1));
#6638=CARTESIAN_POINT('',(222.63500333786,-106.399999521673,3.1));
#6639=CARTESIAN_POINT('',(222.63500333786,-106.399999521673,3.1));
#6640=CARTESIAN_POINT('',(222.63500333786,-108.399999521673,3.1));
#6641=CARTESIAN_POINT('Origin',(222.63500333786,-107.399999521673,3.1));
#6642=CARTESIAN_POINT('',(205.634374005307,-108.399999521673,3.1));
#6643=CARTESIAN_POINT('',(226.134688671583,-108.399999521673,3.1));
#6644=CARTESIAN_POINT('',(203.634374005307,-110.399999521673,3.1));
#6645=CARTESIAN_POINT('Origin',(205.634374005307,-110.399999521673,3.1));
#6646=CARTESIAN_POINT('',(203.634374005307,-110.399999521673,3.1));
#6647=CARTESIAN_POINT('Origin',(39.6349490403738,-110.399999521673,1.11022302462516E-15));
#6648=CARTESIAN_POINT('',(39.6349490403738,-110.399999521673,1.11022302462516E-15));
#6649=CARTESIAN_POINT('',(39.6349490403738,-112.399999521673,1.11022302462516E-15));
#6650=CARTESIAN_POINT('Origin',(41.6349490403738,-110.399999521673,1.11022302462516E-15));
#6651=CARTESIAN_POINT('',(41.6349490403738,-108.399999521673,1.11022302462516E-15));
#6652=CARTESIAN_POINT('Origin',(58.6349490403738,-108.399999521673,1.11022302462516E-15));
#6653=CARTESIAN_POINT('',(58.6349490403738,-108.399999521673,1.11022302462516E-15));
#6654=CARTESIAN_POINT('Origin',(58.6349490403739,-107.399999521673,1.11022302462516E-15));
#6655=CARTESIAN_POINT('',(58.6349490403739,-106.399999521673,1.11022302462516E-15));
#6656=CARTESIAN_POINT('Origin',(24.5999994724988,-106.399999521673,1.11022302462516E-15));
#6657=CARTESIAN_POINT('',(24.5999994724988,-106.399999521673,1.11022302462516E-15));
#6658=CARTESIAN_POINT('',(72.6349490403738,-106.399999521673,1.11022302462516E-15));
#6659=CARTESIAN_POINT('',(222.63500333786,-106.399999521673,1.11022302462516E-15));
#6660=CARTESIAN_POINT('',(236.63500333786,-106.399999521673,1.11022302462516E-15));
#6661=CARTESIAN_POINT('Origin',(24.5999994724989,-103.399999521673,1.11022302462516E-15));
#6662=CARTESIAN_POINT('',(21.5999994724989,-103.399999521673,1.11022302462516E-15));
#6663=CARTESIAN_POINT('Origin',(21.5999994724989,-22.3999995216727,1.11022302462516E-15));
#6664=CARTESIAN_POINT('',(21.5999994724989,-22.3999995216727,1.11022302462516E-15));
#6665=CARTESIAN_POINT('Origin',(24.5999994724989,-22.3999995216727,1.11022302462516E-15));
#6666=CARTESIAN_POINT('Origin',(236.63500333786,-107.399999521673,1.11022302462516E-15));
#6667=CARTESIAN_POINT('',(236.63500333786,-108.399999521673,1.11022302462516E-15));
#6668=CARTESIAN_POINT('Origin',(253.634374005307,-108.399999521673,1.11022302462516E-15));
#6669=CARTESIAN_POINT('',(253.634374005307,-108.399999521673,1.11022302462516E-15));
#6670=CARTESIAN_POINT('Origin',(253.634374005307,-110.399999521673,1.11022302462516E-15));
#6671=CARTESIAN_POINT('',(255.634374005307,-110.399999521673,1.11022302462516E-15));
#6672=CARTESIAN_POINT('Origin',(255.634374005307,-112.399999521673,1.11022302462516E-15));
#6673=CARTESIAN_POINT('',(255.634374005307,-112.399999521673,1.11022302462516E-15));
#6674=CARTESIAN_POINT('Origin',(253.634374005307,-112.399999521673,1.11022302462516E-15));
#6675=CARTESIAN_POINT('',(253.634374005307,-114.399999521673,1.11022302462516E-15));
#6676=CARTESIAN_POINT('Origin',(205.634374005307,-114.399999521673,1.11022302462516E-15));
#6677=CARTESIAN_POINT('',(205.634374005307,-114.399999521673,1.11022302462516E-15));
#6678=CARTESIAN_POINT('Origin',(205.634374005307,-112.399999521673,1.11022302462516E-15));
#6679=CARTESIAN_POINT('',(203.634374005307,-112.399999521673,1.11022302462516E-15));
#6680=CARTESIAN_POINT('Origin',(203.634374005307,-110.399999521673,1.11022302462516E-15));
#6681=CARTESIAN_POINT('',(203.634374005307,-110.399999521673,1.11022302462516E-15));
#6682=CARTESIAN_POINT('Origin',(205.634374005307,-110.399999521673,1.11022302462516E-15));
#6683=CARTESIAN_POINT('',(205.634374005307,-108.399999521673,1.11022302462516E-15));
#6684=CARTESIAN_POINT('Origin',(222.63500333786,-108.399999521673,1.11022302462516E-15));
#6685=CARTESIAN_POINT('',(222.63500333786,-108.399999521673,1.11022302462516E-15));
#6686=CARTESIAN_POINT('Origin',(222.63500333786,-107.399999521673,1.11022302462516E-15));
#6687=CARTESIAN_POINT('Origin',(72.6349490403738,-107.399999521673,1.11022302462516E-15));
#6688=CARTESIAN_POINT('',(72.6349490403738,-108.399999521673,1.11022302462516E-15));
#6689=CARTESIAN_POINT('Origin',(89.6349490403738,-108.399999521673,1.11022302462516E-15));
#6690=CARTESIAN_POINT('',(89.6349490403738,-108.399999521673,1.11022302462516E-15));
#6691=CARTESIAN_POINT('Origin',(89.6349490403738,-110.399999521673,1.11022302462516E-15));
#6692=CARTESIAN_POINT('',(91.6349490403738,-110.399999521673,1.11022302462516E-15));
#6693=CARTESIAN_POINT('Origin',(91.6349490403738,-112.399999521673,1.11022302462516E-15));
#6694=CARTESIAN_POINT('',(91.6349490403738,-112.399999521673,1.11022302462516E-15));
#6695=CARTESIAN_POINT('Origin',(89.6349490403738,-112.399999521673,1.11022302462516E-15));
#6696=CARTESIAN_POINT('',(89.6349490403738,-114.399999521673,1.11022302462516E-15));
#6697=CARTESIAN_POINT('Origin',(41.6349490403738,-114.399999521673,1.11022302462516E-15));
#6698=CARTESIAN_POINT('',(41.6349490403738,-114.399999521673,1.11022302462516E-15));
#6699=CARTESIAN_POINT('Origin',(41.6349490403738,-112.399999521673,1.11022302462516E-15));
#6700=CARTESIAN_POINT('',(0.,0.,0.));
#6701=CARTESIAN_POINT('',(0.,0.,0.));
#6702=UNCERTAINTY_MEASURE_WITH_UNIT(LENGTH_MEASURE(0.01),#6710,
'DISTANCE_ACCURACY_VALUE',
'Maximum model space distance between geometric entities at asserted c
onnectivities');
#6703=UNCERTAINTY_MEASURE_WITH_UNIT(LENGTH_MEASURE(0.01),#6710,
'DISTANCE_ACCURACY_VALUE',
'Maximum model space distance between geometric entities at asserted c
onnectivities');
#6704=UNCERTAINTY_MEASURE_WITH_UNIT(LENGTH_MEASURE(0.01),#6710,
'DISTANCE_ACCURACY_VALUE',
'Maximum model space distance between geometric entities at asserted c
onnectivities');
#6705=UNCERTAINTY_MEASURE_WITH_UNIT(LENGTH_MEASURE(0.01),#6710,
'DISTANCE_ACCURACY_VALUE',
'Maximum model space distance between geometric entities at asserted c
onnectivities');
#6706=(
GEOMETRIC_REPRESENTATION_CONTEXT(3)
GLOBAL_UNCERTAINTY_ASSIGNED_CONTEXT((#6702))
GLOBAL_UNIT_ASSIGNED_CONTEXT((#6710,#6712,#6713))
REPRESENTATION_CONTEXT('','3D')
);
#6707=(
GEOMETRIC_REPRESENTATION_CONTEXT(3)
GLOBAL_UNCERTAINTY_ASSIGNED_CONTEXT((#6703))
GLOBAL_UNIT_ASSIGNED_CONTEXT((#6710,#6712,#6713))
REPRESENTATION_CONTEXT('','3D')
);
#6708=(
GEOMETRIC_REPRESENTATION_CONTEXT(3)
GLOBAL_UNCERTAINTY_ASSIGNED_CONTEXT((#6704))
GLOBAL_UNIT_ASSIGNED_CONTEXT((#6710,#6712,#6713))
REPRESENTATION_CONTEXT('','3D')
);
#6709=(
GEOMETRIC_REPRESENTATION_CONTEXT(3)
GLOBAL_UNCERTAINTY_ASSIGNED_CONTEXT((#6705))
GLOBAL_UNIT_ASSIGNED_CONTEXT((#6710,#6712,#6713))
REPRESENTATION_CONTEXT('','3D')
);
#6710=(
LENGTH_UNIT()
NAMED_UNIT(*)
SI_UNIT(.MILLI.,.METRE.)
);
#6711=(
LENGTH_UNIT()
NAMED_UNIT(*)
SI_UNIT($,.METRE.)
);
#6712=(
NAMED_UNIT(*)
PLANE_ANGLE_UNIT()
SI_UNIT($,.RADIAN.)
);
#6713=(
NAMED_UNIT(*)
SI_UNIT($,.STERADIAN.)
SOLID_ANGLE_UNIT()
);
#6714=SHAPE_DEFINITION_REPRESENTATION(#6717,#6722);
#6715=SHAPE_DEFINITION_REPRESENTATION(#6718,#6723);
#6716=SHAPE_DEFINITION_REPRESENTATION(#6719,#6724);
#6717=PRODUCT_DEFINITION_SHAPE('',$,#6726);
#6718=PRODUCT_DEFINITION_SHAPE('',$,#6727);
#6719=PRODUCT_DEFINITION_SHAPE('',$,#6728);
#6720=PRODUCT_DEFINITION_SHAPE($,$,#17);
#6721=PRODUCT_DEFINITION_SHAPE($,$,#18);
#6722=SHAPE_REPRESENTATION('',(#3491,#3876),#6706);
#6723=SHAPE_REPRESENTATION('',(#3492,#3875),#6707);
#6724=SHAPE_REPRESENTATION('',(#3493),#6708);
#6725=PRODUCT_DEFINITION_CONTEXT('part definition',#6736,'design');
#6726=PRODUCT_DEFINITION('Pancake case','Pancake case v68',#6729,#6725);
#6727=PRODUCT_DEFINITION('Pancake','Pancake',#6730,#6725);
#6728=PRODUCT_DEFINITION('Bottom case','Bottom case',#6731,#6725);
#6729=PRODUCT_DEFINITION_FORMATION('',$,#6738);
#6730=PRODUCT_DEFINITION_FORMATION('',$,#6739);
#6731=PRODUCT_DEFINITION_FORMATION('',$,#6740);
#6732=PRODUCT_RELATED_PRODUCT_CATEGORY('Pancake case v68',
'Pancake case v68',(#6738));
#6733=PRODUCT_RELATED_PRODUCT_CATEGORY('Pancake','Pancake',(#6739));
#6734=PRODUCT_RELATED_PRODUCT_CATEGORY('Bottom case','Bottom case',(#6740));
#6735=APPLICATION_PROTOCOL_DEFINITION('international standard',
'automotive_design',2009,#6736);
#6736=APPLICATION_CONTEXT(
'Core Data for Automotive Mechanical Design Process');
#6737=PRODUCT_CONTEXT('part definition',#6736,'mechanical');
#6738=PRODUCT('Pancake case','Pancake case v68',$,(#6737));
#6739=PRODUCT('Pancake','Pancake',$,(#6737));
#6740=PRODUCT('Bottom case','Bottom case',$,(#6737));
#6741=PRESENTATION_STYLE_ASSIGNMENT((#6744));
#6742=PRESENTATION_STYLE_ASSIGNMENT((#6745));
#6743=PRESENTATION_STYLE_ASSIGNMENT((#6746));
#6744=SURFACE_STYLE_USAGE(.BOTH.,#6747);
#6745=SURFACE_STYLE_USAGE(.BOTH.,#6748);
#6746=SURFACE_STYLE_USAGE(.BOTH.,#6749);
#6747=SURFACE_SIDE_STYLE('',(#6750));
#6748=SURFACE_SIDE_STYLE('',(#6751));
#6749=SURFACE_SIDE_STYLE('',(#6752));
#6750=SURFACE_STYLE_FILL_AREA(#6753);
#6751=SURFACE_STYLE_FILL_AREA(#6754);
#6752=SURFACE_STYLE_FILL_AREA(#6755);
#6753=FILL_AREA_STYLE('Acier - Satin\X\E9',(#6756));
#6754=FILL_AREA_STYLE('ABS (blanc)',(#6757));
#6755=FILL_AREA_STYLE('ELEGOO PLA BASIC - Beige',(#6758));
#6756=FILL_AREA_STYLE_COLOUR('Acier - Satin\X\E9',#6759);
#6757=FILL_AREA_STYLE_COLOUR('ABS (blanc)',#6760);
#6758=FILL_AREA_STYLE_COLOUR('ELEGOO PLA BASIC - Beige',#6761);
#6759=COLOUR_RGB('Acier - Satin\X\E9',0.627450980392157,0.627450980392157,
0.627450980392157);
#6760=COLOUR_RGB('ABS (blanc)',0.964705882352941,0.964705882352941,0.952941176470588);
#6761=COLOUR_RGB('ELEGOO PLA BASIC - Beige',1.,0.949019607843137,0.835294117647059);
ENDSEC;
END-ISO-10303-21;
