ISO-10303-21;
HEADER;
/* Generated by software containing ST-Developer
 * from STEP Tools, Inc. (www.steptools.com) 
 */

FILE_DESCRIPTION(
/* description */ (''),
/* implementation_level */ '2;1');

FILE_NAME(
/* name */ 'Plate 2u Clip.step',
/* time_stamp */ '2025-11-06T15:39:50+01:00',
/* author */ (''),
/* organization */ (''),
/* preprocessor_version */ 'ST-DEVELOPER v20.1',
/* originating_system */ 'Autodesk Translation Framework v14.17.0.0',
/* authorisation */ '');

FILE_SCHEMA (('AUTOMOTIVE_DESIGN { 1 0 10303 214 3 1 1 }'));
ENDSEC;

DATA;
#10=MECHANICAL_DESIGN_GEOMETRIC_PRESENTATION_REPRESENTATION('',(#21),#17732);
#11=ITEM_DEFINED_TRANSFORMATION($,$,#10539,#11547);
#12=ITEM_DEFINED_TRANSFORMATION($,$,#10538,#11548);
#13=(
REPRESENTATION_RELATIONSHIP($,$,#17747,#17746)
REPRESENTATION_RELATIONSHIP_WITH_TRANSFORMATION(#11)
SHAPE_REPRESENTATION_RELATIONSHIP()
);
#14=(
REPRESENTATION_RELATIONSHIP($,$,#17746,#17745)
REPRESENTATION_RELATIONSHIP_WITH_TRANSFORMATION(#12)
SHAPE_REPRESENTATION_RELATIONSHIP()
);
#15=CONTEXT_DEPENDENT_SHAPE_REPRESENTATION(#13,#17743);
#16=CONTEXT_DEPENDENT_SHAPE_REPRESENTATION(#14,#17744);
#17=NEXT_ASSEMBLY_USAGE_OCCURRENCE('PCB & Plate:1','PCB & Plate:1',
'PCB & Plate:1',#17750,#17751,'PCB & Plate:1');
#18=NEXT_ASSEMBLY_USAGE_OCCURRENCE('Pancake:1','Pancake:1','Pancake:1',
#17749,#17750,'Pancake:1');
#19=SHAPE_REPRESENTATION_RELATIONSHIP('SRR','None',#17747,#20);
#20=ADVANCED_BREP_SHAPE_REPRESENTATION('',(#22),#17731);
#21=STYLED_ITEM('',(#17766),#22);
#22=MANIFOLD_SOLID_BREP('Corps7',#10524);
#23=FACE_BOUND('',#1410,.T.);
#24=FACE_BOUND('',#1411,.T.);
#25=FACE_BOUND('',#1412,.T.);
#26=FACE_BOUND('',#1413,.T.);
#27=FACE_BOUND('',#1414,.T.);
#28=FACE_BOUND('',#1415,.T.);
#29=FACE_BOUND('',#1416,.T.);
#30=FACE_BOUND('',#1417,.T.);
#31=FACE_BOUND('',#1418,.T.);
#32=FACE_BOUND('',#1419,.T.);
#33=FACE_BOUND('',#1420,.T.);
#34=FACE_BOUND('',#1421,.T.);
#35=FACE_BOUND('',#1422,.T.);
#36=FACE_BOUND('',#1423,.T.);
#37=FACE_BOUND('',#1424,.T.);
#38=FACE_BOUND('',#1425,.T.);
#39=FACE_BOUND('',#1426,.T.);
#40=FACE_BOUND('',#1427,.T.);
#41=FACE_BOUND('',#1428,.T.);
#42=FACE_BOUND('',#1429,.T.);
#43=FACE_BOUND('',#1430,.T.);
#44=FACE_BOUND('',#1431,.T.);
#45=FACE_BOUND('',#1432,.T.);
#46=FACE_BOUND('',#1433,.T.);
#47=FACE_BOUND('',#1434,.T.);
#48=FACE_BOUND('',#1435,.T.);
#49=FACE_BOUND('',#1436,.T.);
#50=FACE_BOUND('',#1437,.T.);
#51=FACE_BOUND('',#1438,.T.);
#52=FACE_BOUND('',#1439,.T.);
#53=FACE_BOUND('',#1440,.T.);
#54=FACE_BOUND('',#1441,.T.);
#55=FACE_BOUND('',#1442,.T.);
#56=FACE_BOUND('',#1443,.T.);
#57=FACE_BOUND('',#1444,.T.);
#58=FACE_BOUND('',#1445,.T.);
#59=FACE_BOUND('',#1446,.T.);
#60=FACE_BOUND('',#1447,.T.);
#61=FACE_BOUND('',#1448,.T.);
#62=FACE_BOUND('',#1449,.T.);
#63=FACE_BOUND('',#1450,.T.);
#64=FACE_BOUND('',#1451,.T.);
#65=FACE_BOUND('',#1455,.T.);
#66=FACE_BOUND('',#1456,.T.);
#67=FACE_BOUND('',#1457,.T.);
#68=FACE_BOUND('',#1458,.T.);
#69=FACE_BOUND('',#1459,.T.);
#70=FACE_BOUND('',#1460,.T.);
#71=FACE_BOUND('',#1461,.T.);
#72=FACE_BOUND('',#1462,.T.);
#73=FACE_BOUND('',#1463,.T.);
#74=FACE_BOUND('',#1464,.T.);
#75=FACE_BOUND('',#1465,.T.);
#76=FACE_BOUND('',#1466,.T.);
#77=FACE_BOUND('',#1467,.T.);
#78=FACE_BOUND('',#1468,.T.);
#79=FACE_BOUND('',#1469,.T.);
#80=FACE_BOUND('',#1470,.T.);
#81=FACE_BOUND('',#1471,.T.);
#82=FACE_BOUND('',#1472,.T.);
#83=FACE_BOUND('',#1473,.T.);
#84=FACE_BOUND('',#1474,.T.);
#85=FACE_BOUND('',#1475,.T.);
#86=FACE_BOUND('',#1476,.T.);
#87=FACE_BOUND('',#1477,.T.);
#88=FACE_BOUND('',#1478,.T.);
#89=FACE_BOUND('',#1479,.T.);
#90=FACE_BOUND('',#1480,.T.);
#91=FACE_BOUND('',#1481,.T.);
#92=FACE_BOUND('',#1482,.T.);
#93=FACE_BOUND('',#1483,.T.);
#94=FACE_BOUND('',#1484,.T.);
#95=FACE_BOUND('',#1485,.T.);
#96=FACE_BOUND('',#1486,.T.);
#97=FACE_BOUND('',#1487,.T.);
#98=FACE_BOUND('',#1488,.T.);
#99=FACE_BOUND('',#1489,.T.);
#100=FACE_BOUND('',#1490,.T.);
#101=FACE_BOUND('',#1491,.T.);
#102=FACE_BOUND('',#1492,.T.);
#103=FACE_BOUND('',#1493,.T.);
#104=FACE_BOUND('',#1494,.T.);
#105=FACE_BOUND('',#1495,.T.);
#106=FACE_BOUND('',#1496,.T.);
#107=PLANE('',#10543);
#108=PLANE('',#10547);
#109=PLANE('',#10551);
#110=PLANE('',#10555);
#111=PLANE('',#10559);
#112=PLANE('',#10563);
#113=PLANE('',#10567);
#114=PLANE('',#10571);
#115=PLANE('',#10572);
#116=PLANE('',#10576);
#117=PLANE('',#10580);
#118=PLANE('',#10584);
#119=PLANE('',#10588);
#120=PLANE('',#10592);
#121=PLANE('',#10593);
#122=PLANE('',#10597);
#123=PLANE('',#10598);
#124=PLANE('',#10602);
#125=PLANE('',#10606);
#126=PLANE('',#10607);
#127=PLANE('',#10611);
#128=PLANE('',#10612);
#129=PLANE('',#10616);
#130=PLANE('',#10620);
#131=PLANE('',#10624);
#132=PLANE('',#10628);
#133=PLANE('',#10632);
#134=PLANE('',#10636);
#135=PLANE('',#10637);
#136=PLANE('',#10641);
#137=PLANE('',#10642);
#138=PLANE('',#10646);
#139=PLANE('',#10650);
#140=PLANE('',#10651);
#141=PLANE('',#10652);
#142=PLANE('',#10656);
#143=PLANE('',#10660);
#144=PLANE('',#10661);
#145=PLANE('',#10662);
#146=PLANE('',#10666);
#147=PLANE('',#10670);
#148=PLANE('',#10671);
#149=PLANE('',#10675);
#150=PLANE('',#10676);
#151=PLANE('',#10683);
#152=PLANE('',#10687);
#153=PLANE('',#10691);
#154=PLANE('',#10695);
#155=PLANE('',#10696);
#156=PLANE('',#10697);
#157=PLANE('',#10701);
#158=PLANE('',#10705);
#159=PLANE('',#10706);
#160=PLANE('',#10710);
#161=PLANE('',#10711);
#162=PLANE('',#10715);
#163=PLANE('',#10719);
#164=PLANE('',#10723);
#165=PLANE('',#10727);
#166=PLANE('',#10731);
#167=PLANE('',#10735);
#168=PLANE('',#10736);
#169=PLANE('',#10740);
#170=PLANE('',#10741);
#171=PLANE('',#10745);
#172=PLANE('',#10749);
#173=PLANE('',#10750);
#174=PLANE('',#10751);
#175=PLANE('',#10755);
#176=PLANE('',#10759);
#177=PLANE('',#10760);
#178=PLANE('',#10761);
#179=PLANE('',#10765);
#180=PLANE('',#10769);
#181=PLANE('',#10770);
#182=PLANE('',#10774);
#183=PLANE('',#10775);
#184=PLANE('',#10779);
#185=PLANE('',#10783);
#186=PLANE('',#10787);
#187=PLANE('',#10791);
#188=PLANE('',#10795);
#189=PLANE('',#10799);
#190=PLANE('',#10800);
#191=PLANE('',#10807);
#192=PLANE('',#10811);
#193=PLANE('',#10815);
#194=PLANE('',#10819);
#195=PLANE('',#10823);
#196=PLANE('',#10827);
#197=PLANE('',#10831);
#198=PLANE('',#10835);
#199=PLANE('',#10839);
#200=PLANE('',#10843);
#201=PLANE('',#10847);
#202=PLANE('',#10851);
#203=PLANE('',#10855);
#204=PLANE('',#10859);
#205=PLANE('',#10863);
#206=PLANE('',#10867);
#207=PLANE('',#10871);
#208=PLANE('',#10875);
#209=PLANE('',#10879);
#210=PLANE('',#10883);
#211=PLANE('',#10887);
#212=PLANE('',#10891);
#213=PLANE('',#10895);
#214=PLANE('',#10899);
#215=PLANE('',#10903);
#216=PLANE('',#10907);
#217=PLANE('',#10911);
#218=PLANE('',#10915);
#219=PLANE('',#10919);
#220=PLANE('',#10923);
#221=PLANE('',#10927);
#222=PLANE('',#10931);
#223=PLANE('',#10935);
#224=PLANE('',#10939);
#225=PLANE('',#10943);
#226=PLANE('',#10947);
#227=PLANE('',#10951);
#228=PLANE('',#10955);
#229=PLANE('',#10959);
#230=PLANE('',#10963);
#231=PLANE('',#10967);
#232=PLANE('',#10971);
#233=PLANE('',#10975);
#234=PLANE('',#10979);
#235=PLANE('',#10983);
#236=PLANE('',#10987);
#237=PLANE('',#10991);
#238=PLANE('',#10995);
#239=PLANE('',#10999);
#240=PLANE('',#11003);
#241=PLANE('',#11007);
#242=PLANE('',#11011);
#243=PLANE('',#11015);
#244=PLANE('',#11019);
#245=PLANE('',#11023);
#246=PLANE('',#11027);
#247=PLANE('',#11031);
#248=PLANE('',#11035);
#249=PLANE('',#11039);
#250=PLANE('',#11043);
#251=PLANE('',#11047);
#252=PLANE('',#11051);
#253=PLANE('',#11055);
#254=PLANE('',#11059);
#255=PLANE('',#11063);
#256=PLANE('',#11067);
#257=PLANE('',#11071);
#258=PLANE('',#11075);
#259=PLANE('',#11079);
#260=PLANE('',#11083);
#261=PLANE('',#11087);
#262=PLANE('',#11091);
#263=PLANE('',#11095);
#264=PLANE('',#11099);
#265=PLANE('',#11103);
#266=PLANE('',#11107);
#267=PLANE('',#11111);
#268=PLANE('',#11115);
#269=PLANE('',#11119);
#270=PLANE('',#11123);
#271=PLANE('',#11127);
#272=PLANE('',#11131);
#273=PLANE('',#11135);
#274=PLANE('',#11139);
#275=PLANE('',#11143);
#276=PLANE('',#11147);
#277=PLANE('',#11151);
#278=PLANE('',#11155);
#279=PLANE('',#11159);
#280=PLANE('',#11163);
#281=PLANE('',#11167);
#282=PLANE('',#11171);
#283=PLANE('',#11175);
#284=PLANE('',#11179);
#285=PLANE('',#11183);
#286=PLANE('',#11187);
#287=PLANE('',#11191);
#288=PLANE('',#11195);
#289=PLANE('',#11199);
#290=PLANE('',#11203);
#291=PLANE('',#11207);
#292=PLANE('',#11211);
#293=PLANE('',#11215);
#294=PLANE('',#11219);
#295=PLANE('',#11223);
#296=PLANE('',#11227);
#297=PLANE('',#11231);
#298=PLANE('',#11235);
#299=PLANE('',#11239);
#300=PLANE('',#11243);
#301=PLANE('',#11247);
#302=PLANE('',#11251);
#303=PLANE('',#11255);
#304=PLANE('',#11259);
#305=PLANE('',#11263);
#306=PLANE('',#11267);
#307=PLANE('',#11271);
#308=PLANE('',#11275);
#309=PLANE('',#11279);
#310=PLANE('',#11283);
#311=PLANE('',#11287);
#312=PLANE('',#11291);
#313=PLANE('',#11295);
#314=PLANE('',#11299);
#315=PLANE('',#11303);
#316=PLANE('',#11307);
#317=PLANE('',#11311);
#318=PLANE('',#11315);
#319=PLANE('',#11319);
#320=PLANE('',#11323);
#321=PLANE('',#11327);
#322=PLANE('',#11331);
#323=PLANE('',#11335);
#324=PLANE('',#11339);
#325=PLANE('',#11343);
#326=PLANE('',#11347);
#327=PLANE('',#11351);
#328=PLANE('',#11355);
#329=PLANE('',#11359);
#330=PLANE('',#11363);
#331=PLANE('',#11367);
#332=PLANE('',#11371);
#333=PLANE('',#11375);
#334=PLANE('',#11379);
#335=PLANE('',#11383);
#336=PLANE('',#11387);
#337=PLANE('',#11391);
#338=PLANE('',#11395);
#339=PLANE('',#11396);
#340=PLANE('',#11400);
#341=PLANE('',#11404);
#342=PLANE('',#11408);
#343=PLANE('',#11412);
#344=PLANE('',#11416);
#345=PLANE('',#11420);
#346=PLANE('',#11424);
#347=PLANE('',#11428);
#348=PLANE('',#11432);
#349=PLANE('',#11436);
#350=PLANE('',#11440);
#351=PLANE('',#11444);
#352=PLANE('',#11448);
#353=PLANE('',#11452);
#354=PLANE('',#11456);
#355=PLANE('',#11460);
#356=PLANE('',#11464);
#357=PLANE('',#11468);
#358=PLANE('',#11472);
#359=PLANE('',#11476);
#360=PLANE('',#11480);
#361=PLANE('',#11484);
#362=PLANE('',#11488);
#363=PLANE('',#11492);
#364=PLANE('',#11496);
#365=PLANE('',#11500);
#366=PLANE('',#11504);
#367=PLANE('',#11508);
#368=PLANE('',#11512);
#369=PLANE('',#11516);
#370=PLANE('',#11520);
#371=PLANE('',#11524);
#372=PLANE('',#11531);
#373=PLANE('',#11535);
#374=PLANE('',#11539);
#375=PLANE('',#11540);
#376=PLANE('',#11541);
#377=PLANE('',#11545);
#378=PLANE('',#11546);
#379=FACE_OUTER_BOUND('',#896,.T.);
#380=FACE_OUTER_BOUND('',#897,.T.);
#381=FACE_OUTER_BOUND('',#898,.T.);
#382=FACE_OUTER_BOUND('',#899,.T.);
#383=FACE_OUTER_BOUND('',#900,.T.);
#384=FACE_OUTER_BOUND('',#901,.T.);
#385=FACE_OUTER_BOUND('',#902,.T.);
#386=FACE_OUTER_BOUND('',#903,.T.);
#387=FACE_OUTER_BOUND('',#904,.T.);
#388=FACE_OUTER_BOUND('',#905,.T.);
#389=FACE_OUTER_BOUND('',#906,.T.);
#390=FACE_OUTER_BOUND('',#907,.T.);
#391=FACE_OUTER_BOUND('',#908,.T.);
#392=FACE_OUTER_BOUND('',#909,.T.);
#393=FACE_OUTER_BOUND('',#910,.T.);
#394=FACE_OUTER_BOUND('',#911,.T.);
#395=FACE_OUTER_BOUND('',#912,.T.);
#396=FACE_OUTER_BOUND('',#913,.T.);
#397=FACE_OUTER_BOUND('',#914,.T.);
#398=FACE_OUTER_BOUND('',#915,.T.);
#399=FACE_OUTER_BOUND('',#916,.T.);
#400=FACE_OUTER_BOUND('',#917,.T.);
#401=FACE_OUTER_BOUND('',#918,.T.);
#402=FACE_OUTER_BOUND('',#919,.T.);
#403=FACE_OUTER_BOUND('',#920,.T.);
#404=FACE_OUTER_BOUND('',#921,.T.);
#405=FACE_OUTER_BOUND('',#922,.T.);
#406=FACE_OUTER_BOUND('',#923,.T.);
#407=FACE_OUTER_BOUND('',#924,.T.);
#408=FACE_OUTER_BOUND('',#925,.T.);
#409=FACE_OUTER_BOUND('',#926,.T.);
#410=FACE_OUTER_BOUND('',#927,.T.);
#411=FACE_OUTER_BOUND('',#928,.T.);
#412=FACE_OUTER_BOUND('',#929,.T.);
#413=FACE_OUTER_BOUND('',#930,.T.);
#414=FACE_OUTER_BOUND('',#931,.T.);
#415=FACE_OUTER_BOUND('',#932,.T.);
#416=FACE_OUTER_BOUND('',#933,.T.);
#417=FACE_OUTER_BOUND('',#934,.T.);
#418=FACE_OUTER_BOUND('',#935,.T.);
#419=FACE_OUTER_BOUND('',#936,.T.);
#420=FACE_OUTER_BOUND('',#937,.T.);
#421=FACE_OUTER_BOUND('',#938,.T.);
#422=FACE_OUTER_BOUND('',#939,.T.);
#423=FACE_OUTER_BOUND('',#940,.T.);
#424=FACE_OUTER_BOUND('',#941,.T.);
#425=FACE_OUTER_BOUND('',#942,.T.);
#426=FACE_OUTER_BOUND('',#943,.T.);
#427=FACE_OUTER_BOUND('',#944,.T.);
#428=FACE_OUTER_BOUND('',#945,.T.);
#429=FACE_OUTER_BOUND('',#946,.T.);
#430=FACE_OUTER_BOUND('',#947,.T.);
#431=FACE_OUTER_BOUND('',#948,.T.);
#432=FACE_OUTER_BOUND('',#949,.T.);
#433=FACE_OUTER_BOUND('',#950,.T.);
#434=FACE_OUTER_BOUND('',#951,.T.);
#435=FACE_OUTER_BOUND('',#952,.T.);
#436=FACE_OUTER_BOUND('',#953,.T.);
#437=FACE_OUTER_BOUND('',#954,.T.);
#438=FACE_OUTER_BOUND('',#955,.T.);
#439=FACE_OUTER_BOUND('',#956,.T.);
#440=FACE_OUTER_BOUND('',#957,.T.);
#441=FACE_OUTER_BOUND('',#958,.T.);
#442=FACE_OUTER_BOUND('',#959,.T.);
#443=FACE_OUTER_BOUND('',#960,.T.);
#444=FACE_OUTER_BOUND('',#961,.T.);
#445=FACE_OUTER_BOUND('',#962,.T.);
#446=FACE_OUTER_BOUND('',#963,.T.);
#447=FACE_OUTER_BOUND('',#964,.T.);
#448=FACE_OUTER_BOUND('',#965,.T.);
#449=FACE_OUTER_BOUND('',#966,.T.);
#450=FACE_OUTER_BOUND('',#967,.T.);
#451=FACE_OUTER_BOUND('',#968,.T.);
#452=FACE_OUTER_BOUND('',#969,.T.);
#453=FACE_OUTER_BOUND('',#970,.T.);
#454=FACE_OUTER_BOUND('',#971,.T.);
#455=FACE_OUTER_BOUND('',#972,.T.);
#456=FACE_OUTER_BOUND('',#973,.T.);
#457=FACE_OUTER_BOUND('',#974,.T.);
#458=FACE_OUTER_BOUND('',#975,.T.);
#459=FACE_OUTER_BOUND('',#976,.T.);
#460=FACE_OUTER_BOUND('',#977,.T.);
#461=FACE_OUTER_BOUND('',#978,.T.);
#462=FACE_OUTER_BOUND('',#979,.T.);
#463=FACE_OUTER_BOUND('',#980,.T.);
#464=FACE_OUTER_BOUND('',#981,.T.);
#465=FACE_OUTER_BOUND('',#982,.T.);
#466=FACE_OUTER_BOUND('',#983,.T.);
#467=FACE_OUTER_BOUND('',#984,.T.);
#468=FACE_OUTER_BOUND('',#985,.T.);
#469=FACE_OUTER_BOUND('',#986,.T.);
#470=FACE_OUTER_BOUND('',#987,.T.);
#471=FACE_OUTER_BOUND('',#988,.T.);
#472=FACE_OUTER_BOUND('',#989,.T.);
#473=FACE_OUTER_BOUND('',#990,.T.);
#474=FACE_OUTER_BOUND('',#991,.T.);
#475=FACE_OUTER_BOUND('',#992,.T.);
#476=FACE_OUTER_BOUND('',#993,.T.);
#477=FACE_OUTER_BOUND('',#994,.T.);
#478=FACE_OUTER_BOUND('',#995,.T.);
#479=FACE_OUTER_BOUND('',#996,.T.);
#480=FACE_OUTER_BOUND('',#997,.T.);
#481=FACE_OUTER_BOUND('',#998,.T.);
#482=FACE_OUTER_BOUND('',#999,.T.);
#483=FACE_OUTER_BOUND('',#1000,.T.);
#484=FACE_OUTER_BOUND('',#1001,.T.);
#485=FACE_OUTER_BOUND('',#1002,.T.);
#486=FACE_OUTER_BOUND('',#1003,.T.);
#487=FACE_OUTER_BOUND('',#1004,.T.);
#488=FACE_OUTER_BOUND('',#1005,.T.);
#489=FACE_OUTER_BOUND('',#1006,.T.);
#490=FACE_OUTER_BOUND('',#1007,.T.);
#491=FACE_OUTER_BOUND('',#1008,.T.);
#492=FACE_OUTER_BOUND('',#1009,.T.);
#493=FACE_OUTER_BOUND('',#1010,.T.);
#494=FACE_OUTER_BOUND('',#1011,.T.);
#495=FACE_OUTER_BOUND('',#1012,.T.);
#496=FACE_OUTER_BOUND('',#1013,.T.);
#497=FACE_OUTER_BOUND('',#1014,.T.);
#498=FACE_OUTER_BOUND('',#1015,.T.);
#499=FACE_OUTER_BOUND('',#1016,.T.);
#500=FACE_OUTER_BOUND('',#1017,.T.);
#501=FACE_OUTER_BOUND('',#1018,.T.);
#502=FACE_OUTER_BOUND('',#1019,.T.);
#503=FACE_OUTER_BOUND('',#1020,.T.);
#504=FACE_OUTER_BOUND('',#1021,.T.);
#505=FACE_OUTER_BOUND('',#1022,.T.);
#506=FACE_OUTER_BOUND('',#1023,.T.);
#507=FACE_OUTER_BOUND('',#1024,.T.);
#508=FACE_OUTER_BOUND('',#1025,.T.);
#509=FACE_OUTER_BOUND('',#1026,.T.);
#510=FACE_OUTER_BOUND('',#1027,.T.);
#511=FACE_OUTER_BOUND('',#1028,.T.);
#512=FACE_OUTER_BOUND('',#1029,.T.);
#513=FACE_OUTER_BOUND('',#1030,.T.);
#514=FACE_OUTER_BOUND('',#1031,.T.);
#515=FACE_OUTER_BOUND('',#1032,.T.);
#516=FACE_OUTER_BOUND('',#1033,.T.);
#517=FACE_OUTER_BOUND('',#1034,.T.);
#518=FACE_OUTER_BOUND('',#1035,.T.);
#519=FACE_OUTER_BOUND('',#1036,.T.);
#520=FACE_OUTER_BOUND('',#1037,.T.);
#521=FACE_OUTER_BOUND('',#1038,.T.);
#522=FACE_OUTER_BOUND('',#1039,.T.);
#523=FACE_OUTER_BOUND('',#1040,.T.);
#524=FACE_OUTER_BOUND('',#1041,.T.);
#525=FACE_OUTER_BOUND('',#1042,.T.);
#526=FACE_OUTER_BOUND('',#1043,.T.);
#527=FACE_OUTER_BOUND('',#1044,.T.);
#528=FACE_OUTER_BOUND('',#1045,.T.);
#529=FACE_OUTER_BOUND('',#1046,.T.);
#530=FACE_OUTER_BOUND('',#1047,.T.);
#531=FACE_OUTER_BOUND('',#1048,.T.);
#532=FACE_OUTER_BOUND('',#1049,.T.);
#533=FACE_OUTER_BOUND('',#1050,.T.);
#534=FACE_OUTER_BOUND('',#1051,.T.);
#535=FACE_OUTER_BOUND('',#1052,.T.);
#536=FACE_OUTER_BOUND('',#1053,.T.);
#537=FACE_OUTER_BOUND('',#1054,.T.);
#538=FACE_OUTER_BOUND('',#1055,.T.);
#539=FACE_OUTER_BOUND('',#1056,.T.);
#540=FACE_OUTER_BOUND('',#1057,.T.);
#541=FACE_OUTER_BOUND('',#1058,.T.);
#542=FACE_OUTER_BOUND('',#1059,.T.);
#543=FACE_OUTER_BOUND('',#1060,.T.);
#544=FACE_OUTER_BOUND('',#1061,.T.);
#545=FACE_OUTER_BOUND('',#1062,.T.);
#546=FACE_OUTER_BOUND('',#1063,.T.);
#547=FACE_OUTER_BOUND('',#1064,.T.);
#548=FACE_OUTER_BOUND('',#1065,.T.);
#549=FACE_OUTER_BOUND('',#1066,.T.);
#550=FACE_OUTER_BOUND('',#1067,.T.);
#551=FACE_OUTER_BOUND('',#1068,.T.);
#552=FACE_OUTER_BOUND('',#1069,.T.);
#553=FACE_OUTER_BOUND('',#1070,.T.);
#554=FACE_OUTER_BOUND('',#1071,.T.);
#555=FACE_OUTER_BOUND('',#1072,.T.);
#556=FACE_OUTER_BOUND('',#1073,.T.);
#557=FACE_OUTER_BOUND('',#1074,.T.);
#558=FACE_OUTER_BOUND('',#1075,.T.);
#559=FACE_OUTER_BOUND('',#1076,.T.);
#560=FACE_OUTER_BOUND('',#1077,.T.);
#561=FACE_OUTER_BOUND('',#1078,.T.);
#562=FACE_OUTER_BOUND('',#1079,.T.);
#563=FACE_OUTER_BOUND('',#1080,.T.);
#564=FACE_OUTER_BOUND('',#1081,.T.);
#565=FACE_OUTER_BOUND('',#1082,.T.);
#566=FACE_OUTER_BOUND('',#1083,.T.);
#567=FACE_OUTER_BOUND('',#1084,.T.);
#568=FACE_OUTER_BOUND('',#1085,.T.);
#569=FACE_OUTER_BOUND('',#1086,.T.);
#570=FACE_OUTER_BOUND('',#1087,.T.);
#571=FACE_OUTER_BOUND('',#1088,.T.);
#572=FACE_OUTER_BOUND('',#1089,.T.);
#573=FACE_OUTER_BOUND('',#1090,.T.);
#574=FACE_OUTER_BOUND('',#1091,.T.);
#575=FACE_OUTER_BOUND('',#1092,.T.);
#576=FACE_OUTER_BOUND('',#1093,.T.);
#577=FACE_OUTER_BOUND('',#1094,.T.);
#578=FACE_OUTER_BOUND('',#1095,.T.);
#579=FACE_OUTER_BOUND('',#1096,.T.);
#580=FACE_OUTER_BOUND('',#1097,.T.);
#581=FACE_OUTER_BOUND('',#1098,.T.);
#582=FACE_OUTER_BOUND('',#1099,.T.);
#583=FACE_OUTER_BOUND('',#1100,.T.);
#584=FACE_OUTER_BOUND('',#1101,.T.);
#585=FACE_OUTER_BOUND('',#1102,.T.);
#586=FACE_OUTER_BOUND('',#1103,.T.);
#587=FACE_OUTER_BOUND('',#1104,.T.);
#588=FACE_OUTER_BOUND('',#1105,.T.);
#589=FACE_OUTER_BOUND('',#1106,.T.);
#590=FACE_OUTER_BOUND('',#1107,.T.);
#591=FACE_OUTER_BOUND('',#1108,.T.);
#592=FACE_OUTER_BOUND('',#1109,.T.);
#593=FACE_OUTER_BOUND('',#1110,.T.);
#594=FACE_OUTER_BOUND('',#1111,.T.);
#595=FACE_OUTER_BOUND('',#1112,.T.);
#596=FACE_OUTER_BOUND('',#1113,.T.);
#597=FACE_OUTER_BOUND('',#1114,.T.);
#598=FACE_OUTER_BOUND('',#1115,.T.);
#599=FACE_OUTER_BOUND('',#1116,.T.);
#600=FACE_OUTER_BOUND('',#1117,.T.);
#601=FACE_OUTER_BOUND('',#1118,.T.);
#602=FACE_OUTER_BOUND('',#1119,.T.);
#603=FACE_OUTER_BOUND('',#1120,.T.);
#604=FACE_OUTER_BOUND('',#1121,.T.);
#605=FACE_OUTER_BOUND('',#1122,.T.);
#606=FACE_OUTER_BOUND('',#1123,.T.);
#607=FACE_OUTER_BOUND('',#1124,.T.);
#608=FACE_OUTER_BOUND('',#1125,.T.);
#609=FACE_OUTER_BOUND('',#1126,.T.);
#610=FACE_OUTER_BOUND('',#1127,.T.);
#611=FACE_OUTER_BOUND('',#1128,.T.);
#612=FACE_OUTER_BOUND('',#1129,.T.);
#613=FACE_OUTER_BOUND('',#1130,.T.);
#614=FACE_OUTER_BOUND('',#1131,.T.);
#615=FACE_OUTER_BOUND('',#1132,.T.);
#616=FACE_OUTER_BOUND('',#1133,.T.);
#617=FACE_OUTER_BOUND('',#1134,.T.);
#618=FACE_OUTER_BOUND('',#1135,.T.);
#619=FACE_OUTER_BOUND('',#1136,.T.);
#620=FACE_OUTER_BOUND('',#1137,.T.);
#621=FACE_OUTER_BOUND('',#1138,.T.);
#622=FACE_OUTER_BOUND('',#1139,.T.);
#623=FACE_OUTER_BOUND('',#1140,.T.);
#624=FACE_OUTER_BOUND('',#1141,.T.);
#625=FACE_OUTER_BOUND('',#1142,.T.);
#626=FACE_OUTER_BOUND('',#1143,.T.);
#627=FACE_OUTER_BOUND('',#1144,.T.);
#628=FACE_OUTER_BOUND('',#1145,.T.);
#629=FACE_OUTER_BOUND('',#1146,.T.);
#630=FACE_OUTER_BOUND('',#1147,.T.);
#631=FACE_OUTER_BOUND('',#1148,.T.);
#632=FACE_OUTER_BOUND('',#1149,.T.);
#633=FACE_OUTER_BOUND('',#1150,.T.);
#634=FACE_OUTER_BOUND('',#1151,.T.);
#635=FACE_OUTER_BOUND('',#1152,.T.);
#636=FACE_OUTER_BOUND('',#1153,.T.);
#637=FACE_OUTER_BOUND('',#1154,.T.);
#638=FACE_OUTER_BOUND('',#1155,.T.);
#639=FACE_OUTER_BOUND('',#1156,.T.);
#640=FACE_OUTER_BOUND('',#1157,.T.);
#641=FACE_OUTER_BOUND('',#1158,.T.);
#642=FACE_OUTER_BOUND('',#1159,.T.);
#643=FACE_OUTER_BOUND('',#1160,.T.);
#644=FACE_OUTER_BOUND('',#1161,.T.);
#645=FACE_OUTER_BOUND('',#1162,.T.);
#646=FACE_OUTER_BOUND('',#1163,.T.);
#647=FACE_OUTER_BOUND('',#1164,.T.);
#648=FACE_OUTER_BOUND('',#1165,.T.);
#649=FACE_OUTER_BOUND('',#1166,.T.);
#650=FACE_OUTER_BOUND('',#1167,.T.);
#651=FACE_OUTER_BOUND('',#1168,.T.);
#652=FACE_OUTER_BOUND('',#1169,.T.);
#653=FACE_OUTER_BOUND('',#1170,.T.);
#654=FACE_OUTER_BOUND('',#1171,.T.);
#655=FACE_OUTER_BOUND('',#1172,.T.);
#656=FACE_OUTER_BOUND('',#1173,.T.);
#657=FACE_OUTER_BOUND('',#1174,.T.);
#658=FACE_OUTER_BOUND('',#1175,.T.);
#659=FACE_OUTER_BOUND('',#1176,.T.);
#660=FACE_OUTER_BOUND('',#1177,.T.);
#661=FACE_OUTER_BOUND('',#1178,.T.);
#662=FACE_OUTER_BOUND('',#1179,.T.);
#663=FACE_OUTER_BOUND('',#1180,.T.);
#664=FACE_OUTER_BOUND('',#1181,.T.);
#665=FACE_OUTER_BOUND('',#1182,.T.);
#666=FACE_OUTER_BOUND('',#1183,.T.);
#667=FACE_OUTER_BOUND('',#1184,.T.);
#668=FACE_OUTER_BOUND('',#1185,.T.);
#669=FACE_OUTER_BOUND('',#1186,.T.);
#670=FACE_OUTER_BOUND('',#1187,.T.);
#671=FACE_OUTER_BOUND('',#1188,.T.);
#672=FACE_OUTER_BOUND('',#1189,.T.);
#673=FACE_OUTER_BOUND('',#1190,.T.);
#674=FACE_OUTER_BOUND('',#1191,.T.);
#675=FACE_OUTER_BOUND('',#1192,.T.);
#676=FACE_OUTER_BOUND('',#1193,.T.);
#677=FACE_OUTER_BOUND('',#1194,.T.);
#678=FACE_OUTER_BOUND('',#1195,.T.);
#679=FACE_OUTER_BOUND('',#1196,.T.);
#680=FACE_OUTER_BOUND('',#1197,.T.);
#681=FACE_OUTER_BOUND('',#1198,.T.);
#682=FACE_OUTER_BOUND('',#1199,.T.);
#683=FACE_OUTER_BOUND('',#1200,.T.);
#684=FACE_OUTER_BOUND('',#1201,.T.);
#685=FACE_OUTER_BOUND('',#1202,.T.);
#686=FACE_OUTER_BOUND('',#1203,.T.);
#687=FACE_OUTER_BOUND('',#1204,.T.);
#688=FACE_OUTER_BOUND('',#1205,.T.);
#689=FACE_OUTER_BOUND('',#1206,.T.);
#690=FACE_OUTER_BOUND('',#1207,.T.);
#691=FACE_OUTER_BOUND('',#1208,.T.);
#692=FACE_OUTER_BOUND('',#1209,.T.);
#693=FACE_OUTER_BOUND('',#1210,.T.);
#694=FACE_OUTER_BOUND('',#1211,.T.);
#695=FACE_OUTER_BOUND('',#1212,.T.);
#696=FACE_OUTER_BOUND('',#1213,.T.);
#697=FACE_OUTER_BOUND('',#1214,.T.);
#698=FACE_OUTER_BOUND('',#1215,.T.);
#699=FACE_OUTER_BOUND('',#1216,.T.);
#700=FACE_OUTER_BOUND('',#1217,.T.);
#701=FACE_OUTER_BOUND('',#1218,.T.);
#702=FACE_OUTER_BOUND('',#1219,.T.);
#703=FACE_OUTER_BOUND('',#1220,.T.);
#704=FACE_OUTER_BOUND('',#1221,.T.);
#705=FACE_OUTER_BOUND('',#1222,.T.);
#706=FACE_OUTER_BOUND('',#1223,.T.);
#707=FACE_OUTER_BOUND('',#1224,.T.);
#708=FACE_OUTER_BOUND('',#1225,.T.);
#709=FACE_OUTER_BOUND('',#1226,.T.);
#710=FACE_OUTER_BOUND('',#1227,.T.);
#711=FACE_OUTER_BOUND('',#1228,.T.);
#712=FACE_OUTER_BOUND('',#1229,.T.);
#713=FACE_OUTER_BOUND('',#1230,.T.);
#714=FACE_OUTER_BOUND('',#1231,.T.);
#715=FACE_OUTER_BOUND('',#1232,.T.);
#716=FACE_OUTER_BOUND('',#1233,.T.);
#717=FACE_OUTER_BOUND('',#1234,.T.);
#718=FACE_OUTER_BOUND('',#1235,.T.);
#719=FACE_OUTER_BOUND('',#1236,.T.);
#720=FACE_OUTER_BOUND('',#1237,.T.);
#721=FACE_OUTER_BOUND('',#1238,.T.);
#722=FACE_OUTER_BOUND('',#1239,.T.);
#723=FACE_OUTER_BOUND('',#1240,.T.);
#724=FACE_OUTER_BOUND('',#1241,.T.);
#725=FACE_OUTER_BOUND('',#1242,.T.);
#726=FACE_OUTER_BOUND('',#1243,.T.);
#727=FACE_OUTER_BOUND('',#1244,.T.);
#728=FACE_OUTER_BOUND('',#1245,.T.);
#729=FACE_OUTER_BOUND('',#1246,.T.);
#730=FACE_OUTER_BOUND('',#1247,.T.);
#731=FACE_OUTER_BOUND('',#1248,.T.);
#732=FACE_OUTER_BOUND('',#1249,.T.);
#733=FACE_OUTER_BOUND('',#1250,.T.);
#734=FACE_OUTER_BOUND('',#1251,.T.);
#735=FACE_OUTER_BOUND('',#1252,.T.);
#736=FACE_OUTER_BOUND('',#1253,.T.);
#737=FACE_OUTER_BOUND('',#1254,.T.);
#738=FACE_OUTER_BOUND('',#1255,.T.);
#739=FACE_OUTER_BOUND('',#1256,.T.);
#740=FACE_OUTER_BOUND('',#1257,.T.);
#741=FACE_OUTER_BOUND('',#1258,.T.);
#742=FACE_OUTER_BOUND('',#1259,.T.);
#743=FACE_OUTER_BOUND('',#1260,.T.);
#744=FACE_OUTER_BOUND('',#1261,.T.);
#745=FACE_OUTER_BOUND('',#1262,.T.);
#746=FACE_OUTER_BOUND('',#1263,.T.);
#747=FACE_OUTER_BOUND('',#1264,.T.);
#748=FACE_OUTER_BOUND('',#1265,.T.);
#749=FACE_OUTER_BOUND('',#1266,.T.);
#750=FACE_OUTER_BOUND('',#1267,.T.);
#751=FACE_OUTER_BOUND('',#1268,.T.);
#752=FACE_OUTER_BOUND('',#1269,.T.);
#753=FACE_OUTER_BOUND('',#1270,.T.);
#754=FACE_OUTER_BOUND('',#1271,.T.);
#755=FACE_OUTER_BOUND('',#1272,.T.);
#756=FACE_OUTER_BOUND('',#1273,.T.);
#757=FACE_OUTER_BOUND('',#1274,.T.);
#758=FACE_OUTER_BOUND('',#1275,.T.);
#759=FACE_OUTER_BOUND('',#1276,.T.);
#760=FACE_OUTER_BOUND('',#1277,.T.);
#761=FACE_OUTER_BOUND('',#1278,.T.);
#762=FACE_OUTER_BOUND('',#1279,.T.);
#763=FACE_OUTER_BOUND('',#1280,.T.);
#764=FACE_OUTER_BOUND('',#1281,.T.);
#765=FACE_OUTER_BOUND('',#1282,.T.);
#766=FACE_OUTER_BOUND('',#1283,.T.);
#767=FACE_OUTER_BOUND('',#1284,.T.);
#768=FACE_OUTER_BOUND('',#1285,.T.);
#769=FACE_OUTER_BOUND('',#1286,.T.);
#770=FACE_OUTER_BOUND('',#1287,.T.);
#771=FACE_OUTER_BOUND('',#1288,.T.);
#772=FACE_OUTER_BOUND('',#1289,.T.);
#773=FACE_OUTER_BOUND('',#1290,.T.);
#774=FACE_OUTER_BOUND('',#1291,.T.);
#775=FACE_OUTER_BOUND('',#1292,.T.);
#776=FACE_OUTER_BOUND('',#1293,.T.);
#777=FACE_OUTER_BOUND('',#1294,.T.);
#778=FACE_OUTER_BOUND('',#1295,.T.);
#779=FACE_OUTER_BOUND('',#1296,.T.);
#780=FACE_OUTER_BOUND('',#1297,.T.);
#781=FACE_OUTER_BOUND('',#1298,.T.);
#782=FACE_OUTER_BOUND('',#1299,.T.);
#783=FACE_OUTER_BOUND('',#1300,.T.);
#784=FACE_OUTER_BOUND('',#1301,.T.);
#785=FACE_OUTER_BOUND('',#1302,.T.);
#786=FACE_OUTER_BOUND('',#1303,.T.);
#787=FACE_OUTER_BOUND('',#1304,.T.);
#788=FACE_OUTER_BOUND('',#1305,.T.);
#789=FACE_OUTER_BOUND('',#1306,.T.);
#790=FACE_OUTER_BOUND('',#1307,.T.);
#791=FACE_OUTER_BOUND('',#1308,.T.);
#792=FACE_OUTER_BOUND('',#1309,.T.);
#793=FACE_OUTER_BOUND('',#1310,.T.);
#794=FACE_OUTER_BOUND('',#1311,.T.);
#795=FACE_OUTER_BOUND('',#1312,.T.);
#796=FACE_OUTER_BOUND('',#1313,.T.);
#797=FACE_OUTER_BOUND('',#1314,.T.);
#798=FACE_OUTER_BOUND('',#1315,.T.);
#799=FACE_OUTER_BOUND('',#1316,.T.);
#800=FACE_OUTER_BOUND('',#1317,.T.);
#801=FACE_OUTER_BOUND('',#1318,.T.);
#802=FACE_OUTER_BOUND('',#1319,.T.);
#803=FACE_OUTER_BOUND('',#1320,.T.);
#804=FACE_OUTER_BOUND('',#1321,.T.);
#805=FACE_OUTER_BOUND('',#1322,.T.);
#806=FACE_OUTER_BOUND('',#1323,.T.);
#807=FACE_OUTER_BOUND('',#1324,.T.);
#808=FACE_OUTER_BOUND('',#1325,.T.);
#809=FACE_OUTER_BOUND('',#1326,.T.);
#810=FACE_OUTER_BOUND('',#1327,.T.);
#811=FACE_OUTER_BOUND('',#1328,.T.);
#812=FACE_OUTER_BOUND('',#1329,.T.);
#813=FACE_OUTER_BOUND('',#1330,.T.);
#814=FACE_OUTER_BOUND('',#1331,.T.);
#815=FACE_OUTER_BOUND('',#1332,.T.);
#816=FACE_OUTER_BOUND('',#1333,.T.);
#817=FACE_OUTER_BOUND('',#1334,.T.);
#818=FACE_OUTER_BOUND('',#1335,.T.);
#819=FACE_OUTER_BOUND('',#1336,.T.);
#820=FACE_OUTER_BOUND('',#1337,.T.);
#821=FACE_OUTER_BOUND('',#1338,.T.);
#822=FACE_OUTER_BOUND('',#1339,.T.);
#823=FACE_OUTER_BOUND('',#1340,.T.);
#824=FACE_OUTER_BOUND('',#1341,.T.);
#825=FACE_OUTER_BOUND('',#1342,.T.);
#826=FACE_OUTER_BOUND('',#1343,.T.);
#827=FACE_OUTER_BOUND('',#1344,.T.);
#828=FACE_OUTER_BOUND('',#1345,.T.);
#829=FACE_OUTER_BOUND('',#1346,.T.);
#830=FACE_OUTER_BOUND('',#1347,.T.);
#831=FACE_OUTER_BOUND('',#1348,.T.);
#832=FACE_OUTER_BOUND('',#1349,.T.);
#833=FACE_OUTER_BOUND('',#1350,.T.);
#834=FACE_OUTER_BOUND('',#1351,.T.);
#835=FACE_OUTER_BOUND('',#1352,.T.);
#836=FACE_OUTER_BOUND('',#1353,.T.);
#837=FACE_OUTER_BOUND('',#1354,.T.);
#838=FACE_OUTER_BOUND('',#1355,.T.);
#839=FACE_OUTER_BOUND('',#1356,.T.);
#840=FACE_OUTER_BOUND('',#1357,.T.);
#841=FACE_OUTER_BOUND('',#1358,.T.);
#842=FACE_OUTER_BOUND('',#1359,.T.);
#843=FACE_OUTER_BOUND('',#1360,.T.);
#844=FACE_OUTER_BOUND('',#1361,.T.);
#845=FACE_OUTER_BOUND('',#1362,.T.);
#846=FACE_OUTER_BOUND('',#1363,.T.);
#847=FACE_OUTER_BOUND('',#1364,.T.);
#848=FACE_OUTER_BOUND('',#1365,.T.);
#849=FACE_OUTER_BOUND('',#1366,.T.);
#850=FACE_OUTER_BOUND('',#1367,.T.);
#851=FACE_OUTER_BOUND('',#1368,.T.);
#852=FACE_OUTER_BOUND('',#1369,.T.);
#853=FACE_OUTER_BOUND('',#1370,.T.);
#854=FACE_OUTER_BOUND('',#1371,.T.);
#855=FACE_OUTER_BOUND('',#1372,.T.);
#856=FACE_OUTER_BOUND('',#1373,.T.);
#857=FACE_OUTER_BOUND('',#1374,.T.);
#858=FACE_OUTER_BOUND('',#1375,.T.);
#859=FACE_OUTER_BOUND('',#1376,.T.);
#860=FACE_OUTER_BOUND('',#1377,.T.);
#861=FACE_OUTER_BOUND('',#1378,.T.);
#862=FACE_OUTER_BOUND('',#1379,.T.);
#863=FACE_OUTER_BOUND('',#1380,.T.);
#864=FACE_OUTER_BOUND('',#1381,.T.);
#865=FACE_OUTER_BOUND('',#1382,.T.);
#866=FACE_OUTER_BOUND('',#1383,.T.);
#867=FACE_OUTER_BOUND('',#1384,.T.);
#868=FACE_OUTER_BOUND('',#1385,.T.);
#869=FACE_OUTER_BOUND('',#1386,.T.);
#870=FACE_OUTER_BOUND('',#1387,.T.);
#871=FACE_OUTER_BOUND('',#1388,.T.);
#872=FACE_OUTER_BOUND('',#1389,.T.);
#873=FACE_OUTER_BOUND('',#1390,.T.);
#874=FACE_OUTER_BOUND('',#1391,.T.);
#875=FACE_OUTER_BOUND('',#1392,.T.);
#876=FACE_OUTER_BOUND('',#1393,.T.);
#877=FACE_OUTER_BOUND('',#1394,.T.);
#878=FACE_OUTER_BOUND('',#1395,.T.);
#879=FACE_OUTER_BOUND('',#1396,.T.);
#880=FACE_OUTER_BOUND('',#1397,.T.);
#881=FACE_OUTER_BOUND('',#1398,.T.);
#882=FACE_OUTER_BOUND('',#1399,.T.);
#883=FACE_OUTER_BOUND('',#1400,.T.);
#884=FACE_OUTER_BOUND('',#1401,.T.);
#885=FACE_OUTER_BOUND('',#1402,.T.);
#886=FACE_OUTER_BOUND('',#1403,.T.);
#887=FACE_OUTER_BOUND('',#1404,.T.);
#888=FACE_OUTER_BOUND('',#1405,.T.);
#889=FACE_OUTER_BOUND('',#1406,.T.);
#890=FACE_OUTER_BOUND('',#1407,.T.);
#891=FACE_OUTER_BOUND('',#1408,.T.);
#892=FACE_OUTER_BOUND('',#1409,.T.);
#893=FACE_OUTER_BOUND('',#1452,.T.);
#894=FACE_OUTER_BOUND('',#1453,.T.);
#895=FACE_OUTER_BOUND('',#1454,.T.);
#896=EDGE_LOOP('',(#6672,#6673,#6674,#6675));
#897=EDGE_LOOP('',(#6676,#6677,#6678,#6679));
#898=EDGE_LOOP('',(#6680,#6681,#6682,#6683));
#899=EDGE_LOOP('',(#6684,#6685,#6686,#6687));
#900=EDGE_LOOP('',(#6688,#6689,#6690,#6691));
#901=EDGE_LOOP('',(#6692,#6693,#6694,#6695));
#902=EDGE_LOOP('',(#6696,#6697,#6698,#6699));
#903=EDGE_LOOP('',(#6700,#6701,#6702,#6703));
#904=EDGE_LOOP('',(#6704,#6705,#6706,#6707));
#905=EDGE_LOOP('',(#6708,#6709,#6710,#6711));
#906=EDGE_LOOP('',(#6712,#6713,#6714,#6715));
#907=EDGE_LOOP('',(#6716,#6717,#6718,#6719));
#908=EDGE_LOOP('',(#6720,#6721,#6722,#6723));
#909=EDGE_LOOP('',(#6724,#6725,#6726,#6727));
#910=EDGE_LOOP('',(#6728,#6729,#6730,#6731));
#911=EDGE_LOOP('',(#6732,#6733,#6734,#6735));
#912=EDGE_LOOP('',(#6736,#6737,#6738,#6739));
#913=EDGE_LOOP('',(#6740,#6741,#6742,#6743));
#914=EDGE_LOOP('',(#6744,#6745,#6746,#6747));
#915=EDGE_LOOP('',(#6748,#6749,#6750,#6751));
#916=EDGE_LOOP('',(#6752,#6753,#6754,#6755));
#917=EDGE_LOOP('',(#6756,#6757,#6758,#6759));
#918=EDGE_LOOP('',(#6760,#6761,#6762,#6763));
#919=EDGE_LOOP('',(#6764,#6765,#6766,#6767));
#920=EDGE_LOOP('',(#6768,#6769,#6770,#6771));
#921=EDGE_LOOP('',(#6772,#6773,#6774,#6775));
#922=EDGE_LOOP('',(#6776,#6777,#6778,#6779));
#923=EDGE_LOOP('',(#6780,#6781,#6782,#6783));
#924=EDGE_LOOP('',(#6784,#6785,#6786,#6787));
#925=EDGE_LOOP('',(#6788,#6789,#6790,#6791));
#926=EDGE_LOOP('',(#6792,#6793,#6794,#6795));
#927=EDGE_LOOP('',(#6796,#6797,#6798,#6799));
#928=EDGE_LOOP('',(#6800,#6801,#6802,#6803));
#929=EDGE_LOOP('',(#6804,#6805,#6806,#6807));
#930=EDGE_LOOP('',(#6808,#6809,#6810,#6811));
#931=EDGE_LOOP('',(#6812,#6813,#6814,#6815));
#932=EDGE_LOOP('',(#6816,#6817,#6818,#6819));
#933=EDGE_LOOP('',(#6820,#6821,#6822,#6823));
#934=EDGE_LOOP('',(#6824,#6825,#6826,#6827));
#935=EDGE_LOOP('',(#6828,#6829,#6830,#6831));
#936=EDGE_LOOP('',(#6832,#6833,#6834,#6835));
#937=EDGE_LOOP('',(#6836,#6837,#6838,#6839));
#938=EDGE_LOOP('',(#6840,#6841,#6842,#6843));
#939=EDGE_LOOP('',(#6844,#6845,#6846,#6847));
#940=EDGE_LOOP('',(#6848,#6849,#6850,#6851));
#941=EDGE_LOOP('',(#6852,#6853,#6854,#6855));
#942=EDGE_LOOP('',(#6856,#6857,#6858,#6859));
#943=EDGE_LOOP('',(#6860,#6861,#6862,#6863));
#944=EDGE_LOOP('',(#6864,#6865,#6866,#6867));
#945=EDGE_LOOP('',(#6868,#6869,#6870,#6871));
#946=EDGE_LOOP('',(#6872,#6873,#6874,#6875));
#947=EDGE_LOOP('',(#6876,#6877,#6878,#6879));
#948=EDGE_LOOP('',(#6880,#6881,#6882,#6883));
#949=EDGE_LOOP('',(#6884,#6885,#6886,#6887));
#950=EDGE_LOOP('',(#6888,#6889,#6890,#6891));
#951=EDGE_LOOP('',(#6892,#6893,#6894,#6895));
#952=EDGE_LOOP('',(#6896,#6897,#6898,#6899));
#953=EDGE_LOOP('',(#6900,#6901,#6902,#6903));
#954=EDGE_LOOP('',(#6904,#6905,#6906,#6907));
#955=EDGE_LOOP('',(#6908,#6909,#6910,#6911));
#956=EDGE_LOOP('',(#6912,#6913,#6914,#6915));
#957=EDGE_LOOP('',(#6916,#6917,#6918,#6919));
#958=EDGE_LOOP('',(#6920,#6921,#6922,#6923));
#959=EDGE_LOOP('',(#6924,#6925,#6926,#6927));
#960=EDGE_LOOP('',(#6928,#6929,#6930,#6931));
#961=EDGE_LOOP('',(#6932,#6933,#6934,#6935));
#962=EDGE_LOOP('',(#6936,#6937,#6938,#6939));
#963=EDGE_LOOP('',(#6940,#6941,#6942,#6943));
#964=EDGE_LOOP('',(#6944,#6945,#6946,#6947));
#965=EDGE_LOOP('',(#6948,#6949,#6950,#6951));
#966=EDGE_LOOP('',(#6952,#6953,#6954,#6955));
#967=EDGE_LOOP('',(#6956,#6957,#6958,#6959));
#968=EDGE_LOOP('',(#6960,#6961,#6962,#6963));
#969=EDGE_LOOP('',(#6964,#6965,#6966,#6967));
#970=EDGE_LOOP('',(#6968,#6969,#6970,#6971));
#971=EDGE_LOOP('',(#6972,#6973,#6974,#6975));
#972=EDGE_LOOP('',(#6976,#6977,#6978,#6979));
#973=EDGE_LOOP('',(#6980,#6981,#6982,#6983));
#974=EDGE_LOOP('',(#6984,#6985,#6986,#6987));
#975=EDGE_LOOP('',(#6988,#6989,#6990,#6991));
#976=EDGE_LOOP('',(#6992,#6993,#6994,#6995));
#977=EDGE_LOOP('',(#6996,#6997,#6998,#6999));
#978=EDGE_LOOP('',(#7000,#7001,#7002,#7003));
#979=EDGE_LOOP('',(#7004,#7005,#7006,#7007));
#980=EDGE_LOOP('',(#7008,#7009,#7010,#7011));
#981=EDGE_LOOP('',(#7012,#7013,#7014,#7015));
#982=EDGE_LOOP('',(#7016,#7017,#7018,#7019));
#983=EDGE_LOOP('',(#7020,#7021,#7022,#7023));
#984=EDGE_LOOP('',(#7024,#7025,#7026,#7027));
#985=EDGE_LOOP('',(#7028,#7029,#7030,#7031));
#986=EDGE_LOOP('',(#7032,#7033,#7034,#7035));
#987=EDGE_LOOP('',(#7036,#7037,#7038,#7039));
#988=EDGE_LOOP('',(#7040,#7041,#7042,#7043));
#989=EDGE_LOOP('',(#7044,#7045,#7046,#7047));
#990=EDGE_LOOP('',(#7048,#7049,#7050,#7051));
#991=EDGE_LOOP('',(#7052,#7053,#7054,#7055));
#992=EDGE_LOOP('',(#7056,#7057,#7058,#7059));
#993=EDGE_LOOP('',(#7060,#7061,#7062,#7063));
#994=EDGE_LOOP('',(#7064,#7065,#7066,#7067));
#995=EDGE_LOOP('',(#7068,#7069,#7070,#7071));
#996=EDGE_LOOP('',(#7072,#7073,#7074,#7075));
#997=EDGE_LOOP('',(#7076,#7077,#7078,#7079));
#998=EDGE_LOOP('',(#7080,#7081,#7082,#7083));
#999=EDGE_LOOP('',(#7084,#7085,#7086,#7087));
#1000=EDGE_LOOP('',(#7088,#7089,#7090,#7091));
#1001=EDGE_LOOP('',(#7092,#7093,#7094,#7095));
#1002=EDGE_LOOP('',(#7096,#7097,#7098,#7099));
#1003=EDGE_LOOP('',(#7100,#7101,#7102,#7103));
#1004=EDGE_LOOP('',(#7104,#7105,#7106,#7107));
#1005=EDGE_LOOP('',(#7108,#7109,#7110,#7111));
#1006=EDGE_LOOP('',(#7112,#7113,#7114,#7115));
#1007=EDGE_LOOP('',(#7116,#7117,#7118,#7119));
#1008=EDGE_LOOP('',(#7120,#7121,#7122,#7123));
#1009=EDGE_LOOP('',(#7124,#7125,#7126,#7127));
#1010=EDGE_LOOP('',(#7128,#7129,#7130,#7131));
#1011=EDGE_LOOP('',(#7132,#7133,#7134,#7135));
#1012=EDGE_LOOP('',(#7136,#7137,#7138,#7139));
#1013=EDGE_LOOP('',(#7140,#7141,#7142,#7143));
#1014=EDGE_LOOP('',(#7144,#7145,#7146,#7147));
#1015=EDGE_LOOP('',(#7148,#7149,#7150,#7151));
#1016=EDGE_LOOP('',(#7152,#7153,#7154,#7155));
#1017=EDGE_LOOP('',(#7156,#7157,#7158,#7159));
#1018=EDGE_LOOP('',(#7160,#7161,#7162,#7163));
#1019=EDGE_LOOP('',(#7164,#7165,#7166,#7167));
#1020=EDGE_LOOP('',(#7168,#7169,#7170,#7171));
#1021=EDGE_LOOP('',(#7172,#7173,#7174,#7175));
#1022=EDGE_LOOP('',(#7176,#7177,#7178,#7179));
#1023=EDGE_LOOP('',(#7180,#7181,#7182,#7183));
#1024=EDGE_LOOP('',(#7184,#7185,#7186,#7187));
#1025=EDGE_LOOP('',(#7188,#7189,#7190,#7191));
#1026=EDGE_LOOP('',(#7192,#7193,#7194,#7195));
#1027=EDGE_LOOP('',(#7196,#7197,#7198,#7199));
#1028=EDGE_LOOP('',(#7200,#7201,#7202,#7203));
#1029=EDGE_LOOP('',(#7204,#7205,#7206,#7207));
#1030=EDGE_LOOP('',(#7208,#7209,#7210,#7211));
#1031=EDGE_LOOP('',(#7212,#7213,#7214,#7215));
#1032=EDGE_LOOP('',(#7216,#7217,#7218,#7219));
#1033=EDGE_LOOP('',(#7220,#7221,#7222,#7223));
#1034=EDGE_LOOP('',(#7224,#7225,#7226,#7227));
#1035=EDGE_LOOP('',(#7228,#7229,#7230,#7231));
#1036=EDGE_LOOP('',(#7232,#7233,#7234,#7235));
#1037=EDGE_LOOP('',(#7236,#7237,#7238,#7239));
#1038=EDGE_LOOP('',(#7240,#7241,#7242,#7243));
#1039=EDGE_LOOP('',(#7244,#7245,#7246,#7247));
#1040=EDGE_LOOP('',(#7248,#7249,#7250,#7251));
#1041=EDGE_LOOP('',(#7252,#7253,#7254,#7255));
#1042=EDGE_LOOP('',(#7256,#7257,#7258,#7259));
#1043=EDGE_LOOP('',(#7260,#7261,#7262,#7263));
#1044=EDGE_LOOP('',(#7264,#7265,#7266,#7267));
#1045=EDGE_LOOP('',(#7268,#7269,#7270,#7271));
#1046=EDGE_LOOP('',(#7272,#7273,#7274,#7275));
#1047=EDGE_LOOP('',(#7276,#7277,#7278,#7279));
#1048=EDGE_LOOP('',(#7280,#7281,#7282,#7283));
#1049=EDGE_LOOP('',(#7284,#7285,#7286,#7287));
#1050=EDGE_LOOP('',(#7288,#7289,#7290,#7291));
#1051=EDGE_LOOP('',(#7292,#7293,#7294,#7295));
#1052=EDGE_LOOP('',(#7296,#7297,#7298,#7299));
#1053=EDGE_LOOP('',(#7300,#7301,#7302,#7303));
#1054=EDGE_LOOP('',(#7304,#7305,#7306,#7307));
#1055=EDGE_LOOP('',(#7308,#7309,#7310,#7311));
#1056=EDGE_LOOP('',(#7312,#7313,#7314,#7315));
#1057=EDGE_LOOP('',(#7316,#7317,#7318,#7319));
#1058=EDGE_LOOP('',(#7320,#7321,#7322,#7323));
#1059=EDGE_LOOP('',(#7324,#7325,#7326,#7327));
#1060=EDGE_LOOP('',(#7328,#7329,#7330,#7331));
#1061=EDGE_LOOP('',(#7332,#7333,#7334,#7335));
#1062=EDGE_LOOP('',(#7336,#7337,#7338,#7339));
#1063=EDGE_LOOP('',(#7340,#7341,#7342,#7343));
#1064=EDGE_LOOP('',(#7344,#7345,#7346,#7347));
#1065=EDGE_LOOP('',(#7348,#7349,#7350,#7351));
#1066=EDGE_LOOP('',(#7352,#7353,#7354,#7355));
#1067=EDGE_LOOP('',(#7356,#7357,#7358,#7359));
#1068=EDGE_LOOP('',(#7360,#7361,#7362,#7363));
#1069=EDGE_LOOP('',(#7364,#7365,#7366,#7367));
#1070=EDGE_LOOP('',(#7368,#7369,#7370,#7371));
#1071=EDGE_LOOP('',(#7372,#7373,#7374,#7375));
#1072=EDGE_LOOP('',(#7376,#7377,#7378,#7379));
#1073=EDGE_LOOP('',(#7380,#7381,#7382,#7383));
#1074=EDGE_LOOP('',(#7384,#7385,#7386,#7387));
#1075=EDGE_LOOP('',(#7388,#7389,#7390,#7391));
#1076=EDGE_LOOP('',(#7392,#7393,#7394,#7395));
#1077=EDGE_LOOP('',(#7396,#7397,#7398,#7399));
#1078=EDGE_LOOP('',(#7400,#7401,#7402,#7403));
#1079=EDGE_LOOP('',(#7404,#7405,#7406,#7407));
#1080=EDGE_LOOP('',(#7408,#7409,#7410,#7411));
#1081=EDGE_LOOP('',(#7412,#7413,#7414,#7415));
#1082=EDGE_LOOP('',(#7416,#7417,#7418,#7419));
#1083=EDGE_LOOP('',(#7420,#7421,#7422,#7423));
#1084=EDGE_LOOP('',(#7424,#7425,#7426,#7427));
#1085=EDGE_LOOP('',(#7428,#7429,#7430,#7431));
#1086=EDGE_LOOP('',(#7432,#7433,#7434,#7435));
#1087=EDGE_LOOP('',(#7436,#7437,#7438,#7439));
#1088=EDGE_LOOP('',(#7440,#7441,#7442,#7443));
#1089=EDGE_LOOP('',(#7444,#7445,#7446,#7447));
#1090=EDGE_LOOP('',(#7448,#7449,#7450,#7451));
#1091=EDGE_LOOP('',(#7452,#7453,#7454,#7455));
#1092=EDGE_LOOP('',(#7456,#7457,#7458,#7459));
#1093=EDGE_LOOP('',(#7460,#7461,#7462,#7463));
#1094=EDGE_LOOP('',(#7464,#7465,#7466,#7467));
#1095=EDGE_LOOP('',(#7468,#7469,#7470,#7471));
#1096=EDGE_LOOP('',(#7472,#7473,#7474,#7475));
#1097=EDGE_LOOP('',(#7476,#7477,#7478,#7479));
#1098=EDGE_LOOP('',(#7480,#7481,#7482,#7483));
#1099=EDGE_LOOP('',(#7484,#7485,#7486,#7487));
#1100=EDGE_LOOP('',(#7488,#7489,#7490,#7491));
#1101=EDGE_LOOP('',(#7492,#7493,#7494,#7495));
#1102=EDGE_LOOP('',(#7496,#7497,#7498,#7499));
#1103=EDGE_LOOP('',(#7500,#7501,#7502,#7503));
#1104=EDGE_LOOP('',(#7504,#7505,#7506,#7507));
#1105=EDGE_LOOP('',(#7508,#7509,#7510,#7511));
#1106=EDGE_LOOP('',(#7512,#7513,#7514,#7515));
#1107=EDGE_LOOP('',(#7516,#7517,#7518,#7519));
#1108=EDGE_LOOP('',(#7520,#7521,#7522,#7523));
#1109=EDGE_LOOP('',(#7524,#7525,#7526,#7527));
#1110=EDGE_LOOP('',(#7528,#7529,#7530,#7531));
#1111=EDGE_LOOP('',(#7532,#7533,#7534,#7535));
#1112=EDGE_LOOP('',(#7536,#7537,#7538,#7539));
#1113=EDGE_LOOP('',(#7540,#7541,#7542,#7543));
#1114=EDGE_LOOP('',(#7544,#7545,#7546,#7547));
#1115=EDGE_LOOP('',(#7548,#7549,#7550,#7551));
#1116=EDGE_LOOP('',(#7552,#7553,#7554,#7555));
#1117=EDGE_LOOP('',(#7556,#7557,#7558,#7559));
#1118=EDGE_LOOP('',(#7560,#7561,#7562,#7563));
#1119=EDGE_LOOP('',(#7564,#7565,#7566,#7567));
#1120=EDGE_LOOP('',(#7568,#7569,#7570,#7571));
#1121=EDGE_LOOP('',(#7572,#7573,#7574,#7575));
#1122=EDGE_LOOP('',(#7576,#7577,#7578,#7579));
#1123=EDGE_LOOP('',(#7580,#7581,#7582,#7583));
#1124=EDGE_LOOP('',(#7584,#7585,#7586,#7587));
#1125=EDGE_LOOP('',(#7588,#7589,#7590,#7591));
#1126=EDGE_LOOP('',(#7592,#7593,#7594,#7595));
#1127=EDGE_LOOP('',(#7596,#7597,#7598,#7599));
#1128=EDGE_LOOP('',(#7600,#7601,#7602,#7603));
#1129=EDGE_LOOP('',(#7604,#7605,#7606,#7607));
#1130=EDGE_LOOP('',(#7608,#7609,#7610,#7611));
#1131=EDGE_LOOP('',(#7612,#7613,#7614,#7615));
#1132=EDGE_LOOP('',(#7616,#7617,#7618,#7619));
#1133=EDGE_LOOP('',(#7620,#7621,#7622,#7623));
#1134=EDGE_LOOP('',(#7624,#7625,#7626,#7627));
#1135=EDGE_LOOP('',(#7628,#7629,#7630,#7631));
#1136=EDGE_LOOP('',(#7632,#7633,#7634,#7635));
#1137=EDGE_LOOP('',(#7636,#7637,#7638,#7639));
#1138=EDGE_LOOP('',(#7640,#7641,#7642,#7643));
#1139=EDGE_LOOP('',(#7644,#7645,#7646,#7647));
#1140=EDGE_LOOP('',(#7648,#7649,#7650,#7651));
#1141=EDGE_LOOP('',(#7652,#7653,#7654,#7655));
#1142=EDGE_LOOP('',(#7656,#7657,#7658,#7659));
#1143=EDGE_LOOP('',(#7660,#7661,#7662,#7663));
#1144=EDGE_LOOP('',(#7664,#7665,#7666,#7667));
#1145=EDGE_LOOP('',(#7668,#7669,#7670,#7671));
#1146=EDGE_LOOP('',(#7672,#7673,#7674,#7675));
#1147=EDGE_LOOP('',(#7676,#7677,#7678,#7679));
#1148=EDGE_LOOP('',(#7680,#7681,#7682,#7683));
#1149=EDGE_LOOP('',(#7684,#7685,#7686,#7687));
#1150=EDGE_LOOP('',(#7688,#7689,#7690,#7691));
#1151=EDGE_LOOP('',(#7692,#7693,#7694,#7695));
#1152=EDGE_LOOP('',(#7696,#7697,#7698,#7699));
#1153=EDGE_LOOP('',(#7700,#7701,#7702,#7703));
#1154=EDGE_LOOP('',(#7704,#7705,#7706,#7707));
#1155=EDGE_LOOP('',(#7708,#7709,#7710,#7711));
#1156=EDGE_LOOP('',(#7712,#7713,#7714,#7715));
#1157=EDGE_LOOP('',(#7716,#7717,#7718,#7719));
#1158=EDGE_LOOP('',(#7720,#7721,#7722,#7723));
#1159=EDGE_LOOP('',(#7724,#7725,#7726,#7727));
#1160=EDGE_LOOP('',(#7728,#7729,#7730,#7731));
#1161=EDGE_LOOP('',(#7732,#7733,#7734,#7735));
#1162=EDGE_LOOP('',(#7736,#7737,#7738,#7739));
#1163=EDGE_LOOP('',(#7740,#7741,#7742,#7743));
#1164=EDGE_LOOP('',(#7744,#7745,#7746,#7747));
#1165=EDGE_LOOP('',(#7748,#7749,#7750,#7751));
#1166=EDGE_LOOP('',(#7752,#7753,#7754,#7755));
#1167=EDGE_LOOP('',(#7756,#7757,#7758,#7759));
#1168=EDGE_LOOP('',(#7760,#7761,#7762,#7763));
#1169=EDGE_LOOP('',(#7764,#7765,#7766,#7767));
#1170=EDGE_LOOP('',(#7768,#7769,#7770,#7771));
#1171=EDGE_LOOP('',(#7772,#7773,#7774,#7775));
#1172=EDGE_LOOP('',(#7776,#7777,#7778,#7779));
#1173=EDGE_LOOP('',(#7780,#7781,#7782,#7783));
#1174=EDGE_LOOP('',(#7784,#7785,#7786,#7787));
#1175=EDGE_LOOP('',(#7788,#7789,#7790,#7791));
#1176=EDGE_LOOP('',(#7792,#7793,#7794,#7795));
#1177=EDGE_LOOP('',(#7796,#7797,#7798,#7799));
#1178=EDGE_LOOP('',(#7800,#7801,#7802,#7803));
#1179=EDGE_LOOP('',(#7804,#7805,#7806,#7807));
#1180=EDGE_LOOP('',(#7808,#7809,#7810,#7811));
#1181=EDGE_LOOP('',(#7812,#7813,#7814,#7815));
#1182=EDGE_LOOP('',(#7816,#7817,#7818,#7819));
#1183=EDGE_LOOP('',(#7820,#7821,#7822,#7823));
#1184=EDGE_LOOP('',(#7824,#7825,#7826,#7827));
#1185=EDGE_LOOP('',(#7828,#7829,#7830,#7831));
#1186=EDGE_LOOP('',(#7832,#7833,#7834,#7835));
#1187=EDGE_LOOP('',(#7836,#7837,#7838,#7839));
#1188=EDGE_LOOP('',(#7840,#7841,#7842,#7843));
#1189=EDGE_LOOP('',(#7844,#7845,#7846,#7847));
#1190=EDGE_LOOP('',(#7848,#7849,#7850,#7851));
#1191=EDGE_LOOP('',(#7852,#7853,#7854,#7855));
#1192=EDGE_LOOP('',(#7856,#7857,#7858,#7859));
#1193=EDGE_LOOP('',(#7860,#7861,#7862,#7863));
#1194=EDGE_LOOP('',(#7864,#7865,#7866,#7867));
#1195=EDGE_LOOP('',(#7868,#7869,#7870,#7871));
#1196=EDGE_LOOP('',(#7872,#7873,#7874,#7875));
#1197=EDGE_LOOP('',(#7876,#7877,#7878,#7879));
#1198=EDGE_LOOP('',(#7880,#7881,#7882,#7883));
#1199=EDGE_LOOP('',(#7884,#7885,#7886,#7887));
#1200=EDGE_LOOP('',(#7888,#7889,#7890,#7891));
#1201=EDGE_LOOP('',(#7892,#7893,#7894,#7895));
#1202=EDGE_LOOP('',(#7896,#7897,#7898,#7899));
#1203=EDGE_LOOP('',(#7900,#7901,#7902,#7903));
#1204=EDGE_LOOP('',(#7904,#7905,#7906,#7907));
#1205=EDGE_LOOP('',(#7908,#7909,#7910,#7911));
#1206=EDGE_LOOP('',(#7912,#7913,#7914,#7915));
#1207=EDGE_LOOP('',(#7916,#7917,#7918,#7919));
#1208=EDGE_LOOP('',(#7920,#7921,#7922,#7923));
#1209=EDGE_LOOP('',(#7924,#7925,#7926,#7927));
#1210=EDGE_LOOP('',(#7928,#7929,#7930,#7931));
#1211=EDGE_LOOP('',(#7932,#7933,#7934,#7935));
#1212=EDGE_LOOP('',(#7936,#7937,#7938,#7939));
#1213=EDGE_LOOP('',(#7940,#7941,#7942,#7943));
#1214=EDGE_LOOP('',(#7944,#7945,#7946,#7947));
#1215=EDGE_LOOP('',(#7948,#7949,#7950,#7951));
#1216=EDGE_LOOP('',(#7952,#7953,#7954,#7955));
#1217=EDGE_LOOP('',(#7956,#7957,#7958,#7959));
#1218=EDGE_LOOP('',(#7960,#7961,#7962,#7963));
#1219=EDGE_LOOP('',(#7964,#7965,#7966,#7967));
#1220=EDGE_LOOP('',(#7968,#7969,#7970,#7971));
#1221=EDGE_LOOP('',(#7972,#7973,#7974,#7975));
#1222=EDGE_LOOP('',(#7976,#7977,#7978,#7979));
#1223=EDGE_LOOP('',(#7980,#7981,#7982,#7983));
#1224=EDGE_LOOP('',(#7984,#7985,#7986,#7987));
#1225=EDGE_LOOP('',(#7988,#7989,#7990,#7991));
#1226=EDGE_LOOP('',(#7992,#7993,#7994,#7995));
#1227=EDGE_LOOP('',(#7996,#7997,#7998,#7999));
#1228=EDGE_LOOP('',(#8000,#8001,#8002,#8003));
#1229=EDGE_LOOP('',(#8004,#8005,#8006,#8007));
#1230=EDGE_LOOP('',(#8008,#8009,#8010,#8011));
#1231=EDGE_LOOP('',(#8012,#8013,#8014,#8015));
#1232=EDGE_LOOP('',(#8016,#8017,#8018,#8019));
#1233=EDGE_LOOP('',(#8020,#8021,#8022,#8023));
#1234=EDGE_LOOP('',(#8024,#8025,#8026,#8027));
#1235=EDGE_LOOP('',(#8028,#8029,#8030,#8031));
#1236=EDGE_LOOP('',(#8032,#8033,#8034,#8035));
#1237=EDGE_LOOP('',(#8036,#8037,#8038,#8039));
#1238=EDGE_LOOP('',(#8040,#8041,#8042,#8043));
#1239=EDGE_LOOP('',(#8044,#8045,#8046,#8047));
#1240=EDGE_LOOP('',(#8048,#8049,#8050,#8051));
#1241=EDGE_LOOP('',(#8052,#8053,#8054,#8055));
#1242=EDGE_LOOP('',(#8056,#8057,#8058,#8059));
#1243=EDGE_LOOP('',(#8060,#8061,#8062,#8063));
#1244=EDGE_LOOP('',(#8064,#8065,#8066,#8067));
#1245=EDGE_LOOP('',(#8068,#8069,#8070,#8071));
#1246=EDGE_LOOP('',(#8072,#8073,#8074,#8075));
#1247=EDGE_LOOP('',(#8076,#8077,#8078,#8079));
#1248=EDGE_LOOP('',(#8080,#8081,#8082,#8083));
#1249=EDGE_LOOP('',(#8084,#8085,#8086,#8087));
#1250=EDGE_LOOP('',(#8088,#8089,#8090,#8091));
#1251=EDGE_LOOP('',(#8092,#8093,#8094,#8095));
#1252=EDGE_LOOP('',(#8096,#8097,#8098,#8099));
#1253=EDGE_LOOP('',(#8100,#8101,#8102,#8103));
#1254=EDGE_LOOP('',(#8104,#8105,#8106,#8107));
#1255=EDGE_LOOP('',(#8108,#8109,#8110,#8111));
#1256=EDGE_LOOP('',(#8112,#8113,#8114,#8115));
#1257=EDGE_LOOP('',(#8116,#8117,#8118,#8119));
#1258=EDGE_LOOP('',(#8120,#8121,#8122,#8123));
#1259=EDGE_LOOP('',(#8124,#8125,#8126,#8127));
#1260=EDGE_LOOP('',(#8128,#8129,#8130,#8131));
#1261=EDGE_LOOP('',(#8132,#8133,#8134,#8135));
#1262=EDGE_LOOP('',(#8136,#8137,#8138,#8139));
#1263=EDGE_LOOP('',(#8140,#8141,#8142,#8143));
#1264=EDGE_LOOP('',(#8144,#8145,#8146,#8147));
#1265=EDGE_LOOP('',(#8148,#8149,#8150,#8151));
#1266=EDGE_LOOP('',(#8152,#8153,#8154,#8155));
#1267=EDGE_LOOP('',(#8156,#8157,#8158,#8159));
#1268=EDGE_LOOP('',(#8160,#8161,#8162,#8163));
#1269=EDGE_LOOP('',(#8164,#8165,#8166,#8167));
#1270=EDGE_LOOP('',(#8168,#8169,#8170,#8171));
#1271=EDGE_LOOP('',(#8172,#8173,#8174,#8175));
#1272=EDGE_LOOP('',(#8176,#8177,#8178,#8179));
#1273=EDGE_LOOP('',(#8180,#8181,#8182,#8183));
#1274=EDGE_LOOP('',(#8184,#8185,#8186,#8187));
#1275=EDGE_LOOP('',(#8188,#8189,#8190,#8191));
#1276=EDGE_LOOP('',(#8192,#8193,#8194,#8195));
#1277=EDGE_LOOP('',(#8196,#8197,#8198,#8199));
#1278=EDGE_LOOP('',(#8200,#8201,#8202,#8203));
#1279=EDGE_LOOP('',(#8204,#8205,#8206,#8207));
#1280=EDGE_LOOP('',(#8208,#8209,#8210,#8211));
#1281=EDGE_LOOP('',(#8212,#8213,#8214,#8215));
#1282=EDGE_LOOP('',(#8216,#8217,#8218,#8219));
#1283=EDGE_LOOP('',(#8220,#8221,#8222,#8223));
#1284=EDGE_LOOP('',(#8224,#8225,#8226,#8227));
#1285=EDGE_LOOP('',(#8228,#8229,#8230,#8231));
#1286=EDGE_LOOP('',(#8232,#8233,#8234,#8235));
#1287=EDGE_LOOP('',(#8236,#8237,#8238,#8239));
#1288=EDGE_LOOP('',(#8240,#8241,#8242,#8243));
#1289=EDGE_LOOP('',(#8244,#8245,#8246,#8247));
#1290=EDGE_LOOP('',(#8248,#8249,#8250,#8251));
#1291=EDGE_LOOP('',(#8252,#8253,#8254,#8255));
#1292=EDGE_LOOP('',(#8256,#8257,#8258,#8259));
#1293=EDGE_LOOP('',(#8260,#8261,#8262,#8263));
#1294=EDGE_LOOP('',(#8264,#8265,#8266,#8267));
#1295=EDGE_LOOP('',(#8268,#8269,#8270,#8271));
#1296=EDGE_LOOP('',(#8272,#8273,#8274,#8275));
#1297=EDGE_LOOP('',(#8276,#8277,#8278,#8279));
#1298=EDGE_LOOP('',(#8280,#8281,#8282,#8283));
#1299=EDGE_LOOP('',(#8284,#8285,#8286,#8287));
#1300=EDGE_LOOP('',(#8288,#8289,#8290,#8291));
#1301=EDGE_LOOP('',(#8292,#8293,#8294,#8295));
#1302=EDGE_LOOP('',(#8296,#8297,#8298,#8299));
#1303=EDGE_LOOP('',(#8300,#8301,#8302,#8303));
#1304=EDGE_LOOP('',(#8304,#8305,#8306,#8307));
#1305=EDGE_LOOP('',(#8308,#8309,#8310,#8311));
#1306=EDGE_LOOP('',(#8312,#8313,#8314,#8315));
#1307=EDGE_LOOP('',(#8316,#8317,#8318,#8319));
#1308=EDGE_LOOP('',(#8320,#8321,#8322,#8323));
#1309=EDGE_LOOP('',(#8324,#8325,#8326,#8327));
#1310=EDGE_LOOP('',(#8328,#8329,#8330,#8331));
#1311=EDGE_LOOP('',(#8332,#8333,#8334,#8335));
#1312=EDGE_LOOP('',(#8336,#8337,#8338,#8339));
#1313=EDGE_LOOP('',(#8340,#8341,#8342,#8343));
#1314=EDGE_LOOP('',(#8344,#8345,#8346,#8347));
#1315=EDGE_LOOP('',(#8348,#8349,#8350,#8351));
#1316=EDGE_LOOP('',(#8352,#8353,#8354,#8355));
#1317=EDGE_LOOP('',(#8356,#8357,#8358,#8359));
#1318=EDGE_LOOP('',(#8360,#8361,#8362,#8363));
#1319=EDGE_LOOP('',(#8364,#8365,#8366,#8367));
#1320=EDGE_LOOP('',(#8368,#8369,#8370,#8371));
#1321=EDGE_LOOP('',(#8372,#8373,#8374,#8375));
#1322=EDGE_LOOP('',(#8376,#8377,#8378,#8379));
#1323=EDGE_LOOP('',(#8380,#8381,#8382,#8383));
#1324=EDGE_LOOP('',(#8384,#8385,#8386,#8387));
#1325=EDGE_LOOP('',(#8388,#8389,#8390,#8391));
#1326=EDGE_LOOP('',(#8392,#8393,#8394,#8395));
#1327=EDGE_LOOP('',(#8396,#8397,#8398,#8399));
#1328=EDGE_LOOP('',(#8400,#8401,#8402,#8403));
#1329=EDGE_LOOP('',(#8404,#8405,#8406,#8407));
#1330=EDGE_LOOP('',(#8408,#8409,#8410,#8411));
#1331=EDGE_LOOP('',(#8412,#8413,#8414,#8415));
#1332=EDGE_LOOP('',(#8416,#8417,#8418,#8419));
#1333=EDGE_LOOP('',(#8420,#8421,#8422,#8423));
#1334=EDGE_LOOP('',(#8424,#8425,#8426,#8427));
#1335=EDGE_LOOP('',(#8428,#8429,#8430,#8431));
#1336=EDGE_LOOP('',(#8432,#8433,#8434,#8435));
#1337=EDGE_LOOP('',(#8436,#8437,#8438,#8439));
#1338=EDGE_LOOP('',(#8440,#8441,#8442,#8443));
#1339=EDGE_LOOP('',(#8444,#8445,#8446,#8447));
#1340=EDGE_LOOP('',(#8448,#8449,#8450,#8451));
#1341=EDGE_LOOP('',(#8452,#8453,#8454,#8455));
#1342=EDGE_LOOP('',(#8456,#8457,#8458,#8459));
#1343=EDGE_LOOP('',(#8460,#8461,#8462,#8463));
#1344=EDGE_LOOP('',(#8464,#8465,#8466,#8467));
#1345=EDGE_LOOP('',(#8468,#8469,#8470,#8471));
#1346=EDGE_LOOP('',(#8472,#8473,#8474,#8475));
#1347=EDGE_LOOP('',(#8476,#8477,#8478,#8479));
#1348=EDGE_LOOP('',(#8480,#8481,#8482,#8483));
#1349=EDGE_LOOP('',(#8484,#8485,#8486,#8487));
#1350=EDGE_LOOP('',(#8488,#8489,#8490,#8491));
#1351=EDGE_LOOP('',(#8492,#8493,#8494,#8495));
#1352=EDGE_LOOP('',(#8496,#8497,#8498,#8499));
#1353=EDGE_LOOP('',(#8500,#8501,#8502,#8503));
#1354=EDGE_LOOP('',(#8504,#8505,#8506,#8507));
#1355=EDGE_LOOP('',(#8508,#8509,#8510,#8511));
#1356=EDGE_LOOP('',(#8512,#8513,#8514,#8515));
#1357=EDGE_LOOP('',(#8516,#8517,#8518,#8519));
#1358=EDGE_LOOP('',(#8520,#8521,#8522,#8523));
#1359=EDGE_LOOP('',(#8524,#8525,#8526,#8527));
#1360=EDGE_LOOP('',(#8528,#8529,#8530,#8531));
#1361=EDGE_LOOP('',(#8532,#8533,#8534,#8535));
#1362=EDGE_LOOP('',(#8536,#8537,#8538,#8539));
#1363=EDGE_LOOP('',(#8540,#8541,#8542,#8543));
#1364=EDGE_LOOP('',(#8544,#8545,#8546,#8547));
#1365=EDGE_LOOP('',(#8548,#8549,#8550,#8551));
#1366=EDGE_LOOP('',(#8552,#8553,#8554,#8555));
#1367=EDGE_LOOP('',(#8556,#8557,#8558,#8559));
#1368=EDGE_LOOP('',(#8560,#8561,#8562,#8563));
#1369=EDGE_LOOP('',(#8564,#8565,#8566,#8567));
#1370=EDGE_LOOP('',(#8568,#8569,#8570,#8571));
#1371=EDGE_LOOP('',(#8572,#8573,#8574,#8575));
#1372=EDGE_LOOP('',(#8576,#8577,#8578,#8579));
#1373=EDGE_LOOP('',(#8580,#8581,#8582,#8583));
#1374=EDGE_LOOP('',(#8584,#8585,#8586,#8587));
#1375=EDGE_LOOP('',(#8588,#8589,#8590,#8591));
#1376=EDGE_LOOP('',(#8592,#8593,#8594,#8595));
#1377=EDGE_LOOP('',(#8596,#8597,#8598,#8599));
#1378=EDGE_LOOP('',(#8600,#8601,#8602,#8603));
#1379=EDGE_LOOP('',(#8604,#8605,#8606,#8607));
#1380=EDGE_LOOP('',(#8608,#8609,#8610,#8611));
#1381=EDGE_LOOP('',(#8612,#8613,#8614,#8615));
#1382=EDGE_LOOP('',(#8616,#8617,#8618,#8619));
#1383=EDGE_LOOP('',(#8620,#8621,#8622,#8623));
#1384=EDGE_LOOP('',(#8624,#8625,#8626,#8627));
#1385=EDGE_LOOP('',(#8628,#8629,#8630,#8631));
#1386=EDGE_LOOP('',(#8632,#8633,#8634,#8635));
#1387=EDGE_LOOP('',(#8636,#8637,#8638,#8639));
#1388=EDGE_LOOP('',(#8640,#8641,#8642,#8643));
#1389=EDGE_LOOP('',(#8644,#8645,#8646,#8647));
#1390=EDGE_LOOP('',(#8648,#8649,#8650,#8651));
#1391=EDGE_LOOP('',(#8652,#8653,#8654,#8655));
#1392=EDGE_LOOP('',(#8656,#8657,#8658,#8659));
#1393=EDGE_LOOP('',(#8660,#8661,#8662,#8663));
#1394=EDGE_LOOP('',(#8664,#8665,#8666,#8667));
#1395=EDGE_LOOP('',(#8668,#8669,#8670,#8671));
#1396=EDGE_LOOP('',(#8672,#8673,#8674,#8675));
#1397=EDGE_LOOP('',(#8676,#8677,#8678,#8679));
#1398=EDGE_LOOP('',(#8680,#8681,#8682,#8683));
#1399=EDGE_LOOP('',(#8684,#8685,#8686,#8687));
#1400=EDGE_LOOP('',(#8688,#8689,#8690,#8691));
#1401=EDGE_LOOP('',(#8692,#8693,#8694,#8695));
#1402=EDGE_LOOP('',(#8696,#8697,#8698,#8699));
#1403=EDGE_LOOP('',(#8700,#8701,#8702,#8703));
#1404=EDGE_LOOP('',(#8704,#8705,#8706,#8707));
#1405=EDGE_LOOP('',(#8708,#8709,#8710,#8711));
#1406=EDGE_LOOP('',(#8712,#8713,#8714,#8715));
#1407=EDGE_LOOP('',(#8716,#8717,#8718,#8719));
#1408=EDGE_LOOP('',(#8720,#8721,#8722,#8723));
#1409=EDGE_LOOP('',(#8724,#8725,#8726,#8727,#8728,#8729,#8730,#8731,#8732,
#8733,#8734,#8735,#8736,#8737,#8738,#8739,#8740,#8741,#8742,#8743,#8744,
#8745,#8746,#8747,#8748,#8749,#8750,#8751,#8752,#8753,#8754,#8755,#8756,
#8757,#8758,#8759,#8760,#8761,#8762,#8763,#8764,#8765,#8766,#8767,#8768,
#8769,#8770,#8771,#8772,#8773,#8774,#8775,#8776,#8777,#8778,#8779,#8780,
#8781,#8782,#8783,#8784,#8785,#8786,#8787,#8788,#8789,#8790,#8791,#8792,
#8793,#8794,#8795,#8796,#8797,#8798));
#1410=EDGE_LOOP('',(#8799,#8800,#8801,#8802,#8803,#8804,#8805,#8806));
#1411=EDGE_LOOP('',(#8807,#8808,#8809,#8810,#8811,#8812,#8813,#8814));
#1412=EDGE_LOOP('',(#8815,#8816,#8817,#8818,#8819,#8820,#8821,#8822,#8823,
#8824,#8825,#8826,#8827,#8828,#8829,#8830,#8831,#8832,#8833,#8834,#8835,
#8836,#8837,#8838,#8839,#8840,#8841,#8842,#8843,#8844,#8845,#8846,#8847,
#8848,#8849,#8850,#8851,#8852,#8853,#8854,#8855,#8856,#8857,#8858,#8859,
#8860,#8861,#8862,#8863,#8864,#8865,#8866,#8867,#8868,#8869,#8870,#8871,
#8872,#8873,#8874));
#1413=EDGE_LOOP('',(#8875,#8876,#8877,#8878,#8879,#8880,#8881,#8882));
#1414=EDGE_LOOP('',(#8883,#8884,#8885,#8886,#8887,#8888,#8889,#8890,#8891,
#8892,#8893,#8894,#8895,#8896,#8897,#8898,#8899,#8900,#8901,#8902,#8903,
#8904,#8905,#8906,#8907,#8908,#8909,#8910,#8911,#8912,#8913,#8914,#8915,
#8916,#8917,#8918,#8919,#8920,#8921,#8922,#8923,#8924,#8925,#8926,#8927,
#8928,#8929,#8930,#8931,#8932,#8933,#8934,#8935,#8936,#8937,#8938,#8939,
#8940,#8941,#8942));
#1415=EDGE_LOOP('',(#8943,#8944,#8945,#8946,#8947,#8948,#8949,#8950));
#1416=EDGE_LOOP('',(#8951,#8952,#8953,#8954,#8955,#8956,#8957,#8958));
#1417=EDGE_LOOP('',(#8959,#8960,#8961,#8962,#8963,#8964,#8965,#8966));
#1418=EDGE_LOOP('',(#8967,#8968,#8969,#8970,#8971,#8972,#8973,#8974));
#1419=EDGE_LOOP('',(#8975,#8976,#8977,#8978,#8979,#8980,#8981,#8982));
#1420=EDGE_LOOP('',(#8983,#8984,#8985,#8986,#8987,#8988,#8989,#8990));
#1421=EDGE_LOOP('',(#8991,#8992,#8993,#8994,#8995,#8996,#8997,#8998));
#1422=EDGE_LOOP('',(#8999,#9000,#9001,#9002,#9003,#9004,#9005,#9006));
#1423=EDGE_LOOP('',(#9007,#9008,#9009,#9010,#9011,#9012,#9013,#9014));
#1424=EDGE_LOOP('',(#9015,#9016,#9017,#9018,#9019,#9020,#9021,#9022));
#1425=EDGE_LOOP('',(#9023,#9024,#9025,#9026,#9027,#9028,#9029,#9030));
#1426=EDGE_LOOP('',(#9031,#9032,#9033,#9034,#9035,#9036,#9037,#9038));
#1427=EDGE_LOOP('',(#9039,#9040,#9041,#9042,#9043,#9044,#9045,#9046));
#1428=EDGE_LOOP('',(#9047,#9048,#9049,#9050,#9051,#9052,#9053,#9054));
#1429=EDGE_LOOP('',(#9055,#9056,#9057,#9058,#9059,#9060,#9061,#9062));
#1430=EDGE_LOOP('',(#9063,#9064,#9065,#9066,#9067,#9068,#9069,#9070));
#1431=EDGE_LOOP('',(#9071,#9072,#9073,#9074,#9075,#9076,#9077,#9078));
#1432=EDGE_LOOP('',(#9079,#9080,#9081,#9082,#9083,#9084,#9085,#9086));
#1433=EDGE_LOOP('',(#9087,#9088,#9089,#9090,#9091,#9092,#9093,#9094));
#1434=EDGE_LOOP('',(#9095,#9096,#9097,#9098,#9099,#9100,#9101,#9102));
#1435=EDGE_LOOP('',(#9103,#9104,#9105,#9106,#9107,#9108,#9109,#9110));
#1436=EDGE_LOOP('',(#9111,#9112,#9113,#9114,#9115,#9116,#9117,#9118));
#1437=EDGE_LOOP('',(#9119,#9120,#9121,#9122,#9123,#9124,#9125,#9126));
#1438=EDGE_LOOP('',(#9127,#9128,#9129,#9130,#9131,#9132,#9133,#9134));
#1439=EDGE_LOOP('',(#9135,#9136,#9137,#9138,#9139,#9140,#9141,#9142));
#1440=EDGE_LOOP('',(#9143,#9144,#9145,#9146,#9147,#9148,#9149,#9150));
#1441=EDGE_LOOP('',(#9151,#9152,#9153,#9154,#9155,#9156,#9157,#9158));
#1442=EDGE_LOOP('',(#9159,#9160,#9161,#9162,#9163,#9164,#9165,#9166));
#1443=EDGE_LOOP('',(#9167,#9168,#9169,#9170,#9171,#9172,#9173,#9174));
#1444=EDGE_LOOP('',(#9175,#9176,#9177,#9178,#9179,#9180,#9181,#9182));
#1445=EDGE_LOOP('',(#9183,#9184,#9185,#9186,#9187,#9188,#9189,#9190));
#1446=EDGE_LOOP('',(#9191,#9192,#9193,#9194,#9195,#9196,#9197,#9198));
#1447=EDGE_LOOP('',(#9199,#9200,#9201,#9202,#9203,#9204,#9205,#9206));
#1448=EDGE_LOOP('',(#9207,#9208,#9209,#9210,#9211,#9212,#9213,#9214));
#1449=EDGE_LOOP('',(#9215,#9216,#9217,#9218,#9219,#9220,#9221,#9222));
#1450=EDGE_LOOP('',(#9223,#9224,#9225,#9226,#9227,#9228,#9229,#9230));
#1451=EDGE_LOOP('',(#9231,#9232,#9233,#9234,#9235,#9236,#9237,#9238));
#1452=EDGE_LOOP('',(#9239,#9240,#9241,#9242));
#1453=EDGE_LOOP('',(#9243,#9244,#9245,#9246));
#1454=EDGE_LOOP('',(#9247,#9248,#9249,#9250,#9251,#9252,#9253,#9254,#9255,
#9256,#9257,#9258,#9259,#9260,#9261,#9262,#9263,#9264,#9265,#9266,#9267,
#9268,#9269,#9270,#9271,#9272,#9273,#9274,#9275,#9276,#9277,#9278,#9279,
#9280,#9281,#9282,#9283,#9284,#9285,#9286,#9287,#9288,#9289,#9290,#9291,
#9292,#9293,#9294,#9295,#9296,#9297,#9298,#9299,#9300,#9301,#9302,#9303,
#9304,#9305,#9306,#9307,#9308,#9309,#9310,#9311,#9312,#9313,#9314,#9315,
#9316,#9317,#9318,#9319,#9320,#9321));
#1455=EDGE_LOOP('',(#9322,#9323,#9324,#9325,#9326,#9327,#9328,#9329));
#1456=EDGE_LOOP('',(#9330,#9331,#9332,#9333,#9334,#9335,#9336,#9337));
#1457=EDGE_LOOP('',(#9338,#9339,#9340,#9341,#9342,#9343,#9344,#9345,#9346,
#9347,#9348,#9349,#9350,#9351,#9352,#9353,#9354,#9355,#9356,#9357,#9358,
#9359,#9360,#9361,#9362,#9363,#9364,#9365,#9366,#9367,#9368,#9369,#9370,
#9371,#9372,#9373,#9374,#9375,#9376,#9377,#9378,#9379,#9380,#9381,#9382,
#9383,#9384,#9385,#9386,#9387,#9388,#9389,#9390,#9391,#9392,#9393,#9394,
#9395,#9396,#9397));
#1458=EDGE_LOOP('',(#9398,#9399,#9400,#9401,#9402,#9403,#9404,#9405));
#1459=EDGE_LOOP('',(#9406,#9407,#9408,#9409,#9410,#9411,#9412,#9413,#9414,
#9415,#9416,#9417,#9418,#9419,#9420,#9421,#9422,#9423,#9424,#9425,#9426,
#9427,#9428,#9429,#9430,#9431,#9432,#9433,#9434,#9435,#9436,#9437,#9438,
#9439,#9440,#9441,#9442,#9443,#9444,#9445,#9446,#9447,#9448,#9449,#9450,
#9451,#9452,#9453,#9454,#9455,#9456,#9457,#9458,#9459,#9460,#9461,#9462,
#9463,#9464,#9465));
#1460=EDGE_LOOP('',(#9466,#9467,#9468,#9469,#9470,#9471,#9472,#9473));
#1461=EDGE_LOOP('',(#9474,#9475,#9476,#9477,#9478,#9479,#9480,#9481));
#1462=EDGE_LOOP('',(#9482,#9483,#9484,#9485,#9486,#9487,#9488,#9489));
#1463=EDGE_LOOP('',(#9490,#9491,#9492,#9493,#9494,#9495,#9496,#9497));
#1464=EDGE_LOOP('',(#9498,#9499,#9500,#9501,#9502,#9503,#9504,#9505));
#1465=EDGE_LOOP('',(#9506,#9507,#9508,#9509,#9510,#9511,#9512,#9513));
#1466=EDGE_LOOP('',(#9514,#9515,#9516,#9517,#9518,#9519,#9520,#9521));
#1467=EDGE_LOOP('',(#9522,#9523,#9524,#9525,#9526,#9527,#9528,#9529));
#1468=EDGE_LOOP('',(#9530,#9531,#9532,#9533,#9534,#9535,#9536,#9537));
#1469=EDGE_LOOP('',(#9538,#9539,#9540,#9541,#9542,#9543,#9544,#9545));
#1470=EDGE_LOOP('',(#9546,#9547,#9548,#9549,#9550,#9551,#9552,#9553));
#1471=EDGE_LOOP('',(#9554,#9555,#9556,#9557,#9558,#9559,#9560,#9561));
#1472=EDGE_LOOP('',(#9562,#9563,#9564,#9565,#9566,#9567,#9568,#9569));
#1473=EDGE_LOOP('',(#9570,#9571,#9572,#9573,#9574,#9575,#9576,#9577));
#1474=EDGE_LOOP('',(#9578,#9579,#9580,#9581,#9582,#9583,#9584,#9585));
#1475=EDGE_LOOP('',(#9586,#9587,#9588,#9589,#9590,#9591,#9592,#9593));
#1476=EDGE_LOOP('',(#9594,#9595,#9596,#9597,#9598,#9599,#9600,#9601));
#1477=EDGE_LOOP('',(#9602,#9603,#9604,#9605,#9606,#9607,#9608,#9609));
#1478=EDGE_LOOP('',(#9610,#9611,#9612,#9613,#9614,#9615,#9616,#9617));
#1479=EDGE_LOOP('',(#9618,#9619,#9620,#9621,#9622,#9623,#9624,#9625));
#1480=EDGE_LOOP('',(#9626,#9627,#9628,#9629,#9630,#9631,#9632,#9633));
#1481=EDGE_LOOP('',(#9634,#9635,#9636,#9637,#9638,#9639,#9640,#9641));
#1482=EDGE_LOOP('',(#9642,#9643,#9644,#9645,#9646,#9647,#9648,#9649));
#1483=EDGE_LOOP('',(#9650,#9651,#9652,#9653,#9654,#9655,#9656,#9657));
#1484=EDGE_LOOP('',(#9658,#9659,#9660,#9661,#9662,#9663,#9664,#9665));
#1485=EDGE_LOOP('',(#9666,#9667,#9668,#9669,#9670,#9671,#9672,#9673));
#1486=EDGE_LOOP('',(#9674,#9675,#9676,#9677,#9678,#9679,#9680,#9681));
#1487=EDGE_LOOP('',(#9682,#9683,#9684,#9685,#9686,#9687,#9688,#9689));
#1488=EDGE_LOOP('',(#9690,#9691,#9692,#9693,#9694,#9695,#9696,#9697));
#1489=EDGE_LOOP('',(#9698,#9699,#9700,#9701,#9702,#9703,#9704,#9705));
#1490=EDGE_LOOP('',(#9706,#9707,#9708,#9709,#9710,#9711,#9712,#9713));
#1491=EDGE_LOOP('',(#9714,#9715,#9716,#9717,#9718,#9719,#9720,#9721));
#1492=EDGE_LOOP('',(#9722,#9723,#9724,#9725,#9726,#9727,#9728,#9729));
#1493=EDGE_LOOP('',(#9730,#9731,#9732,#9733,#9734,#9735,#9736,#9737));
#1494=EDGE_LOOP('',(#9738,#9739,#9740,#9741,#9742,#9743,#9744,#9745));
#1495=EDGE_LOOP('',(#9746,#9747,#9748,#9749,#9750,#9751,#9752,#9753));
#1496=EDGE_LOOP('',(#9754,#9755,#9756,#9757,#9758,#9759,#9760,#9761));
#1497=LINE('',#14636,#2552);
#1498=LINE('',#14639,#2553);
#1499=LINE('',#14642,#2554);
#1500=LINE('',#14644,#2555);
#1501=LINE('',#14645,#2556);
#1502=LINE('',#14651,#2557);
#1503=LINE('',#14654,#2558);
#1504=LINE('',#14656,#2559);
#1505=LINE('',#14657,#2560);
#1506=LINE('',#14663,#2561);
#1507=LINE('',#14666,#2562);
#1508=LINE('',#14668,#2563);
#1509=LINE('',#14669,#2564);
#1510=LINE('',#14675,#2565);
#1511=LINE('',#14677,#2566);
#1512=LINE('',#14678,#2567);
#1513=LINE('',#14684,#2568);
#1514=LINE('',#14687,#2569);
#1515=LINE('',#14690,#2570);
#1516=LINE('',#14692,#2571);
#1517=LINE('',#14693,#2572);
#1518=LINE('',#14699,#2573);
#1519=LINE('',#14702,#2574);
#1520=LINE('',#14704,#2575);
#1521=LINE('',#14705,#2576);
#1522=LINE('',#14711,#2577);
#1523=LINE('',#14714,#2578);
#1524=LINE('',#14716,#2579);
#1525=LINE('',#14717,#2580);
#1526=LINE('',#14723,#2581);
#1527=LINE('',#14725,#2582);
#1528=LINE('',#14726,#2583);
#1529=LINE('',#14730,#2584);
#1530=LINE('',#14732,#2585);
#1531=LINE('',#14734,#2586);
#1532=LINE('',#14735,#2587);
#1533=LINE('',#14741,#2588);
#1534=LINE('',#14744,#2589);
#1535=LINE('',#14746,#2590);
#1536=LINE('',#14747,#2591);
#1537=LINE('',#14753,#2592);
#1538=LINE('',#14756,#2593);
#1539=LINE('',#14758,#2594);
#1540=LINE('',#14759,#2595);
#1541=LINE('',#14765,#2596);
#1542=LINE('',#14768,#2597);
#1543=LINE('',#14770,#2598);
#1544=LINE('',#14771,#2599);
#1545=LINE('',#14777,#2600);
#1546=LINE('',#14780,#2601);
#1547=LINE('',#14782,#2602);
#1548=LINE('',#14783,#2603);
#1549=LINE('',#14789,#2604);
#1550=LINE('',#14792,#2605);
#1551=LINE('',#14794,#2606);
#1552=LINE('',#14795,#2607);
#1553=LINE('',#14798,#2608);
#1554=LINE('',#14800,#2609);
#1555=LINE('',#14801,#2610);
#1556=LINE('',#14807,#2611);
#1557=LINE('',#14810,#2612);
#1558=LINE('',#14812,#2613);
#1559=LINE('',#14813,#2614);
#1560=LINE('',#14816,#2615);
#1561=LINE('',#14818,#2616);
#1562=LINE('',#14819,#2617);
#1563=LINE('',#14825,#2618);
#1564=LINE('',#14828,#2619);
#1565=LINE('',#14830,#2620);
#1566=LINE('',#14831,#2621);
#1567=LINE('',#14837,#2622);
#1568=LINE('',#14840,#2623);
#1569=LINE('',#14842,#2624);
#1570=LINE('',#14843,#2625);
#1571=LINE('',#14846,#2626);
#1572=LINE('',#14848,#2627);
#1573=LINE('',#14849,#2628);
#1574=LINE('',#14855,#2629);
#1575=LINE('',#14858,#2630);
#1576=LINE('',#14860,#2631);
#1577=LINE('',#14861,#2632);
#1578=LINE('',#14864,#2633);
#1579=LINE('',#14866,#2634);
#1580=LINE('',#14867,#2635);
#1581=LINE('',#14873,#2636);
#1582=LINE('',#14876,#2637);
#1583=LINE('',#14878,#2638);
#1584=LINE('',#14879,#2639);
#1585=LINE('',#14885,#2640);
#1586=LINE('',#14888,#2641);
#1587=LINE('',#14890,#2642);
#1588=LINE('',#14891,#2643);
#1589=LINE('',#14897,#2644);
#1590=LINE('',#14900,#2645);
#1591=LINE('',#14902,#2646);
#1592=LINE('',#14903,#2647);
#1593=LINE('',#14909,#2648);
#1594=LINE('',#14912,#2649);
#1595=LINE('',#14914,#2650);
#1596=LINE('',#14915,#2651);
#1597=LINE('',#14921,#2652);
#1598=LINE('',#14924,#2653);
#1599=LINE('',#14926,#2654);
#1600=LINE('',#14927,#2655);
#1601=LINE('',#14933,#2656);
#1602=LINE('',#14936,#2657);
#1603=LINE('',#14938,#2658);
#1604=LINE('',#14939,#2659);
#1605=LINE('',#14942,#2660);
#1606=LINE('',#14944,#2661);
#1607=LINE('',#14945,#2662);
#1608=LINE('',#14951,#2663);
#1609=LINE('',#14954,#2664);
#1610=LINE('',#14956,#2665);
#1611=LINE('',#14957,#2666);
#1612=LINE('',#14960,#2667);
#1613=LINE('',#14962,#2668);
#1614=LINE('',#14963,#2669);
#1615=LINE('',#14969,#2670);
#1616=LINE('',#14972,#2671);
#1617=LINE('',#14974,#2672);
#1618=LINE('',#14975,#2673);
#1619=LINE('',#14981,#2674);
#1620=LINE('',#14984,#2675);
#1621=LINE('',#14986,#2676);
#1622=LINE('',#14987,#2677);
#1623=LINE('',#14990,#2678);
#1624=LINE('',#14992,#2679);
#1625=LINE('',#14993,#2680);
#1626=LINE('',#14996,#2681);
#1627=LINE('',#14998,#2682);
#1628=LINE('',#14999,#2683);
#1629=LINE('',#15005,#2684);
#1630=LINE('',#15008,#2685);
#1631=LINE('',#15010,#2686);
#1632=LINE('',#15011,#2687);
#1633=LINE('',#15017,#2688);
#1634=LINE('',#15020,#2689);
#1635=LINE('',#15022,#2690);
#1636=LINE('',#15023,#2691);
#1637=LINE('',#15026,#2692);
#1638=LINE('',#15028,#2693);
#1639=LINE('',#15029,#2694);
#1640=LINE('',#15032,#2695);
#1641=LINE('',#15034,#2696);
#1642=LINE('',#15035,#2697);
#1643=LINE('',#15041,#2698);
#1644=LINE('',#15044,#2699);
#1645=LINE('',#15046,#2700);
#1646=LINE('',#15047,#2701);
#1647=LINE('',#15053,#2702);
#1648=LINE('',#15056,#2703);
#1649=LINE('',#15058,#2704);
#1650=LINE('',#15059,#2705);
#1651=LINE('',#15062,#2706);
#1652=LINE('',#15064,#2707);
#1653=LINE('',#15065,#2708);
#1654=LINE('',#15071,#2709);
#1655=LINE('',#15074,#2710);
#1656=LINE('',#15076,#2711);
#1657=LINE('',#15077,#2712);
#1658=LINE('',#15080,#2713);
#1659=LINE('',#15082,#2714);
#1660=LINE('',#15083,#2715);
#1661=LINE('',#15092,#2716);
#1662=LINE('',#15095,#2717);
#1663=LINE('',#15098,#2718);
#1664=LINE('',#15100,#2719);
#1665=LINE('',#15101,#2720);
#1666=LINE('',#15107,#2721);
#1667=LINE('',#15110,#2722);
#1668=LINE('',#15112,#2723);
#1669=LINE('',#15113,#2724);
#1670=LINE('',#15119,#2725);
#1671=LINE('',#15122,#2726);
#1672=LINE('',#15124,#2727);
#1673=LINE('',#15125,#2728);
#1674=LINE('',#15131,#2729);
#1675=LINE('',#15133,#2730);
#1676=LINE('',#15134,#2731);
#1677=LINE('',#15138,#2732);
#1678=LINE('',#15140,#2733);
#1679=LINE('',#15142,#2734);
#1680=LINE('',#15143,#2735);
#1681=LINE('',#15146,#2736);
#1682=LINE('',#15148,#2737);
#1683=LINE('',#15149,#2738);
#1684=LINE('',#15155,#2739);
#1685=LINE('',#15158,#2740);
#1686=LINE('',#15160,#2741);
#1687=LINE('',#15161,#2742);
#1688=LINE('',#15167,#2743);
#1689=LINE('',#15170,#2744);
#1690=LINE('',#15172,#2745);
#1691=LINE('',#15173,#2746);
#1692=LINE('',#15176,#2747);
#1693=LINE('',#15178,#2748);
#1694=LINE('',#15179,#2749);
#1695=LINE('',#15185,#2750);
#1696=LINE('',#15188,#2751);
#1697=LINE('',#15190,#2752);
#1698=LINE('',#15191,#2753);
#1699=LINE('',#15194,#2754);
#1700=LINE('',#15196,#2755);
#1701=LINE('',#15197,#2756);
#1702=LINE('',#15203,#2757);
#1703=LINE('',#15206,#2758);
#1704=LINE('',#15208,#2759);
#1705=LINE('',#15209,#2760);
#1706=LINE('',#15215,#2761);
#1707=LINE('',#15218,#2762);
#1708=LINE('',#15220,#2763);
#1709=LINE('',#15221,#2764);
#1710=LINE('',#15227,#2765);
#1711=LINE('',#15230,#2766);
#1712=LINE('',#15232,#2767);
#1713=LINE('',#15233,#2768);
#1714=LINE('',#15239,#2769);
#1715=LINE('',#15242,#2770);
#1716=LINE('',#15244,#2771);
#1717=LINE('',#15245,#2772);
#1718=LINE('',#15251,#2773);
#1719=LINE('',#15254,#2774);
#1720=LINE('',#15256,#2775);
#1721=LINE('',#15257,#2776);
#1722=LINE('',#15263,#2777);
#1723=LINE('',#15266,#2778);
#1724=LINE('',#15268,#2779);
#1725=LINE('',#15269,#2780);
#1726=LINE('',#15272,#2781);
#1727=LINE('',#15274,#2782);
#1728=LINE('',#15275,#2783);
#1729=LINE('',#15281,#2784);
#1730=LINE('',#15284,#2785);
#1731=LINE('',#15286,#2786);
#1732=LINE('',#15287,#2787);
#1733=LINE('',#15290,#2788);
#1734=LINE('',#15292,#2789);
#1735=LINE('',#15293,#2790);
#1736=LINE('',#15299,#2791);
#1737=LINE('',#15302,#2792);
#1738=LINE('',#15304,#2793);
#1739=LINE('',#15305,#2794);
#1740=LINE('',#15311,#2795);
#1741=LINE('',#15314,#2796);
#1742=LINE('',#15316,#2797);
#1743=LINE('',#15317,#2798);
#1744=LINE('',#15320,#2799);
#1745=LINE('',#15322,#2800);
#1746=LINE('',#15323,#2801);
#1747=LINE('',#15326,#2802);
#1748=LINE('',#15328,#2803);
#1749=LINE('',#15329,#2804);
#1750=LINE('',#15335,#2805);
#1751=LINE('',#15338,#2806);
#1752=LINE('',#15340,#2807);
#1753=LINE('',#15341,#2808);
#1754=LINE('',#15347,#2809);
#1755=LINE('',#15350,#2810);
#1756=LINE('',#15352,#2811);
#1757=LINE('',#15353,#2812);
#1758=LINE('',#15356,#2813);
#1759=LINE('',#15358,#2814);
#1760=LINE('',#15359,#2815);
#1761=LINE('',#15362,#2816);
#1762=LINE('',#15364,#2817);
#1763=LINE('',#15365,#2818);
#1764=LINE('',#15371,#2819);
#1765=LINE('',#15374,#2820);
#1766=LINE('',#15376,#2821);
#1767=LINE('',#15377,#2822);
#1768=LINE('',#15383,#2823);
#1769=LINE('',#15386,#2824);
#1770=LINE('',#15388,#2825);
#1771=LINE('',#15389,#2826);
#1772=LINE('',#15392,#2827);
#1773=LINE('',#15394,#2828);
#1774=LINE('',#15395,#2829);
#1775=LINE('',#15401,#2830);
#1776=LINE('',#15404,#2831);
#1777=LINE('',#15406,#2832);
#1778=LINE('',#15407,#2833);
#1779=LINE('',#15410,#2834);
#1780=LINE('',#15412,#2835);
#1781=LINE('',#15413,#2836);
#1782=LINE('',#15419,#2837);
#1783=LINE('',#15422,#2838);
#1784=LINE('',#15424,#2839);
#1785=LINE('',#15425,#2840);
#1786=LINE('',#15431,#2841);
#1787=LINE('',#15434,#2842);
#1788=LINE('',#15436,#2843);
#1789=LINE('',#15437,#2844);
#1790=LINE('',#15443,#2845);
#1791=LINE('',#15446,#2846);
#1792=LINE('',#15448,#2847);
#1793=LINE('',#15449,#2848);
#1794=LINE('',#15455,#2849);
#1795=LINE('',#15458,#2850);
#1796=LINE('',#15460,#2851);
#1797=LINE('',#15461,#2852);
#1798=LINE('',#15467,#2853);
#1799=LINE('',#15470,#2854);
#1800=LINE('',#15472,#2855);
#1801=LINE('',#15473,#2856);
#1802=LINE('',#15479,#2857);
#1803=LINE('',#15482,#2858);
#1804=LINE('',#15484,#2859);
#1805=LINE('',#15485,#2860);
#1806=LINE('',#15488,#2861);
#1807=LINE('',#15490,#2862);
#1808=LINE('',#15491,#2863);
#1809=LINE('',#15500,#2864);
#1810=LINE('',#15503,#2865);
#1811=LINE('',#15506,#2866);
#1812=LINE('',#15508,#2867);
#1813=LINE('',#15509,#2868);
#1814=LINE('',#15515,#2869);
#1815=LINE('',#15518,#2870);
#1816=LINE('',#15520,#2871);
#1817=LINE('',#15521,#2872);
#1818=LINE('',#15527,#2873);
#1819=LINE('',#15530,#2874);
#1820=LINE('',#15532,#2875);
#1821=LINE('',#15533,#2876);
#1822=LINE('',#15539,#2877);
#1823=LINE('',#15541,#2878);
#1824=LINE('',#15542,#2879);
#1825=LINE('',#15548,#2880);
#1826=LINE('',#15551,#2881);
#1827=LINE('',#15554,#2882);
#1828=LINE('',#15556,#2883);
#1829=LINE('',#15557,#2884);
#1830=LINE('',#15563,#2885);
#1831=LINE('',#15566,#2886);
#1832=LINE('',#15568,#2887);
#1833=LINE('',#15569,#2888);
#1834=LINE('',#15575,#2889);
#1835=LINE('',#15578,#2890);
#1836=LINE('',#15580,#2891);
#1837=LINE('',#15581,#2892);
#1838=LINE('',#15587,#2893);
#1839=LINE('',#15589,#2894);
#1840=LINE('',#15590,#2895);
#1841=LINE('',#15596,#2896);
#1842=LINE('',#15599,#2897);
#1843=LINE('',#15602,#2898);
#1844=LINE('',#15604,#2899);
#1845=LINE('',#15605,#2900);
#1846=LINE('',#15611,#2901);
#1847=LINE('',#15614,#2902);
#1848=LINE('',#15616,#2903);
#1849=LINE('',#15617,#2904);
#1850=LINE('',#15623,#2905);
#1851=LINE('',#15626,#2906);
#1852=LINE('',#15628,#2907);
#1853=LINE('',#15629,#2908);
#1854=LINE('',#15635,#2909);
#1855=LINE('',#15637,#2910);
#1856=LINE('',#15638,#2911);
#1857=LINE('',#15644,#2912);
#1858=LINE('',#15647,#2913);
#1859=LINE('',#15650,#2914);
#1860=LINE('',#15652,#2915);
#1861=LINE('',#15653,#2916);
#1862=LINE('',#15659,#2917);
#1863=LINE('',#15662,#2918);
#1864=LINE('',#15664,#2919);
#1865=LINE('',#15665,#2920);
#1866=LINE('',#15671,#2921);
#1867=LINE('',#15674,#2922);
#1868=LINE('',#15676,#2923);
#1869=LINE('',#15677,#2924);
#1870=LINE('',#15683,#2925);
#1871=LINE('',#15685,#2926);
#1872=LINE('',#15686,#2927);
#1873=LINE('',#15692,#2928);
#1874=LINE('',#15695,#2929);
#1875=LINE('',#15698,#2930);
#1876=LINE('',#15700,#2931);
#1877=LINE('',#15701,#2932);
#1878=LINE('',#15707,#2933);
#1879=LINE('',#15710,#2934);
#1880=LINE('',#15712,#2935);
#1881=LINE('',#15713,#2936);
#1882=LINE('',#15719,#2937);
#1883=LINE('',#15722,#2938);
#1884=LINE('',#15724,#2939);
#1885=LINE('',#15725,#2940);
#1886=LINE('',#15731,#2941);
#1887=LINE('',#15733,#2942);
#1888=LINE('',#15734,#2943);
#1889=LINE('',#15740,#2944);
#1890=LINE('',#15743,#2945);
#1891=LINE('',#15746,#2946);
#1892=LINE('',#15748,#2947);
#1893=LINE('',#15749,#2948);
#1894=LINE('',#15755,#2949);
#1895=LINE('',#15758,#2950);
#1896=LINE('',#15760,#2951);
#1897=LINE('',#15761,#2952);
#1898=LINE('',#15767,#2953);
#1899=LINE('',#15770,#2954);
#1900=LINE('',#15772,#2955);
#1901=LINE('',#15773,#2956);
#1902=LINE('',#15779,#2957);
#1903=LINE('',#15781,#2958);
#1904=LINE('',#15782,#2959);
#1905=LINE('',#15788,#2960);
#1906=LINE('',#15791,#2961);
#1907=LINE('',#15794,#2962);
#1908=LINE('',#15796,#2963);
#1909=LINE('',#15797,#2964);
#1910=LINE('',#15803,#2965);
#1911=LINE('',#15806,#2966);
#1912=LINE('',#15808,#2967);
#1913=LINE('',#15809,#2968);
#1914=LINE('',#15815,#2969);
#1915=LINE('',#15818,#2970);
#1916=LINE('',#15820,#2971);
#1917=LINE('',#15821,#2972);
#1918=LINE('',#15827,#2973);
#1919=LINE('',#15829,#2974);
#1920=LINE('',#15830,#2975);
#1921=LINE('',#15836,#2976);
#1922=LINE('',#15839,#2977);
#1923=LINE('',#15842,#2978);
#1924=LINE('',#15844,#2979);
#1925=LINE('',#15845,#2980);
#1926=LINE('',#15851,#2981);
#1927=LINE('',#15854,#2982);
#1928=LINE('',#15856,#2983);
#1929=LINE('',#15857,#2984);
#1930=LINE('',#15863,#2985);
#1931=LINE('',#15866,#2986);
#1932=LINE('',#15868,#2987);
#1933=LINE('',#15869,#2988);
#1934=LINE('',#15875,#2989);
#1935=LINE('',#15877,#2990);
#1936=LINE('',#15878,#2991);
#1937=LINE('',#15884,#2992);
#1938=LINE('',#15887,#2993);
#1939=LINE('',#15890,#2994);
#1940=LINE('',#15892,#2995);
#1941=LINE('',#15893,#2996);
#1942=LINE('',#15899,#2997);
#1943=LINE('',#15902,#2998);
#1944=LINE('',#15904,#2999);
#1945=LINE('',#15905,#3000);
#1946=LINE('',#15911,#3001);
#1947=LINE('',#15914,#3002);
#1948=LINE('',#15916,#3003);
#1949=LINE('',#15917,#3004);
#1950=LINE('',#15923,#3005);
#1951=LINE('',#15925,#3006);
#1952=LINE('',#15926,#3007);
#1953=LINE('',#15932,#3008);
#1954=LINE('',#15935,#3009);
#1955=LINE('',#15938,#3010);
#1956=LINE('',#15940,#3011);
#1957=LINE('',#15941,#3012);
#1958=LINE('',#15947,#3013);
#1959=LINE('',#15950,#3014);
#1960=LINE('',#15952,#3015);
#1961=LINE('',#15953,#3016);
#1962=LINE('',#15959,#3017);
#1963=LINE('',#15962,#3018);
#1964=LINE('',#15964,#3019);
#1965=LINE('',#15965,#3020);
#1966=LINE('',#15971,#3021);
#1967=LINE('',#15973,#3022);
#1968=LINE('',#15974,#3023);
#1969=LINE('',#15980,#3024);
#1970=LINE('',#15983,#3025);
#1971=LINE('',#15986,#3026);
#1972=LINE('',#15988,#3027);
#1973=LINE('',#15989,#3028);
#1974=LINE('',#15995,#3029);
#1975=LINE('',#15998,#3030);
#1976=LINE('',#16000,#3031);
#1977=LINE('',#16001,#3032);
#1978=LINE('',#16007,#3033);
#1979=LINE('',#16010,#3034);
#1980=LINE('',#16012,#3035);
#1981=LINE('',#16013,#3036);
#1982=LINE('',#16019,#3037);
#1983=LINE('',#16021,#3038);
#1984=LINE('',#16022,#3039);
#1985=LINE('',#16028,#3040);
#1986=LINE('',#16031,#3041);
#1987=LINE('',#16034,#3042);
#1988=LINE('',#16036,#3043);
#1989=LINE('',#16037,#3044);
#1990=LINE('',#16043,#3045);
#1991=LINE('',#16046,#3046);
#1992=LINE('',#16048,#3047);
#1993=LINE('',#16049,#3048);
#1994=LINE('',#16055,#3049);
#1995=LINE('',#16058,#3050);
#1996=LINE('',#16060,#3051);
#1997=LINE('',#16061,#3052);
#1998=LINE('',#16067,#3053);
#1999=LINE('',#16069,#3054);
#2000=LINE('',#16070,#3055);
#2001=LINE('',#16076,#3056);
#2002=LINE('',#16079,#3057);
#2003=LINE('',#16082,#3058);
#2004=LINE('',#16084,#3059);
#2005=LINE('',#16085,#3060);
#2006=LINE('',#16091,#3061);
#2007=LINE('',#16094,#3062);
#2008=LINE('',#16096,#3063);
#2009=LINE('',#16097,#3064);
#2010=LINE('',#16103,#3065);
#2011=LINE('',#16106,#3066);
#2012=LINE('',#16108,#3067);
#2013=LINE('',#16109,#3068);
#2014=LINE('',#16115,#3069);
#2015=LINE('',#16117,#3070);
#2016=LINE('',#16118,#3071);
#2017=LINE('',#16124,#3072);
#2018=LINE('',#16127,#3073);
#2019=LINE('',#16130,#3074);
#2020=LINE('',#16132,#3075);
#2021=LINE('',#16133,#3076);
#2022=LINE('',#16139,#3077);
#2023=LINE('',#16142,#3078);
#2024=LINE('',#16144,#3079);
#2025=LINE('',#16145,#3080);
#2026=LINE('',#16151,#3081);
#2027=LINE('',#16154,#3082);
#2028=LINE('',#16156,#3083);
#2029=LINE('',#16157,#3084);
#2030=LINE('',#16163,#3085);
#2031=LINE('',#16165,#3086);
#2032=LINE('',#16166,#3087);
#2033=LINE('',#16172,#3088);
#2034=LINE('',#16175,#3089);
#2035=LINE('',#16178,#3090);
#2036=LINE('',#16180,#3091);
#2037=LINE('',#16181,#3092);
#2038=LINE('',#16187,#3093);
#2039=LINE('',#16190,#3094);
#2040=LINE('',#16192,#3095);
#2041=LINE('',#16193,#3096);
#2042=LINE('',#16199,#3097);
#2043=LINE('',#16202,#3098);
#2044=LINE('',#16204,#3099);
#2045=LINE('',#16205,#3100);
#2046=LINE('',#16211,#3101);
#2047=LINE('',#16213,#3102);
#2048=LINE('',#16214,#3103);
#2049=LINE('',#16220,#3104);
#2050=LINE('',#16223,#3105);
#2051=LINE('',#16226,#3106);
#2052=LINE('',#16228,#3107);
#2053=LINE('',#16229,#3108);
#2054=LINE('',#16235,#3109);
#2055=LINE('',#16238,#3110);
#2056=LINE('',#16240,#3111);
#2057=LINE('',#16241,#3112);
#2058=LINE('',#16247,#3113);
#2059=LINE('',#16250,#3114);
#2060=LINE('',#16252,#3115);
#2061=LINE('',#16253,#3116);
#2062=LINE('',#16259,#3117);
#2063=LINE('',#16261,#3118);
#2064=LINE('',#16262,#3119);
#2065=LINE('',#16268,#3120);
#2066=LINE('',#16271,#3121);
#2067=LINE('',#16274,#3122);
#2068=LINE('',#16276,#3123);
#2069=LINE('',#16277,#3124);
#2070=LINE('',#16283,#3125);
#2071=LINE('',#16286,#3126);
#2072=LINE('',#16288,#3127);
#2073=LINE('',#16289,#3128);
#2074=LINE('',#16295,#3129);
#2075=LINE('',#16298,#3130);
#2076=LINE('',#16300,#3131);
#2077=LINE('',#16301,#3132);
#2078=LINE('',#16307,#3133);
#2079=LINE('',#16309,#3134);
#2080=LINE('',#16310,#3135);
#2081=LINE('',#16316,#3136);
#2082=LINE('',#16319,#3137);
#2083=LINE('',#16322,#3138);
#2084=LINE('',#16324,#3139);
#2085=LINE('',#16325,#3140);
#2086=LINE('',#16331,#3141);
#2087=LINE('',#16334,#3142);
#2088=LINE('',#16336,#3143);
#2089=LINE('',#16337,#3144);
#2090=LINE('',#16343,#3145);
#2091=LINE('',#16346,#3146);
#2092=LINE('',#16348,#3147);
#2093=LINE('',#16349,#3148);
#2094=LINE('',#16355,#3149);
#2095=LINE('',#16357,#3150);
#2096=LINE('',#16358,#3151);
#2097=LINE('',#16364,#3152);
#2098=LINE('',#16367,#3153);
#2099=LINE('',#16370,#3154);
#2100=LINE('',#16372,#3155);
#2101=LINE('',#16373,#3156);
#2102=LINE('',#16379,#3157);
#2103=LINE('',#16382,#3158);
#2104=LINE('',#16384,#3159);
#2105=LINE('',#16385,#3160);
#2106=LINE('',#16391,#3161);
#2107=LINE('',#16394,#3162);
#2108=LINE('',#16396,#3163);
#2109=LINE('',#16397,#3164);
#2110=LINE('',#16403,#3165);
#2111=LINE('',#16405,#3166);
#2112=LINE('',#16406,#3167);
#2113=LINE('',#16412,#3168);
#2114=LINE('',#16415,#3169);
#2115=LINE('',#16418,#3170);
#2116=LINE('',#16420,#3171);
#2117=LINE('',#16421,#3172);
#2118=LINE('',#16427,#3173);
#2119=LINE('',#16430,#3174);
#2120=LINE('',#16432,#3175);
#2121=LINE('',#16433,#3176);
#2122=LINE('',#16439,#3177);
#2123=LINE('',#16442,#3178);
#2124=LINE('',#16444,#3179);
#2125=LINE('',#16445,#3180);
#2126=LINE('',#16451,#3181);
#2127=LINE('',#16453,#3182);
#2128=LINE('',#16454,#3183);
#2129=LINE('',#16460,#3184);
#2130=LINE('',#16463,#3185);
#2131=LINE('',#16466,#3186);
#2132=LINE('',#16468,#3187);
#2133=LINE('',#16469,#3188);
#2134=LINE('',#16475,#3189);
#2135=LINE('',#16478,#3190);
#2136=LINE('',#16480,#3191);
#2137=LINE('',#16481,#3192);
#2138=LINE('',#16487,#3193);
#2139=LINE('',#16490,#3194);
#2140=LINE('',#16492,#3195);
#2141=LINE('',#16493,#3196);
#2142=LINE('',#16499,#3197);
#2143=LINE('',#16501,#3198);
#2144=LINE('',#16502,#3199);
#2145=LINE('',#16508,#3200);
#2146=LINE('',#16511,#3201);
#2147=LINE('',#16514,#3202);
#2148=LINE('',#16516,#3203);
#2149=LINE('',#16517,#3204);
#2150=LINE('',#16523,#3205);
#2151=LINE('',#16526,#3206);
#2152=LINE('',#16528,#3207);
#2153=LINE('',#16529,#3208);
#2154=LINE('',#16535,#3209);
#2155=LINE('',#16538,#3210);
#2156=LINE('',#16540,#3211);
#2157=LINE('',#16541,#3212);
#2158=LINE('',#16547,#3213);
#2159=LINE('',#16549,#3214);
#2160=LINE('',#16550,#3215);
#2161=LINE('',#16556,#3216);
#2162=LINE('',#16559,#3217);
#2163=LINE('',#16562,#3218);
#2164=LINE('',#16564,#3219);
#2165=LINE('',#16565,#3220);
#2166=LINE('',#16571,#3221);
#2167=LINE('',#16574,#3222);
#2168=LINE('',#16576,#3223);
#2169=LINE('',#16577,#3224);
#2170=LINE('',#16583,#3225);
#2171=LINE('',#16586,#3226);
#2172=LINE('',#16588,#3227);
#2173=LINE('',#16589,#3228);
#2174=LINE('',#16595,#3229);
#2175=LINE('',#16597,#3230);
#2176=LINE('',#16598,#3231);
#2177=LINE('',#16604,#3232);
#2178=LINE('',#16607,#3233);
#2179=LINE('',#16610,#3234);
#2180=LINE('',#16612,#3235);
#2181=LINE('',#16613,#3236);
#2182=LINE('',#16619,#3237);
#2183=LINE('',#16622,#3238);
#2184=LINE('',#16624,#3239);
#2185=LINE('',#16625,#3240);
#2186=LINE('',#16631,#3241);
#2187=LINE('',#16634,#3242);
#2188=LINE('',#16636,#3243);
#2189=LINE('',#16637,#3244);
#2190=LINE('',#16643,#3245);
#2191=LINE('',#16645,#3246);
#2192=LINE('',#16646,#3247);
#2193=LINE('',#16652,#3248);
#2194=LINE('',#16655,#3249);
#2195=LINE('',#16658,#3250);
#2196=LINE('',#16660,#3251);
#2197=LINE('',#16661,#3252);
#2198=LINE('',#16667,#3253);
#2199=LINE('',#16670,#3254);
#2200=LINE('',#16672,#3255);
#2201=LINE('',#16673,#3256);
#2202=LINE('',#16679,#3257);
#2203=LINE('',#16682,#3258);
#2204=LINE('',#16684,#3259);
#2205=LINE('',#16685,#3260);
#2206=LINE('',#16691,#3261);
#2207=LINE('',#16693,#3262);
#2208=LINE('',#16694,#3263);
#2209=LINE('',#16700,#3264);
#2210=LINE('',#16703,#3265);
#2211=LINE('',#16706,#3266);
#2212=LINE('',#16708,#3267);
#2213=LINE('',#16709,#3268);
#2214=LINE('',#16715,#3269);
#2215=LINE('',#16718,#3270);
#2216=LINE('',#16720,#3271);
#2217=LINE('',#16721,#3272);
#2218=LINE('',#16727,#3273);
#2219=LINE('',#16730,#3274);
#2220=LINE('',#16732,#3275);
#2221=LINE('',#16733,#3276);
#2222=LINE('',#16739,#3277);
#2223=LINE('',#16741,#3278);
#2224=LINE('',#16742,#3279);
#2225=LINE('',#16748,#3280);
#2226=LINE('',#16751,#3281);
#2227=LINE('',#16754,#3282);
#2228=LINE('',#16756,#3283);
#2229=LINE('',#16757,#3284);
#2230=LINE('',#16763,#3285);
#2231=LINE('',#16766,#3286);
#2232=LINE('',#16768,#3287);
#2233=LINE('',#16769,#3288);
#2234=LINE('',#16775,#3289);
#2235=LINE('',#16778,#3290);
#2236=LINE('',#16780,#3291);
#2237=LINE('',#16781,#3292);
#2238=LINE('',#16787,#3293);
#2239=LINE('',#16789,#3294);
#2240=LINE('',#16790,#3295);
#2241=LINE('',#16796,#3296);
#2242=LINE('',#16799,#3297);
#2243=LINE('',#16802,#3298);
#2244=LINE('',#16804,#3299);
#2245=LINE('',#16805,#3300);
#2246=LINE('',#16811,#3301);
#2247=LINE('',#16814,#3302);
#2248=LINE('',#16816,#3303);
#2249=LINE('',#16817,#3304);
#2250=LINE('',#16823,#3305);
#2251=LINE('',#16826,#3306);
#2252=LINE('',#16828,#3307);
#2253=LINE('',#16829,#3308);
#2254=LINE('',#16835,#3309);
#2255=LINE('',#16837,#3310);
#2256=LINE('',#16838,#3311);
#2257=LINE('',#16844,#3312);
#2258=LINE('',#16847,#3313);
#2259=LINE('',#16850,#3314);
#2260=LINE('',#16852,#3315);
#2261=LINE('',#16853,#3316);
#2262=LINE('',#16859,#3317);
#2263=LINE('',#16862,#3318);
#2264=LINE('',#16864,#3319);
#2265=LINE('',#16865,#3320);
#2266=LINE('',#16871,#3321);
#2267=LINE('',#16874,#3322);
#2268=LINE('',#16876,#3323);
#2269=LINE('',#16877,#3324);
#2270=LINE('',#16883,#3325);
#2271=LINE('',#16885,#3326);
#2272=LINE('',#16886,#3327);
#2273=LINE('',#16892,#3328);
#2274=LINE('',#16895,#3329);
#2275=LINE('',#16898,#3330);
#2276=LINE('',#16900,#3331);
#2277=LINE('',#16901,#3332);
#2278=LINE('',#16907,#3333);
#2279=LINE('',#16910,#3334);
#2280=LINE('',#16912,#3335);
#2281=LINE('',#16913,#3336);
#2282=LINE('',#16919,#3337);
#2283=LINE('',#16922,#3338);
#2284=LINE('',#16924,#3339);
#2285=LINE('',#16925,#3340);
#2286=LINE('',#16931,#3341);
#2287=LINE('',#16933,#3342);
#2288=LINE('',#16934,#3343);
#2289=LINE('',#16940,#3344);
#2290=LINE('',#16943,#3345);
#2291=LINE('',#16946,#3346);
#2292=LINE('',#16948,#3347);
#2293=LINE('',#16949,#3348);
#2294=LINE('',#16955,#3349);
#2295=LINE('',#16958,#3350);
#2296=LINE('',#16960,#3351);
#2297=LINE('',#16961,#3352);
#2298=LINE('',#16967,#3353);
#2299=LINE('',#16970,#3354);
#2300=LINE('',#16972,#3355);
#2301=LINE('',#16973,#3356);
#2302=LINE('',#16979,#3357);
#2303=LINE('',#16981,#3358);
#2304=LINE('',#16982,#3359);
#2305=LINE('',#16988,#3360);
#2306=LINE('',#16991,#3361);
#2307=LINE('',#16994,#3362);
#2308=LINE('',#16996,#3363);
#2309=LINE('',#16997,#3364);
#2310=LINE('',#17003,#3365);
#2311=LINE('',#17006,#3366);
#2312=LINE('',#17008,#3367);
#2313=LINE('',#17009,#3368);
#2314=LINE('',#17015,#3369);
#2315=LINE('',#17018,#3370);
#2316=LINE('',#17020,#3371);
#2317=LINE('',#17021,#3372);
#2318=LINE('',#17027,#3373);
#2319=LINE('',#17029,#3374);
#2320=LINE('',#17030,#3375);
#2321=LINE('',#17036,#3376);
#2322=LINE('',#17039,#3377);
#2323=LINE('',#17042,#3378);
#2324=LINE('',#17044,#3379);
#2325=LINE('',#17045,#3380);
#2326=LINE('',#17051,#3381);
#2327=LINE('',#17054,#3382);
#2328=LINE('',#17056,#3383);
#2329=LINE('',#17057,#3384);
#2330=LINE('',#17063,#3385);
#2331=LINE('',#17066,#3386);
#2332=LINE('',#17068,#3387);
#2333=LINE('',#17069,#3388);
#2334=LINE('',#17075,#3389);
#2335=LINE('',#17077,#3390);
#2336=LINE('',#17078,#3391);
#2337=LINE('',#17084,#3392);
#2338=LINE('',#17087,#3393);
#2339=LINE('',#17090,#3394);
#2340=LINE('',#17092,#3395);
#2341=LINE('',#17093,#3396);
#2342=LINE('',#17099,#3397);
#2343=LINE('',#17102,#3398);
#2344=LINE('',#17104,#3399);
#2345=LINE('',#17105,#3400);
#2346=LINE('',#17111,#3401);
#2347=LINE('',#17114,#3402);
#2348=LINE('',#17116,#3403);
#2349=LINE('',#17117,#3404);
#2350=LINE('',#17123,#3405);
#2351=LINE('',#17125,#3406);
#2352=LINE('',#17126,#3407);
#2353=LINE('',#17132,#3408);
#2354=LINE('',#17135,#3409);
#2355=LINE('',#17138,#3410);
#2356=LINE('',#17140,#3411);
#2357=LINE('',#17141,#3412);
#2358=LINE('',#17147,#3413);
#2359=LINE('',#17150,#3414);
#2360=LINE('',#17152,#3415);
#2361=LINE('',#17153,#3416);
#2362=LINE('',#17159,#3417);
#2363=LINE('',#17162,#3418);
#2364=LINE('',#17164,#3419);
#2365=LINE('',#17165,#3420);
#2366=LINE('',#17171,#3421);
#2367=LINE('',#17173,#3422);
#2368=LINE('',#17174,#3423);
#2369=LINE('',#17180,#3424);
#2370=LINE('',#17183,#3425);
#2371=LINE('',#17186,#3426);
#2372=LINE('',#17188,#3427);
#2373=LINE('',#17189,#3428);
#2374=LINE('',#17195,#3429);
#2375=LINE('',#17198,#3430);
#2376=LINE('',#17200,#3431);
#2377=LINE('',#17201,#3432);
#2378=LINE('',#17207,#3433);
#2379=LINE('',#17210,#3434);
#2380=LINE('',#17212,#3435);
#2381=LINE('',#17213,#3436);
#2382=LINE('',#17219,#3437);
#2383=LINE('',#17221,#3438);
#2384=LINE('',#17222,#3439);
#2385=LINE('',#17228,#3440);
#2386=LINE('',#17231,#3441);
#2387=LINE('',#17234,#3442);
#2388=LINE('',#17236,#3443);
#2389=LINE('',#17237,#3444);
#2390=LINE('',#17243,#3445);
#2391=LINE('',#17246,#3446);
#2392=LINE('',#17248,#3447);
#2393=LINE('',#17249,#3448);
#2394=LINE('',#17255,#3449);
#2395=LINE('',#17258,#3450);
#2396=LINE('',#17260,#3451);
#2397=LINE('',#17261,#3452);
#2398=LINE('',#17267,#3453);
#2399=LINE('',#17269,#3454);
#2400=LINE('',#17270,#3455);
#2401=LINE('',#17274,#3456);
#2402=LINE('',#17276,#3457);
#2403=LINE('',#17278,#3458);
#2404=LINE('',#17279,#3459);
#2405=LINE('',#17284,#3460);
#2406=LINE('',#17288,#3461);
#2407=LINE('',#17290,#3462);
#2408=LINE('',#17291,#3463);
#2409=LINE('',#17296,#3464);
#2410=LINE('',#17300,#3465);
#2411=LINE('',#17302,#3466);
#2412=LINE('',#17303,#3467);
#2413=LINE('',#17308,#3468);
#2414=LINE('',#17312,#3469);
#2415=LINE('',#17314,#3470);
#2416=LINE('',#17315,#3471);
#2417=LINE('',#17320,#3472);
#2418=LINE('',#17324,#3473);
#2419=LINE('',#17326,#3474);
#2420=LINE('',#17327,#3475);
#2421=LINE('',#17332,#3476);
#2422=LINE('',#17336,#3477);
#2423=LINE('',#17338,#3478);
#2424=LINE('',#17339,#3479);
#2425=LINE('',#17344,#3480);
#2426=LINE('',#17348,#3481);
#2427=LINE('',#17350,#3482);
#2428=LINE('',#17351,#3483);
#2429=LINE('',#17356,#3484);
#2430=LINE('',#17360,#3485);
#2431=LINE('',#17362,#3486);
#2432=LINE('',#17363,#3487);
#2433=LINE('',#17368,#3488);
#2434=LINE('',#17372,#3489);
#2435=LINE('',#17374,#3490);
#2436=LINE('',#17375,#3491);
#2437=LINE('',#17380,#3492);
#2438=LINE('',#17384,#3493);
#2439=LINE('',#17386,#3494);
#2440=LINE('',#17387,#3495);
#2441=LINE('',#17392,#3496);
#2442=LINE('',#17396,#3497);
#2443=LINE('',#17398,#3498);
#2444=LINE('',#17399,#3499);
#2445=LINE('',#17404,#3500);
#2446=LINE('',#17408,#3501);
#2447=LINE('',#17410,#3502);
#2448=LINE('',#17411,#3503);
#2449=LINE('',#17416,#3504);
#2450=LINE('',#17420,#3505);
#2451=LINE('',#17422,#3506);
#2452=LINE('',#17423,#3507);
#2453=LINE('',#17428,#3508);
#2454=LINE('',#17432,#3509);
#2455=LINE('',#17434,#3510);
#2456=LINE('',#17435,#3511);
#2457=LINE('',#17440,#3512);
#2458=LINE('',#17444,#3513);
#2459=LINE('',#17446,#3514);
#2460=LINE('',#17447,#3515);
#2461=LINE('',#17452,#3516);
#2462=LINE('',#17456,#3517);
#2463=LINE('',#17458,#3518);
#2464=LINE('',#17459,#3519);
#2465=LINE('',#17464,#3520);
#2466=LINE('',#17468,#3521);
#2467=LINE('',#17470,#3522);
#2468=LINE('',#17471,#3523);
#2469=LINE('',#17476,#3524);
#2470=LINE('',#17480,#3525);
#2471=LINE('',#17482,#3526);
#2472=LINE('',#17483,#3527);
#2473=LINE('',#17488,#3528);
#2474=LINE('',#17492,#3529);
#2475=LINE('',#17494,#3530);
#2476=LINE('',#17495,#3531);
#2477=LINE('',#17500,#3532);
#2478=LINE('',#17504,#3533);
#2479=LINE('',#17506,#3534);
#2480=LINE('',#17507,#3535);
#2481=LINE('',#17512,#3536);
#2482=LINE('',#17516,#3537);
#2483=LINE('',#17518,#3538);
#2484=LINE('',#17519,#3539);
#2485=LINE('',#17524,#3540);
#2486=LINE('',#17528,#3541);
#2487=LINE('',#17530,#3542);
#2488=LINE('',#17531,#3543);
#2489=LINE('',#17536,#3544);
#2490=LINE('',#17540,#3545);
#2491=LINE('',#17542,#3546);
#2492=LINE('',#17543,#3547);
#2493=LINE('',#17548,#3548);
#2494=LINE('',#17552,#3549);
#2495=LINE('',#17554,#3550);
#2496=LINE('',#17555,#3551);
#2497=LINE('',#17560,#3552);
#2498=LINE('',#17564,#3553);
#2499=LINE('',#17566,#3554);
#2500=LINE('',#17567,#3555);
#2501=LINE('',#17572,#3556);
#2502=LINE('',#17576,#3557);
#2503=LINE('',#17578,#3558);
#2504=LINE('',#17579,#3559);
#2505=LINE('',#17584,#3560);
#2506=LINE('',#17588,#3561);
#2507=LINE('',#17590,#3562);
#2508=LINE('',#17591,#3563);
#2509=LINE('',#17596,#3564);
#2510=LINE('',#17600,#3565);
#2511=LINE('',#17602,#3566);
#2512=LINE('',#17603,#3567);
#2513=LINE('',#17608,#3568);
#2514=LINE('',#17612,#3569);
#2515=LINE('',#17614,#3570);
#2516=LINE('',#17615,#3571);
#2517=LINE('',#17620,#3572);
#2518=LINE('',#17624,#3573);
#2519=LINE('',#17626,#3574);
#2520=LINE('',#17627,#3575);
#2521=LINE('',#17632,#3576);
#2522=LINE('',#17636,#3577);
#2523=LINE('',#17638,#3578);
#2524=LINE('',#17639,#3579);
#2525=LINE('',#17644,#3580);
#2526=LINE('',#17648,#3581);
#2527=LINE('',#17650,#3582);
#2528=LINE('',#17651,#3583);
#2529=LINE('',#17656,#3584);
#2530=LINE('',#17660,#3585);
#2531=LINE('',#17662,#3586);
#2532=LINE('',#17663,#3587);
#2533=LINE('',#17668,#3588);
#2534=LINE('',#17675,#3589);
#2535=LINE('',#17678,#3590);
#2536=LINE('',#17681,#3591);
#2537=LINE('',#17683,#3592);
#2538=LINE('',#17684,#3593);
#2539=LINE('',#17689,#3594);
#2540=LINE('',#17693,#3595);
#2541=LINE('',#17695,#3596);
#2542=LINE('',#17696,#3597);
#2543=LINE('',#17703,#3598);
#2544=LINE('',#17704,#3599);
#2545=LINE('',#17705,#3600);
#2546=LINE('',#17709,#3601);
#2547=LINE('',#17710,#3602);
#2548=LINE('',#17711,#3603);
#2549=LINE('',#17714,#3604);
#2550=LINE('',#17719,#3605);
#2551=LINE('',#17721,#3606);
#2552=VECTOR('',#11559,10.);
#2553=VECTOR('',#11562,10.);
#2554=VECTOR('',#11565,10.);
#2555=VECTOR('',#11566,10.);
#2556=VECTOR('',#11567,10.);
#2557=VECTOR('',#11574,10.);
#2558=VECTOR('',#11577,10.);
#2559=VECTOR('',#11578,10.);
#2560=VECTOR('',#11579,10.);
#2561=VECTOR('',#11586,10.);
#2562=VECTOR('',#11589,10.);
#2563=VECTOR('',#11590,10.);
#2564=VECTOR('',#11591,10.);
#2565=VECTOR('',#11598,10.);
#2566=VECTOR('',#11601,10.);
#2567=VECTOR('',#11602,10.);
#2568=VECTOR('',#11607,10.);
#2569=VECTOR('',#11610,10.);
#2570=VECTOR('',#11613,10.);
#2571=VECTOR('',#11614,10.);
#2572=VECTOR('',#11615,10.);
#2573=VECTOR('',#11622,10.);
#2574=VECTOR('',#11625,10.);
#2575=VECTOR('',#11626,10.);
#2576=VECTOR('',#11627,10.);
#2577=VECTOR('',#11634,10.);
#2578=VECTOR('',#11637,10.);
#2579=VECTOR('',#11638,10.);
#2580=VECTOR('',#11639,10.);
#2581=VECTOR('',#11646,10.);
#2582=VECTOR('',#11649,10.);
#2583=VECTOR('',#11650,10.);
#2584=VECTOR('',#11653,10.);
#2585=VECTOR('',#11654,10.);
#2586=VECTOR('',#11655,10.);
#2587=VECTOR('',#11656,10.);
#2588=VECTOR('',#11663,10.);
#2589=VECTOR('',#11666,10.);
#2590=VECTOR('',#11667,10.);
#2591=VECTOR('',#11668,10.);
#2592=VECTOR('',#11675,10.);
#2593=VECTOR('',#11678,10.);
#2594=VECTOR('',#11679,10.);
#2595=VECTOR('',#11680,10.);
#2596=VECTOR('',#11687,10.);
#2597=VECTOR('',#11690,10.);
#2598=VECTOR('',#11691,10.);
#2599=VECTOR('',#11692,10.);
#2600=VECTOR('',#11699,10.);
#2601=VECTOR('',#11702,10.);
#2602=VECTOR('',#11703,10.);
#2603=VECTOR('',#11704,10.);
#2604=VECTOR('',#11711,10.);
#2605=VECTOR('',#11714,10.);
#2606=VECTOR('',#11715,10.);
#2607=VECTOR('',#11716,10.);
#2608=VECTOR('',#11719,10.);
#2609=VECTOR('',#11720,10.);
#2610=VECTOR('',#11721,10.);
#2611=VECTOR('',#11728,10.);
#2612=VECTOR('',#11731,10.);
#2613=VECTOR('',#11732,10.);
#2614=VECTOR('',#11733,10.);
#2615=VECTOR('',#11736,10.);
#2616=VECTOR('',#11737,10.);
#2617=VECTOR('',#11738,10.);
#2618=VECTOR('',#11745,10.);
#2619=VECTOR('',#11748,10.);
#2620=VECTOR('',#11749,10.);
#2621=VECTOR('',#11750,10.);
#2622=VECTOR('',#11757,10.);
#2623=VECTOR('',#11760,10.);
#2624=VECTOR('',#11761,10.);
#2625=VECTOR('',#11762,10.);
#2626=VECTOR('',#11765,10.);
#2627=VECTOR('',#11766,10.);
#2628=VECTOR('',#11767,10.);
#2629=VECTOR('',#11774,10.);
#2630=VECTOR('',#11777,10.);
#2631=VECTOR('',#11778,10.);
#2632=VECTOR('',#11779,10.);
#2633=VECTOR('',#11782,10.);
#2634=VECTOR('',#11783,10.);
#2635=VECTOR('',#11784,10.);
#2636=VECTOR('',#11791,10.);
#2637=VECTOR('',#11794,10.);
#2638=VECTOR('',#11795,10.);
#2639=VECTOR('',#11796,10.);
#2640=VECTOR('',#11803,10.);
#2641=VECTOR('',#11806,10.);
#2642=VECTOR('',#11807,10.);
#2643=VECTOR('',#11808,10.);
#2644=VECTOR('',#11815,10.);
#2645=VECTOR('',#11818,10.);
#2646=VECTOR('',#11819,10.);
#2647=VECTOR('',#11820,10.);
#2648=VECTOR('',#11827,10.);
#2649=VECTOR('',#11830,10.);
#2650=VECTOR('',#11831,10.);
#2651=VECTOR('',#11832,10.);
#2652=VECTOR('',#11839,10.);
#2653=VECTOR('',#11842,10.);
#2654=VECTOR('',#11843,10.);
#2655=VECTOR('',#11844,10.);
#2656=VECTOR('',#11851,10.);
#2657=VECTOR('',#11854,10.);
#2658=VECTOR('',#11855,10.);
#2659=VECTOR('',#11856,10.);
#2660=VECTOR('',#11859,10.);
#2661=VECTOR('',#11860,10.);
#2662=VECTOR('',#11861,10.);
#2663=VECTOR('',#11868,10.);
#2664=VECTOR('',#11871,10.);
#2665=VECTOR('',#11872,10.);
#2666=VECTOR('',#11873,10.);
#2667=VECTOR('',#11876,10.);
#2668=VECTOR('',#11877,10.);
#2669=VECTOR('',#11878,10.);
#2670=VECTOR('',#11885,10.);
#2671=VECTOR('',#11888,10.);
#2672=VECTOR('',#11889,10.);
#2673=VECTOR('',#11890,10.);
#2674=VECTOR('',#11897,10.);
#2675=VECTOR('',#11900,10.);
#2676=VECTOR('',#11901,10.);
#2677=VECTOR('',#11902,10.);
#2678=VECTOR('',#11905,10.);
#2679=VECTOR('',#11906,10.);
#2680=VECTOR('',#11907,10.);
#2681=VECTOR('',#11910,10.);
#2682=VECTOR('',#11911,10.);
#2683=VECTOR('',#11912,10.);
#2684=VECTOR('',#11919,10.);
#2685=VECTOR('',#11922,10.);
#2686=VECTOR('',#11923,10.);
#2687=VECTOR('',#11924,10.);
#2688=VECTOR('',#11931,10.);
#2689=VECTOR('',#11934,10.);
#2690=VECTOR('',#11935,10.);
#2691=VECTOR('',#11936,10.);
#2692=VECTOR('',#11939,10.);
#2693=VECTOR('',#11940,10.);
#2694=VECTOR('',#11941,10.);
#2695=VECTOR('',#11944,10.);
#2696=VECTOR('',#11945,10.);
#2697=VECTOR('',#11946,10.);
#2698=VECTOR('',#11953,10.);
#2699=VECTOR('',#11956,10.);
#2700=VECTOR('',#11957,10.);
#2701=VECTOR('',#11958,10.);
#2702=VECTOR('',#11965,10.);
#2703=VECTOR('',#11968,10.);
#2704=VECTOR('',#11969,10.);
#2705=VECTOR('',#11970,10.);
#2706=VECTOR('',#11973,10.);
#2707=VECTOR('',#11974,10.);
#2708=VECTOR('',#11975,10.);
#2709=VECTOR('',#11982,10.);
#2710=VECTOR('',#11985,10.);
#2711=VECTOR('',#11986,10.);
#2712=VECTOR('',#11987,10.);
#2713=VECTOR('',#11990,10.);
#2714=VECTOR('',#11991,10.);
#2715=VECTOR('',#11992,10.);
#2716=VECTOR('',#12003,10.);
#2717=VECTOR('',#12006,10.);
#2718=VECTOR('',#12009,10.);
#2719=VECTOR('',#12010,10.);
#2720=VECTOR('',#12011,10.);
#2721=VECTOR('',#12018,10.);
#2722=VECTOR('',#12021,10.);
#2723=VECTOR('',#12022,10.);
#2724=VECTOR('',#12023,10.);
#2725=VECTOR('',#12030,10.);
#2726=VECTOR('',#12033,10.);
#2727=VECTOR('',#12034,10.);
#2728=VECTOR('',#12035,10.);
#2729=VECTOR('',#12042,10.);
#2730=VECTOR('',#12045,10.);
#2731=VECTOR('',#12046,10.);
#2732=VECTOR('',#12049,10.);
#2733=VECTOR('',#12050,10.);
#2734=VECTOR('',#12051,10.);
#2735=VECTOR('',#12052,10.);
#2736=VECTOR('',#12055,10.);
#2737=VECTOR('',#12056,10.);
#2738=VECTOR('',#12057,10.);
#2739=VECTOR('',#12064,10.);
#2740=VECTOR('',#12067,10.);
#2741=VECTOR('',#12068,10.);
#2742=VECTOR('',#12069,10.);
#2743=VECTOR('',#12076,10.);
#2744=VECTOR('',#12079,10.);
#2745=VECTOR('',#12080,10.);
#2746=VECTOR('',#12081,10.);
#2747=VECTOR('',#12084,10.);
#2748=VECTOR('',#12085,10.);
#2749=VECTOR('',#12086,10.);
#2750=VECTOR('',#12093,10.);
#2751=VECTOR('',#12096,10.);
#2752=VECTOR('',#12097,10.);
#2753=VECTOR('',#12098,10.);
#2754=VECTOR('',#12101,10.);
#2755=VECTOR('',#12102,10.);
#2756=VECTOR('',#12103,10.);
#2757=VECTOR('',#12110,10.);
#2758=VECTOR('',#12113,10.);
#2759=VECTOR('',#12114,10.);
#2760=VECTOR('',#12115,10.);
#2761=VECTOR('',#12122,10.);
#2762=VECTOR('',#12125,10.);
#2763=VECTOR('',#12126,10.);
#2764=VECTOR('',#12127,10.);
#2765=VECTOR('',#12134,10.);
#2766=VECTOR('',#12137,10.);
#2767=VECTOR('',#12138,10.);
#2768=VECTOR('',#12139,10.);
#2769=VECTOR('',#12146,10.);
#2770=VECTOR('',#12149,10.);
#2771=VECTOR('',#12150,10.);
#2772=VECTOR('',#12151,10.);
#2773=VECTOR('',#12158,10.);
#2774=VECTOR('',#12161,10.);
#2775=VECTOR('',#12162,10.);
#2776=VECTOR('',#12163,10.);
#2777=VECTOR('',#12170,10.);
#2778=VECTOR('',#12173,10.);
#2779=VECTOR('',#12174,10.);
#2780=VECTOR('',#12175,10.);
#2781=VECTOR('',#12178,10.);
#2782=VECTOR('',#12179,10.);
#2783=VECTOR('',#12180,10.);
#2784=VECTOR('',#12187,10.);
#2785=VECTOR('',#12190,10.);
#2786=VECTOR('',#12191,10.);
#2787=VECTOR('',#12192,10.);
#2788=VECTOR('',#12195,10.);
#2789=VECTOR('',#12196,10.);
#2790=VECTOR('',#12197,10.);
#2791=VECTOR('',#12204,10.);
#2792=VECTOR('',#12207,10.);
#2793=VECTOR('',#12208,10.);
#2794=VECTOR('',#12209,10.);
#2795=VECTOR('',#12216,10.);
#2796=VECTOR('',#12219,10.);
#2797=VECTOR('',#12220,10.);
#2798=VECTOR('',#12221,10.);
#2799=VECTOR('',#12224,10.);
#2800=VECTOR('',#12225,10.);
#2801=VECTOR('',#12226,10.);
#2802=VECTOR('',#12229,10.);
#2803=VECTOR('',#12230,10.);
#2804=VECTOR('',#12231,10.);
#2805=VECTOR('',#12238,10.);
#2806=VECTOR('',#12241,10.);
#2807=VECTOR('',#12242,10.);
#2808=VECTOR('',#12243,10.);
#2809=VECTOR('',#12250,10.);
#2810=VECTOR('',#12253,10.);
#2811=VECTOR('',#12254,10.);
#2812=VECTOR('',#12255,10.);
#2813=VECTOR('',#12258,10.);
#2814=VECTOR('',#12259,10.);
#2815=VECTOR('',#12260,10.);
#2816=VECTOR('',#12263,10.);
#2817=VECTOR('',#12264,10.);
#2818=VECTOR('',#12265,10.);
#2819=VECTOR('',#12272,10.);
#2820=VECTOR('',#12275,10.);
#2821=VECTOR('',#12276,10.);
#2822=VECTOR('',#12277,10.);
#2823=VECTOR('',#12284,10.);
#2824=VECTOR('',#12287,10.);
#2825=VECTOR('',#12288,10.);
#2826=VECTOR('',#12289,10.);
#2827=VECTOR('',#12292,10.);
#2828=VECTOR('',#12293,10.);
#2829=VECTOR('',#12294,10.);
#2830=VECTOR('',#12301,10.);
#2831=VECTOR('',#12304,10.);
#2832=VECTOR('',#12305,10.);
#2833=VECTOR('',#12306,10.);
#2834=VECTOR('',#12309,10.);
#2835=VECTOR('',#12310,10.);
#2836=VECTOR('',#12311,10.);
#2837=VECTOR('',#12318,10.);
#2838=VECTOR('',#12321,10.);
#2839=VECTOR('',#12322,10.);
#2840=VECTOR('',#12323,10.);
#2841=VECTOR('',#12330,10.);
#2842=VECTOR('',#12333,10.);
#2843=VECTOR('',#12334,10.);
#2844=VECTOR('',#12335,10.);
#2845=VECTOR('',#12342,10.);
#2846=VECTOR('',#12345,10.);
#2847=VECTOR('',#12346,10.);
#2848=VECTOR('',#12347,10.);
#2849=VECTOR('',#12354,10.);
#2850=VECTOR('',#12357,10.);
#2851=VECTOR('',#12358,10.);
#2852=VECTOR('',#12359,10.);
#2853=VECTOR('',#12366,10.);
#2854=VECTOR('',#12369,10.);
#2855=VECTOR('',#12370,10.);
#2856=VECTOR('',#12371,10.);
#2857=VECTOR('',#12378,10.);
#2858=VECTOR('',#12381,10.);
#2859=VECTOR('',#12382,10.);
#2860=VECTOR('',#12383,10.);
#2861=VECTOR('',#12386,10.);
#2862=VECTOR('',#12387,10.);
#2863=VECTOR('',#12388,10.);
#2864=VECTOR('',#12399,10.);
#2865=VECTOR('',#12402,10.);
#2866=VECTOR('',#12405,10.);
#2867=VECTOR('',#12406,10.);
#2868=VECTOR('',#12407,10.);
#2869=VECTOR('',#12414,10.);
#2870=VECTOR('',#12417,10.);
#2871=VECTOR('',#12418,10.);
#2872=VECTOR('',#12419,10.);
#2873=VECTOR('',#12426,10.);
#2874=VECTOR('',#12429,10.);
#2875=VECTOR('',#12430,10.);
#2876=VECTOR('',#12431,10.);
#2877=VECTOR('',#12438,10.);
#2878=VECTOR('',#12441,10.);
#2879=VECTOR('',#12442,10.);
#2880=VECTOR('',#12447,10.);
#2881=VECTOR('',#12450,10.);
#2882=VECTOR('',#12453,10.);
#2883=VECTOR('',#12454,10.);
#2884=VECTOR('',#12455,10.);
#2885=VECTOR('',#12462,10.);
#2886=VECTOR('',#12465,10.);
#2887=VECTOR('',#12466,10.);
#2888=VECTOR('',#12467,10.);
#2889=VECTOR('',#12474,10.);
#2890=VECTOR('',#12477,10.);
#2891=VECTOR('',#12478,10.);
#2892=VECTOR('',#12479,10.);
#2893=VECTOR('',#12486,10.);
#2894=VECTOR('',#12489,10.);
#2895=VECTOR('',#12490,10.);
#2896=VECTOR('',#12495,10.);
#2897=VECTOR('',#12498,10.);
#2898=VECTOR('',#12501,10.);
#2899=VECTOR('',#12502,10.);
#2900=VECTOR('',#12503,10.);
#2901=VECTOR('',#12510,10.);
#2902=VECTOR('',#12513,10.);
#2903=VECTOR('',#12514,10.);
#2904=VECTOR('',#12515,10.);
#2905=VECTOR('',#12522,10.);
#2906=VECTOR('',#12525,10.);
#2907=VECTOR('',#12526,10.);
#2908=VECTOR('',#12527,10.);
#2909=VECTOR('',#12534,10.);
#2910=VECTOR('',#12537,10.);
#2911=VECTOR('',#12538,10.);
#2912=VECTOR('',#12543,10.);
#2913=VECTOR('',#12546,10.);
#2914=VECTOR('',#12549,10.);
#2915=VECTOR('',#12550,10.);
#2916=VECTOR('',#12551,10.);
#2917=VECTOR('',#12558,10.);
#2918=VECTOR('',#12561,10.);
#2919=VECTOR('',#12562,10.);
#2920=VECTOR('',#12563,10.);
#2921=VECTOR('',#12570,10.);
#2922=VECTOR('',#12573,10.);
#2923=VECTOR('',#12574,10.);
#2924=VECTOR('',#12575,10.);
#2925=VECTOR('',#12582,10.);
#2926=VECTOR('',#12585,10.);
#2927=VECTOR('',#12586,10.);
#2928=VECTOR('',#12591,10.);
#2929=VECTOR('',#12594,10.);
#2930=VECTOR('',#12597,10.);
#2931=VECTOR('',#12598,10.);
#2932=VECTOR('',#12599,10.);
#2933=VECTOR('',#12606,10.);
#2934=VECTOR('',#12609,10.);
#2935=VECTOR('',#12610,10.);
#2936=VECTOR('',#12611,10.);
#2937=VECTOR('',#12618,10.);
#2938=VECTOR('',#12621,10.);
#2939=VECTOR('',#12622,10.);
#2940=VECTOR('',#12623,10.);
#2941=VECTOR('',#12630,10.);
#2942=VECTOR('',#12633,10.);
#2943=VECTOR('',#12634,10.);
#2944=VECTOR('',#12639,10.);
#2945=VECTOR('',#12642,10.);
#2946=VECTOR('',#12645,10.);
#2947=VECTOR('',#12646,10.);
#2948=VECTOR('',#12647,10.);
#2949=VECTOR('',#12654,10.);
#2950=VECTOR('',#12657,10.);
#2951=VECTOR('',#12658,10.);
#2952=VECTOR('',#12659,10.);
#2953=VECTOR('',#12666,10.);
#2954=VECTOR('',#12669,10.);
#2955=VECTOR('',#12670,10.);
#2956=VECTOR('',#12671,10.);
#2957=VECTOR('',#12678,10.);
#2958=VECTOR('',#12681,10.);
#2959=VECTOR('',#12682,10.);
#2960=VECTOR('',#12687,10.);
#2961=VECTOR('',#12690,10.);
#2962=VECTOR('',#12693,10.);
#2963=VECTOR('',#12694,10.);
#2964=VECTOR('',#12695,10.);
#2965=VECTOR('',#12702,10.);
#2966=VECTOR('',#12705,10.);
#2967=VECTOR('',#12706,10.);
#2968=VECTOR('',#12707,10.);
#2969=VECTOR('',#12714,10.);
#2970=VECTOR('',#12717,10.);
#2971=VECTOR('',#12718,10.);
#2972=VECTOR('',#12719,10.);
#2973=VECTOR('',#12726,10.);
#2974=VECTOR('',#12729,10.);
#2975=VECTOR('',#12730,10.);
#2976=VECTOR('',#12735,10.);
#2977=VECTOR('',#12738,10.);
#2978=VECTOR('',#12741,10.);
#2979=VECTOR('',#12742,10.);
#2980=VECTOR('',#12743,10.);
#2981=VECTOR('',#12750,10.);
#2982=VECTOR('',#12753,10.);
#2983=VECTOR('',#12754,10.);
#2984=VECTOR('',#12755,10.);
#2985=VECTOR('',#12762,10.);
#2986=VECTOR('',#12765,10.);
#2987=VECTOR('',#12766,10.);
#2988=VECTOR('',#12767,10.);
#2989=VECTOR('',#12774,10.);
#2990=VECTOR('',#12777,10.);
#2991=VECTOR('',#12778,10.);
#2992=VECTOR('',#12783,10.);
#2993=VECTOR('',#12786,10.);
#2994=VECTOR('',#12789,10.);
#2995=VECTOR('',#12790,10.);
#2996=VECTOR('',#12791,10.);
#2997=VECTOR('',#12798,10.);
#2998=VECTOR('',#12801,10.);
#2999=VECTOR('',#12802,10.);
#3000=VECTOR('',#12803,10.);
#3001=VECTOR('',#12810,10.);
#3002=VECTOR('',#12813,10.);
#3003=VECTOR('',#12814,10.);
#3004=VECTOR('',#12815,10.);
#3005=VECTOR('',#12822,10.);
#3006=VECTOR('',#12825,10.);
#3007=VECTOR('',#12826,10.);
#3008=VECTOR('',#12831,10.);
#3009=VECTOR('',#12834,10.);
#3010=VECTOR('',#12837,10.);
#3011=VECTOR('',#12838,10.);
#3012=VECTOR('',#12839,10.);
#3013=VECTOR('',#12846,10.);
#3014=VECTOR('',#12849,10.);
#3015=VECTOR('',#12850,10.);
#3016=VECTOR('',#12851,10.);
#3017=VECTOR('',#12858,10.);
#3018=VECTOR('',#12861,10.);
#3019=VECTOR('',#12862,10.);
#3020=VECTOR('',#12863,10.);
#3021=VECTOR('',#12870,10.);
#3022=VECTOR('',#12873,10.);
#3023=VECTOR('',#12874,10.);
#3024=VECTOR('',#12879,10.);
#3025=VECTOR('',#12882,10.);
#3026=VECTOR('',#12885,10.);
#3027=VECTOR('',#12886,10.);
#3028=VECTOR('',#12887,10.);
#3029=VECTOR('',#12894,10.);
#3030=VECTOR('',#12897,10.);
#3031=VECTOR('',#12898,10.);
#3032=VECTOR('',#12899,10.);
#3033=VECTOR('',#12906,10.);
#3034=VECTOR('',#12909,10.);
#3035=VECTOR('',#12910,10.);
#3036=VECTOR('',#12911,10.);
#3037=VECTOR('',#12918,10.);
#3038=VECTOR('',#12921,10.);
#3039=VECTOR('',#12922,10.);
#3040=VECTOR('',#12927,10.);
#3041=VECTOR('',#12930,10.);
#3042=VECTOR('',#12933,10.);
#3043=VECTOR('',#12934,10.);
#3044=VECTOR('',#12935,10.);
#3045=VECTOR('',#12942,10.);
#3046=VECTOR('',#12945,10.);
#3047=VECTOR('',#12946,10.);
#3048=VECTOR('',#12947,10.);
#3049=VECTOR('',#12954,10.);
#3050=VECTOR('',#12957,10.);
#3051=VECTOR('',#12958,10.);
#3052=VECTOR('',#12959,10.);
#3053=VECTOR('',#12966,10.);
#3054=VECTOR('',#12969,10.);
#3055=VECTOR('',#12970,10.);
#3056=VECTOR('',#12975,10.);
#3057=VECTOR('',#12978,10.);
#3058=VECTOR('',#12981,10.);
#3059=VECTOR('',#12982,10.);
#3060=VECTOR('',#12983,10.);
#3061=VECTOR('',#12990,10.);
#3062=VECTOR('',#12993,10.);
#3063=VECTOR('',#12994,10.);
#3064=VECTOR('',#12995,10.);
#3065=VECTOR('',#13002,10.);
#3066=VECTOR('',#13005,10.);
#3067=VECTOR('',#13006,10.);
#3068=VECTOR('',#13007,10.);
#3069=VECTOR('',#13014,10.);
#3070=VECTOR('',#13017,10.);
#3071=VECTOR('',#13018,10.);
#3072=VECTOR('',#13023,10.);
#3073=VECTOR('',#13026,10.);
#3074=VECTOR('',#13029,10.);
#3075=VECTOR('',#13030,10.);
#3076=VECTOR('',#13031,10.);
#3077=VECTOR('',#13038,10.);
#3078=VECTOR('',#13041,10.);
#3079=VECTOR('',#13042,10.);
#3080=VECTOR('',#13043,10.);
#3081=VECTOR('',#13050,10.);
#3082=VECTOR('',#13053,10.);
#3083=VECTOR('',#13054,10.);
#3084=VECTOR('',#13055,10.);
#3085=VECTOR('',#13062,10.);
#3086=VECTOR('',#13065,10.);
#3087=VECTOR('',#13066,10.);
#3088=VECTOR('',#13071,10.);
#3089=VECTOR('',#13074,10.);
#3090=VECTOR('',#13077,10.);
#3091=VECTOR('',#13078,10.);
#3092=VECTOR('',#13079,10.);
#3093=VECTOR('',#13086,10.);
#3094=VECTOR('',#13089,10.);
#3095=VECTOR('',#13090,10.);
#3096=VECTOR('',#13091,10.);
#3097=VECTOR('',#13098,10.);
#3098=VECTOR('',#13101,10.);
#3099=VECTOR('',#13102,10.);
#3100=VECTOR('',#13103,10.);
#3101=VECTOR('',#13110,10.);
#3102=VECTOR('',#13113,10.);
#3103=VECTOR('',#13114,10.);
#3104=VECTOR('',#13119,10.);
#3105=VECTOR('',#13122,10.);
#3106=VECTOR('',#13125,10.);
#3107=VECTOR('',#13126,10.);
#3108=VECTOR('',#13127,10.);
#3109=VECTOR('',#13134,10.);
#3110=VECTOR('',#13137,10.);
#3111=VECTOR('',#13138,10.);
#3112=VECTOR('',#13139,10.);
#3113=VECTOR('',#13146,10.);
#3114=VECTOR('',#13149,10.);
#3115=VECTOR('',#13150,10.);
#3116=VECTOR('',#13151,10.);
#3117=VECTOR('',#13158,10.);
#3118=VECTOR('',#13161,10.);
#3119=VECTOR('',#13162,10.);
#3120=VECTOR('',#13167,10.);
#3121=VECTOR('',#13170,10.);
#3122=VECTOR('',#13173,10.);
#3123=VECTOR('',#13174,10.);
#3124=VECTOR('',#13175,10.);
#3125=VECTOR('',#13182,10.);
#3126=VECTOR('',#13185,10.);
#3127=VECTOR('',#13186,10.);
#3128=VECTOR('',#13187,10.);
#3129=VECTOR('',#13194,10.);
#3130=VECTOR('',#13197,10.);
#3131=VECTOR('',#13198,10.);
#3132=VECTOR('',#13199,10.);
#3133=VECTOR('',#13206,10.);
#3134=VECTOR('',#13209,10.);
#3135=VECTOR('',#13210,10.);
#3136=VECTOR('',#13215,10.);
#3137=VECTOR('',#13218,10.);
#3138=VECTOR('',#13221,10.);
#3139=VECTOR('',#13222,10.);
#3140=VECTOR('',#13223,10.);
#3141=VECTOR('',#13230,10.);
#3142=VECTOR('',#13233,10.);
#3143=VECTOR('',#13234,10.);
#3144=VECTOR('',#13235,10.);
#3145=VECTOR('',#13242,10.);
#3146=VECTOR('',#13245,10.);
#3147=VECTOR('',#13246,10.);
#3148=VECTOR('',#13247,10.);
#3149=VECTOR('',#13254,10.);
#3150=VECTOR('',#13257,10.);
#3151=VECTOR('',#13258,10.);
#3152=VECTOR('',#13263,10.);
#3153=VECTOR('',#13266,10.);
#3154=VECTOR('',#13269,10.);
#3155=VECTOR('',#13270,10.);
#3156=VECTOR('',#13271,10.);
#3157=VECTOR('',#13278,10.);
#3158=VECTOR('',#13281,10.);
#3159=VECTOR('',#13282,10.);
#3160=VECTOR('',#13283,10.);
#3161=VECTOR('',#13290,10.);
#3162=VECTOR('',#13293,10.);
#3163=VECTOR('',#13294,10.);
#3164=VECTOR('',#13295,10.);
#3165=VECTOR('',#13302,10.);
#3166=VECTOR('',#13305,10.);
#3167=VECTOR('',#13306,10.);
#3168=VECTOR('',#13311,10.);
#3169=VECTOR('',#13314,10.);
#3170=VECTOR('',#13317,10.);
#3171=VECTOR('',#13318,10.);
#3172=VECTOR('',#13319,10.);
#3173=VECTOR('',#13326,10.);
#3174=VECTOR('',#13329,10.);
#3175=VECTOR('',#13330,10.);
#3176=VECTOR('',#13331,10.);
#3177=VECTOR('',#13338,10.);
#3178=VECTOR('',#13341,10.);
#3179=VECTOR('',#13342,10.);
#3180=VECTOR('',#13343,10.);
#3181=VECTOR('',#13350,10.);
#3182=VECTOR('',#13353,10.);
#3183=VECTOR('',#13354,10.);
#3184=VECTOR('',#13359,10.);
#3185=VECTOR('',#13362,10.);
#3186=VECTOR('',#13365,10.);
#3187=VECTOR('',#13366,10.);
#3188=VECTOR('',#13367,10.);
#3189=VECTOR('',#13374,10.);
#3190=VECTOR('',#13377,10.);
#3191=VECTOR('',#13378,10.);
#3192=VECTOR('',#13379,10.);
#3193=VECTOR('',#13386,10.);
#3194=VECTOR('',#13389,10.);
#3195=VECTOR('',#13390,10.);
#3196=VECTOR('',#13391,10.);
#3197=VECTOR('',#13398,10.);
#3198=VECTOR('',#13401,10.);
#3199=VECTOR('',#13402,10.);
#3200=VECTOR('',#13407,10.);
#3201=VECTOR('',#13410,10.);
#3202=VECTOR('',#13413,10.);
#3203=VECTOR('',#13414,10.);
#3204=VECTOR('',#13415,10.);
#3205=VECTOR('',#13422,10.);
#3206=VECTOR('',#13425,10.);
#3207=VECTOR('',#13426,10.);
#3208=VECTOR('',#13427,10.);
#3209=VECTOR('',#13434,10.);
#3210=VECTOR('',#13437,10.);
#3211=VECTOR('',#13438,10.);
#3212=VECTOR('',#13439,10.);
#3213=VECTOR('',#13446,10.);
#3214=VECTOR('',#13449,10.);
#3215=VECTOR('',#13450,10.);
#3216=VECTOR('',#13455,10.);
#3217=VECTOR('',#13458,10.);
#3218=VECTOR('',#13461,10.);
#3219=VECTOR('',#13462,10.);
#3220=VECTOR('',#13463,10.);
#3221=VECTOR('',#13470,10.);
#3222=VECTOR('',#13473,10.);
#3223=VECTOR('',#13474,10.);
#3224=VECTOR('',#13475,10.);
#3225=VECTOR('',#13482,10.);
#3226=VECTOR('',#13485,10.);
#3227=VECTOR('',#13486,10.);
#3228=VECTOR('',#13487,10.);
#3229=VECTOR('',#13494,10.);
#3230=VECTOR('',#13497,10.);
#3231=VECTOR('',#13498,10.);
#3232=VECTOR('',#13503,10.);
#3233=VECTOR('',#13506,10.);
#3234=VECTOR('',#13509,10.);
#3235=VECTOR('',#13510,10.);
#3236=VECTOR('',#13511,10.);
#3237=VECTOR('',#13518,10.);
#3238=VECTOR('',#13521,10.);
#3239=VECTOR('',#13522,10.);
#3240=VECTOR('',#13523,10.);
#3241=VECTOR('',#13530,10.);
#3242=VECTOR('',#13533,10.);
#3243=VECTOR('',#13534,10.);
#3244=VECTOR('',#13535,10.);
#3245=VECTOR('',#13542,10.);
#3246=VECTOR('',#13545,10.);
#3247=VECTOR('',#13546,10.);
#3248=VECTOR('',#13551,10.);
#3249=VECTOR('',#13554,10.);
#3250=VECTOR('',#13557,10.);
#3251=VECTOR('',#13558,10.);
#3252=VECTOR('',#13559,10.);
#3253=VECTOR('',#13566,10.);
#3254=VECTOR('',#13569,10.);
#3255=VECTOR('',#13570,10.);
#3256=VECTOR('',#13571,10.);
#3257=VECTOR('',#13578,10.);
#3258=VECTOR('',#13581,10.);
#3259=VECTOR('',#13582,10.);
#3260=VECTOR('',#13583,10.);
#3261=VECTOR('',#13590,10.);
#3262=VECTOR('',#13593,10.);
#3263=VECTOR('',#13594,10.);
#3264=VECTOR('',#13599,10.);
#3265=VECTOR('',#13602,10.);
#3266=VECTOR('',#13605,10.);
#3267=VECTOR('',#13606,10.);
#3268=VECTOR('',#13607,10.);
#3269=VECTOR('',#13614,10.);
#3270=VECTOR('',#13617,10.);
#3271=VECTOR('',#13618,10.);
#3272=VECTOR('',#13619,10.);
#3273=VECTOR('',#13626,10.);
#3274=VECTOR('',#13629,10.);
#3275=VECTOR('',#13630,10.);
#3276=VECTOR('',#13631,10.);
#3277=VECTOR('',#13638,10.);
#3278=VECTOR('',#13641,10.);
#3279=VECTOR('',#13642,10.);
#3280=VECTOR('',#13647,10.);
#3281=VECTOR('',#13650,10.);
#3282=VECTOR('',#13653,10.);
#3283=VECTOR('',#13654,10.);
#3284=VECTOR('',#13655,10.);
#3285=VECTOR('',#13662,10.);
#3286=VECTOR('',#13665,10.);
#3287=VECTOR('',#13666,10.);
#3288=VECTOR('',#13667,10.);
#3289=VECTOR('',#13674,10.);
#3290=VECTOR('',#13677,10.);
#3291=VECTOR('',#13678,10.);
#3292=VECTOR('',#13679,10.);
#3293=VECTOR('',#13686,10.);
#3294=VECTOR('',#13689,10.);
#3295=VECTOR('',#13690,10.);
#3296=VECTOR('',#13695,10.);
#3297=VECTOR('',#13698,10.);
#3298=VECTOR('',#13701,10.);
#3299=VECTOR('',#13702,10.);
#3300=VECTOR('',#13703,10.);
#3301=VECTOR('',#13710,10.);
#3302=VECTOR('',#13713,10.);
#3303=VECTOR('',#13714,10.);
#3304=VECTOR('',#13715,10.);
#3305=VECTOR('',#13722,10.);
#3306=VECTOR('',#13725,10.);
#3307=VECTOR('',#13726,10.);
#3308=VECTOR('',#13727,10.);
#3309=VECTOR('',#13734,10.);
#3310=VECTOR('',#13737,10.);
#3311=VECTOR('',#13738,10.);
#3312=VECTOR('',#13743,10.);
#3313=VECTOR('',#13746,10.);
#3314=VECTOR('',#13749,10.);
#3315=VECTOR('',#13750,10.);
#3316=VECTOR('',#13751,10.);
#3317=VECTOR('',#13758,10.);
#3318=VECTOR('',#13761,10.);
#3319=VECTOR('',#13762,10.);
#3320=VECTOR('',#13763,10.);
#3321=VECTOR('',#13770,10.);
#3322=VECTOR('',#13773,10.);
#3323=VECTOR('',#13774,10.);
#3324=VECTOR('',#13775,10.);
#3325=VECTOR('',#13782,10.);
#3326=VECTOR('',#13785,10.);
#3327=VECTOR('',#13786,10.);
#3328=VECTOR('',#13791,10.);
#3329=VECTOR('',#13794,10.);
#3330=VECTOR('',#13797,10.);
#3331=VECTOR('',#13798,10.);
#3332=VECTOR('',#13799,10.);
#3333=VECTOR('',#13806,10.);
#3334=VECTOR('',#13809,10.);
#3335=VECTOR('',#13810,10.);
#3336=VECTOR('',#13811,10.);
#3337=VECTOR('',#13818,10.);
#3338=VECTOR('',#13821,10.);
#3339=VECTOR('',#13822,10.);
#3340=VECTOR('',#13823,10.);
#3341=VECTOR('',#13830,10.);
#3342=VECTOR('',#13833,10.);
#3343=VECTOR('',#13834,10.);
#3344=VECTOR('',#13839,10.);
#3345=VECTOR('',#13842,10.);
#3346=VECTOR('',#13845,10.);
#3347=VECTOR('',#13846,10.);
#3348=VECTOR('',#13847,10.);
#3349=VECTOR('',#13854,10.);
#3350=VECTOR('',#13857,10.);
#3351=VECTOR('',#13858,10.);
#3352=VECTOR('',#13859,10.);
#3353=VECTOR('',#13866,10.);
#3354=VECTOR('',#13869,10.);
#3355=VECTOR('',#13870,10.);
#3356=VECTOR('',#13871,10.);
#3357=VECTOR('',#13878,10.);
#3358=VECTOR('',#13881,10.);
#3359=VECTOR('',#13882,10.);
#3360=VECTOR('',#13887,10.);
#3361=VECTOR('',#13890,10.);
#3362=VECTOR('',#13893,10.);
#3363=VECTOR('',#13894,10.);
#3364=VECTOR('',#13895,10.);
#3365=VECTOR('',#13902,10.);
#3366=VECTOR('',#13905,10.);
#3367=VECTOR('',#13906,10.);
#3368=VECTOR('',#13907,10.);
#3369=VECTOR('',#13914,10.);
#3370=VECTOR('',#13917,10.);
#3371=VECTOR('',#13918,10.);
#3372=VECTOR('',#13919,10.);
#3373=VECTOR('',#13926,10.);
#3374=VECTOR('',#13929,10.);
#3375=VECTOR('',#13930,10.);
#3376=VECTOR('',#13935,10.);
#3377=VECTOR('',#13938,10.);
#3378=VECTOR('',#13941,10.);
#3379=VECTOR('',#13942,10.);
#3380=VECTOR('',#13943,10.);
#3381=VECTOR('',#13950,10.);
#3382=VECTOR('',#13953,10.);
#3383=VECTOR('',#13954,10.);
#3384=VECTOR('',#13955,10.);
#3385=VECTOR('',#13962,10.);
#3386=VECTOR('',#13965,10.);
#3387=VECTOR('',#13966,10.);
#3388=VECTOR('',#13967,10.);
#3389=VECTOR('',#13974,10.);
#3390=VECTOR('',#13977,10.);
#3391=VECTOR('',#13978,10.);
#3392=VECTOR('',#13983,10.);
#3393=VECTOR('',#13986,10.);
#3394=VECTOR('',#13989,10.);
#3395=VECTOR('',#13990,10.);
#3396=VECTOR('',#13991,10.);
#3397=VECTOR('',#13998,10.);
#3398=VECTOR('',#14001,10.);
#3399=VECTOR('',#14002,10.);
#3400=VECTOR('',#14003,10.);
#3401=VECTOR('',#14010,10.);
#3402=VECTOR('',#14013,10.);
#3403=VECTOR('',#14014,10.);
#3404=VECTOR('',#14015,10.);
#3405=VECTOR('',#14022,10.);
#3406=VECTOR('',#14025,10.);
#3407=VECTOR('',#14026,10.);
#3408=VECTOR('',#14031,10.);
#3409=VECTOR('',#14034,10.);
#3410=VECTOR('',#14037,10.);
#3411=VECTOR('',#14038,10.);
#3412=VECTOR('',#14039,10.);
#3413=VECTOR('',#14046,10.);
#3414=VECTOR('',#14049,10.);
#3415=VECTOR('',#14050,10.);
#3416=VECTOR('',#14051,10.);
#3417=VECTOR('',#14058,10.);
#3418=VECTOR('',#14061,10.);
#3419=VECTOR('',#14062,10.);
#3420=VECTOR('',#14063,10.);
#3421=VECTOR('',#14070,10.);
#3422=VECTOR('',#14073,10.);
#3423=VECTOR('',#14074,10.);
#3424=VECTOR('',#14079,10.);
#3425=VECTOR('',#14082,10.);
#3426=VECTOR('',#14085,10.);
#3427=VECTOR('',#14086,10.);
#3428=VECTOR('',#14087,10.);
#3429=VECTOR('',#14094,10.);
#3430=VECTOR('',#14097,10.);
#3431=VECTOR('',#14098,10.);
#3432=VECTOR('',#14099,10.);
#3433=VECTOR('',#14106,10.);
#3434=VECTOR('',#14109,10.);
#3435=VECTOR('',#14110,10.);
#3436=VECTOR('',#14111,10.);
#3437=VECTOR('',#14118,10.);
#3438=VECTOR('',#14121,10.);
#3439=VECTOR('',#14122,10.);
#3440=VECTOR('',#14127,10.);
#3441=VECTOR('',#14130,10.);
#3442=VECTOR('',#14133,10.);
#3443=VECTOR('',#14134,10.);
#3444=VECTOR('',#14135,10.);
#3445=VECTOR('',#14142,10.);
#3446=VECTOR('',#14145,10.);
#3447=VECTOR('',#14146,10.);
#3448=VECTOR('',#14147,10.);
#3449=VECTOR('',#14154,10.);
#3450=VECTOR('',#14157,10.);
#3451=VECTOR('',#14158,10.);
#3452=VECTOR('',#14159,10.);
#3453=VECTOR('',#14166,10.);
#3454=VECTOR('',#14169,10.);
#3455=VECTOR('',#14170,10.);
#3456=VECTOR('',#14173,10.);
#3457=VECTOR('',#14174,10.);
#3458=VECTOR('',#14175,10.);
#3459=VECTOR('',#14176,10.);
#3460=VECTOR('',#14181,10.);
#3461=VECTOR('',#14186,10.);
#3462=VECTOR('',#14187,10.);
#3463=VECTOR('',#14188,10.);
#3464=VECTOR('',#14193,10.);
#3465=VECTOR('',#14198,10.);
#3466=VECTOR('',#14199,10.);
#3467=VECTOR('',#14200,10.);
#3468=VECTOR('',#14205,10.);
#3469=VECTOR('',#14210,10.);
#3470=VECTOR('',#14211,10.);
#3471=VECTOR('',#14212,10.);
#3472=VECTOR('',#14217,10.);
#3473=VECTOR('',#14222,10.);
#3474=VECTOR('',#14223,10.);
#3475=VECTOR('',#14224,10.);
#3476=VECTOR('',#14229,10.);
#3477=VECTOR('',#14234,10.);
#3478=VECTOR('',#14235,10.);
#3479=VECTOR('',#14236,10.);
#3480=VECTOR('',#14241,10.);
#3481=VECTOR('',#14246,10.);
#3482=VECTOR('',#14247,10.);
#3483=VECTOR('',#14248,10.);
#3484=VECTOR('',#14253,10.);
#3485=VECTOR('',#14258,10.);
#3486=VECTOR('',#14259,10.);
#3487=VECTOR('',#14260,10.);
#3488=VECTOR('',#14265,10.);
#3489=VECTOR('',#14270,10.);
#3490=VECTOR('',#14271,10.);
#3491=VECTOR('',#14272,10.);
#3492=VECTOR('',#14277,10.);
#3493=VECTOR('',#14282,10.);
#3494=VECTOR('',#14283,10.);
#3495=VECTOR('',#14284,10.);
#3496=VECTOR('',#14289,10.);
#3497=VECTOR('',#14294,10.);
#3498=VECTOR('',#14295,10.);
#3499=VECTOR('',#14296,10.);
#3500=VECTOR('',#14301,10.);
#3501=VECTOR('',#14306,10.);
#3502=VECTOR('',#14307,10.);
#3503=VECTOR('',#14308,10.);
#3504=VECTOR('',#14313,10.);
#3505=VECTOR('',#14318,10.);
#3506=VECTOR('',#14319,10.);
#3507=VECTOR('',#14320,10.);
#3508=VECTOR('',#14325,10.);
#3509=VECTOR('',#14330,10.);
#3510=VECTOR('',#14331,10.);
#3511=VECTOR('',#14332,10.);
#3512=VECTOR('',#14337,10.);
#3513=VECTOR('',#14342,10.);
#3514=VECTOR('',#14343,10.);
#3515=VECTOR('',#14344,10.);
#3516=VECTOR('',#14349,10.);
#3517=VECTOR('',#14354,9.99999999999999);
#3518=VECTOR('',#14355,10.);
#3519=VECTOR('',#14356,9.99999999999999);
#3520=VECTOR('',#14361,10.);
#3521=VECTOR('',#14366,10.);
#3522=VECTOR('',#14367,10.);
#3523=VECTOR('',#14368,10.);
#3524=VECTOR('',#14373,10.);
#3525=VECTOR('',#14378,10.);
#3526=VECTOR('',#14379,10.);
#3527=VECTOR('',#14380,10.);
#3528=VECTOR('',#14385,10.);
#3529=VECTOR('',#14390,10.);
#3530=VECTOR('',#14391,10.);
#3531=VECTOR('',#14392,10.);
#3532=VECTOR('',#14397,10.);
#3533=VECTOR('',#14402,10.);
#3534=VECTOR('',#14403,10.);
#3535=VECTOR('',#14404,10.);
#3536=VECTOR('',#14409,10.);
#3537=VECTOR('',#14414,10.);
#3538=VECTOR('',#14415,10.);
#3539=VECTOR('',#14416,10.);
#3540=VECTOR('',#14421,10.);
#3541=VECTOR('',#14426,10.);
#3542=VECTOR('',#14427,10.);
#3543=VECTOR('',#14428,10.);
#3544=VECTOR('',#14433,10.);
#3545=VECTOR('',#14438,10.);
#3546=VECTOR('',#14439,10.);
#3547=VECTOR('',#14440,10.);
#3548=VECTOR('',#14445,10.);
#3549=VECTOR('',#14450,10.);
#3550=VECTOR('',#14451,10.);
#3551=VECTOR('',#14452,10.);
#3552=VECTOR('',#14457,10.);
#3553=VECTOR('',#14462,10.);
#3554=VECTOR('',#14463,10.);
#3555=VECTOR('',#14464,10.);
#3556=VECTOR('',#14469,10.);
#3557=VECTOR('',#14474,10.);
#3558=VECTOR('',#14475,10.);
#3559=VECTOR('',#14476,10.);
#3560=VECTOR('',#14481,10.);
#3561=VECTOR('',#14486,10.);
#3562=VECTOR('',#14487,10.);
#3563=VECTOR('',#14488,10.);
#3564=VECTOR('',#14493,10.);
#3565=VECTOR('',#14498,10.);
#3566=VECTOR('',#14499,10.);
#3567=VECTOR('',#14500,10.);
#3568=VECTOR('',#14505,10.);
#3569=VECTOR('',#14510,10.);
#3570=VECTOR('',#14511,10.);
#3571=VECTOR('',#14512,10.);
#3572=VECTOR('',#14517,10.);
#3573=VECTOR('',#14522,10.);
#3574=VECTOR('',#14523,10.);
#3575=VECTOR('',#14524,10.);
#3576=VECTOR('',#14529,10.);
#3577=VECTOR('',#14534,10.);
#3578=VECTOR('',#14535,10.);
#3579=VECTOR('',#14536,10.);
#3580=VECTOR('',#14541,10.);
#3581=VECTOR('',#14546,10.);
#3582=VECTOR('',#14547,10.);
#3583=VECTOR('',#14548,10.);
#3584=VECTOR('',#14553,10.);
#3585=VECTOR('',#14558,10.);
#3586=VECTOR('',#14559,10.);
#3587=VECTOR('',#14560,10.);
#3588=VECTOR('',#14565,10.);
#3589=VECTOR('',#14572,10.);
#3590=VECTOR('',#14575,10.);
#3591=VECTOR('',#14578,10.);
#3592=VECTOR('',#14579,10.);
#3593=VECTOR('',#14580,10.);
#3594=VECTOR('',#14585,10.);
#3595=VECTOR('',#14590,10.);
#3596=VECTOR('',#14591,10.);
#3597=VECTOR('',#14592,10.);
#3598=VECTOR('',#14601,10.);
#3599=VECTOR('',#14602,10.);
#3600=VECTOR('',#14603,10.);
#3601=VECTOR('',#14606,10.);
#3602=VECTOR('',#14607,10.);
#3603=VECTOR('',#14608,10.);
#3604=VECTOR('',#14611,10.);
#3605=VECTOR('',#14618,10.);
#3606=VECTOR('',#14621,10.);
#3607=CIRCLE('',#10541,0.500000000000007);
#3608=CIRCLE('',#10542,0.500000000000007);
#3609=CIRCLE('',#10545,0.499999999999998);
#3610=CIRCLE('',#10546,0.499999999999998);
#3611=CIRCLE('',#10549,0.499999999999972);
#3612=CIRCLE('',#10550,0.499999999999972);
#3613=CIRCLE('',#10553,0.499999999999998);
#3614=CIRCLE('',#10554,0.499999999999998);
#3615=CIRCLE('',#10557,0.500000000000007);
#3616=CIRCLE('',#10558,0.500000000000007);
#3617=CIRCLE('',#10561,0.499999999999998);
#3618=CIRCLE('',#10562,0.499999999999998);
#3619=CIRCLE('',#10565,0.500000000000007);
#3620=CIRCLE('',#10566,0.500000000000007);
#3621=CIRCLE('',#10569,0.499999999999998);
#3622=CIRCLE('',#10570,0.499999999999998);
#3623=CIRCLE('',#10574,0.499999999999998);
#3624=CIRCLE('',#10575,0.499999999999998);
#3625=CIRCLE('',#10578,0.500000000000007);
#3626=CIRCLE('',#10579,0.500000000000007);
#3627=CIRCLE('',#10582,0.499999999999998);
#3628=CIRCLE('',#10583,0.499999999999998);
#3629=CIRCLE('',#10586,0.500000000000007);
#3630=CIRCLE('',#10587,0.500000000000007);
#3631=CIRCLE('',#10590,0.499999999999989);
#3632=CIRCLE('',#10591,0.499999999999989);
#3633=CIRCLE('',#10595,0.500000000000007);
#3634=CIRCLE('',#10596,0.500000000000007);
#3635=CIRCLE('',#10600,0.499999999999998);
#3636=CIRCLE('',#10601,0.499999999999998);
#3637=CIRCLE('',#10604,0.500000000000007);
#3638=CIRCLE('',#10605,0.500000000000007);
#3639=CIRCLE('',#10609,0.499999999999998);
#3640=CIRCLE('',#10610,0.499999999999998);
#3641=CIRCLE('',#10614,0.500000000000007);
#3642=CIRCLE('',#10615,0.500000000000007);
#3643=CIRCLE('',#10618,0.499999999999998);
#3644=CIRCLE('',#10619,0.499999999999998);
#3645=CIRCLE('',#10622,0.500000000000007);
#3646=CIRCLE('',#10623,0.500000000000007);
#3647=CIRCLE('',#10626,0.499999999999989);
#3648=CIRCLE('',#10627,0.499999999999989);
#3649=CIRCLE('',#10630,0.500000000000007);
#3650=CIRCLE('',#10631,0.500000000000007);
#3651=CIRCLE('',#10634,0.500000000000007);
#3652=CIRCLE('',#10635,0.500000000000007);
#3653=CIRCLE('',#10639,0.499999999999998);
#3654=CIRCLE('',#10640,0.499999999999998);
#3655=CIRCLE('',#10644,0.500000000000007);
#3656=CIRCLE('',#10645,0.500000000000007);
#3657=CIRCLE('',#10648,0.499999999999989);
#3658=CIRCLE('',#10649,0.499999999999989);
#3659=CIRCLE('',#10654,0.499999999999998);
#3660=CIRCLE('',#10655,0.499999999999998);
#3661=CIRCLE('',#10658,0.500000000000007);
#3662=CIRCLE('',#10659,0.500000000000007);
#3663=CIRCLE('',#10664,0.500000000000007);
#3664=CIRCLE('',#10665,0.500000000000007);
#3665=CIRCLE('',#10668,0.499999999999989);
#3666=CIRCLE('',#10669,0.499999999999989);
#3667=CIRCLE('',#10673,0.499999999999989);
#3668=CIRCLE('',#10674,0.499999999999989);
#3669=CIRCLE('',#10678,0.499999999999998);
#3670=CIRCLE('',#10679,0.499999999999998);
#3671=CIRCLE('',#10681,0.500000000000007);
#3672=CIRCLE('',#10682,0.500000000000007);
#3673=CIRCLE('',#10685,0.499999999999998);
#3674=CIRCLE('',#10686,0.499999999999998);
#3675=CIRCLE('',#10689,0.500000000000007);
#3676=CIRCLE('',#10690,0.500000000000007);
#3677=CIRCLE('',#10693,0.499999999999998);
#3678=CIRCLE('',#10694,0.499999999999998);
#3679=CIRCLE('',#10699,0.499999999999998);
#3680=CIRCLE('',#10700,0.499999999999998);
#3681=CIRCLE('',#10703,0.499999999999998);
#3682=CIRCLE('',#10704,0.499999999999998);
#3683=CIRCLE('',#10708,0.499999999999998);
#3684=CIRCLE('',#10709,0.499999999999998);
#3685=CIRCLE('',#10713,0.500000000000007);
#3686=CIRCLE('',#10714,0.500000000000007);
#3687=CIRCLE('',#10717,0.499999999999998);
#3688=CIRCLE('',#10718,0.499999999999998);
#3689=CIRCLE('',#10721,0.499999999999998);
#3690=CIRCLE('',#10722,0.499999999999998);
#3691=CIRCLE('',#10725,0.499999999999998);
#3692=CIRCLE('',#10726,0.499999999999998);
#3693=CIRCLE('',#10729,0.499999999999998);
#3694=CIRCLE('',#10730,0.499999999999998);
#3695=CIRCLE('',#10733,0.499999999999998);
#3696=CIRCLE('',#10734,0.499999999999998);
#3697=CIRCLE('',#10738,0.499999999999998);
#3698=CIRCLE('',#10739,0.499999999999998);
#3699=CIRCLE('',#10743,0.500000000000007);
#3700=CIRCLE('',#10744,0.500000000000007);
#3701=CIRCLE('',#10747,0.499999999999998);
#3702=CIRCLE('',#10748,0.499999999999998);
#3703=CIRCLE('',#10753,0.499999999999998);
#3704=CIRCLE('',#10754,0.499999999999998);
#3705=CIRCLE('',#10757,0.499999999999989);
#3706=CIRCLE('',#10758,0.499999999999989);
#3707=CIRCLE('',#10763,0.500000000000007);
#3708=CIRCLE('',#10764,0.500000000000007);
#3709=CIRCLE('',#10767,0.500000000000007);
#3710=CIRCLE('',#10768,0.500000000000007);
#3711=CIRCLE('',#10772,0.500000000000007);
#3712=CIRCLE('',#10773,0.500000000000007);
#3713=CIRCLE('',#10777,0.499999999999998);
#3714=CIRCLE('',#10778,0.499999999999998);
#3715=CIRCLE('',#10781,0.499999999999998);
#3716=CIRCLE('',#10782,0.499999999999998);
#3717=CIRCLE('',#10785,0.500000000000007);
#3718=CIRCLE('',#10786,0.500000000000007);
#3719=CIRCLE('',#10789,0.499999999999998);
#3720=CIRCLE('',#10790,0.499999999999998);
#3721=CIRCLE('',#10793,0.499999999999989);
#3722=CIRCLE('',#10794,0.499999999999989);
#3723=CIRCLE('',#10797,0.500000000000007);
#3724=CIRCLE('',#10798,0.500000000000007);
#3725=CIRCLE('',#10802,0.499999999999989);
#3726=CIRCLE('',#10803,0.499999999999989);
#3727=CIRCLE('',#10805,0.500000000000007);
#3728=CIRCLE('',#10806,0.500000000000007);
#3729=CIRCLE('',#10809,0.499999999999998);
#3730=CIRCLE('',#10810,0.499999999999998);
#3731=CIRCLE('',#10813,0.499999999999998);
#3732=CIRCLE('',#10814,0.499999999999998);
#3733=CIRCLE('',#10817,0.499999999999998);
#3734=CIRCLE('',#10818,0.499999999999998);
#3735=CIRCLE('',#10821,0.500000000000007);
#3736=CIRCLE('',#10822,0.500000000000007);
#3737=CIRCLE('',#10825,0.499999999999998);
#3738=CIRCLE('',#10826,0.499999999999998);
#3739=CIRCLE('',#10829,0.499999999999998);
#3740=CIRCLE('',#10830,0.499999999999998);
#3741=CIRCLE('',#10833,0.499999999999998);
#3742=CIRCLE('',#10834,0.499999999999998);
#3743=CIRCLE('',#10837,0.500000000000007);
#3744=CIRCLE('',#10838,0.500000000000007);
#3745=CIRCLE('',#10841,0.499999999999998);
#3746=CIRCLE('',#10842,0.499999999999998);
#3747=CIRCLE('',#10845,0.500000000000007);
#3748=CIRCLE('',#10846,0.500000000000007);
#3749=CIRCLE('',#10849,0.499999999999998);
#3750=CIRCLE('',#10850,0.499999999999998);
#3751=CIRCLE('',#10853,0.500000000000007);
#3752=CIRCLE('',#10854,0.500000000000007);
#3753=CIRCLE('',#10857,0.499999999999998);
#3754=CIRCLE('',#10858,0.499999999999998);
#3755=CIRCLE('',#10861,0.500000000000007);
#3756=CIRCLE('',#10862,0.500000000000007);
#3757=CIRCLE('',#10865,0.499999999999998);
#3758=CIRCLE('',#10866,0.499999999999998);
#3759=CIRCLE('',#10869,0.500000000000007);
#3760=CIRCLE('',#10870,0.500000000000007);
#3761=CIRCLE('',#10873,0.499999999999998);
#3762=CIRCLE('',#10874,0.499999999999998);
#3763=CIRCLE('',#10877,0.500000000000007);
#3764=CIRCLE('',#10878,0.500000000000007);
#3765=CIRCLE('',#10881,0.499999999999998);
#3766=CIRCLE('',#10882,0.499999999999998);
#3767=CIRCLE('',#10885,0.500000000000007);
#3768=CIRCLE('',#10886,0.500000000000007);
#3769=CIRCLE('',#10889,0.499999999999998);
#3770=CIRCLE('',#10890,0.499999999999998);
#3771=CIRCLE('',#10893,0.500000000000007);
#3772=CIRCLE('',#10894,0.500000000000007);
#3773=CIRCLE('',#10897,0.499999999999998);
#3774=CIRCLE('',#10898,0.499999999999998);
#3775=CIRCLE('',#10901,0.500000000000007);
#3776=CIRCLE('',#10902,0.500000000000007);
#3777=CIRCLE('',#10905,0.499999999999998);
#3778=CIRCLE('',#10906,0.499999999999998);
#3779=CIRCLE('',#10909,0.500000000000007);
#3780=CIRCLE('',#10910,0.500000000000007);
#3781=CIRCLE('',#10913,0.499999999999998);
#3782=CIRCLE('',#10914,0.499999999999998);
#3783=CIRCLE('',#10917,0.500000000000007);
#3784=CIRCLE('',#10918,0.500000000000007);
#3785=CIRCLE('',#10921,0.499999999999998);
#3786=CIRCLE('',#10922,0.499999999999998);
#3787=CIRCLE('',#10925,0.500000000000007);
#3788=CIRCLE('',#10926,0.500000000000007);
#3789=CIRCLE('',#10929,0.499999999999998);
#3790=CIRCLE('',#10930,0.499999999999998);
#3791=CIRCLE('',#10933,0.500000000000007);
#3792=CIRCLE('',#10934,0.500000000000007);
#3793=CIRCLE('',#10937,0.499999999999998);
#3794=CIRCLE('',#10938,0.499999999999998);
#3795=CIRCLE('',#10941,0.499999999999989);
#3796=CIRCLE('',#10942,0.499999999999989);
#3797=CIRCLE('',#10945,0.499999999999998);
#3798=CIRCLE('',#10946,0.499999999999998);
#3799=CIRCLE('',#10949,0.499999999999989);
#3800=CIRCLE('',#10950,0.499999999999989);
#3801=CIRCLE('',#10953,0.499999999999998);
#3802=CIRCLE('',#10954,0.499999999999998);
#3803=CIRCLE('',#10957,0.499999999999998);
#3804=CIRCLE('',#10958,0.499999999999998);
#3805=CIRCLE('',#10961,0.499999999999998);
#3806=CIRCLE('',#10962,0.499999999999998);
#3807=CIRCLE('',#10965,0.499999999999998);
#3808=CIRCLE('',#10966,0.499999999999998);
#3809=CIRCLE('',#10969,0.499999999999998);
#3810=CIRCLE('',#10970,0.499999999999998);
#3811=CIRCLE('',#10973,0.499999999999998);
#3812=CIRCLE('',#10974,0.499999999999998);
#3813=CIRCLE('',#10977,0.499999999999998);
#3814=CIRCLE('',#10978,0.499999999999998);
#3815=CIRCLE('',#10981,0.499999999999998);
#3816=CIRCLE('',#10982,0.499999999999998);
#3817=CIRCLE('',#10985,0.499999999999998);
#3818=CIRCLE('',#10986,0.499999999999998);
#3819=CIRCLE('',#10989,0.500000000000003);
#3820=CIRCLE('',#10990,0.500000000000003);
#3821=CIRCLE('',#10993,0.499999999999998);
#3822=CIRCLE('',#10994,0.499999999999998);
#3823=CIRCLE('',#10997,0.500000000000003);
#3824=CIRCLE('',#10998,0.500000000000003);
#3825=CIRCLE('',#11001,0.499999999999998);
#3826=CIRCLE('',#11002,0.499999999999998);
#3827=CIRCLE('',#11005,0.5);
#3828=CIRCLE('',#11006,0.5);
#3829=CIRCLE('',#11009,0.499999999999998);
#3830=CIRCLE('',#11010,0.499999999999998);
#3831=CIRCLE('',#11013,0.500000000000007);
#3832=CIRCLE('',#11014,0.500000000000007);
#3833=CIRCLE('',#11017,0.500000000000003);
#3834=CIRCLE('',#11018,0.500000000000003);
#3835=CIRCLE('',#11021,0.499999999999972);
#3836=CIRCLE('',#11022,0.499999999999972);
#3837=CIRCLE('',#11025,0.499999999999998);
#3838=CIRCLE('',#11026,0.499999999999998);
#3839=CIRCLE('',#11029,0.500000000000007);
#3840=CIRCLE('',#11030,0.500000000000007);
#3841=CIRCLE('',#11033,0.500000000000003);
#3842=CIRCLE('',#11034,0.500000000000003);
#3843=CIRCLE('',#11037,0.499999999999972);
#3844=CIRCLE('',#11038,0.499999999999972);
#3845=CIRCLE('',#11041,0.499999999999998);
#3846=CIRCLE('',#11042,0.499999999999998);
#3847=CIRCLE('',#11045,0.500000000000007);
#3848=CIRCLE('',#11046,0.500000000000007);
#3849=CIRCLE('',#11049,0.500000000000003);
#3850=CIRCLE('',#11050,0.500000000000003);
#3851=CIRCLE('',#11053,0.500000000000007);
#3852=CIRCLE('',#11054,0.500000000000007);
#3853=CIRCLE('',#11057,0.499999999999998);
#3854=CIRCLE('',#11058,0.499999999999998);
#3855=CIRCLE('',#11061,0.500000000000007);
#3856=CIRCLE('',#11062,0.500000000000007);
#3857=CIRCLE('',#11065,0.500000000000003);
#3858=CIRCLE('',#11066,0.500000000000003);
#3859=CIRCLE('',#11069,0.500000000000007);
#3860=CIRCLE('',#11070,0.500000000000007);
#3861=CIRCLE('',#11073,0.499999999999998);
#3862=CIRCLE('',#11074,0.499999999999998);
#3863=CIRCLE('',#11077,0.499999999999989);
#3864=CIRCLE('',#11078,0.499999999999989);
#3865=CIRCLE('',#11081,0.500000000000003);
#3866=CIRCLE('',#11082,0.500000000000003);
#3867=CIRCLE('',#11085,0.500000000000007);
#3868=CIRCLE('',#11086,0.500000000000007);
#3869=CIRCLE('',#11089,0.499999999999998);
#3870=CIRCLE('',#11090,0.499999999999998);
#3871=CIRCLE('',#11093,0.500000000000007);
#3872=CIRCLE('',#11094,0.500000000000007);
#3873=CIRCLE('',#11097,0.500000000000003);
#3874=CIRCLE('',#11098,0.500000000000003);
#3875=CIRCLE('',#11101,0.500000000000007);
#3876=CIRCLE('',#11102,0.500000000000007);
#3877=CIRCLE('',#11105,0.499999999999998);
#3878=CIRCLE('',#11106,0.499999999999998);
#3879=CIRCLE('',#11109,0.500000000000007);
#3880=CIRCLE('',#11110,0.500000000000007);
#3881=CIRCLE('',#11113,0.500000000000003);
#3882=CIRCLE('',#11114,0.500000000000003);
#3883=CIRCLE('',#11117,0.500000000000007);
#3884=CIRCLE('',#11118,0.500000000000007);
#3885=CIRCLE('',#11121,0.499999999999998);
#3886=CIRCLE('',#11122,0.499999999999998);
#3887=CIRCLE('',#11125,0.500000000000007);
#3888=CIRCLE('',#11126,0.500000000000007);
#3889=CIRCLE('',#11129,0.500000000000003);
#3890=CIRCLE('',#11130,0.500000000000003);
#3891=CIRCLE('',#11133,0.499999999999989);
#3892=CIRCLE('',#11134,0.499999999999989);
#3893=CIRCLE('',#11137,0.499999999999998);
#3894=CIRCLE('',#11138,0.499999999999998);
#3895=CIRCLE('',#11141,0.499999999999998);
#3896=CIRCLE('',#11142,0.499999999999998);
#3897=CIRCLE('',#11145,0.500000000000003);
#3898=CIRCLE('',#11146,0.500000000000003);
#3899=CIRCLE('',#11149,0.499999999999998);
#3900=CIRCLE('',#11150,0.499999999999998);
#3901=CIRCLE('',#11153,0.499999999999998);
#3902=CIRCLE('',#11154,0.499999999999998);
#3903=CIRCLE('',#11157,0.499999999999998);
#3904=CIRCLE('',#11158,0.499999999999998);
#3905=CIRCLE('',#11161,0.500000000000003);
#3906=CIRCLE('',#11162,0.500000000000003);
#3907=CIRCLE('',#11165,0.499999999999998);
#3908=CIRCLE('',#11166,0.499999999999998);
#3909=CIRCLE('',#11169,0.499999999999998);
#3910=CIRCLE('',#11170,0.499999999999998);
#3911=CIRCLE('',#11173,0.500000000000003);
#3912=CIRCLE('',#11174,0.500000000000003);
#3913=CIRCLE('',#11177,0.500000000000003);
#3914=CIRCLE('',#11178,0.500000000000003);
#3915=CIRCLE('',#11181,0.499999999999998);
#3916=CIRCLE('',#11182,0.499999999999998);
#3917=CIRCLE('',#11185,0.499999999999998);
#3918=CIRCLE('',#11186,0.499999999999998);
#3919=CIRCLE('',#11189,0.499999999999998);
#3920=CIRCLE('',#11190,0.499999999999998);
#3921=CIRCLE('',#11193,0.500000000000003);
#3922=CIRCLE('',#11194,0.500000000000003);
#3923=CIRCLE('',#11197,0.5);
#3924=CIRCLE('',#11198,0.5);
#3925=CIRCLE('',#11201,0.499999999999998);
#3926=CIRCLE('',#11202,0.499999999999998);
#3927=CIRCLE('',#11205,0.500000000000007);
#3928=CIRCLE('',#11206,0.500000000000007);
#3929=CIRCLE('',#11209,0.499999999999998);
#3930=CIRCLE('',#11210,0.499999999999998);
#3931=CIRCLE('',#11213,0.500000000000007);
#3932=CIRCLE('',#11214,0.500000000000007);
#3933=CIRCLE('',#11217,0.5);
#3934=CIRCLE('',#11218,0.5);
#3935=CIRCLE('',#11221,0.499999999999972);
#3936=CIRCLE('',#11222,0.499999999999972);
#3937=CIRCLE('',#11225,0.499999999999998);
#3938=CIRCLE('',#11226,0.499999999999998);
#3939=CIRCLE('',#11229,0.500000000000007);
#3940=CIRCLE('',#11230,0.500000000000007);
#3941=CIRCLE('',#11233,0.5);
#3942=CIRCLE('',#11234,0.5);
#3943=CIRCLE('',#11237,0.500000000000007);
#3944=CIRCLE('',#11238,0.500000000000007);
#3945=CIRCLE('',#11241,0.499999999999998);
#3946=CIRCLE('',#11242,0.499999999999998);
#3947=CIRCLE('',#11245,0.500000000000007);
#3948=CIRCLE('',#11246,0.500000000000007);
#3949=CIRCLE('',#11249,0.5);
#3950=CIRCLE('',#11250,0.5);
#3951=CIRCLE('',#11253,0.500000000000007);
#3952=CIRCLE('',#11254,0.500000000000007);
#3953=CIRCLE('',#11257,0.499999999999998);
#3954=CIRCLE('',#11258,0.499999999999998);
#3955=CIRCLE('',#11261,0.500000000000007);
#3956=CIRCLE('',#11262,0.500000000000007);
#3957=CIRCLE('',#11265,0.5);
#3958=CIRCLE('',#11266,0.5);
#3959=CIRCLE('',#11269,0.500000000000007);
#3960=CIRCLE('',#11270,0.500000000000007);
#3961=CIRCLE('',#11273,0.499999999999998);
#3962=CIRCLE('',#11274,0.499999999999998);
#3963=CIRCLE('',#11277,0.500000000000007);
#3964=CIRCLE('',#11278,0.500000000000007);
#3965=CIRCLE('',#11281,0.5);
#3966=CIRCLE('',#11282,0.5);
#3967=CIRCLE('',#11285,0.500000000000007);
#3968=CIRCLE('',#11286,0.500000000000007);
#3969=CIRCLE('',#11289,0.499999999999998);
#3970=CIRCLE('',#11290,0.499999999999998);
#3971=CIRCLE('',#11293,0.500000000000007);
#3972=CIRCLE('',#11294,0.500000000000007);
#3973=CIRCLE('',#11297,0.5);
#3974=CIRCLE('',#11298,0.5);
#3975=CIRCLE('',#11301,0.500000000000007);
#3976=CIRCLE('',#11302,0.500000000000007);
#3977=CIRCLE('',#11305,0.499999999999998);
#3978=CIRCLE('',#11306,0.499999999999998);
#3979=CIRCLE('',#11309,0.499999999999989);
#3980=CIRCLE('',#11310,0.499999999999989);
#3981=CIRCLE('',#11313,0.5);
#3982=CIRCLE('',#11314,0.5);
#3983=CIRCLE('',#11317,0.499999999999989);
#3984=CIRCLE('',#11318,0.499999999999989);
#3985=CIRCLE('',#11321,0.499999999999998);
#3986=CIRCLE('',#11322,0.499999999999998);
#3987=CIRCLE('',#11325,0.499999999999998);
#3988=CIRCLE('',#11326,0.499999999999998);
#3989=CIRCLE('',#11329,0.5);
#3990=CIRCLE('',#11330,0.5);
#3991=CIRCLE('',#11333,0.499999999999998);
#3992=CIRCLE('',#11334,0.499999999999998);
#3993=CIRCLE('',#11337,0.499999999999998);
#3994=CIRCLE('',#11338,0.499999999999998);
#3995=CIRCLE('',#11341,0.499999999999998);
#3996=CIRCLE('',#11342,0.499999999999998);
#3997=CIRCLE('',#11345,0.5);
#3998=CIRCLE('',#11346,0.5);
#3999=CIRCLE('',#11349,0.499999999999998);
#4000=CIRCLE('',#11350,0.499999999999998);
#4001=CIRCLE('',#11353,0.499999999999998);
#4002=CIRCLE('',#11354,0.499999999999998);
#4003=CIRCLE('',#11357,0.499999999999998);
#4004=CIRCLE('',#11358,0.499999999999998);
#4005=CIRCLE('',#11361,0.5);
#4006=CIRCLE('',#11362,0.5);
#4007=CIRCLE('',#11365,0.500000000000003);
#4008=CIRCLE('',#11366,0.500000000000003);
#4009=CIRCLE('',#11369,0.499999999999998);
#4010=CIRCLE('',#11370,0.499999999999998);
#4011=CIRCLE('',#11373,0.499999999999998);
#4012=CIRCLE('',#11374,0.499999999999998);
#4013=CIRCLE('',#11377,0.5);
#4014=CIRCLE('',#11378,0.5);
#4015=CIRCLE('',#11381,0.499999999999998);
#4016=CIRCLE('',#11382,0.499999999999998);
#4017=CIRCLE('',#11385,0.499999999999998);
#4018=CIRCLE('',#11386,0.499999999999998);
#4019=CIRCLE('',#11389,0.5);
#4020=CIRCLE('',#11390,0.5);
#4021=CIRCLE('',#11393,0.5);
#4022=CIRCLE('',#11394,0.5);
#4023=CIRCLE('',#11398,1.00000000000006);
#4024=CIRCLE('',#11399,1.00000000000006);
#4025=CIRCLE('',#11402,1.00000000000005);
#4026=CIRCLE('',#11403,1.00000000000005);
#4027=CIRCLE('',#11406,1.00000000000001);
#4028=CIRCLE('',#11407,1.00000000000001);
#4029=CIRCLE('',#11410,1.00000000000001);
#4030=CIRCLE('',#11411,1.00000000000001);
#4031=CIRCLE('',#11414,1.00000000000001);
#4032=CIRCLE('',#11415,1.00000000000001);
#4033=CIRCLE('',#11418,1.00000000000002);
#4034=CIRCLE('',#11419,1.00000000000002);
#4035=CIRCLE('',#11422,0.999999999999996);
#4036=CIRCLE('',#11423,0.999999999999996);
#4037=CIRCLE('',#11426,0.999999999999999);
#4038=CIRCLE('',#11427,0.999999999999999);
#4039=CIRCLE('',#11430,0.999999999999996);
#4040=CIRCLE('',#11431,0.999999999999996);
#4041=CIRCLE('',#11434,0.999999999999996);
#4042=CIRCLE('',#11435,0.999999999999996);
#4043=CIRCLE('',#11438,0.999999999999999);
#4044=CIRCLE('',#11439,0.999999999999999);
#4045=CIRCLE('',#11442,0.999999999999996);
#4046=CIRCLE('',#11443,0.999999999999996);
#4047=CIRCLE('',#11446,0.999999999999996);
#4048=CIRCLE('',#11447,0.999999999999996);
#4049=CIRCLE('',#11450,0.999999999999992);
#4050=CIRCLE('',#11451,0.999999999999992);
#4051=CIRCLE('',#11454,2.);
#4052=CIRCLE('',#11455,2.);
#4053=CIRCLE('',#11458,2.);
#4054=CIRCLE('',#11459,2.);
#4055=CIRCLE('',#11462,0.999999999999952);
#4056=CIRCLE('',#11463,0.999999999999952);
#4057=CIRCLE('',#11466,1.00000000000001);
#4058=CIRCLE('',#11467,1.00000000000001);
#4059=CIRCLE('',#11470,0.999999999999996);
#4060=CIRCLE('',#11471,0.999999999999996);
#4061=CIRCLE('',#11474,0.999999999999996);
#4062=CIRCLE('',#11475,0.999999999999996);
#4063=CIRCLE('',#11478,0.999999999999996);
#4064=CIRCLE('',#11479,0.999999999999996);
#4065=CIRCLE('',#11482,0.999999999999996);
#4066=CIRCLE('',#11483,0.999999999999996);
#4067=CIRCLE('',#11486,1.00000000000001);
#4068=CIRCLE('',#11487,1.00000000000001);
#4069=CIRCLE('',#11490,0.999999999999766);
#4070=CIRCLE('',#11491,0.999999999999766);
#4071=CIRCLE('',#11494,1.00000000000005);
#4072=CIRCLE('',#11495,1.00000000000005);
#4073=CIRCLE('',#11498,1.00000000000005);
#4074=CIRCLE('',#11499,1.00000000000005);
#4075=CIRCLE('',#11502,1.00000000000005);
#4076=CIRCLE('',#11503,1.00000000000005);
#4077=CIRCLE('',#11506,1.00000000000001);
#4078=CIRCLE('',#11507,1.00000000000001);
#4079=CIRCLE('',#11510,1.00000000000005);
#4080=CIRCLE('',#11511,1.00000000000005);
#4081=CIRCLE('',#11514,1.00000000000005);
#4082=CIRCLE('',#11515,1.00000000000005);
#4083=CIRCLE('',#11518,1.00000000000005);
#4084=CIRCLE('',#11519,1.00000000000005);
#4085=CIRCLE('',#11522,0.999999999999996);
#4086=CIRCLE('',#11523,0.999999999999996);
#4087=CIRCLE('',#11526,1.99999999999999);
#4088=CIRCLE('',#11527,1.99999999999999);
#4089=CIRCLE('',#11529,2.00000000000006);
#4090=CIRCLE('',#11530,2.00000000000006);
#4091=CIRCLE('',#11533,1.00000000000001);
#4092=CIRCLE('',#11534,1.00000000000001);
#4093=CIRCLE('',#11537,1.00000000000001);
#4094=CIRCLE('',#11538,1.00000000000001);
#4095=CIRCLE('',#11542,1.99999999999998);
#4096=CIRCLE('',#11544,1.99999999999998);
#4097=VERTEX_POINT('',#14632);
#4098=VERTEX_POINT('',#14633);
#4099=VERTEX_POINT('',#14635);
#4100=VERTEX_POINT('',#14637);
#4101=VERTEX_POINT('',#14641);
#4102=VERTEX_POINT('',#14643);
#4103=VERTEX_POINT('',#14647);
#4104=VERTEX_POINT('',#14649);
#4105=VERTEX_POINT('',#14653);
#4106=VERTEX_POINT('',#14655);
#4107=VERTEX_POINT('',#14659);
#4108=VERTEX_POINT('',#14661);
#4109=VERTEX_POINT('',#14665);
#4110=VERTEX_POINT('',#14667);
#4111=VERTEX_POINT('',#14671);
#4112=VERTEX_POINT('',#14673);
#4113=VERTEX_POINT('',#14680);
#4114=VERTEX_POINT('',#14681);
#4115=VERTEX_POINT('',#14683);
#4116=VERTEX_POINT('',#14685);
#4117=VERTEX_POINT('',#14689);
#4118=VERTEX_POINT('',#14691);
#4119=VERTEX_POINT('',#14695);
#4120=VERTEX_POINT('',#14697);
#4121=VERTEX_POINT('',#14701);
#4122=VERTEX_POINT('',#14703);
#4123=VERTEX_POINT('',#14707);
#4124=VERTEX_POINT('',#14709);
#4125=VERTEX_POINT('',#14713);
#4126=VERTEX_POINT('',#14715);
#4127=VERTEX_POINT('',#14719);
#4128=VERTEX_POINT('',#14721);
#4129=VERTEX_POINT('',#14728);
#4130=VERTEX_POINT('',#14729);
#4131=VERTEX_POINT('',#14731);
#4132=VERTEX_POINT('',#14733);
#4133=VERTEX_POINT('',#14737);
#4134=VERTEX_POINT('',#14739);
#4135=VERTEX_POINT('',#14743);
#4136=VERTEX_POINT('',#14745);
#4137=VERTEX_POINT('',#14749);
#4138=VERTEX_POINT('',#14751);
#4139=VERTEX_POINT('',#14755);
#4140=VERTEX_POINT('',#14757);
#4141=VERTEX_POINT('',#14761);
#4142=VERTEX_POINT('',#14763);
#4143=VERTEX_POINT('',#14767);
#4144=VERTEX_POINT('',#14769);
#4145=VERTEX_POINT('',#14773);
#4146=VERTEX_POINT('',#14775);
#4147=VERTEX_POINT('',#14779);
#4148=VERTEX_POINT('',#14781);
#4149=VERTEX_POINT('',#14785);
#4150=VERTEX_POINT('',#14787);
#4151=VERTEX_POINT('',#14791);
#4152=VERTEX_POINT('',#14793);
#4153=VERTEX_POINT('',#14797);
#4154=VERTEX_POINT('',#14799);
#4155=VERTEX_POINT('',#14803);
#4156=VERTEX_POINT('',#14805);
#4157=VERTEX_POINT('',#14809);
#4158=VERTEX_POINT('',#14811);
#4159=VERTEX_POINT('',#14815);
#4160=VERTEX_POINT('',#14817);
#4161=VERTEX_POINT('',#14821);
#4162=VERTEX_POINT('',#14823);
#4163=VERTEX_POINT('',#14827);
#4164=VERTEX_POINT('',#14829);
#4165=VERTEX_POINT('',#14833);
#4166=VERTEX_POINT('',#14835);
#4167=VERTEX_POINT('',#14839);
#4168=VERTEX_POINT('',#14841);
#4169=VERTEX_POINT('',#14845);
#4170=VERTEX_POINT('',#14847);
#4171=VERTEX_POINT('',#14851);
#4172=VERTEX_POINT('',#14853);
#4173=VERTEX_POINT('',#14857);
#4174=VERTEX_POINT('',#14859);
#4175=VERTEX_POINT('',#14863);
#4176=VERTEX_POINT('',#14865);
#4177=VERTEX_POINT('',#14869);
#4178=VERTEX_POINT('',#14871);
#4179=VERTEX_POINT('',#14875);
#4180=VERTEX_POINT('',#14877);
#4181=VERTEX_POINT('',#14881);
#4182=VERTEX_POINT('',#14883);
#4183=VERTEX_POINT('',#14887);
#4184=VERTEX_POINT('',#14889);
#4185=VERTEX_POINT('',#14893);
#4186=VERTEX_POINT('',#14895);
#4187=VERTEX_POINT('',#14899);
#4188=VERTEX_POINT('',#14901);
#4189=VERTEX_POINT('',#14905);
#4190=VERTEX_POINT('',#14907);
#4191=VERTEX_POINT('',#14911);
#4192=VERTEX_POINT('',#14913);
#4193=VERTEX_POINT('',#14917);
#4194=VERTEX_POINT('',#14919);
#4195=VERTEX_POINT('',#14923);
#4196=VERTEX_POINT('',#14925);
#4197=VERTEX_POINT('',#14929);
#4198=VERTEX_POINT('',#14931);
#4199=VERTEX_POINT('',#14935);
#4200=VERTEX_POINT('',#14937);
#4201=VERTEX_POINT('',#14941);
#4202=VERTEX_POINT('',#14943);
#4203=VERTEX_POINT('',#14947);
#4204=VERTEX_POINT('',#14949);
#4205=VERTEX_POINT('',#14953);
#4206=VERTEX_POINT('',#14955);
#4207=VERTEX_POINT('',#14959);
#4208=VERTEX_POINT('',#14961);
#4209=VERTEX_POINT('',#14965);
#4210=VERTEX_POINT('',#14967);
#4211=VERTEX_POINT('',#14971);
#4212=VERTEX_POINT('',#14973);
#4213=VERTEX_POINT('',#14977);
#4214=VERTEX_POINT('',#14979);
#4215=VERTEX_POINT('',#14983);
#4216=VERTEX_POINT('',#14985);
#4217=VERTEX_POINT('',#14989);
#4218=VERTEX_POINT('',#14991);
#4219=VERTEX_POINT('',#14995);
#4220=VERTEX_POINT('',#14997);
#4221=VERTEX_POINT('',#15001);
#4222=VERTEX_POINT('',#15003);
#4223=VERTEX_POINT('',#15007);
#4224=VERTEX_POINT('',#15009);
#4225=VERTEX_POINT('',#15013);
#4226=VERTEX_POINT('',#15015);
#4227=VERTEX_POINT('',#15019);
#4228=VERTEX_POINT('',#15021);
#4229=VERTEX_POINT('',#15025);
#4230=VERTEX_POINT('',#15027);
#4231=VERTEX_POINT('',#15031);
#4232=VERTEX_POINT('',#15033);
#4233=VERTEX_POINT('',#15037);
#4234=VERTEX_POINT('',#15039);
#4235=VERTEX_POINT('',#15043);
#4236=VERTEX_POINT('',#15045);
#4237=VERTEX_POINT('',#15049);
#4238=VERTEX_POINT('',#15051);
#4239=VERTEX_POINT('',#15055);
#4240=VERTEX_POINT('',#15057);
#4241=VERTEX_POINT('',#15061);
#4242=VERTEX_POINT('',#15063);
#4243=VERTEX_POINT('',#15067);
#4244=VERTEX_POINT('',#15069);
#4245=VERTEX_POINT('',#15073);
#4246=VERTEX_POINT('',#15075);
#4247=VERTEX_POINT('',#15079);
#4248=VERTEX_POINT('',#15081);
#4249=VERTEX_POINT('',#15088);
#4250=VERTEX_POINT('',#15089);
#4251=VERTEX_POINT('',#15091);
#4252=VERTEX_POINT('',#15093);
#4253=VERTEX_POINT('',#15097);
#4254=VERTEX_POINT('',#15099);
#4255=VERTEX_POINT('',#15103);
#4256=VERTEX_POINT('',#15105);
#4257=VERTEX_POINT('',#15109);
#4258=VERTEX_POINT('',#15111);
#4259=VERTEX_POINT('',#15115);
#4260=VERTEX_POINT('',#15117);
#4261=VERTEX_POINT('',#15121);
#4262=VERTEX_POINT('',#15123);
#4263=VERTEX_POINT('',#15127);
#4264=VERTEX_POINT('',#15129);
#4265=VERTEX_POINT('',#15136);
#4266=VERTEX_POINT('',#15137);
#4267=VERTEX_POINT('',#15139);
#4268=VERTEX_POINT('',#15141);
#4269=VERTEX_POINT('',#15145);
#4270=VERTEX_POINT('',#15147);
#4271=VERTEX_POINT('',#15151);
#4272=VERTEX_POINT('',#15153);
#4273=VERTEX_POINT('',#15157);
#4274=VERTEX_POINT('',#15159);
#4275=VERTEX_POINT('',#15163);
#4276=VERTEX_POINT('',#15165);
#4277=VERTEX_POINT('',#15169);
#4278=VERTEX_POINT('',#15171);
#4279=VERTEX_POINT('',#15175);
#4280=VERTEX_POINT('',#15177);
#4281=VERTEX_POINT('',#15181);
#4282=VERTEX_POINT('',#15183);
#4283=VERTEX_POINT('',#15187);
#4284=VERTEX_POINT('',#15189);
#4285=VERTEX_POINT('',#15193);
#4286=VERTEX_POINT('',#15195);
#4287=VERTEX_POINT('',#15199);
#4288=VERTEX_POINT('',#15201);
#4289=VERTEX_POINT('',#15205);
#4290=VERTEX_POINT('',#15207);
#4291=VERTEX_POINT('',#15211);
#4292=VERTEX_POINT('',#15213);
#4293=VERTEX_POINT('',#15217);
#4294=VERTEX_POINT('',#15219);
#4295=VERTEX_POINT('',#15223);
#4296=VERTEX_POINT('',#15225);
#4297=VERTEX_POINT('',#15229);
#4298=VERTEX_POINT('',#15231);
#4299=VERTEX_POINT('',#15235);
#4300=VERTEX_POINT('',#15237);
#4301=VERTEX_POINT('',#15241);
#4302=VERTEX_POINT('',#15243);
#4303=VERTEX_POINT('',#15247);
#4304=VERTEX_POINT('',#15249);
#4305=VERTEX_POINT('',#15253);
#4306=VERTEX_POINT('',#15255);
#4307=VERTEX_POINT('',#15259);
#4308=VERTEX_POINT('',#15261);
#4309=VERTEX_POINT('',#15265);
#4310=VERTEX_POINT('',#15267);
#4311=VERTEX_POINT('',#15271);
#4312=VERTEX_POINT('',#15273);
#4313=VERTEX_POINT('',#15277);
#4314=VERTEX_POINT('',#15279);
#4315=VERTEX_POINT('',#15283);
#4316=VERTEX_POINT('',#15285);
#4317=VERTEX_POINT('',#15289);
#4318=VERTEX_POINT('',#15291);
#4319=VERTEX_POINT('',#15295);
#4320=VERTEX_POINT('',#15297);
#4321=VERTEX_POINT('',#15301);
#4322=VERTEX_POINT('',#15303);
#4323=VERTEX_POINT('',#15307);
#4324=VERTEX_POINT('',#15309);
#4325=VERTEX_POINT('',#15313);
#4326=VERTEX_POINT('',#15315);
#4327=VERTEX_POINT('',#15319);
#4328=VERTEX_POINT('',#15321);
#4329=VERTEX_POINT('',#15325);
#4330=VERTEX_POINT('',#15327);
#4331=VERTEX_POINT('',#15331);
#4332=VERTEX_POINT('',#15333);
#4333=VERTEX_POINT('',#15337);
#4334=VERTEX_POINT('',#15339);
#4335=VERTEX_POINT('',#15343);
#4336=VERTEX_POINT('',#15345);
#4337=VERTEX_POINT('',#15349);
#4338=VERTEX_POINT('',#15351);
#4339=VERTEX_POINT('',#15355);
#4340=VERTEX_POINT('',#15357);
#4341=VERTEX_POINT('',#15361);
#4342=VERTEX_POINT('',#15363);
#4343=VERTEX_POINT('',#15367);
#4344=VERTEX_POINT('',#15369);
#4345=VERTEX_POINT('',#15373);
#4346=VERTEX_POINT('',#15375);
#4347=VERTEX_POINT('',#15379);
#4348=VERTEX_POINT('',#15381);
#4349=VERTEX_POINT('',#15385);
#4350=VERTEX_POINT('',#15387);
#4351=VERTEX_POINT('',#15391);
#4352=VERTEX_POINT('',#15393);
#4353=VERTEX_POINT('',#15397);
#4354=VERTEX_POINT('',#15399);
#4355=VERTEX_POINT('',#15403);
#4356=VERTEX_POINT('',#15405);
#4357=VERTEX_POINT('',#15409);
#4358=VERTEX_POINT('',#15411);
#4359=VERTEX_POINT('',#15415);
#4360=VERTEX_POINT('',#15417);
#4361=VERTEX_POINT('',#15421);
#4362=VERTEX_POINT('',#15423);
#4363=VERTEX_POINT('',#15427);
#4364=VERTEX_POINT('',#15429);
#4365=VERTEX_POINT('',#15433);
#4366=VERTEX_POINT('',#15435);
#4367=VERTEX_POINT('',#15439);
#4368=VERTEX_POINT('',#15441);
#4369=VERTEX_POINT('',#15445);
#4370=VERTEX_POINT('',#15447);
#4371=VERTEX_POINT('',#15451);
#4372=VERTEX_POINT('',#15453);
#4373=VERTEX_POINT('',#15457);
#4374=VERTEX_POINT('',#15459);
#4375=VERTEX_POINT('',#15463);
#4376=VERTEX_POINT('',#15465);
#4377=VERTEX_POINT('',#15469);
#4378=VERTEX_POINT('',#15471);
#4379=VERTEX_POINT('',#15475);
#4380=VERTEX_POINT('',#15477);
#4381=VERTEX_POINT('',#15481);
#4382=VERTEX_POINT('',#15483);
#4383=VERTEX_POINT('',#15487);
#4384=VERTEX_POINT('',#15489);
#4385=VERTEX_POINT('',#15496);
#4386=VERTEX_POINT('',#15497);
#4387=VERTEX_POINT('',#15499);
#4388=VERTEX_POINT('',#15501);
#4389=VERTEX_POINT('',#15505);
#4390=VERTEX_POINT('',#15507);
#4391=VERTEX_POINT('',#15511);
#4392=VERTEX_POINT('',#15513);
#4393=VERTEX_POINT('',#15517);
#4394=VERTEX_POINT('',#15519);
#4395=VERTEX_POINT('',#15523);
#4396=VERTEX_POINT('',#15525);
#4397=VERTEX_POINT('',#15529);
#4398=VERTEX_POINT('',#15531);
#4399=VERTEX_POINT('',#15535);
#4400=VERTEX_POINT('',#15537);
#4401=VERTEX_POINT('',#15544);
#4402=VERTEX_POINT('',#15545);
#4403=VERTEX_POINT('',#15547);
#4404=VERTEX_POINT('',#15549);
#4405=VERTEX_POINT('',#15553);
#4406=VERTEX_POINT('',#15555);
#4407=VERTEX_POINT('',#15559);
#4408=VERTEX_POINT('',#15561);
#4409=VERTEX_POINT('',#15565);
#4410=VERTEX_POINT('',#15567);
#4411=VERTEX_POINT('',#15571);
#4412=VERTEX_POINT('',#15573);
#4413=VERTEX_POINT('',#15577);
#4414=VERTEX_POINT('',#15579);
#4415=VERTEX_POINT('',#15583);
#4416=VERTEX_POINT('',#15585);
#4417=VERTEX_POINT('',#15592);
#4418=VERTEX_POINT('',#15593);
#4419=VERTEX_POINT('',#15595);
#4420=VERTEX_POINT('',#15597);
#4421=VERTEX_POINT('',#15601);
#4422=VERTEX_POINT('',#15603);
#4423=VERTEX_POINT('',#15607);
#4424=VERTEX_POINT('',#15609);
#4425=VERTEX_POINT('',#15613);
#4426=VERTEX_POINT('',#15615);
#4427=VERTEX_POINT('',#15619);
#4428=VERTEX_POINT('',#15621);
#4429=VERTEX_POINT('',#15625);
#4430=VERTEX_POINT('',#15627);
#4431=VERTEX_POINT('',#15631);
#4432=VERTEX_POINT('',#15633);
#4433=VERTEX_POINT('',#15640);
#4434=VERTEX_POINT('',#15641);
#4435=VERTEX_POINT('',#15643);
#4436=VERTEX_POINT('',#15645);
#4437=VERTEX_POINT('',#15649);
#4438=VERTEX_POINT('',#15651);
#4439=VERTEX_POINT('',#15655);
#4440=VERTEX_POINT('',#15657);
#4441=VERTEX_POINT('',#15661);
#4442=VERTEX_POINT('',#15663);
#4443=VERTEX_POINT('',#15667);
#4444=VERTEX_POINT('',#15669);
#4445=VERTEX_POINT('',#15673);
#4446=VERTEX_POINT('',#15675);
#4447=VERTEX_POINT('',#15679);
#4448=VERTEX_POINT('',#15681);
#4449=VERTEX_POINT('',#15688);
#4450=VERTEX_POINT('',#15689);
#4451=VERTEX_POINT('',#15691);
#4452=VERTEX_POINT('',#15693);
#4453=VERTEX_POINT('',#15697);
#4454=VERTEX_POINT('',#15699);
#4455=VERTEX_POINT('',#15703);
#4456=VERTEX_POINT('',#15705);
#4457=VERTEX_POINT('',#15709);
#4458=VERTEX_POINT('',#15711);
#4459=VERTEX_POINT('',#15715);
#4460=VERTEX_POINT('',#15717);
#4461=VERTEX_POINT('',#15721);
#4462=VERTEX_POINT('',#15723);
#4463=VERTEX_POINT('',#15727);
#4464=VERTEX_POINT('',#15729);
#4465=VERTEX_POINT('',#15736);
#4466=VERTEX_POINT('',#15737);
#4467=VERTEX_POINT('',#15739);
#4468=VERTEX_POINT('',#15741);
#4469=VERTEX_POINT('',#15745);
#4470=VERTEX_POINT('',#15747);
#4471=VERTEX_POINT('',#15751);
#4472=VERTEX_POINT('',#15753);
#4473=VERTEX_POINT('',#15757);
#4474=VERTEX_POINT('',#15759);
#4475=VERTEX_POINT('',#15763);
#4476=VERTEX_POINT('',#15765);
#4477=VERTEX_POINT('',#15769);
#4478=VERTEX_POINT('',#15771);
#4479=VERTEX_POINT('',#15775);
#4480=VERTEX_POINT('',#15777);
#4481=VERTEX_POINT('',#15784);
#4482=VERTEX_POINT('',#15785);
#4483=VERTEX_POINT('',#15787);
#4484=VERTEX_POINT('',#15789);
#4485=VERTEX_POINT('',#15793);
#4486=VERTEX_POINT('',#15795);
#4487=VERTEX_POINT('',#15799);
#4488=VERTEX_POINT('',#15801);
#4489=VERTEX_POINT('',#15805);
#4490=VERTEX_POINT('',#15807);
#4491=VERTEX_POINT('',#15811);
#4492=VERTEX_POINT('',#15813);
#4493=VERTEX_POINT('',#15817);
#4494=VERTEX_POINT('',#15819);
#4495=VERTEX_POINT('',#15823);
#4496=VERTEX_POINT('',#15825);
#4497=VERTEX_POINT('',#15832);
#4498=VERTEX_POINT('',#15833);
#4499=VERTEX_POINT('',#15835);
#4500=VERTEX_POINT('',#15837);
#4501=VERTEX_POINT('',#15841);
#4502=VERTEX_POINT('',#15843);
#4503=VERTEX_POINT('',#15847);
#4504=VERTEX_POINT('',#15849);
#4505=VERTEX_POINT('',#15853);
#4506=VERTEX_POINT('',#15855);
#4507=VERTEX_POINT('',#15859);
#4508=VERTEX_POINT('',#15861);
#4509=VERTEX_POINT('',#15865);
#4510=VERTEX_POINT('',#15867);
#4511=VERTEX_POINT('',#15871);
#4512=VERTEX_POINT('',#15873);
#4513=VERTEX_POINT('',#15880);
#4514=VERTEX_POINT('',#15881);
#4515=VERTEX_POINT('',#15883);
#4516=VERTEX_POINT('',#15885);
#4517=VERTEX_POINT('',#15889);
#4518=VERTEX_POINT('',#15891);
#4519=VERTEX_POINT('',#15895);
#4520=VERTEX_POINT('',#15897);
#4521=VERTEX_POINT('',#15901);
#4522=VERTEX_POINT('',#15903);
#4523=VERTEX_POINT('',#15907);
#4524=VERTEX_POINT('',#15909);
#4525=VERTEX_POINT('',#15913);
#4526=VERTEX_POINT('',#15915);
#4527=VERTEX_POINT('',#15919);
#4528=VERTEX_POINT('',#15921);
#4529=VERTEX_POINT('',#15928);
#4530=VERTEX_POINT('',#15929);
#4531=VERTEX_POINT('',#15931);
#4532=VERTEX_POINT('',#15933);
#4533=VERTEX_POINT('',#15937);
#4534=VERTEX_POINT('',#15939);
#4535=VERTEX_POINT('',#15943);
#4536=VERTEX_POINT('',#15945);
#4537=VERTEX_POINT('',#15949);
#4538=VERTEX_POINT('',#15951);
#4539=VERTEX_POINT('',#15955);
#4540=VERTEX_POINT('',#15957);
#4541=VERTEX_POINT('',#15961);
#4542=VERTEX_POINT('',#15963);
#4543=VERTEX_POINT('',#15967);
#4544=VERTEX_POINT('',#15969);
#4545=VERTEX_POINT('',#15976);
#4546=VERTEX_POINT('',#15977);
#4547=VERTEX_POINT('',#15979);
#4548=VERTEX_POINT('',#15981);
#4549=VERTEX_POINT('',#15985);
#4550=VERTEX_POINT('',#15987);
#4551=VERTEX_POINT('',#15991);
#4552=VERTEX_POINT('',#15993);
#4553=VERTEX_POINT('',#15997);
#4554=VERTEX_POINT('',#15999);
#4555=VERTEX_POINT('',#16003);
#4556=VERTEX_POINT('',#16005);
#4557=VERTEX_POINT('',#16009);
#4558=VERTEX_POINT('',#16011);
#4559=VERTEX_POINT('',#16015);
#4560=VERTEX_POINT('',#16017);
#4561=VERTEX_POINT('',#16024);
#4562=VERTEX_POINT('',#16025);
#4563=VERTEX_POINT('',#16027);
#4564=VERTEX_POINT('',#16029);
#4565=VERTEX_POINT('',#16033);
#4566=VERTEX_POINT('',#16035);
#4567=VERTEX_POINT('',#16039);
#4568=VERTEX_POINT('',#16041);
#4569=VERTEX_POINT('',#16045);
#4570=VERTEX_POINT('',#16047);
#4571=VERTEX_POINT('',#16051);
#4572=VERTEX_POINT('',#16053);
#4573=VERTEX_POINT('',#16057);
#4574=VERTEX_POINT('',#16059);
#4575=VERTEX_POINT('',#16063);
#4576=VERTEX_POINT('',#16065);
#4577=VERTEX_POINT('',#16072);
#4578=VERTEX_POINT('',#16073);
#4579=VERTEX_POINT('',#16075);
#4580=VERTEX_POINT('',#16077);
#4581=VERTEX_POINT('',#16081);
#4582=VERTEX_POINT('',#16083);
#4583=VERTEX_POINT('',#16087);
#4584=VERTEX_POINT('',#16089);
#4585=VERTEX_POINT('',#16093);
#4586=VERTEX_POINT('',#16095);
#4587=VERTEX_POINT('',#16099);
#4588=VERTEX_POINT('',#16101);
#4589=VERTEX_POINT('',#16105);
#4590=VERTEX_POINT('',#16107);
#4591=VERTEX_POINT('',#16111);
#4592=VERTEX_POINT('',#16113);
#4593=VERTEX_POINT('',#16120);
#4594=VERTEX_POINT('',#16121);
#4595=VERTEX_POINT('',#16123);
#4596=VERTEX_POINT('',#16125);
#4597=VERTEX_POINT('',#16129);
#4598=VERTEX_POINT('',#16131);
#4599=VERTEX_POINT('',#16135);
#4600=VERTEX_POINT('',#16137);
#4601=VERTEX_POINT('',#16141);
#4602=VERTEX_POINT('',#16143);
#4603=VERTEX_POINT('',#16147);
#4604=VERTEX_POINT('',#16149);
#4605=VERTEX_POINT('',#16153);
#4606=VERTEX_POINT('',#16155);
#4607=VERTEX_POINT('',#16159);
#4608=VERTEX_POINT('',#16161);
#4609=VERTEX_POINT('',#16168);
#4610=VERTEX_POINT('',#16169);
#4611=VERTEX_POINT('',#16171);
#4612=VERTEX_POINT('',#16173);
#4613=VERTEX_POINT('',#16177);
#4614=VERTEX_POINT('',#16179);
#4615=VERTEX_POINT('',#16183);
#4616=VERTEX_POINT('',#16185);
#4617=VERTEX_POINT('',#16189);
#4618=VERTEX_POINT('',#16191);
#4619=VERTEX_POINT('',#16195);
#4620=VERTEX_POINT('',#16197);
#4621=VERTEX_POINT('',#16201);
#4622=VERTEX_POINT('',#16203);
#4623=VERTEX_POINT('',#16207);
#4624=VERTEX_POINT('',#16209);
#4625=VERTEX_POINT('',#16216);
#4626=VERTEX_POINT('',#16217);
#4627=VERTEX_POINT('',#16219);
#4628=VERTEX_POINT('',#16221);
#4629=VERTEX_POINT('',#16225);
#4630=VERTEX_POINT('',#16227);
#4631=VERTEX_POINT('',#16231);
#4632=VERTEX_POINT('',#16233);
#4633=VERTEX_POINT('',#16237);
#4634=VERTEX_POINT('',#16239);
#4635=VERTEX_POINT('',#16243);
#4636=VERTEX_POINT('',#16245);
#4637=VERTEX_POINT('',#16249);
#4638=VERTEX_POINT('',#16251);
#4639=VERTEX_POINT('',#16255);
#4640=VERTEX_POINT('',#16257);
#4641=VERTEX_POINT('',#16264);
#4642=VERTEX_POINT('',#16265);
#4643=VERTEX_POINT('',#16267);
#4644=VERTEX_POINT('',#16269);
#4645=VERTEX_POINT('',#16273);
#4646=VERTEX_POINT('',#16275);
#4647=VERTEX_POINT('',#16279);
#4648=VERTEX_POINT('',#16281);
#4649=VERTEX_POINT('',#16285);
#4650=VERTEX_POINT('',#16287);
#4651=VERTEX_POINT('',#16291);
#4652=VERTEX_POINT('',#16293);
#4653=VERTEX_POINT('',#16297);
#4654=VERTEX_POINT('',#16299);
#4655=VERTEX_POINT('',#16303);
#4656=VERTEX_POINT('',#16305);
#4657=VERTEX_POINT('',#16312);
#4658=VERTEX_POINT('',#16313);
#4659=VERTEX_POINT('',#16315);
#4660=VERTEX_POINT('',#16317);
#4661=VERTEX_POINT('',#16321);
#4662=VERTEX_POINT('',#16323);
#4663=VERTEX_POINT('',#16327);
#4664=VERTEX_POINT('',#16329);
#4665=VERTEX_POINT('',#16333);
#4666=VERTEX_POINT('',#16335);
#4667=VERTEX_POINT('',#16339);
#4668=VERTEX_POINT('',#16341);
#4669=VERTEX_POINT('',#16345);
#4670=VERTEX_POINT('',#16347);
#4671=VERTEX_POINT('',#16351);
#4672=VERTEX_POINT('',#16353);
#4673=VERTEX_POINT('',#16360);
#4674=VERTEX_POINT('',#16361);
#4675=VERTEX_POINT('',#16363);
#4676=VERTEX_POINT('',#16365);
#4677=VERTEX_POINT('',#16369);
#4678=VERTEX_POINT('',#16371);
#4679=VERTEX_POINT('',#16375);
#4680=VERTEX_POINT('',#16377);
#4681=VERTEX_POINT('',#16381);
#4682=VERTEX_POINT('',#16383);
#4683=VERTEX_POINT('',#16387);
#4684=VERTEX_POINT('',#16389);
#4685=VERTEX_POINT('',#16393);
#4686=VERTEX_POINT('',#16395);
#4687=VERTEX_POINT('',#16399);
#4688=VERTEX_POINT('',#16401);
#4689=VERTEX_POINT('',#16408);
#4690=VERTEX_POINT('',#16409);
#4691=VERTEX_POINT('',#16411);
#4692=VERTEX_POINT('',#16413);
#4693=VERTEX_POINT('',#16417);
#4694=VERTEX_POINT('',#16419);
#4695=VERTEX_POINT('',#16423);
#4696=VERTEX_POINT('',#16425);
#4697=VERTEX_POINT('',#16429);
#4698=VERTEX_POINT('',#16431);
#4699=VERTEX_POINT('',#16435);
#4700=VERTEX_POINT('',#16437);
#4701=VERTEX_POINT('',#16441);
#4702=VERTEX_POINT('',#16443);
#4703=VERTEX_POINT('',#16447);
#4704=VERTEX_POINT('',#16449);
#4705=VERTEX_POINT('',#16456);
#4706=VERTEX_POINT('',#16457);
#4707=VERTEX_POINT('',#16459);
#4708=VERTEX_POINT('',#16461);
#4709=VERTEX_POINT('',#16465);
#4710=VERTEX_POINT('',#16467);
#4711=VERTEX_POINT('',#16471);
#4712=VERTEX_POINT('',#16473);
#4713=VERTEX_POINT('',#16477);
#4714=VERTEX_POINT('',#16479);
#4715=VERTEX_POINT('',#16483);
#4716=VERTEX_POINT('',#16485);
#4717=VERTEX_POINT('',#16489);
#4718=VERTEX_POINT('',#16491);
#4719=VERTEX_POINT('',#16495);
#4720=VERTEX_POINT('',#16497);
#4721=VERTEX_POINT('',#16504);
#4722=VERTEX_POINT('',#16505);
#4723=VERTEX_POINT('',#16507);
#4724=VERTEX_POINT('',#16509);
#4725=VERTEX_POINT('',#16513);
#4726=VERTEX_POINT('',#16515);
#4727=VERTEX_POINT('',#16519);
#4728=VERTEX_POINT('',#16521);
#4729=VERTEX_POINT('',#16525);
#4730=VERTEX_POINT('',#16527);
#4731=VERTEX_POINT('',#16531);
#4732=VERTEX_POINT('',#16533);
#4733=VERTEX_POINT('',#16537);
#4734=VERTEX_POINT('',#16539);
#4735=VERTEX_POINT('',#16543);
#4736=VERTEX_POINT('',#16545);
#4737=VERTEX_POINT('',#16552);
#4738=VERTEX_POINT('',#16553);
#4739=VERTEX_POINT('',#16555);
#4740=VERTEX_POINT('',#16557);
#4741=VERTEX_POINT('',#16561);
#4742=VERTEX_POINT('',#16563);
#4743=VERTEX_POINT('',#16567);
#4744=VERTEX_POINT('',#16569);
#4745=VERTEX_POINT('',#16573);
#4746=VERTEX_POINT('',#16575);
#4747=VERTEX_POINT('',#16579);
#4748=VERTEX_POINT('',#16581);
#4749=VERTEX_POINT('',#16585);
#4750=VERTEX_POINT('',#16587);
#4751=VERTEX_POINT('',#16591);
#4752=VERTEX_POINT('',#16593);
#4753=VERTEX_POINT('',#16600);
#4754=VERTEX_POINT('',#16601);
#4755=VERTEX_POINT('',#16603);
#4756=VERTEX_POINT('',#16605);
#4757=VERTEX_POINT('',#16609);
#4758=VERTEX_POINT('',#16611);
#4759=VERTEX_POINT('',#16615);
#4760=VERTEX_POINT('',#16617);
#4761=VERTEX_POINT('',#16621);
#4762=VERTEX_POINT('',#16623);
#4763=VERTEX_POINT('',#16627);
#4764=VERTEX_POINT('',#16629);
#4765=VERTEX_POINT('',#16633);
#4766=VERTEX_POINT('',#16635);
#4767=VERTEX_POINT('',#16639);
#4768=VERTEX_POINT('',#16641);
#4769=VERTEX_POINT('',#16648);
#4770=VERTEX_POINT('',#16649);
#4771=VERTEX_POINT('',#16651);
#4772=VERTEX_POINT('',#16653);
#4773=VERTEX_POINT('',#16657);
#4774=VERTEX_POINT('',#16659);
#4775=VERTEX_POINT('',#16663);
#4776=VERTEX_POINT('',#16665);
#4777=VERTEX_POINT('',#16669);
#4778=VERTEX_POINT('',#16671);
#4779=VERTEX_POINT('',#16675);
#4780=VERTEX_POINT('',#16677);
#4781=VERTEX_POINT('',#16681);
#4782=VERTEX_POINT('',#16683);
#4783=VERTEX_POINT('',#16687);
#4784=VERTEX_POINT('',#16689);
#4785=VERTEX_POINT('',#16696);
#4786=VERTEX_POINT('',#16697);
#4787=VERTEX_POINT('',#16699);
#4788=VERTEX_POINT('',#16701);
#4789=VERTEX_POINT('',#16705);
#4790=VERTEX_POINT('',#16707);
#4791=VERTEX_POINT('',#16711);
#4792=VERTEX_POINT('',#16713);
#4793=VERTEX_POINT('',#16717);
#4794=VERTEX_POINT('',#16719);
#4795=VERTEX_POINT('',#16723);
#4796=VERTEX_POINT('',#16725);
#4797=VERTEX_POINT('',#16729);
#4798=VERTEX_POINT('',#16731);
#4799=VERTEX_POINT('',#16735);
#4800=VERTEX_POINT('',#16737);
#4801=VERTEX_POINT('',#16744);
#4802=VERTEX_POINT('',#16745);
#4803=VERTEX_POINT('',#16747);
#4804=VERTEX_POINT('',#16749);
#4805=VERTEX_POINT('',#16753);
#4806=VERTEX_POINT('',#16755);
#4807=VERTEX_POINT('',#16759);
#4808=VERTEX_POINT('',#16761);
#4809=VERTEX_POINT('',#16765);
#4810=VERTEX_POINT('',#16767);
#4811=VERTEX_POINT('',#16771);
#4812=VERTEX_POINT('',#16773);
#4813=VERTEX_POINT('',#16777);
#4814=VERTEX_POINT('',#16779);
#4815=VERTEX_POINT('',#16783);
#4816=VERTEX_POINT('',#16785);
#4817=VERTEX_POINT('',#16792);
#4818=VERTEX_POINT('',#16793);
#4819=VERTEX_POINT('',#16795);
#4820=VERTEX_POINT('',#16797);
#4821=VERTEX_POINT('',#16801);
#4822=VERTEX_POINT('',#16803);
#4823=VERTEX_POINT('',#16807);
#4824=VERTEX_POINT('',#16809);
#4825=VERTEX_POINT('',#16813);
#4826=VERTEX_POINT('',#16815);
#4827=VERTEX_POINT('',#16819);
#4828=VERTEX_POINT('',#16821);
#4829=VERTEX_POINT('',#16825);
#4830=VERTEX_POINT('',#16827);
#4831=VERTEX_POINT('',#16831);
#4832=VERTEX_POINT('',#16833);
#4833=VERTEX_POINT('',#16840);
#4834=VERTEX_POINT('',#16841);
#4835=VERTEX_POINT('',#16843);
#4836=VERTEX_POINT('',#16845);
#4837=VERTEX_POINT('',#16849);
#4838=VERTEX_POINT('',#16851);
#4839=VERTEX_POINT('',#16855);
#4840=VERTEX_POINT('',#16857);
#4841=VERTEX_POINT('',#16861);
#4842=VERTEX_POINT('',#16863);
#4843=VERTEX_POINT('',#16867);
#4844=VERTEX_POINT('',#16869);
#4845=VERTEX_POINT('',#16873);
#4846=VERTEX_POINT('',#16875);
#4847=VERTEX_POINT('',#16879);
#4848=VERTEX_POINT('',#16881);
#4849=VERTEX_POINT('',#16888);
#4850=VERTEX_POINT('',#16889);
#4851=VERTEX_POINT('',#16891);
#4852=VERTEX_POINT('',#16893);
#4853=VERTEX_POINT('',#16897);
#4854=VERTEX_POINT('',#16899);
#4855=VERTEX_POINT('',#16903);
#4856=VERTEX_POINT('',#16905);
#4857=VERTEX_POINT('',#16909);
#4858=VERTEX_POINT('',#16911);
#4859=VERTEX_POINT('',#16915);
#4860=VERTEX_POINT('',#16917);
#4861=VERTEX_POINT('',#16921);
#4862=VERTEX_POINT('',#16923);
#4863=VERTEX_POINT('',#16927);
#4864=VERTEX_POINT('',#16929);
#4865=VERTEX_POINT('',#16936);
#4866=VERTEX_POINT('',#16937);
#4867=VERTEX_POINT('',#16939);
#4868=VERTEX_POINT('',#16941);
#4869=VERTEX_POINT('',#16945);
#4870=VERTEX_POINT('',#16947);
#4871=VERTEX_POINT('',#16951);
#4872=VERTEX_POINT('',#16953);
#4873=VERTEX_POINT('',#16957);
#4874=VERTEX_POINT('',#16959);
#4875=VERTEX_POINT('',#16963);
#4876=VERTEX_POINT('',#16965);
#4877=VERTEX_POINT('',#16969);
#4878=VERTEX_POINT('',#16971);
#4879=VERTEX_POINT('',#16975);
#4880=VERTEX_POINT('',#16977);
#4881=VERTEX_POINT('',#16984);
#4882=VERTEX_POINT('',#16985);
#4883=VERTEX_POINT('',#16987);
#4884=VERTEX_POINT('',#16989);
#4885=VERTEX_POINT('',#16993);
#4886=VERTEX_POINT('',#16995);
#4887=VERTEX_POINT('',#16999);
#4888=VERTEX_POINT('',#17001);
#4889=VERTEX_POINT('',#17005);
#4890=VERTEX_POINT('',#17007);
#4891=VERTEX_POINT('',#17011);
#4892=VERTEX_POINT('',#17013);
#4893=VERTEX_POINT('',#17017);
#4894=VERTEX_POINT('',#17019);
#4895=VERTEX_POINT('',#17023);
#4896=VERTEX_POINT('',#17025);
#4897=VERTEX_POINT('',#17032);
#4898=VERTEX_POINT('',#17033);
#4899=VERTEX_POINT('',#17035);
#4900=VERTEX_POINT('',#17037);
#4901=VERTEX_POINT('',#17041);
#4902=VERTEX_POINT('',#17043);
#4903=VERTEX_POINT('',#17047);
#4904=VERTEX_POINT('',#17049);
#4905=VERTEX_POINT('',#17053);
#4906=VERTEX_POINT('',#17055);
#4907=VERTEX_POINT('',#17059);
#4908=VERTEX_POINT('',#17061);
#4909=VERTEX_POINT('',#17065);
#4910=VERTEX_POINT('',#17067);
#4911=VERTEX_POINT('',#17071);
#4912=VERTEX_POINT('',#17073);
#4913=VERTEX_POINT('',#17080);
#4914=VERTEX_POINT('',#17081);
#4915=VERTEX_POINT('',#17083);
#4916=VERTEX_POINT('',#17085);
#4917=VERTEX_POINT('',#17089);
#4918=VERTEX_POINT('',#17091);
#4919=VERTEX_POINT('',#17095);
#4920=VERTEX_POINT('',#17097);
#4921=VERTEX_POINT('',#17101);
#4922=VERTEX_POINT('',#17103);
#4923=VERTEX_POINT('',#17107);
#4924=VERTEX_POINT('',#17109);
#4925=VERTEX_POINT('',#17113);
#4926=VERTEX_POINT('',#17115);
#4927=VERTEX_POINT('',#17119);
#4928=VERTEX_POINT('',#17121);
#4929=VERTEX_POINT('',#17128);
#4930=VERTEX_POINT('',#17129);
#4931=VERTEX_POINT('',#17131);
#4932=VERTEX_POINT('',#17133);
#4933=VERTEX_POINT('',#17137);
#4934=VERTEX_POINT('',#17139);
#4935=VERTEX_POINT('',#17143);
#4936=VERTEX_POINT('',#17145);
#4937=VERTEX_POINT('',#17149);
#4938=VERTEX_POINT('',#17151);
#4939=VERTEX_POINT('',#17155);
#4940=VERTEX_POINT('',#17157);
#4941=VERTEX_POINT('',#17161);
#4942=VERTEX_POINT('',#17163);
#4943=VERTEX_POINT('',#17167);
#4944=VERTEX_POINT('',#17169);
#4945=VERTEX_POINT('',#17176);
#4946=VERTEX_POINT('',#17177);
#4947=VERTEX_POINT('',#17179);
#4948=VERTEX_POINT('',#17181);
#4949=VERTEX_POINT('',#17185);
#4950=VERTEX_POINT('',#17187);
#4951=VERTEX_POINT('',#17191);
#4952=VERTEX_POINT('',#17193);
#4953=VERTEX_POINT('',#17197);
#4954=VERTEX_POINT('',#17199);
#4955=VERTEX_POINT('',#17203);
#4956=VERTEX_POINT('',#17205);
#4957=VERTEX_POINT('',#17209);
#4958=VERTEX_POINT('',#17211);
#4959=VERTEX_POINT('',#17215);
#4960=VERTEX_POINT('',#17217);
#4961=VERTEX_POINT('',#17224);
#4962=VERTEX_POINT('',#17225);
#4963=VERTEX_POINT('',#17227);
#4964=VERTEX_POINT('',#17229);
#4965=VERTEX_POINT('',#17233);
#4966=VERTEX_POINT('',#17235);
#4967=VERTEX_POINT('',#17239);
#4968=VERTEX_POINT('',#17241);
#4969=VERTEX_POINT('',#17245);
#4970=VERTEX_POINT('',#17247);
#4971=VERTEX_POINT('',#17251);
#4972=VERTEX_POINT('',#17253);
#4973=VERTEX_POINT('',#17257);
#4974=VERTEX_POINT('',#17259);
#4975=VERTEX_POINT('',#17263);
#4976=VERTEX_POINT('',#17265);
#4977=VERTEX_POINT('',#17272);
#4978=VERTEX_POINT('',#17273);
#4979=VERTEX_POINT('',#17275);
#4980=VERTEX_POINT('',#17277);
#4981=VERTEX_POINT('',#17281);
#4982=VERTEX_POINT('',#17283);
#4983=VERTEX_POINT('',#17287);
#4984=VERTEX_POINT('',#17289);
#4985=VERTEX_POINT('',#17293);
#4986=VERTEX_POINT('',#17295);
#4987=VERTEX_POINT('',#17299);
#4988=VERTEX_POINT('',#17301);
#4989=VERTEX_POINT('',#17305);
#4990=VERTEX_POINT('',#17307);
#4991=VERTEX_POINT('',#17311);
#4992=VERTEX_POINT('',#17313);
#4993=VERTEX_POINT('',#17317);
#4994=VERTEX_POINT('',#17319);
#4995=VERTEX_POINT('',#17323);
#4996=VERTEX_POINT('',#17325);
#4997=VERTEX_POINT('',#17329);
#4998=VERTEX_POINT('',#17331);
#4999=VERTEX_POINT('',#17335);
#5000=VERTEX_POINT('',#17337);
#5001=VERTEX_POINT('',#17341);
#5002=VERTEX_POINT('',#17343);
#5003=VERTEX_POINT('',#17347);
#5004=VERTEX_POINT('',#17349);
#5005=VERTEX_POINT('',#17353);
#5006=VERTEX_POINT('',#17355);
#5007=VERTEX_POINT('',#17359);
#5008=VERTEX_POINT('',#17361);
#5009=VERTEX_POINT('',#17365);
#5010=VERTEX_POINT('',#17367);
#5011=VERTEX_POINT('',#17371);
#5012=VERTEX_POINT('',#17373);
#5013=VERTEX_POINT('',#17377);
#5014=VERTEX_POINT('',#17379);
#5015=VERTEX_POINT('',#17383);
#5016=VERTEX_POINT('',#17385);
#5017=VERTEX_POINT('',#17389);
#5018=VERTEX_POINT('',#17391);
#5019=VERTEX_POINT('',#17395);
#5020=VERTEX_POINT('',#17397);
#5021=VERTEX_POINT('',#17401);
#5022=VERTEX_POINT('',#17403);
#5023=VERTEX_POINT('',#17407);
#5024=VERTEX_POINT('',#17409);
#5025=VERTEX_POINT('',#17413);
#5026=VERTEX_POINT('',#17415);
#5027=VERTEX_POINT('',#17419);
#5028=VERTEX_POINT('',#17421);
#5029=VERTEX_POINT('',#17425);
#5030=VERTEX_POINT('',#17427);
#5031=VERTEX_POINT('',#17431);
#5032=VERTEX_POINT('',#17433);
#5033=VERTEX_POINT('',#17437);
#5034=VERTEX_POINT('',#17439);
#5035=VERTEX_POINT('',#17443);
#5036=VERTEX_POINT('',#17445);
#5037=VERTEX_POINT('',#17449);
#5038=VERTEX_POINT('',#17451);
#5039=VERTEX_POINT('',#17455);
#5040=VERTEX_POINT('',#17457);
#5041=VERTEX_POINT('',#17461);
#5042=VERTEX_POINT('',#17463);
#5043=VERTEX_POINT('',#17467);
#5044=VERTEX_POINT('',#17469);
#5045=VERTEX_POINT('',#17473);
#5046=VERTEX_POINT('',#17475);
#5047=VERTEX_POINT('',#17479);
#5048=VERTEX_POINT('',#17481);
#5049=VERTEX_POINT('',#17485);
#5050=VERTEX_POINT('',#17487);
#5051=VERTEX_POINT('',#17491);
#5052=VERTEX_POINT('',#17493);
#5053=VERTEX_POINT('',#17497);
#5054=VERTEX_POINT('',#17499);
#5055=VERTEX_POINT('',#17503);
#5056=VERTEX_POINT('',#17505);
#5057=VERTEX_POINT('',#17509);
#5058=VERTEX_POINT('',#17511);
#5059=VERTEX_POINT('',#17515);
#5060=VERTEX_POINT('',#17517);
#5061=VERTEX_POINT('',#17521);
#5062=VERTEX_POINT('',#17523);
#5063=VERTEX_POINT('',#17527);
#5064=VERTEX_POINT('',#17529);
#5065=VERTEX_POINT('',#17533);
#5066=VERTEX_POINT('',#17535);
#5067=VERTEX_POINT('',#17539);
#5068=VERTEX_POINT('',#17541);
#5069=VERTEX_POINT('',#17545);
#5070=VERTEX_POINT('',#17547);
#5071=VERTEX_POINT('',#17551);
#5072=VERTEX_POINT('',#17553);
#5073=VERTEX_POINT('',#17557);
#5074=VERTEX_POINT('',#17559);
#5075=VERTEX_POINT('',#17563);
#5076=VERTEX_POINT('',#17565);
#5077=VERTEX_POINT('',#17569);
#5078=VERTEX_POINT('',#17571);
#5079=VERTEX_POINT('',#17575);
#5080=VERTEX_POINT('',#17577);
#5081=VERTEX_POINT('',#17581);
#5082=VERTEX_POINT('',#17583);
#5083=VERTEX_POINT('',#17587);
#5084=VERTEX_POINT('',#17589);
#5085=VERTEX_POINT('',#17593);
#5086=VERTEX_POINT('',#17595);
#5087=VERTEX_POINT('',#17599);
#5088=VERTEX_POINT('',#17601);
#5089=VERTEX_POINT('',#17605);
#5090=VERTEX_POINT('',#17607);
#5091=VERTEX_POINT('',#17611);
#5092=VERTEX_POINT('',#17613);
#5093=VERTEX_POINT('',#17617);
#5094=VERTEX_POINT('',#17619);
#5095=VERTEX_POINT('',#17623);
#5096=VERTEX_POINT('',#17625);
#5097=VERTEX_POINT('',#17629);
#5098=VERTEX_POINT('',#17631);
#5099=VERTEX_POINT('',#17635);
#5100=VERTEX_POINT('',#17637);
#5101=VERTEX_POINT('',#17641);
#5102=VERTEX_POINT('',#17643);
#5103=VERTEX_POINT('',#17647);
#5104=VERTEX_POINT('',#17649);
#5105=VERTEX_POINT('',#17653);
#5106=VERTEX_POINT('',#17655);
#5107=VERTEX_POINT('',#17659);
#5108=VERTEX_POINT('',#17661);
#5109=VERTEX_POINT('',#17665);
#5110=VERTEX_POINT('',#17667);
#5111=VERTEX_POINT('',#17671);
#5112=VERTEX_POINT('',#17672);
#5113=VERTEX_POINT('',#17674);
#5114=VERTEX_POINT('',#17676);
#5115=VERTEX_POINT('',#17680);
#5116=VERTEX_POINT('',#17682);
#5117=VERTEX_POINT('',#17686);
#5118=VERTEX_POINT('',#17688);
#5119=VERTEX_POINT('',#17692);
#5120=VERTEX_POINT('',#17694);
#5121=VERTEX_POINT('',#17701);
#5122=VERTEX_POINT('',#17702);
#5123=VERTEX_POINT('',#17707);
#5124=VERTEX_POINT('',#17708);
#5125=VERTEX_POINT('',#17713);
#5126=VERTEX_POINT('',#17717);
#5127=EDGE_CURVE('',#4097,#4098,#3607,.T.);
#5128=EDGE_CURVE('',#4098,#4099,#1497,.T.);
#5129=EDGE_CURVE('',#4100,#4099,#3608,.T.);
#5130=EDGE_CURVE('',#4097,#4100,#1498,.T.);
#5131=EDGE_CURVE('',#4097,#4101,#1499,.T.);
#5132=EDGE_CURVE('',#4102,#4100,#1500,.T.);
#5133=EDGE_CURVE('',#4101,#4102,#1501,.T.);
#5134=EDGE_CURVE('',#4103,#4101,#3609,.T.);
#5135=EDGE_CURVE('',#4104,#4102,#3610,.T.);
#5136=EDGE_CURVE('',#4103,#4104,#1502,.T.);
#5137=EDGE_CURVE('',#4105,#4103,#1503,.T.);
#5138=EDGE_CURVE('',#4106,#4104,#1504,.T.);
#5139=EDGE_CURVE('',#4105,#4106,#1505,.T.);
#5140=EDGE_CURVE('',#4107,#4105,#3611,.T.);
#5141=EDGE_CURVE('',#4108,#4106,#3612,.T.);
#5142=EDGE_CURVE('',#4107,#4108,#1506,.T.);
#5143=EDGE_CURVE('',#4109,#4107,#1507,.T.);
#5144=EDGE_CURVE('',#4110,#4108,#1508,.T.);
#5145=EDGE_CURVE('',#4109,#4110,#1509,.T.);
#5146=EDGE_CURVE('',#4111,#4109,#3613,.T.);
#5147=EDGE_CURVE('',#4112,#4110,#3614,.T.);
#5148=EDGE_CURVE('',#4111,#4112,#1510,.T.);
#5149=EDGE_CURVE('',#4111,#4098,#1511,.T.);
#5150=EDGE_CURVE('',#4099,#4112,#1512,.T.);
#5151=EDGE_CURVE('',#4113,#4114,#3615,.T.);
#5152=EDGE_CURVE('',#4114,#4115,#1513,.T.);
#5153=EDGE_CURVE('',#4116,#4115,#3616,.T.);
#5154=EDGE_CURVE('',#4113,#4116,#1514,.T.);
#5155=EDGE_CURVE('',#4113,#4117,#1515,.T.);
#5156=EDGE_CURVE('',#4118,#4116,#1516,.T.);
#5157=EDGE_CURVE('',#4117,#4118,#1517,.T.);
#5158=EDGE_CURVE('',#4119,#4117,#3617,.T.);
#5159=EDGE_CURVE('',#4120,#4118,#3618,.T.);
#5160=EDGE_CURVE('',#4119,#4120,#1518,.T.);
#5161=EDGE_CURVE('',#4121,#4119,#1519,.T.);
#5162=EDGE_CURVE('',#4122,#4120,#1520,.T.);
#5163=EDGE_CURVE('',#4121,#4122,#1521,.T.);
#5164=EDGE_CURVE('',#4123,#4121,#3619,.T.);
#5165=EDGE_CURVE('',#4124,#4122,#3620,.T.);
#5166=EDGE_CURVE('',#4123,#4124,#1522,.T.);
#5167=EDGE_CURVE('',#4125,#4123,#1523,.T.);
#5168=EDGE_CURVE('',#4126,#4124,#1524,.T.);
#5169=EDGE_CURVE('',#4125,#4126,#1525,.T.);
#5170=EDGE_CURVE('',#4127,#4125,#3621,.T.);
#5171=EDGE_CURVE('',#4128,#4126,#3622,.T.);
#5172=EDGE_CURVE('',#4127,#4128,#1526,.T.);
#5173=EDGE_CURVE('',#4127,#4114,#1527,.T.);
#5174=EDGE_CURVE('',#4115,#4128,#1528,.T.);
#5175=EDGE_CURVE('',#4129,#4130,#1529,.T.);
#5176=EDGE_CURVE('',#4130,#4131,#1530,.T.);
#5177=EDGE_CURVE('',#4132,#4131,#1531,.T.);
#5178=EDGE_CURVE('',#4129,#4132,#1532,.T.);
#5179=EDGE_CURVE('',#4133,#4129,#3623,.T.);
#5180=EDGE_CURVE('',#4134,#4132,#3624,.T.);
#5181=EDGE_CURVE('',#4133,#4134,#1533,.T.);
#5182=EDGE_CURVE('',#4135,#4133,#1534,.T.);
#5183=EDGE_CURVE('',#4136,#4134,#1535,.T.);
#5184=EDGE_CURVE('',#4135,#4136,#1536,.T.);
#5185=EDGE_CURVE('',#4135,#4137,#3625,.T.);
#5186=EDGE_CURVE('',#4138,#4136,#3626,.T.);
#5187=EDGE_CURVE('',#4137,#4138,#1537,.T.);
#5188=EDGE_CURVE('',#4139,#4137,#1538,.T.);
#5189=EDGE_CURVE('',#4140,#4138,#1539,.T.);
#5190=EDGE_CURVE('',#4139,#4140,#1540,.T.);
#5191=EDGE_CURVE('',#4141,#4139,#3627,.T.);
#5192=EDGE_CURVE('',#4142,#4140,#3628,.T.);
#5193=EDGE_CURVE('',#4141,#4142,#1541,.T.);
#5194=EDGE_CURVE('',#4143,#4141,#1542,.T.);
#5195=EDGE_CURVE('',#4144,#4142,#1543,.T.);
#5196=EDGE_CURVE('',#4143,#4144,#1544,.T.);
#5197=EDGE_CURVE('',#4145,#4143,#3629,.T.);
#5198=EDGE_CURVE('',#4146,#4144,#3630,.T.);
#5199=EDGE_CURVE('',#4145,#4146,#1545,.T.);
#5200=EDGE_CURVE('',#4147,#4145,#1546,.T.);
#5201=EDGE_CURVE('',#4148,#4146,#1547,.T.);
#5202=EDGE_CURVE('',#4147,#4148,#1548,.T.);
#5203=EDGE_CURVE('',#4147,#4149,#3631,.T.);
#5204=EDGE_CURVE('',#4150,#4148,#3632,.T.);
#5205=EDGE_CURVE('',#4149,#4150,#1549,.T.);
#5206=EDGE_CURVE('',#4151,#4149,#1550,.T.);
#5207=EDGE_CURVE('',#4152,#4150,#1551,.T.);
#5208=EDGE_CURVE('',#4151,#4152,#1552,.T.);
#5209=EDGE_CURVE('',#4153,#4151,#1553,.T.);
#5210=EDGE_CURVE('',#4154,#4152,#1554,.T.);
#5211=EDGE_CURVE('',#4153,#4154,#1555,.T.);
#5212=EDGE_CURVE('',#4153,#4155,#3633,.T.);
#5213=EDGE_CURVE('',#4156,#4154,#3634,.T.);
#5214=EDGE_CURVE('',#4155,#4156,#1556,.T.);
#5215=EDGE_CURVE('',#4157,#4155,#1557,.T.);
#5216=EDGE_CURVE('',#4158,#4156,#1558,.T.);
#5217=EDGE_CURVE('',#4157,#4158,#1559,.T.);
#5218=EDGE_CURVE('',#4157,#4159,#1560,.T.);
#5219=EDGE_CURVE('',#4160,#4158,#1561,.T.);
#5220=EDGE_CURVE('',#4159,#4160,#1562,.T.);
#5221=EDGE_CURVE('',#4161,#4159,#3635,.T.);
#5222=EDGE_CURVE('',#4162,#4160,#3636,.T.);
#5223=EDGE_CURVE('',#4161,#4162,#1563,.T.);
#5224=EDGE_CURVE('',#4163,#4161,#1564,.T.);
#5225=EDGE_CURVE('',#4164,#4162,#1565,.T.);
#5226=EDGE_CURVE('',#4163,#4164,#1566,.T.);
#5227=EDGE_CURVE('',#4165,#4163,#3637,.T.);
#5228=EDGE_CURVE('',#4166,#4164,#3638,.T.);
#5229=EDGE_CURVE('',#4165,#4166,#1567,.T.);
#5230=EDGE_CURVE('',#4167,#4165,#1568,.T.);
#5231=EDGE_CURVE('',#4168,#4166,#1569,.T.);
#5232=EDGE_CURVE('',#4167,#4168,#1570,.T.);
#5233=EDGE_CURVE('',#4167,#4169,#1571,.T.);
#5234=EDGE_CURVE('',#4170,#4168,#1572,.T.);
#5235=EDGE_CURVE('',#4169,#4170,#1573,.T.);
#5236=EDGE_CURVE('',#4169,#4171,#3639,.T.);
#5237=EDGE_CURVE('',#4172,#4170,#3640,.T.);
#5238=EDGE_CURVE('',#4171,#4172,#1574,.T.);
#5239=EDGE_CURVE('',#4171,#4173,#1575,.T.);
#5240=EDGE_CURVE('',#4174,#4172,#1576,.T.);
#5241=EDGE_CURVE('',#4173,#4174,#1577,.T.);
#5242=EDGE_CURVE('',#4173,#4175,#1578,.T.);
#5243=EDGE_CURVE('',#4176,#4174,#1579,.T.);
#5244=EDGE_CURVE('',#4175,#4176,#1580,.T.);
#5245=EDGE_CURVE('',#4175,#4177,#3641,.T.);
#5246=EDGE_CURVE('',#4178,#4176,#3642,.T.);
#5247=EDGE_CURVE('',#4177,#4178,#1581,.T.);
#5248=EDGE_CURVE('',#4177,#4179,#1582,.T.);
#5249=EDGE_CURVE('',#4180,#4178,#1583,.T.);
#5250=EDGE_CURVE('',#4179,#4180,#1584,.T.);
#5251=EDGE_CURVE('',#4181,#4179,#3643,.T.);
#5252=EDGE_CURVE('',#4182,#4180,#3644,.T.);
#5253=EDGE_CURVE('',#4181,#4182,#1585,.T.);
#5254=EDGE_CURVE('',#4181,#4183,#1586,.T.);
#5255=EDGE_CURVE('',#4184,#4182,#1587,.T.);
#5256=EDGE_CURVE('',#4183,#4184,#1588,.T.);
#5257=EDGE_CURVE('',#4185,#4183,#3645,.T.);
#5258=EDGE_CURVE('',#4186,#4184,#3646,.T.);
#5259=EDGE_CURVE('',#4185,#4186,#1589,.T.);
#5260=EDGE_CURVE('',#4185,#4187,#1590,.T.);
#5261=EDGE_CURVE('',#4188,#4186,#1591,.T.);
#5262=EDGE_CURVE('',#4187,#4188,#1592,.T.);
#5263=EDGE_CURVE('',#4187,#4189,#3647,.T.);
#5264=EDGE_CURVE('',#4190,#4188,#3648,.T.);
#5265=EDGE_CURVE('',#4189,#4190,#1593,.T.);
#5266=EDGE_CURVE('',#4189,#4191,#1594,.T.);
#5267=EDGE_CURVE('',#4192,#4190,#1595,.T.);
#5268=EDGE_CURVE('',#4191,#4192,#1596,.T.);
#5269=EDGE_CURVE('',#4193,#4191,#3649,.T.);
#5270=EDGE_CURVE('',#4194,#4192,#3650,.T.);
#5271=EDGE_CURVE('',#4193,#4194,#1597,.T.);
#5272=EDGE_CURVE('',#4193,#4195,#1598,.T.);
#5273=EDGE_CURVE('',#4196,#4194,#1599,.T.);
#5274=EDGE_CURVE('',#4195,#4196,#1600,.T.);
#5275=EDGE_CURVE('',#4195,#4197,#3651,.T.);
#5276=EDGE_CURVE('',#4198,#4196,#3652,.T.);
#5277=EDGE_CURVE('',#4197,#4198,#1601,.T.);
#5278=EDGE_CURVE('',#4197,#4199,#1602,.T.);
#5279=EDGE_CURVE('',#4200,#4198,#1603,.T.);
#5280=EDGE_CURVE('',#4199,#4200,#1604,.T.);
#5281=EDGE_CURVE('',#4199,#4201,#1605,.T.);
#5282=EDGE_CURVE('',#4202,#4200,#1606,.T.);
#5283=EDGE_CURVE('',#4201,#4202,#1607,.T.);
#5284=EDGE_CURVE('',#4203,#4201,#3653,.T.);
#5285=EDGE_CURVE('',#4204,#4202,#3654,.T.);
#5286=EDGE_CURVE('',#4203,#4204,#1608,.T.);
#5287=EDGE_CURVE('',#4203,#4205,#1609,.T.);
#5288=EDGE_CURVE('',#4206,#4204,#1610,.T.);
#5289=EDGE_CURVE('',#4205,#4206,#1611,.T.);
#5290=EDGE_CURVE('',#4205,#4207,#1612,.T.);
#5291=EDGE_CURVE('',#4208,#4206,#1613,.T.);
#5292=EDGE_CURVE('',#4207,#4208,#1614,.T.);
#5293=EDGE_CURVE('',#4209,#4207,#3655,.T.);
#5294=EDGE_CURVE('',#4210,#4208,#3656,.T.);
#5295=EDGE_CURVE('',#4209,#4210,#1615,.T.);
#5296=EDGE_CURVE('',#4209,#4211,#1616,.T.);
#5297=EDGE_CURVE('',#4212,#4210,#1617,.T.);
#5298=EDGE_CURVE('',#4211,#4212,#1618,.T.);
#5299=EDGE_CURVE('',#4213,#4211,#3657,.T.);
#5300=EDGE_CURVE('',#4214,#4212,#3658,.T.);
#5301=EDGE_CURVE('',#4213,#4214,#1619,.T.);
#5302=EDGE_CURVE('',#4213,#4215,#1620,.T.);
#5303=EDGE_CURVE('',#4216,#4214,#1621,.T.);
#5304=EDGE_CURVE('',#4215,#4216,#1622,.T.);
#5305=EDGE_CURVE('',#4215,#4217,#1623,.T.);
#5306=EDGE_CURVE('',#4218,#4216,#1624,.T.);
#5307=EDGE_CURVE('',#4217,#4218,#1625,.T.);
#5308=EDGE_CURVE('',#4219,#4217,#1626,.T.);
#5309=EDGE_CURVE('',#4220,#4218,#1627,.T.);
#5310=EDGE_CURVE('',#4219,#4220,#1628,.T.);
#5311=EDGE_CURVE('',#4221,#4219,#3659,.T.);
#5312=EDGE_CURVE('',#4222,#4220,#3660,.T.);
#5313=EDGE_CURVE('',#4221,#4222,#1629,.T.);
#5314=EDGE_CURVE('',#4221,#4223,#1630,.T.);
#5315=EDGE_CURVE('',#4224,#4222,#1631,.T.);
#5316=EDGE_CURVE('',#4223,#4224,#1632,.T.);
#5317=EDGE_CURVE('',#4225,#4223,#3661,.T.);
#5318=EDGE_CURVE('',#4226,#4224,#3662,.T.);
#5319=EDGE_CURVE('',#4225,#4226,#1633,.T.);
#5320=EDGE_CURVE('',#4225,#4227,#1634,.T.);
#5321=EDGE_CURVE('',#4228,#4226,#1635,.T.);
#5322=EDGE_CURVE('',#4227,#4228,#1636,.T.);
#5323=EDGE_CURVE('',#4229,#4227,#1637,.T.);
#5324=EDGE_CURVE('',#4230,#4228,#1638,.T.);
#5325=EDGE_CURVE('',#4229,#4230,#1639,.T.);
#5326=EDGE_CURVE('',#4231,#4229,#1640,.T.);
#5327=EDGE_CURVE('',#4232,#4230,#1641,.T.);
#5328=EDGE_CURVE('',#4231,#4232,#1642,.T.);
#5329=EDGE_CURVE('',#4233,#4231,#3663,.T.);
#5330=EDGE_CURVE('',#4234,#4232,#3664,.T.);
#5331=EDGE_CURVE('',#4233,#4234,#1643,.T.);
#5332=EDGE_CURVE('',#4235,#4233,#1644,.T.);
#5333=EDGE_CURVE('',#4236,#4234,#1645,.T.);
#5334=EDGE_CURVE('',#4235,#4236,#1646,.T.);
#5335=EDGE_CURVE('',#4237,#4235,#3665,.T.);
#5336=EDGE_CURVE('',#4238,#4236,#3666,.T.);
#5337=EDGE_CURVE('',#4237,#4238,#1647,.T.);
#5338=EDGE_CURVE('',#4239,#4237,#1648,.T.);
#5339=EDGE_CURVE('',#4240,#4238,#1649,.T.);
#5340=EDGE_CURVE('',#4239,#4240,#1650,.T.);
#5341=EDGE_CURVE('',#4241,#4239,#1651,.T.);
#5342=EDGE_CURVE('',#4242,#4240,#1652,.T.);
#5343=EDGE_CURVE('',#4241,#4242,#1653,.T.);
#5344=EDGE_CURVE('',#4243,#4241,#3667,.T.);
#5345=EDGE_CURVE('',#4244,#4242,#3668,.T.);
#5346=EDGE_CURVE('',#4243,#4244,#1654,.T.);
#5347=EDGE_CURVE('',#4245,#4243,#1655,.T.);
#5348=EDGE_CURVE('',#4246,#4244,#1656,.T.);
#5349=EDGE_CURVE('',#4245,#4246,#1657,.T.);
#5350=EDGE_CURVE('',#4247,#4245,#1658,.T.);
#5351=EDGE_CURVE('',#4248,#4246,#1659,.T.);
#5352=EDGE_CURVE('',#4247,#4248,#1660,.T.);
#5353=EDGE_CURVE('',#4247,#4130,#3669,.T.);
#5354=EDGE_CURVE('',#4131,#4248,#3670,.T.);
#5355=EDGE_CURVE('',#4249,#4250,#3671,.T.);
#5356=EDGE_CURVE('',#4250,#4251,#1661,.T.);
#5357=EDGE_CURVE('',#4252,#4251,#3672,.T.);
#5358=EDGE_CURVE('',#4249,#4252,#1662,.T.);
#5359=EDGE_CURVE('',#4249,#4253,#1663,.T.);
#5360=EDGE_CURVE('',#4254,#4252,#1664,.T.);
#5361=EDGE_CURVE('',#4253,#4254,#1665,.T.);
#5362=EDGE_CURVE('',#4255,#4253,#3673,.T.);
#5363=EDGE_CURVE('',#4256,#4254,#3674,.T.);
#5364=EDGE_CURVE('',#4255,#4256,#1666,.T.);
#5365=EDGE_CURVE('',#4257,#4255,#1667,.T.);
#5366=EDGE_CURVE('',#4258,#4256,#1668,.T.);
#5367=EDGE_CURVE('',#4257,#4258,#1669,.T.);
#5368=EDGE_CURVE('',#4259,#4257,#3675,.T.);
#5369=EDGE_CURVE('',#4260,#4258,#3676,.T.);
#5370=EDGE_CURVE('',#4259,#4260,#1670,.T.);
#5371=EDGE_CURVE('',#4261,#4259,#1671,.T.);
#5372=EDGE_CURVE('',#4262,#4260,#1672,.T.);
#5373=EDGE_CURVE('',#4261,#4262,#1673,.T.);
#5374=EDGE_CURVE('',#4263,#4261,#3677,.T.);
#5375=EDGE_CURVE('',#4264,#4262,#3678,.T.);
#5376=EDGE_CURVE('',#4263,#4264,#1674,.T.);
#5377=EDGE_CURVE('',#4263,#4250,#1675,.T.);
#5378=EDGE_CURVE('',#4251,#4264,#1676,.T.);
#5379=EDGE_CURVE('',#4265,#4266,#1677,.T.);
#5380=EDGE_CURVE('',#4266,#4267,#1678,.T.);
#5381=EDGE_CURVE('',#4268,#4267,#1679,.T.);
#5382=EDGE_CURVE('',#4265,#4268,#1680,.T.);
#5383=EDGE_CURVE('',#4265,#4269,#1681,.T.);
#5384=EDGE_CURVE('',#4270,#4268,#1682,.T.);
#5385=EDGE_CURVE('',#4269,#4270,#1683,.T.);
#5386=EDGE_CURVE('',#4271,#4269,#3679,.T.);
#5387=EDGE_CURVE('',#4272,#4270,#3680,.T.);
#5388=EDGE_CURVE('',#4271,#4272,#1684,.T.);
#5389=EDGE_CURVE('',#4273,#4271,#1685,.T.);
#5390=EDGE_CURVE('',#4274,#4272,#1686,.T.);
#5391=EDGE_CURVE('',#4273,#4274,#1687,.T.);
#5392=EDGE_CURVE('',#4275,#4273,#3681,.T.);
#5393=EDGE_CURVE('',#4276,#4274,#3682,.T.);
#5394=EDGE_CURVE('',#4275,#4276,#1688,.T.);
#5395=EDGE_CURVE('',#4277,#4275,#1689,.T.);
#5396=EDGE_CURVE('',#4278,#4276,#1690,.T.);
#5397=EDGE_CURVE('',#4277,#4278,#1691,.T.);
#5398=EDGE_CURVE('',#4277,#4279,#1692,.T.);
#5399=EDGE_CURVE('',#4280,#4278,#1693,.T.);
#5400=EDGE_CURVE('',#4279,#4280,#1694,.T.);
#5401=EDGE_CURVE('',#4279,#4281,#3683,.T.);
#5402=EDGE_CURVE('',#4282,#4280,#3684,.T.);
#5403=EDGE_CURVE('',#4281,#4282,#1695,.T.);
#5404=EDGE_CURVE('',#4281,#4283,#1696,.T.);
#5405=EDGE_CURVE('',#4284,#4282,#1697,.T.);
#5406=EDGE_CURVE('',#4283,#4284,#1698,.T.);
#5407=EDGE_CURVE('',#4283,#4285,#1699,.T.);
#5408=EDGE_CURVE('',#4286,#4284,#1700,.T.);
#5409=EDGE_CURVE('',#4285,#4286,#1701,.T.);
#5410=EDGE_CURVE('',#4285,#4287,#3685,.T.);
#5411=EDGE_CURVE('',#4288,#4286,#3686,.T.);
#5412=EDGE_CURVE('',#4287,#4288,#1702,.T.);
#5413=EDGE_CURVE('',#4287,#4289,#1703,.T.);
#5414=EDGE_CURVE('',#4290,#4288,#1704,.T.);
#5415=EDGE_CURVE('',#4289,#4290,#1705,.T.);
#5416=EDGE_CURVE('',#4291,#4289,#3687,.T.);
#5417=EDGE_CURVE('',#4292,#4290,#3688,.T.);
#5418=EDGE_CURVE('',#4291,#4292,#1706,.T.);
#5419=EDGE_CURVE('',#4291,#4293,#1707,.T.);
#5420=EDGE_CURVE('',#4294,#4292,#1708,.T.);
#5421=EDGE_CURVE('',#4293,#4294,#1709,.T.);
#5422=EDGE_CURVE('',#4295,#4293,#3689,.T.);
#5423=EDGE_CURVE('',#4296,#4294,#3690,.T.);
#5424=EDGE_CURVE('',#4295,#4296,#1710,.T.);
#5425=EDGE_CURVE('',#4295,#4297,#1711,.T.);
#5426=EDGE_CURVE('',#4298,#4296,#1712,.T.);
#5427=EDGE_CURVE('',#4297,#4298,#1713,.T.);
#5428=EDGE_CURVE('',#4297,#4299,#3691,.T.);
#5429=EDGE_CURVE('',#4300,#4298,#3692,.T.);
#5430=EDGE_CURVE('',#4299,#4300,#1714,.T.);
#5431=EDGE_CURVE('',#4299,#4301,#1715,.T.);
#5432=EDGE_CURVE('',#4302,#4300,#1716,.T.);
#5433=EDGE_CURVE('',#4301,#4302,#1717,.T.);
#5434=EDGE_CURVE('',#4303,#4301,#3693,.T.);
#5435=EDGE_CURVE('',#4304,#4302,#3694,.T.);
#5436=EDGE_CURVE('',#4303,#4304,#1718,.T.);
#5437=EDGE_CURVE('',#4303,#4305,#1719,.T.);
#5438=EDGE_CURVE('',#4306,#4304,#1720,.T.);
#5439=EDGE_CURVE('',#4305,#4306,#1721,.T.);
#5440=EDGE_CURVE('',#4305,#4307,#3695,.T.);
#5441=EDGE_CURVE('',#4308,#4306,#3696,.T.);
#5442=EDGE_CURVE('',#4307,#4308,#1722,.T.);
#5443=EDGE_CURVE('',#4307,#4309,#1723,.T.);
#5444=EDGE_CURVE('',#4310,#4308,#1724,.T.);
#5445=EDGE_CURVE('',#4309,#4310,#1725,.T.);
#5446=EDGE_CURVE('',#4309,#4311,#1726,.T.);
#5447=EDGE_CURVE('',#4312,#4310,#1727,.T.);
#5448=EDGE_CURVE('',#4311,#4312,#1728,.T.);
#5449=EDGE_CURVE('',#4313,#4311,#3697,.T.);
#5450=EDGE_CURVE('',#4314,#4312,#3698,.T.);
#5451=EDGE_CURVE('',#4313,#4314,#1729,.T.);
#5452=EDGE_CURVE('',#4313,#4315,#1730,.T.);
#5453=EDGE_CURVE('',#4316,#4314,#1731,.T.);
#5454=EDGE_CURVE('',#4315,#4316,#1732,.T.);
#5455=EDGE_CURVE('',#4315,#4317,#1733,.T.);
#5456=EDGE_CURVE('',#4318,#4316,#1734,.T.);
#5457=EDGE_CURVE('',#4317,#4318,#1735,.T.);
#5458=EDGE_CURVE('',#4319,#4317,#3699,.T.);
#5459=EDGE_CURVE('',#4320,#4318,#3700,.T.);
#5460=EDGE_CURVE('',#4319,#4320,#1736,.T.);
#5461=EDGE_CURVE('',#4319,#4321,#1737,.T.);
#5462=EDGE_CURVE('',#4322,#4320,#1738,.T.);
#5463=EDGE_CURVE('',#4321,#4322,#1739,.T.);
#5464=EDGE_CURVE('',#4323,#4321,#3701,.T.);
#5465=EDGE_CURVE('',#4324,#4322,#3702,.T.);
#5466=EDGE_CURVE('',#4323,#4324,#1740,.T.);
#5467=EDGE_CURVE('',#4323,#4325,#1741,.T.);
#5468=EDGE_CURVE('',#4326,#4324,#1742,.T.);
#5469=EDGE_CURVE('',#4325,#4326,#1743,.T.);
#5470=EDGE_CURVE('',#4325,#4327,#1744,.T.);
#5471=EDGE_CURVE('',#4328,#4326,#1745,.T.);
#5472=EDGE_CURVE('',#4327,#4328,#1746,.T.);
#5473=EDGE_CURVE('',#4329,#4327,#1747,.T.);
#5474=EDGE_CURVE('',#4330,#4328,#1748,.T.);
#5475=EDGE_CURVE('',#4329,#4330,#1749,.T.);
#5476=EDGE_CURVE('',#4331,#4329,#3703,.T.);
#5477=EDGE_CURVE('',#4332,#4330,#3704,.T.);
#5478=EDGE_CURVE('',#4331,#4332,#1750,.T.);
#5479=EDGE_CURVE('',#4331,#4333,#1751,.T.);
#5480=EDGE_CURVE('',#4334,#4332,#1752,.T.);
#5481=EDGE_CURVE('',#4333,#4334,#1753,.T.);
#5482=EDGE_CURVE('',#4335,#4333,#3705,.T.);
#5483=EDGE_CURVE('',#4336,#4334,#3706,.T.);
#5484=EDGE_CURVE('',#4335,#4336,#1754,.T.);
#5485=EDGE_CURVE('',#4335,#4337,#1755,.T.);
#5486=EDGE_CURVE('',#4338,#4336,#1756,.T.);
#5487=EDGE_CURVE('',#4337,#4338,#1757,.T.);
#5488=EDGE_CURVE('',#4339,#4337,#1758,.T.);
#5489=EDGE_CURVE('',#4340,#4338,#1759,.T.);
#5490=EDGE_CURVE('',#4339,#4340,#1760,.T.);
#5491=EDGE_CURVE('',#4341,#4339,#1761,.T.);
#5492=EDGE_CURVE('',#4342,#4340,#1762,.T.);
#5493=EDGE_CURVE('',#4341,#4342,#1763,.T.);
#5494=EDGE_CURVE('',#4343,#4341,#3707,.T.);
#5495=EDGE_CURVE('',#4344,#4342,#3708,.T.);
#5496=EDGE_CURVE('',#4343,#4344,#1764,.T.);
#5497=EDGE_CURVE('',#4345,#4343,#1765,.T.);
#5498=EDGE_CURVE('',#4346,#4344,#1766,.T.);
#5499=EDGE_CURVE('',#4345,#4346,#1767,.T.);
#5500=EDGE_CURVE('',#4347,#4345,#3709,.T.);
#5501=EDGE_CURVE('',#4348,#4346,#3710,.T.);
#5502=EDGE_CURVE('',#4347,#4348,#1768,.T.);
#5503=EDGE_CURVE('',#4349,#4347,#1769,.T.);
#5504=EDGE_CURVE('',#4350,#4348,#1770,.T.);
#5505=EDGE_CURVE('',#4349,#4350,#1771,.T.);
#5506=EDGE_CURVE('',#4351,#4349,#1772,.T.);
#5507=EDGE_CURVE('',#4352,#4350,#1773,.T.);
#5508=EDGE_CURVE('',#4351,#4352,#1774,.T.);
#5509=EDGE_CURVE('',#4353,#4351,#3711,.T.);
#5510=EDGE_CURVE('',#4354,#4352,#3712,.T.);
#5511=EDGE_CURVE('',#4353,#4354,#1775,.T.);
#5512=EDGE_CURVE('',#4355,#4353,#1776,.T.);
#5513=EDGE_CURVE('',#4356,#4354,#1777,.T.);
#5514=EDGE_CURVE('',#4355,#4356,#1778,.T.);
#5515=EDGE_CURVE('',#4357,#4355,#1779,.T.);
#5516=EDGE_CURVE('',#4358,#4356,#1780,.T.);
#5517=EDGE_CURVE('',#4357,#4358,#1781,.T.);
#5518=EDGE_CURVE('',#4357,#4359,#3713,.T.);
#5519=EDGE_CURVE('',#4360,#4358,#3714,.T.);
#5520=EDGE_CURVE('',#4359,#4360,#1782,.T.);
#5521=EDGE_CURVE('',#4361,#4359,#1783,.T.);
#5522=EDGE_CURVE('',#4362,#4360,#1784,.T.);
#5523=EDGE_CURVE('',#4361,#4362,#1785,.T.);
#5524=EDGE_CURVE('',#4363,#4361,#3715,.T.);
#5525=EDGE_CURVE('',#4364,#4362,#3716,.T.);
#5526=EDGE_CURVE('',#4363,#4364,#1786,.T.);
#5527=EDGE_CURVE('',#4365,#4363,#1787,.T.);
#5528=EDGE_CURVE('',#4366,#4364,#1788,.T.);
#5529=EDGE_CURVE('',#4365,#4366,#1789,.T.);
#5530=EDGE_CURVE('',#4365,#4367,#3717,.T.);
#5531=EDGE_CURVE('',#4368,#4366,#3718,.T.);
#5532=EDGE_CURVE('',#4367,#4368,#1790,.T.);
#5533=EDGE_CURVE('',#4369,#4367,#1791,.T.);
#5534=EDGE_CURVE('',#4370,#4368,#1792,.T.);
#5535=EDGE_CURVE('',#4369,#4370,#1793,.T.);
#5536=EDGE_CURVE('',#4371,#4369,#3719,.T.);
#5537=EDGE_CURVE('',#4372,#4370,#3720,.T.);
#5538=EDGE_CURVE('',#4371,#4372,#1794,.T.);
#5539=EDGE_CURVE('',#4373,#4371,#1795,.T.);
#5540=EDGE_CURVE('',#4374,#4372,#1796,.T.);
#5541=EDGE_CURVE('',#4373,#4374,#1797,.T.);
#5542=EDGE_CURVE('',#4375,#4373,#3721,.T.);
#5543=EDGE_CURVE('',#4376,#4374,#3722,.T.);
#5544=EDGE_CURVE('',#4375,#4376,#1798,.T.);
#5545=EDGE_CURVE('',#4377,#4375,#1799,.T.);
#5546=EDGE_CURVE('',#4378,#4376,#1800,.T.);
#5547=EDGE_CURVE('',#4377,#4378,#1801,.T.);
#5548=EDGE_CURVE('',#4377,#4379,#3723,.T.);
#5549=EDGE_CURVE('',#4380,#4378,#3724,.T.);
#5550=EDGE_CURVE('',#4379,#4380,#1802,.T.);
#5551=EDGE_CURVE('',#4381,#4379,#1803,.T.);
#5552=EDGE_CURVE('',#4382,#4380,#1804,.T.);
#5553=EDGE_CURVE('',#4381,#4382,#1805,.T.);
#5554=EDGE_CURVE('',#4383,#4381,#1806,.T.);
#5555=EDGE_CURVE('',#4384,#4382,#1807,.T.);
#5556=EDGE_CURVE('',#4383,#4384,#1808,.T.);
#5557=EDGE_CURVE('',#4383,#4266,#3725,.T.);
#5558=EDGE_CURVE('',#4267,#4384,#3726,.T.);
#5559=EDGE_CURVE('',#4385,#4386,#3727,.T.);
#5560=EDGE_CURVE('',#4386,#4387,#1809,.T.);
#5561=EDGE_CURVE('',#4388,#4387,#3728,.T.);
#5562=EDGE_CURVE('',#4385,#4388,#1810,.T.);
#5563=EDGE_CURVE('',#4385,#4389,#1811,.T.);
#5564=EDGE_CURVE('',#4390,#4388,#1812,.T.);
#5565=EDGE_CURVE('',#4389,#4390,#1813,.T.);
#5566=EDGE_CURVE('',#4391,#4389,#3729,.T.);
#5567=EDGE_CURVE('',#4392,#4390,#3730,.T.);
#5568=EDGE_CURVE('',#4391,#4392,#1814,.T.);
#5569=EDGE_CURVE('',#4393,#4391,#1815,.T.);
#5570=EDGE_CURVE('',#4394,#4392,#1816,.T.);
#5571=EDGE_CURVE('',#4393,#4394,#1817,.T.);
#5572=EDGE_CURVE('',#4395,#4393,#3731,.T.);
#5573=EDGE_CURVE('',#4396,#4394,#3732,.T.);
#5574=EDGE_CURVE('',#4395,#4396,#1818,.T.);
#5575=EDGE_CURVE('',#4397,#4395,#1819,.T.);
#5576=EDGE_CURVE('',#4398,#4396,#1820,.T.);
#5577=EDGE_CURVE('',#4397,#4398,#1821,.T.);
#5578=EDGE_CURVE('',#4399,#4397,#3733,.T.);
#5579=EDGE_CURVE('',#4400,#4398,#3734,.T.);
#5580=EDGE_CURVE('',#4399,#4400,#1822,.T.);
#5581=EDGE_CURVE('',#4399,#4386,#1823,.T.);
#5582=EDGE_CURVE('',#4387,#4400,#1824,.T.);
#5583=EDGE_CURVE('',#4401,#4402,#3735,.T.);
#5584=EDGE_CURVE('',#4402,#4403,#1825,.T.);
#5585=EDGE_CURVE('',#4404,#4403,#3736,.T.);
#5586=EDGE_CURVE('',#4401,#4404,#1826,.T.);
#5587=EDGE_CURVE('',#4401,#4405,#1827,.T.);
#5588=EDGE_CURVE('',#4406,#4404,#1828,.T.);
#5589=EDGE_CURVE('',#4405,#4406,#1829,.T.);
#5590=EDGE_CURVE('',#4407,#4405,#3737,.T.);
#5591=EDGE_CURVE('',#4408,#4406,#3738,.T.);
#5592=EDGE_CURVE('',#4407,#4408,#1830,.T.);
#5593=EDGE_CURVE('',#4409,#4407,#1831,.T.);
#5594=EDGE_CURVE('',#4410,#4408,#1832,.T.);
#5595=EDGE_CURVE('',#4409,#4410,#1833,.T.);
#5596=EDGE_CURVE('',#4411,#4409,#3739,.T.);
#5597=EDGE_CURVE('',#4412,#4410,#3740,.T.);
#5598=EDGE_CURVE('',#4411,#4412,#1834,.T.);
#5599=EDGE_CURVE('',#4413,#4411,#1835,.T.);
#5600=EDGE_CURVE('',#4414,#4412,#1836,.T.);
#5601=EDGE_CURVE('',#4413,#4414,#1837,.T.);
#5602=EDGE_CURVE('',#4415,#4413,#3741,.T.);
#5603=EDGE_CURVE('',#4416,#4414,#3742,.T.);
#5604=EDGE_CURVE('',#4415,#4416,#1838,.T.);
#5605=EDGE_CURVE('',#4415,#4402,#1839,.T.);
#5606=EDGE_CURVE('',#4403,#4416,#1840,.T.);
#5607=EDGE_CURVE('',#4417,#4418,#3743,.T.);
#5608=EDGE_CURVE('',#4418,#4419,#1841,.T.);
#5609=EDGE_CURVE('',#4420,#4419,#3744,.T.);
#5610=EDGE_CURVE('',#4417,#4420,#1842,.T.);
#5611=EDGE_CURVE('',#4417,#4421,#1843,.T.);
#5612=EDGE_CURVE('',#4422,#4420,#1844,.T.);
#5613=EDGE_CURVE('',#4421,#4422,#1845,.T.);
#5614=EDGE_CURVE('',#4423,#4421,#3745,.T.);
#5615=EDGE_CURVE('',#4424,#4422,#3746,.T.);
#5616=EDGE_CURVE('',#4423,#4424,#1846,.T.);
#5617=EDGE_CURVE('',#4425,#4423,#1847,.T.);
#5618=EDGE_CURVE('',#4426,#4424,#1848,.T.);
#5619=EDGE_CURVE('',#4425,#4426,#1849,.T.);
#5620=EDGE_CURVE('',#4427,#4425,#3747,.T.);
#5621=EDGE_CURVE('',#4428,#4426,#3748,.T.);
#5622=EDGE_CURVE('',#4427,#4428,#1850,.T.);
#5623=EDGE_CURVE('',#4429,#4427,#1851,.T.);
#5624=EDGE_CURVE('',#4430,#4428,#1852,.T.);
#5625=EDGE_CURVE('',#4429,#4430,#1853,.T.);
#5626=EDGE_CURVE('',#4431,#4429,#3749,.T.);
#5627=EDGE_CURVE('',#4432,#4430,#3750,.T.);
#5628=EDGE_CURVE('',#4431,#4432,#1854,.T.);
#5629=EDGE_CURVE('',#4431,#4418,#1855,.T.);
#5630=EDGE_CURVE('',#4419,#4432,#1856,.T.);
#5631=EDGE_CURVE('',#4433,#4434,#3751,.T.);
#5632=EDGE_CURVE('',#4434,#4435,#1857,.T.);
#5633=EDGE_CURVE('',#4436,#4435,#3752,.T.);
#5634=EDGE_CURVE('',#4433,#4436,#1858,.T.);
#5635=EDGE_CURVE('',#4433,#4437,#1859,.T.);
#5636=EDGE_CURVE('',#4438,#4436,#1860,.T.);
#5637=EDGE_CURVE('',#4437,#4438,#1861,.T.);
#5638=EDGE_CURVE('',#4439,#4437,#3753,.T.);
#5639=EDGE_CURVE('',#4440,#4438,#3754,.T.);
#5640=EDGE_CURVE('',#4439,#4440,#1862,.T.);
#5641=EDGE_CURVE('',#4441,#4439,#1863,.T.);
#5642=EDGE_CURVE('',#4442,#4440,#1864,.T.);
#5643=EDGE_CURVE('',#4441,#4442,#1865,.T.);
#5644=EDGE_CURVE('',#4443,#4441,#3755,.T.);
#5645=EDGE_CURVE('',#4444,#4442,#3756,.T.);
#5646=EDGE_CURVE('',#4443,#4444,#1866,.T.);
#5647=EDGE_CURVE('',#4445,#4443,#1867,.T.);
#5648=EDGE_CURVE('',#4446,#4444,#1868,.T.);
#5649=EDGE_CURVE('',#4445,#4446,#1869,.T.);
#5650=EDGE_CURVE('',#4447,#4445,#3757,.T.);
#5651=EDGE_CURVE('',#4448,#4446,#3758,.T.);
#5652=EDGE_CURVE('',#4447,#4448,#1870,.T.);
#5653=EDGE_CURVE('',#4447,#4434,#1871,.T.);
#5654=EDGE_CURVE('',#4435,#4448,#1872,.T.);
#5655=EDGE_CURVE('',#4449,#4450,#3759,.T.);
#5656=EDGE_CURVE('',#4450,#4451,#1873,.T.);
#5657=EDGE_CURVE('',#4452,#4451,#3760,.T.);
#5658=EDGE_CURVE('',#4449,#4452,#1874,.T.);
#5659=EDGE_CURVE('',#4449,#4453,#1875,.T.);
#5660=EDGE_CURVE('',#4454,#4452,#1876,.T.);
#5661=EDGE_CURVE('',#4453,#4454,#1877,.T.);
#5662=EDGE_CURVE('',#4455,#4453,#3761,.T.);
#5663=EDGE_CURVE('',#4456,#4454,#3762,.T.);
#5664=EDGE_CURVE('',#4455,#4456,#1878,.T.);
#5665=EDGE_CURVE('',#4457,#4455,#1879,.T.);
#5666=EDGE_CURVE('',#4458,#4456,#1880,.T.);
#5667=EDGE_CURVE('',#4457,#4458,#1881,.T.);
#5668=EDGE_CURVE('',#4459,#4457,#3763,.T.);
#5669=EDGE_CURVE('',#4460,#4458,#3764,.T.);
#5670=EDGE_CURVE('',#4459,#4460,#1882,.T.);
#5671=EDGE_CURVE('',#4461,#4459,#1883,.T.);
#5672=EDGE_CURVE('',#4462,#4460,#1884,.T.);
#5673=EDGE_CURVE('',#4461,#4462,#1885,.T.);
#5674=EDGE_CURVE('',#4463,#4461,#3765,.T.);
#5675=EDGE_CURVE('',#4464,#4462,#3766,.T.);
#5676=EDGE_CURVE('',#4463,#4464,#1886,.T.);
#5677=EDGE_CURVE('',#4463,#4450,#1887,.T.);
#5678=EDGE_CURVE('',#4451,#4464,#1888,.T.);
#5679=EDGE_CURVE('',#4465,#4466,#3767,.T.);
#5680=EDGE_CURVE('',#4466,#4467,#1889,.T.);
#5681=EDGE_CURVE('',#4468,#4467,#3768,.T.);
#5682=EDGE_CURVE('',#4465,#4468,#1890,.T.);
#5683=EDGE_CURVE('',#4465,#4469,#1891,.T.);
#5684=EDGE_CURVE('',#4470,#4468,#1892,.T.);
#5685=EDGE_CURVE('',#4469,#4470,#1893,.T.);
#5686=EDGE_CURVE('',#4471,#4469,#3769,.T.);
#5687=EDGE_CURVE('',#4472,#4470,#3770,.T.);
#5688=EDGE_CURVE('',#4471,#4472,#1894,.T.);
#5689=EDGE_CURVE('',#4473,#4471,#1895,.T.);
#5690=EDGE_CURVE('',#4474,#4472,#1896,.T.);
#5691=EDGE_CURVE('',#4473,#4474,#1897,.T.);
#5692=EDGE_CURVE('',#4475,#4473,#3771,.T.);
#5693=EDGE_CURVE('',#4476,#4474,#3772,.T.);
#5694=EDGE_CURVE('',#4475,#4476,#1898,.T.);
#5695=EDGE_CURVE('',#4477,#4475,#1899,.T.);
#5696=EDGE_CURVE('',#4478,#4476,#1900,.T.);
#5697=EDGE_CURVE('',#4477,#4478,#1901,.T.);
#5698=EDGE_CURVE('',#4479,#4477,#3773,.T.);
#5699=EDGE_CURVE('',#4480,#4478,#3774,.T.);
#5700=EDGE_CURVE('',#4479,#4480,#1902,.T.);
#5701=EDGE_CURVE('',#4479,#4466,#1903,.T.);
#5702=EDGE_CURVE('',#4467,#4480,#1904,.T.);
#5703=EDGE_CURVE('',#4481,#4482,#3775,.T.);
#5704=EDGE_CURVE('',#4482,#4483,#1905,.T.);
#5705=EDGE_CURVE('',#4484,#4483,#3776,.T.);
#5706=EDGE_CURVE('',#4481,#4484,#1906,.T.);
#5707=EDGE_CURVE('',#4481,#4485,#1907,.T.);
#5708=EDGE_CURVE('',#4486,#4484,#1908,.T.);
#5709=EDGE_CURVE('',#4485,#4486,#1909,.T.);
#5710=EDGE_CURVE('',#4487,#4485,#3777,.T.);
#5711=EDGE_CURVE('',#4488,#4486,#3778,.T.);
#5712=EDGE_CURVE('',#4487,#4488,#1910,.T.);
#5713=EDGE_CURVE('',#4489,#4487,#1911,.T.);
#5714=EDGE_CURVE('',#4490,#4488,#1912,.T.);
#5715=EDGE_CURVE('',#4489,#4490,#1913,.T.);
#5716=EDGE_CURVE('',#4491,#4489,#3779,.T.);
#5717=EDGE_CURVE('',#4492,#4490,#3780,.T.);
#5718=EDGE_CURVE('',#4491,#4492,#1914,.T.);
#5719=EDGE_CURVE('',#4493,#4491,#1915,.T.);
#5720=EDGE_CURVE('',#4494,#4492,#1916,.T.);
#5721=EDGE_CURVE('',#4493,#4494,#1917,.T.);
#5722=EDGE_CURVE('',#4495,#4493,#3781,.T.);
#5723=EDGE_CURVE('',#4496,#4494,#3782,.T.);
#5724=EDGE_CURVE('',#4495,#4496,#1918,.T.);
#5725=EDGE_CURVE('',#4495,#4482,#1919,.T.);
#5726=EDGE_CURVE('',#4483,#4496,#1920,.T.);
#5727=EDGE_CURVE('',#4497,#4498,#3783,.T.);
#5728=EDGE_CURVE('',#4498,#4499,#1921,.T.);
#5729=EDGE_CURVE('',#4500,#4499,#3784,.T.);
#5730=EDGE_CURVE('',#4497,#4500,#1922,.T.);
#5731=EDGE_CURVE('',#4497,#4501,#1923,.T.);
#5732=EDGE_CURVE('',#4502,#4500,#1924,.T.);
#5733=EDGE_CURVE('',#4501,#4502,#1925,.T.);
#5734=EDGE_CURVE('',#4503,#4501,#3785,.T.);
#5735=EDGE_CURVE('',#4504,#4502,#3786,.T.);
#5736=EDGE_CURVE('',#4503,#4504,#1926,.T.);
#5737=EDGE_CURVE('',#4505,#4503,#1927,.T.);
#5738=EDGE_CURVE('',#4506,#4504,#1928,.T.);
#5739=EDGE_CURVE('',#4505,#4506,#1929,.T.);
#5740=EDGE_CURVE('',#4507,#4505,#3787,.T.);
#5741=EDGE_CURVE('',#4508,#4506,#3788,.T.);
#5742=EDGE_CURVE('',#4507,#4508,#1930,.T.);
#5743=EDGE_CURVE('',#4509,#4507,#1931,.T.);
#5744=EDGE_CURVE('',#4510,#4508,#1932,.T.);
#5745=EDGE_CURVE('',#4509,#4510,#1933,.T.);
#5746=EDGE_CURVE('',#4511,#4509,#3789,.T.);
#5747=EDGE_CURVE('',#4512,#4510,#3790,.T.);
#5748=EDGE_CURVE('',#4511,#4512,#1934,.T.);
#5749=EDGE_CURVE('',#4511,#4498,#1935,.T.);
#5750=EDGE_CURVE('',#4499,#4512,#1936,.T.);
#5751=EDGE_CURVE('',#4513,#4514,#3791,.T.);
#5752=EDGE_CURVE('',#4514,#4515,#1937,.T.);
#5753=EDGE_CURVE('',#4516,#4515,#3792,.T.);
#5754=EDGE_CURVE('',#4513,#4516,#1938,.T.);
#5755=EDGE_CURVE('',#4513,#4517,#1939,.T.);
#5756=EDGE_CURVE('',#4518,#4516,#1940,.T.);
#5757=EDGE_CURVE('',#4517,#4518,#1941,.T.);
#5758=EDGE_CURVE('',#4519,#4517,#3793,.T.);
#5759=EDGE_CURVE('',#4520,#4518,#3794,.T.);
#5760=EDGE_CURVE('',#4519,#4520,#1942,.T.);
#5761=EDGE_CURVE('',#4521,#4519,#1943,.T.);
#5762=EDGE_CURVE('',#4522,#4520,#1944,.T.);
#5763=EDGE_CURVE('',#4521,#4522,#1945,.T.);
#5764=EDGE_CURVE('',#4523,#4521,#3795,.T.);
#5765=EDGE_CURVE('',#4524,#4522,#3796,.T.);
#5766=EDGE_CURVE('',#4523,#4524,#1946,.T.);
#5767=EDGE_CURVE('',#4525,#4523,#1947,.T.);
#5768=EDGE_CURVE('',#4526,#4524,#1948,.T.);
#5769=EDGE_CURVE('',#4525,#4526,#1949,.T.);
#5770=EDGE_CURVE('',#4527,#4525,#3797,.T.);
#5771=EDGE_CURVE('',#4528,#4526,#3798,.T.);
#5772=EDGE_CURVE('',#4527,#4528,#1950,.T.);
#5773=EDGE_CURVE('',#4527,#4514,#1951,.T.);
#5774=EDGE_CURVE('',#4515,#4528,#1952,.T.);
#5775=EDGE_CURVE('',#4529,#4530,#3799,.T.);
#5776=EDGE_CURVE('',#4530,#4531,#1953,.T.);
#5777=EDGE_CURVE('',#4532,#4531,#3800,.T.);
#5778=EDGE_CURVE('',#4529,#4532,#1954,.T.);
#5779=EDGE_CURVE('',#4529,#4533,#1955,.T.);
#5780=EDGE_CURVE('',#4534,#4532,#1956,.T.);
#5781=EDGE_CURVE('',#4533,#4534,#1957,.T.);
#5782=EDGE_CURVE('',#4535,#4533,#3801,.T.);
#5783=EDGE_CURVE('',#4536,#4534,#3802,.T.);
#5784=EDGE_CURVE('',#4535,#4536,#1958,.T.);
#5785=EDGE_CURVE('',#4537,#4535,#1959,.T.);
#5786=EDGE_CURVE('',#4538,#4536,#1960,.T.);
#5787=EDGE_CURVE('',#4537,#4538,#1961,.T.);
#5788=EDGE_CURVE('',#4539,#4537,#3803,.T.);
#5789=EDGE_CURVE('',#4540,#4538,#3804,.T.);
#5790=EDGE_CURVE('',#4539,#4540,#1962,.T.);
#5791=EDGE_CURVE('',#4541,#4539,#1963,.T.);
#5792=EDGE_CURVE('',#4542,#4540,#1964,.T.);
#5793=EDGE_CURVE('',#4541,#4542,#1965,.T.);
#5794=EDGE_CURVE('',#4543,#4541,#3805,.T.);
#5795=EDGE_CURVE('',#4544,#4542,#3806,.T.);
#5796=EDGE_CURVE('',#4543,#4544,#1966,.T.);
#5797=EDGE_CURVE('',#4543,#4530,#1967,.T.);
#5798=EDGE_CURVE('',#4531,#4544,#1968,.T.);
#5799=EDGE_CURVE('',#4545,#4546,#3807,.T.);
#5800=EDGE_CURVE('',#4546,#4547,#1969,.T.);
#5801=EDGE_CURVE('',#4548,#4547,#3808,.T.);
#5802=EDGE_CURVE('',#4545,#4548,#1970,.T.);
#5803=EDGE_CURVE('',#4545,#4549,#1971,.T.);
#5804=EDGE_CURVE('',#4550,#4548,#1972,.T.);
#5805=EDGE_CURVE('',#4549,#4550,#1973,.T.);
#5806=EDGE_CURVE('',#4551,#4549,#3809,.T.);
#5807=EDGE_CURVE('',#4552,#4550,#3810,.T.);
#5808=EDGE_CURVE('',#4551,#4552,#1974,.T.);
#5809=EDGE_CURVE('',#4553,#4551,#1975,.T.);
#5810=EDGE_CURVE('',#4554,#4552,#1976,.T.);
#5811=EDGE_CURVE('',#4553,#4554,#1977,.T.);
#5812=EDGE_CURVE('',#4555,#4553,#3811,.T.);
#5813=EDGE_CURVE('',#4556,#4554,#3812,.T.);
#5814=EDGE_CURVE('',#4555,#4556,#1978,.T.);
#5815=EDGE_CURVE('',#4557,#4555,#1979,.T.);
#5816=EDGE_CURVE('',#4558,#4556,#1980,.T.);
#5817=EDGE_CURVE('',#4557,#4558,#1981,.T.);
#5818=EDGE_CURVE('',#4559,#4557,#3813,.T.);
#5819=EDGE_CURVE('',#4560,#4558,#3814,.T.);
#5820=EDGE_CURVE('',#4559,#4560,#1982,.T.);
#5821=EDGE_CURVE('',#4559,#4546,#1983,.T.);
#5822=EDGE_CURVE('',#4547,#4560,#1984,.T.);
#5823=EDGE_CURVE('',#4561,#4562,#3815,.T.);
#5824=EDGE_CURVE('',#4562,#4563,#1985,.T.);
#5825=EDGE_CURVE('',#4564,#4563,#3816,.T.);
#5826=EDGE_CURVE('',#4561,#4564,#1986,.T.);
#5827=EDGE_CURVE('',#4561,#4565,#1987,.T.);
#5828=EDGE_CURVE('',#4566,#4564,#1988,.T.);
#5829=EDGE_CURVE('',#4565,#4566,#1989,.T.);
#5830=EDGE_CURVE('',#4567,#4565,#3817,.T.);
#5831=EDGE_CURVE('',#4568,#4566,#3818,.T.);
#5832=EDGE_CURVE('',#4567,#4568,#1990,.T.);
#5833=EDGE_CURVE('',#4569,#4567,#1991,.T.);
#5834=EDGE_CURVE('',#4570,#4568,#1992,.T.);
#5835=EDGE_CURVE('',#4569,#4570,#1993,.T.);
#5836=EDGE_CURVE('',#4571,#4569,#3819,.T.);
#5837=EDGE_CURVE('',#4572,#4570,#3820,.T.);
#5838=EDGE_CURVE('',#4571,#4572,#1994,.T.);
#5839=EDGE_CURVE('',#4573,#4571,#1995,.T.);
#5840=EDGE_CURVE('',#4574,#4572,#1996,.T.);
#5841=EDGE_CURVE('',#4573,#4574,#1997,.T.);
#5842=EDGE_CURVE('',#4575,#4573,#3821,.T.);
#5843=EDGE_CURVE('',#4576,#4574,#3822,.T.);
#5844=EDGE_CURVE('',#4575,#4576,#1998,.T.);
#5845=EDGE_CURVE('',#4575,#4562,#1999,.T.);
#5846=EDGE_CURVE('',#4563,#4576,#2000,.T.);
#5847=EDGE_CURVE('',#4577,#4578,#3823,.T.);
#5848=EDGE_CURVE('',#4578,#4579,#2001,.T.);
#5849=EDGE_CURVE('',#4580,#4579,#3824,.T.);
#5850=EDGE_CURVE('',#4577,#4580,#2002,.T.);
#5851=EDGE_CURVE('',#4577,#4581,#2003,.T.);
#5852=EDGE_CURVE('',#4582,#4580,#2004,.T.);
#5853=EDGE_CURVE('',#4581,#4582,#2005,.T.);
#5854=EDGE_CURVE('',#4583,#4581,#3825,.T.);
#5855=EDGE_CURVE('',#4584,#4582,#3826,.T.);
#5856=EDGE_CURVE('',#4583,#4584,#2006,.T.);
#5857=EDGE_CURVE('',#4585,#4583,#2007,.T.);
#5858=EDGE_CURVE('',#4586,#4584,#2008,.T.);
#5859=EDGE_CURVE('',#4585,#4586,#2009,.T.);
#5860=EDGE_CURVE('',#4587,#4585,#3827,.T.);
#5861=EDGE_CURVE('',#4588,#4586,#3828,.T.);
#5862=EDGE_CURVE('',#4587,#4588,#2010,.T.);
#5863=EDGE_CURVE('',#4589,#4587,#2011,.T.);
#5864=EDGE_CURVE('',#4590,#4588,#2012,.T.);
#5865=EDGE_CURVE('',#4589,#4590,#2013,.T.);
#5866=EDGE_CURVE('',#4591,#4589,#3829,.T.);
#5867=EDGE_CURVE('',#4592,#4590,#3830,.T.);
#5868=EDGE_CURVE('',#4591,#4592,#2014,.T.);
#5869=EDGE_CURVE('',#4591,#4578,#2015,.T.);
#5870=EDGE_CURVE('',#4579,#4592,#2016,.T.);
#5871=EDGE_CURVE('',#4593,#4594,#3831,.T.);
#5872=EDGE_CURVE('',#4594,#4595,#2017,.T.);
#5873=EDGE_CURVE('',#4596,#4595,#3832,.T.);
#5874=EDGE_CURVE('',#4593,#4596,#2018,.T.);
#5875=EDGE_CURVE('',#4593,#4597,#2019,.T.);
#5876=EDGE_CURVE('',#4598,#4596,#2020,.T.);
#5877=EDGE_CURVE('',#4597,#4598,#2021,.T.);
#5878=EDGE_CURVE('',#4599,#4597,#3833,.T.);
#5879=EDGE_CURVE('',#4600,#4598,#3834,.T.);
#5880=EDGE_CURVE('',#4599,#4600,#2022,.T.);
#5881=EDGE_CURVE('',#4601,#4599,#2023,.T.);
#5882=EDGE_CURVE('',#4602,#4600,#2024,.T.);
#5883=EDGE_CURVE('',#4601,#4602,#2025,.T.);
#5884=EDGE_CURVE('',#4603,#4601,#3835,.T.);
#5885=EDGE_CURVE('',#4604,#4602,#3836,.T.);
#5886=EDGE_CURVE('',#4603,#4604,#2026,.T.);
#5887=EDGE_CURVE('',#4605,#4603,#2027,.T.);
#5888=EDGE_CURVE('',#4606,#4604,#2028,.T.);
#5889=EDGE_CURVE('',#4605,#4606,#2029,.T.);
#5890=EDGE_CURVE('',#4607,#4605,#3837,.T.);
#5891=EDGE_CURVE('',#4608,#4606,#3838,.T.);
#5892=EDGE_CURVE('',#4607,#4608,#2030,.T.);
#5893=EDGE_CURVE('',#4607,#4594,#2031,.T.);
#5894=EDGE_CURVE('',#4595,#4608,#2032,.T.);
#5895=EDGE_CURVE('',#4609,#4610,#3839,.T.);
#5896=EDGE_CURVE('',#4610,#4611,#2033,.T.);
#5897=EDGE_CURVE('',#4612,#4611,#3840,.T.);
#5898=EDGE_CURVE('',#4609,#4612,#2034,.T.);
#5899=EDGE_CURVE('',#4609,#4613,#2035,.T.);
#5900=EDGE_CURVE('',#4614,#4612,#2036,.T.);
#5901=EDGE_CURVE('',#4613,#4614,#2037,.T.);
#5902=EDGE_CURVE('',#4615,#4613,#3841,.T.);
#5903=EDGE_CURVE('',#4616,#4614,#3842,.T.);
#5904=EDGE_CURVE('',#4615,#4616,#2038,.T.);
#5905=EDGE_CURVE('',#4617,#4615,#2039,.T.);
#5906=EDGE_CURVE('',#4618,#4616,#2040,.T.);
#5907=EDGE_CURVE('',#4617,#4618,#2041,.T.);
#5908=EDGE_CURVE('',#4619,#4617,#3843,.T.);
#5909=EDGE_CURVE('',#4620,#4618,#3844,.T.);
#5910=EDGE_CURVE('',#4619,#4620,#2042,.T.);
#5911=EDGE_CURVE('',#4621,#4619,#2043,.T.);
#5912=EDGE_CURVE('',#4622,#4620,#2044,.T.);
#5913=EDGE_CURVE('',#4621,#4622,#2045,.T.);
#5914=EDGE_CURVE('',#4623,#4621,#3845,.T.);
#5915=EDGE_CURVE('',#4624,#4622,#3846,.T.);
#5916=EDGE_CURVE('',#4623,#4624,#2046,.T.);
#5917=EDGE_CURVE('',#4623,#4610,#2047,.T.);
#5918=EDGE_CURVE('',#4611,#4624,#2048,.T.);
#5919=EDGE_CURVE('',#4625,#4626,#3847,.T.);
#5920=EDGE_CURVE('',#4626,#4627,#2049,.T.);
#5921=EDGE_CURVE('',#4628,#4627,#3848,.T.);
#5922=EDGE_CURVE('',#4625,#4628,#2050,.T.);
#5923=EDGE_CURVE('',#4625,#4629,#2051,.T.);
#5924=EDGE_CURVE('',#4630,#4628,#2052,.T.);
#5925=EDGE_CURVE('',#4629,#4630,#2053,.T.);
#5926=EDGE_CURVE('',#4631,#4629,#3849,.T.);
#5927=EDGE_CURVE('',#4632,#4630,#3850,.T.);
#5928=EDGE_CURVE('',#4631,#4632,#2054,.T.);
#5929=EDGE_CURVE('',#4633,#4631,#2055,.T.);
#5930=EDGE_CURVE('',#4634,#4632,#2056,.T.);
#5931=EDGE_CURVE('',#4633,#4634,#2057,.T.);
#5932=EDGE_CURVE('',#4635,#4633,#3851,.T.);
#5933=EDGE_CURVE('',#4636,#4634,#3852,.T.);
#5934=EDGE_CURVE('',#4635,#4636,#2058,.T.);
#5935=EDGE_CURVE('',#4637,#4635,#2059,.T.);
#5936=EDGE_CURVE('',#4638,#4636,#2060,.T.);
#5937=EDGE_CURVE('',#4637,#4638,#2061,.T.);
#5938=EDGE_CURVE('',#4639,#4637,#3853,.T.);
#5939=EDGE_CURVE('',#4640,#4638,#3854,.T.);
#5940=EDGE_CURVE('',#4639,#4640,#2062,.T.);
#5941=EDGE_CURVE('',#4639,#4626,#2063,.T.);
#5942=EDGE_CURVE('',#4627,#4640,#2064,.T.);
#5943=EDGE_CURVE('',#4641,#4642,#3855,.T.);
#5944=EDGE_CURVE('',#4642,#4643,#2065,.T.);
#5945=EDGE_CURVE('',#4644,#4643,#3856,.T.);
#5946=EDGE_CURVE('',#4641,#4644,#2066,.T.);
#5947=EDGE_CURVE('',#4641,#4645,#2067,.T.);
#5948=EDGE_CURVE('',#4646,#4644,#2068,.T.);
#5949=EDGE_CURVE('',#4645,#4646,#2069,.T.);
#5950=EDGE_CURVE('',#4647,#4645,#3857,.T.);
#5951=EDGE_CURVE('',#4648,#4646,#3858,.T.);
#5952=EDGE_CURVE('',#4647,#4648,#2070,.T.);
#5953=EDGE_CURVE('',#4649,#4647,#2071,.T.);
#5954=EDGE_CURVE('',#4650,#4648,#2072,.T.);
#5955=EDGE_CURVE('',#4649,#4650,#2073,.T.);
#5956=EDGE_CURVE('',#4651,#4649,#3859,.T.);
#5957=EDGE_CURVE('',#4652,#4650,#3860,.T.);
#5958=EDGE_CURVE('',#4651,#4652,#2074,.T.);
#5959=EDGE_CURVE('',#4653,#4651,#2075,.T.);
#5960=EDGE_CURVE('',#4654,#4652,#2076,.T.);
#5961=EDGE_CURVE('',#4653,#4654,#2077,.T.);
#5962=EDGE_CURVE('',#4655,#4653,#3861,.T.);
#5963=EDGE_CURVE('',#4656,#4654,#3862,.T.);
#5964=EDGE_CURVE('',#4655,#4656,#2078,.T.);
#5965=EDGE_CURVE('',#4655,#4642,#2079,.T.);
#5966=EDGE_CURVE('',#4643,#4656,#2080,.T.);
#5967=EDGE_CURVE('',#4657,#4658,#3863,.T.);
#5968=EDGE_CURVE('',#4658,#4659,#2081,.T.);
#5969=EDGE_CURVE('',#4660,#4659,#3864,.T.);
#5970=EDGE_CURVE('',#4657,#4660,#2082,.T.);
#5971=EDGE_CURVE('',#4657,#4661,#2083,.T.);
#5972=EDGE_CURVE('',#4662,#4660,#2084,.T.);
#5973=EDGE_CURVE('',#4661,#4662,#2085,.T.);
#5974=EDGE_CURVE('',#4663,#4661,#3865,.T.);
#5975=EDGE_CURVE('',#4664,#4662,#3866,.T.);
#5976=EDGE_CURVE('',#4663,#4664,#2086,.T.);
#5977=EDGE_CURVE('',#4665,#4663,#2087,.T.);
#5978=EDGE_CURVE('',#4666,#4664,#2088,.T.);
#5979=EDGE_CURVE('',#4665,#4666,#2089,.T.);
#5980=EDGE_CURVE('',#4667,#4665,#3867,.T.);
#5981=EDGE_CURVE('',#4668,#4666,#3868,.T.);
#5982=EDGE_CURVE('',#4667,#4668,#2090,.T.);
#5983=EDGE_CURVE('',#4669,#4667,#2091,.T.);
#5984=EDGE_CURVE('',#4670,#4668,#2092,.T.);
#5985=EDGE_CURVE('',#4669,#4670,#2093,.T.);
#5986=EDGE_CURVE('',#4671,#4669,#3869,.T.);
#5987=EDGE_CURVE('',#4672,#4670,#3870,.T.);
#5988=EDGE_CURVE('',#4671,#4672,#2094,.T.);
#5989=EDGE_CURVE('',#4671,#4658,#2095,.T.);
#5990=EDGE_CURVE('',#4659,#4672,#2096,.T.);
#5991=EDGE_CURVE('',#4673,#4674,#3871,.T.);
#5992=EDGE_CURVE('',#4674,#4675,#2097,.T.);
#5993=EDGE_CURVE('',#4676,#4675,#3872,.T.);
#5994=EDGE_CURVE('',#4673,#4676,#2098,.T.);
#5995=EDGE_CURVE('',#4673,#4677,#2099,.T.);
#5996=EDGE_CURVE('',#4678,#4676,#2100,.T.);
#5997=EDGE_CURVE('',#4677,#4678,#2101,.T.);
#5998=EDGE_CURVE('',#4679,#4677,#3873,.T.);
#5999=EDGE_CURVE('',#4680,#4678,#3874,.T.);
#6000=EDGE_CURVE('',#4679,#4680,#2102,.T.);
#6001=EDGE_CURVE('',#4681,#4679,#2103,.T.);
#6002=EDGE_CURVE('',#4682,#4680,#2104,.T.);
#6003=EDGE_CURVE('',#4681,#4682,#2105,.T.);
#6004=EDGE_CURVE('',#4683,#4681,#3875,.T.);
#6005=EDGE_CURVE('',#4684,#4682,#3876,.T.);
#6006=EDGE_CURVE('',#4683,#4684,#2106,.T.);
#6007=EDGE_CURVE('',#4685,#4683,#2107,.T.);
#6008=EDGE_CURVE('',#4686,#4684,#2108,.T.);
#6009=EDGE_CURVE('',#4685,#4686,#2109,.T.);
#6010=EDGE_CURVE('',#4687,#4685,#3877,.T.);
#6011=EDGE_CURVE('',#4688,#4686,#3878,.T.);
#6012=EDGE_CURVE('',#4687,#4688,#2110,.T.);
#6013=EDGE_CURVE('',#4687,#4674,#2111,.T.);
#6014=EDGE_CURVE('',#4675,#4688,#2112,.T.);
#6015=EDGE_CURVE('',#4689,#4690,#3879,.T.);
#6016=EDGE_CURVE('',#4690,#4691,#2113,.T.);
#6017=EDGE_CURVE('',#4692,#4691,#3880,.T.);
#6018=EDGE_CURVE('',#4689,#4692,#2114,.T.);
#6019=EDGE_CURVE('',#4689,#4693,#2115,.T.);
#6020=EDGE_CURVE('',#4694,#4692,#2116,.T.);
#6021=EDGE_CURVE('',#4693,#4694,#2117,.T.);
#6022=EDGE_CURVE('',#4695,#4693,#3881,.T.);
#6023=EDGE_CURVE('',#4696,#4694,#3882,.T.);
#6024=EDGE_CURVE('',#4695,#4696,#2118,.T.);
#6025=EDGE_CURVE('',#4697,#4695,#2119,.T.);
#6026=EDGE_CURVE('',#4698,#4696,#2120,.T.);
#6027=EDGE_CURVE('',#4697,#4698,#2121,.T.);
#6028=EDGE_CURVE('',#4699,#4697,#3883,.T.);
#6029=EDGE_CURVE('',#4700,#4698,#3884,.T.);
#6030=EDGE_CURVE('',#4699,#4700,#2122,.T.);
#6031=EDGE_CURVE('',#4701,#4699,#2123,.T.);
#6032=EDGE_CURVE('',#4702,#4700,#2124,.T.);
#6033=EDGE_CURVE('',#4701,#4702,#2125,.T.);
#6034=EDGE_CURVE('',#4703,#4701,#3885,.T.);
#6035=EDGE_CURVE('',#4704,#4702,#3886,.T.);
#6036=EDGE_CURVE('',#4703,#4704,#2126,.T.);
#6037=EDGE_CURVE('',#4703,#4690,#2127,.T.);
#6038=EDGE_CURVE('',#4691,#4704,#2128,.T.);
#6039=EDGE_CURVE('',#4705,#4706,#3887,.T.);
#6040=EDGE_CURVE('',#4706,#4707,#2129,.T.);
#6041=EDGE_CURVE('',#4708,#4707,#3888,.T.);
#6042=EDGE_CURVE('',#4705,#4708,#2130,.T.);
#6043=EDGE_CURVE('',#4705,#4709,#2131,.T.);
#6044=EDGE_CURVE('',#4710,#4708,#2132,.T.);
#6045=EDGE_CURVE('',#4709,#4710,#2133,.T.);
#6046=EDGE_CURVE('',#4711,#4709,#3889,.T.);
#6047=EDGE_CURVE('',#4712,#4710,#3890,.T.);
#6048=EDGE_CURVE('',#4711,#4712,#2134,.T.);
#6049=EDGE_CURVE('',#4713,#4711,#2135,.T.);
#6050=EDGE_CURVE('',#4714,#4712,#2136,.T.);
#6051=EDGE_CURVE('',#4713,#4714,#2137,.T.);
#6052=EDGE_CURVE('',#4715,#4713,#3891,.T.);
#6053=EDGE_CURVE('',#4716,#4714,#3892,.T.);
#6054=EDGE_CURVE('',#4715,#4716,#2138,.T.);
#6055=EDGE_CURVE('',#4717,#4715,#2139,.T.);
#6056=EDGE_CURVE('',#4718,#4716,#2140,.T.);
#6057=EDGE_CURVE('',#4717,#4718,#2141,.T.);
#6058=EDGE_CURVE('',#4719,#4717,#3893,.T.);
#6059=EDGE_CURVE('',#4720,#4718,#3894,.T.);
#6060=EDGE_CURVE('',#4719,#4720,#2142,.T.);
#6061=EDGE_CURVE('',#4719,#4706,#2143,.T.);
#6062=EDGE_CURVE('',#4707,#4720,#2144,.T.);
#6063=EDGE_CURVE('',#4721,#4722,#3895,.T.);
#6064=EDGE_CURVE('',#4722,#4723,#2145,.T.);
#6065=EDGE_CURVE('',#4724,#4723,#3896,.T.);
#6066=EDGE_CURVE('',#4721,#4724,#2146,.T.);
#6067=EDGE_CURVE('',#4721,#4725,#2147,.T.);
#6068=EDGE_CURVE('',#4726,#4724,#2148,.T.);
#6069=EDGE_CURVE('',#4725,#4726,#2149,.T.);
#6070=EDGE_CURVE('',#4727,#4725,#3897,.T.);
#6071=EDGE_CURVE('',#4728,#4726,#3898,.T.);
#6072=EDGE_CURVE('',#4727,#4728,#2150,.T.);
#6073=EDGE_CURVE('',#4729,#4727,#2151,.T.);
#6074=EDGE_CURVE('',#4730,#4728,#2152,.T.);
#6075=EDGE_CURVE('',#4729,#4730,#2153,.T.);
#6076=EDGE_CURVE('',#4731,#4729,#3899,.T.);
#6077=EDGE_CURVE('',#4732,#4730,#3900,.T.);
#6078=EDGE_CURVE('',#4731,#4732,#2154,.T.);
#6079=EDGE_CURVE('',#4733,#4731,#2155,.T.);
#6080=EDGE_CURVE('',#4734,#4732,#2156,.T.);
#6081=EDGE_CURVE('',#4733,#4734,#2157,.T.);
#6082=EDGE_CURVE('',#4735,#4733,#3901,.T.);
#6083=EDGE_CURVE('',#4736,#4734,#3902,.T.);
#6084=EDGE_CURVE('',#4735,#4736,#2158,.T.);
#6085=EDGE_CURVE('',#4735,#4722,#2159,.T.);
#6086=EDGE_CURVE('',#4723,#4736,#2160,.T.);
#6087=EDGE_CURVE('',#4737,#4738,#3903,.T.);
#6088=EDGE_CURVE('',#4738,#4739,#2161,.T.);
#6089=EDGE_CURVE('',#4740,#4739,#3904,.T.);
#6090=EDGE_CURVE('',#4737,#4740,#2162,.T.);
#6091=EDGE_CURVE('',#4737,#4741,#2163,.T.);
#6092=EDGE_CURVE('',#4742,#4740,#2164,.T.);
#6093=EDGE_CURVE('',#4741,#4742,#2165,.T.);
#6094=EDGE_CURVE('',#4743,#4741,#3905,.T.);
#6095=EDGE_CURVE('',#4744,#4742,#3906,.T.);
#6096=EDGE_CURVE('',#4743,#4744,#2166,.T.);
#6097=EDGE_CURVE('',#4745,#4743,#2167,.T.);
#6098=EDGE_CURVE('',#4746,#4744,#2168,.T.);
#6099=EDGE_CURVE('',#4745,#4746,#2169,.T.);
#6100=EDGE_CURVE('',#4747,#4745,#3907,.T.);
#6101=EDGE_CURVE('',#4748,#4746,#3908,.T.);
#6102=EDGE_CURVE('',#4747,#4748,#2170,.T.);
#6103=EDGE_CURVE('',#4749,#4747,#2171,.T.);
#6104=EDGE_CURVE('',#4750,#4748,#2172,.T.);
#6105=EDGE_CURVE('',#4749,#4750,#2173,.T.);
#6106=EDGE_CURVE('',#4751,#4749,#3909,.T.);
#6107=EDGE_CURVE('',#4752,#4750,#3910,.T.);
#6108=EDGE_CURVE('',#4751,#4752,#2174,.T.);
#6109=EDGE_CURVE('',#4751,#4738,#2175,.T.);
#6110=EDGE_CURVE('',#4739,#4752,#2176,.T.);
#6111=EDGE_CURVE('',#4753,#4754,#3911,.T.);
#6112=EDGE_CURVE('',#4754,#4755,#2177,.T.);
#6113=EDGE_CURVE('',#4756,#4755,#3912,.T.);
#6114=EDGE_CURVE('',#4753,#4756,#2178,.T.);
#6115=EDGE_CURVE('',#4753,#4757,#2179,.T.);
#6116=EDGE_CURVE('',#4758,#4756,#2180,.T.);
#6117=EDGE_CURVE('',#4757,#4758,#2181,.T.);
#6118=EDGE_CURVE('',#4759,#4757,#3913,.T.);
#6119=EDGE_CURVE('',#4760,#4758,#3914,.T.);
#6120=EDGE_CURVE('',#4759,#4760,#2182,.T.);
#6121=EDGE_CURVE('',#4761,#4759,#2183,.T.);
#6122=EDGE_CURVE('',#4762,#4760,#2184,.T.);
#6123=EDGE_CURVE('',#4761,#4762,#2185,.T.);
#6124=EDGE_CURVE('',#4763,#4761,#3915,.T.);
#6125=EDGE_CURVE('',#4764,#4762,#3916,.T.);
#6126=EDGE_CURVE('',#4763,#4764,#2186,.T.);
#6127=EDGE_CURVE('',#4765,#4763,#2187,.T.);
#6128=EDGE_CURVE('',#4766,#4764,#2188,.T.);
#6129=EDGE_CURVE('',#4765,#4766,#2189,.T.);
#6130=EDGE_CURVE('',#4767,#4765,#3917,.T.);
#6131=EDGE_CURVE('',#4768,#4766,#3918,.T.);
#6132=EDGE_CURVE('',#4767,#4768,#2190,.T.);
#6133=EDGE_CURVE('',#4767,#4754,#2191,.T.);
#6134=EDGE_CURVE('',#4755,#4768,#2192,.T.);
#6135=EDGE_CURVE('',#4769,#4770,#3919,.T.);
#6136=EDGE_CURVE('',#4770,#4771,#2193,.T.);
#6137=EDGE_CURVE('',#4772,#4771,#3920,.T.);
#6138=EDGE_CURVE('',#4769,#4772,#2194,.T.);
#6139=EDGE_CURVE('',#4769,#4773,#2195,.T.);
#6140=EDGE_CURVE('',#4774,#4772,#2196,.T.);
#6141=EDGE_CURVE('',#4773,#4774,#2197,.T.);
#6142=EDGE_CURVE('',#4775,#4773,#3921,.T.);
#6143=EDGE_CURVE('',#4776,#4774,#3922,.T.);
#6144=EDGE_CURVE('',#4775,#4776,#2198,.T.);
#6145=EDGE_CURVE('',#4777,#4775,#2199,.T.);
#6146=EDGE_CURVE('',#4778,#4776,#2200,.T.);
#6147=EDGE_CURVE('',#4777,#4778,#2201,.T.);
#6148=EDGE_CURVE('',#4779,#4777,#3923,.T.);
#6149=EDGE_CURVE('',#4780,#4778,#3924,.T.);
#6150=EDGE_CURVE('',#4779,#4780,#2202,.T.);
#6151=EDGE_CURVE('',#4781,#4779,#2203,.T.);
#6152=EDGE_CURVE('',#4782,#4780,#2204,.T.);
#6153=EDGE_CURVE('',#4781,#4782,#2205,.T.);
#6154=EDGE_CURVE('',#4783,#4781,#3925,.T.);
#6155=EDGE_CURVE('',#4784,#4782,#3926,.T.);
#6156=EDGE_CURVE('',#4783,#4784,#2206,.T.);
#6157=EDGE_CURVE('',#4783,#4770,#2207,.T.);
#6158=EDGE_CURVE('',#4771,#4784,#2208,.T.);
#6159=EDGE_CURVE('',#4785,#4786,#3927,.T.);
#6160=EDGE_CURVE('',#4786,#4787,#2209,.T.);
#6161=EDGE_CURVE('',#4788,#4787,#3928,.T.);
#6162=EDGE_CURVE('',#4785,#4788,#2210,.T.);
#6163=EDGE_CURVE('',#4785,#4789,#2211,.T.);
#6164=EDGE_CURVE('',#4790,#4788,#2212,.T.);
#6165=EDGE_CURVE('',#4789,#4790,#2213,.T.);
#6166=EDGE_CURVE('',#4791,#4789,#3929,.T.);
#6167=EDGE_CURVE('',#4792,#4790,#3930,.T.);
#6168=EDGE_CURVE('',#4791,#4792,#2214,.T.);
#6169=EDGE_CURVE('',#4793,#4791,#2215,.T.);
#6170=EDGE_CURVE('',#4794,#4792,#2216,.T.);
#6171=EDGE_CURVE('',#4793,#4794,#2217,.T.);
#6172=EDGE_CURVE('',#4795,#4793,#3931,.T.);
#6173=EDGE_CURVE('',#4796,#4794,#3932,.T.);
#6174=EDGE_CURVE('',#4795,#4796,#2218,.T.);
#6175=EDGE_CURVE('',#4797,#4795,#2219,.T.);
#6176=EDGE_CURVE('',#4798,#4796,#2220,.T.);
#6177=EDGE_CURVE('',#4797,#4798,#2221,.T.);
#6178=EDGE_CURVE('',#4799,#4797,#3933,.T.);
#6179=EDGE_CURVE('',#4800,#4798,#3934,.T.);
#6180=EDGE_CURVE('',#4799,#4800,#2222,.T.);
#6181=EDGE_CURVE('',#4799,#4786,#2223,.T.);
#6182=EDGE_CURVE('',#4787,#4800,#2224,.T.);
#6183=EDGE_CURVE('',#4801,#4802,#3935,.T.);
#6184=EDGE_CURVE('',#4802,#4803,#2225,.T.);
#6185=EDGE_CURVE('',#4804,#4803,#3936,.T.);
#6186=EDGE_CURVE('',#4801,#4804,#2226,.T.);
#6187=EDGE_CURVE('',#4801,#4805,#2227,.T.);
#6188=EDGE_CURVE('',#4806,#4804,#2228,.T.);
#6189=EDGE_CURVE('',#4805,#4806,#2229,.T.);
#6190=EDGE_CURVE('',#4807,#4805,#3937,.T.);
#6191=EDGE_CURVE('',#4808,#4806,#3938,.T.);
#6192=EDGE_CURVE('',#4807,#4808,#2230,.T.);
#6193=EDGE_CURVE('',#4809,#4807,#2231,.T.);
#6194=EDGE_CURVE('',#4810,#4808,#2232,.T.);
#6195=EDGE_CURVE('',#4809,#4810,#2233,.T.);
#6196=EDGE_CURVE('',#4811,#4809,#3939,.T.);
#6197=EDGE_CURVE('',#4812,#4810,#3940,.T.);
#6198=EDGE_CURVE('',#4811,#4812,#2234,.T.);
#6199=EDGE_CURVE('',#4813,#4811,#2235,.T.);
#6200=EDGE_CURVE('',#4814,#4812,#2236,.T.);
#6201=EDGE_CURVE('',#4813,#4814,#2237,.T.);
#6202=EDGE_CURVE('',#4815,#4813,#3941,.T.);
#6203=EDGE_CURVE('',#4816,#4814,#3942,.T.);
#6204=EDGE_CURVE('',#4815,#4816,#2238,.T.);
#6205=EDGE_CURVE('',#4815,#4802,#2239,.T.);
#6206=EDGE_CURVE('',#4803,#4816,#2240,.T.);
#6207=EDGE_CURVE('',#4817,#4818,#3943,.T.);
#6208=EDGE_CURVE('',#4818,#4819,#2241,.T.);
#6209=EDGE_CURVE('',#4820,#4819,#3944,.T.);
#6210=EDGE_CURVE('',#4817,#4820,#2242,.T.);
#6211=EDGE_CURVE('',#4817,#4821,#2243,.T.);
#6212=EDGE_CURVE('',#4822,#4820,#2244,.T.);
#6213=EDGE_CURVE('',#4821,#4822,#2245,.T.);
#6214=EDGE_CURVE('',#4823,#4821,#3945,.T.);
#6215=EDGE_CURVE('',#4824,#4822,#3946,.T.);
#6216=EDGE_CURVE('',#4823,#4824,#2246,.T.);
#6217=EDGE_CURVE('',#4825,#4823,#2247,.T.);
#6218=EDGE_CURVE('',#4826,#4824,#2248,.T.);
#6219=EDGE_CURVE('',#4825,#4826,#2249,.T.);
#6220=EDGE_CURVE('',#4827,#4825,#3947,.T.);
#6221=EDGE_CURVE('',#4828,#4826,#3948,.T.);
#6222=EDGE_CURVE('',#4827,#4828,#2250,.T.);
#6223=EDGE_CURVE('',#4829,#4827,#2251,.T.);
#6224=EDGE_CURVE('',#4830,#4828,#2252,.T.);
#6225=EDGE_CURVE('',#4829,#4830,#2253,.T.);
#6226=EDGE_CURVE('',#4831,#4829,#3949,.T.);
#6227=EDGE_CURVE('',#4832,#4830,#3950,.T.);
#6228=EDGE_CURVE('',#4831,#4832,#2254,.T.);
#6229=EDGE_CURVE('',#4831,#4818,#2255,.T.);
#6230=EDGE_CURVE('',#4819,#4832,#2256,.T.);
#6231=EDGE_CURVE('',#4833,#4834,#3951,.T.);
#6232=EDGE_CURVE('',#4834,#4835,#2257,.T.);
#6233=EDGE_CURVE('',#4836,#4835,#3952,.T.);
#6234=EDGE_CURVE('',#4833,#4836,#2258,.T.);
#6235=EDGE_CURVE('',#4833,#4837,#2259,.T.);
#6236=EDGE_CURVE('',#4838,#4836,#2260,.T.);
#6237=EDGE_CURVE('',#4837,#4838,#2261,.T.);
#6238=EDGE_CURVE('',#4839,#4837,#3953,.T.);
#6239=EDGE_CURVE('',#4840,#4838,#3954,.T.);
#6240=EDGE_CURVE('',#4839,#4840,#2262,.T.);
#6241=EDGE_CURVE('',#4841,#4839,#2263,.T.);
#6242=EDGE_CURVE('',#4842,#4840,#2264,.T.);
#6243=EDGE_CURVE('',#4841,#4842,#2265,.T.);
#6244=EDGE_CURVE('',#4843,#4841,#3955,.T.);
#6245=EDGE_CURVE('',#4844,#4842,#3956,.T.);
#6246=EDGE_CURVE('',#4843,#4844,#2266,.T.);
#6247=EDGE_CURVE('',#4845,#4843,#2267,.T.);
#6248=EDGE_CURVE('',#4846,#4844,#2268,.T.);
#6249=EDGE_CURVE('',#4845,#4846,#2269,.T.);
#6250=EDGE_CURVE('',#4847,#4845,#3957,.T.);
#6251=EDGE_CURVE('',#4848,#4846,#3958,.T.);
#6252=EDGE_CURVE('',#4847,#4848,#2270,.T.);
#6253=EDGE_CURVE('',#4847,#4834,#2271,.T.);
#6254=EDGE_CURVE('',#4835,#4848,#2272,.T.);
#6255=EDGE_CURVE('',#4849,#4850,#3959,.T.);
#6256=EDGE_CURVE('',#4850,#4851,#2273,.T.);
#6257=EDGE_CURVE('',#4852,#4851,#3960,.T.);
#6258=EDGE_CURVE('',#4849,#4852,#2274,.T.);
#6259=EDGE_CURVE('',#4849,#4853,#2275,.T.);
#6260=EDGE_CURVE('',#4854,#4852,#2276,.T.);
#6261=EDGE_CURVE('',#4853,#4854,#2277,.T.);
#6262=EDGE_CURVE('',#4855,#4853,#3961,.T.);
#6263=EDGE_CURVE('',#4856,#4854,#3962,.T.);
#6264=EDGE_CURVE('',#4855,#4856,#2278,.T.);
#6265=EDGE_CURVE('',#4857,#4855,#2279,.T.);
#6266=EDGE_CURVE('',#4858,#4856,#2280,.T.);
#6267=EDGE_CURVE('',#4857,#4858,#2281,.T.);
#6268=EDGE_CURVE('',#4859,#4857,#3963,.T.);
#6269=EDGE_CURVE('',#4860,#4858,#3964,.T.);
#6270=EDGE_CURVE('',#4859,#4860,#2282,.T.);
#6271=EDGE_CURVE('',#4861,#4859,#2283,.T.);
#6272=EDGE_CURVE('',#4862,#4860,#2284,.T.);
#6273=EDGE_CURVE('',#4861,#4862,#2285,.T.);
#6274=EDGE_CURVE('',#4863,#4861,#3965,.T.);
#6275=EDGE_CURVE('',#4864,#4862,#3966,.T.);
#6276=EDGE_CURVE('',#4863,#4864,#2286,.T.);
#6277=EDGE_CURVE('',#4863,#4850,#2287,.T.);
#6278=EDGE_CURVE('',#4851,#4864,#2288,.T.);
#6279=EDGE_CURVE('',#4865,#4866,#3967,.T.);
#6280=EDGE_CURVE('',#4866,#4867,#2289,.T.);
#6281=EDGE_CURVE('',#4868,#4867,#3968,.T.);
#6282=EDGE_CURVE('',#4865,#4868,#2290,.T.);
#6283=EDGE_CURVE('',#4865,#4869,#2291,.T.);
#6284=EDGE_CURVE('',#4870,#4868,#2292,.T.);
#6285=EDGE_CURVE('',#4869,#4870,#2293,.T.);
#6286=EDGE_CURVE('',#4871,#4869,#3969,.T.);
#6287=EDGE_CURVE('',#4872,#4870,#3970,.T.);
#6288=EDGE_CURVE('',#4871,#4872,#2294,.T.);
#6289=EDGE_CURVE('',#4873,#4871,#2295,.T.);
#6290=EDGE_CURVE('',#4874,#4872,#2296,.T.);
#6291=EDGE_CURVE('',#4873,#4874,#2297,.T.);
#6292=EDGE_CURVE('',#4875,#4873,#3971,.T.);
#6293=EDGE_CURVE('',#4876,#4874,#3972,.T.);
#6294=EDGE_CURVE('',#4875,#4876,#2298,.T.);
#6295=EDGE_CURVE('',#4877,#4875,#2299,.T.);
#6296=EDGE_CURVE('',#4878,#4876,#2300,.T.);
#6297=EDGE_CURVE('',#4877,#4878,#2301,.T.);
#6298=EDGE_CURVE('',#4879,#4877,#3973,.T.);
#6299=EDGE_CURVE('',#4880,#4878,#3974,.T.);
#6300=EDGE_CURVE('',#4879,#4880,#2302,.T.);
#6301=EDGE_CURVE('',#4879,#4866,#2303,.T.);
#6302=EDGE_CURVE('',#4867,#4880,#2304,.T.);
#6303=EDGE_CURVE('',#4881,#4882,#3975,.T.);
#6304=EDGE_CURVE('',#4882,#4883,#2305,.T.);
#6305=EDGE_CURVE('',#4884,#4883,#3976,.T.);
#6306=EDGE_CURVE('',#4881,#4884,#2306,.T.);
#6307=EDGE_CURVE('',#4881,#4885,#2307,.T.);
#6308=EDGE_CURVE('',#4886,#4884,#2308,.T.);
#6309=EDGE_CURVE('',#4885,#4886,#2309,.T.);
#6310=EDGE_CURVE('',#4887,#4885,#3977,.T.);
#6311=EDGE_CURVE('',#4888,#4886,#3978,.T.);
#6312=EDGE_CURVE('',#4887,#4888,#2310,.T.);
#6313=EDGE_CURVE('',#4889,#4887,#2311,.T.);
#6314=EDGE_CURVE('',#4890,#4888,#2312,.T.);
#6315=EDGE_CURVE('',#4889,#4890,#2313,.T.);
#6316=EDGE_CURVE('',#4891,#4889,#3979,.T.);
#6317=EDGE_CURVE('',#4892,#4890,#3980,.T.);
#6318=EDGE_CURVE('',#4891,#4892,#2314,.T.);
#6319=EDGE_CURVE('',#4893,#4891,#2315,.T.);
#6320=EDGE_CURVE('',#4894,#4892,#2316,.T.);
#6321=EDGE_CURVE('',#4893,#4894,#2317,.T.);
#6322=EDGE_CURVE('',#4895,#4893,#3981,.T.);
#6323=EDGE_CURVE('',#4896,#4894,#3982,.T.);
#6324=EDGE_CURVE('',#4895,#4896,#2318,.T.);
#6325=EDGE_CURVE('',#4895,#4882,#2319,.T.);
#6326=EDGE_CURVE('',#4883,#4896,#2320,.T.);
#6327=EDGE_CURVE('',#4897,#4898,#3983,.T.);
#6328=EDGE_CURVE('',#4898,#4899,#2321,.T.);
#6329=EDGE_CURVE('',#4900,#4899,#3984,.T.);
#6330=EDGE_CURVE('',#4897,#4900,#2322,.T.);
#6331=EDGE_CURVE('',#4897,#4901,#2323,.T.);
#6332=EDGE_CURVE('',#4902,#4900,#2324,.T.);
#6333=EDGE_CURVE('',#4901,#4902,#2325,.T.);
#6334=EDGE_CURVE('',#4903,#4901,#3985,.T.);
#6335=EDGE_CURVE('',#4904,#4902,#3986,.T.);
#6336=EDGE_CURVE('',#4903,#4904,#2326,.T.);
#6337=EDGE_CURVE('',#4905,#4903,#2327,.T.);
#6338=EDGE_CURVE('',#4906,#4904,#2328,.T.);
#6339=EDGE_CURVE('',#4905,#4906,#2329,.T.);
#6340=EDGE_CURVE('',#4907,#4905,#3987,.T.);
#6341=EDGE_CURVE('',#4908,#4906,#3988,.T.);
#6342=EDGE_CURVE('',#4907,#4908,#2330,.T.);
#6343=EDGE_CURVE('',#4909,#4907,#2331,.T.);
#6344=EDGE_CURVE('',#4910,#4908,#2332,.T.);
#6345=EDGE_CURVE('',#4909,#4910,#2333,.T.);
#6346=EDGE_CURVE('',#4911,#4909,#3989,.T.);
#6347=EDGE_CURVE('',#4912,#4910,#3990,.T.);
#6348=EDGE_CURVE('',#4911,#4912,#2334,.T.);
#6349=EDGE_CURVE('',#4911,#4898,#2335,.T.);
#6350=EDGE_CURVE('',#4899,#4912,#2336,.T.);
#6351=EDGE_CURVE('',#4913,#4914,#3991,.T.);
#6352=EDGE_CURVE('',#4914,#4915,#2337,.T.);
#6353=EDGE_CURVE('',#4916,#4915,#3992,.T.);
#6354=EDGE_CURVE('',#4913,#4916,#2338,.T.);
#6355=EDGE_CURVE('',#4913,#4917,#2339,.T.);
#6356=EDGE_CURVE('',#4918,#4916,#2340,.T.);
#6357=EDGE_CURVE('',#4917,#4918,#2341,.T.);
#6358=EDGE_CURVE('',#4919,#4917,#3993,.T.);
#6359=EDGE_CURVE('',#4920,#4918,#3994,.T.);
#6360=EDGE_CURVE('',#4919,#4920,#2342,.T.);
#6361=EDGE_CURVE('',#4921,#4919,#2343,.T.);
#6362=EDGE_CURVE('',#4922,#4920,#2344,.T.);
#6363=EDGE_CURVE('',#4921,#4922,#2345,.T.);
#6364=EDGE_CURVE('',#4923,#4921,#3995,.T.);
#6365=EDGE_CURVE('',#4924,#4922,#3996,.T.);
#6366=EDGE_CURVE('',#4923,#4924,#2346,.T.);
#6367=EDGE_CURVE('',#4925,#4923,#2347,.T.);
#6368=EDGE_CURVE('',#4926,#4924,#2348,.T.);
#6369=EDGE_CURVE('',#4925,#4926,#2349,.T.);
#6370=EDGE_CURVE('',#4927,#4925,#3997,.T.);
#6371=EDGE_CURVE('',#4928,#4926,#3998,.T.);
#6372=EDGE_CURVE('',#4927,#4928,#2350,.T.);
#6373=EDGE_CURVE('',#4927,#4914,#2351,.T.);
#6374=EDGE_CURVE('',#4915,#4928,#2352,.T.);
#6375=EDGE_CURVE('',#4929,#4930,#3999,.T.);
#6376=EDGE_CURVE('',#4930,#4931,#2353,.T.);
#6377=EDGE_CURVE('',#4932,#4931,#4000,.T.);
#6378=EDGE_CURVE('',#4929,#4932,#2354,.T.);
#6379=EDGE_CURVE('',#4929,#4933,#2355,.T.);
#6380=EDGE_CURVE('',#4934,#4932,#2356,.T.);
#6381=EDGE_CURVE('',#4933,#4934,#2357,.T.);
#6382=EDGE_CURVE('',#4935,#4933,#4001,.T.);
#6383=EDGE_CURVE('',#4936,#4934,#4002,.T.);
#6384=EDGE_CURVE('',#4935,#4936,#2358,.T.);
#6385=EDGE_CURVE('',#4937,#4935,#2359,.T.);
#6386=EDGE_CURVE('',#4938,#4936,#2360,.T.);
#6387=EDGE_CURVE('',#4937,#4938,#2361,.T.);
#6388=EDGE_CURVE('',#4939,#4937,#4003,.T.);
#6389=EDGE_CURVE('',#4940,#4938,#4004,.T.);
#6390=EDGE_CURVE('',#4939,#4940,#2362,.T.);
#6391=EDGE_CURVE('',#4941,#4939,#2363,.T.);
#6392=EDGE_CURVE('',#4942,#4940,#2364,.T.);
#6393=EDGE_CURVE('',#4941,#4942,#2365,.T.);
#6394=EDGE_CURVE('',#4943,#4941,#4005,.T.);
#6395=EDGE_CURVE('',#4944,#4942,#4006,.T.);
#6396=EDGE_CURVE('',#4943,#4944,#2366,.T.);
#6397=EDGE_CURVE('',#4943,#4930,#2367,.T.);
#6398=EDGE_CURVE('',#4931,#4944,#2368,.T.);
#6399=EDGE_CURVE('',#4945,#4946,#4007,.T.);
#6400=EDGE_CURVE('',#4946,#4947,#2369,.T.);
#6401=EDGE_CURVE('',#4948,#4947,#4008,.T.);
#6402=EDGE_CURVE('',#4945,#4948,#2370,.T.);
#6403=EDGE_CURVE('',#4945,#4949,#2371,.T.);
#6404=EDGE_CURVE('',#4950,#4948,#2372,.T.);
#6405=EDGE_CURVE('',#4949,#4950,#2373,.T.);
#6406=EDGE_CURVE('',#4951,#4949,#4009,.T.);
#6407=EDGE_CURVE('',#4952,#4950,#4010,.T.);
#6408=EDGE_CURVE('',#4951,#4952,#2374,.T.);
#6409=EDGE_CURVE('',#4953,#4951,#2375,.T.);
#6410=EDGE_CURVE('',#4954,#4952,#2376,.T.);
#6411=EDGE_CURVE('',#4953,#4954,#2377,.T.);
#6412=EDGE_CURVE('',#4955,#4953,#4011,.T.);
#6413=EDGE_CURVE('',#4956,#4954,#4012,.T.);
#6414=EDGE_CURVE('',#4955,#4956,#2378,.T.);
#6415=EDGE_CURVE('',#4957,#4955,#2379,.T.);
#6416=EDGE_CURVE('',#4958,#4956,#2380,.T.);
#6417=EDGE_CURVE('',#4957,#4958,#2381,.T.);
#6418=EDGE_CURVE('',#4959,#4957,#4013,.T.);
#6419=EDGE_CURVE('',#4960,#4958,#4014,.T.);
#6420=EDGE_CURVE('',#4959,#4960,#2382,.T.);
#6421=EDGE_CURVE('',#4959,#4946,#2383,.T.);
#6422=EDGE_CURVE('',#4947,#4960,#2384,.T.);
#6423=EDGE_CURVE('',#4961,#4962,#4015,.T.);
#6424=EDGE_CURVE('',#4962,#4963,#2385,.T.);
#6425=EDGE_CURVE('',#4964,#4963,#4016,.T.);
#6426=EDGE_CURVE('',#4961,#4964,#2386,.T.);
#6427=EDGE_CURVE('',#4961,#4965,#2387,.T.);
#6428=EDGE_CURVE('',#4966,#4964,#2388,.T.);
#6429=EDGE_CURVE('',#4965,#4966,#2389,.T.);
#6430=EDGE_CURVE('',#4967,#4965,#4017,.T.);
#6431=EDGE_CURVE('',#4968,#4966,#4018,.T.);
#6432=EDGE_CURVE('',#4967,#4968,#2390,.T.);
#6433=EDGE_CURVE('',#4969,#4967,#2391,.T.);
#6434=EDGE_CURVE('',#4970,#4968,#2392,.T.);
#6435=EDGE_CURVE('',#4969,#4970,#2393,.T.);
#6436=EDGE_CURVE('',#4971,#4969,#4019,.T.);
#6437=EDGE_CURVE('',#4972,#4970,#4020,.T.);
#6438=EDGE_CURVE('',#4971,#4972,#2394,.T.);
#6439=EDGE_CURVE('',#4973,#4971,#2395,.T.);
#6440=EDGE_CURVE('',#4974,#4972,#2396,.T.);
#6441=EDGE_CURVE('',#4973,#4974,#2397,.T.);
#6442=EDGE_CURVE('',#4975,#4973,#4021,.T.);
#6443=EDGE_CURVE('',#4976,#4974,#4022,.T.);
#6444=EDGE_CURVE('',#4975,#4976,#2398,.T.);
#6445=EDGE_CURVE('',#4975,#4962,#2399,.T.);
#6446=EDGE_CURVE('',#4963,#4976,#2400,.T.);
#6447=EDGE_CURVE('',#4977,#4978,#2401,.T.);
#6448=EDGE_CURVE('',#4978,#4979,#2402,.T.);
#6449=EDGE_CURVE('',#4980,#4979,#2403,.T.);
#6450=EDGE_CURVE('',#4977,#4980,#2404,.T.);
#6451=EDGE_CURVE('',#4978,#4981,#4023,.T.);
#6452=EDGE_CURVE('',#4981,#4982,#2405,.T.);
#6453=EDGE_CURVE('',#4979,#4982,#4024,.T.);
#6454=EDGE_CURVE('',#4981,#4983,#2406,.T.);
#6455=EDGE_CURVE('',#4983,#4984,#2407,.T.);
#6456=EDGE_CURVE('',#4982,#4984,#2408,.T.);
#6457=EDGE_CURVE('',#4983,#4985,#4025,.T.);
#6458=EDGE_CURVE('',#4985,#4986,#2409,.T.);
#6459=EDGE_CURVE('',#4984,#4986,#4026,.T.);
#6460=EDGE_CURVE('',#4985,#4987,#2410,.T.);
#6461=EDGE_CURVE('',#4987,#4988,#2411,.T.);
#6462=EDGE_CURVE('',#4986,#4988,#2412,.T.);
#6463=EDGE_CURVE('',#4987,#4989,#4027,.T.);
#6464=EDGE_CURVE('',#4989,#4990,#2413,.T.);
#6465=EDGE_CURVE('',#4988,#4990,#4028,.T.);
#6466=EDGE_CURVE('',#4991,#4989,#2414,.T.);
#6467=EDGE_CURVE('',#4991,#4992,#2415,.T.);
#6468=EDGE_CURVE('',#4990,#4992,#2416,.T.);
#6469=EDGE_CURVE('',#4991,#4993,#4029,.T.);
#6470=EDGE_CURVE('',#4993,#4994,#2417,.T.);
#6471=EDGE_CURVE('',#4992,#4994,#4030,.T.);
#6472=EDGE_CURVE('',#4995,#4993,#2418,.T.);
#6473=EDGE_CURVE('',#4995,#4996,#2419,.T.);
#6474=EDGE_CURVE('',#4994,#4996,#2420,.T.);
#6475=EDGE_CURVE('',#4997,#4995,#4031,.T.);
#6476=EDGE_CURVE('',#4997,#4998,#2421,.T.);
#6477=EDGE_CURVE('',#4996,#4998,#4032,.T.);
#6478=EDGE_CURVE('',#4997,#4999,#2422,.T.);
#6479=EDGE_CURVE('',#4999,#5000,#2423,.T.);
#6480=EDGE_CURVE('',#4998,#5000,#2424,.T.);
#6481=EDGE_CURVE('',#5001,#4999,#4033,.T.);
#6482=EDGE_CURVE('',#5001,#5002,#2425,.T.);
#6483=EDGE_CURVE('',#5000,#5002,#4034,.T.);
#6484=EDGE_CURVE('',#5003,#5001,#2426,.T.);
#6485=EDGE_CURVE('',#5003,#5004,#2427,.T.);
#6486=EDGE_CURVE('',#5002,#5004,#2428,.T.);
#6487=EDGE_CURVE('',#5005,#5003,#4035,.T.);
#6488=EDGE_CURVE('',#5005,#5006,#2429,.T.);
#6489=EDGE_CURVE('',#5004,#5006,#4036,.T.);
#6490=EDGE_CURVE('',#5005,#5007,#2430,.T.);
#6491=EDGE_CURVE('',#5007,#5008,#2431,.T.);
#6492=EDGE_CURVE('',#5006,#5008,#2432,.T.);
#6493=EDGE_CURVE('',#5009,#5007,#4037,.T.);
#6494=EDGE_CURVE('',#5009,#5010,#2433,.T.);
#6495=EDGE_CURVE('',#5008,#5010,#4038,.T.);
#6496=EDGE_CURVE('',#5011,#5009,#2434,.T.);
#6497=EDGE_CURVE('',#5011,#5012,#2435,.T.);
#6498=EDGE_CURVE('',#5010,#5012,#2436,.T.);
#6499=EDGE_CURVE('',#5011,#5013,#4039,.T.);
#6500=EDGE_CURVE('',#5013,#5014,#2437,.T.);
#6501=EDGE_CURVE('',#5012,#5014,#4040,.T.);
#6502=EDGE_CURVE('',#5015,#5013,#2438,.T.);
#6503=EDGE_CURVE('',#5015,#5016,#2439,.T.);
#6504=EDGE_CURVE('',#5014,#5016,#2440,.T.);
#6505=EDGE_CURVE('',#5015,#5017,#4041,.T.);
#6506=EDGE_CURVE('',#5017,#5018,#2441,.T.);
#6507=EDGE_CURVE('',#5016,#5018,#4042,.T.);
#6508=EDGE_CURVE('',#5019,#5017,#2442,.T.);
#6509=EDGE_CURVE('',#5019,#5020,#2443,.T.);
#6510=EDGE_CURVE('',#5018,#5020,#2444,.T.);
#6511=EDGE_CURVE('',#5019,#5021,#4043,.T.);
#6512=EDGE_CURVE('',#5021,#5022,#2445,.T.);
#6513=EDGE_CURVE('',#5020,#5022,#4044,.T.);
#6514=EDGE_CURVE('',#5023,#5021,#2446,.T.);
#6515=EDGE_CURVE('',#5023,#5024,#2447,.T.);
#6516=EDGE_CURVE('',#5022,#5024,#2448,.T.);
#6517=EDGE_CURVE('',#5023,#5025,#4045,.T.);
#6518=EDGE_CURVE('',#5025,#5026,#2449,.T.);
#6519=EDGE_CURVE('',#5024,#5026,#4046,.T.);
#6520=EDGE_CURVE('',#5027,#5025,#2450,.T.);
#6521=EDGE_CURVE('',#5027,#5028,#2451,.T.);
#6522=EDGE_CURVE('',#5026,#5028,#2452,.T.);
#6523=EDGE_CURVE('',#5029,#5027,#4047,.T.);
#6524=EDGE_CURVE('',#5029,#5030,#2453,.T.);
#6525=EDGE_CURVE('',#5028,#5030,#4048,.T.);
#6526=EDGE_CURVE('',#5029,#5031,#2454,.T.);
#6527=EDGE_CURVE('',#5031,#5032,#2455,.T.);
#6528=EDGE_CURVE('',#5030,#5032,#2456,.T.);
#6529=EDGE_CURVE('',#5033,#5031,#4049,.T.);
#6530=EDGE_CURVE('',#5033,#5034,#2457,.T.);
#6531=EDGE_CURVE('',#5032,#5034,#4050,.T.);
#6532=EDGE_CURVE('',#5035,#5033,#2458,.T.);
#6533=EDGE_CURVE('',#5035,#5036,#2459,.T.);
#6534=EDGE_CURVE('',#5034,#5036,#2460,.T.);
#6535=EDGE_CURVE('',#5035,#5037,#4051,.T.);
#6536=EDGE_CURVE('',#5037,#5038,#2461,.T.);
#6537=EDGE_CURVE('',#5036,#5038,#4052,.T.);
#6538=EDGE_CURVE('',#5039,#5037,#2462,.T.);
#6539=EDGE_CURVE('',#5039,#5040,#2463,.T.);
#6540=EDGE_CURVE('',#5038,#5040,#2464,.T.);
#6541=EDGE_CURVE('',#5039,#5041,#4053,.T.);
#6542=EDGE_CURVE('',#5041,#5042,#2465,.T.);
#6543=EDGE_CURVE('',#5040,#5042,#4054,.T.);
#6544=EDGE_CURVE('',#5043,#5041,#2466,.T.);
#6545=EDGE_CURVE('',#5043,#5044,#2467,.T.);
#6546=EDGE_CURVE('',#5042,#5044,#2468,.T.);
#6547=EDGE_CURVE('',#5045,#5043,#4055,.T.);
#6548=EDGE_CURVE('',#5045,#5046,#2469,.T.);
#6549=EDGE_CURVE('',#5044,#5046,#4056,.T.);
#6550=EDGE_CURVE('',#5047,#5045,#2470,.T.);
#6551=EDGE_CURVE('',#5047,#5048,#2471,.T.);
#6552=EDGE_CURVE('',#5046,#5048,#2472,.T.);
#6553=EDGE_CURVE('',#5049,#5047,#4057,.T.);
#6554=EDGE_CURVE('',#5049,#5050,#2473,.T.);
#6555=EDGE_CURVE('',#5048,#5050,#4058,.T.);
#6556=EDGE_CURVE('',#5051,#5049,#2474,.T.);
#6557=EDGE_CURVE('',#5051,#5052,#2475,.T.);
#6558=EDGE_CURVE('',#5050,#5052,#2476,.T.);
#6559=EDGE_CURVE('',#5051,#5053,#4059,.T.);
#6560=EDGE_CURVE('',#5053,#5054,#2477,.T.);
#6561=EDGE_CURVE('',#5052,#5054,#4060,.T.);
#6562=EDGE_CURVE('',#5055,#5053,#2478,.T.);
#6563=EDGE_CURVE('',#5055,#5056,#2479,.T.);
#6564=EDGE_CURVE('',#5054,#5056,#2480,.T.);
#6565=EDGE_CURVE('',#5055,#5057,#4061,.T.);
#6566=EDGE_CURVE('',#5057,#5058,#2481,.T.);
#6567=EDGE_CURVE('',#5056,#5058,#4062,.T.);
#6568=EDGE_CURVE('',#5059,#5057,#2482,.T.);
#6569=EDGE_CURVE('',#5059,#5060,#2483,.T.);
#6570=EDGE_CURVE('',#5058,#5060,#2484,.T.);
#6571=EDGE_CURVE('',#5059,#5061,#4063,.T.);
#6572=EDGE_CURVE('',#5061,#5062,#2485,.T.);
#6573=EDGE_CURVE('',#5060,#5062,#4064,.T.);
#6574=EDGE_CURVE('',#5063,#5061,#2486,.T.);
#6575=EDGE_CURVE('',#5063,#5064,#2487,.T.);
#6576=EDGE_CURVE('',#5062,#5064,#2488,.T.);
#6577=EDGE_CURVE('',#5063,#5065,#4065,.T.);
#6578=EDGE_CURVE('',#5065,#5066,#2489,.T.);
#6579=EDGE_CURVE('',#5064,#5066,#4066,.T.);
#6580=EDGE_CURVE('',#5067,#5065,#2490,.T.);
#6581=EDGE_CURVE('',#5067,#5068,#2491,.T.);
#6582=EDGE_CURVE('',#5066,#5068,#2492,.T.);
#6583=EDGE_CURVE('',#5069,#5067,#4067,.T.);
#6584=EDGE_CURVE('',#5069,#5070,#2493,.T.);
#6585=EDGE_CURVE('',#5068,#5070,#4068,.T.);
#6586=EDGE_CURVE('',#5071,#5069,#2494,.T.);
#6587=EDGE_CURVE('',#5071,#5072,#2495,.T.);
#6588=EDGE_CURVE('',#5070,#5072,#2496,.T.);
#6589=EDGE_CURVE('',#5073,#5071,#4069,.T.);
#6590=EDGE_CURVE('',#5073,#5074,#2497,.T.);
#6591=EDGE_CURVE('',#5072,#5074,#4070,.T.);
#6592=EDGE_CURVE('',#5075,#5073,#2498,.T.);
#6593=EDGE_CURVE('',#5075,#5076,#2499,.T.);
#6594=EDGE_CURVE('',#5074,#5076,#2500,.T.);
#6595=EDGE_CURVE('',#5077,#5075,#4071,.T.);
#6596=EDGE_CURVE('',#5077,#5078,#2501,.T.);
#6597=EDGE_CURVE('',#5076,#5078,#4072,.T.);
#6598=EDGE_CURVE('',#5079,#5077,#2502,.T.);
#6599=EDGE_CURVE('',#5079,#5080,#2503,.T.);
#6600=EDGE_CURVE('',#5078,#5080,#2504,.T.);
#6601=EDGE_CURVE('',#5081,#5079,#4073,.T.);
#6602=EDGE_CURVE('',#5081,#5082,#2505,.T.);
#6603=EDGE_CURVE('',#5080,#5082,#4074,.T.);
#6604=EDGE_CURVE('',#5083,#5081,#2506,.T.);
#6605=EDGE_CURVE('',#5083,#5084,#2507,.T.);
#6606=EDGE_CURVE('',#5082,#5084,#2508,.T.);
#6607=EDGE_CURVE('',#5083,#5085,#4075,.T.);
#6608=EDGE_CURVE('',#5085,#5086,#2509,.T.);
#6609=EDGE_CURVE('',#5084,#5086,#4076,.T.);
#6610=EDGE_CURVE('',#5087,#5085,#2510,.T.);
#6611=EDGE_CURVE('',#5087,#5088,#2511,.T.);
#6612=EDGE_CURVE('',#5086,#5088,#2512,.T.);
#6613=EDGE_CURVE('',#5087,#5089,#4077,.T.);
#6614=EDGE_CURVE('',#5089,#5090,#2513,.T.);
#6615=EDGE_CURVE('',#5088,#5090,#4078,.T.);
#6616=EDGE_CURVE('',#5091,#5089,#2514,.T.);
#6617=EDGE_CURVE('',#5091,#5092,#2515,.T.);
#6618=EDGE_CURVE('',#5090,#5092,#2516,.T.);
#6619=EDGE_CURVE('',#5091,#5093,#4079,.T.);
#6620=EDGE_CURVE('',#5093,#5094,#2517,.T.);
#6621=EDGE_CURVE('',#5092,#5094,#4080,.T.);
#6622=EDGE_CURVE('',#5095,#5093,#2518,.T.);
#6623=EDGE_CURVE('',#5095,#5096,#2519,.T.);
#6624=EDGE_CURVE('',#5094,#5096,#2520,.T.);
#6625=EDGE_CURVE('',#5095,#5097,#4081,.T.);
#6626=EDGE_CURVE('',#5097,#5098,#2521,.T.);
#6627=EDGE_CURVE('',#5096,#5098,#4082,.T.);
#6628=EDGE_CURVE('',#5099,#5097,#2522,.T.);
#6629=EDGE_CURVE('',#5099,#5100,#2523,.T.);
#6630=EDGE_CURVE('',#5098,#5100,#2524,.T.);
#6631=EDGE_CURVE('',#5101,#5099,#4083,.T.);
#6632=EDGE_CURVE('',#5101,#5102,#2525,.T.);
#6633=EDGE_CURVE('',#5100,#5102,#4084,.T.);
#6634=EDGE_CURVE('',#5103,#5101,#2526,.T.);
#6635=EDGE_CURVE('',#5103,#5104,#2527,.T.);
#6636=EDGE_CURVE('',#5102,#5104,#2528,.T.);
#6637=EDGE_CURVE('',#5105,#5103,#4085,.T.);
#6638=EDGE_CURVE('',#5105,#5106,#2529,.T.);
#6639=EDGE_CURVE('',#5104,#5106,#4086,.T.);
#6640=EDGE_CURVE('',#5107,#5105,#2530,.T.);
#6641=EDGE_CURVE('',#5107,#5108,#2531,.T.);
#6642=EDGE_CURVE('',#5106,#5108,#2532,.T.);
#6643=EDGE_CURVE('',#5107,#5109,#4087,.T.);
#6644=EDGE_CURVE('',#5109,#5110,#2533,.T.);
#6645=EDGE_CURVE('',#5108,#5110,#4088,.T.);
#6646=EDGE_CURVE('',#5111,#5112,#4089,.T.);
#6647=EDGE_CURVE('',#5112,#5113,#2534,.T.);
#6648=EDGE_CURVE('',#5114,#5113,#4090,.T.);
#6649=EDGE_CURVE('',#5111,#5114,#2535,.T.);
#6650=EDGE_CURVE('',#5115,#5112,#2536,.T.);
#6651=EDGE_CURVE('',#5115,#5116,#2537,.T.);
#6652=EDGE_CURVE('',#5113,#5116,#2538,.T.);
#6653=EDGE_CURVE('',#5117,#5115,#4091,.T.);
#6654=EDGE_CURVE('',#5117,#5118,#2539,.T.);
#6655=EDGE_CURVE('',#5116,#5118,#4092,.T.);
#6656=EDGE_CURVE('',#5117,#5119,#2540,.T.);
#6657=EDGE_CURVE('',#5119,#5120,#2541,.T.);
#6658=EDGE_CURVE('',#5118,#5120,#2542,.T.);
#6659=EDGE_CURVE('',#4977,#5119,#4093,.T.);
#6660=EDGE_CURVE('',#5120,#4980,#4094,.T.);
#6661=EDGE_CURVE('',#5121,#5122,#2543,.T.);
#6662=EDGE_CURVE('',#5110,#5122,#2544,.T.);
#6663=EDGE_CURVE('',#5121,#5109,#2545,.T.);
#6664=EDGE_CURVE('',#5123,#5124,#2546,.T.);
#6665=EDGE_CURVE('',#5111,#5124,#2547,.T.);
#6666=EDGE_CURVE('',#5123,#5114,#2548,.T.);
#6667=EDGE_CURVE('',#5123,#5125,#2549,.T.);
#6668=EDGE_CURVE('',#5122,#5125,#4095,.T.);
#6669=EDGE_CURVE('',#5126,#5121,#4096,.T.);
#6670=EDGE_CURVE('',#5125,#5126,#2550,.T.);
#6671=EDGE_CURVE('',#5124,#5126,#2551,.T.);
#6672=ORIENTED_EDGE('',*,*,#5127,.T.);
#6673=ORIENTED_EDGE('',*,*,#5128,.T.);
#6674=ORIENTED_EDGE('',*,*,#5129,.F.);
#6675=ORIENTED_EDGE('',*,*,#5130,.F.);
#6676=ORIENTED_EDGE('',*,*,#5131,.F.);
#6677=ORIENTED_EDGE('',*,*,#5130,.T.);
#6678=ORIENTED_EDGE('',*,*,#5132,.F.);
#6679=ORIENTED_EDGE('',*,*,#5133,.F.);
#6680=ORIENTED_EDGE('',*,*,#5134,.T.);
#6681=ORIENTED_EDGE('',*,*,#5133,.T.);
#6682=ORIENTED_EDGE('',*,*,#5135,.F.);
#6683=ORIENTED_EDGE('',*,*,#5136,.F.);
#6684=ORIENTED_EDGE('',*,*,#5137,.T.);
#6685=ORIENTED_EDGE('',*,*,#5136,.T.);
#6686=ORIENTED_EDGE('',*,*,#5138,.F.);
#6687=ORIENTED_EDGE('',*,*,#5139,.F.);
#6688=ORIENTED_EDGE('',*,*,#5140,.T.);
#6689=ORIENTED_EDGE('',*,*,#5139,.T.);
#6690=ORIENTED_EDGE('',*,*,#5141,.F.);
#6691=ORIENTED_EDGE('',*,*,#5142,.F.);
#6692=ORIENTED_EDGE('',*,*,#5143,.T.);
#6693=ORIENTED_EDGE('',*,*,#5142,.T.);
#6694=ORIENTED_EDGE('',*,*,#5144,.F.);
#6695=ORIENTED_EDGE('',*,*,#5145,.F.);
#6696=ORIENTED_EDGE('',*,*,#5146,.T.);
#6697=ORIENTED_EDGE('',*,*,#5145,.T.);
#6698=ORIENTED_EDGE('',*,*,#5147,.F.);
#6699=ORIENTED_EDGE('',*,*,#5148,.F.);
#6700=ORIENTED_EDGE('',*,*,#5149,.F.);
#6701=ORIENTED_EDGE('',*,*,#5148,.T.);
#6702=ORIENTED_EDGE('',*,*,#5150,.F.);
#6703=ORIENTED_EDGE('',*,*,#5128,.F.);
#6704=ORIENTED_EDGE('',*,*,#5151,.T.);
#6705=ORIENTED_EDGE('',*,*,#5152,.T.);
#6706=ORIENTED_EDGE('',*,*,#5153,.F.);
#6707=ORIENTED_EDGE('',*,*,#5154,.F.);
#6708=ORIENTED_EDGE('',*,*,#5155,.F.);
#6709=ORIENTED_EDGE('',*,*,#5154,.T.);
#6710=ORIENTED_EDGE('',*,*,#5156,.F.);
#6711=ORIENTED_EDGE('',*,*,#5157,.F.);
#6712=ORIENTED_EDGE('',*,*,#5158,.T.);
#6713=ORIENTED_EDGE('',*,*,#5157,.T.);
#6714=ORIENTED_EDGE('',*,*,#5159,.F.);
#6715=ORIENTED_EDGE('',*,*,#5160,.F.);
#6716=ORIENTED_EDGE('',*,*,#5161,.T.);
#6717=ORIENTED_EDGE('',*,*,#5160,.T.);
#6718=ORIENTED_EDGE('',*,*,#5162,.F.);
#6719=ORIENTED_EDGE('',*,*,#5163,.F.);
#6720=ORIENTED_EDGE('',*,*,#5164,.T.);
#6721=ORIENTED_EDGE('',*,*,#5163,.T.);
#6722=ORIENTED_EDGE('',*,*,#5165,.F.);
#6723=ORIENTED_EDGE('',*,*,#5166,.F.);
#6724=ORIENTED_EDGE('',*,*,#5167,.T.);
#6725=ORIENTED_EDGE('',*,*,#5166,.T.);
#6726=ORIENTED_EDGE('',*,*,#5168,.F.);
#6727=ORIENTED_EDGE('',*,*,#5169,.F.);
#6728=ORIENTED_EDGE('',*,*,#5170,.T.);
#6729=ORIENTED_EDGE('',*,*,#5169,.T.);
#6730=ORIENTED_EDGE('',*,*,#5171,.F.);
#6731=ORIENTED_EDGE('',*,*,#5172,.F.);
#6732=ORIENTED_EDGE('',*,*,#5173,.F.);
#6733=ORIENTED_EDGE('',*,*,#5172,.T.);
#6734=ORIENTED_EDGE('',*,*,#5174,.F.);
#6735=ORIENTED_EDGE('',*,*,#5152,.F.);
#6736=ORIENTED_EDGE('',*,*,#5175,.T.);
#6737=ORIENTED_EDGE('',*,*,#5176,.T.);
#6738=ORIENTED_EDGE('',*,*,#5177,.F.);
#6739=ORIENTED_EDGE('',*,*,#5178,.F.);
#6740=ORIENTED_EDGE('',*,*,#5179,.T.);
#6741=ORIENTED_EDGE('',*,*,#5178,.T.);
#6742=ORIENTED_EDGE('',*,*,#5180,.F.);
#6743=ORIENTED_EDGE('',*,*,#5181,.F.);
#6744=ORIENTED_EDGE('',*,*,#5182,.T.);
#6745=ORIENTED_EDGE('',*,*,#5181,.T.);
#6746=ORIENTED_EDGE('',*,*,#5183,.F.);
#6747=ORIENTED_EDGE('',*,*,#5184,.F.);
#6748=ORIENTED_EDGE('',*,*,#5185,.F.);
#6749=ORIENTED_EDGE('',*,*,#5184,.T.);
#6750=ORIENTED_EDGE('',*,*,#5186,.F.);
#6751=ORIENTED_EDGE('',*,*,#5187,.F.);
#6752=ORIENTED_EDGE('',*,*,#5188,.T.);
#6753=ORIENTED_EDGE('',*,*,#5187,.T.);
#6754=ORIENTED_EDGE('',*,*,#5189,.F.);
#6755=ORIENTED_EDGE('',*,*,#5190,.F.);
#6756=ORIENTED_EDGE('',*,*,#5191,.T.);
#6757=ORIENTED_EDGE('',*,*,#5190,.T.);
#6758=ORIENTED_EDGE('',*,*,#5192,.F.);
#6759=ORIENTED_EDGE('',*,*,#5193,.F.);
#6760=ORIENTED_EDGE('',*,*,#5194,.T.);
#6761=ORIENTED_EDGE('',*,*,#5193,.T.);
#6762=ORIENTED_EDGE('',*,*,#5195,.F.);
#6763=ORIENTED_EDGE('',*,*,#5196,.F.);
#6764=ORIENTED_EDGE('',*,*,#5197,.T.);
#6765=ORIENTED_EDGE('',*,*,#5196,.T.);
#6766=ORIENTED_EDGE('',*,*,#5198,.F.);
#6767=ORIENTED_EDGE('',*,*,#5199,.F.);
#6768=ORIENTED_EDGE('',*,*,#5200,.T.);
#6769=ORIENTED_EDGE('',*,*,#5199,.T.);
#6770=ORIENTED_EDGE('',*,*,#5201,.F.);
#6771=ORIENTED_EDGE('',*,*,#5202,.F.);
#6772=ORIENTED_EDGE('',*,*,#5203,.F.);
#6773=ORIENTED_EDGE('',*,*,#5202,.T.);
#6774=ORIENTED_EDGE('',*,*,#5204,.F.);
#6775=ORIENTED_EDGE('',*,*,#5205,.F.);
#6776=ORIENTED_EDGE('',*,*,#5206,.T.);
#6777=ORIENTED_EDGE('',*,*,#5205,.T.);
#6778=ORIENTED_EDGE('',*,*,#5207,.F.);
#6779=ORIENTED_EDGE('',*,*,#5208,.F.);
#6780=ORIENTED_EDGE('',*,*,#5209,.T.);
#6781=ORIENTED_EDGE('',*,*,#5208,.T.);
#6782=ORIENTED_EDGE('',*,*,#5210,.F.);
#6783=ORIENTED_EDGE('',*,*,#5211,.F.);
#6784=ORIENTED_EDGE('',*,*,#5212,.F.);
#6785=ORIENTED_EDGE('',*,*,#5211,.T.);
#6786=ORIENTED_EDGE('',*,*,#5213,.F.);
#6787=ORIENTED_EDGE('',*,*,#5214,.F.);
#6788=ORIENTED_EDGE('',*,*,#5215,.T.);
#6789=ORIENTED_EDGE('',*,*,#5214,.T.);
#6790=ORIENTED_EDGE('',*,*,#5216,.F.);
#6791=ORIENTED_EDGE('',*,*,#5217,.F.);
#6792=ORIENTED_EDGE('',*,*,#5218,.F.);
#6793=ORIENTED_EDGE('',*,*,#5217,.T.);
#6794=ORIENTED_EDGE('',*,*,#5219,.F.);
#6795=ORIENTED_EDGE('',*,*,#5220,.F.);
#6796=ORIENTED_EDGE('',*,*,#5221,.T.);
#6797=ORIENTED_EDGE('',*,*,#5220,.T.);
#6798=ORIENTED_EDGE('',*,*,#5222,.F.);
#6799=ORIENTED_EDGE('',*,*,#5223,.F.);
#6800=ORIENTED_EDGE('',*,*,#5224,.T.);
#6801=ORIENTED_EDGE('',*,*,#5223,.T.);
#6802=ORIENTED_EDGE('',*,*,#5225,.F.);
#6803=ORIENTED_EDGE('',*,*,#5226,.F.);
#6804=ORIENTED_EDGE('',*,*,#5227,.T.);
#6805=ORIENTED_EDGE('',*,*,#5226,.T.);
#6806=ORIENTED_EDGE('',*,*,#5228,.F.);
#6807=ORIENTED_EDGE('',*,*,#5229,.F.);
#6808=ORIENTED_EDGE('',*,*,#5230,.T.);
#6809=ORIENTED_EDGE('',*,*,#5229,.T.);
#6810=ORIENTED_EDGE('',*,*,#5231,.F.);
#6811=ORIENTED_EDGE('',*,*,#5232,.F.);
#6812=ORIENTED_EDGE('',*,*,#5233,.F.);
#6813=ORIENTED_EDGE('',*,*,#5232,.T.);
#6814=ORIENTED_EDGE('',*,*,#5234,.F.);
#6815=ORIENTED_EDGE('',*,*,#5235,.F.);
#6816=ORIENTED_EDGE('',*,*,#5236,.F.);
#6817=ORIENTED_EDGE('',*,*,#5235,.T.);
#6818=ORIENTED_EDGE('',*,*,#5237,.F.);
#6819=ORIENTED_EDGE('',*,*,#5238,.F.);
#6820=ORIENTED_EDGE('',*,*,#5239,.F.);
#6821=ORIENTED_EDGE('',*,*,#5238,.T.);
#6822=ORIENTED_EDGE('',*,*,#5240,.F.);
#6823=ORIENTED_EDGE('',*,*,#5241,.F.);
#6824=ORIENTED_EDGE('',*,*,#5242,.F.);
#6825=ORIENTED_EDGE('',*,*,#5241,.T.);
#6826=ORIENTED_EDGE('',*,*,#5243,.F.);
#6827=ORIENTED_EDGE('',*,*,#5244,.F.);
#6828=ORIENTED_EDGE('',*,*,#5245,.F.);
#6829=ORIENTED_EDGE('',*,*,#5244,.T.);
#6830=ORIENTED_EDGE('',*,*,#5246,.F.);
#6831=ORIENTED_EDGE('',*,*,#5247,.F.);
#6832=ORIENTED_EDGE('',*,*,#5248,.F.);
#6833=ORIENTED_EDGE('',*,*,#5247,.T.);
#6834=ORIENTED_EDGE('',*,*,#5249,.F.);
#6835=ORIENTED_EDGE('',*,*,#5250,.F.);
#6836=ORIENTED_EDGE('',*,*,#5251,.T.);
#6837=ORIENTED_EDGE('',*,*,#5250,.T.);
#6838=ORIENTED_EDGE('',*,*,#5252,.F.);
#6839=ORIENTED_EDGE('',*,*,#5253,.F.);
#6840=ORIENTED_EDGE('',*,*,#5254,.F.);
#6841=ORIENTED_EDGE('',*,*,#5253,.T.);
#6842=ORIENTED_EDGE('',*,*,#5255,.F.);
#6843=ORIENTED_EDGE('',*,*,#5256,.F.);
#6844=ORIENTED_EDGE('',*,*,#5257,.T.);
#6845=ORIENTED_EDGE('',*,*,#5256,.T.);
#6846=ORIENTED_EDGE('',*,*,#5258,.F.);
#6847=ORIENTED_EDGE('',*,*,#5259,.F.);
#6848=ORIENTED_EDGE('',*,*,#5260,.F.);
#6849=ORIENTED_EDGE('',*,*,#5259,.T.);
#6850=ORIENTED_EDGE('',*,*,#5261,.F.);
#6851=ORIENTED_EDGE('',*,*,#5262,.F.);
#6852=ORIENTED_EDGE('',*,*,#5263,.F.);
#6853=ORIENTED_EDGE('',*,*,#5262,.T.);
#6854=ORIENTED_EDGE('',*,*,#5264,.F.);
#6855=ORIENTED_EDGE('',*,*,#5265,.F.);
#6856=ORIENTED_EDGE('',*,*,#5266,.F.);
#6857=ORIENTED_EDGE('',*,*,#5265,.T.);
#6858=ORIENTED_EDGE('',*,*,#5267,.F.);
#6859=ORIENTED_EDGE('',*,*,#5268,.F.);
#6860=ORIENTED_EDGE('',*,*,#5269,.T.);
#6861=ORIENTED_EDGE('',*,*,#5268,.T.);
#6862=ORIENTED_EDGE('',*,*,#5270,.F.);
#6863=ORIENTED_EDGE('',*,*,#5271,.F.);
#6864=ORIENTED_EDGE('',*,*,#5272,.F.);
#6865=ORIENTED_EDGE('',*,*,#5271,.T.);
#6866=ORIENTED_EDGE('',*,*,#5273,.F.);
#6867=ORIENTED_EDGE('',*,*,#5274,.F.);
#6868=ORIENTED_EDGE('',*,*,#5275,.F.);
#6869=ORIENTED_EDGE('',*,*,#5274,.T.);
#6870=ORIENTED_EDGE('',*,*,#5276,.F.);
#6871=ORIENTED_EDGE('',*,*,#5277,.F.);
#6872=ORIENTED_EDGE('',*,*,#5278,.F.);
#6873=ORIENTED_EDGE('',*,*,#5277,.T.);
#6874=ORIENTED_EDGE('',*,*,#5279,.F.);
#6875=ORIENTED_EDGE('',*,*,#5280,.F.);
#6876=ORIENTED_EDGE('',*,*,#5281,.F.);
#6877=ORIENTED_EDGE('',*,*,#5280,.T.);
#6878=ORIENTED_EDGE('',*,*,#5282,.F.);
#6879=ORIENTED_EDGE('',*,*,#5283,.F.);
#6880=ORIENTED_EDGE('',*,*,#5284,.T.);
#6881=ORIENTED_EDGE('',*,*,#5283,.T.);
#6882=ORIENTED_EDGE('',*,*,#5285,.F.);
#6883=ORIENTED_EDGE('',*,*,#5286,.F.);
#6884=ORIENTED_EDGE('',*,*,#5287,.F.);
#6885=ORIENTED_EDGE('',*,*,#5286,.T.);
#6886=ORIENTED_EDGE('',*,*,#5288,.F.);
#6887=ORIENTED_EDGE('',*,*,#5289,.F.);
#6888=ORIENTED_EDGE('',*,*,#5290,.F.);
#6889=ORIENTED_EDGE('',*,*,#5289,.T.);
#6890=ORIENTED_EDGE('',*,*,#5291,.F.);
#6891=ORIENTED_EDGE('',*,*,#5292,.F.);
#6892=ORIENTED_EDGE('',*,*,#5293,.T.);
#6893=ORIENTED_EDGE('',*,*,#5292,.T.);
#6894=ORIENTED_EDGE('',*,*,#5294,.F.);
#6895=ORIENTED_EDGE('',*,*,#5295,.F.);
#6896=ORIENTED_EDGE('',*,*,#5296,.F.);
#6897=ORIENTED_EDGE('',*,*,#5295,.T.);
#6898=ORIENTED_EDGE('',*,*,#5297,.F.);
#6899=ORIENTED_EDGE('',*,*,#5298,.F.);
#6900=ORIENTED_EDGE('',*,*,#5299,.T.);
#6901=ORIENTED_EDGE('',*,*,#5298,.T.);
#6902=ORIENTED_EDGE('',*,*,#5300,.F.);
#6903=ORIENTED_EDGE('',*,*,#5301,.F.);
#6904=ORIENTED_EDGE('',*,*,#5302,.F.);
#6905=ORIENTED_EDGE('',*,*,#5301,.T.);
#6906=ORIENTED_EDGE('',*,*,#5303,.F.);
#6907=ORIENTED_EDGE('',*,*,#5304,.F.);
#6908=ORIENTED_EDGE('',*,*,#5305,.F.);
#6909=ORIENTED_EDGE('',*,*,#5304,.T.);
#6910=ORIENTED_EDGE('',*,*,#5306,.F.);
#6911=ORIENTED_EDGE('',*,*,#5307,.F.);
#6912=ORIENTED_EDGE('',*,*,#5308,.T.);
#6913=ORIENTED_EDGE('',*,*,#5307,.T.);
#6914=ORIENTED_EDGE('',*,*,#5309,.F.);
#6915=ORIENTED_EDGE('',*,*,#5310,.F.);
#6916=ORIENTED_EDGE('',*,*,#5311,.T.);
#6917=ORIENTED_EDGE('',*,*,#5310,.T.);
#6918=ORIENTED_EDGE('',*,*,#5312,.F.);
#6919=ORIENTED_EDGE('',*,*,#5313,.F.);
#6920=ORIENTED_EDGE('',*,*,#5314,.F.);
#6921=ORIENTED_EDGE('',*,*,#5313,.T.);
#6922=ORIENTED_EDGE('',*,*,#5315,.F.);
#6923=ORIENTED_EDGE('',*,*,#5316,.F.);
#6924=ORIENTED_EDGE('',*,*,#5317,.T.);
#6925=ORIENTED_EDGE('',*,*,#5316,.T.);
#6926=ORIENTED_EDGE('',*,*,#5318,.F.);
#6927=ORIENTED_EDGE('',*,*,#5319,.F.);
#6928=ORIENTED_EDGE('',*,*,#5320,.F.);
#6929=ORIENTED_EDGE('',*,*,#5319,.T.);
#6930=ORIENTED_EDGE('',*,*,#5321,.F.);
#6931=ORIENTED_EDGE('',*,*,#5322,.F.);
#6932=ORIENTED_EDGE('',*,*,#5323,.T.);
#6933=ORIENTED_EDGE('',*,*,#5322,.T.);
#6934=ORIENTED_EDGE('',*,*,#5324,.F.);
#6935=ORIENTED_EDGE('',*,*,#5325,.F.);
#6936=ORIENTED_EDGE('',*,*,#5326,.T.);
#6937=ORIENTED_EDGE('',*,*,#5325,.T.);
#6938=ORIENTED_EDGE('',*,*,#5327,.F.);
#6939=ORIENTED_EDGE('',*,*,#5328,.F.);
#6940=ORIENTED_EDGE('',*,*,#5329,.T.);
#6941=ORIENTED_EDGE('',*,*,#5328,.T.);
#6942=ORIENTED_EDGE('',*,*,#5330,.F.);
#6943=ORIENTED_EDGE('',*,*,#5331,.F.);
#6944=ORIENTED_EDGE('',*,*,#5332,.T.);
#6945=ORIENTED_EDGE('',*,*,#5331,.T.);
#6946=ORIENTED_EDGE('',*,*,#5333,.F.);
#6947=ORIENTED_EDGE('',*,*,#5334,.F.);
#6948=ORIENTED_EDGE('',*,*,#5335,.T.);
#6949=ORIENTED_EDGE('',*,*,#5334,.T.);
#6950=ORIENTED_EDGE('',*,*,#5336,.F.);
#6951=ORIENTED_EDGE('',*,*,#5337,.F.);
#6952=ORIENTED_EDGE('',*,*,#5338,.T.);
#6953=ORIENTED_EDGE('',*,*,#5337,.T.);
#6954=ORIENTED_EDGE('',*,*,#5339,.F.);
#6955=ORIENTED_EDGE('',*,*,#5340,.F.);
#6956=ORIENTED_EDGE('',*,*,#5341,.T.);
#6957=ORIENTED_EDGE('',*,*,#5340,.T.);
#6958=ORIENTED_EDGE('',*,*,#5342,.F.);
#6959=ORIENTED_EDGE('',*,*,#5343,.F.);
#6960=ORIENTED_EDGE('',*,*,#5344,.T.);
#6961=ORIENTED_EDGE('',*,*,#5343,.T.);
#6962=ORIENTED_EDGE('',*,*,#5345,.F.);
#6963=ORIENTED_EDGE('',*,*,#5346,.F.);
#6964=ORIENTED_EDGE('',*,*,#5347,.T.);
#6965=ORIENTED_EDGE('',*,*,#5346,.T.);
#6966=ORIENTED_EDGE('',*,*,#5348,.F.);
#6967=ORIENTED_EDGE('',*,*,#5349,.F.);
#6968=ORIENTED_EDGE('',*,*,#5350,.T.);
#6969=ORIENTED_EDGE('',*,*,#5349,.T.);
#6970=ORIENTED_EDGE('',*,*,#5351,.F.);
#6971=ORIENTED_EDGE('',*,*,#5352,.F.);
#6972=ORIENTED_EDGE('',*,*,#5353,.F.);
#6973=ORIENTED_EDGE('',*,*,#5352,.T.);
#6974=ORIENTED_EDGE('',*,*,#5354,.F.);
#6975=ORIENTED_EDGE('',*,*,#5176,.F.);
#6976=ORIENTED_EDGE('',*,*,#5355,.T.);
#6977=ORIENTED_EDGE('',*,*,#5356,.T.);
#6978=ORIENTED_EDGE('',*,*,#5357,.F.);
#6979=ORIENTED_EDGE('',*,*,#5358,.F.);
#6980=ORIENTED_EDGE('',*,*,#5359,.F.);
#6981=ORIENTED_EDGE('',*,*,#5358,.T.);
#6982=ORIENTED_EDGE('',*,*,#5360,.F.);
#6983=ORIENTED_EDGE('',*,*,#5361,.F.);
#6984=ORIENTED_EDGE('',*,*,#5362,.T.);
#6985=ORIENTED_EDGE('',*,*,#5361,.T.);
#6986=ORIENTED_EDGE('',*,*,#5363,.F.);
#6987=ORIENTED_EDGE('',*,*,#5364,.F.);
#6988=ORIENTED_EDGE('',*,*,#5365,.T.);
#6989=ORIENTED_EDGE('',*,*,#5364,.T.);
#6990=ORIENTED_EDGE('',*,*,#5366,.F.);
#6991=ORIENTED_EDGE('',*,*,#5367,.F.);
#6992=ORIENTED_EDGE('',*,*,#5368,.T.);
#6993=ORIENTED_EDGE('',*,*,#5367,.T.);
#6994=ORIENTED_EDGE('',*,*,#5369,.F.);
#6995=ORIENTED_EDGE('',*,*,#5370,.F.);
#6996=ORIENTED_EDGE('',*,*,#5371,.T.);
#6997=ORIENTED_EDGE('',*,*,#5370,.T.);
#6998=ORIENTED_EDGE('',*,*,#5372,.F.);
#6999=ORIENTED_EDGE('',*,*,#5373,.F.);
#7000=ORIENTED_EDGE('',*,*,#5374,.T.);
#7001=ORIENTED_EDGE('',*,*,#5373,.T.);
#7002=ORIENTED_EDGE('',*,*,#5375,.F.);
#7003=ORIENTED_EDGE('',*,*,#5376,.F.);
#7004=ORIENTED_EDGE('',*,*,#5377,.F.);
#7005=ORIENTED_EDGE('',*,*,#5376,.T.);
#7006=ORIENTED_EDGE('',*,*,#5378,.F.);
#7007=ORIENTED_EDGE('',*,*,#5356,.F.);
#7008=ORIENTED_EDGE('',*,*,#5379,.T.);
#7009=ORIENTED_EDGE('',*,*,#5380,.T.);
#7010=ORIENTED_EDGE('',*,*,#5381,.F.);
#7011=ORIENTED_EDGE('',*,*,#5382,.F.);
#7012=ORIENTED_EDGE('',*,*,#5383,.F.);
#7013=ORIENTED_EDGE('',*,*,#5382,.T.);
#7014=ORIENTED_EDGE('',*,*,#5384,.F.);
#7015=ORIENTED_EDGE('',*,*,#5385,.F.);
#7016=ORIENTED_EDGE('',*,*,#5386,.T.);
#7017=ORIENTED_EDGE('',*,*,#5385,.T.);
#7018=ORIENTED_EDGE('',*,*,#5387,.F.);
#7019=ORIENTED_EDGE('',*,*,#5388,.F.);
#7020=ORIENTED_EDGE('',*,*,#5389,.T.);
#7021=ORIENTED_EDGE('',*,*,#5388,.T.);
#7022=ORIENTED_EDGE('',*,*,#5390,.F.);
#7023=ORIENTED_EDGE('',*,*,#5391,.F.);
#7024=ORIENTED_EDGE('',*,*,#5392,.T.);
#7025=ORIENTED_EDGE('',*,*,#5391,.T.);
#7026=ORIENTED_EDGE('',*,*,#5393,.F.);
#7027=ORIENTED_EDGE('',*,*,#5394,.F.);
#7028=ORIENTED_EDGE('',*,*,#5395,.T.);
#7029=ORIENTED_EDGE('',*,*,#5394,.T.);
#7030=ORIENTED_EDGE('',*,*,#5396,.F.);
#7031=ORIENTED_EDGE('',*,*,#5397,.F.);
#7032=ORIENTED_EDGE('',*,*,#5398,.F.);
#7033=ORIENTED_EDGE('',*,*,#5397,.T.);
#7034=ORIENTED_EDGE('',*,*,#5399,.F.);
#7035=ORIENTED_EDGE('',*,*,#5400,.F.);
#7036=ORIENTED_EDGE('',*,*,#5401,.F.);
#7037=ORIENTED_EDGE('',*,*,#5400,.T.);
#7038=ORIENTED_EDGE('',*,*,#5402,.F.);
#7039=ORIENTED_EDGE('',*,*,#5403,.F.);
#7040=ORIENTED_EDGE('',*,*,#5404,.F.);
#7041=ORIENTED_EDGE('',*,*,#5403,.T.);
#7042=ORIENTED_EDGE('',*,*,#5405,.F.);
#7043=ORIENTED_EDGE('',*,*,#5406,.F.);
#7044=ORIENTED_EDGE('',*,*,#5407,.F.);
#7045=ORIENTED_EDGE('',*,*,#5406,.T.);
#7046=ORIENTED_EDGE('',*,*,#5408,.F.);
#7047=ORIENTED_EDGE('',*,*,#5409,.F.);
#7048=ORIENTED_EDGE('',*,*,#5410,.F.);
#7049=ORIENTED_EDGE('',*,*,#5409,.T.);
#7050=ORIENTED_EDGE('',*,*,#5411,.F.);
#7051=ORIENTED_EDGE('',*,*,#5412,.F.);
#7052=ORIENTED_EDGE('',*,*,#5413,.F.);
#7053=ORIENTED_EDGE('',*,*,#5412,.T.);
#7054=ORIENTED_EDGE('',*,*,#5414,.F.);
#7055=ORIENTED_EDGE('',*,*,#5415,.F.);
#7056=ORIENTED_EDGE('',*,*,#5416,.T.);
#7057=ORIENTED_EDGE('',*,*,#5415,.T.);
#7058=ORIENTED_EDGE('',*,*,#5417,.F.);
#7059=ORIENTED_EDGE('',*,*,#5418,.F.);
#7060=ORIENTED_EDGE('',*,*,#5419,.F.);
#7061=ORIENTED_EDGE('',*,*,#5418,.T.);
#7062=ORIENTED_EDGE('',*,*,#5420,.F.);
#7063=ORIENTED_EDGE('',*,*,#5421,.F.);
#7064=ORIENTED_EDGE('',*,*,#5422,.T.);
#7065=ORIENTED_EDGE('',*,*,#5421,.T.);
#7066=ORIENTED_EDGE('',*,*,#5423,.F.);
#7067=ORIENTED_EDGE('',*,*,#5424,.F.);
#7068=ORIENTED_EDGE('',*,*,#5425,.F.);
#7069=ORIENTED_EDGE('',*,*,#5424,.T.);
#7070=ORIENTED_EDGE('',*,*,#5426,.F.);
#7071=ORIENTED_EDGE('',*,*,#5427,.F.);
#7072=ORIENTED_EDGE('',*,*,#5428,.F.);
#7073=ORIENTED_EDGE('',*,*,#5427,.T.);
#7074=ORIENTED_EDGE('',*,*,#5429,.F.);
#7075=ORIENTED_EDGE('',*,*,#5430,.F.);
#7076=ORIENTED_EDGE('',*,*,#5431,.F.);
#7077=ORIENTED_EDGE('',*,*,#5430,.T.);
#7078=ORIENTED_EDGE('',*,*,#5432,.F.);
#7079=ORIENTED_EDGE('',*,*,#5433,.F.);
#7080=ORIENTED_EDGE('',*,*,#5434,.T.);
#7081=ORIENTED_EDGE('',*,*,#5433,.T.);
#7082=ORIENTED_EDGE('',*,*,#5435,.F.);
#7083=ORIENTED_EDGE('',*,*,#5436,.F.);
#7084=ORIENTED_EDGE('',*,*,#5437,.F.);
#7085=ORIENTED_EDGE('',*,*,#5436,.T.);
#7086=ORIENTED_EDGE('',*,*,#5438,.F.);
#7087=ORIENTED_EDGE('',*,*,#5439,.F.);
#7088=ORIENTED_EDGE('',*,*,#5440,.F.);
#7089=ORIENTED_EDGE('',*,*,#5439,.T.);
#7090=ORIENTED_EDGE('',*,*,#5441,.F.);
#7091=ORIENTED_EDGE('',*,*,#5442,.F.);
#7092=ORIENTED_EDGE('',*,*,#5443,.F.);
#7093=ORIENTED_EDGE('',*,*,#5442,.T.);
#7094=ORIENTED_EDGE('',*,*,#5444,.F.);
#7095=ORIENTED_EDGE('',*,*,#5445,.F.);
#7096=ORIENTED_EDGE('',*,*,#5446,.F.);
#7097=ORIENTED_EDGE('',*,*,#5445,.T.);
#7098=ORIENTED_EDGE('',*,*,#5447,.F.);
#7099=ORIENTED_EDGE('',*,*,#5448,.F.);
#7100=ORIENTED_EDGE('',*,*,#5449,.T.);
#7101=ORIENTED_EDGE('',*,*,#5448,.T.);
#7102=ORIENTED_EDGE('',*,*,#5450,.F.);
#7103=ORIENTED_EDGE('',*,*,#5451,.F.);
#7104=ORIENTED_EDGE('',*,*,#5452,.F.);
#7105=ORIENTED_EDGE('',*,*,#5451,.T.);
#7106=ORIENTED_EDGE('',*,*,#5453,.F.);
#7107=ORIENTED_EDGE('',*,*,#5454,.F.);
#7108=ORIENTED_EDGE('',*,*,#5455,.F.);
#7109=ORIENTED_EDGE('',*,*,#5454,.T.);
#7110=ORIENTED_EDGE('',*,*,#5456,.F.);
#7111=ORIENTED_EDGE('',*,*,#5457,.F.);
#7112=ORIENTED_EDGE('',*,*,#5458,.T.);
#7113=ORIENTED_EDGE('',*,*,#5457,.T.);
#7114=ORIENTED_EDGE('',*,*,#5459,.F.);
#7115=ORIENTED_EDGE('',*,*,#5460,.F.);
#7116=ORIENTED_EDGE('',*,*,#5461,.F.);
#7117=ORIENTED_EDGE('',*,*,#5460,.T.);
#7118=ORIENTED_EDGE('',*,*,#5462,.F.);
#7119=ORIENTED_EDGE('',*,*,#5463,.F.);
#7120=ORIENTED_EDGE('',*,*,#5464,.T.);
#7121=ORIENTED_EDGE('',*,*,#5463,.T.);
#7122=ORIENTED_EDGE('',*,*,#5465,.F.);
#7123=ORIENTED_EDGE('',*,*,#5466,.F.);
#7124=ORIENTED_EDGE('',*,*,#5467,.F.);
#7125=ORIENTED_EDGE('',*,*,#5466,.T.);
#7126=ORIENTED_EDGE('',*,*,#5468,.F.);
#7127=ORIENTED_EDGE('',*,*,#5469,.F.);
#7128=ORIENTED_EDGE('',*,*,#5470,.F.);
#7129=ORIENTED_EDGE('',*,*,#5469,.T.);
#7130=ORIENTED_EDGE('',*,*,#5471,.F.);
#7131=ORIENTED_EDGE('',*,*,#5472,.F.);
#7132=ORIENTED_EDGE('',*,*,#5473,.T.);
#7133=ORIENTED_EDGE('',*,*,#5472,.T.);
#7134=ORIENTED_EDGE('',*,*,#5474,.F.);
#7135=ORIENTED_EDGE('',*,*,#5475,.F.);
#7136=ORIENTED_EDGE('',*,*,#5476,.T.);
#7137=ORIENTED_EDGE('',*,*,#5475,.T.);
#7138=ORIENTED_EDGE('',*,*,#5477,.F.);
#7139=ORIENTED_EDGE('',*,*,#5478,.F.);
#7140=ORIENTED_EDGE('',*,*,#5479,.F.);
#7141=ORIENTED_EDGE('',*,*,#5478,.T.);
#7142=ORIENTED_EDGE('',*,*,#5480,.F.);
#7143=ORIENTED_EDGE('',*,*,#5481,.F.);
#7144=ORIENTED_EDGE('',*,*,#5482,.T.);
#7145=ORIENTED_EDGE('',*,*,#5481,.T.);
#7146=ORIENTED_EDGE('',*,*,#5483,.F.);
#7147=ORIENTED_EDGE('',*,*,#5484,.F.);
#7148=ORIENTED_EDGE('',*,*,#5485,.F.);
#7149=ORIENTED_EDGE('',*,*,#5484,.T.);
#7150=ORIENTED_EDGE('',*,*,#5486,.F.);
#7151=ORIENTED_EDGE('',*,*,#5487,.F.);
#7152=ORIENTED_EDGE('',*,*,#5488,.T.);
#7153=ORIENTED_EDGE('',*,*,#5487,.T.);
#7154=ORIENTED_EDGE('',*,*,#5489,.F.);
#7155=ORIENTED_EDGE('',*,*,#5490,.F.);
#7156=ORIENTED_EDGE('',*,*,#5491,.T.);
#7157=ORIENTED_EDGE('',*,*,#5490,.T.);
#7158=ORIENTED_EDGE('',*,*,#5492,.F.);
#7159=ORIENTED_EDGE('',*,*,#5493,.F.);
#7160=ORIENTED_EDGE('',*,*,#5494,.T.);
#7161=ORIENTED_EDGE('',*,*,#5493,.T.);
#7162=ORIENTED_EDGE('',*,*,#5495,.F.);
#7163=ORIENTED_EDGE('',*,*,#5496,.F.);
#7164=ORIENTED_EDGE('',*,*,#5497,.T.);
#7165=ORIENTED_EDGE('',*,*,#5496,.T.);
#7166=ORIENTED_EDGE('',*,*,#5498,.F.);
#7167=ORIENTED_EDGE('',*,*,#5499,.F.);
#7168=ORIENTED_EDGE('',*,*,#5500,.T.);
#7169=ORIENTED_EDGE('',*,*,#5499,.T.);
#7170=ORIENTED_EDGE('',*,*,#5501,.F.);
#7171=ORIENTED_EDGE('',*,*,#5502,.F.);
#7172=ORIENTED_EDGE('',*,*,#5503,.T.);
#7173=ORIENTED_EDGE('',*,*,#5502,.T.);
#7174=ORIENTED_EDGE('',*,*,#5504,.F.);
#7175=ORIENTED_EDGE('',*,*,#5505,.F.);
#7176=ORIENTED_EDGE('',*,*,#5506,.T.);
#7177=ORIENTED_EDGE('',*,*,#5505,.T.);
#7178=ORIENTED_EDGE('',*,*,#5507,.F.);
#7179=ORIENTED_EDGE('',*,*,#5508,.F.);
#7180=ORIENTED_EDGE('',*,*,#5509,.T.);
#7181=ORIENTED_EDGE('',*,*,#5508,.T.);
#7182=ORIENTED_EDGE('',*,*,#5510,.F.);
#7183=ORIENTED_EDGE('',*,*,#5511,.F.);
#7184=ORIENTED_EDGE('',*,*,#5512,.T.);
#7185=ORIENTED_EDGE('',*,*,#5511,.T.);
#7186=ORIENTED_EDGE('',*,*,#5513,.F.);
#7187=ORIENTED_EDGE('',*,*,#5514,.F.);
#7188=ORIENTED_EDGE('',*,*,#5515,.T.);
#7189=ORIENTED_EDGE('',*,*,#5514,.T.);
#7190=ORIENTED_EDGE('',*,*,#5516,.F.);
#7191=ORIENTED_EDGE('',*,*,#5517,.F.);
#7192=ORIENTED_EDGE('',*,*,#5518,.F.);
#7193=ORIENTED_EDGE('',*,*,#5517,.T.);
#7194=ORIENTED_EDGE('',*,*,#5519,.F.);
#7195=ORIENTED_EDGE('',*,*,#5520,.F.);
#7196=ORIENTED_EDGE('',*,*,#5521,.T.);
#7197=ORIENTED_EDGE('',*,*,#5520,.T.);
#7198=ORIENTED_EDGE('',*,*,#5522,.F.);
#7199=ORIENTED_EDGE('',*,*,#5523,.F.);
#7200=ORIENTED_EDGE('',*,*,#5524,.T.);
#7201=ORIENTED_EDGE('',*,*,#5523,.T.);
#7202=ORIENTED_EDGE('',*,*,#5525,.F.);
#7203=ORIENTED_EDGE('',*,*,#5526,.F.);
#7204=ORIENTED_EDGE('',*,*,#5527,.T.);
#7205=ORIENTED_EDGE('',*,*,#5526,.T.);
#7206=ORIENTED_EDGE('',*,*,#5528,.F.);
#7207=ORIENTED_EDGE('',*,*,#5529,.F.);
#7208=ORIENTED_EDGE('',*,*,#5530,.F.);
#7209=ORIENTED_EDGE('',*,*,#5529,.T.);
#7210=ORIENTED_EDGE('',*,*,#5531,.F.);
#7211=ORIENTED_EDGE('',*,*,#5532,.F.);
#7212=ORIENTED_EDGE('',*,*,#5533,.T.);
#7213=ORIENTED_EDGE('',*,*,#5532,.T.);
#7214=ORIENTED_EDGE('',*,*,#5534,.F.);
#7215=ORIENTED_EDGE('',*,*,#5535,.F.);
#7216=ORIENTED_EDGE('',*,*,#5536,.T.);
#7217=ORIENTED_EDGE('',*,*,#5535,.T.);
#7218=ORIENTED_EDGE('',*,*,#5537,.F.);
#7219=ORIENTED_EDGE('',*,*,#5538,.F.);
#7220=ORIENTED_EDGE('',*,*,#5539,.T.);
#7221=ORIENTED_EDGE('',*,*,#5538,.T.);
#7222=ORIENTED_EDGE('',*,*,#5540,.F.);
#7223=ORIENTED_EDGE('',*,*,#5541,.F.);
#7224=ORIENTED_EDGE('',*,*,#5542,.T.);
#7225=ORIENTED_EDGE('',*,*,#5541,.T.);
#7226=ORIENTED_EDGE('',*,*,#5543,.F.);
#7227=ORIENTED_EDGE('',*,*,#5544,.F.);
#7228=ORIENTED_EDGE('',*,*,#5545,.T.);
#7229=ORIENTED_EDGE('',*,*,#5544,.T.);
#7230=ORIENTED_EDGE('',*,*,#5546,.F.);
#7231=ORIENTED_EDGE('',*,*,#5547,.F.);
#7232=ORIENTED_EDGE('',*,*,#5548,.F.);
#7233=ORIENTED_EDGE('',*,*,#5547,.T.);
#7234=ORIENTED_EDGE('',*,*,#5549,.F.);
#7235=ORIENTED_EDGE('',*,*,#5550,.F.);
#7236=ORIENTED_EDGE('',*,*,#5551,.T.);
#7237=ORIENTED_EDGE('',*,*,#5550,.T.);
#7238=ORIENTED_EDGE('',*,*,#5552,.F.);
#7239=ORIENTED_EDGE('',*,*,#5553,.F.);
#7240=ORIENTED_EDGE('',*,*,#5554,.T.);
#7241=ORIENTED_EDGE('',*,*,#5553,.T.);
#7242=ORIENTED_EDGE('',*,*,#5555,.F.);
#7243=ORIENTED_EDGE('',*,*,#5556,.F.);
#7244=ORIENTED_EDGE('',*,*,#5557,.F.);
#7245=ORIENTED_EDGE('',*,*,#5556,.T.);
#7246=ORIENTED_EDGE('',*,*,#5558,.F.);
#7247=ORIENTED_EDGE('',*,*,#5380,.F.);
#7248=ORIENTED_EDGE('',*,*,#5559,.T.);
#7249=ORIENTED_EDGE('',*,*,#5560,.T.);
#7250=ORIENTED_EDGE('',*,*,#5561,.F.);
#7251=ORIENTED_EDGE('',*,*,#5562,.F.);
#7252=ORIENTED_EDGE('',*,*,#5563,.F.);
#7253=ORIENTED_EDGE('',*,*,#5562,.T.);
#7254=ORIENTED_EDGE('',*,*,#5564,.F.);
#7255=ORIENTED_EDGE('',*,*,#5565,.F.);
#7256=ORIENTED_EDGE('',*,*,#5566,.T.);
#7257=ORIENTED_EDGE('',*,*,#5565,.T.);
#7258=ORIENTED_EDGE('',*,*,#5567,.F.);
#7259=ORIENTED_EDGE('',*,*,#5568,.F.);
#7260=ORIENTED_EDGE('',*,*,#5569,.T.);
#7261=ORIENTED_EDGE('',*,*,#5568,.T.);
#7262=ORIENTED_EDGE('',*,*,#5570,.F.);
#7263=ORIENTED_EDGE('',*,*,#5571,.F.);
#7264=ORIENTED_EDGE('',*,*,#5572,.T.);
#7265=ORIENTED_EDGE('',*,*,#5571,.T.);
#7266=ORIENTED_EDGE('',*,*,#5573,.F.);
#7267=ORIENTED_EDGE('',*,*,#5574,.F.);
#7268=ORIENTED_EDGE('',*,*,#5575,.T.);
#7269=ORIENTED_EDGE('',*,*,#5574,.T.);
#7270=ORIENTED_EDGE('',*,*,#5576,.F.);
#7271=ORIENTED_EDGE('',*,*,#5577,.F.);
#7272=ORIENTED_EDGE('',*,*,#5578,.T.);
#7273=ORIENTED_EDGE('',*,*,#5577,.T.);
#7274=ORIENTED_EDGE('',*,*,#5579,.F.);
#7275=ORIENTED_EDGE('',*,*,#5580,.F.);
#7276=ORIENTED_EDGE('',*,*,#5581,.F.);
#7277=ORIENTED_EDGE('',*,*,#5580,.T.);
#7278=ORIENTED_EDGE('',*,*,#5582,.F.);
#7279=ORIENTED_EDGE('',*,*,#5560,.F.);
#7280=ORIENTED_EDGE('',*,*,#5583,.T.);
#7281=ORIENTED_EDGE('',*,*,#5584,.T.);
#7282=ORIENTED_EDGE('',*,*,#5585,.F.);
#7283=ORIENTED_EDGE('',*,*,#5586,.F.);
#7284=ORIENTED_EDGE('',*,*,#5587,.F.);
#7285=ORIENTED_EDGE('',*,*,#5586,.T.);
#7286=ORIENTED_EDGE('',*,*,#5588,.F.);
#7287=ORIENTED_EDGE('',*,*,#5589,.F.);
#7288=ORIENTED_EDGE('',*,*,#5590,.T.);
#7289=ORIENTED_EDGE('',*,*,#5589,.T.);
#7290=ORIENTED_EDGE('',*,*,#5591,.F.);
#7291=ORIENTED_EDGE('',*,*,#5592,.F.);
#7292=ORIENTED_EDGE('',*,*,#5593,.T.);
#7293=ORIENTED_EDGE('',*,*,#5592,.T.);
#7294=ORIENTED_EDGE('',*,*,#5594,.F.);
#7295=ORIENTED_EDGE('',*,*,#5595,.F.);
#7296=ORIENTED_EDGE('',*,*,#5596,.T.);
#7297=ORIENTED_EDGE('',*,*,#5595,.T.);
#7298=ORIENTED_EDGE('',*,*,#5597,.F.);
#7299=ORIENTED_EDGE('',*,*,#5598,.F.);
#7300=ORIENTED_EDGE('',*,*,#5599,.T.);
#7301=ORIENTED_EDGE('',*,*,#5598,.T.);
#7302=ORIENTED_EDGE('',*,*,#5600,.F.);
#7303=ORIENTED_EDGE('',*,*,#5601,.F.);
#7304=ORIENTED_EDGE('',*,*,#5602,.T.);
#7305=ORIENTED_EDGE('',*,*,#5601,.T.);
#7306=ORIENTED_EDGE('',*,*,#5603,.F.);
#7307=ORIENTED_EDGE('',*,*,#5604,.F.);
#7308=ORIENTED_EDGE('',*,*,#5605,.F.);
#7309=ORIENTED_EDGE('',*,*,#5604,.T.);
#7310=ORIENTED_EDGE('',*,*,#5606,.F.);
#7311=ORIENTED_EDGE('',*,*,#5584,.F.);
#7312=ORIENTED_EDGE('',*,*,#5607,.T.);
#7313=ORIENTED_EDGE('',*,*,#5608,.T.);
#7314=ORIENTED_EDGE('',*,*,#5609,.F.);
#7315=ORIENTED_EDGE('',*,*,#5610,.F.);
#7316=ORIENTED_EDGE('',*,*,#5611,.F.);
#7317=ORIENTED_EDGE('',*,*,#5610,.T.);
#7318=ORIENTED_EDGE('',*,*,#5612,.F.);
#7319=ORIENTED_EDGE('',*,*,#5613,.F.);
#7320=ORIENTED_EDGE('',*,*,#5614,.T.);
#7321=ORIENTED_EDGE('',*,*,#5613,.T.);
#7322=ORIENTED_EDGE('',*,*,#5615,.F.);
#7323=ORIENTED_EDGE('',*,*,#5616,.F.);
#7324=ORIENTED_EDGE('',*,*,#5617,.T.);
#7325=ORIENTED_EDGE('',*,*,#5616,.T.);
#7326=ORIENTED_EDGE('',*,*,#5618,.F.);
#7327=ORIENTED_EDGE('',*,*,#5619,.F.);
#7328=ORIENTED_EDGE('',*,*,#5620,.T.);
#7329=ORIENTED_EDGE('',*,*,#5619,.T.);
#7330=ORIENTED_EDGE('',*,*,#5621,.F.);
#7331=ORIENTED_EDGE('',*,*,#5622,.F.);
#7332=ORIENTED_EDGE('',*,*,#5623,.T.);
#7333=ORIENTED_EDGE('',*,*,#5622,.T.);
#7334=ORIENTED_EDGE('',*,*,#5624,.F.);
#7335=ORIENTED_EDGE('',*,*,#5625,.F.);
#7336=ORIENTED_EDGE('',*,*,#5626,.T.);
#7337=ORIENTED_EDGE('',*,*,#5625,.T.);
#7338=ORIENTED_EDGE('',*,*,#5627,.F.);
#7339=ORIENTED_EDGE('',*,*,#5628,.F.);
#7340=ORIENTED_EDGE('',*,*,#5629,.F.);
#7341=ORIENTED_EDGE('',*,*,#5628,.T.);
#7342=ORIENTED_EDGE('',*,*,#5630,.F.);
#7343=ORIENTED_EDGE('',*,*,#5608,.F.);
#7344=ORIENTED_EDGE('',*,*,#5631,.T.);
#7345=ORIENTED_EDGE('',*,*,#5632,.T.);
#7346=ORIENTED_EDGE('',*,*,#5633,.F.);
#7347=ORIENTED_EDGE('',*,*,#5634,.F.);
#7348=ORIENTED_EDGE('',*,*,#5635,.F.);
#7349=ORIENTED_EDGE('',*,*,#5634,.T.);
#7350=ORIENTED_EDGE('',*,*,#5636,.F.);
#7351=ORIENTED_EDGE('',*,*,#5637,.F.);
#7352=ORIENTED_EDGE('',*,*,#5638,.T.);
#7353=ORIENTED_EDGE('',*,*,#5637,.T.);
#7354=ORIENTED_EDGE('',*,*,#5639,.F.);
#7355=ORIENTED_EDGE('',*,*,#5640,.F.);
#7356=ORIENTED_EDGE('',*,*,#5641,.T.);
#7357=ORIENTED_EDGE('',*,*,#5640,.T.);
#7358=ORIENTED_EDGE('',*,*,#5642,.F.);
#7359=ORIENTED_EDGE('',*,*,#5643,.F.);
#7360=ORIENTED_EDGE('',*,*,#5644,.T.);
#7361=ORIENTED_EDGE('',*,*,#5643,.T.);
#7362=ORIENTED_EDGE('',*,*,#5645,.F.);
#7363=ORIENTED_EDGE('',*,*,#5646,.F.);
#7364=ORIENTED_EDGE('',*,*,#5647,.T.);
#7365=ORIENTED_EDGE('',*,*,#5646,.T.);
#7366=ORIENTED_EDGE('',*,*,#5648,.F.);
#7367=ORIENTED_EDGE('',*,*,#5649,.F.);
#7368=ORIENTED_EDGE('',*,*,#5650,.T.);
#7369=ORIENTED_EDGE('',*,*,#5649,.T.);
#7370=ORIENTED_EDGE('',*,*,#5651,.F.);
#7371=ORIENTED_EDGE('',*,*,#5652,.F.);
#7372=ORIENTED_EDGE('',*,*,#5653,.F.);
#7373=ORIENTED_EDGE('',*,*,#5652,.T.);
#7374=ORIENTED_EDGE('',*,*,#5654,.F.);
#7375=ORIENTED_EDGE('',*,*,#5632,.F.);
#7376=ORIENTED_EDGE('',*,*,#5655,.T.);
#7377=ORIENTED_EDGE('',*,*,#5656,.T.);
#7378=ORIENTED_EDGE('',*,*,#5657,.F.);
#7379=ORIENTED_EDGE('',*,*,#5658,.F.);
#7380=ORIENTED_EDGE('',*,*,#5659,.F.);
#7381=ORIENTED_EDGE('',*,*,#5658,.T.);
#7382=ORIENTED_EDGE('',*,*,#5660,.F.);
#7383=ORIENTED_EDGE('',*,*,#5661,.F.);
#7384=ORIENTED_EDGE('',*,*,#5662,.T.);
#7385=ORIENTED_EDGE('',*,*,#5661,.T.);
#7386=ORIENTED_EDGE('',*,*,#5663,.F.);
#7387=ORIENTED_EDGE('',*,*,#5664,.F.);
#7388=ORIENTED_EDGE('',*,*,#5665,.T.);
#7389=ORIENTED_EDGE('',*,*,#5664,.T.);
#7390=ORIENTED_EDGE('',*,*,#5666,.F.);
#7391=ORIENTED_EDGE('',*,*,#5667,.F.);
#7392=ORIENTED_EDGE('',*,*,#5668,.T.);
#7393=ORIENTED_EDGE('',*,*,#5667,.T.);
#7394=ORIENTED_EDGE('',*,*,#5669,.F.);
#7395=ORIENTED_EDGE('',*,*,#5670,.F.);
#7396=ORIENTED_EDGE('',*,*,#5671,.T.);
#7397=ORIENTED_EDGE('',*,*,#5670,.T.);
#7398=ORIENTED_EDGE('',*,*,#5672,.F.);
#7399=ORIENTED_EDGE('',*,*,#5673,.F.);
#7400=ORIENTED_EDGE('',*,*,#5674,.T.);
#7401=ORIENTED_EDGE('',*,*,#5673,.T.);
#7402=ORIENTED_EDGE('',*,*,#5675,.F.);
#7403=ORIENTED_EDGE('',*,*,#5676,.F.);
#7404=ORIENTED_EDGE('',*,*,#5677,.F.);
#7405=ORIENTED_EDGE('',*,*,#5676,.T.);
#7406=ORIENTED_EDGE('',*,*,#5678,.F.);
#7407=ORIENTED_EDGE('',*,*,#5656,.F.);
#7408=ORIENTED_EDGE('',*,*,#5679,.T.);
#7409=ORIENTED_EDGE('',*,*,#5680,.T.);
#7410=ORIENTED_EDGE('',*,*,#5681,.F.);
#7411=ORIENTED_EDGE('',*,*,#5682,.F.);
#7412=ORIENTED_EDGE('',*,*,#5683,.F.);
#7413=ORIENTED_EDGE('',*,*,#5682,.T.);
#7414=ORIENTED_EDGE('',*,*,#5684,.F.);
#7415=ORIENTED_EDGE('',*,*,#5685,.F.);
#7416=ORIENTED_EDGE('',*,*,#5686,.T.);
#7417=ORIENTED_EDGE('',*,*,#5685,.T.);
#7418=ORIENTED_EDGE('',*,*,#5687,.F.);
#7419=ORIENTED_EDGE('',*,*,#5688,.F.);
#7420=ORIENTED_EDGE('',*,*,#5689,.T.);
#7421=ORIENTED_EDGE('',*,*,#5688,.T.);
#7422=ORIENTED_EDGE('',*,*,#5690,.F.);
#7423=ORIENTED_EDGE('',*,*,#5691,.F.);
#7424=ORIENTED_EDGE('',*,*,#5692,.T.);
#7425=ORIENTED_EDGE('',*,*,#5691,.T.);
#7426=ORIENTED_EDGE('',*,*,#5693,.F.);
#7427=ORIENTED_EDGE('',*,*,#5694,.F.);
#7428=ORIENTED_EDGE('',*,*,#5695,.T.);
#7429=ORIENTED_EDGE('',*,*,#5694,.T.);
#7430=ORIENTED_EDGE('',*,*,#5696,.F.);
#7431=ORIENTED_EDGE('',*,*,#5697,.F.);
#7432=ORIENTED_EDGE('',*,*,#5698,.T.);
#7433=ORIENTED_EDGE('',*,*,#5697,.T.);
#7434=ORIENTED_EDGE('',*,*,#5699,.F.);
#7435=ORIENTED_EDGE('',*,*,#5700,.F.);
#7436=ORIENTED_EDGE('',*,*,#5701,.F.);
#7437=ORIENTED_EDGE('',*,*,#5700,.T.);
#7438=ORIENTED_EDGE('',*,*,#5702,.F.);
#7439=ORIENTED_EDGE('',*,*,#5680,.F.);
#7440=ORIENTED_EDGE('',*,*,#5703,.T.);
#7441=ORIENTED_EDGE('',*,*,#5704,.T.);
#7442=ORIENTED_EDGE('',*,*,#5705,.F.);
#7443=ORIENTED_EDGE('',*,*,#5706,.F.);
#7444=ORIENTED_EDGE('',*,*,#5707,.F.);
#7445=ORIENTED_EDGE('',*,*,#5706,.T.);
#7446=ORIENTED_EDGE('',*,*,#5708,.F.);
#7447=ORIENTED_EDGE('',*,*,#5709,.F.);
#7448=ORIENTED_EDGE('',*,*,#5710,.T.);
#7449=ORIENTED_EDGE('',*,*,#5709,.T.);
#7450=ORIENTED_EDGE('',*,*,#5711,.F.);
#7451=ORIENTED_EDGE('',*,*,#5712,.F.);
#7452=ORIENTED_EDGE('',*,*,#5713,.T.);
#7453=ORIENTED_EDGE('',*,*,#5712,.T.);
#7454=ORIENTED_EDGE('',*,*,#5714,.F.);
#7455=ORIENTED_EDGE('',*,*,#5715,.F.);
#7456=ORIENTED_EDGE('',*,*,#5716,.T.);
#7457=ORIENTED_EDGE('',*,*,#5715,.T.);
#7458=ORIENTED_EDGE('',*,*,#5717,.F.);
#7459=ORIENTED_EDGE('',*,*,#5718,.F.);
#7460=ORIENTED_EDGE('',*,*,#5719,.T.);
#7461=ORIENTED_EDGE('',*,*,#5718,.T.);
#7462=ORIENTED_EDGE('',*,*,#5720,.F.);
#7463=ORIENTED_EDGE('',*,*,#5721,.F.);
#7464=ORIENTED_EDGE('',*,*,#5722,.T.);
#7465=ORIENTED_EDGE('',*,*,#5721,.T.);
#7466=ORIENTED_EDGE('',*,*,#5723,.F.);
#7467=ORIENTED_EDGE('',*,*,#5724,.F.);
#7468=ORIENTED_EDGE('',*,*,#5725,.F.);
#7469=ORIENTED_EDGE('',*,*,#5724,.T.);
#7470=ORIENTED_EDGE('',*,*,#5726,.F.);
#7471=ORIENTED_EDGE('',*,*,#5704,.F.);
#7472=ORIENTED_EDGE('',*,*,#5727,.T.);
#7473=ORIENTED_EDGE('',*,*,#5728,.T.);
#7474=ORIENTED_EDGE('',*,*,#5729,.F.);
#7475=ORIENTED_EDGE('',*,*,#5730,.F.);
#7476=ORIENTED_EDGE('',*,*,#5731,.F.);
#7477=ORIENTED_EDGE('',*,*,#5730,.T.);
#7478=ORIENTED_EDGE('',*,*,#5732,.F.);
#7479=ORIENTED_EDGE('',*,*,#5733,.F.);
#7480=ORIENTED_EDGE('',*,*,#5734,.T.);
#7481=ORIENTED_EDGE('',*,*,#5733,.T.);
#7482=ORIENTED_EDGE('',*,*,#5735,.F.);
#7483=ORIENTED_EDGE('',*,*,#5736,.F.);
#7484=ORIENTED_EDGE('',*,*,#5737,.T.);
#7485=ORIENTED_EDGE('',*,*,#5736,.T.);
#7486=ORIENTED_EDGE('',*,*,#5738,.F.);
#7487=ORIENTED_EDGE('',*,*,#5739,.F.);
#7488=ORIENTED_EDGE('',*,*,#5740,.T.);
#7489=ORIENTED_EDGE('',*,*,#5739,.T.);
#7490=ORIENTED_EDGE('',*,*,#5741,.F.);
#7491=ORIENTED_EDGE('',*,*,#5742,.F.);
#7492=ORIENTED_EDGE('',*,*,#5743,.T.);
#7493=ORIENTED_EDGE('',*,*,#5742,.T.);
#7494=ORIENTED_EDGE('',*,*,#5744,.F.);
#7495=ORIENTED_EDGE('',*,*,#5745,.F.);
#7496=ORIENTED_EDGE('',*,*,#5746,.T.);
#7497=ORIENTED_EDGE('',*,*,#5745,.T.);
#7498=ORIENTED_EDGE('',*,*,#5747,.F.);
#7499=ORIENTED_EDGE('',*,*,#5748,.F.);
#7500=ORIENTED_EDGE('',*,*,#5749,.F.);
#7501=ORIENTED_EDGE('',*,*,#5748,.T.);
#7502=ORIENTED_EDGE('',*,*,#5750,.F.);
#7503=ORIENTED_EDGE('',*,*,#5728,.F.);
#7504=ORIENTED_EDGE('',*,*,#5751,.T.);
#7505=ORIENTED_EDGE('',*,*,#5752,.T.);
#7506=ORIENTED_EDGE('',*,*,#5753,.F.);
#7507=ORIENTED_EDGE('',*,*,#5754,.F.);
#7508=ORIENTED_EDGE('',*,*,#5755,.F.);
#7509=ORIENTED_EDGE('',*,*,#5754,.T.);
#7510=ORIENTED_EDGE('',*,*,#5756,.F.);
#7511=ORIENTED_EDGE('',*,*,#5757,.F.);
#7512=ORIENTED_EDGE('',*,*,#5758,.T.);
#7513=ORIENTED_EDGE('',*,*,#5757,.T.);
#7514=ORIENTED_EDGE('',*,*,#5759,.F.);
#7515=ORIENTED_EDGE('',*,*,#5760,.F.);
#7516=ORIENTED_EDGE('',*,*,#5761,.T.);
#7517=ORIENTED_EDGE('',*,*,#5760,.T.);
#7518=ORIENTED_EDGE('',*,*,#5762,.F.);
#7519=ORIENTED_EDGE('',*,*,#5763,.F.);
#7520=ORIENTED_EDGE('',*,*,#5764,.T.);
#7521=ORIENTED_EDGE('',*,*,#5763,.T.);
#7522=ORIENTED_EDGE('',*,*,#5765,.F.);
#7523=ORIENTED_EDGE('',*,*,#5766,.F.);
#7524=ORIENTED_EDGE('',*,*,#5767,.T.);
#7525=ORIENTED_EDGE('',*,*,#5766,.T.);
#7526=ORIENTED_EDGE('',*,*,#5768,.F.);
#7527=ORIENTED_EDGE('',*,*,#5769,.F.);
#7528=ORIENTED_EDGE('',*,*,#5770,.T.);
#7529=ORIENTED_EDGE('',*,*,#5769,.T.);
#7530=ORIENTED_EDGE('',*,*,#5771,.F.);
#7531=ORIENTED_EDGE('',*,*,#5772,.F.);
#7532=ORIENTED_EDGE('',*,*,#5773,.F.);
#7533=ORIENTED_EDGE('',*,*,#5772,.T.);
#7534=ORIENTED_EDGE('',*,*,#5774,.F.);
#7535=ORIENTED_EDGE('',*,*,#5752,.F.);
#7536=ORIENTED_EDGE('',*,*,#5775,.T.);
#7537=ORIENTED_EDGE('',*,*,#5776,.T.);
#7538=ORIENTED_EDGE('',*,*,#5777,.F.);
#7539=ORIENTED_EDGE('',*,*,#5778,.F.);
#7540=ORIENTED_EDGE('',*,*,#5779,.F.);
#7541=ORIENTED_EDGE('',*,*,#5778,.T.);
#7542=ORIENTED_EDGE('',*,*,#5780,.F.);
#7543=ORIENTED_EDGE('',*,*,#5781,.F.);
#7544=ORIENTED_EDGE('',*,*,#5782,.T.);
#7545=ORIENTED_EDGE('',*,*,#5781,.T.);
#7546=ORIENTED_EDGE('',*,*,#5783,.F.);
#7547=ORIENTED_EDGE('',*,*,#5784,.F.);
#7548=ORIENTED_EDGE('',*,*,#5785,.T.);
#7549=ORIENTED_EDGE('',*,*,#5784,.T.);
#7550=ORIENTED_EDGE('',*,*,#5786,.F.);
#7551=ORIENTED_EDGE('',*,*,#5787,.F.);
#7552=ORIENTED_EDGE('',*,*,#5788,.T.);
#7553=ORIENTED_EDGE('',*,*,#5787,.T.);
#7554=ORIENTED_EDGE('',*,*,#5789,.F.);
#7555=ORIENTED_EDGE('',*,*,#5790,.F.);
#7556=ORIENTED_EDGE('',*,*,#5791,.T.);
#7557=ORIENTED_EDGE('',*,*,#5790,.T.);
#7558=ORIENTED_EDGE('',*,*,#5792,.F.);
#7559=ORIENTED_EDGE('',*,*,#5793,.F.);
#7560=ORIENTED_EDGE('',*,*,#5794,.T.);
#7561=ORIENTED_EDGE('',*,*,#5793,.T.);
#7562=ORIENTED_EDGE('',*,*,#5795,.F.);
#7563=ORIENTED_EDGE('',*,*,#5796,.F.);
#7564=ORIENTED_EDGE('',*,*,#5797,.F.);
#7565=ORIENTED_EDGE('',*,*,#5796,.T.);
#7566=ORIENTED_EDGE('',*,*,#5798,.F.);
#7567=ORIENTED_EDGE('',*,*,#5776,.F.);
#7568=ORIENTED_EDGE('',*,*,#5799,.T.);
#7569=ORIENTED_EDGE('',*,*,#5800,.T.);
#7570=ORIENTED_EDGE('',*,*,#5801,.F.);
#7571=ORIENTED_EDGE('',*,*,#5802,.F.);
#7572=ORIENTED_EDGE('',*,*,#5803,.F.);
#7573=ORIENTED_EDGE('',*,*,#5802,.T.);
#7574=ORIENTED_EDGE('',*,*,#5804,.F.);
#7575=ORIENTED_EDGE('',*,*,#5805,.F.);
#7576=ORIENTED_EDGE('',*,*,#5806,.T.);
#7577=ORIENTED_EDGE('',*,*,#5805,.T.);
#7578=ORIENTED_EDGE('',*,*,#5807,.F.);
#7579=ORIENTED_EDGE('',*,*,#5808,.F.);
#7580=ORIENTED_EDGE('',*,*,#5809,.T.);
#7581=ORIENTED_EDGE('',*,*,#5808,.T.);
#7582=ORIENTED_EDGE('',*,*,#5810,.F.);
#7583=ORIENTED_EDGE('',*,*,#5811,.F.);
#7584=ORIENTED_EDGE('',*,*,#5812,.T.);
#7585=ORIENTED_EDGE('',*,*,#5811,.T.);
#7586=ORIENTED_EDGE('',*,*,#5813,.F.);
#7587=ORIENTED_EDGE('',*,*,#5814,.F.);
#7588=ORIENTED_EDGE('',*,*,#5815,.T.);
#7589=ORIENTED_EDGE('',*,*,#5814,.T.);
#7590=ORIENTED_EDGE('',*,*,#5816,.F.);
#7591=ORIENTED_EDGE('',*,*,#5817,.F.);
#7592=ORIENTED_EDGE('',*,*,#5818,.T.);
#7593=ORIENTED_EDGE('',*,*,#5817,.T.);
#7594=ORIENTED_EDGE('',*,*,#5819,.F.);
#7595=ORIENTED_EDGE('',*,*,#5820,.F.);
#7596=ORIENTED_EDGE('',*,*,#5821,.F.);
#7597=ORIENTED_EDGE('',*,*,#5820,.T.);
#7598=ORIENTED_EDGE('',*,*,#5822,.F.);
#7599=ORIENTED_EDGE('',*,*,#5800,.F.);
#7600=ORIENTED_EDGE('',*,*,#5823,.T.);
#7601=ORIENTED_EDGE('',*,*,#5824,.T.);
#7602=ORIENTED_EDGE('',*,*,#5825,.F.);
#7603=ORIENTED_EDGE('',*,*,#5826,.F.);
#7604=ORIENTED_EDGE('',*,*,#5827,.F.);
#7605=ORIENTED_EDGE('',*,*,#5826,.T.);
#7606=ORIENTED_EDGE('',*,*,#5828,.F.);
#7607=ORIENTED_EDGE('',*,*,#5829,.F.);
#7608=ORIENTED_EDGE('',*,*,#5830,.T.);
#7609=ORIENTED_EDGE('',*,*,#5829,.T.);
#7610=ORIENTED_EDGE('',*,*,#5831,.F.);
#7611=ORIENTED_EDGE('',*,*,#5832,.F.);
#7612=ORIENTED_EDGE('',*,*,#5833,.T.);
#7613=ORIENTED_EDGE('',*,*,#5832,.T.);
#7614=ORIENTED_EDGE('',*,*,#5834,.F.);
#7615=ORIENTED_EDGE('',*,*,#5835,.F.);
#7616=ORIENTED_EDGE('',*,*,#5836,.T.);
#7617=ORIENTED_EDGE('',*,*,#5835,.T.);
#7618=ORIENTED_EDGE('',*,*,#5837,.F.);
#7619=ORIENTED_EDGE('',*,*,#5838,.F.);
#7620=ORIENTED_EDGE('',*,*,#5839,.T.);
#7621=ORIENTED_EDGE('',*,*,#5838,.T.);
#7622=ORIENTED_EDGE('',*,*,#5840,.F.);
#7623=ORIENTED_EDGE('',*,*,#5841,.F.);
#7624=ORIENTED_EDGE('',*,*,#5842,.T.);
#7625=ORIENTED_EDGE('',*,*,#5841,.T.);
#7626=ORIENTED_EDGE('',*,*,#5843,.F.);
#7627=ORIENTED_EDGE('',*,*,#5844,.F.);
#7628=ORIENTED_EDGE('',*,*,#5845,.F.);
#7629=ORIENTED_EDGE('',*,*,#5844,.T.);
#7630=ORIENTED_EDGE('',*,*,#5846,.F.);
#7631=ORIENTED_EDGE('',*,*,#5824,.F.);
#7632=ORIENTED_EDGE('',*,*,#5847,.T.);
#7633=ORIENTED_EDGE('',*,*,#5848,.T.);
#7634=ORIENTED_EDGE('',*,*,#5849,.F.);
#7635=ORIENTED_EDGE('',*,*,#5850,.F.);
#7636=ORIENTED_EDGE('',*,*,#5851,.F.);
#7637=ORIENTED_EDGE('',*,*,#5850,.T.);
#7638=ORIENTED_EDGE('',*,*,#5852,.F.);
#7639=ORIENTED_EDGE('',*,*,#5853,.F.);
#7640=ORIENTED_EDGE('',*,*,#5854,.T.);
#7641=ORIENTED_EDGE('',*,*,#5853,.T.);
#7642=ORIENTED_EDGE('',*,*,#5855,.F.);
#7643=ORIENTED_EDGE('',*,*,#5856,.F.);
#7644=ORIENTED_EDGE('',*,*,#5857,.T.);
#7645=ORIENTED_EDGE('',*,*,#5856,.T.);
#7646=ORIENTED_EDGE('',*,*,#5858,.F.);
#7647=ORIENTED_EDGE('',*,*,#5859,.F.);
#7648=ORIENTED_EDGE('',*,*,#5860,.T.);
#7649=ORIENTED_EDGE('',*,*,#5859,.T.);
#7650=ORIENTED_EDGE('',*,*,#5861,.F.);
#7651=ORIENTED_EDGE('',*,*,#5862,.F.);
#7652=ORIENTED_EDGE('',*,*,#5863,.T.);
#7653=ORIENTED_EDGE('',*,*,#5862,.T.);
#7654=ORIENTED_EDGE('',*,*,#5864,.F.);
#7655=ORIENTED_EDGE('',*,*,#5865,.F.);
#7656=ORIENTED_EDGE('',*,*,#5866,.T.);
#7657=ORIENTED_EDGE('',*,*,#5865,.T.);
#7658=ORIENTED_EDGE('',*,*,#5867,.F.);
#7659=ORIENTED_EDGE('',*,*,#5868,.F.);
#7660=ORIENTED_EDGE('',*,*,#5869,.F.);
#7661=ORIENTED_EDGE('',*,*,#5868,.T.);
#7662=ORIENTED_EDGE('',*,*,#5870,.F.);
#7663=ORIENTED_EDGE('',*,*,#5848,.F.);
#7664=ORIENTED_EDGE('',*,*,#5871,.T.);
#7665=ORIENTED_EDGE('',*,*,#5872,.T.);
#7666=ORIENTED_EDGE('',*,*,#5873,.F.);
#7667=ORIENTED_EDGE('',*,*,#5874,.F.);
#7668=ORIENTED_EDGE('',*,*,#5875,.F.);
#7669=ORIENTED_EDGE('',*,*,#5874,.T.);
#7670=ORIENTED_EDGE('',*,*,#5876,.F.);
#7671=ORIENTED_EDGE('',*,*,#5877,.F.);
#7672=ORIENTED_EDGE('',*,*,#5878,.T.);
#7673=ORIENTED_EDGE('',*,*,#5877,.T.);
#7674=ORIENTED_EDGE('',*,*,#5879,.F.);
#7675=ORIENTED_EDGE('',*,*,#5880,.F.);
#7676=ORIENTED_EDGE('',*,*,#5881,.T.);
#7677=ORIENTED_EDGE('',*,*,#5880,.T.);
#7678=ORIENTED_EDGE('',*,*,#5882,.F.);
#7679=ORIENTED_EDGE('',*,*,#5883,.F.);
#7680=ORIENTED_EDGE('',*,*,#5884,.T.);
#7681=ORIENTED_EDGE('',*,*,#5883,.T.);
#7682=ORIENTED_EDGE('',*,*,#5885,.F.);
#7683=ORIENTED_EDGE('',*,*,#5886,.F.);
#7684=ORIENTED_EDGE('',*,*,#5887,.T.);
#7685=ORIENTED_EDGE('',*,*,#5886,.T.);
#7686=ORIENTED_EDGE('',*,*,#5888,.F.);
#7687=ORIENTED_EDGE('',*,*,#5889,.F.);
#7688=ORIENTED_EDGE('',*,*,#5890,.T.);
#7689=ORIENTED_EDGE('',*,*,#5889,.T.);
#7690=ORIENTED_EDGE('',*,*,#5891,.F.);
#7691=ORIENTED_EDGE('',*,*,#5892,.F.);
#7692=ORIENTED_EDGE('',*,*,#5893,.F.);
#7693=ORIENTED_EDGE('',*,*,#5892,.T.);
#7694=ORIENTED_EDGE('',*,*,#5894,.F.);
#7695=ORIENTED_EDGE('',*,*,#5872,.F.);
#7696=ORIENTED_EDGE('',*,*,#5895,.T.);
#7697=ORIENTED_EDGE('',*,*,#5896,.T.);
#7698=ORIENTED_EDGE('',*,*,#5897,.F.);
#7699=ORIENTED_EDGE('',*,*,#5898,.F.);
#7700=ORIENTED_EDGE('',*,*,#5899,.F.);
#7701=ORIENTED_EDGE('',*,*,#5898,.T.);
#7702=ORIENTED_EDGE('',*,*,#5900,.F.);
#7703=ORIENTED_EDGE('',*,*,#5901,.F.);
#7704=ORIENTED_EDGE('',*,*,#5902,.T.);
#7705=ORIENTED_EDGE('',*,*,#5901,.T.);
#7706=ORIENTED_EDGE('',*,*,#5903,.F.);
#7707=ORIENTED_EDGE('',*,*,#5904,.F.);
#7708=ORIENTED_EDGE('',*,*,#5905,.T.);
#7709=ORIENTED_EDGE('',*,*,#5904,.T.);
#7710=ORIENTED_EDGE('',*,*,#5906,.F.);
#7711=ORIENTED_EDGE('',*,*,#5907,.F.);
#7712=ORIENTED_EDGE('',*,*,#5908,.T.);
#7713=ORIENTED_EDGE('',*,*,#5907,.T.);
#7714=ORIENTED_EDGE('',*,*,#5909,.F.);
#7715=ORIENTED_EDGE('',*,*,#5910,.F.);
#7716=ORIENTED_EDGE('',*,*,#5911,.T.);
#7717=ORIENTED_EDGE('',*,*,#5910,.T.);
#7718=ORIENTED_EDGE('',*,*,#5912,.F.);
#7719=ORIENTED_EDGE('',*,*,#5913,.F.);
#7720=ORIENTED_EDGE('',*,*,#5914,.T.);
#7721=ORIENTED_EDGE('',*,*,#5913,.T.);
#7722=ORIENTED_EDGE('',*,*,#5915,.F.);
#7723=ORIENTED_EDGE('',*,*,#5916,.F.);
#7724=ORIENTED_EDGE('',*,*,#5917,.F.);
#7725=ORIENTED_EDGE('',*,*,#5916,.T.);
#7726=ORIENTED_EDGE('',*,*,#5918,.F.);
#7727=ORIENTED_EDGE('',*,*,#5896,.F.);
#7728=ORIENTED_EDGE('',*,*,#5919,.T.);
#7729=ORIENTED_EDGE('',*,*,#5920,.T.);
#7730=ORIENTED_EDGE('',*,*,#5921,.F.);
#7731=ORIENTED_EDGE('',*,*,#5922,.F.);
#7732=ORIENTED_EDGE('',*,*,#5923,.F.);
#7733=ORIENTED_EDGE('',*,*,#5922,.T.);
#7734=ORIENTED_EDGE('',*,*,#5924,.F.);
#7735=ORIENTED_EDGE('',*,*,#5925,.F.);
#7736=ORIENTED_EDGE('',*,*,#5926,.T.);
#7737=ORIENTED_EDGE('',*,*,#5925,.T.);
#7738=ORIENTED_EDGE('',*,*,#5927,.F.);
#7739=ORIENTED_EDGE('',*,*,#5928,.F.);
#7740=ORIENTED_EDGE('',*,*,#5929,.T.);
#7741=ORIENTED_EDGE('',*,*,#5928,.T.);
#7742=ORIENTED_EDGE('',*,*,#5930,.F.);
#7743=ORIENTED_EDGE('',*,*,#5931,.F.);
#7744=ORIENTED_EDGE('',*,*,#5932,.T.);
#7745=ORIENTED_EDGE('',*,*,#5931,.T.);
#7746=ORIENTED_EDGE('',*,*,#5933,.F.);
#7747=ORIENTED_EDGE('',*,*,#5934,.F.);
#7748=ORIENTED_EDGE('',*,*,#5935,.T.);
#7749=ORIENTED_EDGE('',*,*,#5934,.T.);
#7750=ORIENTED_EDGE('',*,*,#5936,.F.);
#7751=ORIENTED_EDGE('',*,*,#5937,.F.);
#7752=ORIENTED_EDGE('',*,*,#5938,.T.);
#7753=ORIENTED_EDGE('',*,*,#5937,.T.);
#7754=ORIENTED_EDGE('',*,*,#5939,.F.);
#7755=ORIENTED_EDGE('',*,*,#5940,.F.);
#7756=ORIENTED_EDGE('',*,*,#5941,.F.);
#7757=ORIENTED_EDGE('',*,*,#5940,.T.);
#7758=ORIENTED_EDGE('',*,*,#5942,.F.);
#7759=ORIENTED_EDGE('',*,*,#5920,.F.);
#7760=ORIENTED_EDGE('',*,*,#5943,.T.);
#7761=ORIENTED_EDGE('',*,*,#5944,.T.);
#7762=ORIENTED_EDGE('',*,*,#5945,.F.);
#7763=ORIENTED_EDGE('',*,*,#5946,.F.);
#7764=ORIENTED_EDGE('',*,*,#5947,.F.);
#7765=ORIENTED_EDGE('',*,*,#5946,.T.);
#7766=ORIENTED_EDGE('',*,*,#5948,.F.);
#7767=ORIENTED_EDGE('',*,*,#5949,.F.);
#7768=ORIENTED_EDGE('',*,*,#5950,.T.);
#7769=ORIENTED_EDGE('',*,*,#5949,.T.);
#7770=ORIENTED_EDGE('',*,*,#5951,.F.);
#7771=ORIENTED_EDGE('',*,*,#5952,.F.);
#7772=ORIENTED_EDGE('',*,*,#5953,.T.);
#7773=ORIENTED_EDGE('',*,*,#5952,.T.);
#7774=ORIENTED_EDGE('',*,*,#5954,.F.);
#7775=ORIENTED_EDGE('',*,*,#5955,.F.);
#7776=ORIENTED_EDGE('',*,*,#5956,.T.);
#7777=ORIENTED_EDGE('',*,*,#5955,.T.);
#7778=ORIENTED_EDGE('',*,*,#5957,.F.);
#7779=ORIENTED_EDGE('',*,*,#5958,.F.);
#7780=ORIENTED_EDGE('',*,*,#5959,.T.);
#7781=ORIENTED_EDGE('',*,*,#5958,.T.);
#7782=ORIENTED_EDGE('',*,*,#5960,.F.);
#7783=ORIENTED_EDGE('',*,*,#5961,.F.);
#7784=ORIENTED_EDGE('',*,*,#5962,.T.);
#7785=ORIENTED_EDGE('',*,*,#5961,.T.);
#7786=ORIENTED_EDGE('',*,*,#5963,.F.);
#7787=ORIENTED_EDGE('',*,*,#5964,.F.);
#7788=ORIENTED_EDGE('',*,*,#5965,.F.);
#7789=ORIENTED_EDGE('',*,*,#5964,.T.);
#7790=ORIENTED_EDGE('',*,*,#5966,.F.);
#7791=ORIENTED_EDGE('',*,*,#5944,.F.);
#7792=ORIENTED_EDGE('',*,*,#5967,.T.);
#7793=ORIENTED_EDGE('',*,*,#5968,.T.);
#7794=ORIENTED_EDGE('',*,*,#5969,.F.);
#7795=ORIENTED_EDGE('',*,*,#5970,.F.);
#7796=ORIENTED_EDGE('',*,*,#5971,.F.);
#7797=ORIENTED_EDGE('',*,*,#5970,.T.);
#7798=ORIENTED_EDGE('',*,*,#5972,.F.);
#7799=ORIENTED_EDGE('',*,*,#5973,.F.);
#7800=ORIENTED_EDGE('',*,*,#5974,.T.);
#7801=ORIENTED_EDGE('',*,*,#5973,.T.);
#7802=ORIENTED_EDGE('',*,*,#5975,.F.);
#7803=ORIENTED_EDGE('',*,*,#5976,.F.);
#7804=ORIENTED_EDGE('',*,*,#5977,.T.);
#7805=ORIENTED_EDGE('',*,*,#5976,.T.);
#7806=ORIENTED_EDGE('',*,*,#5978,.F.);
#7807=ORIENTED_EDGE('',*,*,#5979,.F.);
#7808=ORIENTED_EDGE('',*,*,#5980,.T.);
#7809=ORIENTED_EDGE('',*,*,#5979,.T.);
#7810=ORIENTED_EDGE('',*,*,#5981,.F.);
#7811=ORIENTED_EDGE('',*,*,#5982,.F.);
#7812=ORIENTED_EDGE('',*,*,#5983,.T.);
#7813=ORIENTED_EDGE('',*,*,#5982,.T.);
#7814=ORIENTED_EDGE('',*,*,#5984,.F.);
#7815=ORIENTED_EDGE('',*,*,#5985,.F.);
#7816=ORIENTED_EDGE('',*,*,#5986,.T.);
#7817=ORIENTED_EDGE('',*,*,#5985,.T.);
#7818=ORIENTED_EDGE('',*,*,#5987,.F.);
#7819=ORIENTED_EDGE('',*,*,#5988,.F.);
#7820=ORIENTED_EDGE('',*,*,#5989,.F.);
#7821=ORIENTED_EDGE('',*,*,#5988,.T.);
#7822=ORIENTED_EDGE('',*,*,#5990,.F.);
#7823=ORIENTED_EDGE('',*,*,#5968,.F.);
#7824=ORIENTED_EDGE('',*,*,#5991,.T.);
#7825=ORIENTED_EDGE('',*,*,#5992,.T.);
#7826=ORIENTED_EDGE('',*,*,#5993,.F.);
#7827=ORIENTED_EDGE('',*,*,#5994,.F.);
#7828=ORIENTED_EDGE('',*,*,#5995,.F.);
#7829=ORIENTED_EDGE('',*,*,#5994,.T.);
#7830=ORIENTED_EDGE('',*,*,#5996,.F.);
#7831=ORIENTED_EDGE('',*,*,#5997,.F.);
#7832=ORIENTED_EDGE('',*,*,#5998,.T.);
#7833=ORIENTED_EDGE('',*,*,#5997,.T.);
#7834=ORIENTED_EDGE('',*,*,#5999,.F.);
#7835=ORIENTED_EDGE('',*,*,#6000,.F.);
#7836=ORIENTED_EDGE('',*,*,#6001,.T.);
#7837=ORIENTED_EDGE('',*,*,#6000,.T.);
#7838=ORIENTED_EDGE('',*,*,#6002,.F.);
#7839=ORIENTED_EDGE('',*,*,#6003,.F.);
#7840=ORIENTED_EDGE('',*,*,#6004,.T.);
#7841=ORIENTED_EDGE('',*,*,#6003,.T.);
#7842=ORIENTED_EDGE('',*,*,#6005,.F.);
#7843=ORIENTED_EDGE('',*,*,#6006,.F.);
#7844=ORIENTED_EDGE('',*,*,#6007,.T.);
#7845=ORIENTED_EDGE('',*,*,#6006,.T.);
#7846=ORIENTED_EDGE('',*,*,#6008,.F.);
#7847=ORIENTED_EDGE('',*,*,#6009,.F.);
#7848=ORIENTED_EDGE('',*,*,#6010,.T.);
#7849=ORIENTED_EDGE('',*,*,#6009,.T.);
#7850=ORIENTED_EDGE('',*,*,#6011,.F.);
#7851=ORIENTED_EDGE('',*,*,#6012,.F.);
#7852=ORIENTED_EDGE('',*,*,#6013,.F.);
#7853=ORIENTED_EDGE('',*,*,#6012,.T.);
#7854=ORIENTED_EDGE('',*,*,#6014,.F.);
#7855=ORIENTED_EDGE('',*,*,#5992,.F.);
#7856=ORIENTED_EDGE('',*,*,#6015,.T.);
#7857=ORIENTED_EDGE('',*,*,#6016,.T.);
#7858=ORIENTED_EDGE('',*,*,#6017,.F.);
#7859=ORIENTED_EDGE('',*,*,#6018,.F.);
#7860=ORIENTED_EDGE('',*,*,#6019,.F.);
#7861=ORIENTED_EDGE('',*,*,#6018,.T.);
#7862=ORIENTED_EDGE('',*,*,#6020,.F.);
#7863=ORIENTED_EDGE('',*,*,#6021,.F.);
#7864=ORIENTED_EDGE('',*,*,#6022,.T.);
#7865=ORIENTED_EDGE('',*,*,#6021,.T.);
#7866=ORIENTED_EDGE('',*,*,#6023,.F.);
#7867=ORIENTED_EDGE('',*,*,#6024,.F.);
#7868=ORIENTED_EDGE('',*,*,#6025,.T.);
#7869=ORIENTED_EDGE('',*,*,#6024,.T.);
#7870=ORIENTED_EDGE('',*,*,#6026,.F.);
#7871=ORIENTED_EDGE('',*,*,#6027,.F.);
#7872=ORIENTED_EDGE('',*,*,#6028,.T.);
#7873=ORIENTED_EDGE('',*,*,#6027,.T.);
#7874=ORIENTED_EDGE('',*,*,#6029,.F.);
#7875=ORIENTED_EDGE('',*,*,#6030,.F.);
#7876=ORIENTED_EDGE('',*,*,#6031,.T.);
#7877=ORIENTED_EDGE('',*,*,#6030,.T.);
#7878=ORIENTED_EDGE('',*,*,#6032,.F.);
#7879=ORIENTED_EDGE('',*,*,#6033,.F.);
#7880=ORIENTED_EDGE('',*,*,#6034,.T.);
#7881=ORIENTED_EDGE('',*,*,#6033,.T.);
#7882=ORIENTED_EDGE('',*,*,#6035,.F.);
#7883=ORIENTED_EDGE('',*,*,#6036,.F.);
#7884=ORIENTED_EDGE('',*,*,#6037,.F.);
#7885=ORIENTED_EDGE('',*,*,#6036,.T.);
#7886=ORIENTED_EDGE('',*,*,#6038,.F.);
#7887=ORIENTED_EDGE('',*,*,#6016,.F.);
#7888=ORIENTED_EDGE('',*,*,#6039,.T.);
#7889=ORIENTED_EDGE('',*,*,#6040,.T.);
#7890=ORIENTED_EDGE('',*,*,#6041,.F.);
#7891=ORIENTED_EDGE('',*,*,#6042,.F.);
#7892=ORIENTED_EDGE('',*,*,#6043,.F.);
#7893=ORIENTED_EDGE('',*,*,#6042,.T.);
#7894=ORIENTED_EDGE('',*,*,#6044,.F.);
#7895=ORIENTED_EDGE('',*,*,#6045,.F.);
#7896=ORIENTED_EDGE('',*,*,#6046,.T.);
#7897=ORIENTED_EDGE('',*,*,#6045,.T.);
#7898=ORIENTED_EDGE('',*,*,#6047,.F.);
#7899=ORIENTED_EDGE('',*,*,#6048,.F.);
#7900=ORIENTED_EDGE('',*,*,#6049,.T.);
#7901=ORIENTED_EDGE('',*,*,#6048,.T.);
#7902=ORIENTED_EDGE('',*,*,#6050,.F.);
#7903=ORIENTED_EDGE('',*,*,#6051,.F.);
#7904=ORIENTED_EDGE('',*,*,#6052,.T.);
#7905=ORIENTED_EDGE('',*,*,#6051,.T.);
#7906=ORIENTED_EDGE('',*,*,#6053,.F.);
#7907=ORIENTED_EDGE('',*,*,#6054,.F.);
#7908=ORIENTED_EDGE('',*,*,#6055,.T.);
#7909=ORIENTED_EDGE('',*,*,#6054,.T.);
#7910=ORIENTED_EDGE('',*,*,#6056,.F.);
#7911=ORIENTED_EDGE('',*,*,#6057,.F.);
#7912=ORIENTED_EDGE('',*,*,#6058,.T.);
#7913=ORIENTED_EDGE('',*,*,#6057,.T.);
#7914=ORIENTED_EDGE('',*,*,#6059,.F.);
#7915=ORIENTED_EDGE('',*,*,#6060,.F.);
#7916=ORIENTED_EDGE('',*,*,#6061,.F.);
#7917=ORIENTED_EDGE('',*,*,#6060,.T.);
#7918=ORIENTED_EDGE('',*,*,#6062,.F.);
#7919=ORIENTED_EDGE('',*,*,#6040,.F.);
#7920=ORIENTED_EDGE('',*,*,#6063,.T.);
#7921=ORIENTED_EDGE('',*,*,#6064,.T.);
#7922=ORIENTED_EDGE('',*,*,#6065,.F.);
#7923=ORIENTED_EDGE('',*,*,#6066,.F.);
#7924=ORIENTED_EDGE('',*,*,#6067,.F.);
#7925=ORIENTED_EDGE('',*,*,#6066,.T.);
#7926=ORIENTED_EDGE('',*,*,#6068,.F.);
#7927=ORIENTED_EDGE('',*,*,#6069,.F.);
#7928=ORIENTED_EDGE('',*,*,#6070,.T.);
#7929=ORIENTED_EDGE('',*,*,#6069,.T.);
#7930=ORIENTED_EDGE('',*,*,#6071,.F.);
#7931=ORIENTED_EDGE('',*,*,#6072,.F.);
#7932=ORIENTED_EDGE('',*,*,#6073,.T.);
#7933=ORIENTED_EDGE('',*,*,#6072,.T.);
#7934=ORIENTED_EDGE('',*,*,#6074,.F.);
#7935=ORIENTED_EDGE('',*,*,#6075,.F.);
#7936=ORIENTED_EDGE('',*,*,#6076,.T.);
#7937=ORIENTED_EDGE('',*,*,#6075,.T.);
#7938=ORIENTED_EDGE('',*,*,#6077,.F.);
#7939=ORIENTED_EDGE('',*,*,#6078,.F.);
#7940=ORIENTED_EDGE('',*,*,#6079,.T.);
#7941=ORIENTED_EDGE('',*,*,#6078,.T.);
#7942=ORIENTED_EDGE('',*,*,#6080,.F.);
#7943=ORIENTED_EDGE('',*,*,#6081,.F.);
#7944=ORIENTED_EDGE('',*,*,#6082,.T.);
#7945=ORIENTED_EDGE('',*,*,#6081,.T.);
#7946=ORIENTED_EDGE('',*,*,#6083,.F.);
#7947=ORIENTED_EDGE('',*,*,#6084,.F.);
#7948=ORIENTED_EDGE('',*,*,#6085,.F.);
#7949=ORIENTED_EDGE('',*,*,#6084,.T.);
#7950=ORIENTED_EDGE('',*,*,#6086,.F.);
#7951=ORIENTED_EDGE('',*,*,#6064,.F.);
#7952=ORIENTED_EDGE('',*,*,#6087,.T.);
#7953=ORIENTED_EDGE('',*,*,#6088,.T.);
#7954=ORIENTED_EDGE('',*,*,#6089,.F.);
#7955=ORIENTED_EDGE('',*,*,#6090,.F.);
#7956=ORIENTED_EDGE('',*,*,#6091,.F.);
#7957=ORIENTED_EDGE('',*,*,#6090,.T.);
#7958=ORIENTED_EDGE('',*,*,#6092,.F.);
#7959=ORIENTED_EDGE('',*,*,#6093,.F.);
#7960=ORIENTED_EDGE('',*,*,#6094,.T.);
#7961=ORIENTED_EDGE('',*,*,#6093,.T.);
#7962=ORIENTED_EDGE('',*,*,#6095,.F.);
#7963=ORIENTED_EDGE('',*,*,#6096,.F.);
#7964=ORIENTED_EDGE('',*,*,#6097,.T.);
#7965=ORIENTED_EDGE('',*,*,#6096,.T.);
#7966=ORIENTED_EDGE('',*,*,#6098,.F.);
#7967=ORIENTED_EDGE('',*,*,#6099,.F.);
#7968=ORIENTED_EDGE('',*,*,#6100,.T.);
#7969=ORIENTED_EDGE('',*,*,#6099,.T.);
#7970=ORIENTED_EDGE('',*,*,#6101,.F.);
#7971=ORIENTED_EDGE('',*,*,#6102,.F.);
#7972=ORIENTED_EDGE('',*,*,#6103,.T.);
#7973=ORIENTED_EDGE('',*,*,#6102,.T.);
#7974=ORIENTED_EDGE('',*,*,#6104,.F.);
#7975=ORIENTED_EDGE('',*,*,#6105,.F.);
#7976=ORIENTED_EDGE('',*,*,#6106,.T.);
#7977=ORIENTED_EDGE('',*,*,#6105,.T.);
#7978=ORIENTED_EDGE('',*,*,#6107,.F.);
#7979=ORIENTED_EDGE('',*,*,#6108,.F.);
#7980=ORIENTED_EDGE('',*,*,#6109,.F.);
#7981=ORIENTED_EDGE('',*,*,#6108,.T.);
#7982=ORIENTED_EDGE('',*,*,#6110,.F.);
#7983=ORIENTED_EDGE('',*,*,#6088,.F.);
#7984=ORIENTED_EDGE('',*,*,#6111,.T.);
#7985=ORIENTED_EDGE('',*,*,#6112,.T.);
#7986=ORIENTED_EDGE('',*,*,#6113,.F.);
#7987=ORIENTED_EDGE('',*,*,#6114,.F.);
#7988=ORIENTED_EDGE('',*,*,#6115,.F.);
#7989=ORIENTED_EDGE('',*,*,#6114,.T.);
#7990=ORIENTED_EDGE('',*,*,#6116,.F.);
#7991=ORIENTED_EDGE('',*,*,#6117,.F.);
#7992=ORIENTED_EDGE('',*,*,#6118,.T.);
#7993=ORIENTED_EDGE('',*,*,#6117,.T.);
#7994=ORIENTED_EDGE('',*,*,#6119,.F.);
#7995=ORIENTED_EDGE('',*,*,#6120,.F.);
#7996=ORIENTED_EDGE('',*,*,#6121,.T.);
#7997=ORIENTED_EDGE('',*,*,#6120,.T.);
#7998=ORIENTED_EDGE('',*,*,#6122,.F.);
#7999=ORIENTED_EDGE('',*,*,#6123,.F.);
#8000=ORIENTED_EDGE('',*,*,#6124,.T.);
#8001=ORIENTED_EDGE('',*,*,#6123,.T.);
#8002=ORIENTED_EDGE('',*,*,#6125,.F.);
#8003=ORIENTED_EDGE('',*,*,#6126,.F.);
#8004=ORIENTED_EDGE('',*,*,#6127,.T.);
#8005=ORIENTED_EDGE('',*,*,#6126,.T.);
#8006=ORIENTED_EDGE('',*,*,#6128,.F.);
#8007=ORIENTED_EDGE('',*,*,#6129,.F.);
#8008=ORIENTED_EDGE('',*,*,#6130,.T.);
#8009=ORIENTED_EDGE('',*,*,#6129,.T.);
#8010=ORIENTED_EDGE('',*,*,#6131,.F.);
#8011=ORIENTED_EDGE('',*,*,#6132,.F.);
#8012=ORIENTED_EDGE('',*,*,#6133,.F.);
#8013=ORIENTED_EDGE('',*,*,#6132,.T.);
#8014=ORIENTED_EDGE('',*,*,#6134,.F.);
#8015=ORIENTED_EDGE('',*,*,#6112,.F.);
#8016=ORIENTED_EDGE('',*,*,#6135,.T.);
#8017=ORIENTED_EDGE('',*,*,#6136,.T.);
#8018=ORIENTED_EDGE('',*,*,#6137,.F.);
#8019=ORIENTED_EDGE('',*,*,#6138,.F.);
#8020=ORIENTED_EDGE('',*,*,#6139,.F.);
#8021=ORIENTED_EDGE('',*,*,#6138,.T.);
#8022=ORIENTED_EDGE('',*,*,#6140,.F.);
#8023=ORIENTED_EDGE('',*,*,#6141,.F.);
#8024=ORIENTED_EDGE('',*,*,#6142,.T.);
#8025=ORIENTED_EDGE('',*,*,#6141,.T.);
#8026=ORIENTED_EDGE('',*,*,#6143,.F.);
#8027=ORIENTED_EDGE('',*,*,#6144,.F.);
#8028=ORIENTED_EDGE('',*,*,#6145,.T.);
#8029=ORIENTED_EDGE('',*,*,#6144,.T.);
#8030=ORIENTED_EDGE('',*,*,#6146,.F.);
#8031=ORIENTED_EDGE('',*,*,#6147,.F.);
#8032=ORIENTED_EDGE('',*,*,#6148,.T.);
#8033=ORIENTED_EDGE('',*,*,#6147,.T.);
#8034=ORIENTED_EDGE('',*,*,#6149,.F.);
#8035=ORIENTED_EDGE('',*,*,#6150,.F.);
#8036=ORIENTED_EDGE('',*,*,#6151,.T.);
#8037=ORIENTED_EDGE('',*,*,#6150,.T.);
#8038=ORIENTED_EDGE('',*,*,#6152,.F.);
#8039=ORIENTED_EDGE('',*,*,#6153,.F.);
#8040=ORIENTED_EDGE('',*,*,#6154,.T.);
#8041=ORIENTED_EDGE('',*,*,#6153,.T.);
#8042=ORIENTED_EDGE('',*,*,#6155,.F.);
#8043=ORIENTED_EDGE('',*,*,#6156,.F.);
#8044=ORIENTED_EDGE('',*,*,#6157,.F.);
#8045=ORIENTED_EDGE('',*,*,#6156,.T.);
#8046=ORIENTED_EDGE('',*,*,#6158,.F.);
#8047=ORIENTED_EDGE('',*,*,#6136,.F.);
#8048=ORIENTED_EDGE('',*,*,#6159,.T.);
#8049=ORIENTED_EDGE('',*,*,#6160,.T.);
#8050=ORIENTED_EDGE('',*,*,#6161,.F.);
#8051=ORIENTED_EDGE('',*,*,#6162,.F.);
#8052=ORIENTED_EDGE('',*,*,#6163,.F.);
#8053=ORIENTED_EDGE('',*,*,#6162,.T.);
#8054=ORIENTED_EDGE('',*,*,#6164,.F.);
#8055=ORIENTED_EDGE('',*,*,#6165,.F.);
#8056=ORIENTED_EDGE('',*,*,#6166,.T.);
#8057=ORIENTED_EDGE('',*,*,#6165,.T.);
#8058=ORIENTED_EDGE('',*,*,#6167,.F.);
#8059=ORIENTED_EDGE('',*,*,#6168,.F.);
#8060=ORIENTED_EDGE('',*,*,#6169,.T.);
#8061=ORIENTED_EDGE('',*,*,#6168,.T.);
#8062=ORIENTED_EDGE('',*,*,#6170,.F.);
#8063=ORIENTED_EDGE('',*,*,#6171,.F.);
#8064=ORIENTED_EDGE('',*,*,#6172,.T.);
#8065=ORIENTED_EDGE('',*,*,#6171,.T.);
#8066=ORIENTED_EDGE('',*,*,#6173,.F.);
#8067=ORIENTED_EDGE('',*,*,#6174,.F.);
#8068=ORIENTED_EDGE('',*,*,#6175,.T.);
#8069=ORIENTED_EDGE('',*,*,#6174,.T.);
#8070=ORIENTED_EDGE('',*,*,#6176,.F.);
#8071=ORIENTED_EDGE('',*,*,#6177,.F.);
#8072=ORIENTED_EDGE('',*,*,#6178,.T.);
#8073=ORIENTED_EDGE('',*,*,#6177,.T.);
#8074=ORIENTED_EDGE('',*,*,#6179,.F.);
#8075=ORIENTED_EDGE('',*,*,#6180,.F.);
#8076=ORIENTED_EDGE('',*,*,#6181,.F.);
#8077=ORIENTED_EDGE('',*,*,#6180,.T.);
#8078=ORIENTED_EDGE('',*,*,#6182,.F.);
#8079=ORIENTED_EDGE('',*,*,#6160,.F.);
#8080=ORIENTED_EDGE('',*,*,#6183,.T.);
#8081=ORIENTED_EDGE('',*,*,#6184,.T.);
#8082=ORIENTED_EDGE('',*,*,#6185,.F.);
#8083=ORIENTED_EDGE('',*,*,#6186,.F.);
#8084=ORIENTED_EDGE('',*,*,#6187,.F.);
#8085=ORIENTED_EDGE('',*,*,#6186,.T.);
#8086=ORIENTED_EDGE('',*,*,#6188,.F.);
#8087=ORIENTED_EDGE('',*,*,#6189,.F.);
#8088=ORIENTED_EDGE('',*,*,#6190,.T.);
#8089=ORIENTED_EDGE('',*,*,#6189,.T.);
#8090=ORIENTED_EDGE('',*,*,#6191,.F.);
#8091=ORIENTED_EDGE('',*,*,#6192,.F.);
#8092=ORIENTED_EDGE('',*,*,#6193,.T.);
#8093=ORIENTED_EDGE('',*,*,#6192,.T.);
#8094=ORIENTED_EDGE('',*,*,#6194,.F.);
#8095=ORIENTED_EDGE('',*,*,#6195,.F.);
#8096=ORIENTED_EDGE('',*,*,#6196,.T.);
#8097=ORIENTED_EDGE('',*,*,#6195,.T.);
#8098=ORIENTED_EDGE('',*,*,#6197,.F.);
#8099=ORIENTED_EDGE('',*,*,#6198,.F.);
#8100=ORIENTED_EDGE('',*,*,#6199,.T.);
#8101=ORIENTED_EDGE('',*,*,#6198,.T.);
#8102=ORIENTED_EDGE('',*,*,#6200,.F.);
#8103=ORIENTED_EDGE('',*,*,#6201,.F.);
#8104=ORIENTED_EDGE('',*,*,#6202,.T.);
#8105=ORIENTED_EDGE('',*,*,#6201,.T.);
#8106=ORIENTED_EDGE('',*,*,#6203,.F.);
#8107=ORIENTED_EDGE('',*,*,#6204,.F.);
#8108=ORIENTED_EDGE('',*,*,#6205,.F.);
#8109=ORIENTED_EDGE('',*,*,#6204,.T.);
#8110=ORIENTED_EDGE('',*,*,#6206,.F.);
#8111=ORIENTED_EDGE('',*,*,#6184,.F.);
#8112=ORIENTED_EDGE('',*,*,#6207,.T.);
#8113=ORIENTED_EDGE('',*,*,#6208,.T.);
#8114=ORIENTED_EDGE('',*,*,#6209,.F.);
#8115=ORIENTED_EDGE('',*,*,#6210,.F.);
#8116=ORIENTED_EDGE('',*,*,#6211,.F.);
#8117=ORIENTED_EDGE('',*,*,#6210,.T.);
#8118=ORIENTED_EDGE('',*,*,#6212,.F.);
#8119=ORIENTED_EDGE('',*,*,#6213,.F.);
#8120=ORIENTED_EDGE('',*,*,#6214,.T.);
#8121=ORIENTED_EDGE('',*,*,#6213,.T.);
#8122=ORIENTED_EDGE('',*,*,#6215,.F.);
#8123=ORIENTED_EDGE('',*,*,#6216,.F.);
#8124=ORIENTED_EDGE('',*,*,#6217,.T.);
#8125=ORIENTED_EDGE('',*,*,#6216,.T.);
#8126=ORIENTED_EDGE('',*,*,#6218,.F.);
#8127=ORIENTED_EDGE('',*,*,#6219,.F.);
#8128=ORIENTED_EDGE('',*,*,#6220,.T.);
#8129=ORIENTED_EDGE('',*,*,#6219,.T.);
#8130=ORIENTED_EDGE('',*,*,#6221,.F.);
#8131=ORIENTED_EDGE('',*,*,#6222,.F.);
#8132=ORIENTED_EDGE('',*,*,#6223,.T.);
#8133=ORIENTED_EDGE('',*,*,#6222,.T.);
#8134=ORIENTED_EDGE('',*,*,#6224,.F.);
#8135=ORIENTED_EDGE('',*,*,#6225,.F.);
#8136=ORIENTED_EDGE('',*,*,#6226,.T.);
#8137=ORIENTED_EDGE('',*,*,#6225,.T.);
#8138=ORIENTED_EDGE('',*,*,#6227,.F.);
#8139=ORIENTED_EDGE('',*,*,#6228,.F.);
#8140=ORIENTED_EDGE('',*,*,#6229,.F.);
#8141=ORIENTED_EDGE('',*,*,#6228,.T.);
#8142=ORIENTED_EDGE('',*,*,#6230,.F.);
#8143=ORIENTED_EDGE('',*,*,#6208,.F.);
#8144=ORIENTED_EDGE('',*,*,#6231,.T.);
#8145=ORIENTED_EDGE('',*,*,#6232,.T.);
#8146=ORIENTED_EDGE('',*,*,#6233,.F.);
#8147=ORIENTED_EDGE('',*,*,#6234,.F.);
#8148=ORIENTED_EDGE('',*,*,#6235,.F.);
#8149=ORIENTED_EDGE('',*,*,#6234,.T.);
#8150=ORIENTED_EDGE('',*,*,#6236,.F.);
#8151=ORIENTED_EDGE('',*,*,#6237,.F.);
#8152=ORIENTED_EDGE('',*,*,#6238,.T.);
#8153=ORIENTED_EDGE('',*,*,#6237,.T.);
#8154=ORIENTED_EDGE('',*,*,#6239,.F.);
#8155=ORIENTED_EDGE('',*,*,#6240,.F.);
#8156=ORIENTED_EDGE('',*,*,#6241,.T.);
#8157=ORIENTED_EDGE('',*,*,#6240,.T.);
#8158=ORIENTED_EDGE('',*,*,#6242,.F.);
#8159=ORIENTED_EDGE('',*,*,#6243,.F.);
#8160=ORIENTED_EDGE('',*,*,#6244,.T.);
#8161=ORIENTED_EDGE('',*,*,#6243,.T.);
#8162=ORIENTED_EDGE('',*,*,#6245,.F.);
#8163=ORIENTED_EDGE('',*,*,#6246,.F.);
#8164=ORIENTED_EDGE('',*,*,#6247,.T.);
#8165=ORIENTED_EDGE('',*,*,#6246,.T.);
#8166=ORIENTED_EDGE('',*,*,#6248,.F.);
#8167=ORIENTED_EDGE('',*,*,#6249,.F.);
#8168=ORIENTED_EDGE('',*,*,#6250,.T.);
#8169=ORIENTED_EDGE('',*,*,#6249,.T.);
#8170=ORIENTED_EDGE('',*,*,#6251,.F.);
#8171=ORIENTED_EDGE('',*,*,#6252,.F.);
#8172=ORIENTED_EDGE('',*,*,#6253,.F.);
#8173=ORIENTED_EDGE('',*,*,#6252,.T.);
#8174=ORIENTED_EDGE('',*,*,#6254,.F.);
#8175=ORIENTED_EDGE('',*,*,#6232,.F.);
#8176=ORIENTED_EDGE('',*,*,#6255,.T.);
#8177=ORIENTED_EDGE('',*,*,#6256,.T.);
#8178=ORIENTED_EDGE('',*,*,#6257,.F.);
#8179=ORIENTED_EDGE('',*,*,#6258,.F.);
#8180=ORIENTED_EDGE('',*,*,#6259,.F.);
#8181=ORIENTED_EDGE('',*,*,#6258,.T.);
#8182=ORIENTED_EDGE('',*,*,#6260,.F.);
#8183=ORIENTED_EDGE('',*,*,#6261,.F.);
#8184=ORIENTED_EDGE('',*,*,#6262,.T.);
#8185=ORIENTED_EDGE('',*,*,#6261,.T.);
#8186=ORIENTED_EDGE('',*,*,#6263,.F.);
#8187=ORIENTED_EDGE('',*,*,#6264,.F.);
#8188=ORIENTED_EDGE('',*,*,#6265,.T.);
#8189=ORIENTED_EDGE('',*,*,#6264,.T.);
#8190=ORIENTED_EDGE('',*,*,#6266,.F.);
#8191=ORIENTED_EDGE('',*,*,#6267,.F.);
#8192=ORIENTED_EDGE('',*,*,#6268,.T.);
#8193=ORIENTED_EDGE('',*,*,#6267,.T.);
#8194=ORIENTED_EDGE('',*,*,#6269,.F.);
#8195=ORIENTED_EDGE('',*,*,#6270,.F.);
#8196=ORIENTED_EDGE('',*,*,#6271,.T.);
#8197=ORIENTED_EDGE('',*,*,#6270,.T.);
#8198=ORIENTED_EDGE('',*,*,#6272,.F.);
#8199=ORIENTED_EDGE('',*,*,#6273,.F.);
#8200=ORIENTED_EDGE('',*,*,#6274,.T.);
#8201=ORIENTED_EDGE('',*,*,#6273,.T.);
#8202=ORIENTED_EDGE('',*,*,#6275,.F.);
#8203=ORIENTED_EDGE('',*,*,#6276,.F.);
#8204=ORIENTED_EDGE('',*,*,#6277,.F.);
#8205=ORIENTED_EDGE('',*,*,#6276,.T.);
#8206=ORIENTED_EDGE('',*,*,#6278,.F.);
#8207=ORIENTED_EDGE('',*,*,#6256,.F.);
#8208=ORIENTED_EDGE('',*,*,#6279,.T.);
#8209=ORIENTED_EDGE('',*,*,#6280,.T.);
#8210=ORIENTED_EDGE('',*,*,#6281,.F.);
#8211=ORIENTED_EDGE('',*,*,#6282,.F.);
#8212=ORIENTED_EDGE('',*,*,#6283,.F.);
#8213=ORIENTED_EDGE('',*,*,#6282,.T.);
#8214=ORIENTED_EDGE('',*,*,#6284,.F.);
#8215=ORIENTED_EDGE('',*,*,#6285,.F.);
#8216=ORIENTED_EDGE('',*,*,#6286,.T.);
#8217=ORIENTED_EDGE('',*,*,#6285,.T.);
#8218=ORIENTED_EDGE('',*,*,#6287,.F.);
#8219=ORIENTED_EDGE('',*,*,#6288,.F.);
#8220=ORIENTED_EDGE('',*,*,#6289,.T.);
#8221=ORIENTED_EDGE('',*,*,#6288,.T.);
#8222=ORIENTED_EDGE('',*,*,#6290,.F.);
#8223=ORIENTED_EDGE('',*,*,#6291,.F.);
#8224=ORIENTED_EDGE('',*,*,#6292,.T.);
#8225=ORIENTED_EDGE('',*,*,#6291,.T.);
#8226=ORIENTED_EDGE('',*,*,#6293,.F.);
#8227=ORIENTED_EDGE('',*,*,#6294,.F.);
#8228=ORIENTED_EDGE('',*,*,#6295,.T.);
#8229=ORIENTED_EDGE('',*,*,#6294,.T.);
#8230=ORIENTED_EDGE('',*,*,#6296,.F.);
#8231=ORIENTED_EDGE('',*,*,#6297,.F.);
#8232=ORIENTED_EDGE('',*,*,#6298,.T.);
#8233=ORIENTED_EDGE('',*,*,#6297,.T.);
#8234=ORIENTED_EDGE('',*,*,#6299,.F.);
#8235=ORIENTED_EDGE('',*,*,#6300,.F.);
#8236=ORIENTED_EDGE('',*,*,#6301,.F.);
#8237=ORIENTED_EDGE('',*,*,#6300,.T.);
#8238=ORIENTED_EDGE('',*,*,#6302,.F.);
#8239=ORIENTED_EDGE('',*,*,#6280,.F.);
#8240=ORIENTED_EDGE('',*,*,#6303,.T.);
#8241=ORIENTED_EDGE('',*,*,#6304,.T.);
#8242=ORIENTED_EDGE('',*,*,#6305,.F.);
#8243=ORIENTED_EDGE('',*,*,#6306,.F.);
#8244=ORIENTED_EDGE('',*,*,#6307,.F.);
#8245=ORIENTED_EDGE('',*,*,#6306,.T.);
#8246=ORIENTED_EDGE('',*,*,#6308,.F.);
#8247=ORIENTED_EDGE('',*,*,#6309,.F.);
#8248=ORIENTED_EDGE('',*,*,#6310,.T.);
#8249=ORIENTED_EDGE('',*,*,#6309,.T.);
#8250=ORIENTED_EDGE('',*,*,#6311,.F.);
#8251=ORIENTED_EDGE('',*,*,#6312,.F.);
#8252=ORIENTED_EDGE('',*,*,#6313,.T.);
#8253=ORIENTED_EDGE('',*,*,#6312,.T.);
#8254=ORIENTED_EDGE('',*,*,#6314,.F.);
#8255=ORIENTED_EDGE('',*,*,#6315,.F.);
#8256=ORIENTED_EDGE('',*,*,#6316,.T.);
#8257=ORIENTED_EDGE('',*,*,#6315,.T.);
#8258=ORIENTED_EDGE('',*,*,#6317,.F.);
#8259=ORIENTED_EDGE('',*,*,#6318,.F.);
#8260=ORIENTED_EDGE('',*,*,#6319,.T.);
#8261=ORIENTED_EDGE('',*,*,#6318,.T.);
#8262=ORIENTED_EDGE('',*,*,#6320,.F.);
#8263=ORIENTED_EDGE('',*,*,#6321,.F.);
#8264=ORIENTED_EDGE('',*,*,#6322,.T.);
#8265=ORIENTED_EDGE('',*,*,#6321,.T.);
#8266=ORIENTED_EDGE('',*,*,#6323,.F.);
#8267=ORIENTED_EDGE('',*,*,#6324,.F.);
#8268=ORIENTED_EDGE('',*,*,#6325,.F.);
#8269=ORIENTED_EDGE('',*,*,#6324,.T.);
#8270=ORIENTED_EDGE('',*,*,#6326,.F.);
#8271=ORIENTED_EDGE('',*,*,#6304,.F.);
#8272=ORIENTED_EDGE('',*,*,#6327,.T.);
#8273=ORIENTED_EDGE('',*,*,#6328,.T.);
#8274=ORIENTED_EDGE('',*,*,#6329,.F.);
#8275=ORIENTED_EDGE('',*,*,#6330,.F.);
#8276=ORIENTED_EDGE('',*,*,#6331,.F.);
#8277=ORIENTED_EDGE('',*,*,#6330,.T.);
#8278=ORIENTED_EDGE('',*,*,#6332,.F.);
#8279=ORIENTED_EDGE('',*,*,#6333,.F.);
#8280=ORIENTED_EDGE('',*,*,#6334,.T.);
#8281=ORIENTED_EDGE('',*,*,#6333,.T.);
#8282=ORIENTED_EDGE('',*,*,#6335,.F.);
#8283=ORIENTED_EDGE('',*,*,#6336,.F.);
#8284=ORIENTED_EDGE('',*,*,#6337,.T.);
#8285=ORIENTED_EDGE('',*,*,#6336,.T.);
#8286=ORIENTED_EDGE('',*,*,#6338,.F.);
#8287=ORIENTED_EDGE('',*,*,#6339,.F.);
#8288=ORIENTED_EDGE('',*,*,#6340,.T.);
#8289=ORIENTED_EDGE('',*,*,#6339,.T.);
#8290=ORIENTED_EDGE('',*,*,#6341,.F.);
#8291=ORIENTED_EDGE('',*,*,#6342,.F.);
#8292=ORIENTED_EDGE('',*,*,#6343,.T.);
#8293=ORIENTED_EDGE('',*,*,#6342,.T.);
#8294=ORIENTED_EDGE('',*,*,#6344,.F.);
#8295=ORIENTED_EDGE('',*,*,#6345,.F.);
#8296=ORIENTED_EDGE('',*,*,#6346,.T.);
#8297=ORIENTED_EDGE('',*,*,#6345,.T.);
#8298=ORIENTED_EDGE('',*,*,#6347,.F.);
#8299=ORIENTED_EDGE('',*,*,#6348,.F.);
#8300=ORIENTED_EDGE('',*,*,#6349,.F.);
#8301=ORIENTED_EDGE('',*,*,#6348,.T.);
#8302=ORIENTED_EDGE('',*,*,#6350,.F.);
#8303=ORIENTED_EDGE('',*,*,#6328,.F.);
#8304=ORIENTED_EDGE('',*,*,#6351,.T.);
#8305=ORIENTED_EDGE('',*,*,#6352,.T.);
#8306=ORIENTED_EDGE('',*,*,#6353,.F.);
#8307=ORIENTED_EDGE('',*,*,#6354,.F.);
#8308=ORIENTED_EDGE('',*,*,#6355,.F.);
#8309=ORIENTED_EDGE('',*,*,#6354,.T.);
#8310=ORIENTED_EDGE('',*,*,#6356,.F.);
#8311=ORIENTED_EDGE('',*,*,#6357,.F.);
#8312=ORIENTED_EDGE('',*,*,#6358,.T.);
#8313=ORIENTED_EDGE('',*,*,#6357,.T.);
#8314=ORIENTED_EDGE('',*,*,#6359,.F.);
#8315=ORIENTED_EDGE('',*,*,#6360,.F.);
#8316=ORIENTED_EDGE('',*,*,#6361,.T.);
#8317=ORIENTED_EDGE('',*,*,#6360,.T.);
#8318=ORIENTED_EDGE('',*,*,#6362,.F.);
#8319=ORIENTED_EDGE('',*,*,#6363,.F.);
#8320=ORIENTED_EDGE('',*,*,#6364,.T.);
#8321=ORIENTED_EDGE('',*,*,#6363,.T.);
#8322=ORIENTED_EDGE('',*,*,#6365,.F.);
#8323=ORIENTED_EDGE('',*,*,#6366,.F.);
#8324=ORIENTED_EDGE('',*,*,#6367,.T.);
#8325=ORIENTED_EDGE('',*,*,#6366,.T.);
#8326=ORIENTED_EDGE('',*,*,#6368,.F.);
#8327=ORIENTED_EDGE('',*,*,#6369,.F.);
#8328=ORIENTED_EDGE('',*,*,#6370,.T.);
#8329=ORIENTED_EDGE('',*,*,#6369,.T.);
#8330=ORIENTED_EDGE('',*,*,#6371,.F.);
#8331=ORIENTED_EDGE('',*,*,#6372,.F.);
#8332=ORIENTED_EDGE('',*,*,#6373,.F.);
#8333=ORIENTED_EDGE('',*,*,#6372,.T.);
#8334=ORIENTED_EDGE('',*,*,#6374,.F.);
#8335=ORIENTED_EDGE('',*,*,#6352,.F.);
#8336=ORIENTED_EDGE('',*,*,#6375,.T.);
#8337=ORIENTED_EDGE('',*,*,#6376,.T.);
#8338=ORIENTED_EDGE('',*,*,#6377,.F.);
#8339=ORIENTED_EDGE('',*,*,#6378,.F.);
#8340=ORIENTED_EDGE('',*,*,#6379,.F.);
#8341=ORIENTED_EDGE('',*,*,#6378,.T.);
#8342=ORIENTED_EDGE('',*,*,#6380,.F.);
#8343=ORIENTED_EDGE('',*,*,#6381,.F.);
#8344=ORIENTED_EDGE('',*,*,#6382,.T.);
#8345=ORIENTED_EDGE('',*,*,#6381,.T.);
#8346=ORIENTED_EDGE('',*,*,#6383,.F.);
#8347=ORIENTED_EDGE('',*,*,#6384,.F.);
#8348=ORIENTED_EDGE('',*,*,#6385,.T.);
#8349=ORIENTED_EDGE('',*,*,#6384,.T.);
#8350=ORIENTED_EDGE('',*,*,#6386,.F.);
#8351=ORIENTED_EDGE('',*,*,#6387,.F.);
#8352=ORIENTED_EDGE('',*,*,#6388,.T.);
#8353=ORIENTED_EDGE('',*,*,#6387,.T.);
#8354=ORIENTED_EDGE('',*,*,#6389,.F.);
#8355=ORIENTED_EDGE('',*,*,#6390,.F.);
#8356=ORIENTED_EDGE('',*,*,#6391,.T.);
#8357=ORIENTED_EDGE('',*,*,#6390,.T.);
#8358=ORIENTED_EDGE('',*,*,#6392,.F.);
#8359=ORIENTED_EDGE('',*,*,#6393,.F.);
#8360=ORIENTED_EDGE('',*,*,#6394,.T.);
#8361=ORIENTED_EDGE('',*,*,#6393,.T.);
#8362=ORIENTED_EDGE('',*,*,#6395,.F.);
#8363=ORIENTED_EDGE('',*,*,#6396,.F.);
#8364=ORIENTED_EDGE('',*,*,#6397,.F.);
#8365=ORIENTED_EDGE('',*,*,#6396,.T.);
#8366=ORIENTED_EDGE('',*,*,#6398,.F.);
#8367=ORIENTED_EDGE('',*,*,#6376,.F.);
#8368=ORIENTED_EDGE('',*,*,#6399,.T.);
#8369=ORIENTED_EDGE('',*,*,#6400,.T.);
#8370=ORIENTED_EDGE('',*,*,#6401,.F.);
#8371=ORIENTED_EDGE('',*,*,#6402,.F.);
#8372=ORIENTED_EDGE('',*,*,#6403,.F.);
#8373=ORIENTED_EDGE('',*,*,#6402,.T.);
#8374=ORIENTED_EDGE('',*,*,#6404,.F.);
#8375=ORIENTED_EDGE('',*,*,#6405,.F.);
#8376=ORIENTED_EDGE('',*,*,#6406,.T.);
#8377=ORIENTED_EDGE('',*,*,#6405,.T.);
#8378=ORIENTED_EDGE('',*,*,#6407,.F.);
#8379=ORIENTED_EDGE('',*,*,#6408,.F.);
#8380=ORIENTED_EDGE('',*,*,#6409,.T.);
#8381=ORIENTED_EDGE('',*,*,#6408,.T.);
#8382=ORIENTED_EDGE('',*,*,#6410,.F.);
#8383=ORIENTED_EDGE('',*,*,#6411,.F.);
#8384=ORIENTED_EDGE('',*,*,#6412,.T.);
#8385=ORIENTED_EDGE('',*,*,#6411,.T.);
#8386=ORIENTED_EDGE('',*,*,#6413,.F.);
#8387=ORIENTED_EDGE('',*,*,#6414,.F.);
#8388=ORIENTED_EDGE('',*,*,#6415,.T.);
#8389=ORIENTED_EDGE('',*,*,#6414,.T.);
#8390=ORIENTED_EDGE('',*,*,#6416,.F.);
#8391=ORIENTED_EDGE('',*,*,#6417,.F.);
#8392=ORIENTED_EDGE('',*,*,#6418,.T.);
#8393=ORIENTED_EDGE('',*,*,#6417,.T.);
#8394=ORIENTED_EDGE('',*,*,#6419,.F.);
#8395=ORIENTED_EDGE('',*,*,#6420,.F.);
#8396=ORIENTED_EDGE('',*,*,#6421,.F.);
#8397=ORIENTED_EDGE('',*,*,#6420,.T.);
#8398=ORIENTED_EDGE('',*,*,#6422,.F.);
#8399=ORIENTED_EDGE('',*,*,#6400,.F.);
#8400=ORIENTED_EDGE('',*,*,#6423,.T.);
#8401=ORIENTED_EDGE('',*,*,#6424,.T.);
#8402=ORIENTED_EDGE('',*,*,#6425,.F.);
#8403=ORIENTED_EDGE('',*,*,#6426,.F.);
#8404=ORIENTED_EDGE('',*,*,#6427,.F.);
#8405=ORIENTED_EDGE('',*,*,#6426,.T.);
#8406=ORIENTED_EDGE('',*,*,#6428,.F.);
#8407=ORIENTED_EDGE('',*,*,#6429,.F.);
#8408=ORIENTED_EDGE('',*,*,#6430,.T.);
#8409=ORIENTED_EDGE('',*,*,#6429,.T.);
#8410=ORIENTED_EDGE('',*,*,#6431,.F.);
#8411=ORIENTED_EDGE('',*,*,#6432,.F.);
#8412=ORIENTED_EDGE('',*,*,#6433,.T.);
#8413=ORIENTED_EDGE('',*,*,#6432,.T.);
#8414=ORIENTED_EDGE('',*,*,#6434,.F.);
#8415=ORIENTED_EDGE('',*,*,#6435,.F.);
#8416=ORIENTED_EDGE('',*,*,#6436,.T.);
#8417=ORIENTED_EDGE('',*,*,#6435,.T.);
#8418=ORIENTED_EDGE('',*,*,#6437,.F.);
#8419=ORIENTED_EDGE('',*,*,#6438,.F.);
#8420=ORIENTED_EDGE('',*,*,#6439,.T.);
#8421=ORIENTED_EDGE('',*,*,#6438,.T.);
#8422=ORIENTED_EDGE('',*,*,#6440,.F.);
#8423=ORIENTED_EDGE('',*,*,#6441,.F.);
#8424=ORIENTED_EDGE('',*,*,#6442,.T.);
#8425=ORIENTED_EDGE('',*,*,#6441,.T.);
#8426=ORIENTED_EDGE('',*,*,#6443,.F.);
#8427=ORIENTED_EDGE('',*,*,#6444,.F.);
#8428=ORIENTED_EDGE('',*,*,#6445,.F.);
#8429=ORIENTED_EDGE('',*,*,#6444,.T.);
#8430=ORIENTED_EDGE('',*,*,#6446,.F.);
#8431=ORIENTED_EDGE('',*,*,#6424,.F.);
#8432=ORIENTED_EDGE('',*,*,#6447,.T.);
#8433=ORIENTED_EDGE('',*,*,#6448,.T.);
#8434=ORIENTED_EDGE('',*,*,#6449,.F.);
#8435=ORIENTED_EDGE('',*,*,#6450,.F.);
#8436=ORIENTED_EDGE('',*,*,#6451,.T.);
#8437=ORIENTED_EDGE('',*,*,#6452,.T.);
#8438=ORIENTED_EDGE('',*,*,#6453,.F.);
#8439=ORIENTED_EDGE('',*,*,#6448,.F.);
#8440=ORIENTED_EDGE('',*,*,#6454,.T.);
#8441=ORIENTED_EDGE('',*,*,#6455,.T.);
#8442=ORIENTED_EDGE('',*,*,#6456,.F.);
#8443=ORIENTED_EDGE('',*,*,#6452,.F.);
#8444=ORIENTED_EDGE('',*,*,#6457,.T.);
#8445=ORIENTED_EDGE('',*,*,#6458,.T.);
#8446=ORIENTED_EDGE('',*,*,#6459,.F.);
#8447=ORIENTED_EDGE('',*,*,#6455,.F.);
#8448=ORIENTED_EDGE('',*,*,#6460,.T.);
#8449=ORIENTED_EDGE('',*,*,#6461,.T.);
#8450=ORIENTED_EDGE('',*,*,#6462,.F.);
#8451=ORIENTED_EDGE('',*,*,#6458,.F.);
#8452=ORIENTED_EDGE('',*,*,#6463,.T.);
#8453=ORIENTED_EDGE('',*,*,#6464,.T.);
#8454=ORIENTED_EDGE('',*,*,#6465,.F.);
#8455=ORIENTED_EDGE('',*,*,#6461,.F.);
#8456=ORIENTED_EDGE('',*,*,#6466,.F.);
#8457=ORIENTED_EDGE('',*,*,#6467,.T.);
#8458=ORIENTED_EDGE('',*,*,#6468,.F.);
#8459=ORIENTED_EDGE('',*,*,#6464,.F.);
#8460=ORIENTED_EDGE('',*,*,#6469,.T.);
#8461=ORIENTED_EDGE('',*,*,#6470,.T.);
#8462=ORIENTED_EDGE('',*,*,#6471,.F.);
#8463=ORIENTED_EDGE('',*,*,#6467,.F.);
#8464=ORIENTED_EDGE('',*,*,#6472,.F.);
#8465=ORIENTED_EDGE('',*,*,#6473,.T.);
#8466=ORIENTED_EDGE('',*,*,#6474,.F.);
#8467=ORIENTED_EDGE('',*,*,#6470,.F.);
#8468=ORIENTED_EDGE('',*,*,#6475,.F.);
#8469=ORIENTED_EDGE('',*,*,#6476,.T.);
#8470=ORIENTED_EDGE('',*,*,#6477,.F.);
#8471=ORIENTED_EDGE('',*,*,#6473,.F.);
#8472=ORIENTED_EDGE('',*,*,#6478,.T.);
#8473=ORIENTED_EDGE('',*,*,#6479,.T.);
#8474=ORIENTED_EDGE('',*,*,#6480,.F.);
#8475=ORIENTED_EDGE('',*,*,#6476,.F.);
#8476=ORIENTED_EDGE('',*,*,#6481,.F.);
#8477=ORIENTED_EDGE('',*,*,#6482,.T.);
#8478=ORIENTED_EDGE('',*,*,#6483,.F.);
#8479=ORIENTED_EDGE('',*,*,#6479,.F.);
#8480=ORIENTED_EDGE('',*,*,#6484,.F.);
#8481=ORIENTED_EDGE('',*,*,#6485,.T.);
#8482=ORIENTED_EDGE('',*,*,#6486,.F.);
#8483=ORIENTED_EDGE('',*,*,#6482,.F.);
#8484=ORIENTED_EDGE('',*,*,#6487,.F.);
#8485=ORIENTED_EDGE('',*,*,#6488,.T.);
#8486=ORIENTED_EDGE('',*,*,#6489,.F.);
#8487=ORIENTED_EDGE('',*,*,#6485,.F.);
#8488=ORIENTED_EDGE('',*,*,#6490,.T.);
#8489=ORIENTED_EDGE('',*,*,#6491,.T.);
#8490=ORIENTED_EDGE('',*,*,#6492,.F.);
#8491=ORIENTED_EDGE('',*,*,#6488,.F.);
#8492=ORIENTED_EDGE('',*,*,#6493,.F.);
#8493=ORIENTED_EDGE('',*,*,#6494,.T.);
#8494=ORIENTED_EDGE('',*,*,#6495,.F.);
#8495=ORIENTED_EDGE('',*,*,#6491,.F.);
#8496=ORIENTED_EDGE('',*,*,#6496,.F.);
#8497=ORIENTED_EDGE('',*,*,#6497,.T.);
#8498=ORIENTED_EDGE('',*,*,#6498,.F.);
#8499=ORIENTED_EDGE('',*,*,#6494,.F.);
#8500=ORIENTED_EDGE('',*,*,#6499,.T.);
#8501=ORIENTED_EDGE('',*,*,#6500,.T.);
#8502=ORIENTED_EDGE('',*,*,#6501,.F.);
#8503=ORIENTED_EDGE('',*,*,#6497,.F.);
#8504=ORIENTED_EDGE('',*,*,#6502,.F.);
#8505=ORIENTED_EDGE('',*,*,#6503,.T.);
#8506=ORIENTED_EDGE('',*,*,#6504,.F.);
#8507=ORIENTED_EDGE('',*,*,#6500,.F.);
#8508=ORIENTED_EDGE('',*,*,#6505,.T.);
#8509=ORIENTED_EDGE('',*,*,#6506,.T.);
#8510=ORIENTED_EDGE('',*,*,#6507,.F.);
#8511=ORIENTED_EDGE('',*,*,#6503,.F.);
#8512=ORIENTED_EDGE('',*,*,#6508,.F.);
#8513=ORIENTED_EDGE('',*,*,#6509,.T.);
#8514=ORIENTED_EDGE('',*,*,#6510,.F.);
#8515=ORIENTED_EDGE('',*,*,#6506,.F.);
#8516=ORIENTED_EDGE('',*,*,#6511,.T.);
#8517=ORIENTED_EDGE('',*,*,#6512,.T.);
#8518=ORIENTED_EDGE('',*,*,#6513,.F.);
#8519=ORIENTED_EDGE('',*,*,#6509,.F.);
#8520=ORIENTED_EDGE('',*,*,#6514,.F.);
#8521=ORIENTED_EDGE('',*,*,#6515,.T.);
#8522=ORIENTED_EDGE('',*,*,#6516,.F.);
#8523=ORIENTED_EDGE('',*,*,#6512,.F.);
#8524=ORIENTED_EDGE('',*,*,#6517,.T.);
#8525=ORIENTED_EDGE('',*,*,#6518,.T.);
#8526=ORIENTED_EDGE('',*,*,#6519,.F.);
#8527=ORIENTED_EDGE('',*,*,#6515,.F.);
#8528=ORIENTED_EDGE('',*,*,#6520,.F.);
#8529=ORIENTED_EDGE('',*,*,#6521,.T.);
#8530=ORIENTED_EDGE('',*,*,#6522,.F.);
#8531=ORIENTED_EDGE('',*,*,#6518,.F.);
#8532=ORIENTED_EDGE('',*,*,#6523,.F.);
#8533=ORIENTED_EDGE('',*,*,#6524,.T.);
#8534=ORIENTED_EDGE('',*,*,#6525,.F.);
#8535=ORIENTED_EDGE('',*,*,#6521,.F.);
#8536=ORIENTED_EDGE('',*,*,#6526,.T.);
#8537=ORIENTED_EDGE('',*,*,#6527,.T.);
#8538=ORIENTED_EDGE('',*,*,#6528,.F.);
#8539=ORIENTED_EDGE('',*,*,#6524,.F.);
#8540=ORIENTED_EDGE('',*,*,#6529,.F.);
#8541=ORIENTED_EDGE('',*,*,#6530,.T.);
#8542=ORIENTED_EDGE('',*,*,#6531,.F.);
#8543=ORIENTED_EDGE('',*,*,#6527,.F.);
#8544=ORIENTED_EDGE('',*,*,#6532,.F.);
#8545=ORIENTED_EDGE('',*,*,#6533,.T.);
#8546=ORIENTED_EDGE('',*,*,#6534,.F.);
#8547=ORIENTED_EDGE('',*,*,#6530,.F.);
#8548=ORIENTED_EDGE('',*,*,#6535,.T.);
#8549=ORIENTED_EDGE('',*,*,#6536,.T.);
#8550=ORIENTED_EDGE('',*,*,#6537,.F.);
#8551=ORIENTED_EDGE('',*,*,#6533,.F.);
#8552=ORIENTED_EDGE('',*,*,#6538,.F.);
#8553=ORIENTED_EDGE('',*,*,#6539,.T.);
#8554=ORIENTED_EDGE('',*,*,#6540,.F.);
#8555=ORIENTED_EDGE('',*,*,#6536,.F.);
#8556=ORIENTED_EDGE('',*,*,#6541,.T.);
#8557=ORIENTED_EDGE('',*,*,#6542,.T.);
#8558=ORIENTED_EDGE('',*,*,#6543,.F.);
#8559=ORIENTED_EDGE('',*,*,#6539,.F.);
#8560=ORIENTED_EDGE('',*,*,#6544,.F.);
#8561=ORIENTED_EDGE('',*,*,#6545,.T.);
#8562=ORIENTED_EDGE('',*,*,#6546,.F.);
#8563=ORIENTED_EDGE('',*,*,#6542,.F.);
#8564=ORIENTED_EDGE('',*,*,#6547,.F.);
#8565=ORIENTED_EDGE('',*,*,#6548,.T.);
#8566=ORIENTED_EDGE('',*,*,#6549,.F.);
#8567=ORIENTED_EDGE('',*,*,#6545,.F.);
#8568=ORIENTED_EDGE('',*,*,#6550,.F.);
#8569=ORIENTED_EDGE('',*,*,#6551,.T.);
#8570=ORIENTED_EDGE('',*,*,#6552,.F.);
#8571=ORIENTED_EDGE('',*,*,#6548,.F.);
#8572=ORIENTED_EDGE('',*,*,#6553,.F.);
#8573=ORIENTED_EDGE('',*,*,#6554,.T.);
#8574=ORIENTED_EDGE('',*,*,#6555,.F.);
#8575=ORIENTED_EDGE('',*,*,#6551,.F.);
#8576=ORIENTED_EDGE('',*,*,#6556,.F.);
#8577=ORIENTED_EDGE('',*,*,#6557,.T.);
#8578=ORIENTED_EDGE('',*,*,#6558,.F.);
#8579=ORIENTED_EDGE('',*,*,#6554,.F.);
#8580=ORIENTED_EDGE('',*,*,#6559,.T.);
#8581=ORIENTED_EDGE('',*,*,#6560,.T.);
#8582=ORIENTED_EDGE('',*,*,#6561,.F.);
#8583=ORIENTED_EDGE('',*,*,#6557,.F.);
#8584=ORIENTED_EDGE('',*,*,#6562,.F.);
#8585=ORIENTED_EDGE('',*,*,#6563,.T.);
#8586=ORIENTED_EDGE('',*,*,#6564,.F.);
#8587=ORIENTED_EDGE('',*,*,#6560,.F.);
#8588=ORIENTED_EDGE('',*,*,#6565,.T.);
#8589=ORIENTED_EDGE('',*,*,#6566,.T.);
#8590=ORIENTED_EDGE('',*,*,#6567,.F.);
#8591=ORIENTED_EDGE('',*,*,#6563,.F.);
#8592=ORIENTED_EDGE('',*,*,#6568,.F.);
#8593=ORIENTED_EDGE('',*,*,#6569,.T.);
#8594=ORIENTED_EDGE('',*,*,#6570,.F.);
#8595=ORIENTED_EDGE('',*,*,#6566,.F.);
#8596=ORIENTED_EDGE('',*,*,#6571,.T.);
#8597=ORIENTED_EDGE('',*,*,#6572,.T.);
#8598=ORIENTED_EDGE('',*,*,#6573,.F.);
#8599=ORIENTED_EDGE('',*,*,#6569,.F.);
#8600=ORIENTED_EDGE('',*,*,#6574,.F.);
#8601=ORIENTED_EDGE('',*,*,#6575,.T.);
#8602=ORIENTED_EDGE('',*,*,#6576,.F.);
#8603=ORIENTED_EDGE('',*,*,#6572,.F.);
#8604=ORIENTED_EDGE('',*,*,#6577,.T.);
#8605=ORIENTED_EDGE('',*,*,#6578,.T.);
#8606=ORIENTED_EDGE('',*,*,#6579,.F.);
#8607=ORIENTED_EDGE('',*,*,#6575,.F.);
#8608=ORIENTED_EDGE('',*,*,#6580,.F.);
#8609=ORIENTED_EDGE('',*,*,#6581,.T.);
#8610=ORIENTED_EDGE('',*,*,#6582,.F.);
#8611=ORIENTED_EDGE('',*,*,#6578,.F.);
#8612=ORIENTED_EDGE('',*,*,#6583,.F.);
#8613=ORIENTED_EDGE('',*,*,#6584,.T.);
#8614=ORIENTED_EDGE('',*,*,#6585,.F.);
#8615=ORIENTED_EDGE('',*,*,#6581,.F.);
#8616=ORIENTED_EDGE('',*,*,#6586,.F.);
#8617=ORIENTED_EDGE('',*,*,#6587,.T.);
#8618=ORIENTED_EDGE('',*,*,#6588,.F.);
#8619=ORIENTED_EDGE('',*,*,#6584,.F.);
#8620=ORIENTED_EDGE('',*,*,#6589,.F.);
#8621=ORIENTED_EDGE('',*,*,#6590,.T.);
#8622=ORIENTED_EDGE('',*,*,#6591,.F.);
#8623=ORIENTED_EDGE('',*,*,#6587,.F.);
#8624=ORIENTED_EDGE('',*,*,#6592,.F.);
#8625=ORIENTED_EDGE('',*,*,#6593,.T.);
#8626=ORIENTED_EDGE('',*,*,#6594,.F.);
#8627=ORIENTED_EDGE('',*,*,#6590,.F.);
#8628=ORIENTED_EDGE('',*,*,#6595,.F.);
#8629=ORIENTED_EDGE('',*,*,#6596,.T.);
#8630=ORIENTED_EDGE('',*,*,#6597,.F.);
#8631=ORIENTED_EDGE('',*,*,#6593,.F.);
#8632=ORIENTED_EDGE('',*,*,#6598,.F.);
#8633=ORIENTED_EDGE('',*,*,#6599,.T.);
#8634=ORIENTED_EDGE('',*,*,#6600,.F.);
#8635=ORIENTED_EDGE('',*,*,#6596,.F.);
#8636=ORIENTED_EDGE('',*,*,#6601,.F.);
#8637=ORIENTED_EDGE('',*,*,#6602,.T.);
#8638=ORIENTED_EDGE('',*,*,#6603,.F.);
#8639=ORIENTED_EDGE('',*,*,#6599,.F.);
#8640=ORIENTED_EDGE('',*,*,#6604,.F.);
#8641=ORIENTED_EDGE('',*,*,#6605,.T.);
#8642=ORIENTED_EDGE('',*,*,#6606,.F.);
#8643=ORIENTED_EDGE('',*,*,#6602,.F.);
#8644=ORIENTED_EDGE('',*,*,#6607,.T.);
#8645=ORIENTED_EDGE('',*,*,#6608,.T.);
#8646=ORIENTED_EDGE('',*,*,#6609,.F.);
#8647=ORIENTED_EDGE('',*,*,#6605,.F.);
#8648=ORIENTED_EDGE('',*,*,#6610,.F.);
#8649=ORIENTED_EDGE('',*,*,#6611,.T.);
#8650=ORIENTED_EDGE('',*,*,#6612,.F.);
#8651=ORIENTED_EDGE('',*,*,#6608,.F.);
#8652=ORIENTED_EDGE('',*,*,#6613,.T.);
#8653=ORIENTED_EDGE('',*,*,#6614,.T.);
#8654=ORIENTED_EDGE('',*,*,#6615,.F.);
#8655=ORIENTED_EDGE('',*,*,#6611,.F.);
#8656=ORIENTED_EDGE('',*,*,#6616,.F.);
#8657=ORIENTED_EDGE('',*,*,#6617,.T.);
#8658=ORIENTED_EDGE('',*,*,#6618,.F.);
#8659=ORIENTED_EDGE('',*,*,#6614,.F.);
#8660=ORIENTED_EDGE('',*,*,#6619,.T.);
#8661=ORIENTED_EDGE('',*,*,#6620,.T.);
#8662=ORIENTED_EDGE('',*,*,#6621,.F.);
#8663=ORIENTED_EDGE('',*,*,#6617,.F.);
#8664=ORIENTED_EDGE('',*,*,#6622,.F.);
#8665=ORIENTED_EDGE('',*,*,#6623,.T.);
#8666=ORIENTED_EDGE('',*,*,#6624,.F.);
#8667=ORIENTED_EDGE('',*,*,#6620,.F.);
#8668=ORIENTED_EDGE('',*,*,#6625,.T.);
#8669=ORIENTED_EDGE('',*,*,#6626,.T.);
#8670=ORIENTED_EDGE('',*,*,#6627,.F.);
#8671=ORIENTED_EDGE('',*,*,#6623,.F.);
#8672=ORIENTED_EDGE('',*,*,#6628,.F.);
#8673=ORIENTED_EDGE('',*,*,#6629,.T.);
#8674=ORIENTED_EDGE('',*,*,#6630,.F.);
#8675=ORIENTED_EDGE('',*,*,#6626,.F.);
#8676=ORIENTED_EDGE('',*,*,#6631,.F.);
#8677=ORIENTED_EDGE('',*,*,#6632,.T.);
#8678=ORIENTED_EDGE('',*,*,#6633,.F.);
#8679=ORIENTED_EDGE('',*,*,#6629,.F.);
#8680=ORIENTED_EDGE('',*,*,#6634,.F.);
#8681=ORIENTED_EDGE('',*,*,#6635,.T.);
#8682=ORIENTED_EDGE('',*,*,#6636,.F.);
#8683=ORIENTED_EDGE('',*,*,#6632,.F.);
#8684=ORIENTED_EDGE('',*,*,#6637,.F.);
#8685=ORIENTED_EDGE('',*,*,#6638,.T.);
#8686=ORIENTED_EDGE('',*,*,#6639,.F.);
#8687=ORIENTED_EDGE('',*,*,#6635,.F.);
#8688=ORIENTED_EDGE('',*,*,#6640,.F.);
#8689=ORIENTED_EDGE('',*,*,#6641,.T.);
#8690=ORIENTED_EDGE('',*,*,#6642,.F.);
#8691=ORIENTED_EDGE('',*,*,#6638,.F.);
#8692=ORIENTED_EDGE('',*,*,#6643,.T.);
#8693=ORIENTED_EDGE('',*,*,#6644,.T.);
#8694=ORIENTED_EDGE('',*,*,#6645,.F.);
#8695=ORIENTED_EDGE('',*,*,#6641,.F.);
#8696=ORIENTED_EDGE('',*,*,#6646,.T.);
#8697=ORIENTED_EDGE('',*,*,#6647,.T.);
#8698=ORIENTED_EDGE('',*,*,#6648,.F.);
#8699=ORIENTED_EDGE('',*,*,#6649,.F.);
#8700=ORIENTED_EDGE('',*,*,#6650,.F.);
#8701=ORIENTED_EDGE('',*,*,#6651,.T.);
#8702=ORIENTED_EDGE('',*,*,#6652,.F.);
#8703=ORIENTED_EDGE('',*,*,#6647,.F.);
#8704=ORIENTED_EDGE('',*,*,#6653,.F.);
#8705=ORIENTED_EDGE('',*,*,#6654,.T.);
#8706=ORIENTED_EDGE('',*,*,#6655,.F.);
#8707=ORIENTED_EDGE('',*,*,#6651,.F.);
#8708=ORIENTED_EDGE('',*,*,#6656,.T.);
#8709=ORIENTED_EDGE('',*,*,#6657,.T.);
#8710=ORIENTED_EDGE('',*,*,#6658,.F.);
#8711=ORIENTED_EDGE('',*,*,#6654,.F.);
#8712=ORIENTED_EDGE('',*,*,#6659,.F.);
#8713=ORIENTED_EDGE('',*,*,#6450,.T.);
#8714=ORIENTED_EDGE('',*,*,#6660,.F.);
#8715=ORIENTED_EDGE('',*,*,#6657,.F.);
#8716=ORIENTED_EDGE('',*,*,#6661,.T.);
#8717=ORIENTED_EDGE('',*,*,#6662,.F.);
#8718=ORIENTED_EDGE('',*,*,#6644,.F.);
#8719=ORIENTED_EDGE('',*,*,#6663,.F.);
#8720=ORIENTED_EDGE('',*,*,#6664,.T.);
#8721=ORIENTED_EDGE('',*,*,#6665,.F.);
#8722=ORIENTED_EDGE('',*,*,#6649,.T.);
#8723=ORIENTED_EDGE('',*,*,#6666,.F.);
#8724=ORIENTED_EDGE('',*,*,#6667,.F.);
#8725=ORIENTED_EDGE('',*,*,#6666,.T.);
#8726=ORIENTED_EDGE('',*,*,#6648,.T.);
#8727=ORIENTED_EDGE('',*,*,#6652,.T.);
#8728=ORIENTED_EDGE('',*,*,#6655,.T.);
#8729=ORIENTED_EDGE('',*,*,#6658,.T.);
#8730=ORIENTED_EDGE('',*,*,#6660,.T.);
#8731=ORIENTED_EDGE('',*,*,#6449,.T.);
#8732=ORIENTED_EDGE('',*,*,#6453,.T.);
#8733=ORIENTED_EDGE('',*,*,#6456,.T.);
#8734=ORIENTED_EDGE('',*,*,#6459,.T.);
#8735=ORIENTED_EDGE('',*,*,#6462,.T.);
#8736=ORIENTED_EDGE('',*,*,#6465,.T.);
#8737=ORIENTED_EDGE('',*,*,#6468,.T.);
#8738=ORIENTED_EDGE('',*,*,#6471,.T.);
#8739=ORIENTED_EDGE('',*,*,#6474,.T.);
#8740=ORIENTED_EDGE('',*,*,#6477,.T.);
#8741=ORIENTED_EDGE('',*,*,#6480,.T.);
#8742=ORIENTED_EDGE('',*,*,#6483,.T.);
#8743=ORIENTED_EDGE('',*,*,#6486,.T.);
#8744=ORIENTED_EDGE('',*,*,#6489,.T.);
#8745=ORIENTED_EDGE('',*,*,#6492,.T.);
#8746=ORIENTED_EDGE('',*,*,#6495,.T.);
#8747=ORIENTED_EDGE('',*,*,#6498,.T.);
#8748=ORIENTED_EDGE('',*,*,#6501,.T.);
#8749=ORIENTED_EDGE('',*,*,#6504,.T.);
#8750=ORIENTED_EDGE('',*,*,#6507,.T.);
#8751=ORIENTED_EDGE('',*,*,#6510,.T.);
#8752=ORIENTED_EDGE('',*,*,#6513,.T.);
#8753=ORIENTED_EDGE('',*,*,#6516,.T.);
#8754=ORIENTED_EDGE('',*,*,#6519,.T.);
#8755=ORIENTED_EDGE('',*,*,#6522,.T.);
#8756=ORIENTED_EDGE('',*,*,#6525,.T.);
#8757=ORIENTED_EDGE('',*,*,#6528,.T.);
#8758=ORIENTED_EDGE('',*,*,#6531,.T.);
#8759=ORIENTED_EDGE('',*,*,#6534,.T.);
#8760=ORIENTED_EDGE('',*,*,#6537,.T.);
#8761=ORIENTED_EDGE('',*,*,#6540,.T.);
#8762=ORIENTED_EDGE('',*,*,#6543,.T.);
#8763=ORIENTED_EDGE('',*,*,#6546,.T.);
#8764=ORIENTED_EDGE('',*,*,#6549,.T.);
#8765=ORIENTED_EDGE('',*,*,#6552,.T.);
#8766=ORIENTED_EDGE('',*,*,#6555,.T.);
#8767=ORIENTED_EDGE('',*,*,#6558,.T.);
#8768=ORIENTED_EDGE('',*,*,#6561,.T.);
#8769=ORIENTED_EDGE('',*,*,#6564,.T.);
#8770=ORIENTED_EDGE('',*,*,#6567,.T.);
#8771=ORIENTED_EDGE('',*,*,#6570,.T.);
#8772=ORIENTED_EDGE('',*,*,#6573,.T.);
#8773=ORIENTED_EDGE('',*,*,#6576,.T.);
#8774=ORIENTED_EDGE('',*,*,#6579,.T.);
#8775=ORIENTED_EDGE('',*,*,#6582,.T.);
#8776=ORIENTED_EDGE('',*,*,#6585,.T.);
#8777=ORIENTED_EDGE('',*,*,#6588,.T.);
#8778=ORIENTED_EDGE('',*,*,#6591,.T.);
#8779=ORIENTED_EDGE('',*,*,#6594,.T.);
#8780=ORIENTED_EDGE('',*,*,#6597,.T.);
#8781=ORIENTED_EDGE('',*,*,#6600,.T.);
#8782=ORIENTED_EDGE('',*,*,#6603,.T.);
#8783=ORIENTED_EDGE('',*,*,#6606,.T.);
#8784=ORIENTED_EDGE('',*,*,#6609,.T.);
#8785=ORIENTED_EDGE('',*,*,#6612,.T.);
#8786=ORIENTED_EDGE('',*,*,#6615,.T.);
#8787=ORIENTED_EDGE('',*,*,#6618,.T.);
#8788=ORIENTED_EDGE('',*,*,#6621,.T.);
#8789=ORIENTED_EDGE('',*,*,#6624,.T.);
#8790=ORIENTED_EDGE('',*,*,#6627,.T.);
#8791=ORIENTED_EDGE('',*,*,#6630,.T.);
#8792=ORIENTED_EDGE('',*,*,#6633,.T.);
#8793=ORIENTED_EDGE('',*,*,#6636,.T.);
#8794=ORIENTED_EDGE('',*,*,#6639,.T.);
#8795=ORIENTED_EDGE('',*,*,#6642,.T.);
#8796=ORIENTED_EDGE('',*,*,#6645,.T.);
#8797=ORIENTED_EDGE('',*,*,#6662,.T.);
#8798=ORIENTED_EDGE('',*,*,#6668,.T.);
#8799=ORIENTED_EDGE('',*,*,#5149,.T.);
#8800=ORIENTED_EDGE('',*,*,#5127,.F.);
#8801=ORIENTED_EDGE('',*,*,#5131,.T.);
#8802=ORIENTED_EDGE('',*,*,#5134,.F.);
#8803=ORIENTED_EDGE('',*,*,#5137,.F.);
#8804=ORIENTED_EDGE('',*,*,#5140,.F.);
#8805=ORIENTED_EDGE('',*,*,#5143,.F.);
#8806=ORIENTED_EDGE('',*,*,#5146,.F.);
#8807=ORIENTED_EDGE('',*,*,#5173,.T.);
#8808=ORIENTED_EDGE('',*,*,#5151,.F.);
#8809=ORIENTED_EDGE('',*,*,#5155,.T.);
#8810=ORIENTED_EDGE('',*,*,#5158,.F.);
#8811=ORIENTED_EDGE('',*,*,#5161,.F.);
#8812=ORIENTED_EDGE('',*,*,#5164,.F.);
#8813=ORIENTED_EDGE('',*,*,#5167,.F.);
#8814=ORIENTED_EDGE('',*,*,#5170,.F.);
#8815=ORIENTED_EDGE('',*,*,#5353,.T.);
#8816=ORIENTED_EDGE('',*,*,#5175,.F.);
#8817=ORIENTED_EDGE('',*,*,#5179,.F.);
#8818=ORIENTED_EDGE('',*,*,#5182,.F.);
#8819=ORIENTED_EDGE('',*,*,#5185,.T.);
#8820=ORIENTED_EDGE('',*,*,#5188,.F.);
#8821=ORIENTED_EDGE('',*,*,#5191,.F.);
#8822=ORIENTED_EDGE('',*,*,#5194,.F.);
#8823=ORIENTED_EDGE('',*,*,#5197,.F.);
#8824=ORIENTED_EDGE('',*,*,#5200,.F.);
#8825=ORIENTED_EDGE('',*,*,#5203,.T.);
#8826=ORIENTED_EDGE('',*,*,#5206,.F.);
#8827=ORIENTED_EDGE('',*,*,#5209,.F.);
#8828=ORIENTED_EDGE('',*,*,#5212,.T.);
#8829=ORIENTED_EDGE('',*,*,#5215,.F.);
#8830=ORIENTED_EDGE('',*,*,#5218,.T.);
#8831=ORIENTED_EDGE('',*,*,#5221,.F.);
#8832=ORIENTED_EDGE('',*,*,#5224,.F.);
#8833=ORIENTED_EDGE('',*,*,#5227,.F.);
#8834=ORIENTED_EDGE('',*,*,#5230,.F.);
#8835=ORIENTED_EDGE('',*,*,#5233,.T.);
#8836=ORIENTED_EDGE('',*,*,#5236,.T.);
#8837=ORIENTED_EDGE('',*,*,#5239,.T.);
#8838=ORIENTED_EDGE('',*,*,#5242,.T.);
#8839=ORIENTED_EDGE('',*,*,#5245,.T.);
#8840=ORIENTED_EDGE('',*,*,#5248,.T.);
#8841=ORIENTED_EDGE('',*,*,#5251,.F.);
#8842=ORIENTED_EDGE('',*,*,#5254,.T.);
#8843=ORIENTED_EDGE('',*,*,#5257,.F.);
#8844=ORIENTED_EDGE('',*,*,#5260,.T.);
#8845=ORIENTED_EDGE('',*,*,#5263,.T.);
#8846=ORIENTED_EDGE('',*,*,#5266,.T.);
#8847=ORIENTED_EDGE('',*,*,#5269,.F.);
#8848=ORIENTED_EDGE('',*,*,#5272,.T.);
#8849=ORIENTED_EDGE('',*,*,#5275,.T.);
#8850=ORIENTED_EDGE('',*,*,#5278,.T.);
#8851=ORIENTED_EDGE('',*,*,#5281,.T.);
#8852=ORIENTED_EDGE('',*,*,#5284,.F.);
#8853=ORIENTED_EDGE('',*,*,#5287,.T.);
#8854=ORIENTED_EDGE('',*,*,#5290,.T.);
#8855=ORIENTED_EDGE('',*,*,#5293,.F.);
#8856=ORIENTED_EDGE('',*,*,#5296,.T.);
#8857=ORIENTED_EDGE('',*,*,#5299,.F.);
#8858=ORIENTED_EDGE('',*,*,#5302,.T.);
#8859=ORIENTED_EDGE('',*,*,#5305,.T.);
#8860=ORIENTED_EDGE('',*,*,#5308,.F.);
#8861=ORIENTED_EDGE('',*,*,#5311,.F.);
#8862=ORIENTED_EDGE('',*,*,#5314,.T.);
#8863=ORIENTED_EDGE('',*,*,#5317,.F.);
#8864=ORIENTED_EDGE('',*,*,#5320,.T.);
#8865=ORIENTED_EDGE('',*,*,#5323,.F.);
#8866=ORIENTED_EDGE('',*,*,#5326,.F.);
#8867=ORIENTED_EDGE('',*,*,#5329,.F.);
#8868=ORIENTED_EDGE('',*,*,#5332,.F.);
#8869=ORIENTED_EDGE('',*,*,#5335,.F.);
#8870=ORIENTED_EDGE('',*,*,#5338,.F.);
#8871=ORIENTED_EDGE('',*,*,#5341,.F.);
#8872=ORIENTED_EDGE('',*,*,#5344,.F.);
#8873=ORIENTED_EDGE('',*,*,#5347,.F.);
#8874=ORIENTED_EDGE('',*,*,#5350,.F.);
#8875=ORIENTED_EDGE('',*,*,#5377,.T.);
#8876=ORIENTED_EDGE('',*,*,#5355,.F.);
#8877=ORIENTED_EDGE('',*,*,#5359,.T.);
#8878=ORIENTED_EDGE('',*,*,#5362,.F.);
#8879=ORIENTED_EDGE('',*,*,#5365,.F.);
#8880=ORIENTED_EDGE('',*,*,#5368,.F.);
#8881=ORIENTED_EDGE('',*,*,#5371,.F.);
#8882=ORIENTED_EDGE('',*,*,#5374,.F.);
#8883=ORIENTED_EDGE('',*,*,#5557,.T.);
#8884=ORIENTED_EDGE('',*,*,#5379,.F.);
#8885=ORIENTED_EDGE('',*,*,#5383,.T.);
#8886=ORIENTED_EDGE('',*,*,#5386,.F.);
#8887=ORIENTED_EDGE('',*,*,#5389,.F.);
#8888=ORIENTED_EDGE('',*,*,#5392,.F.);
#8889=ORIENTED_EDGE('',*,*,#5395,.F.);
#8890=ORIENTED_EDGE('',*,*,#5398,.T.);
#8891=ORIENTED_EDGE('',*,*,#5401,.T.);
#8892=ORIENTED_EDGE('',*,*,#5404,.T.);
#8893=ORIENTED_EDGE('',*,*,#5407,.T.);
#8894=ORIENTED_EDGE('',*,*,#5410,.T.);
#8895=ORIENTED_EDGE('',*,*,#5413,.T.);
#8896=ORIENTED_EDGE('',*,*,#5416,.F.);
#8897=ORIENTED_EDGE('',*,*,#5419,.T.);
#8898=ORIENTED_EDGE('',*,*,#5422,.F.);
#8899=ORIENTED_EDGE('',*,*,#5425,.T.);
#8900=ORIENTED_EDGE('',*,*,#5428,.T.);
#8901=ORIENTED_EDGE('',*,*,#5431,.T.);
#8902=ORIENTED_EDGE('',*,*,#5434,.F.);
#8903=ORIENTED_EDGE('',*,*,#5437,.T.);
#8904=ORIENTED_EDGE('',*,*,#5440,.T.);
#8905=ORIENTED_EDGE('',*,*,#5443,.T.);
#8906=ORIENTED_EDGE('',*,*,#5446,.T.);
#8907=ORIENTED_EDGE('',*,*,#5449,.F.);
#8908=ORIENTED_EDGE('',*,*,#5452,.T.);
#8909=ORIENTED_EDGE('',*,*,#5455,.T.);
#8910=ORIENTED_EDGE('',*,*,#5458,.F.);
#8911=ORIENTED_EDGE('',*,*,#5461,.T.);
#8912=ORIENTED_EDGE('',*,*,#5464,.F.);
#8913=ORIENTED_EDGE('',*,*,#5467,.T.);
#8914=ORIENTED_EDGE('',*,*,#5470,.T.);
#8915=ORIENTED_EDGE('',*,*,#5473,.F.);
#8916=ORIENTED_EDGE('',*,*,#5476,.F.);
#8917=ORIENTED_EDGE('',*,*,#5479,.T.);
#8918=ORIENTED_EDGE('',*,*,#5482,.F.);
#8919=ORIENTED_EDGE('',*,*,#5485,.T.);
#8920=ORIENTED_EDGE('',*,*,#5488,.F.);
#8921=ORIENTED_EDGE('',*,*,#5491,.F.);
#8922=ORIENTED_EDGE('',*,*,#5494,.F.);
#8923=ORIENTED_EDGE('',*,*,#5497,.F.);
#8924=ORIENTED_EDGE('',*,*,#5500,.F.);
#8925=ORIENTED_EDGE('',*,*,#5503,.F.);
#8926=ORIENTED_EDGE('',*,*,#5506,.F.);
#8927=ORIENTED_EDGE('',*,*,#5509,.F.);
#8928=ORIENTED_EDGE('',*,*,#5512,.F.);
#8929=ORIENTED_EDGE('',*,*,#5515,.F.);
#8930=ORIENTED_EDGE('',*,*,#5518,.T.);
#8931=ORIENTED_EDGE('',*,*,#5521,.F.);
#8932=ORIENTED_EDGE('',*,*,#5524,.F.);
#8933=ORIENTED_EDGE('',*,*,#5527,.F.);
#8934=ORIENTED_EDGE('',*,*,#5530,.T.);
#8935=ORIENTED_EDGE('',*,*,#5533,.F.);
#8936=ORIENTED_EDGE('',*,*,#5536,.F.);
#8937=ORIENTED_EDGE('',*,*,#5539,.F.);
#8938=ORIENTED_EDGE('',*,*,#5542,.F.);
#8939=ORIENTED_EDGE('',*,*,#5545,.F.);
#8940=ORIENTED_EDGE('',*,*,#5548,.T.);
#8941=ORIENTED_EDGE('',*,*,#5551,.F.);
#8942=ORIENTED_EDGE('',*,*,#5554,.F.);
#8943=ORIENTED_EDGE('',*,*,#5581,.T.);
#8944=ORIENTED_EDGE('',*,*,#5559,.F.);
#8945=ORIENTED_EDGE('',*,*,#5563,.T.);
#8946=ORIENTED_EDGE('',*,*,#5566,.F.);
#8947=ORIENTED_EDGE('',*,*,#5569,.F.);
#8948=ORIENTED_EDGE('',*,*,#5572,.F.);
#8949=ORIENTED_EDGE('',*,*,#5575,.F.);
#8950=ORIENTED_EDGE('',*,*,#5578,.F.);
#8951=ORIENTED_EDGE('',*,*,#5605,.T.);
#8952=ORIENTED_EDGE('',*,*,#5583,.F.);
#8953=ORIENTED_EDGE('',*,*,#5587,.T.);
#8954=ORIENTED_EDGE('',*,*,#5590,.F.);
#8955=ORIENTED_EDGE('',*,*,#5593,.F.);
#8956=ORIENTED_EDGE('',*,*,#5596,.F.);
#8957=ORIENTED_EDGE('',*,*,#5599,.F.);
#8958=ORIENTED_EDGE('',*,*,#5602,.F.);
#8959=ORIENTED_EDGE('',*,*,#5629,.T.);
#8960=ORIENTED_EDGE('',*,*,#5607,.F.);
#8961=ORIENTED_EDGE('',*,*,#5611,.T.);
#8962=ORIENTED_EDGE('',*,*,#5614,.F.);
#8963=ORIENTED_EDGE('',*,*,#5617,.F.);
#8964=ORIENTED_EDGE('',*,*,#5620,.F.);
#8965=ORIENTED_EDGE('',*,*,#5623,.F.);
#8966=ORIENTED_EDGE('',*,*,#5626,.F.);
#8967=ORIENTED_EDGE('',*,*,#5653,.T.);
#8968=ORIENTED_EDGE('',*,*,#5631,.F.);
#8969=ORIENTED_EDGE('',*,*,#5635,.T.);
#8970=ORIENTED_EDGE('',*,*,#5638,.F.);
#8971=ORIENTED_EDGE('',*,*,#5641,.F.);
#8972=ORIENTED_EDGE('',*,*,#5644,.F.);
#8973=ORIENTED_EDGE('',*,*,#5647,.F.);
#8974=ORIENTED_EDGE('',*,*,#5650,.F.);
#8975=ORIENTED_EDGE('',*,*,#5677,.T.);
#8976=ORIENTED_EDGE('',*,*,#5655,.F.);
#8977=ORIENTED_EDGE('',*,*,#5659,.T.);
#8978=ORIENTED_EDGE('',*,*,#5662,.F.);
#8979=ORIENTED_EDGE('',*,*,#5665,.F.);
#8980=ORIENTED_EDGE('',*,*,#5668,.F.);
#8981=ORIENTED_EDGE('',*,*,#5671,.F.);
#8982=ORIENTED_EDGE('',*,*,#5674,.F.);
#8983=ORIENTED_EDGE('',*,*,#5701,.T.);
#8984=ORIENTED_EDGE('',*,*,#5679,.F.);
#8985=ORIENTED_EDGE('',*,*,#5683,.T.);
#8986=ORIENTED_EDGE('',*,*,#5686,.F.);
#8987=ORIENTED_EDGE('',*,*,#5689,.F.);
#8988=ORIENTED_EDGE('',*,*,#5692,.F.);
#8989=ORIENTED_EDGE('',*,*,#5695,.F.);
#8990=ORIENTED_EDGE('',*,*,#5698,.F.);
#8991=ORIENTED_EDGE('',*,*,#5725,.T.);
#8992=ORIENTED_EDGE('',*,*,#5703,.F.);
#8993=ORIENTED_EDGE('',*,*,#5707,.T.);
#8994=ORIENTED_EDGE('',*,*,#5710,.F.);
#8995=ORIENTED_EDGE('',*,*,#5713,.F.);
#8996=ORIENTED_EDGE('',*,*,#5716,.F.);
#8997=ORIENTED_EDGE('',*,*,#5719,.F.);
#8998=ORIENTED_EDGE('',*,*,#5722,.F.);
#8999=ORIENTED_EDGE('',*,*,#5749,.T.);
#9000=ORIENTED_EDGE('',*,*,#5727,.F.);
#9001=ORIENTED_EDGE('',*,*,#5731,.T.);
#9002=ORIENTED_EDGE('',*,*,#5734,.F.);
#9003=ORIENTED_EDGE('',*,*,#5737,.F.);
#9004=ORIENTED_EDGE('',*,*,#5740,.F.);
#9005=ORIENTED_EDGE('',*,*,#5743,.F.);
#9006=ORIENTED_EDGE('',*,*,#5746,.F.);
#9007=ORIENTED_EDGE('',*,*,#5773,.T.);
#9008=ORIENTED_EDGE('',*,*,#5751,.F.);
#9009=ORIENTED_EDGE('',*,*,#5755,.T.);
#9010=ORIENTED_EDGE('',*,*,#5758,.F.);
#9011=ORIENTED_EDGE('',*,*,#5761,.F.);
#9012=ORIENTED_EDGE('',*,*,#5764,.F.);
#9013=ORIENTED_EDGE('',*,*,#5767,.F.);
#9014=ORIENTED_EDGE('',*,*,#5770,.F.);
#9015=ORIENTED_EDGE('',*,*,#5797,.T.);
#9016=ORIENTED_EDGE('',*,*,#5775,.F.);
#9017=ORIENTED_EDGE('',*,*,#5779,.T.);
#9018=ORIENTED_EDGE('',*,*,#5782,.F.);
#9019=ORIENTED_EDGE('',*,*,#5785,.F.);
#9020=ORIENTED_EDGE('',*,*,#5788,.F.);
#9021=ORIENTED_EDGE('',*,*,#5791,.F.);
#9022=ORIENTED_EDGE('',*,*,#5794,.F.);
#9023=ORIENTED_EDGE('',*,*,#5821,.T.);
#9024=ORIENTED_EDGE('',*,*,#5799,.F.);
#9025=ORIENTED_EDGE('',*,*,#5803,.T.);
#9026=ORIENTED_EDGE('',*,*,#5806,.F.);
#9027=ORIENTED_EDGE('',*,*,#5809,.F.);
#9028=ORIENTED_EDGE('',*,*,#5812,.F.);
#9029=ORIENTED_EDGE('',*,*,#5815,.F.);
#9030=ORIENTED_EDGE('',*,*,#5818,.F.);
#9031=ORIENTED_EDGE('',*,*,#5845,.T.);
#9032=ORIENTED_EDGE('',*,*,#5823,.F.);
#9033=ORIENTED_EDGE('',*,*,#5827,.T.);
#9034=ORIENTED_EDGE('',*,*,#5830,.F.);
#9035=ORIENTED_EDGE('',*,*,#5833,.F.);
#9036=ORIENTED_EDGE('',*,*,#5836,.F.);
#9037=ORIENTED_EDGE('',*,*,#5839,.F.);
#9038=ORIENTED_EDGE('',*,*,#5842,.F.);
#9039=ORIENTED_EDGE('',*,*,#5869,.T.);
#9040=ORIENTED_EDGE('',*,*,#5847,.F.);
#9041=ORIENTED_EDGE('',*,*,#5851,.T.);
#9042=ORIENTED_EDGE('',*,*,#5854,.F.);
#9043=ORIENTED_EDGE('',*,*,#5857,.F.);
#9044=ORIENTED_EDGE('',*,*,#5860,.F.);
#9045=ORIENTED_EDGE('',*,*,#5863,.F.);
#9046=ORIENTED_EDGE('',*,*,#5866,.F.);
#9047=ORIENTED_EDGE('',*,*,#5893,.T.);
#9048=ORIENTED_EDGE('',*,*,#5871,.F.);
#9049=ORIENTED_EDGE('',*,*,#5875,.T.);
#9050=ORIENTED_EDGE('',*,*,#5878,.F.);
#9051=ORIENTED_EDGE('',*,*,#5881,.F.);
#9052=ORIENTED_EDGE('',*,*,#5884,.F.);
#9053=ORIENTED_EDGE('',*,*,#5887,.F.);
#9054=ORIENTED_EDGE('',*,*,#5890,.F.);
#9055=ORIENTED_EDGE('',*,*,#5917,.T.);
#9056=ORIENTED_EDGE('',*,*,#5895,.F.);
#9057=ORIENTED_EDGE('',*,*,#5899,.T.);
#9058=ORIENTED_EDGE('',*,*,#5902,.F.);
#9059=ORIENTED_EDGE('',*,*,#5905,.F.);
#9060=ORIENTED_EDGE('',*,*,#5908,.F.);
#9061=ORIENTED_EDGE('',*,*,#5911,.F.);
#9062=ORIENTED_EDGE('',*,*,#5914,.F.);
#9063=ORIENTED_EDGE('',*,*,#5941,.T.);
#9064=ORIENTED_EDGE('',*,*,#5919,.F.);
#9065=ORIENTED_EDGE('',*,*,#5923,.T.);
#9066=ORIENTED_EDGE('',*,*,#5926,.F.);
#9067=ORIENTED_EDGE('',*,*,#5929,.F.);
#9068=ORIENTED_EDGE('',*,*,#5932,.F.);
#9069=ORIENTED_EDGE('',*,*,#5935,.F.);
#9070=ORIENTED_EDGE('',*,*,#5938,.F.);
#9071=ORIENTED_EDGE('',*,*,#5965,.T.);
#9072=ORIENTED_EDGE('',*,*,#5943,.F.);
#9073=ORIENTED_EDGE('',*,*,#5947,.T.);
#9074=ORIENTED_EDGE('',*,*,#5950,.F.);
#9075=ORIENTED_EDGE('',*,*,#5953,.F.);
#9076=ORIENTED_EDGE('',*,*,#5956,.F.);
#9077=ORIENTED_EDGE('',*,*,#5959,.F.);
#9078=ORIENTED_EDGE('',*,*,#5962,.F.);
#9079=ORIENTED_EDGE('',*,*,#5989,.T.);
#9080=ORIENTED_EDGE('',*,*,#5967,.F.);
#9081=ORIENTED_EDGE('',*,*,#5971,.T.);
#9082=ORIENTED_EDGE('',*,*,#5974,.F.);
#9083=ORIENTED_EDGE('',*,*,#5977,.F.);
#9084=ORIENTED_EDGE('',*,*,#5980,.F.);
#9085=ORIENTED_EDGE('',*,*,#5983,.F.);
#9086=ORIENTED_EDGE('',*,*,#5986,.F.);
#9087=ORIENTED_EDGE('',*,*,#6013,.T.);
#9088=ORIENTED_EDGE('',*,*,#5991,.F.);
#9089=ORIENTED_EDGE('',*,*,#5995,.T.);
#9090=ORIENTED_EDGE('',*,*,#5998,.F.);
#9091=ORIENTED_EDGE('',*,*,#6001,.F.);
#9092=ORIENTED_EDGE('',*,*,#6004,.F.);
#9093=ORIENTED_EDGE('',*,*,#6007,.F.);
#9094=ORIENTED_EDGE('',*,*,#6010,.F.);
#9095=ORIENTED_EDGE('',*,*,#6037,.T.);
#9096=ORIENTED_EDGE('',*,*,#6015,.F.);
#9097=ORIENTED_EDGE('',*,*,#6019,.T.);
#9098=ORIENTED_EDGE('',*,*,#6022,.F.);
#9099=ORIENTED_EDGE('',*,*,#6025,.F.);
#9100=ORIENTED_EDGE('',*,*,#6028,.F.);
#9101=ORIENTED_EDGE('',*,*,#6031,.F.);
#9102=ORIENTED_EDGE('',*,*,#6034,.F.);
#9103=ORIENTED_EDGE('',*,*,#6061,.T.);
#9104=ORIENTED_EDGE('',*,*,#6039,.F.);
#9105=ORIENTED_EDGE('',*,*,#6043,.T.);
#9106=ORIENTED_EDGE('',*,*,#6046,.F.);
#9107=ORIENTED_EDGE('',*,*,#6049,.F.);
#9108=ORIENTED_EDGE('',*,*,#6052,.F.);
#9109=ORIENTED_EDGE('',*,*,#6055,.F.);
#9110=ORIENTED_EDGE('',*,*,#6058,.F.);
#9111=ORIENTED_EDGE('',*,*,#6085,.T.);
#9112=ORIENTED_EDGE('',*,*,#6063,.F.);
#9113=ORIENTED_EDGE('',*,*,#6067,.T.);
#9114=ORIENTED_EDGE('',*,*,#6070,.F.);
#9115=ORIENTED_EDGE('',*,*,#6073,.F.);
#9116=ORIENTED_EDGE('',*,*,#6076,.F.);
#9117=ORIENTED_EDGE('',*,*,#6079,.F.);
#9118=ORIENTED_EDGE('',*,*,#6082,.F.);
#9119=ORIENTED_EDGE('',*,*,#6109,.T.);
#9120=ORIENTED_EDGE('',*,*,#6087,.F.);
#9121=ORIENTED_EDGE('',*,*,#6091,.T.);
#9122=ORIENTED_EDGE('',*,*,#6094,.F.);
#9123=ORIENTED_EDGE('',*,*,#6097,.F.);
#9124=ORIENTED_EDGE('',*,*,#6100,.F.);
#9125=ORIENTED_EDGE('',*,*,#6103,.F.);
#9126=ORIENTED_EDGE('',*,*,#6106,.F.);
#9127=ORIENTED_EDGE('',*,*,#6133,.T.);
#9128=ORIENTED_EDGE('',*,*,#6111,.F.);
#9129=ORIENTED_EDGE('',*,*,#6115,.T.);
#9130=ORIENTED_EDGE('',*,*,#6118,.F.);
#9131=ORIENTED_EDGE('',*,*,#6121,.F.);
#9132=ORIENTED_EDGE('',*,*,#6124,.F.);
#9133=ORIENTED_EDGE('',*,*,#6127,.F.);
#9134=ORIENTED_EDGE('',*,*,#6130,.F.);
#9135=ORIENTED_EDGE('',*,*,#6157,.T.);
#9136=ORIENTED_EDGE('',*,*,#6135,.F.);
#9137=ORIENTED_EDGE('',*,*,#6139,.T.);
#9138=ORIENTED_EDGE('',*,*,#6142,.F.);
#9139=ORIENTED_EDGE('',*,*,#6145,.F.);
#9140=ORIENTED_EDGE('',*,*,#6148,.F.);
#9141=ORIENTED_EDGE('',*,*,#6151,.F.);
#9142=ORIENTED_EDGE('',*,*,#6154,.F.);
#9143=ORIENTED_EDGE('',*,*,#6181,.T.);
#9144=ORIENTED_EDGE('',*,*,#6159,.F.);
#9145=ORIENTED_EDGE('',*,*,#6163,.T.);
#9146=ORIENTED_EDGE('',*,*,#6166,.F.);
#9147=ORIENTED_EDGE('',*,*,#6169,.F.);
#9148=ORIENTED_EDGE('',*,*,#6172,.F.);
#9149=ORIENTED_EDGE('',*,*,#6175,.F.);
#9150=ORIENTED_EDGE('',*,*,#6178,.F.);
#9151=ORIENTED_EDGE('',*,*,#6205,.T.);
#9152=ORIENTED_EDGE('',*,*,#6183,.F.);
#9153=ORIENTED_EDGE('',*,*,#6187,.T.);
#9154=ORIENTED_EDGE('',*,*,#6190,.F.);
#9155=ORIENTED_EDGE('',*,*,#6193,.F.);
#9156=ORIENTED_EDGE('',*,*,#6196,.F.);
#9157=ORIENTED_EDGE('',*,*,#6199,.F.);
#9158=ORIENTED_EDGE('',*,*,#6202,.F.);
#9159=ORIENTED_EDGE('',*,*,#6229,.T.);
#9160=ORIENTED_EDGE('',*,*,#6207,.F.);
#9161=ORIENTED_EDGE('',*,*,#6211,.T.);
#9162=ORIENTED_EDGE('',*,*,#6214,.F.);
#9163=ORIENTED_EDGE('',*,*,#6217,.F.);
#9164=ORIENTED_EDGE('',*,*,#6220,.F.);
#9165=ORIENTED_EDGE('',*,*,#6223,.F.);
#9166=ORIENTED_EDGE('',*,*,#6226,.F.);
#9167=ORIENTED_EDGE('',*,*,#6253,.T.);
#9168=ORIENTED_EDGE('',*,*,#6231,.F.);
#9169=ORIENTED_EDGE('',*,*,#6235,.T.);
#9170=ORIENTED_EDGE('',*,*,#6238,.F.);
#9171=ORIENTED_EDGE('',*,*,#6241,.F.);
#9172=ORIENTED_EDGE('',*,*,#6244,.F.);
#9173=ORIENTED_EDGE('',*,*,#6247,.F.);
#9174=ORIENTED_EDGE('',*,*,#6250,.F.);
#9175=ORIENTED_EDGE('',*,*,#6277,.T.);
#9176=ORIENTED_EDGE('',*,*,#6255,.F.);
#9177=ORIENTED_EDGE('',*,*,#6259,.T.);
#9178=ORIENTED_EDGE('',*,*,#6262,.F.);
#9179=ORIENTED_EDGE('',*,*,#6265,.F.);
#9180=ORIENTED_EDGE('',*,*,#6268,.F.);
#9181=ORIENTED_EDGE('',*,*,#6271,.F.);
#9182=ORIENTED_EDGE('',*,*,#6274,.F.);
#9183=ORIENTED_EDGE('',*,*,#6301,.T.);
#9184=ORIENTED_EDGE('',*,*,#6279,.F.);
#9185=ORIENTED_EDGE('',*,*,#6283,.T.);
#9186=ORIENTED_EDGE('',*,*,#6286,.F.);
#9187=ORIENTED_EDGE('',*,*,#6289,.F.);
#9188=ORIENTED_EDGE('',*,*,#6292,.F.);
#9189=ORIENTED_EDGE('',*,*,#6295,.F.);
#9190=ORIENTED_EDGE('',*,*,#6298,.F.);
#9191=ORIENTED_EDGE('',*,*,#6325,.T.);
#9192=ORIENTED_EDGE('',*,*,#6303,.F.);
#9193=ORIENTED_EDGE('',*,*,#6307,.T.);
#9194=ORIENTED_EDGE('',*,*,#6310,.F.);
#9195=ORIENTED_EDGE('',*,*,#6313,.F.);
#9196=ORIENTED_EDGE('',*,*,#6316,.F.);
#9197=ORIENTED_EDGE('',*,*,#6319,.F.);
#9198=ORIENTED_EDGE('',*,*,#6322,.F.);
#9199=ORIENTED_EDGE('',*,*,#6349,.T.);
#9200=ORIENTED_EDGE('',*,*,#6327,.F.);
#9201=ORIENTED_EDGE('',*,*,#6331,.T.);
#9202=ORIENTED_EDGE('',*,*,#6334,.F.);
#9203=ORIENTED_EDGE('',*,*,#6337,.F.);
#9204=ORIENTED_EDGE('',*,*,#6340,.F.);
#9205=ORIENTED_EDGE('',*,*,#6343,.F.);
#9206=ORIENTED_EDGE('',*,*,#6346,.F.);
#9207=ORIENTED_EDGE('',*,*,#6373,.T.);
#9208=ORIENTED_EDGE('',*,*,#6351,.F.);
#9209=ORIENTED_EDGE('',*,*,#6355,.T.);
#9210=ORIENTED_EDGE('',*,*,#6358,.F.);
#9211=ORIENTED_EDGE('',*,*,#6361,.F.);
#9212=ORIENTED_EDGE('',*,*,#6364,.F.);
#9213=ORIENTED_EDGE('',*,*,#6367,.F.);
#9214=ORIENTED_EDGE('',*,*,#6370,.F.);
#9215=ORIENTED_EDGE('',*,*,#6397,.T.);
#9216=ORIENTED_EDGE('',*,*,#6375,.F.);
#9217=ORIENTED_EDGE('',*,*,#6379,.T.);
#9218=ORIENTED_EDGE('',*,*,#6382,.F.);
#9219=ORIENTED_EDGE('',*,*,#6385,.F.);
#9220=ORIENTED_EDGE('',*,*,#6388,.F.);
#9221=ORIENTED_EDGE('',*,*,#6391,.F.);
#9222=ORIENTED_EDGE('',*,*,#6394,.F.);
#9223=ORIENTED_EDGE('',*,*,#6421,.T.);
#9224=ORIENTED_EDGE('',*,*,#6399,.F.);
#9225=ORIENTED_EDGE('',*,*,#6403,.T.);
#9226=ORIENTED_EDGE('',*,*,#6406,.F.);
#9227=ORIENTED_EDGE('',*,*,#6409,.F.);
#9228=ORIENTED_EDGE('',*,*,#6412,.F.);
#9229=ORIENTED_EDGE('',*,*,#6415,.F.);
#9230=ORIENTED_EDGE('',*,*,#6418,.F.);
#9231=ORIENTED_EDGE('',*,*,#6445,.T.);
#9232=ORIENTED_EDGE('',*,*,#6423,.F.);
#9233=ORIENTED_EDGE('',*,*,#6427,.T.);
#9234=ORIENTED_EDGE('',*,*,#6430,.F.);
#9235=ORIENTED_EDGE('',*,*,#6433,.F.);
#9236=ORIENTED_EDGE('',*,*,#6436,.F.);
#9237=ORIENTED_EDGE('',*,*,#6439,.F.);
#9238=ORIENTED_EDGE('',*,*,#6442,.F.);
#9239=ORIENTED_EDGE('',*,*,#6669,.F.);
#9240=ORIENTED_EDGE('',*,*,#6670,.F.);
#9241=ORIENTED_EDGE('',*,*,#6668,.F.);
#9242=ORIENTED_EDGE('',*,*,#6661,.F.);
#9243=ORIENTED_EDGE('',*,*,#6667,.T.);
#9244=ORIENTED_EDGE('',*,*,#6670,.T.);
#9245=ORIENTED_EDGE('',*,*,#6671,.F.);
#9246=ORIENTED_EDGE('',*,*,#6664,.F.);
#9247=ORIENTED_EDGE('',*,*,#6669,.T.);
#9248=ORIENTED_EDGE('',*,*,#6663,.T.);
#9249=ORIENTED_EDGE('',*,*,#6643,.F.);
#9250=ORIENTED_EDGE('',*,*,#6640,.T.);
#9251=ORIENTED_EDGE('',*,*,#6637,.T.);
#9252=ORIENTED_EDGE('',*,*,#6634,.T.);
#9253=ORIENTED_EDGE('',*,*,#6631,.T.);
#9254=ORIENTED_EDGE('',*,*,#6628,.T.);
#9255=ORIENTED_EDGE('',*,*,#6625,.F.);
#9256=ORIENTED_EDGE('',*,*,#6622,.T.);
#9257=ORIENTED_EDGE('',*,*,#6619,.F.);
#9258=ORIENTED_EDGE('',*,*,#6616,.T.);
#9259=ORIENTED_EDGE('',*,*,#6613,.F.);
#9260=ORIENTED_EDGE('',*,*,#6610,.T.);
#9261=ORIENTED_EDGE('',*,*,#6607,.F.);
#9262=ORIENTED_EDGE('',*,*,#6604,.T.);
#9263=ORIENTED_EDGE('',*,*,#6601,.T.);
#9264=ORIENTED_EDGE('',*,*,#6598,.T.);
#9265=ORIENTED_EDGE('',*,*,#6595,.T.);
#9266=ORIENTED_EDGE('',*,*,#6592,.T.);
#9267=ORIENTED_EDGE('',*,*,#6589,.T.);
#9268=ORIENTED_EDGE('',*,*,#6586,.T.);
#9269=ORIENTED_EDGE('',*,*,#6583,.T.);
#9270=ORIENTED_EDGE('',*,*,#6580,.T.);
#9271=ORIENTED_EDGE('',*,*,#6577,.F.);
#9272=ORIENTED_EDGE('',*,*,#6574,.T.);
#9273=ORIENTED_EDGE('',*,*,#6571,.F.);
#9274=ORIENTED_EDGE('',*,*,#6568,.T.);
#9275=ORIENTED_EDGE('',*,*,#6565,.F.);
#9276=ORIENTED_EDGE('',*,*,#6562,.T.);
#9277=ORIENTED_EDGE('',*,*,#6559,.F.);
#9278=ORIENTED_EDGE('',*,*,#6556,.T.);
#9279=ORIENTED_EDGE('',*,*,#6553,.T.);
#9280=ORIENTED_EDGE('',*,*,#6550,.T.);
#9281=ORIENTED_EDGE('',*,*,#6547,.T.);
#9282=ORIENTED_EDGE('',*,*,#6544,.T.);
#9283=ORIENTED_EDGE('',*,*,#6541,.F.);
#9284=ORIENTED_EDGE('',*,*,#6538,.T.);
#9285=ORIENTED_EDGE('',*,*,#6535,.F.);
#9286=ORIENTED_EDGE('',*,*,#6532,.T.);
#9287=ORIENTED_EDGE('',*,*,#6529,.T.);
#9288=ORIENTED_EDGE('',*,*,#6526,.F.);
#9289=ORIENTED_EDGE('',*,*,#6523,.T.);
#9290=ORIENTED_EDGE('',*,*,#6520,.T.);
#9291=ORIENTED_EDGE('',*,*,#6517,.F.);
#9292=ORIENTED_EDGE('',*,*,#6514,.T.);
#9293=ORIENTED_EDGE('',*,*,#6511,.F.);
#9294=ORIENTED_EDGE('',*,*,#6508,.T.);
#9295=ORIENTED_EDGE('',*,*,#6505,.F.);
#9296=ORIENTED_EDGE('',*,*,#6502,.T.);
#9297=ORIENTED_EDGE('',*,*,#6499,.F.);
#9298=ORIENTED_EDGE('',*,*,#6496,.T.);
#9299=ORIENTED_EDGE('',*,*,#6493,.T.);
#9300=ORIENTED_EDGE('',*,*,#6490,.F.);
#9301=ORIENTED_EDGE('',*,*,#6487,.T.);
#9302=ORIENTED_EDGE('',*,*,#6484,.T.);
#9303=ORIENTED_EDGE('',*,*,#6481,.T.);
#9304=ORIENTED_EDGE('',*,*,#6478,.F.);
#9305=ORIENTED_EDGE('',*,*,#6475,.T.);
#9306=ORIENTED_EDGE('',*,*,#6472,.T.);
#9307=ORIENTED_EDGE('',*,*,#6469,.F.);
#9308=ORIENTED_EDGE('',*,*,#6466,.T.);
#9309=ORIENTED_EDGE('',*,*,#6463,.F.);
#9310=ORIENTED_EDGE('',*,*,#6460,.F.);
#9311=ORIENTED_EDGE('',*,*,#6457,.F.);
#9312=ORIENTED_EDGE('',*,*,#6454,.F.);
#9313=ORIENTED_EDGE('',*,*,#6451,.F.);
#9314=ORIENTED_EDGE('',*,*,#6447,.F.);
#9315=ORIENTED_EDGE('',*,*,#6659,.T.);
#9316=ORIENTED_EDGE('',*,*,#6656,.F.);
#9317=ORIENTED_EDGE('',*,*,#6653,.T.);
#9318=ORIENTED_EDGE('',*,*,#6650,.T.);
#9319=ORIENTED_EDGE('',*,*,#6646,.F.);
#9320=ORIENTED_EDGE('',*,*,#6665,.T.);
#9321=ORIENTED_EDGE('',*,*,#6671,.T.);
#9322=ORIENTED_EDGE('',*,*,#5150,.T.);
#9323=ORIENTED_EDGE('',*,*,#5147,.T.);
#9324=ORIENTED_EDGE('',*,*,#5144,.T.);
#9325=ORIENTED_EDGE('',*,*,#5141,.T.);
#9326=ORIENTED_EDGE('',*,*,#5138,.T.);
#9327=ORIENTED_EDGE('',*,*,#5135,.T.);
#9328=ORIENTED_EDGE('',*,*,#5132,.T.);
#9329=ORIENTED_EDGE('',*,*,#5129,.T.);
#9330=ORIENTED_EDGE('',*,*,#5174,.T.);
#9331=ORIENTED_EDGE('',*,*,#5171,.T.);
#9332=ORIENTED_EDGE('',*,*,#5168,.T.);
#9333=ORIENTED_EDGE('',*,*,#5165,.T.);
#9334=ORIENTED_EDGE('',*,*,#5162,.T.);
#9335=ORIENTED_EDGE('',*,*,#5159,.T.);
#9336=ORIENTED_EDGE('',*,*,#5156,.T.);
#9337=ORIENTED_EDGE('',*,*,#5153,.T.);
#9338=ORIENTED_EDGE('',*,*,#5354,.T.);
#9339=ORIENTED_EDGE('',*,*,#5351,.T.);
#9340=ORIENTED_EDGE('',*,*,#5348,.T.);
#9341=ORIENTED_EDGE('',*,*,#5345,.T.);
#9342=ORIENTED_EDGE('',*,*,#5342,.T.);
#9343=ORIENTED_EDGE('',*,*,#5339,.T.);
#9344=ORIENTED_EDGE('',*,*,#5336,.T.);
#9345=ORIENTED_EDGE('',*,*,#5333,.T.);
#9346=ORIENTED_EDGE('',*,*,#5330,.T.);
#9347=ORIENTED_EDGE('',*,*,#5327,.T.);
#9348=ORIENTED_EDGE('',*,*,#5324,.T.);
#9349=ORIENTED_EDGE('',*,*,#5321,.T.);
#9350=ORIENTED_EDGE('',*,*,#5318,.T.);
#9351=ORIENTED_EDGE('',*,*,#5315,.T.);
#9352=ORIENTED_EDGE('',*,*,#5312,.T.);
#9353=ORIENTED_EDGE('',*,*,#5309,.T.);
#9354=ORIENTED_EDGE('',*,*,#5306,.T.);
#9355=ORIENTED_EDGE('',*,*,#5303,.T.);
#9356=ORIENTED_EDGE('',*,*,#5300,.T.);
#9357=ORIENTED_EDGE('',*,*,#5297,.T.);
#9358=ORIENTED_EDGE('',*,*,#5294,.T.);
#9359=ORIENTED_EDGE('',*,*,#5291,.T.);
#9360=ORIENTED_EDGE('',*,*,#5288,.T.);
#9361=ORIENTED_EDGE('',*,*,#5285,.T.);
#9362=ORIENTED_EDGE('',*,*,#5282,.T.);
#9363=ORIENTED_EDGE('',*,*,#5279,.T.);
#9364=ORIENTED_EDGE('',*,*,#5276,.T.);
#9365=ORIENTED_EDGE('',*,*,#5273,.T.);
#9366=ORIENTED_EDGE('',*,*,#5270,.T.);
#9367=ORIENTED_EDGE('',*,*,#5267,.T.);
#9368=ORIENTED_EDGE('',*,*,#5264,.T.);
#9369=ORIENTED_EDGE('',*,*,#5261,.T.);
#9370=ORIENTED_EDGE('',*,*,#5258,.T.);
#9371=ORIENTED_EDGE('',*,*,#5255,.T.);
#9372=ORIENTED_EDGE('',*,*,#5252,.T.);
#9373=ORIENTED_EDGE('',*,*,#5249,.T.);
#9374=ORIENTED_EDGE('',*,*,#5246,.T.);
#9375=ORIENTED_EDGE('',*,*,#5243,.T.);
#9376=ORIENTED_EDGE('',*,*,#5240,.T.);
#9377=ORIENTED_EDGE('',*,*,#5237,.T.);
#9378=ORIENTED_EDGE('',*,*,#5234,.T.);
#9379=ORIENTED_EDGE('',*,*,#5231,.T.);
#9380=ORIENTED_EDGE('',*,*,#5228,.T.);
#9381=ORIENTED_EDGE('',*,*,#5225,.T.);
#9382=ORIENTED_EDGE('',*,*,#5222,.T.);
#9383=ORIENTED_EDGE('',*,*,#5219,.T.);
#9384=ORIENTED_EDGE('',*,*,#5216,.T.);
#9385=ORIENTED_EDGE('',*,*,#5213,.T.);
#9386=ORIENTED_EDGE('',*,*,#5210,.T.);
#9387=ORIENTED_EDGE('',*,*,#5207,.T.);
#9388=ORIENTED_EDGE('',*,*,#5204,.T.);
#9389=ORIENTED_EDGE('',*,*,#5201,.T.);
#9390=ORIENTED_EDGE('',*,*,#5198,.T.);
#9391=ORIENTED_EDGE('',*,*,#5195,.T.);
#9392=ORIENTED_EDGE('',*,*,#5192,.T.);
#9393=ORIENTED_EDGE('',*,*,#5189,.T.);
#9394=ORIENTED_EDGE('',*,*,#5186,.T.);
#9395=ORIENTED_EDGE('',*,*,#5183,.T.);
#9396=ORIENTED_EDGE('',*,*,#5180,.T.);
#9397=ORIENTED_EDGE('',*,*,#5177,.T.);
#9398=ORIENTED_EDGE('',*,*,#5378,.T.);
#9399=ORIENTED_EDGE('',*,*,#5375,.T.);
#9400=ORIENTED_EDGE('',*,*,#5372,.T.);
#9401=ORIENTED_EDGE('',*,*,#5369,.T.);
#9402=ORIENTED_EDGE('',*,*,#5366,.T.);
#9403=ORIENTED_EDGE('',*,*,#5363,.T.);
#9404=ORIENTED_EDGE('',*,*,#5360,.T.);
#9405=ORIENTED_EDGE('',*,*,#5357,.T.);
#9406=ORIENTED_EDGE('',*,*,#5558,.T.);
#9407=ORIENTED_EDGE('',*,*,#5555,.T.);
#9408=ORIENTED_EDGE('',*,*,#5552,.T.);
#9409=ORIENTED_EDGE('',*,*,#5549,.T.);
#9410=ORIENTED_EDGE('',*,*,#5546,.T.);
#9411=ORIENTED_EDGE('',*,*,#5543,.T.);
#9412=ORIENTED_EDGE('',*,*,#5540,.T.);
#9413=ORIENTED_EDGE('',*,*,#5537,.T.);
#9414=ORIENTED_EDGE('',*,*,#5534,.T.);
#9415=ORIENTED_EDGE('',*,*,#5531,.T.);
#9416=ORIENTED_EDGE('',*,*,#5528,.T.);
#9417=ORIENTED_EDGE('',*,*,#5525,.T.);
#9418=ORIENTED_EDGE('',*,*,#5522,.T.);
#9419=ORIENTED_EDGE('',*,*,#5519,.T.);
#9420=ORIENTED_EDGE('',*,*,#5516,.T.);
#9421=ORIENTED_EDGE('',*,*,#5513,.T.);
#9422=ORIENTED_EDGE('',*,*,#5510,.T.);
#9423=ORIENTED_EDGE('',*,*,#5507,.T.);
#9424=ORIENTED_EDGE('',*,*,#5504,.T.);
#9425=ORIENTED_EDGE('',*,*,#5501,.T.);
#9426=ORIENTED_EDGE('',*,*,#5498,.T.);
#9427=ORIENTED_EDGE('',*,*,#5495,.T.);
#9428=ORIENTED_EDGE('',*,*,#5492,.T.);
#9429=ORIENTED_EDGE('',*,*,#5489,.T.);
#9430=ORIENTED_EDGE('',*,*,#5486,.T.);
#9431=ORIENTED_EDGE('',*,*,#5483,.T.);
#9432=ORIENTED_EDGE('',*,*,#5480,.T.);
#9433=ORIENTED_EDGE('',*,*,#5477,.T.);
#9434=ORIENTED_EDGE('',*,*,#5474,.T.);
#9435=ORIENTED_EDGE('',*,*,#5471,.T.);
#9436=ORIENTED_EDGE('',*,*,#5468,.T.);
#9437=ORIENTED_EDGE('',*,*,#5465,.T.);
#9438=ORIENTED_EDGE('',*,*,#5462,.T.);
#9439=ORIENTED_EDGE('',*,*,#5459,.T.);
#9440=ORIENTED_EDGE('',*,*,#5456,.T.);
#9441=ORIENTED_EDGE('',*,*,#5453,.T.);
#9442=ORIENTED_EDGE('',*,*,#5450,.T.);
#9443=ORIENTED_EDGE('',*,*,#5447,.T.);
#9444=ORIENTED_EDGE('',*,*,#5444,.T.);
#9445=ORIENTED_EDGE('',*,*,#5441,.T.);
#9446=ORIENTED_EDGE('',*,*,#5438,.T.);
#9447=ORIENTED_EDGE('',*,*,#5435,.T.);
#9448=ORIENTED_EDGE('',*,*,#5432,.T.);
#9449=ORIENTED_EDGE('',*,*,#5429,.T.);
#9450=ORIENTED_EDGE('',*,*,#5426,.T.);
#9451=ORIENTED_EDGE('',*,*,#5423,.T.);
#9452=ORIENTED_EDGE('',*,*,#5420,.T.);
#9453=ORIENTED_EDGE('',*,*,#5417,.T.);
#9454=ORIENTED_EDGE('',*,*,#5414,.T.);
#9455=ORIENTED_EDGE('',*,*,#5411,.T.);
#9456=ORIENTED_EDGE('',*,*,#5408,.T.);
#9457=ORIENTED_EDGE('',*,*,#5405,.T.);
#9458=ORIENTED_EDGE('',*,*,#5402,.T.);
#9459=ORIENTED_EDGE('',*,*,#5399,.T.);
#9460=ORIENTED_EDGE('',*,*,#5396,.T.);
#9461=ORIENTED_EDGE('',*,*,#5393,.T.);
#9462=ORIENTED_EDGE('',*,*,#5390,.T.);
#9463=ORIENTED_EDGE('',*,*,#5387,.T.);
#9464=ORIENTED_EDGE('',*,*,#5384,.T.);
#9465=ORIENTED_EDGE('',*,*,#5381,.T.);
#9466=ORIENTED_EDGE('',*,*,#5582,.T.);
#9467=ORIENTED_EDGE('',*,*,#5579,.T.);
#9468=ORIENTED_EDGE('',*,*,#5576,.T.);
#9469=ORIENTED_EDGE('',*,*,#5573,.T.);
#9470=ORIENTED_EDGE('',*,*,#5570,.T.);
#9471=ORIENTED_EDGE('',*,*,#5567,.T.);
#9472=ORIENTED_EDGE('',*,*,#5564,.T.);
#9473=ORIENTED_EDGE('',*,*,#5561,.T.);
#9474=ORIENTED_EDGE('',*,*,#5606,.T.);
#9475=ORIENTED_EDGE('',*,*,#5603,.T.);
#9476=ORIENTED_EDGE('',*,*,#5600,.T.);
#9477=ORIENTED_EDGE('',*,*,#5597,.T.);
#9478=ORIENTED_EDGE('',*,*,#5594,.T.);
#9479=ORIENTED_EDGE('',*,*,#5591,.T.);
#9480=ORIENTED_EDGE('',*,*,#5588,.T.);
#9481=ORIENTED_EDGE('',*,*,#5585,.T.);
#9482=ORIENTED_EDGE('',*,*,#5630,.T.);
#9483=ORIENTED_EDGE('',*,*,#5627,.T.);
#9484=ORIENTED_EDGE('',*,*,#5624,.T.);
#9485=ORIENTED_EDGE('',*,*,#5621,.T.);
#9486=ORIENTED_EDGE('',*,*,#5618,.T.);
#9487=ORIENTED_EDGE('',*,*,#5615,.T.);
#9488=ORIENTED_EDGE('',*,*,#5612,.T.);
#9489=ORIENTED_EDGE('',*,*,#5609,.T.);
#9490=ORIENTED_EDGE('',*,*,#5654,.T.);
#9491=ORIENTED_EDGE('',*,*,#5651,.T.);
#9492=ORIENTED_EDGE('',*,*,#5648,.T.);
#9493=ORIENTED_EDGE('',*,*,#5645,.T.);
#9494=ORIENTED_EDGE('',*,*,#5642,.T.);
#9495=ORIENTED_EDGE('',*,*,#5639,.T.);
#9496=ORIENTED_EDGE('',*,*,#5636,.T.);
#9497=ORIENTED_EDGE('',*,*,#5633,.T.);
#9498=ORIENTED_EDGE('',*,*,#5678,.T.);
#9499=ORIENTED_EDGE('',*,*,#5675,.T.);
#9500=ORIENTED_EDGE('',*,*,#5672,.T.);
#9501=ORIENTED_EDGE('',*,*,#5669,.T.);
#9502=ORIENTED_EDGE('',*,*,#5666,.T.);
#9503=ORIENTED_EDGE('',*,*,#5663,.T.);
#9504=ORIENTED_EDGE('',*,*,#5660,.T.);
#9505=ORIENTED_EDGE('',*,*,#5657,.T.);
#9506=ORIENTED_EDGE('',*,*,#5702,.T.);
#9507=ORIENTED_EDGE('',*,*,#5699,.T.);
#9508=ORIENTED_EDGE('',*,*,#5696,.T.);
#9509=ORIENTED_EDGE('',*,*,#5693,.T.);
#9510=ORIENTED_EDGE('',*,*,#5690,.T.);
#9511=ORIENTED_EDGE('',*,*,#5687,.T.);
#9512=ORIENTED_EDGE('',*,*,#5684,.T.);
#9513=ORIENTED_EDGE('',*,*,#5681,.T.);
#9514=ORIENTED_EDGE('',*,*,#5726,.T.);
#9515=ORIENTED_EDGE('',*,*,#5723,.T.);
#9516=ORIENTED_EDGE('',*,*,#5720,.T.);
#9517=ORIENTED_EDGE('',*,*,#5717,.T.);
#9518=ORIENTED_EDGE('',*,*,#5714,.T.);
#9519=ORIENTED_EDGE('',*,*,#5711,.T.);
#9520=ORIENTED_EDGE('',*,*,#5708,.T.);
#9521=ORIENTED_EDGE('',*,*,#5705,.T.);
#9522=ORIENTED_EDGE('',*,*,#5750,.T.);
#9523=ORIENTED_EDGE('',*,*,#5747,.T.);
#9524=ORIENTED_EDGE('',*,*,#5744,.T.);
#9525=ORIENTED_EDGE('',*,*,#5741,.T.);
#9526=ORIENTED_EDGE('',*,*,#5738,.T.);
#9527=ORIENTED_EDGE('',*,*,#5735,.T.);
#9528=ORIENTED_EDGE('',*,*,#5732,.T.);
#9529=ORIENTED_EDGE('',*,*,#5729,.T.);
#9530=ORIENTED_EDGE('',*,*,#5774,.T.);
#9531=ORIENTED_EDGE('',*,*,#5771,.T.);
#9532=ORIENTED_EDGE('',*,*,#5768,.T.);
#9533=ORIENTED_EDGE('',*,*,#5765,.T.);
#9534=ORIENTED_EDGE('',*,*,#5762,.T.);
#9535=ORIENTED_EDGE('',*,*,#5759,.T.);
#9536=ORIENTED_EDGE('',*,*,#5756,.T.);
#9537=ORIENTED_EDGE('',*,*,#5753,.T.);
#9538=ORIENTED_EDGE('',*,*,#5798,.T.);
#9539=ORIENTED_EDGE('',*,*,#5795,.T.);
#9540=ORIENTED_EDGE('',*,*,#5792,.T.);
#9541=ORIENTED_EDGE('',*,*,#5789,.T.);
#9542=ORIENTED_EDGE('',*,*,#5786,.T.);
#9543=ORIENTED_EDGE('',*,*,#5783,.T.);
#9544=ORIENTED_EDGE('',*,*,#5780,.T.);
#9545=ORIENTED_EDGE('',*,*,#5777,.T.);
#9546=ORIENTED_EDGE('',*,*,#5822,.T.);
#9547=ORIENTED_EDGE('',*,*,#5819,.T.);
#9548=ORIENTED_EDGE('',*,*,#5816,.T.);
#9549=ORIENTED_EDGE('',*,*,#5813,.T.);
#9550=ORIENTED_EDGE('',*,*,#5810,.T.);
#9551=ORIENTED_EDGE('',*,*,#5807,.T.);
#9552=ORIENTED_EDGE('',*,*,#5804,.T.);
#9553=ORIENTED_EDGE('',*,*,#5801,.T.);
#9554=ORIENTED_EDGE('',*,*,#5846,.T.);
#9555=ORIENTED_EDGE('',*,*,#5843,.T.);
#9556=ORIENTED_EDGE('',*,*,#5840,.T.);
#9557=ORIENTED_EDGE('',*,*,#5837,.T.);
#9558=ORIENTED_EDGE('',*,*,#5834,.T.);
#9559=ORIENTED_EDGE('',*,*,#5831,.T.);
#9560=ORIENTED_EDGE('',*,*,#5828,.T.);
#9561=ORIENTED_EDGE('',*,*,#5825,.T.);
#9562=ORIENTED_EDGE('',*,*,#5870,.T.);
#9563=ORIENTED_EDGE('',*,*,#5867,.T.);
#9564=ORIENTED_EDGE('',*,*,#5864,.T.);
#9565=ORIENTED_EDGE('',*,*,#5861,.T.);
#9566=ORIENTED_EDGE('',*,*,#5858,.T.);
#9567=ORIENTED_EDGE('',*,*,#5855,.T.);
#9568=ORIENTED_EDGE('',*,*,#5852,.T.);
#9569=ORIENTED_EDGE('',*,*,#5849,.T.);
#9570=ORIENTED_EDGE('',*,*,#5894,.T.);
#9571=ORIENTED_EDGE('',*,*,#5891,.T.);
#9572=ORIENTED_EDGE('',*,*,#5888,.T.);
#9573=ORIENTED_EDGE('',*,*,#5885,.T.);
#9574=ORIENTED_EDGE('',*,*,#5882,.T.);
#9575=ORIENTED_EDGE('',*,*,#5879,.T.);
#9576=ORIENTED_EDGE('',*,*,#5876,.T.);
#9577=ORIENTED_EDGE('',*,*,#5873,.T.);
#9578=ORIENTED_EDGE('',*,*,#5918,.T.);
#9579=ORIENTED_EDGE('',*,*,#5915,.T.);
#9580=ORIENTED_EDGE('',*,*,#5912,.T.);
#9581=ORIENTED_EDGE('',*,*,#5909,.T.);
#9582=ORIENTED_EDGE('',*,*,#5906,.T.);
#9583=ORIENTED_EDGE('',*,*,#5903,.T.);
#9584=ORIENTED_EDGE('',*,*,#5900,.T.);
#9585=ORIENTED_EDGE('',*,*,#5897,.T.);
#9586=ORIENTED_EDGE('',*,*,#5942,.T.);
#9587=ORIENTED_EDGE('',*,*,#5939,.T.);
#9588=ORIENTED_EDGE('',*,*,#5936,.T.);
#9589=ORIENTED_EDGE('',*,*,#5933,.T.);
#9590=ORIENTED_EDGE('',*,*,#5930,.T.);
#9591=ORIENTED_EDGE('',*,*,#5927,.T.);
#9592=ORIENTED_EDGE('',*,*,#5924,.T.);
#9593=ORIENTED_EDGE('',*,*,#5921,.T.);
#9594=ORIENTED_EDGE('',*,*,#5966,.T.);
#9595=ORIENTED_EDGE('',*,*,#5963,.T.);
#9596=ORIENTED_EDGE('',*,*,#5960,.T.);
#9597=ORIENTED_EDGE('',*,*,#5957,.T.);
#9598=ORIENTED_EDGE('',*,*,#5954,.T.);
#9599=ORIENTED_EDGE('',*,*,#5951,.T.);
#9600=ORIENTED_EDGE('',*,*,#5948,.T.);
#9601=ORIENTED_EDGE('',*,*,#5945,.T.);
#9602=ORIENTED_EDGE('',*,*,#5990,.T.);
#9603=ORIENTED_EDGE('',*,*,#5987,.T.);
#9604=ORIENTED_EDGE('',*,*,#5984,.T.);
#9605=ORIENTED_EDGE('',*,*,#5981,.T.);
#9606=ORIENTED_EDGE('',*,*,#5978,.T.);
#9607=ORIENTED_EDGE('',*,*,#5975,.T.);
#9608=ORIENTED_EDGE('',*,*,#5972,.T.);
#9609=ORIENTED_EDGE('',*,*,#5969,.T.);
#9610=ORIENTED_EDGE('',*,*,#6014,.T.);
#9611=ORIENTED_EDGE('',*,*,#6011,.T.);
#9612=ORIENTED_EDGE('',*,*,#6008,.T.);
#9613=ORIENTED_EDGE('',*,*,#6005,.T.);
#9614=ORIENTED_EDGE('',*,*,#6002,.T.);
#9615=ORIENTED_EDGE('',*,*,#5999,.T.);
#9616=ORIENTED_EDGE('',*,*,#5996,.T.);
#9617=ORIENTED_EDGE('',*,*,#5993,.T.);
#9618=ORIENTED_EDGE('',*,*,#6038,.T.);
#9619=ORIENTED_EDGE('',*,*,#6035,.T.);
#9620=ORIENTED_EDGE('',*,*,#6032,.T.);
#9621=ORIENTED_EDGE('',*,*,#6029,.T.);
#9622=ORIENTED_EDGE('',*,*,#6026,.T.);
#9623=ORIENTED_EDGE('',*,*,#6023,.T.);
#9624=ORIENTED_EDGE('',*,*,#6020,.T.);
#9625=ORIENTED_EDGE('',*,*,#6017,.T.);
#9626=ORIENTED_EDGE('',*,*,#6062,.T.);
#9627=ORIENTED_EDGE('',*,*,#6059,.T.);
#9628=ORIENTED_EDGE('',*,*,#6056,.T.);
#9629=ORIENTED_EDGE('',*,*,#6053,.T.);
#9630=ORIENTED_EDGE('',*,*,#6050,.T.);
#9631=ORIENTED_EDGE('',*,*,#6047,.T.);
#9632=ORIENTED_EDGE('',*,*,#6044,.T.);
#9633=ORIENTED_EDGE('',*,*,#6041,.T.);
#9634=ORIENTED_EDGE('',*,*,#6086,.T.);
#9635=ORIENTED_EDGE('',*,*,#6083,.T.);
#9636=ORIENTED_EDGE('',*,*,#6080,.T.);
#9637=ORIENTED_EDGE('',*,*,#6077,.T.);
#9638=ORIENTED_EDGE('',*,*,#6074,.T.);
#9639=ORIENTED_EDGE('',*,*,#6071,.T.);
#9640=ORIENTED_EDGE('',*,*,#6068,.T.);
#9641=ORIENTED_EDGE('',*,*,#6065,.T.);
#9642=ORIENTED_EDGE('',*,*,#6110,.T.);
#9643=ORIENTED_EDGE('',*,*,#6107,.T.);
#9644=ORIENTED_EDGE('',*,*,#6104,.T.);
#9645=ORIENTED_EDGE('',*,*,#6101,.T.);
#9646=ORIENTED_EDGE('',*,*,#6098,.T.);
#9647=ORIENTED_EDGE('',*,*,#6095,.T.);
#9648=ORIENTED_EDGE('',*,*,#6092,.T.);
#9649=ORIENTED_EDGE('',*,*,#6089,.T.);
#9650=ORIENTED_EDGE('',*,*,#6134,.T.);
#9651=ORIENTED_EDGE('',*,*,#6131,.T.);
#9652=ORIENTED_EDGE('',*,*,#6128,.T.);
#9653=ORIENTED_EDGE('',*,*,#6125,.T.);
#9654=ORIENTED_EDGE('',*,*,#6122,.T.);
#9655=ORIENTED_EDGE('',*,*,#6119,.T.);
#9656=ORIENTED_EDGE('',*,*,#6116,.T.);
#9657=ORIENTED_EDGE('',*,*,#6113,.T.);
#9658=ORIENTED_EDGE('',*,*,#6158,.T.);
#9659=ORIENTED_EDGE('',*,*,#6155,.T.);
#9660=ORIENTED_EDGE('',*,*,#6152,.T.);
#9661=ORIENTED_EDGE('',*,*,#6149,.T.);
#9662=ORIENTED_EDGE('',*,*,#6146,.T.);
#9663=ORIENTED_EDGE('',*,*,#6143,.T.);
#9664=ORIENTED_EDGE('',*,*,#6140,.T.);
#9665=ORIENTED_EDGE('',*,*,#6137,.T.);
#9666=ORIENTED_EDGE('',*,*,#6182,.T.);
#9667=ORIENTED_EDGE('',*,*,#6179,.T.);
#9668=ORIENTED_EDGE('',*,*,#6176,.T.);
#9669=ORIENTED_EDGE('',*,*,#6173,.T.);
#9670=ORIENTED_EDGE('',*,*,#6170,.T.);
#9671=ORIENTED_EDGE('',*,*,#6167,.T.);
#9672=ORIENTED_EDGE('',*,*,#6164,.T.);
#9673=ORIENTED_EDGE('',*,*,#6161,.T.);
#9674=ORIENTED_EDGE('',*,*,#6206,.T.);
#9675=ORIENTED_EDGE('',*,*,#6203,.T.);
#9676=ORIENTED_EDGE('',*,*,#6200,.T.);
#9677=ORIENTED_EDGE('',*,*,#6197,.T.);
#9678=ORIENTED_EDGE('',*,*,#6194,.T.);
#9679=ORIENTED_EDGE('',*,*,#6191,.T.);
#9680=ORIENTED_EDGE('',*,*,#6188,.T.);
#9681=ORIENTED_EDGE('',*,*,#6185,.T.);
#9682=ORIENTED_EDGE('',*,*,#6230,.T.);
#9683=ORIENTED_EDGE('',*,*,#6227,.T.);
#9684=ORIENTED_EDGE('',*,*,#6224,.T.);
#9685=ORIENTED_EDGE('',*,*,#6221,.T.);
#9686=ORIENTED_EDGE('',*,*,#6218,.T.);
#9687=ORIENTED_EDGE('',*,*,#6215,.T.);
#9688=ORIENTED_EDGE('',*,*,#6212,.T.);
#9689=ORIENTED_EDGE('',*,*,#6209,.T.);
#9690=ORIENTED_EDGE('',*,*,#6254,.T.);
#9691=ORIENTED_EDGE('',*,*,#6251,.T.);
#9692=ORIENTED_EDGE('',*,*,#6248,.T.);
#9693=ORIENTED_EDGE('',*,*,#6245,.T.);
#9694=ORIENTED_EDGE('',*,*,#6242,.T.);
#9695=ORIENTED_EDGE('',*,*,#6239,.T.);
#9696=ORIENTED_EDGE('',*,*,#6236,.T.);
#9697=ORIENTED_EDGE('',*,*,#6233,.T.);
#9698=ORIENTED_EDGE('',*,*,#6278,.T.);
#9699=ORIENTED_EDGE('',*,*,#6275,.T.);
#9700=ORIENTED_EDGE('',*,*,#6272,.T.);
#9701=ORIENTED_EDGE('',*,*,#6269,.T.);
#9702=ORIENTED_EDGE('',*,*,#6266,.T.);
#9703=ORIENTED_EDGE('',*,*,#6263,.T.);
#9704=ORIENTED_EDGE('',*,*,#6260,.T.);
#9705=ORIENTED_EDGE('',*,*,#6257,.T.);
#9706=ORIENTED_EDGE('',*,*,#6302,.T.);
#9707=ORIENTED_EDGE('',*,*,#6299,.T.);
#9708=ORIENTED_EDGE('',*,*,#6296,.T.);
#9709=ORIENTED_EDGE('',*,*,#6293,.T.);
#9710=ORIENTED_EDGE('',*,*,#6290,.T.);
#9711=ORIENTED_EDGE('',*,*,#6287,.T.);
#9712=ORIENTED_EDGE('',*,*,#6284,.T.);
#9713=ORIENTED_EDGE('',*,*,#6281,.T.);
#9714=ORIENTED_EDGE('',*,*,#6326,.T.);
#9715=ORIENTED_EDGE('',*,*,#6323,.T.);
#9716=ORIENTED_EDGE('',*,*,#6320,.T.);
#9717=ORIENTED_EDGE('',*,*,#6317,.T.);
#9718=ORIENTED_EDGE('',*,*,#6314,.T.);
#9719=ORIENTED_EDGE('',*,*,#6311,.T.);
#9720=ORIENTED_EDGE('',*,*,#6308,.T.);
#9721=ORIENTED_EDGE('',*,*,#6305,.T.);
#9722=ORIENTED_EDGE('',*,*,#6350,.T.);
#9723=ORIENTED_EDGE('',*,*,#6347,.T.);
#9724=ORIENTED_EDGE('',*,*,#6344,.T.);
#9725=ORIENTED_EDGE('',*,*,#6341,.T.);
#9726=ORIENTED_EDGE('',*,*,#6338,.T.);
#9727=ORIENTED_EDGE('',*,*,#6335,.T.);
#9728=ORIENTED_EDGE('',*,*,#6332,.T.);
#9729=ORIENTED_EDGE('',*,*,#6329,.T.);
#9730=ORIENTED_EDGE('',*,*,#6374,.T.);
#9731=ORIENTED_EDGE('',*,*,#6371,.T.);
#9732=ORIENTED_EDGE('',*,*,#6368,.T.);
#9733=ORIENTED_EDGE('',*,*,#6365,.T.);
#9734=ORIENTED_EDGE('',*,*,#6362,.T.);
#9735=ORIENTED_EDGE('',*,*,#6359,.T.);
#9736=ORIENTED_EDGE('',*,*,#6356,.T.);
#9737=ORIENTED_EDGE('',*,*,#6353,.T.);
#9738=ORIENTED_EDGE('',*,*,#6398,.T.);
#9739=ORIENTED_EDGE('',*,*,#6395,.T.);
#9740=ORIENTED_EDGE('',*,*,#6392,.T.);
#9741=ORIENTED_EDGE('',*,*,#6389,.T.);
#9742=ORIENTED_EDGE('',*,*,#6386,.T.);
#9743=ORIENTED_EDGE('',*,*,#6383,.T.);
#9744=ORIENTED_EDGE('',*,*,#6380,.T.);
#9745=ORIENTED_EDGE('',*,*,#6377,.T.);
#9746=ORIENTED_EDGE('',*,*,#6422,.T.);
#9747=ORIENTED_EDGE('',*,*,#6419,.T.);
#9748=ORIENTED_EDGE('',*,*,#6416,.T.);
#9749=ORIENTED_EDGE('',*,*,#6413,.T.);
#9750=ORIENTED_EDGE('',*,*,#6410,.T.);
#9751=ORIENTED_EDGE('',*,*,#6407,.T.);
#9752=ORIENTED_EDGE('',*,*,#6404,.T.);
#9753=ORIENTED_EDGE('',*,*,#6401,.T.);
#9754=ORIENTED_EDGE('',*,*,#6446,.T.);
#9755=ORIENTED_EDGE('',*,*,#6443,.T.);
#9756=ORIENTED_EDGE('',*,*,#6440,.T.);
#9757=ORIENTED_EDGE('',*,*,#6437,.T.);
#9758=ORIENTED_EDGE('',*,*,#6434,.T.);
#9759=ORIENTED_EDGE('',*,*,#6431,.T.);
#9760=ORIENTED_EDGE('',*,*,#6428,.T.);
#9761=ORIENTED_EDGE('',*,*,#6425,.T.);
#9762=CYLINDRICAL_SURFACE('',#10540,0.500000000000007);
#9763=CYLINDRICAL_SURFACE('',#10544,0.499999999999998);
#9764=CYLINDRICAL_SURFACE('',#10548,0.499999999999972);
#9765=CYLINDRICAL_SURFACE('',#10552,0.499999999999998);
#9766=CYLINDRICAL_SURFACE('',#10556,0.500000000000007);
#9767=CYLINDRICAL_SURFACE('',#10560,0.499999999999998);
#9768=CYLINDRICAL_SURFACE('',#10564,0.500000000000007);
#9769=CYLINDRICAL_SURFACE('',#10568,0.499999999999998);
#9770=CYLINDRICAL_SURFACE('',#10573,0.499999999999998);
#9771=CYLINDRICAL_SURFACE('',#10577,0.500000000000007);
#9772=CYLINDRICAL_SURFACE('',#10581,0.499999999999998);
#9773=CYLINDRICAL_SURFACE('',#10585,0.500000000000007);
#9774=CYLINDRICAL_SURFACE('',#10589,0.499999999999989);
#9775=CYLINDRICAL_SURFACE('',#10594,0.500000000000007);
#9776=CYLINDRICAL_SURFACE('',#10599,0.499999999999998);
#9777=CYLINDRICAL_SURFACE('',#10603,0.500000000000007);
#9778=CYLINDRICAL_SURFACE('',#10608,0.499999999999998);
#9779=CYLINDRICAL_SURFACE('',#10613,0.500000000000007);
#9780=CYLINDRICAL_SURFACE('',#10617,0.499999999999998);
#9781=CYLINDRICAL_SURFACE('',#10621,0.500000000000007);
#9782=CYLINDRICAL_SURFACE('',#10625,0.499999999999989);
#9783=CYLINDRICAL_SURFACE('',#10629,0.500000000000007);
#9784=CYLINDRICAL_SURFACE('',#10633,0.500000000000007);
#9785=CYLINDRICAL_SURFACE('',#10638,0.499999999999998);
#9786=CYLINDRICAL_SURFACE('',#10643,0.500000000000007);
#9787=CYLINDRICAL_SURFACE('',#10647,0.499999999999989);
#9788=CYLINDRICAL_SURFACE('',#10653,0.499999999999998);
#9789=CYLINDRICAL_SURFACE('',#10657,0.500000000000007);
#9790=CYLINDRICAL_SURFACE('',#10663,0.500000000000007);
#9791=CYLINDRICAL_SURFACE('',#10667,0.499999999999989);
#9792=CYLINDRICAL_SURFACE('',#10672,0.499999999999989);
#9793=CYLINDRICAL_SURFACE('',#10677,0.499999999999998);
#9794=CYLINDRICAL_SURFACE('',#10680,0.500000000000007);
#9795=CYLINDRICAL_SURFACE('',#10684,0.499999999999998);
#9796=CYLINDRICAL_SURFACE('',#10688,0.500000000000007);
#9797=CYLINDRICAL_SURFACE('',#10692,0.499999999999998);
#9798=CYLINDRICAL_SURFACE('',#10698,0.499999999999998);
#9799=CYLINDRICAL_SURFACE('',#10702,0.499999999999998);
#9800=CYLINDRICAL_SURFACE('',#10707,0.499999999999998);
#9801=CYLINDRICAL_SURFACE('',#10712,0.500000000000007);
#9802=CYLINDRICAL_SURFACE('',#10716,0.499999999999998);
#9803=CYLINDRICAL_SURFACE('',#10720,0.499999999999998);
#9804=CYLINDRICAL_SURFACE('',#10724,0.499999999999998);
#9805=CYLINDRICAL_SURFACE('',#10728,0.499999999999998);
#9806=CYLINDRICAL_SURFACE('',#10732,0.499999999999998);
#9807=CYLINDRICAL_SURFACE('',#10737,0.499999999999998);
#9808=CYLINDRICAL_SURFACE('',#10742,0.500000000000007);
#9809=CYLINDRICAL_SURFACE('',#10746,0.499999999999998);
#9810=CYLINDRICAL_SURFACE('',#10752,0.499999999999998);
#9811=CYLINDRICAL_SURFACE('',#10756,0.499999999999989);
#9812=CYLINDRICAL_SURFACE('',#10762,0.500000000000007);
#9813=CYLINDRICAL_SURFACE('',#10766,0.500000000000007);
#9814=CYLINDRICAL_SURFACE('',#10771,0.500000000000007);
#9815=CYLINDRICAL_SURFACE('',#10776,0.499999999999998);
#9816=CYLINDRICAL_SURFACE('',#10780,0.499999999999998);
#9817=CYLINDRICAL_SURFACE('',#10784,0.500000000000007);
#9818=CYLINDRICAL_SURFACE('',#10788,0.499999999999998);
#9819=CYLINDRICAL_SURFACE('',#10792,0.499999999999989);
#9820=CYLINDRICAL_SURFACE('',#10796,0.500000000000007);
#9821=CYLINDRICAL_SURFACE('',#10801,0.499999999999989);
#9822=CYLINDRICAL_SURFACE('',#10804,0.500000000000007);
#9823=CYLINDRICAL_SURFACE('',#10808,0.499999999999998);
#9824=CYLINDRICAL_SURFACE('',#10812,0.499999999999998);
#9825=CYLINDRICAL_SURFACE('',#10816,0.499999999999998);
#9826=CYLINDRICAL_SURFACE('',#10820,0.500000000000007);
#9827=CYLINDRICAL_SURFACE('',#10824,0.499999999999998);
#9828=CYLINDRICAL_SURFACE('',#10828,0.499999999999998);
#9829=CYLINDRICAL_SURFACE('',#10832,0.499999999999998);
#9830=CYLINDRICAL_SURFACE('',#10836,0.500000000000007);
#9831=CYLINDRICAL_SURFACE('',#10840,0.499999999999998);
#9832=CYLINDRICAL_SURFACE('',#10844,0.500000000000007);
#9833=CYLINDRICAL_SURFACE('',#10848,0.499999999999998);
#9834=CYLINDRICAL_SURFACE('',#10852,0.500000000000007);
#9835=CYLINDRICAL_SURFACE('',#10856,0.499999999999998);
#9836=CYLINDRICAL_SURFACE('',#10860,0.500000000000007);
#9837=CYLINDRICAL_SURFACE('',#10864,0.499999999999998);
#9838=CYLINDRICAL_SURFACE('',#10868,0.500000000000007);
#9839=CYLINDRICAL_SURFACE('',#10872,0.499999999999998);
#9840=CYLINDRICAL_SURFACE('',#10876,0.500000000000007);
#9841=CYLINDRICAL_SURFACE('',#10880,0.499999999999998);
#9842=CYLINDRICAL_SURFACE('',#10884,0.500000000000007);
#9843=CYLINDRICAL_SURFACE('',#10888,0.499999999999998);
#9844=CYLINDRICAL_SURFACE('',#10892,0.500000000000007);
#9845=CYLINDRICAL_SURFACE('',#10896,0.499999999999998);
#9846=CYLINDRICAL_SURFACE('',#10900,0.500000000000007);
#9847=CYLINDRICAL_SURFACE('',#10904,0.499999999999998);
#9848=CYLINDRICAL_SURFACE('',#10908,0.500000000000007);
#9849=CYLINDRICAL_SURFACE('',#10912,0.499999999999998);
#9850=CYLINDRICAL_SURFACE('',#10916,0.500000000000007);
#9851=CYLINDRICAL_SURFACE('',#10920,0.499999999999998);
#9852=CYLINDRICAL_SURFACE('',#10924,0.500000000000007);
#9853=CYLINDRICAL_SURFACE('',#10928,0.499999999999998);
#9854=CYLINDRICAL_SURFACE('',#10932,0.500000000000007);
#9855=CYLINDRICAL_SURFACE('',#10936,0.499999999999998);
#9856=CYLINDRICAL_SURFACE('',#10940,0.499999999999989);
#9857=CYLINDRICAL_SURFACE('',#10944,0.499999999999998);
#9858=CYLINDRICAL_SURFACE('',#10948,0.499999999999989);
#9859=CYLINDRICAL_SURFACE('',#10952,0.499999999999998);
#9860=CYLINDRICAL_SURFACE('',#10956,0.499999999999998);
#9861=CYLINDRICAL_SURFACE('',#10960,0.499999999999998);
#9862=CYLINDRICAL_SURFACE('',#10964,0.499999999999998);
#9863=CYLINDRICAL_SURFACE('',#10968,0.499999999999998);
#9864=CYLINDRICAL_SURFACE('',#10972,0.499999999999998);
#9865=CYLINDRICAL_SURFACE('',#10976,0.499999999999998);
#9866=CYLINDRICAL_SURFACE('',#10980,0.499999999999998);
#9867=CYLINDRICAL_SURFACE('',#10984,0.499999999999998);
#9868=CYLINDRICAL_SURFACE('',#10988,0.500000000000003);
#9869=CYLINDRICAL_SURFACE('',#10992,0.499999999999998);
#9870=CYLINDRICAL_SURFACE('',#10996,0.500000000000003);
#9871=CYLINDRICAL_SURFACE('',#11000,0.499999999999998);
#9872=CYLINDRICAL_SURFACE('',#11004,0.5);
#9873=CYLINDRICAL_SURFACE('',#11008,0.499999999999998);
#9874=CYLINDRICAL_SURFACE('',#11012,0.500000000000007);
#9875=CYLINDRICAL_SURFACE('',#11016,0.500000000000003);
#9876=CYLINDRICAL_SURFACE('',#11020,0.499999999999972);
#9877=CYLINDRICAL_SURFACE('',#11024,0.499999999999998);
#9878=CYLINDRICAL_SURFACE('',#11028,0.500000000000007);
#9879=CYLINDRICAL_SURFACE('',#11032,0.500000000000003);
#9880=CYLINDRICAL_SURFACE('',#11036,0.499999999999972);
#9881=CYLINDRICAL_SURFACE('',#11040,0.499999999999998);
#9882=CYLINDRICAL_SURFACE('',#11044,0.500000000000007);
#9883=CYLINDRICAL_SURFACE('',#11048,0.500000000000003);
#9884=CYLINDRICAL_SURFACE('',#11052,0.500000000000007);
#9885=CYLINDRICAL_SURFACE('',#11056,0.499999999999998);
#9886=CYLINDRICAL_SURFACE('',#11060,0.500000000000007);
#9887=CYLINDRICAL_SURFACE('',#11064,0.500000000000003);
#9888=CYLINDRICAL_SURFACE('',#11068,0.500000000000007);
#9889=CYLINDRICAL_SURFACE('',#11072,0.499999999999998);
#9890=CYLINDRICAL_SURFACE('',#11076,0.499999999999989);
#9891=CYLINDRICAL_SURFACE('',#11080,0.500000000000003);
#9892=CYLINDRICAL_SURFACE('',#11084,0.500000000000007);
#9893=CYLINDRICAL_SURFACE('',#11088,0.499999999999998);
#9894=CYLINDRICAL_SURFACE('',#11092,0.500000000000007);
#9895=CYLINDRICAL_SURFACE('',#11096,0.500000000000003);
#9896=CYLINDRICAL_SURFACE('',#11100,0.500000000000007);
#9897=CYLINDRICAL_SURFACE('',#11104,0.499999999999998);
#9898=CYLINDRICAL_SURFACE('',#11108,0.500000000000007);
#9899=CYLINDRICAL_SURFACE('',#11112,0.500000000000003);
#9900=CYLINDRICAL_SURFACE('',#11116,0.500000000000007);
#9901=CYLINDRICAL_SURFACE('',#11120,0.499999999999998);
#9902=CYLINDRICAL_SURFACE('',#11124,0.500000000000007);
#9903=CYLINDRICAL_SURFACE('',#11128,0.500000000000003);
#9904=CYLINDRICAL_SURFACE('',#11132,0.499999999999989);
#9905=CYLINDRICAL_SURFACE('',#11136,0.499999999999998);
#9906=CYLINDRICAL_SURFACE('',#11140,0.499999999999998);
#9907=CYLINDRICAL_SURFACE('',#11144,0.500000000000003);
#9908=CYLINDRICAL_SURFACE('',#11148,0.499999999999998);
#9909=CYLINDRICAL_SURFACE('',#11152,0.499999999999998);
#9910=CYLINDRICAL_SURFACE('',#11156,0.499999999999998);
#9911=CYLINDRICAL_SURFACE('',#11160,0.500000000000003);
#9912=CYLINDRICAL_SURFACE('',#11164,0.499999999999998);
#9913=CYLINDRICAL_SURFACE('',#11168,0.499999999999998);
#9914=CYLINDRICAL_SURFACE('',#11172,0.500000000000003);
#9915=CYLINDRICAL_SURFACE('',#11176,0.500000000000003);
#9916=CYLINDRICAL_SURFACE('',#11180,0.499999999999998);
#9917=CYLINDRICAL_SURFACE('',#11184,0.499999999999998);
#9918=CYLINDRICAL_SURFACE('',#11188,0.499999999999998);
#9919=CYLINDRICAL_SURFACE('',#11192,0.500000000000003);
#9920=CYLINDRICAL_SURFACE('',#11196,0.5);
#9921=CYLINDRICAL_SURFACE('',#11200,0.499999999999998);
#9922=CYLINDRICAL_SURFACE('',#11204,0.500000000000007);
#9923=CYLINDRICAL_SURFACE('',#11208,0.499999999999998);
#9924=CYLINDRICAL_SURFACE('',#11212,0.500000000000007);
#9925=CYLINDRICAL_SURFACE('',#11216,0.5);
#9926=CYLINDRICAL_SURFACE('',#11220,0.499999999999972);
#9927=CYLINDRICAL_SURFACE('',#11224,0.499999999999998);
#9928=CYLINDRICAL_SURFACE('',#11228,0.500000000000007);
#9929=CYLINDRICAL_SURFACE('',#11232,0.5);
#9930=CYLINDRICAL_SURFACE('',#11236,0.500000000000007);
#9931=CYLINDRICAL_SURFACE('',#11240,0.499999999999998);
#9932=CYLINDRICAL_SURFACE('',#11244,0.500000000000007);
#9933=CYLINDRICAL_SURFACE('',#11248,0.5);
#9934=CYLINDRICAL_SURFACE('',#11252,0.500000000000007);
#9935=CYLINDRICAL_SURFACE('',#11256,0.499999999999998);
#9936=CYLINDRICAL_SURFACE('',#11260,0.500000000000007);
#9937=CYLINDRICAL_SURFACE('',#11264,0.5);
#9938=CYLINDRICAL_SURFACE('',#11268,0.500000000000007);
#9939=CYLINDRICAL_SURFACE('',#11272,0.499999999999998);
#9940=CYLINDRICAL_SURFACE('',#11276,0.500000000000007);
#9941=CYLINDRICAL_SURFACE('',#11280,0.5);
#9942=CYLINDRICAL_SURFACE('',#11284,0.500000000000007);
#9943=CYLINDRICAL_SURFACE('',#11288,0.499999999999998);
#9944=CYLINDRICAL_SURFACE('',#11292,0.500000000000007);
#9945=CYLINDRICAL_SURFACE('',#11296,0.5);
#9946=CYLINDRICAL_SURFACE('',#11300,0.500000000000007);
#9947=CYLINDRICAL_SURFACE('',#11304,0.499999999999998);
#9948=CYLINDRICAL_SURFACE('',#11308,0.499999999999989);
#9949=CYLINDRICAL_SURFACE('',#11312,0.5);
#9950=CYLINDRICAL_SURFACE('',#11316,0.499999999999989);
#9951=CYLINDRICAL_SURFACE('',#11320,0.499999999999998);
#9952=CYLINDRICAL_SURFACE('',#11324,0.499999999999998);
#9953=CYLINDRICAL_SURFACE('',#11328,0.5);
#9954=CYLINDRICAL_SURFACE('',#11332,0.499999999999998);
#9955=CYLINDRICAL_SURFACE('',#11336,0.499999999999998);
#9956=CYLINDRICAL_SURFACE('',#11340,0.499999999999998);
#9957=CYLINDRICAL_SURFACE('',#11344,0.5);
#9958=CYLINDRICAL_SURFACE('',#11348,0.499999999999998);
#9959=CYLINDRICAL_SURFACE('',#11352,0.499999999999998);
#9960=CYLINDRICAL_SURFACE('',#11356,0.499999999999998);
#9961=CYLINDRICAL_SURFACE('',#11360,0.5);
#9962=CYLINDRICAL_SURFACE('',#11364,0.500000000000003);
#9963=CYLINDRICAL_SURFACE('',#11368,0.499999999999998);
#9964=CYLINDRICAL_SURFACE('',#11372,0.499999999999998);
#9965=CYLINDRICAL_SURFACE('',#11376,0.5);
#9966=CYLINDRICAL_SURFACE('',#11380,0.499999999999998);
#9967=CYLINDRICAL_SURFACE('',#11384,0.499999999999998);
#9968=CYLINDRICAL_SURFACE('',#11388,0.5);
#9969=CYLINDRICAL_SURFACE('',#11392,0.5);
#9970=CYLINDRICAL_SURFACE('',#11397,1.00000000000006);
#9971=CYLINDRICAL_SURFACE('',#11401,1.00000000000005);
#9972=CYLINDRICAL_SURFACE('',#11405,1.00000000000001);
#9973=CYLINDRICAL_SURFACE('',#11409,1.00000000000001);
#9974=CYLINDRICAL_SURFACE('',#11413,1.00000000000001);
#9975=CYLINDRICAL_SURFACE('',#11417,1.00000000000002);
#9976=CYLINDRICAL_SURFACE('',#11421,0.999999999999996);
#9977=CYLINDRICAL_SURFACE('',#11425,0.999999999999999);
#9978=CYLINDRICAL_SURFACE('',#11429,0.999999999999996);
#9979=CYLINDRICAL_SURFACE('',#11433,0.999999999999996);
#9980=CYLINDRICAL_SURFACE('',#11437,0.999999999999999);
#9981=CYLINDRICAL_SURFACE('',#11441,0.999999999999996);
#9982=CYLINDRICAL_SURFACE('',#11445,0.999999999999996);
#9983=CYLINDRICAL_SURFACE('',#11449,0.999999999999992);
#9984=CYLINDRICAL_SURFACE('',#11453,2.);
#9985=CYLINDRICAL_SURFACE('',#11457,2.);
#9986=CYLINDRICAL_SURFACE('',#11461,0.999999999999952);
#9987=CYLINDRICAL_SURFACE('',#11465,1.00000000000001);
#9988=CYLINDRICAL_SURFACE('',#11469,0.999999999999996);
#9989=CYLINDRICAL_SURFACE('',#11473,0.999999999999996);
#9990=CYLINDRICAL_SURFACE('',#11477,0.999999999999996);
#9991=CYLINDRICAL_SURFACE('',#11481,0.999999999999996);
#9992=CYLINDRICAL_SURFACE('',#11485,1.00000000000001);
#9993=CYLINDRICAL_SURFACE('',#11489,0.999999999999766);
#9994=CYLINDRICAL_SURFACE('',#11493,1.00000000000005);
#9995=CYLINDRICAL_SURFACE('',#11497,1.00000000000005);
#9996=CYLINDRICAL_SURFACE('',#11501,1.00000000000005);
#9997=CYLINDRICAL_SURFACE('',#11505,1.00000000000001);
#9998=CYLINDRICAL_SURFACE('',#11509,1.00000000000005);
#9999=CYLINDRICAL_SURFACE('',#11513,1.00000000000005);
#10000=CYLINDRICAL_SURFACE('',#11517,1.00000000000005);
#10001=CYLINDRICAL_SURFACE('',#11521,0.999999999999996);
#10002=CYLINDRICAL_SURFACE('',#11525,1.99999999999999);
#10003=CYLINDRICAL_SURFACE('',#11528,2.00000000000006);
#10004=CYLINDRICAL_SURFACE('',#11532,1.00000000000001);
#10005=CYLINDRICAL_SURFACE('',#11536,1.00000000000001);
#10006=CYLINDRICAL_SURFACE('',#11543,1.99999999999998);
#10007=ADVANCED_FACE('',(#379),#9762,.F.);
#10008=ADVANCED_FACE('',(#380),#107,.T.);
#10009=ADVANCED_FACE('',(#381),#9763,.F.);
#10010=ADVANCED_FACE('',(#382),#108,.T.);
#10011=ADVANCED_FACE('',(#383),#9764,.F.);
#10012=ADVANCED_FACE('',(#384),#109,.T.);
#10013=ADVANCED_FACE('',(#385),#9765,.F.);
#10014=ADVANCED_FACE('',(#386),#110,.T.);
#10015=ADVANCED_FACE('',(#387),#9766,.F.);
#10016=ADVANCED_FACE('',(#388),#111,.T.);
#10017=ADVANCED_FACE('',(#389),#9767,.F.);
#10018=ADVANCED_FACE('',(#390),#112,.T.);
#10019=ADVANCED_FACE('',(#391),#9768,.F.);
#10020=ADVANCED_FACE('',(#392),#113,.T.);
#10021=ADVANCED_FACE('',(#393),#9769,.F.);
#10022=ADVANCED_FACE('',(#394),#114,.T.);
#10023=ADVANCED_FACE('',(#395),#115,.T.);
#10024=ADVANCED_FACE('',(#396),#9770,.F.);
#10025=ADVANCED_FACE('',(#397),#116,.T.);
#10026=ADVANCED_FACE('',(#398),#9771,.T.);
#10027=ADVANCED_FACE('',(#399),#117,.T.);
#10028=ADVANCED_FACE('',(#400),#9772,.F.);
#10029=ADVANCED_FACE('',(#401),#118,.T.);
#10030=ADVANCED_FACE('',(#402),#9773,.F.);
#10031=ADVANCED_FACE('',(#403),#119,.T.);
#10032=ADVANCED_FACE('',(#404),#9774,.T.);
#10033=ADVANCED_FACE('',(#405),#120,.T.);
#10034=ADVANCED_FACE('',(#406),#121,.T.);
#10035=ADVANCED_FACE('',(#407),#9775,.T.);
#10036=ADVANCED_FACE('',(#408),#122,.T.);
#10037=ADVANCED_FACE('',(#409),#123,.T.);
#10038=ADVANCED_FACE('',(#410),#9776,.F.);
#10039=ADVANCED_FACE('',(#411),#124,.T.);
#10040=ADVANCED_FACE('',(#412),#9777,.F.);
#10041=ADVANCED_FACE('',(#413),#125,.T.);
#10042=ADVANCED_FACE('',(#414),#126,.T.);
#10043=ADVANCED_FACE('',(#415),#9778,.T.);
#10044=ADVANCED_FACE('',(#416),#127,.T.);
#10045=ADVANCED_FACE('',(#417),#128,.T.);
#10046=ADVANCED_FACE('',(#418),#9779,.T.);
#10047=ADVANCED_FACE('',(#419),#129,.T.);
#10048=ADVANCED_FACE('',(#420),#9780,.F.);
#10049=ADVANCED_FACE('',(#421),#130,.T.);
#10050=ADVANCED_FACE('',(#422),#9781,.F.);
#10051=ADVANCED_FACE('',(#423),#131,.T.);
#10052=ADVANCED_FACE('',(#424),#9782,.T.);
#10053=ADVANCED_FACE('',(#425),#132,.T.);
#10054=ADVANCED_FACE('',(#426),#9783,.F.);
#10055=ADVANCED_FACE('',(#427),#133,.T.);
#10056=ADVANCED_FACE('',(#428),#9784,.T.);
#10057=ADVANCED_FACE('',(#429),#134,.T.);
#10058=ADVANCED_FACE('',(#430),#135,.T.);
#10059=ADVANCED_FACE('',(#431),#9785,.F.);
#10060=ADVANCED_FACE('',(#432),#136,.T.);
#10061=ADVANCED_FACE('',(#433),#137,.T.);
#10062=ADVANCED_FACE('',(#434),#9786,.F.);
#10063=ADVANCED_FACE('',(#435),#138,.T.);
#10064=ADVANCED_FACE('',(#436),#9787,.F.);
#10065=ADVANCED_FACE('',(#437),#139,.T.);
#10066=ADVANCED_FACE('',(#438),#140,.T.);
#10067=ADVANCED_FACE('',(#439),#141,.T.);
#10068=ADVANCED_FACE('',(#440),#9788,.F.);
#10069=ADVANCED_FACE('',(#441),#142,.T.);
#10070=ADVANCED_FACE('',(#442),#9789,.F.);
#10071=ADVANCED_FACE('',(#443),#143,.T.);
#10072=ADVANCED_FACE('',(#444),#144,.T.);
#10073=ADVANCED_FACE('',(#445),#145,.T.);
#10074=ADVANCED_FACE('',(#446),#9790,.F.);
#10075=ADVANCED_FACE('',(#447),#146,.T.);
#10076=ADVANCED_FACE('',(#448),#9791,.F.);
#10077=ADVANCED_FACE('',(#449),#147,.T.);
#10078=ADVANCED_FACE('',(#450),#148,.T.);
#10079=ADVANCED_FACE('',(#451),#9792,.F.);
#10080=ADVANCED_FACE('',(#452),#149,.T.);
#10081=ADVANCED_FACE('',(#453),#150,.T.);
#10082=ADVANCED_FACE('',(#454),#9793,.T.);
#10083=ADVANCED_FACE('',(#455),#9794,.F.);
#10084=ADVANCED_FACE('',(#456),#151,.T.);
#10085=ADVANCED_FACE('',(#457),#9795,.F.);
#10086=ADVANCED_FACE('',(#458),#152,.T.);
#10087=ADVANCED_FACE('',(#459),#9796,.F.);
#10088=ADVANCED_FACE('',(#460),#153,.T.);
#10089=ADVANCED_FACE('',(#461),#9797,.F.);
#10090=ADVANCED_FACE('',(#462),#154,.T.);
#10091=ADVANCED_FACE('',(#463),#155,.T.);
#10092=ADVANCED_FACE('',(#464),#156,.T.);
#10093=ADVANCED_FACE('',(#465),#9798,.F.);
#10094=ADVANCED_FACE('',(#466),#157,.T.);
#10095=ADVANCED_FACE('',(#467),#9799,.F.);
#10096=ADVANCED_FACE('',(#468),#158,.T.);
#10097=ADVANCED_FACE('',(#469),#159,.T.);
#10098=ADVANCED_FACE('',(#470),#9800,.T.);
#10099=ADVANCED_FACE('',(#471),#160,.T.);
#10100=ADVANCED_FACE('',(#472),#161,.T.);
#10101=ADVANCED_FACE('',(#473),#9801,.T.);
#10102=ADVANCED_FACE('',(#474),#162,.T.);
#10103=ADVANCED_FACE('',(#475),#9802,.F.);
#10104=ADVANCED_FACE('',(#476),#163,.T.);
#10105=ADVANCED_FACE('',(#477),#9803,.F.);
#10106=ADVANCED_FACE('',(#478),#164,.T.);
#10107=ADVANCED_FACE('',(#479),#9804,.T.);
#10108=ADVANCED_FACE('',(#480),#165,.T.);
#10109=ADVANCED_FACE('',(#481),#9805,.F.);
#10110=ADVANCED_FACE('',(#482),#166,.T.);
#10111=ADVANCED_FACE('',(#483),#9806,.T.);
#10112=ADVANCED_FACE('',(#484),#167,.T.);
#10113=ADVANCED_FACE('',(#485),#168,.T.);
#10114=ADVANCED_FACE('',(#486),#9807,.F.);
#10115=ADVANCED_FACE('',(#487),#169,.T.);
#10116=ADVANCED_FACE('',(#488),#170,.T.);
#10117=ADVANCED_FACE('',(#489),#9808,.F.);
#10118=ADVANCED_FACE('',(#490),#171,.T.);
#10119=ADVANCED_FACE('',(#491),#9809,.F.);
#10120=ADVANCED_FACE('',(#492),#172,.T.);
#10121=ADVANCED_FACE('',(#493),#173,.T.);
#10122=ADVANCED_FACE('',(#494),#174,.T.);
#10123=ADVANCED_FACE('',(#495),#9810,.F.);
#10124=ADVANCED_FACE('',(#496),#175,.T.);
#10125=ADVANCED_FACE('',(#497),#9811,.F.);
#10126=ADVANCED_FACE('',(#498),#176,.T.);
#10127=ADVANCED_FACE('',(#499),#177,.T.);
#10128=ADVANCED_FACE('',(#500),#178,.T.);
#10129=ADVANCED_FACE('',(#501),#9812,.F.);
#10130=ADVANCED_FACE('',(#502),#179,.T.);
#10131=ADVANCED_FACE('',(#503),#9813,.F.);
#10132=ADVANCED_FACE('',(#504),#180,.T.);
#10133=ADVANCED_FACE('',(#505),#181,.T.);
#10134=ADVANCED_FACE('',(#506),#9814,.F.);
#10135=ADVANCED_FACE('',(#507),#182,.T.);
#10136=ADVANCED_FACE('',(#508),#183,.T.);
#10137=ADVANCED_FACE('',(#509),#9815,.T.);
#10138=ADVANCED_FACE('',(#510),#184,.T.);
#10139=ADVANCED_FACE('',(#511),#9816,.F.);
#10140=ADVANCED_FACE('',(#512),#185,.T.);
#10141=ADVANCED_FACE('',(#513),#9817,.T.);
#10142=ADVANCED_FACE('',(#514),#186,.T.);
#10143=ADVANCED_FACE('',(#515),#9818,.F.);
#10144=ADVANCED_FACE('',(#516),#187,.T.);
#10145=ADVANCED_FACE('',(#517),#9819,.F.);
#10146=ADVANCED_FACE('',(#518),#188,.T.);
#10147=ADVANCED_FACE('',(#519),#9820,.T.);
#10148=ADVANCED_FACE('',(#520),#189,.T.);
#10149=ADVANCED_FACE('',(#521),#190,.T.);
#10150=ADVANCED_FACE('',(#522),#9821,.T.);
#10151=ADVANCED_FACE('',(#523),#9822,.F.);
#10152=ADVANCED_FACE('',(#524),#191,.T.);
#10153=ADVANCED_FACE('',(#525),#9823,.F.);
#10154=ADVANCED_FACE('',(#526),#192,.T.);
#10155=ADVANCED_FACE('',(#527),#9824,.F.);
#10156=ADVANCED_FACE('',(#528),#193,.T.);
#10157=ADVANCED_FACE('',(#529),#9825,.F.);
#10158=ADVANCED_FACE('',(#530),#194,.T.);
#10159=ADVANCED_FACE('',(#531),#9826,.F.);
#10160=ADVANCED_FACE('',(#532),#195,.T.);
#10161=ADVANCED_FACE('',(#533),#9827,.F.);
#10162=ADVANCED_FACE('',(#534),#196,.T.);
#10163=ADVANCED_FACE('',(#535),#9828,.F.);
#10164=ADVANCED_FACE('',(#536),#197,.T.);
#10165=ADVANCED_FACE('',(#537),#9829,.F.);
#10166=ADVANCED_FACE('',(#538),#198,.T.);
#10167=ADVANCED_FACE('',(#539),#9830,.F.);
#10168=ADVANCED_FACE('',(#540),#199,.T.);
#10169=ADVANCED_FACE('',(#541),#9831,.F.);
#10170=ADVANCED_FACE('',(#542),#200,.T.);
#10171=ADVANCED_FACE('',(#543),#9832,.F.);
#10172=ADVANCED_FACE('',(#544),#201,.T.);
#10173=ADVANCED_FACE('',(#545),#9833,.F.);
#10174=ADVANCED_FACE('',(#546),#202,.T.);
#10175=ADVANCED_FACE('',(#547),#9834,.F.);
#10176=ADVANCED_FACE('',(#548),#203,.T.);
#10177=ADVANCED_FACE('',(#549),#9835,.F.);
#10178=ADVANCED_FACE('',(#550),#204,.T.);
#10179=ADVANCED_FACE('',(#551),#9836,.F.);
#10180=ADVANCED_FACE('',(#552),#205,.T.);
#10181=ADVANCED_FACE('',(#553),#9837,.F.);
#10182=ADVANCED_FACE('',(#554),#206,.T.);
#10183=ADVANCED_FACE('',(#555),#9838,.F.);
#10184=ADVANCED_FACE('',(#556),#207,.T.);
#10185=ADVANCED_FACE('',(#557),#9839,.F.);
#10186=ADVANCED_FACE('',(#558),#208,.T.);
#10187=ADVANCED_FACE('',(#559),#9840,.F.);
#10188=ADVANCED_FACE('',(#560),#209,.T.);
#10189=ADVANCED_FACE('',(#561),#9841,.F.);
#10190=ADVANCED_FACE('',(#562),#210,.T.);
#10191=ADVANCED_FACE('',(#563),#9842,.F.);
#10192=ADVANCED_FACE('',(#564),#211,.T.);
#10193=ADVANCED_FACE('',(#565),#9843,.F.);
#10194=ADVANCED_FACE('',(#566),#212,.T.);
#10195=ADVANCED_FACE('',(#567),#9844,.F.);
#10196=ADVANCED_FACE('',(#568),#213,.T.);
#10197=ADVANCED_FACE('',(#569),#9845,.F.);
#10198=ADVANCED_FACE('',(#570),#214,.T.);
#10199=ADVANCED_FACE('',(#571),#9846,.F.);
#10200=ADVANCED_FACE('',(#572),#215,.T.);
#10201=ADVANCED_FACE('',(#573),#9847,.F.);
#10202=ADVANCED_FACE('',(#574),#216,.T.);
#10203=ADVANCED_FACE('',(#575),#9848,.F.);
#10204=ADVANCED_FACE('',(#576),#217,.T.);
#10205=ADVANCED_FACE('',(#577),#9849,.F.);
#10206=ADVANCED_FACE('',(#578),#218,.T.);
#10207=ADVANCED_FACE('',(#579),#9850,.F.);
#10208=ADVANCED_FACE('',(#580),#219,.T.);
#10209=ADVANCED_FACE('',(#581),#9851,.F.);
#10210=ADVANCED_FACE('',(#582),#220,.T.);
#10211=ADVANCED_FACE('',(#583),#9852,.F.);
#10212=ADVANCED_FACE('',(#584),#221,.T.);
#10213=ADVANCED_FACE('',(#585),#9853,.F.);
#10214=ADVANCED_FACE('',(#586),#222,.T.);
#10215=ADVANCED_FACE('',(#587),#9854,.F.);
#10216=ADVANCED_FACE('',(#588),#223,.T.);
#10217=ADVANCED_FACE('',(#589),#9855,.F.);
#10218=ADVANCED_FACE('',(#590),#224,.T.);
#10219=ADVANCED_FACE('',(#591),#9856,.F.);
#10220=ADVANCED_FACE('',(#592),#225,.T.);
#10221=ADVANCED_FACE('',(#593),#9857,.F.);
#10222=ADVANCED_FACE('',(#594),#226,.T.);
#10223=ADVANCED_FACE('',(#595),#9858,.F.);
#10224=ADVANCED_FACE('',(#596),#227,.T.);
#10225=ADVANCED_FACE('',(#597),#9859,.F.);
#10226=ADVANCED_FACE('',(#598),#228,.T.);
#10227=ADVANCED_FACE('',(#599),#9860,.F.);
#10228=ADVANCED_FACE('',(#600),#229,.T.);
#10229=ADVANCED_FACE('',(#601),#9861,.F.);
#10230=ADVANCED_FACE('',(#602),#230,.T.);
#10231=ADVANCED_FACE('',(#603),#9862,.F.);
#10232=ADVANCED_FACE('',(#604),#231,.T.);
#10233=ADVANCED_FACE('',(#605),#9863,.F.);
#10234=ADVANCED_FACE('',(#606),#232,.T.);
#10235=ADVANCED_FACE('',(#607),#9864,.F.);
#10236=ADVANCED_FACE('',(#608),#233,.T.);
#10237=ADVANCED_FACE('',(#609),#9865,.F.);
#10238=ADVANCED_FACE('',(#610),#234,.T.);
#10239=ADVANCED_FACE('',(#611),#9866,.F.);
#10240=ADVANCED_FACE('',(#612),#235,.T.);
#10241=ADVANCED_FACE('',(#613),#9867,.F.);
#10242=ADVANCED_FACE('',(#614),#236,.T.);
#10243=ADVANCED_FACE('',(#615),#9868,.F.);
#10244=ADVANCED_FACE('',(#616),#237,.T.);
#10245=ADVANCED_FACE('',(#617),#9869,.F.);
#10246=ADVANCED_FACE('',(#618),#238,.T.);
#10247=ADVANCED_FACE('',(#619),#9870,.F.);
#10248=ADVANCED_FACE('',(#620),#239,.T.);
#10249=ADVANCED_FACE('',(#621),#9871,.F.);
#10250=ADVANCED_FACE('',(#622),#240,.T.);
#10251=ADVANCED_FACE('',(#623),#9872,.F.);
#10252=ADVANCED_FACE('',(#624),#241,.T.);
#10253=ADVANCED_FACE('',(#625),#9873,.F.);
#10254=ADVANCED_FACE('',(#626),#242,.T.);
#10255=ADVANCED_FACE('',(#627),#9874,.F.);
#10256=ADVANCED_FACE('',(#628),#243,.T.);
#10257=ADVANCED_FACE('',(#629),#9875,.F.);
#10258=ADVANCED_FACE('',(#630),#244,.T.);
#10259=ADVANCED_FACE('',(#631),#9876,.F.);
#10260=ADVANCED_FACE('',(#632),#245,.T.);
#10261=ADVANCED_FACE('',(#633),#9877,.F.);
#10262=ADVANCED_FACE('',(#634),#246,.T.);
#10263=ADVANCED_FACE('',(#635),#9878,.F.);
#10264=ADVANCED_FACE('',(#636),#247,.T.);
#10265=ADVANCED_FACE('',(#637),#9879,.F.);
#10266=ADVANCED_FACE('',(#638),#248,.T.);
#10267=ADVANCED_FACE('',(#639),#9880,.F.);
#10268=ADVANCED_FACE('',(#640),#249,.T.);
#10269=ADVANCED_FACE('',(#641),#9881,.F.);
#10270=ADVANCED_FACE('',(#642),#250,.T.);
#10271=ADVANCED_FACE('',(#643),#9882,.F.);
#10272=ADVANCED_FACE('',(#644),#251,.T.);
#10273=ADVANCED_FACE('',(#645),#9883,.F.);
#10274=ADVANCED_FACE('',(#646),#252,.T.);
#10275=ADVANCED_FACE('',(#647),#9884,.F.);
#10276=ADVANCED_FACE('',(#648),#253,.T.);
#10277=ADVANCED_FACE('',(#649),#9885,.F.);
#10278=ADVANCED_FACE('',(#650),#254,.T.);
#10279=ADVANCED_FACE('',(#651),#9886,.F.);
#10280=ADVANCED_FACE('',(#652),#255,.T.);
#10281=ADVANCED_FACE('',(#653),#9887,.F.);
#10282=ADVANCED_FACE('',(#654),#256,.T.);
#10283=ADVANCED_FACE('',(#655),#9888,.F.);
#10284=ADVANCED_FACE('',(#656),#257,.T.);
#10285=ADVANCED_FACE('',(#657),#9889,.F.);
#10286=ADVANCED_FACE('',(#658),#258,.T.);
#10287=ADVANCED_FACE('',(#659),#9890,.F.);
#10288=ADVANCED_FACE('',(#660),#259,.T.);
#10289=ADVANCED_FACE('',(#661),#9891,.F.);
#10290=ADVANCED_FACE('',(#662),#260,.T.);
#10291=ADVANCED_FACE('',(#663),#9892,.F.);
#10292=ADVANCED_FACE('',(#664),#261,.T.);
#10293=ADVANCED_FACE('',(#665),#9893,.F.);
#10294=ADVANCED_FACE('',(#666),#262,.T.);
#10295=ADVANCED_FACE('',(#667),#9894,.F.);
#10296=ADVANCED_FACE('',(#668),#263,.T.);
#10297=ADVANCED_FACE('',(#669),#9895,.F.);
#10298=ADVANCED_FACE('',(#670),#264,.T.);
#10299=ADVANCED_FACE('',(#671),#9896,.F.);
#10300=ADVANCED_FACE('',(#672),#265,.T.);
#10301=ADVANCED_FACE('',(#673),#9897,.F.);
#10302=ADVANCED_FACE('',(#674),#266,.T.);
#10303=ADVANCED_FACE('',(#675),#9898,.F.);
#10304=ADVANCED_FACE('',(#676),#267,.T.);
#10305=ADVANCED_FACE('',(#677),#9899,.F.);
#10306=ADVANCED_FACE('',(#678),#268,.T.);
#10307=ADVANCED_FACE('',(#679),#9900,.F.);
#10308=ADVANCED_FACE('',(#680),#269,.T.);
#10309=ADVANCED_FACE('',(#681),#9901,.F.);
#10310=ADVANCED_FACE('',(#682),#270,.T.);
#10311=ADVANCED_FACE('',(#683),#9902,.F.);
#10312=ADVANCED_FACE('',(#684),#271,.T.);
#10313=ADVANCED_FACE('',(#685),#9903,.F.);
#10314=ADVANCED_FACE('',(#686),#272,.T.);
#10315=ADVANCED_FACE('',(#687),#9904,.F.);
#10316=ADVANCED_FACE('',(#688),#273,.T.);
#10317=ADVANCED_FACE('',(#689),#9905,.F.);
#10318=ADVANCED_FACE('',(#690),#274,.T.);
#10319=ADVANCED_FACE('',(#691),#9906,.F.);
#10320=ADVANCED_FACE('',(#692),#275,.T.);
#10321=ADVANCED_FACE('',(#693),#9907,.F.);
#10322=ADVANCED_FACE('',(#694),#276,.T.);
#10323=ADVANCED_FACE('',(#695),#9908,.F.);
#10324=ADVANCED_FACE('',(#696),#277,.T.);
#10325=ADVANCED_FACE('',(#697),#9909,.F.);
#10326=ADVANCED_FACE('',(#698),#278,.T.);
#10327=ADVANCED_FACE('',(#699),#9910,.F.);
#10328=ADVANCED_FACE('',(#700),#279,.T.);
#10329=ADVANCED_FACE('',(#701),#9911,.F.);
#10330=ADVANCED_FACE('',(#702),#280,.T.);
#10331=ADVANCED_FACE('',(#703),#9912,.F.);
#10332=ADVANCED_FACE('',(#704),#281,.T.);
#10333=ADVANCED_FACE('',(#705),#9913,.F.);
#10334=ADVANCED_FACE('',(#706),#282,.T.);
#10335=ADVANCED_FACE('',(#707),#9914,.F.);
#10336=ADVANCED_FACE('',(#708),#283,.T.);
#10337=ADVANCED_FACE('',(#709),#9915,.F.);
#10338=ADVANCED_FACE('',(#710),#284,.T.);
#10339=ADVANCED_FACE('',(#711),#9916,.F.);
#10340=ADVANCED_FACE('',(#712),#285,.T.);
#10341=ADVANCED_FACE('',(#713),#9917,.F.);
#10342=ADVANCED_FACE('',(#714),#286,.T.);
#10343=ADVANCED_FACE('',(#715),#9918,.F.);
#10344=ADVANCED_FACE('',(#716),#287,.T.);
#10345=ADVANCED_FACE('',(#717),#9919,.F.);
#10346=ADVANCED_FACE('',(#718),#288,.T.);
#10347=ADVANCED_FACE('',(#719),#9920,.F.);
#10348=ADVANCED_FACE('',(#720),#289,.T.);
#10349=ADVANCED_FACE('',(#721),#9921,.F.);
#10350=ADVANCED_FACE('',(#722),#290,.T.);
#10351=ADVANCED_FACE('',(#723),#9922,.F.);
#10352=ADVANCED_FACE('',(#724),#291,.T.);
#10353=ADVANCED_FACE('',(#725),#9923,.F.);
#10354=ADVANCED_FACE('',(#726),#292,.T.);
#10355=ADVANCED_FACE('',(#727),#9924,.F.);
#10356=ADVANCED_FACE('',(#728),#293,.T.);
#10357=ADVANCED_FACE('',(#729),#9925,.F.);
#10358=ADVANCED_FACE('',(#730),#294,.T.);
#10359=ADVANCED_FACE('',(#731),#9926,.F.);
#10360=ADVANCED_FACE('',(#732),#295,.T.);
#10361=ADVANCED_FACE('',(#733),#9927,.F.);
#10362=ADVANCED_FACE('',(#734),#296,.T.);
#10363=ADVANCED_FACE('',(#735),#9928,.F.);
#10364=ADVANCED_FACE('',(#736),#297,.T.);
#10365=ADVANCED_FACE('',(#737),#9929,.F.);
#10366=ADVANCED_FACE('',(#738),#298,.T.);
#10367=ADVANCED_FACE('',(#739),#9930,.F.);
#10368=ADVANCED_FACE('',(#740),#299,.T.);
#10369=ADVANCED_FACE('',(#741),#9931,.F.);
#10370=ADVANCED_FACE('',(#742),#300,.T.);
#10371=ADVANCED_FACE('',(#743),#9932,.F.);
#10372=ADVANCED_FACE('',(#744),#301,.T.);
#10373=ADVANCED_FACE('',(#745),#9933,.F.);
#10374=ADVANCED_FACE('',(#746),#302,.T.);
#10375=ADVANCED_FACE('',(#747),#9934,.F.);
#10376=ADVANCED_FACE('',(#748),#303,.T.);
#10377=ADVANCED_FACE('',(#749),#9935,.F.);
#10378=ADVANCED_FACE('',(#750),#304,.T.);
#10379=ADVANCED_FACE('',(#751),#9936,.F.);
#10380=ADVANCED_FACE('',(#752),#305,.T.);
#10381=ADVANCED_FACE('',(#753),#9937,.F.);
#10382=ADVANCED_FACE('',(#754),#306,.T.);
#10383=ADVANCED_FACE('',(#755),#9938,.F.);
#10384=ADVANCED_FACE('',(#756),#307,.T.);
#10385=ADVANCED_FACE('',(#757),#9939,.F.);
#10386=ADVANCED_FACE('',(#758),#308,.T.);
#10387=ADVANCED_FACE('',(#759),#9940,.F.);
#10388=ADVANCED_FACE('',(#760),#309,.T.);
#10389=ADVANCED_FACE('',(#761),#9941,.F.);
#10390=ADVANCED_FACE('',(#762),#310,.T.);
#10391=ADVANCED_FACE('',(#763),#9942,.F.);
#10392=ADVANCED_FACE('',(#764),#311,.T.);
#10393=ADVANCED_FACE('',(#765),#9943,.F.);
#10394=ADVANCED_FACE('',(#766),#312,.T.);
#10395=ADVANCED_FACE('',(#767),#9944,.F.);
#10396=ADVANCED_FACE('',(#768),#313,.T.);
#10397=ADVANCED_FACE('',(#769),#9945,.F.);
#10398=ADVANCED_FACE('',(#770),#314,.T.);
#10399=ADVANCED_FACE('',(#771),#9946,.F.);
#10400=ADVANCED_FACE('',(#772),#315,.T.);
#10401=ADVANCED_FACE('',(#773),#9947,.F.);
#10402=ADVANCED_FACE('',(#774),#316,.T.);
#10403=ADVANCED_FACE('',(#775),#9948,.F.);
#10404=ADVANCED_FACE('',(#776),#317,.T.);
#10405=ADVANCED_FACE('',(#777),#9949,.F.);
#10406=ADVANCED_FACE('',(#778),#318,.T.);
#10407=ADVANCED_FACE('',(#779),#9950,.F.);
#10408=ADVANCED_FACE('',(#780),#319,.T.);
#10409=ADVANCED_FACE('',(#781),#9951,.F.);
#10410=ADVANCED_FACE('',(#782),#320,.T.);
#10411=ADVANCED_FACE('',(#783),#9952,.F.);
#10412=ADVANCED_FACE('',(#784),#321,.T.);
#10413=ADVANCED_FACE('',(#785),#9953,.F.);
#10414=ADVANCED_FACE('',(#786),#322,.T.);
#10415=ADVANCED_FACE('',(#787),#9954,.F.);
#10416=ADVANCED_FACE('',(#788),#323,.T.);
#10417=ADVANCED_FACE('',(#789),#9955,.F.);
#10418=ADVANCED_FACE('',(#790),#324,.T.);
#10419=ADVANCED_FACE('',(#791),#9956,.F.);
#10420=ADVANCED_FACE('',(#792),#325,.T.);
#10421=ADVANCED_FACE('',(#793),#9957,.F.);
#10422=ADVANCED_FACE('',(#794),#326,.T.);
#10423=ADVANCED_FACE('',(#795),#9958,.F.);
#10424=ADVANCED_FACE('',(#796),#327,.T.);
#10425=ADVANCED_FACE('',(#797),#9959,.F.);
#10426=ADVANCED_FACE('',(#798),#328,.T.);
#10427=ADVANCED_FACE('',(#799),#9960,.F.);
#10428=ADVANCED_FACE('',(#800),#329,.T.);
#10429=ADVANCED_FACE('',(#801),#9961,.F.);
#10430=ADVANCED_FACE('',(#802),#330,.T.);
#10431=ADVANCED_FACE('',(#803),#9962,.F.);
#10432=ADVANCED_FACE('',(#804),#331,.T.);
#10433=ADVANCED_FACE('',(#805),#9963,.F.);
#10434=ADVANCED_FACE('',(#806),#332,.T.);
#10435=ADVANCED_FACE('',(#807),#9964,.F.);
#10436=ADVANCED_FACE('',(#808),#333,.T.);
#10437=ADVANCED_FACE('',(#809),#9965,.F.);
#10438=ADVANCED_FACE('',(#810),#334,.T.);
#10439=ADVANCED_FACE('',(#811),#9966,.F.);
#10440=ADVANCED_FACE('',(#812),#335,.T.);
#10441=ADVANCED_FACE('',(#813),#9967,.F.);
#10442=ADVANCED_FACE('',(#814),#336,.T.);
#10443=ADVANCED_FACE('',(#815),#9968,.F.);
#10444=ADVANCED_FACE('',(#816),#337,.T.);
#10445=ADVANCED_FACE('',(#817),#9969,.F.);
#10446=ADVANCED_FACE('',(#818),#338,.T.);
#10447=ADVANCED_FACE('',(#819),#339,.T.);
#10448=ADVANCED_FACE('',(#820),#9970,.T.);
#10449=ADVANCED_FACE('',(#821),#340,.T.);
#10450=ADVANCED_FACE('',(#822),#9971,.T.);
#10451=ADVANCED_FACE('',(#823),#341,.T.);
#10452=ADVANCED_FACE('',(#824),#9972,.T.);
#10453=ADVANCED_FACE('',(#825),#342,.T.);
#10454=ADVANCED_FACE('',(#826),#9973,.T.);
#10455=ADVANCED_FACE('',(#827),#343,.T.);
#10456=ADVANCED_FACE('',(#828),#9974,.F.);
#10457=ADVANCED_FACE('',(#829),#344,.T.);
#10458=ADVANCED_FACE('',(#830),#9975,.F.);
#10459=ADVANCED_FACE('',(#831),#345,.T.);
#10460=ADVANCED_FACE('',(#832),#9976,.F.);
#10461=ADVANCED_FACE('',(#833),#346,.T.);
#10462=ADVANCED_FACE('',(#834),#9977,.F.);
#10463=ADVANCED_FACE('',(#835),#347,.T.);
#10464=ADVANCED_FACE('',(#836),#9978,.T.);
#10465=ADVANCED_FACE('',(#837),#348,.T.);
#10466=ADVANCED_FACE('',(#838),#9979,.T.);
#10467=ADVANCED_FACE('',(#839),#349,.T.);
#10468=ADVANCED_FACE('',(#840),#9980,.T.);
#10469=ADVANCED_FACE('',(#841),#350,.T.);
#10470=ADVANCED_FACE('',(#842),#9981,.T.);
#10471=ADVANCED_FACE('',(#843),#351,.T.);
#10472=ADVANCED_FACE('',(#844),#9982,.F.);
#10473=ADVANCED_FACE('',(#845),#352,.T.);
#10474=ADVANCED_FACE('',(#846),#9983,.F.);
#10475=ADVANCED_FACE('',(#847),#353,.T.);
#10476=ADVANCED_FACE('',(#848),#9984,.T.);
#10477=ADVANCED_FACE('',(#849),#354,.T.);
#10478=ADVANCED_FACE('',(#850),#9985,.T.);
#10479=ADVANCED_FACE('',(#851),#355,.T.);
#10480=ADVANCED_FACE('',(#852),#9986,.F.);
#10481=ADVANCED_FACE('',(#853),#356,.T.);
#10482=ADVANCED_FACE('',(#854),#9987,.F.);
#10483=ADVANCED_FACE('',(#855),#357,.T.);
#10484=ADVANCED_FACE('',(#856),#9988,.T.);
#10485=ADVANCED_FACE('',(#857),#358,.T.);
#10486=ADVANCED_FACE('',(#858),#9989,.T.);
#10487=ADVANCED_FACE('',(#859),#359,.T.);
#10488=ADVANCED_FACE('',(#860),#9990,.T.);
#10489=ADVANCED_FACE('',(#861),#360,.T.);
#10490=ADVANCED_FACE('',(#862),#9991,.T.);
#10491=ADVANCED_FACE('',(#863),#361,.T.);
#10492=ADVANCED_FACE('',(#864),#9992,.F.);
#10493=ADVANCED_FACE('',(#865),#362,.T.);
#10494=ADVANCED_FACE('',(#866),#9993,.F.);
#10495=ADVANCED_FACE('',(#867),#363,.T.);
#10496=ADVANCED_FACE('',(#868),#9994,.F.);
#10497=ADVANCED_FACE('',(#869),#364,.T.);
#10498=ADVANCED_FACE('',(#870),#9995,.F.);
#10499=ADVANCED_FACE('',(#871),#365,.T.);
#10500=ADVANCED_FACE('',(#872),#9996,.T.);
#10501=ADVANCED_FACE('',(#873),#366,.T.);
#10502=ADVANCED_FACE('',(#874),#9997,.T.);
#10503=ADVANCED_FACE('',(#875),#367,.T.);
#10504=ADVANCED_FACE('',(#876),#9998,.T.);
#10505=ADVANCED_FACE('',(#877),#368,.T.);
#10506=ADVANCED_FACE('',(#878),#9999,.T.);
#10507=ADVANCED_FACE('',(#879),#369,.T.);
#10508=ADVANCED_FACE('',(#880),#10000,.F.);
#10509=ADVANCED_FACE('',(#881),#370,.T.);
#10510=ADVANCED_FACE('',(#882),#10001,.F.);
#10511=ADVANCED_FACE('',(#883),#371,.T.);
#10512=ADVANCED_FACE('',(#884),#10002,.T.);
#10513=ADVANCED_FACE('',(#885),#10003,.T.);
#10514=ADVANCED_FACE('',(#886),#372,.T.);
#10515=ADVANCED_FACE('',(#887),#10004,.F.);
#10516=ADVANCED_FACE('',(#888),#373,.T.);
#10517=ADVANCED_FACE('',(#889),#10005,.F.);
#10518=ADVANCED_FACE('',(#890),#374,.T.);
#10519=ADVANCED_FACE('',(#891),#375,.T.);
#10520=ADVANCED_FACE('',(#892,#23,#24,#25,#26,#27,#28,#29,#30,#31,#32,#33,
#34,#35,#36,#37,#38,#39,#40,#41,#42,#43,#44,#45,#46,#47,#48,#49,#50,#51,
#52,#53,#54,#55,#56,#57,#58,#59,#60,#61,#62,#63,#64),#376,.T.);
#10521=ADVANCED_FACE('',(#893),#10006,.F.);
#10522=ADVANCED_FACE('',(#894),#377,.T.);
#10523=ADVANCED_FACE('',(#895,#65,#66,#67,#68,#69,#70,#71,#72,#73,#74,#75,
#76,#77,#78,#79,#80,#81,#82,#83,#84,#85,#86,#87,#88,#89,#90,#91,#92,#93,
#94,#95,#96,#97,#98,#99,#100,#101,#102,#103,#104,#105,#106),#378,.F.);
#10524=CLOSED_SHELL('',(#10007,#10008,#10009,#10010,#10011,#10012,#10013,
#10014,#10015,#10016,#10017,#10018,#10019,#10020,#10021,#10022,#10023,#10024,
#10025,#10026,#10027,#10028,#10029,#10030,#10031,#10032,#10033,#10034,#10035,
#10036,#10037,#10038,#10039,#10040,#10041,#10042,#10043,#10044,#10045,#10046,
#10047,#10048,#10049,#10050,#10051,#10052,#10053,#10054,#10055,#10056,#10057,
#10058,#10059,#10060,#10061,#10062,#10063,#10064,#10065,#10066,#10067,#10068,
#10069,#10070,#10071,#10072,#10073,#10074,#10075,#10076,#10077,#10078,#10079,
#10080,#10081,#10082,#10083,#10084,#10085,#10086,#10087,#10088,#10089,#10090,
#10091,#10092,#10093,#10094,#10095,#10096,#10097,#10098,#10099,#10100,#10101,
#10102,#10103,#10104,#10105,#10106,#10107,#10108,#10109,#10110,#10111,#10112,
#10113,#10114,#10115,#10116,#10117,#10118,#10119,#10120,#10121,#10122,#10123,
#10124,#10125,#10126,#10127,#10128,#10129,#10130,#10131,#10132,#10133,#10134,
#10135,#10136,#10137,#10138,#10139,#10140,#10141,#10142,#10143,#10144,#10145,
#10146,#10147,#10148,#10149,#10150,#10151,#10152,#10153,#10154,#10155,#10156,
#10157,#10158,#10159,#10160,#10161,#10162,#10163,#10164,#10165,#10166,#10167,
#10168,#10169,#10170,#10171,#10172,#10173,#10174,#10175,#10176,#10177,#10178,
#10179,#10180,#10181,#10182,#10183,#10184,#10185,#10186,#10187,#10188,#10189,
#10190,#10191,#10192,#10193,#10194,#10195,#10196,#10197,#10198,#10199,#10200,
#10201,#10202,#10203,#10204,#10205,#10206,#10207,#10208,#10209,#10210,#10211,
#10212,#10213,#10214,#10215,#10216,#10217,#10218,#10219,#10220,#10221,#10222,
#10223,#10224,#10225,#10226,#10227,#10228,#10229,#10230,#10231,#10232,#10233,
#10234,#10235,#10236,#10237,#10238,#10239,#10240,#10241,#10242,#10243,#10244,
#10245,#10246,#10247,#10248,#10249,#10250,#10251,#10252,#10253,#10254,#10255,
#10256,#10257,#10258,#10259,#10260,#10261,#10262,#10263,#10264,#10265,#10266,
#10267,#10268,#10269,#10270,#10271,#10272,#10273,#10274,#10275,#10276,#10277,
#10278,#10279,#10280,#10281,#10282,#10283,#10284,#10285,#10286,#10287,#10288,
#10289,#10290,#10291,#10292,#10293,#10294,#10295,#10296,#10297,#10298,#10299,
#10300,#10301,#10302,#10303,#10304,#10305,#10306,#10307,#10308,#10309,#10310,
#10311,#10312,#10313,#10314,#10315,#10316,#10317,#10318,#10319,#10320,#10321,
#10322,#10323,#10324,#10325,#10326,#10327,#10328,#10329,#10330,#10331,#10332,
#10333,#10334,#10335,#10336,#10337,#10338,#10339,#10340,#10341,#10342,#10343,
#10344,#10345,#10346,#10347,#10348,#10349,#10350,#10351,#10352,#10353,#10354,
#10355,#10356,#10357,#10358,#10359,#10360,#10361,#10362,#10363,#10364,#10365,
#10366,#10367,#10368,#10369,#10370,#10371,#10372,#10373,#10374,#10375,#10376,
#10377,#10378,#10379,#10380,#10381,#10382,#10383,#10384,#10385,#10386,#10387,
#10388,#10389,#10390,#10391,#10392,#10393,#10394,#10395,#10396,#10397,#10398,
#10399,#10400,#10401,#10402,#10403,#10404,#10405,#10406,#10407,#10408,#10409,
#10410,#10411,#10412,#10413,#10414,#10415,#10416,#10417,#10418,#10419,#10420,
#10421,#10422,#10423,#10424,#10425,#10426,#10427,#10428,#10429,#10430,#10431,
#10432,#10433,#10434,#10435,#10436,#10437,#10438,#10439,#10440,#10441,#10442,
#10443,#10444,#10445,#10446,#10447,#10448,#10449,#10450,#10451,#10452,#10453,
#10454,#10455,#10456,#10457,#10458,#10459,#10460,#10461,#10462,#10463,#10464,
#10465,#10466,#10467,#10468,#10469,#10470,#10471,#10472,#10473,#10474,#10475,
#10476,#10477,#10478,#10479,#10480,#10481,#10482,#10483,#10484,#10485,#10486,
#10487,#10488,#10489,#10490,#10491,#10492,#10493,#10494,#10495,#10496,#10497,
#10498,#10499,#10500,#10501,#10502,#10503,#10504,#10505,#10506,#10507,#10508,
#10509,#10510,#10511,#10512,#10513,#10514,#10515,#10516,#10517,#10518,#10519,
#10520,#10521,#10522,#10523));
#10525=DERIVED_UNIT_ELEMENT(#10527,1.);
#10526=DERIVED_UNIT_ELEMENT(#17734,-3.);
#10527=(
MASS_UNIT()
NAMED_UNIT(*)
SI_UNIT(.KILO.,.GRAM.)
);
#10528=DERIVED_UNIT((#10525,#10526));
#10529=MEASURE_REPRESENTATION_ITEM('density measure',
POSITIVE_RATIO_MEASURE(7850.),#10528);
#10530=PROPERTY_DEFINITION_REPRESENTATION(#10535,#10532);
#10531=PROPERTY_DEFINITION_REPRESENTATION(#10536,#10533);
#10532=REPRESENTATION('material name',(#10534),#17731);
#10533=REPRESENTATION('density',(#10529),#17731);
#10534=DESCRIPTIVE_REPRESENTATION_ITEM('Acier','Acier');
#10535=PROPERTY_DEFINITION('material property','material name',#17751);
#10536=PROPERTY_DEFINITION('material property','density of part',#17751);
#10537=AXIS2_PLACEMENT_3D('',#14628,#11549,#11550);
#10538=AXIS2_PLACEMENT_3D('',#14629,#11551,#11552);
#10539=AXIS2_PLACEMENT_3D('',#14630,#11553,#11554);
#10540=AXIS2_PLACEMENT_3D('',#14631,#11555,#11556);
#10541=AXIS2_PLACEMENT_3D('',#14634,#11557,#11558);
#10542=AXIS2_PLACEMENT_3D('',#14638,#11560,#11561);
#10543=AXIS2_PLACEMENT_3D('',#14640,#11563,#11564);
#10544=AXIS2_PLACEMENT_3D('',#14646,#11568,#11569);
#10545=AXIS2_PLACEMENT_3D('',#14648,#11570,#11571);
#10546=AXIS2_PLACEMENT_3D('',#14650,#11572,#11573);
#10547=AXIS2_PLACEMENT_3D('',#14652,#11575,#11576);
#10548=AXIS2_PLACEMENT_3D('',#14658,#11580,#11581);
#10549=AXIS2_PLACEMENT_3D('',#14660,#11582,#11583);
#10550=AXIS2_PLACEMENT_3D('',#14662,#11584,#11585);
#10551=AXIS2_PLACEMENT_3D('',#14664,#11587,#11588);
#10552=AXIS2_PLACEMENT_3D('',#14670,#11592,#11593);
#10553=AXIS2_PLACEMENT_3D('',#14672,#11594,#11595);
#10554=AXIS2_PLACEMENT_3D('',#14674,#11596,#11597);
#10555=AXIS2_PLACEMENT_3D('',#14676,#11599,#11600);
#10556=AXIS2_PLACEMENT_3D('',#14679,#11603,#11604);
#10557=AXIS2_PLACEMENT_3D('',#14682,#11605,#11606);
#10558=AXIS2_PLACEMENT_3D('',#14686,#11608,#11609);
#10559=AXIS2_PLACEMENT_3D('',#14688,#11611,#11612);
#10560=AXIS2_PLACEMENT_3D('',#14694,#11616,#11617);
#10561=AXIS2_PLACEMENT_3D('',#14696,#11618,#11619);
#10562=AXIS2_PLACEMENT_3D('',#14698,#11620,#11621);
#10563=AXIS2_PLACEMENT_3D('',#14700,#11623,#11624);
#10564=AXIS2_PLACEMENT_3D('',#14706,#11628,#11629);
#10565=AXIS2_PLACEMENT_3D('',#14708,#11630,#11631);
#10566=AXIS2_PLACEMENT_3D('',#14710,#11632,#11633);
#10567=AXIS2_PLACEMENT_3D('',#14712,#11635,#11636);
#10568=AXIS2_PLACEMENT_3D('',#14718,#11640,#11641);
#10569=AXIS2_PLACEMENT_3D('',#14720,#11642,#11643);
#10570=AXIS2_PLACEMENT_3D('',#14722,#11644,#11645);
#10571=AXIS2_PLACEMENT_3D('',#14724,#11647,#11648);
#10572=AXIS2_PLACEMENT_3D('',#14727,#11651,#11652);
#10573=AXIS2_PLACEMENT_3D('',#14736,#11657,#11658);
#10574=AXIS2_PLACEMENT_3D('',#14738,#11659,#11660);
#10575=AXIS2_PLACEMENT_3D('',#14740,#11661,#11662);
#10576=AXIS2_PLACEMENT_3D('',#14742,#11664,#11665);
#10577=AXIS2_PLACEMENT_3D('',#14748,#11669,#11670);
#10578=AXIS2_PLACEMENT_3D('',#14750,#11671,#11672);
#10579=AXIS2_PLACEMENT_3D('',#14752,#11673,#11674);
#10580=AXIS2_PLACEMENT_3D('',#14754,#11676,#11677);
#10581=AXIS2_PLACEMENT_3D('',#14760,#11681,#11682);
#10582=AXIS2_PLACEMENT_3D('',#14762,#11683,#11684);
#10583=AXIS2_PLACEMENT_3D('',#14764,#11685,#11686);
#10584=AXIS2_PLACEMENT_3D('',#14766,#11688,#11689);
#10585=AXIS2_PLACEMENT_3D('',#14772,#11693,#11694);
#10586=AXIS2_PLACEMENT_3D('',#14774,#11695,#11696);
#10587=AXIS2_PLACEMENT_3D('',#14776,#11697,#11698);
#10588=AXIS2_PLACEMENT_3D('',#14778,#11700,#11701);
#10589=AXIS2_PLACEMENT_3D('',#14784,#11705,#11706);
#10590=AXIS2_PLACEMENT_3D('',#14786,#11707,#11708);
#10591=AXIS2_PLACEMENT_3D('',#14788,#11709,#11710);
#10592=AXIS2_PLACEMENT_3D('',#14790,#11712,#11713);
#10593=AXIS2_PLACEMENT_3D('',#14796,#11717,#11718);
#10594=AXIS2_PLACEMENT_3D('',#14802,#11722,#11723);
#10595=AXIS2_PLACEMENT_3D('',#14804,#11724,#11725);
#10596=AXIS2_PLACEMENT_3D('',#14806,#11726,#11727);
#10597=AXIS2_PLACEMENT_3D('',#14808,#11729,#11730);
#10598=AXIS2_PLACEMENT_3D('',#14814,#11734,#11735);
#10599=AXIS2_PLACEMENT_3D('',#14820,#11739,#11740);
#10600=AXIS2_PLACEMENT_3D('',#14822,#11741,#11742);
#10601=AXIS2_PLACEMENT_3D('',#14824,#11743,#11744);
#10602=AXIS2_PLACEMENT_3D('',#14826,#11746,#11747);
#10603=AXIS2_PLACEMENT_3D('',#14832,#11751,#11752);
#10604=AXIS2_PLACEMENT_3D('',#14834,#11753,#11754);
#10605=AXIS2_PLACEMENT_3D('',#14836,#11755,#11756);
#10606=AXIS2_PLACEMENT_3D('',#14838,#11758,#11759);
#10607=AXIS2_PLACEMENT_3D('',#14844,#11763,#11764);
#10608=AXIS2_PLACEMENT_3D('',#14850,#11768,#11769);
#10609=AXIS2_PLACEMENT_3D('',#14852,#11770,#11771);
#10610=AXIS2_PLACEMENT_3D('',#14854,#11772,#11773);
#10611=AXIS2_PLACEMENT_3D('',#14856,#11775,#11776);
#10612=AXIS2_PLACEMENT_3D('',#14862,#11780,#11781);
#10613=AXIS2_PLACEMENT_3D('',#14868,#11785,#11786);
#10614=AXIS2_PLACEMENT_3D('',#14870,#11787,#11788);
#10615=AXIS2_PLACEMENT_3D('',#14872,#11789,#11790);
#10616=AXIS2_PLACEMENT_3D('',#14874,#11792,#11793);
#10617=AXIS2_PLACEMENT_3D('',#14880,#11797,#11798);
#10618=AXIS2_PLACEMENT_3D('',#14882,#11799,#11800);
#10619=AXIS2_PLACEMENT_3D('',#14884,#11801,#11802);
#10620=AXIS2_PLACEMENT_3D('',#14886,#11804,#11805);
#10621=AXIS2_PLACEMENT_3D('',#14892,#11809,#11810);
#10622=AXIS2_PLACEMENT_3D('',#14894,#11811,#11812);
#10623=AXIS2_PLACEMENT_3D('',#14896,#11813,#11814);
#10624=AXIS2_PLACEMENT_3D('',#14898,#11816,#11817);
#10625=AXIS2_PLACEMENT_3D('',#14904,#11821,#11822);
#10626=AXIS2_PLACEMENT_3D('',#14906,#11823,#11824);
#10627=AXIS2_PLACEMENT_3D('',#14908,#11825,#11826);
#10628=AXIS2_PLACEMENT_3D('',#14910,#11828,#11829);
#10629=AXIS2_PLACEMENT_3D('',#14916,#11833,#11834);
#10630=AXIS2_PLACEMENT_3D('',#14918,#11835,#11836);
#10631=AXIS2_PLACEMENT_3D('',#14920,#11837,#11838);
#10632=AXIS2_PLACEMENT_3D('',#14922,#11840,#11841);
#10633=AXIS2_PLACEMENT_3D('',#14928,#11845,#11846);
#10634=AXIS2_PLACEMENT_3D('',#14930,#11847,#11848);
#10635=AXIS2_PLACEMENT_3D('',#14932,#11849,#11850);
#10636=AXIS2_PLACEMENT_3D('',#14934,#11852,#11853);
#10637=AXIS2_PLACEMENT_3D('',#14940,#11857,#11858);
#10638=AXIS2_PLACEMENT_3D('',#14946,#11862,#11863);
#10639=AXIS2_PLACEMENT_3D('',#14948,#11864,#11865);
#10640=AXIS2_PLACEMENT_3D('',#14950,#11866,#11867);
#10641=AXIS2_PLACEMENT_3D('',#14952,#11869,#11870);
#10642=AXIS2_PLACEMENT_3D('',#14958,#11874,#11875);
#10643=AXIS2_PLACEMENT_3D('',#14964,#11879,#11880);
#10644=AXIS2_PLACEMENT_3D('',#14966,#11881,#11882);
#10645=AXIS2_PLACEMENT_3D('',#14968,#11883,#11884);
#10646=AXIS2_PLACEMENT_3D('',#14970,#11886,#11887);
#10647=AXIS2_PLACEMENT_3D('',#14976,#11891,#11892);
#10648=AXIS2_PLACEMENT_3D('',#14978,#11893,#11894);
#10649=AXIS2_PLACEMENT_3D('',#14980,#11895,#11896);
#10650=AXIS2_PLACEMENT_3D('',#14982,#11898,#11899);
#10651=AXIS2_PLACEMENT_3D('',#14988,#11903,#11904);
#10652=AXIS2_PLACEMENT_3D('',#14994,#11908,#11909);
#10653=AXIS2_PLACEMENT_3D('',#15000,#11913,#11914);
#10654=AXIS2_PLACEMENT_3D('',#15002,#11915,#11916);
#10655=AXIS2_PLACEMENT_3D('',#15004,#11917,#11918);
#10656=AXIS2_PLACEMENT_3D('',#15006,#11920,#11921);
#10657=AXIS2_PLACEMENT_3D('',#15012,#11925,#11926);
#10658=AXIS2_PLACEMENT_3D('',#15014,#11927,#11928);
#10659=AXIS2_PLACEMENT_3D('',#15016,#11929,#11930);
#10660=AXIS2_PLACEMENT_3D('',#15018,#11932,#11933);
#10661=AXIS2_PLACEMENT_3D('',#15024,#11937,#11938);
#10662=AXIS2_PLACEMENT_3D('',#15030,#11942,#11943);
#10663=AXIS2_PLACEMENT_3D('',#15036,#11947,#11948);
#10664=AXIS2_PLACEMENT_3D('',#15038,#11949,#11950);
#10665=AXIS2_PLACEMENT_3D('',#15040,#11951,#11952);
#10666=AXIS2_PLACEMENT_3D('',#15042,#11954,#11955);
#10667=AXIS2_PLACEMENT_3D('',#15048,#11959,#11960);
#10668=AXIS2_PLACEMENT_3D('',#15050,#11961,#11962);
#10669=AXIS2_PLACEMENT_3D('',#15052,#11963,#11964);
#10670=AXIS2_PLACEMENT_3D('',#15054,#11966,#11967);
#10671=AXIS2_PLACEMENT_3D('',#15060,#11971,#11972);
#10672=AXIS2_PLACEMENT_3D('',#15066,#11976,#11977);
#10673=AXIS2_PLACEMENT_3D('',#15068,#11978,#11979);
#10674=AXIS2_PLACEMENT_3D('',#15070,#11980,#11981);
#10675=AXIS2_PLACEMENT_3D('',#15072,#11983,#11984);
#10676=AXIS2_PLACEMENT_3D('',#15078,#11988,#11989);
#10677=AXIS2_PLACEMENT_3D('',#15084,#11993,#11994);
#10678=AXIS2_PLACEMENT_3D('',#15085,#11995,#11996);
#10679=AXIS2_PLACEMENT_3D('',#15086,#11997,#11998);
#10680=AXIS2_PLACEMENT_3D('',#15087,#11999,#12000);
#10681=AXIS2_PLACEMENT_3D('',#15090,#12001,#12002);
#10682=AXIS2_PLACEMENT_3D('',#15094,#12004,#12005);
#10683=AXIS2_PLACEMENT_3D('',#15096,#12007,#12008);
#10684=AXIS2_PLACEMENT_3D('',#15102,#12012,#12013);
#10685=AXIS2_PLACEMENT_3D('',#15104,#12014,#12015);
#10686=AXIS2_PLACEMENT_3D('',#15106,#12016,#12017);
#10687=AXIS2_PLACEMENT_3D('',#15108,#12019,#12020);
#10688=AXIS2_PLACEMENT_3D('',#15114,#12024,#12025);
#10689=AXIS2_PLACEMENT_3D('',#15116,#12026,#12027);
#10690=AXIS2_PLACEMENT_3D('',#15118,#12028,#12029);
#10691=AXIS2_PLACEMENT_3D('',#15120,#12031,#12032);
#10692=AXIS2_PLACEMENT_3D('',#15126,#12036,#12037);
#10693=AXIS2_PLACEMENT_3D('',#15128,#12038,#12039);
#10694=AXIS2_PLACEMENT_3D('',#15130,#12040,#12041);
#10695=AXIS2_PLACEMENT_3D('',#15132,#12043,#12044);
#10696=AXIS2_PLACEMENT_3D('',#15135,#12047,#12048);
#10697=AXIS2_PLACEMENT_3D('',#15144,#12053,#12054);
#10698=AXIS2_PLACEMENT_3D('',#15150,#12058,#12059);
#10699=AXIS2_PLACEMENT_3D('',#15152,#12060,#12061);
#10700=AXIS2_PLACEMENT_3D('',#15154,#12062,#12063);
#10701=AXIS2_PLACEMENT_3D('',#15156,#12065,#12066);
#10702=AXIS2_PLACEMENT_3D('',#15162,#12070,#12071);
#10703=AXIS2_PLACEMENT_3D('',#15164,#12072,#12073);
#10704=AXIS2_PLACEMENT_3D('',#15166,#12074,#12075);
#10705=AXIS2_PLACEMENT_3D('',#15168,#12077,#12078);
#10706=AXIS2_PLACEMENT_3D('',#15174,#12082,#12083);
#10707=AXIS2_PLACEMENT_3D('',#15180,#12087,#12088);
#10708=AXIS2_PLACEMENT_3D('',#15182,#12089,#12090);
#10709=AXIS2_PLACEMENT_3D('',#15184,#12091,#12092);
#10710=AXIS2_PLACEMENT_3D('',#15186,#12094,#12095);
#10711=AXIS2_PLACEMENT_3D('',#15192,#12099,#12100);
#10712=AXIS2_PLACEMENT_3D('',#15198,#12104,#12105);
#10713=AXIS2_PLACEMENT_3D('',#15200,#12106,#12107);
#10714=AXIS2_PLACEMENT_3D('',#15202,#12108,#12109);
#10715=AXIS2_PLACEMENT_3D('',#15204,#12111,#12112);
#10716=AXIS2_PLACEMENT_3D('',#15210,#12116,#12117);
#10717=AXIS2_PLACEMENT_3D('',#15212,#12118,#12119);
#10718=AXIS2_PLACEMENT_3D('',#15214,#12120,#12121);
#10719=AXIS2_PLACEMENT_3D('',#15216,#12123,#12124);
#10720=AXIS2_PLACEMENT_3D('',#15222,#12128,#12129);
#10721=AXIS2_PLACEMENT_3D('',#15224,#12130,#12131);
#10722=AXIS2_PLACEMENT_3D('',#15226,#12132,#12133);
#10723=AXIS2_PLACEMENT_3D('',#15228,#12135,#12136);
#10724=AXIS2_PLACEMENT_3D('',#15234,#12140,#12141);
#10725=AXIS2_PLACEMENT_3D('',#15236,#12142,#12143);
#10726=AXIS2_PLACEMENT_3D('',#15238,#12144,#12145);
#10727=AXIS2_PLACEMENT_3D('',#15240,#12147,#12148);
#10728=AXIS2_PLACEMENT_3D('',#15246,#12152,#12153);
#10729=AXIS2_PLACEMENT_3D('',#15248,#12154,#12155);
#10730=AXIS2_PLACEMENT_3D('',#15250,#12156,#12157);
#10731=AXIS2_PLACEMENT_3D('',#15252,#12159,#12160);
#10732=AXIS2_PLACEMENT_3D('',#15258,#12164,#12165);
#10733=AXIS2_PLACEMENT_3D('',#15260,#12166,#12167);
#10734=AXIS2_PLACEMENT_3D('',#15262,#12168,#12169);
#10735=AXIS2_PLACEMENT_3D('',#15264,#12171,#12172);
#10736=AXIS2_PLACEMENT_3D('',#15270,#12176,#12177);
#10737=AXIS2_PLACEMENT_3D('',#15276,#12181,#12182);
#10738=AXIS2_PLACEMENT_3D('',#15278,#12183,#12184);
#10739=AXIS2_PLACEMENT_3D('',#15280,#12185,#12186);
#10740=AXIS2_PLACEMENT_3D('',#15282,#12188,#12189);
#10741=AXIS2_PLACEMENT_3D('',#15288,#12193,#12194);
#10742=AXIS2_PLACEMENT_3D('',#15294,#12198,#12199);
#10743=AXIS2_PLACEMENT_3D('',#15296,#12200,#12201);
#10744=AXIS2_PLACEMENT_3D('',#15298,#12202,#12203);
#10745=AXIS2_PLACEMENT_3D('',#15300,#12205,#12206);
#10746=AXIS2_PLACEMENT_3D('',#15306,#12210,#12211);
#10747=AXIS2_PLACEMENT_3D('',#15308,#12212,#12213);
#10748=AXIS2_PLACEMENT_3D('',#15310,#12214,#12215);
#10749=AXIS2_PLACEMENT_3D('',#15312,#12217,#12218);
#10750=AXIS2_PLACEMENT_3D('',#15318,#12222,#12223);
#10751=AXIS2_PLACEMENT_3D('',#15324,#12227,#12228);
#10752=AXIS2_PLACEMENT_3D('',#15330,#12232,#12233);
#10753=AXIS2_PLACEMENT_3D('',#15332,#12234,#12235);
#10754=AXIS2_PLACEMENT_3D('',#15334,#12236,#12237);
#10755=AXIS2_PLACEMENT_3D('',#15336,#12239,#12240);
#10756=AXIS2_PLACEMENT_3D('',#15342,#12244,#12245);
#10757=AXIS2_PLACEMENT_3D('',#15344,#12246,#12247);
#10758=AXIS2_PLACEMENT_3D('',#15346,#12248,#12249);
#10759=AXIS2_PLACEMENT_3D('',#15348,#12251,#12252);
#10760=AXIS2_PLACEMENT_3D('',#15354,#12256,#12257);
#10761=AXIS2_PLACEMENT_3D('',#15360,#12261,#12262);
#10762=AXIS2_PLACEMENT_3D('',#15366,#12266,#12267);
#10763=AXIS2_PLACEMENT_3D('',#15368,#12268,#12269);
#10764=AXIS2_PLACEMENT_3D('',#15370,#12270,#12271);
#10765=AXIS2_PLACEMENT_3D('',#15372,#12273,#12274);
#10766=AXIS2_PLACEMENT_3D('',#15378,#12278,#12279);
#10767=AXIS2_PLACEMENT_3D('',#15380,#12280,#12281);
#10768=AXIS2_PLACEMENT_3D('',#15382,#12282,#12283);
#10769=AXIS2_PLACEMENT_3D('',#15384,#12285,#12286);
#10770=AXIS2_PLACEMENT_3D('',#15390,#12290,#12291);
#10771=AXIS2_PLACEMENT_3D('',#15396,#12295,#12296);
#10772=AXIS2_PLACEMENT_3D('',#15398,#12297,#12298);
#10773=AXIS2_PLACEMENT_3D('',#15400,#12299,#12300);
#10774=AXIS2_PLACEMENT_3D('',#15402,#12302,#12303);
#10775=AXIS2_PLACEMENT_3D('',#15408,#12307,#12308);
#10776=AXIS2_PLACEMENT_3D('',#15414,#12312,#12313);
#10777=AXIS2_PLACEMENT_3D('',#15416,#12314,#12315);
#10778=AXIS2_PLACEMENT_3D('',#15418,#12316,#12317);
#10779=AXIS2_PLACEMENT_3D('',#15420,#12319,#12320);
#10780=AXIS2_PLACEMENT_3D('',#15426,#12324,#12325);
#10781=AXIS2_PLACEMENT_3D('',#15428,#12326,#12327);
#10782=AXIS2_PLACEMENT_3D('',#15430,#12328,#12329);
#10783=AXIS2_PLACEMENT_3D('',#15432,#12331,#12332);
#10784=AXIS2_PLACEMENT_3D('',#15438,#12336,#12337);
#10785=AXIS2_PLACEMENT_3D('',#15440,#12338,#12339);
#10786=AXIS2_PLACEMENT_3D('',#15442,#12340,#12341);
#10787=AXIS2_PLACEMENT_3D('',#15444,#12343,#12344);
#10788=AXIS2_PLACEMENT_3D('',#15450,#12348,#12349);
#10789=AXIS2_PLACEMENT_3D('',#15452,#12350,#12351);
#10790=AXIS2_PLACEMENT_3D('',#15454,#12352,#12353);
#10791=AXIS2_PLACEMENT_3D('',#15456,#12355,#12356);
#10792=AXIS2_PLACEMENT_3D('',#15462,#12360,#12361);
#10793=AXIS2_PLACEMENT_3D('',#15464,#12362,#12363);
#10794=AXIS2_PLACEMENT_3D('',#15466,#12364,#12365);
#10795=AXIS2_PLACEMENT_3D('',#15468,#12367,#12368);
#10796=AXIS2_PLACEMENT_3D('',#15474,#12372,#12373);
#10797=AXIS2_PLACEMENT_3D('',#15476,#12374,#12375);
#10798=AXIS2_PLACEMENT_3D('',#15478,#12376,#12377);
#10799=AXIS2_PLACEMENT_3D('',#15480,#12379,#12380);
#10800=AXIS2_PLACEMENT_3D('',#15486,#12384,#12385);
#10801=AXIS2_PLACEMENT_3D('',#15492,#12389,#12390);
#10802=AXIS2_PLACEMENT_3D('',#15493,#12391,#12392);
#10803=AXIS2_PLACEMENT_3D('',#15494,#12393,#12394);
#10804=AXIS2_PLACEMENT_3D('',#15495,#12395,#12396);
#10805=AXIS2_PLACEMENT_3D('',#15498,#12397,#12398);
#10806=AXIS2_PLACEMENT_3D('',#15502,#12400,#12401);
#10807=AXIS2_PLACEMENT_3D('',#15504,#12403,#12404);
#10808=AXIS2_PLACEMENT_3D('',#15510,#12408,#12409);
#10809=AXIS2_PLACEMENT_3D('',#15512,#12410,#12411);
#10810=AXIS2_PLACEMENT_3D('',#15514,#12412,#12413);
#10811=AXIS2_PLACEMENT_3D('',#15516,#12415,#12416);
#10812=AXIS2_PLACEMENT_3D('',#15522,#12420,#12421);
#10813=AXIS2_PLACEMENT_3D('',#15524,#12422,#12423);
#10814=AXIS2_PLACEMENT_3D('',#15526,#12424,#12425);
#10815=AXIS2_PLACEMENT_3D('',#15528,#12427,#12428);
#10816=AXIS2_PLACEMENT_3D('',#15534,#12432,#12433);
#10817=AXIS2_PLACEMENT_3D('',#15536,#12434,#12435);
#10818=AXIS2_PLACEMENT_3D('',#15538,#12436,#12437);
#10819=AXIS2_PLACEMENT_3D('',#15540,#12439,#12440);
#10820=AXIS2_PLACEMENT_3D('',#15543,#12443,#12444);
#10821=AXIS2_PLACEMENT_3D('',#15546,#12445,#12446);
#10822=AXIS2_PLACEMENT_3D('',#15550,#12448,#12449);
#10823=AXIS2_PLACEMENT_3D('',#15552,#12451,#12452);
#10824=AXIS2_PLACEMENT_3D('',#15558,#12456,#12457);
#10825=AXIS2_PLACEMENT_3D('',#15560,#12458,#12459);
#10826=AXIS2_PLACEMENT_3D('',#15562,#12460,#12461);
#10827=AXIS2_PLACEMENT_3D('',#15564,#12463,#12464);
#10828=AXIS2_PLACEMENT_3D('',#15570,#12468,#12469);
#10829=AXIS2_PLACEMENT_3D('',#15572,#12470,#12471);
#10830=AXIS2_PLACEMENT_3D('',#15574,#12472,#12473);
#10831=AXIS2_PLACEMENT_3D('',#15576,#12475,#12476);
#10832=AXIS2_PLACEMENT_3D('',#15582,#12480,#12481);
#10833=AXIS2_PLACEMENT_3D('',#15584,#12482,#12483);
#10834=AXIS2_PLACEMENT_3D('',#15586,#12484,#12485);
#10835=AXIS2_PLACEMENT_3D('',#15588,#12487,#12488);
#10836=AXIS2_PLACEMENT_3D('',#15591,#12491,#12492);
#10837=AXIS2_PLACEMENT_3D('',#15594,#12493,#12494);
#10838=AXIS2_PLACEMENT_3D('',#15598,#12496,#12497);
#10839=AXIS2_PLACEMENT_3D('',#15600,#12499,#12500);
#10840=AXIS2_PLACEMENT_3D('',#15606,#12504,#12505);
#10841=AXIS2_PLACEMENT_3D('',#15608,#12506,#12507);
#10842=AXIS2_PLACEMENT_3D('',#15610,#12508,#12509);
#10843=AXIS2_PLACEMENT_3D('',#15612,#12511,#12512);
#10844=AXIS2_PLACEMENT_3D('',#15618,#12516,#12517);
#10845=AXIS2_PLACEMENT_3D('',#15620,#12518,#12519);
#10846=AXIS2_PLACEMENT_3D('',#15622,#12520,#12521);
#10847=AXIS2_PLACEMENT_3D('',#15624,#12523,#12524);
#10848=AXIS2_PLACEMENT_3D('',#15630,#12528,#12529);
#10849=AXIS2_PLACEMENT_3D('',#15632,#12530,#12531);
#10850=AXIS2_PLACEMENT_3D('',#15634,#12532,#12533);
#10851=AXIS2_PLACEMENT_3D('',#15636,#12535,#12536);
#10852=AXIS2_PLACEMENT_3D('',#15639,#12539,#12540);
#10853=AXIS2_PLACEMENT_3D('',#15642,#12541,#12542);
#10854=AXIS2_PLACEMENT_3D('',#15646,#12544,#12545);
#10855=AXIS2_PLACEMENT_3D('',#15648,#12547,#12548);
#10856=AXIS2_PLACEMENT_3D('',#15654,#12552,#12553);
#10857=AXIS2_PLACEMENT_3D('',#15656,#12554,#12555);
#10858=AXIS2_PLACEMENT_3D('',#15658,#12556,#12557);
#10859=AXIS2_PLACEMENT_3D('',#15660,#12559,#12560);
#10860=AXIS2_PLACEMENT_3D('',#15666,#12564,#12565);
#10861=AXIS2_PLACEMENT_3D('',#15668,#12566,#12567);
#10862=AXIS2_PLACEMENT_3D('',#15670,#12568,#12569);
#10863=AXIS2_PLACEMENT_3D('',#15672,#12571,#12572);
#10864=AXIS2_PLACEMENT_3D('',#15678,#12576,#12577);
#10865=AXIS2_PLACEMENT_3D('',#15680,#12578,#12579);
#10866=AXIS2_PLACEMENT_3D('',#15682,#12580,#12581);
#10867=AXIS2_PLACEMENT_3D('',#15684,#12583,#12584);
#10868=AXIS2_PLACEMENT_3D('',#15687,#12587,#12588);
#10869=AXIS2_PLACEMENT_3D('',#15690,#12589,#12590);
#10870=AXIS2_PLACEMENT_3D('',#15694,#12592,#12593);
#10871=AXIS2_PLACEMENT_3D('',#15696,#12595,#12596);
#10872=AXIS2_PLACEMENT_3D('',#15702,#12600,#12601);
#10873=AXIS2_PLACEMENT_3D('',#15704,#12602,#12603);
#10874=AXIS2_PLACEMENT_3D('',#15706,#12604,#12605);
#10875=AXIS2_PLACEMENT_3D('',#15708,#12607,#12608);
#10876=AXIS2_PLACEMENT_3D('',#15714,#12612,#12613);
#10877=AXIS2_PLACEMENT_3D('',#15716,#12614,#12615);
#10878=AXIS2_PLACEMENT_3D('',#15718,#12616,#12617);
#10879=AXIS2_PLACEMENT_3D('',#15720,#12619,#12620);
#10880=AXIS2_PLACEMENT_3D('',#15726,#12624,#12625);
#10881=AXIS2_PLACEMENT_3D('',#15728,#12626,#12627);
#10882=AXIS2_PLACEMENT_3D('',#15730,#12628,#12629);
#10883=AXIS2_PLACEMENT_3D('',#15732,#12631,#12632);
#10884=AXIS2_PLACEMENT_3D('',#15735,#12635,#12636);
#10885=AXIS2_PLACEMENT_3D('',#15738,#12637,#12638);
#10886=AXIS2_PLACEMENT_3D('',#15742,#12640,#12641);
#10887=AXIS2_PLACEMENT_3D('',#15744,#12643,#12644);
#10888=AXIS2_PLACEMENT_3D('',#15750,#12648,#12649);
#10889=AXIS2_PLACEMENT_3D('',#15752,#12650,#12651);
#10890=AXIS2_PLACEMENT_3D('',#15754,#12652,#12653);
#10891=AXIS2_PLACEMENT_3D('',#15756,#12655,#12656);
#10892=AXIS2_PLACEMENT_3D('',#15762,#12660,#12661);
#10893=AXIS2_PLACEMENT_3D('',#15764,#12662,#12663);
#10894=AXIS2_PLACEMENT_3D('',#15766,#12664,#12665);
#10895=AXIS2_PLACEMENT_3D('',#15768,#12667,#12668);
#10896=AXIS2_PLACEMENT_3D('',#15774,#12672,#12673);
#10897=AXIS2_PLACEMENT_3D('',#15776,#12674,#12675);
#10898=AXIS2_PLACEMENT_3D('',#15778,#12676,#12677);
#10899=AXIS2_PLACEMENT_3D('',#15780,#12679,#12680);
#10900=AXIS2_PLACEMENT_3D('',#15783,#12683,#12684);
#10901=AXIS2_PLACEMENT_3D('',#15786,#12685,#12686);
#10902=AXIS2_PLACEMENT_3D('',#15790,#12688,#12689);
#10903=AXIS2_PLACEMENT_3D('',#15792,#12691,#12692);
#10904=AXIS2_PLACEMENT_3D('',#15798,#12696,#12697);
#10905=AXIS2_PLACEMENT_3D('',#15800,#12698,#12699);
#10906=AXIS2_PLACEMENT_3D('',#15802,#12700,#12701);
#10907=AXIS2_PLACEMENT_3D('',#15804,#12703,#12704);
#10908=AXIS2_PLACEMENT_3D('',#15810,#12708,#12709);
#10909=AXIS2_PLACEMENT_3D('',#15812,#12710,#12711);
#10910=AXIS2_PLACEMENT_3D('',#15814,#12712,#12713);
#10911=AXIS2_PLACEMENT_3D('',#15816,#12715,#12716);
#10912=AXIS2_PLACEMENT_3D('',#15822,#12720,#12721);
#10913=AXIS2_PLACEMENT_3D('',#15824,#12722,#12723);
#10914=AXIS2_PLACEMENT_3D('',#15826,#12724,#12725);
#10915=AXIS2_PLACEMENT_3D('',#15828,#12727,#12728);
#10916=AXIS2_PLACEMENT_3D('',#15831,#12731,#12732);
#10917=AXIS2_PLACEMENT_3D('',#15834,#12733,#12734);
#10918=AXIS2_PLACEMENT_3D('',#15838,#12736,#12737);
#10919=AXIS2_PLACEMENT_3D('',#15840,#12739,#12740);
#10920=AXIS2_PLACEMENT_3D('',#15846,#12744,#12745);
#10921=AXIS2_PLACEMENT_3D('',#15848,#12746,#12747);
#10922=AXIS2_PLACEMENT_3D('',#15850,#12748,#12749);
#10923=AXIS2_PLACEMENT_3D('',#15852,#12751,#12752);
#10924=AXIS2_PLACEMENT_3D('',#15858,#12756,#12757);
#10925=AXIS2_PLACEMENT_3D('',#15860,#12758,#12759);
#10926=AXIS2_PLACEMENT_3D('',#15862,#12760,#12761);
#10927=AXIS2_PLACEMENT_3D('',#15864,#12763,#12764);
#10928=AXIS2_PLACEMENT_3D('',#15870,#12768,#12769);
#10929=AXIS2_PLACEMENT_3D('',#15872,#12770,#12771);
#10930=AXIS2_PLACEMENT_3D('',#15874,#12772,#12773);
#10931=AXIS2_PLACEMENT_3D('',#15876,#12775,#12776);
#10932=AXIS2_PLACEMENT_3D('',#15879,#12779,#12780);
#10933=AXIS2_PLACEMENT_3D('',#15882,#12781,#12782);
#10934=AXIS2_PLACEMENT_3D('',#15886,#12784,#12785);
#10935=AXIS2_PLACEMENT_3D('',#15888,#12787,#12788);
#10936=AXIS2_PLACEMENT_3D('',#15894,#12792,#12793);
#10937=AXIS2_PLACEMENT_3D('',#15896,#12794,#12795);
#10938=AXIS2_PLACEMENT_3D('',#15898,#12796,#12797);
#10939=AXIS2_PLACEMENT_3D('',#15900,#12799,#12800);
#10940=AXIS2_PLACEMENT_3D('',#15906,#12804,#12805);
#10941=AXIS2_PLACEMENT_3D('',#15908,#12806,#12807);
#10942=AXIS2_PLACEMENT_3D('',#15910,#12808,#12809);
#10943=AXIS2_PLACEMENT_3D('',#15912,#12811,#12812);
#10944=AXIS2_PLACEMENT_3D('',#15918,#12816,#12817);
#10945=AXIS2_PLACEMENT_3D('',#15920,#12818,#12819);
#10946=AXIS2_PLACEMENT_3D('',#15922,#12820,#12821);
#10947=AXIS2_PLACEMENT_3D('',#15924,#12823,#12824);
#10948=AXIS2_PLACEMENT_3D('',#15927,#12827,#12828);
#10949=AXIS2_PLACEMENT_3D('',#15930,#12829,#12830);
#10950=AXIS2_PLACEMENT_3D('',#15934,#12832,#12833);
#10951=AXIS2_PLACEMENT_3D('',#15936,#12835,#12836);
#10952=AXIS2_PLACEMENT_3D('',#15942,#12840,#12841);
#10953=AXIS2_PLACEMENT_3D('',#15944,#12842,#12843);
#10954=AXIS2_PLACEMENT_3D('',#15946,#12844,#12845);
#10955=AXIS2_PLACEMENT_3D('',#15948,#12847,#12848);
#10956=AXIS2_PLACEMENT_3D('',#15954,#12852,#12853);
#10957=AXIS2_PLACEMENT_3D('',#15956,#12854,#12855);
#10958=AXIS2_PLACEMENT_3D('',#15958,#12856,#12857);
#10959=AXIS2_PLACEMENT_3D('',#15960,#12859,#12860);
#10960=AXIS2_PLACEMENT_3D('',#15966,#12864,#12865);
#10961=AXIS2_PLACEMENT_3D('',#15968,#12866,#12867);
#10962=AXIS2_PLACEMENT_3D('',#15970,#12868,#12869);
#10963=AXIS2_PLACEMENT_3D('',#15972,#12871,#12872);
#10964=AXIS2_PLACEMENT_3D('',#15975,#12875,#12876);
#10965=AXIS2_PLACEMENT_3D('',#15978,#12877,#12878);
#10966=AXIS2_PLACEMENT_3D('',#15982,#12880,#12881);
#10967=AXIS2_PLACEMENT_3D('',#15984,#12883,#12884);
#10968=AXIS2_PLACEMENT_3D('',#15990,#12888,#12889);
#10969=AXIS2_PLACEMENT_3D('',#15992,#12890,#12891);
#10970=AXIS2_PLACEMENT_3D('',#15994,#12892,#12893);
#10971=AXIS2_PLACEMENT_3D('',#15996,#12895,#12896);
#10972=AXIS2_PLACEMENT_3D('',#16002,#12900,#12901);
#10973=AXIS2_PLACEMENT_3D('',#16004,#12902,#12903);
#10974=AXIS2_PLACEMENT_3D('',#16006,#12904,#12905);
#10975=AXIS2_PLACEMENT_3D('',#16008,#12907,#12908);
#10976=AXIS2_PLACEMENT_3D('',#16014,#12912,#12913);
#10977=AXIS2_PLACEMENT_3D('',#16016,#12914,#12915);
#10978=AXIS2_PLACEMENT_3D('',#16018,#12916,#12917);
#10979=AXIS2_PLACEMENT_3D('',#16020,#12919,#12920);
#10980=AXIS2_PLACEMENT_3D('',#16023,#12923,#12924);
#10981=AXIS2_PLACEMENT_3D('',#16026,#12925,#12926);
#10982=AXIS2_PLACEMENT_3D('',#16030,#12928,#12929);
#10983=AXIS2_PLACEMENT_3D('',#16032,#12931,#12932);
#10984=AXIS2_PLACEMENT_3D('',#16038,#12936,#12937);
#10985=AXIS2_PLACEMENT_3D('',#16040,#12938,#12939);
#10986=AXIS2_PLACEMENT_3D('',#16042,#12940,#12941);
#10987=AXIS2_PLACEMENT_3D('',#16044,#12943,#12944);
#10988=AXIS2_PLACEMENT_3D('',#16050,#12948,#12949);
#10989=AXIS2_PLACEMENT_3D('',#16052,#12950,#12951);
#10990=AXIS2_PLACEMENT_3D('',#16054,#12952,#12953);
#10991=AXIS2_PLACEMENT_3D('',#16056,#12955,#12956);
#10992=AXIS2_PLACEMENT_3D('',#16062,#12960,#12961);
#10993=AXIS2_PLACEMENT_3D('',#16064,#12962,#12963);
#10994=AXIS2_PLACEMENT_3D('',#16066,#12964,#12965);
#10995=AXIS2_PLACEMENT_3D('',#16068,#12967,#12968);
#10996=AXIS2_PLACEMENT_3D('',#16071,#12971,#12972);
#10997=AXIS2_PLACEMENT_3D('',#16074,#12973,#12974);
#10998=AXIS2_PLACEMENT_3D('',#16078,#12976,#12977);
#10999=AXIS2_PLACEMENT_3D('',#16080,#12979,#12980);
#11000=AXIS2_PLACEMENT_3D('',#16086,#12984,#12985);
#11001=AXIS2_PLACEMENT_3D('',#16088,#12986,#12987);
#11002=AXIS2_PLACEMENT_3D('',#16090,#12988,#12989);
#11003=AXIS2_PLACEMENT_3D('',#16092,#12991,#12992);
#11004=AXIS2_PLACEMENT_3D('',#16098,#12996,#12997);
#11005=AXIS2_PLACEMENT_3D('',#16100,#12998,#12999);
#11006=AXIS2_PLACEMENT_3D('',#16102,#13000,#13001);
#11007=AXIS2_PLACEMENT_3D('',#16104,#13003,#13004);
#11008=AXIS2_PLACEMENT_3D('',#16110,#13008,#13009);
#11009=AXIS2_PLACEMENT_3D('',#16112,#13010,#13011);
#11010=AXIS2_PLACEMENT_3D('',#16114,#13012,#13013);
#11011=AXIS2_PLACEMENT_3D('',#16116,#13015,#13016);
#11012=AXIS2_PLACEMENT_3D('',#16119,#13019,#13020);
#11013=AXIS2_PLACEMENT_3D('',#16122,#13021,#13022);
#11014=AXIS2_PLACEMENT_3D('',#16126,#13024,#13025);
#11015=AXIS2_PLACEMENT_3D('',#16128,#13027,#13028);
#11016=AXIS2_PLACEMENT_3D('',#16134,#13032,#13033);
#11017=AXIS2_PLACEMENT_3D('',#16136,#13034,#13035);
#11018=AXIS2_PLACEMENT_3D('',#16138,#13036,#13037);
#11019=AXIS2_PLACEMENT_3D('',#16140,#13039,#13040);
#11020=AXIS2_PLACEMENT_3D('',#16146,#13044,#13045);
#11021=AXIS2_PLACEMENT_3D('',#16148,#13046,#13047);
#11022=AXIS2_PLACEMENT_3D('',#16150,#13048,#13049);
#11023=AXIS2_PLACEMENT_3D('',#16152,#13051,#13052);
#11024=AXIS2_PLACEMENT_3D('',#16158,#13056,#13057);
#11025=AXIS2_PLACEMENT_3D('',#16160,#13058,#13059);
#11026=AXIS2_PLACEMENT_3D('',#16162,#13060,#13061);
#11027=AXIS2_PLACEMENT_3D('',#16164,#13063,#13064);
#11028=AXIS2_PLACEMENT_3D('',#16167,#13067,#13068);
#11029=AXIS2_PLACEMENT_3D('',#16170,#13069,#13070);
#11030=AXIS2_PLACEMENT_3D('',#16174,#13072,#13073);
#11031=AXIS2_PLACEMENT_3D('',#16176,#13075,#13076);
#11032=AXIS2_PLACEMENT_3D('',#16182,#13080,#13081);
#11033=AXIS2_PLACEMENT_3D('',#16184,#13082,#13083);
#11034=AXIS2_PLACEMENT_3D('',#16186,#13084,#13085);
#11035=AXIS2_PLACEMENT_3D('',#16188,#13087,#13088);
#11036=AXIS2_PLACEMENT_3D('',#16194,#13092,#13093);
#11037=AXIS2_PLACEMENT_3D('',#16196,#13094,#13095);
#11038=AXIS2_PLACEMENT_3D('',#16198,#13096,#13097);
#11039=AXIS2_PLACEMENT_3D('',#16200,#13099,#13100);
#11040=AXIS2_PLACEMENT_3D('',#16206,#13104,#13105);
#11041=AXIS2_PLACEMENT_3D('',#16208,#13106,#13107);
#11042=AXIS2_PLACEMENT_3D('',#16210,#13108,#13109);
#11043=AXIS2_PLACEMENT_3D('',#16212,#13111,#13112);
#11044=AXIS2_PLACEMENT_3D('',#16215,#13115,#13116);
#11045=AXIS2_PLACEMENT_3D('',#16218,#13117,#13118);
#11046=AXIS2_PLACEMENT_3D('',#16222,#13120,#13121);
#11047=AXIS2_PLACEMENT_3D('',#16224,#13123,#13124);
#11048=AXIS2_PLACEMENT_3D('',#16230,#13128,#13129);
#11049=AXIS2_PLACEMENT_3D('',#16232,#13130,#13131);
#11050=AXIS2_PLACEMENT_3D('',#16234,#13132,#13133);
#11051=AXIS2_PLACEMENT_3D('',#16236,#13135,#13136);
#11052=AXIS2_PLACEMENT_3D('',#16242,#13140,#13141);
#11053=AXIS2_PLACEMENT_3D('',#16244,#13142,#13143);
#11054=AXIS2_PLACEMENT_3D('',#16246,#13144,#13145);
#11055=AXIS2_PLACEMENT_3D('',#16248,#13147,#13148);
#11056=AXIS2_PLACEMENT_3D('',#16254,#13152,#13153);
#11057=AXIS2_PLACEMENT_3D('',#16256,#13154,#13155);
#11058=AXIS2_PLACEMENT_3D('',#16258,#13156,#13157);
#11059=AXIS2_PLACEMENT_3D('',#16260,#13159,#13160);
#11060=AXIS2_PLACEMENT_3D('',#16263,#13163,#13164);
#11061=AXIS2_PLACEMENT_3D('',#16266,#13165,#13166);
#11062=AXIS2_PLACEMENT_3D('',#16270,#13168,#13169);
#11063=AXIS2_PLACEMENT_3D('',#16272,#13171,#13172);
#11064=AXIS2_PLACEMENT_3D('',#16278,#13176,#13177);
#11065=AXIS2_PLACEMENT_3D('',#16280,#13178,#13179);
#11066=AXIS2_PLACEMENT_3D('',#16282,#13180,#13181);
#11067=AXIS2_PLACEMENT_3D('',#16284,#13183,#13184);
#11068=AXIS2_PLACEMENT_3D('',#16290,#13188,#13189);
#11069=AXIS2_PLACEMENT_3D('',#16292,#13190,#13191);
#11070=AXIS2_PLACEMENT_3D('',#16294,#13192,#13193);
#11071=AXIS2_PLACEMENT_3D('',#16296,#13195,#13196);
#11072=AXIS2_PLACEMENT_3D('',#16302,#13200,#13201);
#11073=AXIS2_PLACEMENT_3D('',#16304,#13202,#13203);
#11074=AXIS2_PLACEMENT_3D('',#16306,#13204,#13205);
#11075=AXIS2_PLACEMENT_3D('',#16308,#13207,#13208);
#11076=AXIS2_PLACEMENT_3D('',#16311,#13211,#13212);
#11077=AXIS2_PLACEMENT_3D('',#16314,#13213,#13214);
#11078=AXIS2_PLACEMENT_3D('',#16318,#13216,#13217);
#11079=AXIS2_PLACEMENT_3D('',#16320,#13219,#13220);
#11080=AXIS2_PLACEMENT_3D('',#16326,#13224,#13225);
#11081=AXIS2_PLACEMENT_3D('',#16328,#13226,#13227);
#11082=AXIS2_PLACEMENT_3D('',#16330,#13228,#13229);
#11083=AXIS2_PLACEMENT_3D('',#16332,#13231,#13232);
#11084=AXIS2_PLACEMENT_3D('',#16338,#13236,#13237);
#11085=AXIS2_PLACEMENT_3D('',#16340,#13238,#13239);
#11086=AXIS2_PLACEMENT_3D('',#16342,#13240,#13241);
#11087=AXIS2_PLACEMENT_3D('',#16344,#13243,#13244);
#11088=AXIS2_PLACEMENT_3D('',#16350,#13248,#13249);
#11089=AXIS2_PLACEMENT_3D('',#16352,#13250,#13251);
#11090=AXIS2_PLACEMENT_3D('',#16354,#13252,#13253);
#11091=AXIS2_PLACEMENT_3D('',#16356,#13255,#13256);
#11092=AXIS2_PLACEMENT_3D('',#16359,#13259,#13260);
#11093=AXIS2_PLACEMENT_3D('',#16362,#13261,#13262);
#11094=AXIS2_PLACEMENT_3D('',#16366,#13264,#13265);
#11095=AXIS2_PLACEMENT_3D('',#16368,#13267,#13268);
#11096=AXIS2_PLACEMENT_3D('',#16374,#13272,#13273);
#11097=AXIS2_PLACEMENT_3D('',#16376,#13274,#13275);
#11098=AXIS2_PLACEMENT_3D('',#16378,#13276,#13277);
#11099=AXIS2_PLACEMENT_3D('',#16380,#13279,#13280);
#11100=AXIS2_PLACEMENT_3D('',#16386,#13284,#13285);
#11101=AXIS2_PLACEMENT_3D('',#16388,#13286,#13287);
#11102=AXIS2_PLACEMENT_3D('',#16390,#13288,#13289);
#11103=AXIS2_PLACEMENT_3D('',#16392,#13291,#13292);
#11104=AXIS2_PLACEMENT_3D('',#16398,#13296,#13297);
#11105=AXIS2_PLACEMENT_3D('',#16400,#13298,#13299);
#11106=AXIS2_PLACEMENT_3D('',#16402,#13300,#13301);
#11107=AXIS2_PLACEMENT_3D('',#16404,#13303,#13304);
#11108=AXIS2_PLACEMENT_3D('',#16407,#13307,#13308);
#11109=AXIS2_PLACEMENT_3D('',#16410,#13309,#13310);
#11110=AXIS2_PLACEMENT_3D('',#16414,#13312,#13313);
#11111=AXIS2_PLACEMENT_3D('',#16416,#13315,#13316);
#11112=AXIS2_PLACEMENT_3D('',#16422,#13320,#13321);
#11113=AXIS2_PLACEMENT_3D('',#16424,#13322,#13323);
#11114=AXIS2_PLACEMENT_3D('',#16426,#13324,#13325);
#11115=AXIS2_PLACEMENT_3D('',#16428,#13327,#13328);
#11116=AXIS2_PLACEMENT_3D('',#16434,#13332,#13333);
#11117=AXIS2_PLACEMENT_3D('',#16436,#13334,#13335);
#11118=AXIS2_PLACEMENT_3D('',#16438,#13336,#13337);
#11119=AXIS2_PLACEMENT_3D('',#16440,#13339,#13340);
#11120=AXIS2_PLACEMENT_3D('',#16446,#13344,#13345);
#11121=AXIS2_PLACEMENT_3D('',#16448,#13346,#13347);
#11122=AXIS2_PLACEMENT_3D('',#16450,#13348,#13349);
#11123=AXIS2_PLACEMENT_3D('',#16452,#13351,#13352);
#11124=AXIS2_PLACEMENT_3D('',#16455,#13355,#13356);
#11125=AXIS2_PLACEMENT_3D('',#16458,#13357,#13358);
#11126=AXIS2_PLACEMENT_3D('',#16462,#13360,#13361);
#11127=AXIS2_PLACEMENT_3D('',#16464,#13363,#13364);
#11128=AXIS2_PLACEMENT_3D('',#16470,#13368,#13369);
#11129=AXIS2_PLACEMENT_3D('',#16472,#13370,#13371);
#11130=AXIS2_PLACEMENT_3D('',#16474,#13372,#13373);
#11131=AXIS2_PLACEMENT_3D('',#16476,#13375,#13376);
#11132=AXIS2_PLACEMENT_3D('',#16482,#13380,#13381);
#11133=AXIS2_PLACEMENT_3D('',#16484,#13382,#13383);
#11134=AXIS2_PLACEMENT_3D('',#16486,#13384,#13385);
#11135=AXIS2_PLACEMENT_3D('',#16488,#13387,#13388);
#11136=AXIS2_PLACEMENT_3D('',#16494,#13392,#13393);
#11137=AXIS2_PLACEMENT_3D('',#16496,#13394,#13395);
#11138=AXIS2_PLACEMENT_3D('',#16498,#13396,#13397);
#11139=AXIS2_PLACEMENT_3D('',#16500,#13399,#13400);
#11140=AXIS2_PLACEMENT_3D('',#16503,#13403,#13404);
#11141=AXIS2_PLACEMENT_3D('',#16506,#13405,#13406);
#11142=AXIS2_PLACEMENT_3D('',#16510,#13408,#13409);
#11143=AXIS2_PLACEMENT_3D('',#16512,#13411,#13412);
#11144=AXIS2_PLACEMENT_3D('',#16518,#13416,#13417);
#11145=AXIS2_PLACEMENT_3D('',#16520,#13418,#13419);
#11146=AXIS2_PLACEMENT_3D('',#16522,#13420,#13421);
#11147=AXIS2_PLACEMENT_3D('',#16524,#13423,#13424);
#11148=AXIS2_PLACEMENT_3D('',#16530,#13428,#13429);
#11149=AXIS2_PLACEMENT_3D('',#16532,#13430,#13431);
#11150=AXIS2_PLACEMENT_3D('',#16534,#13432,#13433);
#11151=AXIS2_PLACEMENT_3D('',#16536,#13435,#13436);
#11152=AXIS2_PLACEMENT_3D('',#16542,#13440,#13441);
#11153=AXIS2_PLACEMENT_3D('',#16544,#13442,#13443);
#11154=AXIS2_PLACEMENT_3D('',#16546,#13444,#13445);
#11155=AXIS2_PLACEMENT_3D('',#16548,#13447,#13448);
#11156=AXIS2_PLACEMENT_3D('',#16551,#13451,#13452);
#11157=AXIS2_PLACEMENT_3D('',#16554,#13453,#13454);
#11158=AXIS2_PLACEMENT_3D('',#16558,#13456,#13457);
#11159=AXIS2_PLACEMENT_3D('',#16560,#13459,#13460);
#11160=AXIS2_PLACEMENT_3D('',#16566,#13464,#13465);
#11161=AXIS2_PLACEMENT_3D('',#16568,#13466,#13467);
#11162=AXIS2_PLACEMENT_3D('',#16570,#13468,#13469);
#11163=AXIS2_PLACEMENT_3D('',#16572,#13471,#13472);
#11164=AXIS2_PLACEMENT_3D('',#16578,#13476,#13477);
#11165=AXIS2_PLACEMENT_3D('',#16580,#13478,#13479);
#11166=AXIS2_PLACEMENT_3D('',#16582,#13480,#13481);
#11167=AXIS2_PLACEMENT_3D('',#16584,#13483,#13484);
#11168=AXIS2_PLACEMENT_3D('',#16590,#13488,#13489);
#11169=AXIS2_PLACEMENT_3D('',#16592,#13490,#13491);
#11170=AXIS2_PLACEMENT_3D('',#16594,#13492,#13493);
#11171=AXIS2_PLACEMENT_3D('',#16596,#13495,#13496);
#11172=AXIS2_PLACEMENT_3D('',#16599,#13499,#13500);
#11173=AXIS2_PLACEMENT_3D('',#16602,#13501,#13502);
#11174=AXIS2_PLACEMENT_3D('',#16606,#13504,#13505);
#11175=AXIS2_PLACEMENT_3D('',#16608,#13507,#13508);
#11176=AXIS2_PLACEMENT_3D('',#16614,#13512,#13513);
#11177=AXIS2_PLACEMENT_3D('',#16616,#13514,#13515);
#11178=AXIS2_PLACEMENT_3D('',#16618,#13516,#13517);
#11179=AXIS2_PLACEMENT_3D('',#16620,#13519,#13520);
#11180=AXIS2_PLACEMENT_3D('',#16626,#13524,#13525);
#11181=AXIS2_PLACEMENT_3D('',#16628,#13526,#13527);
#11182=AXIS2_PLACEMENT_3D('',#16630,#13528,#13529);
#11183=AXIS2_PLACEMENT_3D('',#16632,#13531,#13532);
#11184=AXIS2_PLACEMENT_3D('',#16638,#13536,#13537);
#11185=AXIS2_PLACEMENT_3D('',#16640,#13538,#13539);
#11186=AXIS2_PLACEMENT_3D('',#16642,#13540,#13541);
#11187=AXIS2_PLACEMENT_3D('',#16644,#13543,#13544);
#11188=AXIS2_PLACEMENT_3D('',#16647,#13547,#13548);
#11189=AXIS2_PLACEMENT_3D('',#16650,#13549,#13550);
#11190=AXIS2_PLACEMENT_3D('',#16654,#13552,#13553);
#11191=AXIS2_PLACEMENT_3D('',#16656,#13555,#13556);
#11192=AXIS2_PLACEMENT_3D('',#16662,#13560,#13561);
#11193=AXIS2_PLACEMENT_3D('',#16664,#13562,#13563);
#11194=AXIS2_PLACEMENT_3D('',#16666,#13564,#13565);
#11195=AXIS2_PLACEMENT_3D('',#16668,#13567,#13568);
#11196=AXIS2_PLACEMENT_3D('',#16674,#13572,#13573);
#11197=AXIS2_PLACEMENT_3D('',#16676,#13574,#13575);
#11198=AXIS2_PLACEMENT_3D('',#16678,#13576,#13577);
#11199=AXIS2_PLACEMENT_3D('',#16680,#13579,#13580);
#11200=AXIS2_PLACEMENT_3D('',#16686,#13584,#13585);
#11201=AXIS2_PLACEMENT_3D('',#16688,#13586,#13587);
#11202=AXIS2_PLACEMENT_3D('',#16690,#13588,#13589);
#11203=AXIS2_PLACEMENT_3D('',#16692,#13591,#13592);
#11204=AXIS2_PLACEMENT_3D('',#16695,#13595,#13596);
#11205=AXIS2_PLACEMENT_3D('',#16698,#13597,#13598);
#11206=AXIS2_PLACEMENT_3D('',#16702,#13600,#13601);
#11207=AXIS2_PLACEMENT_3D('',#16704,#13603,#13604);
#11208=AXIS2_PLACEMENT_3D('',#16710,#13608,#13609);
#11209=AXIS2_PLACEMENT_3D('',#16712,#13610,#13611);
#11210=AXIS2_PLACEMENT_3D('',#16714,#13612,#13613);
#11211=AXIS2_PLACEMENT_3D('',#16716,#13615,#13616);
#11212=AXIS2_PLACEMENT_3D('',#16722,#13620,#13621);
#11213=AXIS2_PLACEMENT_3D('',#16724,#13622,#13623);
#11214=AXIS2_PLACEMENT_3D('',#16726,#13624,#13625);
#11215=AXIS2_PLACEMENT_3D('',#16728,#13627,#13628);
#11216=AXIS2_PLACEMENT_3D('',#16734,#13632,#13633);
#11217=AXIS2_PLACEMENT_3D('',#16736,#13634,#13635);
#11218=AXIS2_PLACEMENT_3D('',#16738,#13636,#13637);
#11219=AXIS2_PLACEMENT_3D('',#16740,#13639,#13640);
#11220=AXIS2_PLACEMENT_3D('',#16743,#13643,#13644);
#11221=AXIS2_PLACEMENT_3D('',#16746,#13645,#13646);
#11222=AXIS2_PLACEMENT_3D('',#16750,#13648,#13649);
#11223=AXIS2_PLACEMENT_3D('',#16752,#13651,#13652);
#11224=AXIS2_PLACEMENT_3D('',#16758,#13656,#13657);
#11225=AXIS2_PLACEMENT_3D('',#16760,#13658,#13659);
#11226=AXIS2_PLACEMENT_3D('',#16762,#13660,#13661);
#11227=AXIS2_PLACEMENT_3D('',#16764,#13663,#13664);
#11228=AXIS2_PLACEMENT_3D('',#16770,#13668,#13669);
#11229=AXIS2_PLACEMENT_3D('',#16772,#13670,#13671);
#11230=AXIS2_PLACEMENT_3D('',#16774,#13672,#13673);
#11231=AXIS2_PLACEMENT_3D('',#16776,#13675,#13676);
#11232=AXIS2_PLACEMENT_3D('',#16782,#13680,#13681);
#11233=AXIS2_PLACEMENT_3D('',#16784,#13682,#13683);
#11234=AXIS2_PLACEMENT_3D('',#16786,#13684,#13685);
#11235=AXIS2_PLACEMENT_3D('',#16788,#13687,#13688);
#11236=AXIS2_PLACEMENT_3D('',#16791,#13691,#13692);
#11237=AXIS2_PLACEMENT_3D('',#16794,#13693,#13694);
#11238=AXIS2_PLACEMENT_3D('',#16798,#13696,#13697);
#11239=AXIS2_PLACEMENT_3D('',#16800,#13699,#13700);
#11240=AXIS2_PLACEMENT_3D('',#16806,#13704,#13705);
#11241=AXIS2_PLACEMENT_3D('',#16808,#13706,#13707);
#11242=AXIS2_PLACEMENT_3D('',#16810,#13708,#13709);
#11243=AXIS2_PLACEMENT_3D('',#16812,#13711,#13712);
#11244=AXIS2_PLACEMENT_3D('',#16818,#13716,#13717);
#11245=AXIS2_PLACEMENT_3D('',#16820,#13718,#13719);
#11246=AXIS2_PLACEMENT_3D('',#16822,#13720,#13721);
#11247=AXIS2_PLACEMENT_3D('',#16824,#13723,#13724);
#11248=AXIS2_PLACEMENT_3D('',#16830,#13728,#13729);
#11249=AXIS2_PLACEMENT_3D('',#16832,#13730,#13731);
#11250=AXIS2_PLACEMENT_3D('',#16834,#13732,#13733);
#11251=AXIS2_PLACEMENT_3D('',#16836,#13735,#13736);
#11252=AXIS2_PLACEMENT_3D('',#16839,#13739,#13740);
#11253=AXIS2_PLACEMENT_3D('',#16842,#13741,#13742);
#11254=AXIS2_PLACEMENT_3D('',#16846,#13744,#13745);
#11255=AXIS2_PLACEMENT_3D('',#16848,#13747,#13748);
#11256=AXIS2_PLACEMENT_3D('',#16854,#13752,#13753);
#11257=AXIS2_PLACEMENT_3D('',#16856,#13754,#13755);
#11258=AXIS2_PLACEMENT_3D('',#16858,#13756,#13757);
#11259=AXIS2_PLACEMENT_3D('',#16860,#13759,#13760);
#11260=AXIS2_PLACEMENT_3D('',#16866,#13764,#13765);
#11261=AXIS2_PLACEMENT_3D('',#16868,#13766,#13767);
#11262=AXIS2_PLACEMENT_3D('',#16870,#13768,#13769);
#11263=AXIS2_PLACEMENT_3D('',#16872,#13771,#13772);
#11264=AXIS2_PLACEMENT_3D('',#16878,#13776,#13777);
#11265=AXIS2_PLACEMENT_3D('',#16880,#13778,#13779);
#11266=AXIS2_PLACEMENT_3D('',#16882,#13780,#13781);
#11267=AXIS2_PLACEMENT_3D('',#16884,#13783,#13784);
#11268=AXIS2_PLACEMENT_3D('',#16887,#13787,#13788);
#11269=AXIS2_PLACEMENT_3D('',#16890,#13789,#13790);
#11270=AXIS2_PLACEMENT_3D('',#16894,#13792,#13793);
#11271=AXIS2_PLACEMENT_3D('',#16896,#13795,#13796);
#11272=AXIS2_PLACEMENT_3D('',#16902,#13800,#13801);
#11273=AXIS2_PLACEMENT_3D('',#16904,#13802,#13803);
#11274=AXIS2_PLACEMENT_3D('',#16906,#13804,#13805);
#11275=AXIS2_PLACEMENT_3D('',#16908,#13807,#13808);
#11276=AXIS2_PLACEMENT_3D('',#16914,#13812,#13813);
#11277=AXIS2_PLACEMENT_3D('',#16916,#13814,#13815);
#11278=AXIS2_PLACEMENT_3D('',#16918,#13816,#13817);
#11279=AXIS2_PLACEMENT_3D('',#16920,#13819,#13820);
#11280=AXIS2_PLACEMENT_3D('',#16926,#13824,#13825);
#11281=AXIS2_PLACEMENT_3D('',#16928,#13826,#13827);
#11282=AXIS2_PLACEMENT_3D('',#16930,#13828,#13829);
#11283=AXIS2_PLACEMENT_3D('',#16932,#13831,#13832);
#11284=AXIS2_PLACEMENT_3D('',#16935,#13835,#13836);
#11285=AXIS2_PLACEMENT_3D('',#16938,#13837,#13838);
#11286=AXIS2_PLACEMENT_3D('',#16942,#13840,#13841);
#11287=AXIS2_PLACEMENT_3D('',#16944,#13843,#13844);
#11288=AXIS2_PLACEMENT_3D('',#16950,#13848,#13849);
#11289=AXIS2_PLACEMENT_3D('',#16952,#13850,#13851);
#11290=AXIS2_PLACEMENT_3D('',#16954,#13852,#13853);
#11291=AXIS2_PLACEMENT_3D('',#16956,#13855,#13856);
#11292=AXIS2_PLACEMENT_3D('',#16962,#13860,#13861);
#11293=AXIS2_PLACEMENT_3D('',#16964,#13862,#13863);
#11294=AXIS2_PLACEMENT_3D('',#16966,#13864,#13865);
#11295=AXIS2_PLACEMENT_3D('',#16968,#13867,#13868);
#11296=AXIS2_PLACEMENT_3D('',#16974,#13872,#13873);
#11297=AXIS2_PLACEMENT_3D('',#16976,#13874,#13875);
#11298=AXIS2_PLACEMENT_3D('',#16978,#13876,#13877);
#11299=AXIS2_PLACEMENT_3D('',#16980,#13879,#13880);
#11300=AXIS2_PLACEMENT_3D('',#16983,#13883,#13884);
#11301=AXIS2_PLACEMENT_3D('',#16986,#13885,#13886);
#11302=AXIS2_PLACEMENT_3D('',#16990,#13888,#13889);
#11303=AXIS2_PLACEMENT_3D('',#16992,#13891,#13892);
#11304=AXIS2_PLACEMENT_3D('',#16998,#13896,#13897);
#11305=AXIS2_PLACEMENT_3D('',#17000,#13898,#13899);
#11306=AXIS2_PLACEMENT_3D('',#17002,#13900,#13901);
#11307=AXIS2_PLACEMENT_3D('',#17004,#13903,#13904);
#11308=AXIS2_PLACEMENT_3D('',#17010,#13908,#13909);
#11309=AXIS2_PLACEMENT_3D('',#17012,#13910,#13911);
#11310=AXIS2_PLACEMENT_3D('',#17014,#13912,#13913);
#11311=AXIS2_PLACEMENT_3D('',#17016,#13915,#13916);
#11312=AXIS2_PLACEMENT_3D('',#17022,#13920,#13921);
#11313=AXIS2_PLACEMENT_3D('',#17024,#13922,#13923);
#11314=AXIS2_PLACEMENT_3D('',#17026,#13924,#13925);
#11315=AXIS2_PLACEMENT_3D('',#17028,#13927,#13928);
#11316=AXIS2_PLACEMENT_3D('',#17031,#13931,#13932);
#11317=AXIS2_PLACEMENT_3D('',#17034,#13933,#13934);
#11318=AXIS2_PLACEMENT_3D('',#17038,#13936,#13937);
#11319=AXIS2_PLACEMENT_3D('',#17040,#13939,#13940);
#11320=AXIS2_PLACEMENT_3D('',#17046,#13944,#13945);
#11321=AXIS2_PLACEMENT_3D('',#17048,#13946,#13947);
#11322=AXIS2_PLACEMENT_3D('',#17050,#13948,#13949);
#11323=AXIS2_PLACEMENT_3D('',#17052,#13951,#13952);
#11324=AXIS2_PLACEMENT_3D('',#17058,#13956,#13957);
#11325=AXIS2_PLACEMENT_3D('',#17060,#13958,#13959);
#11326=AXIS2_PLACEMENT_3D('',#17062,#13960,#13961);
#11327=AXIS2_PLACEMENT_3D('',#17064,#13963,#13964);
#11328=AXIS2_PLACEMENT_3D('',#17070,#13968,#13969);
#11329=AXIS2_PLACEMENT_3D('',#17072,#13970,#13971);
#11330=AXIS2_PLACEMENT_3D('',#17074,#13972,#13973);
#11331=AXIS2_PLACEMENT_3D('',#17076,#13975,#13976);
#11332=AXIS2_PLACEMENT_3D('',#17079,#13979,#13980);
#11333=AXIS2_PLACEMENT_3D('',#17082,#13981,#13982);
#11334=AXIS2_PLACEMENT_3D('',#17086,#13984,#13985);
#11335=AXIS2_PLACEMENT_3D('',#17088,#13987,#13988);
#11336=AXIS2_PLACEMENT_3D('',#17094,#13992,#13993);
#11337=AXIS2_PLACEMENT_3D('',#17096,#13994,#13995);
#11338=AXIS2_PLACEMENT_3D('',#17098,#13996,#13997);
#11339=AXIS2_PLACEMENT_3D('',#17100,#13999,#14000);
#11340=AXIS2_PLACEMENT_3D('',#17106,#14004,#14005);
#11341=AXIS2_PLACEMENT_3D('',#17108,#14006,#14007);
#11342=AXIS2_PLACEMENT_3D('',#17110,#14008,#14009);
#11343=AXIS2_PLACEMENT_3D('',#17112,#14011,#14012);
#11344=AXIS2_PLACEMENT_3D('',#17118,#14016,#14017);
#11345=AXIS2_PLACEMENT_3D('',#17120,#14018,#14019);
#11346=AXIS2_PLACEMENT_3D('',#17122,#14020,#14021);
#11347=AXIS2_PLACEMENT_3D('',#17124,#14023,#14024);
#11348=AXIS2_PLACEMENT_3D('',#17127,#14027,#14028);
#11349=AXIS2_PLACEMENT_3D('',#17130,#14029,#14030);
#11350=AXIS2_PLACEMENT_3D('',#17134,#14032,#14033);
#11351=AXIS2_PLACEMENT_3D('',#17136,#14035,#14036);
#11352=AXIS2_PLACEMENT_3D('',#17142,#14040,#14041);
#11353=AXIS2_PLACEMENT_3D('',#17144,#14042,#14043);
#11354=AXIS2_PLACEMENT_3D('',#17146,#14044,#14045);
#11355=AXIS2_PLACEMENT_3D('',#17148,#14047,#14048);
#11356=AXIS2_PLACEMENT_3D('',#17154,#14052,#14053);
#11357=AXIS2_PLACEMENT_3D('',#17156,#14054,#14055);
#11358=AXIS2_PLACEMENT_3D('',#17158,#14056,#14057);
#11359=AXIS2_PLACEMENT_3D('',#17160,#14059,#14060);
#11360=AXIS2_PLACEMENT_3D('',#17166,#14064,#14065);
#11361=AXIS2_PLACEMENT_3D('',#17168,#14066,#14067);
#11362=AXIS2_PLACEMENT_3D('',#17170,#14068,#14069);
#11363=AXIS2_PLACEMENT_3D('',#17172,#14071,#14072);
#11364=AXIS2_PLACEMENT_3D('',#17175,#14075,#14076);
#11365=AXIS2_PLACEMENT_3D('',#17178,#14077,#14078);
#11366=AXIS2_PLACEMENT_3D('',#17182,#14080,#14081);
#11367=AXIS2_PLACEMENT_3D('',#17184,#14083,#14084);
#11368=AXIS2_PLACEMENT_3D('',#17190,#14088,#14089);
#11369=AXIS2_PLACEMENT_3D('',#17192,#14090,#14091);
#11370=AXIS2_PLACEMENT_3D('',#17194,#14092,#14093);
#11371=AXIS2_PLACEMENT_3D('',#17196,#14095,#14096);
#11372=AXIS2_PLACEMENT_3D('',#17202,#14100,#14101);
#11373=AXIS2_PLACEMENT_3D('',#17204,#14102,#14103);
#11374=AXIS2_PLACEMENT_3D('',#17206,#14104,#14105);
#11375=AXIS2_PLACEMENT_3D('',#17208,#14107,#14108);
#11376=AXIS2_PLACEMENT_3D('',#17214,#14112,#14113);
#11377=AXIS2_PLACEMENT_3D('',#17216,#14114,#14115);
#11378=AXIS2_PLACEMENT_3D('',#17218,#14116,#14117);
#11379=AXIS2_PLACEMENT_3D('',#17220,#14119,#14120);
#11380=AXIS2_PLACEMENT_3D('',#17223,#14123,#14124);
#11381=AXIS2_PLACEMENT_3D('',#17226,#14125,#14126);
#11382=AXIS2_PLACEMENT_3D('',#17230,#14128,#14129);
#11383=AXIS2_PLACEMENT_3D('',#17232,#14131,#14132);
#11384=AXIS2_PLACEMENT_3D('',#17238,#14136,#14137);
#11385=AXIS2_PLACEMENT_3D('',#17240,#14138,#14139);
#11386=AXIS2_PLACEMENT_3D('',#17242,#14140,#14141);
#11387=AXIS2_PLACEMENT_3D('',#17244,#14143,#14144);
#11388=AXIS2_PLACEMENT_3D('',#17250,#14148,#14149);
#11389=AXIS2_PLACEMENT_3D('',#17252,#14150,#14151);
#11390=AXIS2_PLACEMENT_3D('',#17254,#14152,#14153);
#11391=AXIS2_PLACEMENT_3D('',#17256,#14155,#14156);
#11392=AXIS2_PLACEMENT_3D('',#17262,#14160,#14161);
#11393=AXIS2_PLACEMENT_3D('',#17264,#14162,#14163);
#11394=AXIS2_PLACEMENT_3D('',#17266,#14164,#14165);
#11395=AXIS2_PLACEMENT_3D('',#17268,#14167,#14168);
#11396=AXIS2_PLACEMENT_3D('',#17271,#14171,#14172);
#11397=AXIS2_PLACEMENT_3D('',#17280,#14177,#14178);
#11398=AXIS2_PLACEMENT_3D('',#17282,#14179,#14180);
#11399=AXIS2_PLACEMENT_3D('',#17285,#14182,#14183);
#11400=AXIS2_PLACEMENT_3D('',#17286,#14184,#14185);
#11401=AXIS2_PLACEMENT_3D('',#17292,#14189,#14190);
#11402=AXIS2_PLACEMENT_3D('',#17294,#14191,#14192);
#11403=AXIS2_PLACEMENT_3D('',#17297,#14194,#14195);
#11404=AXIS2_PLACEMENT_3D('',#17298,#14196,#14197);
#11405=AXIS2_PLACEMENT_3D('',#17304,#14201,#14202);
#11406=AXIS2_PLACEMENT_3D('',#17306,#14203,#14204);
#11407=AXIS2_PLACEMENT_3D('',#17309,#14206,#14207);
#11408=AXIS2_PLACEMENT_3D('',#17310,#14208,#14209);
#11409=AXIS2_PLACEMENT_3D('',#17316,#14213,#14214);
#11410=AXIS2_PLACEMENT_3D('',#17318,#14215,#14216);
#11411=AXIS2_PLACEMENT_3D('',#17321,#14218,#14219);
#11412=AXIS2_PLACEMENT_3D('',#17322,#14220,#14221);
#11413=AXIS2_PLACEMENT_3D('',#17328,#14225,#14226);
#11414=AXIS2_PLACEMENT_3D('',#17330,#14227,#14228);
#11415=AXIS2_PLACEMENT_3D('',#17333,#14230,#14231);
#11416=AXIS2_PLACEMENT_3D('',#17334,#14232,#14233);
#11417=AXIS2_PLACEMENT_3D('',#17340,#14237,#14238);
#11418=AXIS2_PLACEMENT_3D('',#17342,#14239,#14240);
#11419=AXIS2_PLACEMENT_3D('',#17345,#14242,#14243);
#11420=AXIS2_PLACEMENT_3D('',#17346,#14244,#14245);
#11421=AXIS2_PLACEMENT_3D('',#17352,#14249,#14250);
#11422=AXIS2_PLACEMENT_3D('',#17354,#14251,#14252);
#11423=AXIS2_PLACEMENT_3D('',#17357,#14254,#14255);
#11424=AXIS2_PLACEMENT_3D('',#17358,#14256,#14257);
#11425=AXIS2_PLACEMENT_3D('',#17364,#14261,#14262);
#11426=AXIS2_PLACEMENT_3D('',#17366,#14263,#14264);
#11427=AXIS2_PLACEMENT_3D('',#17369,#14266,#14267);
#11428=AXIS2_PLACEMENT_3D('',#17370,#14268,#14269);
#11429=AXIS2_PLACEMENT_3D('',#17376,#14273,#14274);
#11430=AXIS2_PLACEMENT_3D('',#17378,#14275,#14276);
#11431=AXIS2_PLACEMENT_3D('',#17381,#14278,#14279);
#11432=AXIS2_PLACEMENT_3D('',#17382,#14280,#14281);
#11433=AXIS2_PLACEMENT_3D('',#17388,#14285,#14286);
#11434=AXIS2_PLACEMENT_3D('',#17390,#14287,#14288);
#11435=AXIS2_PLACEMENT_3D('',#17393,#14290,#14291);
#11436=AXIS2_PLACEMENT_3D('',#17394,#14292,#14293);
#11437=AXIS2_PLACEMENT_3D('',#17400,#14297,#14298);
#11438=AXIS2_PLACEMENT_3D('',#17402,#14299,#14300);
#11439=AXIS2_PLACEMENT_3D('',#17405,#14302,#14303);
#11440=AXIS2_PLACEMENT_3D('',#17406,#14304,#14305);
#11441=AXIS2_PLACEMENT_3D('',#17412,#14309,#14310);
#11442=AXIS2_PLACEMENT_3D('',#17414,#14311,#14312);
#11443=AXIS2_PLACEMENT_3D('',#17417,#14314,#14315);
#11444=AXIS2_PLACEMENT_3D('',#17418,#14316,#14317);
#11445=AXIS2_PLACEMENT_3D('',#17424,#14321,#14322);
#11446=AXIS2_PLACEMENT_3D('',#17426,#14323,#14324);
#11447=AXIS2_PLACEMENT_3D('',#17429,#14326,#14327);
#11448=AXIS2_PLACEMENT_3D('',#17430,#14328,#14329);
#11449=AXIS2_PLACEMENT_3D('',#17436,#14333,#14334);
#11450=AXIS2_PLACEMENT_3D('',#17438,#14335,#14336);
#11451=AXIS2_PLACEMENT_3D('',#17441,#14338,#14339);
#11452=AXIS2_PLACEMENT_3D('',#17442,#14340,#14341);
#11453=AXIS2_PLACEMENT_3D('',#17448,#14345,#14346);
#11454=AXIS2_PLACEMENT_3D('',#17450,#14347,#14348);
#11455=AXIS2_PLACEMENT_3D('',#17453,#14350,#14351);
#11456=AXIS2_PLACEMENT_3D('',#17454,#14352,#14353);
#11457=AXIS2_PLACEMENT_3D('',#17460,#14357,#14358);
#11458=AXIS2_PLACEMENT_3D('',#17462,#14359,#14360);
#11459=AXIS2_PLACEMENT_3D('',#17465,#14362,#14363);
#11460=AXIS2_PLACEMENT_3D('',#17466,#14364,#14365);
#11461=AXIS2_PLACEMENT_3D('',#17472,#14369,#14370);
#11462=AXIS2_PLACEMENT_3D('',#17474,#14371,#14372);
#11463=AXIS2_PLACEMENT_3D('',#17477,#14374,#14375);
#11464=AXIS2_PLACEMENT_3D('',#17478,#14376,#14377);
#11465=AXIS2_PLACEMENT_3D('',#17484,#14381,#14382);
#11466=AXIS2_PLACEMENT_3D('',#17486,#14383,#14384);
#11467=AXIS2_PLACEMENT_3D('',#17489,#14386,#14387);
#11468=AXIS2_PLACEMENT_3D('',#17490,#14388,#14389);
#11469=AXIS2_PLACEMENT_3D('',#17496,#14393,#14394);
#11470=AXIS2_PLACEMENT_3D('',#17498,#14395,#14396);
#11471=AXIS2_PLACEMENT_3D('',#17501,#14398,#14399);
#11472=AXIS2_PLACEMENT_3D('',#17502,#14400,#14401);
#11473=AXIS2_PLACEMENT_3D('',#17508,#14405,#14406);
#11474=AXIS2_PLACEMENT_3D('',#17510,#14407,#14408);
#11475=AXIS2_PLACEMENT_3D('',#17513,#14410,#14411);
#11476=AXIS2_PLACEMENT_3D('',#17514,#14412,#14413);
#11477=AXIS2_PLACEMENT_3D('',#17520,#14417,#14418);
#11478=AXIS2_PLACEMENT_3D('',#17522,#14419,#14420);
#11479=AXIS2_PLACEMENT_3D('',#17525,#14422,#14423);
#11480=AXIS2_PLACEMENT_3D('',#17526,#14424,#14425);
#11481=AXIS2_PLACEMENT_3D('',#17532,#14429,#14430);
#11482=AXIS2_PLACEMENT_3D('',#17534,#14431,#14432);
#11483=AXIS2_PLACEMENT_3D('',#17537,#14434,#14435);
#11484=AXIS2_PLACEMENT_3D('',#17538,#14436,#14437);
#11485=AXIS2_PLACEMENT_3D('',#17544,#14441,#14442);
#11486=AXIS2_PLACEMENT_3D('',#17546,#14443,#14444);
#11487=AXIS2_PLACEMENT_3D('',#17549,#14446,#14447);
#11488=AXIS2_PLACEMENT_3D('',#17550,#14448,#14449);
#11489=AXIS2_PLACEMENT_3D('',#17556,#14453,#14454);
#11490=AXIS2_PLACEMENT_3D('',#17558,#14455,#14456);
#11491=AXIS2_PLACEMENT_3D('',#17561,#14458,#14459);
#11492=AXIS2_PLACEMENT_3D('',#17562,#14460,#14461);
#11493=AXIS2_PLACEMENT_3D('',#17568,#14465,#14466);
#11494=AXIS2_PLACEMENT_3D('',#17570,#14467,#14468);
#11495=AXIS2_PLACEMENT_3D('',#17573,#14470,#14471);
#11496=AXIS2_PLACEMENT_3D('',#17574,#14472,#14473);
#11497=AXIS2_PLACEMENT_3D('',#17580,#14477,#14478);
#11498=AXIS2_PLACEMENT_3D('',#17582,#14479,#14480);
#11499=AXIS2_PLACEMENT_3D('',#17585,#14482,#14483);
#11500=AXIS2_PLACEMENT_3D('',#17586,#14484,#14485);
#11501=AXIS2_PLACEMENT_3D('',#17592,#14489,#14490);
#11502=AXIS2_PLACEMENT_3D('',#17594,#14491,#14492);
#11503=AXIS2_PLACEMENT_3D('',#17597,#14494,#14495);
#11504=AXIS2_PLACEMENT_3D('',#17598,#14496,#14497);
#11505=AXIS2_PLACEMENT_3D('',#17604,#14501,#14502);
#11506=AXIS2_PLACEMENT_3D('',#17606,#14503,#14504);
#11507=AXIS2_PLACEMENT_3D('',#17609,#14506,#14507);
#11508=AXIS2_PLACEMENT_3D('',#17610,#14508,#14509);
#11509=AXIS2_PLACEMENT_3D('',#17616,#14513,#14514);
#11510=AXIS2_PLACEMENT_3D('',#17618,#14515,#14516);
#11511=AXIS2_PLACEMENT_3D('',#17621,#14518,#14519);
#11512=AXIS2_PLACEMENT_3D('',#17622,#14520,#14521);
#11513=AXIS2_PLACEMENT_3D('',#17628,#14525,#14526);
#11514=AXIS2_PLACEMENT_3D('',#17630,#14527,#14528);
#11515=AXIS2_PLACEMENT_3D('',#17633,#14530,#14531);
#11516=AXIS2_PLACEMENT_3D('',#17634,#14532,#14533);
#11517=AXIS2_PLACEMENT_3D('',#17640,#14537,#14538);
#11518=AXIS2_PLACEMENT_3D('',#17642,#14539,#14540);
#11519=AXIS2_PLACEMENT_3D('',#17645,#14542,#14543);
#11520=AXIS2_PLACEMENT_3D('',#17646,#14544,#14545);
#11521=AXIS2_PLACEMENT_3D('',#17652,#14549,#14550);
#11522=AXIS2_PLACEMENT_3D('',#17654,#14551,#14552);
#11523=AXIS2_PLACEMENT_3D('',#17657,#14554,#14555);
#11524=AXIS2_PLACEMENT_3D('',#17658,#14556,#14557);
#11525=AXIS2_PLACEMENT_3D('',#17664,#14561,#14562);
#11526=AXIS2_PLACEMENT_3D('',#17666,#14563,#14564);
#11527=AXIS2_PLACEMENT_3D('',#17669,#14566,#14567);
#11528=AXIS2_PLACEMENT_3D('',#17670,#14568,#14569);
#11529=AXIS2_PLACEMENT_3D('',#17673,#14570,#14571);
#11530=AXIS2_PLACEMENT_3D('',#17677,#14573,#14574);
#11531=AXIS2_PLACEMENT_3D('',#17679,#14576,#14577);
#11532=AXIS2_PLACEMENT_3D('',#17685,#14581,#14582);
#11533=AXIS2_PLACEMENT_3D('',#17687,#14583,#14584);
#11534=AXIS2_PLACEMENT_3D('',#17690,#14586,#14587);
#11535=AXIS2_PLACEMENT_3D('',#17691,#14588,#14589);
#11536=AXIS2_PLACEMENT_3D('',#17697,#14593,#14594);
#11537=AXIS2_PLACEMENT_3D('',#17698,#14595,#14596);
#11538=AXIS2_PLACEMENT_3D('',#17699,#14597,#14598);
#11539=AXIS2_PLACEMENT_3D('',#17700,#14599,#14600);
#11540=AXIS2_PLACEMENT_3D('',#17706,#14604,#14605);
#11541=AXIS2_PLACEMENT_3D('',#17712,#14609,#14610);
#11542=AXIS2_PLACEMENT_3D('',#17715,#14612,#14613);
#11543=AXIS2_PLACEMENT_3D('',#17716,#14614,#14615);
#11544=AXIS2_PLACEMENT_3D('',#17718,#14616,#14617);
#11545=AXIS2_PLACEMENT_3D('',#17720,#14619,#14620);
#11546=AXIS2_PLACEMENT_3D('',#17722,#14622,#14623);
#11547=AXIS2_PLACEMENT_3D('',#17723,#14624,#14625);
#11548=AXIS2_PLACEMENT_3D('',#17724,#14626,#14627);
#11549=DIRECTION('axis',(0.,0.,1.));
#11550=DIRECTION('refdir',(1.,0.,0.));
#11551=DIRECTION('axis',(0.,0.,1.));
#11552=DIRECTION('refdir',(1.,0.,0.));
#11553=DIRECTION('axis',(0.,0.,1.));
#11554=DIRECTION('refdir',(1.,0.,0.));
#11555=DIRECTION('center_axis',(0.,0.,-1.));
#11556=DIRECTION('ref_axis',(1.,0.,0.));
#11557=DIRECTION('center_axis',(0.,0.,1.));
#11558=DIRECTION('ref_axis',(1.,0.,0.));
#11559=DIRECTION('',(0.,0.,-1.));
#11560=DIRECTION('center_axis',(0.,0.,1.));
#11561=DIRECTION('ref_axis',(1.,0.,0.));
#11562=DIRECTION('',(0.,0.,-1.));
#11563=DIRECTION('center_axis',(-1.,0.,0.));
#11564=DIRECTION('ref_axis',(0.,1.,0.));
#11565=DIRECTION('',(0.,-1.,0.));
#11566=DIRECTION('',(0.,1.,0.));
#11567=DIRECTION('',(0.,0.,-1.));
#11568=DIRECTION('center_axis',(0.,0.,-1.));
#11569=DIRECTION('ref_axis',(0.,-1.,0.));
#11570=DIRECTION('center_axis',(0.,0.,1.));
#11571=DIRECTION('ref_axis',(0.,-1.,0.));
#11572=DIRECTION('center_axis',(0.,0.,1.));
#11573=DIRECTION('ref_axis',(0.,-1.,0.));
#11574=DIRECTION('',(0.,0.,-1.));
#11575=DIRECTION('center_axis',(0.,1.,0.));
#11576=DIRECTION('ref_axis',(1.,0.,0.));
#11577=DIRECTION('',(1.,0.,0.));
#11578=DIRECTION('',(1.,0.,0.));
#11579=DIRECTION('',(0.,0.,-1.));
#11580=DIRECTION('center_axis',(0.,0.,-1.));
#11581=DIRECTION('ref_axis',(-1.,0.,0.));
#11582=DIRECTION('center_axis',(0.,0.,1.));
#11583=DIRECTION('ref_axis',(-1.,0.,0.));
#11584=DIRECTION('center_axis',(0.,0.,1.));
#11585=DIRECTION('ref_axis',(-1.,0.,0.));
#11586=DIRECTION('',(0.,0.,-1.));
#11587=DIRECTION('center_axis',(1.,0.,0.));
#11588=DIRECTION('ref_axis',(0.,-1.,0.));
#11589=DIRECTION('',(0.,-1.,0.));
#11590=DIRECTION('',(0.,-1.,0.));
#11591=DIRECTION('',(0.,0.,-1.));
#11592=DIRECTION('center_axis',(0.,0.,-1.));
#11593=DIRECTION('ref_axis',(0.,1.,0.));
#11594=DIRECTION('center_axis',(0.,0.,1.));
#11595=DIRECTION('ref_axis',(0.,1.,0.));
#11596=DIRECTION('center_axis',(0.,0.,1.));
#11597=DIRECTION('ref_axis',(0.,1.,0.));
#11598=DIRECTION('',(0.,0.,-1.));
#11599=DIRECTION('center_axis',(0.,-1.,0.));
#11600=DIRECTION('ref_axis',(-1.,0.,0.));
#11601=DIRECTION('',(1.,0.,0.));
#11602=DIRECTION('',(-1.,0.,0.));
#11603=DIRECTION('center_axis',(0.,0.,-1.));
#11604=DIRECTION('ref_axis',(1.,0.,0.));
#11605=DIRECTION('center_axis',(0.,0.,1.));
#11606=DIRECTION('ref_axis',(1.,0.,0.));
#11607=DIRECTION('',(0.,0.,-1.));
#11608=DIRECTION('center_axis',(0.,0.,1.));
#11609=DIRECTION('ref_axis',(1.,0.,0.));
#11610=DIRECTION('',(0.,0.,-1.));
#11611=DIRECTION('center_axis',(-1.,0.,0.));
#11612=DIRECTION('ref_axis',(0.,1.,0.));
#11613=DIRECTION('',(0.,-1.,0.));
#11614=DIRECTION('',(0.,1.,0.));
#11615=DIRECTION('',(0.,0.,-1.));
#11616=DIRECTION('center_axis',(0.,0.,-1.));
#11617=DIRECTION('ref_axis',(0.,-1.,0.));
#11618=DIRECTION('center_axis',(0.,0.,1.));
#11619=DIRECTION('ref_axis',(0.,-1.,0.));
#11620=DIRECTION('center_axis',(0.,0.,1.));
#11621=DIRECTION('ref_axis',(0.,-1.,0.));
#11622=DIRECTION('',(0.,0.,-1.));
#11623=DIRECTION('center_axis',(0.,1.,0.));
#11624=DIRECTION('ref_axis',(1.,0.,0.));
#11625=DIRECTION('',(1.,0.,0.));
#11626=DIRECTION('',(1.,0.,0.));
#11627=DIRECTION('',(0.,0.,-1.));
#11628=DIRECTION('center_axis',(0.,0.,-1.));
#11629=DIRECTION('ref_axis',(-1.,0.,0.));
#11630=DIRECTION('center_axis',(0.,0.,1.));
#11631=DIRECTION('ref_axis',(-1.,0.,0.));
#11632=DIRECTION('center_axis',(0.,0.,1.));
#11633=DIRECTION('ref_axis',(-1.,0.,0.));
#11634=DIRECTION('',(0.,0.,-1.));
#11635=DIRECTION('center_axis',(1.,0.,0.));
#11636=DIRECTION('ref_axis',(0.,-1.,0.));
#11637=DIRECTION('',(0.,-1.,0.));
#11638=DIRECTION('',(0.,-1.,0.));
#11639=DIRECTION('',(0.,0.,-1.));
#11640=DIRECTION('center_axis',(0.,0.,-1.));
#11641=DIRECTION('ref_axis',(0.,1.,0.));
#11642=DIRECTION('center_axis',(0.,0.,1.));
#11643=DIRECTION('ref_axis',(0.,1.,0.));
#11644=DIRECTION('center_axis',(0.,0.,1.));
#11645=DIRECTION('ref_axis',(0.,1.,0.));
#11646=DIRECTION('',(0.,0.,-1.));
#11647=DIRECTION('center_axis',(0.,-1.,0.));
#11648=DIRECTION('ref_axis',(-1.,0.,0.));
#11649=DIRECTION('',(1.,0.,0.));
#11650=DIRECTION('',(-1.,0.,0.));
#11651=DIRECTION('center_axis',(-1.,0.,0.));
#11652=DIRECTION('ref_axis',(0.,1.,0.));
#11653=DIRECTION('',(0.,1.,0.));
#11654=DIRECTION('',(0.,0.,-1.));
#11655=DIRECTION('',(0.,1.,0.));
#11656=DIRECTION('',(0.,0.,-1.));
#11657=DIRECTION('center_axis',(0.,0.,-1.));
#11658=DIRECTION('ref_axis',(0.,-1.,0.));
#11659=DIRECTION('center_axis',(0.,0.,1.));
#11660=DIRECTION('ref_axis',(0.,-1.,0.));
#11661=DIRECTION('center_axis',(0.,0.,1.));
#11662=DIRECTION('ref_axis',(0.,-1.,0.));
#11663=DIRECTION('',(0.,0.,-1.));
#11664=DIRECTION('center_axis',(0.,1.,0.));
#11665=DIRECTION('ref_axis',(1.,0.,0.));
#11666=DIRECTION('',(1.,0.,0.));
#11667=DIRECTION('',(1.,0.,0.));
#11668=DIRECTION('',(0.,0.,-1.));
#11669=DIRECTION('center_axis',(0.,0.,-1.));
#11670=DIRECTION('ref_axis',(0.,1.,0.));
#11671=DIRECTION('center_axis',(0.,0.,1.));
#11672=DIRECTION('ref_axis',(0.,1.,0.));
#11673=DIRECTION('center_axis',(0.,0.,-1.));
#11674=DIRECTION('ref_axis',(0.,1.,0.));
#11675=DIRECTION('',(0.,0.,-1.));
#11676=DIRECTION('center_axis',(-1.,0.,0.));
#11677=DIRECTION('ref_axis',(0.,1.,0.));
#11678=DIRECTION('',(0.,1.,0.));
#11679=DIRECTION('',(0.,1.,0.));
#11680=DIRECTION('',(0.,0.,-1.));
#11681=DIRECTION('center_axis',(0.,0.,-1.));
#11682=DIRECTION('ref_axis',(0.,-1.,0.));
#11683=DIRECTION('center_axis',(0.,0.,1.));
#11684=DIRECTION('ref_axis',(0.,-1.,0.));
#11685=DIRECTION('center_axis',(0.,0.,1.));
#11686=DIRECTION('ref_axis',(0.,-1.,0.));
#11687=DIRECTION('',(0.,0.,-1.));
#11688=DIRECTION('center_axis',(0.,1.,0.));
#11689=DIRECTION('ref_axis',(1.,0.,0.));
#11690=DIRECTION('',(1.,0.,0.));
#11691=DIRECTION('',(1.,0.,0.));
#11692=DIRECTION('',(0.,0.,-1.));
#11693=DIRECTION('center_axis',(0.,0.,-1.));
#11694=DIRECTION('ref_axis',(-1.,0.,0.));
#11695=DIRECTION('center_axis',(0.,0.,1.));
#11696=DIRECTION('ref_axis',(-1.,0.,0.));
#11697=DIRECTION('center_axis',(0.,0.,1.));
#11698=DIRECTION('ref_axis',(-1.,0.,0.));
#11699=DIRECTION('',(0.,0.,-1.));
#11700=DIRECTION('center_axis',(1.,0.,0.));
#11701=DIRECTION('ref_axis',(0.,-1.,0.));
#11702=DIRECTION('',(0.,-1.,0.));
#11703=DIRECTION('',(0.,-1.,0.));
#11704=DIRECTION('',(0.,0.,-1.));
#11705=DIRECTION('center_axis',(0.,0.,-1.));
#11706=DIRECTION('ref_axis',(1.,0.,0.));
#11707=DIRECTION('center_axis',(0.,0.,1.));
#11708=DIRECTION('ref_axis',(1.,0.,0.));
#11709=DIRECTION('center_axis',(0.,0.,-1.));
#11710=DIRECTION('ref_axis',(1.,0.,0.));
#11711=DIRECTION('',(0.,0.,-1.));
#11712=DIRECTION('center_axis',(0.,1.,0.));
#11713=DIRECTION('ref_axis',(1.,0.,0.));
#11714=DIRECTION('',(1.,0.,0.));
#11715=DIRECTION('',(1.,0.,0.));
#11716=DIRECTION('',(0.,0.,-1.));
#11717=DIRECTION('center_axis',(1.,0.,0.));
#11718=DIRECTION('ref_axis',(0.,-1.,0.));
#11719=DIRECTION('',(0.,-1.,0.));
#11720=DIRECTION('',(0.,-1.,0.));
#11721=DIRECTION('',(0.,0.,-1.));
#11722=DIRECTION('center_axis',(0.,0.,-1.));
#11723=DIRECTION('ref_axis',(1.,0.,0.));
#11724=DIRECTION('center_axis',(0.,0.,1.));
#11725=DIRECTION('ref_axis',(1.,0.,0.));
#11726=DIRECTION('center_axis',(0.,0.,-1.));
#11727=DIRECTION('ref_axis',(1.,0.,0.));
#11728=DIRECTION('',(0.,0.,-1.));
#11729=DIRECTION('center_axis',(0.,1.,0.));
#11730=DIRECTION('ref_axis',(1.,0.,0.));
#11731=DIRECTION('',(1.,0.,0.));
#11732=DIRECTION('',(1.,0.,0.));
#11733=DIRECTION('',(0.,0.,-1.));
#11734=DIRECTION('center_axis',(-1.,0.,0.));
#11735=DIRECTION('ref_axis',(0.,1.,0.));
#11736=DIRECTION('',(0.,-1.,0.));
#11737=DIRECTION('',(0.,1.,0.));
#11738=DIRECTION('',(0.,0.,-1.));
#11739=DIRECTION('center_axis',(0.,0.,-1.));
#11740=DIRECTION('ref_axis',(0.,-1.,0.));
#11741=DIRECTION('center_axis',(0.,0.,1.));
#11742=DIRECTION('ref_axis',(0.,-1.,0.));
#11743=DIRECTION('center_axis',(0.,0.,1.));
#11744=DIRECTION('ref_axis',(0.,-1.,0.));
#11745=DIRECTION('',(0.,0.,-1.));
#11746=DIRECTION('center_axis',(0.,1.,0.));
#11747=DIRECTION('ref_axis',(1.,0.,0.));
#11748=DIRECTION('',(1.,0.,0.));
#11749=DIRECTION('',(1.,0.,0.));
#11750=DIRECTION('',(0.,0.,-1.));
#11751=DIRECTION('center_axis',(0.,0.,-1.));
#11752=DIRECTION('ref_axis',(-1.,0.,0.));
#11753=DIRECTION('center_axis',(0.,0.,1.));
#11754=DIRECTION('ref_axis',(-1.,0.,0.));
#11755=DIRECTION('center_axis',(0.,0.,1.));
#11756=DIRECTION('ref_axis',(-1.,0.,0.));
#11757=DIRECTION('',(0.,0.,-1.));
#11758=DIRECTION('center_axis',(1.,0.,0.));
#11759=DIRECTION('ref_axis',(0.,-1.,0.));
#11760=DIRECTION('',(0.,-1.,0.));
#11761=DIRECTION('',(0.,-1.,0.));
#11762=DIRECTION('',(0.,0.,-1.));
#11763=DIRECTION('center_axis',(0.,1.,0.));
#11764=DIRECTION('ref_axis',(1.,0.,0.));
#11765=DIRECTION('',(-1.,0.,0.));
#11766=DIRECTION('',(1.,0.,0.));
#11767=DIRECTION('',(0.,0.,-1.));
#11768=DIRECTION('center_axis',(0.,0.,-1.));
#11769=DIRECTION('ref_axis',(0.,1.,0.));
#11770=DIRECTION('center_axis',(0.,0.,1.));
#11771=DIRECTION('ref_axis',(0.,1.,0.));
#11772=DIRECTION('center_axis',(0.,0.,-1.));
#11773=DIRECTION('ref_axis',(0.,1.,0.));
#11774=DIRECTION('',(0.,0.,-1.));
#11775=DIRECTION('center_axis',(-1.,0.,0.));
#11776=DIRECTION('ref_axis',(0.,1.,0.));
#11777=DIRECTION('',(0.,-1.,0.));
#11778=DIRECTION('',(0.,1.,0.));
#11779=DIRECTION('',(0.,0.,-1.));
#11780=DIRECTION('center_axis',(0.,1.,0.));
#11781=DIRECTION('ref_axis',(1.,0.,0.));
#11782=DIRECTION('',(-1.,0.,0.));
#11783=DIRECTION('',(1.,0.,0.));
#11784=DIRECTION('',(0.,0.,-1.));
#11785=DIRECTION('center_axis',(0.,0.,-1.));
#11786=DIRECTION('ref_axis',(0.,1.,0.));
#11787=DIRECTION('center_axis',(0.,0.,1.));
#11788=DIRECTION('ref_axis',(0.,1.,0.));
#11789=DIRECTION('center_axis',(0.,0.,-1.));
#11790=DIRECTION('ref_axis',(0.,1.,0.));
#11791=DIRECTION('',(0.,0.,-1.));
#11792=DIRECTION('center_axis',(-1.,0.,0.));
#11793=DIRECTION('ref_axis',(0.,1.,0.));
#11794=DIRECTION('',(0.,-1.,0.));
#11795=DIRECTION('',(0.,1.,0.));
#11796=DIRECTION('',(0.,0.,-1.));
#11797=DIRECTION('center_axis',(0.,0.,-1.));
#11798=DIRECTION('ref_axis',(0.,-1.,0.));
#11799=DIRECTION('center_axis',(0.,0.,1.));
#11800=DIRECTION('ref_axis',(0.,-1.,0.));
#11801=DIRECTION('center_axis',(0.,0.,1.));
#11802=DIRECTION('ref_axis',(0.,-1.,0.));
#11803=DIRECTION('',(0.,0.,-1.));
#11804=DIRECTION('center_axis',(0.,1.,0.));
#11805=DIRECTION('ref_axis',(1.,0.,0.));
#11806=DIRECTION('',(-1.,0.,0.));
#11807=DIRECTION('',(1.,0.,0.));
#11808=DIRECTION('',(0.,0.,-1.));
#11809=DIRECTION('center_axis',(0.,0.,-1.));
#11810=DIRECTION('ref_axis',(-1.,0.,0.));
#11811=DIRECTION('center_axis',(0.,0.,1.));
#11812=DIRECTION('ref_axis',(-1.,0.,0.));
#11813=DIRECTION('center_axis',(0.,0.,1.));
#11814=DIRECTION('ref_axis',(-1.,0.,0.));
#11815=DIRECTION('',(0.,0.,-1.));
#11816=DIRECTION('center_axis',(1.,0.,0.));
#11817=DIRECTION('ref_axis',(0.,-1.,0.));
#11818=DIRECTION('',(0.,1.,0.));
#11819=DIRECTION('',(0.,-1.,0.));
#11820=DIRECTION('',(0.,0.,-1.));
#11821=DIRECTION('center_axis',(0.,0.,-1.));
#11822=DIRECTION('ref_axis',(1.,0.,0.));
#11823=DIRECTION('center_axis',(0.,0.,1.));
#11824=DIRECTION('ref_axis',(1.,0.,0.));
#11825=DIRECTION('center_axis',(0.,0.,-1.));
#11826=DIRECTION('ref_axis',(1.,0.,0.));
#11827=DIRECTION('',(0.,0.,-1.));
#11828=DIRECTION('center_axis',(0.,1.,0.));
#11829=DIRECTION('ref_axis',(1.,0.,0.));
#11830=DIRECTION('',(-1.,0.,0.));
#11831=DIRECTION('',(1.,0.,0.));
#11832=DIRECTION('',(0.,0.,-1.));
#11833=DIRECTION('center_axis',(0.,0.,-1.));
#11834=DIRECTION('ref_axis',(-1.,0.,0.));
#11835=DIRECTION('center_axis',(0.,0.,1.));
#11836=DIRECTION('ref_axis',(-1.,0.,0.));
#11837=DIRECTION('center_axis',(0.,0.,1.));
#11838=DIRECTION('ref_axis',(-1.,0.,0.));
#11839=DIRECTION('',(0.,0.,-1.));
#11840=DIRECTION('center_axis',(1.,0.,0.));
#11841=DIRECTION('ref_axis',(0.,-1.,0.));
#11842=DIRECTION('',(0.,1.,0.));
#11843=DIRECTION('',(0.,-1.,0.));
#11844=DIRECTION('',(0.,0.,-1.));
#11845=DIRECTION('center_axis',(0.,0.,-1.));
#11846=DIRECTION('ref_axis',(1.,0.,0.));
#11847=DIRECTION('center_axis',(0.,0.,1.));
#11848=DIRECTION('ref_axis',(1.,0.,0.));
#11849=DIRECTION('center_axis',(0.,0.,-1.));
#11850=DIRECTION('ref_axis',(1.,0.,0.));
#11851=DIRECTION('',(0.,0.,-1.));
#11852=DIRECTION('center_axis',(0.,1.,0.));
#11853=DIRECTION('ref_axis',(1.,0.,0.));
#11854=DIRECTION('',(-1.,0.,0.));
#11855=DIRECTION('',(1.,0.,0.));
#11856=DIRECTION('',(0.,0.,-1.));
#11857=DIRECTION('center_axis',(1.,0.,0.));
#11858=DIRECTION('ref_axis',(0.,-1.,0.));
#11859=DIRECTION('',(0.,1.,0.));
#11860=DIRECTION('',(0.,-1.,0.));
#11861=DIRECTION('',(0.,0.,-1.));
#11862=DIRECTION('center_axis',(0.,0.,-1.));
#11863=DIRECTION('ref_axis',(0.,1.,0.));
#11864=DIRECTION('center_axis',(0.,0.,1.));
#11865=DIRECTION('ref_axis',(0.,1.,0.));
#11866=DIRECTION('center_axis',(0.,0.,1.));
#11867=DIRECTION('ref_axis',(0.,1.,0.));
#11868=DIRECTION('',(0.,0.,-1.));
#11869=DIRECTION('center_axis',(0.,-1.,0.));
#11870=DIRECTION('ref_axis',(-1.,0.,0.));
#11871=DIRECTION('',(1.,0.,0.));
#11872=DIRECTION('',(-1.,0.,0.));
#11873=DIRECTION('',(0.,0.,-1.));
#11874=DIRECTION('center_axis',(1.,0.,0.));
#11875=DIRECTION('ref_axis',(0.,-1.,0.));
#11876=DIRECTION('',(0.,1.,0.));
#11877=DIRECTION('',(0.,-1.,0.));
#11878=DIRECTION('',(0.,0.,-1.));
#11879=DIRECTION('center_axis',(0.,0.,-1.));
#11880=DIRECTION('ref_axis',(0.,1.,0.));
#11881=DIRECTION('center_axis',(0.,0.,1.));
#11882=DIRECTION('ref_axis',(0.,1.,0.));
#11883=DIRECTION('center_axis',(0.,0.,1.));
#11884=DIRECTION('ref_axis',(0.,1.,0.));
#11885=DIRECTION('',(0.,0.,-1.));
#11886=DIRECTION('center_axis',(0.,-1.,0.));
#11887=DIRECTION('ref_axis',(-1.,0.,0.));
#11888=DIRECTION('',(1.,0.,0.));
#11889=DIRECTION('',(-1.,0.,0.));
#11890=DIRECTION('',(0.,0.,-1.));
#11891=DIRECTION('center_axis',(0.,0.,-1.));
#11892=DIRECTION('ref_axis',(1.,0.,0.));
#11893=DIRECTION('center_axis',(0.,0.,1.));
#11894=DIRECTION('ref_axis',(1.,0.,0.));
#11895=DIRECTION('center_axis',(0.,0.,1.));
#11896=DIRECTION('ref_axis',(1.,0.,0.));
#11897=DIRECTION('',(0.,0.,-1.));
#11898=DIRECTION('center_axis',(-1.,0.,0.));
#11899=DIRECTION('ref_axis',(0.,1.,0.));
#11900=DIRECTION('',(0.,-1.,0.));
#11901=DIRECTION('',(0.,1.,0.));
#11902=DIRECTION('',(0.,0.,-1.));
#11903=DIRECTION('center_axis',(0.,-1.,0.));
#11904=DIRECTION('ref_axis',(-1.,0.,0.));
#11905=DIRECTION('',(1.,0.,0.));
#11906=DIRECTION('',(-1.,0.,0.));
#11907=DIRECTION('',(0.,0.,-1.));
#11908=DIRECTION('center_axis',(1.,0.,0.));
#11909=DIRECTION('ref_axis',(0.,-1.,0.));
#11910=DIRECTION('',(0.,-1.,0.));
#11911=DIRECTION('',(0.,-1.,0.));
#11912=DIRECTION('',(0.,0.,-1.));
#11913=DIRECTION('center_axis',(0.,0.,-1.));
#11914=DIRECTION('ref_axis',(0.,1.,0.));
#11915=DIRECTION('center_axis',(0.,0.,1.));
#11916=DIRECTION('ref_axis',(0.,1.,0.));
#11917=DIRECTION('center_axis',(0.,0.,1.));
#11918=DIRECTION('ref_axis',(0.,1.,0.));
#11919=DIRECTION('',(0.,0.,-1.));
#11920=DIRECTION('center_axis',(0.,-1.,0.));
#11921=DIRECTION('ref_axis',(-1.,0.,0.));
#11922=DIRECTION('',(1.,0.,0.));
#11923=DIRECTION('',(-1.,0.,0.));
#11924=DIRECTION('',(0.,0.,-1.));
#11925=DIRECTION('center_axis',(0.,0.,-1.));
#11926=DIRECTION('ref_axis',(1.,0.,0.));
#11927=DIRECTION('center_axis',(0.,0.,1.));
#11928=DIRECTION('ref_axis',(1.,0.,0.));
#11929=DIRECTION('center_axis',(0.,0.,1.));
#11930=DIRECTION('ref_axis',(1.,0.,0.));
#11931=DIRECTION('',(0.,0.,-1.));
#11932=DIRECTION('center_axis',(-1.,0.,0.));
#11933=DIRECTION('ref_axis',(0.,1.,0.));
#11934=DIRECTION('',(0.,-1.,0.));
#11935=DIRECTION('',(0.,1.,0.));
#11936=DIRECTION('',(0.,0.,-1.));
#11937=DIRECTION('center_axis',(0.,-1.,0.));
#11938=DIRECTION('ref_axis',(-1.,0.,0.));
#11939=DIRECTION('',(-1.,0.,0.));
#11940=DIRECTION('',(-1.,0.,0.));
#11941=DIRECTION('',(0.,0.,-1.));
#11942=DIRECTION('center_axis',(1.,0.,0.));
#11943=DIRECTION('ref_axis',(0.,-1.,0.));
#11944=DIRECTION('',(0.,-1.,0.));
#11945=DIRECTION('',(0.,-1.,0.));
#11946=DIRECTION('',(0.,0.,-1.));
#11947=DIRECTION('center_axis',(0.,0.,-1.));
#11948=DIRECTION('ref_axis',(0.,1.,0.));
#11949=DIRECTION('center_axis',(0.,0.,1.));
#11950=DIRECTION('ref_axis',(0.,1.,0.));
#11951=DIRECTION('center_axis',(0.,0.,1.));
#11952=DIRECTION('ref_axis',(0.,1.,0.));
#11953=DIRECTION('',(0.,0.,-1.));
#11954=DIRECTION('center_axis',(0.,-1.,0.));
#11955=DIRECTION('ref_axis',(-1.,0.,0.));
#11956=DIRECTION('',(-1.,0.,0.));
#11957=DIRECTION('',(-1.,0.,0.));
#11958=DIRECTION('',(0.,0.,-1.));
#11959=DIRECTION('center_axis',(0.,0.,-1.));
#11960=DIRECTION('ref_axis',(1.,0.,0.));
#11961=DIRECTION('center_axis',(0.,0.,1.));
#11962=DIRECTION('ref_axis',(1.,0.,0.));
#11963=DIRECTION('center_axis',(0.,0.,1.));
#11964=DIRECTION('ref_axis',(1.,0.,0.));
#11965=DIRECTION('',(0.,0.,-1.));
#11966=DIRECTION('center_axis',(-1.,0.,0.));
#11967=DIRECTION('ref_axis',(0.,1.,0.));
#11968=DIRECTION('',(0.,1.,0.));
#11969=DIRECTION('',(0.,1.,0.));
#11970=DIRECTION('',(0.,0.,-1.));
#11971=DIRECTION('center_axis',(0.,-1.,0.));
#11972=DIRECTION('ref_axis',(-1.,0.,0.));
#11973=DIRECTION('',(-1.,0.,0.));
#11974=DIRECTION('',(-1.,0.,0.));
#11975=DIRECTION('',(0.,0.,-1.));
#11976=DIRECTION('center_axis',(0.,0.,-1.));
#11977=DIRECTION('ref_axis',(1.,0.,0.));
#11978=DIRECTION('center_axis',(0.,0.,1.));
#11979=DIRECTION('ref_axis',(1.,0.,0.));
#11980=DIRECTION('center_axis',(0.,0.,1.));
#11981=DIRECTION('ref_axis',(1.,0.,0.));
#11982=DIRECTION('',(0.,0.,-1.));
#11983=DIRECTION('center_axis',(-1.,0.,0.));
#11984=DIRECTION('ref_axis',(0.,1.,0.));
#11985=DIRECTION('',(0.,1.,0.));
#11986=DIRECTION('',(0.,1.,0.));
#11987=DIRECTION('',(0.,0.,-1.));
#11988=DIRECTION('center_axis',(0.,1.,0.));
#11989=DIRECTION('ref_axis',(1.,0.,0.));
#11990=DIRECTION('',(1.,0.,0.));
#11991=DIRECTION('',(1.,0.,0.));
#11992=DIRECTION('',(0.,0.,-1.));
#11993=DIRECTION('center_axis',(0.,0.,-1.));
#11994=DIRECTION('ref_axis',(0.,1.,0.));
#11995=DIRECTION('center_axis',(0.,0.,1.));
#11996=DIRECTION('ref_axis',(0.,1.,0.));
#11997=DIRECTION('center_axis',(0.,0.,-1.));
#11998=DIRECTION('ref_axis',(0.,1.,0.));
#11999=DIRECTION('center_axis',(0.,0.,-1.));
#12000=DIRECTION('ref_axis',(1.,0.,0.));
#12001=DIRECTION('center_axis',(0.,0.,1.));
#12002=DIRECTION('ref_axis',(1.,0.,0.));
#12003=DIRECTION('',(0.,0.,-1.));
#12004=DIRECTION('center_axis',(0.,0.,1.));
#12005=DIRECTION('ref_axis',(1.,0.,0.));
#12006=DIRECTION('',(0.,0.,-1.));
#12007=DIRECTION('center_axis',(-1.,0.,0.));
#12008=DIRECTION('ref_axis',(0.,1.,0.));
#12009=DIRECTION('',(0.,-1.,0.));
#12010=DIRECTION('',(0.,1.,0.));
#12011=DIRECTION('',(0.,0.,-1.));
#12012=DIRECTION('center_axis',(0.,0.,-1.));
#12013=DIRECTION('ref_axis',(0.,-1.,0.));
#12014=DIRECTION('center_axis',(0.,0.,1.));
#12015=DIRECTION('ref_axis',(0.,-1.,0.));
#12016=DIRECTION('center_axis',(0.,0.,1.));
#12017=DIRECTION('ref_axis',(0.,-1.,0.));
#12018=DIRECTION('',(0.,0.,-1.));
#12019=DIRECTION('center_axis',(0.,1.,0.));
#12020=DIRECTION('ref_axis',(1.,0.,0.));
#12021=DIRECTION('',(1.,0.,0.));
#12022=DIRECTION('',(1.,0.,0.));
#12023=DIRECTION('',(0.,0.,-1.));
#12024=DIRECTION('center_axis',(0.,0.,-1.));
#12025=DIRECTION('ref_axis',(-1.,0.,0.));
#12026=DIRECTION('center_axis',(0.,0.,1.));
#12027=DIRECTION('ref_axis',(-1.,0.,0.));
#12028=DIRECTION('center_axis',(0.,0.,1.));
#12029=DIRECTION('ref_axis',(-1.,0.,0.));
#12030=DIRECTION('',(0.,0.,-1.));
#12031=DIRECTION('center_axis',(1.,0.,0.));
#12032=DIRECTION('ref_axis',(0.,-1.,0.));
#12033=DIRECTION('',(0.,-1.,0.));
#12034=DIRECTION('',(0.,-1.,0.));
#12035=DIRECTION('',(0.,0.,-1.));
#12036=DIRECTION('center_axis',(0.,0.,-1.));
#12037=DIRECTION('ref_axis',(0.,1.,0.));
#12038=DIRECTION('center_axis',(0.,0.,1.));
#12039=DIRECTION('ref_axis',(0.,1.,0.));
#12040=DIRECTION('center_axis',(0.,0.,1.));
#12041=DIRECTION('ref_axis',(0.,1.,0.));
#12042=DIRECTION('',(0.,0.,-1.));
#12043=DIRECTION('center_axis',(0.,-1.,0.));
#12044=DIRECTION('ref_axis',(-1.,0.,0.));
#12045=DIRECTION('',(1.,0.,0.));
#12046=DIRECTION('',(-1.,0.,0.));
#12047=DIRECTION('center_axis',(0.,1.,0.));
#12048=DIRECTION('ref_axis',(1.,0.,0.));
#12049=DIRECTION('',(1.,0.,0.));
#12050=DIRECTION('',(0.,0.,-1.));
#12051=DIRECTION('',(1.,0.,0.));
#12052=DIRECTION('',(0.,0.,-1.));
#12053=DIRECTION('center_axis',(-1.,0.,0.));
#12054=DIRECTION('ref_axis',(0.,1.,0.));
#12055=DIRECTION('',(0.,-1.,0.));
#12056=DIRECTION('',(0.,1.,0.));
#12057=DIRECTION('',(0.,0.,-1.));
#12058=DIRECTION('center_axis',(0.,0.,-1.));
#12059=DIRECTION('ref_axis',(0.,-1.,0.));
#12060=DIRECTION('center_axis',(0.,0.,1.));
#12061=DIRECTION('ref_axis',(0.,-1.,0.));
#12062=DIRECTION('center_axis',(0.,0.,1.));
#12063=DIRECTION('ref_axis',(0.,-1.,0.));
#12064=DIRECTION('',(0.,0.,-1.));
#12065=DIRECTION('center_axis',(0.,1.,0.));
#12066=DIRECTION('ref_axis',(1.,0.,0.));
#12067=DIRECTION('',(1.,0.,0.));
#12068=DIRECTION('',(1.,0.,0.));
#12069=DIRECTION('',(0.,0.,-1.));
#12070=DIRECTION('center_axis',(0.,0.,-1.));
#12071=DIRECTION('ref_axis',(-1.,0.,0.));
#12072=DIRECTION('center_axis',(0.,0.,1.));
#12073=DIRECTION('ref_axis',(-1.,0.,0.));
#12074=DIRECTION('center_axis',(0.,0.,1.));
#12075=DIRECTION('ref_axis',(-1.,0.,0.));
#12076=DIRECTION('',(0.,0.,-1.));
#12077=DIRECTION('center_axis',(1.,0.,0.));
#12078=DIRECTION('ref_axis',(0.,-1.,0.));
#12079=DIRECTION('',(0.,-1.,0.));
#12080=DIRECTION('',(0.,-1.,0.));
#12081=DIRECTION('',(0.,0.,-1.));
#12082=DIRECTION('center_axis',(0.,1.,0.));
#12083=DIRECTION('ref_axis',(1.,0.,0.));
#12084=DIRECTION('',(-1.,0.,0.));
#12085=DIRECTION('',(1.,0.,0.));
#12086=DIRECTION('',(0.,0.,-1.));
#12087=DIRECTION('center_axis',(0.,0.,-1.));
#12088=DIRECTION('ref_axis',(0.,1.,0.));
#12089=DIRECTION('center_axis',(0.,0.,1.));
#12090=DIRECTION('ref_axis',(0.,1.,0.));
#12091=DIRECTION('center_axis',(0.,0.,-1.));
#12092=DIRECTION('ref_axis',(0.,1.,0.));
#12093=DIRECTION('',(0.,0.,-1.));
#12094=DIRECTION('center_axis',(-1.,0.,0.));
#12095=DIRECTION('ref_axis',(0.,1.,0.));
#12096=DIRECTION('',(0.,-1.,0.));
#12097=DIRECTION('',(0.,1.,0.));
#12098=DIRECTION('',(0.,0.,-1.));
#12099=DIRECTION('center_axis',(0.,1.,0.));
#12100=DIRECTION('ref_axis',(1.,0.,0.));
#12101=DIRECTION('',(-1.,0.,0.));
#12102=DIRECTION('',(1.,0.,0.));
#12103=DIRECTION('',(0.,0.,-1.));
#12104=DIRECTION('center_axis',(0.,0.,-1.));
#12105=DIRECTION('ref_axis',(0.,1.,0.));
#12106=DIRECTION('center_axis',(0.,0.,1.));
#12107=DIRECTION('ref_axis',(0.,1.,0.));
#12108=DIRECTION('center_axis',(0.,0.,-1.));
#12109=DIRECTION('ref_axis',(0.,1.,0.));
#12110=DIRECTION('',(0.,0.,-1.));
#12111=DIRECTION('center_axis',(-1.,0.,0.));
#12112=DIRECTION('ref_axis',(0.,1.,0.));
#12113=DIRECTION('',(0.,-1.,0.));
#12114=DIRECTION('',(0.,1.,0.));
#12115=DIRECTION('',(0.,0.,-1.));
#12116=DIRECTION('center_axis',(0.,0.,-1.));
#12117=DIRECTION('ref_axis',(0.,-1.,0.));
#12118=DIRECTION('center_axis',(0.,0.,1.));
#12119=DIRECTION('ref_axis',(0.,-1.,0.));
#12120=DIRECTION('center_axis',(0.,0.,1.));
#12121=DIRECTION('ref_axis',(0.,-1.,0.));
#12122=DIRECTION('',(0.,0.,-1.));
#12123=DIRECTION('center_axis',(0.,1.,0.));
#12124=DIRECTION('ref_axis',(1.,0.,0.));
#12125=DIRECTION('',(-1.,0.,0.));
#12126=DIRECTION('',(1.,0.,0.));
#12127=DIRECTION('',(0.,0.,-1.));
#12128=DIRECTION('center_axis',(0.,0.,-1.));
#12129=DIRECTION('ref_axis',(-1.,0.,0.));
#12130=DIRECTION('center_axis',(0.,0.,1.));
#12131=DIRECTION('ref_axis',(-1.,0.,0.));
#12132=DIRECTION('center_axis',(0.,0.,1.));
#12133=DIRECTION('ref_axis',(-1.,0.,0.));
#12134=DIRECTION('',(0.,0.,-1.));
#12135=DIRECTION('center_axis',(1.,0.,0.));
#12136=DIRECTION('ref_axis',(0.,-1.,0.));
#12137=DIRECTION('',(0.,1.,0.));
#12138=DIRECTION('',(0.,-1.,0.));
#12139=DIRECTION('',(0.,0.,-1.));
#12140=DIRECTION('center_axis',(0.,0.,-1.));
#12141=DIRECTION('ref_axis',(1.,0.,0.));
#12142=DIRECTION('center_axis',(0.,0.,1.));
#12143=DIRECTION('ref_axis',(1.,0.,0.));
#12144=DIRECTION('center_axis',(0.,0.,-1.));
#12145=DIRECTION('ref_axis',(1.,0.,0.));
#12146=DIRECTION('',(0.,0.,-1.));
#12147=DIRECTION('center_axis',(0.,1.,0.));
#12148=DIRECTION('ref_axis',(1.,0.,0.));
#12149=DIRECTION('',(-1.,0.,0.));
#12150=DIRECTION('',(1.,0.,0.));
#12151=DIRECTION('',(0.,0.,-1.));
#12152=DIRECTION('center_axis',(0.,0.,-1.));
#12153=DIRECTION('ref_axis',(-1.,0.,0.));
#12154=DIRECTION('center_axis',(0.,0.,1.));
#12155=DIRECTION('ref_axis',(-1.,0.,0.));
#12156=DIRECTION('center_axis',(0.,0.,1.));
#12157=DIRECTION('ref_axis',(-1.,0.,0.));
#12158=DIRECTION('',(0.,0.,-1.));
#12159=DIRECTION('center_axis',(1.,0.,0.));
#12160=DIRECTION('ref_axis',(0.,-1.,0.));
#12161=DIRECTION('',(0.,1.,0.));
#12162=DIRECTION('',(0.,-1.,0.));
#12163=DIRECTION('',(0.,0.,-1.));
#12164=DIRECTION('center_axis',(0.,0.,-1.));
#12165=DIRECTION('ref_axis',(1.,0.,0.));
#12166=DIRECTION('center_axis',(0.,0.,1.));
#12167=DIRECTION('ref_axis',(1.,0.,0.));
#12168=DIRECTION('center_axis',(0.,0.,-1.));
#12169=DIRECTION('ref_axis',(1.,0.,0.));
#12170=DIRECTION('',(0.,0.,-1.));
#12171=DIRECTION('center_axis',(0.,1.,0.));
#12172=DIRECTION('ref_axis',(1.,0.,0.));
#12173=DIRECTION('',(-1.,0.,0.));
#12174=DIRECTION('',(1.,0.,0.));
#12175=DIRECTION('',(0.,0.,-1.));
#12176=DIRECTION('center_axis',(1.,0.,0.));
#12177=DIRECTION('ref_axis',(0.,-1.,0.));
#12178=DIRECTION('',(0.,1.,0.));
#12179=DIRECTION('',(0.,-1.,0.));
#12180=DIRECTION('',(0.,0.,-1.));
#12181=DIRECTION('center_axis',(0.,0.,-1.));
#12182=DIRECTION('ref_axis',(0.,1.,0.));
#12183=DIRECTION('center_axis',(0.,0.,1.));
#12184=DIRECTION('ref_axis',(0.,1.,0.));
#12185=DIRECTION('center_axis',(0.,0.,1.));
#12186=DIRECTION('ref_axis',(0.,1.,0.));
#12187=DIRECTION('',(0.,0.,-1.));
#12188=DIRECTION('center_axis',(0.,-1.,0.));
#12189=DIRECTION('ref_axis',(-1.,0.,0.));
#12190=DIRECTION('',(1.,0.,0.));
#12191=DIRECTION('',(-1.,0.,0.));
#12192=DIRECTION('',(0.,0.,-1.));
#12193=DIRECTION('center_axis',(1.,0.,0.));
#12194=DIRECTION('ref_axis',(0.,-1.,0.));
#12195=DIRECTION('',(0.,1.,0.));
#12196=DIRECTION('',(0.,-1.,0.));
#12197=DIRECTION('',(0.,0.,-1.));
#12198=DIRECTION('center_axis',(0.,0.,-1.));
#12199=DIRECTION('ref_axis',(0.,1.,0.));
#12200=DIRECTION('center_axis',(0.,0.,1.));
#12201=DIRECTION('ref_axis',(0.,1.,0.));
#12202=DIRECTION('center_axis',(0.,0.,1.));
#12203=DIRECTION('ref_axis',(0.,1.,0.));
#12204=DIRECTION('',(0.,0.,-1.));
#12205=DIRECTION('center_axis',(0.,-1.,0.));
#12206=DIRECTION('ref_axis',(-1.,0.,0.));
#12207=DIRECTION('',(1.,0.,0.));
#12208=DIRECTION('',(-1.,0.,0.));
#12209=DIRECTION('',(0.,0.,-1.));
#12210=DIRECTION('center_axis',(0.,0.,-1.));
#12211=DIRECTION('ref_axis',(1.,0.,0.));
#12212=DIRECTION('center_axis',(0.,0.,1.));
#12213=DIRECTION('ref_axis',(1.,0.,0.));
#12214=DIRECTION('center_axis',(0.,0.,1.));
#12215=DIRECTION('ref_axis',(1.,0.,0.));
#12216=DIRECTION('',(0.,0.,-1.));
#12217=DIRECTION('center_axis',(-1.,0.,0.));
#12218=DIRECTION('ref_axis',(0.,1.,0.));
#12219=DIRECTION('',(0.,-1.,0.));
#12220=DIRECTION('',(0.,1.,0.));
#12221=DIRECTION('',(0.,0.,-1.));
#12222=DIRECTION('center_axis',(0.,-1.,0.));
#12223=DIRECTION('ref_axis',(-1.,0.,0.));
#12224=DIRECTION('',(1.,0.,0.));
#12225=DIRECTION('',(-1.,0.,0.));
#12226=DIRECTION('',(0.,0.,-1.));
#12227=DIRECTION('center_axis',(1.,0.,0.));
#12228=DIRECTION('ref_axis',(0.,-1.,0.));
#12229=DIRECTION('',(0.,-1.,0.));
#12230=DIRECTION('',(0.,-1.,0.));
#12231=DIRECTION('',(0.,0.,-1.));
#12232=DIRECTION('center_axis',(0.,0.,-1.));
#12233=DIRECTION('ref_axis',(0.,1.,0.));
#12234=DIRECTION('center_axis',(0.,0.,1.));
#12235=DIRECTION('ref_axis',(0.,1.,0.));
#12236=DIRECTION('center_axis',(0.,0.,1.));
#12237=DIRECTION('ref_axis',(0.,1.,0.));
#12238=DIRECTION('',(0.,0.,-1.));
#12239=DIRECTION('center_axis',(0.,-1.,0.));
#12240=DIRECTION('ref_axis',(-1.,0.,0.));
#12241=DIRECTION('',(1.,0.,0.));
#12242=DIRECTION('',(-1.,0.,0.));
#12243=DIRECTION('',(0.,0.,-1.));
#12244=DIRECTION('center_axis',(0.,0.,-1.));
#12245=DIRECTION('ref_axis',(1.,0.,0.));
#12246=DIRECTION('center_axis',(0.,0.,1.));
#12247=DIRECTION('ref_axis',(1.,0.,0.));
#12248=DIRECTION('center_axis',(0.,0.,1.));
#12249=DIRECTION('ref_axis',(1.,0.,0.));
#12250=DIRECTION('',(0.,0.,-1.));
#12251=DIRECTION('center_axis',(-1.,0.,0.));
#12252=DIRECTION('ref_axis',(0.,1.,0.));
#12253=DIRECTION('',(0.,-1.,0.));
#12254=DIRECTION('',(0.,1.,0.));
#12255=DIRECTION('',(0.,0.,-1.));
#12256=DIRECTION('center_axis',(0.,-1.,0.));
#12257=DIRECTION('ref_axis',(-1.,0.,0.));
#12258=DIRECTION('',(-1.,0.,0.));
#12259=DIRECTION('',(-1.,0.,0.));
#12260=DIRECTION('',(0.,0.,-1.));
#12261=DIRECTION('center_axis',(1.,0.,0.));
#12262=DIRECTION('ref_axis',(0.,-1.,0.));
#12263=DIRECTION('',(0.,-1.,0.));
#12264=DIRECTION('',(0.,-1.,0.));
#12265=DIRECTION('',(0.,0.,-1.));
#12266=DIRECTION('center_axis',(0.,0.,-1.));
#12267=DIRECTION('ref_axis',(0.,1.,0.));
#12268=DIRECTION('center_axis',(0.,0.,1.));
#12269=DIRECTION('ref_axis',(0.,1.,0.));
#12270=DIRECTION('center_axis',(0.,0.,1.));
#12271=DIRECTION('ref_axis',(0.,1.,0.));
#12272=DIRECTION('',(0.,0.,-1.));
#12273=DIRECTION('center_axis',(0.,-1.,0.));
#12274=DIRECTION('ref_axis',(-1.,0.,0.));
#12275=DIRECTION('',(-1.,0.,0.));
#12276=DIRECTION('',(-1.,0.,0.));
#12277=DIRECTION('',(0.,0.,-1.));
#12278=DIRECTION('center_axis',(0.,0.,-1.));
#12279=DIRECTION('ref_axis',(1.,0.,0.));
#12280=DIRECTION('center_axis',(0.,0.,1.));
#12281=DIRECTION('ref_axis',(1.,0.,0.));
#12282=DIRECTION('center_axis',(0.,0.,1.));
#12283=DIRECTION('ref_axis',(1.,0.,0.));
#12284=DIRECTION('',(0.,0.,-1.));
#12285=DIRECTION('center_axis',(-1.,0.,0.));
#12286=DIRECTION('ref_axis',(0.,1.,0.));
#12287=DIRECTION('',(0.,1.,0.));
#12288=DIRECTION('',(0.,1.,0.));
#12289=DIRECTION('',(0.,0.,-1.));
#12290=DIRECTION('center_axis',(0.,-1.,0.));
#12291=DIRECTION('ref_axis',(-1.,0.,0.));
#12292=DIRECTION('',(-1.,0.,0.));
#12293=DIRECTION('',(-1.,0.,0.));
#12294=DIRECTION('',(0.,0.,-1.));
#12295=DIRECTION('center_axis',(0.,0.,-1.));
#12296=DIRECTION('ref_axis',(1.,0.,0.));
#12297=DIRECTION('center_axis',(0.,0.,1.));
#12298=DIRECTION('ref_axis',(1.,0.,0.));
#12299=DIRECTION('center_axis',(0.,0.,1.));
#12300=DIRECTION('ref_axis',(1.,0.,0.));
#12301=DIRECTION('',(0.,0.,-1.));
#12302=DIRECTION('center_axis',(-1.,0.,0.));
#12303=DIRECTION('ref_axis',(0.,1.,0.));
#12304=DIRECTION('',(0.,1.,0.));
#12305=DIRECTION('',(0.,1.,0.));
#12306=DIRECTION('',(0.,0.,-1.));
#12307=DIRECTION('center_axis',(0.,1.,0.));
#12308=DIRECTION('ref_axis',(1.,0.,0.));
#12309=DIRECTION('',(1.,0.,0.));
#12310=DIRECTION('',(1.,0.,0.));
#12311=DIRECTION('',(0.,0.,-1.));
#12312=DIRECTION('center_axis',(0.,0.,-1.));
#12313=DIRECTION('ref_axis',(0.,1.,0.));
#12314=DIRECTION('center_axis',(0.,0.,1.));
#12315=DIRECTION('ref_axis',(0.,1.,0.));
#12316=DIRECTION('center_axis',(0.,0.,-1.));
#12317=DIRECTION('ref_axis',(0.,1.,0.));
#12318=DIRECTION('',(0.,0.,-1.));
#12319=DIRECTION('center_axis',(-1.,0.,0.));
#12320=DIRECTION('ref_axis',(0.,1.,0.));
#12321=DIRECTION('',(0.,1.,0.));
#12322=DIRECTION('',(0.,1.,0.));
#12323=DIRECTION('',(0.,0.,-1.));
#12324=DIRECTION('center_axis',(0.,0.,-1.));
#12325=DIRECTION('ref_axis',(0.,-1.,0.));
#12326=DIRECTION('center_axis',(0.,0.,1.));
#12327=DIRECTION('ref_axis',(0.,-1.,0.));
#12328=DIRECTION('center_axis',(0.,0.,1.));
#12329=DIRECTION('ref_axis',(0.,-1.,0.));
#12330=DIRECTION('',(0.,0.,-1.));
#12331=DIRECTION('center_axis',(0.,1.,0.));
#12332=DIRECTION('ref_axis',(1.,0.,0.));
#12333=DIRECTION('',(1.,0.,0.));
#12334=DIRECTION('',(1.,0.,0.));
#12335=DIRECTION('',(0.,0.,-1.));
#12336=DIRECTION('center_axis',(0.,0.,-1.));
#12337=DIRECTION('ref_axis',(0.,1.,0.));
#12338=DIRECTION('center_axis',(0.,0.,1.));
#12339=DIRECTION('ref_axis',(0.,1.,0.));
#12340=DIRECTION('center_axis',(0.,0.,-1.));
#12341=DIRECTION('ref_axis',(0.,1.,0.));
#12342=DIRECTION('',(0.,0.,-1.));
#12343=DIRECTION('center_axis',(-1.,0.,0.));
#12344=DIRECTION('ref_axis',(0.,1.,0.));
#12345=DIRECTION('',(0.,1.,0.));
#12346=DIRECTION('',(0.,1.,0.));
#12347=DIRECTION('',(0.,0.,-1.));
#12348=DIRECTION('center_axis',(0.,0.,-1.));
#12349=DIRECTION('ref_axis',(0.,-1.,0.));
#12350=DIRECTION('center_axis',(0.,0.,1.));
#12351=DIRECTION('ref_axis',(0.,-1.,0.));
#12352=DIRECTION('center_axis',(0.,0.,1.));
#12353=DIRECTION('ref_axis',(0.,-1.,0.));
#12354=DIRECTION('',(0.,0.,-1.));
#12355=DIRECTION('center_axis',(0.,1.,0.));
#12356=DIRECTION('ref_axis',(1.,0.,0.));
#12357=DIRECTION('',(1.,0.,0.));
#12358=DIRECTION('',(1.,0.,0.));
#12359=DIRECTION('',(0.,0.,-1.));
#12360=DIRECTION('center_axis',(0.,0.,-1.));
#12361=DIRECTION('ref_axis',(-1.,0.,0.));
#12362=DIRECTION('center_axis',(0.,0.,1.));
#12363=DIRECTION('ref_axis',(-1.,0.,0.));
#12364=DIRECTION('center_axis',(0.,0.,1.));
#12365=DIRECTION('ref_axis',(-1.,0.,0.));
#12366=DIRECTION('',(0.,0.,-1.));
#12367=DIRECTION('center_axis',(1.,0.,0.));
#12368=DIRECTION('ref_axis',(0.,-1.,0.));
#12369=DIRECTION('',(0.,-1.,0.));
#12370=DIRECTION('',(0.,-1.,0.));
#12371=DIRECTION('',(0.,0.,-1.));
#12372=DIRECTION('center_axis',(0.,0.,-1.));
#12373=DIRECTION('ref_axis',(1.,0.,0.));
#12374=DIRECTION('center_axis',(0.,0.,1.));
#12375=DIRECTION('ref_axis',(1.,0.,0.));
#12376=DIRECTION('center_axis',(0.,0.,-1.));
#12377=DIRECTION('ref_axis',(1.,0.,0.));
#12378=DIRECTION('',(0.,0.,-1.));
#12379=DIRECTION('center_axis',(0.,1.,0.));
#12380=DIRECTION('ref_axis',(1.,0.,0.));
#12381=DIRECTION('',(1.,0.,0.));
#12382=DIRECTION('',(1.,0.,0.));
#12383=DIRECTION('',(0.,0.,-1.));
#12384=DIRECTION('center_axis',(1.,0.,0.));
#12385=DIRECTION('ref_axis',(0.,-1.,0.));
#12386=DIRECTION('',(0.,-1.,0.));
#12387=DIRECTION('',(0.,-1.,0.));
#12388=DIRECTION('',(0.,0.,-1.));
#12389=DIRECTION('center_axis',(0.,0.,-1.));
#12390=DIRECTION('ref_axis',(1.,0.,0.));
#12391=DIRECTION('center_axis',(0.,0.,1.));
#12392=DIRECTION('ref_axis',(1.,0.,0.));
#12393=DIRECTION('center_axis',(0.,0.,-1.));
#12394=DIRECTION('ref_axis',(1.,0.,0.));
#12395=DIRECTION('center_axis',(0.,0.,-1.));
#12396=DIRECTION('ref_axis',(1.,0.,0.));
#12397=DIRECTION('center_axis',(0.,0.,1.));
#12398=DIRECTION('ref_axis',(1.,0.,0.));
#12399=DIRECTION('',(0.,0.,-1.));
#12400=DIRECTION('center_axis',(0.,0.,1.));
#12401=DIRECTION('ref_axis',(1.,0.,0.));
#12402=DIRECTION('',(0.,0.,-1.));
#12403=DIRECTION('center_axis',(-1.,0.,0.));
#12404=DIRECTION('ref_axis',(0.,1.,0.));
#12405=DIRECTION('',(0.,-1.,0.));
#12406=DIRECTION('',(0.,1.,0.));
#12407=DIRECTION('',(0.,0.,-1.));
#12408=DIRECTION('center_axis',(0.,0.,-1.));
#12409=DIRECTION('ref_axis',(0.,-1.,0.));
#12410=DIRECTION('center_axis',(0.,0.,1.));
#12411=DIRECTION('ref_axis',(0.,-1.,0.));
#12412=DIRECTION('center_axis',(0.,0.,1.));
#12413=DIRECTION('ref_axis',(0.,-1.,0.));
#12414=DIRECTION('',(0.,0.,-1.));
#12415=DIRECTION('center_axis',(0.,1.,0.));
#12416=DIRECTION('ref_axis',(1.,0.,0.));
#12417=DIRECTION('',(1.,0.,0.));
#12418=DIRECTION('',(1.,0.,0.));
#12419=DIRECTION('',(0.,0.,-1.));
#12420=DIRECTION('center_axis',(0.,0.,-1.));
#12421=DIRECTION('ref_axis',(-1.,0.,0.));
#12422=DIRECTION('center_axis',(0.,0.,1.));
#12423=DIRECTION('ref_axis',(-1.,0.,0.));
#12424=DIRECTION('center_axis',(0.,0.,1.));
#12425=DIRECTION('ref_axis',(-1.,0.,0.));
#12426=DIRECTION('',(0.,0.,-1.));
#12427=DIRECTION('center_axis',(1.,0.,0.));
#12428=DIRECTION('ref_axis',(0.,-1.,0.));
#12429=DIRECTION('',(0.,-1.,0.));
#12430=DIRECTION('',(0.,-1.,0.));
#12431=DIRECTION('',(0.,0.,-1.));
#12432=DIRECTION('center_axis',(0.,0.,-1.));
#12433=DIRECTION('ref_axis',(0.,1.,0.));
#12434=DIRECTION('center_axis',(0.,0.,1.));
#12435=DIRECTION('ref_axis',(0.,1.,0.));
#12436=DIRECTION('center_axis',(0.,0.,1.));
#12437=DIRECTION('ref_axis',(0.,1.,0.));
#12438=DIRECTION('',(0.,0.,-1.));
#12439=DIRECTION('center_axis',(0.,-1.,0.));
#12440=DIRECTION('ref_axis',(-1.,0.,0.));
#12441=DIRECTION('',(1.,0.,0.));
#12442=DIRECTION('',(-1.,0.,0.));
#12443=DIRECTION('center_axis',(0.,0.,-1.));
#12444=DIRECTION('ref_axis',(1.,0.,0.));
#12445=DIRECTION('center_axis',(0.,0.,1.));
#12446=DIRECTION('ref_axis',(1.,0.,0.));
#12447=DIRECTION('',(0.,0.,-1.));
#12448=DIRECTION('center_axis',(0.,0.,1.));
#12449=DIRECTION('ref_axis',(1.,0.,0.));
#12450=DIRECTION('',(0.,0.,-1.));
#12451=DIRECTION('center_axis',(-1.,0.,0.));
#12452=DIRECTION('ref_axis',(0.,1.,0.));
#12453=DIRECTION('',(0.,-1.,0.));
#12454=DIRECTION('',(0.,1.,0.));
#12455=DIRECTION('',(0.,0.,-1.));
#12456=DIRECTION('center_axis',(0.,0.,-1.));
#12457=DIRECTION('ref_axis',(0.,-1.,0.));
#12458=DIRECTION('center_axis',(0.,0.,1.));
#12459=DIRECTION('ref_axis',(0.,-1.,0.));
#12460=DIRECTION('center_axis',(0.,0.,1.));
#12461=DIRECTION('ref_axis',(0.,-1.,0.));
#12462=DIRECTION('',(0.,0.,-1.));
#12463=DIRECTION('center_axis',(0.,1.,0.));
#12464=DIRECTION('ref_axis',(1.,0.,0.));
#12465=DIRECTION('',(1.,0.,0.));
#12466=DIRECTION('',(1.,0.,0.));
#12467=DIRECTION('',(0.,0.,-1.));
#12468=DIRECTION('center_axis',(0.,0.,-1.));
#12469=DIRECTION('ref_axis',(-1.,0.,0.));
#12470=DIRECTION('center_axis',(0.,0.,1.));
#12471=DIRECTION('ref_axis',(-1.,0.,0.));
#12472=DIRECTION('center_axis',(0.,0.,1.));
#12473=DIRECTION('ref_axis',(-1.,0.,0.));
#12474=DIRECTION('',(0.,0.,-1.));
#12475=DIRECTION('center_axis',(1.,0.,0.));
#12476=DIRECTION('ref_axis',(0.,-1.,0.));
#12477=DIRECTION('',(0.,-1.,0.));
#12478=DIRECTION('',(0.,-1.,0.));
#12479=DIRECTION('',(0.,0.,-1.));
#12480=DIRECTION('center_axis',(0.,0.,-1.));
#12481=DIRECTION('ref_axis',(0.,1.,0.));
#12482=DIRECTION('center_axis',(0.,0.,1.));
#12483=DIRECTION('ref_axis',(0.,1.,0.));
#12484=DIRECTION('center_axis',(0.,0.,1.));
#12485=DIRECTION('ref_axis',(0.,1.,0.));
#12486=DIRECTION('',(0.,0.,-1.));
#12487=DIRECTION('center_axis',(0.,-1.,0.));
#12488=DIRECTION('ref_axis',(-1.,0.,0.));
#12489=DIRECTION('',(1.,0.,0.));
#12490=DIRECTION('',(-1.,0.,0.));
#12491=DIRECTION('center_axis',(0.,0.,-1.));
#12492=DIRECTION('ref_axis',(1.,0.,0.));
#12493=DIRECTION('center_axis',(0.,0.,1.));
#12494=DIRECTION('ref_axis',(1.,0.,0.));
#12495=DIRECTION('',(0.,0.,-1.));
#12496=DIRECTION('center_axis',(0.,0.,1.));
#12497=DIRECTION('ref_axis',(1.,0.,0.));
#12498=DIRECTION('',(0.,0.,-1.));
#12499=DIRECTION('center_axis',(-1.,0.,0.));
#12500=DIRECTION('ref_axis',(0.,1.,0.));
#12501=DIRECTION('',(0.,-1.,0.));
#12502=DIRECTION('',(0.,1.,0.));
#12503=DIRECTION('',(0.,0.,-1.));
#12504=DIRECTION('center_axis',(0.,0.,-1.));
#12505=DIRECTION('ref_axis',(0.,-1.,0.));
#12506=DIRECTION('center_axis',(0.,0.,1.));
#12507=DIRECTION('ref_axis',(0.,-1.,0.));
#12508=DIRECTION('center_axis',(0.,0.,1.));
#12509=DIRECTION('ref_axis',(0.,-1.,0.));
#12510=DIRECTION('',(0.,0.,-1.));
#12511=DIRECTION('center_axis',(0.,1.,0.));
#12512=DIRECTION('ref_axis',(1.,0.,0.));
#12513=DIRECTION('',(1.,0.,0.));
#12514=DIRECTION('',(1.,0.,0.));
#12515=DIRECTION('',(0.,0.,-1.));
#12516=DIRECTION('center_axis',(0.,0.,-1.));
#12517=DIRECTION('ref_axis',(-1.,0.,0.));
#12518=DIRECTION('center_axis',(0.,0.,1.));
#12519=DIRECTION('ref_axis',(-1.,0.,0.));
#12520=DIRECTION('center_axis',(0.,0.,1.));
#12521=DIRECTION('ref_axis',(-1.,0.,0.));
#12522=DIRECTION('',(0.,0.,-1.));
#12523=DIRECTION('center_axis',(1.,0.,0.));
#12524=DIRECTION('ref_axis',(0.,-1.,0.));
#12525=DIRECTION('',(0.,-1.,0.));
#12526=DIRECTION('',(0.,-1.,0.));
#12527=DIRECTION('',(0.,0.,-1.));
#12528=DIRECTION('center_axis',(0.,0.,-1.));
#12529=DIRECTION('ref_axis',(0.,1.,0.));
#12530=DIRECTION('center_axis',(0.,0.,1.));
#12531=DIRECTION('ref_axis',(0.,1.,0.));
#12532=DIRECTION('center_axis',(0.,0.,1.));
#12533=DIRECTION('ref_axis',(0.,1.,0.));
#12534=DIRECTION('',(0.,0.,-1.));
#12535=DIRECTION('center_axis',(0.,-1.,0.));
#12536=DIRECTION('ref_axis',(-1.,0.,0.));
#12537=DIRECTION('',(1.,0.,0.));
#12538=DIRECTION('',(-1.,0.,0.));
#12539=DIRECTION('center_axis',(0.,0.,-1.));
#12540=DIRECTION('ref_axis',(1.,0.,0.));
#12541=DIRECTION('center_axis',(0.,0.,1.));
#12542=DIRECTION('ref_axis',(1.,0.,0.));
#12543=DIRECTION('',(0.,0.,-1.));
#12544=DIRECTION('center_axis',(0.,0.,1.));
#12545=DIRECTION('ref_axis',(1.,0.,0.));
#12546=DIRECTION('',(0.,0.,-1.));
#12547=DIRECTION('center_axis',(-1.,0.,0.));
#12548=DIRECTION('ref_axis',(0.,1.,0.));
#12549=DIRECTION('',(0.,-1.,0.));
#12550=DIRECTION('',(0.,1.,0.));
#12551=DIRECTION('',(0.,0.,-1.));
#12552=DIRECTION('center_axis',(0.,0.,-1.));
#12553=DIRECTION('ref_axis',(0.,-1.,0.));
#12554=DIRECTION('center_axis',(0.,0.,1.));
#12555=DIRECTION('ref_axis',(0.,-1.,0.));
#12556=DIRECTION('center_axis',(0.,0.,1.));
#12557=DIRECTION('ref_axis',(0.,-1.,0.));
#12558=DIRECTION('',(0.,0.,-1.));
#12559=DIRECTION('center_axis',(0.,1.,0.));
#12560=DIRECTION('ref_axis',(1.,0.,0.));
#12561=DIRECTION('',(1.,0.,0.));
#12562=DIRECTION('',(1.,0.,0.));
#12563=DIRECTION('',(0.,0.,-1.));
#12564=DIRECTION('center_axis',(0.,0.,-1.));
#12565=DIRECTION('ref_axis',(-1.,0.,0.));
#12566=DIRECTION('center_axis',(0.,0.,1.));
#12567=DIRECTION('ref_axis',(-1.,0.,0.));
#12568=DIRECTION('center_axis',(0.,0.,1.));
#12569=DIRECTION('ref_axis',(-1.,0.,0.));
#12570=DIRECTION('',(0.,0.,-1.));
#12571=DIRECTION('center_axis',(1.,0.,0.));
#12572=DIRECTION('ref_axis',(0.,-1.,0.));
#12573=DIRECTION('',(0.,-1.,0.));
#12574=DIRECTION('',(0.,-1.,0.));
#12575=DIRECTION('',(0.,0.,-1.));
#12576=DIRECTION('center_axis',(0.,0.,-1.));
#12577=DIRECTION('ref_axis',(0.,1.,0.));
#12578=DIRECTION('center_axis',(0.,0.,1.));
#12579=DIRECTION('ref_axis',(0.,1.,0.));
#12580=DIRECTION('center_axis',(0.,0.,1.));
#12581=DIRECTION('ref_axis',(0.,1.,0.));
#12582=DIRECTION('',(0.,0.,-1.));
#12583=DIRECTION('center_axis',(0.,-1.,0.));
#12584=DIRECTION('ref_axis',(-1.,0.,0.));
#12585=DIRECTION('',(1.,0.,0.));
#12586=DIRECTION('',(-1.,0.,0.));
#12587=DIRECTION('center_axis',(0.,0.,-1.));
#12588=DIRECTION('ref_axis',(1.,0.,0.));
#12589=DIRECTION('center_axis',(0.,0.,1.));
#12590=DIRECTION('ref_axis',(1.,0.,0.));
#12591=DIRECTION('',(0.,0.,-1.));
#12592=DIRECTION('center_axis',(0.,0.,1.));
#12593=DIRECTION('ref_axis',(1.,0.,0.));
#12594=DIRECTION('',(0.,0.,-1.));
#12595=DIRECTION('center_axis',(-1.,0.,0.));
#12596=DIRECTION('ref_axis',(0.,1.,0.));
#12597=DIRECTION('',(0.,-1.,0.));
#12598=DIRECTION('',(0.,1.,0.));
#12599=DIRECTION('',(0.,0.,-1.));
#12600=DIRECTION('center_axis',(0.,0.,-1.));
#12601=DIRECTION('ref_axis',(0.,-1.,0.));
#12602=DIRECTION('center_axis',(0.,0.,1.));
#12603=DIRECTION('ref_axis',(0.,-1.,0.));
#12604=DIRECTION('center_axis',(0.,0.,1.));
#12605=DIRECTION('ref_axis',(0.,-1.,0.));
#12606=DIRECTION('',(0.,0.,-1.));
#12607=DIRECTION('center_axis',(0.,1.,0.));
#12608=DIRECTION('ref_axis',(1.,0.,0.));
#12609=DIRECTION('',(1.,0.,0.));
#12610=DIRECTION('',(1.,0.,0.));
#12611=DIRECTION('',(0.,0.,-1.));
#12612=DIRECTION('center_axis',(0.,0.,-1.));
#12613=DIRECTION('ref_axis',(-1.,0.,0.));
#12614=DIRECTION('center_axis',(0.,0.,1.));
#12615=DIRECTION('ref_axis',(-1.,0.,0.));
#12616=DIRECTION('center_axis',(0.,0.,1.));
#12617=DIRECTION('ref_axis',(-1.,0.,0.));
#12618=DIRECTION('',(0.,0.,-1.));
#12619=DIRECTION('center_axis',(1.,0.,0.));
#12620=DIRECTION('ref_axis',(0.,-1.,0.));
#12621=DIRECTION('',(0.,-1.,0.));
#12622=DIRECTION('',(0.,-1.,0.));
#12623=DIRECTION('',(0.,0.,-1.));
#12624=DIRECTION('center_axis',(0.,0.,-1.));
#12625=DIRECTION('ref_axis',(0.,1.,0.));
#12626=DIRECTION('center_axis',(0.,0.,1.));
#12627=DIRECTION('ref_axis',(0.,1.,0.));
#12628=DIRECTION('center_axis',(0.,0.,1.));
#12629=DIRECTION('ref_axis',(0.,1.,0.));
#12630=DIRECTION('',(0.,0.,-1.));
#12631=DIRECTION('center_axis',(0.,-1.,0.));
#12632=DIRECTION('ref_axis',(-1.,0.,0.));
#12633=DIRECTION('',(1.,0.,0.));
#12634=DIRECTION('',(-1.,0.,0.));
#12635=DIRECTION('center_axis',(0.,0.,-1.));
#12636=DIRECTION('ref_axis',(1.,0.,0.));
#12637=DIRECTION('center_axis',(0.,0.,1.));
#12638=DIRECTION('ref_axis',(1.,0.,0.));
#12639=DIRECTION('',(0.,0.,-1.));
#12640=DIRECTION('center_axis',(0.,0.,1.));
#12641=DIRECTION('ref_axis',(1.,0.,0.));
#12642=DIRECTION('',(0.,0.,-1.));
#12643=DIRECTION('center_axis',(-1.,0.,0.));
#12644=DIRECTION('ref_axis',(0.,1.,0.));
#12645=DIRECTION('',(0.,-1.,0.));
#12646=DIRECTION('',(0.,1.,0.));
#12647=DIRECTION('',(0.,0.,-1.));
#12648=DIRECTION('center_axis',(0.,0.,-1.));
#12649=DIRECTION('ref_axis',(0.,-1.,0.));
#12650=DIRECTION('center_axis',(0.,0.,1.));
#12651=DIRECTION('ref_axis',(0.,-1.,0.));
#12652=DIRECTION('center_axis',(0.,0.,1.));
#12653=DIRECTION('ref_axis',(0.,-1.,0.));
#12654=DIRECTION('',(0.,0.,-1.));
#12655=DIRECTION('center_axis',(0.,1.,0.));
#12656=DIRECTION('ref_axis',(1.,0.,0.));
#12657=DIRECTION('',(1.,0.,0.));
#12658=DIRECTION('',(1.,0.,0.));
#12659=DIRECTION('',(0.,0.,-1.));
#12660=DIRECTION('center_axis',(0.,0.,-1.));
#12661=DIRECTION('ref_axis',(-1.,0.,0.));
#12662=DIRECTION('center_axis',(0.,0.,1.));
#12663=DIRECTION('ref_axis',(-1.,0.,0.));
#12664=DIRECTION('center_axis',(0.,0.,1.));
#12665=DIRECTION('ref_axis',(-1.,0.,0.));
#12666=DIRECTION('',(0.,0.,-1.));
#12667=DIRECTION('center_axis',(1.,0.,0.));
#12668=DIRECTION('ref_axis',(0.,-1.,0.));
#12669=DIRECTION('',(0.,-1.,0.));
#12670=DIRECTION('',(0.,-1.,0.));
#12671=DIRECTION('',(0.,0.,-1.));
#12672=DIRECTION('center_axis',(0.,0.,-1.));
#12673=DIRECTION('ref_axis',(0.,1.,0.));
#12674=DIRECTION('center_axis',(0.,0.,1.));
#12675=DIRECTION('ref_axis',(0.,1.,0.));
#12676=DIRECTION('center_axis',(0.,0.,1.));
#12677=DIRECTION('ref_axis',(0.,1.,0.));
#12678=DIRECTION('',(0.,0.,-1.));
#12679=DIRECTION('center_axis',(0.,-1.,0.));
#12680=DIRECTION('ref_axis',(-1.,0.,0.));
#12681=DIRECTION('',(1.,0.,0.));
#12682=DIRECTION('',(-1.,0.,0.));
#12683=DIRECTION('center_axis',(0.,0.,-1.));
#12684=DIRECTION('ref_axis',(1.,0.,0.));
#12685=DIRECTION('center_axis',(0.,0.,1.));
#12686=DIRECTION('ref_axis',(1.,0.,0.));
#12687=DIRECTION('',(0.,0.,-1.));
#12688=DIRECTION('center_axis',(0.,0.,1.));
#12689=DIRECTION('ref_axis',(1.,0.,0.));
#12690=DIRECTION('',(0.,0.,-1.));
#12691=DIRECTION('center_axis',(-1.,0.,0.));
#12692=DIRECTION('ref_axis',(0.,1.,0.));
#12693=DIRECTION('',(0.,-1.,0.));
#12694=DIRECTION('',(0.,1.,0.));
#12695=DIRECTION('',(0.,0.,-1.));
#12696=DIRECTION('center_axis',(0.,0.,-1.));
#12697=DIRECTION('ref_axis',(0.,-1.,0.));
#12698=DIRECTION('center_axis',(0.,0.,1.));
#12699=DIRECTION('ref_axis',(0.,-1.,0.));
#12700=DIRECTION('center_axis',(0.,0.,1.));
#12701=DIRECTION('ref_axis',(0.,-1.,0.));
#12702=DIRECTION('',(0.,0.,-1.));
#12703=DIRECTION('center_axis',(0.,1.,0.));
#12704=DIRECTION('ref_axis',(1.,0.,0.));
#12705=DIRECTION('',(1.,0.,0.));
#12706=DIRECTION('',(1.,0.,0.));
#12707=DIRECTION('',(0.,0.,-1.));
#12708=DIRECTION('center_axis',(0.,0.,-1.));
#12709=DIRECTION('ref_axis',(-1.,0.,0.));
#12710=DIRECTION('center_axis',(0.,0.,1.));
#12711=DIRECTION('ref_axis',(-1.,0.,0.));
#12712=DIRECTION('center_axis',(0.,0.,1.));
#12713=DIRECTION('ref_axis',(-1.,0.,0.));
#12714=DIRECTION('',(0.,0.,-1.));
#12715=DIRECTION('center_axis',(1.,0.,0.));
#12716=DIRECTION('ref_axis',(0.,-1.,0.));
#12717=DIRECTION('',(0.,-1.,0.));
#12718=DIRECTION('',(0.,-1.,0.));
#12719=DIRECTION('',(0.,0.,-1.));
#12720=DIRECTION('center_axis',(0.,0.,-1.));
#12721=DIRECTION('ref_axis',(0.,1.,0.));
#12722=DIRECTION('center_axis',(0.,0.,1.));
#12723=DIRECTION('ref_axis',(0.,1.,0.));
#12724=DIRECTION('center_axis',(0.,0.,1.));
#12725=DIRECTION('ref_axis',(0.,1.,0.));
#12726=DIRECTION('',(0.,0.,-1.));
#12727=DIRECTION('center_axis',(0.,-1.,0.));
#12728=DIRECTION('ref_axis',(-1.,0.,0.));
#12729=DIRECTION('',(1.,0.,0.));
#12730=DIRECTION('',(-1.,0.,0.));
#12731=DIRECTION('center_axis',(0.,0.,-1.));
#12732=DIRECTION('ref_axis',(1.,0.,0.));
#12733=DIRECTION('center_axis',(0.,0.,1.));
#12734=DIRECTION('ref_axis',(1.,0.,0.));
#12735=DIRECTION('',(0.,0.,-1.));
#12736=DIRECTION('center_axis',(0.,0.,1.));
#12737=DIRECTION('ref_axis',(1.,0.,0.));
#12738=DIRECTION('',(0.,0.,-1.));
#12739=DIRECTION('center_axis',(-1.,0.,0.));
#12740=DIRECTION('ref_axis',(0.,1.,0.));
#12741=DIRECTION('',(0.,-1.,0.));
#12742=DIRECTION('',(0.,1.,0.));
#12743=DIRECTION('',(0.,0.,-1.));
#12744=DIRECTION('center_axis',(0.,0.,-1.));
#12745=DIRECTION('ref_axis',(0.,-1.,0.));
#12746=DIRECTION('center_axis',(0.,0.,1.));
#12747=DIRECTION('ref_axis',(0.,-1.,0.));
#12748=DIRECTION('center_axis',(0.,0.,1.));
#12749=DIRECTION('ref_axis',(0.,-1.,0.));
#12750=DIRECTION('',(0.,0.,-1.));
#12751=DIRECTION('center_axis',(0.,1.,0.));
#12752=DIRECTION('ref_axis',(1.,0.,0.));
#12753=DIRECTION('',(1.,0.,0.));
#12754=DIRECTION('',(1.,0.,0.));
#12755=DIRECTION('',(0.,0.,-1.));
#12756=DIRECTION('center_axis',(0.,0.,-1.));
#12757=DIRECTION('ref_axis',(-1.,0.,0.));
#12758=DIRECTION('center_axis',(0.,0.,1.));
#12759=DIRECTION('ref_axis',(-1.,0.,0.));
#12760=DIRECTION('center_axis',(0.,0.,1.));
#12761=DIRECTION('ref_axis',(-1.,0.,0.));
#12762=DIRECTION('',(0.,0.,-1.));
#12763=DIRECTION('center_axis',(1.,0.,0.));
#12764=DIRECTION('ref_axis',(0.,-1.,0.));
#12765=DIRECTION('',(0.,-1.,0.));
#12766=DIRECTION('',(0.,-1.,0.));
#12767=DIRECTION('',(0.,0.,-1.));
#12768=DIRECTION('center_axis',(0.,0.,-1.));
#12769=DIRECTION('ref_axis',(0.,1.,0.));
#12770=DIRECTION('center_axis',(0.,0.,1.));
#12771=DIRECTION('ref_axis',(0.,1.,0.));
#12772=DIRECTION('center_axis',(0.,0.,1.));
#12773=DIRECTION('ref_axis',(0.,1.,0.));
#12774=DIRECTION('',(0.,0.,-1.));
#12775=DIRECTION('center_axis',(0.,-1.,0.));
#12776=DIRECTION('ref_axis',(-1.,0.,0.));
#12777=DIRECTION('',(1.,0.,0.));
#12778=DIRECTION('',(-1.,0.,0.));
#12779=DIRECTION('center_axis',(0.,0.,-1.));
#12780=DIRECTION('ref_axis',(1.,0.,0.));
#12781=DIRECTION('center_axis',(0.,0.,1.));
#12782=DIRECTION('ref_axis',(1.,0.,0.));
#12783=DIRECTION('',(0.,0.,-1.));
#12784=DIRECTION('center_axis',(0.,0.,1.));
#12785=DIRECTION('ref_axis',(1.,0.,0.));
#12786=DIRECTION('',(0.,0.,-1.));
#12787=DIRECTION('center_axis',(-1.,0.,0.));
#12788=DIRECTION('ref_axis',(0.,1.,0.));
#12789=DIRECTION('',(0.,-1.,0.));
#12790=DIRECTION('',(0.,1.,0.));
#12791=DIRECTION('',(0.,0.,-1.));
#12792=DIRECTION('center_axis',(0.,0.,-1.));
#12793=DIRECTION('ref_axis',(0.,-1.,0.));
#12794=DIRECTION('center_axis',(0.,0.,1.));
#12795=DIRECTION('ref_axis',(0.,-1.,0.));
#12796=DIRECTION('center_axis',(0.,0.,1.));
#12797=DIRECTION('ref_axis',(0.,-1.,0.));
#12798=DIRECTION('',(0.,0.,-1.));
#12799=DIRECTION('center_axis',(0.,1.,0.));
#12800=DIRECTION('ref_axis',(1.,0.,0.));
#12801=DIRECTION('',(1.,0.,0.));
#12802=DIRECTION('',(1.,0.,0.));
#12803=DIRECTION('',(0.,0.,-1.));
#12804=DIRECTION('center_axis',(0.,0.,-1.));
#12805=DIRECTION('ref_axis',(-1.,0.,0.));
#12806=DIRECTION('center_axis',(0.,0.,1.));
#12807=DIRECTION('ref_axis',(-1.,0.,0.));
#12808=DIRECTION('center_axis',(0.,0.,1.));
#12809=DIRECTION('ref_axis',(-1.,0.,0.));
#12810=DIRECTION('',(0.,0.,-1.));
#12811=DIRECTION('center_axis',(1.,0.,0.));
#12812=DIRECTION('ref_axis',(0.,-1.,0.));
#12813=DIRECTION('',(0.,-1.,0.));
#12814=DIRECTION('',(0.,-1.,0.));
#12815=DIRECTION('',(0.,0.,-1.));
#12816=DIRECTION('center_axis',(0.,0.,-1.));
#12817=DIRECTION('ref_axis',(0.,1.,0.));
#12818=DIRECTION('center_axis',(0.,0.,1.));
#12819=DIRECTION('ref_axis',(0.,1.,0.));
#12820=DIRECTION('center_axis',(0.,0.,1.));
#12821=DIRECTION('ref_axis',(0.,1.,0.));
#12822=DIRECTION('',(0.,0.,-1.));
#12823=DIRECTION('center_axis',(0.,-1.,0.));
#12824=DIRECTION('ref_axis',(-1.,0.,0.));
#12825=DIRECTION('',(1.,0.,0.));
#12826=DIRECTION('',(-1.,0.,0.));
#12827=DIRECTION('center_axis',(0.,0.,-1.));
#12828=DIRECTION('ref_axis',(1.,0.,0.));
#12829=DIRECTION('center_axis',(0.,0.,1.));
#12830=DIRECTION('ref_axis',(1.,0.,0.));
#12831=DIRECTION('',(0.,0.,-1.));
#12832=DIRECTION('center_axis',(0.,0.,1.));
#12833=DIRECTION('ref_axis',(1.,0.,0.));
#12834=DIRECTION('',(0.,0.,-1.));
#12835=DIRECTION('center_axis',(-1.,0.,0.));
#12836=DIRECTION('ref_axis',(0.,1.,0.));
#12837=DIRECTION('',(0.,-1.,0.));
#12838=DIRECTION('',(0.,1.,0.));
#12839=DIRECTION('',(0.,0.,-1.));
#12840=DIRECTION('center_axis',(0.,0.,-1.));
#12841=DIRECTION('ref_axis',(0.,-1.,0.));
#12842=DIRECTION('center_axis',(0.,0.,1.));
#12843=DIRECTION('ref_axis',(0.,-1.,0.));
#12844=DIRECTION('center_axis',(0.,0.,1.));
#12845=DIRECTION('ref_axis',(0.,-1.,0.));
#12846=DIRECTION('',(0.,0.,-1.));
#12847=DIRECTION('center_axis',(0.,1.,0.));
#12848=DIRECTION('ref_axis',(1.,0.,0.));
#12849=DIRECTION('',(1.,0.,0.));
#12850=DIRECTION('',(1.,0.,0.));
#12851=DIRECTION('',(0.,0.,-1.));
#12852=DIRECTION('center_axis',(0.,0.,-1.));
#12853=DIRECTION('ref_axis',(-1.,0.,0.));
#12854=DIRECTION('center_axis',(0.,0.,1.));
#12855=DIRECTION('ref_axis',(-1.,0.,0.));
#12856=DIRECTION('center_axis',(0.,0.,1.));
#12857=DIRECTION('ref_axis',(-1.,0.,0.));
#12858=DIRECTION('',(0.,0.,-1.));
#12859=DIRECTION('center_axis',(1.,0.,0.));
#12860=DIRECTION('ref_axis',(0.,-1.,0.));
#12861=DIRECTION('',(0.,-1.,0.));
#12862=DIRECTION('',(0.,-1.,0.));
#12863=DIRECTION('',(0.,0.,-1.));
#12864=DIRECTION('center_axis',(0.,0.,-1.));
#12865=DIRECTION('ref_axis',(0.,1.,0.));
#12866=DIRECTION('center_axis',(0.,0.,1.));
#12867=DIRECTION('ref_axis',(0.,1.,0.));
#12868=DIRECTION('center_axis',(0.,0.,1.));
#12869=DIRECTION('ref_axis',(0.,1.,0.));
#12870=DIRECTION('',(0.,0.,-1.));
#12871=DIRECTION('center_axis',(0.,-1.,0.));
#12872=DIRECTION('ref_axis',(-1.,0.,0.));
#12873=DIRECTION('',(1.,0.,0.));
#12874=DIRECTION('',(-1.,0.,0.));
#12875=DIRECTION('center_axis',(0.,0.,-1.));
#12876=DIRECTION('ref_axis',(1.,0.,0.));
#12877=DIRECTION('center_axis',(0.,0.,1.));
#12878=DIRECTION('ref_axis',(1.,0.,0.));
#12879=DIRECTION('',(0.,0.,-1.));
#12880=DIRECTION('center_axis',(0.,0.,1.));
#12881=DIRECTION('ref_axis',(1.,0.,0.));
#12882=DIRECTION('',(0.,0.,-1.));
#12883=DIRECTION('center_axis',(-1.,0.,0.));
#12884=DIRECTION('ref_axis',(0.,1.,0.));
#12885=DIRECTION('',(0.,-1.,0.));
#12886=DIRECTION('',(0.,1.,0.));
#12887=DIRECTION('',(0.,0.,-1.));
#12888=DIRECTION('center_axis',(0.,0.,-1.));
#12889=DIRECTION('ref_axis',(0.,-1.,0.));
#12890=DIRECTION('center_axis',(0.,0.,1.));
#12891=DIRECTION('ref_axis',(0.,-1.,0.));
#12892=DIRECTION('center_axis',(0.,0.,1.));
#12893=DIRECTION('ref_axis',(0.,-1.,0.));
#12894=DIRECTION('',(0.,0.,-1.));
#12895=DIRECTION('center_axis',(0.,1.,0.));
#12896=DIRECTION('ref_axis',(1.,0.,0.));
#12897=DIRECTION('',(1.,0.,0.));
#12898=DIRECTION('',(1.,0.,0.));
#12899=DIRECTION('',(0.,0.,-1.));
#12900=DIRECTION('center_axis',(0.,0.,-1.));
#12901=DIRECTION('ref_axis',(-1.,0.,0.));
#12902=DIRECTION('center_axis',(0.,0.,1.));
#12903=DIRECTION('ref_axis',(-1.,0.,0.));
#12904=DIRECTION('center_axis',(0.,0.,1.));
#12905=DIRECTION('ref_axis',(-1.,0.,0.));
#12906=DIRECTION('',(0.,0.,-1.));
#12907=DIRECTION('center_axis',(1.,0.,0.));
#12908=DIRECTION('ref_axis',(0.,-1.,0.));
#12909=DIRECTION('',(0.,-1.,0.));
#12910=DIRECTION('',(0.,-1.,0.));
#12911=DIRECTION('',(0.,0.,-1.));
#12912=DIRECTION('center_axis',(0.,0.,-1.));
#12913=DIRECTION('ref_axis',(0.,1.,0.));
#12914=DIRECTION('center_axis',(0.,0.,1.));
#12915=DIRECTION('ref_axis',(0.,1.,0.));
#12916=DIRECTION('center_axis',(0.,0.,1.));
#12917=DIRECTION('ref_axis',(0.,1.,0.));
#12918=DIRECTION('',(0.,0.,-1.));
#12919=DIRECTION('center_axis',(0.,-1.,0.));
#12920=DIRECTION('ref_axis',(-1.,0.,0.));
#12921=DIRECTION('',(1.,0.,0.));
#12922=DIRECTION('',(-1.,0.,0.));
#12923=DIRECTION('center_axis',(0.,0.,-1.));
#12924=DIRECTION('ref_axis',(1.,0.,0.));
#12925=DIRECTION('center_axis',(0.,0.,1.));
#12926=DIRECTION('ref_axis',(1.,0.,0.));
#12927=DIRECTION('',(0.,0.,-1.));
#12928=DIRECTION('center_axis',(0.,0.,1.));
#12929=DIRECTION('ref_axis',(1.,0.,0.));
#12930=DIRECTION('',(0.,0.,-1.));
#12931=DIRECTION('center_axis',(-1.,0.,0.));
#12932=DIRECTION('ref_axis',(0.,1.,0.));
#12933=DIRECTION('',(0.,-1.,0.));
#12934=DIRECTION('',(0.,1.,0.));
#12935=DIRECTION('',(0.,0.,-1.));
#12936=DIRECTION('center_axis',(0.,0.,-1.));
#12937=DIRECTION('ref_axis',(0.,-1.,0.));
#12938=DIRECTION('center_axis',(0.,0.,1.));
#12939=DIRECTION('ref_axis',(0.,-1.,0.));
#12940=DIRECTION('center_axis',(0.,0.,1.));
#12941=DIRECTION('ref_axis',(0.,-1.,0.));
#12942=DIRECTION('',(0.,0.,-1.));
#12943=DIRECTION('center_axis',(0.,1.,0.));
#12944=DIRECTION('ref_axis',(1.,0.,0.));
#12945=DIRECTION('',(1.,0.,0.));
#12946=DIRECTION('',(1.,0.,0.));
#12947=DIRECTION('',(0.,0.,-1.));
#12948=DIRECTION('center_axis',(0.,0.,-1.));
#12949=DIRECTION('ref_axis',(-1.,0.,0.));
#12950=DIRECTION('center_axis',(0.,0.,1.));
#12951=DIRECTION('ref_axis',(-1.,0.,0.));
#12952=DIRECTION('center_axis',(0.,0.,1.));
#12953=DIRECTION('ref_axis',(-1.,0.,0.));
#12954=DIRECTION('',(0.,0.,-1.));
#12955=DIRECTION('center_axis',(1.,0.,0.));
#12956=DIRECTION('ref_axis',(0.,-1.,0.));
#12957=DIRECTION('',(0.,-1.,0.));
#12958=DIRECTION('',(0.,-1.,0.));
#12959=DIRECTION('',(0.,0.,-1.));
#12960=DIRECTION('center_axis',(0.,0.,-1.));
#12961=DIRECTION('ref_axis',(0.,1.,0.));
#12962=DIRECTION('center_axis',(0.,0.,1.));
#12963=DIRECTION('ref_axis',(0.,1.,0.));
#12964=DIRECTION('center_axis',(0.,0.,1.));
#12965=DIRECTION('ref_axis',(0.,1.,0.));
#12966=DIRECTION('',(0.,0.,-1.));
#12967=DIRECTION('center_axis',(0.,-1.,0.));
#12968=DIRECTION('ref_axis',(-1.,0.,0.));
#12969=DIRECTION('',(1.,0.,0.));
#12970=DIRECTION('',(-1.,0.,0.));
#12971=DIRECTION('center_axis',(0.,0.,-1.));
#12972=DIRECTION('ref_axis',(1.,0.,0.));
#12973=DIRECTION('center_axis',(0.,0.,1.));
#12974=DIRECTION('ref_axis',(1.,0.,0.));
#12975=DIRECTION('',(0.,0.,-1.));
#12976=DIRECTION('center_axis',(0.,0.,1.));
#12977=DIRECTION('ref_axis',(1.,0.,0.));
#12978=DIRECTION('',(0.,0.,-1.));
#12979=DIRECTION('center_axis',(-1.,0.,0.));
#12980=DIRECTION('ref_axis',(0.,1.,0.));
#12981=DIRECTION('',(0.,-1.,0.));
#12982=DIRECTION('',(0.,1.,0.));
#12983=DIRECTION('',(0.,0.,-1.));
#12984=DIRECTION('center_axis',(0.,0.,-1.));
#12985=DIRECTION('ref_axis',(0.,-1.,0.));
#12986=DIRECTION('center_axis',(0.,0.,1.));
#12987=DIRECTION('ref_axis',(0.,-1.,0.));
#12988=DIRECTION('center_axis',(0.,0.,1.));
#12989=DIRECTION('ref_axis',(0.,-1.,0.));
#12990=DIRECTION('',(0.,0.,-1.));
#12991=DIRECTION('center_axis',(0.,1.,0.));
#12992=DIRECTION('ref_axis',(1.,0.,0.));
#12993=DIRECTION('',(1.,0.,0.));
#12994=DIRECTION('',(1.,0.,0.));
#12995=DIRECTION('',(0.,0.,-1.));
#12996=DIRECTION('center_axis',(0.,0.,-1.));
#12997=DIRECTION('ref_axis',(-1.,0.,0.));
#12998=DIRECTION('center_axis',(0.,0.,1.));
#12999=DIRECTION('ref_axis',(-1.,0.,0.));
#13000=DIRECTION('center_axis',(0.,0.,1.));
#13001=DIRECTION('ref_axis',(-1.,0.,0.));
#13002=DIRECTION('',(0.,0.,-1.));
#13003=DIRECTION('center_axis',(1.,0.,0.));
#13004=DIRECTION('ref_axis',(0.,-1.,0.));
#13005=DIRECTION('',(0.,-1.,0.));
#13006=DIRECTION('',(0.,-1.,0.));
#13007=DIRECTION('',(0.,0.,-1.));
#13008=DIRECTION('center_axis',(0.,0.,-1.));
#13009=DIRECTION('ref_axis',(0.,1.,0.));
#13010=DIRECTION('center_axis',(0.,0.,1.));
#13011=DIRECTION('ref_axis',(0.,1.,0.));
#13012=DIRECTION('center_axis',(0.,0.,1.));
#13013=DIRECTION('ref_axis',(0.,1.,0.));
#13014=DIRECTION('',(0.,0.,-1.));
#13015=DIRECTION('center_axis',(0.,-1.,0.));
#13016=DIRECTION('ref_axis',(-1.,0.,0.));
#13017=DIRECTION('',(1.,0.,0.));
#13018=DIRECTION('',(-1.,0.,0.));
#13019=DIRECTION('center_axis',(0.,0.,-1.));
#13020=DIRECTION('ref_axis',(1.,0.,0.));
#13021=DIRECTION('center_axis',(0.,0.,1.));
#13022=DIRECTION('ref_axis',(1.,0.,0.));
#13023=DIRECTION('',(0.,0.,-1.));
#13024=DIRECTION('center_axis',(0.,0.,1.));
#13025=DIRECTION('ref_axis',(1.,0.,0.));
#13026=DIRECTION('',(0.,0.,-1.));
#13027=DIRECTION('center_axis',(-1.,0.,0.));
#13028=DIRECTION('ref_axis',(0.,1.,0.));
#13029=DIRECTION('',(0.,-1.,0.));
#13030=DIRECTION('',(0.,1.,0.));
#13031=DIRECTION('',(0.,0.,-1.));
#13032=DIRECTION('center_axis',(0.,0.,-1.));
#13033=DIRECTION('ref_axis',(0.,-1.,0.));
#13034=DIRECTION('center_axis',(0.,0.,1.));
#13035=DIRECTION('ref_axis',(0.,-1.,0.));
#13036=DIRECTION('center_axis',(0.,0.,1.));
#13037=DIRECTION('ref_axis',(0.,-1.,0.));
#13038=DIRECTION('',(0.,0.,-1.));
#13039=DIRECTION('center_axis',(0.,1.,0.));
#13040=DIRECTION('ref_axis',(1.,0.,0.));
#13041=DIRECTION('',(1.,0.,0.));
#13042=DIRECTION('',(1.,0.,0.));
#13043=DIRECTION('',(0.,0.,-1.));
#13044=DIRECTION('center_axis',(0.,0.,-1.));
#13045=DIRECTION('ref_axis',(-1.,0.,0.));
#13046=DIRECTION('center_axis',(0.,0.,1.));
#13047=DIRECTION('ref_axis',(-1.,0.,0.));
#13048=DIRECTION('center_axis',(0.,0.,1.));
#13049=DIRECTION('ref_axis',(-1.,0.,0.));
#13050=DIRECTION('',(0.,0.,-1.));
#13051=DIRECTION('center_axis',(1.,0.,0.));
#13052=DIRECTION('ref_axis',(0.,-1.,0.));
#13053=DIRECTION('',(0.,-1.,0.));
#13054=DIRECTION('',(0.,-1.,0.));
#13055=DIRECTION('',(0.,0.,-1.));
#13056=DIRECTION('center_axis',(0.,0.,-1.));
#13057=DIRECTION('ref_axis',(0.,1.,0.));
#13058=DIRECTION('center_axis',(0.,0.,1.));
#13059=DIRECTION('ref_axis',(0.,1.,0.));
#13060=DIRECTION('center_axis',(0.,0.,1.));
#13061=DIRECTION('ref_axis',(0.,1.,0.));
#13062=DIRECTION('',(0.,0.,-1.));
#13063=DIRECTION('center_axis',(0.,-1.,0.));
#13064=DIRECTION('ref_axis',(-1.,0.,0.));
#13065=DIRECTION('',(1.,0.,0.));
#13066=DIRECTION('',(-1.,0.,0.));
#13067=DIRECTION('center_axis',(0.,0.,-1.));
#13068=DIRECTION('ref_axis',(1.,0.,0.));
#13069=DIRECTION('center_axis',(0.,0.,1.));
#13070=DIRECTION('ref_axis',(1.,0.,0.));
#13071=DIRECTION('',(0.,0.,-1.));
#13072=DIRECTION('center_axis',(0.,0.,1.));
#13073=DIRECTION('ref_axis',(1.,0.,0.));
#13074=DIRECTION('',(0.,0.,-1.));
#13075=DIRECTION('center_axis',(-1.,0.,0.));
#13076=DIRECTION('ref_axis',(0.,1.,0.));
#13077=DIRECTION('',(0.,-1.,0.));
#13078=DIRECTION('',(0.,1.,0.));
#13079=DIRECTION('',(0.,0.,-1.));
#13080=DIRECTION('center_axis',(0.,0.,-1.));
#13081=DIRECTION('ref_axis',(0.,-1.,0.));
#13082=DIRECTION('center_axis',(0.,0.,1.));
#13083=DIRECTION('ref_axis',(0.,-1.,0.));
#13084=DIRECTION('center_axis',(0.,0.,1.));
#13085=DIRECTION('ref_axis',(0.,-1.,0.));
#13086=DIRECTION('',(0.,0.,-1.));
#13087=DIRECTION('center_axis',(0.,1.,0.));
#13088=DIRECTION('ref_axis',(1.,0.,0.));
#13089=DIRECTION('',(1.,0.,0.));
#13090=DIRECTION('',(1.,0.,0.));
#13091=DIRECTION('',(0.,0.,-1.));
#13092=DIRECTION('center_axis',(0.,0.,-1.));
#13093=DIRECTION('ref_axis',(-1.,0.,0.));
#13094=DIRECTION('center_axis',(0.,0.,1.));
#13095=DIRECTION('ref_axis',(-1.,0.,0.));
#13096=DIRECTION('center_axis',(0.,0.,1.));
#13097=DIRECTION('ref_axis',(-1.,0.,0.));
#13098=DIRECTION('',(0.,0.,-1.));
#13099=DIRECTION('center_axis',(1.,0.,0.));
#13100=DIRECTION('ref_axis',(0.,-1.,0.));
#13101=DIRECTION('',(0.,-1.,0.));
#13102=DIRECTION('',(0.,-1.,0.));
#13103=DIRECTION('',(0.,0.,-1.));
#13104=DIRECTION('center_axis',(0.,0.,-1.));
#13105=DIRECTION('ref_axis',(0.,1.,0.));
#13106=DIRECTION('center_axis',(0.,0.,1.));
#13107=DIRECTION('ref_axis',(0.,1.,0.));
#13108=DIRECTION('center_axis',(0.,0.,1.));
#13109=DIRECTION('ref_axis',(0.,1.,0.));
#13110=DIRECTION('',(0.,0.,-1.));
#13111=DIRECTION('center_axis',(0.,-1.,0.));
#13112=DIRECTION('ref_axis',(-1.,0.,0.));
#13113=DIRECTION('',(1.,0.,0.));
#13114=DIRECTION('',(-1.,0.,0.));
#13115=DIRECTION('center_axis',(0.,0.,-1.));
#13116=DIRECTION('ref_axis',(1.,0.,0.));
#13117=DIRECTION('center_axis',(0.,0.,1.));
#13118=DIRECTION('ref_axis',(1.,0.,0.));
#13119=DIRECTION('',(0.,0.,-1.));
#13120=DIRECTION('center_axis',(0.,0.,1.));
#13121=DIRECTION('ref_axis',(1.,0.,0.));
#13122=DIRECTION('',(0.,0.,-1.));
#13123=DIRECTION('center_axis',(-1.,0.,0.));
#13124=DIRECTION('ref_axis',(0.,1.,0.));
#13125=DIRECTION('',(0.,-1.,0.));
#13126=DIRECTION('',(0.,1.,0.));
#13127=DIRECTION('',(0.,0.,-1.));
#13128=DIRECTION('center_axis',(0.,0.,-1.));
#13129=DIRECTION('ref_axis',(0.,-1.,0.));
#13130=DIRECTION('center_axis',(0.,0.,1.));
#13131=DIRECTION('ref_axis',(0.,-1.,0.));
#13132=DIRECTION('center_axis',(0.,0.,1.));
#13133=DIRECTION('ref_axis',(0.,-1.,0.));
#13134=DIRECTION('',(0.,0.,-1.));
#13135=DIRECTION('center_axis',(0.,1.,0.));
#13136=DIRECTION('ref_axis',(1.,0.,0.));
#13137=DIRECTION('',(1.,0.,0.));
#13138=DIRECTION('',(1.,0.,0.));
#13139=DIRECTION('',(0.,0.,-1.));
#13140=DIRECTION('center_axis',(0.,0.,-1.));
#13141=DIRECTION('ref_axis',(-1.,0.,0.));
#13142=DIRECTION('center_axis',(0.,0.,1.));
#13143=DIRECTION('ref_axis',(-1.,0.,0.));
#13144=DIRECTION('center_axis',(0.,0.,1.));
#13145=DIRECTION('ref_axis',(-1.,0.,0.));
#13146=DIRECTION('',(0.,0.,-1.));
#13147=DIRECTION('center_axis',(1.,0.,0.));
#13148=DIRECTION('ref_axis',(0.,-1.,0.));
#13149=DIRECTION('',(0.,-1.,0.));
#13150=DIRECTION('',(0.,-1.,0.));
#13151=DIRECTION('',(0.,0.,-1.));
#13152=DIRECTION('center_axis',(0.,0.,-1.));
#13153=DIRECTION('ref_axis',(0.,1.,0.));
#13154=DIRECTION('center_axis',(0.,0.,1.));
#13155=DIRECTION('ref_axis',(0.,1.,0.));
#13156=DIRECTION('center_axis',(0.,0.,1.));
#13157=DIRECTION('ref_axis',(0.,1.,0.));
#13158=DIRECTION('',(0.,0.,-1.));
#13159=DIRECTION('center_axis',(0.,-1.,0.));
#13160=DIRECTION('ref_axis',(-1.,0.,0.));
#13161=DIRECTION('',(1.,0.,0.));
#13162=DIRECTION('',(-1.,0.,0.));
#13163=DIRECTION('center_axis',(0.,0.,-1.));
#13164=DIRECTION('ref_axis',(1.,0.,0.));
#13165=DIRECTION('center_axis',(0.,0.,1.));
#13166=DIRECTION('ref_axis',(1.,0.,0.));
#13167=DIRECTION('',(0.,0.,-1.));
#13168=DIRECTION('center_axis',(0.,0.,1.));
#13169=DIRECTION('ref_axis',(1.,0.,0.));
#13170=DIRECTION('',(0.,0.,-1.));
#13171=DIRECTION('center_axis',(-1.,0.,0.));
#13172=DIRECTION('ref_axis',(0.,1.,0.));
#13173=DIRECTION('',(0.,-1.,0.));
#13174=DIRECTION('',(0.,1.,0.));
#13175=DIRECTION('',(0.,0.,-1.));
#13176=DIRECTION('center_axis',(0.,0.,-1.));
#13177=DIRECTION('ref_axis',(0.,-1.,0.));
#13178=DIRECTION('center_axis',(0.,0.,1.));
#13179=DIRECTION('ref_axis',(0.,-1.,0.));
#13180=DIRECTION('center_axis',(0.,0.,1.));
#13181=DIRECTION('ref_axis',(0.,-1.,0.));
#13182=DIRECTION('',(0.,0.,-1.));
#13183=DIRECTION('center_axis',(0.,1.,0.));
#13184=DIRECTION('ref_axis',(1.,0.,0.));
#13185=DIRECTION('',(1.,0.,0.));
#13186=DIRECTION('',(1.,0.,0.));
#13187=DIRECTION('',(0.,0.,-1.));
#13188=DIRECTION('center_axis',(0.,0.,-1.));
#13189=DIRECTION('ref_axis',(-1.,0.,0.));
#13190=DIRECTION('center_axis',(0.,0.,1.));
#13191=DIRECTION('ref_axis',(-1.,0.,0.));
#13192=DIRECTION('center_axis',(0.,0.,1.));
#13193=DIRECTION('ref_axis',(-1.,0.,0.));
#13194=DIRECTION('',(0.,0.,-1.));
#13195=DIRECTION('center_axis',(1.,0.,0.));
#13196=DIRECTION('ref_axis',(0.,-1.,0.));
#13197=DIRECTION('',(0.,-1.,0.));
#13198=DIRECTION('',(0.,-1.,0.));
#13199=DIRECTION('',(0.,0.,-1.));
#13200=DIRECTION('center_axis',(0.,0.,-1.));
#13201=DIRECTION('ref_axis',(0.,1.,0.));
#13202=DIRECTION('center_axis',(0.,0.,1.));
#13203=DIRECTION('ref_axis',(0.,1.,0.));
#13204=DIRECTION('center_axis',(0.,0.,1.));
#13205=DIRECTION('ref_axis',(0.,1.,0.));
#13206=DIRECTION('',(0.,0.,-1.));
#13207=DIRECTION('center_axis',(0.,-1.,0.));
#13208=DIRECTION('ref_axis',(-1.,0.,0.));
#13209=DIRECTION('',(1.,0.,0.));
#13210=DIRECTION('',(-1.,0.,0.));
#13211=DIRECTION('center_axis',(0.,0.,-1.));
#13212=DIRECTION('ref_axis',(1.,0.,0.));
#13213=DIRECTION('center_axis',(0.,0.,1.));
#13214=DIRECTION('ref_axis',(1.,0.,0.));
#13215=DIRECTION('',(0.,0.,-1.));
#13216=DIRECTION('center_axis',(0.,0.,1.));
#13217=DIRECTION('ref_axis',(1.,0.,0.));
#13218=DIRECTION('',(0.,0.,-1.));
#13219=DIRECTION('center_axis',(-1.,0.,0.));
#13220=DIRECTION('ref_axis',(0.,1.,0.));
#13221=DIRECTION('',(0.,-1.,0.));
#13222=DIRECTION('',(0.,1.,0.));
#13223=DIRECTION('',(0.,0.,-1.));
#13224=DIRECTION('center_axis',(0.,0.,-1.));
#13225=DIRECTION('ref_axis',(0.,-1.,0.));
#13226=DIRECTION('center_axis',(0.,0.,1.));
#13227=DIRECTION('ref_axis',(0.,-1.,0.));
#13228=DIRECTION('center_axis',(0.,0.,1.));
#13229=DIRECTION('ref_axis',(0.,-1.,0.));
#13230=DIRECTION('',(0.,0.,-1.));
#13231=DIRECTION('center_axis',(0.,1.,0.));
#13232=DIRECTION('ref_axis',(1.,0.,0.));
#13233=DIRECTION('',(1.,0.,0.));
#13234=DIRECTION('',(1.,0.,0.));
#13235=DIRECTION('',(0.,0.,-1.));
#13236=DIRECTION('center_axis',(0.,0.,-1.));
#13237=DIRECTION('ref_axis',(-1.,0.,0.));
#13238=DIRECTION('center_axis',(0.,0.,1.));
#13239=DIRECTION('ref_axis',(-1.,0.,0.));
#13240=DIRECTION('center_axis',(0.,0.,1.));
#13241=DIRECTION('ref_axis',(-1.,0.,0.));
#13242=DIRECTION('',(0.,0.,-1.));
#13243=DIRECTION('center_axis',(1.,0.,0.));
#13244=DIRECTION('ref_axis',(0.,-1.,0.));
#13245=DIRECTION('',(0.,-1.,0.));
#13246=DIRECTION('',(0.,-1.,0.));
#13247=DIRECTION('',(0.,0.,-1.));
#13248=DIRECTION('center_axis',(0.,0.,-1.));
#13249=DIRECTION('ref_axis',(0.,1.,0.));
#13250=DIRECTION('center_axis',(0.,0.,1.));
#13251=DIRECTION('ref_axis',(0.,1.,0.));
#13252=DIRECTION('center_axis',(0.,0.,1.));
#13253=DIRECTION('ref_axis',(0.,1.,0.));
#13254=DIRECTION('',(0.,0.,-1.));
#13255=DIRECTION('center_axis',(0.,-1.,0.));
#13256=DIRECTION('ref_axis',(-1.,0.,0.));
#13257=DIRECTION('',(1.,0.,0.));
#13258=DIRECTION('',(-1.,0.,0.));
#13259=DIRECTION('center_axis',(0.,0.,-1.));
#13260=DIRECTION('ref_axis',(1.,0.,0.));
#13261=DIRECTION('center_axis',(0.,0.,1.));
#13262=DIRECTION('ref_axis',(1.,0.,0.));
#13263=DIRECTION('',(0.,0.,-1.));
#13264=DIRECTION('center_axis',(0.,0.,1.));
#13265=DIRECTION('ref_axis',(1.,0.,0.));
#13266=DIRECTION('',(0.,0.,-1.));
#13267=DIRECTION('center_axis',(-1.,0.,0.));
#13268=DIRECTION('ref_axis',(0.,1.,0.));
#13269=DIRECTION('',(0.,-1.,0.));
#13270=DIRECTION('',(0.,1.,0.));
#13271=DIRECTION('',(0.,0.,-1.));
#13272=DIRECTION('center_axis',(0.,0.,-1.));
#13273=DIRECTION('ref_axis',(0.,-1.,0.));
#13274=DIRECTION('center_axis',(0.,0.,1.));
#13275=DIRECTION('ref_axis',(0.,-1.,0.));
#13276=DIRECTION('center_axis',(0.,0.,1.));
#13277=DIRECTION('ref_axis',(0.,-1.,0.));
#13278=DIRECTION('',(0.,0.,-1.));
#13279=DIRECTION('center_axis',(0.,1.,0.));
#13280=DIRECTION('ref_axis',(1.,0.,0.));
#13281=DIRECTION('',(1.,0.,0.));
#13282=DIRECTION('',(1.,0.,0.));
#13283=DIRECTION('',(0.,0.,-1.));
#13284=DIRECTION('center_axis',(0.,0.,-1.));
#13285=DIRECTION('ref_axis',(-1.,0.,0.));
#13286=DIRECTION('center_axis',(0.,0.,1.));
#13287=DIRECTION('ref_axis',(-1.,0.,0.));
#13288=DIRECTION('center_axis',(0.,0.,1.));
#13289=DIRECTION('ref_axis',(-1.,0.,0.));
#13290=DIRECTION('',(0.,0.,-1.));
#13291=DIRECTION('center_axis',(1.,0.,0.));
#13292=DIRECTION('ref_axis',(0.,-1.,0.));
#13293=DIRECTION('',(0.,-1.,0.));
#13294=DIRECTION('',(0.,-1.,0.));
#13295=DIRECTION('',(0.,0.,-1.));
#13296=DIRECTION('center_axis',(0.,0.,-1.));
#13297=DIRECTION('ref_axis',(0.,1.,0.));
#13298=DIRECTION('center_axis',(0.,0.,1.));
#13299=DIRECTION('ref_axis',(0.,1.,0.));
#13300=DIRECTION('center_axis',(0.,0.,1.));
#13301=DIRECTION('ref_axis',(0.,1.,0.));
#13302=DIRECTION('',(0.,0.,-1.));
#13303=DIRECTION('center_axis',(0.,-1.,0.));
#13304=DIRECTION('ref_axis',(-1.,0.,0.));
#13305=DIRECTION('',(1.,0.,0.));
#13306=DIRECTION('',(-1.,0.,0.));
#13307=DIRECTION('center_axis',(0.,0.,-1.));
#13308=DIRECTION('ref_axis',(1.,0.,0.));
#13309=DIRECTION('center_axis',(0.,0.,1.));
#13310=DIRECTION('ref_axis',(1.,0.,0.));
#13311=DIRECTION('',(0.,0.,-1.));
#13312=DIRECTION('center_axis',(0.,0.,1.));
#13313=DIRECTION('ref_axis',(1.,0.,0.));
#13314=DIRECTION('',(0.,0.,-1.));
#13315=DIRECTION('center_axis',(-1.,0.,0.));
#13316=DIRECTION('ref_axis',(0.,1.,0.));
#13317=DIRECTION('',(0.,-1.,0.));
#13318=DIRECTION('',(0.,1.,0.));
#13319=DIRECTION('',(0.,0.,-1.));
#13320=DIRECTION('center_axis',(0.,0.,-1.));
#13321=DIRECTION('ref_axis',(0.,-1.,0.));
#13322=DIRECTION('center_axis',(0.,0.,1.));
#13323=DIRECTION('ref_axis',(0.,-1.,0.));
#13324=DIRECTION('center_axis',(0.,0.,1.));
#13325=DIRECTION('ref_axis',(0.,-1.,0.));
#13326=DIRECTION('',(0.,0.,-1.));
#13327=DIRECTION('center_axis',(0.,1.,0.));
#13328=DIRECTION('ref_axis',(1.,0.,0.));
#13329=DIRECTION('',(1.,0.,0.));
#13330=DIRECTION('',(1.,0.,0.));
#13331=DIRECTION('',(0.,0.,-1.));
#13332=DIRECTION('center_axis',(0.,0.,-1.));
#13333=DIRECTION('ref_axis',(-1.,0.,0.));
#13334=DIRECTION('center_axis',(0.,0.,1.));
#13335=DIRECTION('ref_axis',(-1.,0.,0.));
#13336=DIRECTION('center_axis',(0.,0.,1.));
#13337=DIRECTION('ref_axis',(-1.,0.,0.));
#13338=DIRECTION('',(0.,0.,-1.));
#13339=DIRECTION('center_axis',(1.,0.,0.));
#13340=DIRECTION('ref_axis',(0.,-1.,0.));
#13341=DIRECTION('',(0.,-1.,0.));
#13342=DIRECTION('',(0.,-1.,0.));
#13343=DIRECTION('',(0.,0.,-1.));
#13344=DIRECTION('center_axis',(0.,0.,-1.));
#13345=DIRECTION('ref_axis',(0.,1.,0.));
#13346=DIRECTION('center_axis',(0.,0.,1.));
#13347=DIRECTION('ref_axis',(0.,1.,0.));
#13348=DIRECTION('center_axis',(0.,0.,1.));
#13349=DIRECTION('ref_axis',(0.,1.,0.));
#13350=DIRECTION('',(0.,0.,-1.));
#13351=DIRECTION('center_axis',(0.,-1.,0.));
#13352=DIRECTION('ref_axis',(-1.,0.,0.));
#13353=DIRECTION('',(1.,0.,0.));
#13354=DIRECTION('',(-1.,0.,0.));
#13355=DIRECTION('center_axis',(0.,0.,-1.));
#13356=DIRECTION('ref_axis',(1.,0.,0.));
#13357=DIRECTION('center_axis',(0.,0.,1.));
#13358=DIRECTION('ref_axis',(1.,0.,0.));
#13359=DIRECTION('',(0.,0.,-1.));
#13360=DIRECTION('center_axis',(0.,0.,1.));
#13361=DIRECTION('ref_axis',(1.,0.,0.));
#13362=DIRECTION('',(0.,0.,-1.));
#13363=DIRECTION('center_axis',(-1.,0.,0.));
#13364=DIRECTION('ref_axis',(0.,1.,0.));
#13365=DIRECTION('',(0.,-1.,0.));
#13366=DIRECTION('',(0.,1.,0.));
#13367=DIRECTION('',(0.,0.,-1.));
#13368=DIRECTION('center_axis',(0.,0.,-1.));
#13369=DIRECTION('ref_axis',(0.,-1.,0.));
#13370=DIRECTION('center_axis',(0.,0.,1.));
#13371=DIRECTION('ref_axis',(0.,-1.,0.));
#13372=DIRECTION('center_axis',(0.,0.,1.));
#13373=DIRECTION('ref_axis',(0.,-1.,0.));
#13374=DIRECTION('',(0.,0.,-1.));
#13375=DIRECTION('center_axis',(0.,1.,0.));
#13376=DIRECTION('ref_axis',(1.,0.,0.));
#13377=DIRECTION('',(1.,0.,0.));
#13378=DIRECTION('',(1.,0.,0.));
#13379=DIRECTION('',(0.,0.,-1.));
#13380=DIRECTION('center_axis',(0.,0.,-1.));
#13381=DIRECTION('ref_axis',(-1.,0.,0.));
#13382=DIRECTION('center_axis',(0.,0.,1.));
#13383=DIRECTION('ref_axis',(-1.,0.,0.));
#13384=DIRECTION('center_axis',(0.,0.,1.));
#13385=DIRECTION('ref_axis',(-1.,0.,0.));
#13386=DIRECTION('',(0.,0.,-1.));
#13387=DIRECTION('center_axis',(1.,0.,0.));
#13388=DIRECTION('ref_axis',(0.,-1.,0.));
#13389=DIRECTION('',(0.,-1.,0.));
#13390=DIRECTION('',(0.,-1.,0.));
#13391=DIRECTION('',(0.,0.,-1.));
#13392=DIRECTION('center_axis',(0.,0.,-1.));
#13393=DIRECTION('ref_axis',(0.,1.,0.));
#13394=DIRECTION('center_axis',(0.,0.,1.));
#13395=DIRECTION('ref_axis',(0.,1.,0.));
#13396=DIRECTION('center_axis',(0.,0.,1.));
#13397=DIRECTION('ref_axis',(0.,1.,0.));
#13398=DIRECTION('',(0.,0.,-1.));
#13399=DIRECTION('center_axis',(0.,-1.,0.));
#13400=DIRECTION('ref_axis',(-1.,0.,0.));
#13401=DIRECTION('',(1.,0.,0.));
#13402=DIRECTION('',(-1.,0.,0.));
#13403=DIRECTION('center_axis',(0.,0.,-1.));
#13404=DIRECTION('ref_axis',(1.,0.,0.));
#13405=DIRECTION('center_axis',(0.,0.,1.));
#13406=DIRECTION('ref_axis',(1.,0.,0.));
#13407=DIRECTION('',(0.,0.,-1.));
#13408=DIRECTION('center_axis',(0.,0.,1.));
#13409=DIRECTION('ref_axis',(1.,0.,0.));
#13410=DIRECTION('',(0.,0.,-1.));
#13411=DIRECTION('center_axis',(-1.,0.,0.));
#13412=DIRECTION('ref_axis',(0.,1.,0.));
#13413=DIRECTION('',(0.,-1.,0.));
#13414=DIRECTION('',(0.,1.,0.));
#13415=DIRECTION('',(0.,0.,-1.));
#13416=DIRECTION('center_axis',(0.,0.,-1.));
#13417=DIRECTION('ref_axis',(0.,-1.,0.));
#13418=DIRECTION('center_axis',(0.,0.,1.));
#13419=DIRECTION('ref_axis',(0.,-1.,0.));
#13420=DIRECTION('center_axis',(0.,0.,1.));
#13421=DIRECTION('ref_axis',(0.,-1.,0.));
#13422=DIRECTION('',(0.,0.,-1.));
#13423=DIRECTION('center_axis',(0.,1.,0.));
#13424=DIRECTION('ref_axis',(1.,0.,0.));
#13425=DIRECTION('',(1.,0.,0.));
#13426=DIRECTION('',(1.,0.,0.));
#13427=DIRECTION('',(0.,0.,-1.));
#13428=DIRECTION('center_axis',(0.,0.,-1.));
#13429=DIRECTION('ref_axis',(-1.,0.,0.));
#13430=DIRECTION('center_axis',(0.,0.,1.));
#13431=DIRECTION('ref_axis',(-1.,0.,0.));
#13432=DIRECTION('center_axis',(0.,0.,1.));
#13433=DIRECTION('ref_axis',(-1.,0.,0.));
#13434=DIRECTION('',(0.,0.,-1.));
#13435=DIRECTION('center_axis',(1.,0.,0.));
#13436=DIRECTION('ref_axis',(0.,-1.,0.));
#13437=DIRECTION('',(0.,-1.,0.));
#13438=DIRECTION('',(0.,-1.,0.));
#13439=DIRECTION('',(0.,0.,-1.));
#13440=DIRECTION('center_axis',(0.,0.,-1.));
#13441=DIRECTION('ref_axis',(0.,1.,0.));
#13442=DIRECTION('center_axis',(0.,0.,1.));
#13443=DIRECTION('ref_axis',(0.,1.,0.));
#13444=DIRECTION('center_axis',(0.,0.,1.));
#13445=DIRECTION('ref_axis',(0.,1.,0.));
#13446=DIRECTION('',(0.,0.,-1.));
#13447=DIRECTION('center_axis',(0.,-1.,0.));
#13448=DIRECTION('ref_axis',(-1.,0.,0.));
#13449=DIRECTION('',(1.,0.,0.));
#13450=DIRECTION('',(-1.,0.,0.));
#13451=DIRECTION('center_axis',(0.,0.,-1.));
#13452=DIRECTION('ref_axis',(1.,0.,0.));
#13453=DIRECTION('center_axis',(0.,0.,1.));
#13454=DIRECTION('ref_axis',(1.,0.,0.));
#13455=DIRECTION('',(0.,0.,-1.));
#13456=DIRECTION('center_axis',(0.,0.,1.));
#13457=DIRECTION('ref_axis',(1.,0.,0.));
#13458=DIRECTION('',(0.,0.,-1.));
#13459=DIRECTION('center_axis',(-1.,0.,0.));
#13460=DIRECTION('ref_axis',(0.,1.,0.));
#13461=DIRECTION('',(0.,-1.,0.));
#13462=DIRECTION('',(0.,1.,0.));
#13463=DIRECTION('',(0.,0.,-1.));
#13464=DIRECTION('center_axis',(0.,0.,-1.));
#13465=DIRECTION('ref_axis',(0.,-1.,0.));
#13466=DIRECTION('center_axis',(0.,0.,1.));
#13467=DIRECTION('ref_axis',(0.,-1.,0.));
#13468=DIRECTION('center_axis',(0.,0.,1.));
#13469=DIRECTION('ref_axis',(0.,-1.,0.));
#13470=DIRECTION('',(0.,0.,-1.));
#13471=DIRECTION('center_axis',(0.,1.,0.));
#13472=DIRECTION('ref_axis',(1.,0.,0.));
#13473=DIRECTION('',(1.,0.,0.));
#13474=DIRECTION('',(1.,0.,0.));
#13475=DIRECTION('',(0.,0.,-1.));
#13476=DIRECTION('center_axis',(0.,0.,-1.));
#13477=DIRECTION('ref_axis',(-1.,0.,0.));
#13478=DIRECTION('center_axis',(0.,0.,1.));
#13479=DIRECTION('ref_axis',(-1.,0.,0.));
#13480=DIRECTION('center_axis',(0.,0.,1.));
#13481=DIRECTION('ref_axis',(-1.,0.,0.));
#13482=DIRECTION('',(0.,0.,-1.));
#13483=DIRECTION('center_axis',(1.,0.,0.));
#13484=DIRECTION('ref_axis',(0.,-1.,0.));
#13485=DIRECTION('',(0.,-1.,0.));
#13486=DIRECTION('',(0.,-1.,0.));
#13487=DIRECTION('',(0.,0.,-1.));
#13488=DIRECTION('center_axis',(0.,0.,-1.));
#13489=DIRECTION('ref_axis',(0.,1.,0.));
#13490=DIRECTION('center_axis',(0.,0.,1.));
#13491=DIRECTION('ref_axis',(0.,1.,0.));
#13492=DIRECTION('center_axis',(0.,0.,1.));
#13493=DIRECTION('ref_axis',(0.,1.,0.));
#13494=DIRECTION('',(0.,0.,-1.));
#13495=DIRECTION('center_axis',(0.,-1.,0.));
#13496=DIRECTION('ref_axis',(-1.,0.,0.));
#13497=DIRECTION('',(1.,0.,0.));
#13498=DIRECTION('',(-1.,0.,0.));
#13499=DIRECTION('center_axis',(0.,0.,-1.));
#13500=DIRECTION('ref_axis',(1.,0.,0.));
#13501=DIRECTION('center_axis',(0.,0.,1.));
#13502=DIRECTION('ref_axis',(1.,0.,0.));
#13503=DIRECTION('',(0.,0.,-1.));
#13504=DIRECTION('center_axis',(0.,0.,1.));
#13505=DIRECTION('ref_axis',(1.,0.,0.));
#13506=DIRECTION('',(0.,0.,-1.));
#13507=DIRECTION('center_axis',(-1.,0.,0.));
#13508=DIRECTION('ref_axis',(0.,1.,0.));
#13509=DIRECTION('',(0.,-1.,0.));
#13510=DIRECTION('',(0.,1.,0.));
#13511=DIRECTION('',(0.,0.,-1.));
#13512=DIRECTION('center_axis',(0.,0.,-1.));
#13513=DIRECTION('ref_axis',(0.,-1.,0.));
#13514=DIRECTION('center_axis',(0.,0.,1.));
#13515=DIRECTION('ref_axis',(0.,-1.,0.));
#13516=DIRECTION('center_axis',(0.,0.,1.));
#13517=DIRECTION('ref_axis',(0.,-1.,0.));
#13518=DIRECTION('',(0.,0.,-1.));
#13519=DIRECTION('center_axis',(0.,1.,0.));
#13520=DIRECTION('ref_axis',(1.,0.,0.));
#13521=DIRECTION('',(1.,0.,0.));
#13522=DIRECTION('',(1.,0.,0.));
#13523=DIRECTION('',(0.,0.,-1.));
#13524=DIRECTION('center_axis',(0.,0.,-1.));
#13525=DIRECTION('ref_axis',(-1.,0.,0.));
#13526=DIRECTION('center_axis',(0.,0.,1.));
#13527=DIRECTION('ref_axis',(-1.,0.,0.));
#13528=DIRECTION('center_axis',(0.,0.,1.));
#13529=DIRECTION('ref_axis',(-1.,0.,0.));
#13530=DIRECTION('',(0.,0.,-1.));
#13531=DIRECTION('center_axis',(1.,0.,0.));
#13532=DIRECTION('ref_axis',(0.,-1.,0.));
#13533=DIRECTION('',(0.,-1.,0.));
#13534=DIRECTION('',(0.,-1.,0.));
#13535=DIRECTION('',(0.,0.,-1.));
#13536=DIRECTION('center_axis',(0.,0.,-1.));
#13537=DIRECTION('ref_axis',(0.,1.,0.));
#13538=DIRECTION('center_axis',(0.,0.,1.));
#13539=DIRECTION('ref_axis',(0.,1.,0.));
#13540=DIRECTION('center_axis',(0.,0.,1.));
#13541=DIRECTION('ref_axis',(0.,1.,0.));
#13542=DIRECTION('',(0.,0.,-1.));
#13543=DIRECTION('center_axis',(0.,-1.,0.));
#13544=DIRECTION('ref_axis',(-1.,0.,0.));
#13545=DIRECTION('',(1.,0.,0.));
#13546=DIRECTION('',(-1.,0.,0.));
#13547=DIRECTION('center_axis',(0.,0.,-1.));
#13548=DIRECTION('ref_axis',(1.,0.,0.));
#13549=DIRECTION('center_axis',(0.,0.,1.));
#13550=DIRECTION('ref_axis',(1.,0.,0.));
#13551=DIRECTION('',(0.,0.,-1.));
#13552=DIRECTION('center_axis',(0.,0.,1.));
#13553=DIRECTION('ref_axis',(1.,0.,0.));
#13554=DIRECTION('',(0.,0.,-1.));
#13555=DIRECTION('center_axis',(-1.,0.,0.));
#13556=DIRECTION('ref_axis',(0.,1.,0.));
#13557=DIRECTION('',(0.,-1.,0.));
#13558=DIRECTION('',(0.,1.,0.));
#13559=DIRECTION('',(0.,0.,-1.));
#13560=DIRECTION('center_axis',(0.,0.,-1.));
#13561=DIRECTION('ref_axis',(0.,-1.,0.));
#13562=DIRECTION('center_axis',(0.,0.,1.));
#13563=DIRECTION('ref_axis',(0.,-1.,0.));
#13564=DIRECTION('center_axis',(0.,0.,1.));
#13565=DIRECTION('ref_axis',(0.,-1.,0.));
#13566=DIRECTION('',(0.,0.,-1.));
#13567=DIRECTION('center_axis',(0.,1.,0.));
#13568=DIRECTION('ref_axis',(1.,0.,0.));
#13569=DIRECTION('',(1.,0.,0.));
#13570=DIRECTION('',(1.,0.,0.));
#13571=DIRECTION('',(0.,0.,-1.));
#13572=DIRECTION('center_axis',(0.,0.,-1.));
#13573=DIRECTION('ref_axis',(-1.,0.,0.));
#13574=DIRECTION('center_axis',(0.,0.,1.));
#13575=DIRECTION('ref_axis',(-1.,0.,0.));
#13576=DIRECTION('center_axis',(0.,0.,1.));
#13577=DIRECTION('ref_axis',(-1.,0.,0.));
#13578=DIRECTION('',(0.,0.,-1.));
#13579=DIRECTION('center_axis',(1.,0.,0.));
#13580=DIRECTION('ref_axis',(0.,-1.,0.));
#13581=DIRECTION('',(0.,-1.,0.));
#13582=DIRECTION('',(0.,-1.,0.));
#13583=DIRECTION('',(0.,0.,-1.));
#13584=DIRECTION('center_axis',(0.,0.,-1.));
#13585=DIRECTION('ref_axis',(0.,1.,0.));
#13586=DIRECTION('center_axis',(0.,0.,1.));
#13587=DIRECTION('ref_axis',(0.,1.,0.));
#13588=DIRECTION('center_axis',(0.,0.,1.));
#13589=DIRECTION('ref_axis',(0.,1.,0.));
#13590=DIRECTION('',(0.,0.,-1.));
#13591=DIRECTION('center_axis',(0.,-1.,0.));
#13592=DIRECTION('ref_axis',(-1.,0.,0.));
#13593=DIRECTION('',(1.,0.,0.));
#13594=DIRECTION('',(-1.,0.,0.));
#13595=DIRECTION('center_axis',(0.,0.,-1.));
#13596=DIRECTION('ref_axis',(1.,0.,0.));
#13597=DIRECTION('center_axis',(0.,0.,1.));
#13598=DIRECTION('ref_axis',(1.,0.,0.));
#13599=DIRECTION('',(0.,0.,-1.));
#13600=DIRECTION('center_axis',(0.,0.,1.));
#13601=DIRECTION('ref_axis',(1.,0.,0.));
#13602=DIRECTION('',(0.,0.,-1.));
#13603=DIRECTION('center_axis',(-1.,0.,0.));
#13604=DIRECTION('ref_axis',(0.,1.,0.));
#13605=DIRECTION('',(0.,-1.,0.));
#13606=DIRECTION('',(0.,1.,0.));
#13607=DIRECTION('',(0.,0.,-1.));
#13608=DIRECTION('center_axis',(0.,0.,-1.));
#13609=DIRECTION('ref_axis',(0.,-1.,0.));
#13610=DIRECTION('center_axis',(0.,0.,1.));
#13611=DIRECTION('ref_axis',(0.,-1.,0.));
#13612=DIRECTION('center_axis',(0.,0.,1.));
#13613=DIRECTION('ref_axis',(0.,-1.,0.));
#13614=DIRECTION('',(0.,0.,-1.));
#13615=DIRECTION('center_axis',(0.,1.,0.));
#13616=DIRECTION('ref_axis',(1.,0.,0.));
#13617=DIRECTION('',(1.,0.,0.));
#13618=DIRECTION('',(1.,0.,0.));
#13619=DIRECTION('',(0.,0.,-1.));
#13620=DIRECTION('center_axis',(0.,0.,-1.));
#13621=DIRECTION('ref_axis',(-1.,0.,0.));
#13622=DIRECTION('center_axis',(0.,0.,1.));
#13623=DIRECTION('ref_axis',(-1.,0.,0.));
#13624=DIRECTION('center_axis',(0.,0.,1.));
#13625=DIRECTION('ref_axis',(-1.,0.,0.));
#13626=DIRECTION('',(0.,0.,-1.));
#13627=DIRECTION('center_axis',(1.,0.,0.));
#13628=DIRECTION('ref_axis',(0.,-1.,0.));
#13629=DIRECTION('',(0.,-1.,0.));
#13630=DIRECTION('',(0.,-1.,0.));
#13631=DIRECTION('',(0.,0.,-1.));
#13632=DIRECTION('center_axis',(0.,0.,-1.));
#13633=DIRECTION('ref_axis',(0.,1.,0.));
#13634=DIRECTION('center_axis',(0.,0.,1.));
#13635=DIRECTION('ref_axis',(0.,1.,0.));
#13636=DIRECTION('center_axis',(0.,0.,1.));
#13637=DIRECTION('ref_axis',(0.,1.,0.));
#13638=DIRECTION('',(0.,0.,-1.));
#13639=DIRECTION('center_axis',(0.,-1.,0.));
#13640=DIRECTION('ref_axis',(-1.,0.,0.));
#13641=DIRECTION('',(1.,0.,0.));
#13642=DIRECTION('',(-1.,0.,0.));
#13643=DIRECTION('center_axis',(0.,0.,-1.));
#13644=DIRECTION('ref_axis',(1.,0.,0.));
#13645=DIRECTION('center_axis',(0.,0.,1.));
#13646=DIRECTION('ref_axis',(1.,0.,0.));
#13647=DIRECTION('',(0.,0.,-1.));
#13648=DIRECTION('center_axis',(0.,0.,1.));
#13649=DIRECTION('ref_axis',(1.,0.,0.));
#13650=DIRECTION('',(0.,0.,-1.));
#13651=DIRECTION('center_axis',(-1.,0.,0.));
#13652=DIRECTION('ref_axis',(0.,1.,0.));
#13653=DIRECTION('',(0.,-1.,0.));
#13654=DIRECTION('',(0.,1.,0.));
#13655=DIRECTION('',(0.,0.,-1.));
#13656=DIRECTION('center_axis',(0.,0.,-1.));
#13657=DIRECTION('ref_axis',(0.,-1.,0.));
#13658=DIRECTION('center_axis',(0.,0.,1.));
#13659=DIRECTION('ref_axis',(0.,-1.,0.));
#13660=DIRECTION('center_axis',(0.,0.,1.));
#13661=DIRECTION('ref_axis',(0.,-1.,0.));
#13662=DIRECTION('',(0.,0.,-1.));
#13663=DIRECTION('center_axis',(0.,1.,0.));
#13664=DIRECTION('ref_axis',(1.,0.,0.));
#13665=DIRECTION('',(1.,0.,0.));
#13666=DIRECTION('',(1.,0.,0.));
#13667=DIRECTION('',(0.,0.,-1.));
#13668=DIRECTION('center_axis',(0.,0.,-1.));
#13669=DIRECTION('ref_axis',(-1.,0.,0.));
#13670=DIRECTION('center_axis',(0.,0.,1.));
#13671=DIRECTION('ref_axis',(-1.,0.,0.));
#13672=DIRECTION('center_axis',(0.,0.,1.));
#13673=DIRECTION('ref_axis',(-1.,0.,0.));
#13674=DIRECTION('',(0.,0.,-1.));
#13675=DIRECTION('center_axis',(1.,0.,0.));
#13676=DIRECTION('ref_axis',(0.,-1.,0.));
#13677=DIRECTION('',(0.,-1.,0.));
#13678=DIRECTION('',(0.,-1.,0.));
#13679=DIRECTION('',(0.,0.,-1.));
#13680=DIRECTION('center_axis',(0.,0.,-1.));
#13681=DIRECTION('ref_axis',(0.,1.,0.));
#13682=DIRECTION('center_axis',(0.,0.,1.));
#13683=DIRECTION('ref_axis',(0.,1.,0.));
#13684=DIRECTION('center_axis',(0.,0.,1.));
#13685=DIRECTION('ref_axis',(0.,1.,0.));
#13686=DIRECTION('',(0.,0.,-1.));
#13687=DIRECTION('center_axis',(0.,-1.,0.));
#13688=DIRECTION('ref_axis',(-1.,0.,0.));
#13689=DIRECTION('',(1.,0.,0.));
#13690=DIRECTION('',(-1.,0.,0.));
#13691=DIRECTION('center_axis',(0.,0.,-1.));
#13692=DIRECTION('ref_axis',(1.,0.,0.));
#13693=DIRECTION('center_axis',(0.,0.,1.));
#13694=DIRECTION('ref_axis',(1.,0.,0.));
#13695=DIRECTION('',(0.,0.,-1.));
#13696=DIRECTION('center_axis',(0.,0.,1.));
#13697=DIRECTION('ref_axis',(1.,0.,0.));
#13698=DIRECTION('',(0.,0.,-1.));
#13699=DIRECTION('center_axis',(-1.,0.,0.));
#13700=DIRECTION('ref_axis',(0.,1.,0.));
#13701=DIRECTION('',(0.,-1.,0.));
#13702=DIRECTION('',(0.,1.,0.));
#13703=DIRECTION('',(0.,0.,-1.));
#13704=DIRECTION('center_axis',(0.,0.,-1.));
#13705=DIRECTION('ref_axis',(0.,-1.,0.));
#13706=DIRECTION('center_axis',(0.,0.,1.));
#13707=DIRECTION('ref_axis',(0.,-1.,0.));
#13708=DIRECTION('center_axis',(0.,0.,1.));
#13709=DIRECTION('ref_axis',(0.,-1.,0.));
#13710=DIRECTION('',(0.,0.,-1.));
#13711=DIRECTION('center_axis',(0.,1.,0.));
#13712=DIRECTION('ref_axis',(1.,0.,0.));
#13713=DIRECTION('',(1.,0.,0.));
#13714=DIRECTION('',(1.,0.,0.));
#13715=DIRECTION('',(0.,0.,-1.));
#13716=DIRECTION('center_axis',(0.,0.,-1.));
#13717=DIRECTION('ref_axis',(-1.,0.,0.));
#13718=DIRECTION('center_axis',(0.,0.,1.));
#13719=DIRECTION('ref_axis',(-1.,0.,0.));
#13720=DIRECTION('center_axis',(0.,0.,1.));
#13721=DIRECTION('ref_axis',(-1.,0.,0.));
#13722=DIRECTION('',(0.,0.,-1.));
#13723=DIRECTION('center_axis',(1.,0.,0.));
#13724=DIRECTION('ref_axis',(0.,-1.,0.));
#13725=DIRECTION('',(0.,-1.,0.));
#13726=DIRECTION('',(0.,-1.,0.));
#13727=DIRECTION('',(0.,0.,-1.));
#13728=DIRECTION('center_axis',(0.,0.,-1.));
#13729=DIRECTION('ref_axis',(0.,1.,0.));
#13730=DIRECTION('center_axis',(0.,0.,1.));
#13731=DIRECTION('ref_axis',(0.,1.,0.));
#13732=DIRECTION('center_axis',(0.,0.,1.));
#13733=DIRECTION('ref_axis',(0.,1.,0.));
#13734=DIRECTION('',(0.,0.,-1.));
#13735=DIRECTION('center_axis',(0.,-1.,0.));
#13736=DIRECTION('ref_axis',(-1.,0.,0.));
#13737=DIRECTION('',(1.,0.,0.));
#13738=DIRECTION('',(-1.,0.,0.));
#13739=DIRECTION('center_axis',(0.,0.,-1.));
#13740=DIRECTION('ref_axis',(1.,0.,0.));
#13741=DIRECTION('center_axis',(0.,0.,1.));
#13742=DIRECTION('ref_axis',(1.,0.,0.));
#13743=DIRECTION('',(0.,0.,-1.));
#13744=DIRECTION('center_axis',(0.,0.,1.));
#13745=DIRECTION('ref_axis',(1.,0.,0.));
#13746=DIRECTION('',(0.,0.,-1.));
#13747=DIRECTION('center_axis',(-1.,0.,0.));
#13748=DIRECTION('ref_axis',(0.,1.,0.));
#13749=DIRECTION('',(0.,-1.,0.));
#13750=DIRECTION('',(0.,1.,0.));
#13751=DIRECTION('',(0.,0.,-1.));
#13752=DIRECTION('center_axis',(0.,0.,-1.));
#13753=DIRECTION('ref_axis',(0.,-1.,0.));
#13754=DIRECTION('center_axis',(0.,0.,1.));
#13755=DIRECTION('ref_axis',(0.,-1.,0.));
#13756=DIRECTION('center_axis',(0.,0.,1.));
#13757=DIRECTION('ref_axis',(0.,-1.,0.));
#13758=DIRECTION('',(0.,0.,-1.));
#13759=DIRECTION('center_axis',(0.,1.,0.));
#13760=DIRECTION('ref_axis',(1.,0.,0.));
#13761=DIRECTION('',(1.,0.,0.));
#13762=DIRECTION('',(1.,0.,0.));
#13763=DIRECTION('',(0.,0.,-1.));
#13764=DIRECTION('center_axis',(0.,0.,-1.));
#13765=DIRECTION('ref_axis',(-1.,0.,0.));
#13766=DIRECTION('center_axis',(0.,0.,1.));
#13767=DIRECTION('ref_axis',(-1.,0.,0.));
#13768=DIRECTION('center_axis',(0.,0.,1.));
#13769=DIRECTION('ref_axis',(-1.,0.,0.));
#13770=DIRECTION('',(0.,0.,-1.));
#13771=DIRECTION('center_axis',(1.,0.,0.));
#13772=DIRECTION('ref_axis',(0.,-1.,0.));
#13773=DIRECTION('',(0.,-1.,0.));
#13774=DIRECTION('',(0.,-1.,0.));
#13775=DIRECTION('',(0.,0.,-1.));
#13776=DIRECTION('center_axis',(0.,0.,-1.));
#13777=DIRECTION('ref_axis',(0.,1.,0.));
#13778=DIRECTION('center_axis',(0.,0.,1.));
#13779=DIRECTION('ref_axis',(0.,1.,0.));
#13780=DIRECTION('center_axis',(0.,0.,1.));
#13781=DIRECTION('ref_axis',(0.,1.,0.));
#13782=DIRECTION('',(0.,0.,-1.));
#13783=DIRECTION('center_axis',(0.,-1.,0.));
#13784=DIRECTION('ref_axis',(-1.,0.,0.));
#13785=DIRECTION('',(1.,0.,0.));
#13786=DIRECTION('',(-1.,0.,0.));
#13787=DIRECTION('center_axis',(0.,0.,-1.));
#13788=DIRECTION('ref_axis',(1.,0.,0.));
#13789=DIRECTION('center_axis',(0.,0.,1.));
#13790=DIRECTION('ref_axis',(1.,0.,0.));
#13791=DIRECTION('',(0.,0.,-1.));
#13792=DIRECTION('center_axis',(0.,0.,1.));
#13793=DIRECTION('ref_axis',(1.,0.,0.));
#13794=DIRECTION('',(0.,0.,-1.));
#13795=DIRECTION('center_axis',(-1.,0.,0.));
#13796=DIRECTION('ref_axis',(0.,1.,0.));
#13797=DIRECTION('',(0.,-1.,0.));
#13798=DIRECTION('',(0.,1.,0.));
#13799=DIRECTION('',(0.,0.,-1.));
#13800=DIRECTION('center_axis',(0.,0.,-1.));
#13801=DIRECTION('ref_axis',(0.,-1.,0.));
#13802=DIRECTION('center_axis',(0.,0.,1.));
#13803=DIRECTION('ref_axis',(0.,-1.,0.));
#13804=DIRECTION('center_axis',(0.,0.,1.));
#13805=DIRECTION('ref_axis',(0.,-1.,0.));
#13806=DIRECTION('',(0.,0.,-1.));
#13807=DIRECTION('center_axis',(0.,1.,0.));
#13808=DIRECTION('ref_axis',(1.,0.,0.));
#13809=DIRECTION('',(1.,0.,0.));
#13810=DIRECTION('',(1.,0.,0.));
#13811=DIRECTION('',(0.,0.,-1.));
#13812=DIRECTION('center_axis',(0.,0.,-1.));
#13813=DIRECTION('ref_axis',(-1.,0.,0.));
#13814=DIRECTION('center_axis',(0.,0.,1.));
#13815=DIRECTION('ref_axis',(-1.,0.,0.));
#13816=DIRECTION('center_axis',(0.,0.,1.));
#13817=DIRECTION('ref_axis',(-1.,0.,0.));
#13818=DIRECTION('',(0.,0.,-1.));
#13819=DIRECTION('center_axis',(1.,0.,0.));
#13820=DIRECTION('ref_axis',(0.,-1.,0.));
#13821=DIRECTION('',(0.,-1.,0.));
#13822=DIRECTION('',(0.,-1.,0.));
#13823=DIRECTION('',(0.,0.,-1.));
#13824=DIRECTION('center_axis',(0.,0.,-1.));
#13825=DIRECTION('ref_axis',(0.,1.,0.));
#13826=DIRECTION('center_axis',(0.,0.,1.));
#13827=DIRECTION('ref_axis',(0.,1.,0.));
#13828=DIRECTION('center_axis',(0.,0.,1.));
#13829=DIRECTION('ref_axis',(0.,1.,0.));
#13830=DIRECTION('',(0.,0.,-1.));
#13831=DIRECTION('center_axis',(0.,-1.,0.));
#13832=DIRECTION('ref_axis',(-1.,0.,0.));
#13833=DIRECTION('',(1.,0.,0.));
#13834=DIRECTION('',(-1.,0.,0.));
#13835=DIRECTION('center_axis',(0.,0.,-1.));
#13836=DIRECTION('ref_axis',(1.,0.,0.));
#13837=DIRECTION('center_axis',(0.,0.,1.));
#13838=DIRECTION('ref_axis',(1.,0.,0.));
#13839=DIRECTION('',(0.,0.,-1.));
#13840=DIRECTION('center_axis',(0.,0.,1.));
#13841=DIRECTION('ref_axis',(1.,0.,0.));
#13842=DIRECTION('',(0.,0.,-1.));
#13843=DIRECTION('center_axis',(-1.,0.,0.));
#13844=DIRECTION('ref_axis',(0.,1.,0.));
#13845=DIRECTION('',(0.,-1.,0.));
#13846=DIRECTION('',(0.,1.,0.));
#13847=DIRECTION('',(0.,0.,-1.));
#13848=DIRECTION('center_axis',(0.,0.,-1.));
#13849=DIRECTION('ref_axis',(0.,-1.,0.));
#13850=DIRECTION('center_axis',(0.,0.,1.));
#13851=DIRECTION('ref_axis',(0.,-1.,0.));
#13852=DIRECTION('center_axis',(0.,0.,1.));
#13853=DIRECTION('ref_axis',(0.,-1.,0.));
#13854=DIRECTION('',(0.,0.,-1.));
#13855=DIRECTION('center_axis',(0.,1.,0.));
#13856=DIRECTION('ref_axis',(1.,0.,0.));
#13857=DIRECTION('',(1.,0.,0.));
#13858=DIRECTION('',(1.,0.,0.));
#13859=DIRECTION('',(0.,0.,-1.));
#13860=DIRECTION('center_axis',(0.,0.,-1.));
#13861=DIRECTION('ref_axis',(-1.,0.,0.));
#13862=DIRECTION('center_axis',(0.,0.,1.));
#13863=DIRECTION('ref_axis',(-1.,0.,0.));
#13864=DIRECTION('center_axis',(0.,0.,1.));
#13865=DIRECTION('ref_axis',(-1.,0.,0.));
#13866=DIRECTION('',(0.,0.,-1.));
#13867=DIRECTION('center_axis',(1.,0.,0.));
#13868=DIRECTION('ref_axis',(0.,-1.,0.));
#13869=DIRECTION('',(0.,-1.,0.));
#13870=DIRECTION('',(0.,-1.,0.));
#13871=DIRECTION('',(0.,0.,-1.));
#13872=DIRECTION('center_axis',(0.,0.,-1.));
#13873=DIRECTION('ref_axis',(0.,1.,0.));
#13874=DIRECTION('center_axis',(0.,0.,1.));
#13875=DIRECTION('ref_axis',(0.,1.,0.));
#13876=DIRECTION('center_axis',(0.,0.,1.));
#13877=DIRECTION('ref_axis',(0.,1.,0.));
#13878=DIRECTION('',(0.,0.,-1.));
#13879=DIRECTION('center_axis',(0.,-1.,0.));
#13880=DIRECTION('ref_axis',(-1.,0.,0.));
#13881=DIRECTION('',(1.,0.,0.));
#13882=DIRECTION('',(-1.,0.,0.));
#13883=DIRECTION('center_axis',(0.,0.,-1.));
#13884=DIRECTION('ref_axis',(1.,0.,0.));
#13885=DIRECTION('center_axis',(0.,0.,1.));
#13886=DIRECTION('ref_axis',(1.,0.,0.));
#13887=DIRECTION('',(0.,0.,-1.));
#13888=DIRECTION('center_axis',(0.,0.,1.));
#13889=DIRECTION('ref_axis',(1.,0.,0.));
#13890=DIRECTION('',(0.,0.,-1.));
#13891=DIRECTION('center_axis',(-1.,0.,0.));
#13892=DIRECTION('ref_axis',(0.,1.,0.));
#13893=DIRECTION('',(0.,-1.,0.));
#13894=DIRECTION('',(0.,1.,0.));
#13895=DIRECTION('',(0.,0.,-1.));
#13896=DIRECTION('center_axis',(0.,0.,-1.));
#13897=DIRECTION('ref_axis',(0.,-1.,0.));
#13898=DIRECTION('center_axis',(0.,0.,1.));
#13899=DIRECTION('ref_axis',(0.,-1.,0.));
#13900=DIRECTION('center_axis',(0.,0.,1.));
#13901=DIRECTION('ref_axis',(0.,-1.,0.));
#13902=DIRECTION('',(0.,0.,-1.));
#13903=DIRECTION('center_axis',(0.,1.,0.));
#13904=DIRECTION('ref_axis',(1.,0.,0.));
#13905=DIRECTION('',(1.,0.,0.));
#13906=DIRECTION('',(1.,0.,0.));
#13907=DIRECTION('',(0.,0.,-1.));
#13908=DIRECTION('center_axis',(0.,0.,-1.));
#13909=DIRECTION('ref_axis',(-1.,0.,0.));
#13910=DIRECTION('center_axis',(0.,0.,1.));
#13911=DIRECTION('ref_axis',(-1.,0.,0.));
#13912=DIRECTION('center_axis',(0.,0.,1.));
#13913=DIRECTION('ref_axis',(-1.,0.,0.));
#13914=DIRECTION('',(0.,0.,-1.));
#13915=DIRECTION('center_axis',(1.,0.,0.));
#13916=DIRECTION('ref_axis',(0.,-1.,0.));
#13917=DIRECTION('',(0.,-1.,0.));
#13918=DIRECTION('',(0.,-1.,0.));
#13919=DIRECTION('',(0.,0.,-1.));
#13920=DIRECTION('center_axis',(0.,0.,-1.));
#13921=DIRECTION('ref_axis',(0.,1.,0.));
#13922=DIRECTION('center_axis',(0.,0.,1.));
#13923=DIRECTION('ref_axis',(0.,1.,0.));
#13924=DIRECTION('center_axis',(0.,0.,1.));
#13925=DIRECTION('ref_axis',(0.,1.,0.));
#13926=DIRECTION('',(0.,0.,-1.));
#13927=DIRECTION('center_axis',(0.,-1.,0.));
#13928=DIRECTION('ref_axis',(-1.,0.,0.));
#13929=DIRECTION('',(1.,0.,0.));
#13930=DIRECTION('',(-1.,0.,0.));
#13931=DIRECTION('center_axis',(0.,0.,-1.));
#13932=DIRECTION('ref_axis',(1.,0.,0.));
#13933=DIRECTION('center_axis',(0.,0.,1.));
#13934=DIRECTION('ref_axis',(1.,0.,0.));
#13935=DIRECTION('',(0.,0.,-1.));
#13936=DIRECTION('center_axis',(0.,0.,1.));
#13937=DIRECTION('ref_axis',(1.,0.,0.));
#13938=DIRECTION('',(0.,0.,-1.));
#13939=DIRECTION('center_axis',(-1.,0.,0.));
#13940=DIRECTION('ref_axis',(0.,1.,0.));
#13941=DIRECTION('',(0.,-1.,0.));
#13942=DIRECTION('',(0.,1.,0.));
#13943=DIRECTION('',(0.,0.,-1.));
#13944=DIRECTION('center_axis',(0.,0.,-1.));
#13945=DIRECTION('ref_axis',(0.,-1.,0.));
#13946=DIRECTION('center_axis',(0.,0.,1.));
#13947=DIRECTION('ref_axis',(0.,-1.,0.));
#13948=DIRECTION('center_axis',(0.,0.,1.));
#13949=DIRECTION('ref_axis',(0.,-1.,0.));
#13950=DIRECTION('',(0.,0.,-1.));
#13951=DIRECTION('center_axis',(0.,1.,0.));
#13952=DIRECTION('ref_axis',(1.,0.,0.));
#13953=DIRECTION('',(1.,0.,0.));
#13954=DIRECTION('',(1.,0.,0.));
#13955=DIRECTION('',(0.,0.,-1.));
#13956=DIRECTION('center_axis',(0.,0.,-1.));
#13957=DIRECTION('ref_axis',(-1.,0.,0.));
#13958=DIRECTION('center_axis',(0.,0.,1.));
#13959=DIRECTION('ref_axis',(-1.,0.,0.));
#13960=DIRECTION('center_axis',(0.,0.,1.));
#13961=DIRECTION('ref_axis',(-1.,0.,0.));
#13962=DIRECTION('',(0.,0.,-1.));
#13963=DIRECTION('center_axis',(1.,0.,0.));
#13964=DIRECTION('ref_axis',(0.,-1.,0.));
#13965=DIRECTION('',(0.,-1.,0.));
#13966=DIRECTION('',(0.,-1.,0.));
#13967=DIRECTION('',(0.,0.,-1.));
#13968=DIRECTION('center_axis',(0.,0.,-1.));
#13969=DIRECTION('ref_axis',(0.,1.,0.));
#13970=DIRECTION('center_axis',(0.,0.,1.));
#13971=DIRECTION('ref_axis',(0.,1.,0.));
#13972=DIRECTION('center_axis',(0.,0.,1.));
#13973=DIRECTION('ref_axis',(0.,1.,0.));
#13974=DIRECTION('',(0.,0.,-1.));
#13975=DIRECTION('center_axis',(0.,-1.,0.));
#13976=DIRECTION('ref_axis',(-1.,0.,0.));
#13977=DIRECTION('',(1.,0.,0.));
#13978=DIRECTION('',(-1.,0.,0.));
#13979=DIRECTION('center_axis',(0.,0.,-1.));
#13980=DIRECTION('ref_axis',(1.,0.,0.));
#13981=DIRECTION('center_axis',(0.,0.,1.));
#13982=DIRECTION('ref_axis',(1.,0.,0.));
#13983=DIRECTION('',(0.,0.,-1.));
#13984=DIRECTION('center_axis',(0.,0.,1.));
#13985=DIRECTION('ref_axis',(1.,0.,0.));
#13986=DIRECTION('',(0.,0.,-1.));
#13987=DIRECTION('center_axis',(-1.,0.,0.));
#13988=DIRECTION('ref_axis',(0.,1.,0.));
#13989=DIRECTION('',(0.,-1.,0.));
#13990=DIRECTION('',(0.,1.,0.));
#13991=DIRECTION('',(0.,0.,-1.));
#13992=DIRECTION('center_axis',(0.,0.,-1.));
#13993=DIRECTION('ref_axis',(0.,-1.,0.));
#13994=DIRECTION('center_axis',(0.,0.,1.));
#13995=DIRECTION('ref_axis',(0.,-1.,0.));
#13996=DIRECTION('center_axis',(0.,0.,1.));
#13997=DIRECTION('ref_axis',(0.,-1.,0.));
#13998=DIRECTION('',(0.,0.,-1.));
#13999=DIRECTION('center_axis',(0.,1.,0.));
#14000=DIRECTION('ref_axis',(1.,0.,0.));
#14001=DIRECTION('',(1.,0.,0.));
#14002=DIRECTION('',(1.,0.,0.));
#14003=DIRECTION('',(0.,0.,-1.));
#14004=DIRECTION('center_axis',(0.,0.,-1.));
#14005=DIRECTION('ref_axis',(-1.,0.,0.));
#14006=DIRECTION('center_axis',(0.,0.,1.));
#14007=DIRECTION('ref_axis',(-1.,0.,0.));
#14008=DIRECTION('center_axis',(0.,0.,1.));
#14009=DIRECTION('ref_axis',(-1.,0.,0.));
#14010=DIRECTION('',(0.,0.,-1.));
#14011=DIRECTION('center_axis',(1.,0.,0.));
#14012=DIRECTION('ref_axis',(0.,-1.,0.));
#14013=DIRECTION('',(0.,-1.,0.));
#14014=DIRECTION('',(0.,-1.,0.));
#14015=DIRECTION('',(0.,0.,-1.));
#14016=DIRECTION('center_axis',(0.,0.,-1.));
#14017=DIRECTION('ref_axis',(0.,1.,0.));
#14018=DIRECTION('center_axis',(0.,0.,1.));
#14019=DIRECTION('ref_axis',(0.,1.,0.));
#14020=DIRECTION('center_axis',(0.,0.,1.));
#14021=DIRECTION('ref_axis',(0.,1.,0.));
#14022=DIRECTION('',(0.,0.,-1.));
#14023=DIRECTION('center_axis',(0.,-1.,0.));
#14024=DIRECTION('ref_axis',(-1.,0.,0.));
#14025=DIRECTION('',(1.,0.,0.));
#14026=DIRECTION('',(-1.,0.,0.));
#14027=DIRECTION('center_axis',(0.,0.,-1.));
#14028=DIRECTION('ref_axis',(1.,0.,0.));
#14029=DIRECTION('center_axis',(0.,0.,1.));
#14030=DIRECTION('ref_axis',(1.,0.,0.));
#14031=DIRECTION('',(0.,0.,-1.));
#14032=DIRECTION('center_axis',(0.,0.,1.));
#14033=DIRECTION('ref_axis',(1.,0.,0.));
#14034=DIRECTION('',(0.,0.,-1.));
#14035=DIRECTION('center_axis',(-1.,0.,0.));
#14036=DIRECTION('ref_axis',(0.,1.,0.));
#14037=DIRECTION('',(0.,-1.,0.));
#14038=DIRECTION('',(0.,1.,0.));
#14039=DIRECTION('',(0.,0.,-1.));
#14040=DIRECTION('center_axis',(0.,0.,-1.));
#14041=DIRECTION('ref_axis',(0.,-1.,0.));
#14042=DIRECTION('center_axis',(0.,0.,1.));
#14043=DIRECTION('ref_axis',(0.,-1.,0.));
#14044=DIRECTION('center_axis',(0.,0.,1.));
#14045=DIRECTION('ref_axis',(0.,-1.,0.));
#14046=DIRECTION('',(0.,0.,-1.));
#14047=DIRECTION('center_axis',(0.,1.,0.));
#14048=DIRECTION('ref_axis',(1.,0.,0.));
#14049=DIRECTION('',(1.,0.,0.));
#14050=DIRECTION('',(1.,0.,0.));
#14051=DIRECTION('',(0.,0.,-1.));
#14052=DIRECTION('center_axis',(0.,0.,-1.));
#14053=DIRECTION('ref_axis',(-1.,0.,0.));
#14054=DIRECTION('center_axis',(0.,0.,1.));
#14055=DIRECTION('ref_axis',(-1.,0.,0.));
#14056=DIRECTION('center_axis',(0.,0.,1.));
#14057=DIRECTION('ref_axis',(-1.,0.,0.));
#14058=DIRECTION('',(0.,0.,-1.));
#14059=DIRECTION('center_axis',(1.,0.,0.));
#14060=DIRECTION('ref_axis',(0.,-1.,0.));
#14061=DIRECTION('',(0.,-1.,0.));
#14062=DIRECTION('',(0.,-1.,0.));
#14063=DIRECTION('',(0.,0.,-1.));
#14064=DIRECTION('center_axis',(0.,0.,-1.));
#14065=DIRECTION('ref_axis',(0.,1.,0.));
#14066=DIRECTION('center_axis',(0.,0.,1.));
#14067=DIRECTION('ref_axis',(0.,1.,0.));
#14068=DIRECTION('center_axis',(0.,0.,1.));
#14069=DIRECTION('ref_axis',(0.,1.,0.));
#14070=DIRECTION('',(0.,0.,-1.));
#14071=DIRECTION('center_axis',(0.,-1.,0.));
#14072=DIRECTION('ref_axis',(-1.,0.,0.));
#14073=DIRECTION('',(1.,0.,0.));
#14074=DIRECTION('',(-1.,0.,0.));
#14075=DIRECTION('center_axis',(0.,0.,-1.));
#14076=DIRECTION('ref_axis',(1.,0.,0.));
#14077=DIRECTION('center_axis',(0.,0.,1.));
#14078=DIRECTION('ref_axis',(1.,0.,0.));
#14079=DIRECTION('',(0.,0.,-1.));
#14080=DIRECTION('center_axis',(0.,0.,1.));
#14081=DIRECTION('ref_axis',(1.,0.,0.));
#14082=DIRECTION('',(0.,0.,-1.));
#14083=DIRECTION('center_axis',(-1.,0.,0.));
#14084=DIRECTION('ref_axis',(0.,1.,0.));
#14085=DIRECTION('',(0.,-1.,0.));
#14086=DIRECTION('',(0.,1.,0.));
#14087=DIRECTION('',(0.,0.,-1.));
#14088=DIRECTION('center_axis',(0.,0.,-1.));
#14089=DIRECTION('ref_axis',(0.,-1.,0.));
#14090=DIRECTION('center_axis',(0.,0.,1.));
#14091=DIRECTION('ref_axis',(0.,-1.,0.));
#14092=DIRECTION('center_axis',(0.,0.,1.));
#14093=DIRECTION('ref_axis',(0.,-1.,0.));
#14094=DIRECTION('',(0.,0.,-1.));
#14095=DIRECTION('center_axis',(0.,1.,0.));
#14096=DIRECTION('ref_axis',(1.,0.,0.));
#14097=DIRECTION('',(1.,0.,0.));
#14098=DIRECTION('',(1.,0.,0.));
#14099=DIRECTION('',(0.,0.,-1.));
#14100=DIRECTION('center_axis',(0.,0.,-1.));
#14101=DIRECTION('ref_axis',(-1.,0.,0.));
#14102=DIRECTION('center_axis',(0.,0.,1.));
#14103=DIRECTION('ref_axis',(-1.,0.,0.));
#14104=DIRECTION('center_axis',(0.,0.,1.));
#14105=DIRECTION('ref_axis',(-1.,0.,0.));
#14106=DIRECTION('',(0.,0.,-1.));
#14107=DIRECTION('center_axis',(1.,0.,0.));
#14108=DIRECTION('ref_axis',(0.,-1.,0.));
#14109=DIRECTION('',(0.,-1.,0.));
#14110=DIRECTION('',(0.,-1.,0.));
#14111=DIRECTION('',(0.,0.,-1.));
#14112=DIRECTION('center_axis',(0.,0.,-1.));
#14113=DIRECTION('ref_axis',(0.,1.,0.));
#14114=DIRECTION('center_axis',(0.,0.,1.));
#14115=DIRECTION('ref_axis',(0.,1.,0.));
#14116=DIRECTION('center_axis',(0.,0.,1.));
#14117=DIRECTION('ref_axis',(0.,1.,0.));
#14118=DIRECTION('',(0.,0.,-1.));
#14119=DIRECTION('center_axis',(0.,-1.,0.));
#14120=DIRECTION('ref_axis',(-1.,0.,0.));
#14121=DIRECTION('',(1.,0.,0.));
#14122=DIRECTION('',(-1.,0.,0.));
#14123=DIRECTION('center_axis',(0.,0.,-1.));
#14124=DIRECTION('ref_axis',(1.,0.,0.));
#14125=DIRECTION('center_axis',(0.,0.,1.));
#14126=DIRECTION('ref_axis',(1.,0.,0.));
#14127=DIRECTION('',(0.,0.,-1.));
#14128=DIRECTION('center_axis',(0.,0.,1.));
#14129=DIRECTION('ref_axis',(1.,0.,0.));
#14130=DIRECTION('',(0.,0.,-1.));
#14131=DIRECTION('center_axis',(-1.,0.,0.));
#14132=DIRECTION('ref_axis',(0.,1.,0.));
#14133=DIRECTION('',(0.,-1.,0.));
#14134=DIRECTION('',(0.,1.,0.));
#14135=DIRECTION('',(0.,0.,-1.));
#14136=DIRECTION('center_axis',(0.,0.,-1.));
#14137=DIRECTION('ref_axis',(0.,-1.,0.));
#14138=DIRECTION('center_axis',(0.,0.,1.));
#14139=DIRECTION('ref_axis',(0.,-1.,0.));
#14140=DIRECTION('center_axis',(0.,0.,1.));
#14141=DIRECTION('ref_axis',(0.,-1.,0.));
#14142=DIRECTION('',(0.,0.,-1.));
#14143=DIRECTION('center_axis',(0.,1.,0.));
#14144=DIRECTION('ref_axis',(1.,0.,0.));
#14145=DIRECTION('',(1.,0.,0.));
#14146=DIRECTION('',(1.,0.,0.));
#14147=DIRECTION('',(0.,0.,-1.));
#14148=DIRECTION('center_axis',(0.,0.,-1.));
#14149=DIRECTION('ref_axis',(-1.,0.,0.));
#14150=DIRECTION('center_axis',(0.,0.,1.));
#14151=DIRECTION('ref_axis',(-1.,0.,0.));
#14152=DIRECTION('center_axis',(0.,0.,1.));
#14153=DIRECTION('ref_axis',(-1.,0.,0.));
#14154=DIRECTION('',(0.,0.,-1.));
#14155=DIRECTION('center_axis',(1.,0.,0.));
#14156=DIRECTION('ref_axis',(0.,-1.,0.));
#14157=DIRECTION('',(0.,-1.,0.));
#14158=DIRECTION('',(0.,-1.,0.));
#14159=DIRECTION('',(0.,0.,-1.));
#14160=DIRECTION('center_axis',(0.,0.,-1.));
#14161=DIRECTION('ref_axis',(0.,1.,0.));
#14162=DIRECTION('center_axis',(0.,0.,1.));
#14163=DIRECTION('ref_axis',(0.,1.,0.));
#14164=DIRECTION('center_axis',(0.,0.,1.));
#14165=DIRECTION('ref_axis',(0.,1.,0.));
#14166=DIRECTION('',(0.,0.,-1.));
#14167=DIRECTION('center_axis',(0.,-1.,0.));
#14168=DIRECTION('ref_axis',(-1.,0.,0.));
#14169=DIRECTION('',(1.,0.,0.));
#14170=DIRECTION('',(-1.,0.,0.));
#14171=DIRECTION('center_axis',(0.,-1.,0.));
#14172=DIRECTION('ref_axis',(1.,0.,0.));
#14173=DIRECTION('',(1.,0.,0.));
#14174=DIRECTION('',(0.,0.,1.));
#14175=DIRECTION('',(1.,0.,0.));
#14176=DIRECTION('',(0.,0.,1.));
#14177=DIRECTION('center_axis',(0.,0.,1.));
#14178=DIRECTION('ref_axis',(3.5527136788003E-14,-1.,0.));
#14179=DIRECTION('center_axis',(0.,0.,1.));
#14180=DIRECTION('ref_axis',(3.5527136788003E-14,-1.,0.));
#14181=DIRECTION('',(0.,0.,1.));
#14182=DIRECTION('center_axis',(0.,0.,1.));
#14183=DIRECTION('ref_axis',(3.5527136788003E-14,-1.,0.));
#14184=DIRECTION('center_axis',(1.,0.,0.));
#14185=DIRECTION('ref_axis',(0.,1.,0.));
#14186=DIRECTION('',(0.,1.,0.));
#14187=DIRECTION('',(0.,0.,1.));
#14188=DIRECTION('',(0.,1.,0.));
#14189=DIRECTION('center_axis',(0.,0.,1.));
#14190=DIRECTION('ref_axis',(1.,5.55111512312551E-14,0.));
#14191=DIRECTION('center_axis',(0.,0.,1.));
#14192=DIRECTION('ref_axis',(1.,5.55111512312551E-14,0.));
#14193=DIRECTION('',(0.,0.,1.));
#14194=DIRECTION('center_axis',(0.,0.,1.));
#14195=DIRECTION('ref_axis',(1.,5.55111512312551E-14,0.));
#14196=DIRECTION('center_axis',(1.32226184425812E-15,1.,0.));
#14197=DIRECTION('ref_axis',(-1.,1.32226184425812E-15,0.));
#14198=DIRECTION('',(-1.,1.32226184425812E-15,0.));
#14199=DIRECTION('',(0.,0.,1.));
#14200=DIRECTION('',(-1.,1.32226184425812E-15,0.));
#14201=DIRECTION('center_axis',(0.,0.,1.));
#14202=DIRECTION('ref_axis',(0.,1.,0.));
#14203=DIRECTION('center_axis',(0.,0.,1.));
#14204=DIRECTION('ref_axis',(0.,1.,0.));
#14205=DIRECTION('',(0.,0.,1.));
#14206=DIRECTION('center_axis',(0.,0.,1.));
#14207=DIRECTION('ref_axis',(0.,1.,0.));
#14208=DIRECTION('center_axis',(-1.,0.,0.));
#14209=DIRECTION('ref_axis',(0.,-1.,0.));
#14210=DIRECTION('',(0.,1.,0.));
#14211=DIRECTION('',(0.,0.,1.));
#14212=DIRECTION('',(0.,-1.,0.));
#14213=DIRECTION('center_axis',(0.,0.,1.));
#14214=DIRECTION('ref_axis',(-1.,-1.99840144432525E-14,0.));
#14215=DIRECTION('center_axis',(0.,0.,1.));
#14216=DIRECTION('ref_axis',(-1.,-1.99840144432525E-14,0.));
#14217=DIRECTION('',(0.,0.,1.));
#14218=DIRECTION('center_axis',(0.,0.,1.));
#14219=DIRECTION('ref_axis',(-1.,-1.99840144432525E-14,0.));
#14220=DIRECTION('center_axis',(0.,-1.,0.));
#14221=DIRECTION('ref_axis',(1.,0.,0.));
#14222=DIRECTION('',(-1.,0.,0.));
#14223=DIRECTION('',(0.,0.,1.));
#14224=DIRECTION('',(1.,0.,0.));
#14225=DIRECTION('center_axis',(0.,0.,1.));
#14226=DIRECTION('ref_axis',(1.,1.99840144432525E-14,0.));
#14227=DIRECTION('center_axis',(0.,0.,1.));
#14228=DIRECTION('ref_axis',(1.,1.99840144432525E-14,0.));
#14229=DIRECTION('',(0.,0.,1.));
#14230=DIRECTION('center_axis',(0.,0.,-1.));
#14231=DIRECTION('ref_axis',(1.,1.99840144432525E-14,0.));
#14232=DIRECTION('center_axis',(-1.,0.,0.));
#14233=DIRECTION('ref_axis',(0.,-1.,0.));
#14234=DIRECTION('',(0.,-1.,0.));
#14235=DIRECTION('',(0.,0.,1.));
#14236=DIRECTION('',(0.,-1.,0.));
#14237=DIRECTION('center_axis',(0.,0.,1.));
#14238=DIRECTION('ref_axis',(0.,-1.,0.));
#14239=DIRECTION('center_axis',(0.,0.,1.));
#14240=DIRECTION('ref_axis',(0.,-1.,0.));
#14241=DIRECTION('',(0.,0.,1.));
#14242=DIRECTION('center_axis',(0.,0.,-1.));
#14243=DIRECTION('ref_axis',(0.,-1.,0.));
#14244=DIRECTION('center_axis',(-6.2547646145712E-17,1.,0.));
#14245=DIRECTION('ref_axis',(-1.,-6.2547646145712E-17,0.));
#14246=DIRECTION('',(1.,6.2547646145712E-17,0.));
#14247=DIRECTION('',(0.,0.,1.));
#14248=DIRECTION('',(-1.,-6.2547646145712E-17,0.));
#14249=DIRECTION('center_axis',(0.,0.,1.));
#14250=DIRECTION('ref_axis',(-1.,8.88178419700128E-15,0.));
#14251=DIRECTION('center_axis',(0.,0.,1.));
#14252=DIRECTION('ref_axis',(-1.,8.88178419700128E-15,0.));
#14253=DIRECTION('',(0.,0.,1.));
#14254=DIRECTION('center_axis',(0.,0.,-1.));
#14255=DIRECTION('ref_axis',(-1.,8.88178419700128E-15,0.));
#14256=DIRECTION('center_axis',(1.,0.,0.));
#14257=DIRECTION('ref_axis',(0.,1.,0.));
#14258=DIRECTION('',(0.,1.,0.));
#14259=DIRECTION('',(0.,0.,1.));
#14260=DIRECTION('',(0.,1.,0.));
#14261=DIRECTION('center_axis',(0.,0.,1.));
#14262=DIRECTION('ref_axis',(0.,1.,0.));
#14263=DIRECTION('center_axis',(0.,0.,1.));
#14264=DIRECTION('ref_axis',(0.,1.,0.));
#14265=DIRECTION('',(0.,0.,1.));
#14266=DIRECTION('center_axis',(0.,0.,-1.));
#14267=DIRECTION('ref_axis',(0.,1.,0.));
#14268=DIRECTION('center_axis',(3.70718176464019E-16,-1.,0.));
#14269=DIRECTION('ref_axis',(1.,3.70718176464019E-16,0.));
#14270=DIRECTION('',(-1.,-3.70718176464019E-16,0.));
#14271=DIRECTION('',(0.,0.,1.));
#14272=DIRECTION('',(1.,3.70718176464019E-16,0.));
#14273=DIRECTION('center_axis',(0.,0.,1.));
#14274=DIRECTION('ref_axis',(0.,-1.,0.));
#14275=DIRECTION('center_axis',(0.,0.,1.));
#14276=DIRECTION('ref_axis',(0.,-1.,0.));
#14277=DIRECTION('',(0.,0.,1.));
#14278=DIRECTION('center_axis',(0.,0.,1.));
#14279=DIRECTION('ref_axis',(0.,-1.,0.));
#14280=DIRECTION('center_axis',(1.,0.,0.));
#14281=DIRECTION('ref_axis',(0.,1.,0.));
#14282=DIRECTION('',(0.,-1.,0.));
#14283=DIRECTION('',(0.,0.,1.));
#14284=DIRECTION('',(0.,1.,0.));
#14285=DIRECTION('center_axis',(0.,0.,1.));
#14286=DIRECTION('ref_axis',(1.,2.22044604925032E-15,0.));
#14287=DIRECTION('center_axis',(0.,0.,1.));
#14288=DIRECTION('ref_axis',(1.,2.22044604925032E-15,0.));
#14289=DIRECTION('',(0.,0.,1.));
#14290=DIRECTION('center_axis',(0.,0.,1.));
#14291=DIRECTION('ref_axis',(1.,2.22044604925032E-15,0.));
#14292=DIRECTION('center_axis',(0.,1.,0.));
#14293=DIRECTION('ref_axis',(-1.,0.,0.));
#14294=DIRECTION('',(1.,0.,0.));
#14295=DIRECTION('',(0.,0.,1.));
#14296=DIRECTION('',(-1.,0.,0.));
#14297=DIRECTION('center_axis',(0.,0.,1.));
#14298=DIRECTION('ref_axis',(0.,1.,0.));
#14299=DIRECTION('center_axis',(0.,0.,1.));
#14300=DIRECTION('ref_axis',(0.,1.,0.));
#14301=DIRECTION('',(0.,0.,1.));
#14302=DIRECTION('center_axis',(0.,0.,1.));
#14303=DIRECTION('ref_axis',(0.,1.,0.));
#14304=DIRECTION('center_axis',(-1.,0.,0.));
#14305=DIRECTION('ref_axis',(0.,-1.,0.));
#14306=DIRECTION('',(0.,1.,0.));
#14307=DIRECTION('',(0.,0.,1.));
#14308=DIRECTION('',(0.,-1.,0.));
#14309=DIRECTION('center_axis',(0.,0.,1.));
#14310=DIRECTION('ref_axis',(-1.,2.22044604925032E-15,0.));
#14311=DIRECTION('center_axis',(0.,0.,1.));
#14312=DIRECTION('ref_axis',(-1.,2.22044604925032E-15,0.));
#14313=DIRECTION('',(0.,0.,1.));
#14314=DIRECTION('center_axis',(0.,0.,1.));
#14315=DIRECTION('ref_axis',(-1.,2.22044604925032E-15,0.));
#14316=DIRECTION('center_axis',(-3.69432739068589E-16,-1.,0.));
#14317=DIRECTION('ref_axis',(1.,-3.69432739068589E-16,0.));
#14318=DIRECTION('',(-1.,3.69432739068589E-16,0.));
#14319=DIRECTION('',(0.,0.,1.));
#14320=DIRECTION('',(1.,-3.69432739068589E-16,0.));
#14321=DIRECTION('center_axis',(0.,0.,1.));
#14322=DIRECTION('ref_axis',(1.,-2.22044604925032E-15,0.));
#14323=DIRECTION('center_axis',(0.,0.,1.));
#14324=DIRECTION('ref_axis',(1.,-2.22044604925032E-15,0.));
#14325=DIRECTION('',(0.,0.,1.));
#14326=DIRECTION('center_axis',(0.,0.,-1.));
#14327=DIRECTION('ref_axis',(1.,-2.22044604925032E-15,0.));
#14328=DIRECTION('center_axis',(-1.,0.,0.));
#14329=DIRECTION('ref_axis',(0.,-1.,0.));
#14330=DIRECTION('',(0.,-1.,0.));
#14331=DIRECTION('',(0.,0.,1.));
#14332=DIRECTION('',(0.,-1.,0.));
#14333=DIRECTION('center_axis',(0.,0.,1.));
#14334=DIRECTION('ref_axis',(0.,-1.,0.));
#14335=DIRECTION('center_axis',(0.,0.,1.));
#14336=DIRECTION('ref_axis',(0.,-1.,0.));
#14337=DIRECTION('',(0.,0.,1.));
#14338=DIRECTION('center_axis',(0.,0.,-1.));
#14339=DIRECTION('ref_axis',(0.,-1.,0.));
#14340=DIRECTION('center_axis',(4.14955522097489E-15,1.,0.));
#14341=DIRECTION('ref_axis',(-1.,4.14955522097489E-15,0.));
#14342=DIRECTION('',(1.,-4.14955522097489E-15,0.));
#14343=DIRECTION('',(0.,0.,1.));
#14344=DIRECTION('',(-1.,4.14955522097489E-15,0.));
#14345=DIRECTION('center_axis',(0.,0.,1.));
#14346=DIRECTION('ref_axis',(-1.11022302462516E-14,1.,0.));
#14347=DIRECTION('center_axis',(0.,0.,1.));
#14348=DIRECTION('ref_axis',(-1.11022302462516E-14,1.,0.));
#14349=DIRECTION('',(0.,0.,1.));
#14350=DIRECTION('center_axis',(0.,0.,1.));
#14351=DIRECTION('ref_axis',(-1.11022302462516E-14,1.,0.));
#14352=DIRECTION('center_axis',(-0.999999999999249,-1.22521042222511E-6,
0.));
#14353=DIRECTION('ref_axis',(1.22521042222511E-6,-0.999999999999249,0.));
#14354=DIRECTION('',(-1.22521042222511E-6,0.999999999999249,0.));
#14355=DIRECTION('',(0.,0.,1.));
#14356=DIRECTION('',(1.22521042222511E-6,-0.999999999999249,0.));
#14357=DIRECTION('center_axis',(0.,0.,1.));
#14358=DIRECTION('ref_axis',(-0.999999999999249,-1.22521042200674E-6,0.));
#14359=DIRECTION('center_axis',(0.,0.,1.));
#14360=DIRECTION('ref_axis',(-0.999999999999249,-1.22521042200674E-6,0.));
#14361=DIRECTION('',(0.,0.,1.));
#14362=DIRECTION('center_axis',(0.,0.,1.));
#14363=DIRECTION('ref_axis',(-0.999999999999249,-1.22521042200674E-6,0.));
#14364=DIRECTION('center_axis',(-2.38089810663656E-14,-1.,0.));
#14365=DIRECTION('ref_axis',(1.,-2.38089810663656E-14,0.));
#14366=DIRECTION('',(-1.,2.38089810663656E-14,0.));
#14367=DIRECTION('',(0.,0.,1.));
#14368=DIRECTION('',(1.,-2.38089810663656E-14,0.));
#14369=DIRECTION('center_axis',(0.,0.,1.));
#14370=DIRECTION('ref_axis',(1.,-1.95399252334037E-13,0.));
#14371=DIRECTION('center_axis',(0.,0.,1.));
#14372=DIRECTION('ref_axis',(1.,-1.95399252334037E-13,0.));
#14373=DIRECTION('',(0.,0.,1.));
#14374=DIRECTION('center_axis',(0.,0.,-1.));
#14375=DIRECTION('ref_axis',(1.,-1.95399252334037E-13,0.));
#14376=DIRECTION('center_axis',(-1.,0.,0.));
#14377=DIRECTION('ref_axis',(0.,-1.,0.));
#14378=DIRECTION('',(0.,1.,0.));
#14379=DIRECTION('',(0.,0.,1.));
#14380=DIRECTION('',(0.,-1.,0.));
#14381=DIRECTION('center_axis',(0.,0.,1.));
#14382=DIRECTION('ref_axis',(7.99360577730101E-14,-1.,0.));
#14383=DIRECTION('center_axis',(0.,0.,1.));
#14384=DIRECTION('ref_axis',(7.99360577730101E-14,-1.,0.));
#14385=DIRECTION('',(0.,0.,1.));
#14386=DIRECTION('center_axis',(0.,0.,-1.));
#14387=DIRECTION('ref_axis',(7.99360577730101E-14,-1.,0.));
#14388=DIRECTION('center_axis',(3.79799827707962E-15,1.,0.));
#14389=DIRECTION('ref_axis',(-1.,3.79799827707962E-15,0.));
#14390=DIRECTION('',(1.,-3.79799827707962E-15,0.));
#14391=DIRECTION('',(0.,0.,1.));
#14392=DIRECTION('',(-1.,3.79799827707962E-15,0.));
#14393=DIRECTION('center_axis',(0.,0.,1.));
#14394=DIRECTION('ref_axis',(0.,1.,0.));
#14395=DIRECTION('center_axis',(0.,0.,1.));
#14396=DIRECTION('ref_axis',(0.,1.,0.));
#14397=DIRECTION('',(0.,0.,1.));
#14398=DIRECTION('center_axis',(0.,0.,1.));
#14399=DIRECTION('ref_axis',(0.,1.,0.));
#14400=DIRECTION('center_axis',(-1.,4.4408920985006E-15,0.));
#14401=DIRECTION('ref_axis',(-4.4408920985006E-15,-1.,0.));
#14402=DIRECTION('',(4.4408920985006E-15,1.,0.));
#14403=DIRECTION('',(0.,0.,1.));
#14404=DIRECTION('',(-4.4408920985006E-15,-1.,0.));
#14405=DIRECTION('center_axis',(0.,0.,1.));
#14406=DIRECTION('ref_axis',(-1.,0.,0.));
#14407=DIRECTION('center_axis',(0.,0.,1.));
#14408=DIRECTION('ref_axis',(-1.,0.,0.));
#14409=DIRECTION('',(0.,0.,1.));
#14410=DIRECTION('center_axis',(0.,0.,1.));
#14411=DIRECTION('ref_axis',(-1.,0.,0.));
#14412=DIRECTION('center_axis',(0.,-1.,0.));
#14413=DIRECTION('ref_axis',(1.,0.,0.));
#14414=DIRECTION('',(-1.,0.,0.));
#14415=DIRECTION('',(0.,0.,1.));
#14416=DIRECTION('',(1.,0.,0.));
#14417=DIRECTION('center_axis',(0.,0.,1.));
#14418=DIRECTION('ref_axis',(0.,-1.,0.));
#14419=DIRECTION('center_axis',(0.,0.,1.));
#14420=DIRECTION('ref_axis',(0.,-1.,0.));
#14421=DIRECTION('',(0.,0.,1.));
#14422=DIRECTION('center_axis',(0.,0.,1.));
#14423=DIRECTION('ref_axis',(0.,-1.,0.));
#14424=DIRECTION('center_axis',(1.,0.,0.));
#14425=DIRECTION('ref_axis',(0.,1.,0.));
#14426=DIRECTION('',(0.,-1.,0.));
#14427=DIRECTION('',(0.,0.,1.));
#14428=DIRECTION('',(0.,1.,0.));
#14429=DIRECTION('center_axis',(0.,0.,1.));
#14430=DIRECTION('ref_axis',(1.,0.,0.));
#14431=DIRECTION('center_axis',(0.,0.,1.));
#14432=DIRECTION('ref_axis',(1.,0.,0.));
#14433=DIRECTION('',(0.,0.,1.));
#14434=DIRECTION('center_axis',(0.,0.,1.));
#14435=DIRECTION('ref_axis',(1.,0.,0.));
#14436=DIRECTION('center_axis',(0.,1.,0.));
#14437=DIRECTION('ref_axis',(-1.,0.,0.));
#14438=DIRECTION('',(1.,0.,0.));
#14439=DIRECTION('',(0.,0.,1.));
#14440=DIRECTION('',(-1.,0.,0.));
#14441=DIRECTION('center_axis',(0.,0.,1.));
#14442=DIRECTION('ref_axis',(-1.,0.,0.));
#14443=DIRECTION('center_axis',(0.,0.,1.));
#14444=DIRECTION('ref_axis',(-1.,0.,0.));
#14445=DIRECTION('',(0.,0.,1.));
#14446=DIRECTION('center_axis',(0.,0.,-1.));
#14447=DIRECTION('ref_axis',(-1.,0.,0.));
#14448=DIRECTION('center_axis',(1.,0.,0.));
#14449=DIRECTION('ref_axis',(0.,1.,0.));
#14450=DIRECTION('',(0.,-1.,0.));
#14451=DIRECTION('',(0.,0.,1.));
#14452=DIRECTION('',(0.,1.,0.));
#14453=DIRECTION('center_axis',(0.,0.,1.));
#14454=DIRECTION('ref_axis',(-1.15463194561043E-13,1.,0.));
#14455=DIRECTION('center_axis',(0.,0.,1.));
#14456=DIRECTION('ref_axis',(-1.15463194561043E-13,1.,0.));
#14457=DIRECTION('',(0.,0.,1.));
#14458=DIRECTION('center_axis',(0.,0.,-1.));
#14459=DIRECTION('ref_axis',(-1.15463194561043E-13,1.,0.));
#14460=DIRECTION('center_axis',(-7.72682720046725E-16,-1.,0.));
#14461=DIRECTION('ref_axis',(1.,-7.72682720046725E-16,0.));
#14462=DIRECTION('',(-1.,7.72682720046725E-16,0.));
#14463=DIRECTION('',(0.,0.,1.));
#14464=DIRECTION('',(1.,-7.72682720046725E-16,0.));
#14465=DIRECTION('center_axis',(0.,0.,1.));
#14466=DIRECTION('ref_axis',(1.,1.77635683940016E-14,0.));
#14467=DIRECTION('center_axis',(0.,0.,1.));
#14468=DIRECTION('ref_axis',(1.,1.77635683940016E-14,0.));
#14469=DIRECTION('',(0.,0.,1.));
#14470=DIRECTION('center_axis',(0.,0.,-1.));
#14471=DIRECTION('ref_axis',(1.,1.77635683940016E-14,0.));
#14472=DIRECTION('center_axis',(-1.,8.88178419700042E-14,0.));
#14473=DIRECTION('ref_axis',(-8.88178419700042E-14,-1.,0.));
#14474=DIRECTION('',(8.88178419700042E-14,1.,0.));
#14475=DIRECTION('',(0.,0.,1.));
#14476=DIRECTION('',(-8.88178419700042E-14,-1.,0.));
#14477=DIRECTION('center_axis',(0.,0.,1.));
#14478=DIRECTION('ref_axis',(0.,-1.,0.));
#14479=DIRECTION('center_axis',(0.,0.,1.));
#14480=DIRECTION('ref_axis',(0.,-1.,0.));
#14481=DIRECTION('',(0.,0.,1.));
#14482=DIRECTION('center_axis',(0.,0.,-1.));
#14483=DIRECTION('ref_axis',(0.,-1.,0.));
#14484=DIRECTION('center_axis',(0.,1.,0.));
#14485=DIRECTION('ref_axis',(-1.,0.,0.));
#14486=DIRECTION('',(1.,0.,0.));
#14487=DIRECTION('',(0.,0.,1.));
#14488=DIRECTION('',(-1.,0.,0.));
#14489=DIRECTION('center_axis',(0.,0.,1.));
#14490=DIRECTION('ref_axis',(-3.55271367880032E-14,1.,0.));
#14491=DIRECTION('center_axis',(0.,0.,1.));
#14492=DIRECTION('ref_axis',(-3.55271367880032E-14,1.,0.));
#14493=DIRECTION('',(0.,0.,1.));
#14494=DIRECTION('center_axis',(0.,0.,1.));
#14495=DIRECTION('ref_axis',(-3.55271367880032E-14,1.,0.));
#14496=DIRECTION('center_axis',(-1.,-1.77635683940024E-14,0.));
#14497=DIRECTION('ref_axis',(1.77635683940024E-14,-1.,0.));
#14498=DIRECTION('',(-1.77635683940024E-14,1.,0.));
#14499=DIRECTION('',(0.,0.,1.));
#14500=DIRECTION('',(1.77635683940024E-14,-1.,0.));
#14501=DIRECTION('center_axis',(0.,0.,1.));
#14502=DIRECTION('ref_axis',(-1.,-3.55271367880045E-14,0.));
#14503=DIRECTION('center_axis',(0.,0.,1.));
#14504=DIRECTION('ref_axis',(-1.,-3.55271367880045E-14,0.));
#14505=DIRECTION('',(0.,0.,1.));
#14506=DIRECTION('center_axis',(0.,0.,1.));
#14507=DIRECTION('ref_axis',(-1.,-3.55271367880045E-14,0.));
#14508=DIRECTION('center_axis',(0.,-1.,0.));
#14509=DIRECTION('ref_axis',(1.,0.,0.));
#14510=DIRECTION('',(-1.,0.,0.));
#14511=DIRECTION('',(0.,0.,1.));
#14512=DIRECTION('',(1.,0.,0.));
#14513=DIRECTION('center_axis',(0.,0.,1.));
#14514=DIRECTION('ref_axis',(3.55271367880032E-14,-1.,0.));
#14515=DIRECTION('center_axis',(0.,0.,1.));
#14516=DIRECTION('ref_axis',(3.55271367880032E-14,-1.,0.));
#14517=DIRECTION('',(0.,0.,1.));
#14518=DIRECTION('center_axis',(0.,0.,1.));
#14519=DIRECTION('ref_axis',(3.55271367880032E-14,-1.,0.));
#14520=DIRECTION('center_axis',(1.,0.,0.));
#14521=DIRECTION('ref_axis',(0.,1.,0.));
#14522=DIRECTION('',(0.,-1.,0.));
#14523=DIRECTION('',(0.,0.,1.));
#14524=DIRECTION('',(0.,1.,0.));
#14525=DIRECTION('center_axis',(0.,0.,1.));
#14526=DIRECTION('ref_axis',(1.,5.32907051820049E-14,0.));
#14527=DIRECTION('center_axis',(0.,0.,1.));
#14528=DIRECTION('ref_axis',(1.,5.32907051820049E-14,0.));
#14529=DIRECTION('',(0.,0.,1.));
#14530=DIRECTION('center_axis',(0.,0.,1.));
#14531=DIRECTION('ref_axis',(1.,5.32907051820049E-14,0.));
#14532=DIRECTION('center_axis',(0.,1.,0.));
#14533=DIRECTION('ref_axis',(-1.,0.,0.));
#14534=DIRECTION('',(1.,0.,0.));
#14535=DIRECTION('',(0.,0.,1.));
#14536=DIRECTION('',(-1.,0.,0.));
#14537=DIRECTION('center_axis',(0.,0.,1.));
#14538=DIRECTION('ref_axis',(-1.,-5.32907051820049E-14,0.));
#14539=DIRECTION('center_axis',(0.,0.,1.));
#14540=DIRECTION('ref_axis',(-1.,-5.32907051820049E-14,0.));
#14541=DIRECTION('',(0.,0.,1.));
#14542=DIRECTION('center_axis',(0.,0.,-1.));
#14543=DIRECTION('ref_axis',(-1.,-5.32907051820049E-14,0.));
#14544=DIRECTION('center_axis',(1.,-1.77635683940024E-14,0.));
#14545=DIRECTION('ref_axis',(1.77635683940024E-14,1.,0.));
#14546=DIRECTION('',(-1.77635683940024E-14,-1.,0.));
#14547=DIRECTION('',(0.,0.,1.));
#14548=DIRECTION('',(1.77635683940024E-14,1.,0.));
#14549=DIRECTION('center_axis',(0.,0.,1.));
#14550=DIRECTION('ref_axis',(0.,1.,0.));
#14551=DIRECTION('center_axis',(0.,0.,1.));
#14552=DIRECTION('ref_axis',(0.,1.,0.));
#14553=DIRECTION('',(0.,0.,1.));
#14554=DIRECTION('center_axis',(0.,0.,-1.));
#14555=DIRECTION('ref_axis',(0.,1.,0.));
#14556=DIRECTION('center_axis',(0.,-1.,0.));
#14557=DIRECTION('ref_axis',(1.,0.,0.));
#14558=DIRECTION('',(-1.,0.,0.));
#14559=DIRECTION('',(0.,0.,1.));
#14560=DIRECTION('',(1.,0.,0.));
#14561=DIRECTION('center_axis',(0.,0.,1.));
#14562=DIRECTION('ref_axis',(0.,-1.,0.));
#14563=DIRECTION('center_axis',(0.,0.,1.));
#14564=DIRECTION('ref_axis',(0.,-1.,0.));
#14565=DIRECTION('',(0.,0.,1.));
#14566=DIRECTION('center_axis',(0.,0.,1.));
#14567=DIRECTION('ref_axis',(0.,-1.,0.));
#14568=DIRECTION('center_axis',(0.,0.,1.));
#14569=DIRECTION('ref_axis',(1.,-4.44089209850048E-15,0.));
#14570=DIRECTION('center_axis',(0.,0.,1.));
#14571=DIRECTION('ref_axis',(1.,-4.44089209850048E-15,0.));
#14572=DIRECTION('',(0.,0.,1.));
#14573=DIRECTION('center_axis',(0.,0.,1.));
#14574=DIRECTION('ref_axis',(1.,-4.44089209850048E-15,0.));
#14575=DIRECTION('',(0.,0.,1.));
#14576=DIRECTION('center_axis',(0.,1.,0.));
#14577=DIRECTION('ref_axis',(-1.,0.,0.));
#14578=DIRECTION('',(1.,0.,0.));
#14579=DIRECTION('',(0.,0.,1.));
#14580=DIRECTION('',(-1.,0.,0.));
#14581=DIRECTION('center_axis',(0.,0.,1.));
#14582=DIRECTION('ref_axis',(-1.,-1.99840144432525E-14,0.));
#14583=DIRECTION('center_axis',(0.,0.,1.));
#14584=DIRECTION('ref_axis',(-1.,-1.99840144432525E-14,0.));
#14585=DIRECTION('',(0.,0.,1.));
#14586=DIRECTION('center_axis',(0.,0.,-1.));
#14587=DIRECTION('ref_axis',(-1.,-1.99840144432525E-14,0.));
#14588=DIRECTION('center_axis',(1.,0.,0.));
#14589=DIRECTION('ref_axis',(0.,1.,0.));
#14590=DIRECTION('',(0.,1.,0.));
#14591=DIRECTION('',(0.,0.,1.));
#14592=DIRECTION('',(0.,1.,0.));
#14593=DIRECTION('center_axis',(0.,0.,1.));
#14594=DIRECTION('ref_axis',(0.,1.,0.));
#14595=DIRECTION('center_axis',(0.,0.,1.));
#14596=DIRECTION('ref_axis',(0.,1.,0.));
#14597=DIRECTION('center_axis',(0.,0.,-1.));
#14598=DIRECTION('ref_axis',(0.,1.,0.));
#14599=DIRECTION('center_axis',(1.,-4.38606627012407E-16,0.));
#14600=DIRECTION('ref_axis',(4.38606627012407E-16,1.,0.));
#14601=DIRECTION('',(0.,0.,1.));
#14602=DIRECTION('',(4.38606627012407E-16,1.,0.));
#14603=DIRECTION('',(-4.38606627012407E-16,-1.,0.));
#14604=DIRECTION('center_axis',(1.,-4.38606627012407E-16,0.));
#14605=DIRECTION('ref_axis',(4.38606627012407E-16,1.,0.));
#14606=DIRECTION('',(0.,0.,-1.));
#14607=DIRECTION('',(-4.38606627012407E-16,-1.,0.));
#14608=DIRECTION('',(4.38606627012407E-16,1.,0.));
#14609=DIRECTION('center_axis',(0.,0.,1.));
#14610=DIRECTION('ref_axis',(1.,0.,0.));
#14611=DIRECTION('',(-0.000295620151443618,-0.999999956304362,0.));
#14612=DIRECTION('center_axis',(0.,0.,-1.));
#14613=DIRECTION('ref_axis',(-1.10883524584437E-14,-1.,0.));
#14614=DIRECTION('center_axis',(0.,0.,-1.));
#14615=DIRECTION('ref_axis',(-1.10883524584437E-14,-1.,0.));
#14616=DIRECTION('center_axis',(0.,0.,1.));
#14617=DIRECTION('ref_axis',(-1.10883524584437E-14,-1.,0.));
#14618=DIRECTION('',(0.,0.,-1.));
#14619=DIRECTION('center_axis',(0.999999956304362,-0.000295620151443618,
0.));
#14620=DIRECTION('ref_axis',(-0.000295620151443618,-0.999999956304362,0.));
#14621=DIRECTION('',(-0.000295620151443618,-0.999999956304362,0.));
#14622=DIRECTION('center_axis',(0.,0.,1.));
#14623=DIRECTION('ref_axis',(1.,0.,0.));
#14624=DIRECTION('',(0.,0.,1.));
#14625=DIRECTION('',(1.,0.,0.));
#14626=DIRECTION('',(0.,0.,1.));
#14627=DIRECTION('',(1.,0.,0.));
#14628=CARTESIAN_POINT('',(0.,0.,0.));
#14629=CARTESIAN_POINT('',(0.,0.,0.));
#14630=CARTESIAN_POINT('',(0.,0.,0.));
#14631=CARTESIAN_POINT('Origin',(229.38125,-84.175,6.1));
#14632=CARTESIAN_POINT('',(229.88125,-84.175,6.1));
#14633=CARTESIAN_POINT('',(229.38125,-83.675,6.1));
#14634=CARTESIAN_POINT('Origin',(229.38125,-84.175,6.1));
#14635=CARTESIAN_POINT('',(229.38125,-83.675,4.6));
#14636=CARTESIAN_POINT('',(229.38125,-83.675,6.1));
#14637=CARTESIAN_POINT('',(229.88125,-84.175,4.6));
#14638=CARTESIAN_POINT('Origin',(229.38125,-84.175,4.6));
#14639=CARTESIAN_POINT('',(229.88125,-84.175,6.1));
#14640=CARTESIAN_POINT('Origin',(229.88125,-97.175,6.1));
#14641=CARTESIAN_POINT('',(229.88125,-97.175,6.1));
#14642=CARTESIAN_POINT('',(229.88125,-84.175,6.1));
#14643=CARTESIAN_POINT('',(229.88125,-97.175,4.6));
#14644=CARTESIAN_POINT('',(229.88125,-84.175,4.6));
#14645=CARTESIAN_POINT('',(229.88125,-97.175,6.1));
#14646=CARTESIAN_POINT('Origin',(229.38125,-97.175,6.1));
#14647=CARTESIAN_POINT('',(229.38125,-97.675,6.1));
#14648=CARTESIAN_POINT('Origin',(229.38125,-97.175,6.1));
#14649=CARTESIAN_POINT('',(229.38125,-97.675,4.6));
#14650=CARTESIAN_POINT('Origin',(229.38125,-97.175,4.6));
#14651=CARTESIAN_POINT('',(229.38125,-97.675,6.1));
#14652=CARTESIAN_POINT('Origin',(216.38125,-97.675,6.1));
#14653=CARTESIAN_POINT('',(216.38125,-97.675,6.1));
#14654=CARTESIAN_POINT('',(216.38125,-97.675,6.1));
#14655=CARTESIAN_POINT('',(216.38125,-97.675,4.6));
#14656=CARTESIAN_POINT('',(216.38125,-97.675,4.6));
#14657=CARTESIAN_POINT('',(216.38125,-97.675,6.1));
#14658=CARTESIAN_POINT('Origin',(216.38125,-97.175,6.1));
#14659=CARTESIAN_POINT('',(215.88125,-97.175,6.1));
#14660=CARTESIAN_POINT('Origin',(216.38125,-97.175,6.1));
#14661=CARTESIAN_POINT('',(215.88125,-97.175,4.6));
#14662=CARTESIAN_POINT('Origin',(216.38125,-97.175,4.6));
#14663=CARTESIAN_POINT('',(215.88125,-97.175,6.1));
#14664=CARTESIAN_POINT('Origin',(215.88125,-84.175,6.1));
#14665=CARTESIAN_POINT('',(215.88125,-84.175,6.1));
#14666=CARTESIAN_POINT('',(215.88125,-84.175,6.1));
#14667=CARTESIAN_POINT('',(215.88125,-84.175,4.6));
#14668=CARTESIAN_POINT('',(215.88125,-84.175,4.6));
#14669=CARTESIAN_POINT('',(215.88125,-84.175,6.1));
#14670=CARTESIAN_POINT('Origin',(216.38125,-84.175,6.1));
#14671=CARTESIAN_POINT('',(216.38125,-83.675,6.1));
#14672=CARTESIAN_POINT('Origin',(216.38125,-84.175,6.1));
#14673=CARTESIAN_POINT('',(216.38125,-83.675,4.6));
#14674=CARTESIAN_POINT('Origin',(216.38125,-84.175,4.6));
#14675=CARTESIAN_POINT('',(216.38125,-83.675,6.1));
#14676=CARTESIAN_POINT('Origin',(229.38125,-83.675,6.1));
#14677=CARTESIAN_POINT('',(216.38125,-83.675,6.1));
#14678=CARTESIAN_POINT('',(216.38125,-83.675,4.6));
#14679=CARTESIAN_POINT('Origin',(207.95,-84.175,6.1));
#14680=CARTESIAN_POINT('',(208.45,-84.175,6.1));
#14681=CARTESIAN_POINT('',(207.95,-83.675,6.1));
#14682=CARTESIAN_POINT('Origin',(207.95,-84.175,6.1));
#14683=CARTESIAN_POINT('',(207.95,-83.675,4.6));
#14684=CARTESIAN_POINT('',(207.95,-83.675,6.1));
#14685=CARTESIAN_POINT('',(208.45,-84.175,4.6));
#14686=CARTESIAN_POINT('Origin',(207.95,-84.175,4.6));
#14687=CARTESIAN_POINT('',(208.45,-84.175,6.1));
#14688=CARTESIAN_POINT('Origin',(208.45,-97.175,6.1));
#14689=CARTESIAN_POINT('',(208.45,-97.175,6.1));
#14690=CARTESIAN_POINT('',(208.45,-84.175,6.1));
#14691=CARTESIAN_POINT('',(208.45,-97.175,4.6));
#14692=CARTESIAN_POINT('',(208.45,-84.175,4.6));
#14693=CARTESIAN_POINT('',(208.45,-97.175,6.1));
#14694=CARTESIAN_POINT('Origin',(207.95,-97.175,6.1));
#14695=CARTESIAN_POINT('',(207.95,-97.675,6.1));
#14696=CARTESIAN_POINT('Origin',(207.95,-97.175,6.1));
#14697=CARTESIAN_POINT('',(207.95,-97.675,4.6));
#14698=CARTESIAN_POINT('Origin',(207.95,-97.175,4.6));
#14699=CARTESIAN_POINT('',(207.95,-97.675,6.1));
#14700=CARTESIAN_POINT('Origin',(194.95,-97.675,6.1));
#14701=CARTESIAN_POINT('',(194.95,-97.675,6.1));
#14702=CARTESIAN_POINT('',(194.95,-97.675,6.1));
#14703=CARTESIAN_POINT('',(194.95,-97.675,4.6));
#14704=CARTESIAN_POINT('',(194.95,-97.675,4.6));
#14705=CARTESIAN_POINT('',(194.95,-97.675,6.1));
#14706=CARTESIAN_POINT('Origin',(194.95,-97.175,6.1));
#14707=CARTESIAN_POINT('',(194.45,-97.175,6.1));
#14708=CARTESIAN_POINT('Origin',(194.95,-97.175,6.1));
#14709=CARTESIAN_POINT('',(194.45,-97.175,4.6));
#14710=CARTESIAN_POINT('Origin',(194.95,-97.175,4.6));
#14711=CARTESIAN_POINT('',(194.45,-97.175,6.1));
#14712=CARTESIAN_POINT('Origin',(194.45,-84.175,6.1));
#14713=CARTESIAN_POINT('',(194.45,-84.175,6.1));
#14714=CARTESIAN_POINT('',(194.45,-84.175,6.1));
#14715=CARTESIAN_POINT('',(194.45,-84.175,4.6));
#14716=CARTESIAN_POINT('',(194.45,-84.175,4.6));
#14717=CARTESIAN_POINT('',(194.45,-84.175,6.1));
#14718=CARTESIAN_POINT('Origin',(194.95,-84.175,6.1));
#14719=CARTESIAN_POINT('',(194.95,-83.675,6.1));
#14720=CARTESIAN_POINT('Origin',(194.95,-84.175,6.1));
#14721=CARTESIAN_POINT('',(194.95,-83.675,4.6));
#14722=CARTESIAN_POINT('Origin',(194.95,-84.175,4.6));
#14723=CARTESIAN_POINT('',(194.95,-83.675,6.1));
#14724=CARTESIAN_POINT('Origin',(207.95,-83.675,6.1));
#14725=CARTESIAN_POINT('',(194.95,-83.675,6.1));
#14726=CARTESIAN_POINT('',(194.95,-83.675,4.6));
#14727=CARTESIAN_POINT('Origin',(188.1404,-96.779,6.1));
#14728=CARTESIAN_POINT('',(188.1404,-96.779,6.1));
#14729=CARTESIAN_POINT('',(188.1404,-91.683,6.1));
#14730=CARTESIAN_POINT('',(188.1404,-96.779,6.1));
#14731=CARTESIAN_POINT('',(188.1404,-91.683,4.6));
#14732=CARTESIAN_POINT('',(188.1404,-91.683,6.1));
#14733=CARTESIAN_POINT('',(188.1404,-96.779,4.6));
#14734=CARTESIAN_POINT('',(188.1404,-96.779,4.6));
#14735=CARTESIAN_POINT('',(188.1404,-96.779,6.1));
#14736=CARTESIAN_POINT('Origin',(187.6404,-96.779,6.1));
#14737=CARTESIAN_POINT('',(187.6404,-97.279,6.1));
#14738=CARTESIAN_POINT('Origin',(187.6404,-96.779,6.1));
#14739=CARTESIAN_POINT('',(187.6404,-97.279,4.6));
#14740=CARTESIAN_POINT('Origin',(187.6404,-96.779,4.6));
#14741=CARTESIAN_POINT('',(187.6404,-97.279,6.1));
#14742=CARTESIAN_POINT('Origin',(186.837,-97.279,6.1));
#14743=CARTESIAN_POINT('',(186.837,-97.279,6.1));
#14744=CARTESIAN_POINT('',(186.837,-97.279,6.1));
#14745=CARTESIAN_POINT('',(186.837,-97.279,4.6));
#14746=CARTESIAN_POINT('',(186.837,-97.279,4.6));
#14747=CARTESIAN_POINT('',(186.837,-97.279,6.1));
#14748=CARTESIAN_POINT('Origin',(186.837,-97.779,6.1));
#14749=CARTESIAN_POINT('',(186.337,-97.779,6.1));
#14750=CARTESIAN_POINT('Origin',(186.837,-97.779,6.1));
#14751=CARTESIAN_POINT('',(186.337,-97.779,4.6));
#14752=CARTESIAN_POINT('Origin',(186.837,-97.779,4.6));
#14753=CARTESIAN_POINT('',(186.337,-97.779,6.1));
#14754=CARTESIAN_POINT('Origin',(186.337,-97.9474,6.1));
#14755=CARTESIAN_POINT('',(186.337,-97.9474,6.1));
#14756=CARTESIAN_POINT('',(186.337,-97.9474,6.1));
#14757=CARTESIAN_POINT('',(186.337,-97.9474,4.6));
#14758=CARTESIAN_POINT('',(186.337,-97.9474,4.6));
#14759=CARTESIAN_POINT('',(186.337,-97.9474,6.1));
#14760=CARTESIAN_POINT('Origin',(185.837,-97.9474,6.1));
#14761=CARTESIAN_POINT('',(185.837,-98.4474,6.1));
#14762=CARTESIAN_POINT('Origin',(185.837,-97.9474,6.1));
#14763=CARTESIAN_POINT('',(185.837,-98.4474,4.6));
#14764=CARTESIAN_POINT('Origin',(185.837,-97.9474,4.6));
#14765=CARTESIAN_POINT('',(185.837,-98.4474,6.1));
#14766=CARTESIAN_POINT('Origin',(183.789,-98.4474,6.1));
#14767=CARTESIAN_POINT('',(183.789,-98.4474,6.1));
#14768=CARTESIAN_POINT('',(183.789,-98.4474,6.1));
#14769=CARTESIAN_POINT('',(183.789,-98.4474,4.6));
#14770=CARTESIAN_POINT('',(183.789,-98.4474,4.6));
#14771=CARTESIAN_POINT('',(183.789,-98.4474,6.1));
#14772=CARTESIAN_POINT('Origin',(183.789,-97.9474,6.1));
#14773=CARTESIAN_POINT('',(183.289,-97.9474,6.1));
#14774=CARTESIAN_POINT('Origin',(183.789,-97.9474,6.1));
#14775=CARTESIAN_POINT('',(183.289,-97.9474,4.6));
#14776=CARTESIAN_POINT('Origin',(183.789,-97.9474,4.6));
#14777=CARTESIAN_POINT('',(183.289,-97.9474,6.1));
#14778=CARTESIAN_POINT('Origin',(183.289,-97.779,6.1));
#14779=CARTESIAN_POINT('',(183.289,-97.779,6.1));
#14780=CARTESIAN_POINT('',(183.289,-97.779,6.1));
#14781=CARTESIAN_POINT('',(183.289,-97.779,4.6));
#14782=CARTESIAN_POINT('',(183.289,-97.779,4.6));
#14783=CARTESIAN_POINT('',(183.289,-97.779,6.1));
#14784=CARTESIAN_POINT('Origin',(182.789,-97.779,6.1));
#14785=CARTESIAN_POINT('',(182.789,-97.279,6.1));
#14786=CARTESIAN_POINT('Origin',(182.789,-97.779,6.1));
#14787=CARTESIAN_POINT('',(182.789,-97.279,4.6));
#14788=CARTESIAN_POINT('Origin',(182.789,-97.779,4.6));
#14789=CARTESIAN_POINT('',(182.789,-97.279,6.1));
#14790=CARTESIAN_POINT('Origin',(181.4856,-97.279,6.1));
#14791=CARTESIAN_POINT('',(181.4856,-97.279,6.1));
#14792=CARTESIAN_POINT('',(181.4856,-97.279,6.1));
#14793=CARTESIAN_POINT('',(181.4856,-97.279,4.6));
#14794=CARTESIAN_POINT('',(181.4856,-97.279,4.6));
#14795=CARTESIAN_POINT('',(181.4856,-97.279,6.1));
#14796=CARTESIAN_POINT('Origin',(181.4856,-96.9916,6.1));
#14797=CARTESIAN_POINT('',(181.4856,-96.9916,6.1));
#14798=CARTESIAN_POINT('',(181.4856,-96.9916,6.1));
#14799=CARTESIAN_POINT('',(181.4856,-96.9916,4.6));
#14800=CARTESIAN_POINT('',(181.4856,-96.9916,4.6));
#14801=CARTESIAN_POINT('',(181.4856,-96.9916,6.1));
#14802=CARTESIAN_POINT('Origin',(180.9856,-96.9916,6.1));
#14803=CARTESIAN_POINT('',(180.9856,-96.4916,6.1));
#14804=CARTESIAN_POINT('Origin',(180.9856,-96.9916,6.1));
#14805=CARTESIAN_POINT('',(180.9856,-96.4916,4.6));
#14806=CARTESIAN_POINT('Origin',(180.9856,-96.9916,4.6));
#14807=CARTESIAN_POINT('',(180.9856,-96.4916,6.1));
#14808=CARTESIAN_POINT('Origin',(179.875,-96.4916,6.1));
#14809=CARTESIAN_POINT('',(179.875,-96.4916,6.1));
#14810=CARTESIAN_POINT('',(172.875,-96.4916,6.1));
#14811=CARTESIAN_POINT('',(179.875,-96.4916,4.6));
#14812=CARTESIAN_POINT('',(172.875,-96.4916,4.6));
#14813=CARTESIAN_POINT('',(179.875,-96.4916,6.1));
#14814=CARTESIAN_POINT('Origin',(179.875,-97.175,6.1));
#14815=CARTESIAN_POINT('',(179.875,-97.175,6.1));
#14816=CARTESIAN_POINT('',(179.875,-84.175,6.1));
#14817=CARTESIAN_POINT('',(179.875,-97.175,4.6));
#14818=CARTESIAN_POINT('',(179.875,-84.175,4.6));
#14819=CARTESIAN_POINT('',(179.875,-97.175,6.1));
#14820=CARTESIAN_POINT('Origin',(179.375,-97.175,6.1));
#14821=CARTESIAN_POINT('',(179.375,-97.675,6.1));
#14822=CARTESIAN_POINT('Origin',(179.375,-97.175,6.1));
#14823=CARTESIAN_POINT('',(179.375,-97.675,4.6));
#14824=CARTESIAN_POINT('Origin',(179.375,-97.175,4.6));
#14825=CARTESIAN_POINT('',(179.375,-97.675,6.1));
#14826=CARTESIAN_POINT('Origin',(166.375,-97.675,6.1));
#14827=CARTESIAN_POINT('',(166.375,-97.675,6.1));
#14828=CARTESIAN_POINT('',(166.375,-97.675,6.1));
#14829=CARTESIAN_POINT('',(166.375,-97.675,4.6));
#14830=CARTESIAN_POINT('',(166.375,-97.675,4.6));
#14831=CARTESIAN_POINT('',(166.375,-97.675,6.1));
#14832=CARTESIAN_POINT('Origin',(166.375,-97.175,6.1));
#14833=CARTESIAN_POINT('',(165.875,-97.175,6.1));
#14834=CARTESIAN_POINT('Origin',(166.375,-97.175,6.1));
#14835=CARTESIAN_POINT('',(165.875,-97.175,4.6));
#14836=CARTESIAN_POINT('Origin',(166.375,-97.175,4.6));
#14837=CARTESIAN_POINT('',(165.875,-97.175,6.1));
#14838=CARTESIAN_POINT('Origin',(165.875,-96.4916,6.1));
#14839=CARTESIAN_POINT('',(165.875,-96.4916,6.1));
#14840=CARTESIAN_POINT('',(165.875,-84.175,6.1));
#14841=CARTESIAN_POINT('',(165.875,-96.4916,4.6));
#14842=CARTESIAN_POINT('',(165.875,-84.175,4.6));
#14843=CARTESIAN_POINT('',(165.875,-96.4916,6.1));
#14844=CARTESIAN_POINT('Origin',(164.7644,-96.4916,6.1));
#14845=CARTESIAN_POINT('',(164.7644,-96.4916,6.1));
#14846=CARTESIAN_POINT('',(172.875,-96.4916,6.1));
#14847=CARTESIAN_POINT('',(164.7644,-96.4916,4.6));
#14848=CARTESIAN_POINT('',(172.875,-96.4916,4.6));
#14849=CARTESIAN_POINT('',(164.7644,-96.4916,6.1));
#14850=CARTESIAN_POINT('Origin',(164.7644,-96.9916,6.1));
#14851=CARTESIAN_POINT('',(164.2644,-96.9916,6.1));
#14852=CARTESIAN_POINT('Origin',(164.7644,-96.9916,6.1));
#14853=CARTESIAN_POINT('',(164.2644,-96.9916,4.6));
#14854=CARTESIAN_POINT('Origin',(164.7644,-96.9916,4.6));
#14855=CARTESIAN_POINT('',(164.2644,-96.9916,6.1));
#14856=CARTESIAN_POINT('Origin',(164.2644,-97.279,6.1));
#14857=CARTESIAN_POINT('',(164.2644,-97.279,6.1));
#14858=CARTESIAN_POINT('',(164.2644,-96.9916,6.1));
#14859=CARTESIAN_POINT('',(164.2644,-97.279,4.6));
#14860=CARTESIAN_POINT('',(164.2644,-96.9916,4.6));
#14861=CARTESIAN_POINT('',(164.2644,-97.279,6.1));
#14862=CARTESIAN_POINT('Origin',(162.961,-97.279,6.1));
#14863=CARTESIAN_POINT('',(162.961,-97.279,6.1));
#14864=CARTESIAN_POINT('',(164.2644,-97.279,6.1));
#14865=CARTESIAN_POINT('',(162.961,-97.279,4.6));
#14866=CARTESIAN_POINT('',(164.2644,-97.279,4.6));
#14867=CARTESIAN_POINT('',(162.961,-97.279,6.1));
#14868=CARTESIAN_POINT('Origin',(162.961,-97.779,6.1));
#14869=CARTESIAN_POINT('',(162.461,-97.779,6.1));
#14870=CARTESIAN_POINT('Origin',(162.961,-97.779,6.1));
#14871=CARTESIAN_POINT('',(162.461,-97.779,4.6));
#14872=CARTESIAN_POINT('Origin',(162.961,-97.779,4.6));
#14873=CARTESIAN_POINT('',(162.461,-97.779,6.1));
#14874=CARTESIAN_POINT('Origin',(162.461,-97.9474,6.1));
#14875=CARTESIAN_POINT('',(162.461,-97.9474,6.1));
#14876=CARTESIAN_POINT('',(162.461,-97.779,6.1));
#14877=CARTESIAN_POINT('',(162.461,-97.9474,4.6));
#14878=CARTESIAN_POINT('',(162.461,-97.779,4.6));
#14879=CARTESIAN_POINT('',(162.461,-97.9474,6.1));
#14880=CARTESIAN_POINT('Origin',(161.961,-97.9474,6.1));
#14881=CARTESIAN_POINT('',(161.961,-98.4474,6.1));
#14882=CARTESIAN_POINT('Origin',(161.961,-97.9474,6.1));
#14883=CARTESIAN_POINT('',(161.961,-98.4474,4.6));
#14884=CARTESIAN_POINT('Origin',(161.961,-97.9474,4.6));
#14885=CARTESIAN_POINT('',(161.961,-98.4474,6.1));
#14886=CARTESIAN_POINT('Origin',(159.913,-98.4474,6.1));
#14887=CARTESIAN_POINT('',(159.913,-98.4474,6.1));
#14888=CARTESIAN_POINT('',(161.961,-98.4474,6.1));
#14889=CARTESIAN_POINT('',(159.913,-98.4474,4.6));
#14890=CARTESIAN_POINT('',(161.961,-98.4474,4.6));
#14891=CARTESIAN_POINT('',(159.913,-98.4474,6.1));
#14892=CARTESIAN_POINT('Origin',(159.913,-97.9474,6.1));
#14893=CARTESIAN_POINT('',(159.413,-97.9474,6.1));
#14894=CARTESIAN_POINT('Origin',(159.913,-97.9474,6.1));
#14895=CARTESIAN_POINT('',(159.413,-97.9474,4.6));
#14896=CARTESIAN_POINT('Origin',(159.913,-97.9474,4.6));
#14897=CARTESIAN_POINT('',(159.413,-97.9474,6.1));
#14898=CARTESIAN_POINT('Origin',(159.413,-97.779,6.1));
#14899=CARTESIAN_POINT('',(159.413,-97.779,6.1));
#14900=CARTESIAN_POINT('',(159.413,-97.9474,6.1));
#14901=CARTESIAN_POINT('',(159.413,-97.779,4.6));
#14902=CARTESIAN_POINT('',(159.413,-97.9474,4.6));
#14903=CARTESIAN_POINT('',(159.413,-97.779,6.1));
#14904=CARTESIAN_POINT('Origin',(158.913,-97.779,6.1));
#14905=CARTESIAN_POINT('',(158.913,-97.279,6.1));
#14906=CARTESIAN_POINT('Origin',(158.913,-97.779,6.1));
#14907=CARTESIAN_POINT('',(158.913,-97.279,4.6));
#14908=CARTESIAN_POINT('Origin',(158.913,-97.779,4.6));
#14909=CARTESIAN_POINT('',(158.913,-97.279,6.1));
#14910=CARTESIAN_POINT('Origin',(158.1096,-97.279,6.1));
#14911=CARTESIAN_POINT('',(158.1096,-97.279,6.1));
#14912=CARTESIAN_POINT('',(158.913,-97.279,6.1));
#14913=CARTESIAN_POINT('',(158.1096,-97.279,4.6));
#14914=CARTESIAN_POINT('',(158.913,-97.279,4.6));
#14915=CARTESIAN_POINT('',(158.1096,-97.279,6.1));
#14916=CARTESIAN_POINT('Origin',(158.1096,-96.779,6.1));
#14917=CARTESIAN_POINT('',(157.6096,-96.779,6.1));
#14918=CARTESIAN_POINT('Origin',(158.1096,-96.779,6.1));
#14919=CARTESIAN_POINT('',(157.6096,-96.779,4.6));
#14920=CARTESIAN_POINT('Origin',(158.1096,-96.779,4.6));
#14921=CARTESIAN_POINT('',(157.6096,-96.779,6.1));
#14922=CARTESIAN_POINT('Origin',(157.6096,-91.683,6.1));
#14923=CARTESIAN_POINT('',(157.6096,-91.683,6.1));
#14924=CARTESIAN_POINT('',(157.6096,-96.779,6.1));
#14925=CARTESIAN_POINT('',(157.6096,-91.683,4.6));
#14926=CARTESIAN_POINT('',(157.6096,-96.779,4.6));
#14927=CARTESIAN_POINT('',(157.6096,-91.683,6.1));
#14928=CARTESIAN_POINT('Origin',(157.1096,-91.683,6.1));
#14929=CARTESIAN_POINT('',(157.1096,-91.183,6.1));
#14930=CARTESIAN_POINT('Origin',(157.1096,-91.683,6.1));
#14931=CARTESIAN_POINT('',(157.1096,-91.183,4.6));
#14932=CARTESIAN_POINT('Origin',(157.1096,-91.683,4.6));
#14933=CARTESIAN_POINT('',(157.1096,-91.183,6.1));
#14934=CARTESIAN_POINT('Origin',(156.746,-91.183,6.1));
#14935=CARTESIAN_POINT('',(156.746,-91.183,6.1));
#14936=CARTESIAN_POINT('',(157.1096,-91.183,6.1));
#14937=CARTESIAN_POINT('',(156.746,-91.183,4.6));
#14938=CARTESIAN_POINT('',(157.1096,-91.183,4.6));
#14939=CARTESIAN_POINT('',(156.746,-91.183,6.1));
#14940=CARTESIAN_POINT('Origin',(156.746,-88.889,6.1));
#14941=CARTESIAN_POINT('',(156.746,-88.889,6.1));
#14942=CARTESIAN_POINT('',(156.746,-91.183,6.1));
#14943=CARTESIAN_POINT('',(156.746,-88.889,4.6));
#14944=CARTESIAN_POINT('',(156.746,-91.183,4.6));
#14945=CARTESIAN_POINT('',(156.746,-88.889,6.1));
#14946=CARTESIAN_POINT('Origin',(157.246,-88.889,6.1));
#14947=CARTESIAN_POINT('',(157.246,-88.389,6.1));
#14948=CARTESIAN_POINT('Origin',(157.246,-88.889,6.1));
#14949=CARTESIAN_POINT('',(157.246,-88.389,4.6));
#14950=CARTESIAN_POINT('Origin',(157.246,-88.889,4.6));
#14951=CARTESIAN_POINT('',(157.246,-88.389,6.1));
#14952=CARTESIAN_POINT('Origin',(157.6096,-88.389,6.1));
#14953=CARTESIAN_POINT('',(157.6096,-88.389,6.1));
#14954=CARTESIAN_POINT('',(157.246,-88.389,6.1));
#14955=CARTESIAN_POINT('',(157.6096,-88.389,4.6));
#14956=CARTESIAN_POINT('',(157.246,-88.389,4.6));
#14957=CARTESIAN_POINT('',(157.6096,-88.389,6.1));
#14958=CARTESIAN_POINT('Origin',(157.6096,-85.4854,6.1));
#14959=CARTESIAN_POINT('',(157.6096,-85.4854,6.1));
#14960=CARTESIAN_POINT('',(157.6096,-88.389,6.1));
#14961=CARTESIAN_POINT('',(157.6096,-85.4854,4.6));
#14962=CARTESIAN_POINT('',(157.6096,-88.389,4.6));
#14963=CARTESIAN_POINT('',(157.6096,-85.4854,6.1));
#14964=CARTESIAN_POINT('Origin',(158.1096,-85.4854,6.1));
#14965=CARTESIAN_POINT('',(158.1096,-84.9854,6.1));
#14966=CARTESIAN_POINT('Origin',(158.1096,-85.4854,6.1));
#14967=CARTESIAN_POINT('',(158.1096,-84.9854,4.6));
#14968=CARTESIAN_POINT('Origin',(158.1096,-85.4854,4.6));
#14969=CARTESIAN_POINT('',(158.1096,-84.9854,6.1));
#14970=CARTESIAN_POINT('Origin',(163.7644,-84.9854,6.1));
#14971=CARTESIAN_POINT('',(163.7644,-84.9854,6.1));
#14972=CARTESIAN_POINT('',(158.1096,-84.9854,6.1));
#14973=CARTESIAN_POINT('',(163.7644,-84.9854,4.6));
#14974=CARTESIAN_POINT('',(158.1096,-84.9854,4.6));
#14975=CARTESIAN_POINT('',(163.7644,-84.9854,6.1));
#14976=CARTESIAN_POINT('Origin',(163.7644,-85.4854,6.1));
#14977=CARTESIAN_POINT('',(164.2644,-85.4854,6.1));
#14978=CARTESIAN_POINT('Origin',(163.7644,-85.4854,6.1));
#14979=CARTESIAN_POINT('',(164.2644,-85.4854,4.6));
#14980=CARTESIAN_POINT('Origin',(163.7644,-85.4854,4.6));
#14981=CARTESIAN_POINT('',(164.2644,-85.4854,6.1));
#14982=CARTESIAN_POINT('Origin',(164.2644,-85.7982,6.1));
#14983=CARTESIAN_POINT('',(164.2644,-85.7982,6.1));
#14984=CARTESIAN_POINT('',(164.2644,-85.4854,6.1));
#14985=CARTESIAN_POINT('',(164.2644,-85.7982,4.6));
#14986=CARTESIAN_POINT('',(164.2644,-85.4854,4.6));
#14987=CARTESIAN_POINT('',(164.2644,-85.7982,6.1));
#14988=CARTESIAN_POINT('Origin',(165.875,-85.7982,6.1));
#14989=CARTESIAN_POINT('',(165.875,-85.7982,6.1));
#14990=CARTESIAN_POINT('',(164.2644,-85.7982,6.1));
#14991=CARTESIAN_POINT('',(165.875,-85.7982,4.6));
#14992=CARTESIAN_POINT('',(164.2644,-85.7982,4.6));
#14993=CARTESIAN_POINT('',(165.875,-85.7982,6.1));
#14994=CARTESIAN_POINT('Origin',(165.875,-84.175,6.1));
#14995=CARTESIAN_POINT('',(165.875,-84.175,6.1));
#14996=CARTESIAN_POINT('',(165.875,-84.175,6.1));
#14997=CARTESIAN_POINT('',(165.875,-84.175,4.6));
#14998=CARTESIAN_POINT('',(165.875,-84.175,4.6));
#14999=CARTESIAN_POINT('',(165.875,-84.175,6.1));
#15000=CARTESIAN_POINT('Origin',(166.375,-84.175,6.1));
#15001=CARTESIAN_POINT('',(166.375,-83.675,6.1));
#15002=CARTESIAN_POINT('Origin',(166.375,-84.175,6.1));
#15003=CARTESIAN_POINT('',(166.375,-83.675,4.6));
#15004=CARTESIAN_POINT('Origin',(166.375,-84.175,4.6));
#15005=CARTESIAN_POINT('',(166.375,-83.675,6.1));
#15006=CARTESIAN_POINT('Origin',(179.375,-83.675,6.1));
#15007=CARTESIAN_POINT('',(179.375,-83.675,6.1));
#15008=CARTESIAN_POINT('',(166.375,-83.675,6.1));
#15009=CARTESIAN_POINT('',(179.375,-83.675,4.6));
#15010=CARTESIAN_POINT('',(166.375,-83.675,4.6));
#15011=CARTESIAN_POINT('',(179.375,-83.675,6.1));
#15012=CARTESIAN_POINT('Origin',(179.375,-84.175,6.1));
#15013=CARTESIAN_POINT('',(179.875,-84.175,6.1));
#15014=CARTESIAN_POINT('Origin',(179.375,-84.175,6.1));
#15015=CARTESIAN_POINT('',(179.875,-84.175,4.6));
#15016=CARTESIAN_POINT('Origin',(179.375,-84.175,4.6));
#15017=CARTESIAN_POINT('',(179.875,-84.175,6.1));
#15018=CARTESIAN_POINT('Origin',(179.875,-85.7982,6.1));
#15019=CARTESIAN_POINT('',(179.875,-85.7982,6.1));
#15020=CARTESIAN_POINT('',(179.875,-84.175,6.1));
#15021=CARTESIAN_POINT('',(179.875,-85.7982,4.6));
#15022=CARTESIAN_POINT('',(179.875,-84.175,4.6));
#15023=CARTESIAN_POINT('',(179.875,-85.7982,6.1));
#15024=CARTESIAN_POINT('Origin',(181.4856,-85.7982,6.1));
#15025=CARTESIAN_POINT('',(181.4856,-85.7982,6.1));
#15026=CARTESIAN_POINT('',(181.4856,-85.7982,6.1));
#15027=CARTESIAN_POINT('',(181.4856,-85.7982,4.6));
#15028=CARTESIAN_POINT('',(181.4856,-85.7982,4.6));
#15029=CARTESIAN_POINT('',(181.4856,-85.7982,6.1));
#15030=CARTESIAN_POINT('Origin',(181.4856,-85.4854,6.1));
#15031=CARTESIAN_POINT('',(181.4856,-85.4854,6.1));
#15032=CARTESIAN_POINT('',(181.4856,-85.4854,6.1));
#15033=CARTESIAN_POINT('',(181.4856,-85.4854,4.6));
#15034=CARTESIAN_POINT('',(181.4856,-85.4854,4.6));
#15035=CARTESIAN_POINT('',(181.4856,-85.4854,6.1));
#15036=CARTESIAN_POINT('Origin',(181.9856,-85.4854,6.1));
#15037=CARTESIAN_POINT('',(181.9856,-84.9854,6.1));
#15038=CARTESIAN_POINT('Origin',(181.9856,-85.4854,6.1));
#15039=CARTESIAN_POINT('',(181.9856,-84.9854,4.6));
#15040=CARTESIAN_POINT('Origin',(181.9856,-85.4854,4.6));
#15041=CARTESIAN_POINT('',(181.9856,-84.9854,6.1));
#15042=CARTESIAN_POINT('Origin',(187.6404,-84.9854,6.1));
#15043=CARTESIAN_POINT('',(187.6404,-84.9854,6.1));
#15044=CARTESIAN_POINT('',(187.6404,-84.9854,6.1));
#15045=CARTESIAN_POINT('',(187.6404,-84.9854,4.6));
#15046=CARTESIAN_POINT('',(187.6404,-84.9854,4.6));
#15047=CARTESIAN_POINT('',(187.6404,-84.9854,6.1));
#15048=CARTESIAN_POINT('Origin',(187.6404,-85.4854,6.1));
#15049=CARTESIAN_POINT('',(188.1404,-85.4854,6.1));
#15050=CARTESIAN_POINT('Origin',(187.6404,-85.4854,6.1));
#15051=CARTESIAN_POINT('',(188.1404,-85.4854,4.6));
#15052=CARTESIAN_POINT('Origin',(187.6404,-85.4854,4.6));
#15053=CARTESIAN_POINT('',(188.1404,-85.4854,6.1));
#15054=CARTESIAN_POINT('Origin',(188.1404,-88.389,6.1));
#15055=CARTESIAN_POINT('',(188.1404,-88.389,6.1));
#15056=CARTESIAN_POINT('',(188.1404,-88.389,6.1));
#15057=CARTESIAN_POINT('',(188.1404,-88.389,4.6));
#15058=CARTESIAN_POINT('',(188.1404,-88.389,4.6));
#15059=CARTESIAN_POINT('',(188.1404,-88.389,6.1));
#15060=CARTESIAN_POINT('Origin',(188.504,-88.389,6.1));
#15061=CARTESIAN_POINT('',(188.504,-88.389,6.1));
#15062=CARTESIAN_POINT('',(188.504,-88.389,6.1));
#15063=CARTESIAN_POINT('',(188.504,-88.389,4.6));
#15064=CARTESIAN_POINT('',(188.504,-88.389,4.6));
#15065=CARTESIAN_POINT('',(188.504,-88.389,6.1));
#15066=CARTESIAN_POINT('Origin',(188.504,-88.889,6.1));
#15067=CARTESIAN_POINT('',(189.004,-88.889,6.1));
#15068=CARTESIAN_POINT('Origin',(188.504,-88.889,6.1));
#15069=CARTESIAN_POINT('',(189.004,-88.889,4.6));
#15070=CARTESIAN_POINT('Origin',(188.504,-88.889,4.6));
#15071=CARTESIAN_POINT('',(189.004,-88.889,6.1));
#15072=CARTESIAN_POINT('Origin',(189.004,-91.183,6.1));
#15073=CARTESIAN_POINT('',(189.004,-91.183,6.1));
#15074=CARTESIAN_POINT('',(189.004,-91.183,6.1));
#15075=CARTESIAN_POINT('',(189.004,-91.183,4.6));
#15076=CARTESIAN_POINT('',(189.004,-91.183,4.6));
#15077=CARTESIAN_POINT('',(189.004,-91.183,6.1));
#15078=CARTESIAN_POINT('Origin',(188.6404,-91.183,6.1));
#15079=CARTESIAN_POINT('',(188.6404,-91.183,6.1));
#15080=CARTESIAN_POINT('',(188.6404,-91.183,6.1));
#15081=CARTESIAN_POINT('',(188.6404,-91.183,4.6));
#15082=CARTESIAN_POINT('',(188.6404,-91.183,4.6));
#15083=CARTESIAN_POINT('',(188.6404,-91.183,6.1));
#15084=CARTESIAN_POINT('Origin',(188.6404,-91.683,6.1));
#15085=CARTESIAN_POINT('Origin',(188.6404,-91.683,6.1));
#15086=CARTESIAN_POINT('Origin',(188.6404,-91.683,4.6));
#15087=CARTESIAN_POINT('Origin',(150.8,-84.175,6.1));
#15088=CARTESIAN_POINT('',(151.3,-84.175,6.1));
#15089=CARTESIAN_POINT('',(150.8,-83.675,6.1));
#15090=CARTESIAN_POINT('Origin',(150.8,-84.175,6.1));
#15091=CARTESIAN_POINT('',(150.8,-83.675,4.6));
#15092=CARTESIAN_POINT('',(150.8,-83.675,6.1));
#15093=CARTESIAN_POINT('',(151.3,-84.175,4.6));
#15094=CARTESIAN_POINT('Origin',(150.8,-84.175,4.6));
#15095=CARTESIAN_POINT('',(151.3,-84.175,6.1));
#15096=CARTESIAN_POINT('Origin',(151.3,-97.175,6.1));
#15097=CARTESIAN_POINT('',(151.3,-97.175,6.1));
#15098=CARTESIAN_POINT('',(151.3,-84.175,6.1));
#15099=CARTESIAN_POINT('',(151.3,-97.175,4.6));
#15100=CARTESIAN_POINT('',(151.3,-84.175,4.6));
#15101=CARTESIAN_POINT('',(151.3,-97.175,6.1));
#15102=CARTESIAN_POINT('Origin',(150.8,-97.175,6.1));
#15103=CARTESIAN_POINT('',(150.8,-97.675,6.1));
#15104=CARTESIAN_POINT('Origin',(150.8,-97.175,6.1));
#15105=CARTESIAN_POINT('',(150.8,-97.675,4.6));
#15106=CARTESIAN_POINT('Origin',(150.8,-97.175,4.6));
#15107=CARTESIAN_POINT('',(150.8,-97.675,6.1));
#15108=CARTESIAN_POINT('Origin',(137.8,-97.675,6.1));
#15109=CARTESIAN_POINT('',(137.8,-97.675,6.1));
#15110=CARTESIAN_POINT('',(137.8,-97.675,6.1));
#15111=CARTESIAN_POINT('',(137.8,-97.675,4.6));
#15112=CARTESIAN_POINT('',(137.8,-97.675,4.6));
#15113=CARTESIAN_POINT('',(137.8,-97.675,6.1));
#15114=CARTESIAN_POINT('Origin',(137.8,-97.175,6.1));
#15115=CARTESIAN_POINT('',(137.3,-97.175,6.1));
#15116=CARTESIAN_POINT('Origin',(137.8,-97.175,6.1));
#15117=CARTESIAN_POINT('',(137.3,-97.175,4.6));
#15118=CARTESIAN_POINT('Origin',(137.8,-97.175,4.6));
#15119=CARTESIAN_POINT('',(137.3,-97.175,6.1));
#15120=CARTESIAN_POINT('Origin',(137.3,-84.175,6.1));
#15121=CARTESIAN_POINT('',(137.3,-84.175,6.1));
#15122=CARTESIAN_POINT('',(137.3,-84.175,6.1));
#15123=CARTESIAN_POINT('',(137.3,-84.175,4.6));
#15124=CARTESIAN_POINT('',(137.3,-84.175,4.6));
#15125=CARTESIAN_POINT('',(137.3,-84.175,6.1));
#15126=CARTESIAN_POINT('Origin',(137.8,-84.175,6.1));
#15127=CARTESIAN_POINT('',(137.8,-83.675,6.1));
#15128=CARTESIAN_POINT('Origin',(137.8,-84.175,6.1));
#15129=CARTESIAN_POINT('',(137.8,-83.675,4.6));
#15130=CARTESIAN_POINT('Origin',(137.8,-84.175,4.6));
#15131=CARTESIAN_POINT('',(137.8,-83.675,6.1));
#15132=CARTESIAN_POINT('Origin',(150.8,-83.675,6.1));
#15133=CARTESIAN_POINT('',(137.8,-83.675,6.1));
#15134=CARTESIAN_POINT('',(137.8,-83.675,4.6));
#15135=CARTESIAN_POINT('Origin',(122.725,-96.4916,6.1));
#15136=CARTESIAN_POINT('',(122.725,-96.4916,6.1));
#15137=CARTESIAN_POINT('',(123.8356,-96.4916,6.1));
#15138=CARTESIAN_POINT('',(115.725,-96.4916,6.1));
#15139=CARTESIAN_POINT('',(123.8356,-96.4916,4.6));
#15140=CARTESIAN_POINT('',(123.8356,-96.4916,6.1));
#15141=CARTESIAN_POINT('',(122.725,-96.4916,4.6));
#15142=CARTESIAN_POINT('',(115.725,-96.4916,4.6));
#15143=CARTESIAN_POINT('',(122.725,-96.4916,6.1));
#15144=CARTESIAN_POINT('Origin',(122.725,-97.175,6.1));
#15145=CARTESIAN_POINT('',(122.725,-97.175,6.1));
#15146=CARTESIAN_POINT('',(122.725,-84.175,6.1));
#15147=CARTESIAN_POINT('',(122.725,-97.175,4.6));
#15148=CARTESIAN_POINT('',(122.725,-84.175,4.6));
#15149=CARTESIAN_POINT('',(122.725,-97.175,6.1));
#15150=CARTESIAN_POINT('Origin',(122.225,-97.175,6.1));
#15151=CARTESIAN_POINT('',(122.225,-97.675,6.1));
#15152=CARTESIAN_POINT('Origin',(122.225,-97.175,6.1));
#15153=CARTESIAN_POINT('',(122.225,-97.675,4.6));
#15154=CARTESIAN_POINT('Origin',(122.225,-97.175,4.6));
#15155=CARTESIAN_POINT('',(122.225,-97.675,6.1));
#15156=CARTESIAN_POINT('Origin',(109.225,-97.675,6.1));
#15157=CARTESIAN_POINT('',(109.225,-97.675,6.1));
#15158=CARTESIAN_POINT('',(109.225,-97.675,6.1));
#15159=CARTESIAN_POINT('',(109.225,-97.675,4.6));
#15160=CARTESIAN_POINT('',(109.225,-97.675,4.6));
#15161=CARTESIAN_POINT('',(109.225,-97.675,6.1));
#15162=CARTESIAN_POINT('Origin',(109.225,-97.175,6.1));
#15163=CARTESIAN_POINT('',(108.725,-97.175,6.1));
#15164=CARTESIAN_POINT('Origin',(109.225,-97.175,6.1));
#15165=CARTESIAN_POINT('',(108.725,-97.175,4.6));
#15166=CARTESIAN_POINT('Origin',(109.225,-97.175,4.6));
#15167=CARTESIAN_POINT('',(108.725,-97.175,6.1));
#15168=CARTESIAN_POINT('Origin',(108.725,-96.4916,6.1));
#15169=CARTESIAN_POINT('',(108.725,-96.4916,6.1));
#15170=CARTESIAN_POINT('',(108.725,-84.175,6.1));
#15171=CARTESIAN_POINT('',(108.725,-96.4916,4.6));
#15172=CARTESIAN_POINT('',(108.725,-84.175,4.6));
#15173=CARTESIAN_POINT('',(108.725,-96.4916,6.1));
#15174=CARTESIAN_POINT('Origin',(107.6144,-96.4916,6.1));
#15175=CARTESIAN_POINT('',(107.6144,-96.4916,6.1));
#15176=CARTESIAN_POINT('',(115.725,-96.4916,6.1));
#15177=CARTESIAN_POINT('',(107.6144,-96.4916,4.6));
#15178=CARTESIAN_POINT('',(115.725,-96.4916,4.6));
#15179=CARTESIAN_POINT('',(107.6144,-96.4916,6.1));
#15180=CARTESIAN_POINT('Origin',(107.6144,-96.9916,6.1));
#15181=CARTESIAN_POINT('',(107.1144,-96.9916,6.1));
#15182=CARTESIAN_POINT('Origin',(107.6144,-96.9916,6.1));
#15183=CARTESIAN_POINT('',(107.1144,-96.9916,4.6));
#15184=CARTESIAN_POINT('Origin',(107.6144,-96.9916,4.6));
#15185=CARTESIAN_POINT('',(107.1144,-96.9916,6.1));
#15186=CARTESIAN_POINT('Origin',(107.1144,-97.279,6.1));
#15187=CARTESIAN_POINT('',(107.1144,-97.279,6.1));
#15188=CARTESIAN_POINT('',(107.1144,-96.9916,6.1));
#15189=CARTESIAN_POINT('',(107.1144,-97.279,4.6));
#15190=CARTESIAN_POINT('',(107.1144,-96.9916,4.6));
#15191=CARTESIAN_POINT('',(107.1144,-97.279,6.1));
#15192=CARTESIAN_POINT('Origin',(105.811,-97.279,6.1));
#15193=CARTESIAN_POINT('',(105.811,-97.279,6.1));
#15194=CARTESIAN_POINT('',(107.1144,-97.279,6.1));
#15195=CARTESIAN_POINT('',(105.811,-97.279,4.6));
#15196=CARTESIAN_POINT('',(107.1144,-97.279,4.6));
#15197=CARTESIAN_POINT('',(105.811,-97.279,6.1));
#15198=CARTESIAN_POINT('Origin',(105.811,-97.779,6.1));
#15199=CARTESIAN_POINT('',(105.311,-97.779,6.1));
#15200=CARTESIAN_POINT('Origin',(105.811,-97.779,6.1));
#15201=CARTESIAN_POINT('',(105.311,-97.779,4.6));
#15202=CARTESIAN_POINT('Origin',(105.811,-97.779,4.6));
#15203=CARTESIAN_POINT('',(105.311,-97.779,6.1));
#15204=CARTESIAN_POINT('Origin',(105.311,-97.9474,6.1));
#15205=CARTESIAN_POINT('',(105.311,-97.9474,6.1));
#15206=CARTESIAN_POINT('',(105.311,-97.779,6.1));
#15207=CARTESIAN_POINT('',(105.311,-97.9474,4.6));
#15208=CARTESIAN_POINT('',(105.311,-97.779,4.6));
#15209=CARTESIAN_POINT('',(105.311,-97.9474,6.1));
#15210=CARTESIAN_POINT('Origin',(104.811,-97.9474,6.1));
#15211=CARTESIAN_POINT('',(104.811,-98.4474,6.1));
#15212=CARTESIAN_POINT('Origin',(104.811,-97.9474,6.1));
#15213=CARTESIAN_POINT('',(104.811,-98.4474,4.6));
#15214=CARTESIAN_POINT('Origin',(104.811,-97.9474,4.6));
#15215=CARTESIAN_POINT('',(104.811,-98.4474,6.1));
#15216=CARTESIAN_POINT('Origin',(102.763,-98.4474,6.1));
#15217=CARTESIAN_POINT('',(102.763,-98.4474,6.1));
#15218=CARTESIAN_POINT('',(104.811,-98.4474,6.1));
#15219=CARTESIAN_POINT('',(102.763,-98.4474,4.6));
#15220=CARTESIAN_POINT('',(104.811,-98.4474,4.6));
#15221=CARTESIAN_POINT('',(102.763,-98.4474,6.1));
#15222=CARTESIAN_POINT('Origin',(102.763,-97.9474,6.1));
#15223=CARTESIAN_POINT('',(102.263,-97.9474,6.1));
#15224=CARTESIAN_POINT('Origin',(102.763,-97.9474,6.1));
#15225=CARTESIAN_POINT('',(102.263,-97.9474,4.6));
#15226=CARTESIAN_POINT('Origin',(102.763,-97.9474,4.6));
#15227=CARTESIAN_POINT('',(102.263,-97.9474,6.1));
#15228=CARTESIAN_POINT('Origin',(102.263,-97.779,6.1));
#15229=CARTESIAN_POINT('',(102.263,-97.779,6.1));
#15230=CARTESIAN_POINT('',(102.263,-97.9474,6.1));
#15231=CARTESIAN_POINT('',(102.263,-97.779,4.6));
#15232=CARTESIAN_POINT('',(102.263,-97.9474,4.6));
#15233=CARTESIAN_POINT('',(102.263,-97.779,6.1));
#15234=CARTESIAN_POINT('Origin',(101.763,-97.779,6.1));
#15235=CARTESIAN_POINT('',(101.763,-97.279,6.1));
#15236=CARTESIAN_POINT('Origin',(101.763,-97.779,6.1));
#15237=CARTESIAN_POINT('',(101.763,-97.279,4.6));
#15238=CARTESIAN_POINT('Origin',(101.763,-97.779,4.6));
#15239=CARTESIAN_POINT('',(101.763,-97.279,6.1));
#15240=CARTESIAN_POINT('Origin',(100.9596,-97.279,6.1));
#15241=CARTESIAN_POINT('',(100.9596,-97.279,6.1));
#15242=CARTESIAN_POINT('',(101.763,-97.279,6.1));
#15243=CARTESIAN_POINT('',(100.9596,-97.279,4.6));
#15244=CARTESIAN_POINT('',(101.763,-97.279,4.6));
#15245=CARTESIAN_POINT('',(100.9596,-97.279,6.1));
#15246=CARTESIAN_POINT('Origin',(100.9596,-96.779,6.1));
#15247=CARTESIAN_POINT('',(100.4596,-96.779,6.1));
#15248=CARTESIAN_POINT('Origin',(100.9596,-96.779,6.1));
#15249=CARTESIAN_POINT('',(100.4596,-96.779,4.6));
#15250=CARTESIAN_POINT('Origin',(100.9596,-96.779,4.6));
#15251=CARTESIAN_POINT('',(100.4596,-96.779,6.1));
#15252=CARTESIAN_POINT('Origin',(100.4596,-91.683,6.1));
#15253=CARTESIAN_POINT('',(100.4596,-91.683,6.1));
#15254=CARTESIAN_POINT('',(100.4596,-96.779,6.1));
#15255=CARTESIAN_POINT('',(100.4596,-91.683,4.6));
#15256=CARTESIAN_POINT('',(100.4596,-96.779,4.6));
#15257=CARTESIAN_POINT('',(100.4596,-91.683,6.1));
#15258=CARTESIAN_POINT('Origin',(99.9596,-91.683,6.1));
#15259=CARTESIAN_POINT('',(99.9596,-91.183,6.1));
#15260=CARTESIAN_POINT('Origin',(99.9596,-91.683,6.1));
#15261=CARTESIAN_POINT('',(99.9596,-91.183,4.6));
#15262=CARTESIAN_POINT('Origin',(99.9596,-91.683,4.6));
#15263=CARTESIAN_POINT('',(99.9596,-91.183,6.1));
#15264=CARTESIAN_POINT('Origin',(99.596,-91.183,6.1));
#15265=CARTESIAN_POINT('',(99.596,-91.183,6.1));
#15266=CARTESIAN_POINT('',(99.9596,-91.183,6.1));
#15267=CARTESIAN_POINT('',(99.596,-91.183,4.6));
#15268=CARTESIAN_POINT('',(99.9596,-91.183,4.6));
#15269=CARTESIAN_POINT('',(99.596,-91.183,6.1));
#15270=CARTESIAN_POINT('Origin',(99.596,-88.889,6.1));
#15271=CARTESIAN_POINT('',(99.596,-88.889,6.1));
#15272=CARTESIAN_POINT('',(99.596,-91.183,6.1));
#15273=CARTESIAN_POINT('',(99.596,-88.889,4.6));
#15274=CARTESIAN_POINT('',(99.596,-91.183,4.6));
#15275=CARTESIAN_POINT('',(99.596,-88.889,6.1));
#15276=CARTESIAN_POINT('Origin',(100.096,-88.889,6.1));
#15277=CARTESIAN_POINT('',(100.096,-88.389,6.1));
#15278=CARTESIAN_POINT('Origin',(100.096,-88.889,6.1));
#15279=CARTESIAN_POINT('',(100.096,-88.389,4.6));
#15280=CARTESIAN_POINT('Origin',(100.096,-88.889,4.6));
#15281=CARTESIAN_POINT('',(100.096,-88.389,6.1));
#15282=CARTESIAN_POINT('Origin',(100.4596,-88.389,6.1));
#15283=CARTESIAN_POINT('',(100.4596,-88.389,6.1));
#15284=CARTESIAN_POINT('',(100.096,-88.389,6.1));
#15285=CARTESIAN_POINT('',(100.4596,-88.389,4.6));
#15286=CARTESIAN_POINT('',(100.096,-88.389,4.6));
#15287=CARTESIAN_POINT('',(100.4596,-88.389,6.1));
#15288=CARTESIAN_POINT('Origin',(100.4596,-85.4854,6.1));
#15289=CARTESIAN_POINT('',(100.4596,-85.4854,6.1));
#15290=CARTESIAN_POINT('',(100.4596,-88.389,6.1));
#15291=CARTESIAN_POINT('',(100.4596,-85.4854,4.6));
#15292=CARTESIAN_POINT('',(100.4596,-88.389,4.6));
#15293=CARTESIAN_POINT('',(100.4596,-85.4854,6.1));
#15294=CARTESIAN_POINT('Origin',(100.9596,-85.4854,6.1));
#15295=CARTESIAN_POINT('',(100.9596,-84.9854,6.1));
#15296=CARTESIAN_POINT('Origin',(100.9596,-85.4854,6.1));
#15297=CARTESIAN_POINT('',(100.9596,-84.9854,4.6));
#15298=CARTESIAN_POINT('Origin',(100.9596,-85.4854,4.6));
#15299=CARTESIAN_POINT('',(100.9596,-84.9854,6.1));
#15300=CARTESIAN_POINT('Origin',(106.6144,-84.9854,6.1));
#15301=CARTESIAN_POINT('',(106.6144,-84.9854,6.1));
#15302=CARTESIAN_POINT('',(100.9596,-84.9854,6.1));
#15303=CARTESIAN_POINT('',(106.6144,-84.9854,4.6));
#15304=CARTESIAN_POINT('',(100.9596,-84.9854,4.6));
#15305=CARTESIAN_POINT('',(106.6144,-84.9854,6.1));
#15306=CARTESIAN_POINT('Origin',(106.6144,-85.4854,6.1));
#15307=CARTESIAN_POINT('',(107.1144,-85.4854,6.1));
#15308=CARTESIAN_POINT('Origin',(106.6144,-85.4854,6.1));
#15309=CARTESIAN_POINT('',(107.1144,-85.4854,4.6));
#15310=CARTESIAN_POINT('Origin',(106.6144,-85.4854,4.6));
#15311=CARTESIAN_POINT('',(107.1144,-85.4854,6.1));
#15312=CARTESIAN_POINT('Origin',(107.1144,-85.7982,6.1));
#15313=CARTESIAN_POINT('',(107.1144,-85.7982,6.1));
#15314=CARTESIAN_POINT('',(107.1144,-85.4854,6.1));
#15315=CARTESIAN_POINT('',(107.1144,-85.7982,4.6));
#15316=CARTESIAN_POINT('',(107.1144,-85.4854,4.6));
#15317=CARTESIAN_POINT('',(107.1144,-85.7982,6.1));
#15318=CARTESIAN_POINT('Origin',(108.725,-85.7982,6.1));
#15319=CARTESIAN_POINT('',(108.725,-85.7982,6.1));
#15320=CARTESIAN_POINT('',(107.1144,-85.7982,6.1));
#15321=CARTESIAN_POINT('',(108.725,-85.7982,4.6));
#15322=CARTESIAN_POINT('',(107.1144,-85.7982,4.6));
#15323=CARTESIAN_POINT('',(108.725,-85.7982,6.1));
#15324=CARTESIAN_POINT('Origin',(108.725,-84.175,6.1));
#15325=CARTESIAN_POINT('',(108.725,-84.175,6.1));
#15326=CARTESIAN_POINT('',(108.725,-84.175,6.1));
#15327=CARTESIAN_POINT('',(108.725,-84.175,4.6));
#15328=CARTESIAN_POINT('',(108.725,-84.175,4.6));
#15329=CARTESIAN_POINT('',(108.725,-84.175,6.1));
#15330=CARTESIAN_POINT('Origin',(109.225,-84.175,6.1));
#15331=CARTESIAN_POINT('',(109.225,-83.675,6.1));
#15332=CARTESIAN_POINT('Origin',(109.225,-84.175,6.1));
#15333=CARTESIAN_POINT('',(109.225,-83.675,4.6));
#15334=CARTESIAN_POINT('Origin',(109.225,-84.175,4.6));
#15335=CARTESIAN_POINT('',(109.225,-83.675,6.1));
#15336=CARTESIAN_POINT('Origin',(122.225,-83.675,6.1));
#15337=CARTESIAN_POINT('',(122.225,-83.675,6.1));
#15338=CARTESIAN_POINT('',(109.225,-83.675,6.1));
#15339=CARTESIAN_POINT('',(122.225,-83.675,4.6));
#15340=CARTESIAN_POINT('',(109.225,-83.675,4.6));
#15341=CARTESIAN_POINT('',(122.225,-83.675,6.1));
#15342=CARTESIAN_POINT('Origin',(122.225,-84.175,6.1));
#15343=CARTESIAN_POINT('',(122.725,-84.175,6.1));
#15344=CARTESIAN_POINT('Origin',(122.225,-84.175,6.1));
#15345=CARTESIAN_POINT('',(122.725,-84.175,4.6));
#15346=CARTESIAN_POINT('Origin',(122.225,-84.175,4.6));
#15347=CARTESIAN_POINT('',(122.725,-84.175,6.1));
#15348=CARTESIAN_POINT('Origin',(122.725,-85.7982,6.1));
#15349=CARTESIAN_POINT('',(122.725,-85.7982,6.1));
#15350=CARTESIAN_POINT('',(122.725,-84.175,6.1));
#15351=CARTESIAN_POINT('',(122.725,-85.7982,4.6));
#15352=CARTESIAN_POINT('',(122.725,-84.175,4.6));
#15353=CARTESIAN_POINT('',(122.725,-85.7982,6.1));
#15354=CARTESIAN_POINT('Origin',(124.3356,-85.7982,6.1));
#15355=CARTESIAN_POINT('',(124.3356,-85.7982,6.1));
#15356=CARTESIAN_POINT('',(124.3356,-85.7982,6.1));
#15357=CARTESIAN_POINT('',(124.3356,-85.7982,4.6));
#15358=CARTESIAN_POINT('',(124.3356,-85.7982,4.6));
#15359=CARTESIAN_POINT('',(124.3356,-85.7982,6.1));
#15360=CARTESIAN_POINT('Origin',(124.3356,-85.4854,6.1));
#15361=CARTESIAN_POINT('',(124.3356,-85.4854,6.1));
#15362=CARTESIAN_POINT('',(124.3356,-85.4854,6.1));
#15363=CARTESIAN_POINT('',(124.3356,-85.4854,4.6));
#15364=CARTESIAN_POINT('',(124.3356,-85.4854,4.6));
#15365=CARTESIAN_POINT('',(124.3356,-85.4854,6.1));
#15366=CARTESIAN_POINT('Origin',(124.8356,-85.4854,6.1));
#15367=CARTESIAN_POINT('',(124.8356,-84.9854,6.1));
#15368=CARTESIAN_POINT('Origin',(124.8356,-85.4854,6.1));
#15369=CARTESIAN_POINT('',(124.8356,-84.9854,4.6));
#15370=CARTESIAN_POINT('Origin',(124.8356,-85.4854,4.6));
#15371=CARTESIAN_POINT('',(124.8356,-84.9854,6.1));
#15372=CARTESIAN_POINT('Origin',(130.4904,-84.9854,6.1));
#15373=CARTESIAN_POINT('',(130.4904,-84.9854,6.1));
#15374=CARTESIAN_POINT('',(130.4904,-84.9854,6.1));
#15375=CARTESIAN_POINT('',(130.4904,-84.9854,4.6));
#15376=CARTESIAN_POINT('',(130.4904,-84.9854,4.6));
#15377=CARTESIAN_POINT('',(130.4904,-84.9854,6.1));
#15378=CARTESIAN_POINT('Origin',(130.4904,-85.4854,6.1));
#15379=CARTESIAN_POINT('',(130.9904,-85.4854,6.1));
#15380=CARTESIAN_POINT('Origin',(130.4904,-85.4854,6.1));
#15381=CARTESIAN_POINT('',(130.9904,-85.4854,4.6));
#15382=CARTESIAN_POINT('Origin',(130.4904,-85.4854,4.6));
#15383=CARTESIAN_POINT('',(130.9904,-85.4854,6.1));
#15384=CARTESIAN_POINT('Origin',(130.9904,-88.389,6.1));
#15385=CARTESIAN_POINT('',(130.9904,-88.389,6.1));
#15386=CARTESIAN_POINT('',(130.9904,-88.389,6.1));
#15387=CARTESIAN_POINT('',(130.9904,-88.389,4.6));
#15388=CARTESIAN_POINT('',(130.9904,-88.389,4.6));
#15389=CARTESIAN_POINT('',(130.9904,-88.389,6.1));
#15390=CARTESIAN_POINT('Origin',(131.354,-88.389,6.1));
#15391=CARTESIAN_POINT('',(131.354,-88.389,6.1));
#15392=CARTESIAN_POINT('',(131.354,-88.389,6.1));
#15393=CARTESIAN_POINT('',(131.354,-88.389,4.6));
#15394=CARTESIAN_POINT('',(131.354,-88.389,4.6));
#15395=CARTESIAN_POINT('',(131.354,-88.389,6.1));
#15396=CARTESIAN_POINT('Origin',(131.354,-88.889,6.1));
#15397=CARTESIAN_POINT('',(131.854,-88.889,6.1));
#15398=CARTESIAN_POINT('Origin',(131.354,-88.889,6.1));
#15399=CARTESIAN_POINT('',(131.854,-88.889,4.6));
#15400=CARTESIAN_POINT('Origin',(131.354,-88.889,4.6));
#15401=CARTESIAN_POINT('',(131.854,-88.889,6.1));
#15402=CARTESIAN_POINT('Origin',(131.854,-91.183,6.1));
#15403=CARTESIAN_POINT('',(131.854,-91.183,6.1));
#15404=CARTESIAN_POINT('',(131.854,-91.183,6.1));
#15405=CARTESIAN_POINT('',(131.854,-91.183,4.6));
#15406=CARTESIAN_POINT('',(131.854,-91.183,4.6));
#15407=CARTESIAN_POINT('',(131.854,-91.183,6.1));
#15408=CARTESIAN_POINT('Origin',(131.4904,-91.183,6.1));
#15409=CARTESIAN_POINT('',(131.4904,-91.183,6.1));
#15410=CARTESIAN_POINT('',(131.4904,-91.183,6.1));
#15411=CARTESIAN_POINT('',(131.4904,-91.183,4.6));
#15412=CARTESIAN_POINT('',(131.4904,-91.183,4.6));
#15413=CARTESIAN_POINT('',(131.4904,-91.183,6.1));
#15414=CARTESIAN_POINT('Origin',(131.4904,-91.683,6.1));
#15415=CARTESIAN_POINT('',(130.9904,-91.683,6.1));
#15416=CARTESIAN_POINT('Origin',(131.4904,-91.683,6.1));
#15417=CARTESIAN_POINT('',(130.9904,-91.683,4.6));
#15418=CARTESIAN_POINT('Origin',(131.4904,-91.683,4.6));
#15419=CARTESIAN_POINT('',(130.9904,-91.683,6.1));
#15420=CARTESIAN_POINT('Origin',(130.9904,-96.779,6.1));
#15421=CARTESIAN_POINT('',(130.9904,-96.779,6.1));
#15422=CARTESIAN_POINT('',(130.9904,-96.779,6.1));
#15423=CARTESIAN_POINT('',(130.9904,-96.779,4.6));
#15424=CARTESIAN_POINT('',(130.9904,-96.779,4.6));
#15425=CARTESIAN_POINT('',(130.9904,-96.779,6.1));
#15426=CARTESIAN_POINT('Origin',(130.4904,-96.779,6.1));
#15427=CARTESIAN_POINT('',(130.4904,-97.279,6.1));
#15428=CARTESIAN_POINT('Origin',(130.4904,-96.779,6.1));
#15429=CARTESIAN_POINT('',(130.4904,-97.279,4.6));
#15430=CARTESIAN_POINT('Origin',(130.4904,-96.779,4.6));
#15431=CARTESIAN_POINT('',(130.4904,-97.279,6.1));
#15432=CARTESIAN_POINT('Origin',(129.687,-97.279,6.1));
#15433=CARTESIAN_POINT('',(129.687,-97.279,6.1));
#15434=CARTESIAN_POINT('',(129.687,-97.279,6.1));
#15435=CARTESIAN_POINT('',(129.687,-97.279,4.6));
#15436=CARTESIAN_POINT('',(129.687,-97.279,4.6));
#15437=CARTESIAN_POINT('',(129.687,-97.279,6.1));
#15438=CARTESIAN_POINT('Origin',(129.687,-97.779,6.1));
#15439=CARTESIAN_POINT('',(129.187,-97.779,6.1));
#15440=CARTESIAN_POINT('Origin',(129.687,-97.779,6.1));
#15441=CARTESIAN_POINT('',(129.187,-97.779,4.6));
#15442=CARTESIAN_POINT('Origin',(129.687,-97.779,4.6));
#15443=CARTESIAN_POINT('',(129.187,-97.779,6.1));
#15444=CARTESIAN_POINT('Origin',(129.187,-97.9474,6.1));
#15445=CARTESIAN_POINT('',(129.187,-97.9474,6.1));
#15446=CARTESIAN_POINT('',(129.187,-97.9474,6.1));
#15447=CARTESIAN_POINT('',(129.187,-97.9474,4.6));
#15448=CARTESIAN_POINT('',(129.187,-97.9474,4.6));
#15449=CARTESIAN_POINT('',(129.187,-97.9474,6.1));
#15450=CARTESIAN_POINT('Origin',(128.687,-97.9474,6.1));
#15451=CARTESIAN_POINT('',(128.687,-98.4474,6.1));
#15452=CARTESIAN_POINT('Origin',(128.687,-97.9474,6.1));
#15453=CARTESIAN_POINT('',(128.687,-98.4474,4.6));
#15454=CARTESIAN_POINT('Origin',(128.687,-97.9474,4.6));
#15455=CARTESIAN_POINT('',(128.687,-98.4474,6.1));
#15456=CARTESIAN_POINT('Origin',(126.639,-98.4474,6.1));
#15457=CARTESIAN_POINT('',(126.639,-98.4474,6.1));
#15458=CARTESIAN_POINT('',(126.639,-98.4474,6.1));
#15459=CARTESIAN_POINT('',(126.639,-98.4474,4.6));
#15460=CARTESIAN_POINT('',(126.639,-98.4474,4.6));
#15461=CARTESIAN_POINT('',(126.639,-98.4474,6.1));
#15462=CARTESIAN_POINT('Origin',(126.639,-97.9474,6.1));
#15463=CARTESIAN_POINT('',(126.139,-97.9474,6.1));
#15464=CARTESIAN_POINT('Origin',(126.639,-97.9474,6.1));
#15465=CARTESIAN_POINT('',(126.139,-97.9474,4.6));
#15466=CARTESIAN_POINT('Origin',(126.639,-97.9474,4.6));
#15467=CARTESIAN_POINT('',(126.139,-97.9474,6.1));
#15468=CARTESIAN_POINT('Origin',(126.139,-97.779,6.1));
#15469=CARTESIAN_POINT('',(126.139,-97.779,6.1));
#15470=CARTESIAN_POINT('',(126.139,-97.779,6.1));
#15471=CARTESIAN_POINT('',(126.139,-97.779,4.6));
#15472=CARTESIAN_POINT('',(126.139,-97.779,4.6));
#15473=CARTESIAN_POINT('',(126.139,-97.779,6.1));
#15474=CARTESIAN_POINT('Origin',(125.639,-97.779,6.1));
#15475=CARTESIAN_POINT('',(125.639,-97.279,6.1));
#15476=CARTESIAN_POINT('Origin',(125.639,-97.779,6.1));
#15477=CARTESIAN_POINT('',(125.639,-97.279,4.6));
#15478=CARTESIAN_POINT('Origin',(125.639,-97.779,4.6));
#15479=CARTESIAN_POINT('',(125.639,-97.279,6.1));
#15480=CARTESIAN_POINT('Origin',(124.3356,-97.279,6.1));
#15481=CARTESIAN_POINT('',(124.3356,-97.279,6.1));
#15482=CARTESIAN_POINT('',(124.3356,-97.279,6.1));
#15483=CARTESIAN_POINT('',(124.3356,-97.279,4.6));
#15484=CARTESIAN_POINT('',(124.3356,-97.279,4.6));
#15485=CARTESIAN_POINT('',(124.3356,-97.279,6.1));
#15486=CARTESIAN_POINT('Origin',(124.3356,-96.9916,6.1));
#15487=CARTESIAN_POINT('',(124.3356,-96.9916,6.1));
#15488=CARTESIAN_POINT('',(124.3356,-96.9916,6.1));
#15489=CARTESIAN_POINT('',(124.3356,-96.9916,4.6));
#15490=CARTESIAN_POINT('',(124.3356,-96.9916,4.6));
#15491=CARTESIAN_POINT('',(124.3356,-96.9916,6.1));
#15492=CARTESIAN_POINT('Origin',(123.8356,-96.9916,6.1));
#15493=CARTESIAN_POINT('Origin',(123.8356,-96.9916,6.1));
#15494=CARTESIAN_POINT('Origin',(123.8356,-96.9916,4.6));
#15495=CARTESIAN_POINT('Origin',(93.65,-84.175,6.1));
#15496=CARTESIAN_POINT('',(94.15,-84.175,6.1));
#15497=CARTESIAN_POINT('',(93.65,-83.675,6.1));
#15498=CARTESIAN_POINT('Origin',(93.65,-84.175,6.1));
#15499=CARTESIAN_POINT('',(93.65,-83.675,4.6));
#15500=CARTESIAN_POINT('',(93.65,-83.675,6.1));
#15501=CARTESIAN_POINT('',(94.15,-84.175,4.6));
#15502=CARTESIAN_POINT('Origin',(93.65,-84.175,4.6));
#15503=CARTESIAN_POINT('',(94.15,-84.175,6.1));
#15504=CARTESIAN_POINT('Origin',(94.15,-97.175,6.1));
#15505=CARTESIAN_POINT('',(94.15,-97.175,6.1));
#15506=CARTESIAN_POINT('',(94.15,-84.175,6.1));
#15507=CARTESIAN_POINT('',(94.15,-97.175,4.6));
#15508=CARTESIAN_POINT('',(94.15,-84.175,4.6));
#15509=CARTESIAN_POINT('',(94.15,-97.175,6.1));
#15510=CARTESIAN_POINT('Origin',(93.65,-97.175,6.1));
#15511=CARTESIAN_POINT('',(93.65,-97.675,6.1));
#15512=CARTESIAN_POINT('Origin',(93.65,-97.175,6.1));
#15513=CARTESIAN_POINT('',(93.65,-97.675,4.6));
#15514=CARTESIAN_POINT('Origin',(93.65,-97.175,4.6));
#15515=CARTESIAN_POINT('',(93.65,-97.675,6.1));
#15516=CARTESIAN_POINT('Origin',(80.65,-97.675,6.1));
#15517=CARTESIAN_POINT('',(80.65,-97.675,6.1));
#15518=CARTESIAN_POINT('',(80.65,-97.675,6.1));
#15519=CARTESIAN_POINT('',(80.65,-97.675,4.6));
#15520=CARTESIAN_POINT('',(80.65,-97.675,4.6));
#15521=CARTESIAN_POINT('',(80.65,-97.675,6.1));
#15522=CARTESIAN_POINT('Origin',(80.65,-97.175,6.1));
#15523=CARTESIAN_POINT('',(80.15,-97.175,6.1));
#15524=CARTESIAN_POINT('Origin',(80.65,-97.175,6.1));
#15525=CARTESIAN_POINT('',(80.15,-97.175,4.6));
#15526=CARTESIAN_POINT('Origin',(80.65,-97.175,4.6));
#15527=CARTESIAN_POINT('',(80.15,-97.175,6.1));
#15528=CARTESIAN_POINT('Origin',(80.15,-84.175,6.1));
#15529=CARTESIAN_POINT('',(80.15,-84.175,6.1));
#15530=CARTESIAN_POINT('',(80.15,-84.175,6.1));
#15531=CARTESIAN_POINT('',(80.15,-84.175,4.6));
#15532=CARTESIAN_POINT('',(80.15,-84.175,4.6));
#15533=CARTESIAN_POINT('',(80.15,-84.175,6.1));
#15534=CARTESIAN_POINT('Origin',(80.65,-84.175,6.1));
#15535=CARTESIAN_POINT('',(80.65,-83.675,6.1));
#15536=CARTESIAN_POINT('Origin',(80.65,-84.175,6.1));
#15537=CARTESIAN_POINT('',(80.65,-83.675,4.6));
#15538=CARTESIAN_POINT('Origin',(80.65,-84.175,4.6));
#15539=CARTESIAN_POINT('',(80.65,-83.675,6.1));
#15540=CARTESIAN_POINT('Origin',(93.65,-83.675,6.1));
#15541=CARTESIAN_POINT('',(80.65,-83.675,6.1));
#15542=CARTESIAN_POINT('',(80.65,-83.675,4.6));
#15543=CARTESIAN_POINT('Origin',(72.21875,-84.175,6.1));
#15544=CARTESIAN_POINT('',(72.71875,-84.175,6.1));
#15545=CARTESIAN_POINT('',(72.21875,-83.675,6.1));
#15546=CARTESIAN_POINT('Origin',(72.21875,-84.175,6.1));
#15547=CARTESIAN_POINT('',(72.21875,-83.675,4.6));
#15548=CARTESIAN_POINT('',(72.21875,-83.675,6.1));
#15549=CARTESIAN_POINT('',(72.71875,-84.175,4.6));
#15550=CARTESIAN_POINT('Origin',(72.21875,-84.175,4.6));
#15551=CARTESIAN_POINT('',(72.71875,-84.175,6.1));
#15552=CARTESIAN_POINT('Origin',(72.71875,-97.175,6.1));
#15553=CARTESIAN_POINT('',(72.71875,-97.175,6.1));
#15554=CARTESIAN_POINT('',(72.71875,-84.175,6.1));
#15555=CARTESIAN_POINT('',(72.71875,-97.175,4.6));
#15556=CARTESIAN_POINT('',(72.71875,-84.175,4.6));
#15557=CARTESIAN_POINT('',(72.71875,-97.175,6.1));
#15558=CARTESIAN_POINT('Origin',(72.21875,-97.175,6.1));
#15559=CARTESIAN_POINT('',(72.21875,-97.675,6.1));
#15560=CARTESIAN_POINT('Origin',(72.21875,-97.175,6.1));
#15561=CARTESIAN_POINT('',(72.21875,-97.675,4.6));
#15562=CARTESIAN_POINT('Origin',(72.21875,-97.175,4.6));
#15563=CARTESIAN_POINT('',(72.21875,-97.675,6.1));
#15564=CARTESIAN_POINT('Origin',(59.21875,-97.675,6.1));
#15565=CARTESIAN_POINT('',(59.21875,-97.675,6.1));
#15566=CARTESIAN_POINT('',(59.21875,-97.675,6.1));
#15567=CARTESIAN_POINT('',(59.21875,-97.675,4.6));
#15568=CARTESIAN_POINT('',(59.21875,-97.675,4.6));
#15569=CARTESIAN_POINT('',(59.21875,-97.675,6.1));
#15570=CARTESIAN_POINT('Origin',(59.21875,-97.175,6.1));
#15571=CARTESIAN_POINT('',(58.71875,-97.175,6.1));
#15572=CARTESIAN_POINT('Origin',(59.21875,-97.175,6.1));
#15573=CARTESIAN_POINT('',(58.71875,-97.175,4.6));
#15574=CARTESIAN_POINT('Origin',(59.21875,-97.175,4.6));
#15575=CARTESIAN_POINT('',(58.71875,-97.175,6.1));
#15576=CARTESIAN_POINT('Origin',(58.71875,-84.175,6.1));
#15577=CARTESIAN_POINT('',(58.71875,-84.175,6.1));
#15578=CARTESIAN_POINT('',(58.71875,-84.175,6.1));
#15579=CARTESIAN_POINT('',(58.71875,-84.175,4.6));
#15580=CARTESIAN_POINT('',(58.71875,-84.175,4.6));
#15581=CARTESIAN_POINT('',(58.71875,-84.175,6.1));
#15582=CARTESIAN_POINT('Origin',(59.21875,-84.175,6.1));
#15583=CARTESIAN_POINT('',(59.21875,-83.675,6.1));
#15584=CARTESIAN_POINT('Origin',(59.21875,-84.175,6.1));
#15585=CARTESIAN_POINT('',(59.21875,-83.675,4.6));
#15586=CARTESIAN_POINT('Origin',(59.21875,-84.175,4.6));
#15587=CARTESIAN_POINT('',(59.21875,-83.675,6.1));
#15588=CARTESIAN_POINT('Origin',(72.21875,-83.675,6.1));
#15589=CARTESIAN_POINT('',(59.21875,-83.675,6.1));
#15590=CARTESIAN_POINT('',(59.21875,-83.675,4.6));
#15591=CARTESIAN_POINT('Origin',(253.19375,-65.125,6.1));
#15592=CARTESIAN_POINT('',(253.69375,-65.125,6.1));
#15593=CARTESIAN_POINT('',(253.19375,-64.625,6.1));
#15594=CARTESIAN_POINT('Origin',(253.19375,-65.125,6.1));
#15595=CARTESIAN_POINT('',(253.19375,-64.625,4.6));
#15596=CARTESIAN_POINT('',(253.19375,-64.625,6.1));
#15597=CARTESIAN_POINT('',(253.69375,-65.125,4.6));
#15598=CARTESIAN_POINT('Origin',(253.19375,-65.125,4.6));
#15599=CARTESIAN_POINT('',(253.69375,-65.125,6.1));
#15600=CARTESIAN_POINT('Origin',(253.69375,-78.125,6.1));
#15601=CARTESIAN_POINT('',(253.69375,-78.125,6.1));
#15602=CARTESIAN_POINT('',(253.69375,-65.125,6.1));
#15603=CARTESIAN_POINT('',(253.69375,-78.125,4.6));
#15604=CARTESIAN_POINT('',(253.69375,-65.125,4.6));
#15605=CARTESIAN_POINT('',(253.69375,-78.125,6.1));
#15606=CARTESIAN_POINT('Origin',(253.19375,-78.125,6.1));
#15607=CARTESIAN_POINT('',(253.19375,-78.625,6.1));
#15608=CARTESIAN_POINT('Origin',(253.19375,-78.125,6.1));
#15609=CARTESIAN_POINT('',(253.19375,-78.625,4.6));
#15610=CARTESIAN_POINT('Origin',(253.19375,-78.125,4.6));
#15611=CARTESIAN_POINT('',(253.19375,-78.625,6.1));
#15612=CARTESIAN_POINT('Origin',(240.19375,-78.625,6.1));
#15613=CARTESIAN_POINT('',(240.19375,-78.625,6.1));
#15614=CARTESIAN_POINT('',(240.19375,-78.625,6.1));
#15615=CARTESIAN_POINT('',(240.19375,-78.625,4.6));
#15616=CARTESIAN_POINT('',(240.19375,-78.625,4.6));
#15617=CARTESIAN_POINT('',(240.19375,-78.625,6.1));
#15618=CARTESIAN_POINT('Origin',(240.19375,-78.125,6.1));
#15619=CARTESIAN_POINT('',(239.69375,-78.125,6.1));
#15620=CARTESIAN_POINT('Origin',(240.19375,-78.125,6.1));
#15621=CARTESIAN_POINT('',(239.69375,-78.125,4.6));
#15622=CARTESIAN_POINT('Origin',(240.19375,-78.125,4.6));
#15623=CARTESIAN_POINT('',(239.69375,-78.125,6.1));
#15624=CARTESIAN_POINT('Origin',(239.69375,-65.125,6.1));
#15625=CARTESIAN_POINT('',(239.69375,-65.125,6.1));
#15626=CARTESIAN_POINT('',(239.69375,-65.125,6.1));
#15627=CARTESIAN_POINT('',(239.69375,-65.125,4.6));
#15628=CARTESIAN_POINT('',(239.69375,-65.125,4.6));
#15629=CARTESIAN_POINT('',(239.69375,-65.125,6.1));
#15630=CARTESIAN_POINT('Origin',(240.19375,-65.125,6.1));
#15631=CARTESIAN_POINT('',(240.19375,-64.625,6.1));
#15632=CARTESIAN_POINT('Origin',(240.19375,-65.125,6.1));
#15633=CARTESIAN_POINT('',(240.19375,-64.625,4.6));
#15634=CARTESIAN_POINT('Origin',(240.19375,-65.125,4.6));
#15635=CARTESIAN_POINT('',(240.19375,-64.625,6.1));
#15636=CARTESIAN_POINT('Origin',(253.19375,-64.625,6.1));
#15637=CARTESIAN_POINT('',(240.19375,-64.625,6.1));
#15638=CARTESIAN_POINT('',(240.19375,-64.625,4.6));
#15639=CARTESIAN_POINT('Origin',(231.7625,-65.125,6.1));
#15640=CARTESIAN_POINT('',(232.2625,-65.125,6.1));
#15641=CARTESIAN_POINT('',(231.7625,-64.625,6.1));
#15642=CARTESIAN_POINT('Origin',(231.7625,-65.125,6.1));
#15643=CARTESIAN_POINT('',(231.7625,-64.625,4.6));
#15644=CARTESIAN_POINT('',(231.7625,-64.625,6.1));
#15645=CARTESIAN_POINT('',(232.2625,-65.125,4.6));
#15646=CARTESIAN_POINT('Origin',(231.7625,-65.125,4.6));
#15647=CARTESIAN_POINT('',(232.2625,-65.125,6.1));
#15648=CARTESIAN_POINT('Origin',(232.2625,-78.125,6.1));
#15649=CARTESIAN_POINT('',(232.2625,-78.125,6.1));
#15650=CARTESIAN_POINT('',(232.2625,-65.125,6.1));
#15651=CARTESIAN_POINT('',(232.2625,-78.125,4.6));
#15652=CARTESIAN_POINT('',(232.2625,-65.125,4.6));
#15653=CARTESIAN_POINT('',(232.2625,-78.125,6.1));
#15654=CARTESIAN_POINT('Origin',(231.7625,-78.125,6.1));
#15655=CARTESIAN_POINT('',(231.7625,-78.625,6.1));
#15656=CARTESIAN_POINT('Origin',(231.7625,-78.125,6.1));
#15657=CARTESIAN_POINT('',(231.7625,-78.625,4.6));
#15658=CARTESIAN_POINT('Origin',(231.7625,-78.125,4.6));
#15659=CARTESIAN_POINT('',(231.7625,-78.625,6.1));
#15660=CARTESIAN_POINT('Origin',(218.7625,-78.625,6.1));
#15661=CARTESIAN_POINT('',(218.7625,-78.625,6.1));
#15662=CARTESIAN_POINT('',(218.7625,-78.625,6.1));
#15663=CARTESIAN_POINT('',(218.7625,-78.625,4.6));
#15664=CARTESIAN_POINT('',(218.7625,-78.625,4.6));
#15665=CARTESIAN_POINT('',(218.7625,-78.625,6.1));
#15666=CARTESIAN_POINT('Origin',(218.7625,-78.125,6.1));
#15667=CARTESIAN_POINT('',(218.2625,-78.125,6.1));
#15668=CARTESIAN_POINT('Origin',(218.7625,-78.125,6.1));
#15669=CARTESIAN_POINT('',(218.2625,-78.125,4.6));
#15670=CARTESIAN_POINT('Origin',(218.7625,-78.125,4.6));
#15671=CARTESIAN_POINT('',(218.2625,-78.125,6.1));
#15672=CARTESIAN_POINT('Origin',(218.2625,-65.125,6.1));
#15673=CARTESIAN_POINT('',(218.2625,-65.125,6.1));
#15674=CARTESIAN_POINT('',(218.2625,-65.125,6.1));
#15675=CARTESIAN_POINT('',(218.2625,-65.125,4.6));
#15676=CARTESIAN_POINT('',(218.2625,-65.125,4.6));
#15677=CARTESIAN_POINT('',(218.2625,-65.125,6.1));
#15678=CARTESIAN_POINT('Origin',(218.7625,-65.125,6.1));
#15679=CARTESIAN_POINT('',(218.7625,-64.625,6.1));
#15680=CARTESIAN_POINT('Origin',(218.7625,-65.125,6.1));
#15681=CARTESIAN_POINT('',(218.7625,-64.625,4.6));
#15682=CARTESIAN_POINT('Origin',(218.7625,-65.125,4.6));
#15683=CARTESIAN_POINT('',(218.7625,-64.625,6.1));
#15684=CARTESIAN_POINT('Origin',(231.7625,-64.625,6.1));
#15685=CARTESIAN_POINT('',(218.7625,-64.625,6.1));
#15686=CARTESIAN_POINT('',(218.7625,-64.625,4.6));
#15687=CARTESIAN_POINT('Origin',(212.7125,-65.125,6.1));
#15688=CARTESIAN_POINT('',(213.2125,-65.125,6.1));
#15689=CARTESIAN_POINT('',(212.7125,-64.625,6.1));
#15690=CARTESIAN_POINT('Origin',(212.7125,-65.125,6.1));
#15691=CARTESIAN_POINT('',(212.7125,-64.625,4.6));
#15692=CARTESIAN_POINT('',(212.7125,-64.625,6.1));
#15693=CARTESIAN_POINT('',(213.2125,-65.125,4.6));
#15694=CARTESIAN_POINT('Origin',(212.7125,-65.125,4.6));
#15695=CARTESIAN_POINT('',(213.2125,-65.125,6.1));
#15696=CARTESIAN_POINT('Origin',(213.2125,-78.125,6.1));
#15697=CARTESIAN_POINT('',(213.2125,-78.125,6.1));
#15698=CARTESIAN_POINT('',(213.2125,-65.125,6.1));
#15699=CARTESIAN_POINT('',(213.2125,-78.125,4.6));
#15700=CARTESIAN_POINT('',(213.2125,-65.125,4.6));
#15701=CARTESIAN_POINT('',(213.2125,-78.125,6.1));
#15702=CARTESIAN_POINT('Origin',(212.7125,-78.125,6.1));
#15703=CARTESIAN_POINT('',(212.7125,-78.625,6.1));
#15704=CARTESIAN_POINT('Origin',(212.7125,-78.125,6.1));
#15705=CARTESIAN_POINT('',(212.7125,-78.625,4.6));
#15706=CARTESIAN_POINT('Origin',(212.7125,-78.125,4.6));
#15707=CARTESIAN_POINT('',(212.7125,-78.625,6.1));
#15708=CARTESIAN_POINT('Origin',(199.7125,-78.625,6.1));
#15709=CARTESIAN_POINT('',(199.7125,-78.625,6.1));
#15710=CARTESIAN_POINT('',(199.7125,-78.625,6.1));
#15711=CARTESIAN_POINT('',(199.7125,-78.625,4.6));
#15712=CARTESIAN_POINT('',(199.7125,-78.625,4.6));
#15713=CARTESIAN_POINT('',(199.7125,-78.625,6.1));
#15714=CARTESIAN_POINT('Origin',(199.7125,-78.125,6.1));
#15715=CARTESIAN_POINT('',(199.2125,-78.125,6.1));
#15716=CARTESIAN_POINT('Origin',(199.7125,-78.125,6.1));
#15717=CARTESIAN_POINT('',(199.2125,-78.125,4.6));
#15718=CARTESIAN_POINT('Origin',(199.7125,-78.125,4.6));
#15719=CARTESIAN_POINT('',(199.2125,-78.125,6.1));
#15720=CARTESIAN_POINT('Origin',(199.2125,-65.125,6.1));
#15721=CARTESIAN_POINT('',(199.2125,-65.125,6.1));
#15722=CARTESIAN_POINT('',(199.2125,-65.125,6.1));
#15723=CARTESIAN_POINT('',(199.2125,-65.125,4.6));
#15724=CARTESIAN_POINT('',(199.2125,-65.125,4.6));
#15725=CARTESIAN_POINT('',(199.2125,-65.125,6.1));
#15726=CARTESIAN_POINT('Origin',(199.7125,-65.125,6.1));
#15727=CARTESIAN_POINT('',(199.7125,-64.625,6.1));
#15728=CARTESIAN_POINT('Origin',(199.7125,-65.125,6.1));
#15729=CARTESIAN_POINT('',(199.7125,-64.625,4.6));
#15730=CARTESIAN_POINT('Origin',(199.7125,-65.125,4.6));
#15731=CARTESIAN_POINT('',(199.7125,-64.625,6.1));
#15732=CARTESIAN_POINT('Origin',(212.7125,-64.625,6.1));
#15733=CARTESIAN_POINT('',(199.7125,-64.625,6.1));
#15734=CARTESIAN_POINT('',(199.7125,-64.625,4.6));
#15735=CARTESIAN_POINT('Origin',(193.6625,-65.125,6.1));
#15736=CARTESIAN_POINT('',(194.1625,-65.125,6.1));
#15737=CARTESIAN_POINT('',(193.6625,-64.625,6.1));
#15738=CARTESIAN_POINT('Origin',(193.6625,-65.125,6.1));
#15739=CARTESIAN_POINT('',(193.6625,-64.625,4.6));
#15740=CARTESIAN_POINT('',(193.6625,-64.625,6.1));
#15741=CARTESIAN_POINT('',(194.1625,-65.125,4.6));
#15742=CARTESIAN_POINT('Origin',(193.6625,-65.125,4.6));
#15743=CARTESIAN_POINT('',(194.1625,-65.125,6.1));
#15744=CARTESIAN_POINT('Origin',(194.1625,-78.125,6.1));
#15745=CARTESIAN_POINT('',(194.1625,-78.125,6.1));
#15746=CARTESIAN_POINT('',(194.1625,-65.125,6.1));
#15747=CARTESIAN_POINT('',(194.1625,-78.125,4.6));
#15748=CARTESIAN_POINT('',(194.1625,-65.125,4.6));
#15749=CARTESIAN_POINT('',(194.1625,-78.125,6.1));
#15750=CARTESIAN_POINT('Origin',(193.6625,-78.125,6.1));
#15751=CARTESIAN_POINT('',(193.6625,-78.625,6.1));
#15752=CARTESIAN_POINT('Origin',(193.6625,-78.125,6.1));
#15753=CARTESIAN_POINT('',(193.6625,-78.625,4.6));
#15754=CARTESIAN_POINT('Origin',(193.6625,-78.125,4.6));
#15755=CARTESIAN_POINT('',(193.6625,-78.625,6.1));
#15756=CARTESIAN_POINT('Origin',(180.6625,-78.625,6.1));
#15757=CARTESIAN_POINT('',(180.6625,-78.625,6.1));
#15758=CARTESIAN_POINT('',(180.6625,-78.625,6.1));
#15759=CARTESIAN_POINT('',(180.6625,-78.625,4.6));
#15760=CARTESIAN_POINT('',(180.6625,-78.625,4.6));
#15761=CARTESIAN_POINT('',(180.6625,-78.625,6.1));
#15762=CARTESIAN_POINT('Origin',(180.6625,-78.125,6.1));
#15763=CARTESIAN_POINT('',(180.1625,-78.125,6.1));
#15764=CARTESIAN_POINT('Origin',(180.6625,-78.125,6.1));
#15765=CARTESIAN_POINT('',(180.1625,-78.125,4.6));
#15766=CARTESIAN_POINT('Origin',(180.6625,-78.125,4.6));
#15767=CARTESIAN_POINT('',(180.1625,-78.125,6.1));
#15768=CARTESIAN_POINT('Origin',(180.1625,-65.125,6.1));
#15769=CARTESIAN_POINT('',(180.1625,-65.125,6.1));
#15770=CARTESIAN_POINT('',(180.1625,-65.125,6.1));
#15771=CARTESIAN_POINT('',(180.1625,-65.125,4.6));
#15772=CARTESIAN_POINT('',(180.1625,-65.125,4.6));
#15773=CARTESIAN_POINT('',(180.1625,-65.125,6.1));
#15774=CARTESIAN_POINT('Origin',(180.6625,-65.125,6.1));
#15775=CARTESIAN_POINT('',(180.6625,-64.625,6.1));
#15776=CARTESIAN_POINT('Origin',(180.6625,-65.125,6.1));
#15777=CARTESIAN_POINT('',(180.6625,-64.625,4.6));
#15778=CARTESIAN_POINT('Origin',(180.6625,-65.125,4.6));
#15779=CARTESIAN_POINT('',(180.6625,-64.625,6.1));
#15780=CARTESIAN_POINT('Origin',(193.6625,-64.625,6.1));
#15781=CARTESIAN_POINT('',(180.6625,-64.625,6.1));
#15782=CARTESIAN_POINT('',(180.6625,-64.625,4.6));
#15783=CARTESIAN_POINT('Origin',(174.6125,-65.125,6.1));
#15784=CARTESIAN_POINT('',(175.1125,-65.125,6.1));
#15785=CARTESIAN_POINT('',(174.6125,-64.625,6.1));
#15786=CARTESIAN_POINT('Origin',(174.6125,-65.125,6.1));
#15787=CARTESIAN_POINT('',(174.6125,-64.625,4.6));
#15788=CARTESIAN_POINT('',(174.6125,-64.625,6.1));
#15789=CARTESIAN_POINT('',(175.1125,-65.125,4.6));
#15790=CARTESIAN_POINT('Origin',(174.6125,-65.125,4.6));
#15791=CARTESIAN_POINT('',(175.1125,-65.125,6.1));
#15792=CARTESIAN_POINT('Origin',(175.1125,-78.125,6.1));
#15793=CARTESIAN_POINT('',(175.1125,-78.125,6.1));
#15794=CARTESIAN_POINT('',(175.1125,-65.125,6.1));
#15795=CARTESIAN_POINT('',(175.1125,-78.125,4.6));
#15796=CARTESIAN_POINT('',(175.1125,-65.125,4.6));
#15797=CARTESIAN_POINT('',(175.1125,-78.125,6.1));
#15798=CARTESIAN_POINT('Origin',(174.6125,-78.125,6.1));
#15799=CARTESIAN_POINT('',(174.6125,-78.625,6.1));
#15800=CARTESIAN_POINT('Origin',(174.6125,-78.125,6.1));
#15801=CARTESIAN_POINT('',(174.6125,-78.625,4.6));
#15802=CARTESIAN_POINT('Origin',(174.6125,-78.125,4.6));
#15803=CARTESIAN_POINT('',(174.6125,-78.625,6.1));
#15804=CARTESIAN_POINT('Origin',(161.6125,-78.625,6.1));
#15805=CARTESIAN_POINT('',(161.6125,-78.625,6.1));
#15806=CARTESIAN_POINT('',(161.6125,-78.625,6.1));
#15807=CARTESIAN_POINT('',(161.6125,-78.625,4.6));
#15808=CARTESIAN_POINT('',(161.6125,-78.625,4.6));
#15809=CARTESIAN_POINT('',(161.6125,-78.625,6.1));
#15810=CARTESIAN_POINT('Origin',(161.6125,-78.125,6.1));
#15811=CARTESIAN_POINT('',(161.1125,-78.125,6.1));
#15812=CARTESIAN_POINT('Origin',(161.6125,-78.125,6.1));
#15813=CARTESIAN_POINT('',(161.1125,-78.125,4.6));
#15814=CARTESIAN_POINT('Origin',(161.6125,-78.125,4.6));
#15815=CARTESIAN_POINT('',(161.1125,-78.125,6.1));
#15816=CARTESIAN_POINT('Origin',(161.1125,-65.125,6.1));
#15817=CARTESIAN_POINT('',(161.1125,-65.125,6.1));
#15818=CARTESIAN_POINT('',(161.1125,-65.125,6.1));
#15819=CARTESIAN_POINT('',(161.1125,-65.125,4.6));
#15820=CARTESIAN_POINT('',(161.1125,-65.125,4.6));
#15821=CARTESIAN_POINT('',(161.1125,-65.125,6.1));
#15822=CARTESIAN_POINT('Origin',(161.6125,-65.125,6.1));
#15823=CARTESIAN_POINT('',(161.6125,-64.625,6.1));
#15824=CARTESIAN_POINT('Origin',(161.6125,-65.125,6.1));
#15825=CARTESIAN_POINT('',(161.6125,-64.625,4.6));
#15826=CARTESIAN_POINT('Origin',(161.6125,-65.125,4.6));
#15827=CARTESIAN_POINT('',(161.6125,-64.625,6.1));
#15828=CARTESIAN_POINT('Origin',(174.6125,-64.625,6.1));
#15829=CARTESIAN_POINT('',(161.6125,-64.625,6.1));
#15830=CARTESIAN_POINT('',(161.6125,-64.625,4.6));
#15831=CARTESIAN_POINT('Origin',(155.5625,-65.125,6.1));
#15832=CARTESIAN_POINT('',(156.0625,-65.125,6.1));
#15833=CARTESIAN_POINT('',(155.5625,-64.625,6.1));
#15834=CARTESIAN_POINT('Origin',(155.5625,-65.125,6.1));
#15835=CARTESIAN_POINT('',(155.5625,-64.625,4.6));
#15836=CARTESIAN_POINT('',(155.5625,-64.625,6.1));
#15837=CARTESIAN_POINT('',(156.0625,-65.125,4.6));
#15838=CARTESIAN_POINT('Origin',(155.5625,-65.125,4.6));
#15839=CARTESIAN_POINT('',(156.0625,-65.125,6.1));
#15840=CARTESIAN_POINT('Origin',(156.0625,-78.125,6.1));
#15841=CARTESIAN_POINT('',(156.0625,-78.125,6.1));
#15842=CARTESIAN_POINT('',(156.0625,-65.125,6.1));
#15843=CARTESIAN_POINT('',(156.0625,-78.125,4.6));
#15844=CARTESIAN_POINT('',(156.0625,-65.125,4.6));
#15845=CARTESIAN_POINT('',(156.0625,-78.125,6.1));
#15846=CARTESIAN_POINT('Origin',(155.5625,-78.125,6.1));
#15847=CARTESIAN_POINT('',(155.5625,-78.625,6.1));
#15848=CARTESIAN_POINT('Origin',(155.5625,-78.125,6.1));
#15849=CARTESIAN_POINT('',(155.5625,-78.625,4.6));
#15850=CARTESIAN_POINT('Origin',(155.5625,-78.125,4.6));
#15851=CARTESIAN_POINT('',(155.5625,-78.625,6.1));
#15852=CARTESIAN_POINT('Origin',(142.5625,-78.625,6.1));
#15853=CARTESIAN_POINT('',(142.5625,-78.625,6.1));
#15854=CARTESIAN_POINT('',(142.5625,-78.625,6.1));
#15855=CARTESIAN_POINT('',(142.5625,-78.625,4.6));
#15856=CARTESIAN_POINT('',(142.5625,-78.625,4.6));
#15857=CARTESIAN_POINT('',(142.5625,-78.625,6.1));
#15858=CARTESIAN_POINT('Origin',(142.5625,-78.125,6.1));
#15859=CARTESIAN_POINT('',(142.0625,-78.125,6.1));
#15860=CARTESIAN_POINT('Origin',(142.5625,-78.125,6.1));
#15861=CARTESIAN_POINT('',(142.0625,-78.125,4.6));
#15862=CARTESIAN_POINT('Origin',(142.5625,-78.125,4.6));
#15863=CARTESIAN_POINT('',(142.0625,-78.125,6.1));
#15864=CARTESIAN_POINT('Origin',(142.0625,-65.125,6.1));
#15865=CARTESIAN_POINT('',(142.0625,-65.125,6.1));
#15866=CARTESIAN_POINT('',(142.0625,-65.125,6.1));
#15867=CARTESIAN_POINT('',(142.0625,-65.125,4.6));
#15868=CARTESIAN_POINT('',(142.0625,-65.125,4.6));
#15869=CARTESIAN_POINT('',(142.0625,-65.125,6.1));
#15870=CARTESIAN_POINT('Origin',(142.5625,-65.125,6.1));
#15871=CARTESIAN_POINT('',(142.5625,-64.625,6.1));
#15872=CARTESIAN_POINT('Origin',(142.5625,-65.125,6.1));
#15873=CARTESIAN_POINT('',(142.5625,-64.625,4.6));
#15874=CARTESIAN_POINT('Origin',(142.5625,-65.125,4.6));
#15875=CARTESIAN_POINT('',(142.5625,-64.625,6.1));
#15876=CARTESIAN_POINT('Origin',(155.5625,-64.625,6.1));
#15877=CARTESIAN_POINT('',(142.5625,-64.625,6.1));
#15878=CARTESIAN_POINT('',(142.5625,-64.625,4.6));
#15879=CARTESIAN_POINT('Origin',(136.5125,-65.125,6.1));
#15880=CARTESIAN_POINT('',(137.0125,-65.125,6.1));
#15881=CARTESIAN_POINT('',(136.5125,-64.625,6.1));
#15882=CARTESIAN_POINT('Origin',(136.5125,-65.125,6.1));
#15883=CARTESIAN_POINT('',(136.5125,-64.625,4.6));
#15884=CARTESIAN_POINT('',(136.5125,-64.625,6.1));
#15885=CARTESIAN_POINT('',(137.0125,-65.125,4.6));
#15886=CARTESIAN_POINT('Origin',(136.5125,-65.125,4.6));
#15887=CARTESIAN_POINT('',(137.0125,-65.125,6.1));
#15888=CARTESIAN_POINT('Origin',(137.0125,-78.125,6.1));
#15889=CARTESIAN_POINT('',(137.0125,-78.125,6.1));
#15890=CARTESIAN_POINT('',(137.0125,-65.125,6.1));
#15891=CARTESIAN_POINT('',(137.0125,-78.125,4.6));
#15892=CARTESIAN_POINT('',(137.0125,-65.125,4.6));
#15893=CARTESIAN_POINT('',(137.0125,-78.125,6.1));
#15894=CARTESIAN_POINT('Origin',(136.5125,-78.125,6.1));
#15895=CARTESIAN_POINT('',(136.5125,-78.625,6.1));
#15896=CARTESIAN_POINT('Origin',(136.5125,-78.125,6.1));
#15897=CARTESIAN_POINT('',(136.5125,-78.625,4.6));
#15898=CARTESIAN_POINT('Origin',(136.5125,-78.125,4.6));
#15899=CARTESIAN_POINT('',(136.5125,-78.625,6.1));
#15900=CARTESIAN_POINT('Origin',(123.5125,-78.625,6.1));
#15901=CARTESIAN_POINT('',(123.5125,-78.625,6.1));
#15902=CARTESIAN_POINT('',(123.5125,-78.625,6.1));
#15903=CARTESIAN_POINT('',(123.5125,-78.625,4.6));
#15904=CARTESIAN_POINT('',(123.5125,-78.625,4.6));
#15905=CARTESIAN_POINT('',(123.5125,-78.625,6.1));
#15906=CARTESIAN_POINT('Origin',(123.5125,-78.125,6.1));
#15907=CARTESIAN_POINT('',(123.0125,-78.125,6.1));
#15908=CARTESIAN_POINT('Origin',(123.5125,-78.125,6.1));
#15909=CARTESIAN_POINT('',(123.0125,-78.125,4.6));
#15910=CARTESIAN_POINT('Origin',(123.5125,-78.125,4.6));
#15911=CARTESIAN_POINT('',(123.0125,-78.125,6.1));
#15912=CARTESIAN_POINT('Origin',(123.0125,-65.125,6.1));
#15913=CARTESIAN_POINT('',(123.0125,-65.125,6.1));
#15914=CARTESIAN_POINT('',(123.0125,-65.125,6.1));
#15915=CARTESIAN_POINT('',(123.0125,-65.125,4.6));
#15916=CARTESIAN_POINT('',(123.0125,-65.125,4.6));
#15917=CARTESIAN_POINT('',(123.0125,-65.125,6.1));
#15918=CARTESIAN_POINT('Origin',(123.5125,-65.125,6.1));
#15919=CARTESIAN_POINT('',(123.5125,-64.625,6.1));
#15920=CARTESIAN_POINT('Origin',(123.5125,-65.125,6.1));
#15921=CARTESIAN_POINT('',(123.5125,-64.625,4.6));
#15922=CARTESIAN_POINT('Origin',(123.5125,-65.125,4.6));
#15923=CARTESIAN_POINT('',(123.5125,-64.625,6.1));
#15924=CARTESIAN_POINT('Origin',(136.5125,-64.625,6.1));
#15925=CARTESIAN_POINT('',(123.5125,-64.625,6.1));
#15926=CARTESIAN_POINT('',(123.5125,-64.625,4.6));
#15927=CARTESIAN_POINT('Origin',(117.4625,-65.125,6.1));
#15928=CARTESIAN_POINT('',(117.9625,-65.125,6.1));
#15929=CARTESIAN_POINT('',(117.4625,-64.625,6.1));
#15930=CARTESIAN_POINT('Origin',(117.4625,-65.125,6.1));
#15931=CARTESIAN_POINT('',(117.4625,-64.625,4.6));
#15932=CARTESIAN_POINT('',(117.4625,-64.625,6.1));
#15933=CARTESIAN_POINT('',(117.9625,-65.125,4.6));
#15934=CARTESIAN_POINT('Origin',(117.4625,-65.125,4.6));
#15935=CARTESIAN_POINT('',(117.9625,-65.125,6.1));
#15936=CARTESIAN_POINT('Origin',(117.9625,-78.125,6.1));
#15937=CARTESIAN_POINT('',(117.9625,-78.125,6.1));
#15938=CARTESIAN_POINT('',(117.9625,-65.125,6.1));
#15939=CARTESIAN_POINT('',(117.9625,-78.125,4.6));
#15940=CARTESIAN_POINT('',(117.9625,-65.125,4.6));
#15941=CARTESIAN_POINT('',(117.9625,-78.125,6.1));
#15942=CARTESIAN_POINT('Origin',(117.4625,-78.125,6.1));
#15943=CARTESIAN_POINT('',(117.4625,-78.625,6.1));
#15944=CARTESIAN_POINT('Origin',(117.4625,-78.125,6.1));
#15945=CARTESIAN_POINT('',(117.4625,-78.625,4.6));
#15946=CARTESIAN_POINT('Origin',(117.4625,-78.125,4.6));
#15947=CARTESIAN_POINT('',(117.4625,-78.625,6.1));
#15948=CARTESIAN_POINT('Origin',(104.4625,-78.625,6.1));
#15949=CARTESIAN_POINT('',(104.4625,-78.625,6.1));
#15950=CARTESIAN_POINT('',(104.4625,-78.625,6.1));
#15951=CARTESIAN_POINT('',(104.4625,-78.625,4.6));
#15952=CARTESIAN_POINT('',(104.4625,-78.625,4.6));
#15953=CARTESIAN_POINT('',(104.4625,-78.625,6.1));
#15954=CARTESIAN_POINT('Origin',(104.4625,-78.125,6.1));
#15955=CARTESIAN_POINT('',(103.9625,-78.125,6.1));
#15956=CARTESIAN_POINT('Origin',(104.4625,-78.125,6.1));
#15957=CARTESIAN_POINT('',(103.9625,-78.125,4.6));
#15958=CARTESIAN_POINT('Origin',(104.4625,-78.125,4.6));
#15959=CARTESIAN_POINT('',(103.9625,-78.125,6.1));
#15960=CARTESIAN_POINT('Origin',(103.9625,-65.125,6.1));
#15961=CARTESIAN_POINT('',(103.9625,-65.125,6.1));
#15962=CARTESIAN_POINT('',(103.9625,-65.125,6.1));
#15963=CARTESIAN_POINT('',(103.9625,-65.125,4.6));
#15964=CARTESIAN_POINT('',(103.9625,-65.125,4.6));
#15965=CARTESIAN_POINT('',(103.9625,-65.125,6.1));
#15966=CARTESIAN_POINT('Origin',(104.4625,-65.125,6.1));
#15967=CARTESIAN_POINT('',(104.4625,-64.625,6.1));
#15968=CARTESIAN_POINT('Origin',(104.4625,-65.125,6.1));
#15969=CARTESIAN_POINT('',(104.4625,-64.625,4.6));
#15970=CARTESIAN_POINT('Origin',(104.4625,-65.125,4.6));
#15971=CARTESIAN_POINT('',(104.4625,-64.625,6.1));
#15972=CARTESIAN_POINT('Origin',(117.4625,-64.625,6.1));
#15973=CARTESIAN_POINT('',(104.4625,-64.625,6.1));
#15974=CARTESIAN_POINT('',(104.4625,-64.625,4.6));
#15975=CARTESIAN_POINT('Origin',(98.4125,-65.125,6.1));
#15976=CARTESIAN_POINT('',(98.9125,-65.125,6.1));
#15977=CARTESIAN_POINT('',(98.4125,-64.625,6.1));
#15978=CARTESIAN_POINT('Origin',(98.4125,-65.125,6.1));
#15979=CARTESIAN_POINT('',(98.4125,-64.625,4.6));
#15980=CARTESIAN_POINT('',(98.4125,-64.625,6.1));
#15981=CARTESIAN_POINT('',(98.9125,-65.125,4.6));
#15982=CARTESIAN_POINT('Origin',(98.4125,-65.125,4.6));
#15983=CARTESIAN_POINT('',(98.9125,-65.125,6.1));
#15984=CARTESIAN_POINT('Origin',(98.9125,-78.125,6.1));
#15985=CARTESIAN_POINT('',(98.9125,-78.125,6.1));
#15986=CARTESIAN_POINT('',(98.9125,-65.125,6.1));
#15987=CARTESIAN_POINT('',(98.9125,-78.125,4.6));
#15988=CARTESIAN_POINT('',(98.9125,-65.125,4.6));
#15989=CARTESIAN_POINT('',(98.9125,-78.125,6.1));
#15990=CARTESIAN_POINT('Origin',(98.4125,-78.125,6.1));
#15991=CARTESIAN_POINT('',(98.4125,-78.625,6.1));
#15992=CARTESIAN_POINT('Origin',(98.4125,-78.125,6.1));
#15993=CARTESIAN_POINT('',(98.4125,-78.625,4.6));
#15994=CARTESIAN_POINT('Origin',(98.4125,-78.125,4.6));
#15995=CARTESIAN_POINT('',(98.4125,-78.625,6.1));
#15996=CARTESIAN_POINT('Origin',(85.4125,-78.625,6.1));
#15997=CARTESIAN_POINT('',(85.4125,-78.625,6.1));
#15998=CARTESIAN_POINT('',(85.4125,-78.625,6.1));
#15999=CARTESIAN_POINT('',(85.4125,-78.625,4.6));
#16000=CARTESIAN_POINT('',(85.4125,-78.625,4.6));
#16001=CARTESIAN_POINT('',(85.4125,-78.625,6.1));
#16002=CARTESIAN_POINT('Origin',(85.4125,-78.125,6.1));
#16003=CARTESIAN_POINT('',(84.9125,-78.125,6.1));
#16004=CARTESIAN_POINT('Origin',(85.4125,-78.125,6.1));
#16005=CARTESIAN_POINT('',(84.9125,-78.125,4.6));
#16006=CARTESIAN_POINT('Origin',(85.4125,-78.125,4.6));
#16007=CARTESIAN_POINT('',(84.9125,-78.125,6.1));
#16008=CARTESIAN_POINT('Origin',(84.9125,-65.125,6.1));
#16009=CARTESIAN_POINT('',(84.9125,-65.125,6.1));
#16010=CARTESIAN_POINT('',(84.9125,-65.125,6.1));
#16011=CARTESIAN_POINT('',(84.9125,-65.125,4.6));
#16012=CARTESIAN_POINT('',(84.9125,-65.125,4.6));
#16013=CARTESIAN_POINT('',(84.9125,-65.125,6.1));
#16014=CARTESIAN_POINT('Origin',(85.4125,-65.125,6.1));
#16015=CARTESIAN_POINT('',(85.4125,-64.625,6.1));
#16016=CARTESIAN_POINT('Origin',(85.4125,-65.125,6.1));
#16017=CARTESIAN_POINT('',(85.4125,-64.625,4.6));
#16018=CARTESIAN_POINT('Origin',(85.4125,-65.125,4.6));
#16019=CARTESIAN_POINT('',(85.4125,-64.625,6.1));
#16020=CARTESIAN_POINT('Origin',(98.4125,-64.625,6.1));
#16021=CARTESIAN_POINT('',(85.4125,-64.625,6.1));
#16022=CARTESIAN_POINT('',(85.4125,-64.625,4.6));
#16023=CARTESIAN_POINT('Origin',(79.3625,-65.125,6.1));
#16024=CARTESIAN_POINT('',(79.8625,-65.125,6.1));
#16025=CARTESIAN_POINT('',(79.3625,-64.625,6.1));
#16026=CARTESIAN_POINT('Origin',(79.3625,-65.125,6.1));
#16027=CARTESIAN_POINT('',(79.3625,-64.625,4.6));
#16028=CARTESIAN_POINT('',(79.3625,-64.625,6.1));
#16029=CARTESIAN_POINT('',(79.8625,-65.125,4.6));
#16030=CARTESIAN_POINT('Origin',(79.3625,-65.125,4.6));
#16031=CARTESIAN_POINT('',(79.8625,-65.125,6.1));
#16032=CARTESIAN_POINT('Origin',(79.8625,-78.125,6.1));
#16033=CARTESIAN_POINT('',(79.8625,-78.125,6.1));
#16034=CARTESIAN_POINT('',(79.8625,-65.125,6.1));
#16035=CARTESIAN_POINT('',(79.8625,-78.125,4.6));
#16036=CARTESIAN_POINT('',(79.8625,-65.125,4.6));
#16037=CARTESIAN_POINT('',(79.8625,-78.125,6.1));
#16038=CARTESIAN_POINT('Origin',(79.3625,-78.125,6.1));
#16039=CARTESIAN_POINT('',(79.3625,-78.625,6.1));
#16040=CARTESIAN_POINT('Origin',(79.3625,-78.125,6.1));
#16041=CARTESIAN_POINT('',(79.3625,-78.625,4.6));
#16042=CARTESIAN_POINT('Origin',(79.3625,-78.125,4.6));
#16043=CARTESIAN_POINT('',(79.3625,-78.625,6.1));
#16044=CARTESIAN_POINT('Origin',(66.3625,-78.625,6.1));
#16045=CARTESIAN_POINT('',(66.3625,-78.625,6.1));
#16046=CARTESIAN_POINT('',(66.3625,-78.625,6.1));
#16047=CARTESIAN_POINT('',(66.3625,-78.625,4.6));
#16048=CARTESIAN_POINT('',(66.3625,-78.625,4.6));
#16049=CARTESIAN_POINT('',(66.3625,-78.625,6.1));
#16050=CARTESIAN_POINT('Origin',(66.3625,-78.125,6.1));
#16051=CARTESIAN_POINT('',(65.8625,-78.125,6.1));
#16052=CARTESIAN_POINT('Origin',(66.3625,-78.125,6.1));
#16053=CARTESIAN_POINT('',(65.8625,-78.125,4.6));
#16054=CARTESIAN_POINT('Origin',(66.3625,-78.125,4.6));
#16055=CARTESIAN_POINT('',(65.8625,-78.125,6.1));
#16056=CARTESIAN_POINT('Origin',(65.8625,-65.125,6.1));
#16057=CARTESIAN_POINT('',(65.8625,-65.125,6.1));
#16058=CARTESIAN_POINT('',(65.8625,-65.125,6.1));
#16059=CARTESIAN_POINT('',(65.8625,-65.125,4.6));
#16060=CARTESIAN_POINT('',(65.8625,-65.125,4.6));
#16061=CARTESIAN_POINT('',(65.8625,-65.125,6.1));
#16062=CARTESIAN_POINT('Origin',(66.3625,-65.125,6.1));
#16063=CARTESIAN_POINT('',(66.3625,-64.625,6.1));
#16064=CARTESIAN_POINT('Origin',(66.3625,-65.125,6.1));
#16065=CARTESIAN_POINT('',(66.3625,-64.625,4.6));
#16066=CARTESIAN_POINT('Origin',(66.3625,-65.125,4.6));
#16067=CARTESIAN_POINT('',(66.3625,-64.625,6.1));
#16068=CARTESIAN_POINT('Origin',(79.3625,-64.625,6.1));
#16069=CARTESIAN_POINT('',(66.3625,-64.625,6.1));
#16070=CARTESIAN_POINT('',(66.3625,-64.625,4.6));
#16071=CARTESIAN_POINT('Origin',(55.55,-65.125,6.1));
#16072=CARTESIAN_POINT('',(56.05,-65.125,6.1));
#16073=CARTESIAN_POINT('',(55.55,-64.625,6.1));
#16074=CARTESIAN_POINT('Origin',(55.55,-65.125,6.1));
#16075=CARTESIAN_POINT('',(55.55,-64.625,4.6));
#16076=CARTESIAN_POINT('',(55.55,-64.625,6.1));
#16077=CARTESIAN_POINT('',(56.05,-65.125,4.6));
#16078=CARTESIAN_POINT('Origin',(55.55,-65.125,4.6));
#16079=CARTESIAN_POINT('',(56.05,-65.125,6.1));
#16080=CARTESIAN_POINT('Origin',(56.05,-78.125,6.1));
#16081=CARTESIAN_POINT('',(56.05,-78.125,6.1));
#16082=CARTESIAN_POINT('',(56.05,-65.125,6.1));
#16083=CARTESIAN_POINT('',(56.05,-78.125,4.6));
#16084=CARTESIAN_POINT('',(56.05,-65.125,4.6));
#16085=CARTESIAN_POINT('',(56.05,-78.125,6.1));
#16086=CARTESIAN_POINT('Origin',(55.55,-78.125,6.1));
#16087=CARTESIAN_POINT('',(55.55,-78.625,6.1));
#16088=CARTESIAN_POINT('Origin',(55.55,-78.125,6.1));
#16089=CARTESIAN_POINT('',(55.55,-78.625,4.6));
#16090=CARTESIAN_POINT('Origin',(55.55,-78.125,4.6));
#16091=CARTESIAN_POINT('',(55.55,-78.625,6.1));
#16092=CARTESIAN_POINT('Origin',(42.55,-78.625,6.1));
#16093=CARTESIAN_POINT('',(42.55,-78.625,6.1));
#16094=CARTESIAN_POINT('',(42.55,-78.625,6.1));
#16095=CARTESIAN_POINT('',(42.55,-78.625,4.6));
#16096=CARTESIAN_POINT('',(42.55,-78.625,4.6));
#16097=CARTESIAN_POINT('',(42.55,-78.625,6.1));
#16098=CARTESIAN_POINT('Origin',(42.55,-78.125,6.1));
#16099=CARTESIAN_POINT('',(42.05,-78.125,6.1));
#16100=CARTESIAN_POINT('Origin',(42.55,-78.125,6.1));
#16101=CARTESIAN_POINT('',(42.05,-78.125,4.6));
#16102=CARTESIAN_POINT('Origin',(42.55,-78.125,4.6));
#16103=CARTESIAN_POINT('',(42.05,-78.125,6.1));
#16104=CARTESIAN_POINT('Origin',(42.05,-65.125,6.1));
#16105=CARTESIAN_POINT('',(42.05,-65.125,6.1));
#16106=CARTESIAN_POINT('',(42.05,-65.125,6.1));
#16107=CARTESIAN_POINT('',(42.05,-65.125,4.6));
#16108=CARTESIAN_POINT('',(42.05,-65.125,4.6));
#16109=CARTESIAN_POINT('',(42.05,-65.125,6.1));
#16110=CARTESIAN_POINT('Origin',(42.55,-65.125,6.1));
#16111=CARTESIAN_POINT('',(42.55,-64.625,6.1));
#16112=CARTESIAN_POINT('Origin',(42.55,-65.125,6.1));
#16113=CARTESIAN_POINT('',(42.55,-64.625,4.6));
#16114=CARTESIAN_POINT('Origin',(42.55,-65.125,4.6));
#16115=CARTESIAN_POINT('',(42.55,-64.625,6.1));
#16116=CARTESIAN_POINT('Origin',(55.55,-64.625,6.1));
#16117=CARTESIAN_POINT('',(42.55,-64.625,6.1));
#16118=CARTESIAN_POINT('',(42.55,-64.625,4.6));
#16119=CARTESIAN_POINT('Origin',(260.3375,-46.075,6.1));
#16120=CARTESIAN_POINT('',(260.8375,-46.075,6.1));
#16121=CARTESIAN_POINT('',(260.3375,-45.575,6.1));
#16122=CARTESIAN_POINT('Origin',(260.3375,-46.075,6.1));
#16123=CARTESIAN_POINT('',(260.3375,-45.575,4.6));
#16124=CARTESIAN_POINT('',(260.3375,-45.575,6.1));
#16125=CARTESIAN_POINT('',(260.8375,-46.075,4.6));
#16126=CARTESIAN_POINT('Origin',(260.3375,-46.075,4.6));
#16127=CARTESIAN_POINT('',(260.8375,-46.075,6.1));
#16128=CARTESIAN_POINT('Origin',(260.8375,-59.075,6.1));
#16129=CARTESIAN_POINT('',(260.8375,-59.075,6.1));
#16130=CARTESIAN_POINT('',(260.8375,-46.075,6.1));
#16131=CARTESIAN_POINT('',(260.8375,-59.075,4.6));
#16132=CARTESIAN_POINT('',(260.8375,-46.075,4.6));
#16133=CARTESIAN_POINT('',(260.8375,-59.075,6.1));
#16134=CARTESIAN_POINT('Origin',(260.3375,-59.075,6.1));
#16135=CARTESIAN_POINT('',(260.3375,-59.575,6.1));
#16136=CARTESIAN_POINT('Origin',(260.3375,-59.075,6.1));
#16137=CARTESIAN_POINT('',(260.3375,-59.575,4.6));
#16138=CARTESIAN_POINT('Origin',(260.3375,-59.075,4.6));
#16139=CARTESIAN_POINT('',(260.3375,-59.575,6.1));
#16140=CARTESIAN_POINT('Origin',(247.3375,-59.575,6.1));
#16141=CARTESIAN_POINT('',(247.3375,-59.575,6.1));
#16142=CARTESIAN_POINT('',(247.3375,-59.575,6.1));
#16143=CARTESIAN_POINT('',(247.3375,-59.575,4.6));
#16144=CARTESIAN_POINT('',(247.3375,-59.575,4.6));
#16145=CARTESIAN_POINT('',(247.3375,-59.575,6.1));
#16146=CARTESIAN_POINT('Origin',(247.3375,-59.075,6.1));
#16147=CARTESIAN_POINT('',(246.8375,-59.075,6.1));
#16148=CARTESIAN_POINT('Origin',(247.3375,-59.075,6.1));
#16149=CARTESIAN_POINT('',(246.8375,-59.075,4.6));
#16150=CARTESIAN_POINT('Origin',(247.3375,-59.075,4.6));
#16151=CARTESIAN_POINT('',(246.8375,-59.075,6.1));
#16152=CARTESIAN_POINT('Origin',(246.8375,-46.075,6.1));
#16153=CARTESIAN_POINT('',(246.8375,-46.075,6.1));
#16154=CARTESIAN_POINT('',(246.8375,-46.075,6.1));
#16155=CARTESIAN_POINT('',(246.8375,-46.075,4.6));
#16156=CARTESIAN_POINT('',(246.8375,-46.075,4.6));
#16157=CARTESIAN_POINT('',(246.8375,-46.075,6.1));
#16158=CARTESIAN_POINT('Origin',(247.3375,-46.075,6.1));
#16159=CARTESIAN_POINT('',(247.3375,-45.575,6.1));
#16160=CARTESIAN_POINT('Origin',(247.3375,-46.075,6.1));
#16161=CARTESIAN_POINT('',(247.3375,-45.575,4.6));
#16162=CARTESIAN_POINT('Origin',(247.3375,-46.075,4.6));
#16163=CARTESIAN_POINT('',(247.3375,-45.575,6.1));
#16164=CARTESIAN_POINT('Origin',(260.3375,-45.575,6.1));
#16165=CARTESIAN_POINT('',(247.3375,-45.575,6.1));
#16166=CARTESIAN_POINT('',(247.3375,-45.575,4.6));
#16167=CARTESIAN_POINT('Origin',(241.2875,-46.075,6.1));
#16168=CARTESIAN_POINT('',(241.7875,-46.075,6.1));
#16169=CARTESIAN_POINT('',(241.2875,-45.575,6.1));
#16170=CARTESIAN_POINT('Origin',(241.2875,-46.075,6.1));
#16171=CARTESIAN_POINT('',(241.2875,-45.575,4.6));
#16172=CARTESIAN_POINT('',(241.2875,-45.575,6.1));
#16173=CARTESIAN_POINT('',(241.7875,-46.075,4.6));
#16174=CARTESIAN_POINT('Origin',(241.2875,-46.075,4.6));
#16175=CARTESIAN_POINT('',(241.7875,-46.075,6.1));
#16176=CARTESIAN_POINT('Origin',(241.7875,-59.075,6.1));
#16177=CARTESIAN_POINT('',(241.7875,-59.075,6.1));
#16178=CARTESIAN_POINT('',(241.7875,-46.075,6.1));
#16179=CARTESIAN_POINT('',(241.7875,-59.075,4.6));
#16180=CARTESIAN_POINT('',(241.7875,-46.075,4.6));
#16181=CARTESIAN_POINT('',(241.7875,-59.075,6.1));
#16182=CARTESIAN_POINT('Origin',(241.2875,-59.075,6.1));
#16183=CARTESIAN_POINT('',(241.2875,-59.575,6.1));
#16184=CARTESIAN_POINT('Origin',(241.2875,-59.075,6.1));
#16185=CARTESIAN_POINT('',(241.2875,-59.575,4.6));
#16186=CARTESIAN_POINT('Origin',(241.2875,-59.075,4.6));
#16187=CARTESIAN_POINT('',(241.2875,-59.575,6.1));
#16188=CARTESIAN_POINT('Origin',(228.2875,-59.575,6.1));
#16189=CARTESIAN_POINT('',(228.2875,-59.575,6.1));
#16190=CARTESIAN_POINT('',(228.2875,-59.575,6.1));
#16191=CARTESIAN_POINT('',(228.2875,-59.575,4.6));
#16192=CARTESIAN_POINT('',(228.2875,-59.575,4.6));
#16193=CARTESIAN_POINT('',(228.2875,-59.575,6.1));
#16194=CARTESIAN_POINT('Origin',(228.2875,-59.075,6.1));
#16195=CARTESIAN_POINT('',(227.7875,-59.075,6.1));
#16196=CARTESIAN_POINT('Origin',(228.2875,-59.075,6.1));
#16197=CARTESIAN_POINT('',(227.7875,-59.075,4.6));
#16198=CARTESIAN_POINT('Origin',(228.2875,-59.075,4.6));
#16199=CARTESIAN_POINT('',(227.7875,-59.075,6.1));
#16200=CARTESIAN_POINT('Origin',(227.7875,-46.075,6.1));
#16201=CARTESIAN_POINT('',(227.7875,-46.075,6.1));
#16202=CARTESIAN_POINT('',(227.7875,-46.075,6.1));
#16203=CARTESIAN_POINT('',(227.7875,-46.075,4.6));
#16204=CARTESIAN_POINT('',(227.7875,-46.075,4.6));
#16205=CARTESIAN_POINT('',(227.7875,-46.075,6.1));
#16206=CARTESIAN_POINT('Origin',(228.2875,-46.075,6.1));
#16207=CARTESIAN_POINT('',(228.2875,-45.575,6.1));
#16208=CARTESIAN_POINT('Origin',(228.2875,-46.075,6.1));
#16209=CARTESIAN_POINT('',(228.2875,-45.575,4.6));
#16210=CARTESIAN_POINT('Origin',(228.2875,-46.075,4.6));
#16211=CARTESIAN_POINT('',(228.2875,-45.575,6.1));
#16212=CARTESIAN_POINT('Origin',(241.2875,-45.575,6.1));
#16213=CARTESIAN_POINT('',(228.2875,-45.575,6.1));
#16214=CARTESIAN_POINT('',(228.2875,-45.575,4.6));
#16215=CARTESIAN_POINT('Origin',(222.2375,-46.075,6.1));
#16216=CARTESIAN_POINT('',(222.7375,-46.075,6.1));
#16217=CARTESIAN_POINT('',(222.2375,-45.575,6.1));
#16218=CARTESIAN_POINT('Origin',(222.2375,-46.075,6.1));
#16219=CARTESIAN_POINT('',(222.2375,-45.575,4.6));
#16220=CARTESIAN_POINT('',(222.2375,-45.575,6.1));
#16221=CARTESIAN_POINT('',(222.7375,-46.075,4.6));
#16222=CARTESIAN_POINT('Origin',(222.2375,-46.075,4.6));
#16223=CARTESIAN_POINT('',(222.7375,-46.075,6.1));
#16224=CARTESIAN_POINT('Origin',(222.7375,-59.075,6.1));
#16225=CARTESIAN_POINT('',(222.7375,-59.075,6.1));
#16226=CARTESIAN_POINT('',(222.7375,-46.075,6.1));
#16227=CARTESIAN_POINT('',(222.7375,-59.075,4.6));
#16228=CARTESIAN_POINT('',(222.7375,-46.075,4.6));
#16229=CARTESIAN_POINT('',(222.7375,-59.075,6.1));
#16230=CARTESIAN_POINT('Origin',(222.2375,-59.075,6.1));
#16231=CARTESIAN_POINT('',(222.2375,-59.575,6.1));
#16232=CARTESIAN_POINT('Origin',(222.2375,-59.075,6.1));
#16233=CARTESIAN_POINT('',(222.2375,-59.575,4.6));
#16234=CARTESIAN_POINT('Origin',(222.2375,-59.075,4.6));
#16235=CARTESIAN_POINT('',(222.2375,-59.575,6.1));
#16236=CARTESIAN_POINT('Origin',(209.2375,-59.575,6.1));
#16237=CARTESIAN_POINT('',(209.2375,-59.575,6.1));
#16238=CARTESIAN_POINT('',(209.2375,-59.575,6.1));
#16239=CARTESIAN_POINT('',(209.2375,-59.575,4.6));
#16240=CARTESIAN_POINT('',(209.2375,-59.575,4.6));
#16241=CARTESIAN_POINT('',(209.2375,-59.575,6.1));
#16242=CARTESIAN_POINT('Origin',(209.2375,-59.075,6.1));
#16243=CARTESIAN_POINT('',(208.7375,-59.075,6.1));
#16244=CARTESIAN_POINT('Origin',(209.2375,-59.075,6.1));
#16245=CARTESIAN_POINT('',(208.7375,-59.075,4.6));
#16246=CARTESIAN_POINT('Origin',(209.2375,-59.075,4.6));
#16247=CARTESIAN_POINT('',(208.7375,-59.075,6.1));
#16248=CARTESIAN_POINT('Origin',(208.7375,-46.075,6.1));
#16249=CARTESIAN_POINT('',(208.7375,-46.075,6.1));
#16250=CARTESIAN_POINT('',(208.7375,-46.075,6.1));
#16251=CARTESIAN_POINT('',(208.7375,-46.075,4.6));
#16252=CARTESIAN_POINT('',(208.7375,-46.075,4.6));
#16253=CARTESIAN_POINT('',(208.7375,-46.075,6.1));
#16254=CARTESIAN_POINT('Origin',(209.2375,-46.075,6.1));
#16255=CARTESIAN_POINT('',(209.2375,-45.575,6.1));
#16256=CARTESIAN_POINT('Origin',(209.2375,-46.075,6.1));
#16257=CARTESIAN_POINT('',(209.2375,-45.575,4.6));
#16258=CARTESIAN_POINT('Origin',(209.2375,-46.075,4.6));
#16259=CARTESIAN_POINT('',(209.2375,-45.575,6.1));
#16260=CARTESIAN_POINT('Origin',(222.2375,-45.575,6.1));
#16261=CARTESIAN_POINT('',(209.2375,-45.575,6.1));
#16262=CARTESIAN_POINT('',(209.2375,-45.575,4.6));
#16263=CARTESIAN_POINT('Origin',(203.1875,-46.075,6.1));
#16264=CARTESIAN_POINT('',(203.6875,-46.075,6.1));
#16265=CARTESIAN_POINT('',(203.1875,-45.575,6.1));
#16266=CARTESIAN_POINT('Origin',(203.1875,-46.075,6.1));
#16267=CARTESIAN_POINT('',(203.1875,-45.575,4.6));
#16268=CARTESIAN_POINT('',(203.1875,-45.575,6.1));
#16269=CARTESIAN_POINT('',(203.6875,-46.075,4.6));
#16270=CARTESIAN_POINT('Origin',(203.1875,-46.075,4.6));
#16271=CARTESIAN_POINT('',(203.6875,-46.075,6.1));
#16272=CARTESIAN_POINT('Origin',(203.6875,-59.075,6.1));
#16273=CARTESIAN_POINT('',(203.6875,-59.075,6.1));
#16274=CARTESIAN_POINT('',(203.6875,-46.075,6.1));
#16275=CARTESIAN_POINT('',(203.6875,-59.075,4.6));
#16276=CARTESIAN_POINT('',(203.6875,-46.075,4.6));
#16277=CARTESIAN_POINT('',(203.6875,-59.075,6.1));
#16278=CARTESIAN_POINT('Origin',(203.1875,-59.075,6.1));
#16279=CARTESIAN_POINT('',(203.1875,-59.575,6.1));
#16280=CARTESIAN_POINT('Origin',(203.1875,-59.075,6.1));
#16281=CARTESIAN_POINT('',(203.1875,-59.575,4.6));
#16282=CARTESIAN_POINT('Origin',(203.1875,-59.075,4.6));
#16283=CARTESIAN_POINT('',(203.1875,-59.575,6.1));
#16284=CARTESIAN_POINT('Origin',(190.1875,-59.575,6.1));
#16285=CARTESIAN_POINT('',(190.1875,-59.575,6.1));
#16286=CARTESIAN_POINT('',(190.1875,-59.575,6.1));
#16287=CARTESIAN_POINT('',(190.1875,-59.575,4.6));
#16288=CARTESIAN_POINT('',(190.1875,-59.575,4.6));
#16289=CARTESIAN_POINT('',(190.1875,-59.575,6.1));
#16290=CARTESIAN_POINT('Origin',(190.1875,-59.075,6.1));
#16291=CARTESIAN_POINT('',(189.6875,-59.075,6.1));
#16292=CARTESIAN_POINT('Origin',(190.1875,-59.075,6.1));
#16293=CARTESIAN_POINT('',(189.6875,-59.075,4.6));
#16294=CARTESIAN_POINT('Origin',(190.1875,-59.075,4.6));
#16295=CARTESIAN_POINT('',(189.6875,-59.075,6.1));
#16296=CARTESIAN_POINT('Origin',(189.6875,-46.075,6.1));
#16297=CARTESIAN_POINT('',(189.6875,-46.075,6.1));
#16298=CARTESIAN_POINT('',(189.6875,-46.075,6.1));
#16299=CARTESIAN_POINT('',(189.6875,-46.075,4.6));
#16300=CARTESIAN_POINT('',(189.6875,-46.075,4.6));
#16301=CARTESIAN_POINT('',(189.6875,-46.075,6.1));
#16302=CARTESIAN_POINT('Origin',(190.1875,-46.075,6.1));
#16303=CARTESIAN_POINT('',(190.1875,-45.575,6.1));
#16304=CARTESIAN_POINT('Origin',(190.1875,-46.075,6.1));
#16305=CARTESIAN_POINT('',(190.1875,-45.575,4.6));
#16306=CARTESIAN_POINT('Origin',(190.1875,-46.075,4.6));
#16307=CARTESIAN_POINT('',(190.1875,-45.575,6.1));
#16308=CARTESIAN_POINT('Origin',(203.1875,-45.575,6.1));
#16309=CARTESIAN_POINT('',(190.1875,-45.575,6.1));
#16310=CARTESIAN_POINT('',(190.1875,-45.575,4.6));
#16311=CARTESIAN_POINT('Origin',(184.1375,-46.075,6.1));
#16312=CARTESIAN_POINT('',(184.6375,-46.075,6.1));
#16313=CARTESIAN_POINT('',(184.1375,-45.575,6.1));
#16314=CARTESIAN_POINT('Origin',(184.1375,-46.075,6.1));
#16315=CARTESIAN_POINT('',(184.1375,-45.575,4.6));
#16316=CARTESIAN_POINT('',(184.1375,-45.575,6.1));
#16317=CARTESIAN_POINT('',(184.6375,-46.075,4.6));
#16318=CARTESIAN_POINT('Origin',(184.1375,-46.075,4.6));
#16319=CARTESIAN_POINT('',(184.6375,-46.075,6.1));
#16320=CARTESIAN_POINT('Origin',(184.6375,-59.075,6.1));
#16321=CARTESIAN_POINT('',(184.6375,-59.075,6.1));
#16322=CARTESIAN_POINT('',(184.6375,-46.075,6.1));
#16323=CARTESIAN_POINT('',(184.6375,-59.075,4.6));
#16324=CARTESIAN_POINT('',(184.6375,-46.075,4.6));
#16325=CARTESIAN_POINT('',(184.6375,-59.075,6.1));
#16326=CARTESIAN_POINT('Origin',(184.1375,-59.075,6.1));
#16327=CARTESIAN_POINT('',(184.1375,-59.575,6.1));
#16328=CARTESIAN_POINT('Origin',(184.1375,-59.075,6.1));
#16329=CARTESIAN_POINT('',(184.1375,-59.575,4.6));
#16330=CARTESIAN_POINT('Origin',(184.1375,-59.075,4.6));
#16331=CARTESIAN_POINT('',(184.1375,-59.575,6.1));
#16332=CARTESIAN_POINT('Origin',(171.1375,-59.575,6.1));
#16333=CARTESIAN_POINT('',(171.1375,-59.575,6.1));
#16334=CARTESIAN_POINT('',(171.1375,-59.575,6.1));
#16335=CARTESIAN_POINT('',(171.1375,-59.575,4.6));
#16336=CARTESIAN_POINT('',(171.1375,-59.575,4.6));
#16337=CARTESIAN_POINT('',(171.1375,-59.575,6.1));
#16338=CARTESIAN_POINT('Origin',(171.1375,-59.075,6.1));
#16339=CARTESIAN_POINT('',(170.6375,-59.075,6.1));
#16340=CARTESIAN_POINT('Origin',(171.1375,-59.075,6.1));
#16341=CARTESIAN_POINT('',(170.6375,-59.075,4.6));
#16342=CARTESIAN_POINT('Origin',(171.1375,-59.075,4.6));
#16343=CARTESIAN_POINT('',(170.6375,-59.075,6.1));
#16344=CARTESIAN_POINT('Origin',(170.6375,-46.075,6.1));
#16345=CARTESIAN_POINT('',(170.6375,-46.075,6.1));
#16346=CARTESIAN_POINT('',(170.6375,-46.075,6.1));
#16347=CARTESIAN_POINT('',(170.6375,-46.075,4.6));
#16348=CARTESIAN_POINT('',(170.6375,-46.075,4.6));
#16349=CARTESIAN_POINT('',(170.6375,-46.075,6.1));
#16350=CARTESIAN_POINT('Origin',(171.1375,-46.075,6.1));
#16351=CARTESIAN_POINT('',(171.1375,-45.575,6.1));
#16352=CARTESIAN_POINT('Origin',(171.1375,-46.075,6.1));
#16353=CARTESIAN_POINT('',(171.1375,-45.575,4.6));
#16354=CARTESIAN_POINT('Origin',(171.1375,-46.075,4.6));
#16355=CARTESIAN_POINT('',(171.1375,-45.575,6.1));
#16356=CARTESIAN_POINT('Origin',(184.1375,-45.575,6.1));
#16357=CARTESIAN_POINT('',(171.1375,-45.575,6.1));
#16358=CARTESIAN_POINT('',(171.1375,-45.575,4.6));
#16359=CARTESIAN_POINT('Origin',(165.0875,-46.075,6.1));
#16360=CARTESIAN_POINT('',(165.5875,-46.075,6.1));
#16361=CARTESIAN_POINT('',(165.0875,-45.575,6.1));
#16362=CARTESIAN_POINT('Origin',(165.0875,-46.075,6.1));
#16363=CARTESIAN_POINT('',(165.0875,-45.575,4.6));
#16364=CARTESIAN_POINT('',(165.0875,-45.575,6.1));
#16365=CARTESIAN_POINT('',(165.5875,-46.075,4.6));
#16366=CARTESIAN_POINT('Origin',(165.0875,-46.075,4.6));
#16367=CARTESIAN_POINT('',(165.5875,-46.075,6.1));
#16368=CARTESIAN_POINT('Origin',(165.5875,-59.075,6.1));
#16369=CARTESIAN_POINT('',(165.5875,-59.075,6.1));
#16370=CARTESIAN_POINT('',(165.5875,-46.075,6.1));
#16371=CARTESIAN_POINT('',(165.5875,-59.075,4.6));
#16372=CARTESIAN_POINT('',(165.5875,-46.075,4.6));
#16373=CARTESIAN_POINT('',(165.5875,-59.075,6.1));
#16374=CARTESIAN_POINT('Origin',(165.0875,-59.075,6.1));
#16375=CARTESIAN_POINT('',(165.0875,-59.575,6.1));
#16376=CARTESIAN_POINT('Origin',(165.0875,-59.075,6.1));
#16377=CARTESIAN_POINT('',(165.0875,-59.575,4.6));
#16378=CARTESIAN_POINT('Origin',(165.0875,-59.075,4.6));
#16379=CARTESIAN_POINT('',(165.0875,-59.575,6.1));
#16380=CARTESIAN_POINT('Origin',(152.0875,-59.575,6.1));
#16381=CARTESIAN_POINT('',(152.0875,-59.575,6.1));
#16382=CARTESIAN_POINT('',(152.0875,-59.575,6.1));
#16383=CARTESIAN_POINT('',(152.0875,-59.575,4.6));
#16384=CARTESIAN_POINT('',(152.0875,-59.575,4.6));
#16385=CARTESIAN_POINT('',(152.0875,-59.575,6.1));
#16386=CARTESIAN_POINT('Origin',(152.0875,-59.075,6.1));
#16387=CARTESIAN_POINT('',(151.5875,-59.075,6.1));
#16388=CARTESIAN_POINT('Origin',(152.0875,-59.075,6.1));
#16389=CARTESIAN_POINT('',(151.5875,-59.075,4.6));
#16390=CARTESIAN_POINT('Origin',(152.0875,-59.075,4.6));
#16391=CARTESIAN_POINT('',(151.5875,-59.075,6.1));
#16392=CARTESIAN_POINT('Origin',(151.5875,-46.075,6.1));
#16393=CARTESIAN_POINT('',(151.5875,-46.075,6.1));
#16394=CARTESIAN_POINT('',(151.5875,-46.075,6.1));
#16395=CARTESIAN_POINT('',(151.5875,-46.075,4.6));
#16396=CARTESIAN_POINT('',(151.5875,-46.075,4.6));
#16397=CARTESIAN_POINT('',(151.5875,-46.075,6.1));
#16398=CARTESIAN_POINT('Origin',(152.0875,-46.075,6.1));
#16399=CARTESIAN_POINT('',(152.0875,-45.575,6.1));
#16400=CARTESIAN_POINT('Origin',(152.0875,-46.075,6.1));
#16401=CARTESIAN_POINT('',(152.0875,-45.575,4.6));
#16402=CARTESIAN_POINT('Origin',(152.0875,-46.075,4.6));
#16403=CARTESIAN_POINT('',(152.0875,-45.575,6.1));
#16404=CARTESIAN_POINT('Origin',(165.0875,-45.575,6.1));
#16405=CARTESIAN_POINT('',(152.0875,-45.575,6.1));
#16406=CARTESIAN_POINT('',(152.0875,-45.575,4.6));
#16407=CARTESIAN_POINT('Origin',(146.0375,-46.075,6.1));
#16408=CARTESIAN_POINT('',(146.5375,-46.075,6.1));
#16409=CARTESIAN_POINT('',(146.0375,-45.575,6.1));
#16410=CARTESIAN_POINT('Origin',(146.0375,-46.075,6.1));
#16411=CARTESIAN_POINT('',(146.0375,-45.575,4.6));
#16412=CARTESIAN_POINT('',(146.0375,-45.575,6.1));
#16413=CARTESIAN_POINT('',(146.5375,-46.075,4.6));
#16414=CARTESIAN_POINT('Origin',(146.0375,-46.075,4.6));
#16415=CARTESIAN_POINT('',(146.5375,-46.075,6.1));
#16416=CARTESIAN_POINT('Origin',(146.5375,-59.075,6.1));
#16417=CARTESIAN_POINT('',(146.5375,-59.075,6.1));
#16418=CARTESIAN_POINT('',(146.5375,-46.075,6.1));
#16419=CARTESIAN_POINT('',(146.5375,-59.075,4.6));
#16420=CARTESIAN_POINT('',(146.5375,-46.075,4.6));
#16421=CARTESIAN_POINT('',(146.5375,-59.075,6.1));
#16422=CARTESIAN_POINT('Origin',(146.0375,-59.075,6.1));
#16423=CARTESIAN_POINT('',(146.0375,-59.575,6.1));
#16424=CARTESIAN_POINT('Origin',(146.0375,-59.075,6.1));
#16425=CARTESIAN_POINT('',(146.0375,-59.575,4.6));
#16426=CARTESIAN_POINT('Origin',(146.0375,-59.075,4.6));
#16427=CARTESIAN_POINT('',(146.0375,-59.575,6.1));
#16428=CARTESIAN_POINT('Origin',(133.0375,-59.575,6.1));
#16429=CARTESIAN_POINT('',(133.0375,-59.575,6.1));
#16430=CARTESIAN_POINT('',(133.0375,-59.575,6.1));
#16431=CARTESIAN_POINT('',(133.0375,-59.575,4.6));
#16432=CARTESIAN_POINT('',(133.0375,-59.575,4.6));
#16433=CARTESIAN_POINT('',(133.0375,-59.575,6.1));
#16434=CARTESIAN_POINT('Origin',(133.0375,-59.075,6.1));
#16435=CARTESIAN_POINT('',(132.5375,-59.075,6.1));
#16436=CARTESIAN_POINT('Origin',(133.0375,-59.075,6.1));
#16437=CARTESIAN_POINT('',(132.5375,-59.075,4.6));
#16438=CARTESIAN_POINT('Origin',(133.0375,-59.075,4.6));
#16439=CARTESIAN_POINT('',(132.5375,-59.075,6.1));
#16440=CARTESIAN_POINT('Origin',(132.5375,-46.075,6.1));
#16441=CARTESIAN_POINT('',(132.5375,-46.075,6.1));
#16442=CARTESIAN_POINT('',(132.5375,-46.075,6.1));
#16443=CARTESIAN_POINT('',(132.5375,-46.075,4.6));
#16444=CARTESIAN_POINT('',(132.5375,-46.075,4.6));
#16445=CARTESIAN_POINT('',(132.5375,-46.075,6.1));
#16446=CARTESIAN_POINT('Origin',(133.0375,-46.075,6.1));
#16447=CARTESIAN_POINT('',(133.0375,-45.575,6.1));
#16448=CARTESIAN_POINT('Origin',(133.0375,-46.075,6.1));
#16449=CARTESIAN_POINT('',(133.0375,-45.575,4.6));
#16450=CARTESIAN_POINT('Origin',(133.0375,-46.075,4.6));
#16451=CARTESIAN_POINT('',(133.0375,-45.575,6.1));
#16452=CARTESIAN_POINT('Origin',(146.0375,-45.575,6.1));
#16453=CARTESIAN_POINT('',(133.0375,-45.575,6.1));
#16454=CARTESIAN_POINT('',(133.0375,-45.575,4.6));
#16455=CARTESIAN_POINT('Origin',(126.9875,-46.075,6.1));
#16456=CARTESIAN_POINT('',(127.4875,-46.075,6.1));
#16457=CARTESIAN_POINT('',(126.9875,-45.575,6.1));
#16458=CARTESIAN_POINT('Origin',(126.9875,-46.075,6.1));
#16459=CARTESIAN_POINT('',(126.9875,-45.575,4.6));
#16460=CARTESIAN_POINT('',(126.9875,-45.575,6.1));
#16461=CARTESIAN_POINT('',(127.4875,-46.075,4.6));
#16462=CARTESIAN_POINT('Origin',(126.9875,-46.075,4.6));
#16463=CARTESIAN_POINT('',(127.4875,-46.075,6.1));
#16464=CARTESIAN_POINT('Origin',(127.4875,-59.075,6.1));
#16465=CARTESIAN_POINT('',(127.4875,-59.075,6.1));
#16466=CARTESIAN_POINT('',(127.4875,-46.075,6.1));
#16467=CARTESIAN_POINT('',(127.4875,-59.075,4.6));
#16468=CARTESIAN_POINT('',(127.4875,-46.075,4.6));
#16469=CARTESIAN_POINT('',(127.4875,-59.075,6.1));
#16470=CARTESIAN_POINT('Origin',(126.9875,-59.075,6.1));
#16471=CARTESIAN_POINT('',(126.9875,-59.575,6.1));
#16472=CARTESIAN_POINT('Origin',(126.9875,-59.075,6.1));
#16473=CARTESIAN_POINT('',(126.9875,-59.575,4.6));
#16474=CARTESIAN_POINT('Origin',(126.9875,-59.075,4.6));
#16475=CARTESIAN_POINT('',(126.9875,-59.575,6.1));
#16476=CARTESIAN_POINT('Origin',(113.9875,-59.575,6.1));
#16477=CARTESIAN_POINT('',(113.9875,-59.575,6.1));
#16478=CARTESIAN_POINT('',(113.9875,-59.575,6.1));
#16479=CARTESIAN_POINT('',(113.9875,-59.575,4.6));
#16480=CARTESIAN_POINT('',(113.9875,-59.575,4.6));
#16481=CARTESIAN_POINT('',(113.9875,-59.575,6.1));
#16482=CARTESIAN_POINT('Origin',(113.9875,-59.075,6.1));
#16483=CARTESIAN_POINT('',(113.4875,-59.075,6.1));
#16484=CARTESIAN_POINT('Origin',(113.9875,-59.075,6.1));
#16485=CARTESIAN_POINT('',(113.4875,-59.075,4.6));
#16486=CARTESIAN_POINT('Origin',(113.9875,-59.075,4.6));
#16487=CARTESIAN_POINT('',(113.4875,-59.075,6.1));
#16488=CARTESIAN_POINT('Origin',(113.4875,-46.075,6.1));
#16489=CARTESIAN_POINT('',(113.4875,-46.075,6.1));
#16490=CARTESIAN_POINT('',(113.4875,-46.075,6.1));
#16491=CARTESIAN_POINT('',(113.4875,-46.075,4.6));
#16492=CARTESIAN_POINT('',(113.4875,-46.075,4.6));
#16493=CARTESIAN_POINT('',(113.4875,-46.075,6.1));
#16494=CARTESIAN_POINT('Origin',(113.9875,-46.075,6.1));
#16495=CARTESIAN_POINT('',(113.9875,-45.575,6.1));
#16496=CARTESIAN_POINT('Origin',(113.9875,-46.075,6.1));
#16497=CARTESIAN_POINT('',(113.9875,-45.575,4.6));
#16498=CARTESIAN_POINT('Origin',(113.9875,-46.075,4.6));
#16499=CARTESIAN_POINT('',(113.9875,-45.575,6.1));
#16500=CARTESIAN_POINT('Origin',(126.9875,-45.575,6.1));
#16501=CARTESIAN_POINT('',(113.9875,-45.575,6.1));
#16502=CARTESIAN_POINT('',(113.9875,-45.575,4.6));
#16503=CARTESIAN_POINT('Origin',(107.9375,-46.075,6.1));
#16504=CARTESIAN_POINT('',(108.4375,-46.075,6.1));
#16505=CARTESIAN_POINT('',(107.9375,-45.575,6.1));
#16506=CARTESIAN_POINT('Origin',(107.9375,-46.075,6.1));
#16507=CARTESIAN_POINT('',(107.9375,-45.575,4.6));
#16508=CARTESIAN_POINT('',(107.9375,-45.575,6.1));
#16509=CARTESIAN_POINT('',(108.4375,-46.075,4.6));
#16510=CARTESIAN_POINT('Origin',(107.9375,-46.075,4.6));
#16511=CARTESIAN_POINT('',(108.4375,-46.075,6.1));
#16512=CARTESIAN_POINT('Origin',(108.4375,-59.075,6.1));
#16513=CARTESIAN_POINT('',(108.4375,-59.075,6.1));
#16514=CARTESIAN_POINT('',(108.4375,-46.075,6.1));
#16515=CARTESIAN_POINT('',(108.4375,-59.075,4.6));
#16516=CARTESIAN_POINT('',(108.4375,-46.075,4.6));
#16517=CARTESIAN_POINT('',(108.4375,-59.075,6.1));
#16518=CARTESIAN_POINT('Origin',(107.9375,-59.075,6.1));
#16519=CARTESIAN_POINT('',(107.9375,-59.575,6.1));
#16520=CARTESIAN_POINT('Origin',(107.9375,-59.075,6.1));
#16521=CARTESIAN_POINT('',(107.9375,-59.575,4.6));
#16522=CARTESIAN_POINT('Origin',(107.9375,-59.075,4.6));
#16523=CARTESIAN_POINT('',(107.9375,-59.575,6.1));
#16524=CARTESIAN_POINT('Origin',(94.9375,-59.575,6.1));
#16525=CARTESIAN_POINT('',(94.9375,-59.575,6.1));
#16526=CARTESIAN_POINT('',(94.9375,-59.575,6.1));
#16527=CARTESIAN_POINT('',(94.9375,-59.575,4.6));
#16528=CARTESIAN_POINT('',(94.9375,-59.575,4.6));
#16529=CARTESIAN_POINT('',(94.9375,-59.575,6.1));
#16530=CARTESIAN_POINT('Origin',(94.9375,-59.075,6.1));
#16531=CARTESIAN_POINT('',(94.4375,-59.075,6.1));
#16532=CARTESIAN_POINT('Origin',(94.9375,-59.075,6.1));
#16533=CARTESIAN_POINT('',(94.4375,-59.075,4.6));
#16534=CARTESIAN_POINT('Origin',(94.9375,-59.075,4.6));
#16535=CARTESIAN_POINT('',(94.4375,-59.075,6.1));
#16536=CARTESIAN_POINT('Origin',(94.4375,-46.075,6.1));
#16537=CARTESIAN_POINT('',(94.4375,-46.075,6.1));
#16538=CARTESIAN_POINT('',(94.4375,-46.075,6.1));
#16539=CARTESIAN_POINT('',(94.4375,-46.075,4.6));
#16540=CARTESIAN_POINT('',(94.4375,-46.075,4.6));
#16541=CARTESIAN_POINT('',(94.4375,-46.075,6.1));
#16542=CARTESIAN_POINT('Origin',(94.9375,-46.075,6.1));
#16543=CARTESIAN_POINT('',(94.9375,-45.575,6.1));
#16544=CARTESIAN_POINT('Origin',(94.9375,-46.075,6.1));
#16545=CARTESIAN_POINT('',(94.9375,-45.575,4.6));
#16546=CARTESIAN_POINT('Origin',(94.9375,-46.075,4.6));
#16547=CARTESIAN_POINT('',(94.9375,-45.575,6.1));
#16548=CARTESIAN_POINT('Origin',(107.9375,-45.575,6.1));
#16549=CARTESIAN_POINT('',(94.9375,-45.575,6.1));
#16550=CARTESIAN_POINT('',(94.9375,-45.575,4.6));
#16551=CARTESIAN_POINT('Origin',(88.8875,-46.075,6.1));
#16552=CARTESIAN_POINT('',(89.3875,-46.075,6.1));
#16553=CARTESIAN_POINT('',(88.8875,-45.575,6.1));
#16554=CARTESIAN_POINT('Origin',(88.8875,-46.075,6.1));
#16555=CARTESIAN_POINT('',(88.8875,-45.575,4.6));
#16556=CARTESIAN_POINT('',(88.8875,-45.575,6.1));
#16557=CARTESIAN_POINT('',(89.3875,-46.075,4.6));
#16558=CARTESIAN_POINT('Origin',(88.8875,-46.075,4.6));
#16559=CARTESIAN_POINT('',(89.3875,-46.075,6.1));
#16560=CARTESIAN_POINT('Origin',(89.3875,-59.075,6.1));
#16561=CARTESIAN_POINT('',(89.3875,-59.075,6.1));
#16562=CARTESIAN_POINT('',(89.3875,-46.075,6.1));
#16563=CARTESIAN_POINT('',(89.3875,-59.075,4.6));
#16564=CARTESIAN_POINT('',(89.3875,-46.075,4.6));
#16565=CARTESIAN_POINT('',(89.3875,-59.075,6.1));
#16566=CARTESIAN_POINT('Origin',(88.8875,-59.075,6.1));
#16567=CARTESIAN_POINT('',(88.8875,-59.575,6.1));
#16568=CARTESIAN_POINT('Origin',(88.8875,-59.075,6.1));
#16569=CARTESIAN_POINT('',(88.8875,-59.575,4.6));
#16570=CARTESIAN_POINT('Origin',(88.8875,-59.075,4.6));
#16571=CARTESIAN_POINT('',(88.8875,-59.575,6.1));
#16572=CARTESIAN_POINT('Origin',(75.8875,-59.575,6.1));
#16573=CARTESIAN_POINT('',(75.8875,-59.575,6.1));
#16574=CARTESIAN_POINT('',(75.8875,-59.575,6.1));
#16575=CARTESIAN_POINT('',(75.8875,-59.575,4.6));
#16576=CARTESIAN_POINT('',(75.8875,-59.575,4.6));
#16577=CARTESIAN_POINT('',(75.8875,-59.575,6.1));
#16578=CARTESIAN_POINT('Origin',(75.8875,-59.075,6.1));
#16579=CARTESIAN_POINT('',(75.3875,-59.075,6.1));
#16580=CARTESIAN_POINT('Origin',(75.8875,-59.075,6.1));
#16581=CARTESIAN_POINT('',(75.3875,-59.075,4.6));
#16582=CARTESIAN_POINT('Origin',(75.8875,-59.075,4.6));
#16583=CARTESIAN_POINT('',(75.3875,-59.075,6.1));
#16584=CARTESIAN_POINT('Origin',(75.3875,-46.075,6.1));
#16585=CARTESIAN_POINT('',(75.3875,-46.075,6.1));
#16586=CARTESIAN_POINT('',(75.3875,-46.075,6.1));
#16587=CARTESIAN_POINT('',(75.3875,-46.075,4.6));
#16588=CARTESIAN_POINT('',(75.3875,-46.075,4.6));
#16589=CARTESIAN_POINT('',(75.3875,-46.075,6.1));
#16590=CARTESIAN_POINT('Origin',(75.8875,-46.075,6.1));
#16591=CARTESIAN_POINT('',(75.8875,-45.575,6.1));
#16592=CARTESIAN_POINT('Origin',(75.8875,-46.075,6.1));
#16593=CARTESIAN_POINT('',(75.8875,-45.575,4.6));
#16594=CARTESIAN_POINT('Origin',(75.8875,-46.075,4.6));
#16595=CARTESIAN_POINT('',(75.8875,-45.575,6.1));
#16596=CARTESIAN_POINT('Origin',(88.8875,-45.575,6.1));
#16597=CARTESIAN_POINT('',(75.8875,-45.575,6.1));
#16598=CARTESIAN_POINT('',(75.8875,-45.575,4.6));
#16599=CARTESIAN_POINT('Origin',(69.8375,-46.075,6.1));
#16600=CARTESIAN_POINT('',(70.3375,-46.075,6.1));
#16601=CARTESIAN_POINT('',(69.8375,-45.575,6.1));
#16602=CARTESIAN_POINT('Origin',(69.8375,-46.075,6.1));
#16603=CARTESIAN_POINT('',(69.8375,-45.575,4.6));
#16604=CARTESIAN_POINT('',(69.8375,-45.575,6.1));
#16605=CARTESIAN_POINT('',(70.3375,-46.075,4.6));
#16606=CARTESIAN_POINT('Origin',(69.8375,-46.075,4.6));
#16607=CARTESIAN_POINT('',(70.3375,-46.075,6.1));
#16608=CARTESIAN_POINT('Origin',(70.3375,-59.075,6.1));
#16609=CARTESIAN_POINT('',(70.3375,-59.075,6.1));
#16610=CARTESIAN_POINT('',(70.3375,-46.075,6.1));
#16611=CARTESIAN_POINT('',(70.3375,-59.075,4.6));
#16612=CARTESIAN_POINT('',(70.3375,-46.075,4.6));
#16613=CARTESIAN_POINT('',(70.3375,-59.075,6.1));
#16614=CARTESIAN_POINT('Origin',(69.8375,-59.075,6.1));
#16615=CARTESIAN_POINT('',(69.8375,-59.575,6.1));
#16616=CARTESIAN_POINT('Origin',(69.8375,-59.075,6.1));
#16617=CARTESIAN_POINT('',(69.8375,-59.575,4.6));
#16618=CARTESIAN_POINT('Origin',(69.8375,-59.075,4.6));
#16619=CARTESIAN_POINT('',(69.8375,-59.575,6.1));
#16620=CARTESIAN_POINT('Origin',(56.8375,-59.575,6.1));
#16621=CARTESIAN_POINT('',(56.8375,-59.575,6.1));
#16622=CARTESIAN_POINT('',(56.8375,-59.575,6.1));
#16623=CARTESIAN_POINT('',(56.8375,-59.575,4.6));
#16624=CARTESIAN_POINT('',(56.8375,-59.575,4.6));
#16625=CARTESIAN_POINT('',(56.8375,-59.575,6.1));
#16626=CARTESIAN_POINT('Origin',(56.8375,-59.075,6.1));
#16627=CARTESIAN_POINT('',(56.3375,-59.075,6.1));
#16628=CARTESIAN_POINT('Origin',(56.8375,-59.075,6.1));
#16629=CARTESIAN_POINT('',(56.3375,-59.075,4.6));
#16630=CARTESIAN_POINT('Origin',(56.8375,-59.075,4.6));
#16631=CARTESIAN_POINT('',(56.3375,-59.075,6.1));
#16632=CARTESIAN_POINT('Origin',(56.3375,-46.075,6.1));
#16633=CARTESIAN_POINT('',(56.3375,-46.075,6.1));
#16634=CARTESIAN_POINT('',(56.3375,-46.075,6.1));
#16635=CARTESIAN_POINT('',(56.3375,-46.075,4.6));
#16636=CARTESIAN_POINT('',(56.3375,-46.075,4.6));
#16637=CARTESIAN_POINT('',(56.3375,-46.075,6.1));
#16638=CARTESIAN_POINT('Origin',(56.8375,-46.075,6.1));
#16639=CARTESIAN_POINT('',(56.8375,-45.575,6.1));
#16640=CARTESIAN_POINT('Origin',(56.8375,-46.075,6.1));
#16641=CARTESIAN_POINT('',(56.8375,-45.575,4.6));
#16642=CARTESIAN_POINT('Origin',(56.8375,-46.075,4.6));
#16643=CARTESIAN_POINT('',(56.8375,-45.575,6.1));
#16644=CARTESIAN_POINT('Origin',(69.8375,-45.575,6.1));
#16645=CARTESIAN_POINT('',(56.8375,-45.575,6.1));
#16646=CARTESIAN_POINT('',(56.8375,-45.575,4.6));
#16647=CARTESIAN_POINT('Origin',(48.40625,-46.075,6.1));
#16648=CARTESIAN_POINT('',(48.90625,-46.075,6.1));
#16649=CARTESIAN_POINT('',(48.40625,-45.575,6.1));
#16650=CARTESIAN_POINT('Origin',(48.40625,-46.075,6.1));
#16651=CARTESIAN_POINT('',(48.40625,-45.575,4.6));
#16652=CARTESIAN_POINT('',(48.40625,-45.575,6.1));
#16653=CARTESIAN_POINT('',(48.90625,-46.075,4.6));
#16654=CARTESIAN_POINT('Origin',(48.40625,-46.075,4.6));
#16655=CARTESIAN_POINT('',(48.90625,-46.075,6.1));
#16656=CARTESIAN_POINT('Origin',(48.90625,-59.075,6.1));
#16657=CARTESIAN_POINT('',(48.90625,-59.075,6.1));
#16658=CARTESIAN_POINT('',(48.90625,-46.075,6.1));
#16659=CARTESIAN_POINT('',(48.90625,-59.075,4.6));
#16660=CARTESIAN_POINT('',(48.90625,-46.075,4.6));
#16661=CARTESIAN_POINT('',(48.90625,-59.075,6.1));
#16662=CARTESIAN_POINT('Origin',(48.40625,-59.075,6.1));
#16663=CARTESIAN_POINT('',(48.40625,-59.575,6.1));
#16664=CARTESIAN_POINT('Origin',(48.40625,-59.075,6.1));
#16665=CARTESIAN_POINT('',(48.40625,-59.575,4.6));
#16666=CARTESIAN_POINT('Origin',(48.40625,-59.075,4.6));
#16667=CARTESIAN_POINT('',(48.40625,-59.575,6.1));
#16668=CARTESIAN_POINT('Origin',(35.40625,-59.575,6.1));
#16669=CARTESIAN_POINT('',(35.40625,-59.575,6.1));
#16670=CARTESIAN_POINT('',(35.40625,-59.575,6.1));
#16671=CARTESIAN_POINT('',(35.40625,-59.575,4.6));
#16672=CARTESIAN_POINT('',(35.40625,-59.575,4.6));
#16673=CARTESIAN_POINT('',(35.40625,-59.575,6.1));
#16674=CARTESIAN_POINT('Origin',(35.40625,-59.075,6.1));
#16675=CARTESIAN_POINT('',(34.90625,-59.075,6.1));
#16676=CARTESIAN_POINT('Origin',(35.40625,-59.075,6.1));
#16677=CARTESIAN_POINT('',(34.90625,-59.075,4.6));
#16678=CARTESIAN_POINT('Origin',(35.40625,-59.075,4.6));
#16679=CARTESIAN_POINT('',(34.90625,-59.075,6.1));
#16680=CARTESIAN_POINT('Origin',(34.90625,-46.075,6.1));
#16681=CARTESIAN_POINT('',(34.90625,-46.075,6.1));
#16682=CARTESIAN_POINT('',(34.90625,-46.075,6.1));
#16683=CARTESIAN_POINT('',(34.90625,-46.075,4.6));
#16684=CARTESIAN_POINT('',(34.90625,-46.075,4.6));
#16685=CARTESIAN_POINT('',(34.90625,-46.075,6.1));
#16686=CARTESIAN_POINT('Origin',(35.40625,-46.075,6.1));
#16687=CARTESIAN_POINT('',(35.40625,-45.575,6.1));
#16688=CARTESIAN_POINT('Origin',(35.40625,-46.075,6.1));
#16689=CARTESIAN_POINT('',(35.40625,-45.575,4.6));
#16690=CARTESIAN_POINT('Origin',(35.40625,-46.075,4.6));
#16691=CARTESIAN_POINT('',(35.40625,-45.575,6.1));
#16692=CARTESIAN_POINT('Origin',(48.40625,-45.575,6.1));
#16693=CARTESIAN_POINT('',(35.40625,-45.575,6.1));
#16694=CARTESIAN_POINT('',(35.40625,-45.575,4.6));
#16695=CARTESIAN_POINT('Origin',(257.95625,-27.025,6.1));
#16696=CARTESIAN_POINT('',(258.45625,-27.025,6.1));
#16697=CARTESIAN_POINT('',(257.95625,-26.525,6.1));
#16698=CARTESIAN_POINT('Origin',(257.95625,-27.025,6.1));
#16699=CARTESIAN_POINT('',(257.95625,-26.525,4.6));
#16700=CARTESIAN_POINT('',(257.95625,-26.525,6.1));
#16701=CARTESIAN_POINT('',(258.45625,-27.025,4.6));
#16702=CARTESIAN_POINT('Origin',(257.95625,-27.025,4.6));
#16703=CARTESIAN_POINT('',(258.45625,-27.025,6.1));
#16704=CARTESIAN_POINT('Origin',(258.45625,-40.025,6.1));
#16705=CARTESIAN_POINT('',(258.45625,-40.025,6.1));
#16706=CARTESIAN_POINT('',(258.45625,-27.025,6.1));
#16707=CARTESIAN_POINT('',(258.45625,-40.025,4.6));
#16708=CARTESIAN_POINT('',(258.45625,-27.025,4.6));
#16709=CARTESIAN_POINT('',(258.45625,-40.025,6.1));
#16710=CARTESIAN_POINT('Origin',(257.95625,-40.025,6.1));
#16711=CARTESIAN_POINT('',(257.95625,-40.525,6.1));
#16712=CARTESIAN_POINT('Origin',(257.95625,-40.025,6.1));
#16713=CARTESIAN_POINT('',(257.95625,-40.525,4.6));
#16714=CARTESIAN_POINT('Origin',(257.95625,-40.025,4.6));
#16715=CARTESIAN_POINT('',(257.95625,-40.525,6.1));
#16716=CARTESIAN_POINT('Origin',(244.95625,-40.525,6.1));
#16717=CARTESIAN_POINT('',(244.95625,-40.525,6.1));
#16718=CARTESIAN_POINT('',(244.95625,-40.525,6.1));
#16719=CARTESIAN_POINT('',(244.95625,-40.525,4.6));
#16720=CARTESIAN_POINT('',(244.95625,-40.525,4.6));
#16721=CARTESIAN_POINT('',(244.95625,-40.525,6.1));
#16722=CARTESIAN_POINT('Origin',(244.95625,-40.025,6.1));
#16723=CARTESIAN_POINT('',(244.45625,-40.025,6.1));
#16724=CARTESIAN_POINT('Origin',(244.95625,-40.025,6.1));
#16725=CARTESIAN_POINT('',(244.45625,-40.025,4.6));
#16726=CARTESIAN_POINT('Origin',(244.95625,-40.025,4.6));
#16727=CARTESIAN_POINT('',(244.45625,-40.025,6.1));
#16728=CARTESIAN_POINT('Origin',(244.45625,-27.025,6.1));
#16729=CARTESIAN_POINT('',(244.45625,-27.025,6.1));
#16730=CARTESIAN_POINT('',(244.45625,-27.025,6.1));
#16731=CARTESIAN_POINT('',(244.45625,-27.025,4.6));
#16732=CARTESIAN_POINT('',(244.45625,-27.025,4.6));
#16733=CARTESIAN_POINT('',(244.45625,-27.025,6.1));
#16734=CARTESIAN_POINT('Origin',(244.95625,-27.025,6.1));
#16735=CARTESIAN_POINT('',(244.95625,-26.525,6.1));
#16736=CARTESIAN_POINT('Origin',(244.95625,-27.025,6.1));
#16737=CARTESIAN_POINT('',(244.95625,-26.525,4.6));
#16738=CARTESIAN_POINT('Origin',(244.95625,-27.025,4.6));
#16739=CARTESIAN_POINT('',(244.95625,-26.525,6.1));
#16740=CARTESIAN_POINT('Origin',(257.95625,-26.525,6.1));
#16741=CARTESIAN_POINT('',(244.95625,-26.525,6.1));
#16742=CARTESIAN_POINT('',(244.95625,-26.525,4.6));
#16743=CARTESIAN_POINT('Origin',(236.525,-27.025,6.1));
#16744=CARTESIAN_POINT('',(237.025,-27.025,6.1));
#16745=CARTESIAN_POINT('',(236.525,-26.525,6.1));
#16746=CARTESIAN_POINT('Origin',(236.525,-27.025,6.1));
#16747=CARTESIAN_POINT('',(236.525,-26.525,4.6));
#16748=CARTESIAN_POINT('',(236.525,-26.525,6.1));
#16749=CARTESIAN_POINT('',(237.025,-27.025,4.6));
#16750=CARTESIAN_POINT('Origin',(236.525,-27.025,4.6));
#16751=CARTESIAN_POINT('',(237.025,-27.025,6.1));
#16752=CARTESIAN_POINT('Origin',(237.025,-40.025,6.1));
#16753=CARTESIAN_POINT('',(237.025,-40.025,6.1));
#16754=CARTESIAN_POINT('',(237.025,-27.025,6.1));
#16755=CARTESIAN_POINT('',(237.025,-40.025,4.6));
#16756=CARTESIAN_POINT('',(237.025,-27.025,4.6));
#16757=CARTESIAN_POINT('',(237.025,-40.025,6.1));
#16758=CARTESIAN_POINT('Origin',(236.525,-40.025,6.1));
#16759=CARTESIAN_POINT('',(236.525,-40.525,6.1));
#16760=CARTESIAN_POINT('Origin',(236.525,-40.025,6.1));
#16761=CARTESIAN_POINT('',(236.525,-40.525,4.6));
#16762=CARTESIAN_POINT('Origin',(236.525,-40.025,4.6));
#16763=CARTESIAN_POINT('',(236.525,-40.525,6.1));
#16764=CARTESIAN_POINT('Origin',(223.525,-40.525,6.1));
#16765=CARTESIAN_POINT('',(223.525,-40.525,6.1));
#16766=CARTESIAN_POINT('',(223.525,-40.525,6.1));
#16767=CARTESIAN_POINT('',(223.525,-40.525,4.6));
#16768=CARTESIAN_POINT('',(223.525,-40.525,4.6));
#16769=CARTESIAN_POINT('',(223.525,-40.525,6.1));
#16770=CARTESIAN_POINT('Origin',(223.525,-40.025,6.1));
#16771=CARTESIAN_POINT('',(223.025,-40.025,6.1));
#16772=CARTESIAN_POINT('Origin',(223.525,-40.025,6.1));
#16773=CARTESIAN_POINT('',(223.025,-40.025,4.6));
#16774=CARTESIAN_POINT('Origin',(223.525,-40.025,4.6));
#16775=CARTESIAN_POINT('',(223.025,-40.025,6.1));
#16776=CARTESIAN_POINT('Origin',(223.025,-27.025,6.1));
#16777=CARTESIAN_POINT('',(223.025,-27.025,6.1));
#16778=CARTESIAN_POINT('',(223.025,-27.025,6.1));
#16779=CARTESIAN_POINT('',(223.025,-27.025,4.6));
#16780=CARTESIAN_POINT('',(223.025,-27.025,4.6));
#16781=CARTESIAN_POINT('',(223.025,-27.025,6.1));
#16782=CARTESIAN_POINT('Origin',(223.525,-27.025,6.1));
#16783=CARTESIAN_POINT('',(223.525,-26.525,6.1));
#16784=CARTESIAN_POINT('Origin',(223.525,-27.025,6.1));
#16785=CARTESIAN_POINT('',(223.525,-26.525,4.6));
#16786=CARTESIAN_POINT('Origin',(223.525,-27.025,4.6));
#16787=CARTESIAN_POINT('',(223.525,-26.525,6.1));
#16788=CARTESIAN_POINT('Origin',(236.525,-26.525,6.1));
#16789=CARTESIAN_POINT('',(223.525,-26.525,6.1));
#16790=CARTESIAN_POINT('',(223.525,-26.525,4.6));
#16791=CARTESIAN_POINT('Origin',(217.475,-27.025,6.1));
#16792=CARTESIAN_POINT('',(217.975,-27.025,6.1));
#16793=CARTESIAN_POINT('',(217.475,-26.525,6.1));
#16794=CARTESIAN_POINT('Origin',(217.475,-27.025,6.1));
#16795=CARTESIAN_POINT('',(217.475,-26.525,4.6));
#16796=CARTESIAN_POINT('',(217.475,-26.525,6.1));
#16797=CARTESIAN_POINT('',(217.975,-27.025,4.6));
#16798=CARTESIAN_POINT('Origin',(217.475,-27.025,4.6));
#16799=CARTESIAN_POINT('',(217.975,-27.025,6.1));
#16800=CARTESIAN_POINT('Origin',(217.975,-40.025,6.1));
#16801=CARTESIAN_POINT('',(217.975,-40.025,6.1));
#16802=CARTESIAN_POINT('',(217.975,-27.025,6.1));
#16803=CARTESIAN_POINT('',(217.975,-40.025,4.6));
#16804=CARTESIAN_POINT('',(217.975,-27.025,4.6));
#16805=CARTESIAN_POINT('',(217.975,-40.025,6.1));
#16806=CARTESIAN_POINT('Origin',(217.475,-40.025,6.1));
#16807=CARTESIAN_POINT('',(217.475,-40.525,6.1));
#16808=CARTESIAN_POINT('Origin',(217.475,-40.025,6.1));
#16809=CARTESIAN_POINT('',(217.475,-40.525,4.6));
#16810=CARTESIAN_POINT('Origin',(217.475,-40.025,4.6));
#16811=CARTESIAN_POINT('',(217.475,-40.525,6.1));
#16812=CARTESIAN_POINT('Origin',(204.475,-40.525,6.1));
#16813=CARTESIAN_POINT('',(204.475,-40.525,6.1));
#16814=CARTESIAN_POINT('',(204.475,-40.525,6.1));
#16815=CARTESIAN_POINT('',(204.475,-40.525,4.6));
#16816=CARTESIAN_POINT('',(204.475,-40.525,4.6));
#16817=CARTESIAN_POINT('',(204.475,-40.525,6.1));
#16818=CARTESIAN_POINT('Origin',(204.475,-40.025,6.1));
#16819=CARTESIAN_POINT('',(203.975,-40.025,6.1));
#16820=CARTESIAN_POINT('Origin',(204.475,-40.025,6.1));
#16821=CARTESIAN_POINT('',(203.975,-40.025,4.6));
#16822=CARTESIAN_POINT('Origin',(204.475,-40.025,4.6));
#16823=CARTESIAN_POINT('',(203.975,-40.025,6.1));
#16824=CARTESIAN_POINT('Origin',(203.975,-27.025,6.1));
#16825=CARTESIAN_POINT('',(203.975,-27.025,6.1));
#16826=CARTESIAN_POINT('',(203.975,-27.025,6.1));
#16827=CARTESIAN_POINT('',(203.975,-27.025,4.6));
#16828=CARTESIAN_POINT('',(203.975,-27.025,4.6));
#16829=CARTESIAN_POINT('',(203.975,-27.025,6.1));
#16830=CARTESIAN_POINT('Origin',(204.475,-27.025,6.1));
#16831=CARTESIAN_POINT('',(204.475,-26.525,6.1));
#16832=CARTESIAN_POINT('Origin',(204.475,-27.025,6.1));
#16833=CARTESIAN_POINT('',(204.475,-26.525,4.6));
#16834=CARTESIAN_POINT('Origin',(204.475,-27.025,4.6));
#16835=CARTESIAN_POINT('',(204.475,-26.525,6.1));
#16836=CARTESIAN_POINT('Origin',(217.475,-26.525,6.1));
#16837=CARTESIAN_POINT('',(204.475,-26.525,6.1));
#16838=CARTESIAN_POINT('',(204.475,-26.525,4.6));
#16839=CARTESIAN_POINT('Origin',(198.425,-27.025,6.1));
#16840=CARTESIAN_POINT('',(198.925,-27.025,6.1));
#16841=CARTESIAN_POINT('',(198.425,-26.525,6.1));
#16842=CARTESIAN_POINT('Origin',(198.425,-27.025,6.1));
#16843=CARTESIAN_POINT('',(198.425,-26.525,4.6));
#16844=CARTESIAN_POINT('',(198.425,-26.525,6.1));
#16845=CARTESIAN_POINT('',(198.925,-27.025,4.6));
#16846=CARTESIAN_POINT('Origin',(198.425,-27.025,4.6));
#16847=CARTESIAN_POINT('',(198.925,-27.025,6.1));
#16848=CARTESIAN_POINT('Origin',(198.925,-40.025,6.1));
#16849=CARTESIAN_POINT('',(198.925,-40.025,6.1));
#16850=CARTESIAN_POINT('',(198.925,-27.025,6.1));
#16851=CARTESIAN_POINT('',(198.925,-40.025,4.6));
#16852=CARTESIAN_POINT('',(198.925,-27.025,4.6));
#16853=CARTESIAN_POINT('',(198.925,-40.025,6.1));
#16854=CARTESIAN_POINT('Origin',(198.425,-40.025,6.1));
#16855=CARTESIAN_POINT('',(198.425,-40.525,6.1));
#16856=CARTESIAN_POINT('Origin',(198.425,-40.025,6.1));
#16857=CARTESIAN_POINT('',(198.425,-40.525,4.6));
#16858=CARTESIAN_POINT('Origin',(198.425,-40.025,4.6));
#16859=CARTESIAN_POINT('',(198.425,-40.525,6.1));
#16860=CARTESIAN_POINT('Origin',(185.425,-40.525,6.1));
#16861=CARTESIAN_POINT('',(185.425,-40.525,6.1));
#16862=CARTESIAN_POINT('',(185.425,-40.525,6.1));
#16863=CARTESIAN_POINT('',(185.425,-40.525,4.6));
#16864=CARTESIAN_POINT('',(185.425,-40.525,4.6));
#16865=CARTESIAN_POINT('',(185.425,-40.525,6.1));
#16866=CARTESIAN_POINT('Origin',(185.425,-40.025,6.1));
#16867=CARTESIAN_POINT('',(184.925,-40.025,6.1));
#16868=CARTESIAN_POINT('Origin',(185.425,-40.025,6.1));
#16869=CARTESIAN_POINT('',(184.925,-40.025,4.6));
#16870=CARTESIAN_POINT('Origin',(185.425,-40.025,4.6));
#16871=CARTESIAN_POINT('',(184.925,-40.025,6.1));
#16872=CARTESIAN_POINT('Origin',(184.925,-27.025,6.1));
#16873=CARTESIAN_POINT('',(184.925,-27.025,6.1));
#16874=CARTESIAN_POINT('',(184.925,-27.025,6.1));
#16875=CARTESIAN_POINT('',(184.925,-27.025,4.6));
#16876=CARTESIAN_POINT('',(184.925,-27.025,4.6));
#16877=CARTESIAN_POINT('',(184.925,-27.025,6.1));
#16878=CARTESIAN_POINT('Origin',(185.425,-27.025,6.1));
#16879=CARTESIAN_POINT('',(185.425,-26.525,6.1));
#16880=CARTESIAN_POINT('Origin',(185.425,-27.025,6.1));
#16881=CARTESIAN_POINT('',(185.425,-26.525,4.6));
#16882=CARTESIAN_POINT('Origin',(185.425,-27.025,4.6));
#16883=CARTESIAN_POINT('',(185.425,-26.525,6.1));
#16884=CARTESIAN_POINT('Origin',(198.425,-26.525,6.1));
#16885=CARTESIAN_POINT('',(185.425,-26.525,6.1));
#16886=CARTESIAN_POINT('',(185.425,-26.525,4.6));
#16887=CARTESIAN_POINT('Origin',(179.375,-27.025,6.1));
#16888=CARTESIAN_POINT('',(179.875,-27.025,6.1));
#16889=CARTESIAN_POINT('',(179.375,-26.525,6.1));
#16890=CARTESIAN_POINT('Origin',(179.375,-27.025,6.1));
#16891=CARTESIAN_POINT('',(179.375,-26.525,4.6));
#16892=CARTESIAN_POINT('',(179.375,-26.525,6.1));
#16893=CARTESIAN_POINT('',(179.875,-27.025,4.6));
#16894=CARTESIAN_POINT('Origin',(179.375,-27.025,4.6));
#16895=CARTESIAN_POINT('',(179.875,-27.025,6.1));
#16896=CARTESIAN_POINT('Origin',(179.875,-40.025,6.1));
#16897=CARTESIAN_POINT('',(179.875,-40.025,6.1));
#16898=CARTESIAN_POINT('',(179.875,-27.025,6.1));
#16899=CARTESIAN_POINT('',(179.875,-40.025,4.6));
#16900=CARTESIAN_POINT('',(179.875,-27.025,4.6));
#16901=CARTESIAN_POINT('',(179.875,-40.025,6.1));
#16902=CARTESIAN_POINT('Origin',(179.375,-40.025,6.1));
#16903=CARTESIAN_POINT('',(179.375,-40.525,6.1));
#16904=CARTESIAN_POINT('Origin',(179.375,-40.025,6.1));
#16905=CARTESIAN_POINT('',(179.375,-40.525,4.6));
#16906=CARTESIAN_POINT('Origin',(179.375,-40.025,4.6));
#16907=CARTESIAN_POINT('',(179.375,-40.525,6.1));
#16908=CARTESIAN_POINT('Origin',(166.375,-40.525,6.1));
#16909=CARTESIAN_POINT('',(166.375,-40.525,6.1));
#16910=CARTESIAN_POINT('',(166.375,-40.525,6.1));
#16911=CARTESIAN_POINT('',(166.375,-40.525,4.6));
#16912=CARTESIAN_POINT('',(166.375,-40.525,4.6));
#16913=CARTESIAN_POINT('',(166.375,-40.525,6.1));
#16914=CARTESIAN_POINT('Origin',(166.375,-40.025,6.1));
#16915=CARTESIAN_POINT('',(165.875,-40.025,6.1));
#16916=CARTESIAN_POINT('Origin',(166.375,-40.025,6.1));
#16917=CARTESIAN_POINT('',(165.875,-40.025,4.6));
#16918=CARTESIAN_POINT('Origin',(166.375,-40.025,4.6));
#16919=CARTESIAN_POINT('',(165.875,-40.025,6.1));
#16920=CARTESIAN_POINT('Origin',(165.875,-27.025,6.1));
#16921=CARTESIAN_POINT('',(165.875,-27.025,6.1));
#16922=CARTESIAN_POINT('',(165.875,-27.025,6.1));
#16923=CARTESIAN_POINT('',(165.875,-27.025,4.6));
#16924=CARTESIAN_POINT('',(165.875,-27.025,4.6));
#16925=CARTESIAN_POINT('',(165.875,-27.025,6.1));
#16926=CARTESIAN_POINT('Origin',(166.375,-27.025,6.1));
#16927=CARTESIAN_POINT('',(166.375,-26.525,6.1));
#16928=CARTESIAN_POINT('Origin',(166.375,-27.025,6.1));
#16929=CARTESIAN_POINT('',(166.375,-26.525,4.6));
#16930=CARTESIAN_POINT('Origin',(166.375,-27.025,4.6));
#16931=CARTESIAN_POINT('',(166.375,-26.525,6.1));
#16932=CARTESIAN_POINT('Origin',(179.375,-26.525,6.1));
#16933=CARTESIAN_POINT('',(166.375,-26.525,6.1));
#16934=CARTESIAN_POINT('',(166.375,-26.525,4.6));
#16935=CARTESIAN_POINT('Origin',(160.325,-27.025,6.1));
#16936=CARTESIAN_POINT('',(160.825,-27.025,6.1));
#16937=CARTESIAN_POINT('',(160.325,-26.525,6.1));
#16938=CARTESIAN_POINT('Origin',(160.325,-27.025,6.1));
#16939=CARTESIAN_POINT('',(160.325,-26.525,4.6));
#16940=CARTESIAN_POINT('',(160.325,-26.525,6.1));
#16941=CARTESIAN_POINT('',(160.825,-27.025,4.6));
#16942=CARTESIAN_POINT('Origin',(160.325,-27.025,4.6));
#16943=CARTESIAN_POINT('',(160.825,-27.025,6.1));
#16944=CARTESIAN_POINT('Origin',(160.825,-40.025,6.1));
#16945=CARTESIAN_POINT('',(160.825,-40.025,6.1));
#16946=CARTESIAN_POINT('',(160.825,-27.025,6.1));
#16947=CARTESIAN_POINT('',(160.825,-40.025,4.6));
#16948=CARTESIAN_POINT('',(160.825,-27.025,4.6));
#16949=CARTESIAN_POINT('',(160.825,-40.025,6.1));
#16950=CARTESIAN_POINT('Origin',(160.325,-40.025,6.1));
#16951=CARTESIAN_POINT('',(160.325,-40.525,6.1));
#16952=CARTESIAN_POINT('Origin',(160.325,-40.025,6.1));
#16953=CARTESIAN_POINT('',(160.325,-40.525,4.6));
#16954=CARTESIAN_POINT('Origin',(160.325,-40.025,4.6));
#16955=CARTESIAN_POINT('',(160.325,-40.525,6.1));
#16956=CARTESIAN_POINT('Origin',(147.325,-40.525,6.1));
#16957=CARTESIAN_POINT('',(147.325,-40.525,6.1));
#16958=CARTESIAN_POINT('',(147.325,-40.525,6.1));
#16959=CARTESIAN_POINT('',(147.325,-40.525,4.6));
#16960=CARTESIAN_POINT('',(147.325,-40.525,4.6));
#16961=CARTESIAN_POINT('',(147.325,-40.525,6.1));
#16962=CARTESIAN_POINT('Origin',(147.325,-40.025,6.1));
#16963=CARTESIAN_POINT('',(146.825,-40.025,6.1));
#16964=CARTESIAN_POINT('Origin',(147.325,-40.025,6.1));
#16965=CARTESIAN_POINT('',(146.825,-40.025,4.6));
#16966=CARTESIAN_POINT('Origin',(147.325,-40.025,4.6));
#16967=CARTESIAN_POINT('',(146.825,-40.025,6.1));
#16968=CARTESIAN_POINT('Origin',(146.825,-27.025,6.1));
#16969=CARTESIAN_POINT('',(146.825,-27.025,6.1));
#16970=CARTESIAN_POINT('',(146.825,-27.025,6.1));
#16971=CARTESIAN_POINT('',(146.825,-27.025,4.6));
#16972=CARTESIAN_POINT('',(146.825,-27.025,4.6));
#16973=CARTESIAN_POINT('',(146.825,-27.025,6.1));
#16974=CARTESIAN_POINT('Origin',(147.325,-27.025,6.1));
#16975=CARTESIAN_POINT('',(147.325,-26.525,6.1));
#16976=CARTESIAN_POINT('Origin',(147.325,-27.025,6.1));
#16977=CARTESIAN_POINT('',(147.325,-26.525,4.6));
#16978=CARTESIAN_POINT('Origin',(147.325,-27.025,4.6));
#16979=CARTESIAN_POINT('',(147.325,-26.525,6.1));
#16980=CARTESIAN_POINT('Origin',(160.325,-26.525,6.1));
#16981=CARTESIAN_POINT('',(147.325,-26.525,6.1));
#16982=CARTESIAN_POINT('',(147.325,-26.525,4.6));
#16983=CARTESIAN_POINT('Origin',(141.275,-27.025,6.1));
#16984=CARTESIAN_POINT('',(141.775,-27.025,6.1));
#16985=CARTESIAN_POINT('',(141.275,-26.525,6.1));
#16986=CARTESIAN_POINT('Origin',(141.275,-27.025,6.1));
#16987=CARTESIAN_POINT('',(141.275,-26.525,4.6));
#16988=CARTESIAN_POINT('',(141.275,-26.525,6.1));
#16989=CARTESIAN_POINT('',(141.775,-27.025,4.6));
#16990=CARTESIAN_POINT('Origin',(141.275,-27.025,4.6));
#16991=CARTESIAN_POINT('',(141.775,-27.025,6.1));
#16992=CARTESIAN_POINT('Origin',(141.775,-40.025,6.1));
#16993=CARTESIAN_POINT('',(141.775,-40.025,6.1));
#16994=CARTESIAN_POINT('',(141.775,-27.025,6.1));
#16995=CARTESIAN_POINT('',(141.775,-40.025,4.6));
#16996=CARTESIAN_POINT('',(141.775,-27.025,4.6));
#16997=CARTESIAN_POINT('',(141.775,-40.025,6.1));
#16998=CARTESIAN_POINT('Origin',(141.275,-40.025,6.1));
#16999=CARTESIAN_POINT('',(141.275,-40.525,6.1));
#17000=CARTESIAN_POINT('Origin',(141.275,-40.025,6.1));
#17001=CARTESIAN_POINT('',(141.275,-40.525,4.6));
#17002=CARTESIAN_POINT('Origin',(141.275,-40.025,4.6));
#17003=CARTESIAN_POINT('',(141.275,-40.525,6.1));
#17004=CARTESIAN_POINT('Origin',(128.275,-40.525,6.1));
#17005=CARTESIAN_POINT('',(128.275,-40.525,6.1));
#17006=CARTESIAN_POINT('',(128.275,-40.525,6.1));
#17007=CARTESIAN_POINT('',(128.275,-40.525,4.6));
#17008=CARTESIAN_POINT('',(128.275,-40.525,4.6));
#17009=CARTESIAN_POINT('',(128.275,-40.525,6.1));
#17010=CARTESIAN_POINT('Origin',(128.275,-40.025,6.1));
#17011=CARTESIAN_POINT('',(127.775,-40.025,6.1));
#17012=CARTESIAN_POINT('Origin',(128.275,-40.025,6.1));
#17013=CARTESIAN_POINT('',(127.775,-40.025,4.6));
#17014=CARTESIAN_POINT('Origin',(128.275,-40.025,4.6));
#17015=CARTESIAN_POINT('',(127.775,-40.025,6.1));
#17016=CARTESIAN_POINT('Origin',(127.775,-27.025,6.1));
#17017=CARTESIAN_POINT('',(127.775,-27.025,6.1));
#17018=CARTESIAN_POINT('',(127.775,-27.025,6.1));
#17019=CARTESIAN_POINT('',(127.775,-27.025,4.6));
#17020=CARTESIAN_POINT('',(127.775,-27.025,4.6));
#17021=CARTESIAN_POINT('',(127.775,-27.025,6.1));
#17022=CARTESIAN_POINT('Origin',(128.275,-27.025,6.1));
#17023=CARTESIAN_POINT('',(128.275,-26.525,6.1));
#17024=CARTESIAN_POINT('Origin',(128.275,-27.025,6.1));
#17025=CARTESIAN_POINT('',(128.275,-26.525,4.6));
#17026=CARTESIAN_POINT('Origin',(128.275,-27.025,4.6));
#17027=CARTESIAN_POINT('',(128.275,-26.525,6.1));
#17028=CARTESIAN_POINT('Origin',(141.275,-26.525,6.1));
#17029=CARTESIAN_POINT('',(128.275,-26.525,6.1));
#17030=CARTESIAN_POINT('',(128.275,-26.525,4.6));
#17031=CARTESIAN_POINT('Origin',(122.225,-27.025,6.1));
#17032=CARTESIAN_POINT('',(122.725,-27.025,6.1));
#17033=CARTESIAN_POINT('',(122.225,-26.525,6.1));
#17034=CARTESIAN_POINT('Origin',(122.225,-27.025,6.1));
#17035=CARTESIAN_POINT('',(122.225,-26.525,4.6));
#17036=CARTESIAN_POINT('',(122.225,-26.525,6.1));
#17037=CARTESIAN_POINT('',(122.725,-27.025,4.6));
#17038=CARTESIAN_POINT('Origin',(122.225,-27.025,4.6));
#17039=CARTESIAN_POINT('',(122.725,-27.025,6.1));
#17040=CARTESIAN_POINT('Origin',(122.725,-40.025,6.1));
#17041=CARTESIAN_POINT('',(122.725,-40.025,6.1));
#17042=CARTESIAN_POINT('',(122.725,-27.025,6.1));
#17043=CARTESIAN_POINT('',(122.725,-40.025,4.6));
#17044=CARTESIAN_POINT('',(122.725,-27.025,4.6));
#17045=CARTESIAN_POINT('',(122.725,-40.025,6.1));
#17046=CARTESIAN_POINT('Origin',(122.225,-40.025,6.1));
#17047=CARTESIAN_POINT('',(122.225,-40.525,6.1));
#17048=CARTESIAN_POINT('Origin',(122.225,-40.025,6.1));
#17049=CARTESIAN_POINT('',(122.225,-40.525,4.6));
#17050=CARTESIAN_POINT('Origin',(122.225,-40.025,4.6));
#17051=CARTESIAN_POINT('',(122.225,-40.525,6.1));
#17052=CARTESIAN_POINT('Origin',(109.225,-40.525,6.1));
#17053=CARTESIAN_POINT('',(109.225,-40.525,6.1));
#17054=CARTESIAN_POINT('',(109.225,-40.525,6.1));
#17055=CARTESIAN_POINT('',(109.225,-40.525,4.6));
#17056=CARTESIAN_POINT('',(109.225,-40.525,4.6));
#17057=CARTESIAN_POINT('',(109.225,-40.525,6.1));
#17058=CARTESIAN_POINT('Origin',(109.225,-40.025,6.1));
#17059=CARTESIAN_POINT('',(108.725,-40.025,6.1));
#17060=CARTESIAN_POINT('Origin',(109.225,-40.025,6.1));
#17061=CARTESIAN_POINT('',(108.725,-40.025,4.6));
#17062=CARTESIAN_POINT('Origin',(109.225,-40.025,4.6));
#17063=CARTESIAN_POINT('',(108.725,-40.025,6.1));
#17064=CARTESIAN_POINT('Origin',(108.725,-27.025,6.1));
#17065=CARTESIAN_POINT('',(108.725,-27.025,6.1));
#17066=CARTESIAN_POINT('',(108.725,-27.025,6.1));
#17067=CARTESIAN_POINT('',(108.725,-27.025,4.6));
#17068=CARTESIAN_POINT('',(108.725,-27.025,4.6));
#17069=CARTESIAN_POINT('',(108.725,-27.025,6.1));
#17070=CARTESIAN_POINT('Origin',(109.225,-27.025,6.1));
#17071=CARTESIAN_POINT('',(109.225,-26.525,6.1));
#17072=CARTESIAN_POINT('Origin',(109.225,-27.025,6.1));
#17073=CARTESIAN_POINT('',(109.225,-26.525,4.6));
#17074=CARTESIAN_POINT('Origin',(109.225,-27.025,4.6));
#17075=CARTESIAN_POINT('',(109.225,-26.525,6.1));
#17076=CARTESIAN_POINT('Origin',(122.225,-26.525,6.1));
#17077=CARTESIAN_POINT('',(109.225,-26.525,6.1));
#17078=CARTESIAN_POINT('',(109.225,-26.525,4.6));
#17079=CARTESIAN_POINT('Origin',(103.175,-27.025,6.1));
#17080=CARTESIAN_POINT('',(103.675,-27.025,6.1));
#17081=CARTESIAN_POINT('',(103.175,-26.525,6.1));
#17082=CARTESIAN_POINT('Origin',(103.175,-27.025,6.1));
#17083=CARTESIAN_POINT('',(103.175,-26.525,4.6));
#17084=CARTESIAN_POINT('',(103.175,-26.525,6.1));
#17085=CARTESIAN_POINT('',(103.675,-27.025,4.6));
#17086=CARTESIAN_POINT('Origin',(103.175,-27.025,4.6));
#17087=CARTESIAN_POINT('',(103.675,-27.025,6.1));
#17088=CARTESIAN_POINT('Origin',(103.675,-40.025,6.1));
#17089=CARTESIAN_POINT('',(103.675,-40.025,6.1));
#17090=CARTESIAN_POINT('',(103.675,-27.025,6.1));
#17091=CARTESIAN_POINT('',(103.675,-40.025,4.6));
#17092=CARTESIAN_POINT('',(103.675,-27.025,4.6));
#17093=CARTESIAN_POINT('',(103.675,-40.025,6.1));
#17094=CARTESIAN_POINT('Origin',(103.175,-40.025,6.1));
#17095=CARTESIAN_POINT('',(103.175,-40.525,6.1));
#17096=CARTESIAN_POINT('Origin',(103.175,-40.025,6.1));
#17097=CARTESIAN_POINT('',(103.175,-40.525,4.6));
#17098=CARTESIAN_POINT('Origin',(103.175,-40.025,4.6));
#17099=CARTESIAN_POINT('',(103.175,-40.525,6.1));
#17100=CARTESIAN_POINT('Origin',(90.175,-40.525,6.1));
#17101=CARTESIAN_POINT('',(90.175,-40.525,6.1));
#17102=CARTESIAN_POINT('',(90.175,-40.525,6.1));
#17103=CARTESIAN_POINT('',(90.175,-40.525,4.6));
#17104=CARTESIAN_POINT('',(90.175,-40.525,4.6));
#17105=CARTESIAN_POINT('',(90.175,-40.525,6.1));
#17106=CARTESIAN_POINT('Origin',(90.175,-40.025,6.1));
#17107=CARTESIAN_POINT('',(89.675,-40.025,6.1));
#17108=CARTESIAN_POINT('Origin',(90.175,-40.025,6.1));
#17109=CARTESIAN_POINT('',(89.675,-40.025,4.6));
#17110=CARTESIAN_POINT('Origin',(90.175,-40.025,4.6));
#17111=CARTESIAN_POINT('',(89.675,-40.025,6.1));
#17112=CARTESIAN_POINT('Origin',(89.675,-27.025,6.1));
#17113=CARTESIAN_POINT('',(89.675,-27.025,6.1));
#17114=CARTESIAN_POINT('',(89.675,-27.025,6.1));
#17115=CARTESIAN_POINT('',(89.675,-27.025,4.6));
#17116=CARTESIAN_POINT('',(89.675,-27.025,4.6));
#17117=CARTESIAN_POINT('',(89.675,-27.025,6.1));
#17118=CARTESIAN_POINT('Origin',(90.175,-27.025,6.1));
#17119=CARTESIAN_POINT('',(90.175,-26.525,6.1));
#17120=CARTESIAN_POINT('Origin',(90.175,-27.025,6.1));
#17121=CARTESIAN_POINT('',(90.175,-26.525,4.6));
#17122=CARTESIAN_POINT('Origin',(90.175,-27.025,4.6));
#17123=CARTESIAN_POINT('',(90.175,-26.525,6.1));
#17124=CARTESIAN_POINT('Origin',(103.175,-26.525,6.1));
#17125=CARTESIAN_POINT('',(90.175,-26.525,6.1));
#17126=CARTESIAN_POINT('',(90.175,-26.525,4.6));
#17127=CARTESIAN_POINT('Origin',(84.125,-27.025,6.1));
#17128=CARTESIAN_POINT('',(84.625,-27.025,6.1));
#17129=CARTESIAN_POINT('',(84.125,-26.525,6.1));
#17130=CARTESIAN_POINT('Origin',(84.125,-27.025,6.1));
#17131=CARTESIAN_POINT('',(84.125,-26.525,4.6));
#17132=CARTESIAN_POINT('',(84.125,-26.525,6.1));
#17133=CARTESIAN_POINT('',(84.625,-27.025,4.6));
#17134=CARTESIAN_POINT('Origin',(84.125,-27.025,4.6));
#17135=CARTESIAN_POINT('',(84.625,-27.025,6.1));
#17136=CARTESIAN_POINT('Origin',(84.625,-40.025,6.1));
#17137=CARTESIAN_POINT('',(84.625,-40.025,6.1));
#17138=CARTESIAN_POINT('',(84.625,-27.025,6.1));
#17139=CARTESIAN_POINT('',(84.625,-40.025,4.6));
#17140=CARTESIAN_POINT('',(84.625,-27.025,4.6));
#17141=CARTESIAN_POINT('',(84.625,-40.025,6.1));
#17142=CARTESIAN_POINT('Origin',(84.125,-40.025,6.1));
#17143=CARTESIAN_POINT('',(84.125,-40.525,6.1));
#17144=CARTESIAN_POINT('Origin',(84.125,-40.025,6.1));
#17145=CARTESIAN_POINT('',(84.125,-40.525,4.6));
#17146=CARTESIAN_POINT('Origin',(84.125,-40.025,4.6));
#17147=CARTESIAN_POINT('',(84.125,-40.525,6.1));
#17148=CARTESIAN_POINT('Origin',(71.125,-40.525,6.1));
#17149=CARTESIAN_POINT('',(71.125,-40.525,6.1));
#17150=CARTESIAN_POINT('',(71.125,-40.525,6.1));
#17151=CARTESIAN_POINT('',(71.125,-40.525,4.6));
#17152=CARTESIAN_POINT('',(71.125,-40.525,4.6));
#17153=CARTESIAN_POINT('',(71.125,-40.525,6.1));
#17154=CARTESIAN_POINT('Origin',(71.125,-40.025,6.1));
#17155=CARTESIAN_POINT('',(70.625,-40.025,6.1));
#17156=CARTESIAN_POINT('Origin',(71.125,-40.025,6.1));
#17157=CARTESIAN_POINT('',(70.625,-40.025,4.6));
#17158=CARTESIAN_POINT('Origin',(71.125,-40.025,4.6));
#17159=CARTESIAN_POINT('',(70.625,-40.025,6.1));
#17160=CARTESIAN_POINT('Origin',(70.625,-27.025,6.1));
#17161=CARTESIAN_POINT('',(70.625,-27.025,6.1));
#17162=CARTESIAN_POINT('',(70.625,-27.025,6.1));
#17163=CARTESIAN_POINT('',(70.625,-27.025,4.6));
#17164=CARTESIAN_POINT('',(70.625,-27.025,4.6));
#17165=CARTESIAN_POINT('',(70.625,-27.025,6.1));
#17166=CARTESIAN_POINT('Origin',(71.125,-27.025,6.1));
#17167=CARTESIAN_POINT('',(71.125,-26.525,6.1));
#17168=CARTESIAN_POINT('Origin',(71.125,-27.025,6.1));
#17169=CARTESIAN_POINT('',(71.125,-26.525,4.6));
#17170=CARTESIAN_POINT('Origin',(71.125,-27.025,4.6));
#17171=CARTESIAN_POINT('',(71.125,-26.525,6.1));
#17172=CARTESIAN_POINT('Origin',(84.125,-26.525,6.1));
#17173=CARTESIAN_POINT('',(71.125,-26.525,6.1));
#17174=CARTESIAN_POINT('',(71.125,-26.525,4.6));
#17175=CARTESIAN_POINT('Origin',(65.075,-27.025,6.1));
#17176=CARTESIAN_POINT('',(65.575,-27.025,6.1));
#17177=CARTESIAN_POINT('',(65.075,-26.525,6.1));
#17178=CARTESIAN_POINT('Origin',(65.075,-27.025,6.1));
#17179=CARTESIAN_POINT('',(65.075,-26.525,4.6));
#17180=CARTESIAN_POINT('',(65.075,-26.525,6.1));
#17181=CARTESIAN_POINT('',(65.575,-27.025,4.6));
#17182=CARTESIAN_POINT('Origin',(65.075,-27.025,4.6));
#17183=CARTESIAN_POINT('',(65.575,-27.025,6.1));
#17184=CARTESIAN_POINT('Origin',(65.575,-40.025,6.1));
#17185=CARTESIAN_POINT('',(65.575,-40.025,6.1));
#17186=CARTESIAN_POINT('',(65.575,-27.025,6.1));
#17187=CARTESIAN_POINT('',(65.575,-40.025,4.6));
#17188=CARTESIAN_POINT('',(65.575,-27.025,4.6));
#17189=CARTESIAN_POINT('',(65.575,-40.025,6.1));
#17190=CARTESIAN_POINT('Origin',(65.075,-40.025,6.1));
#17191=CARTESIAN_POINT('',(65.075,-40.525,6.1));
#17192=CARTESIAN_POINT('Origin',(65.075,-40.025,6.1));
#17193=CARTESIAN_POINT('',(65.075,-40.525,4.6));
#17194=CARTESIAN_POINT('Origin',(65.075,-40.025,4.6));
#17195=CARTESIAN_POINT('',(65.075,-40.525,6.1));
#17196=CARTESIAN_POINT('Origin',(52.075,-40.525,6.1));
#17197=CARTESIAN_POINT('',(52.075,-40.525,6.1));
#17198=CARTESIAN_POINT('',(52.075,-40.525,6.1));
#17199=CARTESIAN_POINT('',(52.075,-40.525,4.6));
#17200=CARTESIAN_POINT('',(52.075,-40.525,4.6));
#17201=CARTESIAN_POINT('',(52.075,-40.525,6.1));
#17202=CARTESIAN_POINT('Origin',(52.075,-40.025,6.1));
#17203=CARTESIAN_POINT('',(51.575,-40.025,6.1));
#17204=CARTESIAN_POINT('Origin',(52.075,-40.025,6.1));
#17205=CARTESIAN_POINT('',(51.575,-40.025,4.6));
#17206=CARTESIAN_POINT('Origin',(52.075,-40.025,4.6));
#17207=CARTESIAN_POINT('',(51.575,-40.025,6.1));
#17208=CARTESIAN_POINT('Origin',(51.575,-27.025,6.1));
#17209=CARTESIAN_POINT('',(51.575,-27.025,6.1));
#17210=CARTESIAN_POINT('',(51.575,-27.025,6.1));
#17211=CARTESIAN_POINT('',(51.575,-27.025,4.6));
#17212=CARTESIAN_POINT('',(51.575,-27.025,4.6));
#17213=CARTESIAN_POINT('',(51.575,-27.025,6.1));
#17214=CARTESIAN_POINT('Origin',(52.075,-27.025,6.1));
#17215=CARTESIAN_POINT('',(52.075,-26.525,6.1));
#17216=CARTESIAN_POINT('Origin',(52.075,-27.025,6.1));
#17217=CARTESIAN_POINT('',(52.075,-26.525,4.6));
#17218=CARTESIAN_POINT('Origin',(52.075,-27.025,4.6));
#17219=CARTESIAN_POINT('',(52.075,-26.525,6.1));
#17220=CARTESIAN_POINT('Origin',(65.075,-26.525,6.1));
#17221=CARTESIAN_POINT('',(52.075,-26.525,6.1));
#17222=CARTESIAN_POINT('',(52.075,-26.525,4.6));
#17223=CARTESIAN_POINT('Origin',(46.025,-27.025,6.1));
#17224=CARTESIAN_POINT('',(46.525,-27.025,6.1));
#17225=CARTESIAN_POINT('',(46.025,-26.525,6.1));
#17226=CARTESIAN_POINT('Origin',(46.025,-27.025,6.1));
#17227=CARTESIAN_POINT('',(46.025,-26.525,4.6));
#17228=CARTESIAN_POINT('',(46.025,-26.525,6.1));
#17229=CARTESIAN_POINT('',(46.525,-27.025,4.6));
#17230=CARTESIAN_POINT('Origin',(46.025,-27.025,4.6));
#17231=CARTESIAN_POINT('',(46.525,-27.025,6.1));
#17232=CARTESIAN_POINT('Origin',(46.525,-40.025,6.1));
#17233=CARTESIAN_POINT('',(46.525,-40.025,6.1));
#17234=CARTESIAN_POINT('',(46.525,-27.025,6.1));
#17235=CARTESIAN_POINT('',(46.525,-40.025,4.6));
#17236=CARTESIAN_POINT('',(46.525,-27.025,4.6));
#17237=CARTESIAN_POINT('',(46.525,-40.025,6.1));
#17238=CARTESIAN_POINT('Origin',(46.025,-40.025,6.1));
#17239=CARTESIAN_POINT('',(46.025,-40.525,6.1));
#17240=CARTESIAN_POINT('Origin',(46.025,-40.025,6.1));
#17241=CARTESIAN_POINT('',(46.025,-40.525,4.6));
#17242=CARTESIAN_POINT('Origin',(46.025,-40.025,4.6));
#17243=CARTESIAN_POINT('',(46.025,-40.525,6.1));
#17244=CARTESIAN_POINT('Origin',(33.025,-40.525,6.1));
#17245=CARTESIAN_POINT('',(33.025,-40.525,6.1));
#17246=CARTESIAN_POINT('',(33.025,-40.525,6.1));
#17247=CARTESIAN_POINT('',(33.025,-40.525,4.6));
#17248=CARTESIAN_POINT('',(33.025,-40.525,4.6));
#17249=CARTESIAN_POINT('',(33.025,-40.525,6.1));
#17250=CARTESIAN_POINT('Origin',(33.025,-40.025,6.1));
#17251=CARTESIAN_POINT('',(32.525,-40.025,6.1));
#17252=CARTESIAN_POINT('Origin',(33.025,-40.025,6.1));
#17253=CARTESIAN_POINT('',(32.525,-40.025,4.6));
#17254=CARTESIAN_POINT('Origin',(33.025,-40.025,4.6));
#17255=CARTESIAN_POINT('',(32.525,-40.025,6.1));
#17256=CARTESIAN_POINT('Origin',(32.525,-27.025,6.1));
#17257=CARTESIAN_POINT('',(32.525,-27.025,6.1));
#17258=CARTESIAN_POINT('',(32.525,-27.025,6.1));
#17259=CARTESIAN_POINT('',(32.525,-27.025,4.6));
#17260=CARTESIAN_POINT('',(32.525,-27.025,4.6));
#17261=CARTESIAN_POINT('',(32.525,-27.025,6.1));
#17262=CARTESIAN_POINT('Origin',(33.025,-27.025,6.1));
#17263=CARTESIAN_POINT('',(33.025,-26.525,6.1));
#17264=CARTESIAN_POINT('Origin',(33.025,-27.025,6.1));
#17265=CARTESIAN_POINT('',(33.025,-26.525,4.6));
#17266=CARTESIAN_POINT('Origin',(33.025,-27.025,4.6));
#17267=CARTESIAN_POINT('',(33.025,-26.525,6.1));
#17268=CARTESIAN_POINT('Origin',(46.025,-26.525,6.1));
#17269=CARTESIAN_POINT('',(33.025,-26.525,6.1));
#17270=CARTESIAN_POINT('',(33.025,-26.525,4.6));
#17271=CARTESIAN_POINT('Origin',(235.596013687268,-16.3999995216727,4.6));
#17272=CARTESIAN_POINT('',(235.596013687268,-16.3999995216727,4.6));
#17273=CARTESIAN_POINT('',(253.634374005307,-16.3999995216727,4.6));
#17274=CARTESIAN_POINT('',(248.5965381359,-16.3999995216727,4.6));
#17275=CARTESIAN_POINT('',(253.634374005307,-16.3999995216727,6.1));
#17276=CARTESIAN_POINT('',(253.634374005307,-16.3999995216727,4.6));
#17277=CARTESIAN_POINT('',(235.596013687268,-16.3999995216727,6.1));
#17278=CARTESIAN_POINT('',(248.5965381359,-16.3999995216727,6.1));
#17279=CARTESIAN_POINT('',(235.596013687268,-16.3999995216727,4.6));
#17280=CARTESIAN_POINT('Origin',(253.634374005307,-15.3999995216727,4.6));
#17281=CARTESIAN_POINT('',(254.634374005307,-15.3999995216727,4.6));
#17282=CARTESIAN_POINT('Origin',(253.634374005307,-15.3999995216727,4.6));
#17283=CARTESIAN_POINT('',(254.634374005307,-15.3999995216727,6.1));
#17284=CARTESIAN_POINT('',(254.634374005307,-15.3999995216727,4.6));
#17285=CARTESIAN_POINT('Origin',(253.634374005307,-15.3999995216727,6.1));
#17286=CARTESIAN_POINT('Origin',(254.634374005307,-15.3999995216727,4.6));
#17287=CARTESIAN_POINT('',(254.634374005307,-13.3999995216727,4.6));
#17288=CARTESIAN_POINT('',(254.634374005307,-15.3999995216727,4.6));
#17289=CARTESIAN_POINT('',(254.634374005307,-13.3999995216727,6.1));
#17290=CARTESIAN_POINT('',(254.634374005307,-13.3999995216727,4.6));
#17291=CARTESIAN_POINT('',(254.634374005307,-15.3999995216727,6.1));
#17292=CARTESIAN_POINT('Origin',(253.634374005307,-13.3999995216728,4.6));
#17293=CARTESIAN_POINT('',(253.634374005307,-12.3999995216727,4.6));
#17294=CARTESIAN_POINT('Origin',(253.634374005307,-13.3999995216728,4.6));
#17295=CARTESIAN_POINT('',(253.634374005307,-12.3999995216727,6.1));
#17296=CARTESIAN_POINT('',(253.634374005307,-12.3999995216727,4.6));
#17297=CARTESIAN_POINT('Origin',(253.634374005307,-13.3999995216728,6.1));
#17298=CARTESIAN_POINT('Origin',(253.634374005307,-12.3999995216727,4.6));
#17299=CARTESIAN_POINT('',(205.634374005307,-12.3999995216727,4.6));
#17300=CARTESIAN_POINT('',(253.634374005307,-12.3999995216727,4.6));
#17301=CARTESIAN_POINT('',(205.634374005307,-12.3999995216727,6.1));
#17302=CARTESIAN_POINT('',(205.634374005307,-12.3999995216727,4.6));
#17303=CARTESIAN_POINT('',(253.634374005307,-12.3999995216727,6.1));
#17304=CARTESIAN_POINT('Origin',(205.634374005307,-13.3999995216728,4.6));
#17305=CARTESIAN_POINT('',(204.634374005307,-13.3999995216727,4.6));
#17306=CARTESIAN_POINT('Origin',(205.634374005307,-13.3999995216728,4.6));
#17307=CARTESIAN_POINT('',(204.634374005307,-13.3999995216727,6.1));
#17308=CARTESIAN_POINT('',(204.634374005307,-13.3999995216727,4.6));
#17309=CARTESIAN_POINT('Origin',(205.634374005307,-13.3999995216728,6.1));
#17310=CARTESIAN_POINT('Origin',(204.634374005307,-13.3999995216727,4.6));
#17311=CARTESIAN_POINT('',(204.634374005307,-15.3999995216727,4.6));
#17312=CARTESIAN_POINT('',(204.634374005307,-15.3999995216727,4.6));
#17313=CARTESIAN_POINT('',(204.634374005307,-15.3999995216727,6.1));
#17314=CARTESIAN_POINT('',(204.634374005307,-15.3999995216727,4.6));
#17315=CARTESIAN_POINT('',(204.634374005307,-15.3999995216727,6.1));
#17316=CARTESIAN_POINT('Origin',(205.634374005307,-15.3999995216727,4.6));
#17317=CARTESIAN_POINT('',(205.634374005307,-16.3999995216727,4.6));
#17318=CARTESIAN_POINT('Origin',(205.634374005307,-15.3999995216727,4.6));
#17319=CARTESIAN_POINT('',(205.634374005307,-16.3999995216727,6.1));
#17320=CARTESIAN_POINT('',(205.634374005307,-16.3999995216727,4.6));
#17321=CARTESIAN_POINT('Origin',(205.634374005307,-15.3999995216727,6.1));
#17322=CARTESIAN_POINT('Origin',(205.634374005307,-16.3999995216727,4.6));
#17323=CARTESIAN_POINT('',(223.596013687268,-16.3999995216727,4.6));
#17324=CARTESIAN_POINT('',(211.155679822672,-16.3999995216727,4.6));
#17325=CARTESIAN_POINT('',(223.596013687268,-16.3999995216727,6.1));
#17326=CARTESIAN_POINT('',(223.596013687268,-16.3999995216727,4.6));
#17327=CARTESIAN_POINT('',(211.155679822672,-16.3999995216727,6.1));
#17328=CARTESIAN_POINT('Origin',(223.596013687268,-17.3999995216727,4.6));
#17329=CARTESIAN_POINT('',(224.596013687268,-17.3999995216727,4.6));
#17330=CARTESIAN_POINT('Origin',(223.596013687268,-17.3999995216727,4.6));
#17331=CARTESIAN_POINT('',(224.596013687268,-17.3999995216727,6.1));
#17332=CARTESIAN_POINT('',(224.596013687268,-17.3999995216727,4.6));
#17333=CARTESIAN_POINT('Origin',(223.596013687268,-17.3999995216727,6.1));
#17334=CARTESIAN_POINT('Origin',(224.596013687268,-17.3999995216727,4.6));
#17335=CARTESIAN_POINT('',(224.596013687268,-19.3999995216727,4.6));
#17336=CARTESIAN_POINT('',(224.596013687268,-17.3999995216727,4.6));
#17337=CARTESIAN_POINT('',(224.596013687268,-19.3999995216727,6.1));
#17338=CARTESIAN_POINT('',(224.596013687268,-19.3999995216727,4.6));
#17339=CARTESIAN_POINT('',(224.596013687268,-17.3999995216727,6.1));
#17340=CARTESIAN_POINT('Origin',(223.596013687268,-19.3999995216727,4.6));
#17341=CARTESIAN_POINT('',(223.596013687268,-20.3999995216727,4.6));
#17342=CARTESIAN_POINT('Origin',(223.596013687268,-19.3999995216727,4.6));
#17343=CARTESIAN_POINT('',(223.596013687268,-20.3999995216727,6.1));
#17344=CARTESIAN_POINT('',(223.596013687268,-20.3999995216727,4.6));
#17345=CARTESIAN_POINT('Origin',(223.596013687268,-19.3999995216727,6.1));
#17346=CARTESIAN_POINT('Origin',(223.596013687268,-20.3999995216727,4.6));
#17347=CARTESIAN_POINT('',(71.6662100611092,-20.3999995216727,4.6));
#17348=CARTESIAN_POINT('',(152.595866245188,-20.3999995216727,4.6));
#17349=CARTESIAN_POINT('',(71.6662100611092,-20.3999995216727,6.1));
#17350=CARTESIAN_POINT('',(71.6662100611092,-20.3999995216727,4.6));
#17351=CARTESIAN_POINT('',(152.595866245188,-20.3999995216727,6.1));
#17352=CARTESIAN_POINT('Origin',(71.6662100611092,-19.3999995216727,4.6));
#17353=CARTESIAN_POINT('',(70.6662100611092,-19.3999995216727,4.6));
#17354=CARTESIAN_POINT('Origin',(71.6662100611092,-19.3999995216727,4.6));
#17355=CARTESIAN_POINT('',(70.6662100611092,-19.3999995216727,6.1));
#17356=CARTESIAN_POINT('',(70.6662100611092,-19.3999995216727,4.6));
#17357=CARTESIAN_POINT('Origin',(71.6662100611092,-19.3999995216727,6.1));
#17358=CARTESIAN_POINT('Origin',(70.6662100611092,-19.3999995216727,4.6));
#17359=CARTESIAN_POINT('',(70.6662100611092,-17.4008339004752,4.6));
#17360=CARTESIAN_POINT('',(70.6662100611092,-19.3999995216727,4.6));
#17361=CARTESIAN_POINT('',(70.6662100611092,-17.4008339004752,6.1));
#17362=CARTESIAN_POINT('',(70.6662100611092,-17.4008339004752,4.6));
#17363=CARTESIAN_POINT('',(70.6662100611092,-19.3999995216727,6.1));
#17364=CARTESIAN_POINT('Origin',(71.6662100611092,-17.4008339004752,4.6));
#17365=CARTESIAN_POINT('',(71.6662100611092,-16.4008339004752,4.6));
#17366=CARTESIAN_POINT('Origin',(71.6662100611092,-17.4008339004752,4.6));
#17367=CARTESIAN_POINT('',(71.6662100611092,-16.4008339004752,6.1));
#17368=CARTESIAN_POINT('',(71.6662100611092,-16.4008339004752,4.6));
#17369=CARTESIAN_POINT('Origin',(71.6662100611092,-17.4008339004752,6.1));
#17370=CARTESIAN_POINT('Origin',(71.6662100611092,-16.4008339004752,4.6));
#17371=CARTESIAN_POINT('',(89.6349490403738,-16.4008339004752,4.6));
#17372=CARTESIAN_POINT('',(89.6349490403738,-16.4008339004752,4.6));
#17373=CARTESIAN_POINT('',(89.6349490403738,-16.4008339004752,6.1));
#17374=CARTESIAN_POINT('',(89.6349490403738,-16.4008339004752,4.6));
#17375=CARTESIAN_POINT('',(89.6349490403738,-16.4008339004752,6.1));
#17376=CARTESIAN_POINT('Origin',(89.6349490403738,-15.4008339004752,4.6));
#17377=CARTESIAN_POINT('',(90.6349490403738,-15.4008339004752,4.6));
#17378=CARTESIAN_POINT('Origin',(89.6349490403738,-15.4008339004752,4.6));
#17379=CARTESIAN_POINT('',(90.6349490403738,-15.4008339004752,6.1));
#17380=CARTESIAN_POINT('',(90.6349490403738,-15.4008339004752,4.6));
#17381=CARTESIAN_POINT('Origin',(89.6349490403738,-15.4008339004752,6.1));
#17382=CARTESIAN_POINT('Origin',(90.6349490403738,-15.4008339004752,4.6));
#17383=CARTESIAN_POINT('',(90.6349490403738,-13.4008339004752,4.6));
#17384=CARTESIAN_POINT('',(90.6349490403738,-13.4008339004752,4.6));
#17385=CARTESIAN_POINT('',(90.6349490403738,-13.4008339004752,6.1));
#17386=CARTESIAN_POINT('',(90.6349490403738,-13.4008339004752,4.6));
#17387=CARTESIAN_POINT('',(90.6349490403738,-13.4008339004752,6.1));
#17388=CARTESIAN_POINT('Origin',(89.6349490403738,-13.4008339004752,4.6));
#17389=CARTESIAN_POINT('',(89.6349490403738,-12.4008339004752,4.6));
#17390=CARTESIAN_POINT('Origin',(89.6349490403738,-13.4008339004752,4.6));
#17391=CARTESIAN_POINT('',(89.6349490403738,-12.4008339004752,6.1));
#17392=CARTESIAN_POINT('',(89.6349490403738,-12.4008339004752,4.6));
#17393=CARTESIAN_POINT('Origin',(89.6349490403738,-13.4008339004752,6.1));
#17394=CARTESIAN_POINT('Origin',(89.6349490403738,-12.4008339004752,4.6));
#17395=CARTESIAN_POINT('',(41.6349490403738,-12.4008339004752,4.6));
#17396=CARTESIAN_POINT('',(41.6349490403738,-12.4008339004752,4.6));
#17397=CARTESIAN_POINT('',(41.6349490403739,-12.4008339004752,6.1));
#17398=CARTESIAN_POINT('',(41.6349490403738,-12.4008339004752,4.6));
#17399=CARTESIAN_POINT('',(41.6349490403738,-12.4008339004752,6.1));
#17400=CARTESIAN_POINT('Origin',(41.6349490403738,-13.4008339004752,4.6));
#17401=CARTESIAN_POINT('',(40.6349490403738,-13.4008339004752,4.6));
#17402=CARTESIAN_POINT('Origin',(41.6349490403738,-13.4008339004752,4.6));
#17403=CARTESIAN_POINT('',(40.6349490403738,-13.4008339004752,6.1));
#17404=CARTESIAN_POINT('',(40.6349490403738,-13.4008339004752,4.6));
#17405=CARTESIAN_POINT('Origin',(41.6349490403738,-13.4008339004752,6.1));
#17406=CARTESIAN_POINT('Origin',(40.6349490403738,-13.4008339004752,4.6));
#17407=CARTESIAN_POINT('',(40.6349490403738,-15.4008339004752,4.6));
#17408=CARTESIAN_POINT('',(40.6349490403738,-15.4008339004752,4.6));
#17409=CARTESIAN_POINT('',(40.6349490403738,-15.4008339004752,6.1));
#17410=CARTESIAN_POINT('',(40.6349490403738,-15.4008339004752,4.6));
#17411=CARTESIAN_POINT('',(40.6349490403738,-15.4008339004752,6.1));
#17412=CARTESIAN_POINT('Origin',(41.6349490403738,-15.4008339004752,4.6));
#17413=CARTESIAN_POINT('',(41.6349490403738,-16.4008339004752,4.6));
#17414=CARTESIAN_POINT('Origin',(41.6349490403738,-15.4008339004752,4.6));
#17415=CARTESIAN_POINT('',(41.6349490403739,-16.4008339004752,6.1));
#17416=CARTESIAN_POINT('',(41.6349490403738,-16.4008339004752,4.6));
#17417=CARTESIAN_POINT('Origin',(41.6349490403738,-15.4008339004752,6.1));
#17418=CARTESIAN_POINT('Origin',(41.6349490403738,-16.4008339004752,4.6));
#17419=CARTESIAN_POINT('',(59.6662100611092,-16.4008339004752,4.6));
#17420=CARTESIAN_POINT('',(59.6662100611092,-16.4008339004752,4.6));
#17421=CARTESIAN_POINT('',(59.6662100611092,-16.4008339004752,6.1));
#17422=CARTESIAN_POINT('',(59.6662100611092,-16.4008339004752,4.6));
#17423=CARTESIAN_POINT('',(59.6662100611092,-16.4008339004752,6.1));
#17424=CARTESIAN_POINT('Origin',(59.6662100611092,-17.4008339004752,4.6));
#17425=CARTESIAN_POINT('',(60.6662100611092,-17.4008339004752,4.6));
#17426=CARTESIAN_POINT('Origin',(59.6662100611092,-17.4008339004752,4.6));
#17427=CARTESIAN_POINT('',(60.6662100611092,-17.4008339004752,6.1));
#17428=CARTESIAN_POINT('',(60.6662100611092,-17.4008339004752,4.6));
#17429=CARTESIAN_POINT('Origin',(59.6662100611092,-17.4008339004752,6.1));
#17430=CARTESIAN_POINT('Origin',(60.6662100611092,-17.4008339004752,4.6));
#17431=CARTESIAN_POINT('',(60.6662100611092,-19.3999995216727,4.6));
#17432=CARTESIAN_POINT('',(60.6662100611092,-17.4008339004752,4.6));
#17433=CARTESIAN_POINT('',(60.6662100611092,-19.3999995216727,6.1));
#17434=CARTESIAN_POINT('',(60.6662100611092,-19.3999995216727,4.6));
#17435=CARTESIAN_POINT('',(60.6662100611092,-17.4008339004752,6.1));
#17436=CARTESIAN_POINT('Origin',(59.6662100611092,-19.3999995216727,4.6));
#17437=CARTESIAN_POINT('',(59.6662100611092,-20.3999995216727,4.6));
#17438=CARTESIAN_POINT('Origin',(59.6662100611092,-19.3999995216727,4.6));
#17439=CARTESIAN_POINT('',(59.6662100611092,-20.3999995216727,6.1));
#17440=CARTESIAN_POINT('',(59.6662100611092,-20.3999995216727,4.6));
#17441=CARTESIAN_POINT('Origin',(59.6662100611092,-19.3999995216727,6.1));
#17442=CARTESIAN_POINT('Origin',(59.6662100611092,-20.3999995216727,4.6));
#17443=CARTESIAN_POINT('',(24.6000251969842,-20.3999995216731,4.6));
#17444=CARTESIAN_POINT('',(58.596000879158,-20.3999995216727,4.6));
#17445=CARTESIAN_POINT('',(24.6000251969842,-20.3999995216731,6.1));
#17446=CARTESIAN_POINT('',(24.6000251969842,-20.3999995216731,4.6));
#17447=CARTESIAN_POINT('',(58.596000879158,-20.3999995216727,6.1));
#17448=CARTESIAN_POINT('Origin',(24.6000251969842,-22.3999995216731,4.6));
#17449=CARTESIAN_POINT('',(22.6000251969857,-22.4000019720939,4.6));
#17450=CARTESIAN_POINT('Origin',(24.6000251969842,-22.3999995216731,4.6));
#17451=CARTESIAN_POINT('',(22.6000251969857,-22.4000019720939,6.1));
#17452=CARTESIAN_POINT('',(22.6000251969857,-22.4000019720939,4.6));
#17453=CARTESIAN_POINT('Origin',(24.6000251969842,-22.3999995216731,6.1));
#17454=CARTESIAN_POINT('Origin',(22.6000251969858,-22.400001972094,4.6));
#17455=CARTESIAN_POINT('',(22.60012443903,-103.400001972095,4.6));
#17456=CARTESIAN_POINT('',(22.60012443903,-103.400001972095,4.6));
#17457=CARTESIAN_POINT('',(22.6001244390299,-103.400001972095,6.1));
#17458=CARTESIAN_POINT('',(22.60012443903,-103.400001972095,4.6));
#17459=CARTESIAN_POINT('',(22.60012443903,-103.400001972095,6.1));
#17460=CARTESIAN_POINT('Origin',(24.6001244390285,-103.399999521674,4.6));
#17461=CARTESIAN_POINT('',(24.6001267125217,-105.399999521672,4.6));
#17462=CARTESIAN_POINT('Origin',(24.6001244390285,-103.399999521674,4.6));
#17463=CARTESIAN_POINT('',(24.6001267125217,-105.399999521672,6.1));
#17464=CARTESIAN_POINT('',(24.6001267125217,-105.399999521672,4.6));
#17465=CARTESIAN_POINT('Origin',(24.6001244390285,-103.399999521674,6.1));
#17466=CARTESIAN_POINT('Origin',(24.6001267125217,-105.399999521672,4.6));
#17467=CARTESIAN_POINT('',(59.6662100611092,-105.399999521673,4.6));
#17468=CARTESIAN_POINT('',(59.6662100611092,-105.399999521673,4.6));
#17469=CARTESIAN_POINT('',(59.6662100611092,-105.399999521673,6.1));
#17470=CARTESIAN_POINT('',(59.6662100611092,-105.399999521673,4.6));
#17471=CARTESIAN_POINT('',(59.6662100611092,-105.399999521673,6.1));
#17472=CARTESIAN_POINT('Origin',(59.6662100611092,-106.399999521673,4.6));
#17473=CARTESIAN_POINT('',(60.6662100611092,-106.399999521673,4.6));
#17474=CARTESIAN_POINT('Origin',(59.6662100611092,-106.399999521673,4.6));
#17475=CARTESIAN_POINT('',(60.6662100611092,-106.399999521673,6.1));
#17476=CARTESIAN_POINT('',(60.6662100611092,-106.399999521673,4.6));
#17477=CARTESIAN_POINT('Origin',(59.6662100611092,-106.399999521673,6.1));
#17478=CARTESIAN_POINT('Origin',(60.6662100611092,-106.399999521673,4.6));
#17479=CARTESIAN_POINT('',(60.6662100611092,-108.399999521673,4.6));
#17480=CARTESIAN_POINT('',(60.6662100611092,-108.399999521673,4.6));
#17481=CARTESIAN_POINT('',(60.6662100611092,-108.399999521673,6.1));
#17482=CARTESIAN_POINT('',(60.6662100611092,-108.399999521673,4.6));
#17483=CARTESIAN_POINT('',(60.6662100611092,-108.399999521673,6.1));
#17484=CARTESIAN_POINT('Origin',(59.6662100611092,-108.399999521673,4.6));
#17485=CARTESIAN_POINT('',(59.6662100611092,-109.399999521673,4.6));
#17486=CARTESIAN_POINT('Origin',(59.6662100611092,-108.399999521673,4.6));
#17487=CARTESIAN_POINT('',(59.6662100611092,-109.399999521673,6.1));
#17488=CARTESIAN_POINT('',(59.6662100611092,-109.399999521673,4.6));
#17489=CARTESIAN_POINT('Origin',(59.6662100611092,-108.399999521673,6.1));
#17490=CARTESIAN_POINT('Origin',(59.6662100611092,-109.399999521673,4.6));
#17491=CARTESIAN_POINT('',(41.6349490403738,-109.399999521673,4.6));
#17492=CARTESIAN_POINT('',(45.6349490403738,-109.399999521673,4.6));
#17493=CARTESIAN_POINT('',(41.6349490403739,-109.399999521673,6.1));
#17494=CARTESIAN_POINT('',(41.6349490403738,-109.399999521673,4.6));
#17495=CARTESIAN_POINT('',(45.6349490403738,-109.399999521673,6.1));
#17496=CARTESIAN_POINT('Origin',(41.6349490403738,-110.399999521673,4.6));
#17497=CARTESIAN_POINT('',(40.6349490403738,-110.399999521673,4.6));
#17498=CARTESIAN_POINT('Origin',(41.6349490403738,-110.399999521673,4.6));
#17499=CARTESIAN_POINT('',(40.6349490403738,-110.399999521673,6.1));
#17500=CARTESIAN_POINT('',(40.6349490403738,-110.399999521673,4.6));
#17501=CARTESIAN_POINT('Origin',(41.6349490403738,-110.399999521673,6.1));
#17502=CARTESIAN_POINT('Origin',(40.6349490403738,-110.399999521673,4.6));
#17503=CARTESIAN_POINT('',(40.6349490403738,-112.399999521673,4.6));
#17504=CARTESIAN_POINT('',(40.6349490403738,-112.399999521673,4.6));
#17505=CARTESIAN_POINT('',(40.6349490403738,-112.399999521673,6.1));
#17506=CARTESIAN_POINT('',(40.6349490403738,-112.399999521673,4.6));
#17507=CARTESIAN_POINT('',(40.6349490403738,-112.399999521673,6.1));
#17508=CARTESIAN_POINT('Origin',(41.6349490403738,-112.399999521673,4.6));
#17509=CARTESIAN_POINT('',(41.6349490403738,-113.399999521673,4.6));
#17510=CARTESIAN_POINT('Origin',(41.6349490403738,-112.399999521673,4.6));
#17511=CARTESIAN_POINT('',(41.6349490403739,-113.399999521673,6.1));
#17512=CARTESIAN_POINT('',(41.6349490403738,-113.399999521673,4.6));
#17513=CARTESIAN_POINT('Origin',(41.6349490403738,-112.399999521673,6.1));
#17514=CARTESIAN_POINT('Origin',(41.6349490403738,-113.399999521673,4.6));
#17515=CARTESIAN_POINT('',(89.6349490403738,-113.399999521673,4.6));
#17516=CARTESIAN_POINT('',(45.6349490403738,-113.399999521673,4.6));
#17517=CARTESIAN_POINT('',(89.6349490403738,-113.399999521673,6.1));
#17518=CARTESIAN_POINT('',(89.6349490403738,-113.399999521673,4.6));
#17519=CARTESIAN_POINT('',(45.6349490403738,-113.399999521673,6.1));
#17520=CARTESIAN_POINT('Origin',(89.6349490403738,-112.399999521673,4.6));
#17521=CARTESIAN_POINT('',(90.6349490403738,-112.399999521673,4.6));
#17522=CARTESIAN_POINT('Origin',(89.6349490403738,-112.399999521673,4.6));
#17523=CARTESIAN_POINT('',(90.6349490403738,-112.399999521673,6.1));
#17524=CARTESIAN_POINT('',(90.6349490403738,-112.399999521673,4.6));
#17525=CARTESIAN_POINT('Origin',(89.6349490403738,-112.399999521673,6.1));
#17526=CARTESIAN_POINT('Origin',(90.6349490403738,-112.399999521673,4.6));
#17527=CARTESIAN_POINT('',(90.6349490403738,-110.399999521673,4.6));
#17528=CARTESIAN_POINT('',(90.6349490403738,-110.399999521673,4.6));
#17529=CARTESIAN_POINT('',(90.6349490403738,-110.399999521673,6.1));
#17530=CARTESIAN_POINT('',(90.6349490403738,-110.399999521673,4.6));
#17531=CARTESIAN_POINT('',(90.6349490403738,-110.399999521673,6.1));
#17532=CARTESIAN_POINT('Origin',(89.6349490403738,-110.399999521673,4.6));
#17533=CARTESIAN_POINT('',(89.6349490403738,-109.399999521673,4.6));
#17534=CARTESIAN_POINT('Origin',(89.6349490403738,-110.399999521673,4.6));
#17535=CARTESIAN_POINT('',(89.6349490403738,-109.399999521673,6.1));
#17536=CARTESIAN_POINT('',(89.6349490403738,-109.399999521673,4.6));
#17537=CARTESIAN_POINT('Origin',(89.6349490403738,-110.399999521673,6.1));
#17538=CARTESIAN_POINT('Origin',(89.6349490403738,-109.399999521673,4.6));
#17539=CARTESIAN_POINT('',(71.6662100611092,-109.399999521673,4.6));
#17540=CARTESIAN_POINT('',(85.6349490403738,-109.399999521673,4.6));
#17541=CARTESIAN_POINT('',(71.6662100611092,-109.399999521673,6.1));
#17542=CARTESIAN_POINT('',(71.6662100611092,-109.399999521673,4.6));
#17543=CARTESIAN_POINT('',(85.6349490403738,-109.399999521673,6.1));
#17544=CARTESIAN_POINT('Origin',(71.6662100611092,-108.399999521673,4.6));
#17545=CARTESIAN_POINT('',(70.6662100611092,-108.399999521673,4.6));
#17546=CARTESIAN_POINT('Origin',(71.6662100611092,-108.399999521673,4.6));
#17547=CARTESIAN_POINT('',(70.6662100611092,-108.399999521673,6.1));
#17548=CARTESIAN_POINT('',(70.6662100611092,-108.399999521673,4.6));
#17549=CARTESIAN_POINT('Origin',(71.6662100611092,-108.399999521673,6.1));
#17550=CARTESIAN_POINT('Origin',(70.6662100611092,-108.399999521673,4.6));
#17551=CARTESIAN_POINT('',(70.6662100611094,-106.399999521672,4.6));
#17552=CARTESIAN_POINT('',(70.6662100611092,-106.399999521672,4.6));
#17553=CARTESIAN_POINT('',(70.6662100611094,-106.399999521672,6.1));
#17554=CARTESIAN_POINT('',(70.6662100611094,-106.399999521672,4.6));
#17555=CARTESIAN_POINT('',(70.6662100611092,-106.399999521672,6.1));
#17556=CARTESIAN_POINT('Origin',(71.6662100611092,-106.399999521672,4.6));
#17557=CARTESIAN_POINT('',(71.6662100611091,-105.399999521673,4.6));
#17558=CARTESIAN_POINT('Origin',(71.6662100611092,-106.399999521672,4.6));
#17559=CARTESIAN_POINT('',(71.666210061109,-105.399999521673,6.1));
#17560=CARTESIAN_POINT('',(71.6662100611091,-105.399999521673,4.6));
#17561=CARTESIAN_POINT('Origin',(71.6662100611092,-106.399999521672,6.1));
#17562=CARTESIAN_POINT('Origin',(71.6662100611091,-105.399999521673,4.6));
#17563=CARTESIAN_POINT('',(223.635003337842,-105.399999521672,4.6));
#17564=CARTESIAN_POINT('',(140.634628532775,-105.399999521673,4.6));
#17565=CARTESIAN_POINT('',(223.635003337842,-105.399999521672,6.1));
#17566=CARTESIAN_POINT('',(223.635003337842,-105.399999521672,4.6));
#17567=CARTESIAN_POINT('',(140.634628532775,-105.399999521673,6.1));
#17568=CARTESIAN_POINT('Origin',(223.635003337843,-106.399999521672,4.6));
#17569=CARTESIAN_POINT('',(224.635003337843,-106.399999521672,4.6));
#17570=CARTESIAN_POINT('Origin',(223.635003337843,-106.399999521672,4.6));
#17571=CARTESIAN_POINT('',(224.635003337843,-106.399999521672,6.1));
#17572=CARTESIAN_POINT('',(224.635003337843,-106.399999521672,4.6));
#17573=CARTESIAN_POINT('Origin',(223.635003337843,-106.399999521672,6.1));
#17574=CARTESIAN_POINT('Origin',(224.635003337843,-106.399999521672,4.6));
#17575=CARTESIAN_POINT('',(224.635003337842,-108.399999521673,4.6));
#17576=CARTESIAN_POINT('',(224.635003337842,-108.399999521673,4.6));
#17577=CARTESIAN_POINT('',(224.635003337842,-108.399999521673,6.1));
#17578=CARTESIAN_POINT('',(224.635003337842,-108.399999521673,4.6));
#17579=CARTESIAN_POINT('',(224.635003337842,-108.399999521673,6.1));
#17580=CARTESIAN_POINT('Origin',(223.635003337842,-108.399999521673,4.6));
#17581=CARTESIAN_POINT('',(223.635003337842,-109.399999521673,4.6));
#17582=CARTESIAN_POINT('Origin',(223.635003337842,-108.399999521673,4.6));
#17583=CARTESIAN_POINT('',(223.635003337842,-109.399999521673,6.1));
#17584=CARTESIAN_POINT('',(223.635003337842,-109.399999521673,4.6));
#17585=CARTESIAN_POINT('Origin',(223.635003337842,-108.399999521673,6.1));
#17586=CARTESIAN_POINT('Origin',(223.635003337842,-109.399999521673,4.6));
#17587=CARTESIAN_POINT('',(205.634374005307,-109.399999521673,4.6));
#17588=CARTESIAN_POINT('',(209.634374005307,-109.399999521673,4.6));
#17589=CARTESIAN_POINT('',(205.634374005307,-109.399999521673,6.1));
#17590=CARTESIAN_POINT('',(205.634374005307,-109.399999521673,4.6));
#17591=CARTESIAN_POINT('',(209.634374005307,-109.399999521673,6.1));
#17592=CARTESIAN_POINT('Origin',(205.634374005307,-110.399999521673,4.6));
#17593=CARTESIAN_POINT('',(204.634374005307,-110.399999521673,4.6));
#17594=CARTESIAN_POINT('Origin',(205.634374005307,-110.399999521673,4.6));
#17595=CARTESIAN_POINT('',(204.634374005307,-110.399999521673,6.1));
#17596=CARTESIAN_POINT('',(204.634374005307,-110.399999521673,4.6));
#17597=CARTESIAN_POINT('Origin',(205.634374005307,-110.399999521673,6.1));
#17598=CARTESIAN_POINT('Origin',(204.634374005307,-110.399999521673,4.6));
#17599=CARTESIAN_POINT('',(204.634374005307,-112.399999521673,4.6));
#17600=CARTESIAN_POINT('',(204.634374005307,-112.399999521673,4.6));
#17601=CARTESIAN_POINT('',(204.634374005307,-112.399999521673,6.1));
#17602=CARTESIAN_POINT('',(204.634374005307,-112.399999521673,4.6));
#17603=CARTESIAN_POINT('',(204.634374005307,-112.399999521673,6.1));
#17604=CARTESIAN_POINT('Origin',(205.634374005307,-112.399999521673,4.6));
#17605=CARTESIAN_POINT('',(205.634374005307,-113.399999521673,4.6));
#17606=CARTESIAN_POINT('Origin',(205.634374005307,-112.399999521673,4.6));
#17607=CARTESIAN_POINT('',(205.634374005307,-113.399999521673,6.1));
#17608=CARTESIAN_POINT('',(205.634374005307,-113.399999521673,4.6));
#17609=CARTESIAN_POINT('Origin',(205.634374005307,-112.399999521673,6.1));
#17610=CARTESIAN_POINT('Origin',(205.634374005307,-113.399999521673,4.6));
#17611=CARTESIAN_POINT('',(253.634374005307,-113.399999521673,4.6));
#17612=CARTESIAN_POINT('',(209.634374005307,-113.399999521673,4.6));
#17613=CARTESIAN_POINT('',(253.634374005307,-113.399999521673,6.1));
#17614=CARTESIAN_POINT('',(253.634374005307,-113.399999521673,4.6));
#17615=CARTESIAN_POINT('',(209.634374005307,-113.399999521673,6.1));
#17616=CARTESIAN_POINT('Origin',(253.634374005307,-112.399999521673,4.6));
#17617=CARTESIAN_POINT('',(254.634374005307,-112.399999521673,4.6));
#17618=CARTESIAN_POINT('Origin',(253.634374005307,-112.399999521673,4.6));
#17619=CARTESIAN_POINT('',(254.634374005307,-112.399999521673,6.1));
#17620=CARTESIAN_POINT('',(254.634374005307,-112.399999521673,4.6));
#17621=CARTESIAN_POINT('Origin',(253.634374005307,-112.399999521673,6.1));
#17622=CARTESIAN_POINT('Origin',(254.634374005307,-112.399999521673,4.6));
#17623=CARTESIAN_POINT('',(254.634374005307,-110.399999521673,4.6));
#17624=CARTESIAN_POINT('',(254.634374005307,-110.399999521673,4.6));
#17625=CARTESIAN_POINT('',(254.634374005307,-110.399999521673,6.1));
#17626=CARTESIAN_POINT('',(254.634374005307,-110.399999521673,4.6));
#17627=CARTESIAN_POINT('',(254.634374005307,-110.399999521673,6.1));
#17628=CARTESIAN_POINT('Origin',(253.634374005307,-110.399999521673,4.6));
#17629=CARTESIAN_POINT('',(253.634374005307,-109.399999521673,4.6));
#17630=CARTESIAN_POINT('Origin',(253.634374005307,-110.399999521673,4.6));
#17631=CARTESIAN_POINT('',(253.634374005307,-109.399999521673,6.1));
#17632=CARTESIAN_POINT('',(253.634374005307,-109.399999521673,4.6));
#17633=CARTESIAN_POINT('Origin',(253.634374005307,-110.399999521673,6.1));
#17634=CARTESIAN_POINT('Origin',(253.634374005307,-109.399999521673,4.6));
#17635=CARTESIAN_POINT('',(235.63500333786,-109.399999521673,4.6));
#17636=CARTESIAN_POINT('',(249.634374005307,-109.399999521673,4.6));
#17637=CARTESIAN_POINT('',(235.63500333786,-109.399999521673,6.1));
#17638=CARTESIAN_POINT('',(235.63500333786,-109.399999521673,4.6));
#17639=CARTESIAN_POINT('',(249.634374005307,-109.399999521673,6.1));
#17640=CARTESIAN_POINT('Origin',(235.63500333786,-108.399999521673,4.6));
#17641=CARTESIAN_POINT('',(234.63500333786,-108.399999521673,4.6));
#17642=CARTESIAN_POINT('Origin',(235.63500333786,-108.399999521673,4.6));
#17643=CARTESIAN_POINT('',(234.63500333786,-108.399999521673,6.1));
#17644=CARTESIAN_POINT('',(234.63500333786,-108.399999521673,4.6));
#17645=CARTESIAN_POINT('Origin',(235.63500333786,-108.399999521673,6.1));
#17646=CARTESIAN_POINT('Origin',(234.63500333786,-108.399999521673,4.6));
#17647=CARTESIAN_POINT('',(234.63500333786,-106.399999521673,4.6));
#17648=CARTESIAN_POINT('',(234.63500333786,-106.399999521673,4.6));
#17649=CARTESIAN_POINT('',(234.63500333786,-106.399999521673,6.1));
#17650=CARTESIAN_POINT('',(234.63500333786,-106.399999521673,4.6));
#17651=CARTESIAN_POINT('',(234.63500333786,-106.399999521673,6.1));
#17652=CARTESIAN_POINT('Origin',(235.63500333786,-106.399999521673,4.6));
#17653=CARTESIAN_POINT('',(235.63500333786,-105.399999521673,4.6));
#17654=CARTESIAN_POINT('Origin',(235.63500333786,-106.399999521673,4.6));
#17655=CARTESIAN_POINT('',(235.63500333786,-105.399999521673,6.1));
#17656=CARTESIAN_POINT('',(235.63500333786,-105.399999521673,4.6));
#17657=CARTESIAN_POINT('Origin',(235.63500333786,-106.399999521673,6.1));
#17658=CARTESIAN_POINT('Origin',(235.63500333786,-105.399999521673,4.6));
#17659=CARTESIAN_POINT('',(268.599999472499,-105.399999521673,4.6));
#17660=CARTESIAN_POINT('',(268.599999472499,-105.399999521673,4.6));
#17661=CARTESIAN_POINT('',(268.599999472499,-105.399999521673,6.1));
#17662=CARTESIAN_POINT('',(268.599999472499,-105.399999521673,4.6));
#17663=CARTESIAN_POINT('',(268.599999472499,-105.399999521673,6.1));
#17664=CARTESIAN_POINT('Origin',(268.599999472499,-103.399999521673,4.6));
#17665=CARTESIAN_POINT('',(270.599999472499,-103.399999521673,4.6));
#17666=CARTESIAN_POINT('Origin',(268.599999472499,-103.399999521673,4.6));
#17667=CARTESIAN_POINT('',(270.599999472499,-103.399999521673,6.1));
#17668=CARTESIAN_POINT('',(270.599999472499,-103.399999521673,4.6));
#17669=CARTESIAN_POINT('Origin',(268.599999472499,-103.399999521673,6.1));
#17670=CARTESIAN_POINT('Origin',(268.599999472499,-22.3999995216727,4.6));
#17671=CARTESIAN_POINT('',(270.599999472499,-22.3999995216727,4.6));
#17672=CARTESIAN_POINT('',(268.599999472499,-20.3999995216727,4.6));
#17673=CARTESIAN_POINT('Origin',(268.599999472499,-22.3999995216727,4.6));
#17674=CARTESIAN_POINT('',(268.599999472499,-20.3999995216727,6.1));
#17675=CARTESIAN_POINT('',(268.599999472499,-20.3999995216727,4.6));
#17676=CARTESIAN_POINT('',(270.599999472499,-22.3999995216727,6.1));
#17677=CARTESIAN_POINT('Origin',(268.599999472499,-22.3999995216727,6.1));
#17678=CARTESIAN_POINT('',(270.599999472499,-22.3999995216727,4.6));
#17679=CARTESIAN_POINT('Origin',(268.599999472499,-20.3999995216727,4.6));
#17680=CARTESIAN_POINT('',(235.596013687268,-20.3999995216727,4.6));
#17681=CARTESIAN_POINT('',(235.596013687268,-20.3999995216727,4.6));
#17682=CARTESIAN_POINT('',(235.596013687268,-20.3999995216727,6.1));
#17683=CARTESIAN_POINT('',(235.596013687268,-20.3999995216727,4.6));
#17684=CARTESIAN_POINT('',(235.596013687268,-20.3999995216727,6.1));
#17685=CARTESIAN_POINT('Origin',(235.596013687268,-19.3999995216727,4.6));
#17686=CARTESIAN_POINT('',(234.596013687268,-19.3999995216727,4.6));
#17687=CARTESIAN_POINT('Origin',(235.596013687268,-19.3999995216727,4.6));
#17688=CARTESIAN_POINT('',(234.596013687268,-19.3999995216727,6.1));
#17689=CARTESIAN_POINT('',(234.596013687268,-19.3999995216727,4.6));
#17690=CARTESIAN_POINT('Origin',(235.596013687268,-19.3999995216727,6.1));
#17691=CARTESIAN_POINT('Origin',(234.596013687268,-19.3999995216727,4.6));
#17692=CARTESIAN_POINT('',(234.596013687268,-17.3999995216727,4.6));
#17693=CARTESIAN_POINT('',(234.596013687268,-19.3999995216727,4.6));
#17694=CARTESIAN_POINT('',(234.596013687268,-17.3999995216727,6.1));
#17695=CARTESIAN_POINT('',(234.596013687268,-17.3999995216727,4.6));
#17696=CARTESIAN_POINT('',(234.596013687268,-19.3999995216727,6.1));
#17697=CARTESIAN_POINT('Origin',(235.596013687268,-17.3999995216727,4.6));
#17698=CARTESIAN_POINT('Origin',(235.596013687268,-17.3999995216727,4.6));
#17699=CARTESIAN_POINT('Origin',(235.596013687268,-17.3999995216727,6.1));
#17700=CARTESIAN_POINT('Origin',(270.599999472499,-103.399999521673,4.6));
#17701=CARTESIAN_POINT('',(270.599999472499,-101.285508912769,4.6));
#17702=CARTESIAN_POINT('',(270.599999472499,-101.285508912769,6.10000000000001));
#17703=CARTESIAN_POINT('',(270.599999472499,-101.285508912769,6.10000000000001));
#17704=CARTESIAN_POINT('',(270.599999472499,-22.3999995216727,6.1));
#17705=CARTESIAN_POINT('',(270.599999472499,-22.3999995216727,4.6));
#17706=CARTESIAN_POINT('Origin',(270.599999472499,-103.399999521673,4.6));
#17707=CARTESIAN_POINT('',(270.599999472499,-81.6606629685484,6.1));
#17708=CARTESIAN_POINT('',(270.599999472499,-81.6606629685484,4.6));
#17709=CARTESIAN_POINT('',(270.599999472499,-81.6606629685484,6.10000000000001));
#17710=CARTESIAN_POINT('',(270.599999472499,-22.3999995216727,4.6));
#17711=CARTESIAN_POINT('',(270.599999472499,-22.3999995216727,6.1));
#17712=CARTESIAN_POINT('Origin',(146.600012334742,-62.8999995216727,6.1));
#17713=CARTESIAN_POINT('',(270.594197969828,-101.285517327145,6.10000000000001));
#17714=CARTESIAN_POINT('',(270.602767069204,-72.2986605115575,6.1));
#17715=CARTESIAN_POINT('Origin',(270.594197969828,-99.2855173271453,6.1));
#17716=CARTESIAN_POINT('Origin',(270.594197969828,-99.2855173271453,6.10000000000001));
#17717=CARTESIAN_POINT('',(270.594197969828,-101.285517327145,4.6));
#17718=CARTESIAN_POINT('Origin',(270.594197969828,-99.2855173271453,4.6));
#17719=CARTESIAN_POINT('',(270.594197969828,-101.285517327145,6.10000000000001));
#17720=CARTESIAN_POINT('Origin',(270.599999472499,-81.6606629685484,7.6));
#17721=CARTESIAN_POINT('',(270.599999472499,-81.6606629685484,4.6));
#17722=CARTESIAN_POINT('Origin',(146.600012334742,-62.8999995216727,4.6));
#17723=CARTESIAN_POINT('',(0.,0.,0.));
#17724=CARTESIAN_POINT('',(0.,0.,0.));
#17725=UNCERTAINTY_MEASURE_WITH_UNIT(LENGTH_MEASURE(0.01),#17733,
'DISTANCE_ACCURACY_VALUE',
'Maximum model space distance between geometric entities at asserted c
onnectivities');
#17726=UNCERTAINTY_MEASURE_WITH_UNIT(LENGTH_MEASURE(0.01),#17733,
'DISTANCE_ACCURACY_VALUE',
'Maximum model space distance between geometric entities at asserted c
onnectivities');
#17727=UNCERTAINTY_MEASURE_WITH_UNIT(LENGTH_MEASURE(0.01),#17733,
'DISTANCE_ACCURACY_VALUE',
'Maximum model space distance between geometric entities at asserted c
onnectivities');
#17728=UNCERTAINTY_MEASURE_WITH_UNIT(LENGTH_MEASURE(0.01),#17733,
'DISTANCE_ACCURACY_VALUE',
'Maximum model space distance between geometric entities at asserted c
onnectivities');
#17729=(
GEOMETRIC_REPRESENTATION_CONTEXT(3)
GLOBAL_UNCERTAINTY_ASSIGNED_CONTEXT((#17725))
GLOBAL_UNIT_ASSIGNED_CONTEXT((#17733,#17735,#17736))
REPRESENTATION_CONTEXT('','3D')
);
#17730=(
GEOMETRIC_REPRESENTATION_CONTEXT(3)
GLOBAL_UNCERTAINTY_ASSIGNED_CONTEXT((#17726))
GLOBAL_UNIT_ASSIGNED_CONTEXT((#17733,#17735,#17736))
REPRESENTATION_CONTEXT('','3D')
);
#17731=(
GEOMETRIC_REPRESENTATION_CONTEXT(3)
GLOBAL_UNCERTAINTY_ASSIGNED_CONTEXT((#17727))
GLOBAL_UNIT_ASSIGNED_CONTEXT((#17733,#17735,#17736))
REPRESENTATION_CONTEXT('','3D')
);
#17732=(
GEOMETRIC_REPRESENTATION_CONTEXT(3)
GLOBAL_UNCERTAINTY_ASSIGNED_CONTEXT((#17728))
GLOBAL_UNIT_ASSIGNED_CONTEXT((#17733,#17735,#17736))
REPRESENTATION_CONTEXT('','3D')
);
#17733=(
LENGTH_UNIT()
NAMED_UNIT(*)
SI_UNIT(.MILLI.,.METRE.)
);
#17734=(
LENGTH_UNIT()
NAMED_UNIT(*)
SI_UNIT($,.METRE.)
);
#17735=(
NAMED_UNIT(*)
PLANE_ANGLE_UNIT()
SI_UNIT($,.RADIAN.)
);
#17736=(
NAMED_UNIT(*)
SI_UNIT($,.STERADIAN.)
SOLID_ANGLE_UNIT()
);
#17737=SHAPE_DEFINITION_REPRESENTATION(#17740,#17745);
#17738=SHAPE_DEFINITION_REPRESENTATION(#17741,#17746);
#17739=SHAPE_DEFINITION_REPRESENTATION(#17742,#17747);
#17740=PRODUCT_DEFINITION_SHAPE('',$,#17749);
#17741=PRODUCT_DEFINITION_SHAPE('',$,#17750);
#17742=PRODUCT_DEFINITION_SHAPE('',$,#17751);
#17743=PRODUCT_DEFINITION_SHAPE($,$,#17);
#17744=PRODUCT_DEFINITION_SHAPE($,$,#18);
#17745=SHAPE_REPRESENTATION('',(#10537,#11548),#17729);
#17746=SHAPE_REPRESENTATION('',(#10538,#11547),#17730);
#17747=SHAPE_REPRESENTATION('',(#10539),#17731);
#17748=PRODUCT_DEFINITION_CONTEXT('part definition',#17759,'design');
#17749=PRODUCT_DEFINITION('Pancake case','Plate 2u Clip v1',#17752,#17748);
#17750=PRODUCT_DEFINITION('Pancake','Pancake',#17753,#17748);
#17751=PRODUCT_DEFINITION('PCB & Plate','PCB & Plate',#17754,#17748);
#17752=PRODUCT_DEFINITION_FORMATION('',$,#17761);
#17753=PRODUCT_DEFINITION_FORMATION('',$,#17762);
#17754=PRODUCT_DEFINITION_FORMATION('',$,#17763);
#17755=PRODUCT_RELATED_PRODUCT_CATEGORY('Plate 2u Clip v1',
'Plate 2u Clip v1',(#17761));
#17756=PRODUCT_RELATED_PRODUCT_CATEGORY('Pancake','Pancake',(#17762));
#17757=PRODUCT_RELATED_PRODUCT_CATEGORY('PCB & Plate','PCB & Plate',(#17763));
#17758=APPLICATION_PROTOCOL_DEFINITION('international standard',
'automotive_design',2009,#17759);
#17759=APPLICATION_CONTEXT(
'Core Data for Automotive Mechanical Design Process');
#17760=PRODUCT_CONTEXT('part definition',#17759,'mechanical');
#17761=PRODUCT('Pancake case','Plate 2u Clip v1',$,(#17760));
#17762=PRODUCT('Pancake','Pancake',$,(#17760));
#17763=PRODUCT('PCB & Plate','PCB & Plate',$,(#17760));
#17764=PRESENTATION_STYLE_ASSIGNMENT((#17767));
#17765=PRESENTATION_STYLE_ASSIGNMENT((#17768));
#17766=PRESENTATION_STYLE_ASSIGNMENT((#17769));
#17767=SURFACE_STYLE_USAGE(.BOTH.,#17770);
#17768=SURFACE_STYLE_USAGE(.BOTH.,#17771);
#17769=SURFACE_STYLE_USAGE(.BOTH.,#17772);
#17770=SURFACE_SIDE_STYLE('',(#17773));
#17771=SURFACE_SIDE_STYLE('',(#17774));
#17772=SURFACE_SIDE_STYLE('',(#17775));
#17773=SURFACE_STYLE_FILL_AREA(#17776);
#17774=SURFACE_STYLE_FILL_AREA(#17777);
#17775=SURFACE_STYLE_FILL_AREA(#17778);
#17776=FILL_AREA_STYLE('Acier - Satin\X\E9',(#17779));
#17777=FILL_AREA_STYLE('Plastique - Mat (noir)',(#17780));
#17778=FILL_AREA_STYLE('Opaque(179,179,179)',(#17781));
#17779=FILL_AREA_STYLE_COLOUR('Acier - Satin\X\E9',#17782);
#17780=FILL_AREA_STYLE_COLOUR('Plastique - Mat (noir)',#17783);
#17781=FILL_AREA_STYLE_COLOUR('Opaque(179,179,179)',#17784);
#17782=COLOUR_RGB('Acier - Satin\X\E9',0.627450980392157,0.627450980392157,
0.627450980392157);
#17783=COLOUR_RGB('Plastique - Mat (noir)',0.0980392156862745,0.0980392156862745,
0.0980392156862745);
#17784=COLOUR_RGB('Opaque(179,179,179)',0.701960784313725,0.701960784313725,
0.701960784313725);
ENDSEC;
END-ISO-10303-21;
