ISO-10303-21;
HEADER;
/* Generated by software containing ST-Developer
 * from STEP Tools, Inc. (www.steptools.com) 
 */

FILE_DESCRIPTION(
/* description */ (''),
/* implementation_level */ '2;1');

FILE_NAME(
/* name */ 'Plate 7u clip.step',
/* time_stamp */ '2025-12-07T22:14:27+01:00',
/* author */ (''),
/* organization */ (''),
/* preprocessor_version */ 'ST-DEVELOPER v20.1',
/* originating_system */ 'Autodesk Translation Framework v14.21.0.0',
/* authorisation */ '');

FILE_SCHEMA (('AUTOMOTIVE_DESIGN { 1 0 10303 214 3 1 1 }'));
ENDSEC;

DATA;
#10=MECHANICAL_DESIGN_GEOMETRIC_PRESENTATION_REPRESENTATION('',(#13),#14982);
#11=SHAPE_REPRESENTATION_RELATIONSHIP('SRR','None',#14989,#12);
#12=ADVANCED_BREP_SHAPE_REPRESENTATION('',(#14),#14981);
#13=STYLED_ITEM('',(#14999),#14);
#14=MANIFOLD_SOLID_BREP('Plate',#8886);
#15=FACE_BOUND('',#1176,.T.);
#16=FACE_BOUND('',#1177,.T.);
#17=FACE_BOUND('',#1178,.T.);
#18=FACE_BOUND('',#1179,.T.);
#19=FACE_BOUND('',#1180,.T.);
#20=FACE_BOUND('',#1181,.T.);
#21=FACE_BOUND('',#1182,.T.);
#22=FACE_BOUND('',#1183,.T.);
#23=FACE_BOUND('',#1184,.T.);
#24=FACE_BOUND('',#1185,.T.);
#25=FACE_BOUND('',#1186,.T.);
#26=FACE_BOUND('',#1187,.T.);
#27=FACE_BOUND('',#1188,.T.);
#28=FACE_BOUND('',#1189,.T.);
#29=FACE_BOUND('',#1190,.T.);
#30=FACE_BOUND('',#1191,.T.);
#31=FACE_BOUND('',#1192,.T.);
#32=FACE_BOUND('',#1193,.T.);
#33=FACE_BOUND('',#1194,.T.);
#34=FACE_BOUND('',#1195,.T.);
#35=FACE_BOUND('',#1196,.T.);
#36=FACE_BOUND('',#1197,.T.);
#37=FACE_BOUND('',#1198,.T.);
#38=FACE_BOUND('',#1199,.T.);
#39=FACE_BOUND('',#1200,.T.);
#40=FACE_BOUND('',#1201,.T.);
#41=FACE_BOUND('',#1202,.T.);
#42=FACE_BOUND('',#1203,.T.);
#43=FACE_BOUND('',#1204,.T.);
#44=FACE_BOUND('',#1205,.T.);
#45=FACE_BOUND('',#1206,.T.);
#46=FACE_BOUND('',#1207,.T.);
#47=FACE_BOUND('',#1208,.T.);
#48=FACE_BOUND('',#1209,.T.);
#49=FACE_BOUND('',#1210,.T.);
#50=FACE_BOUND('',#1211,.T.);
#51=FACE_BOUND('',#1212,.T.);
#52=FACE_BOUND('',#1213,.T.);
#53=FACE_BOUND('',#1566,.T.);
#54=FACE_BOUND('',#1567,.T.);
#55=FACE_BOUND('',#1568,.T.);
#56=FACE_BOUND('',#1569,.T.);
#57=FACE_BOUND('',#1570,.T.);
#58=FACE_BOUND('',#1571,.T.);
#59=FACE_BOUND('',#1572,.T.);
#60=FACE_BOUND('',#1573,.T.);
#61=FACE_BOUND('',#1574,.T.);
#62=FACE_BOUND('',#1575,.T.);
#63=FACE_BOUND('',#1576,.T.);
#64=FACE_BOUND('',#1577,.T.);
#65=FACE_BOUND('',#1578,.T.);
#66=FACE_BOUND('',#1579,.T.);
#67=FACE_BOUND('',#1580,.T.);
#68=FACE_BOUND('',#1581,.T.);
#69=FACE_BOUND('',#1582,.T.);
#70=FACE_BOUND('',#1583,.T.);
#71=FACE_BOUND('',#1584,.T.);
#72=FACE_BOUND('',#1585,.T.);
#73=FACE_BOUND('',#1586,.T.);
#74=FACE_BOUND('',#1587,.T.);
#75=FACE_BOUND('',#1588,.T.);
#76=FACE_BOUND('',#1589,.T.);
#77=FACE_BOUND('',#1590,.T.);
#78=FACE_BOUND('',#1591,.T.);
#79=FACE_BOUND('',#1592,.T.);
#80=FACE_BOUND('',#1593,.T.);
#81=FACE_BOUND('',#1594,.T.);
#82=FACE_BOUND('',#1595,.T.);
#83=FACE_BOUND('',#1596,.T.);
#84=FACE_BOUND('',#1597,.T.);
#85=FACE_BOUND('',#1598,.T.);
#86=FACE_BOUND('',#1599,.T.);
#87=FACE_BOUND('',#1600,.T.);
#88=FACE_BOUND('',#1601,.T.);
#89=FACE_BOUND('',#1602,.T.);
#90=FACE_BOUND('',#1603,.T.);
#91=CIRCLE('',#8902,0.500000000000007);
#92=CIRCLE('',#8903,0.500000000000007);
#93=CIRCLE('',#8906,0.499999999999998);
#94=CIRCLE('',#8907,0.499999999999998);
#95=CIRCLE('',#8911,0.499999999999972);
#96=CIRCLE('',#8912,0.499999999999972);
#97=CIRCLE('',#8915,0.499999999999998);
#98=CIRCLE('',#8916,0.499999999999998);
#99=CIRCLE('',#8920,1.99999999999999);
#100=CIRCLE('',#8921,0.999999999999996);
#101=CIRCLE('',#8922,1.00000000000005);
#102=CIRCLE('',#8923,1.00000000000005);
#103=CIRCLE('',#8924,1.00000000000005);
#104=CIRCLE('',#8925,1.00000000000001);
#105=CIRCLE('',#8926,1.00000000000005);
#106=CIRCLE('',#8927,1.00000000000005);
#107=CIRCLE('',#8928,1.00000000000005);
#108=CIRCLE('',#8929,0.999999999999766);
#109=CIRCLE('',#8930,1.00000000000001);
#110=CIRCLE('',#8931,0.999999999999996);
#111=CIRCLE('',#8932,0.999999999999996);
#112=CIRCLE('',#8933,0.999999999999996);
#113=CIRCLE('',#8934,0.999999999999996);
#114=CIRCLE('',#8935,1.00000000000001);
#115=CIRCLE('',#8936,0.999999999999952);
#116=CIRCLE('',#8937,2.);
#117=CIRCLE('',#8938,2.);
#118=CIRCLE('',#8939,0.999999999999992);
#119=CIRCLE('',#8940,0.999999999999996);
#120=CIRCLE('',#8941,0.999999999999996);
#121=CIRCLE('',#8942,0.999999999999999);
#122=CIRCLE('',#8943,0.999999999999996);
#123=CIRCLE('',#8944,0.999999999999996);
#124=CIRCLE('',#8945,0.999999999999999);
#125=CIRCLE('',#8946,0.999999999999996);
#126=CIRCLE('',#8947,1.00000000000002);
#127=CIRCLE('',#8948,1.00000000000001);
#128=CIRCLE('',#8949,1.00000000000001);
#129=CIRCLE('',#8950,1.00000000000001);
#130=CIRCLE('',#8951,1.00000000000005);
#131=CIRCLE('',#8952,1.00000000000006);
#132=CIRCLE('',#8953,1.00000000000001);
#133=CIRCLE('',#8954,1.00000000000001);
#134=CIRCLE('',#8955,2.00000000000006);
#135=CIRCLE('',#8956,0.499999999999972);
#136=CIRCLE('',#8957,0.500000000000003);
#137=CIRCLE('',#8958,0.500000000000007);
#138=CIRCLE('',#8959,0.499999999999998);
#139=CIRCLE('',#8960,0.500000000000007);
#140=CIRCLE('',#8961,0.499999999999998);
#141=CIRCLE('',#8962,0.500000000000007);
#142=CIRCLE('',#8963,0.499999999999998);
#143=CIRCLE('',#8964,0.500000000000007);
#144=CIRCLE('',#8965,0.499999999999998);
#145=CIRCLE('',#8966,0.500000000000007);
#146=CIRCLE('',#8967,0.5);
#147=CIRCLE('',#8968,0.500000000000007);
#148=CIRCLE('',#8969,0.499999999999998);
#149=CIRCLE('',#8970,0.500000000000007);
#150=CIRCLE('',#8971,0.499999999999998);
#151=CIRCLE('',#8972,0.500000000000007);
#152=CIRCLE('',#8973,0.500000000000003);
#153=CIRCLE('',#8974,0.500000000000007);
#154=CIRCLE('',#8975,0.499999999999998);
#155=CIRCLE('',#8976,0.499999999999998);
#156=CIRCLE('',#8977,0.499999999999998);
#157=CIRCLE('',#8978,0.499999999999989);
#158=CIRCLE('',#8979,0.5);
#159=CIRCLE('',#8980,0.499999999999998);
#160=CIRCLE('',#8981,0.499999999999998);
#161=CIRCLE('',#8982,0.499999999999998);
#162=CIRCLE('',#8983,0.499999999999998);
#163=CIRCLE('',#8984,0.499999999999998);
#164=CIRCLE('',#8985,0.499999999999998);
#165=CIRCLE('',#8986,0.500000000000003);
#166=CIRCLE('',#8987,0.5);
#167=CIRCLE('',#8988,0.500000000000003);
#168=CIRCLE('',#8989,0.499999999999998);
#169=CIRCLE('',#8990,0.499999999999998);
#170=CIRCLE('',#8991,0.499999999999998);
#171=CIRCLE('',#8992,0.500000000000007);
#172=CIRCLE('',#8993,0.499999999999998);
#173=CIRCLE('',#8994,0.500000000000007);
#174=CIRCLE('',#8995,0.499999999999998);
#175=CIRCLE('',#8996,0.5);
#176=CIRCLE('',#8997,0.499999999999998);
#177=CIRCLE('',#8998,0.500000000000003);
#178=CIRCLE('',#8999,0.499999999999998);
#179=CIRCLE('',#9000,0.499999999999998);
#180=CIRCLE('',#9001,0.500000000000003);
#181=CIRCLE('',#9002,0.500000000000003);
#182=CIRCLE('',#9003,0.499999999999998);
#183=CIRCLE('',#9004,0.499999999999998);
#184=CIRCLE('',#9005,0.499999999999998);
#185=CIRCLE('',#9006,0.499999999999989);
#186=CIRCLE('',#9007,0.499999999999998);
#187=CIRCLE('',#9008,0.499999999999989);
#188=CIRCLE('',#9009,0.500000000000003);
#189=CIRCLE('',#9010,0.500000000000007);
#190=CIRCLE('',#9011,0.499999999999998);
#191=CIRCLE('',#9012,0.499999999999989);
#192=CIRCLE('',#9013,0.499999999999998);
#193=CIRCLE('',#9014,0.500000000000007);
#194=CIRCLE('',#9015,0.5);
#195=CIRCLE('',#9016,0.500000000000007);
#196=CIRCLE('',#9017,0.499999999999998);
#197=CIRCLE('',#9018,0.500000000000007);
#198=CIRCLE('',#9019,0.499999999999998);
#199=CIRCLE('',#9020,0.500000000000007);
#200=CIRCLE('',#9021,0.500000000000003);
#201=CIRCLE('',#9022,0.500000000000007);
#202=CIRCLE('',#9023,0.499999999999998);
#203=CIRCLE('',#9024,0.499999999999972);
#204=CIRCLE('',#9025,0.500000000000003);
#205=CIRCLE('',#9026,0.500000000000007);
#206=CIRCLE('',#9027,0.499999999999998);
#207=CIRCLE('',#9028,0.500000000000007);
#208=CIRCLE('',#9029,0.500000000000003);
#209=CIRCLE('',#9030,0.500000000000007);
#210=CIRCLE('',#9031,0.499999999999998);
#211=CIRCLE('',#9032,0.500000000000007);
#212=CIRCLE('',#9033,0.499999999999998);
#213=CIRCLE('',#9034,0.499999999999972);
#214=CIRCLE('',#9035,0.5);
#215=CIRCLE('',#9036,0.500000000000007);
#216=CIRCLE('',#9037,0.499999999999998);
#217=CIRCLE('',#9038,0.500000000000007);
#218=CIRCLE('',#9039,0.499999999999998);
#219=CIRCLE('',#9040,0.500000000000007);
#220=CIRCLE('',#9041,0.499999999999998);
#221=CIRCLE('',#9042,0.500000000000007);
#222=CIRCLE('',#9043,0.5);
#223=CIRCLE('',#9044,0.500000000000007);
#224=CIRCLE('',#9045,0.500000000000003);
#225=CIRCLE('',#9046,0.500000000000007);
#226=CIRCLE('',#9047,0.499999999999998);
#227=CIRCLE('',#9048,0.500000000000007);
#228=CIRCLE('',#9049,0.499999999999998);
#229=CIRCLE('',#9050,0.500000000000007);
#230=CIRCLE('',#9051,0.499999999999998);
#231=CIRCLE('',#9052,0.499999999999998);
#232=CIRCLE('',#9053,0.499999999999998);
#233=CIRCLE('',#9054,0.499999999999998);
#234=CIRCLE('',#9055,0.5);
#235=CIRCLE('',#9056,0.499999999999998);
#236=CIRCLE('',#9057,0.500000000000003);
#237=CIRCLE('',#9058,0.499999999999998);
#238=CIRCLE('',#9059,0.499999999999998);
#239=CIRCLE('',#9060,0.5);
#240=CIRCLE('',#9061,0.499999999999998);
#241=CIRCLE('',#9062,0.499999999999998);
#242=CIRCLE('',#9063,0.5);
#243=CIRCLE('',#9064,0.499999999999998);
#244=CIRCLE('',#9065,0.499999999999998);
#245=CIRCLE('',#9066,0.500000000000007);
#246=CIRCLE('',#9067,0.499999999999998);
#247=CIRCLE('',#9068,0.5);
#248=CIRCLE('',#9069,0.500000000000003);
#249=CIRCLE('',#9070,0.499999999999998);
#250=CIRCLE('',#9071,0.499999999999998);
#251=CIRCLE('',#9072,0.499999999999998);
#252=CIRCLE('',#9073,0.499999999999998);
#253=CIRCLE('',#9074,0.499999999999998);
#254=CIRCLE('',#9075,0.5);
#255=CIRCLE('',#9076,0.499999999999998);
#256=CIRCLE('',#9077,0.500000000000003);
#257=CIRCLE('',#9078,0.499999999999998);
#258=CIRCLE('',#9079,0.499999999999998);
#259=CIRCLE('',#9080,0.499999999999989);
#260=CIRCLE('',#9081,0.499999999999998);
#261=CIRCLE('',#9082,0.500000000000007);
#262=CIRCLE('',#9083,0.499999999999998);
#263=CIRCLE('',#9084,0.500000000000007);
#264=CIRCLE('',#9085,0.499999999999998);
#265=CIRCLE('',#9086,0.500000000000007);
#266=CIRCLE('',#9087,0.5);
#267=CIRCLE('',#9088,0.500000000000007);
#268=CIRCLE('',#9089,0.500000000000003);
#269=CIRCLE('',#9090,0.499999999999989);
#270=CIRCLE('',#9091,0.499999999999998);
#271=CIRCLE('',#9092,0.500000000000007);
#272=CIRCLE('',#9093,0.499999999999998);
#273=CIRCLE('',#9094,0.500000000000007);
#274=CIRCLE('',#9095,0.499999999999998);
#275=CIRCLE('',#9096,0.500000000000007);
#276=CIRCLE('',#9097,0.499999999999998);
#277=CIRCLE('',#9098,0.500000000000007);
#278=CIRCLE('',#9099,0.5);
#279=CIRCLE('',#9100,0.500000000000007);
#280=CIRCLE('',#9101,0.499999999999998);
#281=CIRCLE('',#9102,0.500000000000007);
#282=CIRCLE('',#9103,0.5);
#283=CIRCLE('',#9104,0.499999999999998);
#284=CIRCLE('',#9105,0.500000000000007);
#285=CIRCLE('',#9106,0.499999999999998);
#286=CIRCLE('',#9107,0.499999999999998);
#287=CIRCLE('',#9108,0.500000000000007);
#288=CIRCLE('',#9109,0.499999999999998);
#289=CIRCLE('',#9110,0.500000000000007);
#290=CIRCLE('',#9111,0.499999999999972);
#291=CIRCLE('',#9112,0.500000000000007);
#292=CIRCLE('',#9113,0.500000000000007);
#293=CIRCLE('',#9114,0.499999999999998);
#294=CIRCLE('',#9115,0.499999999999998);
#295=CIRCLE('',#9116,0.500000000000007);
#296=CIRCLE('',#9117,0.500000000000007);
#297=CIRCLE('',#9118,0.500000000000007);
#298=CIRCLE('',#9119,0.499999999999998);
#299=CIRCLE('',#9120,0.499999999999989);
#300=CIRCLE('',#9121,0.499999999999998);
#301=CIRCLE('',#9122,0.499999999999998);
#302=CIRCLE('',#9123,0.499999999999998);
#303=CIRCLE('',#9124,0.500000000000007);
#304=CIRCLE('',#9125,0.499999999999998);
#305=CIRCLE('',#9126,0.499999999999998);
#306=CIRCLE('',#9127,0.499999999999998);
#307=CIRCLE('',#9130,0.500000000000007);
#308=CIRCLE('',#9134,0.499999999999998);
#309=CIRCLE('',#9137,0.499999999999998);
#310=CIRCLE('',#9140,0.499999999999998);
#311=CIRCLE('',#9143,0.500000000000007);
#312=CIRCLE('',#9146,0.499999999999998);
#313=CIRCLE('',#9149,0.499999999999998);
#314=CIRCLE('',#9153,0.499999999999998);
#315=CIRCLE('',#9157,0.500000000000007);
#316=CIRCLE('',#9160,0.499999999999998);
#317=CIRCLE('',#9163,0.499999999999998);
#318=CIRCLE('',#9166,0.499999999999998);
#319=CIRCLE('',#9169,0.500000000000007);
#320=CIRCLE('',#9172,0.500000000000007);
#321=CIRCLE('',#9176,0.500000000000007);
#322=CIRCLE('',#9180,0.499999999999998);
#323=CIRCLE('',#9183,0.499999999999998);
#324=CIRCLE('',#9186,0.500000000000007);
#325=CIRCLE('',#9189,0.499999999999972);
#326=CIRCLE('',#9192,0.500000000000007);
#327=CIRCLE('',#9196,0.499999999999972);
#328=CIRCLE('',#9199,0.500000000000003);
#329=CIRCLE('',#9202,0.500000000000007);
#330=CIRCLE('',#9205,0.499999999999998);
#331=CIRCLE('',#9208,0.500000000000007);
#332=CIRCLE('',#9211,0.499999999999998);
#333=CIRCLE('',#9214,0.500000000000007);
#334=CIRCLE('',#9217,0.499999999999998);
#335=CIRCLE('',#9220,0.500000000000007);
#336=CIRCLE('',#9223,0.499999999999998);
#337=CIRCLE('',#9226,0.500000000000007);
#338=CIRCLE('',#9229,0.5);
#339=CIRCLE('',#9232,0.500000000000007);
#340=CIRCLE('',#9235,0.499999999999998);
#341=CIRCLE('',#9238,0.500000000000007);
#342=CIRCLE('',#9241,0.499999999999998);
#343=CIRCLE('',#9244,0.500000000000007);
#344=CIRCLE('',#9247,0.500000000000003);
#345=CIRCLE('',#9250,0.500000000000007);
#346=CIRCLE('',#9253,0.499999999999998);
#347=CIRCLE('',#9256,0.499999999999998);
#348=CIRCLE('',#9259,0.499999999999998);
#349=CIRCLE('',#9262,0.499999999999989);
#350=CIRCLE('',#9265,0.5);
#351=CIRCLE('',#9268,0.499999999999998);
#352=CIRCLE('',#9271,0.499999999999998);
#353=CIRCLE('',#9274,0.499999999999998);
#354=CIRCLE('',#9277,0.499999999999998);
#355=CIRCLE('',#9280,0.499999999999998);
#356=CIRCLE('',#9283,0.499999999999998);
#357=CIRCLE('',#9286,0.500000000000003);
#358=CIRCLE('',#9289,0.5);
#359=CIRCLE('',#9292,0.500000000000003);
#360=CIRCLE('',#9295,0.499999999999998);
#361=CIRCLE('',#9298,0.499999999999998);
#362=CIRCLE('',#9301,0.499999999999998);
#363=CIRCLE('',#9303,0.500000000000007);
#364=CIRCLE('',#9306,0.499999999999998);
#365=CIRCLE('',#9309,0.499999999999989);
#366=CIRCLE('',#9312,0.499999999999998);
#367=CIRCLE('',#9315,0.500000000000007);
#368=CIRCLE('',#9318,0.499999999999998);
#369=CIRCLE('',#9321,0.500000000000007);
#370=CIRCLE('',#9324,0.499999999999998);
#371=CIRCLE('',#9327,0.5);
#372=CIRCLE('',#9330,0.499999999999998);
#373=CIRCLE('',#9333,0.500000000000003);
#374=CIRCLE('',#9336,0.499999999999998);
#375=CIRCLE('',#9339,0.499999999999998);
#376=CIRCLE('',#9342,0.500000000000003);
#377=CIRCLE('',#9345,0.500000000000003);
#378=CIRCLE('',#9348,0.499999999999998);
#379=CIRCLE('',#9351,0.499999999999998);
#380=CIRCLE('',#9354,0.499999999999998);
#381=CIRCLE('',#9357,0.499999999999989);
#382=CIRCLE('',#9360,0.499999999999998);
#383=CIRCLE('',#9363,0.499999999999989);
#384=CIRCLE('',#9366,0.500000000000003);
#385=CIRCLE('',#9369,0.500000000000007);
#386=CIRCLE('',#9372,0.499999999999998);
#387=CIRCLE('',#9375,0.499999999999989);
#388=CIRCLE('',#9378,0.499999999999998);
#389=CIRCLE('',#9381,0.500000000000007);
#390=CIRCLE('',#9384,0.5);
#391=CIRCLE('',#9387,0.500000000000007);
#392=CIRCLE('',#9390,0.499999999999998);
#393=CIRCLE('',#9393,0.500000000000007);
#394=CIRCLE('',#9396,0.499999999999998);
#395=CIRCLE('',#9399,0.500000000000007);
#396=CIRCLE('',#9402,0.500000000000003);
#397=CIRCLE('',#9405,0.500000000000007);
#398=CIRCLE('',#9408,0.499999999999998);
#399=CIRCLE('',#9411,0.499999999999972);
#400=CIRCLE('',#9414,0.500000000000003);
#401=CIRCLE('',#9417,0.500000000000007);
#402=CIRCLE('',#9420,0.499999999999998);
#403=CIRCLE('',#9423,0.500000000000007);
#404=CIRCLE('',#9426,0.500000000000003);
#405=CIRCLE('',#9429,0.500000000000007);
#406=CIRCLE('',#9432,0.499999999999998);
#407=CIRCLE('',#9435,0.500000000000007);
#408=CIRCLE('',#9438,0.499999999999998);
#409=CIRCLE('',#9441,0.499999999999972);
#410=CIRCLE('',#9444,0.5);
#411=CIRCLE('',#9447,0.500000000000007);
#412=CIRCLE('',#9450,0.499999999999998);
#413=CIRCLE('',#9453,0.500000000000007);
#414=CIRCLE('',#9456,0.499999999999998);
#415=CIRCLE('',#9459,0.500000000000007);
#416=CIRCLE('',#9462,0.499999999999998);
#417=CIRCLE('',#9465,0.500000000000007);
#418=CIRCLE('',#9468,0.5);
#419=CIRCLE('',#9471,0.500000000000007);
#420=CIRCLE('',#9474,0.500000000000003);
#421=CIRCLE('',#9477,0.500000000000007);
#422=CIRCLE('',#9480,0.499999999999998);
#423=CIRCLE('',#9483,0.500000000000007);
#424=CIRCLE('',#9486,0.499999999999998);
#425=CIRCLE('',#9489,0.500000000000007);
#426=CIRCLE('',#9492,0.499999999999998);
#427=CIRCLE('',#9495,0.499999999999998);
#428=CIRCLE('',#9498,0.499999999999998);
#429=CIRCLE('',#9501,0.499999999999998);
#430=CIRCLE('',#9504,0.5);
#431=CIRCLE('',#9507,0.499999999999998);
#432=CIRCLE('',#9510,0.500000000000003);
#433=CIRCLE('',#9513,0.499999999999998);
#434=CIRCLE('',#9516,0.499999999999998);
#435=CIRCLE('',#9519,0.5);
#436=CIRCLE('',#9522,0.499999999999998);
#437=CIRCLE('',#9525,0.499999999999998);
#438=CIRCLE('',#9528,0.5);
#439=CIRCLE('',#9531,0.499999999999998);
#440=CIRCLE('',#9534,0.499999999999998);
#441=CIRCLE('',#9537,0.500000000000007);
#442=CIRCLE('',#9540,0.499999999999998);
#443=CIRCLE('',#9543,0.5);
#444=CIRCLE('',#9546,0.500000000000003);
#445=CIRCLE('',#9549,0.499999999999998);
#446=CIRCLE('',#9552,0.499999999999998);
#447=CIRCLE('',#9555,0.499999999999998);
#448=CIRCLE('',#9558,0.499999999999998);
#449=CIRCLE('',#9561,0.499999999999998);
#450=CIRCLE('',#9564,0.5);
#451=CIRCLE('',#9567,0.499999999999998);
#452=CIRCLE('',#9570,0.500000000000003);
#453=CIRCLE('',#9573,0.499999999999998);
#454=CIRCLE('',#9576,0.499999999999998);
#455=CIRCLE('',#9579,0.499999999999989);
#456=CIRCLE('',#9582,0.499999999999998);
#457=CIRCLE('',#9585,0.500000000000007);
#458=CIRCLE('',#9588,0.499999999999998);
#459=CIRCLE('',#9591,0.500000000000007);
#460=CIRCLE('',#9594,0.499999999999998);
#461=CIRCLE('',#9597,0.500000000000007);
#462=CIRCLE('',#9600,0.5);
#463=CIRCLE('',#9603,0.500000000000007);
#464=CIRCLE('',#9606,0.500000000000003);
#465=CIRCLE('',#9609,0.499999999999989);
#466=CIRCLE('',#9612,0.499999999999998);
#467=CIRCLE('',#9615,0.500000000000007);
#468=CIRCLE('',#9618,0.499999999999998);
#469=CIRCLE('',#9621,0.500000000000007);
#470=CIRCLE('',#9624,0.499999999999998);
#471=CIRCLE('',#9627,0.500000000000007);
#472=CIRCLE('',#9630,0.499999999999998);
#473=CIRCLE('',#9633,0.500000000000007);
#474=CIRCLE('',#9636,0.5);
#475=CIRCLE('',#9639,0.500000000000007);
#476=CIRCLE('',#9642,0.499999999999998);
#477=CIRCLE('',#9645,0.500000000000007);
#478=CIRCLE('',#9648,0.5);
#479=CIRCLE('',#9652,2.);
#480=CIRCLE('',#9653,0.999999999999952);
#481=CIRCLE('',#9654,1.00000000000001);
#482=CIRCLE('',#9655,0.999999999999996);
#483=CIRCLE('',#9656,0.999999999999996);
#484=CIRCLE('',#9657,0.999999999999996);
#485=CIRCLE('',#9658,0.999999999999996);
#486=CIRCLE('',#9659,1.00000000000001);
#487=CIRCLE('',#9660,0.999999999999766);
#488=CIRCLE('',#9661,1.00000000000005);
#489=CIRCLE('',#9662,1.00000000000005);
#490=CIRCLE('',#9663,1.00000000000005);
#491=CIRCLE('',#9664,1.00000000000001);
#492=CIRCLE('',#9665,1.00000000000005);
#493=CIRCLE('',#9666,1.00000000000005);
#494=CIRCLE('',#9667,1.00000000000005);
#495=CIRCLE('',#9668,0.999999999999996);
#496=CIRCLE('',#9669,1.99999999999999);
#497=CIRCLE('',#9670,2.00000000000006);
#498=CIRCLE('',#9671,1.00000000000001);
#499=CIRCLE('',#9672,1.00000000000001);
#500=CIRCLE('',#9673,1.00000000000006);
#501=CIRCLE('',#9674,1.00000000000005);
#502=CIRCLE('',#9675,1.00000000000001);
#503=CIRCLE('',#9676,1.00000000000001);
#504=CIRCLE('',#9677,1.00000000000001);
#505=CIRCLE('',#9678,1.00000000000002);
#506=CIRCLE('',#9679,0.999999999999996);
#507=CIRCLE('',#9680,0.999999999999999);
#508=CIRCLE('',#9681,0.999999999999996);
#509=CIRCLE('',#9682,0.999999999999996);
#510=CIRCLE('',#9683,0.999999999999999);
#511=CIRCLE('',#9684,0.999999999999996);
#512=CIRCLE('',#9685,0.999999999999996);
#513=CIRCLE('',#9686,0.999999999999992);
#514=CIRCLE('',#9687,2.);
#515=CYLINDRICAL_SURFACE('',#8901,0.500000000000007);
#516=CYLINDRICAL_SURFACE('',#8905,0.499999999999998);
#517=CYLINDRICAL_SURFACE('',#8910,0.499999999999972);
#518=CYLINDRICAL_SURFACE('',#8914,0.499999999999998);
#519=CYLINDRICAL_SURFACE('',#9129,0.500000000000007);
#520=CYLINDRICAL_SURFACE('',#9133,0.499999999999998);
#521=CYLINDRICAL_SURFACE('',#9136,0.499999999999998);
#522=CYLINDRICAL_SURFACE('',#9139,0.499999999999998);
#523=CYLINDRICAL_SURFACE('',#9142,0.500000000000007);
#524=CYLINDRICAL_SURFACE('',#9145,0.499999999999998);
#525=CYLINDRICAL_SURFACE('',#9148,0.499999999999998);
#526=CYLINDRICAL_SURFACE('',#9152,0.499999999999998);
#527=CYLINDRICAL_SURFACE('',#9156,0.500000000000007);
#528=CYLINDRICAL_SURFACE('',#9159,0.499999999999998);
#529=CYLINDRICAL_SURFACE('',#9162,0.499999999999998);
#530=CYLINDRICAL_SURFACE('',#9165,0.499999999999998);
#531=CYLINDRICAL_SURFACE('',#9168,0.500000000000007);
#532=CYLINDRICAL_SURFACE('',#9171,0.500000000000007);
#533=CYLINDRICAL_SURFACE('',#9175,0.500000000000007);
#534=CYLINDRICAL_SURFACE('',#9179,0.499999999999998);
#535=CYLINDRICAL_SURFACE('',#9182,0.499999999999998);
#536=CYLINDRICAL_SURFACE('',#9185,0.500000000000007);
#537=CYLINDRICAL_SURFACE('',#9188,0.499999999999972);
#538=CYLINDRICAL_SURFACE('',#9191,0.500000000000007);
#539=CYLINDRICAL_SURFACE('',#9195,0.499999999999972);
#540=CYLINDRICAL_SURFACE('',#9198,0.500000000000003);
#541=CYLINDRICAL_SURFACE('',#9201,0.500000000000007);
#542=CYLINDRICAL_SURFACE('',#9204,0.499999999999998);
#543=CYLINDRICAL_SURFACE('',#9207,0.500000000000007);
#544=CYLINDRICAL_SURFACE('',#9210,0.499999999999998);
#545=CYLINDRICAL_SURFACE('',#9213,0.500000000000007);
#546=CYLINDRICAL_SURFACE('',#9216,0.499999999999998);
#547=CYLINDRICAL_SURFACE('',#9219,0.500000000000007);
#548=CYLINDRICAL_SURFACE('',#9222,0.499999999999998);
#549=CYLINDRICAL_SURFACE('',#9225,0.500000000000007);
#550=CYLINDRICAL_SURFACE('',#9228,0.5);
#551=CYLINDRICAL_SURFACE('',#9231,0.500000000000007);
#552=CYLINDRICAL_SURFACE('',#9234,0.499999999999998);
#553=CYLINDRICAL_SURFACE('',#9237,0.500000000000007);
#554=CYLINDRICAL_SURFACE('',#9240,0.499999999999998);
#555=CYLINDRICAL_SURFACE('',#9243,0.500000000000007);
#556=CYLINDRICAL_SURFACE('',#9246,0.500000000000003);
#557=CYLINDRICAL_SURFACE('',#9249,0.500000000000007);
#558=CYLINDRICAL_SURFACE('',#9252,0.499999999999998);
#559=CYLINDRICAL_SURFACE('',#9255,0.499999999999998);
#560=CYLINDRICAL_SURFACE('',#9258,0.499999999999998);
#561=CYLINDRICAL_SURFACE('',#9261,0.499999999999989);
#562=CYLINDRICAL_SURFACE('',#9264,0.5);
#563=CYLINDRICAL_SURFACE('',#9267,0.499999999999998);
#564=CYLINDRICAL_SURFACE('',#9270,0.499999999999998);
#565=CYLINDRICAL_SURFACE('',#9273,0.499999999999998);
#566=CYLINDRICAL_SURFACE('',#9276,0.499999999999998);
#567=CYLINDRICAL_SURFACE('',#9279,0.499999999999998);
#568=CYLINDRICAL_SURFACE('',#9282,0.499999999999998);
#569=CYLINDRICAL_SURFACE('',#9285,0.500000000000003);
#570=CYLINDRICAL_SURFACE('',#9288,0.5);
#571=CYLINDRICAL_SURFACE('',#9291,0.500000000000003);
#572=CYLINDRICAL_SURFACE('',#9294,0.499999999999998);
#573=CYLINDRICAL_SURFACE('',#9297,0.499999999999998);
#574=CYLINDRICAL_SURFACE('',#9300,0.499999999999998);
#575=CYLINDRICAL_SURFACE('',#9302,0.500000000000007);
#576=CYLINDRICAL_SURFACE('',#9305,0.499999999999998);
#577=CYLINDRICAL_SURFACE('',#9308,0.499999999999989);
#578=CYLINDRICAL_SURFACE('',#9311,0.499999999999998);
#579=CYLINDRICAL_SURFACE('',#9314,0.500000000000007);
#580=CYLINDRICAL_SURFACE('',#9317,0.499999999999998);
#581=CYLINDRICAL_SURFACE('',#9320,0.500000000000007);
#582=CYLINDRICAL_SURFACE('',#9323,0.499999999999998);
#583=CYLINDRICAL_SURFACE('',#9326,0.5);
#584=CYLINDRICAL_SURFACE('',#9329,0.499999999999998);
#585=CYLINDRICAL_SURFACE('',#9332,0.500000000000003);
#586=CYLINDRICAL_SURFACE('',#9335,0.499999999999998);
#587=CYLINDRICAL_SURFACE('',#9338,0.499999999999998);
#588=CYLINDRICAL_SURFACE('',#9341,0.500000000000003);
#589=CYLINDRICAL_SURFACE('',#9344,0.500000000000003);
#590=CYLINDRICAL_SURFACE('',#9347,0.499999999999998);
#591=CYLINDRICAL_SURFACE('',#9350,0.499999999999998);
#592=CYLINDRICAL_SURFACE('',#9353,0.499999999999998);
#593=CYLINDRICAL_SURFACE('',#9356,0.499999999999989);
#594=CYLINDRICAL_SURFACE('',#9359,0.499999999999998);
#595=CYLINDRICAL_SURFACE('',#9362,0.499999999999989);
#596=CYLINDRICAL_SURFACE('',#9365,0.500000000000003);
#597=CYLINDRICAL_SURFACE('',#9368,0.500000000000007);
#598=CYLINDRICAL_SURFACE('',#9371,0.499999999999998);
#599=CYLINDRICAL_SURFACE('',#9374,0.499999999999989);
#600=CYLINDRICAL_SURFACE('',#9377,0.499999999999998);
#601=CYLINDRICAL_SURFACE('',#9380,0.500000000000007);
#602=CYLINDRICAL_SURFACE('',#9383,0.5);
#603=CYLINDRICAL_SURFACE('',#9386,0.500000000000007);
#604=CYLINDRICAL_SURFACE('',#9389,0.499999999999998);
#605=CYLINDRICAL_SURFACE('',#9392,0.500000000000007);
#606=CYLINDRICAL_SURFACE('',#9395,0.499999999999998);
#607=CYLINDRICAL_SURFACE('',#9398,0.500000000000007);
#608=CYLINDRICAL_SURFACE('',#9401,0.500000000000003);
#609=CYLINDRICAL_SURFACE('',#9404,0.500000000000007);
#610=CYLINDRICAL_SURFACE('',#9407,0.499999999999998);
#611=CYLINDRICAL_SURFACE('',#9410,0.499999999999972);
#612=CYLINDRICAL_SURFACE('',#9413,0.500000000000003);
#613=CYLINDRICAL_SURFACE('',#9416,0.500000000000007);
#614=CYLINDRICAL_SURFACE('',#9419,0.499999999999998);
#615=CYLINDRICAL_SURFACE('',#9422,0.500000000000007);
#616=CYLINDRICAL_SURFACE('',#9425,0.500000000000003);
#617=CYLINDRICAL_SURFACE('',#9428,0.500000000000007);
#618=CYLINDRICAL_SURFACE('',#9431,0.499999999999998);
#619=CYLINDRICAL_SURFACE('',#9434,0.500000000000007);
#620=CYLINDRICAL_SURFACE('',#9437,0.499999999999998);
#621=CYLINDRICAL_SURFACE('',#9440,0.499999999999972);
#622=CYLINDRICAL_SURFACE('',#9443,0.5);
#623=CYLINDRICAL_SURFACE('',#9446,0.500000000000007);
#624=CYLINDRICAL_SURFACE('',#9449,0.499999999999998);
#625=CYLINDRICAL_SURFACE('',#9452,0.500000000000007);
#626=CYLINDRICAL_SURFACE('',#9455,0.499999999999998);
#627=CYLINDRICAL_SURFACE('',#9458,0.500000000000007);
#628=CYLINDRICAL_SURFACE('',#9461,0.499999999999998);
#629=CYLINDRICAL_SURFACE('',#9464,0.500000000000007);
#630=CYLINDRICAL_SURFACE('',#9467,0.5);
#631=CYLINDRICAL_SURFACE('',#9470,0.500000000000007);
#632=CYLINDRICAL_SURFACE('',#9473,0.500000000000003);
#633=CYLINDRICAL_SURFACE('',#9476,0.500000000000007);
#634=CYLINDRICAL_SURFACE('',#9479,0.499999999999998);
#635=CYLINDRICAL_SURFACE('',#9482,0.500000000000007);
#636=CYLINDRICAL_SURFACE('',#9485,0.499999999999998);
#637=CYLINDRICAL_SURFACE('',#9488,0.500000000000007);
#638=CYLINDRICAL_SURFACE('',#9491,0.499999999999998);
#639=CYLINDRICAL_SURFACE('',#9494,0.499999999999998);
#640=CYLINDRICAL_SURFACE('',#9497,0.499999999999998);
#641=CYLINDRICAL_SURFACE('',#9500,0.499999999999998);
#642=CYLINDRICAL_SURFACE('',#9503,0.5);
#643=CYLINDRICAL_SURFACE('',#9506,0.499999999999998);
#644=CYLINDRICAL_SURFACE('',#9509,0.500000000000003);
#645=CYLINDRICAL_SURFACE('',#9512,0.499999999999998);
#646=CYLINDRICAL_SURFACE('',#9515,0.499999999999998);
#647=CYLINDRICAL_SURFACE('',#9518,0.5);
#648=CYLINDRICAL_SURFACE('',#9521,0.499999999999998);
#649=CYLINDRICAL_SURFACE('',#9524,0.499999999999998);
#650=CYLINDRICAL_SURFACE('',#9527,0.5);
#651=CYLINDRICAL_SURFACE('',#9530,0.499999999999998);
#652=CYLINDRICAL_SURFACE('',#9533,0.499999999999998);
#653=CYLINDRICAL_SURFACE('',#9536,0.500000000000007);
#654=CYLINDRICAL_SURFACE('',#9539,0.499999999999998);
#655=CYLINDRICAL_SURFACE('',#9542,0.5);
#656=CYLINDRICAL_SURFACE('',#9545,0.500000000000003);
#657=CYLINDRICAL_SURFACE('',#9548,0.499999999999998);
#658=CYLINDRICAL_SURFACE('',#9551,0.499999999999998);
#659=CYLINDRICAL_SURFACE('',#9554,0.499999999999998);
#660=CYLINDRICAL_SURFACE('',#9557,0.499999999999998);
#661=CYLINDRICAL_SURFACE('',#9560,0.499999999999998);
#662=CYLINDRICAL_SURFACE('',#9563,0.5);
#663=CYLINDRICAL_SURFACE('',#9566,0.499999999999998);
#664=CYLINDRICAL_SURFACE('',#9569,0.500000000000003);
#665=CYLINDRICAL_SURFACE('',#9572,0.499999999999998);
#666=CYLINDRICAL_SURFACE('',#9575,0.499999999999998);
#667=CYLINDRICAL_SURFACE('',#9578,0.499999999999989);
#668=CYLINDRICAL_SURFACE('',#9581,0.499999999999998);
#669=CYLINDRICAL_SURFACE('',#9584,0.500000000000007);
#670=CYLINDRICAL_SURFACE('',#9587,0.499999999999998);
#671=CYLINDRICAL_SURFACE('',#9590,0.500000000000007);
#672=CYLINDRICAL_SURFACE('',#9593,0.499999999999998);
#673=CYLINDRICAL_SURFACE('',#9596,0.500000000000007);
#674=CYLINDRICAL_SURFACE('',#9599,0.5);
#675=CYLINDRICAL_SURFACE('',#9602,0.500000000000007);
#676=CYLINDRICAL_SURFACE('',#9605,0.500000000000003);
#677=CYLINDRICAL_SURFACE('',#9608,0.499999999999989);
#678=CYLINDRICAL_SURFACE('',#9611,0.499999999999998);
#679=CYLINDRICAL_SURFACE('',#9614,0.500000000000007);
#680=CYLINDRICAL_SURFACE('',#9617,0.499999999999998);
#681=CYLINDRICAL_SURFACE('',#9620,0.500000000000007);
#682=CYLINDRICAL_SURFACE('',#9623,0.499999999999998);
#683=CYLINDRICAL_SURFACE('',#9626,0.500000000000007);
#684=CYLINDRICAL_SURFACE('',#9629,0.499999999999998);
#685=CYLINDRICAL_SURFACE('',#9632,0.500000000000007);
#686=CYLINDRICAL_SURFACE('',#9635,0.5);
#687=CYLINDRICAL_SURFACE('',#9638,0.500000000000007);
#688=CYLINDRICAL_SURFACE('',#9641,0.499999999999998);
#689=CYLINDRICAL_SURFACE('',#9644,0.500000000000007);
#690=CYLINDRICAL_SURFACE('',#9647,0.5);
#691=CYLINDRICAL_SURFACE('',#9690,1.00000000000001);
#692=CYLINDRICAL_SURFACE('',#9692,1.00000000000001);
#693=CYLINDRICAL_SURFACE('',#9694,2.00000000000006);
#694=CYLINDRICAL_SURFACE('',#9695,1.99999999999999);
#695=CYLINDRICAL_SURFACE('',#9697,0.999999999999996);
#696=CYLINDRICAL_SURFACE('',#9699,1.00000000000005);
#697=CYLINDRICAL_SURFACE('',#9701,1.00000000000005);
#698=CYLINDRICAL_SURFACE('',#9703,1.00000000000005);
#699=CYLINDRICAL_SURFACE('',#9705,1.00000000000001);
#700=CYLINDRICAL_SURFACE('',#9707,1.00000000000005);
#701=CYLINDRICAL_SURFACE('',#9709,1.00000000000005);
#702=CYLINDRICAL_SURFACE('',#9711,1.00000000000005);
#703=CYLINDRICAL_SURFACE('',#9713,0.999999999999766);
#704=CYLINDRICAL_SURFACE('',#9715,1.00000000000001);
#705=CYLINDRICAL_SURFACE('',#9717,0.999999999999996);
#706=CYLINDRICAL_SURFACE('',#9719,0.999999999999996);
#707=CYLINDRICAL_SURFACE('',#9721,0.999999999999996);
#708=CYLINDRICAL_SURFACE('',#9723,0.999999999999996);
#709=CYLINDRICAL_SURFACE('',#9725,1.00000000000001);
#710=CYLINDRICAL_SURFACE('',#9727,0.999999999999952);
#711=CYLINDRICAL_SURFACE('',#9729,2.);
#712=CYLINDRICAL_SURFACE('',#9731,2.);
#713=CYLINDRICAL_SURFACE('',#9733,0.999999999999992);
#714=CYLINDRICAL_SURFACE('',#9735,0.999999999999996);
#715=CYLINDRICAL_SURFACE('',#9737,0.999999999999996);
#716=CYLINDRICAL_SURFACE('',#9739,0.999999999999999);
#717=CYLINDRICAL_SURFACE('',#9741,0.999999999999996);
#718=CYLINDRICAL_SURFACE('',#9743,0.999999999999996);
#719=CYLINDRICAL_SURFACE('',#9745,0.999999999999999);
#720=CYLINDRICAL_SURFACE('',#9747,0.999999999999996);
#721=CYLINDRICAL_SURFACE('',#9749,1.00000000000002);
#722=CYLINDRICAL_SURFACE('',#9751,1.00000000000001);
#723=CYLINDRICAL_SURFACE('',#9753,1.00000000000001);
#724=CYLINDRICAL_SURFACE('',#9755,1.00000000000001);
#725=CYLINDRICAL_SURFACE('',#9757,1.00000000000005);
#726=CYLINDRICAL_SURFACE('',#9759,1.00000000000006);
#727=FACE_OUTER_BOUND('',#1164,.T.);
#728=FACE_OUTER_BOUND('',#1165,.T.);
#729=FACE_OUTER_BOUND('',#1166,.T.);
#730=FACE_OUTER_BOUND('',#1167,.T.);
#731=FACE_OUTER_BOUND('',#1168,.T.);
#732=FACE_OUTER_BOUND('',#1169,.T.);
#733=FACE_OUTER_BOUND('',#1170,.T.);
#734=FACE_OUTER_BOUND('',#1171,.T.);
#735=FACE_OUTER_BOUND('',#1172,.T.);
#736=FACE_OUTER_BOUND('',#1173,.T.);
#737=FACE_OUTER_BOUND('',#1174,.T.);
#738=FACE_OUTER_BOUND('',#1175,.T.);
#739=FACE_OUTER_BOUND('',#1214,.T.);
#740=FACE_OUTER_BOUND('',#1215,.T.);
#741=FACE_OUTER_BOUND('',#1216,.T.);
#742=FACE_OUTER_BOUND('',#1217,.T.);
#743=FACE_OUTER_BOUND('',#1218,.T.);
#744=FACE_OUTER_BOUND('',#1219,.T.);
#745=FACE_OUTER_BOUND('',#1220,.T.);
#746=FACE_OUTER_BOUND('',#1221,.T.);
#747=FACE_OUTER_BOUND('',#1222,.T.);
#748=FACE_OUTER_BOUND('',#1223,.T.);
#749=FACE_OUTER_BOUND('',#1224,.T.);
#750=FACE_OUTER_BOUND('',#1225,.T.);
#751=FACE_OUTER_BOUND('',#1226,.T.);
#752=FACE_OUTER_BOUND('',#1227,.T.);
#753=FACE_OUTER_BOUND('',#1228,.T.);
#754=FACE_OUTER_BOUND('',#1229,.T.);
#755=FACE_OUTER_BOUND('',#1230,.T.);
#756=FACE_OUTER_BOUND('',#1231,.T.);
#757=FACE_OUTER_BOUND('',#1232,.T.);
#758=FACE_OUTER_BOUND('',#1233,.T.);
#759=FACE_OUTER_BOUND('',#1234,.T.);
#760=FACE_OUTER_BOUND('',#1235,.T.);
#761=FACE_OUTER_BOUND('',#1236,.T.);
#762=FACE_OUTER_BOUND('',#1237,.T.);
#763=FACE_OUTER_BOUND('',#1238,.T.);
#764=FACE_OUTER_BOUND('',#1239,.T.);
#765=FACE_OUTER_BOUND('',#1240,.T.);
#766=FACE_OUTER_BOUND('',#1241,.T.);
#767=FACE_OUTER_BOUND('',#1242,.T.);
#768=FACE_OUTER_BOUND('',#1243,.T.);
#769=FACE_OUTER_BOUND('',#1244,.T.);
#770=FACE_OUTER_BOUND('',#1245,.T.);
#771=FACE_OUTER_BOUND('',#1246,.T.);
#772=FACE_OUTER_BOUND('',#1247,.T.);
#773=FACE_OUTER_BOUND('',#1248,.T.);
#774=FACE_OUTER_BOUND('',#1249,.T.);
#775=FACE_OUTER_BOUND('',#1250,.T.);
#776=FACE_OUTER_BOUND('',#1251,.T.);
#777=FACE_OUTER_BOUND('',#1252,.T.);
#778=FACE_OUTER_BOUND('',#1253,.T.);
#779=FACE_OUTER_BOUND('',#1254,.T.);
#780=FACE_OUTER_BOUND('',#1255,.T.);
#781=FACE_OUTER_BOUND('',#1256,.T.);
#782=FACE_OUTER_BOUND('',#1257,.T.);
#783=FACE_OUTER_BOUND('',#1258,.T.);
#784=FACE_OUTER_BOUND('',#1259,.T.);
#785=FACE_OUTER_BOUND('',#1260,.T.);
#786=FACE_OUTER_BOUND('',#1261,.T.);
#787=FACE_OUTER_BOUND('',#1262,.T.);
#788=FACE_OUTER_BOUND('',#1263,.T.);
#789=FACE_OUTER_BOUND('',#1264,.T.);
#790=FACE_OUTER_BOUND('',#1265,.T.);
#791=FACE_OUTER_BOUND('',#1266,.T.);
#792=FACE_OUTER_BOUND('',#1267,.T.);
#793=FACE_OUTER_BOUND('',#1268,.T.);
#794=FACE_OUTER_BOUND('',#1269,.T.);
#795=FACE_OUTER_BOUND('',#1270,.T.);
#796=FACE_OUTER_BOUND('',#1271,.T.);
#797=FACE_OUTER_BOUND('',#1272,.T.);
#798=FACE_OUTER_BOUND('',#1273,.T.);
#799=FACE_OUTER_BOUND('',#1274,.T.);
#800=FACE_OUTER_BOUND('',#1275,.T.);
#801=FACE_OUTER_BOUND('',#1276,.T.);
#802=FACE_OUTER_BOUND('',#1277,.T.);
#803=FACE_OUTER_BOUND('',#1278,.T.);
#804=FACE_OUTER_BOUND('',#1279,.T.);
#805=FACE_OUTER_BOUND('',#1280,.T.);
#806=FACE_OUTER_BOUND('',#1281,.T.);
#807=FACE_OUTER_BOUND('',#1282,.T.);
#808=FACE_OUTER_BOUND('',#1283,.T.);
#809=FACE_OUTER_BOUND('',#1284,.T.);
#810=FACE_OUTER_BOUND('',#1285,.T.);
#811=FACE_OUTER_BOUND('',#1286,.T.);
#812=FACE_OUTER_BOUND('',#1287,.T.);
#813=FACE_OUTER_BOUND('',#1288,.T.);
#814=FACE_OUTER_BOUND('',#1289,.T.);
#815=FACE_OUTER_BOUND('',#1290,.T.);
#816=FACE_OUTER_BOUND('',#1291,.T.);
#817=FACE_OUTER_BOUND('',#1292,.T.);
#818=FACE_OUTER_BOUND('',#1293,.T.);
#819=FACE_OUTER_BOUND('',#1294,.T.);
#820=FACE_OUTER_BOUND('',#1295,.T.);
#821=FACE_OUTER_BOUND('',#1296,.T.);
#822=FACE_OUTER_BOUND('',#1297,.T.);
#823=FACE_OUTER_BOUND('',#1298,.T.);
#824=FACE_OUTER_BOUND('',#1299,.T.);
#825=FACE_OUTER_BOUND('',#1300,.T.);
#826=FACE_OUTER_BOUND('',#1301,.T.);
#827=FACE_OUTER_BOUND('',#1302,.T.);
#828=FACE_OUTER_BOUND('',#1303,.T.);
#829=FACE_OUTER_BOUND('',#1304,.T.);
#830=FACE_OUTER_BOUND('',#1305,.T.);
#831=FACE_OUTER_BOUND('',#1306,.T.);
#832=FACE_OUTER_BOUND('',#1307,.T.);
#833=FACE_OUTER_BOUND('',#1308,.T.);
#834=FACE_OUTER_BOUND('',#1309,.T.);
#835=FACE_OUTER_BOUND('',#1310,.T.);
#836=FACE_OUTER_BOUND('',#1311,.T.);
#837=FACE_OUTER_BOUND('',#1312,.T.);
#838=FACE_OUTER_BOUND('',#1313,.T.);
#839=FACE_OUTER_BOUND('',#1314,.T.);
#840=FACE_OUTER_BOUND('',#1315,.T.);
#841=FACE_OUTER_BOUND('',#1316,.T.);
#842=FACE_OUTER_BOUND('',#1317,.T.);
#843=FACE_OUTER_BOUND('',#1318,.T.);
#844=FACE_OUTER_BOUND('',#1319,.T.);
#845=FACE_OUTER_BOUND('',#1320,.T.);
#846=FACE_OUTER_BOUND('',#1321,.T.);
#847=FACE_OUTER_BOUND('',#1322,.T.);
#848=FACE_OUTER_BOUND('',#1323,.T.);
#849=FACE_OUTER_BOUND('',#1324,.T.);
#850=FACE_OUTER_BOUND('',#1325,.T.);
#851=FACE_OUTER_BOUND('',#1326,.T.);
#852=FACE_OUTER_BOUND('',#1327,.T.);
#853=FACE_OUTER_BOUND('',#1328,.T.);
#854=FACE_OUTER_BOUND('',#1329,.T.);
#855=FACE_OUTER_BOUND('',#1330,.T.);
#856=FACE_OUTER_BOUND('',#1331,.T.);
#857=FACE_OUTER_BOUND('',#1332,.T.);
#858=FACE_OUTER_BOUND('',#1333,.T.);
#859=FACE_OUTER_BOUND('',#1334,.T.);
#860=FACE_OUTER_BOUND('',#1335,.T.);
#861=FACE_OUTER_BOUND('',#1336,.T.);
#862=FACE_OUTER_BOUND('',#1337,.T.);
#863=FACE_OUTER_BOUND('',#1338,.T.);
#864=FACE_OUTER_BOUND('',#1339,.T.);
#865=FACE_OUTER_BOUND('',#1340,.T.);
#866=FACE_OUTER_BOUND('',#1341,.T.);
#867=FACE_OUTER_BOUND('',#1342,.T.);
#868=FACE_OUTER_BOUND('',#1343,.T.);
#869=FACE_OUTER_BOUND('',#1344,.T.);
#870=FACE_OUTER_BOUND('',#1345,.T.);
#871=FACE_OUTER_BOUND('',#1346,.T.);
#872=FACE_OUTER_BOUND('',#1347,.T.);
#873=FACE_OUTER_BOUND('',#1348,.T.);
#874=FACE_OUTER_BOUND('',#1349,.T.);
#875=FACE_OUTER_BOUND('',#1350,.T.);
#876=FACE_OUTER_BOUND('',#1351,.T.);
#877=FACE_OUTER_BOUND('',#1352,.T.);
#878=FACE_OUTER_BOUND('',#1353,.T.);
#879=FACE_OUTER_BOUND('',#1354,.T.);
#880=FACE_OUTER_BOUND('',#1355,.T.);
#881=FACE_OUTER_BOUND('',#1356,.T.);
#882=FACE_OUTER_BOUND('',#1357,.T.);
#883=FACE_OUTER_BOUND('',#1358,.T.);
#884=FACE_OUTER_BOUND('',#1359,.T.);
#885=FACE_OUTER_BOUND('',#1360,.T.);
#886=FACE_OUTER_BOUND('',#1361,.T.);
#887=FACE_OUTER_BOUND('',#1362,.T.);
#888=FACE_OUTER_BOUND('',#1363,.T.);
#889=FACE_OUTER_BOUND('',#1364,.T.);
#890=FACE_OUTER_BOUND('',#1365,.T.);
#891=FACE_OUTER_BOUND('',#1366,.T.);
#892=FACE_OUTER_BOUND('',#1367,.T.);
#893=FACE_OUTER_BOUND('',#1368,.T.);
#894=FACE_OUTER_BOUND('',#1369,.T.);
#895=FACE_OUTER_BOUND('',#1370,.T.);
#896=FACE_OUTER_BOUND('',#1371,.T.);
#897=FACE_OUTER_BOUND('',#1372,.T.);
#898=FACE_OUTER_BOUND('',#1373,.T.);
#899=FACE_OUTER_BOUND('',#1374,.T.);
#900=FACE_OUTER_BOUND('',#1375,.T.);
#901=FACE_OUTER_BOUND('',#1376,.T.);
#902=FACE_OUTER_BOUND('',#1377,.T.);
#903=FACE_OUTER_BOUND('',#1378,.T.);
#904=FACE_OUTER_BOUND('',#1379,.T.);
#905=FACE_OUTER_BOUND('',#1380,.T.);
#906=FACE_OUTER_BOUND('',#1381,.T.);
#907=FACE_OUTER_BOUND('',#1382,.T.);
#908=FACE_OUTER_BOUND('',#1383,.T.);
#909=FACE_OUTER_BOUND('',#1384,.T.);
#910=FACE_OUTER_BOUND('',#1385,.T.);
#911=FACE_OUTER_BOUND('',#1386,.T.);
#912=FACE_OUTER_BOUND('',#1387,.T.);
#913=FACE_OUTER_BOUND('',#1388,.T.);
#914=FACE_OUTER_BOUND('',#1389,.T.);
#915=FACE_OUTER_BOUND('',#1390,.T.);
#916=FACE_OUTER_BOUND('',#1391,.T.);
#917=FACE_OUTER_BOUND('',#1392,.T.);
#918=FACE_OUTER_BOUND('',#1393,.T.);
#919=FACE_OUTER_BOUND('',#1394,.T.);
#920=FACE_OUTER_BOUND('',#1395,.T.);
#921=FACE_OUTER_BOUND('',#1396,.T.);
#922=FACE_OUTER_BOUND('',#1397,.T.);
#923=FACE_OUTER_BOUND('',#1398,.T.);
#924=FACE_OUTER_BOUND('',#1399,.T.);
#925=FACE_OUTER_BOUND('',#1400,.T.);
#926=FACE_OUTER_BOUND('',#1401,.T.);
#927=FACE_OUTER_BOUND('',#1402,.T.);
#928=FACE_OUTER_BOUND('',#1403,.T.);
#929=FACE_OUTER_BOUND('',#1404,.T.);
#930=FACE_OUTER_BOUND('',#1405,.T.);
#931=FACE_OUTER_BOUND('',#1406,.T.);
#932=FACE_OUTER_BOUND('',#1407,.T.);
#933=FACE_OUTER_BOUND('',#1408,.T.);
#934=FACE_OUTER_BOUND('',#1409,.T.);
#935=FACE_OUTER_BOUND('',#1410,.T.);
#936=FACE_OUTER_BOUND('',#1411,.T.);
#937=FACE_OUTER_BOUND('',#1412,.T.);
#938=FACE_OUTER_BOUND('',#1413,.T.);
#939=FACE_OUTER_BOUND('',#1414,.T.);
#940=FACE_OUTER_BOUND('',#1415,.T.);
#941=FACE_OUTER_BOUND('',#1416,.T.);
#942=FACE_OUTER_BOUND('',#1417,.T.);
#943=FACE_OUTER_BOUND('',#1418,.T.);
#944=FACE_OUTER_BOUND('',#1419,.T.);
#945=FACE_OUTER_BOUND('',#1420,.T.);
#946=FACE_OUTER_BOUND('',#1421,.T.);
#947=FACE_OUTER_BOUND('',#1422,.T.);
#948=FACE_OUTER_BOUND('',#1423,.T.);
#949=FACE_OUTER_BOUND('',#1424,.T.);
#950=FACE_OUTER_BOUND('',#1425,.T.);
#951=FACE_OUTER_BOUND('',#1426,.T.);
#952=FACE_OUTER_BOUND('',#1427,.T.);
#953=FACE_OUTER_BOUND('',#1428,.T.);
#954=FACE_OUTER_BOUND('',#1429,.T.);
#955=FACE_OUTER_BOUND('',#1430,.T.);
#956=FACE_OUTER_BOUND('',#1431,.T.);
#957=FACE_OUTER_BOUND('',#1432,.T.);
#958=FACE_OUTER_BOUND('',#1433,.T.);
#959=FACE_OUTER_BOUND('',#1434,.T.);
#960=FACE_OUTER_BOUND('',#1435,.T.);
#961=FACE_OUTER_BOUND('',#1436,.T.);
#962=FACE_OUTER_BOUND('',#1437,.T.);
#963=FACE_OUTER_BOUND('',#1438,.T.);
#964=FACE_OUTER_BOUND('',#1439,.T.);
#965=FACE_OUTER_BOUND('',#1440,.T.);
#966=FACE_OUTER_BOUND('',#1441,.T.);
#967=FACE_OUTER_BOUND('',#1442,.T.);
#968=FACE_OUTER_BOUND('',#1443,.T.);
#969=FACE_OUTER_BOUND('',#1444,.T.);
#970=FACE_OUTER_BOUND('',#1445,.T.);
#971=FACE_OUTER_BOUND('',#1446,.T.);
#972=FACE_OUTER_BOUND('',#1447,.T.);
#973=FACE_OUTER_BOUND('',#1448,.T.);
#974=FACE_OUTER_BOUND('',#1449,.T.);
#975=FACE_OUTER_BOUND('',#1450,.T.);
#976=FACE_OUTER_BOUND('',#1451,.T.);
#977=FACE_OUTER_BOUND('',#1452,.T.);
#978=FACE_OUTER_BOUND('',#1453,.T.);
#979=FACE_OUTER_BOUND('',#1454,.T.);
#980=FACE_OUTER_BOUND('',#1455,.T.);
#981=FACE_OUTER_BOUND('',#1456,.T.);
#982=FACE_OUTER_BOUND('',#1457,.T.);
#983=FACE_OUTER_BOUND('',#1458,.T.);
#984=FACE_OUTER_BOUND('',#1459,.T.);
#985=FACE_OUTER_BOUND('',#1460,.T.);
#986=FACE_OUTER_BOUND('',#1461,.T.);
#987=FACE_OUTER_BOUND('',#1462,.T.);
#988=FACE_OUTER_BOUND('',#1463,.T.);
#989=FACE_OUTER_BOUND('',#1464,.T.);
#990=FACE_OUTER_BOUND('',#1465,.T.);
#991=FACE_OUTER_BOUND('',#1466,.T.);
#992=FACE_OUTER_BOUND('',#1467,.T.);
#993=FACE_OUTER_BOUND('',#1468,.T.);
#994=FACE_OUTER_BOUND('',#1469,.T.);
#995=FACE_OUTER_BOUND('',#1470,.T.);
#996=FACE_OUTER_BOUND('',#1471,.T.);
#997=FACE_OUTER_BOUND('',#1472,.T.);
#998=FACE_OUTER_BOUND('',#1473,.T.);
#999=FACE_OUTER_BOUND('',#1474,.T.);
#1000=FACE_OUTER_BOUND('',#1475,.T.);
#1001=FACE_OUTER_BOUND('',#1476,.T.);
#1002=FACE_OUTER_BOUND('',#1477,.T.);
#1003=FACE_OUTER_BOUND('',#1478,.T.);
#1004=FACE_OUTER_BOUND('',#1479,.T.);
#1005=FACE_OUTER_BOUND('',#1480,.T.);
#1006=FACE_OUTER_BOUND('',#1481,.T.);
#1007=FACE_OUTER_BOUND('',#1482,.T.);
#1008=FACE_OUTER_BOUND('',#1483,.T.);
#1009=FACE_OUTER_BOUND('',#1484,.T.);
#1010=FACE_OUTER_BOUND('',#1485,.T.);
#1011=FACE_OUTER_BOUND('',#1486,.T.);
#1012=FACE_OUTER_BOUND('',#1487,.T.);
#1013=FACE_OUTER_BOUND('',#1488,.T.);
#1014=FACE_OUTER_BOUND('',#1489,.T.);
#1015=FACE_OUTER_BOUND('',#1490,.T.);
#1016=FACE_OUTER_BOUND('',#1491,.T.);
#1017=FACE_OUTER_BOUND('',#1492,.T.);
#1018=FACE_OUTER_BOUND('',#1493,.T.);
#1019=FACE_OUTER_BOUND('',#1494,.T.);
#1020=FACE_OUTER_BOUND('',#1495,.T.);
#1021=FACE_OUTER_BOUND('',#1496,.T.);
#1022=FACE_OUTER_BOUND('',#1497,.T.);
#1023=FACE_OUTER_BOUND('',#1498,.T.);
#1024=FACE_OUTER_BOUND('',#1499,.T.);
#1025=FACE_OUTER_BOUND('',#1500,.T.);
#1026=FACE_OUTER_BOUND('',#1501,.T.);
#1027=FACE_OUTER_BOUND('',#1502,.T.);
#1028=FACE_OUTER_BOUND('',#1503,.T.);
#1029=FACE_OUTER_BOUND('',#1504,.T.);
#1030=FACE_OUTER_BOUND('',#1505,.T.);
#1031=FACE_OUTER_BOUND('',#1506,.T.);
#1032=FACE_OUTER_BOUND('',#1507,.T.);
#1033=FACE_OUTER_BOUND('',#1508,.T.);
#1034=FACE_OUTER_BOUND('',#1509,.T.);
#1035=FACE_OUTER_BOUND('',#1510,.T.);
#1036=FACE_OUTER_BOUND('',#1511,.T.);
#1037=FACE_OUTER_BOUND('',#1512,.T.);
#1038=FACE_OUTER_BOUND('',#1513,.T.);
#1039=FACE_OUTER_BOUND('',#1514,.T.);
#1040=FACE_OUTER_BOUND('',#1515,.T.);
#1041=FACE_OUTER_BOUND('',#1516,.T.);
#1042=FACE_OUTER_BOUND('',#1517,.T.);
#1043=FACE_OUTER_BOUND('',#1518,.T.);
#1044=FACE_OUTER_BOUND('',#1519,.T.);
#1045=FACE_OUTER_BOUND('',#1520,.T.);
#1046=FACE_OUTER_BOUND('',#1521,.T.);
#1047=FACE_OUTER_BOUND('',#1522,.T.);
#1048=FACE_OUTER_BOUND('',#1523,.T.);
#1049=FACE_OUTER_BOUND('',#1524,.T.);
#1050=FACE_OUTER_BOUND('',#1525,.T.);
#1051=FACE_OUTER_BOUND('',#1526,.T.);
#1052=FACE_OUTER_BOUND('',#1527,.T.);
#1053=FACE_OUTER_BOUND('',#1528,.T.);
#1054=FACE_OUTER_BOUND('',#1529,.T.);
#1055=FACE_OUTER_BOUND('',#1530,.T.);
#1056=FACE_OUTER_BOUND('',#1531,.T.);
#1057=FACE_OUTER_BOUND('',#1532,.T.);
#1058=FACE_OUTER_BOUND('',#1533,.T.);
#1059=FACE_OUTER_BOUND('',#1534,.T.);
#1060=FACE_OUTER_BOUND('',#1535,.T.);
#1061=FACE_OUTER_BOUND('',#1536,.T.);
#1062=FACE_OUTER_BOUND('',#1537,.T.);
#1063=FACE_OUTER_BOUND('',#1538,.T.);
#1064=FACE_OUTER_BOUND('',#1539,.T.);
#1065=FACE_OUTER_BOUND('',#1540,.T.);
#1066=FACE_OUTER_BOUND('',#1541,.T.);
#1067=FACE_OUTER_BOUND('',#1542,.T.);
#1068=FACE_OUTER_BOUND('',#1543,.T.);
#1069=FACE_OUTER_BOUND('',#1544,.T.);
#1070=FACE_OUTER_BOUND('',#1545,.T.);
#1071=FACE_OUTER_BOUND('',#1546,.T.);
#1072=FACE_OUTER_BOUND('',#1547,.T.);
#1073=FACE_OUTER_BOUND('',#1548,.T.);
#1074=FACE_OUTER_BOUND('',#1549,.T.);
#1075=FACE_OUTER_BOUND('',#1550,.T.);
#1076=FACE_OUTER_BOUND('',#1551,.T.);
#1077=FACE_OUTER_BOUND('',#1552,.T.);
#1078=FACE_OUTER_BOUND('',#1553,.T.);
#1079=FACE_OUTER_BOUND('',#1554,.T.);
#1080=FACE_OUTER_BOUND('',#1555,.T.);
#1081=FACE_OUTER_BOUND('',#1556,.T.);
#1082=FACE_OUTER_BOUND('',#1557,.T.);
#1083=FACE_OUTER_BOUND('',#1558,.T.);
#1084=FACE_OUTER_BOUND('',#1559,.T.);
#1085=FACE_OUTER_BOUND('',#1560,.T.);
#1086=FACE_OUTER_BOUND('',#1561,.T.);
#1087=FACE_OUTER_BOUND('',#1562,.T.);
#1088=FACE_OUTER_BOUND('',#1563,.T.);
#1089=FACE_OUTER_BOUND('',#1564,.T.);
#1090=FACE_OUTER_BOUND('',#1565,.T.);
#1091=FACE_OUTER_BOUND('',#1604,.T.);
#1092=FACE_OUTER_BOUND('',#1605,.T.);
#1093=FACE_OUTER_BOUND('',#1606,.T.);
#1094=FACE_OUTER_BOUND('',#1607,.T.);
#1095=FACE_OUTER_BOUND('',#1608,.T.);
#1096=FACE_OUTER_BOUND('',#1609,.T.);
#1097=FACE_OUTER_BOUND('',#1610,.T.);
#1098=FACE_OUTER_BOUND('',#1611,.T.);
#1099=FACE_OUTER_BOUND('',#1612,.T.);
#1100=FACE_OUTER_BOUND('',#1613,.T.);
#1101=FACE_OUTER_BOUND('',#1614,.T.);
#1102=FACE_OUTER_BOUND('',#1615,.T.);
#1103=FACE_OUTER_BOUND('',#1616,.T.);
#1104=FACE_OUTER_BOUND('',#1617,.T.);
#1105=FACE_OUTER_BOUND('',#1618,.T.);
#1106=FACE_OUTER_BOUND('',#1619,.T.);
#1107=FACE_OUTER_BOUND('',#1620,.T.);
#1108=FACE_OUTER_BOUND('',#1621,.T.);
#1109=FACE_OUTER_BOUND('',#1622,.T.);
#1110=FACE_OUTER_BOUND('',#1623,.T.);
#1111=FACE_OUTER_BOUND('',#1624,.T.);
#1112=FACE_OUTER_BOUND('',#1625,.T.);
#1113=FACE_OUTER_BOUND('',#1626,.T.);
#1114=FACE_OUTER_BOUND('',#1627,.T.);
#1115=FACE_OUTER_BOUND('',#1628,.T.);
#1116=FACE_OUTER_BOUND('',#1629,.T.);
#1117=FACE_OUTER_BOUND('',#1630,.T.);
#1118=FACE_OUTER_BOUND('',#1631,.T.);
#1119=FACE_OUTER_BOUND('',#1632,.T.);
#1120=FACE_OUTER_BOUND('',#1633,.T.);
#1121=FACE_OUTER_BOUND('',#1634,.T.);
#1122=FACE_OUTER_BOUND('',#1635,.T.);
#1123=FACE_OUTER_BOUND('',#1636,.T.);
#1124=FACE_OUTER_BOUND('',#1637,.T.);
#1125=FACE_OUTER_BOUND('',#1638,.T.);
#1126=FACE_OUTER_BOUND('',#1639,.T.);
#1127=FACE_OUTER_BOUND('',#1640,.T.);
#1128=FACE_OUTER_BOUND('',#1641,.T.);
#1129=FACE_OUTER_BOUND('',#1642,.T.);
#1130=FACE_OUTER_BOUND('',#1643,.T.);
#1131=FACE_OUTER_BOUND('',#1644,.T.);
#1132=FACE_OUTER_BOUND('',#1645,.T.);
#1133=FACE_OUTER_BOUND('',#1646,.T.);
#1134=FACE_OUTER_BOUND('',#1647,.T.);
#1135=FACE_OUTER_BOUND('',#1648,.T.);
#1136=FACE_OUTER_BOUND('',#1649,.T.);
#1137=FACE_OUTER_BOUND('',#1650,.T.);
#1138=FACE_OUTER_BOUND('',#1651,.T.);
#1139=FACE_OUTER_BOUND('',#1652,.T.);
#1140=FACE_OUTER_BOUND('',#1653,.T.);
#1141=FACE_OUTER_BOUND('',#1654,.T.);
#1142=FACE_OUTER_BOUND('',#1655,.T.);
#1143=FACE_OUTER_BOUND('',#1656,.T.);
#1144=FACE_OUTER_BOUND('',#1657,.T.);
#1145=FACE_OUTER_BOUND('',#1658,.T.);
#1146=FACE_OUTER_BOUND('',#1659,.T.);
#1147=FACE_OUTER_BOUND('',#1660,.T.);
#1148=FACE_OUTER_BOUND('',#1661,.T.);
#1149=FACE_OUTER_BOUND('',#1662,.T.);
#1150=FACE_OUTER_BOUND('',#1663,.T.);
#1151=FACE_OUTER_BOUND('',#1664,.T.);
#1152=FACE_OUTER_BOUND('',#1665,.T.);
#1153=FACE_OUTER_BOUND('',#1666,.T.);
#1154=FACE_OUTER_BOUND('',#1667,.T.);
#1155=FACE_OUTER_BOUND('',#1668,.T.);
#1156=FACE_OUTER_BOUND('',#1669,.T.);
#1157=FACE_OUTER_BOUND('',#1670,.T.);
#1158=FACE_OUTER_BOUND('',#1671,.T.);
#1159=FACE_OUTER_BOUND('',#1672,.T.);
#1160=FACE_OUTER_BOUND('',#1673,.T.);
#1161=FACE_OUTER_BOUND('',#1674,.T.);
#1162=FACE_OUTER_BOUND('',#1675,.T.);
#1163=FACE_OUTER_BOUND('',#1676,.T.);
#1164=EDGE_LOOP('',(#5614,#5615,#5616,#5617));
#1165=EDGE_LOOP('',(#5618,#5619,#5620,#5621));
#1166=EDGE_LOOP('',(#5622,#5623,#5624,#5625));
#1167=EDGE_LOOP('',(#5626,#5627,#5628,#5629));
#1168=EDGE_LOOP('',(#5630,#5631,#5632,#5633));
#1169=EDGE_LOOP('',(#5634,#5635,#5636,#5637));
#1170=EDGE_LOOP('',(#5638,#5639,#5640,#5641));
#1171=EDGE_LOOP('',(#5642,#5643,#5644,#5645));
#1172=EDGE_LOOP('',(#5646,#5647,#5648,#5649));
#1173=EDGE_LOOP('',(#5650,#5651,#5652,#5653));
#1174=EDGE_LOOP('',(#5654,#5655,#5656,#5657));
#1175=EDGE_LOOP('',(#5658,#5659,#5660,#5661,#5662,#5663,#5664,#5665,#5666,
#5667,#5668,#5669,#5670,#5671,#5672,#5673,#5674,#5675,#5676,#5677,#5678,
#5679,#5680,#5681,#5682,#5683,#5684,#5685,#5686,#5687,#5688,#5689,#5690,
#5691,#5692,#5693,#5694,#5695,#5696,#5697,#5698,#5699,#5700,#5701,#5702,
#5703,#5704,#5705,#5706,#5707,#5708,#5709,#5710,#5711,#5712,#5713,#5714,
#5715,#5716,#5717,#5718,#5719,#5720,#5721,#5722,#5723,#5724,#5725,#5726,
#5727,#5728,#5729,#5730,#5731,#5732));
#1176=EDGE_LOOP('',(#5733,#5734,#5735,#5736,#5737,#5738,#5739,#5740));
#1177=EDGE_LOOP('',(#5741,#5742,#5743,#5744,#5745,#5746,#5747,#5748));
#1178=EDGE_LOOP('',(#5749,#5750,#5751,#5752,#5753,#5754,#5755,#5756));
#1179=EDGE_LOOP('',(#5757,#5758,#5759,#5760,#5761,#5762,#5763,#5764));
#1180=EDGE_LOOP('',(#5765,#5766,#5767,#5768,#5769,#5770,#5771,#5772));
#1181=EDGE_LOOP('',(#5773,#5774,#5775,#5776,#5777,#5778,#5779,#5780));
#1182=EDGE_LOOP('',(#5781,#5782,#5783,#5784,#5785,#5786,#5787,#5788));
#1183=EDGE_LOOP('',(#5789,#5790,#5791,#5792,#5793,#5794,#5795,#5796));
#1184=EDGE_LOOP('',(#5797,#5798,#5799,#5800,#5801,#5802,#5803,#5804));
#1185=EDGE_LOOP('',(#5805,#5806,#5807,#5808,#5809,#5810,#5811,#5812));
#1186=EDGE_LOOP('',(#5813,#5814,#5815,#5816,#5817,#5818,#5819,#5820));
#1187=EDGE_LOOP('',(#5821,#5822,#5823,#5824,#5825,#5826,#5827,#5828));
#1188=EDGE_LOOP('',(#5829,#5830,#5831,#5832,#5833,#5834,#5835,#5836));
#1189=EDGE_LOOP('',(#5837,#5838,#5839,#5840,#5841,#5842,#5843,#5844));
#1190=EDGE_LOOP('',(#5845,#5846,#5847,#5848,#5849,#5850,#5851,#5852));
#1191=EDGE_LOOP('',(#5853,#5854,#5855,#5856,#5857,#5858,#5859,#5860));
#1192=EDGE_LOOP('',(#5861,#5862,#5863,#5864,#5865,#5866,#5867,#5868));
#1193=EDGE_LOOP('',(#5869,#5870,#5871,#5872,#5873,#5874,#5875,#5876));
#1194=EDGE_LOOP('',(#5877,#5878,#5879,#5880,#5881,#5882,#5883,#5884));
#1195=EDGE_LOOP('',(#5885,#5886,#5887,#5888,#5889,#5890,#5891,#5892));
#1196=EDGE_LOOP('',(#5893,#5894,#5895,#5896,#5897,#5898,#5899,#5900));
#1197=EDGE_LOOP('',(#5901,#5902,#5903,#5904,#5905,#5906,#5907,#5908));
#1198=EDGE_LOOP('',(#5909,#5910,#5911,#5912,#5913,#5914,#5915,#5916));
#1199=EDGE_LOOP('',(#5917,#5918,#5919,#5920,#5921,#5922,#5923,#5924));
#1200=EDGE_LOOP('',(#5925,#5926,#5927,#5928,#5929,#5930,#5931,#5932));
#1201=EDGE_LOOP('',(#5933,#5934,#5935,#5936,#5937,#5938,#5939,#5940));
#1202=EDGE_LOOP('',(#5941,#5942,#5943,#5944,#5945,#5946,#5947,#5948));
#1203=EDGE_LOOP('',(#5949,#5950,#5951,#5952,#5953,#5954,#5955,#5956));
#1204=EDGE_LOOP('',(#5957,#5958,#5959,#5960,#5961,#5962,#5963,#5964));
#1205=EDGE_LOOP('',(#5965,#5966,#5967,#5968,#5969,#5970,#5971,#5972));
#1206=EDGE_LOOP('',(#5973,#5974,#5975,#5976,#5977,#5978,#5979,#5980));
#1207=EDGE_LOOP('',(#5981,#5982,#5983,#5984,#5985,#5986,#5987,#5988));
#1208=EDGE_LOOP('',(#5989,#5990,#5991,#5992,#5993,#5994,#5995,#5996));
#1209=EDGE_LOOP('',(#5997,#5998,#5999,#6000,#6001,#6002,#6003,#6004));
#1210=EDGE_LOOP('',(#6005,#6006,#6007,#6008,#6009,#6010,#6011,#6012));
#1211=EDGE_LOOP('',(#6013,#6014,#6015,#6016,#6017,#6018,#6019,#6020));
#1212=EDGE_LOOP('',(#6021,#6022,#6023,#6024,#6025,#6026,#6027,#6028));
#1213=EDGE_LOOP('',(#6029,#6030,#6031,#6032,#6033,#6034,#6035,#6036,#6037,
#6038,#6039,#6040,#6041,#6042,#6043,#6044,#6045,#6046,#6047,#6048,#6049,
#6050,#6051,#6052,#6053,#6054,#6055,#6056,#6057,#6058,#6059,#6060,#6061,
#6062,#6063,#6064,#6065,#6066,#6067,#6068,#6069,#6070,#6071,#6072,#6073,
#6074,#6075,#6076,#6077,#6078,#6079,#6080,#6081,#6082,#6083,#6084,#6085,
#6086,#6087,#6088,#6089,#6090,#6091,#6092));
#1214=EDGE_LOOP('',(#6093,#6094,#6095,#6096));
#1215=EDGE_LOOP('',(#6097,#6098,#6099,#6100));
#1216=EDGE_LOOP('',(#6101,#6102,#6103,#6104));
#1217=EDGE_LOOP('',(#6105,#6106,#6107,#6108));
#1218=EDGE_LOOP('',(#6109,#6110,#6111,#6112));
#1219=EDGE_LOOP('',(#6113,#6114,#6115,#6116));
#1220=EDGE_LOOP('',(#6117,#6118,#6119,#6120));
#1221=EDGE_LOOP('',(#6121,#6122,#6123,#6124));
#1222=EDGE_LOOP('',(#6125,#6126,#6127,#6128));
#1223=EDGE_LOOP('',(#6129,#6130,#6131,#6132));
#1224=EDGE_LOOP('',(#6133,#6134,#6135,#6136));
#1225=EDGE_LOOP('',(#6137,#6138,#6139,#6140));
#1226=EDGE_LOOP('',(#6141,#6142,#6143,#6144));
#1227=EDGE_LOOP('',(#6145,#6146,#6147,#6148));
#1228=EDGE_LOOP('',(#6149,#6150,#6151,#6152));
#1229=EDGE_LOOP('',(#6153,#6154,#6155,#6156));
#1230=EDGE_LOOP('',(#6157,#6158,#6159,#6160));
#1231=EDGE_LOOP('',(#6161,#6162,#6163,#6164));
#1232=EDGE_LOOP('',(#6165,#6166,#6167,#6168));
#1233=EDGE_LOOP('',(#6169,#6170,#6171,#6172));
#1234=EDGE_LOOP('',(#6173,#6174,#6175,#6176));
#1235=EDGE_LOOP('',(#6177,#6178,#6179,#6180));
#1236=EDGE_LOOP('',(#6181,#6182,#6183,#6184));
#1237=EDGE_LOOP('',(#6185,#6186,#6187,#6188));
#1238=EDGE_LOOP('',(#6189,#6190,#6191,#6192));
#1239=EDGE_LOOP('',(#6193,#6194,#6195,#6196));
#1240=EDGE_LOOP('',(#6197,#6198,#6199,#6200));
#1241=EDGE_LOOP('',(#6201,#6202,#6203,#6204));
#1242=EDGE_LOOP('',(#6205,#6206,#6207,#6208));
#1243=EDGE_LOOP('',(#6209,#6210,#6211,#6212));
#1244=EDGE_LOOP('',(#6213,#6214,#6215,#6216));
#1245=EDGE_LOOP('',(#6217,#6218,#6219,#6220));
#1246=EDGE_LOOP('',(#6221,#6222,#6223,#6224));
#1247=EDGE_LOOP('',(#6225,#6226,#6227,#6228));
#1248=EDGE_LOOP('',(#6229,#6230,#6231,#6232));
#1249=EDGE_LOOP('',(#6233,#6234,#6235,#6236));
#1250=EDGE_LOOP('',(#6237,#6238,#6239,#6240));
#1251=EDGE_LOOP('',(#6241,#6242,#6243,#6244));
#1252=EDGE_LOOP('',(#6245,#6246,#6247,#6248));
#1253=EDGE_LOOP('',(#6249,#6250,#6251,#6252));
#1254=EDGE_LOOP('',(#6253,#6254,#6255,#6256));
#1255=EDGE_LOOP('',(#6257,#6258,#6259,#6260));
#1256=EDGE_LOOP('',(#6261,#6262,#6263,#6264));
#1257=EDGE_LOOP('',(#6265,#6266,#6267,#6268));
#1258=EDGE_LOOP('',(#6269,#6270,#6271,#6272));
#1259=EDGE_LOOP('',(#6273,#6274,#6275,#6276));
#1260=EDGE_LOOP('',(#6277,#6278,#6279,#6280));
#1261=EDGE_LOOP('',(#6281,#6282,#6283,#6284));
#1262=EDGE_LOOP('',(#6285,#6286,#6287,#6288));
#1263=EDGE_LOOP('',(#6289,#6290,#6291,#6292));
#1264=EDGE_LOOP('',(#6293,#6294,#6295,#6296));
#1265=EDGE_LOOP('',(#6297,#6298,#6299,#6300));
#1266=EDGE_LOOP('',(#6301,#6302,#6303,#6304));
#1267=EDGE_LOOP('',(#6305,#6306,#6307,#6308));
#1268=EDGE_LOOP('',(#6309,#6310,#6311,#6312));
#1269=EDGE_LOOP('',(#6313,#6314,#6315,#6316));
#1270=EDGE_LOOP('',(#6317,#6318,#6319,#6320));
#1271=EDGE_LOOP('',(#6321,#6322,#6323,#6324));
#1272=EDGE_LOOP('',(#6325,#6326,#6327,#6328));
#1273=EDGE_LOOP('',(#6329,#6330,#6331,#6332));
#1274=EDGE_LOOP('',(#6333,#6334,#6335,#6336));
#1275=EDGE_LOOP('',(#6337,#6338,#6339,#6340));
#1276=EDGE_LOOP('',(#6341,#6342,#6343,#6344));
#1277=EDGE_LOOP('',(#6345,#6346,#6347,#6348));
#1278=EDGE_LOOP('',(#6349,#6350,#6351,#6352));
#1279=EDGE_LOOP('',(#6353,#6354,#6355,#6356));
#1280=EDGE_LOOP('',(#6357,#6358,#6359,#6360));
#1281=EDGE_LOOP('',(#6361,#6362,#6363,#6364));
#1282=EDGE_LOOP('',(#6365,#6366,#6367,#6368));
#1283=EDGE_LOOP('',(#6369,#6370,#6371,#6372));
#1284=EDGE_LOOP('',(#6373,#6374,#6375,#6376));
#1285=EDGE_LOOP('',(#6377,#6378,#6379,#6380));
#1286=EDGE_LOOP('',(#6381,#6382,#6383,#6384));
#1287=EDGE_LOOP('',(#6385,#6386,#6387,#6388));
#1288=EDGE_LOOP('',(#6389,#6390,#6391,#6392));
#1289=EDGE_LOOP('',(#6393,#6394,#6395,#6396));
#1290=EDGE_LOOP('',(#6397,#6398,#6399,#6400));
#1291=EDGE_LOOP('',(#6401,#6402,#6403,#6404));
#1292=EDGE_LOOP('',(#6405,#6406,#6407,#6408));
#1293=EDGE_LOOP('',(#6409,#6410,#6411,#6412));
#1294=EDGE_LOOP('',(#6413,#6414,#6415,#6416));
#1295=EDGE_LOOP('',(#6417,#6418,#6419,#6420));
#1296=EDGE_LOOP('',(#6421,#6422,#6423,#6424));
#1297=EDGE_LOOP('',(#6425,#6426,#6427,#6428));
#1298=EDGE_LOOP('',(#6429,#6430,#6431,#6432));
#1299=EDGE_LOOP('',(#6433,#6434,#6435,#6436));
#1300=EDGE_LOOP('',(#6437,#6438,#6439,#6440));
#1301=EDGE_LOOP('',(#6441,#6442,#6443,#6444));
#1302=EDGE_LOOP('',(#6445,#6446,#6447,#6448));
#1303=EDGE_LOOP('',(#6449,#6450,#6451,#6452));
#1304=EDGE_LOOP('',(#6453,#6454,#6455,#6456));
#1305=EDGE_LOOP('',(#6457,#6458,#6459,#6460));
#1306=EDGE_LOOP('',(#6461,#6462,#6463,#6464));
#1307=EDGE_LOOP('',(#6465,#6466,#6467,#6468));
#1308=EDGE_LOOP('',(#6469,#6470,#6471,#6472));
#1309=EDGE_LOOP('',(#6473,#6474,#6475,#6476));
#1310=EDGE_LOOP('',(#6477,#6478,#6479,#6480));
#1311=EDGE_LOOP('',(#6481,#6482,#6483,#6484));
#1312=EDGE_LOOP('',(#6485,#6486,#6487,#6488));
#1313=EDGE_LOOP('',(#6489,#6490,#6491,#6492));
#1314=EDGE_LOOP('',(#6493,#6494,#6495,#6496));
#1315=EDGE_LOOP('',(#6497,#6498,#6499,#6500));
#1316=EDGE_LOOP('',(#6501,#6502,#6503,#6504));
#1317=EDGE_LOOP('',(#6505,#6506,#6507,#6508));
#1318=EDGE_LOOP('',(#6509,#6510,#6511,#6512));
#1319=EDGE_LOOP('',(#6513,#6514,#6515,#6516));
#1320=EDGE_LOOP('',(#6517,#6518,#6519,#6520));
#1321=EDGE_LOOP('',(#6521,#6522,#6523,#6524));
#1322=EDGE_LOOP('',(#6525,#6526,#6527,#6528));
#1323=EDGE_LOOP('',(#6529,#6530,#6531,#6532));
#1324=EDGE_LOOP('',(#6533,#6534,#6535,#6536));
#1325=EDGE_LOOP('',(#6537,#6538,#6539,#6540));
#1326=EDGE_LOOP('',(#6541,#6542,#6543,#6544));
#1327=EDGE_LOOP('',(#6545,#6546,#6547,#6548));
#1328=EDGE_LOOP('',(#6549,#6550,#6551,#6552));
#1329=EDGE_LOOP('',(#6553,#6554,#6555,#6556));
#1330=EDGE_LOOP('',(#6557,#6558,#6559,#6560));
#1331=EDGE_LOOP('',(#6561,#6562,#6563,#6564));
#1332=EDGE_LOOP('',(#6565,#6566,#6567,#6568));
#1333=EDGE_LOOP('',(#6569,#6570,#6571,#6572));
#1334=EDGE_LOOP('',(#6573,#6574,#6575,#6576));
#1335=EDGE_LOOP('',(#6577,#6578,#6579,#6580));
#1336=EDGE_LOOP('',(#6581,#6582,#6583,#6584));
#1337=EDGE_LOOP('',(#6585,#6586,#6587,#6588));
#1338=EDGE_LOOP('',(#6589,#6590,#6591,#6592));
#1339=EDGE_LOOP('',(#6593,#6594,#6595,#6596));
#1340=EDGE_LOOP('',(#6597,#6598,#6599,#6600));
#1341=EDGE_LOOP('',(#6601,#6602,#6603,#6604));
#1342=EDGE_LOOP('',(#6605,#6606,#6607,#6608));
#1343=EDGE_LOOP('',(#6609,#6610,#6611,#6612));
#1344=EDGE_LOOP('',(#6613,#6614,#6615,#6616));
#1345=EDGE_LOOP('',(#6617,#6618,#6619,#6620));
#1346=EDGE_LOOP('',(#6621,#6622,#6623,#6624));
#1347=EDGE_LOOP('',(#6625,#6626,#6627,#6628));
#1348=EDGE_LOOP('',(#6629,#6630,#6631,#6632));
#1349=EDGE_LOOP('',(#6633,#6634,#6635,#6636));
#1350=EDGE_LOOP('',(#6637,#6638,#6639,#6640));
#1351=EDGE_LOOP('',(#6641,#6642,#6643,#6644));
#1352=EDGE_LOOP('',(#6645,#6646,#6647,#6648));
#1353=EDGE_LOOP('',(#6649,#6650,#6651,#6652));
#1354=EDGE_LOOP('',(#6653,#6654,#6655,#6656));
#1355=EDGE_LOOP('',(#6657,#6658,#6659,#6660));
#1356=EDGE_LOOP('',(#6661,#6662,#6663,#6664));
#1357=EDGE_LOOP('',(#6665,#6666,#6667,#6668));
#1358=EDGE_LOOP('',(#6669,#6670,#6671,#6672));
#1359=EDGE_LOOP('',(#6673,#6674,#6675,#6676));
#1360=EDGE_LOOP('',(#6677,#6678,#6679,#6680));
#1361=EDGE_LOOP('',(#6681,#6682,#6683,#6684));
#1362=EDGE_LOOP('',(#6685,#6686,#6687,#6688));
#1363=EDGE_LOOP('',(#6689,#6690,#6691,#6692));
#1364=EDGE_LOOP('',(#6693,#6694,#6695,#6696));
#1365=EDGE_LOOP('',(#6697,#6698,#6699,#6700));
#1366=EDGE_LOOP('',(#6701,#6702,#6703,#6704));
#1367=EDGE_LOOP('',(#6705,#6706,#6707,#6708));
#1368=EDGE_LOOP('',(#6709,#6710,#6711,#6712));
#1369=EDGE_LOOP('',(#6713,#6714,#6715,#6716));
#1370=EDGE_LOOP('',(#6717,#6718,#6719,#6720));
#1371=EDGE_LOOP('',(#6721,#6722,#6723,#6724));
#1372=EDGE_LOOP('',(#6725,#6726,#6727,#6728));
#1373=EDGE_LOOP('',(#6729,#6730,#6731,#6732));
#1374=EDGE_LOOP('',(#6733,#6734,#6735,#6736));
#1375=EDGE_LOOP('',(#6737,#6738,#6739,#6740));
#1376=EDGE_LOOP('',(#6741,#6742,#6743,#6744));
#1377=EDGE_LOOP('',(#6745,#6746,#6747,#6748));
#1378=EDGE_LOOP('',(#6749,#6750,#6751,#6752));
#1379=EDGE_LOOP('',(#6753,#6754,#6755,#6756));
#1380=EDGE_LOOP('',(#6757,#6758,#6759,#6760));
#1381=EDGE_LOOP('',(#6761,#6762,#6763,#6764));
#1382=EDGE_LOOP('',(#6765,#6766,#6767,#6768));
#1383=EDGE_LOOP('',(#6769,#6770,#6771,#6772));
#1384=EDGE_LOOP('',(#6773,#6774,#6775,#6776));
#1385=EDGE_LOOP('',(#6777,#6778,#6779,#6780));
#1386=EDGE_LOOP('',(#6781,#6782,#6783,#6784));
#1387=EDGE_LOOP('',(#6785,#6786,#6787,#6788));
#1388=EDGE_LOOP('',(#6789,#6790,#6791,#6792));
#1389=EDGE_LOOP('',(#6793,#6794,#6795,#6796));
#1390=EDGE_LOOP('',(#6797,#6798,#6799,#6800));
#1391=EDGE_LOOP('',(#6801,#6802,#6803,#6804));
#1392=EDGE_LOOP('',(#6805,#6806,#6807,#6808));
#1393=EDGE_LOOP('',(#6809,#6810,#6811,#6812));
#1394=EDGE_LOOP('',(#6813,#6814,#6815,#6816));
#1395=EDGE_LOOP('',(#6817,#6818,#6819,#6820));
#1396=EDGE_LOOP('',(#6821,#6822,#6823,#6824));
#1397=EDGE_LOOP('',(#6825,#6826,#6827,#6828));
#1398=EDGE_LOOP('',(#6829,#6830,#6831,#6832));
#1399=EDGE_LOOP('',(#6833,#6834,#6835,#6836));
#1400=EDGE_LOOP('',(#6837,#6838,#6839,#6840));
#1401=EDGE_LOOP('',(#6841,#6842,#6843,#6844));
#1402=EDGE_LOOP('',(#6845,#6846,#6847,#6848));
#1403=EDGE_LOOP('',(#6849,#6850,#6851,#6852));
#1404=EDGE_LOOP('',(#6853,#6854,#6855,#6856));
#1405=EDGE_LOOP('',(#6857,#6858,#6859,#6860));
#1406=EDGE_LOOP('',(#6861,#6862,#6863,#6864));
#1407=EDGE_LOOP('',(#6865,#6866,#6867,#6868));
#1408=EDGE_LOOP('',(#6869,#6870,#6871,#6872));
#1409=EDGE_LOOP('',(#6873,#6874,#6875,#6876));
#1410=EDGE_LOOP('',(#6877,#6878,#6879,#6880));
#1411=EDGE_LOOP('',(#6881,#6882,#6883,#6884));
#1412=EDGE_LOOP('',(#6885,#6886,#6887,#6888));
#1413=EDGE_LOOP('',(#6889,#6890,#6891,#6892));
#1414=EDGE_LOOP('',(#6893,#6894,#6895,#6896));
#1415=EDGE_LOOP('',(#6897,#6898,#6899,#6900));
#1416=EDGE_LOOP('',(#6901,#6902,#6903,#6904));
#1417=EDGE_LOOP('',(#6905,#6906,#6907,#6908));
#1418=EDGE_LOOP('',(#6909,#6910,#6911,#6912));
#1419=EDGE_LOOP('',(#6913,#6914,#6915,#6916));
#1420=EDGE_LOOP('',(#6917,#6918,#6919,#6920));
#1421=EDGE_LOOP('',(#6921,#6922,#6923,#6924));
#1422=EDGE_LOOP('',(#6925,#6926,#6927,#6928));
#1423=EDGE_LOOP('',(#6929,#6930,#6931,#6932));
#1424=EDGE_LOOP('',(#6933,#6934,#6935,#6936));
#1425=EDGE_LOOP('',(#6937,#6938,#6939,#6940));
#1426=EDGE_LOOP('',(#6941,#6942,#6943,#6944));
#1427=EDGE_LOOP('',(#6945,#6946,#6947,#6948));
#1428=EDGE_LOOP('',(#6949,#6950,#6951,#6952));
#1429=EDGE_LOOP('',(#6953,#6954,#6955,#6956));
#1430=EDGE_LOOP('',(#6957,#6958,#6959,#6960));
#1431=EDGE_LOOP('',(#6961,#6962,#6963,#6964));
#1432=EDGE_LOOP('',(#6965,#6966,#6967,#6968));
#1433=EDGE_LOOP('',(#6969,#6970,#6971,#6972));
#1434=EDGE_LOOP('',(#6973,#6974,#6975,#6976));
#1435=EDGE_LOOP('',(#6977,#6978,#6979,#6980));
#1436=EDGE_LOOP('',(#6981,#6982,#6983,#6984));
#1437=EDGE_LOOP('',(#6985,#6986,#6987,#6988));
#1438=EDGE_LOOP('',(#6989,#6990,#6991,#6992));
#1439=EDGE_LOOP('',(#6993,#6994,#6995,#6996));
#1440=EDGE_LOOP('',(#6997,#6998,#6999,#7000));
#1441=EDGE_LOOP('',(#7001,#7002,#7003,#7004));
#1442=EDGE_LOOP('',(#7005,#7006,#7007,#7008));
#1443=EDGE_LOOP('',(#7009,#7010,#7011,#7012));
#1444=EDGE_LOOP('',(#7013,#7014,#7015,#7016));
#1445=EDGE_LOOP('',(#7017,#7018,#7019,#7020));
#1446=EDGE_LOOP('',(#7021,#7022,#7023,#7024));
#1447=EDGE_LOOP('',(#7025,#7026,#7027,#7028));
#1448=EDGE_LOOP('',(#7029,#7030,#7031,#7032));
#1449=EDGE_LOOP('',(#7033,#7034,#7035,#7036));
#1450=EDGE_LOOP('',(#7037,#7038,#7039,#7040));
#1451=EDGE_LOOP('',(#7041,#7042,#7043,#7044));
#1452=EDGE_LOOP('',(#7045,#7046,#7047,#7048));
#1453=EDGE_LOOP('',(#7049,#7050,#7051,#7052));
#1454=EDGE_LOOP('',(#7053,#7054,#7055,#7056));
#1455=EDGE_LOOP('',(#7057,#7058,#7059,#7060));
#1456=EDGE_LOOP('',(#7061,#7062,#7063,#7064));
#1457=EDGE_LOOP('',(#7065,#7066,#7067,#7068));
#1458=EDGE_LOOP('',(#7069,#7070,#7071,#7072));
#1459=EDGE_LOOP('',(#7073,#7074,#7075,#7076));
#1460=EDGE_LOOP('',(#7077,#7078,#7079,#7080));
#1461=EDGE_LOOP('',(#7081,#7082,#7083,#7084));
#1462=EDGE_LOOP('',(#7085,#7086,#7087,#7088));
#1463=EDGE_LOOP('',(#7089,#7090,#7091,#7092));
#1464=EDGE_LOOP('',(#7093,#7094,#7095,#7096));
#1465=EDGE_LOOP('',(#7097,#7098,#7099,#7100));
#1466=EDGE_LOOP('',(#7101,#7102,#7103,#7104));
#1467=EDGE_LOOP('',(#7105,#7106,#7107,#7108));
#1468=EDGE_LOOP('',(#7109,#7110,#7111,#7112));
#1469=EDGE_LOOP('',(#7113,#7114,#7115,#7116));
#1470=EDGE_LOOP('',(#7117,#7118,#7119,#7120));
#1471=EDGE_LOOP('',(#7121,#7122,#7123,#7124));
#1472=EDGE_LOOP('',(#7125,#7126,#7127,#7128));
#1473=EDGE_LOOP('',(#7129,#7130,#7131,#7132));
#1474=EDGE_LOOP('',(#7133,#7134,#7135,#7136));
#1475=EDGE_LOOP('',(#7137,#7138,#7139,#7140));
#1476=EDGE_LOOP('',(#7141,#7142,#7143,#7144));
#1477=EDGE_LOOP('',(#7145,#7146,#7147,#7148));
#1478=EDGE_LOOP('',(#7149,#7150,#7151,#7152));
#1479=EDGE_LOOP('',(#7153,#7154,#7155,#7156));
#1480=EDGE_LOOP('',(#7157,#7158,#7159,#7160));
#1481=EDGE_LOOP('',(#7161,#7162,#7163,#7164));
#1482=EDGE_LOOP('',(#7165,#7166,#7167,#7168));
#1483=EDGE_LOOP('',(#7169,#7170,#7171,#7172));
#1484=EDGE_LOOP('',(#7173,#7174,#7175,#7176));
#1485=EDGE_LOOP('',(#7177,#7178,#7179,#7180));
#1486=EDGE_LOOP('',(#7181,#7182,#7183,#7184));
#1487=EDGE_LOOP('',(#7185,#7186,#7187,#7188));
#1488=EDGE_LOOP('',(#7189,#7190,#7191,#7192));
#1489=EDGE_LOOP('',(#7193,#7194,#7195,#7196));
#1490=EDGE_LOOP('',(#7197,#7198,#7199,#7200));
#1491=EDGE_LOOP('',(#7201,#7202,#7203,#7204));
#1492=EDGE_LOOP('',(#7205,#7206,#7207,#7208));
#1493=EDGE_LOOP('',(#7209,#7210,#7211,#7212));
#1494=EDGE_LOOP('',(#7213,#7214,#7215,#7216));
#1495=EDGE_LOOP('',(#7217,#7218,#7219,#7220));
#1496=EDGE_LOOP('',(#7221,#7222,#7223,#7224));
#1497=EDGE_LOOP('',(#7225,#7226,#7227,#7228));
#1498=EDGE_LOOP('',(#7229,#7230,#7231,#7232));
#1499=EDGE_LOOP('',(#7233,#7234,#7235,#7236));
#1500=EDGE_LOOP('',(#7237,#7238,#7239,#7240));
#1501=EDGE_LOOP('',(#7241,#7242,#7243,#7244));
#1502=EDGE_LOOP('',(#7245,#7246,#7247,#7248));
#1503=EDGE_LOOP('',(#7249,#7250,#7251,#7252));
#1504=EDGE_LOOP('',(#7253,#7254,#7255,#7256));
#1505=EDGE_LOOP('',(#7257,#7258,#7259,#7260));
#1506=EDGE_LOOP('',(#7261,#7262,#7263,#7264));
#1507=EDGE_LOOP('',(#7265,#7266,#7267,#7268));
#1508=EDGE_LOOP('',(#7269,#7270,#7271,#7272));
#1509=EDGE_LOOP('',(#7273,#7274,#7275,#7276));
#1510=EDGE_LOOP('',(#7277,#7278,#7279,#7280));
#1511=EDGE_LOOP('',(#7281,#7282,#7283,#7284));
#1512=EDGE_LOOP('',(#7285,#7286,#7287,#7288));
#1513=EDGE_LOOP('',(#7289,#7290,#7291,#7292));
#1514=EDGE_LOOP('',(#7293,#7294,#7295,#7296));
#1515=EDGE_LOOP('',(#7297,#7298,#7299,#7300));
#1516=EDGE_LOOP('',(#7301,#7302,#7303,#7304));
#1517=EDGE_LOOP('',(#7305,#7306,#7307,#7308));
#1518=EDGE_LOOP('',(#7309,#7310,#7311,#7312));
#1519=EDGE_LOOP('',(#7313,#7314,#7315,#7316));
#1520=EDGE_LOOP('',(#7317,#7318,#7319,#7320));
#1521=EDGE_LOOP('',(#7321,#7322,#7323,#7324));
#1522=EDGE_LOOP('',(#7325,#7326,#7327,#7328));
#1523=EDGE_LOOP('',(#7329,#7330,#7331,#7332));
#1524=EDGE_LOOP('',(#7333,#7334,#7335,#7336));
#1525=EDGE_LOOP('',(#7337,#7338,#7339,#7340));
#1526=EDGE_LOOP('',(#7341,#7342,#7343,#7344));
#1527=EDGE_LOOP('',(#7345,#7346,#7347,#7348));
#1528=EDGE_LOOP('',(#7349,#7350,#7351,#7352));
#1529=EDGE_LOOP('',(#7353,#7354,#7355,#7356));
#1530=EDGE_LOOP('',(#7357,#7358,#7359,#7360));
#1531=EDGE_LOOP('',(#7361,#7362,#7363,#7364));
#1532=EDGE_LOOP('',(#7365,#7366,#7367,#7368));
#1533=EDGE_LOOP('',(#7369,#7370,#7371,#7372));
#1534=EDGE_LOOP('',(#7373,#7374,#7375,#7376));
#1535=EDGE_LOOP('',(#7377,#7378,#7379,#7380));
#1536=EDGE_LOOP('',(#7381,#7382,#7383,#7384));
#1537=EDGE_LOOP('',(#7385,#7386,#7387,#7388));
#1538=EDGE_LOOP('',(#7389,#7390,#7391,#7392));
#1539=EDGE_LOOP('',(#7393,#7394,#7395,#7396));
#1540=EDGE_LOOP('',(#7397,#7398,#7399,#7400));
#1541=EDGE_LOOP('',(#7401,#7402,#7403,#7404));
#1542=EDGE_LOOP('',(#7405,#7406,#7407,#7408));
#1543=EDGE_LOOP('',(#7409,#7410,#7411,#7412));
#1544=EDGE_LOOP('',(#7413,#7414,#7415,#7416));
#1545=EDGE_LOOP('',(#7417,#7418,#7419,#7420));
#1546=EDGE_LOOP('',(#7421,#7422,#7423,#7424));
#1547=EDGE_LOOP('',(#7425,#7426,#7427,#7428));
#1548=EDGE_LOOP('',(#7429,#7430,#7431,#7432));
#1549=EDGE_LOOP('',(#7433,#7434,#7435,#7436));
#1550=EDGE_LOOP('',(#7437,#7438,#7439,#7440));
#1551=EDGE_LOOP('',(#7441,#7442,#7443,#7444));
#1552=EDGE_LOOP('',(#7445,#7446,#7447,#7448));
#1553=EDGE_LOOP('',(#7449,#7450,#7451,#7452));
#1554=EDGE_LOOP('',(#7453,#7454,#7455,#7456));
#1555=EDGE_LOOP('',(#7457,#7458,#7459,#7460));
#1556=EDGE_LOOP('',(#7461,#7462,#7463,#7464));
#1557=EDGE_LOOP('',(#7465,#7466,#7467,#7468));
#1558=EDGE_LOOP('',(#7469,#7470,#7471,#7472));
#1559=EDGE_LOOP('',(#7473,#7474,#7475,#7476));
#1560=EDGE_LOOP('',(#7477,#7478,#7479,#7480));
#1561=EDGE_LOOP('',(#7481,#7482,#7483,#7484));
#1562=EDGE_LOOP('',(#7485,#7486,#7487,#7488));
#1563=EDGE_LOOP('',(#7489,#7490,#7491,#7492));
#1564=EDGE_LOOP('',(#7493,#7494,#7495,#7496));
#1565=EDGE_LOOP('',(#7497,#7498,#7499,#7500,#7501,#7502,#7503,#7504,#7505,
#7506,#7507,#7508,#7509,#7510,#7511,#7512,#7513,#7514,#7515,#7516,#7517,
#7518,#7519,#7520,#7521,#7522,#7523,#7524,#7525,#7526,#7527,#7528,#7529,
#7530,#7531,#7532,#7533,#7534,#7535,#7536,#7537,#7538,#7539,#7540,#7541,
#7542,#7543,#7544,#7545,#7546,#7547,#7548,#7549,#7550,#7551,#7552,#7553,
#7554,#7555,#7556,#7557,#7558,#7559,#7560,#7561,#7562,#7563,#7564,#7565,
#7566,#7567,#7568,#7569,#7570,#7571));
#1566=EDGE_LOOP('',(#7572,#7573,#7574,#7575,#7576,#7577,#7578,#7579,#7580,
#7581,#7582,#7583,#7584,#7585,#7586,#7587,#7588,#7589,#7590,#7591,#7592,
#7593,#7594,#7595,#7596,#7597,#7598,#7599,#7600,#7601,#7602,#7603,#7604,
#7605,#7606,#7607,#7608,#7609,#7610,#7611,#7612,#7613,#7614,#7615,#7616,
#7617,#7618,#7619,#7620,#7621,#7622,#7623,#7624,#7625,#7626,#7627,#7628,
#7629,#7630,#7631,#7632,#7633,#7634,#7635));
#1567=EDGE_LOOP('',(#7636,#7637,#7638,#7639,#7640,#7641,#7642,#7643));
#1568=EDGE_LOOP('',(#7644,#7645,#7646,#7647,#7648,#7649,#7650,#7651));
#1569=EDGE_LOOP('',(#7652,#7653,#7654,#7655,#7656,#7657,#7658,#7659));
#1570=EDGE_LOOP('',(#7660,#7661,#7662,#7663,#7664,#7665,#7666,#7667));
#1571=EDGE_LOOP('',(#7668,#7669,#7670,#7671,#7672,#7673,#7674,#7675));
#1572=EDGE_LOOP('',(#7676,#7677,#7678,#7679,#7680,#7681,#7682,#7683));
#1573=EDGE_LOOP('',(#7684,#7685,#7686,#7687,#7688,#7689,#7690,#7691));
#1574=EDGE_LOOP('',(#7692,#7693,#7694,#7695,#7696,#7697,#7698,#7699));
#1575=EDGE_LOOP('',(#7700,#7701,#7702,#7703,#7704,#7705,#7706,#7707));
#1576=EDGE_LOOP('',(#7708,#7709,#7710,#7711,#7712,#7713,#7714,#7715));
#1577=EDGE_LOOP('',(#7716,#7717,#7718,#7719,#7720,#7721,#7722,#7723));
#1578=EDGE_LOOP('',(#7724,#7725,#7726,#7727,#7728,#7729,#7730,#7731));
#1579=EDGE_LOOP('',(#7732,#7733,#7734,#7735,#7736,#7737,#7738,#7739));
#1580=EDGE_LOOP('',(#7740,#7741,#7742,#7743,#7744,#7745,#7746,#7747));
#1581=EDGE_LOOP('',(#7748,#7749,#7750,#7751,#7752,#7753,#7754,#7755));
#1582=EDGE_LOOP('',(#7756,#7757,#7758,#7759,#7760,#7761,#7762,#7763));
#1583=EDGE_LOOP('',(#7764,#7765,#7766,#7767,#7768,#7769,#7770,#7771));
#1584=EDGE_LOOP('',(#7772,#7773,#7774,#7775,#7776,#7777,#7778,#7779));
#1585=EDGE_LOOP('',(#7780,#7781,#7782,#7783,#7784,#7785,#7786,#7787));
#1586=EDGE_LOOP('',(#7788,#7789,#7790,#7791,#7792,#7793,#7794,#7795));
#1587=EDGE_LOOP('',(#7796,#7797,#7798,#7799,#7800,#7801,#7802,#7803));
#1588=EDGE_LOOP('',(#7804,#7805,#7806,#7807,#7808,#7809,#7810,#7811));
#1589=EDGE_LOOP('',(#7812,#7813,#7814,#7815,#7816,#7817,#7818,#7819));
#1590=EDGE_LOOP('',(#7820,#7821,#7822,#7823,#7824,#7825,#7826,#7827));
#1591=EDGE_LOOP('',(#7828,#7829,#7830,#7831,#7832,#7833,#7834,#7835));
#1592=EDGE_LOOP('',(#7836,#7837,#7838,#7839,#7840,#7841,#7842,#7843));
#1593=EDGE_LOOP('',(#7844,#7845,#7846,#7847,#7848,#7849,#7850,#7851));
#1594=EDGE_LOOP('',(#7852,#7853,#7854,#7855,#7856,#7857,#7858,#7859));
#1595=EDGE_LOOP('',(#7860,#7861,#7862,#7863,#7864,#7865,#7866,#7867));
#1596=EDGE_LOOP('',(#7868,#7869,#7870,#7871,#7872,#7873,#7874,#7875));
#1597=EDGE_LOOP('',(#7876,#7877,#7878,#7879,#7880,#7881,#7882,#7883));
#1598=EDGE_LOOP('',(#7884,#7885,#7886,#7887,#7888,#7889,#7890,#7891));
#1599=EDGE_LOOP('',(#7892,#7893,#7894,#7895,#7896,#7897,#7898,#7899));
#1600=EDGE_LOOP('',(#7900,#7901,#7902,#7903,#7904,#7905,#7906,#7907));
#1601=EDGE_LOOP('',(#7908,#7909,#7910,#7911,#7912,#7913,#7914,#7915));
#1602=EDGE_LOOP('',(#7916,#7917,#7918,#7919,#7920,#7921,#7922,#7923));
#1603=EDGE_LOOP('',(#7924,#7925,#7926,#7927,#7928,#7929,#7930,#7931));
#1604=EDGE_LOOP('',(#7932,#7933,#7934,#7935));
#1605=EDGE_LOOP('',(#7936,#7937,#7938,#7939));
#1606=EDGE_LOOP('',(#7940,#7941,#7942,#7943));
#1607=EDGE_LOOP('',(#7944,#7945,#7946,#7947));
#1608=EDGE_LOOP('',(#7948,#7949,#7950,#7951));
#1609=EDGE_LOOP('',(#7952,#7953,#7954,#7955));
#1610=EDGE_LOOP('',(#7956,#7957,#7958,#7959));
#1611=EDGE_LOOP('',(#7960,#7961,#7962,#7963));
#1612=EDGE_LOOP('',(#7964,#7965,#7966,#7967));
#1613=EDGE_LOOP('',(#7968,#7969,#7970,#7971));
#1614=EDGE_LOOP('',(#7972,#7973,#7974,#7975));
#1615=EDGE_LOOP('',(#7976,#7977,#7978,#7979));
#1616=EDGE_LOOP('',(#7980,#7981,#7982,#7983));
#1617=EDGE_LOOP('',(#7984,#7985,#7986,#7987));
#1618=EDGE_LOOP('',(#7988,#7989,#7990,#7991));
#1619=EDGE_LOOP('',(#7992,#7993,#7994,#7995));
#1620=EDGE_LOOP('',(#7996,#7997,#7998,#7999));
#1621=EDGE_LOOP('',(#8000,#8001,#8002,#8003));
#1622=EDGE_LOOP('',(#8004,#8005,#8006,#8007));
#1623=EDGE_LOOP('',(#8008,#8009,#8010,#8011));
#1624=EDGE_LOOP('',(#8012,#8013,#8014,#8015));
#1625=EDGE_LOOP('',(#8016,#8017,#8018,#8019));
#1626=EDGE_LOOP('',(#8020,#8021,#8022,#8023));
#1627=EDGE_LOOP('',(#8024,#8025,#8026,#8027));
#1628=EDGE_LOOP('',(#8028,#8029,#8030,#8031));
#1629=EDGE_LOOP('',(#8032,#8033,#8034,#8035));
#1630=EDGE_LOOP('',(#8036,#8037,#8038,#8039));
#1631=EDGE_LOOP('',(#8040,#8041,#8042,#8043));
#1632=EDGE_LOOP('',(#8044,#8045,#8046,#8047));
#1633=EDGE_LOOP('',(#8048,#8049,#8050,#8051));
#1634=EDGE_LOOP('',(#8052,#8053,#8054,#8055));
#1635=EDGE_LOOP('',(#8056,#8057,#8058,#8059));
#1636=EDGE_LOOP('',(#8060,#8061,#8062,#8063));
#1637=EDGE_LOOP('',(#8064,#8065,#8066,#8067));
#1638=EDGE_LOOP('',(#8068,#8069,#8070,#8071));
#1639=EDGE_LOOP('',(#8072,#8073,#8074,#8075));
#1640=EDGE_LOOP('',(#8076,#8077,#8078,#8079));
#1641=EDGE_LOOP('',(#8080,#8081,#8082,#8083));
#1642=EDGE_LOOP('',(#8084,#8085,#8086,#8087));
#1643=EDGE_LOOP('',(#8088,#8089,#8090,#8091));
#1644=EDGE_LOOP('',(#8092,#8093,#8094,#8095));
#1645=EDGE_LOOP('',(#8096,#8097,#8098,#8099));
#1646=EDGE_LOOP('',(#8100,#8101,#8102,#8103));
#1647=EDGE_LOOP('',(#8104,#8105,#8106,#8107));
#1648=EDGE_LOOP('',(#8108,#8109,#8110,#8111));
#1649=EDGE_LOOP('',(#8112,#8113,#8114,#8115));
#1650=EDGE_LOOP('',(#8116,#8117,#8118,#8119));
#1651=EDGE_LOOP('',(#8120,#8121,#8122,#8123));
#1652=EDGE_LOOP('',(#8124,#8125,#8126,#8127));
#1653=EDGE_LOOP('',(#8128,#8129,#8130,#8131));
#1654=EDGE_LOOP('',(#8132,#8133,#8134,#8135));
#1655=EDGE_LOOP('',(#8136,#8137,#8138,#8139));
#1656=EDGE_LOOP('',(#8140,#8141,#8142,#8143));
#1657=EDGE_LOOP('',(#8144,#8145,#8146,#8147));
#1658=EDGE_LOOP('',(#8148,#8149,#8150,#8151));
#1659=EDGE_LOOP('',(#8152,#8153,#8154,#8155));
#1660=EDGE_LOOP('',(#8156,#8157,#8158,#8159));
#1661=EDGE_LOOP('',(#8160,#8161,#8162,#8163));
#1662=EDGE_LOOP('',(#8164,#8165,#8166,#8167));
#1663=EDGE_LOOP('',(#8168,#8169,#8170,#8171));
#1664=EDGE_LOOP('',(#8172,#8173,#8174,#8175));
#1665=EDGE_LOOP('',(#8176,#8177,#8178,#8179));
#1666=EDGE_LOOP('',(#8180,#8181,#8182,#8183));
#1667=EDGE_LOOP('',(#8184,#8185,#8186,#8187));
#1668=EDGE_LOOP('',(#8188,#8189,#8190,#8191));
#1669=EDGE_LOOP('',(#8192,#8193,#8194,#8195));
#1670=EDGE_LOOP('',(#8196,#8197,#8198,#8199));
#1671=EDGE_LOOP('',(#8200,#8201,#8202,#8203));
#1672=EDGE_LOOP('',(#8204,#8205,#8206,#8207));
#1673=EDGE_LOOP('',(#8208,#8209,#8210,#8211));
#1674=EDGE_LOOP('',(#8212,#8213,#8214,#8215));
#1675=EDGE_LOOP('',(#8216,#8217,#8218,#8219));
#1676=EDGE_LOOP('',(#8220,#8221,#8222,#8223));
#1677=LINE('',#12370,#2558);
#1678=LINE('',#12372,#2559);
#1679=LINE('',#12374,#2560);
#1680=LINE('',#12375,#2561);
#1681=LINE('',#12380,#2562);
#1682=LINE('',#12384,#2563);
#1683=LINE('',#12386,#2564);
#1684=LINE('',#12387,#2565);
#1685=LINE('',#12392,#2566);
#1686=LINE('',#12396,#2567);
#1687=LINE('',#12398,#2568);
#1688=LINE('',#12399,#2569);
#1689=LINE('',#12403,#2570);
#1690=LINE('',#12405,#2571);
#1691=LINE('',#12407,#2572);
#1692=LINE('',#12408,#2573);
#1693=LINE('',#12413,#2574);
#1694=LINE('',#12417,#2575);
#1695=LINE('',#12419,#2576);
#1696=LINE('',#12420,#2577);
#1697=LINE('',#12425,#2578);
#1698=LINE('',#12429,#2579);
#1699=LINE('',#12431,#2580);
#1700=LINE('',#12432,#2581);
#1701=LINE('',#12436,#2582);
#1702=LINE('',#12438,#2583);
#1703=LINE('',#12440,#2584);
#1704=LINE('',#12441,#2585);
#1705=LINE('',#12445,#2586);
#1706=LINE('',#12449,#2587);
#1707=LINE('',#12453,#2588);
#1708=LINE('',#12457,#2589);
#1709=LINE('',#12461,#2590);
#1710=LINE('',#12465,#2591);
#1711=LINE('',#12469,#2592);
#1712=LINE('',#12473,#2593);
#1713=LINE('',#12477,#2594);
#1714=LINE('',#12481,#2595);
#1715=LINE('',#12485,#2596);
#1716=LINE('',#12489,#2597);
#1717=LINE('',#12493,#2598);
#1718=LINE('',#12497,#2599);
#1719=LINE('',#12501,#2600);
#1720=LINE('',#12505,#2601);
#1721=LINE('',#12509,#2602);
#1722=LINE('',#12513,#2603);
#1723=LINE('',#12517,#2604);
#1724=LINE('',#12521,#2605);
#1725=LINE('',#12525,#2606);
#1726=LINE('',#12529,#2607);
#1727=LINE('',#12533,#2608);
#1728=LINE('',#12537,#2609);
#1729=LINE('',#12541,#2610);
#1730=LINE('',#12545,#2611);
#1731=LINE('',#12549,#2612);
#1732=LINE('',#12553,#2613);
#1733=LINE('',#12557,#2614);
#1734=LINE('',#12561,#2615);
#1735=LINE('',#12565,#2616);
#1736=LINE('',#12569,#2617);
#1737=LINE('',#12573,#2618);
#1738=LINE('',#12577,#2619);
#1739=LINE('',#12581,#2620);
#1740=LINE('',#12585,#2621);
#1741=LINE('',#12589,#2622);
#1742=LINE('',#12591,#2623);
#1743=LINE('',#12592,#2624);
#1744=LINE('',#12595,#2625);
#1745=LINE('',#12599,#2626);
#1746=LINE('',#12603,#2627);
#1747=LINE('',#12607,#2628);
#1748=LINE('',#12611,#2629);
#1749=LINE('',#12615,#2630);
#1750=LINE('',#12619,#2631);
#1751=LINE('',#12623,#2632);
#1752=LINE('',#12627,#2633);
#1753=LINE('',#12631,#2634);
#1754=LINE('',#12635,#2635);
#1755=LINE('',#12639,#2636);
#1756=LINE('',#12643,#2637);
#1757=LINE('',#12647,#2638);
#1758=LINE('',#12651,#2639);
#1759=LINE('',#12655,#2640);
#1760=LINE('',#12659,#2641);
#1761=LINE('',#12663,#2642);
#1762=LINE('',#12667,#2643);
#1763=LINE('',#12671,#2644);
#1764=LINE('',#12675,#2645);
#1765=LINE('',#12679,#2646);
#1766=LINE('',#12683,#2647);
#1767=LINE('',#12687,#2648);
#1768=LINE('',#12691,#2649);
#1769=LINE('',#12695,#2650);
#1770=LINE('',#12699,#2651);
#1771=LINE('',#12703,#2652);
#1772=LINE('',#12707,#2653);
#1773=LINE('',#12711,#2654);
#1774=LINE('',#12715,#2655);
#1775=LINE('',#12719,#2656);
#1776=LINE('',#12723,#2657);
#1777=LINE('',#12727,#2658);
#1778=LINE('',#12731,#2659);
#1779=LINE('',#12735,#2660);
#1780=LINE('',#12739,#2661);
#1781=LINE('',#12743,#2662);
#1782=LINE('',#12747,#2663);
#1783=LINE('',#12751,#2664);
#1784=LINE('',#12755,#2665);
#1785=LINE('',#12759,#2666);
#1786=LINE('',#12763,#2667);
#1787=LINE('',#12767,#2668);
#1788=LINE('',#12771,#2669);
#1789=LINE('',#12775,#2670);
#1790=LINE('',#12779,#2671);
#1791=LINE('',#12783,#2672);
#1792=LINE('',#12787,#2673);
#1793=LINE('',#12791,#2674);
#1794=LINE('',#12795,#2675);
#1795=LINE('',#12799,#2676);
#1796=LINE('',#12803,#2677);
#1797=LINE('',#12807,#2678);
#1798=LINE('',#12811,#2679);
#1799=LINE('',#12815,#2680);
#1800=LINE('',#12819,#2681);
#1801=LINE('',#12823,#2682);
#1802=LINE('',#12827,#2683);
#1803=LINE('',#12831,#2684);
#1804=LINE('',#12835,#2685);
#1805=LINE('',#12839,#2686);
#1806=LINE('',#12843,#2687);
#1807=LINE('',#12847,#2688);
#1808=LINE('',#12851,#2689);
#1809=LINE('',#12855,#2690);
#1810=LINE('',#12859,#2691);
#1811=LINE('',#12863,#2692);
#1812=LINE('',#12867,#2693);
#1813=LINE('',#12871,#2694);
#1814=LINE('',#12875,#2695);
#1815=LINE('',#12879,#2696);
#1816=LINE('',#12883,#2697);
#1817=LINE('',#12887,#2698);
#1818=LINE('',#12891,#2699);
#1819=LINE('',#12895,#2700);
#1820=LINE('',#12899,#2701);
#1821=LINE('',#12903,#2702);
#1822=LINE('',#12907,#2703);
#1823=LINE('',#12911,#2704);
#1824=LINE('',#12915,#2705);
#1825=LINE('',#12919,#2706);
#1826=LINE('',#12923,#2707);
#1827=LINE('',#12927,#2708);
#1828=LINE('',#12931,#2709);
#1829=LINE('',#12935,#2710);
#1830=LINE('',#12939,#2711);
#1831=LINE('',#12943,#2712);
#1832=LINE('',#12947,#2713);
#1833=LINE('',#12951,#2714);
#1834=LINE('',#12955,#2715);
#1835=LINE('',#12959,#2716);
#1836=LINE('',#12963,#2717);
#1837=LINE('',#12967,#2718);
#1838=LINE('',#12971,#2719);
#1839=LINE('',#12975,#2720);
#1840=LINE('',#12979,#2721);
#1841=LINE('',#12983,#2722);
#1842=LINE('',#12987,#2723);
#1843=LINE('',#12991,#2724);
#1844=LINE('',#12995,#2725);
#1845=LINE('',#12999,#2726);
#1846=LINE('',#13003,#2727);
#1847=LINE('',#13007,#2728);
#1848=LINE('',#13011,#2729);
#1849=LINE('',#13015,#2730);
#1850=LINE('',#13019,#2731);
#1851=LINE('',#13023,#2732);
#1852=LINE('',#13027,#2733);
#1853=LINE('',#13031,#2734);
#1854=LINE('',#13035,#2735);
#1855=LINE('',#13039,#2736);
#1856=LINE('',#13043,#2737);
#1857=LINE('',#13047,#2738);
#1858=LINE('',#13051,#2739);
#1859=LINE('',#13055,#2740);
#1860=LINE('',#13059,#2741);
#1861=LINE('',#13063,#2742);
#1862=LINE('',#13067,#2743);
#1863=LINE('',#13071,#2744);
#1864=LINE('',#13075,#2745);
#1865=LINE('',#13079,#2746);
#1866=LINE('',#13083,#2747);
#1867=LINE('',#13087,#2748);
#1868=LINE('',#13091,#2749);
#1869=LINE('',#13095,#2750);
#1870=LINE('',#13099,#2751);
#1871=LINE('',#13103,#2752);
#1872=LINE('',#13107,#2753);
#1873=LINE('',#13111,#2754);
#1874=LINE('',#13115,#2755);
#1875=LINE('',#13119,#2756);
#1876=LINE('',#13123,#2757);
#1877=LINE('',#13127,#2758);
#1878=LINE('',#13131,#2759);
#1879=LINE('',#13135,#2760);
#1880=LINE('',#13139,#2761);
#1881=LINE('',#13143,#2762);
#1882=LINE('',#13147,#2763);
#1883=LINE('',#13151,#2764);
#1884=LINE('',#13155,#2765);
#1885=LINE('',#13159,#2766);
#1886=LINE('',#13163,#2767);
#1887=LINE('',#13167,#2768);
#1888=LINE('',#13171,#2769);
#1889=LINE('',#13175,#2770);
#1890=LINE('',#13179,#2771);
#1891=LINE('',#13183,#2772);
#1892=LINE('',#13190,#2773);
#1893=LINE('',#13194,#2774);
#1894=LINE('',#13197,#2775);
#1895=LINE('',#13201,#2776);
#1896=LINE('',#13205,#2777);
#1897=LINE('',#13207,#2778);
#1898=LINE('',#13211,#2779);
#1899=LINE('',#13215,#2780);
#1900=LINE('',#13220,#2781);
#1901=LINE('',#13224,#2782);
#1902=LINE('',#13228,#2783);
#1903=LINE('',#13230,#2784);
#1904=LINE('',#13234,#2785);
#1905=LINE('',#13236,#2786);
#1906=LINE('',#13240,#2787);
#1907=LINE('',#13244,#2788);
#1908=LINE('',#13248,#2789);
#1909=LINE('',#13250,#2790);
#1910=LINE('',#13254,#2791);
#1911=LINE('',#13258,#2792);
#1912=LINE('',#13260,#2793);
#1913=LINE('',#13264,#2794);
#1914=LINE('',#13268,#2795);
#1915=LINE('',#13272,#2796);
#1916=LINE('',#13274,#2797);
#1917=LINE('',#13278,#2798);
#1918=LINE('',#13280,#2799);
#1919=LINE('',#13284,#2800);
#1920=LINE('',#13287,#2801);
#1921=LINE('',#13290,#2802);
#1922=LINE('',#13292,#2803);
#1923=LINE('',#13293,#2804);
#1924=LINE('',#13296,#2805);
#1925=LINE('',#13300,#2806);
#1926=LINE('',#13302,#2807);
#1927=LINE('',#13303,#2808);
#1928=LINE('',#13306,#2809);
#1929=LINE('',#13307,#2810);
#1930=LINE('',#13310,#2811);
#1931=LINE('',#13314,#2812);
#1932=LINE('',#13315,#2813);
#1933=LINE('',#13319,#2814);
#1934=LINE('',#13322,#2815);
#1935=LINE('',#13323,#2816);
#1936=LINE('',#13327,#2817);
#1937=LINE('',#13330,#2818);
#1938=LINE('',#13331,#2819);
#1939=LINE('',#13336,#2820);
#1940=LINE('',#13337,#2821);
#1941=LINE('',#13341,#2822);
#1942=LINE('',#13344,#2823);
#1943=LINE('',#13345,#2824);
#1944=LINE('',#13349,#2825);
#1945=LINE('',#13352,#2826);
#1946=LINE('',#13353,#2827);
#1947=LINE('',#13356,#2828);
#1948=LINE('',#13357,#2829);
#1949=LINE('',#13361,#2830);
#1950=LINE('',#13364,#2831);
#1951=LINE('',#13365,#2832);
#1952=LINE('',#13368,#2833);
#1953=LINE('',#13369,#2834);
#1954=LINE('',#13373,#2835);
#1955=LINE('',#13376,#2836);
#1956=LINE('',#13377,#2837);
#1957=LINE('',#13381,#2838);
#1958=LINE('',#13384,#2839);
#1959=LINE('',#13385,#2840);
#1960=LINE('',#13389,#2841);
#1961=LINE('',#13392,#2842);
#1962=LINE('',#13393,#2843);
#1963=LINE('',#13397,#2844);
#1964=LINE('',#13400,#2845);
#1965=LINE('',#13401,#2846);
#1966=LINE('',#13405,#2847);
#1967=LINE('',#13408,#2848);
#1968=LINE('',#13409,#2849);
#1969=LINE('',#13413,#2850);
#1970=LINE('',#13416,#2851);
#1971=LINE('',#13417,#2852);
#1972=LINE('',#13420,#2853);
#1973=LINE('',#13421,#2854);
#1974=LINE('',#13425,#2855);
#1975=LINE('',#13428,#2856);
#1976=LINE('',#13429,#2857);
#1977=LINE('',#13432,#2858);
#1978=LINE('',#13433,#2859);
#1979=LINE('',#13437,#2860);
#1980=LINE('',#13440,#2861);
#1981=LINE('',#13441,#2862);
#1982=LINE('',#13445,#2863);
#1983=LINE('',#13448,#2864);
#1984=LINE('',#13449,#2865);
#1985=LINE('',#13454,#2866);
#1986=LINE('',#13455,#2867);
#1987=LINE('',#13459,#2868);
#1988=LINE('',#13462,#2869);
#1989=LINE('',#13463,#2870);
#1990=LINE('',#13468,#2871);
#1991=LINE('',#13469,#2872);
#1992=LINE('',#13473,#2873);
#1993=LINE('',#13474,#2874);
#1994=LINE('',#13475,#2875);
#1995=LINE('',#13479,#2876);
#1996=LINE('',#13482,#2877);
#1997=LINE('',#13483,#2878);
#1998=LINE('',#13487,#2879);
#1999=LINE('',#13490,#2880);
#2000=LINE('',#13491,#2881);
#2001=LINE('',#13495,#2882);
#2002=LINE('',#13498,#2883);
#2003=LINE('',#13499,#2884);
#2004=LINE('',#13505,#2885);
#2005=LINE('',#13506,#2886);
#2006=LINE('',#13507,#2887);
#2007=LINE('',#13511,#2888);
#2008=LINE('',#13514,#2889);
#2009=LINE('',#13515,#2890);
#2010=LINE('',#13519,#2891);
#2011=LINE('',#13522,#2892);
#2012=LINE('',#13523,#2893);
#2013=LINE('',#13527,#2894);
#2014=LINE('',#13530,#2895);
#2015=LINE('',#13531,#2896);
#2016=LINE('',#13537,#2897);
#2017=LINE('',#13538,#2898);
#2018=LINE('',#13539,#2899);
#2019=LINE('',#13543,#2900);
#2020=LINE('',#13546,#2901);
#2021=LINE('',#13547,#2902);
#2022=LINE('',#13551,#2903);
#2023=LINE('',#13554,#2904);
#2024=LINE('',#13555,#2905);
#2025=LINE('',#13559,#2906);
#2026=LINE('',#13562,#2907);
#2027=LINE('',#13563,#2908);
#2028=LINE('',#13569,#2909);
#2029=LINE('',#13570,#2910);
#2030=LINE('',#13571,#2911);
#2031=LINE('',#13575,#2912);
#2032=LINE('',#13578,#2913);
#2033=LINE('',#13579,#2914);
#2034=LINE('',#13583,#2915);
#2035=LINE('',#13586,#2916);
#2036=LINE('',#13587,#2917);
#2037=LINE('',#13591,#2918);
#2038=LINE('',#13594,#2919);
#2039=LINE('',#13595,#2920);
#2040=LINE('',#13601,#2921);
#2041=LINE('',#13602,#2922);
#2042=LINE('',#13603,#2923);
#2043=LINE('',#13607,#2924);
#2044=LINE('',#13610,#2925);
#2045=LINE('',#13611,#2926);
#2046=LINE('',#13615,#2927);
#2047=LINE('',#13618,#2928);
#2048=LINE('',#13619,#2929);
#2049=LINE('',#13623,#2930);
#2050=LINE('',#13626,#2931);
#2051=LINE('',#13627,#2932);
#2052=LINE('',#13633,#2933);
#2053=LINE('',#13634,#2934);
#2054=LINE('',#13635,#2935);
#2055=LINE('',#13639,#2936);
#2056=LINE('',#13642,#2937);
#2057=LINE('',#13643,#2938);
#2058=LINE('',#13647,#2939);
#2059=LINE('',#13650,#2940);
#2060=LINE('',#13651,#2941);
#2061=LINE('',#13655,#2942);
#2062=LINE('',#13658,#2943);
#2063=LINE('',#13659,#2944);
#2064=LINE('',#13665,#2945);
#2065=LINE('',#13666,#2946);
#2066=LINE('',#13667,#2947);
#2067=LINE('',#13671,#2948);
#2068=LINE('',#13674,#2949);
#2069=LINE('',#13675,#2950);
#2070=LINE('',#13679,#2951);
#2071=LINE('',#13682,#2952);
#2072=LINE('',#13683,#2953);
#2073=LINE('',#13687,#2954);
#2074=LINE('',#13690,#2955);
#2075=LINE('',#13691,#2956);
#2076=LINE('',#13697,#2957);
#2077=LINE('',#13698,#2958);
#2078=LINE('',#13699,#2959);
#2079=LINE('',#13703,#2960);
#2080=LINE('',#13706,#2961);
#2081=LINE('',#13707,#2962);
#2082=LINE('',#13711,#2963);
#2083=LINE('',#13714,#2964);
#2084=LINE('',#13715,#2965);
#2085=LINE('',#13719,#2966);
#2086=LINE('',#13722,#2967);
#2087=LINE('',#13723,#2968);
#2088=LINE('',#13729,#2969);
#2089=LINE('',#13730,#2970);
#2090=LINE('',#13731,#2971);
#2091=LINE('',#13735,#2972);
#2092=LINE('',#13738,#2973);
#2093=LINE('',#13739,#2974);
#2094=LINE('',#13743,#2975);
#2095=LINE('',#13746,#2976);
#2096=LINE('',#13747,#2977);
#2097=LINE('',#13751,#2978);
#2098=LINE('',#13754,#2979);
#2099=LINE('',#13755,#2980);
#2100=LINE('',#13761,#2981);
#2101=LINE('',#13764,#2982);
#2102=LINE('',#13765,#2983);
#2103=LINE('',#13770,#2984);
#2104=LINE('',#13771,#2985);
#2105=LINE('',#13775,#2986);
#2106=LINE('',#13778,#2987);
#2107=LINE('',#13779,#2988);
#2108=LINE('',#13785,#2989);
#2109=LINE('',#13786,#2990);
#2110=LINE('',#13787,#2991);
#2111=LINE('',#13791,#2992);
#2112=LINE('',#13794,#2993);
#2113=LINE('',#13795,#2994);
#2114=LINE('',#13799,#2995);
#2115=LINE('',#13802,#2996);
#2116=LINE('',#13803,#2997);
#2117=LINE('',#13807,#2998);
#2118=LINE('',#13810,#2999);
#2119=LINE('',#13811,#3000);
#2120=LINE('',#13817,#3001);
#2121=LINE('',#13818,#3002);
#2122=LINE('',#13819,#3003);
#2123=LINE('',#13823,#3004);
#2124=LINE('',#13826,#3005);
#2125=LINE('',#13827,#3006);
#2126=LINE('',#13831,#3007);
#2127=LINE('',#13834,#3008);
#2128=LINE('',#13835,#3009);
#2129=LINE('',#13839,#3010);
#2130=LINE('',#13842,#3011);
#2131=LINE('',#13843,#3012);
#2132=LINE('',#13849,#3013);
#2133=LINE('',#13850,#3014);
#2134=LINE('',#13851,#3015);
#2135=LINE('',#13855,#3016);
#2136=LINE('',#13858,#3017);
#2137=LINE('',#13859,#3018);
#2138=LINE('',#13863,#3019);
#2139=LINE('',#13866,#3020);
#2140=LINE('',#13867,#3021);
#2141=LINE('',#13871,#3022);
#2142=LINE('',#13874,#3023);
#2143=LINE('',#13875,#3024);
#2144=LINE('',#13881,#3025);
#2145=LINE('',#13882,#3026);
#2146=LINE('',#13883,#3027);
#2147=LINE('',#13887,#3028);
#2148=LINE('',#13890,#3029);
#2149=LINE('',#13891,#3030);
#2150=LINE('',#13895,#3031);
#2151=LINE('',#13898,#3032);
#2152=LINE('',#13899,#3033);
#2153=LINE('',#13903,#3034);
#2154=LINE('',#13906,#3035);
#2155=LINE('',#13907,#3036);
#2156=LINE('',#13913,#3037);
#2157=LINE('',#13914,#3038);
#2158=LINE('',#13915,#3039);
#2159=LINE('',#13919,#3040);
#2160=LINE('',#13922,#3041);
#2161=LINE('',#13923,#3042);
#2162=LINE('',#13927,#3043);
#2163=LINE('',#13930,#3044);
#2164=LINE('',#13931,#3045);
#2165=LINE('',#13935,#3046);
#2166=LINE('',#13938,#3047);
#2167=LINE('',#13939,#3048);
#2168=LINE('',#13945,#3049);
#2169=LINE('',#13946,#3050);
#2170=LINE('',#13947,#3051);
#2171=LINE('',#13951,#3052);
#2172=LINE('',#13954,#3053);
#2173=LINE('',#13955,#3054);
#2174=LINE('',#13959,#3055);
#2175=LINE('',#13962,#3056);
#2176=LINE('',#13963,#3057);
#2177=LINE('',#13967,#3058);
#2178=LINE('',#13970,#3059);
#2179=LINE('',#13971,#3060);
#2180=LINE('',#13977,#3061);
#2181=LINE('',#13978,#3062);
#2182=LINE('',#13979,#3063);
#2183=LINE('',#13983,#3064);
#2184=LINE('',#13986,#3065);
#2185=LINE('',#13987,#3066);
#2186=LINE('',#13991,#3067);
#2187=LINE('',#13994,#3068);
#2188=LINE('',#13995,#3069);
#2189=LINE('',#13999,#3070);
#2190=LINE('',#14002,#3071);
#2191=LINE('',#14003,#3072);
#2192=LINE('',#14009,#3073);
#2193=LINE('',#14010,#3074);
#2194=LINE('',#14011,#3075);
#2195=LINE('',#14015,#3076);
#2196=LINE('',#14018,#3077);
#2197=LINE('',#14019,#3078);
#2198=LINE('',#14023,#3079);
#2199=LINE('',#14026,#3080);
#2200=LINE('',#14027,#3081);
#2201=LINE('',#14031,#3082);
#2202=LINE('',#14034,#3083);
#2203=LINE('',#14035,#3084);
#2204=LINE('',#14041,#3085);
#2205=LINE('',#14042,#3086);
#2206=LINE('',#14043,#3087);
#2207=LINE('',#14047,#3088);
#2208=LINE('',#14050,#3089);
#2209=LINE('',#14051,#3090);
#2210=LINE('',#14055,#3091);
#2211=LINE('',#14058,#3092);
#2212=LINE('',#14059,#3093);
#2213=LINE('',#14063,#3094);
#2214=LINE('',#14066,#3095);
#2215=LINE('',#14067,#3096);
#2216=LINE('',#14073,#3097);
#2217=LINE('',#14074,#3098);
#2218=LINE('',#14075,#3099);
#2219=LINE('',#14079,#3100);
#2220=LINE('',#14082,#3101);
#2221=LINE('',#14083,#3102);
#2222=LINE('',#14087,#3103);
#2223=LINE('',#14090,#3104);
#2224=LINE('',#14091,#3105);
#2225=LINE('',#14095,#3106);
#2226=LINE('',#14098,#3107);
#2227=LINE('',#14099,#3108);
#2228=LINE('',#14105,#3109);
#2229=LINE('',#14106,#3110);
#2230=LINE('',#14107,#3111);
#2231=LINE('',#14111,#3112);
#2232=LINE('',#14114,#3113);
#2233=LINE('',#14115,#3114);
#2234=LINE('',#14119,#3115);
#2235=LINE('',#14122,#3116);
#2236=LINE('',#14123,#3117);
#2237=LINE('',#14127,#3118);
#2238=LINE('',#14130,#3119);
#2239=LINE('',#14131,#3120);
#2240=LINE('',#14137,#3121);
#2241=LINE('',#14138,#3122);
#2242=LINE('',#14139,#3123);
#2243=LINE('',#14143,#3124);
#2244=LINE('',#14146,#3125);
#2245=LINE('',#14147,#3126);
#2246=LINE('',#14151,#3127);
#2247=LINE('',#14154,#3128);
#2248=LINE('',#14155,#3129);
#2249=LINE('',#14159,#3130);
#2250=LINE('',#14162,#3131);
#2251=LINE('',#14163,#3132);
#2252=LINE('',#14169,#3133);
#2253=LINE('',#14170,#3134);
#2254=LINE('',#14171,#3135);
#2255=LINE('',#14175,#3136);
#2256=LINE('',#14178,#3137);
#2257=LINE('',#14179,#3138);
#2258=LINE('',#14183,#3139);
#2259=LINE('',#14186,#3140);
#2260=LINE('',#14187,#3141);
#2261=LINE('',#14191,#3142);
#2262=LINE('',#14194,#3143);
#2263=LINE('',#14195,#3144);
#2264=LINE('',#14201,#3145);
#2265=LINE('',#14202,#3146);
#2266=LINE('',#14203,#3147);
#2267=LINE('',#14207,#3148);
#2268=LINE('',#14210,#3149);
#2269=LINE('',#14211,#3150);
#2270=LINE('',#14215,#3151);
#2271=LINE('',#14218,#3152);
#2272=LINE('',#14219,#3153);
#2273=LINE('',#14223,#3154);
#2274=LINE('',#14226,#3155);
#2275=LINE('',#14227,#3156);
#2276=LINE('',#14233,#3157);
#2277=LINE('',#14234,#3158);
#2278=LINE('',#14235,#3159);
#2279=LINE('',#14239,#3160);
#2280=LINE('',#14242,#3161);
#2281=LINE('',#14243,#3162);
#2282=LINE('',#14247,#3163);
#2283=LINE('',#14250,#3164);
#2284=LINE('',#14251,#3165);
#2285=LINE('',#14255,#3166);
#2286=LINE('',#14258,#3167);
#2287=LINE('',#14259,#3168);
#2288=LINE('',#14265,#3169);
#2289=LINE('',#14266,#3170);
#2290=LINE('',#14267,#3171);
#2291=LINE('',#14271,#3172);
#2292=LINE('',#14274,#3173);
#2293=LINE('',#14275,#3174);
#2294=LINE('',#14279,#3175);
#2295=LINE('',#14282,#3176);
#2296=LINE('',#14283,#3177);
#2297=LINE('',#14287,#3178);
#2298=LINE('',#14290,#3179);
#2299=LINE('',#14291,#3180);
#2300=LINE('',#14297,#3181);
#2301=LINE('',#14298,#3182);
#2302=LINE('',#14299,#3183);
#2303=LINE('',#14303,#3184);
#2304=LINE('',#14306,#3185);
#2305=LINE('',#14307,#3186);
#2306=LINE('',#14311,#3187);
#2307=LINE('',#14314,#3188);
#2308=LINE('',#14315,#3189);
#2309=LINE('',#14319,#3190);
#2310=LINE('',#14322,#3191);
#2311=LINE('',#14323,#3192);
#2312=LINE('',#14329,#3193);
#2313=LINE('',#14330,#3194);
#2314=LINE('',#14331,#3195);
#2315=LINE('',#14335,#3196);
#2316=LINE('',#14338,#3197);
#2317=LINE('',#14339,#3198);
#2318=LINE('',#14343,#3199);
#2319=LINE('',#14346,#3200);
#2320=LINE('',#14347,#3201);
#2321=LINE('',#14351,#3202);
#2322=LINE('',#14354,#3203);
#2323=LINE('',#14355,#3204);
#2324=LINE('',#14361,#3205);
#2325=LINE('',#14362,#3206);
#2326=LINE('',#14363,#3207);
#2327=LINE('',#14367,#3208);
#2328=LINE('',#14370,#3209);
#2329=LINE('',#14371,#3210);
#2330=LINE('',#14375,#3211);
#2331=LINE('',#14378,#3212);
#2332=LINE('',#14379,#3213);
#2333=LINE('',#14383,#3214);
#2334=LINE('',#14386,#3215);
#2335=LINE('',#14387,#3216);
#2336=LINE('',#14393,#3217);
#2337=LINE('',#14394,#3218);
#2338=LINE('',#14395,#3219);
#2339=LINE('',#14399,#3220);
#2340=LINE('',#14402,#3221);
#2341=LINE('',#14403,#3222);
#2342=LINE('',#14407,#3223);
#2343=LINE('',#14410,#3224);
#2344=LINE('',#14411,#3225);
#2345=LINE('',#14415,#3226);
#2346=LINE('',#14418,#3227);
#2347=LINE('',#14419,#3228);
#2348=LINE('',#14425,#3229);
#2349=LINE('',#14426,#3230);
#2350=LINE('',#14427,#3231);
#2351=LINE('',#14431,#3232);
#2352=LINE('',#14434,#3233);
#2353=LINE('',#14435,#3234);
#2354=LINE('',#14439,#3235);
#2355=LINE('',#14442,#3236);
#2356=LINE('',#14443,#3237);
#2357=LINE('',#14447,#3238);
#2358=LINE('',#14450,#3239);
#2359=LINE('',#14451,#3240);
#2360=LINE('',#14457,#3241);
#2361=LINE('',#14458,#3242);
#2362=LINE('',#14459,#3243);
#2363=LINE('',#14463,#3244);
#2364=LINE('',#14466,#3245);
#2365=LINE('',#14467,#3246);
#2366=LINE('',#14471,#3247);
#2367=LINE('',#14474,#3248);
#2368=LINE('',#14475,#3249);
#2369=LINE('',#14479,#3250);
#2370=LINE('',#14482,#3251);
#2371=LINE('',#14483,#3252);
#2372=LINE('',#14489,#3253);
#2373=LINE('',#14490,#3254);
#2374=LINE('',#14491,#3255);
#2375=LINE('',#14495,#3256);
#2376=LINE('',#14498,#3257);
#2377=LINE('',#14499,#3258);
#2378=LINE('',#14503,#3259);
#2379=LINE('',#14506,#3260);
#2380=LINE('',#14507,#3261);
#2381=LINE('',#14511,#3262);
#2382=LINE('',#14514,#3263);
#2383=LINE('',#14515,#3264);
#2384=LINE('',#14521,#3265);
#2385=LINE('',#14522,#3266);
#2386=LINE('',#14523,#3267);
#2387=LINE('',#14527,#3268);
#2388=LINE('',#14530,#3269);
#2389=LINE('',#14531,#3270);
#2390=LINE('',#14535,#3271);
#2391=LINE('',#14538,#3272);
#2392=LINE('',#14539,#3273);
#2393=LINE('',#14543,#3274);
#2394=LINE('',#14546,#3275);
#2395=LINE('',#14547,#3276);
#2396=LINE('',#14553,#3277);
#2397=LINE('',#14554,#3278);
#2398=LINE('',#14555,#3279);
#2399=LINE('',#14559,#3280);
#2400=LINE('',#14562,#3281);
#2401=LINE('',#14563,#3282);
#2402=LINE('',#14567,#3283);
#2403=LINE('',#14570,#3284);
#2404=LINE('',#14571,#3285);
#2405=LINE('',#14575,#3286);
#2406=LINE('',#14578,#3287);
#2407=LINE('',#14579,#3288);
#2408=LINE('',#14585,#3289);
#2409=LINE('',#14586,#3290);
#2410=LINE('',#14587,#3291);
#2411=LINE('',#14591,#3292);
#2412=LINE('',#14594,#3293);
#2413=LINE('',#14595,#3294);
#2414=LINE('',#14599,#3295);
#2415=LINE('',#14602,#3296);
#2416=LINE('',#14603,#3297);
#2417=LINE('',#14607,#3298);
#2418=LINE('',#14610,#3299);
#2419=LINE('',#14611,#3300);
#2420=LINE('',#14617,#3301);
#2421=LINE('',#14618,#3302);
#2422=LINE('',#14619,#3303);
#2423=LINE('',#14623,#3304);
#2424=LINE('',#14626,#3305);
#2425=LINE('',#14627,#3306);
#2426=LINE('',#14631,#3307);
#2427=LINE('',#14634,#3308);
#2428=LINE('',#14635,#3309);
#2429=LINE('',#14639,#3310);
#2430=LINE('',#14642,#3311);
#2431=LINE('',#14643,#3312);
#2432=LINE('',#14649,#3313);
#2433=LINE('',#14650,#3314);
#2434=LINE('',#14651,#3315);
#2435=LINE('',#14655,#3316);
#2436=LINE('',#14658,#3317);
#2437=LINE('',#14659,#3318);
#2438=LINE('',#14663,#3319);
#2439=LINE('',#14666,#3320);
#2440=LINE('',#14667,#3321);
#2441=LINE('',#14671,#3322);
#2442=LINE('',#14674,#3323);
#2443=LINE('',#14675,#3324);
#2444=LINE('',#14680,#3325);
#2445=LINE('',#14682,#3326);
#2446=LINE('',#14683,#3327);
#2447=LINE('',#14686,#3328);
#2448=LINE('',#14687,#3329);
#2449=LINE('',#14691,#3330);
#2450=LINE('',#14695,#3331);
#2451=LINE('',#14699,#3332);
#2452=LINE('',#14703,#3333);
#2453=LINE('',#14707,#3334);
#2454=LINE('',#14711,#3335);
#2455=LINE('',#14715,#3336);
#2456=LINE('',#14719,#3337);
#2457=LINE('',#14723,#3338);
#2458=LINE('',#14727,#3339);
#2459=LINE('',#14731,#3340);
#2460=LINE('',#14735,#3341);
#2461=LINE('',#14739,#3342);
#2462=LINE('',#14743,#3343);
#2463=LINE('',#14747,#3344);
#2464=LINE('',#14751,#3345);
#2465=LINE('',#14755,#3346);
#2466=LINE('',#14759,#3347);
#2467=LINE('',#14762,#3348);
#2468=LINE('',#14764,#3349);
#2469=LINE('',#14768,#3350);
#2470=LINE('',#14772,#3351);
#2471=LINE('',#14776,#3352);
#2472=LINE('',#14780,#3353);
#2473=LINE('',#14784,#3354);
#2474=LINE('',#14788,#3355);
#2475=LINE('',#14792,#3356);
#2476=LINE('',#14796,#3357);
#2477=LINE('',#14800,#3358);
#2478=LINE('',#14804,#3359);
#2479=LINE('',#14808,#3360);
#2480=LINE('',#14812,#3361);
#2481=LINE('',#14816,#3362);
#2482=LINE('',#14820,#3363);
#2483=LINE('',#14824,#3364);
#2484=LINE('',#14828,#3365);
#2485=LINE('',#14832,#3366);
#2486=LINE('',#14835,#3367);
#2487=LINE('',#14837,#3368);
#2488=LINE('',#14839,#3369);
#2489=LINE('',#14840,#3370);
#2490=LINE('',#14842,#3371);
#2491=LINE('',#14844,#3372);
#2492=LINE('',#14846,#3373);
#2493=LINE('',#14849,#3374);
#2494=LINE('',#14851,#3375);
#2495=LINE('',#14853,#3376);
#2496=LINE('',#14855,#3377);
#2497=LINE('',#14857,#3378);
#2498=LINE('',#14859,#3379);
#2499=LINE('',#14861,#3380);
#2500=LINE('',#14863,#3381);
#2501=LINE('',#14865,#3382);
#2502=LINE('',#14867,#3383);
#2503=LINE('',#14869,#3384);
#2504=LINE('',#14871,#3385);
#2505=LINE('',#14873,#3386);
#2506=LINE('',#14875,#3387);
#2507=LINE('',#14877,#3388);
#2508=LINE('',#14879,#3389);
#2509=LINE('',#14881,#3390);
#2510=LINE('',#14883,#3391);
#2511=LINE('',#14885,#3392);
#2512=LINE('',#14887,#3393);
#2513=LINE('',#14889,#3394);
#2514=LINE('',#14891,#3395);
#2515=LINE('',#14893,#3396);
#2516=LINE('',#14895,#3397);
#2517=LINE('',#14897,#3398);
#2518=LINE('',#14899,#3399);
#2519=LINE('',#14901,#3400);
#2520=LINE('',#14903,#3401);
#2521=LINE('',#14905,#3402);
#2522=LINE('',#14907,#3403);
#2523=LINE('',#14909,#3404);
#2524=LINE('',#14911,#3405);
#2525=LINE('',#14913,#3406);
#2526=LINE('',#14915,#3407);
#2527=LINE('',#14917,#3408);
#2528=LINE('',#14919,#3409);
#2529=LINE('',#14921,#3410);
#2530=LINE('',#14923,#3411);
#2531=LINE('',#14925,#3412);
#2532=LINE('',#14927,#3413);
#2533=LINE('',#14929,#3414);
#2534=LINE('',#14931,#3415);
#2535=LINE('',#14933,#3416);
#2536=LINE('',#14935,#3417);
#2537=LINE('',#14937,#3418);
#2538=LINE('',#14939,#3419);
#2539=LINE('',#14941,#3420);
#2540=LINE('',#14943,#3421);
#2541=LINE('',#14945,#3422);
#2542=LINE('',#14947,#3423);
#2543=LINE('',#14949,#3424);
#2544=LINE('',#14951,#3425);
#2545=LINE('',#14953,#3426);
#2546=LINE('',#14955,#3427);
#2547=LINE('',#14957,#3428);
#2548=LINE('',#14959,#3429);
#2549=LINE('',#14961,#3430);
#2550=LINE('',#14963,#3431);
#2551=LINE('',#14965,#3432);
#2552=LINE('',#14967,#3433);
#2553=LINE('',#14969,#3434);
#2554=LINE('',#14971,#3435);
#2555=LINE('',#14973,#3436);
#2556=LINE('',#14975,#3437);
#2557=LINE('',#14977,#3438);
#2558=VECTOR('',#9765,10.);
#2559=VECTOR('',#9766,10.);
#2560=VECTOR('',#9767,10.);
#2561=VECTOR('',#9768,10.);
#2562=VECTOR('',#9773,10.);
#2563=VECTOR('',#9778,10.);
#2564=VECTOR('',#9779,10.);
#2565=VECTOR('',#9780,10.);
#2566=VECTOR('',#9785,10.);
#2567=VECTOR('',#9790,10.);
#2568=VECTOR('',#9791,10.);
#2569=VECTOR('',#9792,10.);
#2570=VECTOR('',#9795,10.);
#2571=VECTOR('',#9796,10.);
#2572=VECTOR('',#9797,10.);
#2573=VECTOR('',#9798,10.);
#2574=VECTOR('',#9803,10.);
#2575=VECTOR('',#9808,10.);
#2576=VECTOR('',#9809,10.);
#2577=VECTOR('',#9810,10.);
#2578=VECTOR('',#9815,10.);
#2579=VECTOR('',#9820,10.);
#2580=VECTOR('',#9821,10.);
#2581=VECTOR('',#9822,10.);
#2582=VECTOR('',#9825,10.);
#2583=VECTOR('',#9826,10.);
#2584=VECTOR('',#9827,10.);
#2585=VECTOR('',#9828,10.);
#2586=VECTOR('',#9831,10.);
#2587=VECTOR('',#9834,10.);
#2588=VECTOR('',#9837,10.);
#2589=VECTOR('',#9840,10.);
#2590=VECTOR('',#9843,10.);
#2591=VECTOR('',#9846,10.);
#2592=VECTOR('',#9849,10.);
#2593=VECTOR('',#9852,10.);
#2594=VECTOR('',#9855,10.);
#2595=VECTOR('',#9858,10.);
#2596=VECTOR('',#9861,10.);
#2597=VECTOR('',#9864,10.);
#2598=VECTOR('',#9867,10.);
#2599=VECTOR('',#9870,10.);
#2600=VECTOR('',#9873,10.);
#2601=VECTOR('',#9876,10.);
#2602=VECTOR('',#9879,10.);
#2603=VECTOR('',#9882,10.);
#2604=VECTOR('',#9885,10.);
#2605=VECTOR('',#9888,10.);
#2606=VECTOR('',#9891,10.);
#2607=VECTOR('',#9894,10.);
#2608=VECTOR('',#9897,10.);
#2609=VECTOR('',#9900,10.);
#2610=VECTOR('',#9903,10.);
#2611=VECTOR('',#9906,10.);
#2612=VECTOR('',#9909,10.);
#2613=VECTOR('',#9912,10.);
#2614=VECTOR('',#9915,10.);
#2615=VECTOR('',#9918,10.);
#2616=VECTOR('',#9921,10.);
#2617=VECTOR('',#9924,10.);
#2618=VECTOR('',#9927,10.);
#2619=VECTOR('',#9930,10.);
#2620=VECTOR('',#9933,10.);
#2621=VECTOR('',#9936,10.);
#2622=VECTOR('',#9939,10.);
#2623=VECTOR('',#9940,10.);
#2624=VECTOR('',#9941,10.);
#2625=VECTOR('',#9942,10.);
#2626=VECTOR('',#9945,10.);
#2627=VECTOR('',#9948,10.);
#2628=VECTOR('',#9951,10.);
#2629=VECTOR('',#9954,10.);
#2630=VECTOR('',#9957,10.);
#2631=VECTOR('',#9960,10.);
#2632=VECTOR('',#9963,10.);
#2633=VECTOR('',#9966,10.);
#2634=VECTOR('',#9969,10.);
#2635=VECTOR('',#9972,10.);
#2636=VECTOR('',#9975,10.);
#2637=VECTOR('',#9978,10.);
#2638=VECTOR('',#9981,10.);
#2639=VECTOR('',#9984,10.);
#2640=VECTOR('',#9987,10.);
#2641=VECTOR('',#9990,10.);
#2642=VECTOR('',#9993,10.);
#2643=VECTOR('',#9996,10.);
#2644=VECTOR('',#9999,10.);
#2645=VECTOR('',#10002,10.);
#2646=VECTOR('',#10005,10.);
#2647=VECTOR('',#10008,10.);
#2648=VECTOR('',#10011,10.);
#2649=VECTOR('',#10014,10.);
#2650=VECTOR('',#10017,10.);
#2651=VECTOR('',#10020,10.);
#2652=VECTOR('',#10023,10.);
#2653=VECTOR('',#10026,10.);
#2654=VECTOR('',#10029,10.);
#2655=VECTOR('',#10032,10.);
#2656=VECTOR('',#10035,10.);
#2657=VECTOR('',#10038,10.);
#2658=VECTOR('',#10041,10.);
#2659=VECTOR('',#10044,10.);
#2660=VECTOR('',#10047,10.);
#2661=VECTOR('',#10050,10.);
#2662=VECTOR('',#10053,10.);
#2663=VECTOR('',#10056,10.);
#2664=VECTOR('',#10059,10.);
#2665=VECTOR('',#10062,10.);
#2666=VECTOR('',#10065,10.);
#2667=VECTOR('',#10068,10.);
#2668=VECTOR('',#10071,10.);
#2669=VECTOR('',#10074,10.);
#2670=VECTOR('',#10077,10.);
#2671=VECTOR('',#10080,10.);
#2672=VECTOR('',#10083,10.);
#2673=VECTOR('',#10086,10.);
#2674=VECTOR('',#10089,10.);
#2675=VECTOR('',#10092,10.);
#2676=VECTOR('',#10095,10.);
#2677=VECTOR('',#10098,10.);
#2678=VECTOR('',#10101,10.);
#2679=VECTOR('',#10104,10.);
#2680=VECTOR('',#10107,10.);
#2681=VECTOR('',#10110,10.);
#2682=VECTOR('',#10113,10.);
#2683=VECTOR('',#10116,10.);
#2684=VECTOR('',#10119,10.);
#2685=VECTOR('',#10122,10.);
#2686=VECTOR('',#10125,10.);
#2687=VECTOR('',#10128,10.);
#2688=VECTOR('',#10131,10.);
#2689=VECTOR('',#10134,10.);
#2690=VECTOR('',#10137,10.);
#2691=VECTOR('',#10140,10.);
#2692=VECTOR('',#10143,10.);
#2693=VECTOR('',#10146,10.);
#2694=VECTOR('',#10149,10.);
#2695=VECTOR('',#10152,10.);
#2696=VECTOR('',#10155,10.);
#2697=VECTOR('',#10158,10.);
#2698=VECTOR('',#10161,10.);
#2699=VECTOR('',#10164,10.);
#2700=VECTOR('',#10167,10.);
#2701=VECTOR('',#10170,10.);
#2702=VECTOR('',#10173,10.);
#2703=VECTOR('',#10176,10.);
#2704=VECTOR('',#10179,10.);
#2705=VECTOR('',#10182,10.);
#2706=VECTOR('',#10185,10.);
#2707=VECTOR('',#10188,10.);
#2708=VECTOR('',#10191,10.);
#2709=VECTOR('',#10194,10.);
#2710=VECTOR('',#10197,10.);
#2711=VECTOR('',#10200,10.);
#2712=VECTOR('',#10203,10.);
#2713=VECTOR('',#10206,10.);
#2714=VECTOR('',#10209,10.);
#2715=VECTOR('',#10212,10.);
#2716=VECTOR('',#10215,10.);
#2717=VECTOR('',#10218,10.);
#2718=VECTOR('',#10221,10.);
#2719=VECTOR('',#10224,10.);
#2720=VECTOR('',#10227,10.);
#2721=VECTOR('',#10230,10.);
#2722=VECTOR('',#10233,10.);
#2723=VECTOR('',#10236,10.);
#2724=VECTOR('',#10239,10.);
#2725=VECTOR('',#10242,10.);
#2726=VECTOR('',#10245,10.);
#2727=VECTOR('',#10248,10.);
#2728=VECTOR('',#10251,10.);
#2729=VECTOR('',#10254,10.);
#2730=VECTOR('',#10257,10.);
#2731=VECTOR('',#10260,10.);
#2732=VECTOR('',#10263,10.);
#2733=VECTOR('',#10266,10.);
#2734=VECTOR('',#10269,10.);
#2735=VECTOR('',#10272,10.);
#2736=VECTOR('',#10275,10.);
#2737=VECTOR('',#10278,10.);
#2738=VECTOR('',#10281,10.);
#2739=VECTOR('',#10284,10.);
#2740=VECTOR('',#10287,10.);
#2741=VECTOR('',#10290,10.);
#2742=VECTOR('',#10293,10.);
#2743=VECTOR('',#10296,10.);
#2744=VECTOR('',#10299,10.);
#2745=VECTOR('',#10302,10.);
#2746=VECTOR('',#10305,10.);
#2747=VECTOR('',#10308,10.);
#2748=VECTOR('',#10311,10.);
#2749=VECTOR('',#10314,10.);
#2750=VECTOR('',#10317,10.);
#2751=VECTOR('',#10320,10.);
#2752=VECTOR('',#10323,10.);
#2753=VECTOR('',#10326,10.);
#2754=VECTOR('',#10329,10.);
#2755=VECTOR('',#10332,10.);
#2756=VECTOR('',#10335,10.);
#2757=VECTOR('',#10338,10.);
#2758=VECTOR('',#10341,10.);
#2759=VECTOR('',#10344,10.);
#2760=VECTOR('',#10347,10.);
#2761=VECTOR('',#10350,10.);
#2762=VECTOR('',#10353,10.);
#2763=VECTOR('',#10356,10.);
#2764=VECTOR('',#10359,10.);
#2765=VECTOR('',#10362,10.);
#2766=VECTOR('',#10365,10.);
#2767=VECTOR('',#10368,10.);
#2768=VECTOR('',#10371,10.);
#2769=VECTOR('',#10374,10.);
#2770=VECTOR('',#10377,10.);
#2771=VECTOR('',#10380,10.);
#2772=VECTOR('',#10383,10.);
#2773=VECTOR('',#10390,10.);
#2774=VECTOR('',#10393,10.);
#2775=VECTOR('',#10396,10.);
#2776=VECTOR('',#10399,10.);
#2777=VECTOR('',#10402,10.);
#2778=VECTOR('',#10403,10.);
#2779=VECTOR('',#10406,10.);
#2780=VECTOR('',#10409,10.);
#2781=VECTOR('',#10414,10.);
#2782=VECTOR('',#10417,10.);
#2783=VECTOR('',#10420,10.);
#2784=VECTOR('',#10421,10.);
#2785=VECTOR('',#10424,10.);
#2786=VECTOR('',#10425,10.);
#2787=VECTOR('',#10428,10.);
#2788=VECTOR('',#10431,10.);
#2789=VECTOR('',#10434,10.);
#2790=VECTOR('',#10435,10.);
#2791=VECTOR('',#10438,10.);
#2792=VECTOR('',#10441,10.);
#2793=VECTOR('',#10442,10.);
#2794=VECTOR('',#10445,10.);
#2795=VECTOR('',#10448,10.);
#2796=VECTOR('',#10451,10.);
#2797=VECTOR('',#10452,10.);
#2798=VECTOR('',#10455,10.);
#2799=VECTOR('',#10456,10.);
#2800=VECTOR('',#10459,10.);
#2801=VECTOR('',#10462,10.);
#2802=VECTOR('',#10465,10.);
#2803=VECTOR('',#10466,10.);
#2804=VECTOR('',#10467,10.);
#2805=VECTOR('',#10470,10.);
#2806=VECTOR('',#10475,10.);
#2807=VECTOR('',#10476,10.);
#2808=VECTOR('',#10477,10.);
#2809=VECTOR('',#10480,10.);
#2810=VECTOR('',#10481,10.);
#2811=VECTOR('',#10484,10.);
#2812=VECTOR('',#10489,10.);
#2813=VECTOR('',#10490,10.);
#2814=VECTOR('',#10495,10.);
#2815=VECTOR('',#10498,10.);
#2816=VECTOR('',#10499,10.);
#2817=VECTOR('',#10504,10.);
#2818=VECTOR('',#10507,10.);
#2819=VECTOR('',#10508,10.);
#2820=VECTOR('',#10515,10.);
#2821=VECTOR('',#10516,10.);
#2822=VECTOR('',#10521,10.);
#2823=VECTOR('',#10524,10.);
#2824=VECTOR('',#10525,10.);
#2825=VECTOR('',#10530,10.);
#2826=VECTOR('',#10533,10.);
#2827=VECTOR('',#10534,10.);
#2828=VECTOR('',#10537,10.);
#2829=VECTOR('',#10538,10.);
#2830=VECTOR('',#10543,10.);
#2831=VECTOR('',#10546,10.);
#2832=VECTOR('',#10547,10.);
#2833=VECTOR('',#10550,10.);
#2834=VECTOR('',#10551,10.);
#2835=VECTOR('',#10556,10.);
#2836=VECTOR('',#10559,10.);
#2837=VECTOR('',#10560,10.);
#2838=VECTOR('',#10565,10.);
#2839=VECTOR('',#10568,10.);
#2840=VECTOR('',#10569,10.);
#2841=VECTOR('',#10574,10.);
#2842=VECTOR('',#10577,10.);
#2843=VECTOR('',#10578,10.);
#2844=VECTOR('',#10583,10.);
#2845=VECTOR('',#10586,10.);
#2846=VECTOR('',#10587,10.);
#2847=VECTOR('',#10592,10.);
#2848=VECTOR('',#10595,10.);
#2849=VECTOR('',#10596,10.);
#2850=VECTOR('',#10601,10.);
#2851=VECTOR('',#10604,10.);
#2852=VECTOR('',#10605,10.);
#2853=VECTOR('',#10608,10.);
#2854=VECTOR('',#10609,10.);
#2855=VECTOR('',#10614,10.);
#2856=VECTOR('',#10617,10.);
#2857=VECTOR('',#10618,10.);
#2858=VECTOR('',#10621,10.);
#2859=VECTOR('',#10622,10.);
#2860=VECTOR('',#10627,10.);
#2861=VECTOR('',#10630,10.);
#2862=VECTOR('',#10631,10.);
#2863=VECTOR('',#10636,10.);
#2864=VECTOR('',#10639,10.);
#2865=VECTOR('',#10640,10.);
#2866=VECTOR('',#10647,10.);
#2867=VECTOR('',#10648,10.);
#2868=VECTOR('',#10653,10.);
#2869=VECTOR('',#10656,10.);
#2870=VECTOR('',#10657,10.);
#2871=VECTOR('',#10664,10.);
#2872=VECTOR('',#10665,10.);
#2873=VECTOR('',#10668,10.);
#2874=VECTOR('',#10669,10.);
#2875=VECTOR('',#10670,10.);
#2876=VECTOR('',#10675,10.);
#2877=VECTOR('',#10678,10.);
#2878=VECTOR('',#10679,10.);
#2879=VECTOR('',#10684,10.);
#2880=VECTOR('',#10687,10.);
#2881=VECTOR('',#10688,10.);
#2882=VECTOR('',#10693,10.);
#2883=VECTOR('',#10696,10.);
#2884=VECTOR('',#10697,10.);
#2885=VECTOR('',#10704,10.);
#2886=VECTOR('',#10705,10.);
#2887=VECTOR('',#10706,10.);
#2888=VECTOR('',#10711,10.);
#2889=VECTOR('',#10714,10.);
#2890=VECTOR('',#10715,10.);
#2891=VECTOR('',#10720,10.);
#2892=VECTOR('',#10723,10.);
#2893=VECTOR('',#10724,10.);
#2894=VECTOR('',#10729,10.);
#2895=VECTOR('',#10732,10.);
#2896=VECTOR('',#10733,10.);
#2897=VECTOR('',#10740,10.);
#2898=VECTOR('',#10741,10.);
#2899=VECTOR('',#10742,10.);
#2900=VECTOR('',#10747,10.);
#2901=VECTOR('',#10750,10.);
#2902=VECTOR('',#10751,10.);
#2903=VECTOR('',#10756,10.);
#2904=VECTOR('',#10759,10.);
#2905=VECTOR('',#10760,10.);
#2906=VECTOR('',#10765,10.);
#2907=VECTOR('',#10768,10.);
#2908=VECTOR('',#10769,10.);
#2909=VECTOR('',#10776,10.);
#2910=VECTOR('',#10777,10.);
#2911=VECTOR('',#10778,10.);
#2912=VECTOR('',#10783,10.);
#2913=VECTOR('',#10786,10.);
#2914=VECTOR('',#10787,10.);
#2915=VECTOR('',#10792,10.);
#2916=VECTOR('',#10795,10.);
#2917=VECTOR('',#10796,10.);
#2918=VECTOR('',#10801,10.);
#2919=VECTOR('',#10804,10.);
#2920=VECTOR('',#10805,10.);
#2921=VECTOR('',#10812,10.);
#2922=VECTOR('',#10813,10.);
#2923=VECTOR('',#10814,10.);
#2924=VECTOR('',#10819,10.);
#2925=VECTOR('',#10822,10.);
#2926=VECTOR('',#10823,10.);
#2927=VECTOR('',#10828,10.);
#2928=VECTOR('',#10831,10.);
#2929=VECTOR('',#10832,10.);
#2930=VECTOR('',#10837,10.);
#2931=VECTOR('',#10840,10.);
#2932=VECTOR('',#10841,10.);
#2933=VECTOR('',#10848,10.);
#2934=VECTOR('',#10849,10.);
#2935=VECTOR('',#10850,10.);
#2936=VECTOR('',#10855,10.);
#2937=VECTOR('',#10858,10.);
#2938=VECTOR('',#10859,10.);
#2939=VECTOR('',#10864,10.);
#2940=VECTOR('',#10867,10.);
#2941=VECTOR('',#10868,10.);
#2942=VECTOR('',#10873,10.);
#2943=VECTOR('',#10876,10.);
#2944=VECTOR('',#10877,10.);
#2945=VECTOR('',#10884,10.);
#2946=VECTOR('',#10885,10.);
#2947=VECTOR('',#10886,10.);
#2948=VECTOR('',#10891,10.);
#2949=VECTOR('',#10894,10.);
#2950=VECTOR('',#10895,10.);
#2951=VECTOR('',#10900,10.);
#2952=VECTOR('',#10903,10.);
#2953=VECTOR('',#10904,10.);
#2954=VECTOR('',#10909,10.);
#2955=VECTOR('',#10912,10.);
#2956=VECTOR('',#10913,10.);
#2957=VECTOR('',#10920,10.);
#2958=VECTOR('',#10921,10.);
#2959=VECTOR('',#10922,10.);
#2960=VECTOR('',#10927,10.);
#2961=VECTOR('',#10930,10.);
#2962=VECTOR('',#10931,10.);
#2963=VECTOR('',#10936,10.);
#2964=VECTOR('',#10939,10.);
#2965=VECTOR('',#10940,10.);
#2966=VECTOR('',#10945,10.);
#2967=VECTOR('',#10948,10.);
#2968=VECTOR('',#10949,10.);
#2969=VECTOR('',#10956,10.);
#2970=VECTOR('',#10957,10.);
#2971=VECTOR('',#10958,10.);
#2972=VECTOR('',#10963,10.);
#2973=VECTOR('',#10966,10.);
#2974=VECTOR('',#10967,10.);
#2975=VECTOR('',#10972,10.);
#2976=VECTOR('',#10975,10.);
#2977=VECTOR('',#10976,10.);
#2978=VECTOR('',#10981,10.);
#2979=VECTOR('',#10984,10.);
#2980=VECTOR('',#10985,10.);
#2981=VECTOR('',#10994,10.);
#2982=VECTOR('',#10997,10.);
#2983=VECTOR('',#10998,10.);
#2984=VECTOR('',#11005,10.);
#2985=VECTOR('',#11006,10.);
#2986=VECTOR('',#11011,10.);
#2987=VECTOR('',#11014,10.);
#2988=VECTOR('',#11015,10.);
#2989=VECTOR('',#11022,10.);
#2990=VECTOR('',#11023,10.);
#2991=VECTOR('',#11024,10.);
#2992=VECTOR('',#11029,10.);
#2993=VECTOR('',#11032,10.);
#2994=VECTOR('',#11033,10.);
#2995=VECTOR('',#11038,10.);
#2996=VECTOR('',#11041,10.);
#2997=VECTOR('',#11042,10.);
#2998=VECTOR('',#11047,10.);
#2999=VECTOR('',#11050,10.);
#3000=VECTOR('',#11051,10.);
#3001=VECTOR('',#11058,10.);
#3002=VECTOR('',#11059,10.);
#3003=VECTOR('',#11060,10.);
#3004=VECTOR('',#11065,10.);
#3005=VECTOR('',#11068,10.);
#3006=VECTOR('',#11069,10.);
#3007=VECTOR('',#11074,10.);
#3008=VECTOR('',#11077,10.);
#3009=VECTOR('',#11078,10.);
#3010=VECTOR('',#11083,10.);
#3011=VECTOR('',#11086,10.);
#3012=VECTOR('',#11087,10.);
#3013=VECTOR('',#11094,10.);
#3014=VECTOR('',#11095,10.);
#3015=VECTOR('',#11096,10.);
#3016=VECTOR('',#11101,10.);
#3017=VECTOR('',#11104,10.);
#3018=VECTOR('',#11105,10.);
#3019=VECTOR('',#11110,10.);
#3020=VECTOR('',#11113,10.);
#3021=VECTOR('',#11114,10.);
#3022=VECTOR('',#11119,10.);
#3023=VECTOR('',#11122,10.);
#3024=VECTOR('',#11123,10.);
#3025=VECTOR('',#11130,10.);
#3026=VECTOR('',#11131,10.);
#3027=VECTOR('',#11132,10.);
#3028=VECTOR('',#11137,10.);
#3029=VECTOR('',#11140,10.);
#3030=VECTOR('',#11141,10.);
#3031=VECTOR('',#11146,10.);
#3032=VECTOR('',#11149,10.);
#3033=VECTOR('',#11150,10.);
#3034=VECTOR('',#11155,10.);
#3035=VECTOR('',#11158,10.);
#3036=VECTOR('',#11159,10.);
#3037=VECTOR('',#11166,10.);
#3038=VECTOR('',#11167,10.);
#3039=VECTOR('',#11168,10.);
#3040=VECTOR('',#11173,10.);
#3041=VECTOR('',#11176,10.);
#3042=VECTOR('',#11177,10.);
#3043=VECTOR('',#11182,10.);
#3044=VECTOR('',#11185,10.);
#3045=VECTOR('',#11186,10.);
#3046=VECTOR('',#11191,10.);
#3047=VECTOR('',#11194,10.);
#3048=VECTOR('',#11195,10.);
#3049=VECTOR('',#11202,10.);
#3050=VECTOR('',#11203,10.);
#3051=VECTOR('',#11204,10.);
#3052=VECTOR('',#11209,10.);
#3053=VECTOR('',#11212,10.);
#3054=VECTOR('',#11213,10.);
#3055=VECTOR('',#11218,10.);
#3056=VECTOR('',#11221,10.);
#3057=VECTOR('',#11222,10.);
#3058=VECTOR('',#11227,10.);
#3059=VECTOR('',#11230,10.);
#3060=VECTOR('',#11231,10.);
#3061=VECTOR('',#11238,10.);
#3062=VECTOR('',#11239,10.);
#3063=VECTOR('',#11240,10.);
#3064=VECTOR('',#11245,10.);
#3065=VECTOR('',#11248,10.);
#3066=VECTOR('',#11249,10.);
#3067=VECTOR('',#11254,10.);
#3068=VECTOR('',#11257,10.);
#3069=VECTOR('',#11258,10.);
#3070=VECTOR('',#11263,10.);
#3071=VECTOR('',#11266,10.);
#3072=VECTOR('',#11267,10.);
#3073=VECTOR('',#11274,10.);
#3074=VECTOR('',#11275,10.);
#3075=VECTOR('',#11276,10.);
#3076=VECTOR('',#11281,10.);
#3077=VECTOR('',#11284,10.);
#3078=VECTOR('',#11285,10.);
#3079=VECTOR('',#11290,10.);
#3080=VECTOR('',#11293,10.);
#3081=VECTOR('',#11294,10.);
#3082=VECTOR('',#11299,10.);
#3083=VECTOR('',#11302,10.);
#3084=VECTOR('',#11303,10.);
#3085=VECTOR('',#11310,10.);
#3086=VECTOR('',#11311,10.);
#3087=VECTOR('',#11312,10.);
#3088=VECTOR('',#11317,10.);
#3089=VECTOR('',#11320,10.);
#3090=VECTOR('',#11321,10.);
#3091=VECTOR('',#11326,10.);
#3092=VECTOR('',#11329,10.);
#3093=VECTOR('',#11330,10.);
#3094=VECTOR('',#11335,10.);
#3095=VECTOR('',#11338,10.);
#3096=VECTOR('',#11339,10.);
#3097=VECTOR('',#11346,10.);
#3098=VECTOR('',#11347,10.);
#3099=VECTOR('',#11348,10.);
#3100=VECTOR('',#11353,10.);
#3101=VECTOR('',#11356,10.);
#3102=VECTOR('',#11357,10.);
#3103=VECTOR('',#11362,10.);
#3104=VECTOR('',#11365,10.);
#3105=VECTOR('',#11366,10.);
#3106=VECTOR('',#11371,10.);
#3107=VECTOR('',#11374,10.);
#3108=VECTOR('',#11375,10.);
#3109=VECTOR('',#11382,10.);
#3110=VECTOR('',#11383,10.);
#3111=VECTOR('',#11384,10.);
#3112=VECTOR('',#11389,10.);
#3113=VECTOR('',#11392,10.);
#3114=VECTOR('',#11393,10.);
#3115=VECTOR('',#11398,10.);
#3116=VECTOR('',#11401,10.);
#3117=VECTOR('',#11402,10.);
#3118=VECTOR('',#11407,10.);
#3119=VECTOR('',#11410,10.);
#3120=VECTOR('',#11411,10.);
#3121=VECTOR('',#11418,10.);
#3122=VECTOR('',#11419,10.);
#3123=VECTOR('',#11420,10.);
#3124=VECTOR('',#11425,10.);
#3125=VECTOR('',#11428,10.);
#3126=VECTOR('',#11429,10.);
#3127=VECTOR('',#11434,10.);
#3128=VECTOR('',#11437,10.);
#3129=VECTOR('',#11438,10.);
#3130=VECTOR('',#11443,10.);
#3131=VECTOR('',#11446,10.);
#3132=VECTOR('',#11447,10.);
#3133=VECTOR('',#11454,10.);
#3134=VECTOR('',#11455,10.);
#3135=VECTOR('',#11456,10.);
#3136=VECTOR('',#11461,10.);
#3137=VECTOR('',#11464,10.);
#3138=VECTOR('',#11465,10.);
#3139=VECTOR('',#11470,10.);
#3140=VECTOR('',#11473,10.);
#3141=VECTOR('',#11474,10.);
#3142=VECTOR('',#11479,10.);
#3143=VECTOR('',#11482,10.);
#3144=VECTOR('',#11483,10.);
#3145=VECTOR('',#11490,10.);
#3146=VECTOR('',#11491,10.);
#3147=VECTOR('',#11492,10.);
#3148=VECTOR('',#11497,10.);
#3149=VECTOR('',#11500,10.);
#3150=VECTOR('',#11501,10.);
#3151=VECTOR('',#11506,10.);
#3152=VECTOR('',#11509,10.);
#3153=VECTOR('',#11510,10.);
#3154=VECTOR('',#11515,10.);
#3155=VECTOR('',#11518,10.);
#3156=VECTOR('',#11519,10.);
#3157=VECTOR('',#11526,10.);
#3158=VECTOR('',#11527,10.);
#3159=VECTOR('',#11528,10.);
#3160=VECTOR('',#11533,10.);
#3161=VECTOR('',#11536,10.);
#3162=VECTOR('',#11537,10.);
#3163=VECTOR('',#11542,10.);
#3164=VECTOR('',#11545,10.);
#3165=VECTOR('',#11546,10.);
#3166=VECTOR('',#11551,10.);
#3167=VECTOR('',#11554,10.);
#3168=VECTOR('',#11555,10.);
#3169=VECTOR('',#11562,10.);
#3170=VECTOR('',#11563,10.);
#3171=VECTOR('',#11564,10.);
#3172=VECTOR('',#11569,10.);
#3173=VECTOR('',#11572,10.);
#3174=VECTOR('',#11573,10.);
#3175=VECTOR('',#11578,10.);
#3176=VECTOR('',#11581,10.);
#3177=VECTOR('',#11582,10.);
#3178=VECTOR('',#11587,10.);
#3179=VECTOR('',#11590,10.);
#3180=VECTOR('',#11591,10.);
#3181=VECTOR('',#11598,10.);
#3182=VECTOR('',#11599,10.);
#3183=VECTOR('',#11600,10.);
#3184=VECTOR('',#11605,10.);
#3185=VECTOR('',#11608,10.);
#3186=VECTOR('',#11609,10.);
#3187=VECTOR('',#11614,10.);
#3188=VECTOR('',#11617,10.);
#3189=VECTOR('',#11618,10.);
#3190=VECTOR('',#11623,10.);
#3191=VECTOR('',#11626,10.);
#3192=VECTOR('',#11627,10.);
#3193=VECTOR('',#11634,10.);
#3194=VECTOR('',#11635,10.);
#3195=VECTOR('',#11636,10.);
#3196=VECTOR('',#11641,10.);
#3197=VECTOR('',#11644,10.);
#3198=VECTOR('',#11645,10.);
#3199=VECTOR('',#11650,10.);
#3200=VECTOR('',#11653,10.);
#3201=VECTOR('',#11654,10.);
#3202=VECTOR('',#11659,10.);
#3203=VECTOR('',#11662,10.);
#3204=VECTOR('',#11663,10.);
#3205=VECTOR('',#11670,10.);
#3206=VECTOR('',#11671,10.);
#3207=VECTOR('',#11672,10.);
#3208=VECTOR('',#11677,10.);
#3209=VECTOR('',#11680,10.);
#3210=VECTOR('',#11681,10.);
#3211=VECTOR('',#11686,10.);
#3212=VECTOR('',#11689,10.);
#3213=VECTOR('',#11690,10.);
#3214=VECTOR('',#11695,10.);
#3215=VECTOR('',#11698,10.);
#3216=VECTOR('',#11699,10.);
#3217=VECTOR('',#11706,10.);
#3218=VECTOR('',#11707,10.);
#3219=VECTOR('',#11708,10.);
#3220=VECTOR('',#11713,10.);
#3221=VECTOR('',#11716,10.);
#3222=VECTOR('',#11717,10.);
#3223=VECTOR('',#11722,10.);
#3224=VECTOR('',#11725,10.);
#3225=VECTOR('',#11726,10.);
#3226=VECTOR('',#11731,10.);
#3227=VECTOR('',#11734,10.);
#3228=VECTOR('',#11735,10.);
#3229=VECTOR('',#11742,10.);
#3230=VECTOR('',#11743,10.);
#3231=VECTOR('',#11744,10.);
#3232=VECTOR('',#11749,10.);
#3233=VECTOR('',#11752,10.);
#3234=VECTOR('',#11753,10.);
#3235=VECTOR('',#11758,10.);
#3236=VECTOR('',#11761,10.);
#3237=VECTOR('',#11762,10.);
#3238=VECTOR('',#11767,10.);
#3239=VECTOR('',#11770,10.);
#3240=VECTOR('',#11771,10.);
#3241=VECTOR('',#11778,10.);
#3242=VECTOR('',#11779,10.);
#3243=VECTOR('',#11780,10.);
#3244=VECTOR('',#11785,10.);
#3245=VECTOR('',#11788,10.);
#3246=VECTOR('',#11789,10.);
#3247=VECTOR('',#11794,10.);
#3248=VECTOR('',#11797,10.);
#3249=VECTOR('',#11798,10.);
#3250=VECTOR('',#11803,10.);
#3251=VECTOR('',#11806,10.);
#3252=VECTOR('',#11807,10.);
#3253=VECTOR('',#11814,10.);
#3254=VECTOR('',#11815,10.);
#3255=VECTOR('',#11816,10.);
#3256=VECTOR('',#11821,10.);
#3257=VECTOR('',#11824,10.);
#3258=VECTOR('',#11825,10.);
#3259=VECTOR('',#11830,10.);
#3260=VECTOR('',#11833,10.);
#3261=VECTOR('',#11834,10.);
#3262=VECTOR('',#11839,10.);
#3263=VECTOR('',#11842,10.);
#3264=VECTOR('',#11843,10.);
#3265=VECTOR('',#11850,10.);
#3266=VECTOR('',#11851,10.);
#3267=VECTOR('',#11852,10.);
#3268=VECTOR('',#11857,10.);
#3269=VECTOR('',#11860,10.);
#3270=VECTOR('',#11861,10.);
#3271=VECTOR('',#11866,10.);
#3272=VECTOR('',#11869,10.);
#3273=VECTOR('',#11870,10.);
#3274=VECTOR('',#11875,10.);
#3275=VECTOR('',#11878,10.);
#3276=VECTOR('',#11879,10.);
#3277=VECTOR('',#11886,10.);
#3278=VECTOR('',#11887,10.);
#3279=VECTOR('',#11888,10.);
#3280=VECTOR('',#11893,10.);
#3281=VECTOR('',#11896,10.);
#3282=VECTOR('',#11897,10.);
#3283=VECTOR('',#11902,10.);
#3284=VECTOR('',#11905,10.);
#3285=VECTOR('',#11906,10.);
#3286=VECTOR('',#11911,10.);
#3287=VECTOR('',#11914,10.);
#3288=VECTOR('',#11915,10.);
#3289=VECTOR('',#11922,10.);
#3290=VECTOR('',#11923,10.);
#3291=VECTOR('',#11924,10.);
#3292=VECTOR('',#11929,10.);
#3293=VECTOR('',#11932,10.);
#3294=VECTOR('',#11933,10.);
#3295=VECTOR('',#11938,10.);
#3296=VECTOR('',#11941,10.);
#3297=VECTOR('',#11942,10.);
#3298=VECTOR('',#11947,10.);
#3299=VECTOR('',#11950,10.);
#3300=VECTOR('',#11951,10.);
#3301=VECTOR('',#11958,10.);
#3302=VECTOR('',#11959,10.);
#3303=VECTOR('',#11960,10.);
#3304=VECTOR('',#11965,10.);
#3305=VECTOR('',#11968,10.);
#3306=VECTOR('',#11969,10.);
#3307=VECTOR('',#11974,10.);
#3308=VECTOR('',#11977,10.);
#3309=VECTOR('',#11978,10.);
#3310=VECTOR('',#11983,10.);
#3311=VECTOR('',#11986,10.);
#3312=VECTOR('',#11987,10.);
#3313=VECTOR('',#11994,10.);
#3314=VECTOR('',#11995,10.);
#3315=VECTOR('',#11996,10.);
#3316=VECTOR('',#12001,10.);
#3317=VECTOR('',#12004,10.);
#3318=VECTOR('',#12005,10.);
#3319=VECTOR('',#12010,10.);
#3320=VECTOR('',#12013,10.);
#3321=VECTOR('',#12014,10.);
#3322=VECTOR('',#12019,10.);
#3323=VECTOR('',#12022,10.);
#3324=VECTOR('',#12023,10.);
#3325=VECTOR('',#12030,10.);
#3326=VECTOR('',#12031,10.);
#3327=VECTOR('',#12032,10.);
#3328=VECTOR('',#12035,10.);
#3329=VECTOR('',#12036,10.);
#3330=VECTOR('',#12039,10.);
#3331=VECTOR('',#12042,10.);
#3332=VECTOR('',#12045,10.);
#3333=VECTOR('',#12048,10.);
#3334=VECTOR('',#12051,10.);
#3335=VECTOR('',#12054,10.);
#3336=VECTOR('',#12057,10.);
#3337=VECTOR('',#12060,10.);
#3338=VECTOR('',#12063,10.);
#3339=VECTOR('',#12066,10.);
#3340=VECTOR('',#12069,10.);
#3341=VECTOR('',#12072,10.);
#3342=VECTOR('',#12075,10.);
#3343=VECTOR('',#12078,10.);
#3344=VECTOR('',#12081,10.);
#3345=VECTOR('',#12084,10.);
#3346=VECTOR('',#12087,10.);
#3347=VECTOR('',#12090,10.);
#3348=VECTOR('',#12093,10.);
#3349=VECTOR('',#12094,10.);
#3350=VECTOR('',#12097,10.);
#3351=VECTOR('',#12100,10.);
#3352=VECTOR('',#12103,10.);
#3353=VECTOR('',#12106,10.);
#3354=VECTOR('',#12109,10.);
#3355=VECTOR('',#12112,10.);
#3356=VECTOR('',#12115,10.);
#3357=VECTOR('',#12118,10.);
#3358=VECTOR('',#12121,10.);
#3359=VECTOR('',#12124,10.);
#3360=VECTOR('',#12127,10.);
#3361=VECTOR('',#12130,10.);
#3362=VECTOR('',#12133,10.);
#3363=VECTOR('',#12136,10.);
#3364=VECTOR('',#12139,10.);
#3365=VECTOR('',#12142,10.);
#3366=VECTOR('',#12145,10.);
#3367=VECTOR('',#12150,10.);
#3368=VECTOR('',#12153,10.);
#3369=VECTOR('',#12156,10.);
#3370=VECTOR('',#12157,10.);
#3371=VECTOR('',#12160,10.);
#3372=VECTOR('',#12163,10.);
#3373=VECTOR('',#12166,10.);
#3374=VECTOR('',#12171,10.);
#3375=VECTOR('',#12174,10.);
#3376=VECTOR('',#12177,10.);
#3377=VECTOR('',#12180,10.);
#3378=VECTOR('',#12183,10.);
#3379=VECTOR('',#12186,10.);
#3380=VECTOR('',#12189,10.);
#3381=VECTOR('',#12192,10.);
#3382=VECTOR('',#12195,10.);
#3383=VECTOR('',#12198,10.);
#3384=VECTOR('',#12201,10.);
#3385=VECTOR('',#12204,10.);
#3386=VECTOR('',#12207,10.);
#3387=VECTOR('',#12210,10.);
#3388=VECTOR('',#12213,10.);
#3389=VECTOR('',#12216,10.);
#3390=VECTOR('',#12219,10.);
#3391=VECTOR('',#12222,10.);
#3392=VECTOR('',#12225,10.);
#3393=VECTOR('',#12228,10.);
#3394=VECTOR('',#12231,10.);
#3395=VECTOR('',#12234,10.);
#3396=VECTOR('',#12237,10.);
#3397=VECTOR('',#12240,10.);
#3398=VECTOR('',#12243,10.);
#3399=VECTOR('',#12246,10.);
#3400=VECTOR('',#12249,10.);
#3401=VECTOR('',#12252,10.);
#3402=VECTOR('',#12255,10.);
#3403=VECTOR('',#12258,10.);
#3404=VECTOR('',#12261,10.);
#3405=VECTOR('',#12264,10.);
#3406=VECTOR('',#12267,10.);
#3407=VECTOR('',#12270,10.);
#3408=VECTOR('',#12273,10.);
#3409=VECTOR('',#12276,10.);
#3410=VECTOR('',#12279,10.);
#3411=VECTOR('',#12282,10.);
#3412=VECTOR('',#12285,10.);
#3413=VECTOR('',#12288,10.);
#3414=VECTOR('',#12291,10.);
#3415=VECTOR('',#12294,10.);
#3416=VECTOR('',#12297,10.);
#3417=VECTOR('',#12300,10.);
#3418=VECTOR('',#12303,10.);
#3419=VECTOR('',#12306,10.);
#3420=VECTOR('',#12309,10.);
#3421=VECTOR('',#12312,10.);
#3422=VECTOR('',#12315,10.);
#3423=VECTOR('',#12318,10.);
#3424=VECTOR('',#12321,10.);
#3425=VECTOR('',#12324,10.);
#3426=VECTOR('',#12327,10.);
#3427=VECTOR('',#12330,10.);
#3428=VECTOR('',#12333,10.);
#3429=VECTOR('',#12336,10.);
#3430=VECTOR('',#12339,10.);
#3431=VECTOR('',#12342,10.);
#3432=VECTOR('',#12345,10.);
#3433=VECTOR('',#12348,10.);
#3434=VECTOR('',#12351,10.);
#3435=VECTOR('',#12354,10.);
#3436=VECTOR('',#12357,10.);
#3437=VECTOR('',#12360,10.);
#3438=VECTOR('',#12363,10.);
#3439=VERTEX_POINT('',#12368);
#3440=VERTEX_POINT('',#12369);
#3441=VERTEX_POINT('',#12371);
#3442=VERTEX_POINT('',#12373);
#3443=VERTEX_POINT('',#12377);
#3444=VERTEX_POINT('',#12379);
#3445=VERTEX_POINT('',#12383);
#3446=VERTEX_POINT('',#12385);
#3447=VERTEX_POINT('',#12389);
#3448=VERTEX_POINT('',#12391);
#3449=VERTEX_POINT('',#12395);
#3450=VERTEX_POINT('',#12397);
#3451=VERTEX_POINT('',#12401);
#3452=VERTEX_POINT('',#12402);
#3453=VERTEX_POINT('',#12404);
#3454=VERTEX_POINT('',#12406);
#3455=VERTEX_POINT('',#12410);
#3456=VERTEX_POINT('',#12412);
#3457=VERTEX_POINT('',#12416);
#3458=VERTEX_POINT('',#12418);
#3459=VERTEX_POINT('',#12422);
#3460=VERTEX_POINT('',#12424);
#3461=VERTEX_POINT('',#12428);
#3462=VERTEX_POINT('',#12430);
#3463=VERTEX_POINT('',#12434);
#3464=VERTEX_POINT('',#12435);
#3465=VERTEX_POINT('',#12437);
#3466=VERTEX_POINT('',#12439);
#3467=VERTEX_POINT('',#12443);
#3468=VERTEX_POINT('',#12444);
#3469=VERTEX_POINT('',#12446);
#3470=VERTEX_POINT('',#12448);
#3471=VERTEX_POINT('',#12450);
#3472=VERTEX_POINT('',#12452);
#3473=VERTEX_POINT('',#12454);
#3474=VERTEX_POINT('',#12456);
#3475=VERTEX_POINT('',#12458);
#3476=VERTEX_POINT('',#12460);
#3477=VERTEX_POINT('',#12462);
#3478=VERTEX_POINT('',#12464);
#3479=VERTEX_POINT('',#12466);
#3480=VERTEX_POINT('',#12468);
#3481=VERTEX_POINT('',#12470);
#3482=VERTEX_POINT('',#12472);
#3483=VERTEX_POINT('',#12474);
#3484=VERTEX_POINT('',#12476);
#3485=VERTEX_POINT('',#12478);
#3486=VERTEX_POINT('',#12480);
#3487=VERTEX_POINT('',#12482);
#3488=VERTEX_POINT('',#12484);
#3489=VERTEX_POINT('',#12486);
#3490=VERTEX_POINT('',#12488);
#3491=VERTEX_POINT('',#12490);
#3492=VERTEX_POINT('',#12492);
#3493=VERTEX_POINT('',#12494);
#3494=VERTEX_POINT('',#12496);
#3495=VERTEX_POINT('',#12498);
#3496=VERTEX_POINT('',#12500);
#3497=VERTEX_POINT('',#12502);
#3498=VERTEX_POINT('',#12504);
#3499=VERTEX_POINT('',#12506);
#3500=VERTEX_POINT('',#12508);
#3501=VERTEX_POINT('',#12510);
#3502=VERTEX_POINT('',#12512);
#3503=VERTEX_POINT('',#12514);
#3504=VERTEX_POINT('',#12516);
#3505=VERTEX_POINT('',#12518);
#3506=VERTEX_POINT('',#12520);
#3507=VERTEX_POINT('',#12522);
#3508=VERTEX_POINT('',#12524);
#3509=VERTEX_POINT('',#12526);
#3510=VERTEX_POINT('',#12528);
#3511=VERTEX_POINT('',#12530);
#3512=VERTEX_POINT('',#12532);
#3513=VERTEX_POINT('',#12534);
#3514=VERTEX_POINT('',#12536);
#3515=VERTEX_POINT('',#12538);
#3516=VERTEX_POINT('',#12540);
#3517=VERTEX_POINT('',#12542);
#3518=VERTEX_POINT('',#12544);
#3519=VERTEX_POINT('',#12546);
#3520=VERTEX_POINT('',#12548);
#3521=VERTEX_POINT('',#12550);
#3522=VERTEX_POINT('',#12552);
#3523=VERTEX_POINT('',#12554);
#3524=VERTEX_POINT('',#12556);
#3525=VERTEX_POINT('',#12558);
#3526=VERTEX_POINT('',#12560);
#3527=VERTEX_POINT('',#12562);
#3528=VERTEX_POINT('',#12564);
#3529=VERTEX_POINT('',#12566);
#3530=VERTEX_POINT('',#12568);
#3531=VERTEX_POINT('',#12570);
#3532=VERTEX_POINT('',#12572);
#3533=VERTEX_POINT('',#12574);
#3534=VERTEX_POINT('',#12576);
#3535=VERTEX_POINT('',#12578);
#3536=VERTEX_POINT('',#12580);
#3537=VERTEX_POINT('',#12582);
#3538=VERTEX_POINT('',#12584);
#3539=VERTEX_POINT('',#12586);
#3540=VERTEX_POINT('',#12588);
#3541=VERTEX_POINT('',#12590);
#3542=VERTEX_POINT('',#12593);
#3543=VERTEX_POINT('',#12594);
#3544=VERTEX_POINT('',#12596);
#3545=VERTEX_POINT('',#12598);
#3546=VERTEX_POINT('',#12600);
#3547=VERTEX_POINT('',#12602);
#3548=VERTEX_POINT('',#12604);
#3549=VERTEX_POINT('',#12606);
#3550=VERTEX_POINT('',#12609);
#3551=VERTEX_POINT('',#12610);
#3552=VERTEX_POINT('',#12612);
#3553=VERTEX_POINT('',#12614);
#3554=VERTEX_POINT('',#12616);
#3555=VERTEX_POINT('',#12618);
#3556=VERTEX_POINT('',#12620);
#3557=VERTEX_POINT('',#12622);
#3558=VERTEX_POINT('',#12625);
#3559=VERTEX_POINT('',#12626);
#3560=VERTEX_POINT('',#12628);
#3561=VERTEX_POINT('',#12630);
#3562=VERTEX_POINT('',#12632);
#3563=VERTEX_POINT('',#12634);
#3564=VERTEX_POINT('',#12636);
#3565=VERTEX_POINT('',#12638);
#3566=VERTEX_POINT('',#12641);
#3567=VERTEX_POINT('',#12642);
#3568=VERTEX_POINT('',#12644);
#3569=VERTEX_POINT('',#12646);
#3570=VERTEX_POINT('',#12648);
#3571=VERTEX_POINT('',#12650);
#3572=VERTEX_POINT('',#12652);
#3573=VERTEX_POINT('',#12654);
#3574=VERTEX_POINT('',#12657);
#3575=VERTEX_POINT('',#12658);
#3576=VERTEX_POINT('',#12660);
#3577=VERTEX_POINT('',#12662);
#3578=VERTEX_POINT('',#12664);
#3579=VERTEX_POINT('',#12666);
#3580=VERTEX_POINT('',#12668);
#3581=VERTEX_POINT('',#12670);
#3582=VERTEX_POINT('',#12673);
#3583=VERTEX_POINT('',#12674);
#3584=VERTEX_POINT('',#12676);
#3585=VERTEX_POINT('',#12678);
#3586=VERTEX_POINT('',#12680);
#3587=VERTEX_POINT('',#12682);
#3588=VERTEX_POINT('',#12684);
#3589=VERTEX_POINT('',#12686);
#3590=VERTEX_POINT('',#12689);
#3591=VERTEX_POINT('',#12690);
#3592=VERTEX_POINT('',#12692);
#3593=VERTEX_POINT('',#12694);
#3594=VERTEX_POINT('',#12696);
#3595=VERTEX_POINT('',#12698);
#3596=VERTEX_POINT('',#12700);
#3597=VERTEX_POINT('',#12702);
#3598=VERTEX_POINT('',#12705);
#3599=VERTEX_POINT('',#12706);
#3600=VERTEX_POINT('',#12708);
#3601=VERTEX_POINT('',#12710);
#3602=VERTEX_POINT('',#12712);
#3603=VERTEX_POINT('',#12714);
#3604=VERTEX_POINT('',#12716);
#3605=VERTEX_POINT('',#12718);
#3606=VERTEX_POINT('',#12721);
#3607=VERTEX_POINT('',#12722);
#3608=VERTEX_POINT('',#12724);
#3609=VERTEX_POINT('',#12726);
#3610=VERTEX_POINT('',#12728);
#3611=VERTEX_POINT('',#12730);
#3612=VERTEX_POINT('',#12732);
#3613=VERTEX_POINT('',#12734);
#3614=VERTEX_POINT('',#12737);
#3615=VERTEX_POINT('',#12738);
#3616=VERTEX_POINT('',#12740);
#3617=VERTEX_POINT('',#12742);
#3618=VERTEX_POINT('',#12744);
#3619=VERTEX_POINT('',#12746);
#3620=VERTEX_POINT('',#12748);
#3621=VERTEX_POINT('',#12750);
#3622=VERTEX_POINT('',#12753);
#3623=VERTEX_POINT('',#12754);
#3624=VERTEX_POINT('',#12756);
#3625=VERTEX_POINT('',#12758);
#3626=VERTEX_POINT('',#12760);
#3627=VERTEX_POINT('',#12762);
#3628=VERTEX_POINT('',#12764);
#3629=VERTEX_POINT('',#12766);
#3630=VERTEX_POINT('',#12769);
#3631=VERTEX_POINT('',#12770);
#3632=VERTEX_POINT('',#12772);
#3633=VERTEX_POINT('',#12774);
#3634=VERTEX_POINT('',#12776);
#3635=VERTEX_POINT('',#12778);
#3636=VERTEX_POINT('',#12780);
#3637=VERTEX_POINT('',#12782);
#3638=VERTEX_POINT('',#12785);
#3639=VERTEX_POINT('',#12786);
#3640=VERTEX_POINT('',#12788);
#3641=VERTEX_POINT('',#12790);
#3642=VERTEX_POINT('',#12792);
#3643=VERTEX_POINT('',#12794);
#3644=VERTEX_POINT('',#12796);
#3645=VERTEX_POINT('',#12798);
#3646=VERTEX_POINT('',#12801);
#3647=VERTEX_POINT('',#12802);
#3648=VERTEX_POINT('',#12804);
#3649=VERTEX_POINT('',#12806);
#3650=VERTEX_POINT('',#12808);
#3651=VERTEX_POINT('',#12810);
#3652=VERTEX_POINT('',#12812);
#3653=VERTEX_POINT('',#12814);
#3654=VERTEX_POINT('',#12817);
#3655=VERTEX_POINT('',#12818);
#3656=VERTEX_POINT('',#12820);
#3657=VERTEX_POINT('',#12822);
#3658=VERTEX_POINT('',#12824);
#3659=VERTEX_POINT('',#12826);
#3660=VERTEX_POINT('',#12828);
#3661=VERTEX_POINT('',#12830);
#3662=VERTEX_POINT('',#12833);
#3663=VERTEX_POINT('',#12834);
#3664=VERTEX_POINT('',#12836);
#3665=VERTEX_POINT('',#12838);
#3666=VERTEX_POINT('',#12840);
#3667=VERTEX_POINT('',#12842);
#3668=VERTEX_POINT('',#12844);
#3669=VERTEX_POINT('',#12846);
#3670=VERTEX_POINT('',#12849);
#3671=VERTEX_POINT('',#12850);
#3672=VERTEX_POINT('',#12852);
#3673=VERTEX_POINT('',#12854);
#3674=VERTEX_POINT('',#12856);
#3675=VERTEX_POINT('',#12858);
#3676=VERTEX_POINT('',#12860);
#3677=VERTEX_POINT('',#12862);
#3678=VERTEX_POINT('',#12865);
#3679=VERTEX_POINT('',#12866);
#3680=VERTEX_POINT('',#12868);
#3681=VERTEX_POINT('',#12870);
#3682=VERTEX_POINT('',#12872);
#3683=VERTEX_POINT('',#12874);
#3684=VERTEX_POINT('',#12876);
#3685=VERTEX_POINT('',#12878);
#3686=VERTEX_POINT('',#12881);
#3687=VERTEX_POINT('',#12882);
#3688=VERTEX_POINT('',#12884);
#3689=VERTEX_POINT('',#12886);
#3690=VERTEX_POINT('',#12888);
#3691=VERTEX_POINT('',#12890);
#3692=VERTEX_POINT('',#12892);
#3693=VERTEX_POINT('',#12894);
#3694=VERTEX_POINT('',#12897);
#3695=VERTEX_POINT('',#12898);
#3696=VERTEX_POINT('',#12900);
#3697=VERTEX_POINT('',#12902);
#3698=VERTEX_POINT('',#12904);
#3699=VERTEX_POINT('',#12906);
#3700=VERTEX_POINT('',#12908);
#3701=VERTEX_POINT('',#12910);
#3702=VERTEX_POINT('',#12913);
#3703=VERTEX_POINT('',#12914);
#3704=VERTEX_POINT('',#12916);
#3705=VERTEX_POINT('',#12918);
#3706=VERTEX_POINT('',#12920);
#3707=VERTEX_POINT('',#12922);
#3708=VERTEX_POINT('',#12924);
#3709=VERTEX_POINT('',#12926);
#3710=VERTEX_POINT('',#12929);
#3711=VERTEX_POINT('',#12930);
#3712=VERTEX_POINT('',#12932);
#3713=VERTEX_POINT('',#12934);
#3714=VERTEX_POINT('',#12936);
#3715=VERTEX_POINT('',#12938);
#3716=VERTEX_POINT('',#12940);
#3717=VERTEX_POINT('',#12942);
#3718=VERTEX_POINT('',#12945);
#3719=VERTEX_POINT('',#12946);
#3720=VERTEX_POINT('',#12948);
#3721=VERTEX_POINT('',#12950);
#3722=VERTEX_POINT('',#12952);
#3723=VERTEX_POINT('',#12954);
#3724=VERTEX_POINT('',#12956);
#3725=VERTEX_POINT('',#12958);
#3726=VERTEX_POINT('',#12961);
#3727=VERTEX_POINT('',#12962);
#3728=VERTEX_POINT('',#12964);
#3729=VERTEX_POINT('',#12966);
#3730=VERTEX_POINT('',#12968);
#3731=VERTEX_POINT('',#12970);
#3732=VERTEX_POINT('',#12972);
#3733=VERTEX_POINT('',#12974);
#3734=VERTEX_POINT('',#12977);
#3735=VERTEX_POINT('',#12978);
#3736=VERTEX_POINT('',#12980);
#3737=VERTEX_POINT('',#12982);
#3738=VERTEX_POINT('',#12984);
#3739=VERTEX_POINT('',#12986);
#3740=VERTEX_POINT('',#12988);
#3741=VERTEX_POINT('',#12990);
#3742=VERTEX_POINT('',#12993);
#3743=VERTEX_POINT('',#12994);
#3744=VERTEX_POINT('',#12996);
#3745=VERTEX_POINT('',#12998);
#3746=VERTEX_POINT('',#13000);
#3747=VERTEX_POINT('',#13002);
#3748=VERTEX_POINT('',#13004);
#3749=VERTEX_POINT('',#13006);
#3750=VERTEX_POINT('',#13009);
#3751=VERTEX_POINT('',#13010);
#3752=VERTEX_POINT('',#13012);
#3753=VERTEX_POINT('',#13014);
#3754=VERTEX_POINT('',#13016);
#3755=VERTEX_POINT('',#13018);
#3756=VERTEX_POINT('',#13020);
#3757=VERTEX_POINT('',#13022);
#3758=VERTEX_POINT('',#13025);
#3759=VERTEX_POINT('',#13026);
#3760=VERTEX_POINT('',#13028);
#3761=VERTEX_POINT('',#13030);
#3762=VERTEX_POINT('',#13032);
#3763=VERTEX_POINT('',#13034);
#3764=VERTEX_POINT('',#13036);
#3765=VERTEX_POINT('',#13038);
#3766=VERTEX_POINT('',#13041);
#3767=VERTEX_POINT('',#13042);
#3768=VERTEX_POINT('',#13044);
#3769=VERTEX_POINT('',#13046);
#3770=VERTEX_POINT('',#13048);
#3771=VERTEX_POINT('',#13050);
#3772=VERTEX_POINT('',#13052);
#3773=VERTEX_POINT('',#13054);
#3774=VERTEX_POINT('',#13057);
#3775=VERTEX_POINT('',#13058);
#3776=VERTEX_POINT('',#13060);
#3777=VERTEX_POINT('',#13062);
#3778=VERTEX_POINT('',#13064);
#3779=VERTEX_POINT('',#13066);
#3780=VERTEX_POINT('',#13068);
#3781=VERTEX_POINT('',#13070);
#3782=VERTEX_POINT('',#13073);
#3783=VERTEX_POINT('',#13074);
#3784=VERTEX_POINT('',#13076);
#3785=VERTEX_POINT('',#13078);
#3786=VERTEX_POINT('',#13080);
#3787=VERTEX_POINT('',#13082);
#3788=VERTEX_POINT('',#13084);
#3789=VERTEX_POINT('',#13086);
#3790=VERTEX_POINT('',#13089);
#3791=VERTEX_POINT('',#13090);
#3792=VERTEX_POINT('',#13092);
#3793=VERTEX_POINT('',#13094);
#3794=VERTEX_POINT('',#13096);
#3795=VERTEX_POINT('',#13098);
#3796=VERTEX_POINT('',#13100);
#3797=VERTEX_POINT('',#13102);
#3798=VERTEX_POINT('',#13105);
#3799=VERTEX_POINT('',#13106);
#3800=VERTEX_POINT('',#13108);
#3801=VERTEX_POINT('',#13110);
#3802=VERTEX_POINT('',#13112);
#3803=VERTEX_POINT('',#13114);
#3804=VERTEX_POINT('',#13116);
#3805=VERTEX_POINT('',#13118);
#3806=VERTEX_POINT('',#13121);
#3807=VERTEX_POINT('',#13122);
#3808=VERTEX_POINT('',#13124);
#3809=VERTEX_POINT('',#13126);
#3810=VERTEX_POINT('',#13128);
#3811=VERTEX_POINT('',#13130);
#3812=VERTEX_POINT('',#13132);
#3813=VERTEX_POINT('',#13134);
#3814=VERTEX_POINT('',#13137);
#3815=VERTEX_POINT('',#13138);
#3816=VERTEX_POINT('',#13140);
#3817=VERTEX_POINT('',#13142);
#3818=VERTEX_POINT('',#13144);
#3819=VERTEX_POINT('',#13146);
#3820=VERTEX_POINT('',#13148);
#3821=VERTEX_POINT('',#13150);
#3822=VERTEX_POINT('',#13153);
#3823=VERTEX_POINT('',#13154);
#3824=VERTEX_POINT('',#13156);
#3825=VERTEX_POINT('',#13158);
#3826=VERTEX_POINT('',#13160);
#3827=VERTEX_POINT('',#13162);
#3828=VERTEX_POINT('',#13164);
#3829=VERTEX_POINT('',#13166);
#3830=VERTEX_POINT('',#13169);
#3831=VERTEX_POINT('',#13170);
#3832=VERTEX_POINT('',#13172);
#3833=VERTEX_POINT('',#13174);
#3834=VERTEX_POINT('',#13176);
#3835=VERTEX_POINT('',#13178);
#3836=VERTEX_POINT('',#13180);
#3837=VERTEX_POINT('',#13182);
#3838=VERTEX_POINT('',#13185);
#3839=VERTEX_POINT('',#13187);
#3840=VERTEX_POINT('',#13189);
#3841=VERTEX_POINT('',#13191);
#3842=VERTEX_POINT('',#13193);
#3843=VERTEX_POINT('',#13195);
#3844=VERTEX_POINT('',#13198);
#3845=VERTEX_POINT('',#13200);
#3846=VERTEX_POINT('',#13202);
#3847=VERTEX_POINT('',#13204);
#3848=VERTEX_POINT('',#13206);
#3849=VERTEX_POINT('',#13208);
#3850=VERTEX_POINT('',#13210);
#3851=VERTEX_POINT('',#13212);
#3852=VERTEX_POINT('',#13214);
#3853=VERTEX_POINT('',#13217);
#3854=VERTEX_POINT('',#13219);
#3855=VERTEX_POINT('',#13221);
#3856=VERTEX_POINT('',#13223);
#3857=VERTEX_POINT('',#13225);
#3858=VERTEX_POINT('',#13227);
#3859=VERTEX_POINT('',#13229);
#3860=VERTEX_POINT('',#13231);
#3861=VERTEX_POINT('',#13233);
#3862=VERTEX_POINT('',#13235);
#3863=VERTEX_POINT('',#13237);
#3864=VERTEX_POINT('',#13239);
#3865=VERTEX_POINT('',#13241);
#3866=VERTEX_POINT('',#13243);
#3867=VERTEX_POINT('',#13245);
#3868=VERTEX_POINT('',#13247);
#3869=VERTEX_POINT('',#13249);
#3870=VERTEX_POINT('',#13251);
#3871=VERTEX_POINT('',#13253);
#3872=VERTEX_POINT('',#13255);
#3873=VERTEX_POINT('',#13257);
#3874=VERTEX_POINT('',#13259);
#3875=VERTEX_POINT('',#13261);
#3876=VERTEX_POINT('',#13263);
#3877=VERTEX_POINT('',#13265);
#3878=VERTEX_POINT('',#13267);
#3879=VERTEX_POINT('',#13269);
#3880=VERTEX_POINT('',#13271);
#3881=VERTEX_POINT('',#13273);
#3882=VERTEX_POINT('',#13275);
#3883=VERTEX_POINT('',#13277);
#3884=VERTEX_POINT('',#13279);
#3885=VERTEX_POINT('',#13281);
#3886=VERTEX_POINT('',#13283);
#3887=VERTEX_POINT('',#13285);
#3888=VERTEX_POINT('',#13289);
#3889=VERTEX_POINT('',#13291);
#3890=VERTEX_POINT('',#13295);
#3891=VERTEX_POINT('',#13299);
#3892=VERTEX_POINT('',#13301);
#3893=VERTEX_POINT('',#13305);
#3894=VERTEX_POINT('',#13309);
#3895=VERTEX_POINT('',#13313);
#3896=VERTEX_POINT('',#13317);
#3897=VERTEX_POINT('',#13321);
#3898=VERTEX_POINT('',#13325);
#3899=VERTEX_POINT('',#13329);
#3900=VERTEX_POINT('',#13335);
#3901=VERTEX_POINT('',#13339);
#3902=VERTEX_POINT('',#13343);
#3903=VERTEX_POINT('',#13347);
#3904=VERTEX_POINT('',#13351);
#3905=VERTEX_POINT('',#13355);
#3906=VERTEX_POINT('',#13359);
#3907=VERTEX_POINT('',#13363);
#3908=VERTEX_POINT('',#13367);
#3909=VERTEX_POINT('',#13371);
#3910=VERTEX_POINT('',#13375);
#3911=VERTEX_POINT('',#13379);
#3912=VERTEX_POINT('',#13383);
#3913=VERTEX_POINT('',#13387);
#3914=VERTEX_POINT('',#13391);
#3915=VERTEX_POINT('',#13395);
#3916=VERTEX_POINT('',#13399);
#3917=VERTEX_POINT('',#13403);
#3918=VERTEX_POINT('',#13407);
#3919=VERTEX_POINT('',#13411);
#3920=VERTEX_POINT('',#13415);
#3921=VERTEX_POINT('',#13419);
#3922=VERTEX_POINT('',#13423);
#3923=VERTEX_POINT('',#13427);
#3924=VERTEX_POINT('',#13431);
#3925=VERTEX_POINT('',#13435);
#3926=VERTEX_POINT('',#13439);
#3927=VERTEX_POINT('',#13443);
#3928=VERTEX_POINT('',#13447);
#3929=VERTEX_POINT('',#13453);
#3930=VERTEX_POINT('',#13457);
#3931=VERTEX_POINT('',#13461);
#3932=VERTEX_POINT('',#13467);
#3933=VERTEX_POINT('',#13471);
#3934=VERTEX_POINT('',#13472);
#3935=VERTEX_POINT('',#13477);
#3936=VERTEX_POINT('',#13481);
#3937=VERTEX_POINT('',#13485);
#3938=VERTEX_POINT('',#13489);
#3939=VERTEX_POINT('',#13493);
#3940=VERTEX_POINT('',#13497);
#3941=VERTEX_POINT('',#13503);
#3942=VERTEX_POINT('',#13504);
#3943=VERTEX_POINT('',#13509);
#3944=VERTEX_POINT('',#13513);
#3945=VERTEX_POINT('',#13517);
#3946=VERTEX_POINT('',#13521);
#3947=VERTEX_POINT('',#13525);
#3948=VERTEX_POINT('',#13529);
#3949=VERTEX_POINT('',#13535);
#3950=VERTEX_POINT('',#13536);
#3951=VERTEX_POINT('',#13541);
#3952=VERTEX_POINT('',#13545);
#3953=VERTEX_POINT('',#13549);
#3954=VERTEX_POINT('',#13553);
#3955=VERTEX_POINT('',#13557);
#3956=VERTEX_POINT('',#13561);
#3957=VERTEX_POINT('',#13567);
#3958=VERTEX_POINT('',#13568);
#3959=VERTEX_POINT('',#13573);
#3960=VERTEX_POINT('',#13577);
#3961=VERTEX_POINT('',#13581);
#3962=VERTEX_POINT('',#13585);
#3963=VERTEX_POINT('',#13589);
#3964=VERTEX_POINT('',#13593);
#3965=VERTEX_POINT('',#13599);
#3966=VERTEX_POINT('',#13600);
#3967=VERTEX_POINT('',#13605);
#3968=VERTEX_POINT('',#13609);
#3969=VERTEX_POINT('',#13613);
#3970=VERTEX_POINT('',#13617);
#3971=VERTEX_POINT('',#13621);
#3972=VERTEX_POINT('',#13625);
#3973=VERTEX_POINT('',#13631);
#3974=VERTEX_POINT('',#13632);
#3975=VERTEX_POINT('',#13637);
#3976=VERTEX_POINT('',#13641);
#3977=VERTEX_POINT('',#13645);
#3978=VERTEX_POINT('',#13649);
#3979=VERTEX_POINT('',#13653);
#3980=VERTEX_POINT('',#13657);
#3981=VERTEX_POINT('',#13663);
#3982=VERTEX_POINT('',#13664);
#3983=VERTEX_POINT('',#13669);
#3984=VERTEX_POINT('',#13673);
#3985=VERTEX_POINT('',#13677);
#3986=VERTEX_POINT('',#13681);
#3987=VERTEX_POINT('',#13685);
#3988=VERTEX_POINT('',#13689);
#3989=VERTEX_POINT('',#13695);
#3990=VERTEX_POINT('',#13696);
#3991=VERTEX_POINT('',#13701);
#3992=VERTEX_POINT('',#13705);
#3993=VERTEX_POINT('',#13709);
#3994=VERTEX_POINT('',#13713);
#3995=VERTEX_POINT('',#13717);
#3996=VERTEX_POINT('',#13721);
#3997=VERTEX_POINT('',#13727);
#3998=VERTEX_POINT('',#13728);
#3999=VERTEX_POINT('',#13733);
#4000=VERTEX_POINT('',#13737);
#4001=VERTEX_POINT('',#13741);
#4002=VERTEX_POINT('',#13745);
#4003=VERTEX_POINT('',#13749);
#4004=VERTEX_POINT('',#13753);
#4005=VERTEX_POINT('',#13759);
#4006=VERTEX_POINT('',#13763);
#4007=VERTEX_POINT('',#13769);
#4008=VERTEX_POINT('',#13773);
#4009=VERTEX_POINT('',#13777);
#4010=VERTEX_POINT('',#13783);
#4011=VERTEX_POINT('',#13784);
#4012=VERTEX_POINT('',#13789);
#4013=VERTEX_POINT('',#13793);
#4014=VERTEX_POINT('',#13797);
#4015=VERTEX_POINT('',#13801);
#4016=VERTEX_POINT('',#13805);
#4017=VERTEX_POINT('',#13809);
#4018=VERTEX_POINT('',#13815);
#4019=VERTEX_POINT('',#13816);
#4020=VERTEX_POINT('',#13821);
#4021=VERTEX_POINT('',#13825);
#4022=VERTEX_POINT('',#13829);
#4023=VERTEX_POINT('',#13833);
#4024=VERTEX_POINT('',#13837);
#4025=VERTEX_POINT('',#13841);
#4026=VERTEX_POINT('',#13847);
#4027=VERTEX_POINT('',#13848);
#4028=VERTEX_POINT('',#13853);
#4029=VERTEX_POINT('',#13857);
#4030=VERTEX_POINT('',#13861);
#4031=VERTEX_POINT('',#13865);
#4032=VERTEX_POINT('',#13869);
#4033=VERTEX_POINT('',#13873);
#4034=VERTEX_POINT('',#13879);
#4035=VERTEX_POINT('',#13880);
#4036=VERTEX_POINT('',#13885);
#4037=VERTEX_POINT('',#13889);
#4038=VERTEX_POINT('',#13893);
#4039=VERTEX_POINT('',#13897);
#4040=VERTEX_POINT('',#13901);
#4041=VERTEX_POINT('',#13905);
#4042=VERTEX_POINT('',#13911);
#4043=VERTEX_POINT('',#13912);
#4044=VERTEX_POINT('',#13917);
#4045=VERTEX_POINT('',#13921);
#4046=VERTEX_POINT('',#13925);
#4047=VERTEX_POINT('',#13929);
#4048=VERTEX_POINT('',#13933);
#4049=VERTEX_POINT('',#13937);
#4050=VERTEX_POINT('',#13943);
#4051=VERTEX_POINT('',#13944);
#4052=VERTEX_POINT('',#13949);
#4053=VERTEX_POINT('',#13953);
#4054=VERTEX_POINT('',#13957);
#4055=VERTEX_POINT('',#13961);
#4056=VERTEX_POINT('',#13965);
#4057=VERTEX_POINT('',#13969);
#4058=VERTEX_POINT('',#13975);
#4059=VERTEX_POINT('',#13976);
#4060=VERTEX_POINT('',#13981);
#4061=VERTEX_POINT('',#13985);
#4062=VERTEX_POINT('',#13989);
#4063=VERTEX_POINT('',#13993);
#4064=VERTEX_POINT('',#13997);
#4065=VERTEX_POINT('',#14001);
#4066=VERTEX_POINT('',#14007);
#4067=VERTEX_POINT('',#14008);
#4068=VERTEX_POINT('',#14013);
#4069=VERTEX_POINT('',#14017);
#4070=VERTEX_POINT('',#14021);
#4071=VERTEX_POINT('',#14025);
#4072=VERTEX_POINT('',#14029);
#4073=VERTEX_POINT('',#14033);
#4074=VERTEX_POINT('',#14039);
#4075=VERTEX_POINT('',#14040);
#4076=VERTEX_POINT('',#14045);
#4077=VERTEX_POINT('',#14049);
#4078=VERTEX_POINT('',#14053);
#4079=VERTEX_POINT('',#14057);
#4080=VERTEX_POINT('',#14061);
#4081=VERTEX_POINT('',#14065);
#4082=VERTEX_POINT('',#14071);
#4083=VERTEX_POINT('',#14072);
#4084=VERTEX_POINT('',#14077);
#4085=VERTEX_POINT('',#14081);
#4086=VERTEX_POINT('',#14085);
#4087=VERTEX_POINT('',#14089);
#4088=VERTEX_POINT('',#14093);
#4089=VERTEX_POINT('',#14097);
#4090=VERTEX_POINT('',#14103);
#4091=VERTEX_POINT('',#14104);
#4092=VERTEX_POINT('',#14109);
#4093=VERTEX_POINT('',#14113);
#4094=VERTEX_POINT('',#14117);
#4095=VERTEX_POINT('',#14121);
#4096=VERTEX_POINT('',#14125);
#4097=VERTEX_POINT('',#14129);
#4098=VERTEX_POINT('',#14135);
#4099=VERTEX_POINT('',#14136);
#4100=VERTEX_POINT('',#14141);
#4101=VERTEX_POINT('',#14145);
#4102=VERTEX_POINT('',#14149);
#4103=VERTEX_POINT('',#14153);
#4104=VERTEX_POINT('',#14157);
#4105=VERTEX_POINT('',#14161);
#4106=VERTEX_POINT('',#14167);
#4107=VERTEX_POINT('',#14168);
#4108=VERTEX_POINT('',#14173);
#4109=VERTEX_POINT('',#14177);
#4110=VERTEX_POINT('',#14181);
#4111=VERTEX_POINT('',#14185);
#4112=VERTEX_POINT('',#14189);
#4113=VERTEX_POINT('',#14193);
#4114=VERTEX_POINT('',#14199);
#4115=VERTEX_POINT('',#14200);
#4116=VERTEX_POINT('',#14205);
#4117=VERTEX_POINT('',#14209);
#4118=VERTEX_POINT('',#14213);
#4119=VERTEX_POINT('',#14217);
#4120=VERTEX_POINT('',#14221);
#4121=VERTEX_POINT('',#14225);
#4122=VERTEX_POINT('',#14231);
#4123=VERTEX_POINT('',#14232);
#4124=VERTEX_POINT('',#14237);
#4125=VERTEX_POINT('',#14241);
#4126=VERTEX_POINT('',#14245);
#4127=VERTEX_POINT('',#14249);
#4128=VERTEX_POINT('',#14253);
#4129=VERTEX_POINT('',#14257);
#4130=VERTEX_POINT('',#14263);
#4131=VERTEX_POINT('',#14264);
#4132=VERTEX_POINT('',#14269);
#4133=VERTEX_POINT('',#14273);
#4134=VERTEX_POINT('',#14277);
#4135=VERTEX_POINT('',#14281);
#4136=VERTEX_POINT('',#14285);
#4137=VERTEX_POINT('',#14289);
#4138=VERTEX_POINT('',#14295);
#4139=VERTEX_POINT('',#14296);
#4140=VERTEX_POINT('',#14301);
#4141=VERTEX_POINT('',#14305);
#4142=VERTEX_POINT('',#14309);
#4143=VERTEX_POINT('',#14313);
#4144=VERTEX_POINT('',#14317);
#4145=VERTEX_POINT('',#14321);
#4146=VERTEX_POINT('',#14327);
#4147=VERTEX_POINT('',#14328);
#4148=VERTEX_POINT('',#14333);
#4149=VERTEX_POINT('',#14337);
#4150=VERTEX_POINT('',#14341);
#4151=VERTEX_POINT('',#14345);
#4152=VERTEX_POINT('',#14349);
#4153=VERTEX_POINT('',#14353);
#4154=VERTEX_POINT('',#14359);
#4155=VERTEX_POINT('',#14360);
#4156=VERTEX_POINT('',#14365);
#4157=VERTEX_POINT('',#14369);
#4158=VERTEX_POINT('',#14373);
#4159=VERTEX_POINT('',#14377);
#4160=VERTEX_POINT('',#14381);
#4161=VERTEX_POINT('',#14385);
#4162=VERTEX_POINT('',#14391);
#4163=VERTEX_POINT('',#14392);
#4164=VERTEX_POINT('',#14397);
#4165=VERTEX_POINT('',#14401);
#4166=VERTEX_POINT('',#14405);
#4167=VERTEX_POINT('',#14409);
#4168=VERTEX_POINT('',#14413);
#4169=VERTEX_POINT('',#14417);
#4170=VERTEX_POINT('',#14423);
#4171=VERTEX_POINT('',#14424);
#4172=VERTEX_POINT('',#14429);
#4173=VERTEX_POINT('',#14433);
#4174=VERTEX_POINT('',#14437);
#4175=VERTEX_POINT('',#14441);
#4176=VERTEX_POINT('',#14445);
#4177=VERTEX_POINT('',#14449);
#4178=VERTEX_POINT('',#14455);
#4179=VERTEX_POINT('',#14456);
#4180=VERTEX_POINT('',#14461);
#4181=VERTEX_POINT('',#14465);
#4182=VERTEX_POINT('',#14469);
#4183=VERTEX_POINT('',#14473);
#4184=VERTEX_POINT('',#14477);
#4185=VERTEX_POINT('',#14481);
#4186=VERTEX_POINT('',#14487);
#4187=VERTEX_POINT('',#14488);
#4188=VERTEX_POINT('',#14493);
#4189=VERTEX_POINT('',#14497);
#4190=VERTEX_POINT('',#14501);
#4191=VERTEX_POINT('',#14505);
#4192=VERTEX_POINT('',#14509);
#4193=VERTEX_POINT('',#14513);
#4194=VERTEX_POINT('',#14519);
#4195=VERTEX_POINT('',#14520);
#4196=VERTEX_POINT('',#14525);
#4197=VERTEX_POINT('',#14529);
#4198=VERTEX_POINT('',#14533);
#4199=VERTEX_POINT('',#14537);
#4200=VERTEX_POINT('',#14541);
#4201=VERTEX_POINT('',#14545);
#4202=VERTEX_POINT('',#14551);
#4203=VERTEX_POINT('',#14552);
#4204=VERTEX_POINT('',#14557);
#4205=VERTEX_POINT('',#14561);
#4206=VERTEX_POINT('',#14565);
#4207=VERTEX_POINT('',#14569);
#4208=VERTEX_POINT('',#14573);
#4209=VERTEX_POINT('',#14577);
#4210=VERTEX_POINT('',#14583);
#4211=VERTEX_POINT('',#14584);
#4212=VERTEX_POINT('',#14589);
#4213=VERTEX_POINT('',#14593);
#4214=VERTEX_POINT('',#14597);
#4215=VERTEX_POINT('',#14601);
#4216=VERTEX_POINT('',#14605);
#4217=VERTEX_POINT('',#14609);
#4218=VERTEX_POINT('',#14615);
#4219=VERTEX_POINT('',#14616);
#4220=VERTEX_POINT('',#14621);
#4221=VERTEX_POINT('',#14625);
#4222=VERTEX_POINT('',#14629);
#4223=VERTEX_POINT('',#14633);
#4224=VERTEX_POINT('',#14637);
#4225=VERTEX_POINT('',#14641);
#4226=VERTEX_POINT('',#14647);
#4227=VERTEX_POINT('',#14648);
#4228=VERTEX_POINT('',#14653);
#4229=VERTEX_POINT('',#14657);
#4230=VERTEX_POINT('',#14661);
#4231=VERTEX_POINT('',#14665);
#4232=VERTEX_POINT('',#14669);
#4233=VERTEX_POINT('',#14673);
#4234=VERTEX_POINT('',#14679);
#4235=VERTEX_POINT('',#14681);
#4236=VERTEX_POINT('',#14685);
#4237=VERTEX_POINT('',#14689);
#4238=VERTEX_POINT('',#14690);
#4239=VERTEX_POINT('',#14692);
#4240=VERTEX_POINT('',#14694);
#4241=VERTEX_POINT('',#14696);
#4242=VERTEX_POINT('',#14698);
#4243=VERTEX_POINT('',#14700);
#4244=VERTEX_POINT('',#14702);
#4245=VERTEX_POINT('',#14704);
#4246=VERTEX_POINT('',#14706);
#4247=VERTEX_POINT('',#14708);
#4248=VERTEX_POINT('',#14710);
#4249=VERTEX_POINT('',#14712);
#4250=VERTEX_POINT('',#14714);
#4251=VERTEX_POINT('',#14716);
#4252=VERTEX_POINT('',#14718);
#4253=VERTEX_POINT('',#14720);
#4254=VERTEX_POINT('',#14722);
#4255=VERTEX_POINT('',#14724);
#4256=VERTEX_POINT('',#14726);
#4257=VERTEX_POINT('',#14728);
#4258=VERTEX_POINT('',#14730);
#4259=VERTEX_POINT('',#14732);
#4260=VERTEX_POINT('',#14734);
#4261=VERTEX_POINT('',#14736);
#4262=VERTEX_POINT('',#14738);
#4263=VERTEX_POINT('',#14740);
#4264=VERTEX_POINT('',#14742);
#4265=VERTEX_POINT('',#14744);
#4266=VERTEX_POINT('',#14746);
#4267=VERTEX_POINT('',#14748);
#4268=VERTEX_POINT('',#14750);
#4269=VERTEX_POINT('',#14752);
#4270=VERTEX_POINT('',#14754);
#4271=VERTEX_POINT('',#14756);
#4272=VERTEX_POINT('',#14758);
#4273=VERTEX_POINT('',#14760);
#4274=VERTEX_POINT('',#14763);
#4275=VERTEX_POINT('',#14765);
#4276=VERTEX_POINT('',#14767);
#4277=VERTEX_POINT('',#14769);
#4278=VERTEX_POINT('',#14771);
#4279=VERTEX_POINT('',#14773);
#4280=VERTEX_POINT('',#14775);
#4281=VERTEX_POINT('',#14777);
#4282=VERTEX_POINT('',#14779);
#4283=VERTEX_POINT('',#14781);
#4284=VERTEX_POINT('',#14783);
#4285=VERTEX_POINT('',#14785);
#4286=VERTEX_POINT('',#14787);
#4287=VERTEX_POINT('',#14789);
#4288=VERTEX_POINT('',#14791);
#4289=VERTEX_POINT('',#14793);
#4290=VERTEX_POINT('',#14795);
#4291=VERTEX_POINT('',#14797);
#4292=VERTEX_POINT('',#14799);
#4293=VERTEX_POINT('',#14801);
#4294=VERTEX_POINT('',#14803);
#4295=VERTEX_POINT('',#14805);
#4296=VERTEX_POINT('',#14807);
#4297=VERTEX_POINT('',#14809);
#4298=VERTEX_POINT('',#14811);
#4299=VERTEX_POINT('',#14813);
#4300=VERTEX_POINT('',#14815);
#4301=VERTEX_POINT('',#14817);
#4302=VERTEX_POINT('',#14819);
#4303=VERTEX_POINT('',#14821);
#4304=VERTEX_POINT('',#14823);
#4305=VERTEX_POINT('',#14825);
#4306=VERTEX_POINT('',#14827);
#4307=VERTEX_POINT('',#14829);
#4308=VERTEX_POINT('',#14831);
#4309=EDGE_CURVE('',#3439,#3440,#1677,.T.);
#4310=EDGE_CURVE('',#3439,#3441,#1678,.T.);
#4311=EDGE_CURVE('',#3442,#3441,#1679,.T.);
#4312=EDGE_CURVE('',#3440,#3442,#1680,.T.);
#4313=EDGE_CURVE('',#3443,#3439,#91,.T.);
#4314=EDGE_CURVE('',#3443,#3444,#1681,.T.);
#4315=EDGE_CURVE('',#3441,#3444,#92,.T.);
#4316=EDGE_CURVE('',#3445,#3443,#1682,.T.);
#4317=EDGE_CURVE('',#3445,#3446,#1683,.T.);
#4318=EDGE_CURVE('',#3444,#3446,#1684,.T.);
#4319=EDGE_CURVE('',#3447,#3445,#93,.T.);
#4320=EDGE_CURVE('',#3447,#3448,#1685,.T.);
#4321=EDGE_CURVE('',#3446,#3448,#94,.T.);
#4322=EDGE_CURVE('',#3449,#3447,#1686,.T.);
#4323=EDGE_CURVE('',#3449,#3450,#1687,.T.);
#4324=EDGE_CURVE('',#3448,#3450,#1688,.T.);
#4325=EDGE_CURVE('',#3451,#3452,#1689,.T.);
#4326=EDGE_CURVE('',#3451,#3453,#1690,.T.);
#4327=EDGE_CURVE('',#3454,#3453,#1691,.T.);
#4328=EDGE_CURVE('',#3452,#3454,#1692,.T.);
#4329=EDGE_CURVE('',#3455,#3451,#95,.T.);
#4330=EDGE_CURVE('',#3455,#3456,#1693,.T.);
#4331=EDGE_CURVE('',#3453,#3456,#96,.T.);
#4332=EDGE_CURVE('',#3457,#3455,#1694,.T.);
#4333=EDGE_CURVE('',#3457,#3458,#1695,.T.);
#4334=EDGE_CURVE('',#3456,#3458,#1696,.T.);
#4335=EDGE_CURVE('',#3459,#3457,#97,.T.);
#4336=EDGE_CURVE('',#3459,#3460,#1697,.T.);
#4337=EDGE_CURVE('',#3458,#3460,#98,.T.);
#4338=EDGE_CURVE('',#3461,#3459,#1698,.T.);
#4339=EDGE_CURVE('',#3461,#3462,#1699,.T.);
#4340=EDGE_CURVE('',#3460,#3462,#1700,.T.);
#4341=EDGE_CURVE('',#3463,#3464,#1701,.T.);
#4342=EDGE_CURVE('',#3465,#3464,#1702,.T.);
#4343=EDGE_CURVE('',#3465,#3466,#1703,.T.);
#4344=EDGE_CURVE('',#3463,#3466,#1704,.T.);
#4345=EDGE_CURVE('',#3467,#3468,#1705,.T.);
#4346=EDGE_CURVE('',#3469,#3468,#99,.T.);
#4347=EDGE_CURVE('',#3469,#3470,#1706,.T.);
#4348=EDGE_CURVE('',#3470,#3471,#100,.T.);
#4349=EDGE_CURVE('',#3471,#3472,#1707,.T.);
#4350=EDGE_CURVE('',#3472,#3473,#101,.T.);
#4351=EDGE_CURVE('',#3473,#3474,#1708,.T.);
#4352=EDGE_CURVE('',#3475,#3474,#102,.T.);
#4353=EDGE_CURVE('',#3475,#3476,#1709,.T.);
#4354=EDGE_CURVE('',#3477,#3476,#103,.T.);
#4355=EDGE_CURVE('',#3477,#3478,#1710,.T.);
#4356=EDGE_CURVE('',#3479,#3478,#104,.T.);
#4357=EDGE_CURVE('',#3479,#3480,#1711,.T.);
#4358=EDGE_CURVE('',#3481,#3480,#105,.T.);
#4359=EDGE_CURVE('',#3481,#3482,#1712,.T.);
#4360=EDGE_CURVE('',#3482,#3483,#106,.T.);
#4361=EDGE_CURVE('',#3483,#3484,#1713,.T.);
#4362=EDGE_CURVE('',#3484,#3485,#107,.T.);
#4363=EDGE_CURVE('',#3485,#3486,#1714,.T.);
#4364=EDGE_CURVE('',#3486,#3487,#108,.T.);
#4365=EDGE_CURVE('',#3487,#3488,#1715,.T.);
#4366=EDGE_CURVE('',#3488,#3489,#109,.T.);
#4367=EDGE_CURVE('',#3489,#3490,#1716,.T.);
#4368=EDGE_CURVE('',#3491,#3490,#110,.T.);
#4369=EDGE_CURVE('',#3491,#3492,#1717,.T.);
#4370=EDGE_CURVE('',#3493,#3492,#111,.T.);
#4371=EDGE_CURVE('',#3493,#3494,#1718,.T.);
#4372=EDGE_CURVE('',#3495,#3494,#112,.T.);
#4373=EDGE_CURVE('',#3495,#3496,#1719,.T.);
#4374=EDGE_CURVE('',#3497,#3496,#113,.T.);
#4375=EDGE_CURVE('',#3497,#3498,#1720,.T.);
#4376=EDGE_CURVE('',#3498,#3499,#114,.T.);
#4377=EDGE_CURVE('',#3499,#3500,#1721,.T.);
#4378=EDGE_CURVE('',#3500,#3501,#115,.T.);
#4379=EDGE_CURVE('',#3501,#3502,#1722,.T.);
#4380=EDGE_CURVE('',#3503,#3502,#116,.T.);
#4381=EDGE_CURVE('',#3503,#3504,#1723,.T.);
#4382=EDGE_CURVE('',#3505,#3504,#117,.T.);
#4383=EDGE_CURVE('',#3505,#3506,#1724,.T.);
#4384=EDGE_CURVE('',#3506,#3507,#118,.T.);
#4385=EDGE_CURVE('',#3508,#3507,#1725,.T.);
#4386=EDGE_CURVE('',#3508,#3509,#119,.T.);
#4387=EDGE_CURVE('',#3509,#3510,#1726,.T.);
#4388=EDGE_CURVE('',#3511,#3510,#120,.T.);
#4389=EDGE_CURVE('',#3511,#3512,#1727,.T.);
#4390=EDGE_CURVE('',#3513,#3512,#121,.T.);
#4391=EDGE_CURVE('',#3513,#3514,#1728,.T.);
#4392=EDGE_CURVE('',#3515,#3514,#122,.T.);
#4393=EDGE_CURVE('',#3515,#3516,#1729,.T.);
#4394=EDGE_CURVE('',#3517,#3516,#123,.T.);
#4395=EDGE_CURVE('',#3517,#3518,#1730,.T.);
#4396=EDGE_CURVE('',#3518,#3519,#124,.T.);
#4397=EDGE_CURVE('',#3520,#3519,#1731,.T.);
#4398=EDGE_CURVE('',#3520,#3521,#125,.T.);
#4399=EDGE_CURVE('',#3521,#3522,#1732,.T.);
#4400=EDGE_CURVE('',#3522,#3523,#126,.T.);
#4401=EDGE_CURVE('',#3524,#3523,#1733,.T.);
#4402=EDGE_CURVE('',#3524,#3525,#127,.T.);
#4403=EDGE_CURVE('',#3525,#3526,#1734,.T.);
#4404=EDGE_CURVE('',#3527,#3526,#128,.T.);
#4405=EDGE_CURVE('',#3527,#3528,#1735,.T.);
#4406=EDGE_CURVE('',#3529,#3528,#129,.T.);
#4407=EDGE_CURVE('',#3530,#3529,#1736,.T.);
#4408=EDGE_CURVE('',#3531,#3530,#130,.T.);
#4409=EDGE_CURVE('',#3532,#3531,#1737,.T.);
#4410=EDGE_CURVE('',#3533,#3532,#131,.T.);
#4411=EDGE_CURVE('',#3534,#3533,#1738,.T.);
#4412=EDGE_CURVE('',#3534,#3535,#132,.T.);
#4413=EDGE_CURVE('',#3536,#3535,#1739,.T.);
#4414=EDGE_CURVE('',#3536,#3537,#133,.T.);
#4415=EDGE_CURVE('',#3537,#3538,#1740,.T.);
#4416=EDGE_CURVE('',#3539,#3538,#134,.T.);
#4417=EDGE_CURVE('',#3539,#3540,#1741,.T.);
#4418=EDGE_CURVE('',#3541,#3540,#1742,.T.);
#4419=EDGE_CURVE('',#3467,#3541,#1743,.T.);
#4420=EDGE_CURVE('',#3542,#3543,#1744,.T.);
#4421=EDGE_CURVE('',#3543,#3544,#135,.T.);
#4422=EDGE_CURVE('',#3544,#3545,#1745,.T.);
#4423=EDGE_CURVE('',#3545,#3546,#136,.T.);
#4424=EDGE_CURVE('',#3546,#3547,#1746,.T.);
#4425=EDGE_CURVE('',#3547,#3548,#137,.T.);
#4426=EDGE_CURVE('',#3548,#3549,#1747,.T.);
#4427=EDGE_CURVE('',#3549,#3542,#138,.T.);
#4428=EDGE_CURVE('',#3550,#3551,#1748,.T.);
#4429=EDGE_CURVE('',#3551,#3552,#139,.T.);
#4430=EDGE_CURVE('',#3552,#3553,#1749,.T.);
#4431=EDGE_CURVE('',#3553,#3554,#140,.T.);
#4432=EDGE_CURVE('',#3554,#3555,#1750,.T.);
#4433=EDGE_CURVE('',#3555,#3556,#141,.T.);
#4434=EDGE_CURVE('',#3556,#3557,#1751,.T.);
#4435=EDGE_CURVE('',#3557,#3550,#142,.T.);
#4436=EDGE_CURVE('',#3558,#3559,#1752,.T.);
#4437=EDGE_CURVE('',#3559,#3560,#143,.T.);
#4438=EDGE_CURVE('',#3560,#3561,#1753,.T.);
#4439=EDGE_CURVE('',#3561,#3562,#144,.T.);
#4440=EDGE_CURVE('',#3562,#3563,#1754,.T.);
#4441=EDGE_CURVE('',#3563,#3564,#145,.T.);
#4442=EDGE_CURVE('',#3564,#3565,#1755,.T.);
#4443=EDGE_CURVE('',#3565,#3558,#146,.T.);
#4444=EDGE_CURVE('',#3566,#3567,#1756,.T.);
#4445=EDGE_CURVE('',#3567,#3568,#147,.T.);
#4446=EDGE_CURVE('',#3568,#3569,#1757,.T.);
#4447=EDGE_CURVE('',#3569,#3570,#148,.T.);
#4448=EDGE_CURVE('',#3570,#3571,#1758,.T.);
#4449=EDGE_CURVE('',#3571,#3572,#149,.T.);
#4450=EDGE_CURVE('',#3572,#3573,#1759,.T.);
#4451=EDGE_CURVE('',#3573,#3566,#150,.T.);
#4452=EDGE_CURVE('',#3574,#3575,#1760,.T.);
#4453=EDGE_CURVE('',#3575,#3576,#151,.T.);
#4454=EDGE_CURVE('',#3576,#3577,#1761,.T.);
#4455=EDGE_CURVE('',#3577,#3578,#152,.T.);
#4456=EDGE_CURVE('',#3578,#3579,#1762,.T.);
#4457=EDGE_CURVE('',#3579,#3580,#153,.T.);
#4458=EDGE_CURVE('',#3580,#3581,#1763,.T.);
#4459=EDGE_CURVE('',#3581,#3574,#154,.T.);
#4460=EDGE_CURVE('',#3582,#3583,#1764,.T.);
#4461=EDGE_CURVE('',#3583,#3584,#155,.T.);
#4462=EDGE_CURVE('',#3584,#3585,#1765,.T.);
#4463=EDGE_CURVE('',#3585,#3586,#156,.T.);
#4464=EDGE_CURVE('',#3586,#3587,#1766,.T.);
#4465=EDGE_CURVE('',#3587,#3588,#157,.T.);
#4466=EDGE_CURVE('',#3588,#3589,#1767,.T.);
#4467=EDGE_CURVE('',#3589,#3582,#158,.T.);
#4468=EDGE_CURVE('',#3590,#3591,#1768,.T.);
#4469=EDGE_CURVE('',#3591,#3592,#159,.T.);
#4470=EDGE_CURVE('',#3592,#3593,#1769,.T.);
#4471=EDGE_CURVE('',#3593,#3594,#160,.T.);
#4472=EDGE_CURVE('',#3594,#3595,#1770,.T.);
#4473=EDGE_CURVE('',#3595,#3596,#161,.T.);
#4474=EDGE_CURVE('',#3596,#3597,#1771,.T.);
#4475=EDGE_CURVE('',#3597,#3590,#162,.T.);
#4476=EDGE_CURVE('',#3598,#3599,#1772,.T.);
#4477=EDGE_CURVE('',#3599,#3600,#163,.T.);
#4478=EDGE_CURVE('',#3600,#3601,#1773,.T.);
#4479=EDGE_CURVE('',#3601,#3602,#164,.T.);
#4480=EDGE_CURVE('',#3602,#3603,#1774,.T.);
#4481=EDGE_CURVE('',#3603,#3604,#165,.T.);
#4482=EDGE_CURVE('',#3604,#3605,#1775,.T.);
#4483=EDGE_CURVE('',#3605,#3598,#166,.T.);
#4484=EDGE_CURVE('',#3606,#3607,#1776,.T.);
#4485=EDGE_CURVE('',#3607,#3608,#167,.T.);
#4486=EDGE_CURVE('',#3608,#3609,#1777,.T.);
#4487=EDGE_CURVE('',#3609,#3610,#168,.T.);
#4488=EDGE_CURVE('',#3610,#3611,#1778,.T.);
#4489=EDGE_CURVE('',#3611,#3612,#169,.T.);
#4490=EDGE_CURVE('',#3612,#3613,#1779,.T.);
#4491=EDGE_CURVE('',#3613,#3606,#170,.T.);
#4492=EDGE_CURVE('',#3614,#3615,#1780,.T.);
#4493=EDGE_CURVE('',#3615,#3616,#171,.T.);
#4494=EDGE_CURVE('',#3616,#3617,#1781,.T.);
#4495=EDGE_CURVE('',#3617,#3618,#172,.T.);
#4496=EDGE_CURVE('',#3618,#3619,#1782,.T.);
#4497=EDGE_CURVE('',#3619,#3620,#173,.T.);
#4498=EDGE_CURVE('',#3620,#3621,#1783,.T.);
#4499=EDGE_CURVE('',#3621,#3614,#174,.T.);
#4500=EDGE_CURVE('',#3622,#3623,#1784,.T.);
#4501=EDGE_CURVE('',#3623,#3624,#175,.T.);
#4502=EDGE_CURVE('',#3624,#3625,#1785,.T.);
#4503=EDGE_CURVE('',#3625,#3626,#176,.T.);
#4504=EDGE_CURVE('',#3626,#3627,#1786,.T.);
#4505=EDGE_CURVE('',#3627,#3628,#177,.T.);
#4506=EDGE_CURVE('',#3628,#3629,#1787,.T.);
#4507=EDGE_CURVE('',#3629,#3622,#178,.T.);
#4508=EDGE_CURVE('',#3630,#3631,#1788,.T.);
#4509=EDGE_CURVE('',#3631,#3632,#179,.T.);
#4510=EDGE_CURVE('',#3632,#3633,#1789,.T.);
#4511=EDGE_CURVE('',#3633,#3634,#180,.T.);
#4512=EDGE_CURVE('',#3634,#3635,#1790,.T.);
#4513=EDGE_CURVE('',#3635,#3636,#181,.T.);
#4514=EDGE_CURVE('',#3636,#3637,#1791,.T.);
#4515=EDGE_CURVE('',#3637,#3630,#182,.T.);
#4516=EDGE_CURVE('',#3638,#3639,#1792,.T.);
#4517=EDGE_CURVE('',#3639,#3640,#183,.T.);
#4518=EDGE_CURVE('',#3640,#3641,#1793,.T.);
#4519=EDGE_CURVE('',#3641,#3642,#184,.T.);
#4520=EDGE_CURVE('',#3642,#3643,#1794,.T.);
#4521=EDGE_CURVE('',#3643,#3644,#185,.T.);
#4522=EDGE_CURVE('',#3644,#3645,#1795,.T.);
#4523=EDGE_CURVE('',#3645,#3638,#186,.T.);
#4524=EDGE_CURVE('',#3646,#3647,#1796,.T.);
#4525=EDGE_CURVE('',#3647,#3648,#187,.T.);
#4526=EDGE_CURVE('',#3648,#3649,#1797,.T.);
#4527=EDGE_CURVE('',#3649,#3650,#188,.T.);
#4528=EDGE_CURVE('',#3650,#3651,#1798,.T.);
#4529=EDGE_CURVE('',#3651,#3652,#189,.T.);
#4530=EDGE_CURVE('',#3652,#3653,#1799,.T.);
#4531=EDGE_CURVE('',#3653,#3646,#190,.T.);
#4532=EDGE_CURVE('',#3654,#3655,#1800,.T.);
#4533=EDGE_CURVE('',#3655,#3656,#191,.T.);
#4534=EDGE_CURVE('',#3656,#3657,#1801,.T.);
#4535=EDGE_CURVE('',#3657,#3658,#192,.T.);
#4536=EDGE_CURVE('',#3658,#3659,#1802,.T.);
#4537=EDGE_CURVE('',#3659,#3660,#193,.T.);
#4538=EDGE_CURVE('',#3660,#3661,#1803,.T.);
#4539=EDGE_CURVE('',#3661,#3654,#194,.T.);
#4540=EDGE_CURVE('',#3662,#3663,#1804,.T.);
#4541=EDGE_CURVE('',#3663,#3664,#195,.T.);
#4542=EDGE_CURVE('',#3664,#3665,#1805,.T.);
#4543=EDGE_CURVE('',#3665,#3666,#196,.T.);
#4544=EDGE_CURVE('',#3666,#3667,#1806,.T.);
#4545=EDGE_CURVE('',#3667,#3668,#197,.T.);
#4546=EDGE_CURVE('',#3668,#3669,#1807,.T.);
#4547=EDGE_CURVE('',#3669,#3662,#198,.T.);
#4548=EDGE_CURVE('',#3670,#3671,#1808,.T.);
#4549=EDGE_CURVE('',#3671,#3672,#199,.T.);
#4550=EDGE_CURVE('',#3672,#3673,#1809,.T.);
#4551=EDGE_CURVE('',#3673,#3674,#200,.T.);
#4552=EDGE_CURVE('',#3674,#3675,#1810,.T.);
#4553=EDGE_CURVE('',#3675,#3676,#201,.T.);
#4554=EDGE_CURVE('',#3676,#3677,#1811,.T.);
#4555=EDGE_CURVE('',#3677,#3670,#202,.T.);
#4556=EDGE_CURVE('',#3678,#3679,#1812,.T.);
#4557=EDGE_CURVE('',#3679,#3680,#203,.T.);
#4558=EDGE_CURVE('',#3680,#3681,#1813,.T.);
#4559=EDGE_CURVE('',#3681,#3682,#204,.T.);
#4560=EDGE_CURVE('',#3682,#3683,#1814,.T.);
#4561=EDGE_CURVE('',#3683,#3684,#205,.T.);
#4562=EDGE_CURVE('',#3684,#3685,#1815,.T.);
#4563=EDGE_CURVE('',#3685,#3678,#206,.T.);
#4564=EDGE_CURVE('',#3686,#3687,#1816,.T.);
#4565=EDGE_CURVE('',#3687,#3688,#207,.T.);
#4566=EDGE_CURVE('',#3688,#3689,#1817,.T.);
#4567=EDGE_CURVE('',#3689,#3690,#208,.T.);
#4568=EDGE_CURVE('',#3690,#3691,#1818,.T.);
#4569=EDGE_CURVE('',#3691,#3692,#209,.T.);
#4570=EDGE_CURVE('',#3692,#3693,#1819,.T.);
#4571=EDGE_CURVE('',#3693,#3686,#210,.T.);
#4572=EDGE_CURVE('',#3694,#3695,#1820,.T.);
#4573=EDGE_CURVE('',#3695,#3696,#211,.T.);
#4574=EDGE_CURVE('',#3696,#3697,#1821,.T.);
#4575=EDGE_CURVE('',#3697,#3698,#212,.T.);
#4576=EDGE_CURVE('',#3698,#3699,#1822,.T.);
#4577=EDGE_CURVE('',#3699,#3700,#213,.T.);
#4578=EDGE_CURVE('',#3700,#3701,#1823,.T.);
#4579=EDGE_CURVE('',#3701,#3694,#214,.T.);
#4580=EDGE_CURVE('',#3702,#3703,#1824,.T.);
#4581=EDGE_CURVE('',#3703,#3704,#215,.T.);
#4582=EDGE_CURVE('',#3704,#3705,#1825,.T.);
#4583=EDGE_CURVE('',#3705,#3706,#216,.T.);
#4584=EDGE_CURVE('',#3706,#3707,#1826,.T.);
#4585=EDGE_CURVE('',#3707,#3708,#217,.T.);
#4586=EDGE_CURVE('',#3708,#3709,#1827,.T.);
#4587=EDGE_CURVE('',#3709,#3702,#218,.T.);
#4588=EDGE_CURVE('',#3710,#3711,#1828,.T.);
#4589=EDGE_CURVE('',#3711,#3712,#219,.T.);
#4590=EDGE_CURVE('',#3712,#3713,#1829,.T.);
#4591=EDGE_CURVE('',#3713,#3714,#220,.T.);
#4592=EDGE_CURVE('',#3714,#3715,#1830,.T.);
#4593=EDGE_CURVE('',#3715,#3716,#221,.T.);
#4594=EDGE_CURVE('',#3716,#3717,#1831,.T.);
#4595=EDGE_CURVE('',#3717,#3710,#222,.T.);
#4596=EDGE_CURVE('',#3718,#3719,#1832,.T.);
#4597=EDGE_CURVE('',#3719,#3720,#223,.T.);
#4598=EDGE_CURVE('',#3720,#3721,#1833,.T.);
#4599=EDGE_CURVE('',#3721,#3722,#224,.T.);
#4600=EDGE_CURVE('',#3722,#3723,#1834,.T.);
#4601=EDGE_CURVE('',#3723,#3724,#225,.T.);
#4602=EDGE_CURVE('',#3724,#3725,#1835,.T.);
#4603=EDGE_CURVE('',#3725,#3718,#226,.T.);
#4604=EDGE_CURVE('',#3726,#3727,#1836,.T.);
#4605=EDGE_CURVE('',#3727,#3728,#227,.T.);
#4606=EDGE_CURVE('',#3728,#3729,#1837,.T.);
#4607=EDGE_CURVE('',#3729,#3730,#228,.T.);
#4608=EDGE_CURVE('',#3730,#3731,#1838,.T.);
#4609=EDGE_CURVE('',#3731,#3732,#229,.T.);
#4610=EDGE_CURVE('',#3732,#3733,#1839,.T.);
#4611=EDGE_CURVE('',#3733,#3726,#230,.T.);
#4612=EDGE_CURVE('',#3734,#3735,#1840,.T.);
#4613=EDGE_CURVE('',#3735,#3736,#231,.T.);
#4614=EDGE_CURVE('',#3736,#3737,#1841,.T.);
#4615=EDGE_CURVE('',#3737,#3738,#232,.T.);
#4616=EDGE_CURVE('',#3738,#3739,#1842,.T.);
#4617=EDGE_CURVE('',#3739,#3740,#233,.T.);
#4618=EDGE_CURVE('',#3740,#3741,#1843,.T.);
#4619=EDGE_CURVE('',#3741,#3734,#234,.T.);
#4620=EDGE_CURVE('',#3742,#3743,#1844,.T.);
#4621=EDGE_CURVE('',#3743,#3744,#235,.T.);
#4622=EDGE_CURVE('',#3744,#3745,#1845,.T.);
#4623=EDGE_CURVE('',#3745,#3746,#236,.T.);
#4624=EDGE_CURVE('',#3746,#3747,#1846,.T.);
#4625=EDGE_CURVE('',#3747,#3748,#237,.T.);
#4626=EDGE_CURVE('',#3748,#3749,#1847,.T.);
#4627=EDGE_CURVE('',#3749,#3742,#238,.T.);
#4628=EDGE_CURVE('',#3750,#3751,#1848,.T.);
#4629=EDGE_CURVE('',#3751,#3752,#239,.T.);
#4630=EDGE_CURVE('',#3752,#3753,#1849,.T.);
#4631=EDGE_CURVE('',#3753,#3754,#240,.T.);
#4632=EDGE_CURVE('',#3754,#3755,#1850,.T.);
#4633=EDGE_CURVE('',#3755,#3756,#241,.T.);
#4634=EDGE_CURVE('',#3756,#3757,#1851,.T.);
#4635=EDGE_CURVE('',#3757,#3750,#242,.T.);
#4636=EDGE_CURVE('',#3758,#3759,#1852,.T.);
#4637=EDGE_CURVE('',#3759,#3760,#243,.T.);
#4638=EDGE_CURVE('',#3760,#3761,#1853,.T.);
#4639=EDGE_CURVE('',#3761,#3762,#244,.T.);
#4640=EDGE_CURVE('',#3762,#3763,#1854,.T.);
#4641=EDGE_CURVE('',#3763,#3764,#245,.T.);
#4642=EDGE_CURVE('',#3764,#3765,#1855,.T.);
#4643=EDGE_CURVE('',#3765,#3758,#246,.T.);
#4644=EDGE_CURVE('',#3766,#3767,#1856,.T.);
#4645=EDGE_CURVE('',#3767,#3768,#247,.T.);
#4646=EDGE_CURVE('',#3768,#3769,#1857,.T.);
#4647=EDGE_CURVE('',#3769,#3770,#248,.T.);
#4648=EDGE_CURVE('',#3770,#3771,#1858,.T.);
#4649=EDGE_CURVE('',#3771,#3772,#249,.T.);
#4650=EDGE_CURVE('',#3772,#3773,#1859,.T.);
#4651=EDGE_CURVE('',#3773,#3766,#250,.T.);
#4652=EDGE_CURVE('',#3774,#3775,#1860,.T.);
#4653=EDGE_CURVE('',#3775,#3776,#251,.T.);
#4654=EDGE_CURVE('',#3776,#3777,#1861,.T.);
#4655=EDGE_CURVE('',#3777,#3778,#252,.T.);
#4656=EDGE_CURVE('',#3778,#3779,#1862,.T.);
#4657=EDGE_CURVE('',#3779,#3780,#253,.T.);
#4658=EDGE_CURVE('',#3780,#3781,#1863,.T.);
#4659=EDGE_CURVE('',#3781,#3774,#254,.T.);
#4660=EDGE_CURVE('',#3782,#3783,#1864,.T.);
#4661=EDGE_CURVE('',#3783,#3784,#255,.T.);
#4662=EDGE_CURVE('',#3784,#3785,#1865,.T.);
#4663=EDGE_CURVE('',#3785,#3786,#256,.T.);
#4664=EDGE_CURVE('',#3786,#3787,#1866,.T.);
#4665=EDGE_CURVE('',#3787,#3788,#257,.T.);
#4666=EDGE_CURVE('',#3788,#3789,#1867,.T.);
#4667=EDGE_CURVE('',#3789,#3782,#258,.T.);
#4668=EDGE_CURVE('',#3790,#3791,#1868,.T.);
#4669=EDGE_CURVE('',#3791,#3792,#259,.T.);
#4670=EDGE_CURVE('',#3792,#3793,#1869,.T.);
#4671=EDGE_CURVE('',#3793,#3794,#260,.T.);
#4672=EDGE_CURVE('',#3794,#3795,#1870,.T.);
#4673=EDGE_CURVE('',#3795,#3796,#261,.T.);
#4674=EDGE_CURVE('',#3796,#3797,#1871,.T.);
#4675=EDGE_CURVE('',#3797,#3790,#262,.T.);
#4676=EDGE_CURVE('',#3798,#3799,#1872,.T.);
#4677=EDGE_CURVE('',#3799,#3800,#263,.T.);
#4678=EDGE_CURVE('',#3800,#3801,#1873,.T.);
#4679=EDGE_CURVE('',#3801,#3802,#264,.T.);
#4680=EDGE_CURVE('',#3802,#3803,#1874,.T.);
#4681=EDGE_CURVE('',#3803,#3804,#265,.T.);
#4682=EDGE_CURVE('',#3804,#3805,#1875,.T.);
#4683=EDGE_CURVE('',#3805,#3798,#266,.T.);
#4684=EDGE_CURVE('',#3806,#3807,#1876,.T.);
#4685=EDGE_CURVE('',#3807,#3808,#267,.T.);
#4686=EDGE_CURVE('',#3808,#3809,#1877,.T.);
#4687=EDGE_CURVE('',#3809,#3810,#268,.T.);
#4688=EDGE_CURVE('',#3810,#3811,#1878,.T.);
#4689=EDGE_CURVE('',#3811,#3812,#269,.T.);
#4690=EDGE_CURVE('',#3812,#3813,#1879,.T.);
#4691=EDGE_CURVE('',#3813,#3806,#270,.T.);
#4692=EDGE_CURVE('',#3814,#3815,#1880,.T.);
#4693=EDGE_CURVE('',#3815,#3816,#271,.T.);
#4694=EDGE_CURVE('',#3816,#3817,#1881,.T.);
#4695=EDGE_CURVE('',#3817,#3818,#272,.T.);
#4696=EDGE_CURVE('',#3818,#3819,#1882,.T.);
#4697=EDGE_CURVE('',#3819,#3820,#273,.T.);
#4698=EDGE_CURVE('',#3820,#3821,#1883,.T.);
#4699=EDGE_CURVE('',#3821,#3814,#274,.T.);
#4700=EDGE_CURVE('',#3822,#3823,#1884,.T.);
#4701=EDGE_CURVE('',#3823,#3824,#275,.T.);
#4702=EDGE_CURVE('',#3824,#3825,#1885,.T.);
#4703=EDGE_CURVE('',#3825,#3826,#276,.T.);
#4704=EDGE_CURVE('',#3826,#3827,#1886,.T.);
#4705=EDGE_CURVE('',#3827,#3828,#277,.T.);
#4706=EDGE_CURVE('',#3828,#3829,#1887,.T.);
#4707=EDGE_CURVE('',#3829,#3822,#278,.T.);
#4708=EDGE_CURVE('',#3830,#3831,#1888,.T.);
#4709=EDGE_CURVE('',#3831,#3832,#279,.T.);
#4710=EDGE_CURVE('',#3832,#3833,#1889,.T.);
#4711=EDGE_CURVE('',#3833,#3834,#280,.T.);
#4712=EDGE_CURVE('',#3834,#3835,#1890,.T.);
#4713=EDGE_CURVE('',#3835,#3836,#281,.T.);
#4714=EDGE_CURVE('',#3836,#3837,#1891,.T.);
#4715=EDGE_CURVE('',#3837,#3830,#282,.T.);
#4716=EDGE_CURVE('',#3838,#3442,#283,.T.);
#4717=EDGE_CURVE('',#3450,#3839,#284,.T.);
#4718=EDGE_CURVE('',#3839,#3840,#1892,.T.);
#4719=EDGE_CURVE('',#3840,#3841,#285,.T.);
#4720=EDGE_CURVE('',#3841,#3842,#1893,.T.);
#4721=EDGE_CURVE('',#3842,#3843,#286,.T.);
#4722=EDGE_CURVE('',#3843,#3463,#1894,.T.);
#4723=EDGE_CURVE('',#3466,#3844,#287,.T.);
#4724=EDGE_CURVE('',#3844,#3845,#1895,.T.);
#4725=EDGE_CURVE('',#3845,#3846,#288,.T.);
#4726=EDGE_CURVE('',#3846,#3847,#1896,.T.);
#4727=EDGE_CURVE('',#3847,#3848,#1897,.T.);
#4728=EDGE_CURVE('',#3848,#3849,#289,.T.);
#4729=EDGE_CURVE('',#3849,#3850,#1898,.T.);
#4730=EDGE_CURVE('',#3850,#3851,#290,.T.);
#4731=EDGE_CURVE('',#3851,#3852,#1899,.T.);
#4732=EDGE_CURVE('',#3852,#3454,#291,.T.);
#4733=EDGE_CURVE('',#3462,#3853,#292,.T.);
#4734=EDGE_CURVE('',#3853,#3854,#1900,.T.);
#4735=EDGE_CURVE('',#3854,#3855,#293,.T.);
#4736=EDGE_CURVE('',#3855,#3856,#1901,.T.);
#4737=EDGE_CURVE('',#3856,#3857,#294,.T.);
#4738=EDGE_CURVE('',#3857,#3858,#1902,.T.);
#4739=EDGE_CURVE('',#3858,#3859,#1903,.T.);
#4740=EDGE_CURVE('',#3859,#3860,#295,.T.);
#4741=EDGE_CURVE('',#3860,#3861,#1904,.T.);
#4742=EDGE_CURVE('',#3861,#3862,#1905,.T.);
#4743=EDGE_CURVE('',#3862,#3863,#296,.T.);
#4744=EDGE_CURVE('',#3863,#3864,#1906,.T.);
#4745=EDGE_CURVE('',#3864,#3865,#297,.T.);
#4746=EDGE_CURVE('',#3865,#3866,#1907,.T.);
#4747=EDGE_CURVE('',#3866,#3867,#298,.T.);
#4748=EDGE_CURVE('',#3867,#3868,#1908,.T.);
#4749=EDGE_CURVE('',#3868,#3869,#1909,.T.);
#4750=EDGE_CURVE('',#3869,#3870,#299,.T.);
#4751=EDGE_CURVE('',#3870,#3871,#1910,.T.);
#4752=EDGE_CURVE('',#3871,#3872,#300,.T.);
#4753=EDGE_CURVE('',#3872,#3873,#1911,.T.);
#4754=EDGE_CURVE('',#3873,#3874,#1912,.T.);
#4755=EDGE_CURVE('',#3874,#3875,#301,.T.);
#4756=EDGE_CURVE('',#3875,#3876,#1913,.T.);
#4757=EDGE_CURVE('',#3876,#3877,#302,.T.);
#4758=EDGE_CURVE('',#3877,#3878,#1914,.T.);
#4759=EDGE_CURVE('',#3878,#3879,#303,.T.);
#4760=EDGE_CURVE('',#3879,#3880,#1915,.T.);
#4761=EDGE_CURVE('',#3880,#3881,#1916,.T.);
#4762=EDGE_CURVE('',#3881,#3882,#304,.T.);
#4763=EDGE_CURVE('',#3882,#3883,#1917,.T.);
#4764=EDGE_CURVE('',#3883,#3884,#1918,.T.);
#4765=EDGE_CURVE('',#3884,#3885,#305,.T.);
#4766=EDGE_CURVE('',#3885,#3886,#1919,.T.);
#4767=EDGE_CURVE('',#3886,#3887,#306,.T.);
#4768=EDGE_CURVE('',#3887,#3838,#1920,.T.);
#4769=EDGE_CURVE('',#3888,#3847,#1921,.T.);
#4770=EDGE_CURVE('',#3889,#3846,#1922,.T.);
#4771=EDGE_CURVE('',#3888,#3889,#1923,.T.);
#4772=EDGE_CURVE('',#3890,#3852,#1924,.T.);
#4773=EDGE_CURVE('',#3452,#3890,#307,.T.);
#4774=EDGE_CURVE('',#3891,#3867,#1925,.T.);
#4775=EDGE_CURVE('',#3891,#3892,#1926,.T.);
#4776=EDGE_CURVE('',#3868,#3892,#1927,.T.);
#4777=EDGE_CURVE('',#3893,#3843,#1928,.T.);
#4778=EDGE_CURVE('',#3464,#3893,#1929,.T.);
#4779=EDGE_CURVE('',#3894,#3838,#1930,.T.);
#4780=EDGE_CURVE('',#3440,#3894,#308,.T.);
#4781=EDGE_CURVE('',#3895,#3888,#1931,.T.);
#4782=EDGE_CURVE('',#3895,#3848,#1932,.T.);
#4783=EDGE_CURVE('',#3893,#3896,#309,.T.);
#4784=EDGE_CURVE('',#3896,#3842,#1933,.T.);
#4785=EDGE_CURVE('',#3896,#3897,#1934,.T.);
#4786=EDGE_CURVE('',#3897,#3841,#1935,.T.);
#4787=EDGE_CURVE('',#3898,#3897,#310,.T.);
#4788=EDGE_CURVE('',#3898,#3840,#1936,.T.);
#4789=EDGE_CURVE('',#3898,#3899,#1937,.T.);
#4790=EDGE_CURVE('',#3899,#3839,#1938,.T.);
#4791=EDGE_CURVE('',#3899,#3449,#311,.T.);
#4792=EDGE_CURVE('',#3894,#3900,#1939,.T.);
#4793=EDGE_CURVE('',#3900,#3887,#1940,.T.);
#4794=EDGE_CURVE('',#3901,#3900,#312,.T.);
#4795=EDGE_CURVE('',#3901,#3886,#1941,.T.);
#4796=EDGE_CURVE('',#3901,#3902,#1942,.T.);
#4797=EDGE_CURVE('',#3902,#3885,#1943,.T.);
#4798=EDGE_CURVE('',#3902,#3903,#313,.T.);
#4799=EDGE_CURVE('',#3903,#3884,#1944,.T.);
#4800=EDGE_CURVE('',#3903,#3904,#1945,.T.);
#4801=EDGE_CURVE('',#3904,#3883,#1946,.T.);
#4802=EDGE_CURVE('',#3904,#3905,#1947,.T.);
#4803=EDGE_CURVE('',#3905,#3882,#1948,.T.);
#4804=EDGE_CURVE('',#3906,#3905,#314,.T.);
#4805=EDGE_CURVE('',#3906,#3881,#1949,.T.);
#4806=EDGE_CURVE('',#3906,#3907,#1950,.T.);
#4807=EDGE_CURVE('',#3907,#3880,#1951,.T.);
#4808=EDGE_CURVE('',#3907,#3908,#1952,.T.);
#4809=EDGE_CURVE('',#3908,#3879,#1953,.T.);
#4810=EDGE_CURVE('',#3909,#3908,#315,.T.);
#4811=EDGE_CURVE('',#3909,#3878,#1954,.T.);
#4812=EDGE_CURVE('',#3909,#3910,#1955,.T.);
#4813=EDGE_CURVE('',#3910,#3877,#1956,.T.);
#4814=EDGE_CURVE('',#3911,#3910,#316,.T.);
#4815=EDGE_CURVE('',#3911,#3876,#1957,.T.);
#4816=EDGE_CURVE('',#3911,#3912,#1958,.T.);
#4817=EDGE_CURVE('',#3912,#3875,#1959,.T.);
#4818=EDGE_CURVE('',#3912,#3913,#317,.T.);
#4819=EDGE_CURVE('',#3913,#3874,#1960,.T.);
#4820=EDGE_CURVE('',#3913,#3914,#1961,.T.);
#4821=EDGE_CURVE('',#3914,#3873,#1962,.T.);
#4822=EDGE_CURVE('',#3891,#3915,#318,.T.);
#4823=EDGE_CURVE('',#3915,#3866,#1963,.T.);
#4824=EDGE_CURVE('',#3916,#3915,#1964,.T.);
#4825=EDGE_CURVE('',#3916,#3865,#1965,.T.);
#4826=EDGE_CURVE('',#3917,#3916,#319,.T.);
#4827=EDGE_CURVE('',#3917,#3864,#1966,.T.);
#4828=EDGE_CURVE('',#3918,#3917,#1967,.T.);
#4829=EDGE_CURVE('',#3918,#3863,#1968,.T.);
#4830=EDGE_CURVE('',#3919,#3918,#320,.T.);
#4831=EDGE_CURVE('',#3919,#3862,#1969,.T.);
#4832=EDGE_CURVE('',#3920,#3919,#1970,.T.);
#4833=EDGE_CURVE('',#3920,#3861,#1971,.T.);
#4834=EDGE_CURVE('',#3921,#3920,#1972,.T.);
#4835=EDGE_CURVE('',#3921,#3860,#1973,.T.);
#4836=EDGE_CURVE('',#3922,#3921,#321,.T.);
#4837=EDGE_CURVE('',#3922,#3859,#1974,.T.);
#4838=EDGE_CURVE('',#3923,#3922,#1975,.T.);
#4839=EDGE_CURVE('',#3923,#3858,#1976,.T.);
#4840=EDGE_CURVE('',#3924,#3923,#1977,.T.);
#4841=EDGE_CURVE('',#3924,#3857,#1978,.T.);
#4842=EDGE_CURVE('',#3924,#3925,#322,.T.);
#4843=EDGE_CURVE('',#3925,#3856,#1979,.T.);
#4844=EDGE_CURVE('',#3926,#3925,#1980,.T.);
#4845=EDGE_CURVE('',#3926,#3855,#1981,.T.);
#4846=EDGE_CURVE('',#3927,#3926,#323,.T.);
#4847=EDGE_CURVE('',#3927,#3854,#1982,.T.);
#4848=EDGE_CURVE('',#3928,#3927,#1983,.T.);
#4849=EDGE_CURVE('',#3928,#3853,#1984,.T.);
#4850=EDGE_CURVE('',#3928,#3461,#324,.T.);
#4851=EDGE_CURVE('',#3929,#3890,#1985,.T.);
#4852=EDGE_CURVE('',#3929,#3851,#1986,.T.);
#4853=EDGE_CURVE('',#3930,#3929,#325,.T.);
#4854=EDGE_CURVE('',#3930,#3850,#1987,.T.);
#4855=EDGE_CURVE('',#3931,#3930,#1988,.T.);
#4856=EDGE_CURVE('',#3931,#3849,#1989,.T.);
#4857=EDGE_CURVE('',#3931,#3895,#326,.T.);
#4858=EDGE_CURVE('',#3932,#3872,#1990,.T.);
#4859=EDGE_CURVE('',#3914,#3932,#1991,.T.);
#4860=EDGE_CURVE('',#3933,#3934,#1992,.T.);
#4861=EDGE_CURVE('',#3933,#3543,#1993,.T.);
#4862=EDGE_CURVE('',#3934,#3542,#1994,.T.);
#4863=EDGE_CURVE('',#3935,#3933,#327,.T.);
#4864=EDGE_CURVE('',#3935,#3544,#1995,.T.);
#4865=EDGE_CURVE('',#3936,#3935,#1996,.T.);
#4866=EDGE_CURVE('',#3936,#3545,#1997,.T.);
#4867=EDGE_CURVE('',#3937,#3936,#328,.T.);
#4868=EDGE_CURVE('',#3937,#3546,#1998,.T.);
#4869=EDGE_CURVE('',#3938,#3937,#1999,.T.);
#4870=EDGE_CURVE('',#3938,#3547,#2000,.T.);
#4871=EDGE_CURVE('',#3939,#3938,#329,.T.);
#4872=EDGE_CURVE('',#3939,#3548,#2001,.T.);
#4873=EDGE_CURVE('',#3940,#3939,#2002,.T.);
#4874=EDGE_CURVE('',#3940,#3549,#2003,.T.);
#4875=EDGE_CURVE('',#3934,#3940,#330,.T.);
#4876=EDGE_CURVE('',#3941,#3942,#2004,.T.);
#4877=EDGE_CURVE('',#3941,#3551,#2005,.T.);
#4878=EDGE_CURVE('',#3942,#3550,#2006,.T.);
#4879=EDGE_CURVE('',#3943,#3941,#331,.T.);
#4880=EDGE_CURVE('',#3943,#3552,#2007,.T.);
#4881=EDGE_CURVE('',#3944,#3943,#2008,.T.);
#4882=EDGE_CURVE('',#3944,#3553,#2009,.T.);
#4883=EDGE_CURVE('',#3945,#3944,#332,.T.);
#4884=EDGE_CURVE('',#3945,#3554,#2010,.T.);
#4885=EDGE_CURVE('',#3946,#3945,#2011,.T.);
#4886=EDGE_CURVE('',#3946,#3555,#2012,.T.);
#4887=EDGE_CURVE('',#3947,#3946,#333,.T.);
#4888=EDGE_CURVE('',#3947,#3556,#2013,.T.);
#4889=EDGE_CURVE('',#3948,#3947,#2014,.T.);
#4890=EDGE_CURVE('',#3948,#3557,#2015,.T.);
#4891=EDGE_CURVE('',#3942,#3948,#334,.T.);
#4892=EDGE_CURVE('',#3949,#3950,#2016,.T.);
#4893=EDGE_CURVE('',#3949,#3559,#2017,.T.);
#4894=EDGE_CURVE('',#3950,#3558,#2018,.T.);
#4895=EDGE_CURVE('',#3951,#3949,#335,.T.);
#4896=EDGE_CURVE('',#3951,#3560,#2019,.T.);
#4897=EDGE_CURVE('',#3952,#3951,#2020,.T.);
#4898=EDGE_CURVE('',#3952,#3561,#2021,.T.);
#4899=EDGE_CURVE('',#3953,#3952,#336,.T.);
#4900=EDGE_CURVE('',#3953,#3562,#2022,.T.);
#4901=EDGE_CURVE('',#3954,#3953,#2023,.T.);
#4902=EDGE_CURVE('',#3954,#3563,#2024,.T.);
#4903=EDGE_CURVE('',#3955,#3954,#337,.T.);
#4904=EDGE_CURVE('',#3955,#3564,#2025,.T.);
#4905=EDGE_CURVE('',#3956,#3955,#2026,.T.);
#4906=EDGE_CURVE('',#3956,#3565,#2027,.T.);
#4907=EDGE_CURVE('',#3950,#3956,#338,.T.);
#4908=EDGE_CURVE('',#3957,#3958,#2028,.T.);
#4909=EDGE_CURVE('',#3957,#3567,#2029,.T.);
#4910=EDGE_CURVE('',#3958,#3566,#2030,.T.);
#4911=EDGE_CURVE('',#3959,#3957,#339,.T.);
#4912=EDGE_CURVE('',#3959,#3568,#2031,.T.);
#4913=EDGE_CURVE('',#3960,#3959,#2032,.T.);
#4914=EDGE_CURVE('',#3960,#3569,#2033,.T.);
#4915=EDGE_CURVE('',#3961,#3960,#340,.T.);
#4916=EDGE_CURVE('',#3961,#3570,#2034,.T.);
#4917=EDGE_CURVE('',#3962,#3961,#2035,.T.);
#4918=EDGE_CURVE('',#3962,#3571,#2036,.T.);
#4919=EDGE_CURVE('',#3963,#3962,#341,.T.);
#4920=EDGE_CURVE('',#3963,#3572,#2037,.T.);
#4921=EDGE_CURVE('',#3964,#3963,#2038,.T.);
#4922=EDGE_CURVE('',#3964,#3573,#2039,.T.);
#4923=EDGE_CURVE('',#3958,#3964,#342,.T.);
#4924=EDGE_CURVE('',#3965,#3966,#2040,.T.);
#4925=EDGE_CURVE('',#3965,#3575,#2041,.T.);
#4926=EDGE_CURVE('',#3966,#3574,#2042,.T.);
#4927=EDGE_CURVE('',#3967,#3965,#343,.T.);
#4928=EDGE_CURVE('',#3967,#3576,#2043,.T.);
#4929=EDGE_CURVE('',#3968,#3967,#2044,.T.);
#4930=EDGE_CURVE('',#3968,#3577,#2045,.T.);
#4931=EDGE_CURVE('',#3969,#3968,#344,.T.);
#4932=EDGE_CURVE('',#3969,#3578,#2046,.T.);
#4933=EDGE_CURVE('',#3970,#3969,#2047,.T.);
#4934=EDGE_CURVE('',#3970,#3579,#2048,.T.);
#4935=EDGE_CURVE('',#3971,#3970,#345,.T.);
#4936=EDGE_CURVE('',#3971,#3580,#2049,.T.);
#4937=EDGE_CURVE('',#3972,#3971,#2050,.T.);
#4938=EDGE_CURVE('',#3972,#3581,#2051,.T.);
#4939=EDGE_CURVE('',#3966,#3972,#346,.T.);
#4940=EDGE_CURVE('',#3973,#3974,#2052,.T.);
#4941=EDGE_CURVE('',#3973,#3583,#2053,.T.);
#4942=EDGE_CURVE('',#3974,#3582,#2054,.T.);
#4943=EDGE_CURVE('',#3975,#3973,#347,.T.);
#4944=EDGE_CURVE('',#3975,#3584,#2055,.T.);
#4945=EDGE_CURVE('',#3976,#3975,#2056,.T.);
#4946=EDGE_CURVE('',#3976,#3585,#2057,.T.);
#4947=EDGE_CURVE('',#3977,#3976,#348,.T.);
#4948=EDGE_CURVE('',#3977,#3586,#2058,.T.);
#4949=EDGE_CURVE('',#3978,#3977,#2059,.T.);
#4950=EDGE_CURVE('',#3978,#3587,#2060,.T.);
#4951=EDGE_CURVE('',#3979,#3978,#349,.T.);
#4952=EDGE_CURVE('',#3979,#3588,#2061,.T.);
#4953=EDGE_CURVE('',#3980,#3979,#2062,.T.);
#4954=EDGE_CURVE('',#3980,#3589,#2063,.T.);
#4955=EDGE_CURVE('',#3974,#3980,#350,.T.);
#4956=EDGE_CURVE('',#3981,#3982,#2064,.T.);
#4957=EDGE_CURVE('',#3981,#3591,#2065,.T.);
#4958=EDGE_CURVE('',#3982,#3590,#2066,.T.);
#4959=EDGE_CURVE('',#3983,#3981,#351,.T.);
#4960=EDGE_CURVE('',#3983,#3592,#2067,.T.);
#4961=EDGE_CURVE('',#3984,#3983,#2068,.T.);
#4962=EDGE_CURVE('',#3984,#3593,#2069,.T.);
#4963=EDGE_CURVE('',#3985,#3984,#352,.T.);
#4964=EDGE_CURVE('',#3985,#3594,#2070,.T.);
#4965=EDGE_CURVE('',#3986,#3985,#2071,.T.);
#4966=EDGE_CURVE('',#3986,#3595,#2072,.T.);
#4967=EDGE_CURVE('',#3987,#3986,#353,.T.);
#4968=EDGE_CURVE('',#3987,#3596,#2073,.T.);
#4969=EDGE_CURVE('',#3988,#3987,#2074,.T.);
#4970=EDGE_CURVE('',#3988,#3597,#2075,.T.);
#4971=EDGE_CURVE('',#3982,#3988,#354,.T.);
#4972=EDGE_CURVE('',#3989,#3990,#2076,.T.);
#4973=EDGE_CURVE('',#3989,#3599,#2077,.T.);
#4974=EDGE_CURVE('',#3990,#3598,#2078,.T.);
#4975=EDGE_CURVE('',#3991,#3989,#355,.T.);
#4976=EDGE_CURVE('',#3991,#3600,#2079,.T.);
#4977=EDGE_CURVE('',#3992,#3991,#2080,.T.);
#4978=EDGE_CURVE('',#3992,#3601,#2081,.T.);
#4979=EDGE_CURVE('',#3993,#3992,#356,.T.);
#4980=EDGE_CURVE('',#3993,#3602,#2082,.T.);
#4981=EDGE_CURVE('',#3994,#3993,#2083,.T.);
#4982=EDGE_CURVE('',#3994,#3603,#2084,.T.);
#4983=EDGE_CURVE('',#3995,#3994,#357,.T.);
#4984=EDGE_CURVE('',#3995,#3604,#2085,.T.);
#4985=EDGE_CURVE('',#3996,#3995,#2086,.T.);
#4986=EDGE_CURVE('',#3996,#3605,#2087,.T.);
#4987=EDGE_CURVE('',#3990,#3996,#358,.T.);
#4988=EDGE_CURVE('',#3997,#3998,#2088,.T.);
#4989=EDGE_CURVE('',#3997,#3607,#2089,.T.);
#4990=EDGE_CURVE('',#3998,#3606,#2090,.T.);
#4991=EDGE_CURVE('',#3999,#3997,#359,.T.);
#4992=EDGE_CURVE('',#3999,#3608,#2091,.T.);
#4993=EDGE_CURVE('',#4000,#3999,#2092,.T.);
#4994=EDGE_CURVE('',#4000,#3609,#2093,.T.);
#4995=EDGE_CURVE('',#4001,#4000,#360,.T.);
#4996=EDGE_CURVE('',#4001,#3610,#2094,.T.);
#4997=EDGE_CURVE('',#4002,#4001,#2095,.T.);
#4998=EDGE_CURVE('',#4002,#3611,#2096,.T.);
#4999=EDGE_CURVE('',#4003,#4002,#361,.T.);
#5000=EDGE_CURVE('',#4003,#3612,#2097,.T.);
#5001=EDGE_CURVE('',#4004,#4003,#2098,.T.);
#5002=EDGE_CURVE('',#4004,#3613,#2099,.T.);
#5003=EDGE_CURVE('',#3998,#4004,#362,.T.);
#5004=EDGE_CURVE('',#4005,#3465,#363,.T.);
#5005=EDGE_CURVE('',#4005,#3844,#2100,.T.);
#5006=EDGE_CURVE('',#4006,#4005,#2101,.T.);
#5007=EDGE_CURVE('',#4006,#3845,#2102,.T.);
#5008=EDGE_CURVE('',#3889,#4006,#364,.T.);
#5009=EDGE_CURVE('',#4007,#3892,#2103,.T.);
#5010=EDGE_CURVE('',#4007,#3869,#2104,.T.);
#5011=EDGE_CURVE('',#4008,#4007,#365,.T.);
#5012=EDGE_CURVE('',#4008,#3870,#2105,.T.);
#5013=EDGE_CURVE('',#4009,#4008,#2106,.T.);
#5014=EDGE_CURVE('',#4009,#3871,#2107,.T.);
#5015=EDGE_CURVE('',#3932,#4009,#366,.T.);
#5016=EDGE_CURVE('',#4010,#4011,#2108,.T.);
#5017=EDGE_CURVE('',#4010,#3615,#2109,.T.);
#5018=EDGE_CURVE('',#4011,#3614,#2110,.T.);
#5019=EDGE_CURVE('',#4012,#4010,#367,.T.);
#5020=EDGE_CURVE('',#4012,#3616,#2111,.T.);
#5021=EDGE_CURVE('',#4013,#4012,#2112,.T.);
#5022=EDGE_CURVE('',#4013,#3617,#2113,.T.);
#5023=EDGE_CURVE('',#4014,#4013,#368,.T.);
#5024=EDGE_CURVE('',#4014,#3618,#2114,.T.);
#5025=EDGE_CURVE('',#4015,#4014,#2115,.T.);
#5026=EDGE_CURVE('',#4015,#3619,#2116,.T.);
#5027=EDGE_CURVE('',#4016,#4015,#369,.T.);
#5028=EDGE_CURVE('',#4016,#3620,#2117,.T.);
#5029=EDGE_CURVE('',#4017,#4016,#2118,.T.);
#5030=EDGE_CURVE('',#4017,#3621,#2119,.T.);
#5031=EDGE_CURVE('',#4011,#4017,#370,.T.);
#5032=EDGE_CURVE('',#4018,#4019,#2120,.T.);
#5033=EDGE_CURVE('',#4018,#3623,#2121,.T.);
#5034=EDGE_CURVE('',#4019,#3622,#2122,.T.);
#5035=EDGE_CURVE('',#4020,#4018,#371,.T.);
#5036=EDGE_CURVE('',#4020,#3624,#2123,.T.);
#5037=EDGE_CURVE('',#4021,#4020,#2124,.T.);
#5038=EDGE_CURVE('',#4021,#3625,#2125,.T.);
#5039=EDGE_CURVE('',#4022,#4021,#372,.T.);
#5040=EDGE_CURVE('',#4022,#3626,#2126,.T.);
#5041=EDGE_CURVE('',#4023,#4022,#2127,.T.);
#5042=EDGE_CURVE('',#4023,#3627,#2128,.T.);
#5043=EDGE_CURVE('',#4024,#4023,#373,.T.);
#5044=EDGE_CURVE('',#4024,#3628,#2129,.T.);
#5045=EDGE_CURVE('',#4025,#4024,#2130,.T.);
#5046=EDGE_CURVE('',#4025,#3629,#2131,.T.);
#5047=EDGE_CURVE('',#4019,#4025,#374,.T.);
#5048=EDGE_CURVE('',#4026,#4027,#2132,.T.);
#5049=EDGE_CURVE('',#4026,#3631,#2133,.T.);
#5050=EDGE_CURVE('',#4027,#3630,#2134,.T.);
#5051=EDGE_CURVE('',#4028,#4026,#375,.T.);
#5052=EDGE_CURVE('',#4028,#3632,#2135,.T.);
#5053=EDGE_CURVE('',#4029,#4028,#2136,.T.);
#5054=EDGE_CURVE('',#4029,#3633,#2137,.T.);
#5055=EDGE_CURVE('',#4030,#4029,#376,.T.);
#5056=EDGE_CURVE('',#4030,#3634,#2138,.T.);
#5057=EDGE_CURVE('',#4031,#4030,#2139,.T.);
#5058=EDGE_CURVE('',#4031,#3635,#2140,.T.);
#5059=EDGE_CURVE('',#4032,#4031,#377,.T.);
#5060=EDGE_CURVE('',#4032,#3636,#2141,.T.);
#5061=EDGE_CURVE('',#4033,#4032,#2142,.T.);
#5062=EDGE_CURVE('',#4033,#3637,#2143,.T.);
#5063=EDGE_CURVE('',#4027,#4033,#378,.T.);
#5064=EDGE_CURVE('',#4034,#4035,#2144,.T.);
#5065=EDGE_CURVE('',#4034,#3639,#2145,.T.);
#5066=EDGE_CURVE('',#4035,#3638,#2146,.T.);
#5067=EDGE_CURVE('',#4036,#4034,#379,.T.);
#5068=EDGE_CURVE('',#4036,#3640,#2147,.T.);
#5069=EDGE_CURVE('',#4037,#4036,#2148,.T.);
#5070=EDGE_CURVE('',#4037,#3641,#2149,.T.);
#5071=EDGE_CURVE('',#4038,#4037,#380,.T.);
#5072=EDGE_CURVE('',#4038,#3642,#2150,.T.);
#5073=EDGE_CURVE('',#4039,#4038,#2151,.T.);
#5074=EDGE_CURVE('',#4039,#3643,#2152,.T.);
#5075=EDGE_CURVE('',#4040,#4039,#381,.T.);
#5076=EDGE_CURVE('',#4040,#3644,#2153,.T.);
#5077=EDGE_CURVE('',#4041,#4040,#2154,.T.);
#5078=EDGE_CURVE('',#4041,#3645,#2155,.T.);
#5079=EDGE_CURVE('',#4035,#4041,#382,.T.);
#5080=EDGE_CURVE('',#4042,#4043,#2156,.T.);
#5081=EDGE_CURVE('',#4042,#3647,#2157,.T.);
#5082=EDGE_CURVE('',#4043,#3646,#2158,.T.);
#5083=EDGE_CURVE('',#4044,#4042,#383,.T.);
#5084=EDGE_CURVE('',#4044,#3648,#2159,.T.);
#5085=EDGE_CURVE('',#4045,#4044,#2160,.T.);
#5086=EDGE_CURVE('',#4045,#3649,#2161,.T.);
#5087=EDGE_CURVE('',#4046,#4045,#384,.T.);
#5088=EDGE_CURVE('',#4046,#3650,#2162,.T.);
#5089=EDGE_CURVE('',#4047,#4046,#2163,.T.);
#5090=EDGE_CURVE('',#4047,#3651,#2164,.T.);
#5091=EDGE_CURVE('',#4048,#4047,#385,.T.);
#5092=EDGE_CURVE('',#4048,#3652,#2165,.T.);
#5093=EDGE_CURVE('',#4049,#4048,#2166,.T.);
#5094=EDGE_CURVE('',#4049,#3653,#2167,.T.);
#5095=EDGE_CURVE('',#4043,#4049,#386,.T.);
#5096=EDGE_CURVE('',#4050,#4051,#2168,.T.);
#5097=EDGE_CURVE('',#4050,#3655,#2169,.T.);
#5098=EDGE_CURVE('',#4051,#3654,#2170,.T.);
#5099=EDGE_CURVE('',#4052,#4050,#387,.T.);
#5100=EDGE_CURVE('',#4052,#3656,#2171,.T.);
#5101=EDGE_CURVE('',#4053,#4052,#2172,.T.);
#5102=EDGE_CURVE('',#4053,#3657,#2173,.T.);
#5103=EDGE_CURVE('',#4054,#4053,#388,.T.);
#5104=EDGE_CURVE('',#4054,#3658,#2174,.T.);
#5105=EDGE_CURVE('',#4055,#4054,#2175,.T.);
#5106=EDGE_CURVE('',#4055,#3659,#2176,.T.);
#5107=EDGE_CURVE('',#4056,#4055,#389,.T.);
#5108=EDGE_CURVE('',#4056,#3660,#2177,.T.);
#5109=EDGE_CURVE('',#4057,#4056,#2178,.T.);
#5110=EDGE_CURVE('',#4057,#3661,#2179,.T.);
#5111=EDGE_CURVE('',#4051,#4057,#390,.T.);
#5112=EDGE_CURVE('',#4058,#4059,#2180,.T.);
#5113=EDGE_CURVE('',#4058,#3663,#2181,.T.);
#5114=EDGE_CURVE('',#4059,#3662,#2182,.T.);
#5115=EDGE_CURVE('',#4060,#4058,#391,.T.);
#5116=EDGE_CURVE('',#4060,#3664,#2183,.T.);
#5117=EDGE_CURVE('',#4061,#4060,#2184,.T.);
#5118=EDGE_CURVE('',#4061,#3665,#2185,.T.);
#5119=EDGE_CURVE('',#4062,#4061,#392,.T.);
#5120=EDGE_CURVE('',#4062,#3666,#2186,.T.);
#5121=EDGE_CURVE('',#4063,#4062,#2187,.T.);
#5122=EDGE_CURVE('',#4063,#3667,#2188,.T.);
#5123=EDGE_CURVE('',#4064,#4063,#393,.T.);
#5124=EDGE_CURVE('',#4064,#3668,#2189,.T.);
#5125=EDGE_CURVE('',#4065,#4064,#2190,.T.);
#5126=EDGE_CURVE('',#4065,#3669,#2191,.T.);
#5127=EDGE_CURVE('',#4059,#4065,#394,.T.);
#5128=EDGE_CURVE('',#4066,#4067,#2192,.T.);
#5129=EDGE_CURVE('',#4066,#3671,#2193,.T.);
#5130=EDGE_CURVE('',#4067,#3670,#2194,.T.);
#5131=EDGE_CURVE('',#4068,#4066,#395,.T.);
#5132=EDGE_CURVE('',#4068,#3672,#2195,.T.);
#5133=EDGE_CURVE('',#4069,#4068,#2196,.T.);
#5134=EDGE_CURVE('',#4069,#3673,#2197,.T.);
#5135=EDGE_CURVE('',#4070,#4069,#396,.T.);
#5136=EDGE_CURVE('',#4070,#3674,#2198,.T.);
#5137=EDGE_CURVE('',#4071,#4070,#2199,.T.);
#5138=EDGE_CURVE('',#4071,#3675,#2200,.T.);
#5139=EDGE_CURVE('',#4072,#4071,#397,.T.);
#5140=EDGE_CURVE('',#4072,#3676,#2201,.T.);
#5141=EDGE_CURVE('',#4073,#4072,#2202,.T.);
#5142=EDGE_CURVE('',#4073,#3677,#2203,.T.);
#5143=EDGE_CURVE('',#4067,#4073,#398,.T.);
#5144=EDGE_CURVE('',#4074,#4075,#2204,.T.);
#5145=EDGE_CURVE('',#4074,#3679,#2205,.T.);
#5146=EDGE_CURVE('',#4075,#3678,#2206,.T.);
#5147=EDGE_CURVE('',#4076,#4074,#399,.T.);
#5148=EDGE_CURVE('',#4076,#3680,#2207,.T.);
#5149=EDGE_CURVE('',#4077,#4076,#2208,.T.);
#5150=EDGE_CURVE('',#4077,#3681,#2209,.T.);
#5151=EDGE_CURVE('',#4078,#4077,#400,.T.);
#5152=EDGE_CURVE('',#4078,#3682,#2210,.T.);
#5153=EDGE_CURVE('',#4079,#4078,#2211,.T.);
#5154=EDGE_CURVE('',#4079,#3683,#2212,.T.);
#5155=EDGE_CURVE('',#4080,#4079,#401,.T.);
#5156=EDGE_CURVE('',#4080,#3684,#2213,.T.);
#5157=EDGE_CURVE('',#4081,#4080,#2214,.T.);
#5158=EDGE_CURVE('',#4081,#3685,#2215,.T.);
#5159=EDGE_CURVE('',#4075,#4081,#402,.T.);
#5160=EDGE_CURVE('',#4082,#4083,#2216,.T.);
#5161=EDGE_CURVE('',#4082,#3687,#2217,.T.);
#5162=EDGE_CURVE('',#4083,#3686,#2218,.T.);
#5163=EDGE_CURVE('',#4084,#4082,#403,.T.);
#5164=EDGE_CURVE('',#4084,#3688,#2219,.T.);
#5165=EDGE_CURVE('',#4085,#4084,#2220,.T.);
#5166=EDGE_CURVE('',#4085,#3689,#2221,.T.);
#5167=EDGE_CURVE('',#4086,#4085,#404,.T.);
#5168=EDGE_CURVE('',#4086,#3690,#2222,.T.);
#5169=EDGE_CURVE('',#4087,#4086,#2223,.T.);
#5170=EDGE_CURVE('',#4087,#3691,#2224,.T.);
#5171=EDGE_CURVE('',#4088,#4087,#405,.T.);
#5172=EDGE_CURVE('',#4088,#3692,#2225,.T.);
#5173=EDGE_CURVE('',#4089,#4088,#2226,.T.);
#5174=EDGE_CURVE('',#4089,#3693,#2227,.T.);
#5175=EDGE_CURVE('',#4083,#4089,#406,.T.);
#5176=EDGE_CURVE('',#4090,#4091,#2228,.T.);
#5177=EDGE_CURVE('',#4090,#3695,#2229,.T.);
#5178=EDGE_CURVE('',#4091,#3694,#2230,.T.);
#5179=EDGE_CURVE('',#4092,#4090,#407,.T.);
#5180=EDGE_CURVE('',#4092,#3696,#2231,.T.);
#5181=EDGE_CURVE('',#4093,#4092,#2232,.T.);
#5182=EDGE_CURVE('',#4093,#3697,#2233,.T.);
#5183=EDGE_CURVE('',#4094,#4093,#408,.T.);
#5184=EDGE_CURVE('',#4094,#3698,#2234,.T.);
#5185=EDGE_CURVE('',#4095,#4094,#2235,.T.);
#5186=EDGE_CURVE('',#4095,#3699,#2236,.T.);
#5187=EDGE_CURVE('',#4096,#4095,#409,.T.);
#5188=EDGE_CURVE('',#4096,#3700,#2237,.T.);
#5189=EDGE_CURVE('',#4097,#4096,#2238,.T.);
#5190=EDGE_CURVE('',#4097,#3701,#2239,.T.);
#5191=EDGE_CURVE('',#4091,#4097,#410,.T.);
#5192=EDGE_CURVE('',#4098,#4099,#2240,.T.);
#5193=EDGE_CURVE('',#4098,#3703,#2241,.T.);
#5194=EDGE_CURVE('',#4099,#3702,#2242,.T.);
#5195=EDGE_CURVE('',#4100,#4098,#411,.T.);
#5196=EDGE_CURVE('',#4100,#3704,#2243,.T.);
#5197=EDGE_CURVE('',#4101,#4100,#2244,.T.);
#5198=EDGE_CURVE('',#4101,#3705,#2245,.T.);
#5199=EDGE_CURVE('',#4102,#4101,#412,.T.);
#5200=EDGE_CURVE('',#4102,#3706,#2246,.T.);
#5201=EDGE_CURVE('',#4103,#4102,#2247,.T.);
#5202=EDGE_CURVE('',#4103,#3707,#2248,.T.);
#5203=EDGE_CURVE('',#4104,#4103,#413,.T.);
#5204=EDGE_CURVE('',#4104,#3708,#2249,.T.);
#5205=EDGE_CURVE('',#4105,#4104,#2250,.T.);
#5206=EDGE_CURVE('',#4105,#3709,#2251,.T.);
#5207=EDGE_CURVE('',#4099,#4105,#414,.T.);
#5208=EDGE_CURVE('',#4106,#4107,#2252,.T.);
#5209=EDGE_CURVE('',#4106,#3711,#2253,.T.);
#5210=EDGE_CURVE('',#4107,#3710,#2254,.T.);
#5211=EDGE_CURVE('',#4108,#4106,#415,.T.);
#5212=EDGE_CURVE('',#4108,#3712,#2255,.T.);
#5213=EDGE_CURVE('',#4109,#4108,#2256,.T.);
#5214=EDGE_CURVE('',#4109,#3713,#2257,.T.);
#5215=EDGE_CURVE('',#4110,#4109,#416,.T.);
#5216=EDGE_CURVE('',#4110,#3714,#2258,.T.);
#5217=EDGE_CURVE('',#4111,#4110,#2259,.T.);
#5218=EDGE_CURVE('',#4111,#3715,#2260,.T.);
#5219=EDGE_CURVE('',#4112,#4111,#417,.T.);
#5220=EDGE_CURVE('',#4112,#3716,#2261,.T.);
#5221=EDGE_CURVE('',#4113,#4112,#2262,.T.);
#5222=EDGE_CURVE('',#4113,#3717,#2263,.T.);
#5223=EDGE_CURVE('',#4107,#4113,#418,.T.);
#5224=EDGE_CURVE('',#4114,#4115,#2264,.T.);
#5225=EDGE_CURVE('',#4114,#3719,#2265,.T.);
#5226=EDGE_CURVE('',#4115,#3718,#2266,.T.);
#5227=EDGE_CURVE('',#4116,#4114,#419,.T.);
#5228=EDGE_CURVE('',#4116,#3720,#2267,.T.);
#5229=EDGE_CURVE('',#4117,#4116,#2268,.T.);
#5230=EDGE_CURVE('',#4117,#3721,#2269,.T.);
#5231=EDGE_CURVE('',#4118,#4117,#420,.T.);
#5232=EDGE_CURVE('',#4118,#3722,#2270,.T.);
#5233=EDGE_CURVE('',#4119,#4118,#2271,.T.);
#5234=EDGE_CURVE('',#4119,#3723,#2272,.T.);
#5235=EDGE_CURVE('',#4120,#4119,#421,.T.);
#5236=EDGE_CURVE('',#4120,#3724,#2273,.T.);
#5237=EDGE_CURVE('',#4121,#4120,#2274,.T.);
#5238=EDGE_CURVE('',#4121,#3725,#2275,.T.);
#5239=EDGE_CURVE('',#4115,#4121,#422,.T.);
#5240=EDGE_CURVE('',#4122,#4123,#2276,.T.);
#5241=EDGE_CURVE('',#4122,#3727,#2277,.T.);
#5242=EDGE_CURVE('',#4123,#3726,#2278,.T.);
#5243=EDGE_CURVE('',#4124,#4122,#423,.T.);
#5244=EDGE_CURVE('',#4124,#3728,#2279,.T.);
#5245=EDGE_CURVE('',#4125,#4124,#2280,.T.);
#5246=EDGE_CURVE('',#4125,#3729,#2281,.T.);
#5247=EDGE_CURVE('',#4126,#4125,#424,.T.);
#5248=EDGE_CURVE('',#4126,#3730,#2282,.T.);
#5249=EDGE_CURVE('',#4127,#4126,#2283,.T.);
#5250=EDGE_CURVE('',#4127,#3731,#2284,.T.);
#5251=EDGE_CURVE('',#4128,#4127,#425,.T.);
#5252=EDGE_CURVE('',#4128,#3732,#2285,.T.);
#5253=EDGE_CURVE('',#4129,#4128,#2286,.T.);
#5254=EDGE_CURVE('',#4129,#3733,#2287,.T.);
#5255=EDGE_CURVE('',#4123,#4129,#426,.T.);
#5256=EDGE_CURVE('',#4130,#4131,#2288,.T.);
#5257=EDGE_CURVE('',#4130,#3735,#2289,.T.);
#5258=EDGE_CURVE('',#4131,#3734,#2290,.T.);
#5259=EDGE_CURVE('',#4132,#4130,#427,.T.);
#5260=EDGE_CURVE('',#4132,#3736,#2291,.T.);
#5261=EDGE_CURVE('',#4133,#4132,#2292,.T.);
#5262=EDGE_CURVE('',#4133,#3737,#2293,.T.);
#5263=EDGE_CURVE('',#4134,#4133,#428,.T.);
#5264=EDGE_CURVE('',#4134,#3738,#2294,.T.);
#5265=EDGE_CURVE('',#4135,#4134,#2295,.T.);
#5266=EDGE_CURVE('',#4135,#3739,#2296,.T.);
#5267=EDGE_CURVE('',#4136,#4135,#429,.T.);
#5268=EDGE_CURVE('',#4136,#3740,#2297,.T.);
#5269=EDGE_CURVE('',#4137,#4136,#2298,.T.);
#5270=EDGE_CURVE('',#4137,#3741,#2299,.T.);
#5271=EDGE_CURVE('',#4131,#4137,#430,.T.);
#5272=EDGE_CURVE('',#4138,#4139,#2300,.T.);
#5273=EDGE_CURVE('',#4138,#3743,#2301,.T.);
#5274=EDGE_CURVE('',#4139,#3742,#2302,.T.);
#5275=EDGE_CURVE('',#4140,#4138,#431,.T.);
#5276=EDGE_CURVE('',#4140,#3744,#2303,.T.);
#5277=EDGE_CURVE('',#4141,#4140,#2304,.T.);
#5278=EDGE_CURVE('',#4141,#3745,#2305,.T.);
#5279=EDGE_CURVE('',#4142,#4141,#432,.T.);
#5280=EDGE_CURVE('',#4142,#3746,#2306,.T.);
#5281=EDGE_CURVE('',#4143,#4142,#2307,.T.);
#5282=EDGE_CURVE('',#4143,#3747,#2308,.T.);
#5283=EDGE_CURVE('',#4144,#4143,#433,.T.);
#5284=EDGE_CURVE('',#4144,#3748,#2309,.T.);
#5285=EDGE_CURVE('',#4145,#4144,#2310,.T.);
#5286=EDGE_CURVE('',#4145,#3749,#2311,.T.);
#5287=EDGE_CURVE('',#4139,#4145,#434,.T.);
#5288=EDGE_CURVE('',#4146,#4147,#2312,.T.);
#5289=EDGE_CURVE('',#4146,#3751,#2313,.T.);
#5290=EDGE_CURVE('',#4147,#3750,#2314,.T.);
#5291=EDGE_CURVE('',#4148,#4146,#435,.T.);
#5292=EDGE_CURVE('',#4148,#3752,#2315,.T.);
#5293=EDGE_CURVE('',#4149,#4148,#2316,.T.);
#5294=EDGE_CURVE('',#4149,#3753,#2317,.T.);
#5295=EDGE_CURVE('',#4150,#4149,#436,.T.);
#5296=EDGE_CURVE('',#4150,#3754,#2318,.T.);
#5297=EDGE_CURVE('',#4151,#4150,#2319,.T.);
#5298=EDGE_CURVE('',#4151,#3755,#2320,.T.);
#5299=EDGE_CURVE('',#4152,#4151,#437,.T.);
#5300=EDGE_CURVE('',#4152,#3756,#2321,.T.);
#5301=EDGE_CURVE('',#4153,#4152,#2322,.T.);
#5302=EDGE_CURVE('',#4153,#3757,#2323,.T.);
#5303=EDGE_CURVE('',#4147,#4153,#438,.T.);
#5304=EDGE_CURVE('',#4154,#4155,#2324,.T.);
#5305=EDGE_CURVE('',#4154,#3759,#2325,.T.);
#5306=EDGE_CURVE('',#4155,#3758,#2326,.T.);
#5307=EDGE_CURVE('',#4156,#4154,#439,.T.);
#5308=EDGE_CURVE('',#4156,#3760,#2327,.T.);
#5309=EDGE_CURVE('',#4157,#4156,#2328,.T.);
#5310=EDGE_CURVE('',#4157,#3761,#2329,.T.);
#5311=EDGE_CURVE('',#4158,#4157,#440,.T.);
#5312=EDGE_CURVE('',#4158,#3762,#2330,.T.);
#5313=EDGE_CURVE('',#4159,#4158,#2331,.T.);
#5314=EDGE_CURVE('',#4159,#3763,#2332,.T.);
#5315=EDGE_CURVE('',#4160,#4159,#441,.T.);
#5316=EDGE_CURVE('',#4160,#3764,#2333,.T.);
#5317=EDGE_CURVE('',#4161,#4160,#2334,.T.);
#5318=EDGE_CURVE('',#4161,#3765,#2335,.T.);
#5319=EDGE_CURVE('',#4155,#4161,#442,.T.);
#5320=EDGE_CURVE('',#4162,#4163,#2336,.T.);
#5321=EDGE_CURVE('',#4162,#3767,#2337,.T.);
#5322=EDGE_CURVE('',#4163,#3766,#2338,.T.);
#5323=EDGE_CURVE('',#4164,#4162,#443,.T.);
#5324=EDGE_CURVE('',#4164,#3768,#2339,.T.);
#5325=EDGE_CURVE('',#4165,#4164,#2340,.T.);
#5326=EDGE_CURVE('',#4165,#3769,#2341,.T.);
#5327=EDGE_CURVE('',#4166,#4165,#444,.T.);
#5328=EDGE_CURVE('',#4166,#3770,#2342,.T.);
#5329=EDGE_CURVE('',#4167,#4166,#2343,.T.);
#5330=EDGE_CURVE('',#4167,#3771,#2344,.T.);
#5331=EDGE_CURVE('',#4168,#4167,#445,.T.);
#5332=EDGE_CURVE('',#4168,#3772,#2345,.T.);
#5333=EDGE_CURVE('',#4169,#4168,#2346,.T.);
#5334=EDGE_CURVE('',#4169,#3773,#2347,.T.);
#5335=EDGE_CURVE('',#4163,#4169,#446,.T.);
#5336=EDGE_CURVE('',#4170,#4171,#2348,.T.);
#5337=EDGE_CURVE('',#4170,#3775,#2349,.T.);
#5338=EDGE_CURVE('',#4171,#3774,#2350,.T.);
#5339=EDGE_CURVE('',#4172,#4170,#447,.T.);
#5340=EDGE_CURVE('',#4172,#3776,#2351,.T.);
#5341=EDGE_CURVE('',#4173,#4172,#2352,.T.);
#5342=EDGE_CURVE('',#4173,#3777,#2353,.T.);
#5343=EDGE_CURVE('',#4174,#4173,#448,.T.);
#5344=EDGE_CURVE('',#4174,#3778,#2354,.T.);
#5345=EDGE_CURVE('',#4175,#4174,#2355,.T.);
#5346=EDGE_CURVE('',#4175,#3779,#2356,.T.);
#5347=EDGE_CURVE('',#4176,#4175,#449,.T.);
#5348=EDGE_CURVE('',#4176,#3780,#2357,.T.);
#5349=EDGE_CURVE('',#4177,#4176,#2358,.T.);
#5350=EDGE_CURVE('',#4177,#3781,#2359,.T.);
#5351=EDGE_CURVE('',#4171,#4177,#450,.T.);
#5352=EDGE_CURVE('',#4178,#4179,#2360,.T.);
#5353=EDGE_CURVE('',#4178,#3783,#2361,.T.);
#5354=EDGE_CURVE('',#4179,#3782,#2362,.T.);
#5355=EDGE_CURVE('',#4180,#4178,#451,.T.);
#5356=EDGE_CURVE('',#4180,#3784,#2363,.T.);
#5357=EDGE_CURVE('',#4181,#4180,#2364,.T.);
#5358=EDGE_CURVE('',#4181,#3785,#2365,.T.);
#5359=EDGE_CURVE('',#4182,#4181,#452,.T.);
#5360=EDGE_CURVE('',#4182,#3786,#2366,.T.);
#5361=EDGE_CURVE('',#4183,#4182,#2367,.T.);
#5362=EDGE_CURVE('',#4183,#3787,#2368,.T.);
#5363=EDGE_CURVE('',#4184,#4183,#453,.T.);
#5364=EDGE_CURVE('',#4184,#3788,#2369,.T.);
#5365=EDGE_CURVE('',#4185,#4184,#2370,.T.);
#5366=EDGE_CURVE('',#4185,#3789,#2371,.T.);
#5367=EDGE_CURVE('',#4179,#4185,#454,.T.);
#5368=EDGE_CURVE('',#4186,#4187,#2372,.T.);
#5369=EDGE_CURVE('',#4186,#3791,#2373,.T.);
#5370=EDGE_CURVE('',#4187,#3790,#2374,.T.);
#5371=EDGE_CURVE('',#4188,#4186,#455,.T.);
#5372=EDGE_CURVE('',#4188,#3792,#2375,.T.);
#5373=EDGE_CURVE('',#4189,#4188,#2376,.T.);
#5374=EDGE_CURVE('',#4189,#3793,#2377,.T.);
#5375=EDGE_CURVE('',#4190,#4189,#456,.T.);
#5376=EDGE_CURVE('',#4190,#3794,#2378,.T.);
#5377=EDGE_CURVE('',#4191,#4190,#2379,.T.);
#5378=EDGE_CURVE('',#4191,#3795,#2380,.T.);
#5379=EDGE_CURVE('',#4192,#4191,#457,.T.);
#5380=EDGE_CURVE('',#4192,#3796,#2381,.T.);
#5381=EDGE_CURVE('',#4193,#4192,#2382,.T.);
#5382=EDGE_CURVE('',#4193,#3797,#2383,.T.);
#5383=EDGE_CURVE('',#4187,#4193,#458,.T.);
#5384=EDGE_CURVE('',#4194,#4195,#2384,.T.);
#5385=EDGE_CURVE('',#4194,#3799,#2385,.T.);
#5386=EDGE_CURVE('',#4195,#3798,#2386,.T.);
#5387=EDGE_CURVE('',#4196,#4194,#459,.T.);
#5388=EDGE_CURVE('',#4196,#3800,#2387,.T.);
#5389=EDGE_CURVE('',#4197,#4196,#2388,.T.);
#5390=EDGE_CURVE('',#4197,#3801,#2389,.T.);
#5391=EDGE_CURVE('',#4198,#4197,#460,.T.);
#5392=EDGE_CURVE('',#4198,#3802,#2390,.T.);
#5393=EDGE_CURVE('',#4199,#4198,#2391,.T.);
#5394=EDGE_CURVE('',#4199,#3803,#2392,.T.);
#5395=EDGE_CURVE('',#4200,#4199,#461,.T.);
#5396=EDGE_CURVE('',#4200,#3804,#2393,.T.);
#5397=EDGE_CURVE('',#4201,#4200,#2394,.T.);
#5398=EDGE_CURVE('',#4201,#3805,#2395,.T.);
#5399=EDGE_CURVE('',#4195,#4201,#462,.T.);
#5400=EDGE_CURVE('',#4202,#4203,#2396,.T.);
#5401=EDGE_CURVE('',#4202,#3807,#2397,.T.);
#5402=EDGE_CURVE('',#4203,#3806,#2398,.T.);
#5403=EDGE_CURVE('',#4204,#4202,#463,.T.);
#5404=EDGE_CURVE('',#4204,#3808,#2399,.T.);
#5405=EDGE_CURVE('',#4205,#4204,#2400,.T.);
#5406=EDGE_CURVE('',#4205,#3809,#2401,.T.);
#5407=EDGE_CURVE('',#4206,#4205,#464,.T.);
#5408=EDGE_CURVE('',#4206,#3810,#2402,.T.);
#5409=EDGE_CURVE('',#4207,#4206,#2403,.T.);
#5410=EDGE_CURVE('',#4207,#3811,#2404,.T.);
#5411=EDGE_CURVE('',#4208,#4207,#465,.T.);
#5412=EDGE_CURVE('',#4208,#3812,#2405,.T.);
#5413=EDGE_CURVE('',#4209,#4208,#2406,.T.);
#5414=EDGE_CURVE('',#4209,#3813,#2407,.T.);
#5415=EDGE_CURVE('',#4203,#4209,#466,.T.);
#5416=EDGE_CURVE('',#4210,#4211,#2408,.T.);
#5417=EDGE_CURVE('',#4210,#3815,#2409,.T.);
#5418=EDGE_CURVE('',#4211,#3814,#2410,.T.);
#5419=EDGE_CURVE('',#4212,#4210,#467,.T.);
#5420=EDGE_CURVE('',#4212,#3816,#2411,.T.);
#5421=EDGE_CURVE('',#4213,#4212,#2412,.T.);
#5422=EDGE_CURVE('',#4213,#3817,#2413,.T.);
#5423=EDGE_CURVE('',#4214,#4213,#468,.T.);
#5424=EDGE_CURVE('',#4214,#3818,#2414,.T.);
#5425=EDGE_CURVE('',#4215,#4214,#2415,.T.);
#5426=EDGE_CURVE('',#4215,#3819,#2416,.T.);
#5427=EDGE_CURVE('',#4216,#4215,#469,.T.);
#5428=EDGE_CURVE('',#4216,#3820,#2417,.T.);
#5429=EDGE_CURVE('',#4217,#4216,#2418,.T.);
#5430=EDGE_CURVE('',#4217,#3821,#2419,.T.);
#5431=EDGE_CURVE('',#4211,#4217,#470,.T.);
#5432=EDGE_CURVE('',#4218,#4219,#2420,.T.);
#5433=EDGE_CURVE('',#4218,#3823,#2421,.T.);
#5434=EDGE_CURVE('',#4219,#3822,#2422,.T.);
#5435=EDGE_CURVE('',#4220,#4218,#471,.T.);
#5436=EDGE_CURVE('',#4220,#3824,#2423,.T.);
#5437=EDGE_CURVE('',#4221,#4220,#2424,.T.);
#5438=EDGE_CURVE('',#4221,#3825,#2425,.T.);
#5439=EDGE_CURVE('',#4222,#4221,#472,.T.);
#5440=EDGE_CURVE('',#4222,#3826,#2426,.T.);
#5441=EDGE_CURVE('',#4223,#4222,#2427,.T.);
#5442=EDGE_CURVE('',#4223,#3827,#2428,.T.);
#5443=EDGE_CURVE('',#4224,#4223,#473,.T.);
#5444=EDGE_CURVE('',#4224,#3828,#2429,.T.);
#5445=EDGE_CURVE('',#4225,#4224,#2430,.T.);
#5446=EDGE_CURVE('',#4225,#3829,#2431,.T.);
#5447=EDGE_CURVE('',#4219,#4225,#474,.T.);
#5448=EDGE_CURVE('',#4226,#4227,#2432,.T.);
#5449=EDGE_CURVE('',#4226,#3831,#2433,.T.);
#5450=EDGE_CURVE('',#4227,#3830,#2434,.T.);
#5451=EDGE_CURVE('',#4228,#4226,#475,.T.);
#5452=EDGE_CURVE('',#4228,#3832,#2435,.T.);
#5453=EDGE_CURVE('',#4229,#4228,#2436,.T.);
#5454=EDGE_CURVE('',#4229,#3833,#2437,.T.);
#5455=EDGE_CURVE('',#4230,#4229,#476,.T.);
#5456=EDGE_CURVE('',#4230,#3834,#2438,.T.);
#5457=EDGE_CURVE('',#4231,#4230,#2439,.T.);
#5458=EDGE_CURVE('',#4231,#3835,#2440,.T.);
#5459=EDGE_CURVE('',#4232,#4231,#477,.T.);
#5460=EDGE_CURVE('',#4232,#3836,#2441,.T.);
#5461=EDGE_CURVE('',#4233,#4232,#2442,.T.);
#5462=EDGE_CURVE('',#4233,#3837,#2443,.T.);
#5463=EDGE_CURVE('',#4227,#4233,#478,.T.);
#5464=EDGE_CURVE('',#3467,#4234,#2444,.T.);
#5465=EDGE_CURVE('',#4235,#3541,#2445,.T.);
#5466=EDGE_CURVE('',#4234,#4235,#2446,.T.);
#5467=EDGE_CURVE('',#4236,#3540,#2447,.T.);
#5468=EDGE_CURVE('',#4236,#4235,#2448,.T.);
#5469=EDGE_CURVE('',#4237,#4238,#2449,.T.);
#5470=EDGE_CURVE('',#4238,#4239,#479,.T.);
#5471=EDGE_CURVE('',#4239,#4240,#2450,.T.);
#5472=EDGE_CURVE('',#4240,#4241,#480,.T.);
#5473=EDGE_CURVE('',#4241,#4242,#2451,.T.);
#5474=EDGE_CURVE('',#4242,#4243,#481,.T.);
#5475=EDGE_CURVE('',#4243,#4244,#2452,.T.);
#5476=EDGE_CURVE('',#4244,#4245,#482,.T.);
#5477=EDGE_CURVE('',#4245,#4246,#2453,.T.);
#5478=EDGE_CURVE('',#4246,#4247,#483,.T.);
#5479=EDGE_CURVE('',#4247,#4248,#2454,.T.);
#5480=EDGE_CURVE('',#4248,#4249,#484,.T.);
#5481=EDGE_CURVE('',#4249,#4250,#2455,.T.);
#5482=EDGE_CURVE('',#4250,#4251,#485,.T.);
#5483=EDGE_CURVE('',#4251,#4252,#2456,.T.);
#5484=EDGE_CURVE('',#4252,#4253,#486,.T.);
#5485=EDGE_CURVE('',#4253,#4254,#2457,.T.);
#5486=EDGE_CURVE('',#4254,#4255,#487,.T.);
#5487=EDGE_CURVE('',#4255,#4256,#2458,.T.);
#5488=EDGE_CURVE('',#4256,#4257,#488,.T.);
#5489=EDGE_CURVE('',#4257,#4258,#2459,.T.);
#5490=EDGE_CURVE('',#4258,#4259,#489,.T.);
#5491=EDGE_CURVE('',#4259,#4260,#2460,.T.);
#5492=EDGE_CURVE('',#4260,#4261,#490,.T.);
#5493=EDGE_CURVE('',#4261,#4262,#2461,.T.);
#5494=EDGE_CURVE('',#4262,#4263,#491,.T.);
#5495=EDGE_CURVE('',#4263,#4264,#2462,.T.);
#5496=EDGE_CURVE('',#4264,#4265,#492,.T.);
#5497=EDGE_CURVE('',#4265,#4266,#2463,.T.);
#5498=EDGE_CURVE('',#4266,#4267,#493,.T.);
#5499=EDGE_CURVE('',#4267,#4268,#2464,.T.);
#5500=EDGE_CURVE('',#4268,#4269,#494,.T.);
#5501=EDGE_CURVE('',#4269,#4270,#2465,.T.);
#5502=EDGE_CURVE('',#4270,#4271,#495,.T.);
#5503=EDGE_CURVE('',#4271,#4272,#2466,.T.);
#5504=EDGE_CURVE('',#4272,#4273,#496,.T.);
#5505=EDGE_CURVE('',#4273,#4234,#2467,.T.);
#5506=EDGE_CURVE('',#4236,#4274,#2468,.T.);
#5507=EDGE_CURVE('',#4274,#4275,#497,.T.);
#5508=EDGE_CURVE('',#4275,#4276,#2469,.T.);
#5509=EDGE_CURVE('',#4276,#4277,#498,.T.);
#5510=EDGE_CURVE('',#4277,#4278,#2470,.T.);
#5511=EDGE_CURVE('',#4278,#4279,#499,.T.);
#5512=EDGE_CURVE('',#4279,#4280,#2471,.T.);
#5513=EDGE_CURVE('',#4280,#4281,#500,.T.);
#5514=EDGE_CURVE('',#4281,#4282,#2472,.T.);
#5515=EDGE_CURVE('',#4282,#4283,#501,.T.);
#5516=EDGE_CURVE('',#4283,#4284,#2473,.T.);
#5517=EDGE_CURVE('',#4284,#4285,#502,.T.);
#5518=EDGE_CURVE('',#4285,#4286,#2474,.T.);
#5519=EDGE_CURVE('',#4286,#4287,#503,.T.);
#5520=EDGE_CURVE('',#4287,#4288,#2475,.T.);
#5521=EDGE_CURVE('',#4288,#4289,#504,.T.);
#5522=EDGE_CURVE('',#4289,#4290,#2476,.T.);
#5523=EDGE_CURVE('',#4290,#4291,#505,.T.);
#5524=EDGE_CURVE('',#4291,#4292,#2477,.T.);
#5525=EDGE_CURVE('',#4292,#4293,#506,.T.);
#5526=EDGE_CURVE('',#4293,#4294,#2478,.T.);
#5527=EDGE_CURVE('',#4294,#4295,#507,.T.);
#5528=EDGE_CURVE('',#4295,#4296,#2479,.T.);
#5529=EDGE_CURVE('',#4296,#4297,#508,.T.);
#5530=EDGE_CURVE('',#4297,#4298,#2480,.T.);
#5531=EDGE_CURVE('',#4298,#4299,#509,.T.);
#5532=EDGE_CURVE('',#4299,#4300,#2481,.T.);
#5533=EDGE_CURVE('',#4300,#4301,#510,.T.);
#5534=EDGE_CURVE('',#4301,#4302,#2482,.T.);
#5535=EDGE_CURVE('',#4302,#4303,#511,.T.);
#5536=EDGE_CURVE('',#4303,#4304,#2483,.T.);
#5537=EDGE_CURVE('',#4304,#4305,#512,.T.);
#5538=EDGE_CURVE('',#4305,#4306,#2484,.T.);
#5539=EDGE_CURVE('',#4306,#4307,#513,.T.);
#5540=EDGE_CURVE('',#4307,#4308,#2485,.T.);
#5541=EDGE_CURVE('',#4308,#4237,#514,.T.);
#5542=EDGE_CURVE('',#3468,#4273,#2486,.T.);
#5543=EDGE_CURVE('',#3539,#4274,#2487,.T.);
#5544=EDGE_CURVE('',#3534,#4279,#2488,.T.);
#5545=EDGE_CURVE('',#3535,#4278,#2489,.T.);
#5546=EDGE_CURVE('',#3536,#4277,#2490,.T.);
#5547=EDGE_CURVE('',#3537,#4276,#2491,.T.);
#5548=EDGE_CURVE('',#3538,#4275,#2492,.T.);
#5549=EDGE_CURVE('',#3469,#4272,#2493,.T.);
#5550=EDGE_CURVE('',#3470,#4271,#2494,.T.);
#5551=EDGE_CURVE('',#3471,#4270,#2495,.T.);
#5552=EDGE_CURVE('',#3472,#4269,#2496,.T.);
#5553=EDGE_CURVE('',#3473,#4268,#2497,.T.);
#5554=EDGE_CURVE('',#3474,#4267,#2498,.T.);
#5555=EDGE_CURVE('',#3475,#4266,#2499,.T.);
#5556=EDGE_CURVE('',#3476,#4265,#2500,.T.);
#5557=EDGE_CURVE('',#3477,#4264,#2501,.T.);
#5558=EDGE_CURVE('',#3478,#4263,#2502,.T.);
#5559=EDGE_CURVE('',#3479,#4262,#2503,.T.);
#5560=EDGE_CURVE('',#3480,#4261,#2504,.T.);
#5561=EDGE_CURVE('',#3481,#4260,#2505,.T.);
#5562=EDGE_CURVE('',#3482,#4259,#2506,.T.);
#5563=EDGE_CURVE('',#3483,#4258,#2507,.T.);
#5564=EDGE_CURVE('',#3484,#4257,#2508,.T.);
#5565=EDGE_CURVE('',#3485,#4256,#2509,.T.);
#5566=EDGE_CURVE('',#3486,#4255,#2510,.T.);
#5567=EDGE_CURVE('',#3487,#4254,#2511,.T.);
#5568=EDGE_CURVE('',#3488,#4253,#2512,.T.);
#5569=EDGE_CURVE('',#3489,#4252,#2513,.T.);
#5570=EDGE_CURVE('',#3490,#4251,#2514,.T.);
#5571=EDGE_CURVE('',#3491,#4250,#2515,.T.);
#5572=EDGE_CURVE('',#3492,#4249,#2516,.T.);
#5573=EDGE_CURVE('',#3493,#4248,#2517,.T.);
#5574=EDGE_CURVE('',#3494,#4247,#2518,.T.);
#5575=EDGE_CURVE('',#3495,#4246,#2519,.T.);
#5576=EDGE_CURVE('',#3496,#4245,#2520,.T.);
#5577=EDGE_CURVE('',#3497,#4244,#2521,.T.);
#5578=EDGE_CURVE('',#3498,#4243,#2522,.T.);
#5579=EDGE_CURVE('',#3499,#4242,#2523,.T.);
#5580=EDGE_CURVE('',#3500,#4241,#2524,.T.);
#5581=EDGE_CURVE('',#3501,#4240,#2525,.T.);
#5582=EDGE_CURVE('',#3502,#4239,#2526,.T.);
#5583=EDGE_CURVE('',#3503,#4238,#2527,.T.);
#5584=EDGE_CURVE('',#3504,#4237,#2528,.T.);
#5585=EDGE_CURVE('',#3505,#4308,#2529,.T.);
#5586=EDGE_CURVE('',#3506,#4307,#2530,.T.);
#5587=EDGE_CURVE('',#3507,#4306,#2531,.T.);
#5588=EDGE_CURVE('',#3508,#4305,#2532,.T.);
#5589=EDGE_CURVE('',#3509,#4304,#2533,.T.);
#5590=EDGE_CURVE('',#3510,#4303,#2534,.T.);
#5591=EDGE_CURVE('',#3511,#4302,#2535,.T.);
#5592=EDGE_CURVE('',#3512,#4301,#2536,.T.);
#5593=EDGE_CURVE('',#3513,#4300,#2537,.T.);
#5594=EDGE_CURVE('',#3514,#4299,#2538,.T.);
#5595=EDGE_CURVE('',#3515,#4298,#2539,.T.);
#5596=EDGE_CURVE('',#3516,#4297,#2540,.T.);
#5597=EDGE_CURVE('',#3517,#4296,#2541,.T.);
#5598=EDGE_CURVE('',#3518,#4295,#2542,.T.);
#5599=EDGE_CURVE('',#3519,#4294,#2543,.T.);
#5600=EDGE_CURVE('',#3520,#4293,#2544,.T.);
#5601=EDGE_CURVE('',#3521,#4292,#2545,.T.);
#5602=EDGE_CURVE('',#3522,#4291,#2546,.T.);
#5603=EDGE_CURVE('',#3523,#4290,#2547,.T.);
#5604=EDGE_CURVE('',#3524,#4289,#2548,.T.);
#5605=EDGE_CURVE('',#3525,#4288,#2549,.T.);
#5606=EDGE_CURVE('',#3526,#4287,#2550,.T.);
#5607=EDGE_CURVE('',#3527,#4286,#2551,.T.);
#5608=EDGE_CURVE('',#3528,#4285,#2552,.T.);
#5609=EDGE_CURVE('',#3529,#4284,#2553,.T.);
#5610=EDGE_CURVE('',#3530,#4283,#2554,.T.);
#5611=EDGE_CURVE('',#3531,#4282,#2555,.T.);
#5612=EDGE_CURVE('',#3532,#4281,#2556,.T.);
#5613=EDGE_CURVE('',#3533,#4280,#2557,.T.);
#5614=ORIENTED_EDGE('',*,*,#4309,.F.);
#5615=ORIENTED_EDGE('',*,*,#4310,.T.);
#5616=ORIENTED_EDGE('',*,*,#4311,.F.);
#5617=ORIENTED_EDGE('',*,*,#4312,.F.);
#5618=ORIENTED_EDGE('',*,*,#4313,.F.);
#5619=ORIENTED_EDGE('',*,*,#4314,.T.);
#5620=ORIENTED_EDGE('',*,*,#4315,.F.);
#5621=ORIENTED_EDGE('',*,*,#4310,.F.);
#5622=ORIENTED_EDGE('',*,*,#4316,.F.);
#5623=ORIENTED_EDGE('',*,*,#4317,.T.);
#5624=ORIENTED_EDGE('',*,*,#4318,.F.);
#5625=ORIENTED_EDGE('',*,*,#4314,.F.);
#5626=ORIENTED_EDGE('',*,*,#4319,.F.);
#5627=ORIENTED_EDGE('',*,*,#4320,.T.);
#5628=ORIENTED_EDGE('',*,*,#4321,.F.);
#5629=ORIENTED_EDGE('',*,*,#4317,.F.);
#5630=ORIENTED_EDGE('',*,*,#4322,.F.);
#5631=ORIENTED_EDGE('',*,*,#4323,.T.);
#5632=ORIENTED_EDGE('',*,*,#4324,.F.);
#5633=ORIENTED_EDGE('',*,*,#4320,.F.);
#5634=ORIENTED_EDGE('',*,*,#4325,.F.);
#5635=ORIENTED_EDGE('',*,*,#4326,.T.);
#5636=ORIENTED_EDGE('',*,*,#4327,.F.);
#5637=ORIENTED_EDGE('',*,*,#4328,.F.);
#5638=ORIENTED_EDGE('',*,*,#4329,.F.);
#5639=ORIENTED_EDGE('',*,*,#4330,.T.);
#5640=ORIENTED_EDGE('',*,*,#4331,.F.);
#5641=ORIENTED_EDGE('',*,*,#4326,.F.);
#5642=ORIENTED_EDGE('',*,*,#4332,.F.);
#5643=ORIENTED_EDGE('',*,*,#4333,.T.);
#5644=ORIENTED_EDGE('',*,*,#4334,.F.);
#5645=ORIENTED_EDGE('',*,*,#4330,.F.);
#5646=ORIENTED_EDGE('',*,*,#4335,.F.);
#5647=ORIENTED_EDGE('',*,*,#4336,.T.);
#5648=ORIENTED_EDGE('',*,*,#4337,.F.);
#5649=ORIENTED_EDGE('',*,*,#4333,.F.);
#5650=ORIENTED_EDGE('',*,*,#4338,.F.);
#5651=ORIENTED_EDGE('',*,*,#4339,.T.);
#5652=ORIENTED_EDGE('',*,*,#4340,.F.);
#5653=ORIENTED_EDGE('',*,*,#4336,.F.);
#5654=ORIENTED_EDGE('',*,*,#4341,.T.);
#5655=ORIENTED_EDGE('',*,*,#4342,.F.);
#5656=ORIENTED_EDGE('',*,*,#4343,.T.);
#5657=ORIENTED_EDGE('',*,*,#4344,.F.);
#5658=ORIENTED_EDGE('',*,*,#4345,.T.);
#5659=ORIENTED_EDGE('',*,*,#4346,.F.);
#5660=ORIENTED_EDGE('',*,*,#4347,.T.);
#5661=ORIENTED_EDGE('',*,*,#4348,.T.);
#5662=ORIENTED_EDGE('',*,*,#4349,.T.);
#5663=ORIENTED_EDGE('',*,*,#4350,.T.);
#5664=ORIENTED_EDGE('',*,*,#4351,.T.);
#5665=ORIENTED_EDGE('',*,*,#4352,.F.);
#5666=ORIENTED_EDGE('',*,*,#4353,.T.);
#5667=ORIENTED_EDGE('',*,*,#4354,.F.);
#5668=ORIENTED_EDGE('',*,*,#4355,.T.);
#5669=ORIENTED_EDGE('',*,*,#4356,.F.);
#5670=ORIENTED_EDGE('',*,*,#4357,.T.);
#5671=ORIENTED_EDGE('',*,*,#4358,.F.);
#5672=ORIENTED_EDGE('',*,*,#4359,.T.);
#5673=ORIENTED_EDGE('',*,*,#4360,.T.);
#5674=ORIENTED_EDGE('',*,*,#4361,.T.);
#5675=ORIENTED_EDGE('',*,*,#4362,.T.);
#5676=ORIENTED_EDGE('',*,*,#4363,.T.);
#5677=ORIENTED_EDGE('',*,*,#4364,.T.);
#5678=ORIENTED_EDGE('',*,*,#4365,.T.);
#5679=ORIENTED_EDGE('',*,*,#4366,.T.);
#5680=ORIENTED_EDGE('',*,*,#4367,.T.);
#5681=ORIENTED_EDGE('',*,*,#4368,.F.);
#5682=ORIENTED_EDGE('',*,*,#4369,.T.);
#5683=ORIENTED_EDGE('',*,*,#4370,.F.);
#5684=ORIENTED_EDGE('',*,*,#4371,.T.);
#5685=ORIENTED_EDGE('',*,*,#4372,.F.);
#5686=ORIENTED_EDGE('',*,*,#4373,.T.);
#5687=ORIENTED_EDGE('',*,*,#4374,.F.);
#5688=ORIENTED_EDGE('',*,*,#4375,.T.);
#5689=ORIENTED_EDGE('',*,*,#4376,.T.);
#5690=ORIENTED_EDGE('',*,*,#4377,.T.);
#5691=ORIENTED_EDGE('',*,*,#4378,.T.);
#5692=ORIENTED_EDGE('',*,*,#4379,.T.);
#5693=ORIENTED_EDGE('',*,*,#4380,.F.);
#5694=ORIENTED_EDGE('',*,*,#4381,.T.);
#5695=ORIENTED_EDGE('',*,*,#4382,.F.);
#5696=ORIENTED_EDGE('',*,*,#4383,.T.);
#5697=ORIENTED_EDGE('',*,*,#4384,.T.);
#5698=ORIENTED_EDGE('',*,*,#4385,.F.);
#5699=ORIENTED_EDGE('',*,*,#4386,.T.);
#5700=ORIENTED_EDGE('',*,*,#4387,.T.);
#5701=ORIENTED_EDGE('',*,*,#4388,.F.);
#5702=ORIENTED_EDGE('',*,*,#4389,.T.);
#5703=ORIENTED_EDGE('',*,*,#4390,.F.);
#5704=ORIENTED_EDGE('',*,*,#4391,.T.);
#5705=ORIENTED_EDGE('',*,*,#4392,.F.);
#5706=ORIENTED_EDGE('',*,*,#4393,.T.);
#5707=ORIENTED_EDGE('',*,*,#4394,.F.);
#5708=ORIENTED_EDGE('',*,*,#4395,.T.);
#5709=ORIENTED_EDGE('',*,*,#4396,.T.);
#5710=ORIENTED_EDGE('',*,*,#4397,.F.);
#5711=ORIENTED_EDGE('',*,*,#4398,.T.);
#5712=ORIENTED_EDGE('',*,*,#4399,.T.);
#5713=ORIENTED_EDGE('',*,*,#4400,.T.);
#5714=ORIENTED_EDGE('',*,*,#4401,.F.);
#5715=ORIENTED_EDGE('',*,*,#4402,.T.);
#5716=ORIENTED_EDGE('',*,*,#4403,.T.);
#5717=ORIENTED_EDGE('',*,*,#4404,.F.);
#5718=ORIENTED_EDGE('',*,*,#4405,.T.);
#5719=ORIENTED_EDGE('',*,*,#4406,.F.);
#5720=ORIENTED_EDGE('',*,*,#4407,.F.);
#5721=ORIENTED_EDGE('',*,*,#4408,.F.);
#5722=ORIENTED_EDGE('',*,*,#4409,.F.);
#5723=ORIENTED_EDGE('',*,*,#4410,.F.);
#5724=ORIENTED_EDGE('',*,*,#4411,.F.);
#5725=ORIENTED_EDGE('',*,*,#4412,.T.);
#5726=ORIENTED_EDGE('',*,*,#4413,.F.);
#5727=ORIENTED_EDGE('',*,*,#4414,.T.);
#5728=ORIENTED_EDGE('',*,*,#4415,.T.);
#5729=ORIENTED_EDGE('',*,*,#4416,.F.);
#5730=ORIENTED_EDGE('',*,*,#4417,.T.);
#5731=ORIENTED_EDGE('',*,*,#4418,.F.);
#5732=ORIENTED_EDGE('',*,*,#4419,.F.);
#5733=ORIENTED_EDGE('',*,*,#4420,.T.);
#5734=ORIENTED_EDGE('',*,*,#4421,.T.);
#5735=ORIENTED_EDGE('',*,*,#4422,.T.);
#5736=ORIENTED_EDGE('',*,*,#4423,.T.);
#5737=ORIENTED_EDGE('',*,*,#4424,.T.);
#5738=ORIENTED_EDGE('',*,*,#4425,.T.);
#5739=ORIENTED_EDGE('',*,*,#4426,.T.);
#5740=ORIENTED_EDGE('',*,*,#4427,.T.);
#5741=ORIENTED_EDGE('',*,*,#4428,.T.);
#5742=ORIENTED_EDGE('',*,*,#4429,.T.);
#5743=ORIENTED_EDGE('',*,*,#4430,.T.);
#5744=ORIENTED_EDGE('',*,*,#4431,.T.);
#5745=ORIENTED_EDGE('',*,*,#4432,.T.);
#5746=ORIENTED_EDGE('',*,*,#4433,.T.);
#5747=ORIENTED_EDGE('',*,*,#4434,.T.);
#5748=ORIENTED_EDGE('',*,*,#4435,.T.);
#5749=ORIENTED_EDGE('',*,*,#4436,.T.);
#5750=ORIENTED_EDGE('',*,*,#4437,.T.);
#5751=ORIENTED_EDGE('',*,*,#4438,.T.);
#5752=ORIENTED_EDGE('',*,*,#4439,.T.);
#5753=ORIENTED_EDGE('',*,*,#4440,.T.);
#5754=ORIENTED_EDGE('',*,*,#4441,.T.);
#5755=ORIENTED_EDGE('',*,*,#4442,.T.);
#5756=ORIENTED_EDGE('',*,*,#4443,.T.);
#5757=ORIENTED_EDGE('',*,*,#4444,.T.);
#5758=ORIENTED_EDGE('',*,*,#4445,.T.);
#5759=ORIENTED_EDGE('',*,*,#4446,.T.);
#5760=ORIENTED_EDGE('',*,*,#4447,.T.);
#5761=ORIENTED_EDGE('',*,*,#4448,.T.);
#5762=ORIENTED_EDGE('',*,*,#4449,.T.);
#5763=ORIENTED_EDGE('',*,*,#4450,.T.);
#5764=ORIENTED_EDGE('',*,*,#4451,.T.);
#5765=ORIENTED_EDGE('',*,*,#4452,.T.);
#5766=ORIENTED_EDGE('',*,*,#4453,.T.);
#5767=ORIENTED_EDGE('',*,*,#4454,.T.);
#5768=ORIENTED_EDGE('',*,*,#4455,.T.);
#5769=ORIENTED_EDGE('',*,*,#4456,.T.);
#5770=ORIENTED_EDGE('',*,*,#4457,.T.);
#5771=ORIENTED_EDGE('',*,*,#4458,.T.);
#5772=ORIENTED_EDGE('',*,*,#4459,.T.);
#5773=ORIENTED_EDGE('',*,*,#4460,.T.);
#5774=ORIENTED_EDGE('',*,*,#4461,.T.);
#5775=ORIENTED_EDGE('',*,*,#4462,.T.);
#5776=ORIENTED_EDGE('',*,*,#4463,.T.);
#5777=ORIENTED_EDGE('',*,*,#4464,.T.);
#5778=ORIENTED_EDGE('',*,*,#4465,.T.);
#5779=ORIENTED_EDGE('',*,*,#4466,.T.);
#5780=ORIENTED_EDGE('',*,*,#4467,.T.);
#5781=ORIENTED_EDGE('',*,*,#4468,.T.);
#5782=ORIENTED_EDGE('',*,*,#4469,.T.);
#5783=ORIENTED_EDGE('',*,*,#4470,.T.);
#5784=ORIENTED_EDGE('',*,*,#4471,.T.);
#5785=ORIENTED_EDGE('',*,*,#4472,.T.);
#5786=ORIENTED_EDGE('',*,*,#4473,.T.);
#5787=ORIENTED_EDGE('',*,*,#4474,.T.);
#5788=ORIENTED_EDGE('',*,*,#4475,.T.);
#5789=ORIENTED_EDGE('',*,*,#4476,.T.);
#5790=ORIENTED_EDGE('',*,*,#4477,.T.);
#5791=ORIENTED_EDGE('',*,*,#4478,.T.);
#5792=ORIENTED_EDGE('',*,*,#4479,.T.);
#5793=ORIENTED_EDGE('',*,*,#4480,.T.);
#5794=ORIENTED_EDGE('',*,*,#4481,.T.);
#5795=ORIENTED_EDGE('',*,*,#4482,.T.);
#5796=ORIENTED_EDGE('',*,*,#4483,.T.);
#5797=ORIENTED_EDGE('',*,*,#4484,.T.);
#5798=ORIENTED_EDGE('',*,*,#4485,.T.);
#5799=ORIENTED_EDGE('',*,*,#4486,.T.);
#5800=ORIENTED_EDGE('',*,*,#4487,.T.);
#5801=ORIENTED_EDGE('',*,*,#4488,.T.);
#5802=ORIENTED_EDGE('',*,*,#4489,.T.);
#5803=ORIENTED_EDGE('',*,*,#4490,.T.);
#5804=ORIENTED_EDGE('',*,*,#4491,.T.);
#5805=ORIENTED_EDGE('',*,*,#4492,.T.);
#5806=ORIENTED_EDGE('',*,*,#4493,.T.);
#5807=ORIENTED_EDGE('',*,*,#4494,.T.);
#5808=ORIENTED_EDGE('',*,*,#4495,.T.);
#5809=ORIENTED_EDGE('',*,*,#4496,.T.);
#5810=ORIENTED_EDGE('',*,*,#4497,.T.);
#5811=ORIENTED_EDGE('',*,*,#4498,.T.);
#5812=ORIENTED_EDGE('',*,*,#4499,.T.);
#5813=ORIENTED_EDGE('',*,*,#4500,.T.);
#5814=ORIENTED_EDGE('',*,*,#4501,.T.);
#5815=ORIENTED_EDGE('',*,*,#4502,.T.);
#5816=ORIENTED_EDGE('',*,*,#4503,.T.);
#5817=ORIENTED_EDGE('',*,*,#4504,.T.);
#5818=ORIENTED_EDGE('',*,*,#4505,.T.);
#5819=ORIENTED_EDGE('',*,*,#4506,.T.);
#5820=ORIENTED_EDGE('',*,*,#4507,.T.);
#5821=ORIENTED_EDGE('',*,*,#4508,.T.);
#5822=ORIENTED_EDGE('',*,*,#4509,.T.);
#5823=ORIENTED_EDGE('',*,*,#4510,.T.);
#5824=ORIENTED_EDGE('',*,*,#4511,.T.);
#5825=ORIENTED_EDGE('',*,*,#4512,.T.);
#5826=ORIENTED_EDGE('',*,*,#4513,.T.);
#5827=ORIENTED_EDGE('',*,*,#4514,.T.);
#5828=ORIENTED_EDGE('',*,*,#4515,.T.);
#5829=ORIENTED_EDGE('',*,*,#4516,.T.);
#5830=ORIENTED_EDGE('',*,*,#4517,.T.);
#5831=ORIENTED_EDGE('',*,*,#4518,.T.);
#5832=ORIENTED_EDGE('',*,*,#4519,.T.);
#5833=ORIENTED_EDGE('',*,*,#4520,.T.);
#5834=ORIENTED_EDGE('',*,*,#4521,.T.);
#5835=ORIENTED_EDGE('',*,*,#4522,.T.);
#5836=ORIENTED_EDGE('',*,*,#4523,.T.);
#5837=ORIENTED_EDGE('',*,*,#4524,.T.);
#5838=ORIENTED_EDGE('',*,*,#4525,.T.);
#5839=ORIENTED_EDGE('',*,*,#4526,.T.);
#5840=ORIENTED_EDGE('',*,*,#4527,.T.);
#5841=ORIENTED_EDGE('',*,*,#4528,.T.);
#5842=ORIENTED_EDGE('',*,*,#4529,.T.);
#5843=ORIENTED_EDGE('',*,*,#4530,.T.);
#5844=ORIENTED_EDGE('',*,*,#4531,.T.);
#5845=ORIENTED_EDGE('',*,*,#4532,.T.);
#5846=ORIENTED_EDGE('',*,*,#4533,.T.);
#5847=ORIENTED_EDGE('',*,*,#4534,.T.);
#5848=ORIENTED_EDGE('',*,*,#4535,.T.);
#5849=ORIENTED_EDGE('',*,*,#4536,.T.);
#5850=ORIENTED_EDGE('',*,*,#4537,.T.);
#5851=ORIENTED_EDGE('',*,*,#4538,.T.);
#5852=ORIENTED_EDGE('',*,*,#4539,.T.);
#5853=ORIENTED_EDGE('',*,*,#4540,.T.);
#5854=ORIENTED_EDGE('',*,*,#4541,.T.);
#5855=ORIENTED_EDGE('',*,*,#4542,.T.);
#5856=ORIENTED_EDGE('',*,*,#4543,.T.);
#5857=ORIENTED_EDGE('',*,*,#4544,.T.);
#5858=ORIENTED_EDGE('',*,*,#4545,.T.);
#5859=ORIENTED_EDGE('',*,*,#4546,.T.);
#5860=ORIENTED_EDGE('',*,*,#4547,.T.);
#5861=ORIENTED_EDGE('',*,*,#4548,.T.);
#5862=ORIENTED_EDGE('',*,*,#4549,.T.);
#5863=ORIENTED_EDGE('',*,*,#4550,.T.);
#5864=ORIENTED_EDGE('',*,*,#4551,.T.);
#5865=ORIENTED_EDGE('',*,*,#4552,.T.);
#5866=ORIENTED_EDGE('',*,*,#4553,.T.);
#5867=ORIENTED_EDGE('',*,*,#4554,.T.);
#5868=ORIENTED_EDGE('',*,*,#4555,.T.);
#5869=ORIENTED_EDGE('',*,*,#4556,.T.);
#5870=ORIENTED_EDGE('',*,*,#4557,.T.);
#5871=ORIENTED_EDGE('',*,*,#4558,.T.);
#5872=ORIENTED_EDGE('',*,*,#4559,.T.);
#5873=ORIENTED_EDGE('',*,*,#4560,.T.);
#5874=ORIENTED_EDGE('',*,*,#4561,.T.);
#5875=ORIENTED_EDGE('',*,*,#4562,.T.);
#5876=ORIENTED_EDGE('',*,*,#4563,.T.);
#5877=ORIENTED_EDGE('',*,*,#4564,.T.);
#5878=ORIENTED_EDGE('',*,*,#4565,.T.);
#5879=ORIENTED_EDGE('',*,*,#4566,.T.);
#5880=ORIENTED_EDGE('',*,*,#4567,.T.);
#5881=ORIENTED_EDGE('',*,*,#4568,.T.);
#5882=ORIENTED_EDGE('',*,*,#4569,.T.);
#5883=ORIENTED_EDGE('',*,*,#4570,.T.);
#5884=ORIENTED_EDGE('',*,*,#4571,.T.);
#5885=ORIENTED_EDGE('',*,*,#4572,.T.);
#5886=ORIENTED_EDGE('',*,*,#4573,.T.);
#5887=ORIENTED_EDGE('',*,*,#4574,.T.);
#5888=ORIENTED_EDGE('',*,*,#4575,.T.);
#5889=ORIENTED_EDGE('',*,*,#4576,.T.);
#5890=ORIENTED_EDGE('',*,*,#4577,.T.);
#5891=ORIENTED_EDGE('',*,*,#4578,.T.);
#5892=ORIENTED_EDGE('',*,*,#4579,.T.);
#5893=ORIENTED_EDGE('',*,*,#4580,.T.);
#5894=ORIENTED_EDGE('',*,*,#4581,.T.);
#5895=ORIENTED_EDGE('',*,*,#4582,.T.);
#5896=ORIENTED_EDGE('',*,*,#4583,.T.);
#5897=ORIENTED_EDGE('',*,*,#4584,.T.);
#5898=ORIENTED_EDGE('',*,*,#4585,.T.);
#5899=ORIENTED_EDGE('',*,*,#4586,.T.);
#5900=ORIENTED_EDGE('',*,*,#4587,.T.);
#5901=ORIENTED_EDGE('',*,*,#4588,.T.);
#5902=ORIENTED_EDGE('',*,*,#4589,.T.);
#5903=ORIENTED_EDGE('',*,*,#4590,.T.);
#5904=ORIENTED_EDGE('',*,*,#4591,.T.);
#5905=ORIENTED_EDGE('',*,*,#4592,.T.);
#5906=ORIENTED_EDGE('',*,*,#4593,.T.);
#5907=ORIENTED_EDGE('',*,*,#4594,.T.);
#5908=ORIENTED_EDGE('',*,*,#4595,.T.);
#5909=ORIENTED_EDGE('',*,*,#4596,.T.);
#5910=ORIENTED_EDGE('',*,*,#4597,.T.);
#5911=ORIENTED_EDGE('',*,*,#4598,.T.);
#5912=ORIENTED_EDGE('',*,*,#4599,.T.);
#5913=ORIENTED_EDGE('',*,*,#4600,.T.);
#5914=ORIENTED_EDGE('',*,*,#4601,.T.);
#5915=ORIENTED_EDGE('',*,*,#4602,.T.);
#5916=ORIENTED_EDGE('',*,*,#4603,.T.);
#5917=ORIENTED_EDGE('',*,*,#4604,.T.);
#5918=ORIENTED_EDGE('',*,*,#4605,.T.);
#5919=ORIENTED_EDGE('',*,*,#4606,.T.);
#5920=ORIENTED_EDGE('',*,*,#4607,.T.);
#5921=ORIENTED_EDGE('',*,*,#4608,.T.);
#5922=ORIENTED_EDGE('',*,*,#4609,.T.);
#5923=ORIENTED_EDGE('',*,*,#4610,.T.);
#5924=ORIENTED_EDGE('',*,*,#4611,.T.);
#5925=ORIENTED_EDGE('',*,*,#4612,.T.);
#5926=ORIENTED_EDGE('',*,*,#4613,.T.);
#5927=ORIENTED_EDGE('',*,*,#4614,.T.);
#5928=ORIENTED_EDGE('',*,*,#4615,.T.);
#5929=ORIENTED_EDGE('',*,*,#4616,.T.);
#5930=ORIENTED_EDGE('',*,*,#4617,.T.);
#5931=ORIENTED_EDGE('',*,*,#4618,.T.);
#5932=ORIENTED_EDGE('',*,*,#4619,.T.);
#5933=ORIENTED_EDGE('',*,*,#4620,.T.);
#5934=ORIENTED_EDGE('',*,*,#4621,.T.);
#5935=ORIENTED_EDGE('',*,*,#4622,.T.);
#5936=ORIENTED_EDGE('',*,*,#4623,.T.);
#5937=ORIENTED_EDGE('',*,*,#4624,.T.);
#5938=ORIENTED_EDGE('',*,*,#4625,.T.);
#5939=ORIENTED_EDGE('',*,*,#4626,.T.);
#5940=ORIENTED_EDGE('',*,*,#4627,.T.);
#5941=ORIENTED_EDGE('',*,*,#4628,.T.);
#5942=ORIENTED_EDGE('',*,*,#4629,.T.);
#5943=ORIENTED_EDGE('',*,*,#4630,.T.);
#5944=ORIENTED_EDGE('',*,*,#4631,.T.);
#5945=ORIENTED_EDGE('',*,*,#4632,.T.);
#5946=ORIENTED_EDGE('',*,*,#4633,.T.);
#5947=ORIENTED_EDGE('',*,*,#4634,.T.);
#5948=ORIENTED_EDGE('',*,*,#4635,.T.);
#5949=ORIENTED_EDGE('',*,*,#4636,.T.);
#5950=ORIENTED_EDGE('',*,*,#4637,.T.);
#5951=ORIENTED_EDGE('',*,*,#4638,.T.);
#5952=ORIENTED_EDGE('',*,*,#4639,.T.);
#5953=ORIENTED_EDGE('',*,*,#4640,.T.);
#5954=ORIENTED_EDGE('',*,*,#4641,.T.);
#5955=ORIENTED_EDGE('',*,*,#4642,.T.);
#5956=ORIENTED_EDGE('',*,*,#4643,.T.);
#5957=ORIENTED_EDGE('',*,*,#4644,.T.);
#5958=ORIENTED_EDGE('',*,*,#4645,.T.);
#5959=ORIENTED_EDGE('',*,*,#4646,.T.);
#5960=ORIENTED_EDGE('',*,*,#4647,.T.);
#5961=ORIENTED_EDGE('',*,*,#4648,.T.);
#5962=ORIENTED_EDGE('',*,*,#4649,.T.);
#5963=ORIENTED_EDGE('',*,*,#4650,.T.);
#5964=ORIENTED_EDGE('',*,*,#4651,.T.);
#5965=ORIENTED_EDGE('',*,*,#4652,.T.);
#5966=ORIENTED_EDGE('',*,*,#4653,.T.);
#5967=ORIENTED_EDGE('',*,*,#4654,.T.);
#5968=ORIENTED_EDGE('',*,*,#4655,.T.);
#5969=ORIENTED_EDGE('',*,*,#4656,.T.);
#5970=ORIENTED_EDGE('',*,*,#4657,.T.);
#5971=ORIENTED_EDGE('',*,*,#4658,.T.);
#5972=ORIENTED_EDGE('',*,*,#4659,.T.);
#5973=ORIENTED_EDGE('',*,*,#4660,.T.);
#5974=ORIENTED_EDGE('',*,*,#4661,.T.);
#5975=ORIENTED_EDGE('',*,*,#4662,.T.);
#5976=ORIENTED_EDGE('',*,*,#4663,.T.);
#5977=ORIENTED_EDGE('',*,*,#4664,.T.);
#5978=ORIENTED_EDGE('',*,*,#4665,.T.);
#5979=ORIENTED_EDGE('',*,*,#4666,.T.);
#5980=ORIENTED_EDGE('',*,*,#4667,.T.);
#5981=ORIENTED_EDGE('',*,*,#4668,.T.);
#5982=ORIENTED_EDGE('',*,*,#4669,.T.);
#5983=ORIENTED_EDGE('',*,*,#4670,.T.);
#5984=ORIENTED_EDGE('',*,*,#4671,.T.);
#5985=ORIENTED_EDGE('',*,*,#4672,.T.);
#5986=ORIENTED_EDGE('',*,*,#4673,.T.);
#5987=ORIENTED_EDGE('',*,*,#4674,.T.);
#5988=ORIENTED_EDGE('',*,*,#4675,.T.);
#5989=ORIENTED_EDGE('',*,*,#4676,.T.);
#5990=ORIENTED_EDGE('',*,*,#4677,.T.);
#5991=ORIENTED_EDGE('',*,*,#4678,.T.);
#5992=ORIENTED_EDGE('',*,*,#4679,.T.);
#5993=ORIENTED_EDGE('',*,*,#4680,.T.);
#5994=ORIENTED_EDGE('',*,*,#4681,.T.);
#5995=ORIENTED_EDGE('',*,*,#4682,.T.);
#5996=ORIENTED_EDGE('',*,*,#4683,.T.);
#5997=ORIENTED_EDGE('',*,*,#4684,.T.);
#5998=ORIENTED_EDGE('',*,*,#4685,.T.);
#5999=ORIENTED_EDGE('',*,*,#4686,.T.);
#6000=ORIENTED_EDGE('',*,*,#4687,.T.);
#6001=ORIENTED_EDGE('',*,*,#4688,.T.);
#6002=ORIENTED_EDGE('',*,*,#4689,.T.);
#6003=ORIENTED_EDGE('',*,*,#4690,.T.);
#6004=ORIENTED_EDGE('',*,*,#4691,.T.);
#6005=ORIENTED_EDGE('',*,*,#4692,.T.);
#6006=ORIENTED_EDGE('',*,*,#4693,.T.);
#6007=ORIENTED_EDGE('',*,*,#4694,.T.);
#6008=ORIENTED_EDGE('',*,*,#4695,.T.);
#6009=ORIENTED_EDGE('',*,*,#4696,.T.);
#6010=ORIENTED_EDGE('',*,*,#4697,.T.);
#6011=ORIENTED_EDGE('',*,*,#4698,.T.);
#6012=ORIENTED_EDGE('',*,*,#4699,.T.);
#6013=ORIENTED_EDGE('',*,*,#4700,.T.);
#6014=ORIENTED_EDGE('',*,*,#4701,.T.);
#6015=ORIENTED_EDGE('',*,*,#4702,.T.);
#6016=ORIENTED_EDGE('',*,*,#4703,.T.);
#6017=ORIENTED_EDGE('',*,*,#4704,.T.);
#6018=ORIENTED_EDGE('',*,*,#4705,.T.);
#6019=ORIENTED_EDGE('',*,*,#4706,.T.);
#6020=ORIENTED_EDGE('',*,*,#4707,.T.);
#6021=ORIENTED_EDGE('',*,*,#4708,.T.);
#6022=ORIENTED_EDGE('',*,*,#4709,.T.);
#6023=ORIENTED_EDGE('',*,*,#4710,.T.);
#6024=ORIENTED_EDGE('',*,*,#4711,.T.);
#6025=ORIENTED_EDGE('',*,*,#4712,.T.);
#6026=ORIENTED_EDGE('',*,*,#4713,.T.);
#6027=ORIENTED_EDGE('',*,*,#4714,.T.);
#6028=ORIENTED_EDGE('',*,*,#4715,.T.);
#6029=ORIENTED_EDGE('',*,*,#4716,.T.);
#6030=ORIENTED_EDGE('',*,*,#4311,.T.);
#6031=ORIENTED_EDGE('',*,*,#4315,.T.);
#6032=ORIENTED_EDGE('',*,*,#4318,.T.);
#6033=ORIENTED_EDGE('',*,*,#4321,.T.);
#6034=ORIENTED_EDGE('',*,*,#4324,.T.);
#6035=ORIENTED_EDGE('',*,*,#4717,.T.);
#6036=ORIENTED_EDGE('',*,*,#4718,.T.);
#6037=ORIENTED_EDGE('',*,*,#4719,.T.);
#6038=ORIENTED_EDGE('',*,*,#4720,.T.);
#6039=ORIENTED_EDGE('',*,*,#4721,.T.);
#6040=ORIENTED_EDGE('',*,*,#4722,.T.);
#6041=ORIENTED_EDGE('',*,*,#4344,.T.);
#6042=ORIENTED_EDGE('',*,*,#4723,.T.);
#6043=ORIENTED_EDGE('',*,*,#4724,.T.);
#6044=ORIENTED_EDGE('',*,*,#4725,.T.);
#6045=ORIENTED_EDGE('',*,*,#4726,.T.);
#6046=ORIENTED_EDGE('',*,*,#4727,.T.);
#6047=ORIENTED_EDGE('',*,*,#4728,.T.);
#6048=ORIENTED_EDGE('',*,*,#4729,.T.);
#6049=ORIENTED_EDGE('',*,*,#4730,.T.);
#6050=ORIENTED_EDGE('',*,*,#4731,.T.);
#6051=ORIENTED_EDGE('',*,*,#4732,.T.);
#6052=ORIENTED_EDGE('',*,*,#4327,.T.);
#6053=ORIENTED_EDGE('',*,*,#4331,.T.);
#6054=ORIENTED_EDGE('',*,*,#4334,.T.);
#6055=ORIENTED_EDGE('',*,*,#4337,.T.);
#6056=ORIENTED_EDGE('',*,*,#4340,.T.);
#6057=ORIENTED_EDGE('',*,*,#4733,.T.);
#6058=ORIENTED_EDGE('',*,*,#4734,.T.);
#6059=ORIENTED_EDGE('',*,*,#4735,.T.);
#6060=ORIENTED_EDGE('',*,*,#4736,.T.);
#6061=ORIENTED_EDGE('',*,*,#4737,.T.);
#6062=ORIENTED_EDGE('',*,*,#4738,.T.);
#6063=ORIENTED_EDGE('',*,*,#4739,.T.);
#6064=ORIENTED_EDGE('',*,*,#4740,.T.);
#6065=ORIENTED_EDGE('',*,*,#4741,.T.);
#6066=ORIENTED_EDGE('',*,*,#4742,.T.);
#6067=ORIENTED_EDGE('',*,*,#4743,.T.);
#6068=ORIENTED_EDGE('',*,*,#4744,.T.);
#6069=ORIENTED_EDGE('',*,*,#4745,.T.);
#6070=ORIENTED_EDGE('',*,*,#4746,.T.);
#6071=ORIENTED_EDGE('',*,*,#4747,.T.);
#6072=ORIENTED_EDGE('',*,*,#4748,.T.);
#6073=ORIENTED_EDGE('',*,*,#4749,.T.);
#6074=ORIENTED_EDGE('',*,*,#4750,.T.);
#6075=ORIENTED_EDGE('',*,*,#4751,.T.);
#6076=ORIENTED_EDGE('',*,*,#4752,.T.);
#6077=ORIENTED_EDGE('',*,*,#4753,.T.);
#6078=ORIENTED_EDGE('',*,*,#4754,.T.);
#6079=ORIENTED_EDGE('',*,*,#4755,.T.);
#6080=ORIENTED_EDGE('',*,*,#4756,.T.);
#6081=ORIENTED_EDGE('',*,*,#4757,.T.);
#6082=ORIENTED_EDGE('',*,*,#4758,.T.);
#6083=ORIENTED_EDGE('',*,*,#4759,.T.);
#6084=ORIENTED_EDGE('',*,*,#4760,.T.);
#6085=ORIENTED_EDGE('',*,*,#4761,.T.);
#6086=ORIENTED_EDGE('',*,*,#4762,.T.);
#6087=ORIENTED_EDGE('',*,*,#4763,.T.);
#6088=ORIENTED_EDGE('',*,*,#4764,.T.);
#6089=ORIENTED_EDGE('',*,*,#4765,.T.);
#6090=ORIENTED_EDGE('',*,*,#4766,.T.);
#6091=ORIENTED_EDGE('',*,*,#4767,.T.);
#6092=ORIENTED_EDGE('',*,*,#4768,.T.);
#6093=ORIENTED_EDGE('',*,*,#4769,.T.);
#6094=ORIENTED_EDGE('',*,*,#4726,.F.);
#6095=ORIENTED_EDGE('',*,*,#4770,.F.);
#6096=ORIENTED_EDGE('',*,*,#4771,.F.);
#6097=ORIENTED_EDGE('',*,*,#4732,.F.);
#6098=ORIENTED_EDGE('',*,*,#4772,.F.);
#6099=ORIENTED_EDGE('',*,*,#4773,.F.);
#6100=ORIENTED_EDGE('',*,*,#4328,.T.);
#6101=ORIENTED_EDGE('',*,*,#4748,.F.);
#6102=ORIENTED_EDGE('',*,*,#4774,.F.);
#6103=ORIENTED_EDGE('',*,*,#4775,.T.);
#6104=ORIENTED_EDGE('',*,*,#4776,.F.);
#6105=ORIENTED_EDGE('',*,*,#4722,.F.);
#6106=ORIENTED_EDGE('',*,*,#4777,.F.);
#6107=ORIENTED_EDGE('',*,*,#4778,.F.);
#6108=ORIENTED_EDGE('',*,*,#4341,.F.);
#6109=ORIENTED_EDGE('',*,*,#4716,.F.);
#6110=ORIENTED_EDGE('',*,*,#4779,.F.);
#6111=ORIENTED_EDGE('',*,*,#4780,.F.);
#6112=ORIENTED_EDGE('',*,*,#4312,.T.);
#6113=ORIENTED_EDGE('',*,*,#4781,.F.);
#6114=ORIENTED_EDGE('',*,*,#4782,.T.);
#6115=ORIENTED_EDGE('',*,*,#4727,.F.);
#6116=ORIENTED_EDGE('',*,*,#4769,.F.);
#6117=ORIENTED_EDGE('',*,*,#4783,.F.);
#6118=ORIENTED_EDGE('',*,*,#4777,.T.);
#6119=ORIENTED_EDGE('',*,*,#4721,.F.);
#6120=ORIENTED_EDGE('',*,*,#4784,.F.);
#6121=ORIENTED_EDGE('',*,*,#4785,.F.);
#6122=ORIENTED_EDGE('',*,*,#4784,.T.);
#6123=ORIENTED_EDGE('',*,*,#4720,.F.);
#6124=ORIENTED_EDGE('',*,*,#4786,.F.);
#6125=ORIENTED_EDGE('',*,*,#4787,.T.);
#6126=ORIENTED_EDGE('',*,*,#4786,.T.);
#6127=ORIENTED_EDGE('',*,*,#4719,.F.);
#6128=ORIENTED_EDGE('',*,*,#4788,.F.);
#6129=ORIENTED_EDGE('',*,*,#4789,.F.);
#6130=ORIENTED_EDGE('',*,*,#4788,.T.);
#6131=ORIENTED_EDGE('',*,*,#4718,.F.);
#6132=ORIENTED_EDGE('',*,*,#4790,.F.);
#6133=ORIENTED_EDGE('',*,*,#4791,.F.);
#6134=ORIENTED_EDGE('',*,*,#4790,.T.);
#6135=ORIENTED_EDGE('',*,*,#4717,.F.);
#6136=ORIENTED_EDGE('',*,*,#4323,.F.);
#6137=ORIENTED_EDGE('',*,*,#4792,.F.);
#6138=ORIENTED_EDGE('',*,*,#4779,.T.);
#6139=ORIENTED_EDGE('',*,*,#4768,.F.);
#6140=ORIENTED_EDGE('',*,*,#4793,.F.);
#6141=ORIENTED_EDGE('',*,*,#4794,.T.);
#6142=ORIENTED_EDGE('',*,*,#4793,.T.);
#6143=ORIENTED_EDGE('',*,*,#4767,.F.);
#6144=ORIENTED_EDGE('',*,*,#4795,.F.);
#6145=ORIENTED_EDGE('',*,*,#4796,.F.);
#6146=ORIENTED_EDGE('',*,*,#4795,.T.);
#6147=ORIENTED_EDGE('',*,*,#4766,.F.);
#6148=ORIENTED_EDGE('',*,*,#4797,.F.);
#6149=ORIENTED_EDGE('',*,*,#4798,.F.);
#6150=ORIENTED_EDGE('',*,*,#4797,.T.);
#6151=ORIENTED_EDGE('',*,*,#4765,.F.);
#6152=ORIENTED_EDGE('',*,*,#4799,.F.);
#6153=ORIENTED_EDGE('',*,*,#4800,.F.);
#6154=ORIENTED_EDGE('',*,*,#4799,.T.);
#6155=ORIENTED_EDGE('',*,*,#4764,.F.);
#6156=ORIENTED_EDGE('',*,*,#4801,.F.);
#6157=ORIENTED_EDGE('',*,*,#4802,.F.);
#6158=ORIENTED_EDGE('',*,*,#4801,.T.);
#6159=ORIENTED_EDGE('',*,*,#4763,.F.);
#6160=ORIENTED_EDGE('',*,*,#4803,.F.);
#6161=ORIENTED_EDGE('',*,*,#4804,.T.);
#6162=ORIENTED_EDGE('',*,*,#4803,.T.);
#6163=ORIENTED_EDGE('',*,*,#4762,.F.);
#6164=ORIENTED_EDGE('',*,*,#4805,.F.);
#6165=ORIENTED_EDGE('',*,*,#4806,.F.);
#6166=ORIENTED_EDGE('',*,*,#4805,.T.);
#6167=ORIENTED_EDGE('',*,*,#4761,.F.);
#6168=ORIENTED_EDGE('',*,*,#4807,.F.);
#6169=ORIENTED_EDGE('',*,*,#4808,.F.);
#6170=ORIENTED_EDGE('',*,*,#4807,.T.);
#6171=ORIENTED_EDGE('',*,*,#4760,.F.);
#6172=ORIENTED_EDGE('',*,*,#4809,.F.);
#6173=ORIENTED_EDGE('',*,*,#4810,.T.);
#6174=ORIENTED_EDGE('',*,*,#4809,.T.);
#6175=ORIENTED_EDGE('',*,*,#4759,.F.);
#6176=ORIENTED_EDGE('',*,*,#4811,.F.);
#6177=ORIENTED_EDGE('',*,*,#4812,.F.);
#6178=ORIENTED_EDGE('',*,*,#4811,.T.);
#6179=ORIENTED_EDGE('',*,*,#4758,.F.);
#6180=ORIENTED_EDGE('',*,*,#4813,.F.);
#6181=ORIENTED_EDGE('',*,*,#4814,.T.);
#6182=ORIENTED_EDGE('',*,*,#4813,.T.);
#6183=ORIENTED_EDGE('',*,*,#4757,.F.);
#6184=ORIENTED_EDGE('',*,*,#4815,.F.);
#6185=ORIENTED_EDGE('',*,*,#4816,.F.);
#6186=ORIENTED_EDGE('',*,*,#4815,.T.);
#6187=ORIENTED_EDGE('',*,*,#4756,.F.);
#6188=ORIENTED_EDGE('',*,*,#4817,.F.);
#6189=ORIENTED_EDGE('',*,*,#4818,.F.);
#6190=ORIENTED_EDGE('',*,*,#4817,.T.);
#6191=ORIENTED_EDGE('',*,*,#4755,.F.);
#6192=ORIENTED_EDGE('',*,*,#4819,.F.);
#6193=ORIENTED_EDGE('',*,*,#4820,.F.);
#6194=ORIENTED_EDGE('',*,*,#4819,.T.);
#6195=ORIENTED_EDGE('',*,*,#4754,.F.);
#6196=ORIENTED_EDGE('',*,*,#4821,.F.);
#6197=ORIENTED_EDGE('',*,*,#4822,.F.);
#6198=ORIENTED_EDGE('',*,*,#4774,.T.);
#6199=ORIENTED_EDGE('',*,*,#4747,.F.);
#6200=ORIENTED_EDGE('',*,*,#4823,.F.);
#6201=ORIENTED_EDGE('',*,*,#4824,.T.);
#6202=ORIENTED_EDGE('',*,*,#4823,.T.);
#6203=ORIENTED_EDGE('',*,*,#4746,.F.);
#6204=ORIENTED_EDGE('',*,*,#4825,.F.);
#6205=ORIENTED_EDGE('',*,*,#4826,.T.);
#6206=ORIENTED_EDGE('',*,*,#4825,.T.);
#6207=ORIENTED_EDGE('',*,*,#4745,.F.);
#6208=ORIENTED_EDGE('',*,*,#4827,.F.);
#6209=ORIENTED_EDGE('',*,*,#4828,.T.);
#6210=ORIENTED_EDGE('',*,*,#4827,.T.);
#6211=ORIENTED_EDGE('',*,*,#4744,.F.);
#6212=ORIENTED_EDGE('',*,*,#4829,.F.);
#6213=ORIENTED_EDGE('',*,*,#4830,.T.);
#6214=ORIENTED_EDGE('',*,*,#4829,.T.);
#6215=ORIENTED_EDGE('',*,*,#4743,.F.);
#6216=ORIENTED_EDGE('',*,*,#4831,.F.);
#6217=ORIENTED_EDGE('',*,*,#4832,.T.);
#6218=ORIENTED_EDGE('',*,*,#4831,.T.);
#6219=ORIENTED_EDGE('',*,*,#4742,.F.);
#6220=ORIENTED_EDGE('',*,*,#4833,.F.);
#6221=ORIENTED_EDGE('',*,*,#4834,.T.);
#6222=ORIENTED_EDGE('',*,*,#4833,.T.);
#6223=ORIENTED_EDGE('',*,*,#4741,.F.);
#6224=ORIENTED_EDGE('',*,*,#4835,.F.);
#6225=ORIENTED_EDGE('',*,*,#4836,.T.);
#6226=ORIENTED_EDGE('',*,*,#4835,.T.);
#6227=ORIENTED_EDGE('',*,*,#4740,.F.);
#6228=ORIENTED_EDGE('',*,*,#4837,.F.);
#6229=ORIENTED_EDGE('',*,*,#4838,.T.);
#6230=ORIENTED_EDGE('',*,*,#4837,.T.);
#6231=ORIENTED_EDGE('',*,*,#4739,.F.);
#6232=ORIENTED_EDGE('',*,*,#4839,.F.);
#6233=ORIENTED_EDGE('',*,*,#4840,.T.);
#6234=ORIENTED_EDGE('',*,*,#4839,.T.);
#6235=ORIENTED_EDGE('',*,*,#4738,.F.);
#6236=ORIENTED_EDGE('',*,*,#4841,.F.);
#6237=ORIENTED_EDGE('',*,*,#4842,.F.);
#6238=ORIENTED_EDGE('',*,*,#4841,.T.);
#6239=ORIENTED_EDGE('',*,*,#4737,.F.);
#6240=ORIENTED_EDGE('',*,*,#4843,.F.);
#6241=ORIENTED_EDGE('',*,*,#4844,.T.);
#6242=ORIENTED_EDGE('',*,*,#4843,.T.);
#6243=ORIENTED_EDGE('',*,*,#4736,.F.);
#6244=ORIENTED_EDGE('',*,*,#4845,.F.);
#6245=ORIENTED_EDGE('',*,*,#4846,.T.);
#6246=ORIENTED_EDGE('',*,*,#4845,.T.);
#6247=ORIENTED_EDGE('',*,*,#4735,.F.);
#6248=ORIENTED_EDGE('',*,*,#4847,.F.);
#6249=ORIENTED_EDGE('',*,*,#4848,.T.);
#6250=ORIENTED_EDGE('',*,*,#4847,.T.);
#6251=ORIENTED_EDGE('',*,*,#4734,.F.);
#6252=ORIENTED_EDGE('',*,*,#4849,.F.);
#6253=ORIENTED_EDGE('',*,*,#4850,.F.);
#6254=ORIENTED_EDGE('',*,*,#4849,.T.);
#6255=ORIENTED_EDGE('',*,*,#4733,.F.);
#6256=ORIENTED_EDGE('',*,*,#4339,.F.);
#6257=ORIENTED_EDGE('',*,*,#4851,.T.);
#6258=ORIENTED_EDGE('',*,*,#4772,.T.);
#6259=ORIENTED_EDGE('',*,*,#4731,.F.);
#6260=ORIENTED_EDGE('',*,*,#4852,.F.);
#6261=ORIENTED_EDGE('',*,*,#4853,.T.);
#6262=ORIENTED_EDGE('',*,*,#4852,.T.);
#6263=ORIENTED_EDGE('',*,*,#4730,.F.);
#6264=ORIENTED_EDGE('',*,*,#4854,.F.);
#6265=ORIENTED_EDGE('',*,*,#4855,.T.);
#6266=ORIENTED_EDGE('',*,*,#4854,.T.);
#6267=ORIENTED_EDGE('',*,*,#4729,.F.);
#6268=ORIENTED_EDGE('',*,*,#4856,.F.);
#6269=ORIENTED_EDGE('',*,*,#4857,.F.);
#6270=ORIENTED_EDGE('',*,*,#4856,.T.);
#6271=ORIENTED_EDGE('',*,*,#4728,.F.);
#6272=ORIENTED_EDGE('',*,*,#4782,.F.);
#6273=ORIENTED_EDGE('',*,*,#4821,.T.);
#6274=ORIENTED_EDGE('',*,*,#4753,.F.);
#6275=ORIENTED_EDGE('',*,*,#4858,.F.);
#6276=ORIENTED_EDGE('',*,*,#4859,.F.);
#6277=ORIENTED_EDGE('',*,*,#4860,.F.);
#6278=ORIENTED_EDGE('',*,*,#4861,.T.);
#6279=ORIENTED_EDGE('',*,*,#4420,.F.);
#6280=ORIENTED_EDGE('',*,*,#4862,.F.);
#6281=ORIENTED_EDGE('',*,*,#4863,.F.);
#6282=ORIENTED_EDGE('',*,*,#4864,.T.);
#6283=ORIENTED_EDGE('',*,*,#4421,.F.);
#6284=ORIENTED_EDGE('',*,*,#4861,.F.);
#6285=ORIENTED_EDGE('',*,*,#4865,.F.);
#6286=ORIENTED_EDGE('',*,*,#4866,.T.);
#6287=ORIENTED_EDGE('',*,*,#4422,.F.);
#6288=ORIENTED_EDGE('',*,*,#4864,.F.);
#6289=ORIENTED_EDGE('',*,*,#4867,.F.);
#6290=ORIENTED_EDGE('',*,*,#4868,.T.);
#6291=ORIENTED_EDGE('',*,*,#4423,.F.);
#6292=ORIENTED_EDGE('',*,*,#4866,.F.);
#6293=ORIENTED_EDGE('',*,*,#4869,.F.);
#6294=ORIENTED_EDGE('',*,*,#4870,.T.);
#6295=ORIENTED_EDGE('',*,*,#4424,.F.);
#6296=ORIENTED_EDGE('',*,*,#4868,.F.);
#6297=ORIENTED_EDGE('',*,*,#4871,.F.);
#6298=ORIENTED_EDGE('',*,*,#4872,.T.);
#6299=ORIENTED_EDGE('',*,*,#4425,.F.);
#6300=ORIENTED_EDGE('',*,*,#4870,.F.);
#6301=ORIENTED_EDGE('',*,*,#4873,.F.);
#6302=ORIENTED_EDGE('',*,*,#4874,.T.);
#6303=ORIENTED_EDGE('',*,*,#4426,.F.);
#6304=ORIENTED_EDGE('',*,*,#4872,.F.);
#6305=ORIENTED_EDGE('',*,*,#4875,.F.);
#6306=ORIENTED_EDGE('',*,*,#4862,.T.);
#6307=ORIENTED_EDGE('',*,*,#4427,.F.);
#6308=ORIENTED_EDGE('',*,*,#4874,.F.);
#6309=ORIENTED_EDGE('',*,*,#4876,.F.);
#6310=ORIENTED_EDGE('',*,*,#4877,.T.);
#6311=ORIENTED_EDGE('',*,*,#4428,.F.);
#6312=ORIENTED_EDGE('',*,*,#4878,.F.);
#6313=ORIENTED_EDGE('',*,*,#4879,.F.);
#6314=ORIENTED_EDGE('',*,*,#4880,.T.);
#6315=ORIENTED_EDGE('',*,*,#4429,.F.);
#6316=ORIENTED_EDGE('',*,*,#4877,.F.);
#6317=ORIENTED_EDGE('',*,*,#4881,.F.);
#6318=ORIENTED_EDGE('',*,*,#4882,.T.);
#6319=ORIENTED_EDGE('',*,*,#4430,.F.);
#6320=ORIENTED_EDGE('',*,*,#4880,.F.);
#6321=ORIENTED_EDGE('',*,*,#4883,.F.);
#6322=ORIENTED_EDGE('',*,*,#4884,.T.);
#6323=ORIENTED_EDGE('',*,*,#4431,.F.);
#6324=ORIENTED_EDGE('',*,*,#4882,.F.);
#6325=ORIENTED_EDGE('',*,*,#4885,.F.);
#6326=ORIENTED_EDGE('',*,*,#4886,.T.);
#6327=ORIENTED_EDGE('',*,*,#4432,.F.);
#6328=ORIENTED_EDGE('',*,*,#4884,.F.);
#6329=ORIENTED_EDGE('',*,*,#4887,.F.);
#6330=ORIENTED_EDGE('',*,*,#4888,.T.);
#6331=ORIENTED_EDGE('',*,*,#4433,.F.);
#6332=ORIENTED_EDGE('',*,*,#4886,.F.);
#6333=ORIENTED_EDGE('',*,*,#4889,.F.);
#6334=ORIENTED_EDGE('',*,*,#4890,.T.);
#6335=ORIENTED_EDGE('',*,*,#4434,.F.);
#6336=ORIENTED_EDGE('',*,*,#4888,.F.);
#6337=ORIENTED_EDGE('',*,*,#4891,.F.);
#6338=ORIENTED_EDGE('',*,*,#4878,.T.);
#6339=ORIENTED_EDGE('',*,*,#4435,.F.);
#6340=ORIENTED_EDGE('',*,*,#4890,.F.);
#6341=ORIENTED_EDGE('',*,*,#4892,.F.);
#6342=ORIENTED_EDGE('',*,*,#4893,.T.);
#6343=ORIENTED_EDGE('',*,*,#4436,.F.);
#6344=ORIENTED_EDGE('',*,*,#4894,.F.);
#6345=ORIENTED_EDGE('',*,*,#4895,.F.);
#6346=ORIENTED_EDGE('',*,*,#4896,.T.);
#6347=ORIENTED_EDGE('',*,*,#4437,.F.);
#6348=ORIENTED_EDGE('',*,*,#4893,.F.);
#6349=ORIENTED_EDGE('',*,*,#4897,.F.);
#6350=ORIENTED_EDGE('',*,*,#4898,.T.);
#6351=ORIENTED_EDGE('',*,*,#4438,.F.);
#6352=ORIENTED_EDGE('',*,*,#4896,.F.);
#6353=ORIENTED_EDGE('',*,*,#4899,.F.);
#6354=ORIENTED_EDGE('',*,*,#4900,.T.);
#6355=ORIENTED_EDGE('',*,*,#4439,.F.);
#6356=ORIENTED_EDGE('',*,*,#4898,.F.);
#6357=ORIENTED_EDGE('',*,*,#4901,.F.);
#6358=ORIENTED_EDGE('',*,*,#4902,.T.);
#6359=ORIENTED_EDGE('',*,*,#4440,.F.);
#6360=ORIENTED_EDGE('',*,*,#4900,.F.);
#6361=ORIENTED_EDGE('',*,*,#4903,.F.);
#6362=ORIENTED_EDGE('',*,*,#4904,.T.);
#6363=ORIENTED_EDGE('',*,*,#4441,.F.);
#6364=ORIENTED_EDGE('',*,*,#4902,.F.);
#6365=ORIENTED_EDGE('',*,*,#4905,.F.);
#6366=ORIENTED_EDGE('',*,*,#4906,.T.);
#6367=ORIENTED_EDGE('',*,*,#4442,.F.);
#6368=ORIENTED_EDGE('',*,*,#4904,.F.);
#6369=ORIENTED_EDGE('',*,*,#4907,.F.);
#6370=ORIENTED_EDGE('',*,*,#4894,.T.);
#6371=ORIENTED_EDGE('',*,*,#4443,.F.);
#6372=ORIENTED_EDGE('',*,*,#4906,.F.);
#6373=ORIENTED_EDGE('',*,*,#4908,.F.);
#6374=ORIENTED_EDGE('',*,*,#4909,.T.);
#6375=ORIENTED_EDGE('',*,*,#4444,.F.);
#6376=ORIENTED_EDGE('',*,*,#4910,.F.);
#6377=ORIENTED_EDGE('',*,*,#4911,.F.);
#6378=ORIENTED_EDGE('',*,*,#4912,.T.);
#6379=ORIENTED_EDGE('',*,*,#4445,.F.);
#6380=ORIENTED_EDGE('',*,*,#4909,.F.);
#6381=ORIENTED_EDGE('',*,*,#4913,.F.);
#6382=ORIENTED_EDGE('',*,*,#4914,.T.);
#6383=ORIENTED_EDGE('',*,*,#4446,.F.);
#6384=ORIENTED_EDGE('',*,*,#4912,.F.);
#6385=ORIENTED_EDGE('',*,*,#4915,.F.);
#6386=ORIENTED_EDGE('',*,*,#4916,.T.);
#6387=ORIENTED_EDGE('',*,*,#4447,.F.);
#6388=ORIENTED_EDGE('',*,*,#4914,.F.);
#6389=ORIENTED_EDGE('',*,*,#4917,.F.);
#6390=ORIENTED_EDGE('',*,*,#4918,.T.);
#6391=ORIENTED_EDGE('',*,*,#4448,.F.);
#6392=ORIENTED_EDGE('',*,*,#4916,.F.);
#6393=ORIENTED_EDGE('',*,*,#4919,.F.);
#6394=ORIENTED_EDGE('',*,*,#4920,.T.);
#6395=ORIENTED_EDGE('',*,*,#4449,.F.);
#6396=ORIENTED_EDGE('',*,*,#4918,.F.);
#6397=ORIENTED_EDGE('',*,*,#4921,.F.);
#6398=ORIENTED_EDGE('',*,*,#4922,.T.);
#6399=ORIENTED_EDGE('',*,*,#4450,.F.);
#6400=ORIENTED_EDGE('',*,*,#4920,.F.);
#6401=ORIENTED_EDGE('',*,*,#4923,.F.);
#6402=ORIENTED_EDGE('',*,*,#4910,.T.);
#6403=ORIENTED_EDGE('',*,*,#4451,.F.);
#6404=ORIENTED_EDGE('',*,*,#4922,.F.);
#6405=ORIENTED_EDGE('',*,*,#4924,.F.);
#6406=ORIENTED_EDGE('',*,*,#4925,.T.);
#6407=ORIENTED_EDGE('',*,*,#4452,.F.);
#6408=ORIENTED_EDGE('',*,*,#4926,.F.);
#6409=ORIENTED_EDGE('',*,*,#4927,.F.);
#6410=ORIENTED_EDGE('',*,*,#4928,.T.);
#6411=ORIENTED_EDGE('',*,*,#4453,.F.);
#6412=ORIENTED_EDGE('',*,*,#4925,.F.);
#6413=ORIENTED_EDGE('',*,*,#4929,.F.);
#6414=ORIENTED_EDGE('',*,*,#4930,.T.);
#6415=ORIENTED_EDGE('',*,*,#4454,.F.);
#6416=ORIENTED_EDGE('',*,*,#4928,.F.);
#6417=ORIENTED_EDGE('',*,*,#4931,.F.);
#6418=ORIENTED_EDGE('',*,*,#4932,.T.);
#6419=ORIENTED_EDGE('',*,*,#4455,.F.);
#6420=ORIENTED_EDGE('',*,*,#4930,.F.);
#6421=ORIENTED_EDGE('',*,*,#4933,.F.);
#6422=ORIENTED_EDGE('',*,*,#4934,.T.);
#6423=ORIENTED_EDGE('',*,*,#4456,.F.);
#6424=ORIENTED_EDGE('',*,*,#4932,.F.);
#6425=ORIENTED_EDGE('',*,*,#4935,.F.);
#6426=ORIENTED_EDGE('',*,*,#4936,.T.);
#6427=ORIENTED_EDGE('',*,*,#4457,.F.);
#6428=ORIENTED_EDGE('',*,*,#4934,.F.);
#6429=ORIENTED_EDGE('',*,*,#4937,.F.);
#6430=ORIENTED_EDGE('',*,*,#4938,.T.);
#6431=ORIENTED_EDGE('',*,*,#4458,.F.);
#6432=ORIENTED_EDGE('',*,*,#4936,.F.);
#6433=ORIENTED_EDGE('',*,*,#4939,.F.);
#6434=ORIENTED_EDGE('',*,*,#4926,.T.);
#6435=ORIENTED_EDGE('',*,*,#4459,.F.);
#6436=ORIENTED_EDGE('',*,*,#4938,.F.);
#6437=ORIENTED_EDGE('',*,*,#4940,.F.);
#6438=ORIENTED_EDGE('',*,*,#4941,.T.);
#6439=ORIENTED_EDGE('',*,*,#4460,.F.);
#6440=ORIENTED_EDGE('',*,*,#4942,.F.);
#6441=ORIENTED_EDGE('',*,*,#4943,.F.);
#6442=ORIENTED_EDGE('',*,*,#4944,.T.);
#6443=ORIENTED_EDGE('',*,*,#4461,.F.);
#6444=ORIENTED_EDGE('',*,*,#4941,.F.);
#6445=ORIENTED_EDGE('',*,*,#4945,.F.);
#6446=ORIENTED_EDGE('',*,*,#4946,.T.);
#6447=ORIENTED_EDGE('',*,*,#4462,.F.);
#6448=ORIENTED_EDGE('',*,*,#4944,.F.);
#6449=ORIENTED_EDGE('',*,*,#4947,.F.);
#6450=ORIENTED_EDGE('',*,*,#4948,.T.);
#6451=ORIENTED_EDGE('',*,*,#4463,.F.);
#6452=ORIENTED_EDGE('',*,*,#4946,.F.);
#6453=ORIENTED_EDGE('',*,*,#4949,.F.);
#6454=ORIENTED_EDGE('',*,*,#4950,.T.);
#6455=ORIENTED_EDGE('',*,*,#4464,.F.);
#6456=ORIENTED_EDGE('',*,*,#4948,.F.);
#6457=ORIENTED_EDGE('',*,*,#4951,.F.);
#6458=ORIENTED_EDGE('',*,*,#4952,.T.);
#6459=ORIENTED_EDGE('',*,*,#4465,.F.);
#6460=ORIENTED_EDGE('',*,*,#4950,.F.);
#6461=ORIENTED_EDGE('',*,*,#4953,.F.);
#6462=ORIENTED_EDGE('',*,*,#4954,.T.);
#6463=ORIENTED_EDGE('',*,*,#4466,.F.);
#6464=ORIENTED_EDGE('',*,*,#4952,.F.);
#6465=ORIENTED_EDGE('',*,*,#4955,.F.);
#6466=ORIENTED_EDGE('',*,*,#4942,.T.);
#6467=ORIENTED_EDGE('',*,*,#4467,.F.);
#6468=ORIENTED_EDGE('',*,*,#4954,.F.);
#6469=ORIENTED_EDGE('',*,*,#4956,.F.);
#6470=ORIENTED_EDGE('',*,*,#4957,.T.);
#6471=ORIENTED_EDGE('',*,*,#4468,.F.);
#6472=ORIENTED_EDGE('',*,*,#4958,.F.);
#6473=ORIENTED_EDGE('',*,*,#4959,.F.);
#6474=ORIENTED_EDGE('',*,*,#4960,.T.);
#6475=ORIENTED_EDGE('',*,*,#4469,.F.);
#6476=ORIENTED_EDGE('',*,*,#4957,.F.);
#6477=ORIENTED_EDGE('',*,*,#4961,.F.);
#6478=ORIENTED_EDGE('',*,*,#4962,.T.);
#6479=ORIENTED_EDGE('',*,*,#4470,.F.);
#6480=ORIENTED_EDGE('',*,*,#4960,.F.);
#6481=ORIENTED_EDGE('',*,*,#4963,.F.);
#6482=ORIENTED_EDGE('',*,*,#4964,.T.);
#6483=ORIENTED_EDGE('',*,*,#4471,.F.);
#6484=ORIENTED_EDGE('',*,*,#4962,.F.);
#6485=ORIENTED_EDGE('',*,*,#4965,.F.);
#6486=ORIENTED_EDGE('',*,*,#4966,.T.);
#6487=ORIENTED_EDGE('',*,*,#4472,.F.);
#6488=ORIENTED_EDGE('',*,*,#4964,.F.);
#6489=ORIENTED_EDGE('',*,*,#4967,.F.);
#6490=ORIENTED_EDGE('',*,*,#4968,.T.);
#6491=ORIENTED_EDGE('',*,*,#4473,.F.);
#6492=ORIENTED_EDGE('',*,*,#4966,.F.);
#6493=ORIENTED_EDGE('',*,*,#4969,.F.);
#6494=ORIENTED_EDGE('',*,*,#4970,.T.);
#6495=ORIENTED_EDGE('',*,*,#4474,.F.);
#6496=ORIENTED_EDGE('',*,*,#4968,.F.);
#6497=ORIENTED_EDGE('',*,*,#4971,.F.);
#6498=ORIENTED_EDGE('',*,*,#4958,.T.);
#6499=ORIENTED_EDGE('',*,*,#4475,.F.);
#6500=ORIENTED_EDGE('',*,*,#4970,.F.);
#6501=ORIENTED_EDGE('',*,*,#4972,.F.);
#6502=ORIENTED_EDGE('',*,*,#4973,.T.);
#6503=ORIENTED_EDGE('',*,*,#4476,.F.);
#6504=ORIENTED_EDGE('',*,*,#4974,.F.);
#6505=ORIENTED_EDGE('',*,*,#4975,.F.);
#6506=ORIENTED_EDGE('',*,*,#4976,.T.);
#6507=ORIENTED_EDGE('',*,*,#4477,.F.);
#6508=ORIENTED_EDGE('',*,*,#4973,.F.);
#6509=ORIENTED_EDGE('',*,*,#4977,.F.);
#6510=ORIENTED_EDGE('',*,*,#4978,.T.);
#6511=ORIENTED_EDGE('',*,*,#4478,.F.);
#6512=ORIENTED_EDGE('',*,*,#4976,.F.);
#6513=ORIENTED_EDGE('',*,*,#4979,.F.);
#6514=ORIENTED_EDGE('',*,*,#4980,.T.);
#6515=ORIENTED_EDGE('',*,*,#4479,.F.);
#6516=ORIENTED_EDGE('',*,*,#4978,.F.);
#6517=ORIENTED_EDGE('',*,*,#4981,.F.);
#6518=ORIENTED_EDGE('',*,*,#4982,.T.);
#6519=ORIENTED_EDGE('',*,*,#4480,.F.);
#6520=ORIENTED_EDGE('',*,*,#4980,.F.);
#6521=ORIENTED_EDGE('',*,*,#4983,.F.);
#6522=ORIENTED_EDGE('',*,*,#4984,.T.);
#6523=ORIENTED_EDGE('',*,*,#4481,.F.);
#6524=ORIENTED_EDGE('',*,*,#4982,.F.);
#6525=ORIENTED_EDGE('',*,*,#4985,.F.);
#6526=ORIENTED_EDGE('',*,*,#4986,.T.);
#6527=ORIENTED_EDGE('',*,*,#4482,.F.);
#6528=ORIENTED_EDGE('',*,*,#4984,.F.);
#6529=ORIENTED_EDGE('',*,*,#4987,.F.);
#6530=ORIENTED_EDGE('',*,*,#4974,.T.);
#6531=ORIENTED_EDGE('',*,*,#4483,.F.);
#6532=ORIENTED_EDGE('',*,*,#4986,.F.);
#6533=ORIENTED_EDGE('',*,*,#4988,.F.);
#6534=ORIENTED_EDGE('',*,*,#4989,.T.);
#6535=ORIENTED_EDGE('',*,*,#4484,.F.);
#6536=ORIENTED_EDGE('',*,*,#4990,.F.);
#6537=ORIENTED_EDGE('',*,*,#4991,.F.);
#6538=ORIENTED_EDGE('',*,*,#4992,.T.);
#6539=ORIENTED_EDGE('',*,*,#4485,.F.);
#6540=ORIENTED_EDGE('',*,*,#4989,.F.);
#6541=ORIENTED_EDGE('',*,*,#4993,.F.);
#6542=ORIENTED_EDGE('',*,*,#4994,.T.);
#6543=ORIENTED_EDGE('',*,*,#4486,.F.);
#6544=ORIENTED_EDGE('',*,*,#4992,.F.);
#6545=ORIENTED_EDGE('',*,*,#4995,.F.);
#6546=ORIENTED_EDGE('',*,*,#4996,.T.);
#6547=ORIENTED_EDGE('',*,*,#4487,.F.);
#6548=ORIENTED_EDGE('',*,*,#4994,.F.);
#6549=ORIENTED_EDGE('',*,*,#4997,.F.);
#6550=ORIENTED_EDGE('',*,*,#4998,.T.);
#6551=ORIENTED_EDGE('',*,*,#4488,.F.);
#6552=ORIENTED_EDGE('',*,*,#4996,.F.);
#6553=ORIENTED_EDGE('',*,*,#4999,.F.);
#6554=ORIENTED_EDGE('',*,*,#5000,.T.);
#6555=ORIENTED_EDGE('',*,*,#4489,.F.);
#6556=ORIENTED_EDGE('',*,*,#4998,.F.);
#6557=ORIENTED_EDGE('',*,*,#5001,.F.);
#6558=ORIENTED_EDGE('',*,*,#5002,.T.);
#6559=ORIENTED_EDGE('',*,*,#4490,.F.);
#6560=ORIENTED_EDGE('',*,*,#5000,.F.);
#6561=ORIENTED_EDGE('',*,*,#5003,.F.);
#6562=ORIENTED_EDGE('',*,*,#4990,.T.);
#6563=ORIENTED_EDGE('',*,*,#4491,.F.);
#6564=ORIENTED_EDGE('',*,*,#5002,.F.);
#6565=ORIENTED_EDGE('',*,*,#5004,.F.);
#6566=ORIENTED_EDGE('',*,*,#5005,.T.);
#6567=ORIENTED_EDGE('',*,*,#4723,.F.);
#6568=ORIENTED_EDGE('',*,*,#4343,.F.);
#6569=ORIENTED_EDGE('',*,*,#5006,.F.);
#6570=ORIENTED_EDGE('',*,*,#5007,.T.);
#6571=ORIENTED_EDGE('',*,*,#4724,.F.);
#6572=ORIENTED_EDGE('',*,*,#5005,.F.);
#6573=ORIENTED_EDGE('',*,*,#5008,.F.);
#6574=ORIENTED_EDGE('',*,*,#4770,.T.);
#6575=ORIENTED_EDGE('',*,*,#4725,.F.);
#6576=ORIENTED_EDGE('',*,*,#5007,.F.);
#6577=ORIENTED_EDGE('',*,*,#4776,.T.);
#6578=ORIENTED_EDGE('',*,*,#5009,.F.);
#6579=ORIENTED_EDGE('',*,*,#5010,.T.);
#6580=ORIENTED_EDGE('',*,*,#4749,.F.);
#6581=ORIENTED_EDGE('',*,*,#5011,.F.);
#6582=ORIENTED_EDGE('',*,*,#5012,.T.);
#6583=ORIENTED_EDGE('',*,*,#4750,.F.);
#6584=ORIENTED_EDGE('',*,*,#5010,.F.);
#6585=ORIENTED_EDGE('',*,*,#5013,.F.);
#6586=ORIENTED_EDGE('',*,*,#5014,.T.);
#6587=ORIENTED_EDGE('',*,*,#4751,.F.);
#6588=ORIENTED_EDGE('',*,*,#5012,.F.);
#6589=ORIENTED_EDGE('',*,*,#5015,.F.);
#6590=ORIENTED_EDGE('',*,*,#4858,.T.);
#6591=ORIENTED_EDGE('',*,*,#4752,.F.);
#6592=ORIENTED_EDGE('',*,*,#5014,.F.);
#6593=ORIENTED_EDGE('',*,*,#5016,.F.);
#6594=ORIENTED_EDGE('',*,*,#5017,.T.);
#6595=ORIENTED_EDGE('',*,*,#4492,.F.);
#6596=ORIENTED_EDGE('',*,*,#5018,.F.);
#6597=ORIENTED_EDGE('',*,*,#5019,.F.);
#6598=ORIENTED_EDGE('',*,*,#5020,.T.);
#6599=ORIENTED_EDGE('',*,*,#4493,.F.);
#6600=ORIENTED_EDGE('',*,*,#5017,.F.);
#6601=ORIENTED_EDGE('',*,*,#5021,.F.);
#6602=ORIENTED_EDGE('',*,*,#5022,.T.);
#6603=ORIENTED_EDGE('',*,*,#4494,.F.);
#6604=ORIENTED_EDGE('',*,*,#5020,.F.);
#6605=ORIENTED_EDGE('',*,*,#5023,.F.);
#6606=ORIENTED_EDGE('',*,*,#5024,.T.);
#6607=ORIENTED_EDGE('',*,*,#4495,.F.);
#6608=ORIENTED_EDGE('',*,*,#5022,.F.);
#6609=ORIENTED_EDGE('',*,*,#5025,.F.);
#6610=ORIENTED_EDGE('',*,*,#5026,.T.);
#6611=ORIENTED_EDGE('',*,*,#4496,.F.);
#6612=ORIENTED_EDGE('',*,*,#5024,.F.);
#6613=ORIENTED_EDGE('',*,*,#5027,.F.);
#6614=ORIENTED_EDGE('',*,*,#5028,.T.);
#6615=ORIENTED_EDGE('',*,*,#4497,.F.);
#6616=ORIENTED_EDGE('',*,*,#5026,.F.);
#6617=ORIENTED_EDGE('',*,*,#5029,.F.);
#6618=ORIENTED_EDGE('',*,*,#5030,.T.);
#6619=ORIENTED_EDGE('',*,*,#4498,.F.);
#6620=ORIENTED_EDGE('',*,*,#5028,.F.);
#6621=ORIENTED_EDGE('',*,*,#5031,.F.);
#6622=ORIENTED_EDGE('',*,*,#5018,.T.);
#6623=ORIENTED_EDGE('',*,*,#4499,.F.);
#6624=ORIENTED_EDGE('',*,*,#5030,.F.);
#6625=ORIENTED_EDGE('',*,*,#5032,.F.);
#6626=ORIENTED_EDGE('',*,*,#5033,.T.);
#6627=ORIENTED_EDGE('',*,*,#4500,.F.);
#6628=ORIENTED_EDGE('',*,*,#5034,.F.);
#6629=ORIENTED_EDGE('',*,*,#5035,.F.);
#6630=ORIENTED_EDGE('',*,*,#5036,.T.);
#6631=ORIENTED_EDGE('',*,*,#4501,.F.);
#6632=ORIENTED_EDGE('',*,*,#5033,.F.);
#6633=ORIENTED_EDGE('',*,*,#5037,.F.);
#6634=ORIENTED_EDGE('',*,*,#5038,.T.);
#6635=ORIENTED_EDGE('',*,*,#4502,.F.);
#6636=ORIENTED_EDGE('',*,*,#5036,.F.);
#6637=ORIENTED_EDGE('',*,*,#5039,.F.);
#6638=ORIENTED_EDGE('',*,*,#5040,.T.);
#6639=ORIENTED_EDGE('',*,*,#4503,.F.);
#6640=ORIENTED_EDGE('',*,*,#5038,.F.);
#6641=ORIENTED_EDGE('',*,*,#5041,.F.);
#6642=ORIENTED_EDGE('',*,*,#5042,.T.);
#6643=ORIENTED_EDGE('',*,*,#4504,.F.);
#6644=ORIENTED_EDGE('',*,*,#5040,.F.);
#6645=ORIENTED_EDGE('',*,*,#5043,.F.);
#6646=ORIENTED_EDGE('',*,*,#5044,.T.);
#6647=ORIENTED_EDGE('',*,*,#4505,.F.);
#6648=ORIENTED_EDGE('',*,*,#5042,.F.);
#6649=ORIENTED_EDGE('',*,*,#5045,.F.);
#6650=ORIENTED_EDGE('',*,*,#5046,.T.);
#6651=ORIENTED_EDGE('',*,*,#4506,.F.);
#6652=ORIENTED_EDGE('',*,*,#5044,.F.);
#6653=ORIENTED_EDGE('',*,*,#5047,.F.);
#6654=ORIENTED_EDGE('',*,*,#5034,.T.);
#6655=ORIENTED_EDGE('',*,*,#4507,.F.);
#6656=ORIENTED_EDGE('',*,*,#5046,.F.);
#6657=ORIENTED_EDGE('',*,*,#5048,.F.);
#6658=ORIENTED_EDGE('',*,*,#5049,.T.);
#6659=ORIENTED_EDGE('',*,*,#4508,.F.);
#6660=ORIENTED_EDGE('',*,*,#5050,.F.);
#6661=ORIENTED_EDGE('',*,*,#5051,.F.);
#6662=ORIENTED_EDGE('',*,*,#5052,.T.);
#6663=ORIENTED_EDGE('',*,*,#4509,.F.);
#6664=ORIENTED_EDGE('',*,*,#5049,.F.);
#6665=ORIENTED_EDGE('',*,*,#5053,.F.);
#6666=ORIENTED_EDGE('',*,*,#5054,.T.);
#6667=ORIENTED_EDGE('',*,*,#4510,.F.);
#6668=ORIENTED_EDGE('',*,*,#5052,.F.);
#6669=ORIENTED_EDGE('',*,*,#5055,.F.);
#6670=ORIENTED_EDGE('',*,*,#5056,.T.);
#6671=ORIENTED_EDGE('',*,*,#4511,.F.);
#6672=ORIENTED_EDGE('',*,*,#5054,.F.);
#6673=ORIENTED_EDGE('',*,*,#5057,.F.);
#6674=ORIENTED_EDGE('',*,*,#5058,.T.);
#6675=ORIENTED_EDGE('',*,*,#4512,.F.);
#6676=ORIENTED_EDGE('',*,*,#5056,.F.);
#6677=ORIENTED_EDGE('',*,*,#5059,.F.);
#6678=ORIENTED_EDGE('',*,*,#5060,.T.);
#6679=ORIENTED_EDGE('',*,*,#4513,.F.);
#6680=ORIENTED_EDGE('',*,*,#5058,.F.);
#6681=ORIENTED_EDGE('',*,*,#5061,.F.);
#6682=ORIENTED_EDGE('',*,*,#5062,.T.);
#6683=ORIENTED_EDGE('',*,*,#4514,.F.);
#6684=ORIENTED_EDGE('',*,*,#5060,.F.);
#6685=ORIENTED_EDGE('',*,*,#5063,.F.);
#6686=ORIENTED_EDGE('',*,*,#5050,.T.);
#6687=ORIENTED_EDGE('',*,*,#4515,.F.);
#6688=ORIENTED_EDGE('',*,*,#5062,.F.);
#6689=ORIENTED_EDGE('',*,*,#5064,.F.);
#6690=ORIENTED_EDGE('',*,*,#5065,.T.);
#6691=ORIENTED_EDGE('',*,*,#4516,.F.);
#6692=ORIENTED_EDGE('',*,*,#5066,.F.);
#6693=ORIENTED_EDGE('',*,*,#5067,.F.);
#6694=ORIENTED_EDGE('',*,*,#5068,.T.);
#6695=ORIENTED_EDGE('',*,*,#4517,.F.);
#6696=ORIENTED_EDGE('',*,*,#5065,.F.);
#6697=ORIENTED_EDGE('',*,*,#5069,.F.);
#6698=ORIENTED_EDGE('',*,*,#5070,.T.);
#6699=ORIENTED_EDGE('',*,*,#4518,.F.);
#6700=ORIENTED_EDGE('',*,*,#5068,.F.);
#6701=ORIENTED_EDGE('',*,*,#5071,.F.);
#6702=ORIENTED_EDGE('',*,*,#5072,.T.);
#6703=ORIENTED_EDGE('',*,*,#4519,.F.);
#6704=ORIENTED_EDGE('',*,*,#5070,.F.);
#6705=ORIENTED_EDGE('',*,*,#5073,.F.);
#6706=ORIENTED_EDGE('',*,*,#5074,.T.);
#6707=ORIENTED_EDGE('',*,*,#4520,.F.);
#6708=ORIENTED_EDGE('',*,*,#5072,.F.);
#6709=ORIENTED_EDGE('',*,*,#5075,.F.);
#6710=ORIENTED_EDGE('',*,*,#5076,.T.);
#6711=ORIENTED_EDGE('',*,*,#4521,.F.);
#6712=ORIENTED_EDGE('',*,*,#5074,.F.);
#6713=ORIENTED_EDGE('',*,*,#5077,.F.);
#6714=ORIENTED_EDGE('',*,*,#5078,.T.);
#6715=ORIENTED_EDGE('',*,*,#4522,.F.);
#6716=ORIENTED_EDGE('',*,*,#5076,.F.);
#6717=ORIENTED_EDGE('',*,*,#5079,.F.);
#6718=ORIENTED_EDGE('',*,*,#5066,.T.);
#6719=ORIENTED_EDGE('',*,*,#4523,.F.);
#6720=ORIENTED_EDGE('',*,*,#5078,.F.);
#6721=ORIENTED_EDGE('',*,*,#5080,.F.);
#6722=ORIENTED_EDGE('',*,*,#5081,.T.);
#6723=ORIENTED_EDGE('',*,*,#4524,.F.);
#6724=ORIENTED_EDGE('',*,*,#5082,.F.);
#6725=ORIENTED_EDGE('',*,*,#5083,.F.);
#6726=ORIENTED_EDGE('',*,*,#5084,.T.);
#6727=ORIENTED_EDGE('',*,*,#4525,.F.);
#6728=ORIENTED_EDGE('',*,*,#5081,.F.);
#6729=ORIENTED_EDGE('',*,*,#5085,.F.);
#6730=ORIENTED_EDGE('',*,*,#5086,.T.);
#6731=ORIENTED_EDGE('',*,*,#4526,.F.);
#6732=ORIENTED_EDGE('',*,*,#5084,.F.);
#6733=ORIENTED_EDGE('',*,*,#5087,.F.);
#6734=ORIENTED_EDGE('',*,*,#5088,.T.);
#6735=ORIENTED_EDGE('',*,*,#4527,.F.);
#6736=ORIENTED_EDGE('',*,*,#5086,.F.);
#6737=ORIENTED_EDGE('',*,*,#5089,.F.);
#6738=ORIENTED_EDGE('',*,*,#5090,.T.);
#6739=ORIENTED_EDGE('',*,*,#4528,.F.);
#6740=ORIENTED_EDGE('',*,*,#5088,.F.);
#6741=ORIENTED_EDGE('',*,*,#5091,.F.);
#6742=ORIENTED_EDGE('',*,*,#5092,.T.);
#6743=ORIENTED_EDGE('',*,*,#4529,.F.);
#6744=ORIENTED_EDGE('',*,*,#5090,.F.);
#6745=ORIENTED_EDGE('',*,*,#5093,.F.);
#6746=ORIENTED_EDGE('',*,*,#5094,.T.);
#6747=ORIENTED_EDGE('',*,*,#4530,.F.);
#6748=ORIENTED_EDGE('',*,*,#5092,.F.);
#6749=ORIENTED_EDGE('',*,*,#5095,.F.);
#6750=ORIENTED_EDGE('',*,*,#5082,.T.);
#6751=ORIENTED_EDGE('',*,*,#4531,.F.);
#6752=ORIENTED_EDGE('',*,*,#5094,.F.);
#6753=ORIENTED_EDGE('',*,*,#5096,.F.);
#6754=ORIENTED_EDGE('',*,*,#5097,.T.);
#6755=ORIENTED_EDGE('',*,*,#4532,.F.);
#6756=ORIENTED_EDGE('',*,*,#5098,.F.);
#6757=ORIENTED_EDGE('',*,*,#5099,.F.);
#6758=ORIENTED_EDGE('',*,*,#5100,.T.);
#6759=ORIENTED_EDGE('',*,*,#4533,.F.);
#6760=ORIENTED_EDGE('',*,*,#5097,.F.);
#6761=ORIENTED_EDGE('',*,*,#5101,.F.);
#6762=ORIENTED_EDGE('',*,*,#5102,.T.);
#6763=ORIENTED_EDGE('',*,*,#4534,.F.);
#6764=ORIENTED_EDGE('',*,*,#5100,.F.);
#6765=ORIENTED_EDGE('',*,*,#5103,.F.);
#6766=ORIENTED_EDGE('',*,*,#5104,.T.);
#6767=ORIENTED_EDGE('',*,*,#4535,.F.);
#6768=ORIENTED_EDGE('',*,*,#5102,.F.);
#6769=ORIENTED_EDGE('',*,*,#5105,.F.);
#6770=ORIENTED_EDGE('',*,*,#5106,.T.);
#6771=ORIENTED_EDGE('',*,*,#4536,.F.);
#6772=ORIENTED_EDGE('',*,*,#5104,.F.);
#6773=ORIENTED_EDGE('',*,*,#5107,.F.);
#6774=ORIENTED_EDGE('',*,*,#5108,.T.);
#6775=ORIENTED_EDGE('',*,*,#4537,.F.);
#6776=ORIENTED_EDGE('',*,*,#5106,.F.);
#6777=ORIENTED_EDGE('',*,*,#5109,.F.);
#6778=ORIENTED_EDGE('',*,*,#5110,.T.);
#6779=ORIENTED_EDGE('',*,*,#4538,.F.);
#6780=ORIENTED_EDGE('',*,*,#5108,.F.);
#6781=ORIENTED_EDGE('',*,*,#5111,.F.);
#6782=ORIENTED_EDGE('',*,*,#5098,.T.);
#6783=ORIENTED_EDGE('',*,*,#4539,.F.);
#6784=ORIENTED_EDGE('',*,*,#5110,.F.);
#6785=ORIENTED_EDGE('',*,*,#5112,.F.);
#6786=ORIENTED_EDGE('',*,*,#5113,.T.);
#6787=ORIENTED_EDGE('',*,*,#4540,.F.);
#6788=ORIENTED_EDGE('',*,*,#5114,.F.);
#6789=ORIENTED_EDGE('',*,*,#5115,.F.);
#6790=ORIENTED_EDGE('',*,*,#5116,.T.);
#6791=ORIENTED_EDGE('',*,*,#4541,.F.);
#6792=ORIENTED_EDGE('',*,*,#5113,.F.);
#6793=ORIENTED_EDGE('',*,*,#5117,.F.);
#6794=ORIENTED_EDGE('',*,*,#5118,.T.);
#6795=ORIENTED_EDGE('',*,*,#4542,.F.);
#6796=ORIENTED_EDGE('',*,*,#5116,.F.);
#6797=ORIENTED_EDGE('',*,*,#5119,.F.);
#6798=ORIENTED_EDGE('',*,*,#5120,.T.);
#6799=ORIENTED_EDGE('',*,*,#4543,.F.);
#6800=ORIENTED_EDGE('',*,*,#5118,.F.);
#6801=ORIENTED_EDGE('',*,*,#5121,.F.);
#6802=ORIENTED_EDGE('',*,*,#5122,.T.);
#6803=ORIENTED_EDGE('',*,*,#4544,.F.);
#6804=ORIENTED_EDGE('',*,*,#5120,.F.);
#6805=ORIENTED_EDGE('',*,*,#5123,.F.);
#6806=ORIENTED_EDGE('',*,*,#5124,.T.);
#6807=ORIENTED_EDGE('',*,*,#4545,.F.);
#6808=ORIENTED_EDGE('',*,*,#5122,.F.);
#6809=ORIENTED_EDGE('',*,*,#5125,.F.);
#6810=ORIENTED_EDGE('',*,*,#5126,.T.);
#6811=ORIENTED_EDGE('',*,*,#4546,.F.);
#6812=ORIENTED_EDGE('',*,*,#5124,.F.);
#6813=ORIENTED_EDGE('',*,*,#5127,.F.);
#6814=ORIENTED_EDGE('',*,*,#5114,.T.);
#6815=ORIENTED_EDGE('',*,*,#4547,.F.);
#6816=ORIENTED_EDGE('',*,*,#5126,.F.);
#6817=ORIENTED_EDGE('',*,*,#5128,.F.);
#6818=ORIENTED_EDGE('',*,*,#5129,.T.);
#6819=ORIENTED_EDGE('',*,*,#4548,.F.);
#6820=ORIENTED_EDGE('',*,*,#5130,.F.);
#6821=ORIENTED_EDGE('',*,*,#5131,.F.);
#6822=ORIENTED_EDGE('',*,*,#5132,.T.);
#6823=ORIENTED_EDGE('',*,*,#4549,.F.);
#6824=ORIENTED_EDGE('',*,*,#5129,.F.);
#6825=ORIENTED_EDGE('',*,*,#5133,.F.);
#6826=ORIENTED_EDGE('',*,*,#5134,.T.);
#6827=ORIENTED_EDGE('',*,*,#4550,.F.);
#6828=ORIENTED_EDGE('',*,*,#5132,.F.);
#6829=ORIENTED_EDGE('',*,*,#5135,.F.);
#6830=ORIENTED_EDGE('',*,*,#5136,.T.);
#6831=ORIENTED_EDGE('',*,*,#4551,.F.);
#6832=ORIENTED_EDGE('',*,*,#5134,.F.);
#6833=ORIENTED_EDGE('',*,*,#5137,.F.);
#6834=ORIENTED_EDGE('',*,*,#5138,.T.);
#6835=ORIENTED_EDGE('',*,*,#4552,.F.);
#6836=ORIENTED_EDGE('',*,*,#5136,.F.);
#6837=ORIENTED_EDGE('',*,*,#5139,.F.);
#6838=ORIENTED_EDGE('',*,*,#5140,.T.);
#6839=ORIENTED_EDGE('',*,*,#4553,.F.);
#6840=ORIENTED_EDGE('',*,*,#5138,.F.);
#6841=ORIENTED_EDGE('',*,*,#5141,.F.);
#6842=ORIENTED_EDGE('',*,*,#5142,.T.);
#6843=ORIENTED_EDGE('',*,*,#4554,.F.);
#6844=ORIENTED_EDGE('',*,*,#5140,.F.);
#6845=ORIENTED_EDGE('',*,*,#5143,.F.);
#6846=ORIENTED_EDGE('',*,*,#5130,.T.);
#6847=ORIENTED_EDGE('',*,*,#4555,.F.);
#6848=ORIENTED_EDGE('',*,*,#5142,.F.);
#6849=ORIENTED_EDGE('',*,*,#5144,.F.);
#6850=ORIENTED_EDGE('',*,*,#5145,.T.);
#6851=ORIENTED_EDGE('',*,*,#4556,.F.);
#6852=ORIENTED_EDGE('',*,*,#5146,.F.);
#6853=ORIENTED_EDGE('',*,*,#5147,.F.);
#6854=ORIENTED_EDGE('',*,*,#5148,.T.);
#6855=ORIENTED_EDGE('',*,*,#4557,.F.);
#6856=ORIENTED_EDGE('',*,*,#5145,.F.);
#6857=ORIENTED_EDGE('',*,*,#5149,.F.);
#6858=ORIENTED_EDGE('',*,*,#5150,.T.);
#6859=ORIENTED_EDGE('',*,*,#4558,.F.);
#6860=ORIENTED_EDGE('',*,*,#5148,.F.);
#6861=ORIENTED_EDGE('',*,*,#5151,.F.);
#6862=ORIENTED_EDGE('',*,*,#5152,.T.);
#6863=ORIENTED_EDGE('',*,*,#4559,.F.);
#6864=ORIENTED_EDGE('',*,*,#5150,.F.);
#6865=ORIENTED_EDGE('',*,*,#5153,.F.);
#6866=ORIENTED_EDGE('',*,*,#5154,.T.);
#6867=ORIENTED_EDGE('',*,*,#4560,.F.);
#6868=ORIENTED_EDGE('',*,*,#5152,.F.);
#6869=ORIENTED_EDGE('',*,*,#5155,.F.);
#6870=ORIENTED_EDGE('',*,*,#5156,.T.);
#6871=ORIENTED_EDGE('',*,*,#4561,.F.);
#6872=ORIENTED_EDGE('',*,*,#5154,.F.);
#6873=ORIENTED_EDGE('',*,*,#5157,.F.);
#6874=ORIENTED_EDGE('',*,*,#5158,.T.);
#6875=ORIENTED_EDGE('',*,*,#4562,.F.);
#6876=ORIENTED_EDGE('',*,*,#5156,.F.);
#6877=ORIENTED_EDGE('',*,*,#5159,.F.);
#6878=ORIENTED_EDGE('',*,*,#5146,.T.);
#6879=ORIENTED_EDGE('',*,*,#4563,.F.);
#6880=ORIENTED_EDGE('',*,*,#5158,.F.);
#6881=ORIENTED_EDGE('',*,*,#5160,.F.);
#6882=ORIENTED_EDGE('',*,*,#5161,.T.);
#6883=ORIENTED_EDGE('',*,*,#4564,.F.);
#6884=ORIENTED_EDGE('',*,*,#5162,.F.);
#6885=ORIENTED_EDGE('',*,*,#5163,.F.);
#6886=ORIENTED_EDGE('',*,*,#5164,.T.);
#6887=ORIENTED_EDGE('',*,*,#4565,.F.);
#6888=ORIENTED_EDGE('',*,*,#5161,.F.);
#6889=ORIENTED_EDGE('',*,*,#5165,.F.);
#6890=ORIENTED_EDGE('',*,*,#5166,.T.);
#6891=ORIENTED_EDGE('',*,*,#4566,.F.);
#6892=ORIENTED_EDGE('',*,*,#5164,.F.);
#6893=ORIENTED_EDGE('',*,*,#5167,.F.);
#6894=ORIENTED_EDGE('',*,*,#5168,.T.);
#6895=ORIENTED_EDGE('',*,*,#4567,.F.);
#6896=ORIENTED_EDGE('',*,*,#5166,.F.);
#6897=ORIENTED_EDGE('',*,*,#5169,.F.);
#6898=ORIENTED_EDGE('',*,*,#5170,.T.);
#6899=ORIENTED_EDGE('',*,*,#4568,.F.);
#6900=ORIENTED_EDGE('',*,*,#5168,.F.);
#6901=ORIENTED_EDGE('',*,*,#5171,.F.);
#6902=ORIENTED_EDGE('',*,*,#5172,.T.);
#6903=ORIENTED_EDGE('',*,*,#4569,.F.);
#6904=ORIENTED_EDGE('',*,*,#5170,.F.);
#6905=ORIENTED_EDGE('',*,*,#5173,.F.);
#6906=ORIENTED_EDGE('',*,*,#5174,.T.);
#6907=ORIENTED_EDGE('',*,*,#4570,.F.);
#6908=ORIENTED_EDGE('',*,*,#5172,.F.);
#6909=ORIENTED_EDGE('',*,*,#5175,.F.);
#6910=ORIENTED_EDGE('',*,*,#5162,.T.);
#6911=ORIENTED_EDGE('',*,*,#4571,.F.);
#6912=ORIENTED_EDGE('',*,*,#5174,.F.);
#6913=ORIENTED_EDGE('',*,*,#5176,.F.);
#6914=ORIENTED_EDGE('',*,*,#5177,.T.);
#6915=ORIENTED_EDGE('',*,*,#4572,.F.);
#6916=ORIENTED_EDGE('',*,*,#5178,.F.);
#6917=ORIENTED_EDGE('',*,*,#5179,.F.);
#6918=ORIENTED_EDGE('',*,*,#5180,.T.);
#6919=ORIENTED_EDGE('',*,*,#4573,.F.);
#6920=ORIENTED_EDGE('',*,*,#5177,.F.);
#6921=ORIENTED_EDGE('',*,*,#5181,.F.);
#6922=ORIENTED_EDGE('',*,*,#5182,.T.);
#6923=ORIENTED_EDGE('',*,*,#4574,.F.);
#6924=ORIENTED_EDGE('',*,*,#5180,.F.);
#6925=ORIENTED_EDGE('',*,*,#5183,.F.);
#6926=ORIENTED_EDGE('',*,*,#5184,.T.);
#6927=ORIENTED_EDGE('',*,*,#4575,.F.);
#6928=ORIENTED_EDGE('',*,*,#5182,.F.);
#6929=ORIENTED_EDGE('',*,*,#5185,.F.);
#6930=ORIENTED_EDGE('',*,*,#5186,.T.);
#6931=ORIENTED_EDGE('',*,*,#4576,.F.);
#6932=ORIENTED_EDGE('',*,*,#5184,.F.);
#6933=ORIENTED_EDGE('',*,*,#5187,.F.);
#6934=ORIENTED_EDGE('',*,*,#5188,.T.);
#6935=ORIENTED_EDGE('',*,*,#4577,.F.);
#6936=ORIENTED_EDGE('',*,*,#5186,.F.);
#6937=ORIENTED_EDGE('',*,*,#5189,.F.);
#6938=ORIENTED_EDGE('',*,*,#5190,.T.);
#6939=ORIENTED_EDGE('',*,*,#4578,.F.);
#6940=ORIENTED_EDGE('',*,*,#5188,.F.);
#6941=ORIENTED_EDGE('',*,*,#5191,.F.);
#6942=ORIENTED_EDGE('',*,*,#5178,.T.);
#6943=ORIENTED_EDGE('',*,*,#4579,.F.);
#6944=ORIENTED_EDGE('',*,*,#5190,.F.);
#6945=ORIENTED_EDGE('',*,*,#5192,.F.);
#6946=ORIENTED_EDGE('',*,*,#5193,.T.);
#6947=ORIENTED_EDGE('',*,*,#4580,.F.);
#6948=ORIENTED_EDGE('',*,*,#5194,.F.);
#6949=ORIENTED_EDGE('',*,*,#5195,.F.);
#6950=ORIENTED_EDGE('',*,*,#5196,.T.);
#6951=ORIENTED_EDGE('',*,*,#4581,.F.);
#6952=ORIENTED_EDGE('',*,*,#5193,.F.);
#6953=ORIENTED_EDGE('',*,*,#5197,.F.);
#6954=ORIENTED_EDGE('',*,*,#5198,.T.);
#6955=ORIENTED_EDGE('',*,*,#4582,.F.);
#6956=ORIENTED_EDGE('',*,*,#5196,.F.);
#6957=ORIENTED_EDGE('',*,*,#5199,.F.);
#6958=ORIENTED_EDGE('',*,*,#5200,.T.);
#6959=ORIENTED_EDGE('',*,*,#4583,.F.);
#6960=ORIENTED_EDGE('',*,*,#5198,.F.);
#6961=ORIENTED_EDGE('',*,*,#5201,.F.);
#6962=ORIENTED_EDGE('',*,*,#5202,.T.);
#6963=ORIENTED_EDGE('',*,*,#4584,.F.);
#6964=ORIENTED_EDGE('',*,*,#5200,.F.);
#6965=ORIENTED_EDGE('',*,*,#5203,.F.);
#6966=ORIENTED_EDGE('',*,*,#5204,.T.);
#6967=ORIENTED_EDGE('',*,*,#4585,.F.);
#6968=ORIENTED_EDGE('',*,*,#5202,.F.);
#6969=ORIENTED_EDGE('',*,*,#5205,.F.);
#6970=ORIENTED_EDGE('',*,*,#5206,.T.);
#6971=ORIENTED_EDGE('',*,*,#4586,.F.);
#6972=ORIENTED_EDGE('',*,*,#5204,.F.);
#6973=ORIENTED_EDGE('',*,*,#5207,.F.);
#6974=ORIENTED_EDGE('',*,*,#5194,.T.);
#6975=ORIENTED_EDGE('',*,*,#4587,.F.);
#6976=ORIENTED_EDGE('',*,*,#5206,.F.);
#6977=ORIENTED_EDGE('',*,*,#5208,.F.);
#6978=ORIENTED_EDGE('',*,*,#5209,.T.);
#6979=ORIENTED_EDGE('',*,*,#4588,.F.);
#6980=ORIENTED_EDGE('',*,*,#5210,.F.);
#6981=ORIENTED_EDGE('',*,*,#5211,.F.);
#6982=ORIENTED_EDGE('',*,*,#5212,.T.);
#6983=ORIENTED_EDGE('',*,*,#4589,.F.);
#6984=ORIENTED_EDGE('',*,*,#5209,.F.);
#6985=ORIENTED_EDGE('',*,*,#5213,.F.);
#6986=ORIENTED_EDGE('',*,*,#5214,.T.);
#6987=ORIENTED_EDGE('',*,*,#4590,.F.);
#6988=ORIENTED_EDGE('',*,*,#5212,.F.);
#6989=ORIENTED_EDGE('',*,*,#5215,.F.);
#6990=ORIENTED_EDGE('',*,*,#5216,.T.);
#6991=ORIENTED_EDGE('',*,*,#4591,.F.);
#6992=ORIENTED_EDGE('',*,*,#5214,.F.);
#6993=ORIENTED_EDGE('',*,*,#5217,.F.);
#6994=ORIENTED_EDGE('',*,*,#5218,.T.);
#6995=ORIENTED_EDGE('',*,*,#4592,.F.);
#6996=ORIENTED_EDGE('',*,*,#5216,.F.);
#6997=ORIENTED_EDGE('',*,*,#5219,.F.);
#6998=ORIENTED_EDGE('',*,*,#5220,.T.);
#6999=ORIENTED_EDGE('',*,*,#4593,.F.);
#7000=ORIENTED_EDGE('',*,*,#5218,.F.);
#7001=ORIENTED_EDGE('',*,*,#5221,.F.);
#7002=ORIENTED_EDGE('',*,*,#5222,.T.);
#7003=ORIENTED_EDGE('',*,*,#4594,.F.);
#7004=ORIENTED_EDGE('',*,*,#5220,.F.);
#7005=ORIENTED_EDGE('',*,*,#5223,.F.);
#7006=ORIENTED_EDGE('',*,*,#5210,.T.);
#7007=ORIENTED_EDGE('',*,*,#4595,.F.);
#7008=ORIENTED_EDGE('',*,*,#5222,.F.);
#7009=ORIENTED_EDGE('',*,*,#5224,.F.);
#7010=ORIENTED_EDGE('',*,*,#5225,.T.);
#7011=ORIENTED_EDGE('',*,*,#4596,.F.);
#7012=ORIENTED_EDGE('',*,*,#5226,.F.);
#7013=ORIENTED_EDGE('',*,*,#5227,.F.);
#7014=ORIENTED_EDGE('',*,*,#5228,.T.);
#7015=ORIENTED_EDGE('',*,*,#4597,.F.);
#7016=ORIENTED_EDGE('',*,*,#5225,.F.);
#7017=ORIENTED_EDGE('',*,*,#5229,.F.);
#7018=ORIENTED_EDGE('',*,*,#5230,.T.);
#7019=ORIENTED_EDGE('',*,*,#4598,.F.);
#7020=ORIENTED_EDGE('',*,*,#5228,.F.);
#7021=ORIENTED_EDGE('',*,*,#5231,.F.);
#7022=ORIENTED_EDGE('',*,*,#5232,.T.);
#7023=ORIENTED_EDGE('',*,*,#4599,.F.);
#7024=ORIENTED_EDGE('',*,*,#5230,.F.);
#7025=ORIENTED_EDGE('',*,*,#5233,.F.);
#7026=ORIENTED_EDGE('',*,*,#5234,.T.);
#7027=ORIENTED_EDGE('',*,*,#4600,.F.);
#7028=ORIENTED_EDGE('',*,*,#5232,.F.);
#7029=ORIENTED_EDGE('',*,*,#5235,.F.);
#7030=ORIENTED_EDGE('',*,*,#5236,.T.);
#7031=ORIENTED_EDGE('',*,*,#4601,.F.);
#7032=ORIENTED_EDGE('',*,*,#5234,.F.);
#7033=ORIENTED_EDGE('',*,*,#5237,.F.);
#7034=ORIENTED_EDGE('',*,*,#5238,.T.);
#7035=ORIENTED_EDGE('',*,*,#4602,.F.);
#7036=ORIENTED_EDGE('',*,*,#5236,.F.);
#7037=ORIENTED_EDGE('',*,*,#5239,.F.);
#7038=ORIENTED_EDGE('',*,*,#5226,.T.);
#7039=ORIENTED_EDGE('',*,*,#4603,.F.);
#7040=ORIENTED_EDGE('',*,*,#5238,.F.);
#7041=ORIENTED_EDGE('',*,*,#5240,.F.);
#7042=ORIENTED_EDGE('',*,*,#5241,.T.);
#7043=ORIENTED_EDGE('',*,*,#4604,.F.);
#7044=ORIENTED_EDGE('',*,*,#5242,.F.);
#7045=ORIENTED_EDGE('',*,*,#5243,.F.);
#7046=ORIENTED_EDGE('',*,*,#5244,.T.);
#7047=ORIENTED_EDGE('',*,*,#4605,.F.);
#7048=ORIENTED_EDGE('',*,*,#5241,.F.);
#7049=ORIENTED_EDGE('',*,*,#5245,.F.);
#7050=ORIENTED_EDGE('',*,*,#5246,.T.);
#7051=ORIENTED_EDGE('',*,*,#4606,.F.);
#7052=ORIENTED_EDGE('',*,*,#5244,.F.);
#7053=ORIENTED_EDGE('',*,*,#5247,.F.);
#7054=ORIENTED_EDGE('',*,*,#5248,.T.);
#7055=ORIENTED_EDGE('',*,*,#4607,.F.);
#7056=ORIENTED_EDGE('',*,*,#5246,.F.);
#7057=ORIENTED_EDGE('',*,*,#5249,.F.);
#7058=ORIENTED_EDGE('',*,*,#5250,.T.);
#7059=ORIENTED_EDGE('',*,*,#4608,.F.);
#7060=ORIENTED_EDGE('',*,*,#5248,.F.);
#7061=ORIENTED_EDGE('',*,*,#5251,.F.);
#7062=ORIENTED_EDGE('',*,*,#5252,.T.);
#7063=ORIENTED_EDGE('',*,*,#4609,.F.);
#7064=ORIENTED_EDGE('',*,*,#5250,.F.);
#7065=ORIENTED_EDGE('',*,*,#5253,.F.);
#7066=ORIENTED_EDGE('',*,*,#5254,.T.);
#7067=ORIENTED_EDGE('',*,*,#4610,.F.);
#7068=ORIENTED_EDGE('',*,*,#5252,.F.);
#7069=ORIENTED_EDGE('',*,*,#5255,.F.);
#7070=ORIENTED_EDGE('',*,*,#5242,.T.);
#7071=ORIENTED_EDGE('',*,*,#4611,.F.);
#7072=ORIENTED_EDGE('',*,*,#5254,.F.);
#7073=ORIENTED_EDGE('',*,*,#5256,.F.);
#7074=ORIENTED_EDGE('',*,*,#5257,.T.);
#7075=ORIENTED_EDGE('',*,*,#4612,.F.);
#7076=ORIENTED_EDGE('',*,*,#5258,.F.);
#7077=ORIENTED_EDGE('',*,*,#5259,.F.);
#7078=ORIENTED_EDGE('',*,*,#5260,.T.);
#7079=ORIENTED_EDGE('',*,*,#4613,.F.);
#7080=ORIENTED_EDGE('',*,*,#5257,.F.);
#7081=ORIENTED_EDGE('',*,*,#5261,.F.);
#7082=ORIENTED_EDGE('',*,*,#5262,.T.);
#7083=ORIENTED_EDGE('',*,*,#4614,.F.);
#7084=ORIENTED_EDGE('',*,*,#5260,.F.);
#7085=ORIENTED_EDGE('',*,*,#5263,.F.);
#7086=ORIENTED_EDGE('',*,*,#5264,.T.);
#7087=ORIENTED_EDGE('',*,*,#4615,.F.);
#7088=ORIENTED_EDGE('',*,*,#5262,.F.);
#7089=ORIENTED_EDGE('',*,*,#5265,.F.);
#7090=ORIENTED_EDGE('',*,*,#5266,.T.);
#7091=ORIENTED_EDGE('',*,*,#4616,.F.);
#7092=ORIENTED_EDGE('',*,*,#5264,.F.);
#7093=ORIENTED_EDGE('',*,*,#5267,.F.);
#7094=ORIENTED_EDGE('',*,*,#5268,.T.);
#7095=ORIENTED_EDGE('',*,*,#4617,.F.);
#7096=ORIENTED_EDGE('',*,*,#5266,.F.);
#7097=ORIENTED_EDGE('',*,*,#5269,.F.);
#7098=ORIENTED_EDGE('',*,*,#5270,.T.);
#7099=ORIENTED_EDGE('',*,*,#4618,.F.);
#7100=ORIENTED_EDGE('',*,*,#5268,.F.);
#7101=ORIENTED_EDGE('',*,*,#5271,.F.);
#7102=ORIENTED_EDGE('',*,*,#5258,.T.);
#7103=ORIENTED_EDGE('',*,*,#4619,.F.);
#7104=ORIENTED_EDGE('',*,*,#5270,.F.);
#7105=ORIENTED_EDGE('',*,*,#5272,.F.);
#7106=ORIENTED_EDGE('',*,*,#5273,.T.);
#7107=ORIENTED_EDGE('',*,*,#4620,.F.);
#7108=ORIENTED_EDGE('',*,*,#5274,.F.);
#7109=ORIENTED_EDGE('',*,*,#5275,.F.);
#7110=ORIENTED_EDGE('',*,*,#5276,.T.);
#7111=ORIENTED_EDGE('',*,*,#4621,.F.);
#7112=ORIENTED_EDGE('',*,*,#5273,.F.);
#7113=ORIENTED_EDGE('',*,*,#5277,.F.);
#7114=ORIENTED_EDGE('',*,*,#5278,.T.);
#7115=ORIENTED_EDGE('',*,*,#4622,.F.);
#7116=ORIENTED_EDGE('',*,*,#5276,.F.);
#7117=ORIENTED_EDGE('',*,*,#5279,.F.);
#7118=ORIENTED_EDGE('',*,*,#5280,.T.);
#7119=ORIENTED_EDGE('',*,*,#4623,.F.);
#7120=ORIENTED_EDGE('',*,*,#5278,.F.);
#7121=ORIENTED_EDGE('',*,*,#5281,.F.);
#7122=ORIENTED_EDGE('',*,*,#5282,.T.);
#7123=ORIENTED_EDGE('',*,*,#4624,.F.);
#7124=ORIENTED_EDGE('',*,*,#5280,.F.);
#7125=ORIENTED_EDGE('',*,*,#5283,.F.);
#7126=ORIENTED_EDGE('',*,*,#5284,.T.);
#7127=ORIENTED_EDGE('',*,*,#4625,.F.);
#7128=ORIENTED_EDGE('',*,*,#5282,.F.);
#7129=ORIENTED_EDGE('',*,*,#5285,.F.);
#7130=ORIENTED_EDGE('',*,*,#5286,.T.);
#7131=ORIENTED_EDGE('',*,*,#4626,.F.);
#7132=ORIENTED_EDGE('',*,*,#5284,.F.);
#7133=ORIENTED_EDGE('',*,*,#5287,.F.);
#7134=ORIENTED_EDGE('',*,*,#5274,.T.);
#7135=ORIENTED_EDGE('',*,*,#4627,.F.);
#7136=ORIENTED_EDGE('',*,*,#5286,.F.);
#7137=ORIENTED_EDGE('',*,*,#5288,.F.);
#7138=ORIENTED_EDGE('',*,*,#5289,.T.);
#7139=ORIENTED_EDGE('',*,*,#4628,.F.);
#7140=ORIENTED_EDGE('',*,*,#5290,.F.);
#7141=ORIENTED_EDGE('',*,*,#5291,.F.);
#7142=ORIENTED_EDGE('',*,*,#5292,.T.);
#7143=ORIENTED_EDGE('',*,*,#4629,.F.);
#7144=ORIENTED_EDGE('',*,*,#5289,.F.);
#7145=ORIENTED_EDGE('',*,*,#5293,.F.);
#7146=ORIENTED_EDGE('',*,*,#5294,.T.);
#7147=ORIENTED_EDGE('',*,*,#4630,.F.);
#7148=ORIENTED_EDGE('',*,*,#5292,.F.);
#7149=ORIENTED_EDGE('',*,*,#5295,.F.);
#7150=ORIENTED_EDGE('',*,*,#5296,.T.);
#7151=ORIENTED_EDGE('',*,*,#4631,.F.);
#7152=ORIENTED_EDGE('',*,*,#5294,.F.);
#7153=ORIENTED_EDGE('',*,*,#5297,.F.);
#7154=ORIENTED_EDGE('',*,*,#5298,.T.);
#7155=ORIENTED_EDGE('',*,*,#4632,.F.);
#7156=ORIENTED_EDGE('',*,*,#5296,.F.);
#7157=ORIENTED_EDGE('',*,*,#5299,.F.);
#7158=ORIENTED_EDGE('',*,*,#5300,.T.);
#7159=ORIENTED_EDGE('',*,*,#4633,.F.);
#7160=ORIENTED_EDGE('',*,*,#5298,.F.);
#7161=ORIENTED_EDGE('',*,*,#5301,.F.);
#7162=ORIENTED_EDGE('',*,*,#5302,.T.);
#7163=ORIENTED_EDGE('',*,*,#4634,.F.);
#7164=ORIENTED_EDGE('',*,*,#5300,.F.);
#7165=ORIENTED_EDGE('',*,*,#5303,.F.);
#7166=ORIENTED_EDGE('',*,*,#5290,.T.);
#7167=ORIENTED_EDGE('',*,*,#4635,.F.);
#7168=ORIENTED_EDGE('',*,*,#5302,.F.);
#7169=ORIENTED_EDGE('',*,*,#5304,.F.);
#7170=ORIENTED_EDGE('',*,*,#5305,.T.);
#7171=ORIENTED_EDGE('',*,*,#4636,.F.);
#7172=ORIENTED_EDGE('',*,*,#5306,.F.);
#7173=ORIENTED_EDGE('',*,*,#5307,.F.);
#7174=ORIENTED_EDGE('',*,*,#5308,.T.);
#7175=ORIENTED_EDGE('',*,*,#4637,.F.);
#7176=ORIENTED_EDGE('',*,*,#5305,.F.);
#7177=ORIENTED_EDGE('',*,*,#5309,.F.);
#7178=ORIENTED_EDGE('',*,*,#5310,.T.);
#7179=ORIENTED_EDGE('',*,*,#4638,.F.);
#7180=ORIENTED_EDGE('',*,*,#5308,.F.);
#7181=ORIENTED_EDGE('',*,*,#5311,.F.);
#7182=ORIENTED_EDGE('',*,*,#5312,.T.);
#7183=ORIENTED_EDGE('',*,*,#4639,.F.);
#7184=ORIENTED_EDGE('',*,*,#5310,.F.);
#7185=ORIENTED_EDGE('',*,*,#5313,.F.);
#7186=ORIENTED_EDGE('',*,*,#5314,.T.);
#7187=ORIENTED_EDGE('',*,*,#4640,.F.);
#7188=ORIENTED_EDGE('',*,*,#5312,.F.);
#7189=ORIENTED_EDGE('',*,*,#5315,.F.);
#7190=ORIENTED_EDGE('',*,*,#5316,.T.);
#7191=ORIENTED_EDGE('',*,*,#4641,.F.);
#7192=ORIENTED_EDGE('',*,*,#5314,.F.);
#7193=ORIENTED_EDGE('',*,*,#5317,.F.);
#7194=ORIENTED_EDGE('',*,*,#5318,.T.);
#7195=ORIENTED_EDGE('',*,*,#4642,.F.);
#7196=ORIENTED_EDGE('',*,*,#5316,.F.);
#7197=ORIENTED_EDGE('',*,*,#5319,.F.);
#7198=ORIENTED_EDGE('',*,*,#5306,.T.);
#7199=ORIENTED_EDGE('',*,*,#4643,.F.);
#7200=ORIENTED_EDGE('',*,*,#5318,.F.);
#7201=ORIENTED_EDGE('',*,*,#5320,.F.);
#7202=ORIENTED_EDGE('',*,*,#5321,.T.);
#7203=ORIENTED_EDGE('',*,*,#4644,.F.);
#7204=ORIENTED_EDGE('',*,*,#5322,.F.);
#7205=ORIENTED_EDGE('',*,*,#5323,.F.);
#7206=ORIENTED_EDGE('',*,*,#5324,.T.);
#7207=ORIENTED_EDGE('',*,*,#4645,.F.);
#7208=ORIENTED_EDGE('',*,*,#5321,.F.);
#7209=ORIENTED_EDGE('',*,*,#5325,.F.);
#7210=ORIENTED_EDGE('',*,*,#5326,.T.);
#7211=ORIENTED_EDGE('',*,*,#4646,.F.);
#7212=ORIENTED_EDGE('',*,*,#5324,.F.);
#7213=ORIENTED_EDGE('',*,*,#5327,.F.);
#7214=ORIENTED_EDGE('',*,*,#5328,.T.);
#7215=ORIENTED_EDGE('',*,*,#4647,.F.);
#7216=ORIENTED_EDGE('',*,*,#5326,.F.);
#7217=ORIENTED_EDGE('',*,*,#5329,.F.);
#7218=ORIENTED_EDGE('',*,*,#5330,.T.);
#7219=ORIENTED_EDGE('',*,*,#4648,.F.);
#7220=ORIENTED_EDGE('',*,*,#5328,.F.);
#7221=ORIENTED_EDGE('',*,*,#5331,.F.);
#7222=ORIENTED_EDGE('',*,*,#5332,.T.);
#7223=ORIENTED_EDGE('',*,*,#4649,.F.);
#7224=ORIENTED_EDGE('',*,*,#5330,.F.);
#7225=ORIENTED_EDGE('',*,*,#5333,.F.);
#7226=ORIENTED_EDGE('',*,*,#5334,.T.);
#7227=ORIENTED_EDGE('',*,*,#4650,.F.);
#7228=ORIENTED_EDGE('',*,*,#5332,.F.);
#7229=ORIENTED_EDGE('',*,*,#5335,.F.);
#7230=ORIENTED_EDGE('',*,*,#5322,.T.);
#7231=ORIENTED_EDGE('',*,*,#4651,.F.);
#7232=ORIENTED_EDGE('',*,*,#5334,.F.);
#7233=ORIENTED_EDGE('',*,*,#5336,.F.);
#7234=ORIENTED_EDGE('',*,*,#5337,.T.);
#7235=ORIENTED_EDGE('',*,*,#4652,.F.);
#7236=ORIENTED_EDGE('',*,*,#5338,.F.);
#7237=ORIENTED_EDGE('',*,*,#5339,.F.);
#7238=ORIENTED_EDGE('',*,*,#5340,.T.);
#7239=ORIENTED_EDGE('',*,*,#4653,.F.);
#7240=ORIENTED_EDGE('',*,*,#5337,.F.);
#7241=ORIENTED_EDGE('',*,*,#5341,.F.);
#7242=ORIENTED_EDGE('',*,*,#5342,.T.);
#7243=ORIENTED_EDGE('',*,*,#4654,.F.);
#7244=ORIENTED_EDGE('',*,*,#5340,.F.);
#7245=ORIENTED_EDGE('',*,*,#5343,.F.);
#7246=ORIENTED_EDGE('',*,*,#5344,.T.);
#7247=ORIENTED_EDGE('',*,*,#4655,.F.);
#7248=ORIENTED_EDGE('',*,*,#5342,.F.);
#7249=ORIENTED_EDGE('',*,*,#5345,.F.);
#7250=ORIENTED_EDGE('',*,*,#5346,.T.);
#7251=ORIENTED_EDGE('',*,*,#4656,.F.);
#7252=ORIENTED_EDGE('',*,*,#5344,.F.);
#7253=ORIENTED_EDGE('',*,*,#5347,.F.);
#7254=ORIENTED_EDGE('',*,*,#5348,.T.);
#7255=ORIENTED_EDGE('',*,*,#4657,.F.);
#7256=ORIENTED_EDGE('',*,*,#5346,.F.);
#7257=ORIENTED_EDGE('',*,*,#5349,.F.);
#7258=ORIENTED_EDGE('',*,*,#5350,.T.);
#7259=ORIENTED_EDGE('',*,*,#4658,.F.);
#7260=ORIENTED_EDGE('',*,*,#5348,.F.);
#7261=ORIENTED_EDGE('',*,*,#5351,.F.);
#7262=ORIENTED_EDGE('',*,*,#5338,.T.);
#7263=ORIENTED_EDGE('',*,*,#4659,.F.);
#7264=ORIENTED_EDGE('',*,*,#5350,.F.);
#7265=ORIENTED_EDGE('',*,*,#5352,.F.);
#7266=ORIENTED_EDGE('',*,*,#5353,.T.);
#7267=ORIENTED_EDGE('',*,*,#4660,.F.);
#7268=ORIENTED_EDGE('',*,*,#5354,.F.);
#7269=ORIENTED_EDGE('',*,*,#5355,.F.);
#7270=ORIENTED_EDGE('',*,*,#5356,.T.);
#7271=ORIENTED_EDGE('',*,*,#4661,.F.);
#7272=ORIENTED_EDGE('',*,*,#5353,.F.);
#7273=ORIENTED_EDGE('',*,*,#5357,.F.);
#7274=ORIENTED_EDGE('',*,*,#5358,.T.);
#7275=ORIENTED_EDGE('',*,*,#4662,.F.);
#7276=ORIENTED_EDGE('',*,*,#5356,.F.);
#7277=ORIENTED_EDGE('',*,*,#5359,.F.);
#7278=ORIENTED_EDGE('',*,*,#5360,.T.);
#7279=ORIENTED_EDGE('',*,*,#4663,.F.);
#7280=ORIENTED_EDGE('',*,*,#5358,.F.);
#7281=ORIENTED_EDGE('',*,*,#5361,.F.);
#7282=ORIENTED_EDGE('',*,*,#5362,.T.);
#7283=ORIENTED_EDGE('',*,*,#4664,.F.);
#7284=ORIENTED_EDGE('',*,*,#5360,.F.);
#7285=ORIENTED_EDGE('',*,*,#5363,.F.);
#7286=ORIENTED_EDGE('',*,*,#5364,.T.);
#7287=ORIENTED_EDGE('',*,*,#4665,.F.);
#7288=ORIENTED_EDGE('',*,*,#5362,.F.);
#7289=ORIENTED_EDGE('',*,*,#5365,.F.);
#7290=ORIENTED_EDGE('',*,*,#5366,.T.);
#7291=ORIENTED_EDGE('',*,*,#4666,.F.);
#7292=ORIENTED_EDGE('',*,*,#5364,.F.);
#7293=ORIENTED_EDGE('',*,*,#5367,.F.);
#7294=ORIENTED_EDGE('',*,*,#5354,.T.);
#7295=ORIENTED_EDGE('',*,*,#4667,.F.);
#7296=ORIENTED_EDGE('',*,*,#5366,.F.);
#7297=ORIENTED_EDGE('',*,*,#5368,.F.);
#7298=ORIENTED_EDGE('',*,*,#5369,.T.);
#7299=ORIENTED_EDGE('',*,*,#4668,.F.);
#7300=ORIENTED_EDGE('',*,*,#5370,.F.);
#7301=ORIENTED_EDGE('',*,*,#5371,.F.);
#7302=ORIENTED_EDGE('',*,*,#5372,.T.);
#7303=ORIENTED_EDGE('',*,*,#4669,.F.);
#7304=ORIENTED_EDGE('',*,*,#5369,.F.);
#7305=ORIENTED_EDGE('',*,*,#5373,.F.);
#7306=ORIENTED_EDGE('',*,*,#5374,.T.);
#7307=ORIENTED_EDGE('',*,*,#4670,.F.);
#7308=ORIENTED_EDGE('',*,*,#5372,.F.);
#7309=ORIENTED_EDGE('',*,*,#5375,.F.);
#7310=ORIENTED_EDGE('',*,*,#5376,.T.);
#7311=ORIENTED_EDGE('',*,*,#4671,.F.);
#7312=ORIENTED_EDGE('',*,*,#5374,.F.);
#7313=ORIENTED_EDGE('',*,*,#5377,.F.);
#7314=ORIENTED_EDGE('',*,*,#5378,.T.);
#7315=ORIENTED_EDGE('',*,*,#4672,.F.);
#7316=ORIENTED_EDGE('',*,*,#5376,.F.);
#7317=ORIENTED_EDGE('',*,*,#5379,.F.);
#7318=ORIENTED_EDGE('',*,*,#5380,.T.);
#7319=ORIENTED_EDGE('',*,*,#4673,.F.);
#7320=ORIENTED_EDGE('',*,*,#5378,.F.);
#7321=ORIENTED_EDGE('',*,*,#5381,.F.);
#7322=ORIENTED_EDGE('',*,*,#5382,.T.);
#7323=ORIENTED_EDGE('',*,*,#4674,.F.);
#7324=ORIENTED_EDGE('',*,*,#5380,.F.);
#7325=ORIENTED_EDGE('',*,*,#5383,.F.);
#7326=ORIENTED_EDGE('',*,*,#5370,.T.);
#7327=ORIENTED_EDGE('',*,*,#4675,.F.);
#7328=ORIENTED_EDGE('',*,*,#5382,.F.);
#7329=ORIENTED_EDGE('',*,*,#5384,.F.);
#7330=ORIENTED_EDGE('',*,*,#5385,.T.);
#7331=ORIENTED_EDGE('',*,*,#4676,.F.);
#7332=ORIENTED_EDGE('',*,*,#5386,.F.);
#7333=ORIENTED_EDGE('',*,*,#5387,.F.);
#7334=ORIENTED_EDGE('',*,*,#5388,.T.);
#7335=ORIENTED_EDGE('',*,*,#4677,.F.);
#7336=ORIENTED_EDGE('',*,*,#5385,.F.);
#7337=ORIENTED_EDGE('',*,*,#5389,.F.);
#7338=ORIENTED_EDGE('',*,*,#5390,.T.);
#7339=ORIENTED_EDGE('',*,*,#4678,.F.);
#7340=ORIENTED_EDGE('',*,*,#5388,.F.);
#7341=ORIENTED_EDGE('',*,*,#5391,.F.);
#7342=ORIENTED_EDGE('',*,*,#5392,.T.);
#7343=ORIENTED_EDGE('',*,*,#4679,.F.);
#7344=ORIENTED_EDGE('',*,*,#5390,.F.);
#7345=ORIENTED_EDGE('',*,*,#5393,.F.);
#7346=ORIENTED_EDGE('',*,*,#5394,.T.);
#7347=ORIENTED_EDGE('',*,*,#4680,.F.);
#7348=ORIENTED_EDGE('',*,*,#5392,.F.);
#7349=ORIENTED_EDGE('',*,*,#5395,.F.);
#7350=ORIENTED_EDGE('',*,*,#5396,.T.);
#7351=ORIENTED_EDGE('',*,*,#4681,.F.);
#7352=ORIENTED_EDGE('',*,*,#5394,.F.);
#7353=ORIENTED_EDGE('',*,*,#5397,.F.);
#7354=ORIENTED_EDGE('',*,*,#5398,.T.);
#7355=ORIENTED_EDGE('',*,*,#4682,.F.);
#7356=ORIENTED_EDGE('',*,*,#5396,.F.);
#7357=ORIENTED_EDGE('',*,*,#5399,.F.);
#7358=ORIENTED_EDGE('',*,*,#5386,.T.);
#7359=ORIENTED_EDGE('',*,*,#4683,.F.);
#7360=ORIENTED_EDGE('',*,*,#5398,.F.);
#7361=ORIENTED_EDGE('',*,*,#5400,.F.);
#7362=ORIENTED_EDGE('',*,*,#5401,.T.);
#7363=ORIENTED_EDGE('',*,*,#4684,.F.);
#7364=ORIENTED_EDGE('',*,*,#5402,.F.);
#7365=ORIENTED_EDGE('',*,*,#5403,.F.);
#7366=ORIENTED_EDGE('',*,*,#5404,.T.);
#7367=ORIENTED_EDGE('',*,*,#4685,.F.);
#7368=ORIENTED_EDGE('',*,*,#5401,.F.);
#7369=ORIENTED_EDGE('',*,*,#5405,.F.);
#7370=ORIENTED_EDGE('',*,*,#5406,.T.);
#7371=ORIENTED_EDGE('',*,*,#4686,.F.);
#7372=ORIENTED_EDGE('',*,*,#5404,.F.);
#7373=ORIENTED_EDGE('',*,*,#5407,.F.);
#7374=ORIENTED_EDGE('',*,*,#5408,.T.);
#7375=ORIENTED_EDGE('',*,*,#4687,.F.);
#7376=ORIENTED_EDGE('',*,*,#5406,.F.);
#7377=ORIENTED_EDGE('',*,*,#5409,.F.);
#7378=ORIENTED_EDGE('',*,*,#5410,.T.);
#7379=ORIENTED_EDGE('',*,*,#4688,.F.);
#7380=ORIENTED_EDGE('',*,*,#5408,.F.);
#7381=ORIENTED_EDGE('',*,*,#5411,.F.);
#7382=ORIENTED_EDGE('',*,*,#5412,.T.);
#7383=ORIENTED_EDGE('',*,*,#4689,.F.);
#7384=ORIENTED_EDGE('',*,*,#5410,.F.);
#7385=ORIENTED_EDGE('',*,*,#5413,.F.);
#7386=ORIENTED_EDGE('',*,*,#5414,.T.);
#7387=ORIENTED_EDGE('',*,*,#4690,.F.);
#7388=ORIENTED_EDGE('',*,*,#5412,.F.);
#7389=ORIENTED_EDGE('',*,*,#5415,.F.);
#7390=ORIENTED_EDGE('',*,*,#5402,.T.);
#7391=ORIENTED_EDGE('',*,*,#4691,.F.);
#7392=ORIENTED_EDGE('',*,*,#5414,.F.);
#7393=ORIENTED_EDGE('',*,*,#5416,.F.);
#7394=ORIENTED_EDGE('',*,*,#5417,.T.);
#7395=ORIENTED_EDGE('',*,*,#4692,.F.);
#7396=ORIENTED_EDGE('',*,*,#5418,.F.);
#7397=ORIENTED_EDGE('',*,*,#5419,.F.);
#7398=ORIENTED_EDGE('',*,*,#5420,.T.);
#7399=ORIENTED_EDGE('',*,*,#4693,.F.);
#7400=ORIENTED_EDGE('',*,*,#5417,.F.);
#7401=ORIENTED_EDGE('',*,*,#5421,.F.);
#7402=ORIENTED_EDGE('',*,*,#5422,.T.);
#7403=ORIENTED_EDGE('',*,*,#4694,.F.);
#7404=ORIENTED_EDGE('',*,*,#5420,.F.);
#7405=ORIENTED_EDGE('',*,*,#5423,.F.);
#7406=ORIENTED_EDGE('',*,*,#5424,.T.);
#7407=ORIENTED_EDGE('',*,*,#4695,.F.);
#7408=ORIENTED_EDGE('',*,*,#5422,.F.);
#7409=ORIENTED_EDGE('',*,*,#5425,.F.);
#7410=ORIENTED_EDGE('',*,*,#5426,.T.);
#7411=ORIENTED_EDGE('',*,*,#4696,.F.);
#7412=ORIENTED_EDGE('',*,*,#5424,.F.);
#7413=ORIENTED_EDGE('',*,*,#5427,.F.);
#7414=ORIENTED_EDGE('',*,*,#5428,.T.);
#7415=ORIENTED_EDGE('',*,*,#4697,.F.);
#7416=ORIENTED_EDGE('',*,*,#5426,.F.);
#7417=ORIENTED_EDGE('',*,*,#5429,.F.);
#7418=ORIENTED_EDGE('',*,*,#5430,.T.);
#7419=ORIENTED_EDGE('',*,*,#4698,.F.);
#7420=ORIENTED_EDGE('',*,*,#5428,.F.);
#7421=ORIENTED_EDGE('',*,*,#5431,.F.);
#7422=ORIENTED_EDGE('',*,*,#5418,.T.);
#7423=ORIENTED_EDGE('',*,*,#4699,.F.);
#7424=ORIENTED_EDGE('',*,*,#5430,.F.);
#7425=ORIENTED_EDGE('',*,*,#5432,.F.);
#7426=ORIENTED_EDGE('',*,*,#5433,.T.);
#7427=ORIENTED_EDGE('',*,*,#4700,.F.);
#7428=ORIENTED_EDGE('',*,*,#5434,.F.);
#7429=ORIENTED_EDGE('',*,*,#5435,.F.);
#7430=ORIENTED_EDGE('',*,*,#5436,.T.);
#7431=ORIENTED_EDGE('',*,*,#4701,.F.);
#7432=ORIENTED_EDGE('',*,*,#5433,.F.);
#7433=ORIENTED_EDGE('',*,*,#5437,.F.);
#7434=ORIENTED_EDGE('',*,*,#5438,.T.);
#7435=ORIENTED_EDGE('',*,*,#4702,.F.);
#7436=ORIENTED_EDGE('',*,*,#5436,.F.);
#7437=ORIENTED_EDGE('',*,*,#5439,.F.);
#7438=ORIENTED_EDGE('',*,*,#5440,.T.);
#7439=ORIENTED_EDGE('',*,*,#4703,.F.);
#7440=ORIENTED_EDGE('',*,*,#5438,.F.);
#7441=ORIENTED_EDGE('',*,*,#5441,.F.);
#7442=ORIENTED_EDGE('',*,*,#5442,.T.);
#7443=ORIENTED_EDGE('',*,*,#4704,.F.);
#7444=ORIENTED_EDGE('',*,*,#5440,.F.);
#7445=ORIENTED_EDGE('',*,*,#5443,.F.);
#7446=ORIENTED_EDGE('',*,*,#5444,.T.);
#7447=ORIENTED_EDGE('',*,*,#4705,.F.);
#7448=ORIENTED_EDGE('',*,*,#5442,.F.);
#7449=ORIENTED_EDGE('',*,*,#5445,.F.);
#7450=ORIENTED_EDGE('',*,*,#5446,.T.);
#7451=ORIENTED_EDGE('',*,*,#4706,.F.);
#7452=ORIENTED_EDGE('',*,*,#5444,.F.);
#7453=ORIENTED_EDGE('',*,*,#5447,.F.);
#7454=ORIENTED_EDGE('',*,*,#5434,.T.);
#7455=ORIENTED_EDGE('',*,*,#4707,.F.);
#7456=ORIENTED_EDGE('',*,*,#5446,.F.);
#7457=ORIENTED_EDGE('',*,*,#5448,.F.);
#7458=ORIENTED_EDGE('',*,*,#5449,.T.);
#7459=ORIENTED_EDGE('',*,*,#4708,.F.);
#7460=ORIENTED_EDGE('',*,*,#5450,.F.);
#7461=ORIENTED_EDGE('',*,*,#5451,.F.);
#7462=ORIENTED_EDGE('',*,*,#5452,.T.);
#7463=ORIENTED_EDGE('',*,*,#4709,.F.);
#7464=ORIENTED_EDGE('',*,*,#5449,.F.);
#7465=ORIENTED_EDGE('',*,*,#5453,.F.);
#7466=ORIENTED_EDGE('',*,*,#5454,.T.);
#7467=ORIENTED_EDGE('',*,*,#4710,.F.);
#7468=ORIENTED_EDGE('',*,*,#5452,.F.);
#7469=ORIENTED_EDGE('',*,*,#5455,.F.);
#7470=ORIENTED_EDGE('',*,*,#5456,.T.);
#7471=ORIENTED_EDGE('',*,*,#4711,.F.);
#7472=ORIENTED_EDGE('',*,*,#5454,.F.);
#7473=ORIENTED_EDGE('',*,*,#5457,.F.);
#7474=ORIENTED_EDGE('',*,*,#5458,.T.);
#7475=ORIENTED_EDGE('',*,*,#4712,.F.);
#7476=ORIENTED_EDGE('',*,*,#5456,.F.);
#7477=ORIENTED_EDGE('',*,*,#5459,.F.);
#7478=ORIENTED_EDGE('',*,*,#5460,.T.);
#7479=ORIENTED_EDGE('',*,*,#4713,.F.);
#7480=ORIENTED_EDGE('',*,*,#5458,.F.);
#7481=ORIENTED_EDGE('',*,*,#5461,.F.);
#7482=ORIENTED_EDGE('',*,*,#5462,.T.);
#7483=ORIENTED_EDGE('',*,*,#4714,.F.);
#7484=ORIENTED_EDGE('',*,*,#5460,.F.);
#7485=ORIENTED_EDGE('',*,*,#5463,.F.);
#7486=ORIENTED_EDGE('',*,*,#5450,.T.);
#7487=ORIENTED_EDGE('',*,*,#4715,.F.);
#7488=ORIENTED_EDGE('',*,*,#5462,.F.);
#7489=ORIENTED_EDGE('',*,*,#5464,.F.);
#7490=ORIENTED_EDGE('',*,*,#4419,.T.);
#7491=ORIENTED_EDGE('',*,*,#5465,.F.);
#7492=ORIENTED_EDGE('',*,*,#5466,.F.);
#7493=ORIENTED_EDGE('',*,*,#5467,.F.);
#7494=ORIENTED_EDGE('',*,*,#5468,.T.);
#7495=ORIENTED_EDGE('',*,*,#5465,.T.);
#7496=ORIENTED_EDGE('',*,*,#4418,.T.);
#7497=ORIENTED_EDGE('',*,*,#5469,.T.);
#7498=ORIENTED_EDGE('',*,*,#5470,.T.);
#7499=ORIENTED_EDGE('',*,*,#5471,.T.);
#7500=ORIENTED_EDGE('',*,*,#5472,.T.);
#7501=ORIENTED_EDGE('',*,*,#5473,.T.);
#7502=ORIENTED_EDGE('',*,*,#5474,.T.);
#7503=ORIENTED_EDGE('',*,*,#5475,.T.);
#7504=ORIENTED_EDGE('',*,*,#5476,.T.);
#7505=ORIENTED_EDGE('',*,*,#5477,.T.);
#7506=ORIENTED_EDGE('',*,*,#5478,.T.);
#7507=ORIENTED_EDGE('',*,*,#5479,.T.);
#7508=ORIENTED_EDGE('',*,*,#5480,.T.);
#7509=ORIENTED_EDGE('',*,*,#5481,.T.);
#7510=ORIENTED_EDGE('',*,*,#5482,.T.);
#7511=ORIENTED_EDGE('',*,*,#5483,.T.);
#7512=ORIENTED_EDGE('',*,*,#5484,.T.);
#7513=ORIENTED_EDGE('',*,*,#5485,.T.);
#7514=ORIENTED_EDGE('',*,*,#5486,.T.);
#7515=ORIENTED_EDGE('',*,*,#5487,.T.);
#7516=ORIENTED_EDGE('',*,*,#5488,.T.);
#7517=ORIENTED_EDGE('',*,*,#5489,.T.);
#7518=ORIENTED_EDGE('',*,*,#5490,.T.);
#7519=ORIENTED_EDGE('',*,*,#5491,.T.);
#7520=ORIENTED_EDGE('',*,*,#5492,.T.);
#7521=ORIENTED_EDGE('',*,*,#5493,.T.);
#7522=ORIENTED_EDGE('',*,*,#5494,.T.);
#7523=ORIENTED_EDGE('',*,*,#5495,.T.);
#7524=ORIENTED_EDGE('',*,*,#5496,.T.);
#7525=ORIENTED_EDGE('',*,*,#5497,.T.);
#7526=ORIENTED_EDGE('',*,*,#5498,.T.);
#7527=ORIENTED_EDGE('',*,*,#5499,.T.);
#7528=ORIENTED_EDGE('',*,*,#5500,.T.);
#7529=ORIENTED_EDGE('',*,*,#5501,.T.);
#7530=ORIENTED_EDGE('',*,*,#5502,.T.);
#7531=ORIENTED_EDGE('',*,*,#5503,.T.);
#7532=ORIENTED_EDGE('',*,*,#5504,.T.);
#7533=ORIENTED_EDGE('',*,*,#5505,.T.);
#7534=ORIENTED_EDGE('',*,*,#5466,.T.);
#7535=ORIENTED_EDGE('',*,*,#5468,.F.);
#7536=ORIENTED_EDGE('',*,*,#5506,.T.);
#7537=ORIENTED_EDGE('',*,*,#5507,.T.);
#7538=ORIENTED_EDGE('',*,*,#5508,.T.);
#7539=ORIENTED_EDGE('',*,*,#5509,.T.);
#7540=ORIENTED_EDGE('',*,*,#5510,.T.);
#7541=ORIENTED_EDGE('',*,*,#5511,.T.);
#7542=ORIENTED_EDGE('',*,*,#5512,.T.);
#7543=ORIENTED_EDGE('',*,*,#5513,.T.);
#7544=ORIENTED_EDGE('',*,*,#5514,.T.);
#7545=ORIENTED_EDGE('',*,*,#5515,.T.);
#7546=ORIENTED_EDGE('',*,*,#5516,.T.);
#7547=ORIENTED_EDGE('',*,*,#5517,.T.);
#7548=ORIENTED_EDGE('',*,*,#5518,.T.);
#7549=ORIENTED_EDGE('',*,*,#5519,.T.);
#7550=ORIENTED_EDGE('',*,*,#5520,.T.);
#7551=ORIENTED_EDGE('',*,*,#5521,.T.);
#7552=ORIENTED_EDGE('',*,*,#5522,.T.);
#7553=ORIENTED_EDGE('',*,*,#5523,.T.);
#7554=ORIENTED_EDGE('',*,*,#5524,.T.);
#7555=ORIENTED_EDGE('',*,*,#5525,.T.);
#7556=ORIENTED_EDGE('',*,*,#5526,.T.);
#7557=ORIENTED_EDGE('',*,*,#5527,.T.);
#7558=ORIENTED_EDGE('',*,*,#5528,.T.);
#7559=ORIENTED_EDGE('',*,*,#5529,.T.);
#7560=ORIENTED_EDGE('',*,*,#5530,.T.);
#7561=ORIENTED_EDGE('',*,*,#5531,.T.);
#7562=ORIENTED_EDGE('',*,*,#5532,.T.);
#7563=ORIENTED_EDGE('',*,*,#5533,.T.);
#7564=ORIENTED_EDGE('',*,*,#5534,.T.);
#7565=ORIENTED_EDGE('',*,*,#5535,.T.);
#7566=ORIENTED_EDGE('',*,*,#5536,.T.);
#7567=ORIENTED_EDGE('',*,*,#5537,.T.);
#7568=ORIENTED_EDGE('',*,*,#5538,.T.);
#7569=ORIENTED_EDGE('',*,*,#5539,.T.);
#7570=ORIENTED_EDGE('',*,*,#5540,.T.);
#7571=ORIENTED_EDGE('',*,*,#5541,.T.);
#7572=ORIENTED_EDGE('',*,*,#4780,.T.);
#7573=ORIENTED_EDGE('',*,*,#4792,.T.);
#7574=ORIENTED_EDGE('',*,*,#4794,.F.);
#7575=ORIENTED_EDGE('',*,*,#4796,.T.);
#7576=ORIENTED_EDGE('',*,*,#4798,.T.);
#7577=ORIENTED_EDGE('',*,*,#4800,.T.);
#7578=ORIENTED_EDGE('',*,*,#4802,.T.);
#7579=ORIENTED_EDGE('',*,*,#4804,.F.);
#7580=ORIENTED_EDGE('',*,*,#4806,.T.);
#7581=ORIENTED_EDGE('',*,*,#4808,.T.);
#7582=ORIENTED_EDGE('',*,*,#4810,.F.);
#7583=ORIENTED_EDGE('',*,*,#4812,.T.);
#7584=ORIENTED_EDGE('',*,*,#4814,.F.);
#7585=ORIENTED_EDGE('',*,*,#4816,.T.);
#7586=ORIENTED_EDGE('',*,*,#4818,.T.);
#7587=ORIENTED_EDGE('',*,*,#4820,.T.);
#7588=ORIENTED_EDGE('',*,*,#4859,.T.);
#7589=ORIENTED_EDGE('',*,*,#5015,.T.);
#7590=ORIENTED_EDGE('',*,*,#5013,.T.);
#7591=ORIENTED_EDGE('',*,*,#5011,.T.);
#7592=ORIENTED_EDGE('',*,*,#5009,.T.);
#7593=ORIENTED_EDGE('',*,*,#4775,.F.);
#7594=ORIENTED_EDGE('',*,*,#4822,.T.);
#7595=ORIENTED_EDGE('',*,*,#4824,.F.);
#7596=ORIENTED_EDGE('',*,*,#4826,.F.);
#7597=ORIENTED_EDGE('',*,*,#4828,.F.);
#7598=ORIENTED_EDGE('',*,*,#4830,.F.);
#7599=ORIENTED_EDGE('',*,*,#4832,.F.);
#7600=ORIENTED_EDGE('',*,*,#4834,.F.);
#7601=ORIENTED_EDGE('',*,*,#4836,.F.);
#7602=ORIENTED_EDGE('',*,*,#4838,.F.);
#7603=ORIENTED_EDGE('',*,*,#4840,.F.);
#7604=ORIENTED_EDGE('',*,*,#4842,.T.);
#7605=ORIENTED_EDGE('',*,*,#4844,.F.);
#7606=ORIENTED_EDGE('',*,*,#4846,.F.);
#7607=ORIENTED_EDGE('',*,*,#4848,.F.);
#7608=ORIENTED_EDGE('',*,*,#4850,.T.);
#7609=ORIENTED_EDGE('',*,*,#4338,.T.);
#7610=ORIENTED_EDGE('',*,*,#4335,.T.);
#7611=ORIENTED_EDGE('',*,*,#4332,.T.);
#7612=ORIENTED_EDGE('',*,*,#4329,.T.);
#7613=ORIENTED_EDGE('',*,*,#4325,.T.);
#7614=ORIENTED_EDGE('',*,*,#4773,.T.);
#7615=ORIENTED_EDGE('',*,*,#4851,.F.);
#7616=ORIENTED_EDGE('',*,*,#4853,.F.);
#7617=ORIENTED_EDGE('',*,*,#4855,.F.);
#7618=ORIENTED_EDGE('',*,*,#4857,.T.);
#7619=ORIENTED_EDGE('',*,*,#4781,.T.);
#7620=ORIENTED_EDGE('',*,*,#4771,.T.);
#7621=ORIENTED_EDGE('',*,*,#5008,.T.);
#7622=ORIENTED_EDGE('',*,*,#5006,.T.);
#7623=ORIENTED_EDGE('',*,*,#5004,.T.);
#7624=ORIENTED_EDGE('',*,*,#4342,.T.);
#7625=ORIENTED_EDGE('',*,*,#4778,.T.);
#7626=ORIENTED_EDGE('',*,*,#4783,.T.);
#7627=ORIENTED_EDGE('',*,*,#4785,.T.);
#7628=ORIENTED_EDGE('',*,*,#4787,.F.);
#7629=ORIENTED_EDGE('',*,*,#4789,.T.);
#7630=ORIENTED_EDGE('',*,*,#4791,.T.);
#7631=ORIENTED_EDGE('',*,*,#4322,.T.);
#7632=ORIENTED_EDGE('',*,*,#4319,.T.);
#7633=ORIENTED_EDGE('',*,*,#4316,.T.);
#7634=ORIENTED_EDGE('',*,*,#4313,.T.);
#7635=ORIENTED_EDGE('',*,*,#4309,.T.);
#7636=ORIENTED_EDGE('',*,*,#4860,.T.);
#7637=ORIENTED_EDGE('',*,*,#4875,.T.);
#7638=ORIENTED_EDGE('',*,*,#4873,.T.);
#7639=ORIENTED_EDGE('',*,*,#4871,.T.);
#7640=ORIENTED_EDGE('',*,*,#4869,.T.);
#7641=ORIENTED_EDGE('',*,*,#4867,.T.);
#7642=ORIENTED_EDGE('',*,*,#4865,.T.);
#7643=ORIENTED_EDGE('',*,*,#4863,.T.);
#7644=ORIENTED_EDGE('',*,*,#4876,.T.);
#7645=ORIENTED_EDGE('',*,*,#4891,.T.);
#7646=ORIENTED_EDGE('',*,*,#4889,.T.);
#7647=ORIENTED_EDGE('',*,*,#4887,.T.);
#7648=ORIENTED_EDGE('',*,*,#4885,.T.);
#7649=ORIENTED_EDGE('',*,*,#4883,.T.);
#7650=ORIENTED_EDGE('',*,*,#4881,.T.);
#7651=ORIENTED_EDGE('',*,*,#4879,.T.);
#7652=ORIENTED_EDGE('',*,*,#4892,.T.);
#7653=ORIENTED_EDGE('',*,*,#4907,.T.);
#7654=ORIENTED_EDGE('',*,*,#4905,.T.);
#7655=ORIENTED_EDGE('',*,*,#4903,.T.);
#7656=ORIENTED_EDGE('',*,*,#4901,.T.);
#7657=ORIENTED_EDGE('',*,*,#4899,.T.);
#7658=ORIENTED_EDGE('',*,*,#4897,.T.);
#7659=ORIENTED_EDGE('',*,*,#4895,.T.);
#7660=ORIENTED_EDGE('',*,*,#4908,.T.);
#7661=ORIENTED_EDGE('',*,*,#4923,.T.);
#7662=ORIENTED_EDGE('',*,*,#4921,.T.);
#7663=ORIENTED_EDGE('',*,*,#4919,.T.);
#7664=ORIENTED_EDGE('',*,*,#4917,.T.);
#7665=ORIENTED_EDGE('',*,*,#4915,.T.);
#7666=ORIENTED_EDGE('',*,*,#4913,.T.);
#7667=ORIENTED_EDGE('',*,*,#4911,.T.);
#7668=ORIENTED_EDGE('',*,*,#4924,.T.);
#7669=ORIENTED_EDGE('',*,*,#4939,.T.);
#7670=ORIENTED_EDGE('',*,*,#4937,.T.);
#7671=ORIENTED_EDGE('',*,*,#4935,.T.);
#7672=ORIENTED_EDGE('',*,*,#4933,.T.);
#7673=ORIENTED_EDGE('',*,*,#4931,.T.);
#7674=ORIENTED_EDGE('',*,*,#4929,.T.);
#7675=ORIENTED_EDGE('',*,*,#4927,.T.);
#7676=ORIENTED_EDGE('',*,*,#4940,.T.);
#7677=ORIENTED_EDGE('',*,*,#4955,.T.);
#7678=ORIENTED_EDGE('',*,*,#4953,.T.);
#7679=ORIENTED_EDGE('',*,*,#4951,.T.);
#7680=ORIENTED_EDGE('',*,*,#4949,.T.);
#7681=ORIENTED_EDGE('',*,*,#4947,.T.);
#7682=ORIENTED_EDGE('',*,*,#4945,.T.);
#7683=ORIENTED_EDGE('',*,*,#4943,.T.);
#7684=ORIENTED_EDGE('',*,*,#4956,.T.);
#7685=ORIENTED_EDGE('',*,*,#4971,.T.);
#7686=ORIENTED_EDGE('',*,*,#4969,.T.);
#7687=ORIENTED_EDGE('',*,*,#4967,.T.);
#7688=ORIENTED_EDGE('',*,*,#4965,.T.);
#7689=ORIENTED_EDGE('',*,*,#4963,.T.);
#7690=ORIENTED_EDGE('',*,*,#4961,.T.);
#7691=ORIENTED_EDGE('',*,*,#4959,.T.);
#7692=ORIENTED_EDGE('',*,*,#4972,.T.);
#7693=ORIENTED_EDGE('',*,*,#4987,.T.);
#7694=ORIENTED_EDGE('',*,*,#4985,.T.);
#7695=ORIENTED_EDGE('',*,*,#4983,.T.);
#7696=ORIENTED_EDGE('',*,*,#4981,.T.);
#7697=ORIENTED_EDGE('',*,*,#4979,.T.);
#7698=ORIENTED_EDGE('',*,*,#4977,.T.);
#7699=ORIENTED_EDGE('',*,*,#4975,.T.);
#7700=ORIENTED_EDGE('',*,*,#4988,.T.);
#7701=ORIENTED_EDGE('',*,*,#5003,.T.);
#7702=ORIENTED_EDGE('',*,*,#5001,.T.);
#7703=ORIENTED_EDGE('',*,*,#4999,.T.);
#7704=ORIENTED_EDGE('',*,*,#4997,.T.);
#7705=ORIENTED_EDGE('',*,*,#4995,.T.);
#7706=ORIENTED_EDGE('',*,*,#4993,.T.);
#7707=ORIENTED_EDGE('',*,*,#4991,.T.);
#7708=ORIENTED_EDGE('',*,*,#5016,.T.);
#7709=ORIENTED_EDGE('',*,*,#5031,.T.);
#7710=ORIENTED_EDGE('',*,*,#5029,.T.);
#7711=ORIENTED_EDGE('',*,*,#5027,.T.);
#7712=ORIENTED_EDGE('',*,*,#5025,.T.);
#7713=ORIENTED_EDGE('',*,*,#5023,.T.);
#7714=ORIENTED_EDGE('',*,*,#5021,.T.);
#7715=ORIENTED_EDGE('',*,*,#5019,.T.);
#7716=ORIENTED_EDGE('',*,*,#5032,.T.);
#7717=ORIENTED_EDGE('',*,*,#5047,.T.);
#7718=ORIENTED_EDGE('',*,*,#5045,.T.);
#7719=ORIENTED_EDGE('',*,*,#5043,.T.);
#7720=ORIENTED_EDGE('',*,*,#5041,.T.);
#7721=ORIENTED_EDGE('',*,*,#5039,.T.);
#7722=ORIENTED_EDGE('',*,*,#5037,.T.);
#7723=ORIENTED_EDGE('',*,*,#5035,.T.);
#7724=ORIENTED_EDGE('',*,*,#5048,.T.);
#7725=ORIENTED_EDGE('',*,*,#5063,.T.);
#7726=ORIENTED_EDGE('',*,*,#5061,.T.);
#7727=ORIENTED_EDGE('',*,*,#5059,.T.);
#7728=ORIENTED_EDGE('',*,*,#5057,.T.);
#7729=ORIENTED_EDGE('',*,*,#5055,.T.);
#7730=ORIENTED_EDGE('',*,*,#5053,.T.);
#7731=ORIENTED_EDGE('',*,*,#5051,.T.);
#7732=ORIENTED_EDGE('',*,*,#5064,.T.);
#7733=ORIENTED_EDGE('',*,*,#5079,.T.);
#7734=ORIENTED_EDGE('',*,*,#5077,.T.);
#7735=ORIENTED_EDGE('',*,*,#5075,.T.);
#7736=ORIENTED_EDGE('',*,*,#5073,.T.);
#7737=ORIENTED_EDGE('',*,*,#5071,.T.);
#7738=ORIENTED_EDGE('',*,*,#5069,.T.);
#7739=ORIENTED_EDGE('',*,*,#5067,.T.);
#7740=ORIENTED_EDGE('',*,*,#5080,.T.);
#7741=ORIENTED_EDGE('',*,*,#5095,.T.);
#7742=ORIENTED_EDGE('',*,*,#5093,.T.);
#7743=ORIENTED_EDGE('',*,*,#5091,.T.);
#7744=ORIENTED_EDGE('',*,*,#5089,.T.);
#7745=ORIENTED_EDGE('',*,*,#5087,.T.);
#7746=ORIENTED_EDGE('',*,*,#5085,.T.);
#7747=ORIENTED_EDGE('',*,*,#5083,.T.);
#7748=ORIENTED_EDGE('',*,*,#5096,.T.);
#7749=ORIENTED_EDGE('',*,*,#5111,.T.);
#7750=ORIENTED_EDGE('',*,*,#5109,.T.);
#7751=ORIENTED_EDGE('',*,*,#5107,.T.);
#7752=ORIENTED_EDGE('',*,*,#5105,.T.);
#7753=ORIENTED_EDGE('',*,*,#5103,.T.);
#7754=ORIENTED_EDGE('',*,*,#5101,.T.);
#7755=ORIENTED_EDGE('',*,*,#5099,.T.);
#7756=ORIENTED_EDGE('',*,*,#5112,.T.);
#7757=ORIENTED_EDGE('',*,*,#5127,.T.);
#7758=ORIENTED_EDGE('',*,*,#5125,.T.);
#7759=ORIENTED_EDGE('',*,*,#5123,.T.);
#7760=ORIENTED_EDGE('',*,*,#5121,.T.);
#7761=ORIENTED_EDGE('',*,*,#5119,.T.);
#7762=ORIENTED_EDGE('',*,*,#5117,.T.);
#7763=ORIENTED_EDGE('',*,*,#5115,.T.);
#7764=ORIENTED_EDGE('',*,*,#5128,.T.);
#7765=ORIENTED_EDGE('',*,*,#5143,.T.);
#7766=ORIENTED_EDGE('',*,*,#5141,.T.);
#7767=ORIENTED_EDGE('',*,*,#5139,.T.);
#7768=ORIENTED_EDGE('',*,*,#5137,.T.);
#7769=ORIENTED_EDGE('',*,*,#5135,.T.);
#7770=ORIENTED_EDGE('',*,*,#5133,.T.);
#7771=ORIENTED_EDGE('',*,*,#5131,.T.);
#7772=ORIENTED_EDGE('',*,*,#5144,.T.);
#7773=ORIENTED_EDGE('',*,*,#5159,.T.);
#7774=ORIENTED_EDGE('',*,*,#5157,.T.);
#7775=ORIENTED_EDGE('',*,*,#5155,.T.);
#7776=ORIENTED_EDGE('',*,*,#5153,.T.);
#7777=ORIENTED_EDGE('',*,*,#5151,.T.);
#7778=ORIENTED_EDGE('',*,*,#5149,.T.);
#7779=ORIENTED_EDGE('',*,*,#5147,.T.);
#7780=ORIENTED_EDGE('',*,*,#5160,.T.);
#7781=ORIENTED_EDGE('',*,*,#5175,.T.);
#7782=ORIENTED_EDGE('',*,*,#5173,.T.);
#7783=ORIENTED_EDGE('',*,*,#5171,.T.);
#7784=ORIENTED_EDGE('',*,*,#5169,.T.);
#7785=ORIENTED_EDGE('',*,*,#5167,.T.);
#7786=ORIENTED_EDGE('',*,*,#5165,.T.);
#7787=ORIENTED_EDGE('',*,*,#5163,.T.);
#7788=ORIENTED_EDGE('',*,*,#5176,.T.);
#7789=ORIENTED_EDGE('',*,*,#5191,.T.);
#7790=ORIENTED_EDGE('',*,*,#5189,.T.);
#7791=ORIENTED_EDGE('',*,*,#5187,.T.);
#7792=ORIENTED_EDGE('',*,*,#5185,.T.);
#7793=ORIENTED_EDGE('',*,*,#5183,.T.);
#7794=ORIENTED_EDGE('',*,*,#5181,.T.);
#7795=ORIENTED_EDGE('',*,*,#5179,.T.);
#7796=ORIENTED_EDGE('',*,*,#5192,.T.);
#7797=ORIENTED_EDGE('',*,*,#5207,.T.);
#7798=ORIENTED_EDGE('',*,*,#5205,.T.);
#7799=ORIENTED_EDGE('',*,*,#5203,.T.);
#7800=ORIENTED_EDGE('',*,*,#5201,.T.);
#7801=ORIENTED_EDGE('',*,*,#5199,.T.);
#7802=ORIENTED_EDGE('',*,*,#5197,.T.);
#7803=ORIENTED_EDGE('',*,*,#5195,.T.);
#7804=ORIENTED_EDGE('',*,*,#5208,.T.);
#7805=ORIENTED_EDGE('',*,*,#5223,.T.);
#7806=ORIENTED_EDGE('',*,*,#5221,.T.);
#7807=ORIENTED_EDGE('',*,*,#5219,.T.);
#7808=ORIENTED_EDGE('',*,*,#5217,.T.);
#7809=ORIENTED_EDGE('',*,*,#5215,.T.);
#7810=ORIENTED_EDGE('',*,*,#5213,.T.);
#7811=ORIENTED_EDGE('',*,*,#5211,.T.);
#7812=ORIENTED_EDGE('',*,*,#5224,.T.);
#7813=ORIENTED_EDGE('',*,*,#5239,.T.);
#7814=ORIENTED_EDGE('',*,*,#5237,.T.);
#7815=ORIENTED_EDGE('',*,*,#5235,.T.);
#7816=ORIENTED_EDGE('',*,*,#5233,.T.);
#7817=ORIENTED_EDGE('',*,*,#5231,.T.);
#7818=ORIENTED_EDGE('',*,*,#5229,.T.);
#7819=ORIENTED_EDGE('',*,*,#5227,.T.);
#7820=ORIENTED_EDGE('',*,*,#5240,.T.);
#7821=ORIENTED_EDGE('',*,*,#5255,.T.);
#7822=ORIENTED_EDGE('',*,*,#5253,.T.);
#7823=ORIENTED_EDGE('',*,*,#5251,.T.);
#7824=ORIENTED_EDGE('',*,*,#5249,.T.);
#7825=ORIENTED_EDGE('',*,*,#5247,.T.);
#7826=ORIENTED_EDGE('',*,*,#5245,.T.);
#7827=ORIENTED_EDGE('',*,*,#5243,.T.);
#7828=ORIENTED_EDGE('',*,*,#5256,.T.);
#7829=ORIENTED_EDGE('',*,*,#5271,.T.);
#7830=ORIENTED_EDGE('',*,*,#5269,.T.);
#7831=ORIENTED_EDGE('',*,*,#5267,.T.);
#7832=ORIENTED_EDGE('',*,*,#5265,.T.);
#7833=ORIENTED_EDGE('',*,*,#5263,.T.);
#7834=ORIENTED_EDGE('',*,*,#5261,.T.);
#7835=ORIENTED_EDGE('',*,*,#5259,.T.);
#7836=ORIENTED_EDGE('',*,*,#5272,.T.);
#7837=ORIENTED_EDGE('',*,*,#5287,.T.);
#7838=ORIENTED_EDGE('',*,*,#5285,.T.);
#7839=ORIENTED_EDGE('',*,*,#5283,.T.);
#7840=ORIENTED_EDGE('',*,*,#5281,.T.);
#7841=ORIENTED_EDGE('',*,*,#5279,.T.);
#7842=ORIENTED_EDGE('',*,*,#5277,.T.);
#7843=ORIENTED_EDGE('',*,*,#5275,.T.);
#7844=ORIENTED_EDGE('',*,*,#5288,.T.);
#7845=ORIENTED_EDGE('',*,*,#5303,.T.);
#7846=ORIENTED_EDGE('',*,*,#5301,.T.);
#7847=ORIENTED_EDGE('',*,*,#5299,.T.);
#7848=ORIENTED_EDGE('',*,*,#5297,.T.);
#7849=ORIENTED_EDGE('',*,*,#5295,.T.);
#7850=ORIENTED_EDGE('',*,*,#5293,.T.);
#7851=ORIENTED_EDGE('',*,*,#5291,.T.);
#7852=ORIENTED_EDGE('',*,*,#5304,.T.);
#7853=ORIENTED_EDGE('',*,*,#5319,.T.);
#7854=ORIENTED_EDGE('',*,*,#5317,.T.);
#7855=ORIENTED_EDGE('',*,*,#5315,.T.);
#7856=ORIENTED_EDGE('',*,*,#5313,.T.);
#7857=ORIENTED_EDGE('',*,*,#5311,.T.);
#7858=ORIENTED_EDGE('',*,*,#5309,.T.);
#7859=ORIENTED_EDGE('',*,*,#5307,.T.);
#7860=ORIENTED_EDGE('',*,*,#5320,.T.);
#7861=ORIENTED_EDGE('',*,*,#5335,.T.);
#7862=ORIENTED_EDGE('',*,*,#5333,.T.);
#7863=ORIENTED_EDGE('',*,*,#5331,.T.);
#7864=ORIENTED_EDGE('',*,*,#5329,.T.);
#7865=ORIENTED_EDGE('',*,*,#5327,.T.);
#7866=ORIENTED_EDGE('',*,*,#5325,.T.);
#7867=ORIENTED_EDGE('',*,*,#5323,.T.);
#7868=ORIENTED_EDGE('',*,*,#5336,.T.);
#7869=ORIENTED_EDGE('',*,*,#5351,.T.);
#7870=ORIENTED_EDGE('',*,*,#5349,.T.);
#7871=ORIENTED_EDGE('',*,*,#5347,.T.);
#7872=ORIENTED_EDGE('',*,*,#5345,.T.);
#7873=ORIENTED_EDGE('',*,*,#5343,.T.);
#7874=ORIENTED_EDGE('',*,*,#5341,.T.);
#7875=ORIENTED_EDGE('',*,*,#5339,.T.);
#7876=ORIENTED_EDGE('',*,*,#5352,.T.);
#7877=ORIENTED_EDGE('',*,*,#5367,.T.);
#7878=ORIENTED_EDGE('',*,*,#5365,.T.);
#7879=ORIENTED_EDGE('',*,*,#5363,.T.);
#7880=ORIENTED_EDGE('',*,*,#5361,.T.);
#7881=ORIENTED_EDGE('',*,*,#5359,.T.);
#7882=ORIENTED_EDGE('',*,*,#5357,.T.);
#7883=ORIENTED_EDGE('',*,*,#5355,.T.);
#7884=ORIENTED_EDGE('',*,*,#5368,.T.);
#7885=ORIENTED_EDGE('',*,*,#5383,.T.);
#7886=ORIENTED_EDGE('',*,*,#5381,.T.);
#7887=ORIENTED_EDGE('',*,*,#5379,.T.);
#7888=ORIENTED_EDGE('',*,*,#5377,.T.);
#7889=ORIENTED_EDGE('',*,*,#5375,.T.);
#7890=ORIENTED_EDGE('',*,*,#5373,.T.);
#7891=ORIENTED_EDGE('',*,*,#5371,.T.);
#7892=ORIENTED_EDGE('',*,*,#5384,.T.);
#7893=ORIENTED_EDGE('',*,*,#5399,.T.);
#7894=ORIENTED_EDGE('',*,*,#5397,.T.);
#7895=ORIENTED_EDGE('',*,*,#5395,.T.);
#7896=ORIENTED_EDGE('',*,*,#5393,.T.);
#7897=ORIENTED_EDGE('',*,*,#5391,.T.);
#7898=ORIENTED_EDGE('',*,*,#5389,.T.);
#7899=ORIENTED_EDGE('',*,*,#5387,.T.);
#7900=ORIENTED_EDGE('',*,*,#5400,.T.);
#7901=ORIENTED_EDGE('',*,*,#5415,.T.);
#7902=ORIENTED_EDGE('',*,*,#5413,.T.);
#7903=ORIENTED_EDGE('',*,*,#5411,.T.);
#7904=ORIENTED_EDGE('',*,*,#5409,.T.);
#7905=ORIENTED_EDGE('',*,*,#5407,.T.);
#7906=ORIENTED_EDGE('',*,*,#5405,.T.);
#7907=ORIENTED_EDGE('',*,*,#5403,.T.);
#7908=ORIENTED_EDGE('',*,*,#5416,.T.);
#7909=ORIENTED_EDGE('',*,*,#5431,.T.);
#7910=ORIENTED_EDGE('',*,*,#5429,.T.);
#7911=ORIENTED_EDGE('',*,*,#5427,.T.);
#7912=ORIENTED_EDGE('',*,*,#5425,.T.);
#7913=ORIENTED_EDGE('',*,*,#5423,.T.);
#7914=ORIENTED_EDGE('',*,*,#5421,.T.);
#7915=ORIENTED_EDGE('',*,*,#5419,.T.);
#7916=ORIENTED_EDGE('',*,*,#5432,.T.);
#7917=ORIENTED_EDGE('',*,*,#5447,.T.);
#7918=ORIENTED_EDGE('',*,*,#5445,.T.);
#7919=ORIENTED_EDGE('',*,*,#5443,.T.);
#7920=ORIENTED_EDGE('',*,*,#5441,.T.);
#7921=ORIENTED_EDGE('',*,*,#5439,.T.);
#7922=ORIENTED_EDGE('',*,*,#5437,.T.);
#7923=ORIENTED_EDGE('',*,*,#5435,.T.);
#7924=ORIENTED_EDGE('',*,*,#5448,.T.);
#7925=ORIENTED_EDGE('',*,*,#5463,.T.);
#7926=ORIENTED_EDGE('',*,*,#5461,.T.);
#7927=ORIENTED_EDGE('',*,*,#5459,.T.);
#7928=ORIENTED_EDGE('',*,*,#5457,.T.);
#7929=ORIENTED_EDGE('',*,*,#5455,.T.);
#7930=ORIENTED_EDGE('',*,*,#5453,.T.);
#7931=ORIENTED_EDGE('',*,*,#5451,.T.);
#7932=ORIENTED_EDGE('',*,*,#5464,.T.);
#7933=ORIENTED_EDGE('',*,*,#5505,.F.);
#7934=ORIENTED_EDGE('',*,*,#5542,.F.);
#7935=ORIENTED_EDGE('',*,*,#4345,.F.);
#7936=ORIENTED_EDGE('',*,*,#5467,.T.);
#7937=ORIENTED_EDGE('',*,*,#4417,.F.);
#7938=ORIENTED_EDGE('',*,*,#5543,.T.);
#7939=ORIENTED_EDGE('',*,*,#5506,.F.);
#7940=ORIENTED_EDGE('',*,*,#4412,.F.);
#7941=ORIENTED_EDGE('',*,*,#5544,.T.);
#7942=ORIENTED_EDGE('',*,*,#5511,.F.);
#7943=ORIENTED_EDGE('',*,*,#5545,.F.);
#7944=ORIENTED_EDGE('',*,*,#4413,.T.);
#7945=ORIENTED_EDGE('',*,*,#5545,.T.);
#7946=ORIENTED_EDGE('',*,*,#5510,.F.);
#7947=ORIENTED_EDGE('',*,*,#5546,.F.);
#7948=ORIENTED_EDGE('',*,*,#4414,.F.);
#7949=ORIENTED_EDGE('',*,*,#5546,.T.);
#7950=ORIENTED_EDGE('',*,*,#5509,.F.);
#7951=ORIENTED_EDGE('',*,*,#5547,.F.);
#7952=ORIENTED_EDGE('',*,*,#4415,.F.);
#7953=ORIENTED_EDGE('',*,*,#5547,.T.);
#7954=ORIENTED_EDGE('',*,*,#5508,.F.);
#7955=ORIENTED_EDGE('',*,*,#5548,.F.);
#7956=ORIENTED_EDGE('',*,*,#4416,.T.);
#7957=ORIENTED_EDGE('',*,*,#5548,.T.);
#7958=ORIENTED_EDGE('',*,*,#5507,.F.);
#7959=ORIENTED_EDGE('',*,*,#5543,.F.);
#7960=ORIENTED_EDGE('',*,*,#4346,.T.);
#7961=ORIENTED_EDGE('',*,*,#5542,.T.);
#7962=ORIENTED_EDGE('',*,*,#5504,.F.);
#7963=ORIENTED_EDGE('',*,*,#5549,.F.);
#7964=ORIENTED_EDGE('',*,*,#4347,.F.);
#7965=ORIENTED_EDGE('',*,*,#5549,.T.);
#7966=ORIENTED_EDGE('',*,*,#5503,.F.);
#7967=ORIENTED_EDGE('',*,*,#5550,.F.);
#7968=ORIENTED_EDGE('',*,*,#4348,.F.);
#7969=ORIENTED_EDGE('',*,*,#5550,.T.);
#7970=ORIENTED_EDGE('',*,*,#5502,.F.);
#7971=ORIENTED_EDGE('',*,*,#5551,.F.);
#7972=ORIENTED_EDGE('',*,*,#4349,.F.);
#7973=ORIENTED_EDGE('',*,*,#5551,.T.);
#7974=ORIENTED_EDGE('',*,*,#5501,.F.);
#7975=ORIENTED_EDGE('',*,*,#5552,.F.);
#7976=ORIENTED_EDGE('',*,*,#4350,.F.);
#7977=ORIENTED_EDGE('',*,*,#5552,.T.);
#7978=ORIENTED_EDGE('',*,*,#5500,.F.);
#7979=ORIENTED_EDGE('',*,*,#5553,.F.);
#7980=ORIENTED_EDGE('',*,*,#4351,.F.);
#7981=ORIENTED_EDGE('',*,*,#5553,.T.);
#7982=ORIENTED_EDGE('',*,*,#5499,.F.);
#7983=ORIENTED_EDGE('',*,*,#5554,.F.);
#7984=ORIENTED_EDGE('',*,*,#4352,.T.);
#7985=ORIENTED_EDGE('',*,*,#5554,.T.);
#7986=ORIENTED_EDGE('',*,*,#5498,.F.);
#7987=ORIENTED_EDGE('',*,*,#5555,.F.);
#7988=ORIENTED_EDGE('',*,*,#4353,.F.);
#7989=ORIENTED_EDGE('',*,*,#5555,.T.);
#7990=ORIENTED_EDGE('',*,*,#5497,.F.);
#7991=ORIENTED_EDGE('',*,*,#5556,.F.);
#7992=ORIENTED_EDGE('',*,*,#4354,.T.);
#7993=ORIENTED_EDGE('',*,*,#5556,.T.);
#7994=ORIENTED_EDGE('',*,*,#5496,.F.);
#7995=ORIENTED_EDGE('',*,*,#5557,.F.);
#7996=ORIENTED_EDGE('',*,*,#4355,.F.);
#7997=ORIENTED_EDGE('',*,*,#5557,.T.);
#7998=ORIENTED_EDGE('',*,*,#5495,.F.);
#7999=ORIENTED_EDGE('',*,*,#5558,.F.);
#8000=ORIENTED_EDGE('',*,*,#4356,.T.);
#8001=ORIENTED_EDGE('',*,*,#5558,.T.);
#8002=ORIENTED_EDGE('',*,*,#5494,.F.);
#8003=ORIENTED_EDGE('',*,*,#5559,.F.);
#8004=ORIENTED_EDGE('',*,*,#4357,.F.);
#8005=ORIENTED_EDGE('',*,*,#5559,.T.);
#8006=ORIENTED_EDGE('',*,*,#5493,.F.);
#8007=ORIENTED_EDGE('',*,*,#5560,.F.);
#8008=ORIENTED_EDGE('',*,*,#4358,.T.);
#8009=ORIENTED_EDGE('',*,*,#5560,.T.);
#8010=ORIENTED_EDGE('',*,*,#5492,.F.);
#8011=ORIENTED_EDGE('',*,*,#5561,.F.);
#8012=ORIENTED_EDGE('',*,*,#4359,.F.);
#8013=ORIENTED_EDGE('',*,*,#5561,.T.);
#8014=ORIENTED_EDGE('',*,*,#5491,.F.);
#8015=ORIENTED_EDGE('',*,*,#5562,.F.);
#8016=ORIENTED_EDGE('',*,*,#4360,.F.);
#8017=ORIENTED_EDGE('',*,*,#5562,.T.);
#8018=ORIENTED_EDGE('',*,*,#5490,.F.);
#8019=ORIENTED_EDGE('',*,*,#5563,.F.);
#8020=ORIENTED_EDGE('',*,*,#4361,.F.);
#8021=ORIENTED_EDGE('',*,*,#5563,.T.);
#8022=ORIENTED_EDGE('',*,*,#5489,.F.);
#8023=ORIENTED_EDGE('',*,*,#5564,.F.);
#8024=ORIENTED_EDGE('',*,*,#4362,.F.);
#8025=ORIENTED_EDGE('',*,*,#5564,.T.);
#8026=ORIENTED_EDGE('',*,*,#5488,.F.);
#8027=ORIENTED_EDGE('',*,*,#5565,.F.);
#8028=ORIENTED_EDGE('',*,*,#4363,.F.);
#8029=ORIENTED_EDGE('',*,*,#5565,.T.);
#8030=ORIENTED_EDGE('',*,*,#5487,.F.);
#8031=ORIENTED_EDGE('',*,*,#5566,.F.);
#8032=ORIENTED_EDGE('',*,*,#4364,.F.);
#8033=ORIENTED_EDGE('',*,*,#5566,.T.);
#8034=ORIENTED_EDGE('',*,*,#5486,.F.);
#8035=ORIENTED_EDGE('',*,*,#5567,.F.);
#8036=ORIENTED_EDGE('',*,*,#4365,.F.);
#8037=ORIENTED_EDGE('',*,*,#5567,.T.);
#8038=ORIENTED_EDGE('',*,*,#5485,.F.);
#8039=ORIENTED_EDGE('',*,*,#5568,.F.);
#8040=ORIENTED_EDGE('',*,*,#4366,.F.);
#8041=ORIENTED_EDGE('',*,*,#5568,.T.);
#8042=ORIENTED_EDGE('',*,*,#5484,.F.);
#8043=ORIENTED_EDGE('',*,*,#5569,.F.);
#8044=ORIENTED_EDGE('',*,*,#4367,.F.);
#8045=ORIENTED_EDGE('',*,*,#5569,.T.);
#8046=ORIENTED_EDGE('',*,*,#5483,.F.);
#8047=ORIENTED_EDGE('',*,*,#5570,.F.);
#8048=ORIENTED_EDGE('',*,*,#4368,.T.);
#8049=ORIENTED_EDGE('',*,*,#5570,.T.);
#8050=ORIENTED_EDGE('',*,*,#5482,.F.);
#8051=ORIENTED_EDGE('',*,*,#5571,.F.);
#8052=ORIENTED_EDGE('',*,*,#4369,.F.);
#8053=ORIENTED_EDGE('',*,*,#5571,.T.);
#8054=ORIENTED_EDGE('',*,*,#5481,.F.);
#8055=ORIENTED_EDGE('',*,*,#5572,.F.);
#8056=ORIENTED_EDGE('',*,*,#4370,.T.);
#8057=ORIENTED_EDGE('',*,*,#5572,.T.);
#8058=ORIENTED_EDGE('',*,*,#5480,.F.);
#8059=ORIENTED_EDGE('',*,*,#5573,.F.);
#8060=ORIENTED_EDGE('',*,*,#4371,.F.);
#8061=ORIENTED_EDGE('',*,*,#5573,.T.);
#8062=ORIENTED_EDGE('',*,*,#5479,.F.);
#8063=ORIENTED_EDGE('',*,*,#5574,.F.);
#8064=ORIENTED_EDGE('',*,*,#4372,.T.);
#8065=ORIENTED_EDGE('',*,*,#5574,.T.);
#8066=ORIENTED_EDGE('',*,*,#5478,.F.);
#8067=ORIENTED_EDGE('',*,*,#5575,.F.);
#8068=ORIENTED_EDGE('',*,*,#4373,.F.);
#8069=ORIENTED_EDGE('',*,*,#5575,.T.);
#8070=ORIENTED_EDGE('',*,*,#5477,.F.);
#8071=ORIENTED_EDGE('',*,*,#5576,.F.);
#8072=ORIENTED_EDGE('',*,*,#4374,.T.);
#8073=ORIENTED_EDGE('',*,*,#5576,.T.);
#8074=ORIENTED_EDGE('',*,*,#5476,.F.);
#8075=ORIENTED_EDGE('',*,*,#5577,.F.);
#8076=ORIENTED_EDGE('',*,*,#4375,.F.);
#8077=ORIENTED_EDGE('',*,*,#5577,.T.);
#8078=ORIENTED_EDGE('',*,*,#5475,.F.);
#8079=ORIENTED_EDGE('',*,*,#5578,.F.);
#8080=ORIENTED_EDGE('',*,*,#4376,.F.);
#8081=ORIENTED_EDGE('',*,*,#5578,.T.);
#8082=ORIENTED_EDGE('',*,*,#5474,.F.);
#8083=ORIENTED_EDGE('',*,*,#5579,.F.);
#8084=ORIENTED_EDGE('',*,*,#4377,.F.);
#8085=ORIENTED_EDGE('',*,*,#5579,.T.);
#8086=ORIENTED_EDGE('',*,*,#5473,.F.);
#8087=ORIENTED_EDGE('',*,*,#5580,.F.);
#8088=ORIENTED_EDGE('',*,*,#4378,.F.);
#8089=ORIENTED_EDGE('',*,*,#5580,.T.);
#8090=ORIENTED_EDGE('',*,*,#5472,.F.);
#8091=ORIENTED_EDGE('',*,*,#5581,.F.);
#8092=ORIENTED_EDGE('',*,*,#4379,.F.);
#8093=ORIENTED_EDGE('',*,*,#5581,.T.);
#8094=ORIENTED_EDGE('',*,*,#5471,.F.);
#8095=ORIENTED_EDGE('',*,*,#5582,.F.);
#8096=ORIENTED_EDGE('',*,*,#4380,.T.);
#8097=ORIENTED_EDGE('',*,*,#5582,.T.);
#8098=ORIENTED_EDGE('',*,*,#5470,.F.);
#8099=ORIENTED_EDGE('',*,*,#5583,.F.);
#8100=ORIENTED_EDGE('',*,*,#5469,.F.);
#8101=ORIENTED_EDGE('',*,*,#5584,.F.);
#8102=ORIENTED_EDGE('',*,*,#4381,.F.);
#8103=ORIENTED_EDGE('',*,*,#5583,.T.);
#8104=ORIENTED_EDGE('',*,*,#4382,.T.);
#8105=ORIENTED_EDGE('',*,*,#5584,.T.);
#8106=ORIENTED_EDGE('',*,*,#5541,.F.);
#8107=ORIENTED_EDGE('',*,*,#5585,.F.);
#8108=ORIENTED_EDGE('',*,*,#4383,.F.);
#8109=ORIENTED_EDGE('',*,*,#5585,.T.);
#8110=ORIENTED_EDGE('',*,*,#5540,.F.);
#8111=ORIENTED_EDGE('',*,*,#5586,.F.);
#8112=ORIENTED_EDGE('',*,*,#4384,.F.);
#8113=ORIENTED_EDGE('',*,*,#5586,.T.);
#8114=ORIENTED_EDGE('',*,*,#5539,.F.);
#8115=ORIENTED_EDGE('',*,*,#5587,.F.);
#8116=ORIENTED_EDGE('',*,*,#4385,.T.);
#8117=ORIENTED_EDGE('',*,*,#5587,.T.);
#8118=ORIENTED_EDGE('',*,*,#5538,.F.);
#8119=ORIENTED_EDGE('',*,*,#5588,.F.);
#8120=ORIENTED_EDGE('',*,*,#4386,.F.);
#8121=ORIENTED_EDGE('',*,*,#5588,.T.);
#8122=ORIENTED_EDGE('',*,*,#5537,.F.);
#8123=ORIENTED_EDGE('',*,*,#5589,.F.);
#8124=ORIENTED_EDGE('',*,*,#4387,.F.);
#8125=ORIENTED_EDGE('',*,*,#5589,.T.);
#8126=ORIENTED_EDGE('',*,*,#5536,.F.);
#8127=ORIENTED_EDGE('',*,*,#5590,.F.);
#8128=ORIENTED_EDGE('',*,*,#4388,.T.);
#8129=ORIENTED_EDGE('',*,*,#5590,.T.);
#8130=ORIENTED_EDGE('',*,*,#5535,.F.);
#8131=ORIENTED_EDGE('',*,*,#5591,.F.);
#8132=ORIENTED_EDGE('',*,*,#4389,.F.);
#8133=ORIENTED_EDGE('',*,*,#5591,.T.);
#8134=ORIENTED_EDGE('',*,*,#5534,.F.);
#8135=ORIENTED_EDGE('',*,*,#5592,.F.);
#8136=ORIENTED_EDGE('',*,*,#4390,.T.);
#8137=ORIENTED_EDGE('',*,*,#5592,.T.);
#8138=ORIENTED_EDGE('',*,*,#5533,.F.);
#8139=ORIENTED_EDGE('',*,*,#5593,.F.);
#8140=ORIENTED_EDGE('',*,*,#4391,.F.);
#8141=ORIENTED_EDGE('',*,*,#5593,.T.);
#8142=ORIENTED_EDGE('',*,*,#5532,.F.);
#8143=ORIENTED_EDGE('',*,*,#5594,.F.);
#8144=ORIENTED_EDGE('',*,*,#4392,.T.);
#8145=ORIENTED_EDGE('',*,*,#5594,.T.);
#8146=ORIENTED_EDGE('',*,*,#5531,.F.);
#8147=ORIENTED_EDGE('',*,*,#5595,.F.);
#8148=ORIENTED_EDGE('',*,*,#4393,.F.);
#8149=ORIENTED_EDGE('',*,*,#5595,.T.);
#8150=ORIENTED_EDGE('',*,*,#5530,.F.);
#8151=ORIENTED_EDGE('',*,*,#5596,.F.);
#8152=ORIENTED_EDGE('',*,*,#4394,.T.);
#8153=ORIENTED_EDGE('',*,*,#5596,.T.);
#8154=ORIENTED_EDGE('',*,*,#5529,.F.);
#8155=ORIENTED_EDGE('',*,*,#5597,.F.);
#8156=ORIENTED_EDGE('',*,*,#4395,.F.);
#8157=ORIENTED_EDGE('',*,*,#5597,.T.);
#8158=ORIENTED_EDGE('',*,*,#5528,.F.);
#8159=ORIENTED_EDGE('',*,*,#5598,.F.);
#8160=ORIENTED_EDGE('',*,*,#4396,.F.);
#8161=ORIENTED_EDGE('',*,*,#5598,.T.);
#8162=ORIENTED_EDGE('',*,*,#5527,.F.);
#8163=ORIENTED_EDGE('',*,*,#5599,.F.);
#8164=ORIENTED_EDGE('',*,*,#4397,.T.);
#8165=ORIENTED_EDGE('',*,*,#5599,.T.);
#8166=ORIENTED_EDGE('',*,*,#5526,.F.);
#8167=ORIENTED_EDGE('',*,*,#5600,.F.);
#8168=ORIENTED_EDGE('',*,*,#4398,.F.);
#8169=ORIENTED_EDGE('',*,*,#5600,.T.);
#8170=ORIENTED_EDGE('',*,*,#5525,.F.);
#8171=ORIENTED_EDGE('',*,*,#5601,.F.);
#8172=ORIENTED_EDGE('',*,*,#4399,.F.);
#8173=ORIENTED_EDGE('',*,*,#5601,.T.);
#8174=ORIENTED_EDGE('',*,*,#5524,.F.);
#8175=ORIENTED_EDGE('',*,*,#5602,.F.);
#8176=ORIENTED_EDGE('',*,*,#4400,.F.);
#8177=ORIENTED_EDGE('',*,*,#5602,.T.);
#8178=ORIENTED_EDGE('',*,*,#5523,.F.);
#8179=ORIENTED_EDGE('',*,*,#5603,.F.);
#8180=ORIENTED_EDGE('',*,*,#4401,.T.);
#8181=ORIENTED_EDGE('',*,*,#5603,.T.);
#8182=ORIENTED_EDGE('',*,*,#5522,.F.);
#8183=ORIENTED_EDGE('',*,*,#5604,.F.);
#8184=ORIENTED_EDGE('',*,*,#4402,.F.);
#8185=ORIENTED_EDGE('',*,*,#5604,.T.);
#8186=ORIENTED_EDGE('',*,*,#5521,.F.);
#8187=ORIENTED_EDGE('',*,*,#5605,.F.);
#8188=ORIENTED_EDGE('',*,*,#4403,.F.);
#8189=ORIENTED_EDGE('',*,*,#5605,.T.);
#8190=ORIENTED_EDGE('',*,*,#5520,.F.);
#8191=ORIENTED_EDGE('',*,*,#5606,.F.);
#8192=ORIENTED_EDGE('',*,*,#4404,.T.);
#8193=ORIENTED_EDGE('',*,*,#5606,.T.);
#8194=ORIENTED_EDGE('',*,*,#5519,.F.);
#8195=ORIENTED_EDGE('',*,*,#5607,.F.);
#8196=ORIENTED_EDGE('',*,*,#4405,.F.);
#8197=ORIENTED_EDGE('',*,*,#5607,.T.);
#8198=ORIENTED_EDGE('',*,*,#5518,.F.);
#8199=ORIENTED_EDGE('',*,*,#5608,.F.);
#8200=ORIENTED_EDGE('',*,*,#4406,.T.);
#8201=ORIENTED_EDGE('',*,*,#5608,.T.);
#8202=ORIENTED_EDGE('',*,*,#5517,.F.);
#8203=ORIENTED_EDGE('',*,*,#5609,.F.);
#8204=ORIENTED_EDGE('',*,*,#4407,.T.);
#8205=ORIENTED_EDGE('',*,*,#5609,.T.);
#8206=ORIENTED_EDGE('',*,*,#5516,.F.);
#8207=ORIENTED_EDGE('',*,*,#5610,.F.);
#8208=ORIENTED_EDGE('',*,*,#4408,.T.);
#8209=ORIENTED_EDGE('',*,*,#5610,.T.);
#8210=ORIENTED_EDGE('',*,*,#5515,.F.);
#8211=ORIENTED_EDGE('',*,*,#5611,.F.);
#8212=ORIENTED_EDGE('',*,*,#4409,.T.);
#8213=ORIENTED_EDGE('',*,*,#5611,.T.);
#8214=ORIENTED_EDGE('',*,*,#5514,.F.);
#8215=ORIENTED_EDGE('',*,*,#5612,.F.);
#8216=ORIENTED_EDGE('',*,*,#4410,.T.);
#8217=ORIENTED_EDGE('',*,*,#5612,.T.);
#8218=ORIENTED_EDGE('',*,*,#5513,.F.);
#8219=ORIENTED_EDGE('',*,*,#5613,.F.);
#8220=ORIENTED_EDGE('',*,*,#4411,.T.);
#8221=ORIENTED_EDGE('',*,*,#5613,.T.);
#8222=ORIENTED_EDGE('',*,*,#5512,.F.);
#8223=ORIENTED_EDGE('',*,*,#5544,.F.);
#8224=PLANE('',#8900);
#8225=PLANE('',#8904);
#8226=PLANE('',#8908);
#8227=PLANE('',#8909);
#8228=PLANE('',#8913);
#8229=PLANE('',#8917);
#8230=PLANE('',#8918);
#8231=PLANE('',#8919);
#8232=PLANE('',#9128);
#8233=PLANE('',#9131);
#8234=PLANE('',#9132);
#8235=PLANE('',#9135);
#8236=PLANE('',#9138);
#8237=PLANE('',#9141);
#8238=PLANE('',#9144);
#8239=PLANE('',#9147);
#8240=PLANE('',#9150);
#8241=PLANE('',#9151);
#8242=PLANE('',#9154);
#8243=PLANE('',#9155);
#8244=PLANE('',#9158);
#8245=PLANE('',#9161);
#8246=PLANE('',#9164);
#8247=PLANE('',#9167);
#8248=PLANE('',#9170);
#8249=PLANE('',#9173);
#8250=PLANE('',#9174);
#8251=PLANE('',#9177);
#8252=PLANE('',#9178);
#8253=PLANE('',#9181);
#8254=PLANE('',#9184);
#8255=PLANE('',#9187);
#8256=PLANE('',#9190);
#8257=PLANE('',#9193);
#8258=PLANE('',#9194);
#8259=PLANE('',#9197);
#8260=PLANE('',#9200);
#8261=PLANE('',#9203);
#8262=PLANE('',#9206);
#8263=PLANE('',#9209);
#8264=PLANE('',#9212);
#8265=PLANE('',#9215);
#8266=PLANE('',#9218);
#8267=PLANE('',#9221);
#8268=PLANE('',#9224);
#8269=PLANE('',#9227);
#8270=PLANE('',#9230);
#8271=PLANE('',#9233);
#8272=PLANE('',#9236);
#8273=PLANE('',#9239);
#8274=PLANE('',#9242);
#8275=PLANE('',#9245);
#8276=PLANE('',#9248);
#8277=PLANE('',#9251);
#8278=PLANE('',#9254);
#8279=PLANE('',#9257);
#8280=PLANE('',#9260);
#8281=PLANE('',#9263);
#8282=PLANE('',#9266);
#8283=PLANE('',#9269);
#8284=PLANE('',#9272);
#8285=PLANE('',#9275);
#8286=PLANE('',#9278);
#8287=PLANE('',#9281);
#8288=PLANE('',#9284);
#8289=PLANE('',#9287);
#8290=PLANE('',#9290);
#8291=PLANE('',#9293);
#8292=PLANE('',#9296);
#8293=PLANE('',#9299);
#8294=PLANE('',#9304);
#8295=PLANE('',#9307);
#8296=PLANE('',#9310);
#8297=PLANE('',#9313);
#8298=PLANE('',#9316);
#8299=PLANE('',#9319);
#8300=PLANE('',#9322);
#8301=PLANE('',#9325);
#8302=PLANE('',#9328);
#8303=PLANE('',#9331);
#8304=PLANE('',#9334);
#8305=PLANE('',#9337);
#8306=PLANE('',#9340);
#8307=PLANE('',#9343);
#8308=PLANE('',#9346);
#8309=PLANE('',#9349);
#8310=PLANE('',#9352);
#8311=PLANE('',#9355);
#8312=PLANE('',#9358);
#8313=PLANE('',#9361);
#8314=PLANE('',#9364);
#8315=PLANE('',#9367);
#8316=PLANE('',#9370);
#8317=PLANE('',#9373);
#8318=PLANE('',#9376);
#8319=PLANE('',#9379);
#8320=PLANE('',#9382);
#8321=PLANE('',#9385);
#8322=PLANE('',#9388);
#8323=PLANE('',#9391);
#8324=PLANE('',#9394);
#8325=PLANE('',#9397);
#8326=PLANE('',#9400);
#8327=PLANE('',#9403);
#8328=PLANE('',#9406);
#8329=PLANE('',#9409);
#8330=PLANE('',#9412);
#8331=PLANE('',#9415);
#8332=PLANE('',#9418);
#8333=PLANE('',#9421);
#8334=PLANE('',#9424);
#8335=PLANE('',#9427);
#8336=PLANE('',#9430);
#8337=PLANE('',#9433);
#8338=PLANE('',#9436);
#8339=PLANE('',#9439);
#8340=PLANE('',#9442);
#8341=PLANE('',#9445);
#8342=PLANE('',#9448);
#8343=PLANE('',#9451);
#8344=PLANE('',#9454);
#8345=PLANE('',#9457);
#8346=PLANE('',#9460);
#8347=PLANE('',#9463);
#8348=PLANE('',#9466);
#8349=PLANE('',#9469);
#8350=PLANE('',#9472);
#8351=PLANE('',#9475);
#8352=PLANE('',#9478);
#8353=PLANE('',#9481);
#8354=PLANE('',#9484);
#8355=PLANE('',#9487);
#8356=PLANE('',#9490);
#8357=PLANE('',#9493);
#8358=PLANE('',#9496);
#8359=PLANE('',#9499);
#8360=PLANE('',#9502);
#8361=PLANE('',#9505);
#8362=PLANE('',#9508);
#8363=PLANE('',#9511);
#8364=PLANE('',#9514);
#8365=PLANE('',#9517);
#8366=PLANE('',#9520);
#8367=PLANE('',#9523);
#8368=PLANE('',#9526);
#8369=PLANE('',#9529);
#8370=PLANE('',#9532);
#8371=PLANE('',#9535);
#8372=PLANE('',#9538);
#8373=PLANE('',#9541);
#8374=PLANE('',#9544);
#8375=PLANE('',#9547);
#8376=PLANE('',#9550);
#8377=PLANE('',#9553);
#8378=PLANE('',#9556);
#8379=PLANE('',#9559);
#8380=PLANE('',#9562);
#8381=PLANE('',#9565);
#8382=PLANE('',#9568);
#8383=PLANE('',#9571);
#8384=PLANE('',#9574);
#8385=PLANE('',#9577);
#8386=PLANE('',#9580);
#8387=PLANE('',#9583);
#8388=PLANE('',#9586);
#8389=PLANE('',#9589);
#8390=PLANE('',#9592);
#8391=PLANE('',#9595);
#8392=PLANE('',#9598);
#8393=PLANE('',#9601);
#8394=PLANE('',#9604);
#8395=PLANE('',#9607);
#8396=PLANE('',#9610);
#8397=PLANE('',#9613);
#8398=PLANE('',#9616);
#8399=PLANE('',#9619);
#8400=PLANE('',#9622);
#8401=PLANE('',#9625);
#8402=PLANE('',#9628);
#8403=PLANE('',#9631);
#8404=PLANE('',#9634);
#8405=PLANE('',#9637);
#8406=PLANE('',#9640);
#8407=PLANE('',#9643);
#8408=PLANE('',#9646);
#8409=PLANE('',#9649);
#8410=PLANE('',#9650);
#8411=PLANE('',#9651);
#8412=PLANE('',#9688);
#8413=PLANE('',#9689);
#8414=PLANE('',#9691);
#8415=PLANE('',#9693);
#8416=PLANE('',#9696);
#8417=PLANE('',#9698);
#8418=PLANE('',#9700);
#8419=PLANE('',#9702);
#8420=PLANE('',#9704);
#8421=PLANE('',#9706);
#8422=PLANE('',#9708);
#8423=PLANE('',#9710);
#8424=PLANE('',#9712);
#8425=PLANE('',#9714);
#8426=PLANE('',#9716);
#8427=PLANE('',#9718);
#8428=PLANE('',#9720);
#8429=PLANE('',#9722);
#8430=PLANE('',#9724);
#8431=PLANE('',#9726);
#8432=PLANE('',#9728);
#8433=PLANE('',#9730);
#8434=PLANE('',#9732);
#8435=PLANE('',#9734);
#8436=PLANE('',#9736);
#8437=PLANE('',#9738);
#8438=PLANE('',#9740);
#8439=PLANE('',#9742);
#8440=PLANE('',#9744);
#8441=PLANE('',#9746);
#8442=PLANE('',#9748);
#8443=PLANE('',#9750);
#8444=PLANE('',#9752);
#8445=PLANE('',#9754);
#8446=PLANE('',#9756);
#8447=PLANE('',#9758);
#8448=PLANE('',#9760);
#8449=ADVANCED_FACE('',(#727),#8224,.F.);
#8450=ADVANCED_FACE('',(#728),#515,.F.);
#8451=ADVANCED_FACE('',(#729),#8225,.F.);
#8452=ADVANCED_FACE('',(#730),#516,.F.);
#8453=ADVANCED_FACE('',(#731),#8226,.F.);
#8454=ADVANCED_FACE('',(#732),#8227,.F.);
#8455=ADVANCED_FACE('',(#733),#517,.F.);
#8456=ADVANCED_FACE('',(#734),#8228,.F.);
#8457=ADVANCED_FACE('',(#735),#518,.F.);
#8458=ADVANCED_FACE('',(#736),#8229,.F.);
#8459=ADVANCED_FACE('',(#737),#8230,.F.);
#8460=ADVANCED_FACE('',(#738,#15,#16,#17,#18,#19,#20,#21,#22,#23,#24,#25,
#26,#27,#28,#29,#30,#31,#32,#33,#34,#35,#36,#37,#38,#39,#40,#41,#42,#43,
#44,#45,#46,#47,#48,#49,#50,#51,#52),#8231,.F.);
#8461=ADVANCED_FACE('',(#739),#8232,.F.);
#8462=ADVANCED_FACE('',(#740),#519,.T.);
#8463=ADVANCED_FACE('',(#741),#8233,.T.);
#8464=ADVANCED_FACE('',(#742),#8234,.T.);
#8465=ADVANCED_FACE('',(#743),#520,.T.);
#8466=ADVANCED_FACE('',(#744),#8235,.T.);
#8467=ADVANCED_FACE('',(#745),#521,.T.);
#8468=ADVANCED_FACE('',(#746),#8236,.T.);
#8469=ADVANCED_FACE('',(#747),#522,.F.);
#8470=ADVANCED_FACE('',(#748),#8237,.T.);
#8471=ADVANCED_FACE('',(#749),#523,.T.);
#8472=ADVANCED_FACE('',(#750),#8238,.T.);
#8473=ADVANCED_FACE('',(#751),#524,.F.);
#8474=ADVANCED_FACE('',(#752),#8239,.T.);
#8475=ADVANCED_FACE('',(#753),#525,.T.);
#8476=ADVANCED_FACE('',(#754),#8240,.T.);
#8477=ADVANCED_FACE('',(#755),#8241,.T.);
#8478=ADVANCED_FACE('',(#756),#526,.F.);
#8479=ADVANCED_FACE('',(#757),#8242,.T.);
#8480=ADVANCED_FACE('',(#758),#8243,.T.);
#8481=ADVANCED_FACE('',(#759),#527,.F.);
#8482=ADVANCED_FACE('',(#760),#8244,.T.);
#8483=ADVANCED_FACE('',(#761),#528,.F.);
#8484=ADVANCED_FACE('',(#762),#8245,.T.);
#8485=ADVANCED_FACE('',(#763),#529,.T.);
#8486=ADVANCED_FACE('',(#764),#8246,.T.);
#8487=ADVANCED_FACE('',(#765),#530,.T.);
#8488=ADVANCED_FACE('',(#766),#8247,.T.);
#8489=ADVANCED_FACE('',(#767),#531,.F.);
#8490=ADVANCED_FACE('',(#768),#8248,.T.);
#8491=ADVANCED_FACE('',(#769),#532,.F.);
#8492=ADVANCED_FACE('',(#770),#8249,.T.);
#8493=ADVANCED_FACE('',(#771),#8250,.T.);
#8494=ADVANCED_FACE('',(#772),#533,.F.);
#8495=ADVANCED_FACE('',(#773),#8251,.T.);
#8496=ADVANCED_FACE('',(#774),#8252,.T.);
#8497=ADVANCED_FACE('',(#775),#534,.T.);
#8498=ADVANCED_FACE('',(#776),#8253,.T.);
#8499=ADVANCED_FACE('',(#777),#535,.F.);
#8500=ADVANCED_FACE('',(#778),#8254,.T.);
#8501=ADVANCED_FACE('',(#779),#536,.T.);
#8502=ADVANCED_FACE('',(#780),#8255,.T.);
#8503=ADVANCED_FACE('',(#781),#537,.F.);
#8504=ADVANCED_FACE('',(#782),#8256,.T.);
#8505=ADVANCED_FACE('',(#783),#538,.T.);
#8506=ADVANCED_FACE('',(#784),#8257,.F.);
#8507=ADVANCED_FACE('',(#785),#8258,.F.);
#8508=ADVANCED_FACE('',(#786),#539,.F.);
#8509=ADVANCED_FACE('',(#787),#8259,.F.);
#8510=ADVANCED_FACE('',(#788),#540,.F.);
#8511=ADVANCED_FACE('',(#789),#8260,.F.);
#8512=ADVANCED_FACE('',(#790),#541,.F.);
#8513=ADVANCED_FACE('',(#791),#8261,.F.);
#8514=ADVANCED_FACE('',(#792),#542,.F.);
#8515=ADVANCED_FACE('',(#793),#8262,.F.);
#8516=ADVANCED_FACE('',(#794),#543,.F.);
#8517=ADVANCED_FACE('',(#795),#8263,.F.);
#8518=ADVANCED_FACE('',(#796),#544,.F.);
#8519=ADVANCED_FACE('',(#797),#8264,.F.);
#8520=ADVANCED_FACE('',(#798),#545,.F.);
#8521=ADVANCED_FACE('',(#799),#8265,.F.);
#8522=ADVANCED_FACE('',(#800),#546,.F.);
#8523=ADVANCED_FACE('',(#801),#8266,.F.);
#8524=ADVANCED_FACE('',(#802),#547,.F.);
#8525=ADVANCED_FACE('',(#803),#8267,.F.);
#8526=ADVANCED_FACE('',(#804),#548,.F.);
#8527=ADVANCED_FACE('',(#805),#8268,.F.);
#8528=ADVANCED_FACE('',(#806),#549,.F.);
#8529=ADVANCED_FACE('',(#807),#8269,.F.);
#8530=ADVANCED_FACE('',(#808),#550,.F.);
#8531=ADVANCED_FACE('',(#809),#8270,.F.);
#8532=ADVANCED_FACE('',(#810),#551,.F.);
#8533=ADVANCED_FACE('',(#811),#8271,.F.);
#8534=ADVANCED_FACE('',(#812),#552,.F.);
#8535=ADVANCED_FACE('',(#813),#8272,.F.);
#8536=ADVANCED_FACE('',(#814),#553,.F.);
#8537=ADVANCED_FACE('',(#815),#8273,.F.);
#8538=ADVANCED_FACE('',(#816),#554,.F.);
#8539=ADVANCED_FACE('',(#817),#8274,.F.);
#8540=ADVANCED_FACE('',(#818),#555,.F.);
#8541=ADVANCED_FACE('',(#819),#8275,.F.);
#8542=ADVANCED_FACE('',(#820),#556,.F.);
#8543=ADVANCED_FACE('',(#821),#8276,.F.);
#8544=ADVANCED_FACE('',(#822),#557,.F.);
#8545=ADVANCED_FACE('',(#823),#8277,.F.);
#8546=ADVANCED_FACE('',(#824),#558,.F.);
#8547=ADVANCED_FACE('',(#825),#8278,.F.);
#8548=ADVANCED_FACE('',(#826),#559,.F.);
#8549=ADVANCED_FACE('',(#827),#8279,.F.);
#8550=ADVANCED_FACE('',(#828),#560,.F.);
#8551=ADVANCED_FACE('',(#829),#8280,.F.);
#8552=ADVANCED_FACE('',(#830),#561,.F.);
#8553=ADVANCED_FACE('',(#831),#8281,.F.);
#8554=ADVANCED_FACE('',(#832),#562,.F.);
#8555=ADVANCED_FACE('',(#833),#8282,.F.);
#8556=ADVANCED_FACE('',(#834),#563,.F.);
#8557=ADVANCED_FACE('',(#835),#8283,.F.);
#8558=ADVANCED_FACE('',(#836),#564,.F.);
#8559=ADVANCED_FACE('',(#837),#8284,.F.);
#8560=ADVANCED_FACE('',(#838),#565,.F.);
#8561=ADVANCED_FACE('',(#839),#8285,.F.);
#8562=ADVANCED_FACE('',(#840),#566,.F.);
#8563=ADVANCED_FACE('',(#841),#8286,.F.);
#8564=ADVANCED_FACE('',(#842),#567,.F.);
#8565=ADVANCED_FACE('',(#843),#8287,.F.);
#8566=ADVANCED_FACE('',(#844),#568,.F.);
#8567=ADVANCED_FACE('',(#845),#8288,.F.);
#8568=ADVANCED_FACE('',(#846),#569,.F.);
#8569=ADVANCED_FACE('',(#847),#8289,.F.);
#8570=ADVANCED_FACE('',(#848),#570,.F.);
#8571=ADVANCED_FACE('',(#849),#8290,.F.);
#8572=ADVANCED_FACE('',(#850),#571,.F.);
#8573=ADVANCED_FACE('',(#851),#8291,.F.);
#8574=ADVANCED_FACE('',(#852),#572,.F.);
#8575=ADVANCED_FACE('',(#853),#8292,.F.);
#8576=ADVANCED_FACE('',(#854),#573,.F.);
#8577=ADVANCED_FACE('',(#855),#8293,.F.);
#8578=ADVANCED_FACE('',(#856),#574,.F.);
#8579=ADVANCED_FACE('',(#857),#575,.F.);
#8580=ADVANCED_FACE('',(#858),#8294,.F.);
#8581=ADVANCED_FACE('',(#859),#576,.F.);
#8582=ADVANCED_FACE('',(#860),#8295,.F.);
#8583=ADVANCED_FACE('',(#861),#577,.F.);
#8584=ADVANCED_FACE('',(#862),#8296,.F.);
#8585=ADVANCED_FACE('',(#863),#578,.F.);
#8586=ADVANCED_FACE('',(#864),#8297,.F.);
#8587=ADVANCED_FACE('',(#865),#579,.F.);
#8588=ADVANCED_FACE('',(#866),#8298,.F.);
#8589=ADVANCED_FACE('',(#867),#580,.F.);
#8590=ADVANCED_FACE('',(#868),#8299,.F.);
#8591=ADVANCED_FACE('',(#869),#581,.F.);
#8592=ADVANCED_FACE('',(#870),#8300,.F.);
#8593=ADVANCED_FACE('',(#871),#582,.F.);
#8594=ADVANCED_FACE('',(#872),#8301,.F.);
#8595=ADVANCED_FACE('',(#873),#583,.F.);
#8596=ADVANCED_FACE('',(#874),#8302,.F.);
#8597=ADVANCED_FACE('',(#875),#584,.F.);
#8598=ADVANCED_FACE('',(#876),#8303,.F.);
#8599=ADVANCED_FACE('',(#877),#585,.F.);
#8600=ADVANCED_FACE('',(#878),#8304,.F.);
#8601=ADVANCED_FACE('',(#879),#586,.F.);
#8602=ADVANCED_FACE('',(#880),#8305,.F.);
#8603=ADVANCED_FACE('',(#881),#587,.F.);
#8604=ADVANCED_FACE('',(#882),#8306,.F.);
#8605=ADVANCED_FACE('',(#883),#588,.F.);
#8606=ADVANCED_FACE('',(#884),#8307,.F.);
#8607=ADVANCED_FACE('',(#885),#589,.F.);
#8608=ADVANCED_FACE('',(#886),#8308,.F.);
#8609=ADVANCED_FACE('',(#887),#590,.F.);
#8610=ADVANCED_FACE('',(#888),#8309,.F.);
#8611=ADVANCED_FACE('',(#889),#591,.F.);
#8612=ADVANCED_FACE('',(#890),#8310,.F.);
#8613=ADVANCED_FACE('',(#891),#592,.F.);
#8614=ADVANCED_FACE('',(#892),#8311,.F.);
#8615=ADVANCED_FACE('',(#893),#593,.F.);
#8616=ADVANCED_FACE('',(#894),#8312,.F.);
#8617=ADVANCED_FACE('',(#895),#594,.F.);
#8618=ADVANCED_FACE('',(#896),#8313,.F.);
#8619=ADVANCED_FACE('',(#897),#595,.F.);
#8620=ADVANCED_FACE('',(#898),#8314,.F.);
#8621=ADVANCED_FACE('',(#899),#596,.F.);
#8622=ADVANCED_FACE('',(#900),#8315,.F.);
#8623=ADVANCED_FACE('',(#901),#597,.F.);
#8624=ADVANCED_FACE('',(#902),#8316,.F.);
#8625=ADVANCED_FACE('',(#903),#598,.F.);
#8626=ADVANCED_FACE('',(#904),#8317,.F.);
#8627=ADVANCED_FACE('',(#905),#599,.F.);
#8628=ADVANCED_FACE('',(#906),#8318,.F.);
#8629=ADVANCED_FACE('',(#907),#600,.F.);
#8630=ADVANCED_FACE('',(#908),#8319,.F.);
#8631=ADVANCED_FACE('',(#909),#601,.F.);
#8632=ADVANCED_FACE('',(#910),#8320,.F.);
#8633=ADVANCED_FACE('',(#911),#602,.F.);
#8634=ADVANCED_FACE('',(#912),#8321,.F.);
#8635=ADVANCED_FACE('',(#913),#603,.F.);
#8636=ADVANCED_FACE('',(#914),#8322,.F.);
#8637=ADVANCED_FACE('',(#915),#604,.F.);
#8638=ADVANCED_FACE('',(#916),#8323,.F.);
#8639=ADVANCED_FACE('',(#917),#605,.F.);
#8640=ADVANCED_FACE('',(#918),#8324,.F.);
#8641=ADVANCED_FACE('',(#919),#606,.F.);
#8642=ADVANCED_FACE('',(#920),#8325,.F.);
#8643=ADVANCED_FACE('',(#921),#607,.F.);
#8644=ADVANCED_FACE('',(#922),#8326,.F.);
#8645=ADVANCED_FACE('',(#923),#608,.F.);
#8646=ADVANCED_FACE('',(#924),#8327,.F.);
#8647=ADVANCED_FACE('',(#925),#609,.F.);
#8648=ADVANCED_FACE('',(#926),#8328,.F.);
#8649=ADVANCED_FACE('',(#927),#610,.F.);
#8650=ADVANCED_FACE('',(#928),#8329,.F.);
#8651=ADVANCED_FACE('',(#929),#611,.F.);
#8652=ADVANCED_FACE('',(#930),#8330,.F.);
#8653=ADVANCED_FACE('',(#931),#612,.F.);
#8654=ADVANCED_FACE('',(#932),#8331,.F.);
#8655=ADVANCED_FACE('',(#933),#613,.F.);
#8656=ADVANCED_FACE('',(#934),#8332,.F.);
#8657=ADVANCED_FACE('',(#935),#614,.F.);
#8658=ADVANCED_FACE('',(#936),#8333,.F.);
#8659=ADVANCED_FACE('',(#937),#615,.F.);
#8660=ADVANCED_FACE('',(#938),#8334,.F.);
#8661=ADVANCED_FACE('',(#939),#616,.F.);
#8662=ADVANCED_FACE('',(#940),#8335,.F.);
#8663=ADVANCED_FACE('',(#941),#617,.F.);
#8664=ADVANCED_FACE('',(#942),#8336,.F.);
#8665=ADVANCED_FACE('',(#943),#618,.F.);
#8666=ADVANCED_FACE('',(#944),#8337,.F.);
#8667=ADVANCED_FACE('',(#945),#619,.F.);
#8668=ADVANCED_FACE('',(#946),#8338,.F.);
#8669=ADVANCED_FACE('',(#947),#620,.F.);
#8670=ADVANCED_FACE('',(#948),#8339,.F.);
#8671=ADVANCED_FACE('',(#949),#621,.F.);
#8672=ADVANCED_FACE('',(#950),#8340,.F.);
#8673=ADVANCED_FACE('',(#951),#622,.F.);
#8674=ADVANCED_FACE('',(#952),#8341,.F.);
#8675=ADVANCED_FACE('',(#953),#623,.F.);
#8676=ADVANCED_FACE('',(#954),#8342,.F.);
#8677=ADVANCED_FACE('',(#955),#624,.F.);
#8678=ADVANCED_FACE('',(#956),#8343,.F.);
#8679=ADVANCED_FACE('',(#957),#625,.F.);
#8680=ADVANCED_FACE('',(#958),#8344,.F.);
#8681=ADVANCED_FACE('',(#959),#626,.F.);
#8682=ADVANCED_FACE('',(#960),#8345,.F.);
#8683=ADVANCED_FACE('',(#961),#627,.F.);
#8684=ADVANCED_FACE('',(#962),#8346,.F.);
#8685=ADVANCED_FACE('',(#963),#628,.F.);
#8686=ADVANCED_FACE('',(#964),#8347,.F.);
#8687=ADVANCED_FACE('',(#965),#629,.F.);
#8688=ADVANCED_FACE('',(#966),#8348,.F.);
#8689=ADVANCED_FACE('',(#967),#630,.F.);
#8690=ADVANCED_FACE('',(#968),#8349,.F.);
#8691=ADVANCED_FACE('',(#969),#631,.F.);
#8692=ADVANCED_FACE('',(#970),#8350,.F.);
#8693=ADVANCED_FACE('',(#971),#632,.F.);
#8694=ADVANCED_FACE('',(#972),#8351,.F.);
#8695=ADVANCED_FACE('',(#973),#633,.F.);
#8696=ADVANCED_FACE('',(#974),#8352,.F.);
#8697=ADVANCED_FACE('',(#975),#634,.F.);
#8698=ADVANCED_FACE('',(#976),#8353,.F.);
#8699=ADVANCED_FACE('',(#977),#635,.F.);
#8700=ADVANCED_FACE('',(#978),#8354,.F.);
#8701=ADVANCED_FACE('',(#979),#636,.F.);
#8702=ADVANCED_FACE('',(#980),#8355,.F.);
#8703=ADVANCED_FACE('',(#981),#637,.F.);
#8704=ADVANCED_FACE('',(#982),#8356,.F.);
#8705=ADVANCED_FACE('',(#983),#638,.F.);
#8706=ADVANCED_FACE('',(#984),#8357,.F.);
#8707=ADVANCED_FACE('',(#985),#639,.F.);
#8708=ADVANCED_FACE('',(#986),#8358,.F.);
#8709=ADVANCED_FACE('',(#987),#640,.F.);
#8710=ADVANCED_FACE('',(#988),#8359,.F.);
#8711=ADVANCED_FACE('',(#989),#641,.F.);
#8712=ADVANCED_FACE('',(#990),#8360,.F.);
#8713=ADVANCED_FACE('',(#991),#642,.F.);
#8714=ADVANCED_FACE('',(#992),#8361,.F.);
#8715=ADVANCED_FACE('',(#993),#643,.F.);
#8716=ADVANCED_FACE('',(#994),#8362,.F.);
#8717=ADVANCED_FACE('',(#995),#644,.F.);
#8718=ADVANCED_FACE('',(#996),#8363,.F.);
#8719=ADVANCED_FACE('',(#997),#645,.F.);
#8720=ADVANCED_FACE('',(#998),#8364,.F.);
#8721=ADVANCED_FACE('',(#999),#646,.F.);
#8722=ADVANCED_FACE('',(#1000),#8365,.F.);
#8723=ADVANCED_FACE('',(#1001),#647,.F.);
#8724=ADVANCED_FACE('',(#1002),#8366,.F.);
#8725=ADVANCED_FACE('',(#1003),#648,.F.);
#8726=ADVANCED_FACE('',(#1004),#8367,.F.);
#8727=ADVANCED_FACE('',(#1005),#649,.F.);
#8728=ADVANCED_FACE('',(#1006),#8368,.F.);
#8729=ADVANCED_FACE('',(#1007),#650,.F.);
#8730=ADVANCED_FACE('',(#1008),#8369,.F.);
#8731=ADVANCED_FACE('',(#1009),#651,.F.);
#8732=ADVANCED_FACE('',(#1010),#8370,.F.);
#8733=ADVANCED_FACE('',(#1011),#652,.F.);
#8734=ADVANCED_FACE('',(#1012),#8371,.F.);
#8735=ADVANCED_FACE('',(#1013),#653,.F.);
#8736=ADVANCED_FACE('',(#1014),#8372,.F.);
#8737=ADVANCED_FACE('',(#1015),#654,.F.);
#8738=ADVANCED_FACE('',(#1016),#8373,.F.);
#8739=ADVANCED_FACE('',(#1017),#655,.F.);
#8740=ADVANCED_FACE('',(#1018),#8374,.F.);
#8741=ADVANCED_FACE('',(#1019),#656,.F.);
#8742=ADVANCED_FACE('',(#1020),#8375,.F.);
#8743=ADVANCED_FACE('',(#1021),#657,.F.);
#8744=ADVANCED_FACE('',(#1022),#8376,.F.);
#8745=ADVANCED_FACE('',(#1023),#658,.F.);
#8746=ADVANCED_FACE('',(#1024),#8377,.F.);
#8747=ADVANCED_FACE('',(#1025),#659,.F.);
#8748=ADVANCED_FACE('',(#1026),#8378,.F.);
#8749=ADVANCED_FACE('',(#1027),#660,.F.);
#8750=ADVANCED_FACE('',(#1028),#8379,.F.);
#8751=ADVANCED_FACE('',(#1029),#661,.F.);
#8752=ADVANCED_FACE('',(#1030),#8380,.F.);
#8753=ADVANCED_FACE('',(#1031),#662,.F.);
#8754=ADVANCED_FACE('',(#1032),#8381,.F.);
#8755=ADVANCED_FACE('',(#1033),#663,.F.);
#8756=ADVANCED_FACE('',(#1034),#8382,.F.);
#8757=ADVANCED_FACE('',(#1035),#664,.F.);
#8758=ADVANCED_FACE('',(#1036),#8383,.F.);
#8759=ADVANCED_FACE('',(#1037),#665,.F.);
#8760=ADVANCED_FACE('',(#1038),#8384,.F.);
#8761=ADVANCED_FACE('',(#1039),#666,.F.);
#8762=ADVANCED_FACE('',(#1040),#8385,.F.);
#8763=ADVANCED_FACE('',(#1041),#667,.F.);
#8764=ADVANCED_FACE('',(#1042),#8386,.F.);
#8765=ADVANCED_FACE('',(#1043),#668,.F.);
#8766=ADVANCED_FACE('',(#1044),#8387,.F.);
#8767=ADVANCED_FACE('',(#1045),#669,.F.);
#8768=ADVANCED_FACE('',(#1046),#8388,.F.);
#8769=ADVANCED_FACE('',(#1047),#670,.F.);
#8770=ADVANCED_FACE('',(#1048),#8389,.F.);
#8771=ADVANCED_FACE('',(#1049),#671,.F.);
#8772=ADVANCED_FACE('',(#1050),#8390,.F.);
#8773=ADVANCED_FACE('',(#1051),#672,.F.);
#8774=ADVANCED_FACE('',(#1052),#8391,.F.);
#8775=ADVANCED_FACE('',(#1053),#673,.F.);
#8776=ADVANCED_FACE('',(#1054),#8392,.F.);
#8777=ADVANCED_FACE('',(#1055),#674,.F.);
#8778=ADVANCED_FACE('',(#1056),#8393,.F.);
#8779=ADVANCED_FACE('',(#1057),#675,.F.);
#8780=ADVANCED_FACE('',(#1058),#8394,.F.);
#8781=ADVANCED_FACE('',(#1059),#676,.F.);
#8782=ADVANCED_FACE('',(#1060),#8395,.F.);
#8783=ADVANCED_FACE('',(#1061),#677,.F.);
#8784=ADVANCED_FACE('',(#1062),#8396,.F.);
#8785=ADVANCED_FACE('',(#1063),#678,.F.);
#8786=ADVANCED_FACE('',(#1064),#8397,.F.);
#8787=ADVANCED_FACE('',(#1065),#679,.F.);
#8788=ADVANCED_FACE('',(#1066),#8398,.F.);
#8789=ADVANCED_FACE('',(#1067),#680,.F.);
#8790=ADVANCED_FACE('',(#1068),#8399,.F.);
#8791=ADVANCED_FACE('',(#1069),#681,.F.);
#8792=ADVANCED_FACE('',(#1070),#8400,.F.);
#8793=ADVANCED_FACE('',(#1071),#682,.F.);
#8794=ADVANCED_FACE('',(#1072),#8401,.F.);
#8795=ADVANCED_FACE('',(#1073),#683,.F.);
#8796=ADVANCED_FACE('',(#1074),#8402,.F.);
#8797=ADVANCED_FACE('',(#1075),#684,.F.);
#8798=ADVANCED_FACE('',(#1076),#8403,.F.);
#8799=ADVANCED_FACE('',(#1077),#685,.F.);
#8800=ADVANCED_FACE('',(#1078),#8404,.F.);
#8801=ADVANCED_FACE('',(#1079),#686,.F.);
#8802=ADVANCED_FACE('',(#1080),#8405,.F.);
#8803=ADVANCED_FACE('',(#1081),#687,.F.);
#8804=ADVANCED_FACE('',(#1082),#8406,.F.);
#8805=ADVANCED_FACE('',(#1083),#688,.F.);
#8806=ADVANCED_FACE('',(#1084),#8407,.F.);
#8807=ADVANCED_FACE('',(#1085),#689,.F.);
#8808=ADVANCED_FACE('',(#1086),#8408,.F.);
#8809=ADVANCED_FACE('',(#1087),#690,.F.);
#8810=ADVANCED_FACE('',(#1088),#8409,.T.);
#8811=ADVANCED_FACE('',(#1089),#8410,.T.);
#8812=ADVANCED_FACE('',(#1090,#53,#54,#55,#56,#57,#58,#59,#60,#61,#62,#63,
#64,#65,#66,#67,#68,#69,#70,#71,#72,#73,#74,#75,#76,#77,#78,#79,#80,#81,
#82,#83,#84,#85,#86,#87,#88,#89,#90),#8411,.T.);
#8813=ADVANCED_FACE('',(#1091),#8412,.T.);
#8814=ADVANCED_FACE('',(#1092),#8413,.T.);
#8815=ADVANCED_FACE('',(#1093),#691,.F.);
#8816=ADVANCED_FACE('',(#1094),#8414,.T.);
#8817=ADVANCED_FACE('',(#1095),#692,.F.);
#8818=ADVANCED_FACE('',(#1096),#8415,.T.);
#8819=ADVANCED_FACE('',(#1097),#693,.T.);
#8820=ADVANCED_FACE('',(#1098),#694,.T.);
#8821=ADVANCED_FACE('',(#1099),#8416,.T.);
#8822=ADVANCED_FACE('',(#1100),#695,.F.);
#8823=ADVANCED_FACE('',(#1101),#8417,.T.);
#8824=ADVANCED_FACE('',(#1102),#696,.F.);
#8825=ADVANCED_FACE('',(#1103),#8418,.T.);
#8826=ADVANCED_FACE('',(#1104),#697,.T.);
#8827=ADVANCED_FACE('',(#1105),#8419,.T.);
#8828=ADVANCED_FACE('',(#1106),#698,.T.);
#8829=ADVANCED_FACE('',(#1107),#8420,.T.);
#8830=ADVANCED_FACE('',(#1108),#699,.T.);
#8831=ADVANCED_FACE('',(#1109),#8421,.T.);
#8832=ADVANCED_FACE('',(#1110),#700,.T.);
#8833=ADVANCED_FACE('',(#1111),#8422,.T.);
#8834=ADVANCED_FACE('',(#1112),#701,.F.);
#8835=ADVANCED_FACE('',(#1113),#8423,.T.);
#8836=ADVANCED_FACE('',(#1114),#702,.F.);
#8837=ADVANCED_FACE('',(#1115),#8424,.T.);
#8838=ADVANCED_FACE('',(#1116),#703,.F.);
#8839=ADVANCED_FACE('',(#1117),#8425,.T.);
#8840=ADVANCED_FACE('',(#1118),#704,.F.);
#8841=ADVANCED_FACE('',(#1119),#8426,.T.);
#8842=ADVANCED_FACE('',(#1120),#705,.T.);
#8843=ADVANCED_FACE('',(#1121),#8427,.T.);
#8844=ADVANCED_FACE('',(#1122),#706,.T.);
#8845=ADVANCED_FACE('',(#1123),#8428,.T.);
#8846=ADVANCED_FACE('',(#1124),#707,.T.);
#8847=ADVANCED_FACE('',(#1125),#8429,.T.);
#8848=ADVANCED_FACE('',(#1126),#708,.T.);
#8849=ADVANCED_FACE('',(#1127),#8430,.T.);
#8850=ADVANCED_FACE('',(#1128),#709,.F.);
#8851=ADVANCED_FACE('',(#1129),#8431,.T.);
#8852=ADVANCED_FACE('',(#1130),#710,.F.);
#8853=ADVANCED_FACE('',(#1131),#8432,.T.);
#8854=ADVANCED_FACE('',(#1132),#711,.T.);
#8855=ADVANCED_FACE('',(#1133),#8433,.T.);
#8856=ADVANCED_FACE('',(#1134),#712,.T.);
#8857=ADVANCED_FACE('',(#1135),#8434,.T.);
#8858=ADVANCED_FACE('',(#1136),#713,.F.);
#8859=ADVANCED_FACE('',(#1137),#8435,.T.);
#8860=ADVANCED_FACE('',(#1138),#714,.F.);
#8861=ADVANCED_FACE('',(#1139),#8436,.T.);
#8862=ADVANCED_FACE('',(#1140),#715,.T.);
#8863=ADVANCED_FACE('',(#1141),#8437,.T.);
#8864=ADVANCED_FACE('',(#1142),#716,.T.);
#8865=ADVANCED_FACE('',(#1143),#8438,.T.);
#8866=ADVANCED_FACE('',(#1144),#717,.T.);
#8867=ADVANCED_FACE('',(#1145),#8439,.T.);
#8868=ADVANCED_FACE('',(#1146),#718,.T.);
#8869=ADVANCED_FACE('',(#1147),#8440,.T.);
#8870=ADVANCED_FACE('',(#1148),#719,.F.);
#8871=ADVANCED_FACE('',(#1149),#8441,.T.);
#8872=ADVANCED_FACE('',(#1150),#720,.F.);
#8873=ADVANCED_FACE('',(#1151),#8442,.T.);
#8874=ADVANCED_FACE('',(#1152),#721,.F.);
#8875=ADVANCED_FACE('',(#1153),#8443,.T.);
#8876=ADVANCED_FACE('',(#1154),#722,.F.);
#8877=ADVANCED_FACE('',(#1155),#8444,.T.);
#8878=ADVANCED_FACE('',(#1156),#723,.T.);
#8879=ADVANCED_FACE('',(#1157),#8445,.T.);
#8880=ADVANCED_FACE('',(#1158),#724,.T.);
#8881=ADVANCED_FACE('',(#1159),#8446,.T.);
#8882=ADVANCED_FACE('',(#1160),#725,.T.);
#8883=ADVANCED_FACE('',(#1161),#8447,.T.);
#8884=ADVANCED_FACE('',(#1162),#726,.T.);
#8885=ADVANCED_FACE('',(#1163),#8448,.T.);
#8886=CLOSED_SHELL('',(#8449,#8450,#8451,#8452,#8453,#8454,#8455,#8456,
#8457,#8458,#8459,#8460,#8461,#8462,#8463,#8464,#8465,#8466,#8467,#8468,
#8469,#8470,#8471,#8472,#8473,#8474,#8475,#8476,#8477,#8478,#8479,#8480,
#8481,#8482,#8483,#8484,#8485,#8486,#8487,#8488,#8489,#8490,#8491,#8492,
#8493,#8494,#8495,#8496,#8497,#8498,#8499,#8500,#8501,#8502,#8503,#8504,
#8505,#8506,#8507,#8508,#8509,#8510,#8511,#8512,#8513,#8514,#8515,#8516,
#8517,#8518,#8519,#8520,#8521,#8522,#8523,#8524,#8525,#8526,#8527,#8528,
#8529,#8530,#8531,#8532,#8533,#8534,#8535,#8536,#8537,#8538,#8539,#8540,
#8541,#8542,#8543,#8544,#8545,#8546,#8547,#8548,#8549,#8550,#8551,#8552,
#8553,#8554,#8555,#8556,#8557,#8558,#8559,#8560,#8561,#8562,#8563,#8564,
#8565,#8566,#8567,#8568,#8569,#8570,#8571,#8572,#8573,#8574,#8575,#8576,
#8577,#8578,#8579,#8580,#8581,#8582,#8583,#8584,#8585,#8586,#8587,#8588,
#8589,#8590,#8591,#8592,#8593,#8594,#8595,#8596,#8597,#8598,#8599,#8600,
#8601,#8602,#8603,#8604,#8605,#8606,#8607,#8608,#8609,#8610,#8611,#8612,
#8613,#8614,#8615,#8616,#8617,#8618,#8619,#8620,#8621,#8622,#8623,#8624,
#8625,#8626,#8627,#8628,#8629,#8630,#8631,#8632,#8633,#8634,#8635,#8636,
#8637,#8638,#8639,#8640,#8641,#8642,#8643,#8644,#8645,#8646,#8647,#8648,
#8649,#8650,#8651,#8652,#8653,#8654,#8655,#8656,#8657,#8658,#8659,#8660,
#8661,#8662,#8663,#8664,#8665,#8666,#8667,#8668,#8669,#8670,#8671,#8672,
#8673,#8674,#8675,#8676,#8677,#8678,#8679,#8680,#8681,#8682,#8683,#8684,
#8685,#8686,#8687,#8688,#8689,#8690,#8691,#8692,#8693,#8694,#8695,#8696,
#8697,#8698,#8699,#8700,#8701,#8702,#8703,#8704,#8705,#8706,#8707,#8708,
#8709,#8710,#8711,#8712,#8713,#8714,#8715,#8716,#8717,#8718,#8719,#8720,
#8721,#8722,#8723,#8724,#8725,#8726,#8727,#8728,#8729,#8730,#8731,#8732,
#8733,#8734,#8735,#8736,#8737,#8738,#8739,#8740,#8741,#8742,#8743,#8744,
#8745,#8746,#8747,#8748,#8749,#8750,#8751,#8752,#8753,#8754,#8755,#8756,
#8757,#8758,#8759,#8760,#8761,#8762,#8763,#8764,#8765,#8766,#8767,#8768,
#8769,#8770,#8771,#8772,#8773,#8774,#8775,#8776,#8777,#8778,#8779,#8780,
#8781,#8782,#8783,#8784,#8785,#8786,#8787,#8788,#8789,#8790,#8791,#8792,
#8793,#8794,#8795,#8796,#8797,#8798,#8799,#8800,#8801,#8802,#8803,#8804,
#8805,#8806,#8807,#8808,#8809,#8810,#8811,#8812,#8813,#8814,#8815,#8816,
#8817,#8818,#8819,#8820,#8821,#8822,#8823,#8824,#8825,#8826,#8827,#8828,
#8829,#8830,#8831,#8832,#8833,#8834,#8835,#8836,#8837,#8838,#8839,#8840,
#8841,#8842,#8843,#8844,#8845,#8846,#8847,#8848,#8849,#8850,#8851,#8852,
#8853,#8854,#8855,#8856,#8857,#8858,#8859,#8860,#8861,#8862,#8863,#8864,
#8865,#8866,#8867,#8868,#8869,#8870,#8871,#8872,#8873,#8874,#8875,#8876,
#8877,#8878,#8879,#8880,#8881,#8882,#8883,#8884,#8885));
#8887=DERIVED_UNIT_ELEMENT(#8889,1.);
#8888=DERIVED_UNIT_ELEMENT(#14984,-3.);
#8889=(
MASS_UNIT()
NAMED_UNIT(*)
SI_UNIT(.KILO.,.GRAM.)
);
#8890=DERIVED_UNIT((#8887,#8888));
#8891=MEASURE_REPRESENTATION_ITEM('density measure',
POSITIVE_RATIO_MEASURE(7850.),#8890);
#8892=PROPERTY_DEFINITION_REPRESENTATION(#8897,#8894);
#8893=PROPERTY_DEFINITION_REPRESENTATION(#8898,#8895);
#8894=REPRESENTATION('material name',(#8896),#14981);
#8895=REPRESENTATION('density',(#8891),#14981);
#8896=DESCRIPTIVE_REPRESENTATION_ITEM('Acier','Acier');
#8897=PROPERTY_DEFINITION('material property','material name',#14991);
#8898=PROPERTY_DEFINITION('material property','density of part',#14991);
#8899=AXIS2_PLACEMENT_3D('',#12366,#9761,#9762);
#8900=AXIS2_PLACEMENT_3D('',#12367,#9763,#9764);
#8901=AXIS2_PLACEMENT_3D('',#12376,#9769,#9770);
#8902=AXIS2_PLACEMENT_3D('',#12378,#9771,#9772);
#8903=AXIS2_PLACEMENT_3D('',#12381,#9774,#9775);
#8904=AXIS2_PLACEMENT_3D('',#12382,#9776,#9777);
#8905=AXIS2_PLACEMENT_3D('',#12388,#9781,#9782);
#8906=AXIS2_PLACEMENT_3D('',#12390,#9783,#9784);
#8907=AXIS2_PLACEMENT_3D('',#12393,#9786,#9787);
#8908=AXIS2_PLACEMENT_3D('',#12394,#9788,#9789);
#8909=AXIS2_PLACEMENT_3D('',#12400,#9793,#9794);
#8910=AXIS2_PLACEMENT_3D('',#12409,#9799,#9800);
#8911=AXIS2_PLACEMENT_3D('',#12411,#9801,#9802);
#8912=AXIS2_PLACEMENT_3D('',#12414,#9804,#9805);
#8913=AXIS2_PLACEMENT_3D('',#12415,#9806,#9807);
#8914=AXIS2_PLACEMENT_3D('',#12421,#9811,#9812);
#8915=AXIS2_PLACEMENT_3D('',#12423,#9813,#9814);
#8916=AXIS2_PLACEMENT_3D('',#12426,#9816,#9817);
#8917=AXIS2_PLACEMENT_3D('',#12427,#9818,#9819);
#8918=AXIS2_PLACEMENT_3D('',#12433,#9823,#9824);
#8919=AXIS2_PLACEMENT_3D('',#12442,#9829,#9830);
#8920=AXIS2_PLACEMENT_3D('',#12447,#9832,#9833);
#8921=AXIS2_PLACEMENT_3D('',#12451,#9835,#9836);
#8922=AXIS2_PLACEMENT_3D('',#12455,#9838,#9839);
#8923=AXIS2_PLACEMENT_3D('',#12459,#9841,#9842);
#8924=AXIS2_PLACEMENT_3D('',#12463,#9844,#9845);
#8925=AXIS2_PLACEMENT_3D('',#12467,#9847,#9848);
#8926=AXIS2_PLACEMENT_3D('',#12471,#9850,#9851);
#8927=AXIS2_PLACEMENT_3D('',#12475,#9853,#9854);
#8928=AXIS2_PLACEMENT_3D('',#12479,#9856,#9857);
#8929=AXIS2_PLACEMENT_3D('',#12483,#9859,#9860);
#8930=AXIS2_PLACEMENT_3D('',#12487,#9862,#9863);
#8931=AXIS2_PLACEMENT_3D('',#12491,#9865,#9866);
#8932=AXIS2_PLACEMENT_3D('',#12495,#9868,#9869);
#8933=AXIS2_PLACEMENT_3D('',#12499,#9871,#9872);
#8934=AXIS2_PLACEMENT_3D('',#12503,#9874,#9875);
#8935=AXIS2_PLACEMENT_3D('',#12507,#9877,#9878);
#8936=AXIS2_PLACEMENT_3D('',#12511,#9880,#9881);
#8937=AXIS2_PLACEMENT_3D('',#12515,#9883,#9884);
#8938=AXIS2_PLACEMENT_3D('',#12519,#9886,#9887);
#8939=AXIS2_PLACEMENT_3D('',#12523,#9889,#9890);
#8940=AXIS2_PLACEMENT_3D('',#12527,#9892,#9893);
#8941=AXIS2_PLACEMENT_3D('',#12531,#9895,#9896);
#8942=AXIS2_PLACEMENT_3D('',#12535,#9898,#9899);
#8943=AXIS2_PLACEMENT_3D('',#12539,#9901,#9902);
#8944=AXIS2_PLACEMENT_3D('',#12543,#9904,#9905);
#8945=AXIS2_PLACEMENT_3D('',#12547,#9907,#9908);
#8946=AXIS2_PLACEMENT_3D('',#12551,#9910,#9911);
#8947=AXIS2_PLACEMENT_3D('',#12555,#9913,#9914);
#8948=AXIS2_PLACEMENT_3D('',#12559,#9916,#9917);
#8949=AXIS2_PLACEMENT_3D('',#12563,#9919,#9920);
#8950=AXIS2_PLACEMENT_3D('',#12567,#9922,#9923);
#8951=AXIS2_PLACEMENT_3D('',#12571,#9925,#9926);
#8952=AXIS2_PLACEMENT_3D('',#12575,#9928,#9929);
#8953=AXIS2_PLACEMENT_3D('',#12579,#9931,#9932);
#8954=AXIS2_PLACEMENT_3D('',#12583,#9934,#9935);
#8955=AXIS2_PLACEMENT_3D('',#12587,#9937,#9938);
#8956=AXIS2_PLACEMENT_3D('',#12597,#9943,#9944);
#8957=AXIS2_PLACEMENT_3D('',#12601,#9946,#9947);
#8958=AXIS2_PLACEMENT_3D('',#12605,#9949,#9950);
#8959=AXIS2_PLACEMENT_3D('',#12608,#9952,#9953);
#8960=AXIS2_PLACEMENT_3D('',#12613,#9955,#9956);
#8961=AXIS2_PLACEMENT_3D('',#12617,#9958,#9959);
#8962=AXIS2_PLACEMENT_3D('',#12621,#9961,#9962);
#8963=AXIS2_PLACEMENT_3D('',#12624,#9964,#9965);
#8964=AXIS2_PLACEMENT_3D('',#12629,#9967,#9968);
#8965=AXIS2_PLACEMENT_3D('',#12633,#9970,#9971);
#8966=AXIS2_PLACEMENT_3D('',#12637,#9973,#9974);
#8967=AXIS2_PLACEMENT_3D('',#12640,#9976,#9977);
#8968=AXIS2_PLACEMENT_3D('',#12645,#9979,#9980);
#8969=AXIS2_PLACEMENT_3D('',#12649,#9982,#9983);
#8970=AXIS2_PLACEMENT_3D('',#12653,#9985,#9986);
#8971=AXIS2_PLACEMENT_3D('',#12656,#9988,#9989);
#8972=AXIS2_PLACEMENT_3D('',#12661,#9991,#9992);
#8973=AXIS2_PLACEMENT_3D('',#12665,#9994,#9995);
#8974=AXIS2_PLACEMENT_3D('',#12669,#9997,#9998);
#8975=AXIS2_PLACEMENT_3D('',#12672,#10000,#10001);
#8976=AXIS2_PLACEMENT_3D('',#12677,#10003,#10004);
#8977=AXIS2_PLACEMENT_3D('',#12681,#10006,#10007);
#8978=AXIS2_PLACEMENT_3D('',#12685,#10009,#10010);
#8979=AXIS2_PLACEMENT_3D('',#12688,#10012,#10013);
#8980=AXIS2_PLACEMENT_3D('',#12693,#10015,#10016);
#8981=AXIS2_PLACEMENT_3D('',#12697,#10018,#10019);
#8982=AXIS2_PLACEMENT_3D('',#12701,#10021,#10022);
#8983=AXIS2_PLACEMENT_3D('',#12704,#10024,#10025);
#8984=AXIS2_PLACEMENT_3D('',#12709,#10027,#10028);
#8985=AXIS2_PLACEMENT_3D('',#12713,#10030,#10031);
#8986=AXIS2_PLACEMENT_3D('',#12717,#10033,#10034);
#8987=AXIS2_PLACEMENT_3D('',#12720,#10036,#10037);
#8988=AXIS2_PLACEMENT_3D('',#12725,#10039,#10040);
#8989=AXIS2_PLACEMENT_3D('',#12729,#10042,#10043);
#8990=AXIS2_PLACEMENT_3D('',#12733,#10045,#10046);
#8991=AXIS2_PLACEMENT_3D('',#12736,#10048,#10049);
#8992=AXIS2_PLACEMENT_3D('',#12741,#10051,#10052);
#8993=AXIS2_PLACEMENT_3D('',#12745,#10054,#10055);
#8994=AXIS2_PLACEMENT_3D('',#12749,#10057,#10058);
#8995=AXIS2_PLACEMENT_3D('',#12752,#10060,#10061);
#8996=AXIS2_PLACEMENT_3D('',#12757,#10063,#10064);
#8997=AXIS2_PLACEMENT_3D('',#12761,#10066,#10067);
#8998=AXIS2_PLACEMENT_3D('',#12765,#10069,#10070);
#8999=AXIS2_PLACEMENT_3D('',#12768,#10072,#10073);
#9000=AXIS2_PLACEMENT_3D('',#12773,#10075,#10076);
#9001=AXIS2_PLACEMENT_3D('',#12777,#10078,#10079);
#9002=AXIS2_PLACEMENT_3D('',#12781,#10081,#10082);
#9003=AXIS2_PLACEMENT_3D('',#12784,#10084,#10085);
#9004=AXIS2_PLACEMENT_3D('',#12789,#10087,#10088);
#9005=AXIS2_PLACEMENT_3D('',#12793,#10090,#10091);
#9006=AXIS2_PLACEMENT_3D('',#12797,#10093,#10094);
#9007=AXIS2_PLACEMENT_3D('',#12800,#10096,#10097);
#9008=AXIS2_PLACEMENT_3D('',#12805,#10099,#10100);
#9009=AXIS2_PLACEMENT_3D('',#12809,#10102,#10103);
#9010=AXIS2_PLACEMENT_3D('',#12813,#10105,#10106);
#9011=AXIS2_PLACEMENT_3D('',#12816,#10108,#10109);
#9012=AXIS2_PLACEMENT_3D('',#12821,#10111,#10112);
#9013=AXIS2_PLACEMENT_3D('',#12825,#10114,#10115);
#9014=AXIS2_PLACEMENT_3D('',#12829,#10117,#10118);
#9015=AXIS2_PLACEMENT_3D('',#12832,#10120,#10121);
#9016=AXIS2_PLACEMENT_3D('',#12837,#10123,#10124);
#9017=AXIS2_PLACEMENT_3D('',#12841,#10126,#10127);
#9018=AXIS2_PLACEMENT_3D('',#12845,#10129,#10130);
#9019=AXIS2_PLACEMENT_3D('',#12848,#10132,#10133);
#9020=AXIS2_PLACEMENT_3D('',#12853,#10135,#10136);
#9021=AXIS2_PLACEMENT_3D('',#12857,#10138,#10139);
#9022=AXIS2_PLACEMENT_3D('',#12861,#10141,#10142);
#9023=AXIS2_PLACEMENT_3D('',#12864,#10144,#10145);
#9024=AXIS2_PLACEMENT_3D('',#12869,#10147,#10148);
#9025=AXIS2_PLACEMENT_3D('',#12873,#10150,#10151);
#9026=AXIS2_PLACEMENT_3D('',#12877,#10153,#10154);
#9027=AXIS2_PLACEMENT_3D('',#12880,#10156,#10157);
#9028=AXIS2_PLACEMENT_3D('',#12885,#10159,#10160);
#9029=AXIS2_PLACEMENT_3D('',#12889,#10162,#10163);
#9030=AXIS2_PLACEMENT_3D('',#12893,#10165,#10166);
#9031=AXIS2_PLACEMENT_3D('',#12896,#10168,#10169);
#9032=AXIS2_PLACEMENT_3D('',#12901,#10171,#10172);
#9033=AXIS2_PLACEMENT_3D('',#12905,#10174,#10175);
#9034=AXIS2_PLACEMENT_3D('',#12909,#10177,#10178);
#9035=AXIS2_PLACEMENT_3D('',#12912,#10180,#10181);
#9036=AXIS2_PLACEMENT_3D('',#12917,#10183,#10184);
#9037=AXIS2_PLACEMENT_3D('',#12921,#10186,#10187);
#9038=AXIS2_PLACEMENT_3D('',#12925,#10189,#10190);
#9039=AXIS2_PLACEMENT_3D('',#12928,#10192,#10193);
#9040=AXIS2_PLACEMENT_3D('',#12933,#10195,#10196);
#9041=AXIS2_PLACEMENT_3D('',#12937,#10198,#10199);
#9042=AXIS2_PLACEMENT_3D('',#12941,#10201,#10202);
#9043=AXIS2_PLACEMENT_3D('',#12944,#10204,#10205);
#9044=AXIS2_PLACEMENT_3D('',#12949,#10207,#10208);
#9045=AXIS2_PLACEMENT_3D('',#12953,#10210,#10211);
#9046=AXIS2_PLACEMENT_3D('',#12957,#10213,#10214);
#9047=AXIS2_PLACEMENT_3D('',#12960,#10216,#10217);
#9048=AXIS2_PLACEMENT_3D('',#12965,#10219,#10220);
#9049=AXIS2_PLACEMENT_3D('',#12969,#10222,#10223);
#9050=AXIS2_PLACEMENT_3D('',#12973,#10225,#10226);
#9051=AXIS2_PLACEMENT_3D('',#12976,#10228,#10229);
#9052=AXIS2_PLACEMENT_3D('',#12981,#10231,#10232);
#9053=AXIS2_PLACEMENT_3D('',#12985,#10234,#10235);
#9054=AXIS2_PLACEMENT_3D('',#12989,#10237,#10238);
#9055=AXIS2_PLACEMENT_3D('',#12992,#10240,#10241);
#9056=AXIS2_PLACEMENT_3D('',#12997,#10243,#10244);
#9057=AXIS2_PLACEMENT_3D('',#13001,#10246,#10247);
#9058=AXIS2_PLACEMENT_3D('',#13005,#10249,#10250);
#9059=AXIS2_PLACEMENT_3D('',#13008,#10252,#10253);
#9060=AXIS2_PLACEMENT_3D('',#13013,#10255,#10256);
#9061=AXIS2_PLACEMENT_3D('',#13017,#10258,#10259);
#9062=AXIS2_PLACEMENT_3D('',#13021,#10261,#10262);
#9063=AXIS2_PLACEMENT_3D('',#13024,#10264,#10265);
#9064=AXIS2_PLACEMENT_3D('',#13029,#10267,#10268);
#9065=AXIS2_PLACEMENT_3D('',#13033,#10270,#10271);
#9066=AXIS2_PLACEMENT_3D('',#13037,#10273,#10274);
#9067=AXIS2_PLACEMENT_3D('',#13040,#10276,#10277);
#9068=AXIS2_PLACEMENT_3D('',#13045,#10279,#10280);
#9069=AXIS2_PLACEMENT_3D('',#13049,#10282,#10283);
#9070=AXIS2_PLACEMENT_3D('',#13053,#10285,#10286);
#9071=AXIS2_PLACEMENT_3D('',#13056,#10288,#10289);
#9072=AXIS2_PLACEMENT_3D('',#13061,#10291,#10292);
#9073=AXIS2_PLACEMENT_3D('',#13065,#10294,#10295);
#9074=AXIS2_PLACEMENT_3D('',#13069,#10297,#10298);
#9075=AXIS2_PLACEMENT_3D('',#13072,#10300,#10301);
#9076=AXIS2_PLACEMENT_3D('',#13077,#10303,#10304);
#9077=AXIS2_PLACEMENT_3D('',#13081,#10306,#10307);
#9078=AXIS2_PLACEMENT_3D('',#13085,#10309,#10310);
#9079=AXIS2_PLACEMENT_3D('',#13088,#10312,#10313);
#9080=AXIS2_PLACEMENT_3D('',#13093,#10315,#10316);
#9081=AXIS2_PLACEMENT_3D('',#13097,#10318,#10319);
#9082=AXIS2_PLACEMENT_3D('',#13101,#10321,#10322);
#9083=AXIS2_PLACEMENT_3D('',#13104,#10324,#10325);
#9084=AXIS2_PLACEMENT_3D('',#13109,#10327,#10328);
#9085=AXIS2_PLACEMENT_3D('',#13113,#10330,#10331);
#9086=AXIS2_PLACEMENT_3D('',#13117,#10333,#10334);
#9087=AXIS2_PLACEMENT_3D('',#13120,#10336,#10337);
#9088=AXIS2_PLACEMENT_3D('',#13125,#10339,#10340);
#9089=AXIS2_PLACEMENT_3D('',#13129,#10342,#10343);
#9090=AXIS2_PLACEMENT_3D('',#13133,#10345,#10346);
#9091=AXIS2_PLACEMENT_3D('',#13136,#10348,#10349);
#9092=AXIS2_PLACEMENT_3D('',#13141,#10351,#10352);
#9093=AXIS2_PLACEMENT_3D('',#13145,#10354,#10355);
#9094=AXIS2_PLACEMENT_3D('',#13149,#10357,#10358);
#9095=AXIS2_PLACEMENT_3D('',#13152,#10360,#10361);
#9096=AXIS2_PLACEMENT_3D('',#13157,#10363,#10364);
#9097=AXIS2_PLACEMENT_3D('',#13161,#10366,#10367);
#9098=AXIS2_PLACEMENT_3D('',#13165,#10369,#10370);
#9099=AXIS2_PLACEMENT_3D('',#13168,#10372,#10373);
#9100=AXIS2_PLACEMENT_3D('',#13173,#10375,#10376);
#9101=AXIS2_PLACEMENT_3D('',#13177,#10378,#10379);
#9102=AXIS2_PLACEMENT_3D('',#13181,#10381,#10382);
#9103=AXIS2_PLACEMENT_3D('',#13184,#10384,#10385);
#9104=AXIS2_PLACEMENT_3D('',#13186,#10386,#10387);
#9105=AXIS2_PLACEMENT_3D('',#13188,#10388,#10389);
#9106=AXIS2_PLACEMENT_3D('',#13192,#10391,#10392);
#9107=AXIS2_PLACEMENT_3D('',#13196,#10394,#10395);
#9108=AXIS2_PLACEMENT_3D('',#13199,#10397,#10398);
#9109=AXIS2_PLACEMENT_3D('',#13203,#10400,#10401);
#9110=AXIS2_PLACEMENT_3D('',#13209,#10404,#10405);
#9111=AXIS2_PLACEMENT_3D('',#13213,#10407,#10408);
#9112=AXIS2_PLACEMENT_3D('',#13216,#10410,#10411);
#9113=AXIS2_PLACEMENT_3D('',#13218,#10412,#10413);
#9114=AXIS2_PLACEMENT_3D('',#13222,#10415,#10416);
#9115=AXIS2_PLACEMENT_3D('',#13226,#10418,#10419);
#9116=AXIS2_PLACEMENT_3D('',#13232,#10422,#10423);
#9117=AXIS2_PLACEMENT_3D('',#13238,#10426,#10427);
#9118=AXIS2_PLACEMENT_3D('',#13242,#10429,#10430);
#9119=AXIS2_PLACEMENT_3D('',#13246,#10432,#10433);
#9120=AXIS2_PLACEMENT_3D('',#13252,#10436,#10437);
#9121=AXIS2_PLACEMENT_3D('',#13256,#10439,#10440);
#9122=AXIS2_PLACEMENT_3D('',#13262,#10443,#10444);
#9123=AXIS2_PLACEMENT_3D('',#13266,#10446,#10447);
#9124=AXIS2_PLACEMENT_3D('',#13270,#10449,#10450);
#9125=AXIS2_PLACEMENT_3D('',#13276,#10453,#10454);
#9126=AXIS2_PLACEMENT_3D('',#13282,#10457,#10458);
#9127=AXIS2_PLACEMENT_3D('',#13286,#10460,#10461);
#9128=AXIS2_PLACEMENT_3D('',#13288,#10463,#10464);
#9129=AXIS2_PLACEMENT_3D('',#13294,#10468,#10469);
#9130=AXIS2_PLACEMENT_3D('',#13297,#10471,#10472);
#9131=AXIS2_PLACEMENT_3D('',#13298,#10473,#10474);
#9132=AXIS2_PLACEMENT_3D('',#13304,#10478,#10479);
#9133=AXIS2_PLACEMENT_3D('',#13308,#10482,#10483);
#9134=AXIS2_PLACEMENT_3D('',#13311,#10485,#10486);
#9135=AXIS2_PLACEMENT_3D('',#13312,#10487,#10488);
#9136=AXIS2_PLACEMENT_3D('',#13316,#10491,#10492);
#9137=AXIS2_PLACEMENT_3D('',#13318,#10493,#10494);
#9138=AXIS2_PLACEMENT_3D('',#13320,#10496,#10497);
#9139=AXIS2_PLACEMENT_3D('',#13324,#10500,#10501);
#9140=AXIS2_PLACEMENT_3D('',#13326,#10502,#10503);
#9141=AXIS2_PLACEMENT_3D('',#13328,#10505,#10506);
#9142=AXIS2_PLACEMENT_3D('',#13332,#10509,#10510);
#9143=AXIS2_PLACEMENT_3D('',#13333,#10511,#10512);
#9144=AXIS2_PLACEMENT_3D('',#13334,#10513,#10514);
#9145=AXIS2_PLACEMENT_3D('',#13338,#10517,#10518);
#9146=AXIS2_PLACEMENT_3D('',#13340,#10519,#10520);
#9147=AXIS2_PLACEMENT_3D('',#13342,#10522,#10523);
#9148=AXIS2_PLACEMENT_3D('',#13346,#10526,#10527);
#9149=AXIS2_PLACEMENT_3D('',#13348,#10528,#10529);
#9150=AXIS2_PLACEMENT_3D('',#13350,#10531,#10532);
#9151=AXIS2_PLACEMENT_3D('',#13354,#10535,#10536);
#9152=AXIS2_PLACEMENT_3D('',#13358,#10539,#10540);
#9153=AXIS2_PLACEMENT_3D('',#13360,#10541,#10542);
#9154=AXIS2_PLACEMENT_3D('',#13362,#10544,#10545);
#9155=AXIS2_PLACEMENT_3D('',#13366,#10548,#10549);
#9156=AXIS2_PLACEMENT_3D('',#13370,#10552,#10553);
#9157=AXIS2_PLACEMENT_3D('',#13372,#10554,#10555);
#9158=AXIS2_PLACEMENT_3D('',#13374,#10557,#10558);
#9159=AXIS2_PLACEMENT_3D('',#13378,#10561,#10562);
#9160=AXIS2_PLACEMENT_3D('',#13380,#10563,#10564);
#9161=AXIS2_PLACEMENT_3D('',#13382,#10566,#10567);
#9162=AXIS2_PLACEMENT_3D('',#13386,#10570,#10571);
#9163=AXIS2_PLACEMENT_3D('',#13388,#10572,#10573);
#9164=AXIS2_PLACEMENT_3D('',#13390,#10575,#10576);
#9165=AXIS2_PLACEMENT_3D('',#13394,#10579,#10580);
#9166=AXIS2_PLACEMENT_3D('',#13396,#10581,#10582);
#9167=AXIS2_PLACEMENT_3D('',#13398,#10584,#10585);
#9168=AXIS2_PLACEMENT_3D('',#13402,#10588,#10589);
#9169=AXIS2_PLACEMENT_3D('',#13404,#10590,#10591);
#9170=AXIS2_PLACEMENT_3D('',#13406,#10593,#10594);
#9171=AXIS2_PLACEMENT_3D('',#13410,#10597,#10598);
#9172=AXIS2_PLACEMENT_3D('',#13412,#10599,#10600);
#9173=AXIS2_PLACEMENT_3D('',#13414,#10602,#10603);
#9174=AXIS2_PLACEMENT_3D('',#13418,#10606,#10607);
#9175=AXIS2_PLACEMENT_3D('',#13422,#10610,#10611);
#9176=AXIS2_PLACEMENT_3D('',#13424,#10612,#10613);
#9177=AXIS2_PLACEMENT_3D('',#13426,#10615,#10616);
#9178=AXIS2_PLACEMENT_3D('',#13430,#10619,#10620);
#9179=AXIS2_PLACEMENT_3D('',#13434,#10623,#10624);
#9180=AXIS2_PLACEMENT_3D('',#13436,#10625,#10626);
#9181=AXIS2_PLACEMENT_3D('',#13438,#10628,#10629);
#9182=AXIS2_PLACEMENT_3D('',#13442,#10632,#10633);
#9183=AXIS2_PLACEMENT_3D('',#13444,#10634,#10635);
#9184=AXIS2_PLACEMENT_3D('',#13446,#10637,#10638);
#9185=AXIS2_PLACEMENT_3D('',#13450,#10641,#10642);
#9186=AXIS2_PLACEMENT_3D('',#13451,#10643,#10644);
#9187=AXIS2_PLACEMENT_3D('',#13452,#10645,#10646);
#9188=AXIS2_PLACEMENT_3D('',#13456,#10649,#10650);
#9189=AXIS2_PLACEMENT_3D('',#13458,#10651,#10652);
#9190=AXIS2_PLACEMENT_3D('',#13460,#10654,#10655);
#9191=AXIS2_PLACEMENT_3D('',#13464,#10658,#10659);
#9192=AXIS2_PLACEMENT_3D('',#13465,#10660,#10661);
#9193=AXIS2_PLACEMENT_3D('',#13466,#10662,#10663);
#9194=AXIS2_PLACEMENT_3D('',#13470,#10666,#10667);
#9195=AXIS2_PLACEMENT_3D('',#13476,#10671,#10672);
#9196=AXIS2_PLACEMENT_3D('',#13478,#10673,#10674);
#9197=AXIS2_PLACEMENT_3D('',#13480,#10676,#10677);
#9198=AXIS2_PLACEMENT_3D('',#13484,#10680,#10681);
#9199=AXIS2_PLACEMENT_3D('',#13486,#10682,#10683);
#9200=AXIS2_PLACEMENT_3D('',#13488,#10685,#10686);
#9201=AXIS2_PLACEMENT_3D('',#13492,#10689,#10690);
#9202=AXIS2_PLACEMENT_3D('',#13494,#10691,#10692);
#9203=AXIS2_PLACEMENT_3D('',#13496,#10694,#10695);
#9204=AXIS2_PLACEMENT_3D('',#13500,#10698,#10699);
#9205=AXIS2_PLACEMENT_3D('',#13501,#10700,#10701);
#9206=AXIS2_PLACEMENT_3D('',#13502,#10702,#10703);
#9207=AXIS2_PLACEMENT_3D('',#13508,#10707,#10708);
#9208=AXIS2_PLACEMENT_3D('',#13510,#10709,#10710);
#9209=AXIS2_PLACEMENT_3D('',#13512,#10712,#10713);
#9210=AXIS2_PLACEMENT_3D('',#13516,#10716,#10717);
#9211=AXIS2_PLACEMENT_3D('',#13518,#10718,#10719);
#9212=AXIS2_PLACEMENT_3D('',#13520,#10721,#10722);
#9213=AXIS2_PLACEMENT_3D('',#13524,#10725,#10726);
#9214=AXIS2_PLACEMENT_3D('',#13526,#10727,#10728);
#9215=AXIS2_PLACEMENT_3D('',#13528,#10730,#10731);
#9216=AXIS2_PLACEMENT_3D('',#13532,#10734,#10735);
#9217=AXIS2_PLACEMENT_3D('',#13533,#10736,#10737);
#9218=AXIS2_PLACEMENT_3D('',#13534,#10738,#10739);
#9219=AXIS2_PLACEMENT_3D('',#13540,#10743,#10744);
#9220=AXIS2_PLACEMENT_3D('',#13542,#10745,#10746);
#9221=AXIS2_PLACEMENT_3D('',#13544,#10748,#10749);
#9222=AXIS2_PLACEMENT_3D('',#13548,#10752,#10753);
#9223=AXIS2_PLACEMENT_3D('',#13550,#10754,#10755);
#9224=AXIS2_PLACEMENT_3D('',#13552,#10757,#10758);
#9225=AXIS2_PLACEMENT_3D('',#13556,#10761,#10762);
#9226=AXIS2_PLACEMENT_3D('',#13558,#10763,#10764);
#9227=AXIS2_PLACEMENT_3D('',#13560,#10766,#10767);
#9228=AXIS2_PLACEMENT_3D('',#13564,#10770,#10771);
#9229=AXIS2_PLACEMENT_3D('',#13565,#10772,#10773);
#9230=AXIS2_PLACEMENT_3D('',#13566,#10774,#10775);
#9231=AXIS2_PLACEMENT_3D('',#13572,#10779,#10780);
#9232=AXIS2_PLACEMENT_3D('',#13574,#10781,#10782);
#9233=AXIS2_PLACEMENT_3D('',#13576,#10784,#10785);
#9234=AXIS2_PLACEMENT_3D('',#13580,#10788,#10789);
#9235=AXIS2_PLACEMENT_3D('',#13582,#10790,#10791);
#9236=AXIS2_PLACEMENT_3D('',#13584,#10793,#10794);
#9237=AXIS2_PLACEMENT_3D('',#13588,#10797,#10798);
#9238=AXIS2_PLACEMENT_3D('',#13590,#10799,#10800);
#9239=AXIS2_PLACEMENT_3D('',#13592,#10802,#10803);
#9240=AXIS2_PLACEMENT_3D('',#13596,#10806,#10807);
#9241=AXIS2_PLACEMENT_3D('',#13597,#10808,#10809);
#9242=AXIS2_PLACEMENT_3D('',#13598,#10810,#10811);
#9243=AXIS2_PLACEMENT_3D('',#13604,#10815,#10816);
#9244=AXIS2_PLACEMENT_3D('',#13606,#10817,#10818);
#9245=AXIS2_PLACEMENT_3D('',#13608,#10820,#10821);
#9246=AXIS2_PLACEMENT_3D('',#13612,#10824,#10825);
#9247=AXIS2_PLACEMENT_3D('',#13614,#10826,#10827);
#9248=AXIS2_PLACEMENT_3D('',#13616,#10829,#10830);
#9249=AXIS2_PLACEMENT_3D('',#13620,#10833,#10834);
#9250=AXIS2_PLACEMENT_3D('',#13622,#10835,#10836);
#9251=AXIS2_PLACEMENT_3D('',#13624,#10838,#10839);
#9252=AXIS2_PLACEMENT_3D('',#13628,#10842,#10843);
#9253=AXIS2_PLACEMENT_3D('',#13629,#10844,#10845);
#9254=AXIS2_PLACEMENT_3D('',#13630,#10846,#10847);
#9255=AXIS2_PLACEMENT_3D('',#13636,#10851,#10852);
#9256=AXIS2_PLACEMENT_3D('',#13638,#10853,#10854);
#9257=AXIS2_PLACEMENT_3D('',#13640,#10856,#10857);
#9258=AXIS2_PLACEMENT_3D('',#13644,#10860,#10861);
#9259=AXIS2_PLACEMENT_3D('',#13646,#10862,#10863);
#9260=AXIS2_PLACEMENT_3D('',#13648,#10865,#10866);
#9261=AXIS2_PLACEMENT_3D('',#13652,#10869,#10870);
#9262=AXIS2_PLACEMENT_3D('',#13654,#10871,#10872);
#9263=AXIS2_PLACEMENT_3D('',#13656,#10874,#10875);
#9264=AXIS2_PLACEMENT_3D('',#13660,#10878,#10879);
#9265=AXIS2_PLACEMENT_3D('',#13661,#10880,#10881);
#9266=AXIS2_PLACEMENT_3D('',#13662,#10882,#10883);
#9267=AXIS2_PLACEMENT_3D('',#13668,#10887,#10888);
#9268=AXIS2_PLACEMENT_3D('',#13670,#10889,#10890);
#9269=AXIS2_PLACEMENT_3D('',#13672,#10892,#10893);
#9270=AXIS2_PLACEMENT_3D('',#13676,#10896,#10897);
#9271=AXIS2_PLACEMENT_3D('',#13678,#10898,#10899);
#9272=AXIS2_PLACEMENT_3D('',#13680,#10901,#10902);
#9273=AXIS2_PLACEMENT_3D('',#13684,#10905,#10906);
#9274=AXIS2_PLACEMENT_3D('',#13686,#10907,#10908);
#9275=AXIS2_PLACEMENT_3D('',#13688,#10910,#10911);
#9276=AXIS2_PLACEMENT_3D('',#13692,#10914,#10915);
#9277=AXIS2_PLACEMENT_3D('',#13693,#10916,#10917);
#9278=AXIS2_PLACEMENT_3D('',#13694,#10918,#10919);
#9279=AXIS2_PLACEMENT_3D('',#13700,#10923,#10924);
#9280=AXIS2_PLACEMENT_3D('',#13702,#10925,#10926);
#9281=AXIS2_PLACEMENT_3D('',#13704,#10928,#10929);
#9282=AXIS2_PLACEMENT_3D('',#13708,#10932,#10933);
#9283=AXIS2_PLACEMENT_3D('',#13710,#10934,#10935);
#9284=AXIS2_PLACEMENT_3D('',#13712,#10937,#10938);
#9285=AXIS2_PLACEMENT_3D('',#13716,#10941,#10942);
#9286=AXIS2_PLACEMENT_3D('',#13718,#10943,#10944);
#9287=AXIS2_PLACEMENT_3D('',#13720,#10946,#10947);
#9288=AXIS2_PLACEMENT_3D('',#13724,#10950,#10951);
#9289=AXIS2_PLACEMENT_3D('',#13725,#10952,#10953);
#9290=AXIS2_PLACEMENT_3D('',#13726,#10954,#10955);
#9291=AXIS2_PLACEMENT_3D('',#13732,#10959,#10960);
#9292=AXIS2_PLACEMENT_3D('',#13734,#10961,#10962);
#9293=AXIS2_PLACEMENT_3D('',#13736,#10964,#10965);
#9294=AXIS2_PLACEMENT_3D('',#13740,#10968,#10969);
#9295=AXIS2_PLACEMENT_3D('',#13742,#10970,#10971);
#9296=AXIS2_PLACEMENT_3D('',#13744,#10973,#10974);
#9297=AXIS2_PLACEMENT_3D('',#13748,#10977,#10978);
#9298=AXIS2_PLACEMENT_3D('',#13750,#10979,#10980);
#9299=AXIS2_PLACEMENT_3D('',#13752,#10982,#10983);
#9300=AXIS2_PLACEMENT_3D('',#13756,#10986,#10987);
#9301=AXIS2_PLACEMENT_3D('',#13757,#10988,#10989);
#9302=AXIS2_PLACEMENT_3D('',#13758,#10990,#10991);
#9303=AXIS2_PLACEMENT_3D('',#13760,#10992,#10993);
#9304=AXIS2_PLACEMENT_3D('',#13762,#10995,#10996);
#9305=AXIS2_PLACEMENT_3D('',#13766,#10999,#11000);
#9306=AXIS2_PLACEMENT_3D('',#13767,#11001,#11002);
#9307=AXIS2_PLACEMENT_3D('',#13768,#11003,#11004);
#9308=AXIS2_PLACEMENT_3D('',#13772,#11007,#11008);
#9309=AXIS2_PLACEMENT_3D('',#13774,#11009,#11010);
#9310=AXIS2_PLACEMENT_3D('',#13776,#11012,#11013);
#9311=AXIS2_PLACEMENT_3D('',#13780,#11016,#11017);
#9312=AXIS2_PLACEMENT_3D('',#13781,#11018,#11019);
#9313=AXIS2_PLACEMENT_3D('',#13782,#11020,#11021);
#9314=AXIS2_PLACEMENT_3D('',#13788,#11025,#11026);
#9315=AXIS2_PLACEMENT_3D('',#13790,#11027,#11028);
#9316=AXIS2_PLACEMENT_3D('',#13792,#11030,#11031);
#9317=AXIS2_PLACEMENT_3D('',#13796,#11034,#11035);
#9318=AXIS2_PLACEMENT_3D('',#13798,#11036,#11037);
#9319=AXIS2_PLACEMENT_3D('',#13800,#11039,#11040);
#9320=AXIS2_PLACEMENT_3D('',#13804,#11043,#11044);
#9321=AXIS2_PLACEMENT_3D('',#13806,#11045,#11046);
#9322=AXIS2_PLACEMENT_3D('',#13808,#11048,#11049);
#9323=AXIS2_PLACEMENT_3D('',#13812,#11052,#11053);
#9324=AXIS2_PLACEMENT_3D('',#13813,#11054,#11055);
#9325=AXIS2_PLACEMENT_3D('',#13814,#11056,#11057);
#9326=AXIS2_PLACEMENT_3D('',#13820,#11061,#11062);
#9327=AXIS2_PLACEMENT_3D('',#13822,#11063,#11064);
#9328=AXIS2_PLACEMENT_3D('',#13824,#11066,#11067);
#9329=AXIS2_PLACEMENT_3D('',#13828,#11070,#11071);
#9330=AXIS2_PLACEMENT_3D('',#13830,#11072,#11073);
#9331=AXIS2_PLACEMENT_3D('',#13832,#11075,#11076);
#9332=AXIS2_PLACEMENT_3D('',#13836,#11079,#11080);
#9333=AXIS2_PLACEMENT_3D('',#13838,#11081,#11082);
#9334=AXIS2_PLACEMENT_3D('',#13840,#11084,#11085);
#9335=AXIS2_PLACEMENT_3D('',#13844,#11088,#11089);
#9336=AXIS2_PLACEMENT_3D('',#13845,#11090,#11091);
#9337=AXIS2_PLACEMENT_3D('',#13846,#11092,#11093);
#9338=AXIS2_PLACEMENT_3D('',#13852,#11097,#11098);
#9339=AXIS2_PLACEMENT_3D('',#13854,#11099,#11100);
#9340=AXIS2_PLACEMENT_3D('',#13856,#11102,#11103);
#9341=AXIS2_PLACEMENT_3D('',#13860,#11106,#11107);
#9342=AXIS2_PLACEMENT_3D('',#13862,#11108,#11109);
#9343=AXIS2_PLACEMENT_3D('',#13864,#11111,#11112);
#9344=AXIS2_PLACEMENT_3D('',#13868,#11115,#11116);
#9345=AXIS2_PLACEMENT_3D('',#13870,#11117,#11118);
#9346=AXIS2_PLACEMENT_3D('',#13872,#11120,#11121);
#9347=AXIS2_PLACEMENT_3D('',#13876,#11124,#11125);
#9348=AXIS2_PLACEMENT_3D('',#13877,#11126,#11127);
#9349=AXIS2_PLACEMENT_3D('',#13878,#11128,#11129);
#9350=AXIS2_PLACEMENT_3D('',#13884,#11133,#11134);
#9351=AXIS2_PLACEMENT_3D('',#13886,#11135,#11136);
#9352=AXIS2_PLACEMENT_3D('',#13888,#11138,#11139);
#9353=AXIS2_PLACEMENT_3D('',#13892,#11142,#11143);
#9354=AXIS2_PLACEMENT_3D('',#13894,#11144,#11145);
#9355=AXIS2_PLACEMENT_3D('',#13896,#11147,#11148);
#9356=AXIS2_PLACEMENT_3D('',#13900,#11151,#11152);
#9357=AXIS2_PLACEMENT_3D('',#13902,#11153,#11154);
#9358=AXIS2_PLACEMENT_3D('',#13904,#11156,#11157);
#9359=AXIS2_PLACEMENT_3D('',#13908,#11160,#11161);
#9360=AXIS2_PLACEMENT_3D('',#13909,#11162,#11163);
#9361=AXIS2_PLACEMENT_3D('',#13910,#11164,#11165);
#9362=AXIS2_PLACEMENT_3D('',#13916,#11169,#11170);
#9363=AXIS2_PLACEMENT_3D('',#13918,#11171,#11172);
#9364=AXIS2_PLACEMENT_3D('',#13920,#11174,#11175);
#9365=AXIS2_PLACEMENT_3D('',#13924,#11178,#11179);
#9366=AXIS2_PLACEMENT_3D('',#13926,#11180,#11181);
#9367=AXIS2_PLACEMENT_3D('',#13928,#11183,#11184);
#9368=AXIS2_PLACEMENT_3D('',#13932,#11187,#11188);
#9369=AXIS2_PLACEMENT_3D('',#13934,#11189,#11190);
#9370=AXIS2_PLACEMENT_3D('',#13936,#11192,#11193);
#9371=AXIS2_PLACEMENT_3D('',#13940,#11196,#11197);
#9372=AXIS2_PLACEMENT_3D('',#13941,#11198,#11199);
#9373=AXIS2_PLACEMENT_3D('',#13942,#11200,#11201);
#9374=AXIS2_PLACEMENT_3D('',#13948,#11205,#11206);
#9375=AXIS2_PLACEMENT_3D('',#13950,#11207,#11208);
#9376=AXIS2_PLACEMENT_3D('',#13952,#11210,#11211);
#9377=AXIS2_PLACEMENT_3D('',#13956,#11214,#11215);
#9378=AXIS2_PLACEMENT_3D('',#13958,#11216,#11217);
#9379=AXIS2_PLACEMENT_3D('',#13960,#11219,#11220);
#9380=AXIS2_PLACEMENT_3D('',#13964,#11223,#11224);
#9381=AXIS2_PLACEMENT_3D('',#13966,#11225,#11226);
#9382=AXIS2_PLACEMENT_3D('',#13968,#11228,#11229);
#9383=AXIS2_PLACEMENT_3D('',#13972,#11232,#11233);
#9384=AXIS2_PLACEMENT_3D('',#13973,#11234,#11235);
#9385=AXIS2_PLACEMENT_3D('',#13974,#11236,#11237);
#9386=AXIS2_PLACEMENT_3D('',#13980,#11241,#11242);
#9387=AXIS2_PLACEMENT_3D('',#13982,#11243,#11244);
#9388=AXIS2_PLACEMENT_3D('',#13984,#11246,#11247);
#9389=AXIS2_PLACEMENT_3D('',#13988,#11250,#11251);
#9390=AXIS2_PLACEMENT_3D('',#13990,#11252,#11253);
#9391=AXIS2_PLACEMENT_3D('',#13992,#11255,#11256);
#9392=AXIS2_PLACEMENT_3D('',#13996,#11259,#11260);
#9393=AXIS2_PLACEMENT_3D('',#13998,#11261,#11262);
#9394=AXIS2_PLACEMENT_3D('',#14000,#11264,#11265);
#9395=AXIS2_PLACEMENT_3D('',#14004,#11268,#11269);
#9396=AXIS2_PLACEMENT_3D('',#14005,#11270,#11271);
#9397=AXIS2_PLACEMENT_3D('',#14006,#11272,#11273);
#9398=AXIS2_PLACEMENT_3D('',#14012,#11277,#11278);
#9399=AXIS2_PLACEMENT_3D('',#14014,#11279,#11280);
#9400=AXIS2_PLACEMENT_3D('',#14016,#11282,#11283);
#9401=AXIS2_PLACEMENT_3D('',#14020,#11286,#11287);
#9402=AXIS2_PLACEMENT_3D('',#14022,#11288,#11289);
#9403=AXIS2_PLACEMENT_3D('',#14024,#11291,#11292);
#9404=AXIS2_PLACEMENT_3D('',#14028,#11295,#11296);
#9405=AXIS2_PLACEMENT_3D('',#14030,#11297,#11298);
#9406=AXIS2_PLACEMENT_3D('',#14032,#11300,#11301);
#9407=AXIS2_PLACEMENT_3D('',#14036,#11304,#11305);
#9408=AXIS2_PLACEMENT_3D('',#14037,#11306,#11307);
#9409=AXIS2_PLACEMENT_3D('',#14038,#11308,#11309);
#9410=AXIS2_PLACEMENT_3D('',#14044,#11313,#11314);
#9411=AXIS2_PLACEMENT_3D('',#14046,#11315,#11316);
#9412=AXIS2_PLACEMENT_3D('',#14048,#11318,#11319);
#9413=AXIS2_PLACEMENT_3D('',#14052,#11322,#11323);
#9414=AXIS2_PLACEMENT_3D('',#14054,#11324,#11325);
#9415=AXIS2_PLACEMENT_3D('',#14056,#11327,#11328);
#9416=AXIS2_PLACEMENT_3D('',#14060,#11331,#11332);
#9417=AXIS2_PLACEMENT_3D('',#14062,#11333,#11334);
#9418=AXIS2_PLACEMENT_3D('',#14064,#11336,#11337);
#9419=AXIS2_PLACEMENT_3D('',#14068,#11340,#11341);
#9420=AXIS2_PLACEMENT_3D('',#14069,#11342,#11343);
#9421=AXIS2_PLACEMENT_3D('',#14070,#11344,#11345);
#9422=AXIS2_PLACEMENT_3D('',#14076,#11349,#11350);
#9423=AXIS2_PLACEMENT_3D('',#14078,#11351,#11352);
#9424=AXIS2_PLACEMENT_3D('',#14080,#11354,#11355);
#9425=AXIS2_PLACEMENT_3D('',#14084,#11358,#11359);
#9426=AXIS2_PLACEMENT_3D('',#14086,#11360,#11361);
#9427=AXIS2_PLACEMENT_3D('',#14088,#11363,#11364);
#9428=AXIS2_PLACEMENT_3D('',#14092,#11367,#11368);
#9429=AXIS2_PLACEMENT_3D('',#14094,#11369,#11370);
#9430=AXIS2_PLACEMENT_3D('',#14096,#11372,#11373);
#9431=AXIS2_PLACEMENT_3D('',#14100,#11376,#11377);
#9432=AXIS2_PLACEMENT_3D('',#14101,#11378,#11379);
#9433=AXIS2_PLACEMENT_3D('',#14102,#11380,#11381);
#9434=AXIS2_PLACEMENT_3D('',#14108,#11385,#11386);
#9435=AXIS2_PLACEMENT_3D('',#14110,#11387,#11388);
#9436=AXIS2_PLACEMENT_3D('',#14112,#11390,#11391);
#9437=AXIS2_PLACEMENT_3D('',#14116,#11394,#11395);
#9438=AXIS2_PLACEMENT_3D('',#14118,#11396,#11397);
#9439=AXIS2_PLACEMENT_3D('',#14120,#11399,#11400);
#9440=AXIS2_PLACEMENT_3D('',#14124,#11403,#11404);
#9441=AXIS2_PLACEMENT_3D('',#14126,#11405,#11406);
#9442=AXIS2_PLACEMENT_3D('',#14128,#11408,#11409);
#9443=AXIS2_PLACEMENT_3D('',#14132,#11412,#11413);
#9444=AXIS2_PLACEMENT_3D('',#14133,#11414,#11415);
#9445=AXIS2_PLACEMENT_3D('',#14134,#11416,#11417);
#9446=AXIS2_PLACEMENT_3D('',#14140,#11421,#11422);
#9447=AXIS2_PLACEMENT_3D('',#14142,#11423,#11424);
#9448=AXIS2_PLACEMENT_3D('',#14144,#11426,#11427);
#9449=AXIS2_PLACEMENT_3D('',#14148,#11430,#11431);
#9450=AXIS2_PLACEMENT_3D('',#14150,#11432,#11433);
#9451=AXIS2_PLACEMENT_3D('',#14152,#11435,#11436);
#9452=AXIS2_PLACEMENT_3D('',#14156,#11439,#11440);
#9453=AXIS2_PLACEMENT_3D('',#14158,#11441,#11442);
#9454=AXIS2_PLACEMENT_3D('',#14160,#11444,#11445);
#9455=AXIS2_PLACEMENT_3D('',#14164,#11448,#11449);
#9456=AXIS2_PLACEMENT_3D('',#14165,#11450,#11451);
#9457=AXIS2_PLACEMENT_3D('',#14166,#11452,#11453);
#9458=AXIS2_PLACEMENT_3D('',#14172,#11457,#11458);
#9459=AXIS2_PLACEMENT_3D('',#14174,#11459,#11460);
#9460=AXIS2_PLACEMENT_3D('',#14176,#11462,#11463);
#9461=AXIS2_PLACEMENT_3D('',#14180,#11466,#11467);
#9462=AXIS2_PLACEMENT_3D('',#14182,#11468,#11469);
#9463=AXIS2_PLACEMENT_3D('',#14184,#11471,#11472);
#9464=AXIS2_PLACEMENT_3D('',#14188,#11475,#11476);
#9465=AXIS2_PLACEMENT_3D('',#14190,#11477,#11478);
#9466=AXIS2_PLACEMENT_3D('',#14192,#11480,#11481);
#9467=AXIS2_PLACEMENT_3D('',#14196,#11484,#11485);
#9468=AXIS2_PLACEMENT_3D('',#14197,#11486,#11487);
#9469=AXIS2_PLACEMENT_3D('',#14198,#11488,#11489);
#9470=AXIS2_PLACEMENT_3D('',#14204,#11493,#11494);
#9471=AXIS2_PLACEMENT_3D('',#14206,#11495,#11496);
#9472=AXIS2_PLACEMENT_3D('',#14208,#11498,#11499);
#9473=AXIS2_PLACEMENT_3D('',#14212,#11502,#11503);
#9474=AXIS2_PLACEMENT_3D('',#14214,#11504,#11505);
#9475=AXIS2_PLACEMENT_3D('',#14216,#11507,#11508);
#9476=AXIS2_PLACEMENT_3D('',#14220,#11511,#11512);
#9477=AXIS2_PLACEMENT_3D('',#14222,#11513,#11514);
#9478=AXIS2_PLACEMENT_3D('',#14224,#11516,#11517);
#9479=AXIS2_PLACEMENT_3D('',#14228,#11520,#11521);
#9480=AXIS2_PLACEMENT_3D('',#14229,#11522,#11523);
#9481=AXIS2_PLACEMENT_3D('',#14230,#11524,#11525);
#9482=AXIS2_PLACEMENT_3D('',#14236,#11529,#11530);
#9483=AXIS2_PLACEMENT_3D('',#14238,#11531,#11532);
#9484=AXIS2_PLACEMENT_3D('',#14240,#11534,#11535);
#9485=AXIS2_PLACEMENT_3D('',#14244,#11538,#11539);
#9486=AXIS2_PLACEMENT_3D('',#14246,#11540,#11541);
#9487=AXIS2_PLACEMENT_3D('',#14248,#11543,#11544);
#9488=AXIS2_PLACEMENT_3D('',#14252,#11547,#11548);
#9489=AXIS2_PLACEMENT_3D('',#14254,#11549,#11550);
#9490=AXIS2_PLACEMENT_3D('',#14256,#11552,#11553);
#9491=AXIS2_PLACEMENT_3D('',#14260,#11556,#11557);
#9492=AXIS2_PLACEMENT_3D('',#14261,#11558,#11559);
#9493=AXIS2_PLACEMENT_3D('',#14262,#11560,#11561);
#9494=AXIS2_PLACEMENT_3D('',#14268,#11565,#11566);
#9495=AXIS2_PLACEMENT_3D('',#14270,#11567,#11568);
#9496=AXIS2_PLACEMENT_3D('',#14272,#11570,#11571);
#9497=AXIS2_PLACEMENT_3D('',#14276,#11574,#11575);
#9498=AXIS2_PLACEMENT_3D('',#14278,#11576,#11577);
#9499=AXIS2_PLACEMENT_3D('',#14280,#11579,#11580);
#9500=AXIS2_PLACEMENT_3D('',#14284,#11583,#11584);
#9501=AXIS2_PLACEMENT_3D('',#14286,#11585,#11586);
#9502=AXIS2_PLACEMENT_3D('',#14288,#11588,#11589);
#9503=AXIS2_PLACEMENT_3D('',#14292,#11592,#11593);
#9504=AXIS2_PLACEMENT_3D('',#14293,#11594,#11595);
#9505=AXIS2_PLACEMENT_3D('',#14294,#11596,#11597);
#9506=AXIS2_PLACEMENT_3D('',#14300,#11601,#11602);
#9507=AXIS2_PLACEMENT_3D('',#14302,#11603,#11604);
#9508=AXIS2_PLACEMENT_3D('',#14304,#11606,#11607);
#9509=AXIS2_PLACEMENT_3D('',#14308,#11610,#11611);
#9510=AXIS2_PLACEMENT_3D('',#14310,#11612,#11613);
#9511=AXIS2_PLACEMENT_3D('',#14312,#11615,#11616);
#9512=AXIS2_PLACEMENT_3D('',#14316,#11619,#11620);
#9513=AXIS2_PLACEMENT_3D('',#14318,#11621,#11622);
#9514=AXIS2_PLACEMENT_3D('',#14320,#11624,#11625);
#9515=AXIS2_PLACEMENT_3D('',#14324,#11628,#11629);
#9516=AXIS2_PLACEMENT_3D('',#14325,#11630,#11631);
#9517=AXIS2_PLACEMENT_3D('',#14326,#11632,#11633);
#9518=AXIS2_PLACEMENT_3D('',#14332,#11637,#11638);
#9519=AXIS2_PLACEMENT_3D('',#14334,#11639,#11640);
#9520=AXIS2_PLACEMENT_3D('',#14336,#11642,#11643);
#9521=AXIS2_PLACEMENT_3D('',#14340,#11646,#11647);
#9522=AXIS2_PLACEMENT_3D('',#14342,#11648,#11649);
#9523=AXIS2_PLACEMENT_3D('',#14344,#11651,#11652);
#9524=AXIS2_PLACEMENT_3D('',#14348,#11655,#11656);
#9525=AXIS2_PLACEMENT_3D('',#14350,#11657,#11658);
#9526=AXIS2_PLACEMENT_3D('',#14352,#11660,#11661);
#9527=AXIS2_PLACEMENT_3D('',#14356,#11664,#11665);
#9528=AXIS2_PLACEMENT_3D('',#14357,#11666,#11667);
#9529=AXIS2_PLACEMENT_3D('',#14358,#11668,#11669);
#9530=AXIS2_PLACEMENT_3D('',#14364,#11673,#11674);
#9531=AXIS2_PLACEMENT_3D('',#14366,#11675,#11676);
#9532=AXIS2_PLACEMENT_3D('',#14368,#11678,#11679);
#9533=AXIS2_PLACEMENT_3D('',#14372,#11682,#11683);
#9534=AXIS2_PLACEMENT_3D('',#14374,#11684,#11685);
#9535=AXIS2_PLACEMENT_3D('',#14376,#11687,#11688);
#9536=AXIS2_PLACEMENT_3D('',#14380,#11691,#11692);
#9537=AXIS2_PLACEMENT_3D('',#14382,#11693,#11694);
#9538=AXIS2_PLACEMENT_3D('',#14384,#11696,#11697);
#9539=AXIS2_PLACEMENT_3D('',#14388,#11700,#11701);
#9540=AXIS2_PLACEMENT_3D('',#14389,#11702,#11703);
#9541=AXIS2_PLACEMENT_3D('',#14390,#11704,#11705);
#9542=AXIS2_PLACEMENT_3D('',#14396,#11709,#11710);
#9543=AXIS2_PLACEMENT_3D('',#14398,#11711,#11712);
#9544=AXIS2_PLACEMENT_3D('',#14400,#11714,#11715);
#9545=AXIS2_PLACEMENT_3D('',#14404,#11718,#11719);
#9546=AXIS2_PLACEMENT_3D('',#14406,#11720,#11721);
#9547=AXIS2_PLACEMENT_3D('',#14408,#11723,#11724);
#9548=AXIS2_PLACEMENT_3D('',#14412,#11727,#11728);
#9549=AXIS2_PLACEMENT_3D('',#14414,#11729,#11730);
#9550=AXIS2_PLACEMENT_3D('',#14416,#11732,#11733);
#9551=AXIS2_PLACEMENT_3D('',#14420,#11736,#11737);
#9552=AXIS2_PLACEMENT_3D('',#14421,#11738,#11739);
#9553=AXIS2_PLACEMENT_3D('',#14422,#11740,#11741);
#9554=AXIS2_PLACEMENT_3D('',#14428,#11745,#11746);
#9555=AXIS2_PLACEMENT_3D('',#14430,#11747,#11748);
#9556=AXIS2_PLACEMENT_3D('',#14432,#11750,#11751);
#9557=AXIS2_PLACEMENT_3D('',#14436,#11754,#11755);
#9558=AXIS2_PLACEMENT_3D('',#14438,#11756,#11757);
#9559=AXIS2_PLACEMENT_3D('',#14440,#11759,#11760);
#9560=AXIS2_PLACEMENT_3D('',#14444,#11763,#11764);
#9561=AXIS2_PLACEMENT_3D('',#14446,#11765,#11766);
#9562=AXIS2_PLACEMENT_3D('',#14448,#11768,#11769);
#9563=AXIS2_PLACEMENT_3D('',#14452,#11772,#11773);
#9564=AXIS2_PLACEMENT_3D('',#14453,#11774,#11775);
#9565=AXIS2_PLACEMENT_3D('',#14454,#11776,#11777);
#9566=AXIS2_PLACEMENT_3D('',#14460,#11781,#11782);
#9567=AXIS2_PLACEMENT_3D('',#14462,#11783,#11784);
#9568=AXIS2_PLACEMENT_3D('',#14464,#11786,#11787);
#9569=AXIS2_PLACEMENT_3D('',#14468,#11790,#11791);
#9570=AXIS2_PLACEMENT_3D('',#14470,#11792,#11793);
#9571=AXIS2_PLACEMENT_3D('',#14472,#11795,#11796);
#9572=AXIS2_PLACEMENT_3D('',#14476,#11799,#11800);
#9573=AXIS2_PLACEMENT_3D('',#14478,#11801,#11802);
#9574=AXIS2_PLACEMENT_3D('',#14480,#11804,#11805);
#9575=AXIS2_PLACEMENT_3D('',#14484,#11808,#11809);
#9576=AXIS2_PLACEMENT_3D('',#14485,#11810,#11811);
#9577=AXIS2_PLACEMENT_3D('',#14486,#11812,#11813);
#9578=AXIS2_PLACEMENT_3D('',#14492,#11817,#11818);
#9579=AXIS2_PLACEMENT_3D('',#14494,#11819,#11820);
#9580=AXIS2_PLACEMENT_3D('',#14496,#11822,#11823);
#9581=AXIS2_PLACEMENT_3D('',#14500,#11826,#11827);
#9582=AXIS2_PLACEMENT_3D('',#14502,#11828,#11829);
#9583=AXIS2_PLACEMENT_3D('',#14504,#11831,#11832);
#9584=AXIS2_PLACEMENT_3D('',#14508,#11835,#11836);
#9585=AXIS2_PLACEMENT_3D('',#14510,#11837,#11838);
#9586=AXIS2_PLACEMENT_3D('',#14512,#11840,#11841);
#9587=AXIS2_PLACEMENT_3D('',#14516,#11844,#11845);
#9588=AXIS2_PLACEMENT_3D('',#14517,#11846,#11847);
#9589=AXIS2_PLACEMENT_3D('',#14518,#11848,#11849);
#9590=AXIS2_PLACEMENT_3D('',#14524,#11853,#11854);
#9591=AXIS2_PLACEMENT_3D('',#14526,#11855,#11856);
#9592=AXIS2_PLACEMENT_3D('',#14528,#11858,#11859);
#9593=AXIS2_PLACEMENT_3D('',#14532,#11862,#11863);
#9594=AXIS2_PLACEMENT_3D('',#14534,#11864,#11865);
#9595=AXIS2_PLACEMENT_3D('',#14536,#11867,#11868);
#9596=AXIS2_PLACEMENT_3D('',#14540,#11871,#11872);
#9597=AXIS2_PLACEMENT_3D('',#14542,#11873,#11874);
#9598=AXIS2_PLACEMENT_3D('',#14544,#11876,#11877);
#9599=AXIS2_PLACEMENT_3D('',#14548,#11880,#11881);
#9600=AXIS2_PLACEMENT_3D('',#14549,#11882,#11883);
#9601=AXIS2_PLACEMENT_3D('',#14550,#11884,#11885);
#9602=AXIS2_PLACEMENT_3D('',#14556,#11889,#11890);
#9603=AXIS2_PLACEMENT_3D('',#14558,#11891,#11892);
#9604=AXIS2_PLACEMENT_3D('',#14560,#11894,#11895);
#9605=AXIS2_PLACEMENT_3D('',#14564,#11898,#11899);
#9606=AXIS2_PLACEMENT_3D('',#14566,#11900,#11901);
#9607=AXIS2_PLACEMENT_3D('',#14568,#11903,#11904);
#9608=AXIS2_PLACEMENT_3D('',#14572,#11907,#11908);
#9609=AXIS2_PLACEMENT_3D('',#14574,#11909,#11910);
#9610=AXIS2_PLACEMENT_3D('',#14576,#11912,#11913);
#9611=AXIS2_PLACEMENT_3D('',#14580,#11916,#11917);
#9612=AXIS2_PLACEMENT_3D('',#14581,#11918,#11919);
#9613=AXIS2_PLACEMENT_3D('',#14582,#11920,#11921);
#9614=AXIS2_PLACEMENT_3D('',#14588,#11925,#11926);
#9615=AXIS2_PLACEMENT_3D('',#14590,#11927,#11928);
#9616=AXIS2_PLACEMENT_3D('',#14592,#11930,#11931);
#9617=AXIS2_PLACEMENT_3D('',#14596,#11934,#11935);
#9618=AXIS2_PLACEMENT_3D('',#14598,#11936,#11937);
#9619=AXIS2_PLACEMENT_3D('',#14600,#11939,#11940);
#9620=AXIS2_PLACEMENT_3D('',#14604,#11943,#11944);
#9621=AXIS2_PLACEMENT_3D('',#14606,#11945,#11946);
#9622=AXIS2_PLACEMENT_3D('',#14608,#11948,#11949);
#9623=AXIS2_PLACEMENT_3D('',#14612,#11952,#11953);
#9624=AXIS2_PLACEMENT_3D('',#14613,#11954,#11955);
#9625=AXIS2_PLACEMENT_3D('',#14614,#11956,#11957);
#9626=AXIS2_PLACEMENT_3D('',#14620,#11961,#11962);
#9627=AXIS2_PLACEMENT_3D('',#14622,#11963,#11964);
#9628=AXIS2_PLACEMENT_3D('',#14624,#11966,#11967);
#9629=AXIS2_PLACEMENT_3D('',#14628,#11970,#11971);
#9630=AXIS2_PLACEMENT_3D('',#14630,#11972,#11973);
#9631=AXIS2_PLACEMENT_3D('',#14632,#11975,#11976);
#9632=AXIS2_PLACEMENT_3D('',#14636,#11979,#11980);
#9633=AXIS2_PLACEMENT_3D('',#14638,#11981,#11982);
#9634=AXIS2_PLACEMENT_3D('',#14640,#11984,#11985);
#9635=AXIS2_PLACEMENT_3D('',#14644,#11988,#11989);
#9636=AXIS2_PLACEMENT_3D('',#14645,#11990,#11991);
#9637=AXIS2_PLACEMENT_3D('',#14646,#11992,#11993);
#9638=AXIS2_PLACEMENT_3D('',#14652,#11997,#11998);
#9639=AXIS2_PLACEMENT_3D('',#14654,#11999,#12000);
#9640=AXIS2_PLACEMENT_3D('',#14656,#12002,#12003);
#9641=AXIS2_PLACEMENT_3D('',#14660,#12006,#12007);
#9642=AXIS2_PLACEMENT_3D('',#14662,#12008,#12009);
#9643=AXIS2_PLACEMENT_3D('',#14664,#12011,#12012);
#9644=AXIS2_PLACEMENT_3D('',#14668,#12015,#12016);
#9645=AXIS2_PLACEMENT_3D('',#14670,#12017,#12018);
#9646=AXIS2_PLACEMENT_3D('',#14672,#12020,#12021);
#9647=AXIS2_PLACEMENT_3D('',#14676,#12024,#12025);
#9648=AXIS2_PLACEMENT_3D('',#14677,#12026,#12027);
#9649=AXIS2_PLACEMENT_3D('',#14678,#12028,#12029);
#9650=AXIS2_PLACEMENT_3D('',#14684,#12033,#12034);
#9651=AXIS2_PLACEMENT_3D('',#14688,#12037,#12038);
#9652=AXIS2_PLACEMENT_3D('',#14693,#12040,#12041);
#9653=AXIS2_PLACEMENT_3D('',#14697,#12043,#12044);
#9654=AXIS2_PLACEMENT_3D('',#14701,#12046,#12047);
#9655=AXIS2_PLACEMENT_3D('',#14705,#12049,#12050);
#9656=AXIS2_PLACEMENT_3D('',#14709,#12052,#12053);
#9657=AXIS2_PLACEMENT_3D('',#14713,#12055,#12056);
#9658=AXIS2_PLACEMENT_3D('',#14717,#12058,#12059);
#9659=AXIS2_PLACEMENT_3D('',#14721,#12061,#12062);
#9660=AXIS2_PLACEMENT_3D('',#14725,#12064,#12065);
#9661=AXIS2_PLACEMENT_3D('',#14729,#12067,#12068);
#9662=AXIS2_PLACEMENT_3D('',#14733,#12070,#12071);
#9663=AXIS2_PLACEMENT_3D('',#14737,#12073,#12074);
#9664=AXIS2_PLACEMENT_3D('',#14741,#12076,#12077);
#9665=AXIS2_PLACEMENT_3D('',#14745,#12079,#12080);
#9666=AXIS2_PLACEMENT_3D('',#14749,#12082,#12083);
#9667=AXIS2_PLACEMENT_3D('',#14753,#12085,#12086);
#9668=AXIS2_PLACEMENT_3D('',#14757,#12088,#12089);
#9669=AXIS2_PLACEMENT_3D('',#14761,#12091,#12092);
#9670=AXIS2_PLACEMENT_3D('',#14766,#12095,#12096);
#9671=AXIS2_PLACEMENT_3D('',#14770,#12098,#12099);
#9672=AXIS2_PLACEMENT_3D('',#14774,#12101,#12102);
#9673=AXIS2_PLACEMENT_3D('',#14778,#12104,#12105);
#9674=AXIS2_PLACEMENT_3D('',#14782,#12107,#12108);
#9675=AXIS2_PLACEMENT_3D('',#14786,#12110,#12111);
#9676=AXIS2_PLACEMENT_3D('',#14790,#12113,#12114);
#9677=AXIS2_PLACEMENT_3D('',#14794,#12116,#12117);
#9678=AXIS2_PLACEMENT_3D('',#14798,#12119,#12120);
#9679=AXIS2_PLACEMENT_3D('',#14802,#12122,#12123);
#9680=AXIS2_PLACEMENT_3D('',#14806,#12125,#12126);
#9681=AXIS2_PLACEMENT_3D('',#14810,#12128,#12129);
#9682=AXIS2_PLACEMENT_3D('',#14814,#12131,#12132);
#9683=AXIS2_PLACEMENT_3D('',#14818,#12134,#12135);
#9684=AXIS2_PLACEMENT_3D('',#14822,#12137,#12138);
#9685=AXIS2_PLACEMENT_3D('',#14826,#12140,#12141);
#9686=AXIS2_PLACEMENT_3D('',#14830,#12143,#12144);
#9687=AXIS2_PLACEMENT_3D('',#14833,#12146,#12147);
#9688=AXIS2_PLACEMENT_3D('',#14834,#12148,#12149);
#9689=AXIS2_PLACEMENT_3D('',#14836,#12151,#12152);
#9690=AXIS2_PLACEMENT_3D('',#14838,#12154,#12155);
#9691=AXIS2_PLACEMENT_3D('',#14841,#12158,#12159);
#9692=AXIS2_PLACEMENT_3D('',#14843,#12161,#12162);
#9693=AXIS2_PLACEMENT_3D('',#14845,#12164,#12165);
#9694=AXIS2_PLACEMENT_3D('',#14847,#12167,#12168);
#9695=AXIS2_PLACEMENT_3D('',#14848,#12169,#12170);
#9696=AXIS2_PLACEMENT_3D('',#14850,#12172,#12173);
#9697=AXIS2_PLACEMENT_3D('',#14852,#12175,#12176);
#9698=AXIS2_PLACEMENT_3D('',#14854,#12178,#12179);
#9699=AXIS2_PLACEMENT_3D('',#14856,#12181,#12182);
#9700=AXIS2_PLACEMENT_3D('',#14858,#12184,#12185);
#9701=AXIS2_PLACEMENT_3D('',#14860,#12187,#12188);
#9702=AXIS2_PLACEMENT_3D('',#14862,#12190,#12191);
#9703=AXIS2_PLACEMENT_3D('',#14864,#12193,#12194);
#9704=AXIS2_PLACEMENT_3D('',#14866,#12196,#12197);
#9705=AXIS2_PLACEMENT_3D('',#14868,#12199,#12200);
#9706=AXIS2_PLACEMENT_3D('',#14870,#12202,#12203);
#9707=AXIS2_PLACEMENT_3D('',#14872,#12205,#12206);
#9708=AXIS2_PLACEMENT_3D('',#14874,#12208,#12209);
#9709=AXIS2_PLACEMENT_3D('',#14876,#12211,#12212);
#9710=AXIS2_PLACEMENT_3D('',#14878,#12214,#12215);
#9711=AXIS2_PLACEMENT_3D('',#14880,#12217,#12218);
#9712=AXIS2_PLACEMENT_3D('',#14882,#12220,#12221);
#9713=AXIS2_PLACEMENT_3D('',#14884,#12223,#12224);
#9714=AXIS2_PLACEMENT_3D('',#14886,#12226,#12227);
#9715=AXIS2_PLACEMENT_3D('',#14888,#12229,#12230);
#9716=AXIS2_PLACEMENT_3D('',#14890,#12232,#12233);
#9717=AXIS2_PLACEMENT_3D('',#14892,#12235,#12236);
#9718=AXIS2_PLACEMENT_3D('',#14894,#12238,#12239);
#9719=AXIS2_PLACEMENT_3D('',#14896,#12241,#12242);
#9720=AXIS2_PLACEMENT_3D('',#14898,#12244,#12245);
#9721=AXIS2_PLACEMENT_3D('',#14900,#12247,#12248);
#9722=AXIS2_PLACEMENT_3D('',#14902,#12250,#12251);
#9723=AXIS2_PLACEMENT_3D('',#14904,#12253,#12254);
#9724=AXIS2_PLACEMENT_3D('',#14906,#12256,#12257);
#9725=AXIS2_PLACEMENT_3D('',#14908,#12259,#12260);
#9726=AXIS2_PLACEMENT_3D('',#14910,#12262,#12263);
#9727=AXIS2_PLACEMENT_3D('',#14912,#12265,#12266);
#9728=AXIS2_PLACEMENT_3D('',#14914,#12268,#12269);
#9729=AXIS2_PLACEMENT_3D('',#14916,#12271,#12272);
#9730=AXIS2_PLACEMENT_3D('',#14918,#12274,#12275);
#9731=AXIS2_PLACEMENT_3D('',#14920,#12277,#12278);
#9732=AXIS2_PLACEMENT_3D('',#14922,#12280,#12281);
#9733=AXIS2_PLACEMENT_3D('',#14924,#12283,#12284);
#9734=AXIS2_PLACEMENT_3D('',#14926,#12286,#12287);
#9735=AXIS2_PLACEMENT_3D('',#14928,#12289,#12290);
#9736=AXIS2_PLACEMENT_3D('',#14930,#12292,#12293);
#9737=AXIS2_PLACEMENT_3D('',#14932,#12295,#12296);
#9738=AXIS2_PLACEMENT_3D('',#14934,#12298,#12299);
#9739=AXIS2_PLACEMENT_3D('',#14936,#12301,#12302);
#9740=AXIS2_PLACEMENT_3D('',#14938,#12304,#12305);
#9741=AXIS2_PLACEMENT_3D('',#14940,#12307,#12308);
#9742=AXIS2_PLACEMENT_3D('',#14942,#12310,#12311);
#9743=AXIS2_PLACEMENT_3D('',#14944,#12313,#12314);
#9744=AXIS2_PLACEMENT_3D('',#14946,#12316,#12317);
#9745=AXIS2_PLACEMENT_3D('',#14948,#12319,#12320);
#9746=AXIS2_PLACEMENT_3D('',#14950,#12322,#12323);
#9747=AXIS2_PLACEMENT_3D('',#14952,#12325,#12326);
#9748=AXIS2_PLACEMENT_3D('',#14954,#12328,#12329);
#9749=AXIS2_PLACEMENT_3D('',#14956,#12331,#12332);
#9750=AXIS2_PLACEMENT_3D('',#14958,#12334,#12335);
#9751=AXIS2_PLACEMENT_3D('',#14960,#12337,#12338);
#9752=AXIS2_PLACEMENT_3D('',#14962,#12340,#12341);
#9753=AXIS2_PLACEMENT_3D('',#14964,#12343,#12344);
#9754=AXIS2_PLACEMENT_3D('',#14966,#12346,#12347);
#9755=AXIS2_PLACEMENT_3D('',#14968,#12349,#12350);
#9756=AXIS2_PLACEMENT_3D('',#14970,#12352,#12353);
#9757=AXIS2_PLACEMENT_3D('',#14972,#12355,#12356);
#9758=AXIS2_PLACEMENT_3D('',#14974,#12358,#12359);
#9759=AXIS2_PLACEMENT_3D('',#14976,#12361,#12362);
#9760=AXIS2_PLACEMENT_3D('',#14978,#12364,#12365);
#9761=DIRECTION('axis',(0.,0.,1.));
#9762=DIRECTION('refdir',(1.,0.,0.));
#9763=DIRECTION('center_axis',(-1.,0.,0.));
#9764=DIRECTION('ref_axis',(0.,1.,0.));
#9765=DIRECTION('',(0.,1.,0.));
#9766=DIRECTION('',(0.,0.,-1.));
#9767=DIRECTION('',(0.,-1.,0.));
#9768=DIRECTION('',(0.,0.,-1.));
#9769=DIRECTION('center_axis',(0.,0.,-1.));
#9770=DIRECTION('ref_axis',(-1.,0.,0.));
#9771=DIRECTION('center_axis',(0.,0.,-1.));
#9772=DIRECTION('ref_axis',(-1.,0.,0.));
#9773=DIRECTION('',(0.,0.,-1.));
#9774=DIRECTION('center_axis',(0.,0.,1.));
#9775=DIRECTION('ref_axis',(-1.,0.,0.));
#9776=DIRECTION('center_axis',(0.,-1.,0.));
#9777=DIRECTION('ref_axis',(-1.,0.,0.));
#9778=DIRECTION('',(-1.,0.,0.));
#9779=DIRECTION('',(0.,0.,-1.));
#9780=DIRECTION('',(1.,0.,0.));
#9781=DIRECTION('center_axis',(0.,0.,-1.));
#9782=DIRECTION('ref_axis',(0.,-1.,0.));
#9783=DIRECTION('center_axis',(0.,0.,-1.));
#9784=DIRECTION('ref_axis',(0.,-1.,0.));
#9785=DIRECTION('',(0.,0.,-1.));
#9786=DIRECTION('center_axis',(0.,0.,1.));
#9787=DIRECTION('ref_axis',(0.,-1.,0.));
#9788=DIRECTION('center_axis',(1.,0.,0.));
#9789=DIRECTION('ref_axis',(0.,-1.,0.));
#9790=DIRECTION('',(0.,-1.,0.));
#9791=DIRECTION('',(0.,0.,-1.));
#9792=DIRECTION('',(0.,1.,0.));
#9793=DIRECTION('center_axis',(-1.,0.,0.));
#9794=DIRECTION('ref_axis',(0.,1.,0.));
#9795=DIRECTION('',(0.,1.,0.));
#9796=DIRECTION('',(0.,0.,-1.));
#9797=DIRECTION('',(0.,-1.,0.));
#9798=DIRECTION('',(0.,0.,-1.));
#9799=DIRECTION('center_axis',(0.,0.,-1.));
#9800=DIRECTION('ref_axis',(-1.,0.,0.));
#9801=DIRECTION('center_axis',(0.,0.,-1.));
#9802=DIRECTION('ref_axis',(-1.,0.,0.));
#9803=DIRECTION('',(0.,0.,-1.));
#9804=DIRECTION('center_axis',(0.,0.,1.));
#9805=DIRECTION('ref_axis',(-1.,0.,0.));
#9806=DIRECTION('center_axis',(0.,-1.,0.));
#9807=DIRECTION('ref_axis',(-1.,0.,0.));
#9808=DIRECTION('',(-1.,0.,0.));
#9809=DIRECTION('',(0.,0.,-1.));
#9810=DIRECTION('',(1.,0.,0.));
#9811=DIRECTION('center_axis',(0.,0.,-1.));
#9812=DIRECTION('ref_axis',(0.,-1.,0.));
#9813=DIRECTION('center_axis',(0.,0.,-1.));
#9814=DIRECTION('ref_axis',(0.,-1.,0.));
#9815=DIRECTION('',(0.,0.,-1.));
#9816=DIRECTION('center_axis',(0.,0.,1.));
#9817=DIRECTION('ref_axis',(0.,-1.,0.));
#9818=DIRECTION('center_axis',(1.,0.,0.));
#9819=DIRECTION('ref_axis',(0.,-1.,0.));
#9820=DIRECTION('',(0.,-1.,0.));
#9821=DIRECTION('',(0.,0.,-1.));
#9822=DIRECTION('',(0.,1.,0.));
#9823=DIRECTION('center_axis',(-1.,0.,0.));
#9824=DIRECTION('ref_axis',(0.,1.,0.));
#9825=DIRECTION('',(0.,0.,1.));
#9826=DIRECTION('',(0.,1.,0.));
#9827=DIRECTION('',(0.,0.,-1.));
#9828=DIRECTION('',(0.,-1.,0.));
#9829=DIRECTION('center_axis',(0.,0.,1.));
#9830=DIRECTION('ref_axis',(1.,0.,0.));
#9831=DIRECTION('',(-4.38606627012407E-16,-1.,0.));
#9832=DIRECTION('center_axis',(0.,0.,1.));
#9833=DIRECTION('ref_axis',(0.,-1.,0.));
#9834=DIRECTION('',(-1.,0.,0.));
#9835=DIRECTION('center_axis',(0.,0.,1.));
#9836=DIRECTION('ref_axis',(0.,1.,0.));
#9837=DIRECTION('',(-1.77635683940024E-14,-1.,0.));
#9838=DIRECTION('center_axis',(0.,0.,1.));
#9839=DIRECTION('ref_axis',(-1.,-5.32907051820049E-14,0.));
#9840=DIRECTION('',(1.,0.,0.));
#9841=DIRECTION('center_axis',(0.,0.,1.));
#9842=DIRECTION('ref_axis',(1.,5.32907051820049E-14,0.));
#9843=DIRECTION('',(0.,-1.,0.));
#9844=DIRECTION('center_axis',(0.,0.,1.));
#9845=DIRECTION('ref_axis',(3.55271367880032E-14,-1.,0.));
#9846=DIRECTION('',(-1.,0.,0.));
#9847=DIRECTION('center_axis',(0.,0.,1.));
#9848=DIRECTION('ref_axis',(-1.,-3.55271367880045E-14,0.));
#9849=DIRECTION('',(-1.77635683940024E-14,1.,0.));
#9850=DIRECTION('center_axis',(0.,0.,1.));
#9851=DIRECTION('ref_axis',(-3.55271367880032E-14,1.,0.));
#9852=DIRECTION('',(1.,0.,0.));
#9853=DIRECTION('center_axis',(0.,0.,1.));
#9854=DIRECTION('ref_axis',(0.,-1.,0.));
#9855=DIRECTION('',(8.88178419700042E-14,1.,0.));
#9856=DIRECTION('center_axis',(0.,0.,1.));
#9857=DIRECTION('ref_axis',(1.,1.77635683940016E-14,0.));
#9858=DIRECTION('',(-1.,7.72682720046725E-16,0.));
#9859=DIRECTION('center_axis',(0.,0.,1.));
#9860=DIRECTION('ref_axis',(-1.15463194561043E-13,1.,0.));
#9861=DIRECTION('',(0.,-1.,0.));
#9862=DIRECTION('center_axis',(0.,0.,1.));
#9863=DIRECTION('ref_axis',(-1.,0.,0.));
#9864=DIRECTION('',(1.,0.,0.));
#9865=DIRECTION('center_axis',(0.,0.,1.));
#9866=DIRECTION('ref_axis',(1.,0.,0.));
#9867=DIRECTION('',(0.,-1.,0.));
#9868=DIRECTION('center_axis',(0.,0.,1.));
#9869=DIRECTION('ref_axis',(0.,-1.,0.));
#9870=DIRECTION('',(-1.,0.,0.));
#9871=DIRECTION('center_axis',(0.,0.,1.));
#9872=DIRECTION('ref_axis',(-1.,0.,0.));
#9873=DIRECTION('',(4.4408920985006E-15,1.,0.));
#9874=DIRECTION('center_axis',(0.,0.,1.));
#9875=DIRECTION('ref_axis',(0.,1.,0.));
#9876=DIRECTION('',(1.,-3.79799827707962E-15,0.));
#9877=DIRECTION('center_axis',(0.,0.,1.));
#9878=DIRECTION('ref_axis',(7.99360577730101E-14,-1.,0.));
#9879=DIRECTION('',(0.,1.,0.));
#9880=DIRECTION('center_axis',(0.,0.,1.));
#9881=DIRECTION('ref_axis',(1.,-1.95399252334037E-13,0.));
#9882=DIRECTION('',(-1.,2.38089810663656E-14,0.));
#9883=DIRECTION('center_axis',(0.,0.,1.));
#9884=DIRECTION('ref_axis',(-0.999999999999249,-1.22521042200674E-6,0.));
#9885=DIRECTION('',(-1.22521042222511E-6,0.999999999999249,0.));
#9886=DIRECTION('center_axis',(0.,0.,1.));
#9887=DIRECTION('ref_axis',(-1.11022302462516E-14,1.,0.));
#9888=DIRECTION('',(1.,-4.14955522097489E-15,0.));
#9889=DIRECTION('center_axis',(0.,0.,1.));
#9890=DIRECTION('ref_axis',(0.,-1.,0.));
#9891=DIRECTION('',(0.,-1.,0.));
#9892=DIRECTION('center_axis',(0.,0.,1.));
#9893=DIRECTION('ref_axis',(1.,-2.22044604925032E-15,0.));
#9894=DIRECTION('',(-1.,3.69432739068589E-16,0.));
#9895=DIRECTION('center_axis',(0.,0.,1.));
#9896=DIRECTION('ref_axis',(-1.,2.22044604925032E-15,0.));
#9897=DIRECTION('',(0.,1.,0.));
#9898=DIRECTION('center_axis',(0.,0.,1.));
#9899=DIRECTION('ref_axis',(0.,1.,0.));
#9900=DIRECTION('',(1.,0.,0.));
#9901=DIRECTION('center_axis',(0.,0.,1.));
#9902=DIRECTION('ref_axis',(1.,2.22044604925032E-15,0.));
#9903=DIRECTION('',(0.,-1.,0.));
#9904=DIRECTION('center_axis',(0.,0.,1.));
#9905=DIRECTION('ref_axis',(0.,-1.,0.));
#9906=DIRECTION('',(-1.,-3.70718176464019E-16,0.));
#9907=DIRECTION('center_axis',(0.,0.,1.));
#9908=DIRECTION('ref_axis',(0.,1.,0.));
#9909=DIRECTION('',(0.,1.,0.));
#9910=DIRECTION('center_axis',(0.,0.,1.));
#9911=DIRECTION('ref_axis',(-1.,8.88178419700128E-15,0.));
#9912=DIRECTION('',(1.,6.2547646145712E-17,0.));
#9913=DIRECTION('center_axis',(0.,0.,1.));
#9914=DIRECTION('ref_axis',(0.,-1.,0.));
#9915=DIRECTION('',(0.,-1.,0.));
#9916=DIRECTION('center_axis',(0.,0.,1.));
#9917=DIRECTION('ref_axis',(1.,1.99840144432525E-14,0.));
#9918=DIRECTION('',(-1.,0.,0.));
#9919=DIRECTION('center_axis',(0.,0.,1.));
#9920=DIRECTION('ref_axis',(-1.,-1.99840144432525E-14,0.));
#9921=DIRECTION('',(0.,1.,0.));
#9922=DIRECTION('center_axis',(0.,0.,1.));
#9923=DIRECTION('ref_axis',(0.,1.,0.));
#9924=DIRECTION('',(-1.,1.32226184425812E-15,0.));
#9925=DIRECTION('center_axis',(0.,0.,1.));
#9926=DIRECTION('ref_axis',(1.,5.55111512312551E-14,0.));
#9927=DIRECTION('',(0.,1.,0.));
#9928=DIRECTION('center_axis',(0.,0.,1.));
#9929=DIRECTION('ref_axis',(3.5527136788003E-14,-1.,0.));
#9930=DIRECTION('',(1.,0.,0.));
#9931=DIRECTION('center_axis',(0.,0.,1.));
#9932=DIRECTION('ref_axis',(0.,1.,0.));
#9933=DIRECTION('',(0.,1.,0.));
#9934=DIRECTION('center_axis',(0.,0.,1.));
#9935=DIRECTION('ref_axis',(-1.,-1.99840144432525E-14,0.));
#9936=DIRECTION('',(1.,0.,0.));
#9937=DIRECTION('center_axis',(0.,0.,1.));
#9938=DIRECTION('ref_axis',(1.,-4.44089209850048E-15,0.));
#9939=DIRECTION('',(-4.38606627012407E-16,-1.,0.));
#9940=DIRECTION('',(-1.22521042222511E-6,0.999999999999249,0.));
#9941=DIRECTION('',(0.999999999999249,1.22521042219332E-6,0.));
#9942=DIRECTION('',(0.,-1.,0.));
#9943=DIRECTION('center_axis',(0.,0.,1.));
#9944=DIRECTION('ref_axis',(-1.,0.,0.));
#9945=DIRECTION('',(1.,0.,0.));
#9946=DIRECTION('center_axis',(0.,0.,1.));
#9947=DIRECTION('ref_axis',(0.,-1.,0.));
#9948=DIRECTION('',(0.,1.,0.));
#9949=DIRECTION('center_axis',(0.,0.,1.));
#9950=DIRECTION('ref_axis',(1.,0.,0.));
#9951=DIRECTION('',(-1.,0.,0.));
#9952=DIRECTION('center_axis',(0.,0.,1.));
#9953=DIRECTION('ref_axis',(0.,1.,0.));
#9954=DIRECTION('',(0.,-1.,0.));
#9955=DIRECTION('center_axis',(0.,0.,1.));
#9956=DIRECTION('ref_axis',(-1.,0.,0.));
#9957=DIRECTION('',(1.,0.,0.));
#9958=DIRECTION('center_axis',(0.,0.,1.));
#9959=DIRECTION('ref_axis',(0.,-1.,0.));
#9960=DIRECTION('',(0.,1.,0.));
#9961=DIRECTION('center_axis',(0.,0.,1.));
#9962=DIRECTION('ref_axis',(1.,0.,0.));
#9963=DIRECTION('',(-1.,0.,0.));
#9964=DIRECTION('center_axis',(0.,0.,1.));
#9965=DIRECTION('ref_axis',(0.,1.,0.));
#9966=DIRECTION('',(0.,-1.,0.));
#9967=DIRECTION('center_axis',(0.,0.,1.));
#9968=DIRECTION('ref_axis',(-1.,0.,0.));
#9969=DIRECTION('',(1.,0.,0.));
#9970=DIRECTION('center_axis',(0.,0.,1.));
#9971=DIRECTION('ref_axis',(0.,-1.,0.));
#9972=DIRECTION('',(0.,1.,0.));
#9973=DIRECTION('center_axis',(0.,0.,1.));
#9974=DIRECTION('ref_axis',(1.,0.,0.));
#9975=DIRECTION('',(-1.,0.,0.));
#9976=DIRECTION('center_axis',(0.,0.,1.));
#9977=DIRECTION('ref_axis',(0.,1.,0.));
#9978=DIRECTION('',(0.,-1.,0.));
#9979=DIRECTION('center_axis',(0.,0.,1.));
#9980=DIRECTION('ref_axis',(-1.,0.,0.));
#9981=DIRECTION('',(1.,0.,0.));
#9982=DIRECTION('center_axis',(0.,0.,1.));
#9983=DIRECTION('ref_axis',(0.,-1.,0.));
#9984=DIRECTION('',(0.,1.,0.));
#9985=DIRECTION('center_axis',(0.,0.,1.));
#9986=DIRECTION('ref_axis',(1.,0.,0.));
#9987=DIRECTION('',(-1.,0.,0.));
#9988=DIRECTION('center_axis',(0.,0.,1.));
#9989=DIRECTION('ref_axis',(0.,1.,0.));
#9990=DIRECTION('',(0.,-1.,0.));
#9991=DIRECTION('center_axis',(0.,0.,1.));
#9992=DIRECTION('ref_axis',(-1.,0.,0.));
#9993=DIRECTION('',(1.,0.,0.));
#9994=DIRECTION('center_axis',(0.,0.,1.));
#9995=DIRECTION('ref_axis',(0.,-1.,0.));
#9996=DIRECTION('',(0.,1.,0.));
#9997=DIRECTION('center_axis',(0.,0.,1.));
#9998=DIRECTION('ref_axis',(1.,0.,0.));
#9999=DIRECTION('',(-1.,0.,0.));
#10000=DIRECTION('center_axis',(0.,0.,1.));
#10001=DIRECTION('ref_axis',(0.,1.,0.));
#10002=DIRECTION('',(0.,-1.,0.));
#10003=DIRECTION('center_axis',(0.,0.,1.));
#10004=DIRECTION('ref_axis',(-1.,0.,0.));
#10005=DIRECTION('',(1.,0.,0.));
#10006=DIRECTION('center_axis',(0.,0.,1.));
#10007=DIRECTION('ref_axis',(0.,-1.,0.));
#10008=DIRECTION('',(0.,1.,0.));
#10009=DIRECTION('center_axis',(0.,0.,1.));
#10010=DIRECTION('ref_axis',(1.,0.,0.));
#10011=DIRECTION('',(-1.,0.,0.));
#10012=DIRECTION('center_axis',(0.,0.,1.));
#10013=DIRECTION('ref_axis',(0.,1.,0.));
#10014=DIRECTION('',(0.,-1.,0.));
#10015=DIRECTION('center_axis',(0.,0.,1.));
#10016=DIRECTION('ref_axis',(-1.,0.,0.));
#10017=DIRECTION('',(1.,0.,0.));
#10018=DIRECTION('center_axis',(0.,0.,1.));
#10019=DIRECTION('ref_axis',(0.,-1.,0.));
#10020=DIRECTION('',(0.,1.,0.));
#10021=DIRECTION('center_axis',(0.,0.,1.));
#10022=DIRECTION('ref_axis',(1.,0.,0.));
#10023=DIRECTION('',(-1.,0.,0.));
#10024=DIRECTION('center_axis',(0.,0.,1.));
#10025=DIRECTION('ref_axis',(0.,1.,0.));
#10026=DIRECTION('',(0.,-1.,0.));
#10027=DIRECTION('center_axis',(0.,0.,1.));
#10028=DIRECTION('ref_axis',(-1.,0.,0.));
#10029=DIRECTION('',(1.,0.,0.));
#10030=DIRECTION('center_axis',(0.,0.,1.));
#10031=DIRECTION('ref_axis',(0.,-1.,0.));
#10032=DIRECTION('',(0.,1.,0.));
#10033=DIRECTION('center_axis',(0.,0.,1.));
#10034=DIRECTION('ref_axis',(1.,0.,0.));
#10035=DIRECTION('',(-1.,0.,0.));
#10036=DIRECTION('center_axis',(0.,0.,1.));
#10037=DIRECTION('ref_axis',(0.,1.,0.));
#10038=DIRECTION('',(0.,-1.,0.));
#10039=DIRECTION('center_axis',(0.,0.,1.));
#10040=DIRECTION('ref_axis',(-1.,0.,0.));
#10041=DIRECTION('',(1.,0.,0.));
#10042=DIRECTION('center_axis',(0.,0.,1.));
#10043=DIRECTION('ref_axis',(0.,-1.,0.));
#10044=DIRECTION('',(0.,1.,0.));
#10045=DIRECTION('center_axis',(0.,0.,1.));
#10046=DIRECTION('ref_axis',(1.,0.,0.));
#10047=DIRECTION('',(-1.,0.,0.));
#10048=DIRECTION('center_axis',(0.,0.,1.));
#10049=DIRECTION('ref_axis',(0.,1.,0.));
#10050=DIRECTION('',(0.,-1.,0.));
#10051=DIRECTION('center_axis',(0.,0.,1.));
#10052=DIRECTION('ref_axis',(-1.,0.,0.));
#10053=DIRECTION('',(1.,0.,0.));
#10054=DIRECTION('center_axis',(0.,0.,1.));
#10055=DIRECTION('ref_axis',(0.,-1.,0.));
#10056=DIRECTION('',(0.,1.,0.));
#10057=DIRECTION('center_axis',(0.,0.,1.));
#10058=DIRECTION('ref_axis',(1.,0.,0.));
#10059=DIRECTION('',(-1.,0.,0.));
#10060=DIRECTION('center_axis',(0.,0.,1.));
#10061=DIRECTION('ref_axis',(0.,1.,0.));
#10062=DIRECTION('',(0.,-1.,0.));
#10063=DIRECTION('center_axis',(0.,0.,1.));
#10064=DIRECTION('ref_axis',(-1.,0.,0.));
#10065=DIRECTION('',(1.,0.,0.));
#10066=DIRECTION('center_axis',(0.,0.,1.));
#10067=DIRECTION('ref_axis',(0.,-1.,0.));
#10068=DIRECTION('',(0.,1.,0.));
#10069=DIRECTION('center_axis',(0.,0.,1.));
#10070=DIRECTION('ref_axis',(1.,0.,0.));
#10071=DIRECTION('',(-1.,0.,0.));
#10072=DIRECTION('center_axis',(0.,0.,1.));
#10073=DIRECTION('ref_axis',(0.,1.,0.));
#10074=DIRECTION('',(0.,-1.,0.));
#10075=DIRECTION('center_axis',(0.,0.,1.));
#10076=DIRECTION('ref_axis',(-1.,0.,0.));
#10077=DIRECTION('',(1.,0.,0.));
#10078=DIRECTION('center_axis',(0.,0.,1.));
#10079=DIRECTION('ref_axis',(0.,-1.,0.));
#10080=DIRECTION('',(0.,1.,0.));
#10081=DIRECTION('center_axis',(0.,0.,1.));
#10082=DIRECTION('ref_axis',(1.,0.,0.));
#10083=DIRECTION('',(-1.,0.,0.));
#10084=DIRECTION('center_axis',(0.,0.,1.));
#10085=DIRECTION('ref_axis',(0.,1.,0.));
#10086=DIRECTION('',(0.,-1.,0.));
#10087=DIRECTION('center_axis',(0.,0.,1.));
#10088=DIRECTION('ref_axis',(-1.,0.,0.));
#10089=DIRECTION('',(1.,0.,0.));
#10090=DIRECTION('center_axis',(0.,0.,1.));
#10091=DIRECTION('ref_axis',(0.,-1.,0.));
#10092=DIRECTION('',(0.,1.,0.));
#10093=DIRECTION('center_axis',(0.,0.,1.));
#10094=DIRECTION('ref_axis',(1.,0.,0.));
#10095=DIRECTION('',(-1.,0.,0.));
#10096=DIRECTION('center_axis',(0.,0.,1.));
#10097=DIRECTION('ref_axis',(0.,1.,0.));
#10098=DIRECTION('',(0.,-1.,0.));
#10099=DIRECTION('center_axis',(0.,0.,1.));
#10100=DIRECTION('ref_axis',(-1.,0.,0.));
#10101=DIRECTION('',(1.,0.,0.));
#10102=DIRECTION('center_axis',(0.,0.,1.));
#10103=DIRECTION('ref_axis',(0.,-1.,0.));
#10104=DIRECTION('',(0.,1.,0.));
#10105=DIRECTION('center_axis',(0.,0.,1.));
#10106=DIRECTION('ref_axis',(1.,0.,0.));
#10107=DIRECTION('',(-1.,0.,0.));
#10108=DIRECTION('center_axis',(0.,0.,1.));
#10109=DIRECTION('ref_axis',(0.,1.,0.));
#10110=DIRECTION('',(0.,-1.,0.));
#10111=DIRECTION('center_axis',(0.,0.,1.));
#10112=DIRECTION('ref_axis',(-1.,0.,0.));
#10113=DIRECTION('',(1.,0.,0.));
#10114=DIRECTION('center_axis',(0.,0.,1.));
#10115=DIRECTION('ref_axis',(0.,-1.,0.));
#10116=DIRECTION('',(0.,1.,0.));
#10117=DIRECTION('center_axis',(0.,0.,1.));
#10118=DIRECTION('ref_axis',(1.,0.,0.));
#10119=DIRECTION('',(-1.,0.,0.));
#10120=DIRECTION('center_axis',(0.,0.,1.));
#10121=DIRECTION('ref_axis',(0.,1.,0.));
#10122=DIRECTION('',(0.,-1.,0.));
#10123=DIRECTION('center_axis',(0.,0.,1.));
#10124=DIRECTION('ref_axis',(-1.,0.,0.));
#10125=DIRECTION('',(1.,0.,0.));
#10126=DIRECTION('center_axis',(0.,0.,1.));
#10127=DIRECTION('ref_axis',(0.,-1.,0.));
#10128=DIRECTION('',(0.,1.,0.));
#10129=DIRECTION('center_axis',(0.,0.,1.));
#10130=DIRECTION('ref_axis',(1.,0.,0.));
#10131=DIRECTION('',(-1.,0.,0.));
#10132=DIRECTION('center_axis',(0.,0.,1.));
#10133=DIRECTION('ref_axis',(0.,1.,0.));
#10134=DIRECTION('',(0.,-1.,0.));
#10135=DIRECTION('center_axis',(0.,0.,1.));
#10136=DIRECTION('ref_axis',(-1.,0.,0.));
#10137=DIRECTION('',(1.,0.,0.));
#10138=DIRECTION('center_axis',(0.,0.,1.));
#10139=DIRECTION('ref_axis',(0.,-1.,0.));
#10140=DIRECTION('',(0.,1.,0.));
#10141=DIRECTION('center_axis',(0.,0.,1.));
#10142=DIRECTION('ref_axis',(1.,0.,0.));
#10143=DIRECTION('',(-1.,0.,0.));
#10144=DIRECTION('center_axis',(0.,0.,1.));
#10145=DIRECTION('ref_axis',(0.,1.,0.));
#10146=DIRECTION('',(0.,-1.,0.));
#10147=DIRECTION('center_axis',(0.,0.,1.));
#10148=DIRECTION('ref_axis',(-1.,0.,0.));
#10149=DIRECTION('',(1.,0.,0.));
#10150=DIRECTION('center_axis',(0.,0.,1.));
#10151=DIRECTION('ref_axis',(0.,-1.,0.));
#10152=DIRECTION('',(0.,1.,0.));
#10153=DIRECTION('center_axis',(0.,0.,1.));
#10154=DIRECTION('ref_axis',(1.,0.,0.));
#10155=DIRECTION('',(-1.,0.,0.));
#10156=DIRECTION('center_axis',(0.,0.,1.));
#10157=DIRECTION('ref_axis',(0.,1.,0.));
#10158=DIRECTION('',(0.,-1.,0.));
#10159=DIRECTION('center_axis',(0.,0.,1.));
#10160=DIRECTION('ref_axis',(-1.,0.,0.));
#10161=DIRECTION('',(1.,0.,0.));
#10162=DIRECTION('center_axis',(0.,0.,1.));
#10163=DIRECTION('ref_axis',(0.,-1.,0.));
#10164=DIRECTION('',(0.,1.,0.));
#10165=DIRECTION('center_axis',(0.,0.,1.));
#10166=DIRECTION('ref_axis',(1.,0.,0.));
#10167=DIRECTION('',(-1.,0.,0.));
#10168=DIRECTION('center_axis',(0.,0.,1.));
#10169=DIRECTION('ref_axis',(0.,1.,0.));
#10170=DIRECTION('',(0.,-1.,0.));
#10171=DIRECTION('center_axis',(0.,0.,1.));
#10172=DIRECTION('ref_axis',(-1.,0.,0.));
#10173=DIRECTION('',(1.,0.,0.));
#10174=DIRECTION('center_axis',(0.,0.,1.));
#10175=DIRECTION('ref_axis',(0.,-1.,0.));
#10176=DIRECTION('',(0.,1.,0.));
#10177=DIRECTION('center_axis',(0.,0.,1.));
#10178=DIRECTION('ref_axis',(1.,0.,0.));
#10179=DIRECTION('',(-1.,0.,0.));
#10180=DIRECTION('center_axis',(0.,0.,1.));
#10181=DIRECTION('ref_axis',(0.,1.,0.));
#10182=DIRECTION('',(0.,-1.,0.));
#10183=DIRECTION('center_axis',(0.,0.,1.));
#10184=DIRECTION('ref_axis',(-1.,0.,0.));
#10185=DIRECTION('',(1.,0.,0.));
#10186=DIRECTION('center_axis',(0.,0.,1.));
#10187=DIRECTION('ref_axis',(0.,-1.,0.));
#10188=DIRECTION('',(0.,1.,0.));
#10189=DIRECTION('center_axis',(0.,0.,1.));
#10190=DIRECTION('ref_axis',(1.,0.,0.));
#10191=DIRECTION('',(-1.,0.,0.));
#10192=DIRECTION('center_axis',(0.,0.,1.));
#10193=DIRECTION('ref_axis',(0.,1.,0.));
#10194=DIRECTION('',(0.,-1.,0.));
#10195=DIRECTION('center_axis',(0.,0.,1.));
#10196=DIRECTION('ref_axis',(-1.,0.,0.));
#10197=DIRECTION('',(1.,0.,0.));
#10198=DIRECTION('center_axis',(0.,0.,1.));
#10199=DIRECTION('ref_axis',(0.,-1.,0.));
#10200=DIRECTION('',(0.,1.,0.));
#10201=DIRECTION('center_axis',(0.,0.,1.));
#10202=DIRECTION('ref_axis',(1.,0.,0.));
#10203=DIRECTION('',(-1.,0.,0.));
#10204=DIRECTION('center_axis',(0.,0.,1.));
#10205=DIRECTION('ref_axis',(0.,1.,0.));
#10206=DIRECTION('',(0.,-1.,0.));
#10207=DIRECTION('center_axis',(0.,0.,1.));
#10208=DIRECTION('ref_axis',(-1.,0.,0.));
#10209=DIRECTION('',(1.,0.,0.));
#10210=DIRECTION('center_axis',(0.,0.,1.));
#10211=DIRECTION('ref_axis',(0.,-1.,0.));
#10212=DIRECTION('',(0.,1.,0.));
#10213=DIRECTION('center_axis',(0.,0.,1.));
#10214=DIRECTION('ref_axis',(1.,0.,0.));
#10215=DIRECTION('',(-1.,0.,0.));
#10216=DIRECTION('center_axis',(0.,0.,1.));
#10217=DIRECTION('ref_axis',(0.,1.,0.));
#10218=DIRECTION('',(0.,-1.,0.));
#10219=DIRECTION('center_axis',(0.,0.,1.));
#10220=DIRECTION('ref_axis',(-1.,0.,0.));
#10221=DIRECTION('',(1.,0.,0.));
#10222=DIRECTION('center_axis',(0.,0.,1.));
#10223=DIRECTION('ref_axis',(0.,-1.,0.));
#10224=DIRECTION('',(0.,1.,0.));
#10225=DIRECTION('center_axis',(0.,0.,1.));
#10226=DIRECTION('ref_axis',(1.,0.,0.));
#10227=DIRECTION('',(-1.,0.,0.));
#10228=DIRECTION('center_axis',(0.,0.,1.));
#10229=DIRECTION('ref_axis',(0.,1.,0.));
#10230=DIRECTION('',(0.,-1.,0.));
#10231=DIRECTION('center_axis',(0.,0.,1.));
#10232=DIRECTION('ref_axis',(-1.,0.,0.));
#10233=DIRECTION('',(1.,0.,0.));
#10234=DIRECTION('center_axis',(0.,0.,1.));
#10235=DIRECTION('ref_axis',(0.,-1.,0.));
#10236=DIRECTION('',(0.,1.,0.));
#10237=DIRECTION('center_axis',(0.,0.,1.));
#10238=DIRECTION('ref_axis',(1.,0.,0.));
#10239=DIRECTION('',(-1.,0.,0.));
#10240=DIRECTION('center_axis',(0.,0.,1.));
#10241=DIRECTION('ref_axis',(0.,1.,0.));
#10242=DIRECTION('',(0.,-1.,0.));
#10243=DIRECTION('center_axis',(0.,0.,1.));
#10244=DIRECTION('ref_axis',(-1.,0.,0.));
#10245=DIRECTION('',(1.,0.,0.));
#10246=DIRECTION('center_axis',(0.,0.,1.));
#10247=DIRECTION('ref_axis',(0.,-1.,0.));
#10248=DIRECTION('',(0.,1.,0.));
#10249=DIRECTION('center_axis',(0.,0.,1.));
#10250=DIRECTION('ref_axis',(1.,0.,0.));
#10251=DIRECTION('',(-1.,0.,0.));
#10252=DIRECTION('center_axis',(0.,0.,1.));
#10253=DIRECTION('ref_axis',(0.,1.,0.));
#10254=DIRECTION('',(0.,-1.,0.));
#10255=DIRECTION('center_axis',(0.,0.,1.));
#10256=DIRECTION('ref_axis',(-1.,0.,0.));
#10257=DIRECTION('',(1.,0.,0.));
#10258=DIRECTION('center_axis',(0.,0.,1.));
#10259=DIRECTION('ref_axis',(0.,-1.,0.));
#10260=DIRECTION('',(0.,1.,0.));
#10261=DIRECTION('center_axis',(0.,0.,1.));
#10262=DIRECTION('ref_axis',(1.,0.,0.));
#10263=DIRECTION('',(-1.,0.,0.));
#10264=DIRECTION('center_axis',(0.,0.,1.));
#10265=DIRECTION('ref_axis',(0.,1.,0.));
#10266=DIRECTION('',(0.,-1.,0.));
#10267=DIRECTION('center_axis',(0.,0.,1.));
#10268=DIRECTION('ref_axis',(-1.,0.,0.));
#10269=DIRECTION('',(1.,0.,0.));
#10270=DIRECTION('center_axis',(0.,0.,1.));
#10271=DIRECTION('ref_axis',(0.,-1.,0.));
#10272=DIRECTION('',(0.,1.,0.));
#10273=DIRECTION('center_axis',(0.,0.,1.));
#10274=DIRECTION('ref_axis',(1.,0.,0.));
#10275=DIRECTION('',(-1.,0.,0.));
#10276=DIRECTION('center_axis',(0.,0.,1.));
#10277=DIRECTION('ref_axis',(0.,1.,0.));
#10278=DIRECTION('',(0.,-1.,0.));
#10279=DIRECTION('center_axis',(0.,0.,1.));
#10280=DIRECTION('ref_axis',(-1.,0.,0.));
#10281=DIRECTION('',(1.,0.,0.));
#10282=DIRECTION('center_axis',(0.,0.,1.));
#10283=DIRECTION('ref_axis',(0.,-1.,0.));
#10284=DIRECTION('',(0.,1.,0.));
#10285=DIRECTION('center_axis',(0.,0.,1.));
#10286=DIRECTION('ref_axis',(1.,0.,0.));
#10287=DIRECTION('',(-1.,0.,0.));
#10288=DIRECTION('center_axis',(0.,0.,1.));
#10289=DIRECTION('ref_axis',(0.,1.,0.));
#10290=DIRECTION('',(0.,-1.,0.));
#10291=DIRECTION('center_axis',(0.,0.,1.));
#10292=DIRECTION('ref_axis',(-1.,0.,0.));
#10293=DIRECTION('',(1.,0.,0.));
#10294=DIRECTION('center_axis',(0.,0.,1.));
#10295=DIRECTION('ref_axis',(0.,-1.,0.));
#10296=DIRECTION('',(0.,1.,0.));
#10297=DIRECTION('center_axis',(0.,0.,1.));
#10298=DIRECTION('ref_axis',(1.,0.,0.));
#10299=DIRECTION('',(-1.,0.,0.));
#10300=DIRECTION('center_axis',(0.,0.,1.));
#10301=DIRECTION('ref_axis',(0.,1.,0.));
#10302=DIRECTION('',(0.,-1.,0.));
#10303=DIRECTION('center_axis',(0.,0.,1.));
#10304=DIRECTION('ref_axis',(-1.,0.,0.));
#10305=DIRECTION('',(1.,0.,0.));
#10306=DIRECTION('center_axis',(0.,0.,1.));
#10307=DIRECTION('ref_axis',(0.,-1.,0.));
#10308=DIRECTION('',(0.,1.,0.));
#10309=DIRECTION('center_axis',(0.,0.,1.));
#10310=DIRECTION('ref_axis',(1.,0.,0.));
#10311=DIRECTION('',(-1.,0.,0.));
#10312=DIRECTION('center_axis',(0.,0.,1.));
#10313=DIRECTION('ref_axis',(0.,1.,0.));
#10314=DIRECTION('',(0.,-1.,0.));
#10315=DIRECTION('center_axis',(0.,0.,1.));
#10316=DIRECTION('ref_axis',(-1.,0.,0.));
#10317=DIRECTION('',(1.,0.,0.));
#10318=DIRECTION('center_axis',(0.,0.,1.));
#10319=DIRECTION('ref_axis',(0.,-1.,0.));
#10320=DIRECTION('',(0.,1.,0.));
#10321=DIRECTION('center_axis',(0.,0.,1.));
#10322=DIRECTION('ref_axis',(1.,0.,0.));
#10323=DIRECTION('',(-1.,0.,0.));
#10324=DIRECTION('center_axis',(0.,0.,1.));
#10325=DIRECTION('ref_axis',(0.,1.,0.));
#10326=DIRECTION('',(0.,-1.,0.));
#10327=DIRECTION('center_axis',(0.,0.,1.));
#10328=DIRECTION('ref_axis',(-1.,0.,0.));
#10329=DIRECTION('',(1.,0.,0.));
#10330=DIRECTION('center_axis',(0.,0.,1.));
#10331=DIRECTION('ref_axis',(0.,-1.,0.));
#10332=DIRECTION('',(0.,1.,0.));
#10333=DIRECTION('center_axis',(0.,0.,1.));
#10334=DIRECTION('ref_axis',(1.,0.,0.));
#10335=DIRECTION('',(-1.,0.,0.));
#10336=DIRECTION('center_axis',(0.,0.,1.));
#10337=DIRECTION('ref_axis',(0.,1.,0.));
#10338=DIRECTION('',(0.,-1.,0.));
#10339=DIRECTION('center_axis',(0.,0.,1.));
#10340=DIRECTION('ref_axis',(-1.,0.,0.));
#10341=DIRECTION('',(1.,0.,0.));
#10342=DIRECTION('center_axis',(0.,0.,1.));
#10343=DIRECTION('ref_axis',(0.,-1.,0.));
#10344=DIRECTION('',(0.,1.,0.));
#10345=DIRECTION('center_axis',(0.,0.,1.));
#10346=DIRECTION('ref_axis',(1.,0.,0.));
#10347=DIRECTION('',(-1.,0.,0.));
#10348=DIRECTION('center_axis',(0.,0.,1.));
#10349=DIRECTION('ref_axis',(0.,1.,0.));
#10350=DIRECTION('',(0.,-1.,0.));
#10351=DIRECTION('center_axis',(0.,0.,1.));
#10352=DIRECTION('ref_axis',(-1.,0.,0.));
#10353=DIRECTION('',(1.,0.,0.));
#10354=DIRECTION('center_axis',(0.,0.,1.));
#10355=DIRECTION('ref_axis',(0.,-1.,0.));
#10356=DIRECTION('',(0.,1.,0.));
#10357=DIRECTION('center_axis',(0.,0.,1.));
#10358=DIRECTION('ref_axis',(1.,0.,0.));
#10359=DIRECTION('',(-1.,0.,0.));
#10360=DIRECTION('center_axis',(0.,0.,1.));
#10361=DIRECTION('ref_axis',(0.,1.,0.));
#10362=DIRECTION('',(0.,-1.,0.));
#10363=DIRECTION('center_axis',(0.,0.,1.));
#10364=DIRECTION('ref_axis',(-1.,0.,0.));
#10365=DIRECTION('',(1.,0.,0.));
#10366=DIRECTION('center_axis',(0.,0.,1.));
#10367=DIRECTION('ref_axis',(0.,-1.,0.));
#10368=DIRECTION('',(0.,1.,0.));
#10369=DIRECTION('center_axis',(0.,0.,1.));
#10370=DIRECTION('ref_axis',(1.,0.,0.));
#10371=DIRECTION('',(-1.,0.,0.));
#10372=DIRECTION('center_axis',(0.,0.,1.));
#10373=DIRECTION('ref_axis',(0.,1.,0.));
#10374=DIRECTION('',(0.,-1.,0.));
#10375=DIRECTION('center_axis',(0.,0.,1.));
#10376=DIRECTION('ref_axis',(-1.,0.,0.));
#10377=DIRECTION('',(1.,0.,0.));
#10378=DIRECTION('center_axis',(0.,0.,1.));
#10379=DIRECTION('ref_axis',(0.,-1.,0.));
#10380=DIRECTION('',(0.,1.,0.));
#10381=DIRECTION('center_axis',(0.,0.,1.));
#10382=DIRECTION('ref_axis',(1.,0.,0.));
#10383=DIRECTION('',(-1.,0.,0.));
#10384=DIRECTION('center_axis',(0.,0.,1.));
#10385=DIRECTION('ref_axis',(0.,1.,0.));
#10386=DIRECTION('center_axis',(0.,0.,-1.));
#10387=DIRECTION('ref_axis',(1.,0.,0.));
#10388=DIRECTION('center_axis',(0.,0.,-1.));
#10389=DIRECTION('ref_axis',(0.,1.,0.));
#10390=DIRECTION('',(1.,0.,0.));
#10391=DIRECTION('center_axis',(0.,0.,1.));
#10392=DIRECTION('ref_axis',(0.,-1.,0.));
#10393=DIRECTION('',(0.,1.,0.));
#10394=DIRECTION('center_axis',(0.,0.,-1.));
#10395=DIRECTION('ref_axis',(0.,1.,0.));
#10396=DIRECTION('',(1.,0.,0.));
#10397=DIRECTION('center_axis',(0.,0.,1.));
#10398=DIRECTION('ref_axis',(-1.,0.,0.));
#10399=DIRECTION('',(1.,0.,0.));
#10400=DIRECTION('center_axis',(0.,0.,1.));
#10401=DIRECTION('ref_axis',(0.,-1.,0.));
#10402=DIRECTION('',(0.,1.,0.));
#10403=DIRECTION('',(1.,0.,0.));
#10404=DIRECTION('center_axis',(0.,0.,-1.));
#10405=DIRECTION('ref_axis',(1.,0.,0.));
#10406=DIRECTION('',(0.,-1.,0.));
#10407=DIRECTION('center_axis',(0.,0.,1.));
#10408=DIRECTION('ref_axis',(-1.,0.,0.));
#10409=DIRECTION('',(1.,0.,0.));
#10410=DIRECTION('center_axis',(0.,0.,-1.));
#10411=DIRECTION('ref_axis',(1.,0.,0.));
#10412=DIRECTION('center_axis',(0.,0.,-1.));
#10413=DIRECTION('ref_axis',(0.,1.,0.));
#10414=DIRECTION('',(1.,0.,0.));
#10415=DIRECTION('center_axis',(0.,0.,1.));
#10416=DIRECTION('ref_axis',(0.,-1.,0.));
#10417=DIRECTION('',(0.,1.,0.));
#10418=DIRECTION('center_axis',(0.,0.,-1.));
#10419=DIRECTION('ref_axis',(0.,1.,0.));
#10420=DIRECTION('',(1.,0.,0.));
#10421=DIRECTION('',(0.,1.,0.));
#10422=DIRECTION('center_axis',(0.,0.,1.));
#10423=DIRECTION('ref_axis',(1.,0.,0.));
#10424=DIRECTION('',(-1.,0.,0.));
#10425=DIRECTION('',(0.,1.,0.));
#10426=DIRECTION('center_axis',(0.,0.,1.));
#10427=DIRECTION('ref_axis',(1.,0.,0.));
#10428=DIRECTION('',(-1.,0.,0.));
#10429=DIRECTION('center_axis',(0.,0.,1.));
#10430=DIRECTION('ref_axis',(0.,1.,0.));
#10431=DIRECTION('',(0.,-1.,0.));
#10432=DIRECTION('center_axis',(0.,0.,-1.));
#10433=DIRECTION('ref_axis',(0.,-1.,0.));
#10434=DIRECTION('',(-1.,0.,0.));
#10435=DIRECTION('',(0.,1.,0.));
#10436=DIRECTION('center_axis',(0.,0.,1.));
#10437=DIRECTION('ref_axis',(1.,0.,0.));
#10438=DIRECTION('',(-1.,0.,0.));
#10439=DIRECTION('center_axis',(0.,0.,1.));
#10440=DIRECTION('ref_axis',(0.,1.,0.));
#10441=DIRECTION('',(0.,-1.,0.));
#10442=DIRECTION('',(-1.,0.,0.));
#10443=DIRECTION('center_axis',(0.,0.,-1.));
#10444=DIRECTION('ref_axis',(-1.,0.,0.));
#10445=DIRECTION('',(0.,1.,0.));
#10446=DIRECTION('center_axis',(0.,0.,1.));
#10447=DIRECTION('ref_axis',(1.,0.,0.));
#10448=DIRECTION('',(-1.,0.,0.));
#10449=DIRECTION('center_axis',(0.,0.,1.));
#10450=DIRECTION('ref_axis',(0.,1.,0.));
#10451=DIRECTION('',(0.,-1.,0.));
#10452=DIRECTION('',(-1.,0.,0.));
#10453=DIRECTION('center_axis',(0.,0.,1.));
#10454=DIRECTION('ref_axis',(0.,1.,0.));
#10455=DIRECTION('',(0.,-1.,0.));
#10456=DIRECTION('',(1.,0.,0.));
#10457=DIRECTION('center_axis',(0.,0.,-1.));
#10458=DIRECTION('ref_axis',(1.,0.,0.));
#10459=DIRECTION('',(0.,-1.,0.));
#10460=DIRECTION('center_axis',(0.,0.,1.));
#10461=DIRECTION('ref_axis',(-1.,0.,0.));
#10462=DIRECTION('',(1.,0.,0.));
#10463=DIRECTION('center_axis',(1.,0.,0.));
#10464=DIRECTION('ref_axis',(0.,-1.,0.));
#10465=DIRECTION('',(0.,0.,-1.));
#10466=DIRECTION('',(0.,0.,-1.));
#10467=DIRECTION('',(0.,-1.,0.));
#10468=DIRECTION('center_axis',(0.,0.,-1.));
#10469=DIRECTION('ref_axis',(1.,0.,0.));
#10470=DIRECTION('',(0.,0.,-1.));
#10471=DIRECTION('center_axis',(0.,0.,1.));
#10472=DIRECTION('ref_axis',(1.,0.,0.));
#10473=DIRECTION('center_axis',(0.,-1.,0.));
#10474=DIRECTION('ref_axis',(-1.,0.,0.));
#10475=DIRECTION('',(0.,0.,-1.));
#10476=DIRECTION('',(-1.,0.,0.));
#10477=DIRECTION('',(0.,0.,1.));
#10478=DIRECTION('center_axis',(0.,1.,0.));
#10479=DIRECTION('ref_axis',(1.,0.,0.));
#10480=DIRECTION('',(0.,0.,-1.));
#10481=DIRECTION('',(-1.,0.,0.));
#10482=DIRECTION('center_axis',(0.,0.,-1.));
#10483=DIRECTION('ref_axis',(1.,0.,0.));
#10484=DIRECTION('',(0.,0.,-1.));
#10485=DIRECTION('center_axis',(0.,0.,1.));
#10486=DIRECTION('ref_axis',(1.,0.,0.));
#10487=DIRECTION('center_axis',(0.,1.,0.));
#10488=DIRECTION('ref_axis',(1.,0.,0.));
#10489=DIRECTION('',(-1.,0.,0.));
#10490=DIRECTION('',(0.,0.,-1.));
#10491=DIRECTION('center_axis',(0.,0.,-1.));
#10492=DIRECTION('ref_axis',(0.,1.,0.));
#10493=DIRECTION('center_axis',(0.,0.,1.));
#10494=DIRECTION('ref_axis',(0.,1.,0.));
#10495=DIRECTION('',(0.,0.,-1.));
#10496=DIRECTION('center_axis',(-1.,0.,0.));
#10497=DIRECTION('ref_axis',(0.,1.,0.));
#10498=DIRECTION('',(0.,-1.,0.));
#10499=DIRECTION('',(0.,0.,-1.));
#10500=DIRECTION('center_axis',(0.,0.,-1.));
#10501=DIRECTION('ref_axis',(0.,-1.,0.));
#10502=DIRECTION('center_axis',(0.,0.,1.));
#10503=DIRECTION('ref_axis',(0.,-1.,0.));
#10504=DIRECTION('',(0.,0.,-1.));
#10505=DIRECTION('center_axis',(0.,1.,0.));
#10506=DIRECTION('ref_axis',(1.,0.,0.));
#10507=DIRECTION('',(-1.,0.,0.));
#10508=DIRECTION('',(0.,0.,-1.));
#10509=DIRECTION('center_axis',(0.,0.,-1.));
#10510=DIRECTION('ref_axis',(0.,1.,0.));
#10511=DIRECTION('center_axis',(0.,0.,1.));
#10512=DIRECTION('ref_axis',(0.,1.,0.));
#10513=DIRECTION('center_axis',(0.,1.,0.));
#10514=DIRECTION('ref_axis',(1.,0.,0.));
#10515=DIRECTION('',(-1.,0.,0.));
#10516=DIRECTION('',(0.,0.,-1.));
#10517=DIRECTION('center_axis',(0.,0.,-1.));
#10518=DIRECTION('ref_axis',(-1.,0.,0.));
#10519=DIRECTION('center_axis',(0.,0.,1.));
#10520=DIRECTION('ref_axis',(-1.,0.,0.));
#10521=DIRECTION('',(0.,0.,-1.));
#10522=DIRECTION('center_axis',(1.,0.,0.));
#10523=DIRECTION('ref_axis',(0.,-1.,0.));
#10524=DIRECTION('',(0.,1.,0.));
#10525=DIRECTION('',(0.,0.,-1.));
#10526=DIRECTION('center_axis',(0.,0.,-1.));
#10527=DIRECTION('ref_axis',(1.,0.,0.));
#10528=DIRECTION('center_axis',(0.,0.,1.));
#10529=DIRECTION('ref_axis',(1.,0.,0.));
#10530=DIRECTION('',(0.,0.,-1.));
#10531=DIRECTION('center_axis',(0.,1.,0.));
#10532=DIRECTION('ref_axis',(1.,0.,0.));
#10533=DIRECTION('',(-1.,0.,0.));
#10534=DIRECTION('',(0.,0.,-1.));
#10535=DIRECTION('center_axis',(1.,0.,0.));
#10536=DIRECTION('ref_axis',(0.,-1.,0.));
#10537=DIRECTION('',(0.,1.,0.));
#10538=DIRECTION('',(0.,0.,-1.));
#10539=DIRECTION('center_axis',(0.,0.,-1.));
#10540=DIRECTION('ref_axis',(0.,1.,0.));
#10541=DIRECTION('center_axis',(0.,0.,1.));
#10542=DIRECTION('ref_axis',(0.,1.,0.));
#10543=DIRECTION('',(0.,0.,-1.));
#10544=DIRECTION('center_axis',(0.,-1.,0.));
#10545=DIRECTION('ref_axis',(-1.,0.,0.));
#10546=DIRECTION('',(1.,0.,0.));
#10547=DIRECTION('',(0.,0.,-1.));
#10548=DIRECTION('center_axis',(1.,0.,0.));
#10549=DIRECTION('ref_axis',(0.,-1.,0.));
#10550=DIRECTION('',(0.,1.,0.));
#10551=DIRECTION('',(0.,0.,-1.));
#10552=DIRECTION('center_axis',(0.,0.,-1.));
#10553=DIRECTION('ref_axis',(0.,1.,0.));
#10554=DIRECTION('center_axis',(0.,0.,1.));
#10555=DIRECTION('ref_axis',(0.,1.,0.));
#10556=DIRECTION('',(0.,0.,-1.));
#10557=DIRECTION('center_axis',(0.,-1.,0.));
#10558=DIRECTION('ref_axis',(-1.,0.,0.));
#10559=DIRECTION('',(1.,0.,0.));
#10560=DIRECTION('',(0.,0.,-1.));
#10561=DIRECTION('center_axis',(0.,0.,-1.));
#10562=DIRECTION('ref_axis',(1.,0.,0.));
#10563=DIRECTION('center_axis',(0.,0.,1.));
#10564=DIRECTION('ref_axis',(1.,0.,0.));
#10565=DIRECTION('',(0.,0.,-1.));
#10566=DIRECTION('center_axis',(-1.,0.,0.));
#10567=DIRECTION('ref_axis',(0.,1.,0.));
#10568=DIRECTION('',(0.,-1.,0.));
#10569=DIRECTION('',(0.,0.,-1.));
#10570=DIRECTION('center_axis',(0.,0.,-1.));
#10571=DIRECTION('ref_axis',(-1.,0.,0.));
#10572=DIRECTION('center_axis',(0.,0.,1.));
#10573=DIRECTION('ref_axis',(-1.,0.,0.));
#10574=DIRECTION('',(0.,0.,-1.));
#10575=DIRECTION('center_axis',(0.,-1.,0.));
#10576=DIRECTION('ref_axis',(-1.,0.,0.));
#10577=DIRECTION('',(1.,0.,0.));
#10578=DIRECTION('',(0.,0.,-1.));
#10579=DIRECTION('center_axis',(0.,0.,-1.));
#10580=DIRECTION('ref_axis',(0.,-1.,0.));
#10581=DIRECTION('center_axis',(0.,0.,1.));
#10582=DIRECTION('ref_axis',(0.,-1.,0.));
#10583=DIRECTION('',(0.,0.,-1.));
#10584=DIRECTION('center_axis',(1.,0.,0.));
#10585=DIRECTION('ref_axis',(0.,-1.,0.));
#10586=DIRECTION('',(0.,-1.,0.));
#10587=DIRECTION('',(0.,0.,-1.));
#10588=DIRECTION('center_axis',(0.,0.,-1.));
#10589=DIRECTION('ref_axis',(0.,1.,0.));
#10590=DIRECTION('center_axis',(0.,0.,1.));
#10591=DIRECTION('ref_axis',(0.,1.,0.));
#10592=DIRECTION('',(0.,0.,-1.));
#10593=DIRECTION('center_axis',(0.,-1.,0.));
#10594=DIRECTION('ref_axis',(-1.,0.,0.));
#10595=DIRECTION('',(-1.,0.,0.));
#10596=DIRECTION('',(0.,0.,-1.));
#10597=DIRECTION('center_axis',(0.,0.,-1.));
#10598=DIRECTION('ref_axis',(1.,0.,0.));
#10599=DIRECTION('center_axis',(0.,0.,1.));
#10600=DIRECTION('ref_axis',(1.,0.,0.));
#10601=DIRECTION('',(0.,0.,-1.));
#10602=DIRECTION('center_axis',(-1.,0.,0.));
#10603=DIRECTION('ref_axis',(0.,1.,0.));
#10604=DIRECTION('',(0.,1.,0.));
#10605=DIRECTION('',(0.,0.,-1.));
#10606=DIRECTION('center_axis',(0.,-1.,0.));
#10607=DIRECTION('ref_axis',(-1.,0.,0.));
#10608=DIRECTION('',(-1.,0.,0.));
#10609=DIRECTION('',(0.,0.,-1.));
#10610=DIRECTION('center_axis',(0.,0.,-1.));
#10611=DIRECTION('ref_axis',(1.,0.,0.));
#10612=DIRECTION('center_axis',(0.,0.,1.));
#10613=DIRECTION('ref_axis',(1.,0.,0.));
#10614=DIRECTION('',(0.,0.,-1.));
#10615=DIRECTION('center_axis',(-1.,0.,0.));
#10616=DIRECTION('ref_axis',(0.,1.,0.));
#10617=DIRECTION('',(0.,1.,0.));
#10618=DIRECTION('',(0.,0.,-1.));
#10619=DIRECTION('center_axis',(0.,1.,0.));
#10620=DIRECTION('ref_axis',(1.,0.,0.));
#10621=DIRECTION('',(1.,0.,0.));
#10622=DIRECTION('',(0.,0.,-1.));
#10623=DIRECTION('center_axis',(0.,0.,-1.));
#10624=DIRECTION('ref_axis',(0.,1.,0.));
#10625=DIRECTION('center_axis',(0.,0.,1.));
#10626=DIRECTION('ref_axis',(0.,1.,0.));
#10627=DIRECTION('',(0.,0.,-1.));
#10628=DIRECTION('center_axis',(-1.,0.,0.));
#10629=DIRECTION('ref_axis',(0.,1.,0.));
#10630=DIRECTION('',(0.,1.,0.));
#10631=DIRECTION('',(0.,0.,-1.));
#10632=DIRECTION('center_axis',(0.,0.,-1.));
#10633=DIRECTION('ref_axis',(0.,-1.,0.));
#10634=DIRECTION('center_axis',(0.,0.,1.));
#10635=DIRECTION('ref_axis',(0.,-1.,0.));
#10636=DIRECTION('',(0.,0.,-1.));
#10637=DIRECTION('center_axis',(0.,1.,0.));
#10638=DIRECTION('ref_axis',(1.,0.,0.));
#10639=DIRECTION('',(1.,0.,0.));
#10640=DIRECTION('',(0.,0.,-1.));
#10641=DIRECTION('center_axis',(0.,0.,-1.));
#10642=DIRECTION('ref_axis',(0.,1.,0.));
#10643=DIRECTION('center_axis',(0.,0.,1.));
#10644=DIRECTION('ref_axis',(0.,1.,0.));
#10645=DIRECTION('center_axis',(0.,1.,0.));
#10646=DIRECTION('ref_axis',(1.,0.,0.));
#10647=DIRECTION('',(1.,0.,0.));
#10648=DIRECTION('',(0.,0.,-1.));
#10649=DIRECTION('center_axis',(0.,0.,-1.));
#10650=DIRECTION('ref_axis',(-1.,0.,0.));
#10651=DIRECTION('center_axis',(0.,0.,1.));
#10652=DIRECTION('ref_axis',(-1.,0.,0.));
#10653=DIRECTION('',(0.,0.,-1.));
#10654=DIRECTION('center_axis',(1.,0.,0.));
#10655=DIRECTION('ref_axis',(0.,-1.,0.));
#10656=DIRECTION('',(0.,-1.,0.));
#10657=DIRECTION('',(0.,0.,-1.));
#10658=DIRECTION('center_axis',(0.,0.,-1.));
#10659=DIRECTION('ref_axis',(1.,0.,0.));
#10660=DIRECTION('center_axis',(0.,0.,1.));
#10661=DIRECTION('ref_axis',(1.,0.,0.));
#10662=DIRECTION('center_axis',(-1.,0.,0.));
#10663=DIRECTION('ref_axis',(0.,1.,0.));
#10664=DIRECTION('',(0.,0.,-1.));
#10665=DIRECTION('',(0.,1.,0.));
#10666=DIRECTION('center_axis',(-1.,0.,0.));
#10667=DIRECTION('ref_axis',(0.,1.,0.));
#10668=DIRECTION('',(0.,1.,0.));
#10669=DIRECTION('',(0.,0.,-1.));
#10670=DIRECTION('',(0.,0.,-1.));
#10671=DIRECTION('center_axis',(0.,0.,-1.));
#10672=DIRECTION('ref_axis',(-1.,0.,0.));
#10673=DIRECTION('center_axis',(0.,0.,-1.));
#10674=DIRECTION('ref_axis',(-1.,0.,0.));
#10675=DIRECTION('',(0.,0.,-1.));
#10676=DIRECTION('center_axis',(0.,-1.,0.));
#10677=DIRECTION('ref_axis',(-1.,0.,0.));
#10678=DIRECTION('',(-1.,0.,0.));
#10679=DIRECTION('',(0.,0.,-1.));
#10680=DIRECTION('center_axis',(0.,0.,-1.));
#10681=DIRECTION('ref_axis',(0.,-1.,0.));
#10682=DIRECTION('center_axis',(0.,0.,-1.));
#10683=DIRECTION('ref_axis',(0.,-1.,0.));
#10684=DIRECTION('',(0.,0.,-1.));
#10685=DIRECTION('center_axis',(1.,0.,0.));
#10686=DIRECTION('ref_axis',(0.,-1.,0.));
#10687=DIRECTION('',(0.,-1.,0.));
#10688=DIRECTION('',(0.,0.,-1.));
#10689=DIRECTION('center_axis',(0.,0.,-1.));
#10690=DIRECTION('ref_axis',(1.,0.,0.));
#10691=DIRECTION('center_axis',(0.,0.,-1.));
#10692=DIRECTION('ref_axis',(1.,0.,0.));
#10693=DIRECTION('',(0.,0.,-1.));
#10694=DIRECTION('center_axis',(0.,1.,0.));
#10695=DIRECTION('ref_axis',(1.,0.,0.));
#10696=DIRECTION('',(1.,0.,0.));
#10697=DIRECTION('',(0.,0.,-1.));
#10698=DIRECTION('center_axis',(0.,0.,-1.));
#10699=DIRECTION('ref_axis',(0.,1.,0.));
#10700=DIRECTION('center_axis',(0.,0.,-1.));
#10701=DIRECTION('ref_axis',(0.,1.,0.));
#10702=DIRECTION('center_axis',(-1.,0.,0.));
#10703=DIRECTION('ref_axis',(0.,1.,0.));
#10704=DIRECTION('',(0.,1.,0.));
#10705=DIRECTION('',(0.,0.,-1.));
#10706=DIRECTION('',(0.,0.,-1.));
#10707=DIRECTION('center_axis',(0.,0.,-1.));
#10708=DIRECTION('ref_axis',(-1.,0.,0.));
#10709=DIRECTION('center_axis',(0.,0.,-1.));
#10710=DIRECTION('ref_axis',(-1.,0.,0.));
#10711=DIRECTION('',(0.,0.,-1.));
#10712=DIRECTION('center_axis',(0.,-1.,0.));
#10713=DIRECTION('ref_axis',(-1.,0.,0.));
#10714=DIRECTION('',(-1.,0.,0.));
#10715=DIRECTION('',(0.,0.,-1.));
#10716=DIRECTION('center_axis',(0.,0.,-1.));
#10717=DIRECTION('ref_axis',(0.,-1.,0.));
#10718=DIRECTION('center_axis',(0.,0.,-1.));
#10719=DIRECTION('ref_axis',(0.,-1.,0.));
#10720=DIRECTION('',(0.,0.,-1.));
#10721=DIRECTION('center_axis',(1.,0.,0.));
#10722=DIRECTION('ref_axis',(0.,-1.,0.));
#10723=DIRECTION('',(0.,-1.,0.));
#10724=DIRECTION('',(0.,0.,-1.));
#10725=DIRECTION('center_axis',(0.,0.,-1.));
#10726=DIRECTION('ref_axis',(1.,0.,0.));
#10727=DIRECTION('center_axis',(0.,0.,-1.));
#10728=DIRECTION('ref_axis',(1.,0.,0.));
#10729=DIRECTION('',(0.,0.,-1.));
#10730=DIRECTION('center_axis',(0.,1.,0.));
#10731=DIRECTION('ref_axis',(1.,0.,0.));
#10732=DIRECTION('',(1.,0.,0.));
#10733=DIRECTION('',(0.,0.,-1.));
#10734=DIRECTION('center_axis',(0.,0.,-1.));
#10735=DIRECTION('ref_axis',(0.,1.,0.));
#10736=DIRECTION('center_axis',(0.,0.,-1.));
#10737=DIRECTION('ref_axis',(0.,1.,0.));
#10738=DIRECTION('center_axis',(-1.,0.,0.));
#10739=DIRECTION('ref_axis',(0.,1.,0.));
#10740=DIRECTION('',(0.,1.,0.));
#10741=DIRECTION('',(0.,0.,-1.));
#10742=DIRECTION('',(0.,0.,-1.));
#10743=DIRECTION('center_axis',(0.,0.,-1.));
#10744=DIRECTION('ref_axis',(-1.,0.,0.));
#10745=DIRECTION('center_axis',(0.,0.,-1.));
#10746=DIRECTION('ref_axis',(-1.,0.,0.));
#10747=DIRECTION('',(0.,0.,-1.));
#10748=DIRECTION('center_axis',(0.,-1.,0.));
#10749=DIRECTION('ref_axis',(-1.,0.,0.));
#10750=DIRECTION('',(-1.,0.,0.));
#10751=DIRECTION('',(0.,0.,-1.));
#10752=DIRECTION('center_axis',(0.,0.,-1.));
#10753=DIRECTION('ref_axis',(0.,-1.,0.));
#10754=DIRECTION('center_axis',(0.,0.,-1.));
#10755=DIRECTION('ref_axis',(0.,-1.,0.));
#10756=DIRECTION('',(0.,0.,-1.));
#10757=DIRECTION('center_axis',(1.,0.,0.));
#10758=DIRECTION('ref_axis',(0.,-1.,0.));
#10759=DIRECTION('',(0.,-1.,0.));
#10760=DIRECTION('',(0.,0.,-1.));
#10761=DIRECTION('center_axis',(0.,0.,-1.));
#10762=DIRECTION('ref_axis',(1.,0.,0.));
#10763=DIRECTION('center_axis',(0.,0.,-1.));
#10764=DIRECTION('ref_axis',(1.,0.,0.));
#10765=DIRECTION('',(0.,0.,-1.));
#10766=DIRECTION('center_axis',(0.,1.,0.));
#10767=DIRECTION('ref_axis',(1.,0.,0.));
#10768=DIRECTION('',(1.,0.,0.));
#10769=DIRECTION('',(0.,0.,-1.));
#10770=DIRECTION('center_axis',(0.,0.,-1.));
#10771=DIRECTION('ref_axis',(0.,1.,0.));
#10772=DIRECTION('center_axis',(0.,0.,-1.));
#10773=DIRECTION('ref_axis',(0.,1.,0.));
#10774=DIRECTION('center_axis',(-1.,0.,0.));
#10775=DIRECTION('ref_axis',(0.,1.,0.));
#10776=DIRECTION('',(0.,1.,0.));
#10777=DIRECTION('',(0.,0.,-1.));
#10778=DIRECTION('',(0.,0.,-1.));
#10779=DIRECTION('center_axis',(0.,0.,-1.));
#10780=DIRECTION('ref_axis',(-1.,0.,0.));
#10781=DIRECTION('center_axis',(0.,0.,-1.));
#10782=DIRECTION('ref_axis',(-1.,0.,0.));
#10783=DIRECTION('',(0.,0.,-1.));
#10784=DIRECTION('center_axis',(0.,-1.,0.));
#10785=DIRECTION('ref_axis',(-1.,0.,0.));
#10786=DIRECTION('',(-1.,0.,0.));
#10787=DIRECTION('',(0.,0.,-1.));
#10788=DIRECTION('center_axis',(0.,0.,-1.));
#10789=DIRECTION('ref_axis',(0.,-1.,0.));
#10790=DIRECTION('center_axis',(0.,0.,-1.));
#10791=DIRECTION('ref_axis',(0.,-1.,0.));
#10792=DIRECTION('',(0.,0.,-1.));
#10793=DIRECTION('center_axis',(1.,0.,0.));
#10794=DIRECTION('ref_axis',(0.,-1.,0.));
#10795=DIRECTION('',(0.,-1.,0.));
#10796=DIRECTION('',(0.,0.,-1.));
#10797=DIRECTION('center_axis',(0.,0.,-1.));
#10798=DIRECTION('ref_axis',(1.,0.,0.));
#10799=DIRECTION('center_axis',(0.,0.,-1.));
#10800=DIRECTION('ref_axis',(1.,0.,0.));
#10801=DIRECTION('',(0.,0.,-1.));
#10802=DIRECTION('center_axis',(0.,1.,0.));
#10803=DIRECTION('ref_axis',(1.,0.,0.));
#10804=DIRECTION('',(1.,0.,0.));
#10805=DIRECTION('',(0.,0.,-1.));
#10806=DIRECTION('center_axis',(0.,0.,-1.));
#10807=DIRECTION('ref_axis',(0.,1.,0.));
#10808=DIRECTION('center_axis',(0.,0.,-1.));
#10809=DIRECTION('ref_axis',(0.,1.,0.));
#10810=DIRECTION('center_axis',(-1.,0.,0.));
#10811=DIRECTION('ref_axis',(0.,1.,0.));
#10812=DIRECTION('',(0.,1.,0.));
#10813=DIRECTION('',(0.,0.,-1.));
#10814=DIRECTION('',(0.,0.,-1.));
#10815=DIRECTION('center_axis',(0.,0.,-1.));
#10816=DIRECTION('ref_axis',(-1.,0.,0.));
#10817=DIRECTION('center_axis',(0.,0.,-1.));
#10818=DIRECTION('ref_axis',(-1.,0.,0.));
#10819=DIRECTION('',(0.,0.,-1.));
#10820=DIRECTION('center_axis',(0.,-1.,0.));
#10821=DIRECTION('ref_axis',(-1.,0.,0.));
#10822=DIRECTION('',(-1.,0.,0.));
#10823=DIRECTION('',(0.,0.,-1.));
#10824=DIRECTION('center_axis',(0.,0.,-1.));
#10825=DIRECTION('ref_axis',(0.,-1.,0.));
#10826=DIRECTION('center_axis',(0.,0.,-1.));
#10827=DIRECTION('ref_axis',(0.,-1.,0.));
#10828=DIRECTION('',(0.,0.,-1.));
#10829=DIRECTION('center_axis',(1.,0.,0.));
#10830=DIRECTION('ref_axis',(0.,-1.,0.));
#10831=DIRECTION('',(0.,-1.,0.));
#10832=DIRECTION('',(0.,0.,-1.));
#10833=DIRECTION('center_axis',(0.,0.,-1.));
#10834=DIRECTION('ref_axis',(1.,0.,0.));
#10835=DIRECTION('center_axis',(0.,0.,-1.));
#10836=DIRECTION('ref_axis',(1.,0.,0.));
#10837=DIRECTION('',(0.,0.,-1.));
#10838=DIRECTION('center_axis',(0.,1.,0.));
#10839=DIRECTION('ref_axis',(1.,0.,0.));
#10840=DIRECTION('',(1.,0.,0.));
#10841=DIRECTION('',(0.,0.,-1.));
#10842=DIRECTION('center_axis',(0.,0.,-1.));
#10843=DIRECTION('ref_axis',(0.,1.,0.));
#10844=DIRECTION('center_axis',(0.,0.,-1.));
#10845=DIRECTION('ref_axis',(0.,1.,0.));
#10846=DIRECTION('center_axis',(-1.,0.,0.));
#10847=DIRECTION('ref_axis',(0.,1.,0.));
#10848=DIRECTION('',(0.,1.,0.));
#10849=DIRECTION('',(0.,0.,-1.));
#10850=DIRECTION('',(0.,0.,-1.));
#10851=DIRECTION('center_axis',(0.,0.,-1.));
#10852=DIRECTION('ref_axis',(-1.,0.,0.));
#10853=DIRECTION('center_axis',(0.,0.,-1.));
#10854=DIRECTION('ref_axis',(-1.,0.,0.));
#10855=DIRECTION('',(0.,0.,-1.));
#10856=DIRECTION('center_axis',(0.,-1.,0.));
#10857=DIRECTION('ref_axis',(-1.,0.,0.));
#10858=DIRECTION('',(-1.,0.,0.));
#10859=DIRECTION('',(0.,0.,-1.));
#10860=DIRECTION('center_axis',(0.,0.,-1.));
#10861=DIRECTION('ref_axis',(0.,-1.,0.));
#10862=DIRECTION('center_axis',(0.,0.,-1.));
#10863=DIRECTION('ref_axis',(0.,-1.,0.));
#10864=DIRECTION('',(0.,0.,-1.));
#10865=DIRECTION('center_axis',(1.,0.,0.));
#10866=DIRECTION('ref_axis',(0.,-1.,0.));
#10867=DIRECTION('',(0.,-1.,0.));
#10868=DIRECTION('',(0.,0.,-1.));
#10869=DIRECTION('center_axis',(0.,0.,-1.));
#10870=DIRECTION('ref_axis',(1.,0.,0.));
#10871=DIRECTION('center_axis',(0.,0.,-1.));
#10872=DIRECTION('ref_axis',(1.,0.,0.));
#10873=DIRECTION('',(0.,0.,-1.));
#10874=DIRECTION('center_axis',(0.,1.,0.));
#10875=DIRECTION('ref_axis',(1.,0.,0.));
#10876=DIRECTION('',(1.,0.,0.));
#10877=DIRECTION('',(0.,0.,-1.));
#10878=DIRECTION('center_axis',(0.,0.,-1.));
#10879=DIRECTION('ref_axis',(0.,1.,0.));
#10880=DIRECTION('center_axis',(0.,0.,-1.));
#10881=DIRECTION('ref_axis',(0.,1.,0.));
#10882=DIRECTION('center_axis',(-1.,0.,0.));
#10883=DIRECTION('ref_axis',(0.,1.,0.));
#10884=DIRECTION('',(0.,1.,0.));
#10885=DIRECTION('',(0.,0.,-1.));
#10886=DIRECTION('',(0.,0.,-1.));
#10887=DIRECTION('center_axis',(0.,0.,-1.));
#10888=DIRECTION('ref_axis',(-1.,0.,0.));
#10889=DIRECTION('center_axis',(0.,0.,-1.));
#10890=DIRECTION('ref_axis',(-1.,0.,0.));
#10891=DIRECTION('',(0.,0.,-1.));
#10892=DIRECTION('center_axis',(0.,-1.,0.));
#10893=DIRECTION('ref_axis',(-1.,0.,0.));
#10894=DIRECTION('',(-1.,0.,0.));
#10895=DIRECTION('',(0.,0.,-1.));
#10896=DIRECTION('center_axis',(0.,0.,-1.));
#10897=DIRECTION('ref_axis',(0.,-1.,0.));
#10898=DIRECTION('center_axis',(0.,0.,-1.));
#10899=DIRECTION('ref_axis',(0.,-1.,0.));
#10900=DIRECTION('',(0.,0.,-1.));
#10901=DIRECTION('center_axis',(1.,0.,0.));
#10902=DIRECTION('ref_axis',(0.,-1.,0.));
#10903=DIRECTION('',(0.,-1.,0.));
#10904=DIRECTION('',(0.,0.,-1.));
#10905=DIRECTION('center_axis',(0.,0.,-1.));
#10906=DIRECTION('ref_axis',(1.,0.,0.));
#10907=DIRECTION('center_axis',(0.,0.,-1.));
#10908=DIRECTION('ref_axis',(1.,0.,0.));
#10909=DIRECTION('',(0.,0.,-1.));
#10910=DIRECTION('center_axis',(0.,1.,0.));
#10911=DIRECTION('ref_axis',(1.,0.,0.));
#10912=DIRECTION('',(1.,0.,0.));
#10913=DIRECTION('',(0.,0.,-1.));
#10914=DIRECTION('center_axis',(0.,0.,-1.));
#10915=DIRECTION('ref_axis',(0.,1.,0.));
#10916=DIRECTION('center_axis',(0.,0.,-1.));
#10917=DIRECTION('ref_axis',(0.,1.,0.));
#10918=DIRECTION('center_axis',(-1.,0.,0.));
#10919=DIRECTION('ref_axis',(0.,1.,0.));
#10920=DIRECTION('',(0.,1.,0.));
#10921=DIRECTION('',(0.,0.,-1.));
#10922=DIRECTION('',(0.,0.,-1.));
#10923=DIRECTION('center_axis',(0.,0.,-1.));
#10924=DIRECTION('ref_axis',(-1.,0.,0.));
#10925=DIRECTION('center_axis',(0.,0.,-1.));
#10926=DIRECTION('ref_axis',(-1.,0.,0.));
#10927=DIRECTION('',(0.,0.,-1.));
#10928=DIRECTION('center_axis',(0.,-1.,0.));
#10929=DIRECTION('ref_axis',(-1.,0.,0.));
#10930=DIRECTION('',(-1.,0.,0.));
#10931=DIRECTION('',(0.,0.,-1.));
#10932=DIRECTION('center_axis',(0.,0.,-1.));
#10933=DIRECTION('ref_axis',(0.,-1.,0.));
#10934=DIRECTION('center_axis',(0.,0.,-1.));
#10935=DIRECTION('ref_axis',(0.,-1.,0.));
#10936=DIRECTION('',(0.,0.,-1.));
#10937=DIRECTION('center_axis',(1.,0.,0.));
#10938=DIRECTION('ref_axis',(0.,-1.,0.));
#10939=DIRECTION('',(0.,-1.,0.));
#10940=DIRECTION('',(0.,0.,-1.));
#10941=DIRECTION('center_axis',(0.,0.,-1.));
#10942=DIRECTION('ref_axis',(1.,0.,0.));
#10943=DIRECTION('center_axis',(0.,0.,-1.));
#10944=DIRECTION('ref_axis',(1.,0.,0.));
#10945=DIRECTION('',(0.,0.,-1.));
#10946=DIRECTION('center_axis',(0.,1.,0.));
#10947=DIRECTION('ref_axis',(1.,0.,0.));
#10948=DIRECTION('',(1.,0.,0.));
#10949=DIRECTION('',(0.,0.,-1.));
#10950=DIRECTION('center_axis',(0.,0.,-1.));
#10951=DIRECTION('ref_axis',(0.,1.,0.));
#10952=DIRECTION('center_axis',(0.,0.,-1.));
#10953=DIRECTION('ref_axis',(0.,1.,0.));
#10954=DIRECTION('center_axis',(-1.,0.,0.));
#10955=DIRECTION('ref_axis',(0.,1.,0.));
#10956=DIRECTION('',(0.,1.,0.));
#10957=DIRECTION('',(0.,0.,-1.));
#10958=DIRECTION('',(0.,0.,-1.));
#10959=DIRECTION('center_axis',(0.,0.,-1.));
#10960=DIRECTION('ref_axis',(-1.,0.,0.));
#10961=DIRECTION('center_axis',(0.,0.,-1.));
#10962=DIRECTION('ref_axis',(-1.,0.,0.));
#10963=DIRECTION('',(0.,0.,-1.));
#10964=DIRECTION('center_axis',(0.,-1.,0.));
#10965=DIRECTION('ref_axis',(-1.,0.,0.));
#10966=DIRECTION('',(-1.,0.,0.));
#10967=DIRECTION('',(0.,0.,-1.));
#10968=DIRECTION('center_axis',(0.,0.,-1.));
#10969=DIRECTION('ref_axis',(0.,-1.,0.));
#10970=DIRECTION('center_axis',(0.,0.,-1.));
#10971=DIRECTION('ref_axis',(0.,-1.,0.));
#10972=DIRECTION('',(0.,0.,-1.));
#10973=DIRECTION('center_axis',(1.,0.,0.));
#10974=DIRECTION('ref_axis',(0.,-1.,0.));
#10975=DIRECTION('',(0.,-1.,0.));
#10976=DIRECTION('',(0.,0.,-1.));
#10977=DIRECTION('center_axis',(0.,0.,-1.));
#10978=DIRECTION('ref_axis',(1.,0.,0.));
#10979=DIRECTION('center_axis',(0.,0.,-1.));
#10980=DIRECTION('ref_axis',(1.,0.,0.));
#10981=DIRECTION('',(0.,0.,-1.));
#10982=DIRECTION('center_axis',(0.,1.,0.));
#10983=DIRECTION('ref_axis',(1.,0.,0.));
#10984=DIRECTION('',(1.,0.,0.));
#10985=DIRECTION('',(0.,0.,-1.));
#10986=DIRECTION('center_axis',(0.,0.,-1.));
#10987=DIRECTION('ref_axis',(0.,1.,0.));
#10988=DIRECTION('center_axis',(0.,0.,-1.));
#10989=DIRECTION('ref_axis',(0.,1.,0.));
#10990=DIRECTION('center_axis',(0.,0.,-1.));
#10991=DIRECTION('ref_axis',(-1.,0.,0.));
#10992=DIRECTION('center_axis',(0.,0.,-1.));
#10993=DIRECTION('ref_axis',(-1.,0.,0.));
#10994=DIRECTION('',(0.,0.,-1.));
#10995=DIRECTION('center_axis',(0.,-1.,0.));
#10996=DIRECTION('ref_axis',(-1.,0.,0.));
#10997=DIRECTION('',(-1.,0.,0.));
#10998=DIRECTION('',(0.,0.,-1.));
#10999=DIRECTION('center_axis',(0.,0.,-1.));
#11000=DIRECTION('ref_axis',(0.,-1.,0.));
#11001=DIRECTION('center_axis',(0.,0.,-1.));
#11002=DIRECTION('ref_axis',(0.,-1.,0.));
#11003=DIRECTION('center_axis',(1.,0.,0.));
#11004=DIRECTION('ref_axis',(0.,-1.,0.));
#11005=DIRECTION('',(0.,-1.,0.));
#11006=DIRECTION('',(0.,0.,-1.));
#11007=DIRECTION('center_axis',(0.,0.,-1.));
#11008=DIRECTION('ref_axis',(1.,0.,0.));
#11009=DIRECTION('center_axis',(0.,0.,-1.));
#11010=DIRECTION('ref_axis',(1.,0.,0.));
#11011=DIRECTION('',(0.,0.,-1.));
#11012=DIRECTION('center_axis',(0.,1.,0.));
#11013=DIRECTION('ref_axis',(1.,0.,0.));
#11014=DIRECTION('',(1.,0.,0.));
#11015=DIRECTION('',(0.,0.,-1.));
#11016=DIRECTION('center_axis',(0.,0.,-1.));
#11017=DIRECTION('ref_axis',(0.,1.,0.));
#11018=DIRECTION('center_axis',(0.,0.,-1.));
#11019=DIRECTION('ref_axis',(0.,1.,0.));
#11020=DIRECTION('center_axis',(-1.,0.,0.));
#11021=DIRECTION('ref_axis',(0.,1.,0.));
#11022=DIRECTION('',(0.,1.,0.));
#11023=DIRECTION('',(0.,0.,-1.));
#11024=DIRECTION('',(0.,0.,-1.));
#11025=DIRECTION('center_axis',(0.,0.,-1.));
#11026=DIRECTION('ref_axis',(-1.,0.,0.));
#11027=DIRECTION('center_axis',(0.,0.,-1.));
#11028=DIRECTION('ref_axis',(-1.,0.,0.));
#11029=DIRECTION('',(0.,0.,-1.));
#11030=DIRECTION('center_axis',(0.,-1.,0.));
#11031=DIRECTION('ref_axis',(-1.,0.,0.));
#11032=DIRECTION('',(-1.,0.,0.));
#11033=DIRECTION('',(0.,0.,-1.));
#11034=DIRECTION('center_axis',(0.,0.,-1.));
#11035=DIRECTION('ref_axis',(0.,-1.,0.));
#11036=DIRECTION('center_axis',(0.,0.,-1.));
#11037=DIRECTION('ref_axis',(0.,-1.,0.));
#11038=DIRECTION('',(0.,0.,-1.));
#11039=DIRECTION('center_axis',(1.,0.,0.));
#11040=DIRECTION('ref_axis',(0.,-1.,0.));
#11041=DIRECTION('',(0.,-1.,0.));
#11042=DIRECTION('',(0.,0.,-1.));
#11043=DIRECTION('center_axis',(0.,0.,-1.));
#11044=DIRECTION('ref_axis',(1.,0.,0.));
#11045=DIRECTION('center_axis',(0.,0.,-1.));
#11046=DIRECTION('ref_axis',(1.,0.,0.));
#11047=DIRECTION('',(0.,0.,-1.));
#11048=DIRECTION('center_axis',(0.,1.,0.));
#11049=DIRECTION('ref_axis',(1.,0.,0.));
#11050=DIRECTION('',(1.,0.,0.));
#11051=DIRECTION('',(0.,0.,-1.));
#11052=DIRECTION('center_axis',(0.,0.,-1.));
#11053=DIRECTION('ref_axis',(0.,1.,0.));
#11054=DIRECTION('center_axis',(0.,0.,-1.));
#11055=DIRECTION('ref_axis',(0.,1.,0.));
#11056=DIRECTION('center_axis',(-1.,0.,0.));
#11057=DIRECTION('ref_axis',(0.,1.,0.));
#11058=DIRECTION('',(0.,1.,0.));
#11059=DIRECTION('',(0.,0.,-1.));
#11060=DIRECTION('',(0.,0.,-1.));
#11061=DIRECTION('center_axis',(0.,0.,-1.));
#11062=DIRECTION('ref_axis',(-1.,0.,0.));
#11063=DIRECTION('center_axis',(0.,0.,-1.));
#11064=DIRECTION('ref_axis',(-1.,0.,0.));
#11065=DIRECTION('',(0.,0.,-1.));
#11066=DIRECTION('center_axis',(0.,-1.,0.));
#11067=DIRECTION('ref_axis',(-1.,0.,0.));
#11068=DIRECTION('',(-1.,0.,0.));
#11069=DIRECTION('',(0.,0.,-1.));
#11070=DIRECTION('center_axis',(0.,0.,-1.));
#11071=DIRECTION('ref_axis',(0.,-1.,0.));
#11072=DIRECTION('center_axis',(0.,0.,-1.));
#11073=DIRECTION('ref_axis',(0.,-1.,0.));
#11074=DIRECTION('',(0.,0.,-1.));
#11075=DIRECTION('center_axis',(1.,0.,0.));
#11076=DIRECTION('ref_axis',(0.,-1.,0.));
#11077=DIRECTION('',(0.,-1.,0.));
#11078=DIRECTION('',(0.,0.,-1.));
#11079=DIRECTION('center_axis',(0.,0.,-1.));
#11080=DIRECTION('ref_axis',(1.,0.,0.));
#11081=DIRECTION('center_axis',(0.,0.,-1.));
#11082=DIRECTION('ref_axis',(1.,0.,0.));
#11083=DIRECTION('',(0.,0.,-1.));
#11084=DIRECTION('center_axis',(0.,1.,0.));
#11085=DIRECTION('ref_axis',(1.,0.,0.));
#11086=DIRECTION('',(1.,0.,0.));
#11087=DIRECTION('',(0.,0.,-1.));
#11088=DIRECTION('center_axis',(0.,0.,-1.));
#11089=DIRECTION('ref_axis',(0.,1.,0.));
#11090=DIRECTION('center_axis',(0.,0.,-1.));
#11091=DIRECTION('ref_axis',(0.,1.,0.));
#11092=DIRECTION('center_axis',(-1.,0.,0.));
#11093=DIRECTION('ref_axis',(0.,1.,0.));
#11094=DIRECTION('',(0.,1.,0.));
#11095=DIRECTION('',(0.,0.,-1.));
#11096=DIRECTION('',(0.,0.,-1.));
#11097=DIRECTION('center_axis',(0.,0.,-1.));
#11098=DIRECTION('ref_axis',(-1.,0.,0.));
#11099=DIRECTION('center_axis',(0.,0.,-1.));
#11100=DIRECTION('ref_axis',(-1.,0.,0.));
#11101=DIRECTION('',(0.,0.,-1.));
#11102=DIRECTION('center_axis',(0.,-1.,0.));
#11103=DIRECTION('ref_axis',(-1.,0.,0.));
#11104=DIRECTION('',(-1.,0.,0.));
#11105=DIRECTION('',(0.,0.,-1.));
#11106=DIRECTION('center_axis',(0.,0.,-1.));
#11107=DIRECTION('ref_axis',(0.,-1.,0.));
#11108=DIRECTION('center_axis',(0.,0.,-1.));
#11109=DIRECTION('ref_axis',(0.,-1.,0.));
#11110=DIRECTION('',(0.,0.,-1.));
#11111=DIRECTION('center_axis',(1.,0.,0.));
#11112=DIRECTION('ref_axis',(0.,-1.,0.));
#11113=DIRECTION('',(0.,-1.,0.));
#11114=DIRECTION('',(0.,0.,-1.));
#11115=DIRECTION('center_axis',(0.,0.,-1.));
#11116=DIRECTION('ref_axis',(1.,0.,0.));
#11117=DIRECTION('center_axis',(0.,0.,-1.));
#11118=DIRECTION('ref_axis',(1.,0.,0.));
#11119=DIRECTION('',(0.,0.,-1.));
#11120=DIRECTION('center_axis',(0.,1.,0.));
#11121=DIRECTION('ref_axis',(1.,0.,0.));
#11122=DIRECTION('',(1.,0.,0.));
#11123=DIRECTION('',(0.,0.,-1.));
#11124=DIRECTION('center_axis',(0.,0.,-1.));
#11125=DIRECTION('ref_axis',(0.,1.,0.));
#11126=DIRECTION('center_axis',(0.,0.,-1.));
#11127=DIRECTION('ref_axis',(0.,1.,0.));
#11128=DIRECTION('center_axis',(-1.,0.,0.));
#11129=DIRECTION('ref_axis',(0.,1.,0.));
#11130=DIRECTION('',(0.,1.,0.));
#11131=DIRECTION('',(0.,0.,-1.));
#11132=DIRECTION('',(0.,0.,-1.));
#11133=DIRECTION('center_axis',(0.,0.,-1.));
#11134=DIRECTION('ref_axis',(-1.,0.,0.));
#11135=DIRECTION('center_axis',(0.,0.,-1.));
#11136=DIRECTION('ref_axis',(-1.,0.,0.));
#11137=DIRECTION('',(0.,0.,-1.));
#11138=DIRECTION('center_axis',(0.,-1.,0.));
#11139=DIRECTION('ref_axis',(-1.,0.,0.));
#11140=DIRECTION('',(-1.,0.,0.));
#11141=DIRECTION('',(0.,0.,-1.));
#11142=DIRECTION('center_axis',(0.,0.,-1.));
#11143=DIRECTION('ref_axis',(0.,-1.,0.));
#11144=DIRECTION('center_axis',(0.,0.,-1.));
#11145=DIRECTION('ref_axis',(0.,-1.,0.));
#11146=DIRECTION('',(0.,0.,-1.));
#11147=DIRECTION('center_axis',(1.,0.,0.));
#11148=DIRECTION('ref_axis',(0.,-1.,0.));
#11149=DIRECTION('',(0.,-1.,0.));
#11150=DIRECTION('',(0.,0.,-1.));
#11151=DIRECTION('center_axis',(0.,0.,-1.));
#11152=DIRECTION('ref_axis',(1.,0.,0.));
#11153=DIRECTION('center_axis',(0.,0.,-1.));
#11154=DIRECTION('ref_axis',(1.,0.,0.));
#11155=DIRECTION('',(0.,0.,-1.));
#11156=DIRECTION('center_axis',(0.,1.,0.));
#11157=DIRECTION('ref_axis',(1.,0.,0.));
#11158=DIRECTION('',(1.,0.,0.));
#11159=DIRECTION('',(0.,0.,-1.));
#11160=DIRECTION('center_axis',(0.,0.,-1.));
#11161=DIRECTION('ref_axis',(0.,1.,0.));
#11162=DIRECTION('center_axis',(0.,0.,-1.));
#11163=DIRECTION('ref_axis',(0.,1.,0.));
#11164=DIRECTION('center_axis',(-1.,0.,0.));
#11165=DIRECTION('ref_axis',(0.,1.,0.));
#11166=DIRECTION('',(0.,1.,0.));
#11167=DIRECTION('',(0.,0.,-1.));
#11168=DIRECTION('',(0.,0.,-1.));
#11169=DIRECTION('center_axis',(0.,0.,-1.));
#11170=DIRECTION('ref_axis',(-1.,0.,0.));
#11171=DIRECTION('center_axis',(0.,0.,-1.));
#11172=DIRECTION('ref_axis',(-1.,0.,0.));
#11173=DIRECTION('',(0.,0.,-1.));
#11174=DIRECTION('center_axis',(0.,-1.,0.));
#11175=DIRECTION('ref_axis',(-1.,0.,0.));
#11176=DIRECTION('',(-1.,0.,0.));
#11177=DIRECTION('',(0.,0.,-1.));
#11178=DIRECTION('center_axis',(0.,0.,-1.));
#11179=DIRECTION('ref_axis',(0.,-1.,0.));
#11180=DIRECTION('center_axis',(0.,0.,-1.));
#11181=DIRECTION('ref_axis',(0.,-1.,0.));
#11182=DIRECTION('',(0.,0.,-1.));
#11183=DIRECTION('center_axis',(1.,0.,0.));
#11184=DIRECTION('ref_axis',(0.,-1.,0.));
#11185=DIRECTION('',(0.,-1.,0.));
#11186=DIRECTION('',(0.,0.,-1.));
#11187=DIRECTION('center_axis',(0.,0.,-1.));
#11188=DIRECTION('ref_axis',(1.,0.,0.));
#11189=DIRECTION('center_axis',(0.,0.,-1.));
#11190=DIRECTION('ref_axis',(1.,0.,0.));
#11191=DIRECTION('',(0.,0.,-1.));
#11192=DIRECTION('center_axis',(0.,1.,0.));
#11193=DIRECTION('ref_axis',(1.,0.,0.));
#11194=DIRECTION('',(1.,0.,0.));
#11195=DIRECTION('',(0.,0.,-1.));
#11196=DIRECTION('center_axis',(0.,0.,-1.));
#11197=DIRECTION('ref_axis',(0.,1.,0.));
#11198=DIRECTION('center_axis',(0.,0.,-1.));
#11199=DIRECTION('ref_axis',(0.,1.,0.));
#11200=DIRECTION('center_axis',(-1.,0.,0.));
#11201=DIRECTION('ref_axis',(0.,1.,0.));
#11202=DIRECTION('',(0.,1.,0.));
#11203=DIRECTION('',(0.,0.,-1.));
#11204=DIRECTION('',(0.,0.,-1.));
#11205=DIRECTION('center_axis',(0.,0.,-1.));
#11206=DIRECTION('ref_axis',(-1.,0.,0.));
#11207=DIRECTION('center_axis',(0.,0.,-1.));
#11208=DIRECTION('ref_axis',(-1.,0.,0.));
#11209=DIRECTION('',(0.,0.,-1.));
#11210=DIRECTION('center_axis',(0.,-1.,0.));
#11211=DIRECTION('ref_axis',(-1.,0.,0.));
#11212=DIRECTION('',(-1.,0.,0.));
#11213=DIRECTION('',(0.,0.,-1.));
#11214=DIRECTION('center_axis',(0.,0.,-1.));
#11215=DIRECTION('ref_axis',(0.,-1.,0.));
#11216=DIRECTION('center_axis',(0.,0.,-1.));
#11217=DIRECTION('ref_axis',(0.,-1.,0.));
#11218=DIRECTION('',(0.,0.,-1.));
#11219=DIRECTION('center_axis',(1.,0.,0.));
#11220=DIRECTION('ref_axis',(0.,-1.,0.));
#11221=DIRECTION('',(0.,-1.,0.));
#11222=DIRECTION('',(0.,0.,-1.));
#11223=DIRECTION('center_axis',(0.,0.,-1.));
#11224=DIRECTION('ref_axis',(1.,0.,0.));
#11225=DIRECTION('center_axis',(0.,0.,-1.));
#11226=DIRECTION('ref_axis',(1.,0.,0.));
#11227=DIRECTION('',(0.,0.,-1.));
#11228=DIRECTION('center_axis',(0.,1.,0.));
#11229=DIRECTION('ref_axis',(1.,0.,0.));
#11230=DIRECTION('',(1.,0.,0.));
#11231=DIRECTION('',(0.,0.,-1.));
#11232=DIRECTION('center_axis',(0.,0.,-1.));
#11233=DIRECTION('ref_axis',(0.,1.,0.));
#11234=DIRECTION('center_axis',(0.,0.,-1.));
#11235=DIRECTION('ref_axis',(0.,1.,0.));
#11236=DIRECTION('center_axis',(-1.,0.,0.));
#11237=DIRECTION('ref_axis',(0.,1.,0.));
#11238=DIRECTION('',(0.,1.,0.));
#11239=DIRECTION('',(0.,0.,-1.));
#11240=DIRECTION('',(0.,0.,-1.));
#11241=DIRECTION('center_axis',(0.,0.,-1.));
#11242=DIRECTION('ref_axis',(-1.,0.,0.));
#11243=DIRECTION('center_axis',(0.,0.,-1.));
#11244=DIRECTION('ref_axis',(-1.,0.,0.));
#11245=DIRECTION('',(0.,0.,-1.));
#11246=DIRECTION('center_axis',(0.,-1.,0.));
#11247=DIRECTION('ref_axis',(-1.,0.,0.));
#11248=DIRECTION('',(-1.,0.,0.));
#11249=DIRECTION('',(0.,0.,-1.));
#11250=DIRECTION('center_axis',(0.,0.,-1.));
#11251=DIRECTION('ref_axis',(0.,-1.,0.));
#11252=DIRECTION('center_axis',(0.,0.,-1.));
#11253=DIRECTION('ref_axis',(0.,-1.,0.));
#11254=DIRECTION('',(0.,0.,-1.));
#11255=DIRECTION('center_axis',(1.,0.,0.));
#11256=DIRECTION('ref_axis',(0.,-1.,0.));
#11257=DIRECTION('',(0.,-1.,0.));
#11258=DIRECTION('',(0.,0.,-1.));
#11259=DIRECTION('center_axis',(0.,0.,-1.));
#11260=DIRECTION('ref_axis',(1.,0.,0.));
#11261=DIRECTION('center_axis',(0.,0.,-1.));
#11262=DIRECTION('ref_axis',(1.,0.,0.));
#11263=DIRECTION('',(0.,0.,-1.));
#11264=DIRECTION('center_axis',(0.,1.,0.));
#11265=DIRECTION('ref_axis',(1.,0.,0.));
#11266=DIRECTION('',(1.,0.,0.));
#11267=DIRECTION('',(0.,0.,-1.));
#11268=DIRECTION('center_axis',(0.,0.,-1.));
#11269=DIRECTION('ref_axis',(0.,1.,0.));
#11270=DIRECTION('center_axis',(0.,0.,-1.));
#11271=DIRECTION('ref_axis',(0.,1.,0.));
#11272=DIRECTION('center_axis',(-1.,0.,0.));
#11273=DIRECTION('ref_axis',(0.,1.,0.));
#11274=DIRECTION('',(0.,1.,0.));
#11275=DIRECTION('',(0.,0.,-1.));
#11276=DIRECTION('',(0.,0.,-1.));
#11277=DIRECTION('center_axis',(0.,0.,-1.));
#11278=DIRECTION('ref_axis',(-1.,0.,0.));
#11279=DIRECTION('center_axis',(0.,0.,-1.));
#11280=DIRECTION('ref_axis',(-1.,0.,0.));
#11281=DIRECTION('',(0.,0.,-1.));
#11282=DIRECTION('center_axis',(0.,-1.,0.));
#11283=DIRECTION('ref_axis',(-1.,0.,0.));
#11284=DIRECTION('',(-1.,0.,0.));
#11285=DIRECTION('',(0.,0.,-1.));
#11286=DIRECTION('center_axis',(0.,0.,-1.));
#11287=DIRECTION('ref_axis',(0.,-1.,0.));
#11288=DIRECTION('center_axis',(0.,0.,-1.));
#11289=DIRECTION('ref_axis',(0.,-1.,0.));
#11290=DIRECTION('',(0.,0.,-1.));
#11291=DIRECTION('center_axis',(1.,0.,0.));
#11292=DIRECTION('ref_axis',(0.,-1.,0.));
#11293=DIRECTION('',(0.,-1.,0.));
#11294=DIRECTION('',(0.,0.,-1.));
#11295=DIRECTION('center_axis',(0.,0.,-1.));
#11296=DIRECTION('ref_axis',(1.,0.,0.));
#11297=DIRECTION('center_axis',(0.,0.,-1.));
#11298=DIRECTION('ref_axis',(1.,0.,0.));
#11299=DIRECTION('',(0.,0.,-1.));
#11300=DIRECTION('center_axis',(0.,1.,0.));
#11301=DIRECTION('ref_axis',(1.,0.,0.));
#11302=DIRECTION('',(1.,0.,0.));
#11303=DIRECTION('',(0.,0.,-1.));
#11304=DIRECTION('center_axis',(0.,0.,-1.));
#11305=DIRECTION('ref_axis',(0.,1.,0.));
#11306=DIRECTION('center_axis',(0.,0.,-1.));
#11307=DIRECTION('ref_axis',(0.,1.,0.));
#11308=DIRECTION('center_axis',(-1.,0.,0.));
#11309=DIRECTION('ref_axis',(0.,1.,0.));
#11310=DIRECTION('',(0.,1.,0.));
#11311=DIRECTION('',(0.,0.,-1.));
#11312=DIRECTION('',(0.,0.,-1.));
#11313=DIRECTION('center_axis',(0.,0.,-1.));
#11314=DIRECTION('ref_axis',(-1.,0.,0.));
#11315=DIRECTION('center_axis',(0.,0.,-1.));
#11316=DIRECTION('ref_axis',(-1.,0.,0.));
#11317=DIRECTION('',(0.,0.,-1.));
#11318=DIRECTION('center_axis',(0.,-1.,0.));
#11319=DIRECTION('ref_axis',(-1.,0.,0.));
#11320=DIRECTION('',(-1.,0.,0.));
#11321=DIRECTION('',(0.,0.,-1.));
#11322=DIRECTION('center_axis',(0.,0.,-1.));
#11323=DIRECTION('ref_axis',(0.,-1.,0.));
#11324=DIRECTION('center_axis',(0.,0.,-1.));
#11325=DIRECTION('ref_axis',(0.,-1.,0.));
#11326=DIRECTION('',(0.,0.,-1.));
#11327=DIRECTION('center_axis',(1.,0.,0.));
#11328=DIRECTION('ref_axis',(0.,-1.,0.));
#11329=DIRECTION('',(0.,-1.,0.));
#11330=DIRECTION('',(0.,0.,-1.));
#11331=DIRECTION('center_axis',(0.,0.,-1.));
#11332=DIRECTION('ref_axis',(1.,0.,0.));
#11333=DIRECTION('center_axis',(0.,0.,-1.));
#11334=DIRECTION('ref_axis',(1.,0.,0.));
#11335=DIRECTION('',(0.,0.,-1.));
#11336=DIRECTION('center_axis',(0.,1.,0.));
#11337=DIRECTION('ref_axis',(1.,0.,0.));
#11338=DIRECTION('',(1.,0.,0.));
#11339=DIRECTION('',(0.,0.,-1.));
#11340=DIRECTION('center_axis',(0.,0.,-1.));
#11341=DIRECTION('ref_axis',(0.,1.,0.));
#11342=DIRECTION('center_axis',(0.,0.,-1.));
#11343=DIRECTION('ref_axis',(0.,1.,0.));
#11344=DIRECTION('center_axis',(-1.,0.,0.));
#11345=DIRECTION('ref_axis',(0.,1.,0.));
#11346=DIRECTION('',(0.,1.,0.));
#11347=DIRECTION('',(0.,0.,-1.));
#11348=DIRECTION('',(0.,0.,-1.));
#11349=DIRECTION('center_axis',(0.,0.,-1.));
#11350=DIRECTION('ref_axis',(-1.,0.,0.));
#11351=DIRECTION('center_axis',(0.,0.,-1.));
#11352=DIRECTION('ref_axis',(-1.,0.,0.));
#11353=DIRECTION('',(0.,0.,-1.));
#11354=DIRECTION('center_axis',(0.,-1.,0.));
#11355=DIRECTION('ref_axis',(-1.,0.,0.));
#11356=DIRECTION('',(-1.,0.,0.));
#11357=DIRECTION('',(0.,0.,-1.));
#11358=DIRECTION('center_axis',(0.,0.,-1.));
#11359=DIRECTION('ref_axis',(0.,-1.,0.));
#11360=DIRECTION('center_axis',(0.,0.,-1.));
#11361=DIRECTION('ref_axis',(0.,-1.,0.));
#11362=DIRECTION('',(0.,0.,-1.));
#11363=DIRECTION('center_axis',(1.,0.,0.));
#11364=DIRECTION('ref_axis',(0.,-1.,0.));
#11365=DIRECTION('',(0.,-1.,0.));
#11366=DIRECTION('',(0.,0.,-1.));
#11367=DIRECTION('center_axis',(0.,0.,-1.));
#11368=DIRECTION('ref_axis',(1.,0.,0.));
#11369=DIRECTION('center_axis',(0.,0.,-1.));
#11370=DIRECTION('ref_axis',(1.,0.,0.));
#11371=DIRECTION('',(0.,0.,-1.));
#11372=DIRECTION('center_axis',(0.,1.,0.));
#11373=DIRECTION('ref_axis',(1.,0.,0.));
#11374=DIRECTION('',(1.,0.,0.));
#11375=DIRECTION('',(0.,0.,-1.));
#11376=DIRECTION('center_axis',(0.,0.,-1.));
#11377=DIRECTION('ref_axis',(0.,1.,0.));
#11378=DIRECTION('center_axis',(0.,0.,-1.));
#11379=DIRECTION('ref_axis',(0.,1.,0.));
#11380=DIRECTION('center_axis',(-1.,0.,0.));
#11381=DIRECTION('ref_axis',(0.,1.,0.));
#11382=DIRECTION('',(0.,1.,0.));
#11383=DIRECTION('',(0.,0.,-1.));
#11384=DIRECTION('',(0.,0.,-1.));
#11385=DIRECTION('center_axis',(0.,0.,-1.));
#11386=DIRECTION('ref_axis',(-1.,0.,0.));
#11387=DIRECTION('center_axis',(0.,0.,-1.));
#11388=DIRECTION('ref_axis',(-1.,0.,0.));
#11389=DIRECTION('',(0.,0.,-1.));
#11390=DIRECTION('center_axis',(0.,-1.,0.));
#11391=DIRECTION('ref_axis',(-1.,0.,0.));
#11392=DIRECTION('',(-1.,0.,0.));
#11393=DIRECTION('',(0.,0.,-1.));
#11394=DIRECTION('center_axis',(0.,0.,-1.));
#11395=DIRECTION('ref_axis',(0.,-1.,0.));
#11396=DIRECTION('center_axis',(0.,0.,-1.));
#11397=DIRECTION('ref_axis',(0.,-1.,0.));
#11398=DIRECTION('',(0.,0.,-1.));
#11399=DIRECTION('center_axis',(1.,0.,0.));
#11400=DIRECTION('ref_axis',(0.,-1.,0.));
#11401=DIRECTION('',(0.,-1.,0.));
#11402=DIRECTION('',(0.,0.,-1.));
#11403=DIRECTION('center_axis',(0.,0.,-1.));
#11404=DIRECTION('ref_axis',(1.,0.,0.));
#11405=DIRECTION('center_axis',(0.,0.,-1.));
#11406=DIRECTION('ref_axis',(1.,0.,0.));
#11407=DIRECTION('',(0.,0.,-1.));
#11408=DIRECTION('center_axis',(0.,1.,0.));
#11409=DIRECTION('ref_axis',(1.,0.,0.));
#11410=DIRECTION('',(1.,0.,0.));
#11411=DIRECTION('',(0.,0.,-1.));
#11412=DIRECTION('center_axis',(0.,0.,-1.));
#11413=DIRECTION('ref_axis',(0.,1.,0.));
#11414=DIRECTION('center_axis',(0.,0.,-1.));
#11415=DIRECTION('ref_axis',(0.,1.,0.));
#11416=DIRECTION('center_axis',(-1.,0.,0.));
#11417=DIRECTION('ref_axis',(0.,1.,0.));
#11418=DIRECTION('',(0.,1.,0.));
#11419=DIRECTION('',(0.,0.,-1.));
#11420=DIRECTION('',(0.,0.,-1.));
#11421=DIRECTION('center_axis',(0.,0.,-1.));
#11422=DIRECTION('ref_axis',(-1.,0.,0.));
#11423=DIRECTION('center_axis',(0.,0.,-1.));
#11424=DIRECTION('ref_axis',(-1.,0.,0.));
#11425=DIRECTION('',(0.,0.,-1.));
#11426=DIRECTION('center_axis',(0.,-1.,0.));
#11427=DIRECTION('ref_axis',(-1.,0.,0.));
#11428=DIRECTION('',(-1.,0.,0.));
#11429=DIRECTION('',(0.,0.,-1.));
#11430=DIRECTION('center_axis',(0.,0.,-1.));
#11431=DIRECTION('ref_axis',(0.,-1.,0.));
#11432=DIRECTION('center_axis',(0.,0.,-1.));
#11433=DIRECTION('ref_axis',(0.,-1.,0.));
#11434=DIRECTION('',(0.,0.,-1.));
#11435=DIRECTION('center_axis',(1.,0.,0.));
#11436=DIRECTION('ref_axis',(0.,-1.,0.));
#11437=DIRECTION('',(0.,-1.,0.));
#11438=DIRECTION('',(0.,0.,-1.));
#11439=DIRECTION('center_axis',(0.,0.,-1.));
#11440=DIRECTION('ref_axis',(1.,0.,0.));
#11441=DIRECTION('center_axis',(0.,0.,-1.));
#11442=DIRECTION('ref_axis',(1.,0.,0.));
#11443=DIRECTION('',(0.,0.,-1.));
#11444=DIRECTION('center_axis',(0.,1.,0.));
#11445=DIRECTION('ref_axis',(1.,0.,0.));
#11446=DIRECTION('',(1.,0.,0.));
#11447=DIRECTION('',(0.,0.,-1.));
#11448=DIRECTION('center_axis',(0.,0.,-1.));
#11449=DIRECTION('ref_axis',(0.,1.,0.));
#11450=DIRECTION('center_axis',(0.,0.,-1.));
#11451=DIRECTION('ref_axis',(0.,1.,0.));
#11452=DIRECTION('center_axis',(-1.,0.,0.));
#11453=DIRECTION('ref_axis',(0.,1.,0.));
#11454=DIRECTION('',(0.,1.,0.));
#11455=DIRECTION('',(0.,0.,-1.));
#11456=DIRECTION('',(0.,0.,-1.));
#11457=DIRECTION('center_axis',(0.,0.,-1.));
#11458=DIRECTION('ref_axis',(-1.,0.,0.));
#11459=DIRECTION('center_axis',(0.,0.,-1.));
#11460=DIRECTION('ref_axis',(-1.,0.,0.));
#11461=DIRECTION('',(0.,0.,-1.));
#11462=DIRECTION('center_axis',(0.,-1.,0.));
#11463=DIRECTION('ref_axis',(-1.,0.,0.));
#11464=DIRECTION('',(-1.,0.,0.));
#11465=DIRECTION('',(0.,0.,-1.));
#11466=DIRECTION('center_axis',(0.,0.,-1.));
#11467=DIRECTION('ref_axis',(0.,-1.,0.));
#11468=DIRECTION('center_axis',(0.,0.,-1.));
#11469=DIRECTION('ref_axis',(0.,-1.,0.));
#11470=DIRECTION('',(0.,0.,-1.));
#11471=DIRECTION('center_axis',(1.,0.,0.));
#11472=DIRECTION('ref_axis',(0.,-1.,0.));
#11473=DIRECTION('',(0.,-1.,0.));
#11474=DIRECTION('',(0.,0.,-1.));
#11475=DIRECTION('center_axis',(0.,0.,-1.));
#11476=DIRECTION('ref_axis',(1.,0.,0.));
#11477=DIRECTION('center_axis',(0.,0.,-1.));
#11478=DIRECTION('ref_axis',(1.,0.,0.));
#11479=DIRECTION('',(0.,0.,-1.));
#11480=DIRECTION('center_axis',(0.,1.,0.));
#11481=DIRECTION('ref_axis',(1.,0.,0.));
#11482=DIRECTION('',(1.,0.,0.));
#11483=DIRECTION('',(0.,0.,-1.));
#11484=DIRECTION('center_axis',(0.,0.,-1.));
#11485=DIRECTION('ref_axis',(0.,1.,0.));
#11486=DIRECTION('center_axis',(0.,0.,-1.));
#11487=DIRECTION('ref_axis',(0.,1.,0.));
#11488=DIRECTION('center_axis',(-1.,0.,0.));
#11489=DIRECTION('ref_axis',(0.,1.,0.));
#11490=DIRECTION('',(0.,1.,0.));
#11491=DIRECTION('',(0.,0.,-1.));
#11492=DIRECTION('',(0.,0.,-1.));
#11493=DIRECTION('center_axis',(0.,0.,-1.));
#11494=DIRECTION('ref_axis',(-1.,0.,0.));
#11495=DIRECTION('center_axis',(0.,0.,-1.));
#11496=DIRECTION('ref_axis',(-1.,0.,0.));
#11497=DIRECTION('',(0.,0.,-1.));
#11498=DIRECTION('center_axis',(0.,-1.,0.));
#11499=DIRECTION('ref_axis',(-1.,0.,0.));
#11500=DIRECTION('',(-1.,0.,0.));
#11501=DIRECTION('',(0.,0.,-1.));
#11502=DIRECTION('center_axis',(0.,0.,-1.));
#11503=DIRECTION('ref_axis',(0.,-1.,0.));
#11504=DIRECTION('center_axis',(0.,0.,-1.));
#11505=DIRECTION('ref_axis',(0.,-1.,0.));
#11506=DIRECTION('',(0.,0.,-1.));
#11507=DIRECTION('center_axis',(1.,0.,0.));
#11508=DIRECTION('ref_axis',(0.,-1.,0.));
#11509=DIRECTION('',(0.,-1.,0.));
#11510=DIRECTION('',(0.,0.,-1.));
#11511=DIRECTION('center_axis',(0.,0.,-1.));
#11512=DIRECTION('ref_axis',(1.,0.,0.));
#11513=DIRECTION('center_axis',(0.,0.,-1.));
#11514=DIRECTION('ref_axis',(1.,0.,0.));
#11515=DIRECTION('',(0.,0.,-1.));
#11516=DIRECTION('center_axis',(0.,1.,0.));
#11517=DIRECTION('ref_axis',(1.,0.,0.));
#11518=DIRECTION('',(1.,0.,0.));
#11519=DIRECTION('',(0.,0.,-1.));
#11520=DIRECTION('center_axis',(0.,0.,-1.));
#11521=DIRECTION('ref_axis',(0.,1.,0.));
#11522=DIRECTION('center_axis',(0.,0.,-1.));
#11523=DIRECTION('ref_axis',(0.,1.,0.));
#11524=DIRECTION('center_axis',(-1.,0.,0.));
#11525=DIRECTION('ref_axis',(0.,1.,0.));
#11526=DIRECTION('',(0.,1.,0.));
#11527=DIRECTION('',(0.,0.,-1.));
#11528=DIRECTION('',(0.,0.,-1.));
#11529=DIRECTION('center_axis',(0.,0.,-1.));
#11530=DIRECTION('ref_axis',(-1.,0.,0.));
#11531=DIRECTION('center_axis',(0.,0.,-1.));
#11532=DIRECTION('ref_axis',(-1.,0.,0.));
#11533=DIRECTION('',(0.,0.,-1.));
#11534=DIRECTION('center_axis',(0.,-1.,0.));
#11535=DIRECTION('ref_axis',(-1.,0.,0.));
#11536=DIRECTION('',(-1.,0.,0.));
#11537=DIRECTION('',(0.,0.,-1.));
#11538=DIRECTION('center_axis',(0.,0.,-1.));
#11539=DIRECTION('ref_axis',(0.,-1.,0.));
#11540=DIRECTION('center_axis',(0.,0.,-1.));
#11541=DIRECTION('ref_axis',(0.,-1.,0.));
#11542=DIRECTION('',(0.,0.,-1.));
#11543=DIRECTION('center_axis',(1.,0.,0.));
#11544=DIRECTION('ref_axis',(0.,-1.,0.));
#11545=DIRECTION('',(0.,-1.,0.));
#11546=DIRECTION('',(0.,0.,-1.));
#11547=DIRECTION('center_axis',(0.,0.,-1.));
#11548=DIRECTION('ref_axis',(1.,0.,0.));
#11549=DIRECTION('center_axis',(0.,0.,-1.));
#11550=DIRECTION('ref_axis',(1.,0.,0.));
#11551=DIRECTION('',(0.,0.,-1.));
#11552=DIRECTION('center_axis',(0.,1.,0.));
#11553=DIRECTION('ref_axis',(1.,0.,0.));
#11554=DIRECTION('',(1.,0.,0.));
#11555=DIRECTION('',(0.,0.,-1.));
#11556=DIRECTION('center_axis',(0.,0.,-1.));
#11557=DIRECTION('ref_axis',(0.,1.,0.));
#11558=DIRECTION('center_axis',(0.,0.,-1.));
#11559=DIRECTION('ref_axis',(0.,1.,0.));
#11560=DIRECTION('center_axis',(-1.,0.,0.));
#11561=DIRECTION('ref_axis',(0.,1.,0.));
#11562=DIRECTION('',(0.,1.,0.));
#11563=DIRECTION('',(0.,0.,-1.));
#11564=DIRECTION('',(0.,0.,-1.));
#11565=DIRECTION('center_axis',(0.,0.,-1.));
#11566=DIRECTION('ref_axis',(-1.,0.,0.));
#11567=DIRECTION('center_axis',(0.,0.,-1.));
#11568=DIRECTION('ref_axis',(-1.,0.,0.));
#11569=DIRECTION('',(0.,0.,-1.));
#11570=DIRECTION('center_axis',(0.,-1.,0.));
#11571=DIRECTION('ref_axis',(-1.,0.,0.));
#11572=DIRECTION('',(-1.,0.,0.));
#11573=DIRECTION('',(0.,0.,-1.));
#11574=DIRECTION('center_axis',(0.,0.,-1.));
#11575=DIRECTION('ref_axis',(0.,-1.,0.));
#11576=DIRECTION('center_axis',(0.,0.,-1.));
#11577=DIRECTION('ref_axis',(0.,-1.,0.));
#11578=DIRECTION('',(0.,0.,-1.));
#11579=DIRECTION('center_axis',(1.,0.,0.));
#11580=DIRECTION('ref_axis',(0.,-1.,0.));
#11581=DIRECTION('',(0.,-1.,0.));
#11582=DIRECTION('',(0.,0.,-1.));
#11583=DIRECTION('center_axis',(0.,0.,-1.));
#11584=DIRECTION('ref_axis',(1.,0.,0.));
#11585=DIRECTION('center_axis',(0.,0.,-1.));
#11586=DIRECTION('ref_axis',(1.,0.,0.));
#11587=DIRECTION('',(0.,0.,-1.));
#11588=DIRECTION('center_axis',(0.,1.,0.));
#11589=DIRECTION('ref_axis',(1.,0.,0.));
#11590=DIRECTION('',(1.,0.,0.));
#11591=DIRECTION('',(0.,0.,-1.));
#11592=DIRECTION('center_axis',(0.,0.,-1.));
#11593=DIRECTION('ref_axis',(0.,1.,0.));
#11594=DIRECTION('center_axis',(0.,0.,-1.));
#11595=DIRECTION('ref_axis',(0.,1.,0.));
#11596=DIRECTION('center_axis',(-1.,0.,0.));
#11597=DIRECTION('ref_axis',(0.,1.,0.));
#11598=DIRECTION('',(0.,1.,0.));
#11599=DIRECTION('',(0.,0.,-1.));
#11600=DIRECTION('',(0.,0.,-1.));
#11601=DIRECTION('center_axis',(0.,0.,-1.));
#11602=DIRECTION('ref_axis',(-1.,0.,0.));
#11603=DIRECTION('center_axis',(0.,0.,-1.));
#11604=DIRECTION('ref_axis',(-1.,0.,0.));
#11605=DIRECTION('',(0.,0.,-1.));
#11606=DIRECTION('center_axis',(0.,-1.,0.));
#11607=DIRECTION('ref_axis',(-1.,0.,0.));
#11608=DIRECTION('',(-1.,0.,0.));
#11609=DIRECTION('',(0.,0.,-1.));
#11610=DIRECTION('center_axis',(0.,0.,-1.));
#11611=DIRECTION('ref_axis',(0.,-1.,0.));
#11612=DIRECTION('center_axis',(0.,0.,-1.));
#11613=DIRECTION('ref_axis',(0.,-1.,0.));
#11614=DIRECTION('',(0.,0.,-1.));
#11615=DIRECTION('center_axis',(1.,0.,0.));
#11616=DIRECTION('ref_axis',(0.,-1.,0.));
#11617=DIRECTION('',(0.,-1.,0.));
#11618=DIRECTION('',(0.,0.,-1.));
#11619=DIRECTION('center_axis',(0.,0.,-1.));
#11620=DIRECTION('ref_axis',(1.,0.,0.));
#11621=DIRECTION('center_axis',(0.,0.,-1.));
#11622=DIRECTION('ref_axis',(1.,0.,0.));
#11623=DIRECTION('',(0.,0.,-1.));
#11624=DIRECTION('center_axis',(0.,1.,0.));
#11625=DIRECTION('ref_axis',(1.,0.,0.));
#11626=DIRECTION('',(1.,0.,0.));
#11627=DIRECTION('',(0.,0.,-1.));
#11628=DIRECTION('center_axis',(0.,0.,-1.));
#11629=DIRECTION('ref_axis',(0.,1.,0.));
#11630=DIRECTION('center_axis',(0.,0.,-1.));
#11631=DIRECTION('ref_axis',(0.,1.,0.));
#11632=DIRECTION('center_axis',(-1.,0.,0.));
#11633=DIRECTION('ref_axis',(0.,1.,0.));
#11634=DIRECTION('',(0.,1.,0.));
#11635=DIRECTION('',(0.,0.,-1.));
#11636=DIRECTION('',(0.,0.,-1.));
#11637=DIRECTION('center_axis',(0.,0.,-1.));
#11638=DIRECTION('ref_axis',(-1.,0.,0.));
#11639=DIRECTION('center_axis',(0.,0.,-1.));
#11640=DIRECTION('ref_axis',(-1.,0.,0.));
#11641=DIRECTION('',(0.,0.,-1.));
#11642=DIRECTION('center_axis',(0.,-1.,0.));
#11643=DIRECTION('ref_axis',(-1.,0.,0.));
#11644=DIRECTION('',(-1.,0.,0.));
#11645=DIRECTION('',(0.,0.,-1.));
#11646=DIRECTION('center_axis',(0.,0.,-1.));
#11647=DIRECTION('ref_axis',(0.,-1.,0.));
#11648=DIRECTION('center_axis',(0.,0.,-1.));
#11649=DIRECTION('ref_axis',(0.,-1.,0.));
#11650=DIRECTION('',(0.,0.,-1.));
#11651=DIRECTION('center_axis',(1.,0.,0.));
#11652=DIRECTION('ref_axis',(0.,-1.,0.));
#11653=DIRECTION('',(0.,-1.,0.));
#11654=DIRECTION('',(0.,0.,-1.));
#11655=DIRECTION('center_axis',(0.,0.,-1.));
#11656=DIRECTION('ref_axis',(1.,0.,0.));
#11657=DIRECTION('center_axis',(0.,0.,-1.));
#11658=DIRECTION('ref_axis',(1.,0.,0.));
#11659=DIRECTION('',(0.,0.,-1.));
#11660=DIRECTION('center_axis',(0.,1.,0.));
#11661=DIRECTION('ref_axis',(1.,0.,0.));
#11662=DIRECTION('',(1.,0.,0.));
#11663=DIRECTION('',(0.,0.,-1.));
#11664=DIRECTION('center_axis',(0.,0.,-1.));
#11665=DIRECTION('ref_axis',(0.,1.,0.));
#11666=DIRECTION('center_axis',(0.,0.,-1.));
#11667=DIRECTION('ref_axis',(0.,1.,0.));
#11668=DIRECTION('center_axis',(-1.,0.,0.));
#11669=DIRECTION('ref_axis',(0.,1.,0.));
#11670=DIRECTION('',(0.,1.,0.));
#11671=DIRECTION('',(0.,0.,-1.));
#11672=DIRECTION('',(0.,0.,-1.));
#11673=DIRECTION('center_axis',(0.,0.,-1.));
#11674=DIRECTION('ref_axis',(-1.,0.,0.));
#11675=DIRECTION('center_axis',(0.,0.,-1.));
#11676=DIRECTION('ref_axis',(-1.,0.,0.));
#11677=DIRECTION('',(0.,0.,-1.));
#11678=DIRECTION('center_axis',(0.,-1.,0.));
#11679=DIRECTION('ref_axis',(-1.,0.,0.));
#11680=DIRECTION('',(-1.,0.,0.));
#11681=DIRECTION('',(0.,0.,-1.));
#11682=DIRECTION('center_axis',(0.,0.,-1.));
#11683=DIRECTION('ref_axis',(0.,-1.,0.));
#11684=DIRECTION('center_axis',(0.,0.,-1.));
#11685=DIRECTION('ref_axis',(0.,-1.,0.));
#11686=DIRECTION('',(0.,0.,-1.));
#11687=DIRECTION('center_axis',(1.,0.,0.));
#11688=DIRECTION('ref_axis',(0.,-1.,0.));
#11689=DIRECTION('',(0.,-1.,0.));
#11690=DIRECTION('',(0.,0.,-1.));
#11691=DIRECTION('center_axis',(0.,0.,-1.));
#11692=DIRECTION('ref_axis',(1.,0.,0.));
#11693=DIRECTION('center_axis',(0.,0.,-1.));
#11694=DIRECTION('ref_axis',(1.,0.,0.));
#11695=DIRECTION('',(0.,0.,-1.));
#11696=DIRECTION('center_axis',(0.,1.,0.));
#11697=DIRECTION('ref_axis',(1.,0.,0.));
#11698=DIRECTION('',(1.,0.,0.));
#11699=DIRECTION('',(0.,0.,-1.));
#11700=DIRECTION('center_axis',(0.,0.,-1.));
#11701=DIRECTION('ref_axis',(0.,1.,0.));
#11702=DIRECTION('center_axis',(0.,0.,-1.));
#11703=DIRECTION('ref_axis',(0.,1.,0.));
#11704=DIRECTION('center_axis',(-1.,0.,0.));
#11705=DIRECTION('ref_axis',(0.,1.,0.));
#11706=DIRECTION('',(0.,1.,0.));
#11707=DIRECTION('',(0.,0.,-1.));
#11708=DIRECTION('',(0.,0.,-1.));
#11709=DIRECTION('center_axis',(0.,0.,-1.));
#11710=DIRECTION('ref_axis',(-1.,0.,0.));
#11711=DIRECTION('center_axis',(0.,0.,-1.));
#11712=DIRECTION('ref_axis',(-1.,0.,0.));
#11713=DIRECTION('',(0.,0.,-1.));
#11714=DIRECTION('center_axis',(0.,-1.,0.));
#11715=DIRECTION('ref_axis',(-1.,0.,0.));
#11716=DIRECTION('',(-1.,0.,0.));
#11717=DIRECTION('',(0.,0.,-1.));
#11718=DIRECTION('center_axis',(0.,0.,-1.));
#11719=DIRECTION('ref_axis',(0.,-1.,0.));
#11720=DIRECTION('center_axis',(0.,0.,-1.));
#11721=DIRECTION('ref_axis',(0.,-1.,0.));
#11722=DIRECTION('',(0.,0.,-1.));
#11723=DIRECTION('center_axis',(1.,0.,0.));
#11724=DIRECTION('ref_axis',(0.,-1.,0.));
#11725=DIRECTION('',(0.,-1.,0.));
#11726=DIRECTION('',(0.,0.,-1.));
#11727=DIRECTION('center_axis',(0.,0.,-1.));
#11728=DIRECTION('ref_axis',(1.,0.,0.));
#11729=DIRECTION('center_axis',(0.,0.,-1.));
#11730=DIRECTION('ref_axis',(1.,0.,0.));
#11731=DIRECTION('',(0.,0.,-1.));
#11732=DIRECTION('center_axis',(0.,1.,0.));
#11733=DIRECTION('ref_axis',(1.,0.,0.));
#11734=DIRECTION('',(1.,0.,0.));
#11735=DIRECTION('',(0.,0.,-1.));
#11736=DIRECTION('center_axis',(0.,0.,-1.));
#11737=DIRECTION('ref_axis',(0.,1.,0.));
#11738=DIRECTION('center_axis',(0.,0.,-1.));
#11739=DIRECTION('ref_axis',(0.,1.,0.));
#11740=DIRECTION('center_axis',(-1.,0.,0.));
#11741=DIRECTION('ref_axis',(0.,1.,0.));
#11742=DIRECTION('',(0.,1.,0.));
#11743=DIRECTION('',(0.,0.,-1.));
#11744=DIRECTION('',(0.,0.,-1.));
#11745=DIRECTION('center_axis',(0.,0.,-1.));
#11746=DIRECTION('ref_axis',(-1.,0.,0.));
#11747=DIRECTION('center_axis',(0.,0.,-1.));
#11748=DIRECTION('ref_axis',(-1.,0.,0.));
#11749=DIRECTION('',(0.,0.,-1.));
#11750=DIRECTION('center_axis',(0.,-1.,0.));
#11751=DIRECTION('ref_axis',(-1.,0.,0.));
#11752=DIRECTION('',(-1.,0.,0.));
#11753=DIRECTION('',(0.,0.,-1.));
#11754=DIRECTION('center_axis',(0.,0.,-1.));
#11755=DIRECTION('ref_axis',(0.,-1.,0.));
#11756=DIRECTION('center_axis',(0.,0.,-1.));
#11757=DIRECTION('ref_axis',(0.,-1.,0.));
#11758=DIRECTION('',(0.,0.,-1.));
#11759=DIRECTION('center_axis',(1.,0.,0.));
#11760=DIRECTION('ref_axis',(0.,-1.,0.));
#11761=DIRECTION('',(0.,-1.,0.));
#11762=DIRECTION('',(0.,0.,-1.));
#11763=DIRECTION('center_axis',(0.,0.,-1.));
#11764=DIRECTION('ref_axis',(1.,0.,0.));
#11765=DIRECTION('center_axis',(0.,0.,-1.));
#11766=DIRECTION('ref_axis',(1.,0.,0.));
#11767=DIRECTION('',(0.,0.,-1.));
#11768=DIRECTION('center_axis',(0.,1.,0.));
#11769=DIRECTION('ref_axis',(1.,0.,0.));
#11770=DIRECTION('',(1.,0.,0.));
#11771=DIRECTION('',(0.,0.,-1.));
#11772=DIRECTION('center_axis',(0.,0.,-1.));
#11773=DIRECTION('ref_axis',(0.,1.,0.));
#11774=DIRECTION('center_axis',(0.,0.,-1.));
#11775=DIRECTION('ref_axis',(0.,1.,0.));
#11776=DIRECTION('center_axis',(-1.,0.,0.));
#11777=DIRECTION('ref_axis',(0.,1.,0.));
#11778=DIRECTION('',(0.,1.,0.));
#11779=DIRECTION('',(0.,0.,-1.));
#11780=DIRECTION('',(0.,0.,-1.));
#11781=DIRECTION('center_axis',(0.,0.,-1.));
#11782=DIRECTION('ref_axis',(-1.,0.,0.));
#11783=DIRECTION('center_axis',(0.,0.,-1.));
#11784=DIRECTION('ref_axis',(-1.,0.,0.));
#11785=DIRECTION('',(0.,0.,-1.));
#11786=DIRECTION('center_axis',(0.,-1.,0.));
#11787=DIRECTION('ref_axis',(-1.,0.,0.));
#11788=DIRECTION('',(-1.,0.,0.));
#11789=DIRECTION('',(0.,0.,-1.));
#11790=DIRECTION('center_axis',(0.,0.,-1.));
#11791=DIRECTION('ref_axis',(0.,-1.,0.));
#11792=DIRECTION('center_axis',(0.,0.,-1.));
#11793=DIRECTION('ref_axis',(0.,-1.,0.));
#11794=DIRECTION('',(0.,0.,-1.));
#11795=DIRECTION('center_axis',(1.,0.,0.));
#11796=DIRECTION('ref_axis',(0.,-1.,0.));
#11797=DIRECTION('',(0.,-1.,0.));
#11798=DIRECTION('',(0.,0.,-1.));
#11799=DIRECTION('center_axis',(0.,0.,-1.));
#11800=DIRECTION('ref_axis',(1.,0.,0.));
#11801=DIRECTION('center_axis',(0.,0.,-1.));
#11802=DIRECTION('ref_axis',(1.,0.,0.));
#11803=DIRECTION('',(0.,0.,-1.));
#11804=DIRECTION('center_axis',(0.,1.,0.));
#11805=DIRECTION('ref_axis',(1.,0.,0.));
#11806=DIRECTION('',(1.,0.,0.));
#11807=DIRECTION('',(0.,0.,-1.));
#11808=DIRECTION('center_axis',(0.,0.,-1.));
#11809=DIRECTION('ref_axis',(0.,1.,0.));
#11810=DIRECTION('center_axis',(0.,0.,-1.));
#11811=DIRECTION('ref_axis',(0.,1.,0.));
#11812=DIRECTION('center_axis',(-1.,0.,0.));
#11813=DIRECTION('ref_axis',(0.,1.,0.));
#11814=DIRECTION('',(0.,1.,0.));
#11815=DIRECTION('',(0.,0.,-1.));
#11816=DIRECTION('',(0.,0.,-1.));
#11817=DIRECTION('center_axis',(0.,0.,-1.));
#11818=DIRECTION('ref_axis',(-1.,0.,0.));
#11819=DIRECTION('center_axis',(0.,0.,-1.));
#11820=DIRECTION('ref_axis',(-1.,0.,0.));
#11821=DIRECTION('',(0.,0.,-1.));
#11822=DIRECTION('center_axis',(0.,-1.,0.));
#11823=DIRECTION('ref_axis',(-1.,0.,0.));
#11824=DIRECTION('',(-1.,0.,0.));
#11825=DIRECTION('',(0.,0.,-1.));
#11826=DIRECTION('center_axis',(0.,0.,-1.));
#11827=DIRECTION('ref_axis',(0.,-1.,0.));
#11828=DIRECTION('center_axis',(0.,0.,-1.));
#11829=DIRECTION('ref_axis',(0.,-1.,0.));
#11830=DIRECTION('',(0.,0.,-1.));
#11831=DIRECTION('center_axis',(1.,0.,0.));
#11832=DIRECTION('ref_axis',(0.,-1.,0.));
#11833=DIRECTION('',(0.,-1.,0.));
#11834=DIRECTION('',(0.,0.,-1.));
#11835=DIRECTION('center_axis',(0.,0.,-1.));
#11836=DIRECTION('ref_axis',(1.,0.,0.));
#11837=DIRECTION('center_axis',(0.,0.,-1.));
#11838=DIRECTION('ref_axis',(1.,0.,0.));
#11839=DIRECTION('',(0.,0.,-1.));
#11840=DIRECTION('center_axis',(0.,1.,0.));
#11841=DIRECTION('ref_axis',(1.,0.,0.));
#11842=DIRECTION('',(1.,0.,0.));
#11843=DIRECTION('',(0.,0.,-1.));
#11844=DIRECTION('center_axis',(0.,0.,-1.));
#11845=DIRECTION('ref_axis',(0.,1.,0.));
#11846=DIRECTION('center_axis',(0.,0.,-1.));
#11847=DIRECTION('ref_axis',(0.,1.,0.));
#11848=DIRECTION('center_axis',(-1.,0.,0.));
#11849=DIRECTION('ref_axis',(0.,1.,0.));
#11850=DIRECTION('',(0.,1.,0.));
#11851=DIRECTION('',(0.,0.,-1.));
#11852=DIRECTION('',(0.,0.,-1.));
#11853=DIRECTION('center_axis',(0.,0.,-1.));
#11854=DIRECTION('ref_axis',(-1.,0.,0.));
#11855=DIRECTION('center_axis',(0.,0.,-1.));
#11856=DIRECTION('ref_axis',(-1.,0.,0.));
#11857=DIRECTION('',(0.,0.,-1.));
#11858=DIRECTION('center_axis',(0.,-1.,0.));
#11859=DIRECTION('ref_axis',(-1.,0.,0.));
#11860=DIRECTION('',(-1.,0.,0.));
#11861=DIRECTION('',(0.,0.,-1.));
#11862=DIRECTION('center_axis',(0.,0.,-1.));
#11863=DIRECTION('ref_axis',(0.,-1.,0.));
#11864=DIRECTION('center_axis',(0.,0.,-1.));
#11865=DIRECTION('ref_axis',(0.,-1.,0.));
#11866=DIRECTION('',(0.,0.,-1.));
#11867=DIRECTION('center_axis',(1.,0.,0.));
#11868=DIRECTION('ref_axis',(0.,-1.,0.));
#11869=DIRECTION('',(0.,-1.,0.));
#11870=DIRECTION('',(0.,0.,-1.));
#11871=DIRECTION('center_axis',(0.,0.,-1.));
#11872=DIRECTION('ref_axis',(1.,0.,0.));
#11873=DIRECTION('center_axis',(0.,0.,-1.));
#11874=DIRECTION('ref_axis',(1.,0.,0.));
#11875=DIRECTION('',(0.,0.,-1.));
#11876=DIRECTION('center_axis',(0.,1.,0.));
#11877=DIRECTION('ref_axis',(1.,0.,0.));
#11878=DIRECTION('',(1.,0.,0.));
#11879=DIRECTION('',(0.,0.,-1.));
#11880=DIRECTION('center_axis',(0.,0.,-1.));
#11881=DIRECTION('ref_axis',(0.,1.,0.));
#11882=DIRECTION('center_axis',(0.,0.,-1.));
#11883=DIRECTION('ref_axis',(0.,1.,0.));
#11884=DIRECTION('center_axis',(-1.,0.,0.));
#11885=DIRECTION('ref_axis',(0.,1.,0.));
#11886=DIRECTION('',(0.,1.,0.));
#11887=DIRECTION('',(0.,0.,-1.));
#11888=DIRECTION('',(0.,0.,-1.));
#11889=DIRECTION('center_axis',(0.,0.,-1.));
#11890=DIRECTION('ref_axis',(-1.,0.,0.));
#11891=DIRECTION('center_axis',(0.,0.,-1.));
#11892=DIRECTION('ref_axis',(-1.,0.,0.));
#11893=DIRECTION('',(0.,0.,-1.));
#11894=DIRECTION('center_axis',(0.,-1.,0.));
#11895=DIRECTION('ref_axis',(-1.,0.,0.));
#11896=DIRECTION('',(-1.,0.,0.));
#11897=DIRECTION('',(0.,0.,-1.));
#11898=DIRECTION('center_axis',(0.,0.,-1.));
#11899=DIRECTION('ref_axis',(0.,-1.,0.));
#11900=DIRECTION('center_axis',(0.,0.,-1.));
#11901=DIRECTION('ref_axis',(0.,-1.,0.));
#11902=DIRECTION('',(0.,0.,-1.));
#11903=DIRECTION('center_axis',(1.,0.,0.));
#11904=DIRECTION('ref_axis',(0.,-1.,0.));
#11905=DIRECTION('',(0.,-1.,0.));
#11906=DIRECTION('',(0.,0.,-1.));
#11907=DIRECTION('center_axis',(0.,0.,-1.));
#11908=DIRECTION('ref_axis',(1.,0.,0.));
#11909=DIRECTION('center_axis',(0.,0.,-1.));
#11910=DIRECTION('ref_axis',(1.,0.,0.));
#11911=DIRECTION('',(0.,0.,-1.));
#11912=DIRECTION('center_axis',(0.,1.,0.));
#11913=DIRECTION('ref_axis',(1.,0.,0.));
#11914=DIRECTION('',(1.,0.,0.));
#11915=DIRECTION('',(0.,0.,-1.));
#11916=DIRECTION('center_axis',(0.,0.,-1.));
#11917=DIRECTION('ref_axis',(0.,1.,0.));
#11918=DIRECTION('center_axis',(0.,0.,-1.));
#11919=DIRECTION('ref_axis',(0.,1.,0.));
#11920=DIRECTION('center_axis',(-1.,0.,0.));
#11921=DIRECTION('ref_axis',(0.,1.,0.));
#11922=DIRECTION('',(0.,1.,0.));
#11923=DIRECTION('',(0.,0.,-1.));
#11924=DIRECTION('',(0.,0.,-1.));
#11925=DIRECTION('center_axis',(0.,0.,-1.));
#11926=DIRECTION('ref_axis',(-1.,0.,0.));
#11927=DIRECTION('center_axis',(0.,0.,-1.));
#11928=DIRECTION('ref_axis',(-1.,0.,0.));
#11929=DIRECTION('',(0.,0.,-1.));
#11930=DIRECTION('center_axis',(0.,-1.,0.));
#11931=DIRECTION('ref_axis',(-1.,0.,0.));
#11932=DIRECTION('',(-1.,0.,0.));
#11933=DIRECTION('',(0.,0.,-1.));
#11934=DIRECTION('center_axis',(0.,0.,-1.));
#11935=DIRECTION('ref_axis',(0.,-1.,0.));
#11936=DIRECTION('center_axis',(0.,0.,-1.));
#11937=DIRECTION('ref_axis',(0.,-1.,0.));
#11938=DIRECTION('',(0.,0.,-1.));
#11939=DIRECTION('center_axis',(1.,0.,0.));
#11940=DIRECTION('ref_axis',(0.,-1.,0.));
#11941=DIRECTION('',(0.,-1.,0.));
#11942=DIRECTION('',(0.,0.,-1.));
#11943=DIRECTION('center_axis',(0.,0.,-1.));
#11944=DIRECTION('ref_axis',(1.,0.,0.));
#11945=DIRECTION('center_axis',(0.,0.,-1.));
#11946=DIRECTION('ref_axis',(1.,0.,0.));
#11947=DIRECTION('',(0.,0.,-1.));
#11948=DIRECTION('center_axis',(0.,1.,0.));
#11949=DIRECTION('ref_axis',(1.,0.,0.));
#11950=DIRECTION('',(1.,0.,0.));
#11951=DIRECTION('',(0.,0.,-1.));
#11952=DIRECTION('center_axis',(0.,0.,-1.));
#11953=DIRECTION('ref_axis',(0.,1.,0.));
#11954=DIRECTION('center_axis',(0.,0.,-1.));
#11955=DIRECTION('ref_axis',(0.,1.,0.));
#11956=DIRECTION('center_axis',(-1.,0.,0.));
#11957=DIRECTION('ref_axis',(0.,1.,0.));
#11958=DIRECTION('',(0.,1.,0.));
#11959=DIRECTION('',(0.,0.,-1.));
#11960=DIRECTION('',(0.,0.,-1.));
#11961=DIRECTION('center_axis',(0.,0.,-1.));
#11962=DIRECTION('ref_axis',(-1.,0.,0.));
#11963=DIRECTION('center_axis',(0.,0.,-1.));
#11964=DIRECTION('ref_axis',(-1.,0.,0.));
#11965=DIRECTION('',(0.,0.,-1.));
#11966=DIRECTION('center_axis',(0.,-1.,0.));
#11967=DIRECTION('ref_axis',(-1.,0.,0.));
#11968=DIRECTION('',(-1.,0.,0.));
#11969=DIRECTION('',(0.,0.,-1.));
#11970=DIRECTION('center_axis',(0.,0.,-1.));
#11971=DIRECTION('ref_axis',(0.,-1.,0.));
#11972=DIRECTION('center_axis',(0.,0.,-1.));
#11973=DIRECTION('ref_axis',(0.,-1.,0.));
#11974=DIRECTION('',(0.,0.,-1.));
#11975=DIRECTION('center_axis',(1.,0.,0.));
#11976=DIRECTION('ref_axis',(0.,-1.,0.));
#11977=DIRECTION('',(0.,-1.,0.));
#11978=DIRECTION('',(0.,0.,-1.));
#11979=DIRECTION('center_axis',(0.,0.,-1.));
#11980=DIRECTION('ref_axis',(1.,0.,0.));
#11981=DIRECTION('center_axis',(0.,0.,-1.));
#11982=DIRECTION('ref_axis',(1.,0.,0.));
#11983=DIRECTION('',(0.,0.,-1.));
#11984=DIRECTION('center_axis',(0.,1.,0.));
#11985=DIRECTION('ref_axis',(1.,0.,0.));
#11986=DIRECTION('',(1.,0.,0.));
#11987=DIRECTION('',(0.,0.,-1.));
#11988=DIRECTION('center_axis',(0.,0.,-1.));
#11989=DIRECTION('ref_axis',(0.,1.,0.));
#11990=DIRECTION('center_axis',(0.,0.,-1.));
#11991=DIRECTION('ref_axis',(0.,1.,0.));
#11992=DIRECTION('center_axis',(-1.,0.,0.));
#11993=DIRECTION('ref_axis',(0.,1.,0.));
#11994=DIRECTION('',(0.,1.,0.));
#11995=DIRECTION('',(0.,0.,-1.));
#11996=DIRECTION('',(0.,0.,-1.));
#11997=DIRECTION('center_axis',(0.,0.,-1.));
#11998=DIRECTION('ref_axis',(-1.,0.,0.));
#11999=DIRECTION('center_axis',(0.,0.,-1.));
#12000=DIRECTION('ref_axis',(-1.,0.,0.));
#12001=DIRECTION('',(0.,0.,-1.));
#12002=DIRECTION('center_axis',(0.,-1.,0.));
#12003=DIRECTION('ref_axis',(-1.,0.,0.));
#12004=DIRECTION('',(-1.,0.,0.));
#12005=DIRECTION('',(0.,0.,-1.));
#12006=DIRECTION('center_axis',(0.,0.,-1.));
#12007=DIRECTION('ref_axis',(0.,-1.,0.));
#12008=DIRECTION('center_axis',(0.,0.,-1.));
#12009=DIRECTION('ref_axis',(0.,-1.,0.));
#12010=DIRECTION('',(0.,0.,-1.));
#12011=DIRECTION('center_axis',(1.,0.,0.));
#12012=DIRECTION('ref_axis',(0.,-1.,0.));
#12013=DIRECTION('',(0.,-1.,0.));
#12014=DIRECTION('',(0.,0.,-1.));
#12015=DIRECTION('center_axis',(0.,0.,-1.));
#12016=DIRECTION('ref_axis',(1.,0.,0.));
#12017=DIRECTION('center_axis',(0.,0.,-1.));
#12018=DIRECTION('ref_axis',(1.,0.,0.));
#12019=DIRECTION('',(0.,0.,-1.));
#12020=DIRECTION('center_axis',(0.,1.,0.));
#12021=DIRECTION('ref_axis',(1.,0.,0.));
#12022=DIRECTION('',(1.,0.,0.));
#12023=DIRECTION('',(0.,0.,-1.));
#12024=DIRECTION('center_axis',(0.,0.,-1.));
#12025=DIRECTION('ref_axis',(0.,1.,0.));
#12026=DIRECTION('center_axis',(0.,0.,-1.));
#12027=DIRECTION('ref_axis',(0.,1.,0.));
#12028=DIRECTION('center_axis',(1.22521042219332E-6,-0.999999999999249,
0.));
#12029=DIRECTION('ref_axis',(0.,0.,-1.));
#12030=DIRECTION('',(0.,0.,1.));
#12031=DIRECTION('',(0.,0.,-1.));
#12032=DIRECTION('',(0.999999999999249,1.22521042219332E-6,0.));
#12033=DIRECTION('center_axis',(0.999999999999249,1.22521042219332E-6,0.));
#12034=DIRECTION('ref_axis',(0.,0.,-1.));
#12035=DIRECTION('',(0.,0.,-1.));
#12036=DIRECTION('',(1.22521042234442E-6,-0.999999999999249,0.));
#12037=DIRECTION('center_axis',(0.,0.,1.));
#12038=DIRECTION('ref_axis',(1.,0.,0.));
#12039=DIRECTION('',(1.22521042222511E-6,-0.999999999999249,0.));
#12040=DIRECTION('center_axis',(0.,0.,1.));
#12041=DIRECTION('ref_axis',(-0.999999999999249,-1.22521042200674E-6,0.));
#12042=DIRECTION('',(1.,-2.38089810663656E-14,0.));
#12043=DIRECTION('center_axis',(0.,0.,-1.));
#12044=DIRECTION('ref_axis',(1.,-1.95399252334037E-13,0.));
#12045=DIRECTION('',(0.,-1.,0.));
#12046=DIRECTION('center_axis',(0.,0.,-1.));
#12047=DIRECTION('ref_axis',(7.99360577730101E-14,-1.,0.));
#12048=DIRECTION('',(-1.,3.79799827707962E-15,0.));
#12049=DIRECTION('center_axis',(0.,0.,1.));
#12050=DIRECTION('ref_axis',(0.,1.,0.));
#12051=DIRECTION('',(-4.4408920985006E-15,-1.,0.));
#12052=DIRECTION('center_axis',(0.,0.,1.));
#12053=DIRECTION('ref_axis',(-1.,0.,0.));
#12054=DIRECTION('',(1.,0.,0.));
#12055=DIRECTION('center_axis',(0.,0.,1.));
#12056=DIRECTION('ref_axis',(0.,-1.,0.));
#12057=DIRECTION('',(0.,1.,0.));
#12058=DIRECTION('center_axis',(0.,0.,1.));
#12059=DIRECTION('ref_axis',(1.,0.,0.));
#12060=DIRECTION('',(-1.,0.,0.));
#12061=DIRECTION('center_axis',(0.,0.,-1.));
#12062=DIRECTION('ref_axis',(-1.,0.,0.));
#12063=DIRECTION('',(0.,1.,0.));
#12064=DIRECTION('center_axis',(0.,0.,-1.));
#12065=DIRECTION('ref_axis',(-1.15463194561043E-13,1.,0.));
#12066=DIRECTION('',(1.,-7.72682720046725E-16,0.));
#12067=DIRECTION('center_axis',(0.,0.,-1.));
#12068=DIRECTION('ref_axis',(1.,1.77635683940016E-14,0.));
#12069=DIRECTION('',(-8.88178419700042E-14,-1.,0.));
#12070=DIRECTION('center_axis',(0.,0.,-1.));
#12071=DIRECTION('ref_axis',(0.,-1.,0.));
#12072=DIRECTION('',(-1.,0.,0.));
#12073=DIRECTION('center_axis',(0.,0.,1.));
#12074=DIRECTION('ref_axis',(-3.55271367880032E-14,1.,0.));
#12075=DIRECTION('',(1.77635683940024E-14,-1.,0.));
#12076=DIRECTION('center_axis',(0.,0.,1.));
#12077=DIRECTION('ref_axis',(-1.,-3.55271367880045E-14,0.));
#12078=DIRECTION('',(1.,0.,0.));
#12079=DIRECTION('center_axis',(0.,0.,1.));
#12080=DIRECTION('ref_axis',(3.55271367880032E-14,-1.,0.));
#12081=DIRECTION('',(0.,1.,0.));
#12082=DIRECTION('center_axis',(0.,0.,1.));
#12083=DIRECTION('ref_axis',(1.,5.32907051820049E-14,0.));
#12084=DIRECTION('',(-1.,0.,0.));
#12085=DIRECTION('center_axis',(0.,0.,-1.));
#12086=DIRECTION('ref_axis',(-1.,-5.32907051820049E-14,0.));
#12087=DIRECTION('',(1.77635683940024E-14,1.,0.));
#12088=DIRECTION('center_axis',(0.,0.,-1.));
#12089=DIRECTION('ref_axis',(0.,1.,0.));
#12090=DIRECTION('',(1.,0.,0.));
#12091=DIRECTION('center_axis',(0.,0.,1.));
#12092=DIRECTION('ref_axis',(0.,-1.,0.));
#12093=DIRECTION('',(4.38606627012407E-16,1.,0.));
#12094=DIRECTION('',(4.38606627012407E-16,1.,0.));
#12095=DIRECTION('center_axis',(0.,0.,1.));
#12096=DIRECTION('ref_axis',(1.,-4.44089209850048E-15,0.));
#12097=DIRECTION('',(-1.,0.,0.));
#12098=DIRECTION('center_axis',(0.,0.,-1.));
#12099=DIRECTION('ref_axis',(-1.,-1.99840144432525E-14,0.));
#12100=DIRECTION('',(0.,1.,0.));
#12101=DIRECTION('center_axis',(0.,0.,-1.));
#12102=DIRECTION('ref_axis',(0.,1.,0.));
#12103=DIRECTION('',(1.,0.,0.));
#12104=DIRECTION('center_axis',(0.,0.,1.));
#12105=DIRECTION('ref_axis',(3.5527136788003E-14,-1.,0.));
#12106=DIRECTION('',(0.,1.,0.));
#12107=DIRECTION('center_axis',(0.,0.,1.));
#12108=DIRECTION('ref_axis',(1.,5.55111512312551E-14,0.));
#12109=DIRECTION('',(-1.,1.32226184425812E-15,0.));
#12110=DIRECTION('center_axis',(0.,0.,1.));
#12111=DIRECTION('ref_axis',(0.,1.,0.));
#12112=DIRECTION('',(0.,-1.,0.));
#12113=DIRECTION('center_axis',(0.,0.,1.));
#12114=DIRECTION('ref_axis',(-1.,-1.99840144432525E-14,0.));
#12115=DIRECTION('',(1.,0.,0.));
#12116=DIRECTION('center_axis',(0.,0.,-1.));
#12117=DIRECTION('ref_axis',(1.,1.99840144432525E-14,0.));
#12118=DIRECTION('',(0.,-1.,0.));
#12119=DIRECTION('center_axis',(0.,0.,-1.));
#12120=DIRECTION('ref_axis',(0.,-1.,0.));
#12121=DIRECTION('',(-1.,-6.2547646145712E-17,0.));
#12122=DIRECTION('center_axis',(0.,0.,-1.));
#12123=DIRECTION('ref_axis',(-1.,8.88178419700128E-15,0.));
#12124=DIRECTION('',(0.,1.,0.));
#12125=DIRECTION('center_axis',(0.,0.,-1.));
#12126=DIRECTION('ref_axis',(0.,1.,0.));
#12127=DIRECTION('',(1.,3.70718176464019E-16,0.));
#12128=DIRECTION('center_axis',(0.,0.,1.));
#12129=DIRECTION('ref_axis',(0.,-1.,0.));
#12130=DIRECTION('',(0.,1.,0.));
#12131=DIRECTION('center_axis',(0.,0.,1.));
#12132=DIRECTION('ref_axis',(1.,2.22044604925032E-15,0.));
#12133=DIRECTION('',(-1.,0.,0.));
#12134=DIRECTION('center_axis',(0.,0.,1.));
#12135=DIRECTION('ref_axis',(0.,1.,0.));
#12136=DIRECTION('',(0.,-1.,0.));
#12137=DIRECTION('center_axis',(0.,0.,1.));
#12138=DIRECTION('ref_axis',(-1.,2.22044604925032E-15,0.));
#12139=DIRECTION('',(1.,-3.69432739068589E-16,0.));
#12140=DIRECTION('center_axis',(0.,0.,-1.));
#12141=DIRECTION('ref_axis',(1.,-2.22044604925032E-15,0.));
#12142=DIRECTION('',(0.,-1.,0.));
#12143=DIRECTION('center_axis',(0.,0.,-1.));
#12144=DIRECTION('ref_axis',(0.,-1.,0.));
#12145=DIRECTION('',(-1.,4.14955522097489E-15,0.));
#12146=DIRECTION('center_axis',(0.,0.,1.));
#12147=DIRECTION('ref_axis',(-1.11022302462516E-14,1.,0.));
#12148=DIRECTION('center_axis',(1.,-4.38606627012407E-16,0.));
#12149=DIRECTION('ref_axis',(4.38606627012407E-16,1.,0.));
#12150=DIRECTION('',(0.,0.,1.));
#12151=DIRECTION('center_axis',(1.,-4.38606627012407E-16,0.));
#12152=DIRECTION('ref_axis',(4.38606627012407E-16,1.,0.));
#12153=DIRECTION('',(0.,0.,1.));
#12154=DIRECTION('center_axis',(0.,0.,1.));
#12155=DIRECTION('ref_axis',(0.,1.,0.));
#12156=DIRECTION('',(0.,0.,1.));
#12157=DIRECTION('',(0.,0.,1.));
#12158=DIRECTION('center_axis',(1.,0.,0.));
#12159=DIRECTION('ref_axis',(0.,1.,0.));
#12160=DIRECTION('',(0.,0.,1.));
#12161=DIRECTION('center_axis',(0.,0.,1.));
#12162=DIRECTION('ref_axis',(-1.,-1.99840144432525E-14,0.));
#12163=DIRECTION('',(0.,0.,1.));
#12164=DIRECTION('center_axis',(0.,1.,0.));
#12165=DIRECTION('ref_axis',(-1.,0.,0.));
#12166=DIRECTION('',(0.,0.,1.));
#12167=DIRECTION('center_axis',(0.,0.,1.));
#12168=DIRECTION('ref_axis',(1.,-4.44089209850048E-15,0.));
#12169=DIRECTION('center_axis',(0.,0.,1.));
#12170=DIRECTION('ref_axis',(0.,-1.,0.));
#12171=DIRECTION('',(0.,0.,1.));
#12172=DIRECTION('center_axis',(0.,-1.,0.));
#12173=DIRECTION('ref_axis',(1.,0.,0.));
#12174=DIRECTION('',(0.,0.,1.));
#12175=DIRECTION('center_axis',(0.,0.,1.));
#12176=DIRECTION('ref_axis',(0.,1.,0.));
#12177=DIRECTION('',(0.,0.,1.));
#12178=DIRECTION('center_axis',(1.,-1.77635683940024E-14,0.));
#12179=DIRECTION('ref_axis',(1.77635683940024E-14,1.,0.));
#12180=DIRECTION('',(0.,0.,1.));
#12181=DIRECTION('center_axis',(0.,0.,1.));
#12182=DIRECTION('ref_axis',(-1.,-5.32907051820049E-14,0.));
#12183=DIRECTION('',(0.,0.,1.));
#12184=DIRECTION('center_axis',(0.,1.,0.));
#12185=DIRECTION('ref_axis',(-1.,0.,0.));
#12186=DIRECTION('',(0.,0.,1.));
#12187=DIRECTION('center_axis',(0.,0.,1.));
#12188=DIRECTION('ref_axis',(1.,5.32907051820049E-14,0.));
#12189=DIRECTION('',(0.,0.,1.));
#12190=DIRECTION('center_axis',(1.,0.,0.));
#12191=DIRECTION('ref_axis',(0.,1.,0.));
#12192=DIRECTION('',(0.,0.,1.));
#12193=DIRECTION('center_axis',(0.,0.,1.));
#12194=DIRECTION('ref_axis',(3.55271367880032E-14,-1.,0.));
#12195=DIRECTION('',(0.,0.,1.));
#12196=DIRECTION('center_axis',(0.,-1.,0.));
#12197=DIRECTION('ref_axis',(1.,0.,0.));
#12198=DIRECTION('',(0.,0.,1.));
#12199=DIRECTION('center_axis',(0.,0.,1.));
#12200=DIRECTION('ref_axis',(-1.,-3.55271367880045E-14,0.));
#12201=DIRECTION('',(0.,0.,1.));
#12202=DIRECTION('center_axis',(-1.,-1.77635683940024E-14,0.));
#12203=DIRECTION('ref_axis',(1.77635683940024E-14,-1.,0.));
#12204=DIRECTION('',(0.,0.,1.));
#12205=DIRECTION('center_axis',(0.,0.,1.));
#12206=DIRECTION('ref_axis',(-3.55271367880032E-14,1.,0.));
#12207=DIRECTION('',(0.,0.,1.));
#12208=DIRECTION('center_axis',(0.,1.,0.));
#12209=DIRECTION('ref_axis',(-1.,0.,0.));
#12210=DIRECTION('',(0.,0.,1.));
#12211=DIRECTION('center_axis',(0.,0.,1.));
#12212=DIRECTION('ref_axis',(0.,-1.,0.));
#12213=DIRECTION('',(0.,0.,1.));
#12214=DIRECTION('center_axis',(-1.,8.88178419700042E-14,0.));
#12215=DIRECTION('ref_axis',(-8.88178419700042E-14,-1.,0.));
#12216=DIRECTION('',(0.,0.,1.));
#12217=DIRECTION('center_axis',(0.,0.,1.));
#12218=DIRECTION('ref_axis',(1.,1.77635683940016E-14,0.));
#12219=DIRECTION('',(0.,0.,1.));
#12220=DIRECTION('center_axis',(-7.72682720046725E-16,-1.,0.));
#12221=DIRECTION('ref_axis',(1.,-7.72682720046725E-16,0.));
#12222=DIRECTION('',(0.,0.,1.));
#12223=DIRECTION('center_axis',(0.,0.,1.));
#12224=DIRECTION('ref_axis',(-1.15463194561043E-13,1.,0.));
#12225=DIRECTION('',(0.,0.,1.));
#12226=DIRECTION('center_axis',(1.,0.,0.));
#12227=DIRECTION('ref_axis',(0.,1.,0.));
#12228=DIRECTION('',(0.,0.,1.));
#12229=DIRECTION('center_axis',(0.,0.,1.));
#12230=DIRECTION('ref_axis',(-1.,0.,0.));
#12231=DIRECTION('',(0.,0.,1.));
#12232=DIRECTION('center_axis',(0.,1.,0.));
#12233=DIRECTION('ref_axis',(-1.,0.,0.));
#12234=DIRECTION('',(0.,0.,1.));
#12235=DIRECTION('center_axis',(0.,0.,1.));
#12236=DIRECTION('ref_axis',(1.,0.,0.));
#12237=DIRECTION('',(0.,0.,1.));
#12238=DIRECTION('center_axis',(1.,0.,0.));
#12239=DIRECTION('ref_axis',(0.,1.,0.));
#12240=DIRECTION('',(0.,0.,1.));
#12241=DIRECTION('center_axis',(0.,0.,1.));
#12242=DIRECTION('ref_axis',(0.,-1.,0.));
#12243=DIRECTION('',(0.,0.,1.));
#12244=DIRECTION('center_axis',(0.,-1.,0.));
#12245=DIRECTION('ref_axis',(1.,0.,0.));
#12246=DIRECTION('',(0.,0.,1.));
#12247=DIRECTION('center_axis',(0.,0.,1.));
#12248=DIRECTION('ref_axis',(-1.,0.,0.));
#12249=DIRECTION('',(0.,0.,1.));
#12250=DIRECTION('center_axis',(-1.,4.4408920985006E-15,0.));
#12251=DIRECTION('ref_axis',(-4.4408920985006E-15,-1.,0.));
#12252=DIRECTION('',(0.,0.,1.));
#12253=DIRECTION('center_axis',(0.,0.,1.));
#12254=DIRECTION('ref_axis',(0.,1.,0.));
#12255=DIRECTION('',(0.,0.,1.));
#12256=DIRECTION('center_axis',(3.79799827707962E-15,1.,0.));
#12257=DIRECTION('ref_axis',(-1.,3.79799827707962E-15,0.));
#12258=DIRECTION('',(0.,0.,1.));
#12259=DIRECTION('center_axis',(0.,0.,1.));
#12260=DIRECTION('ref_axis',(7.99360577730101E-14,-1.,0.));
#12261=DIRECTION('',(0.,0.,1.));
#12262=DIRECTION('center_axis',(-1.,0.,0.));
#12263=DIRECTION('ref_axis',(0.,-1.,0.));
#12264=DIRECTION('',(0.,0.,1.));
#12265=DIRECTION('center_axis',(0.,0.,1.));
#12266=DIRECTION('ref_axis',(1.,-1.95399252334037E-13,0.));
#12267=DIRECTION('',(0.,0.,1.));
#12268=DIRECTION('center_axis',(-2.38089810663656E-14,-1.,0.));
#12269=DIRECTION('ref_axis',(1.,-2.38089810663656E-14,0.));
#12270=DIRECTION('',(0.,0.,1.));
#12271=DIRECTION('center_axis',(0.,0.,1.));
#12272=DIRECTION('ref_axis',(-0.999999999999249,-1.22521042200674E-6,0.));
#12273=DIRECTION('',(0.,0.,1.));
#12274=DIRECTION('center_axis',(-0.999999999999249,-1.22521042222511E-6,
0.));
#12275=DIRECTION('ref_axis',(1.22521042222511E-6,-0.999999999999249,0.));
#12276=DIRECTION('',(0.,0.,1.));
#12277=DIRECTION('center_axis',(0.,0.,1.));
#12278=DIRECTION('ref_axis',(-1.11022302462516E-14,1.,0.));
#12279=DIRECTION('',(0.,0.,1.));
#12280=DIRECTION('center_axis',(4.14955522097489E-15,1.,0.));
#12281=DIRECTION('ref_axis',(-1.,4.14955522097489E-15,0.));
#12282=DIRECTION('',(0.,0.,1.));
#12283=DIRECTION('center_axis',(0.,0.,1.));
#12284=DIRECTION('ref_axis',(0.,-1.,0.));
#12285=DIRECTION('',(0.,0.,1.));
#12286=DIRECTION('center_axis',(-1.,0.,0.));
#12287=DIRECTION('ref_axis',(0.,-1.,0.));
#12288=DIRECTION('',(0.,0.,1.));
#12289=DIRECTION('center_axis',(0.,0.,1.));
#12290=DIRECTION('ref_axis',(1.,-2.22044604925032E-15,0.));
#12291=DIRECTION('',(0.,0.,1.));
#12292=DIRECTION('center_axis',(-3.69432739068589E-16,-1.,0.));
#12293=DIRECTION('ref_axis',(1.,-3.69432739068589E-16,0.));
#12294=DIRECTION('',(0.,0.,1.));
#12295=DIRECTION('center_axis',(0.,0.,1.));
#12296=DIRECTION('ref_axis',(-1.,2.22044604925032E-15,0.));
#12297=DIRECTION('',(0.,0.,1.));
#12298=DIRECTION('center_axis',(-1.,0.,0.));
#12299=DIRECTION('ref_axis',(0.,-1.,0.));
#12300=DIRECTION('',(0.,0.,1.));
#12301=DIRECTION('center_axis',(0.,0.,1.));
#12302=DIRECTION('ref_axis',(0.,1.,0.));
#12303=DIRECTION('',(0.,0.,1.));
#12304=DIRECTION('center_axis',(0.,1.,0.));
#12305=DIRECTION('ref_axis',(-1.,0.,0.));
#12306=DIRECTION('',(0.,0.,1.));
#12307=DIRECTION('center_axis',(0.,0.,1.));
#12308=DIRECTION('ref_axis',(1.,2.22044604925032E-15,0.));
#12309=DIRECTION('',(0.,0.,1.));
#12310=DIRECTION('center_axis',(1.,0.,0.));
#12311=DIRECTION('ref_axis',(0.,1.,0.));
#12312=DIRECTION('',(0.,0.,1.));
#12313=DIRECTION('center_axis',(0.,0.,1.));
#12314=DIRECTION('ref_axis',(0.,-1.,0.));
#12315=DIRECTION('',(0.,0.,1.));
#12316=DIRECTION('center_axis',(3.70718176464019E-16,-1.,0.));
#12317=DIRECTION('ref_axis',(1.,3.70718176464019E-16,0.));
#12318=DIRECTION('',(0.,0.,1.));
#12319=DIRECTION('center_axis',(0.,0.,1.));
#12320=DIRECTION('ref_axis',(0.,1.,0.));
#12321=DIRECTION('',(0.,0.,1.));
#12322=DIRECTION('center_axis',(1.,0.,0.));
#12323=DIRECTION('ref_axis',(0.,1.,0.));
#12324=DIRECTION('',(0.,0.,1.));
#12325=DIRECTION('center_axis',(0.,0.,1.));
#12326=DIRECTION('ref_axis',(-1.,8.88178419700128E-15,0.));
#12327=DIRECTION('',(0.,0.,1.));
#12328=DIRECTION('center_axis',(-6.2547646145712E-17,1.,0.));
#12329=DIRECTION('ref_axis',(-1.,-6.2547646145712E-17,0.));
#12330=DIRECTION('',(0.,0.,1.));
#12331=DIRECTION('center_axis',(0.,0.,1.));
#12332=DIRECTION('ref_axis',(0.,-1.,0.));
#12333=DIRECTION('',(0.,0.,1.));
#12334=DIRECTION('center_axis',(-1.,0.,0.));
#12335=DIRECTION('ref_axis',(0.,-1.,0.));
#12336=DIRECTION('',(0.,0.,1.));
#12337=DIRECTION('center_axis',(0.,0.,1.));
#12338=DIRECTION('ref_axis',(1.,1.99840144432525E-14,0.));
#12339=DIRECTION('',(0.,0.,1.));
#12340=DIRECTION('center_axis',(0.,-1.,0.));
#12341=DIRECTION('ref_axis',(1.,0.,0.));
#12342=DIRECTION('',(0.,0.,1.));
#12343=DIRECTION('center_axis',(0.,0.,1.));
#12344=DIRECTION('ref_axis',(-1.,-1.99840144432525E-14,0.));
#12345=DIRECTION('',(0.,0.,1.));
#12346=DIRECTION('center_axis',(-1.,0.,0.));
#12347=DIRECTION('ref_axis',(0.,-1.,0.));
#12348=DIRECTION('',(0.,0.,1.));
#12349=DIRECTION('center_axis',(0.,0.,1.));
#12350=DIRECTION('ref_axis',(0.,1.,0.));
#12351=DIRECTION('',(0.,0.,1.));
#12352=DIRECTION('center_axis',(1.32226184425812E-15,1.,0.));
#12353=DIRECTION('ref_axis',(-1.,1.32226184425812E-15,0.));
#12354=DIRECTION('',(0.,0.,1.));
#12355=DIRECTION('center_axis',(0.,0.,1.));
#12356=DIRECTION('ref_axis',(1.,5.55111512312551E-14,0.));
#12357=DIRECTION('',(0.,0.,1.));
#12358=DIRECTION('center_axis',(1.,0.,0.));
#12359=DIRECTION('ref_axis',(0.,1.,0.));
#12360=DIRECTION('',(0.,0.,1.));
#12361=DIRECTION('center_axis',(0.,0.,1.));
#12362=DIRECTION('ref_axis',(3.5527136788003E-14,-1.,0.));
#12363=DIRECTION('',(0.,0.,1.));
#12364=DIRECTION('center_axis',(0.,-1.,0.));
#12365=DIRECTION('ref_axis',(1.,0.,0.));
#12366=CARTESIAN_POINT('',(0.,0.,0.));
#12367=CARTESIAN_POINT('Origin',(87.9324004812088,-98.7280277027369,6.1));
#12368=CARTESIAN_POINT('',(87.9324004812088,-98.7280277027369,6.1));
#12369=CARTESIAN_POINT('',(87.9324004812088,-98.5596277027369,6.1));
#12370=CARTESIAN_POINT('',(87.9324004812088,-80.8140136122048,6.1));
#12371=CARTESIAN_POINT('',(87.9324004812088,-98.7280277027369,4.6));
#12372=CARTESIAN_POINT('',(87.9324004812088,-98.7280277027369,6.1));
#12373=CARTESIAN_POINT('',(87.9324004812088,-98.5596277027369,4.6));
#12374=CARTESIAN_POINT('',(87.9324004812088,-80.8140136122048,4.6));
#12375=CARTESIAN_POINT('',(87.9324004812088,-98.5596277027369,6.1));
#12376=CARTESIAN_POINT('Origin',(88.4324004812088,-98.7280277027369,6.1));
#12377=CARTESIAN_POINT('',(88.4324004812088,-99.2280277027369,6.1));
#12378=CARTESIAN_POINT('Origin',(88.4324004812088,-98.7280277027369,6.1));
#12379=CARTESIAN_POINT('',(88.4324004812088,-99.2280277027369,4.6));
#12380=CARTESIAN_POINT('',(88.4324004812088,-99.2280277027369,6.1));
#12381=CARTESIAN_POINT('Origin',(88.4324004812088,-98.7280277027369,4.6));
#12382=CARTESIAN_POINT('Origin',(90.4804004812088,-99.2280277027369,6.1));
#12383=CARTESIAN_POINT('',(90.4804004812088,-99.2280277027369,6.1));
#12384=CARTESIAN_POINT('',(118.540206407975,-99.2280277027369,6.1));
#12385=CARTESIAN_POINT('',(90.4804004812088,-99.2280277027369,4.6));
#12386=CARTESIAN_POINT('',(90.4804004812088,-99.2280277027369,6.1));
#12387=CARTESIAN_POINT('',(118.540206407975,-99.2280277027369,4.6));
#12388=CARTESIAN_POINT('Origin',(90.4804004812088,-98.7280277027369,6.1));
#12389=CARTESIAN_POINT('',(90.9804004812088,-98.7280277027369,6.1));
#12390=CARTESIAN_POINT('Origin',(90.4804004812088,-98.7280277027369,6.1));
#12391=CARTESIAN_POINT('',(90.9804004812088,-98.7280277027369,4.6));
#12392=CARTESIAN_POINT('',(90.9804004812088,-98.7280277027369,6.1));
#12393=CARTESIAN_POINT('Origin',(90.4804004812088,-98.7280277027369,4.6));
#12394=CARTESIAN_POINT('Origin',(90.9804004812088,-98.5596277027369,6.1));
#12395=CARTESIAN_POINT('',(90.9804004812088,-98.5596277027369,6.1));
#12396=CARTESIAN_POINT('',(90.9804004812088,-80.7298136122048,6.1));
#12397=CARTESIAN_POINT('',(90.9804004812088,-98.5596277027369,4.6));
#12398=CARTESIAN_POINT('',(90.9804004812088,-98.5596277027369,6.1));
#12399=CARTESIAN_POINT('',(90.9804004812088,-80.7298136122048,4.6));
#12400=CARTESIAN_POINT('Origin',(202.232400481209,-98.7280277027369,6.1));
#12401=CARTESIAN_POINT('',(202.232400481209,-98.7280277027369,6.1));
#12402=CARTESIAN_POINT('',(202.232400481209,-98.5596277027369,6.1));
#12403=CARTESIAN_POINT('',(202.232400481209,-80.8140136122048,6.1));
#12404=CARTESIAN_POINT('',(202.232400481209,-98.7280277027369,4.6));
#12405=CARTESIAN_POINT('',(202.232400481209,-98.7280277027369,6.1));
#12406=CARTESIAN_POINT('',(202.232400481209,-98.5596277027369,4.6));
#12407=CARTESIAN_POINT('',(202.232400481209,-80.8140136122048,4.6));
#12408=CARTESIAN_POINT('',(202.232400481209,-98.5596277027369,6.1));
#12409=CARTESIAN_POINT('Origin',(202.732400481209,-98.7280277027369,6.1));
#12410=CARTESIAN_POINT('',(202.732400481209,-99.2280277027369,6.1));
#12411=CARTESIAN_POINT('Origin',(202.732400481209,-98.7280277027369,6.1));
#12412=CARTESIAN_POINT('',(202.732400481209,-99.2280277027369,4.6));
#12413=CARTESIAN_POINT('',(202.732400481209,-99.2280277027369,6.1));
#12414=CARTESIAN_POINT('Origin',(202.732400481209,-98.7280277027369,4.6));
#12415=CARTESIAN_POINT('Origin',(204.780400481209,-99.2280277027369,6.1));
#12416=CARTESIAN_POINT('',(204.780400481209,-99.2280277027369,6.1));
#12417=CARTESIAN_POINT('',(175.690206407975,-99.2280277027369,6.1));
#12418=CARTESIAN_POINT('',(204.780400481209,-99.2280277027369,4.6));
#12419=CARTESIAN_POINT('',(204.780400481209,-99.2280277027369,6.1));
#12420=CARTESIAN_POINT('',(175.690206407975,-99.2280277027369,4.6));
#12421=CARTESIAN_POINT('Origin',(204.780400481209,-98.7280277027369,6.1));
#12422=CARTESIAN_POINT('',(205.280400481209,-98.7280277027369,6.1));
#12423=CARTESIAN_POINT('Origin',(204.780400481209,-98.7280277027369,6.1));
#12424=CARTESIAN_POINT('',(205.280400481209,-98.7280277027369,4.6));
#12425=CARTESIAN_POINT('',(205.280400481209,-98.7280277027369,6.1));
#12426=CARTESIAN_POINT('Origin',(204.780400481209,-98.7280277027369,4.6));
#12427=CARTESIAN_POINT('Origin',(205.280400481209,-98.5596277027369,6.1));
#12428=CARTESIAN_POINT('',(205.280400481209,-98.5596277027369,6.1));
#12429=CARTESIAN_POINT('',(205.280400481209,-80.7298136122048,6.1));
#12430=CARTESIAN_POINT('',(205.280400481209,-98.5596277027369,4.6));
#12431=CARTESIAN_POINT('',(205.280400481209,-98.5596277027369,6.1));
#12432=CARTESIAN_POINT('',(205.280400481209,-80.7298136122048,4.6));
#12433=CARTESIAN_POINT('Origin',(139.606400481209,-97.9556277027369,6.1));
#12434=CARTESIAN_POINT('',(139.606400481209,-93.7556277027369,4.6));
#12435=CARTESIAN_POINT('',(139.606400481209,-93.7556277027369,6.1));
#12436=CARTESIAN_POINT('',(139.606400481209,-93.7556277027369,6.1));
#12437=CARTESIAN_POINT('',(139.606400481209,-97.9556277027369,6.1));
#12438=CARTESIAN_POINT('',(139.606400481209,-80.4278136122048,6.1));
#12439=CARTESIAN_POINT('',(139.606400481209,-97.9556277027369,4.6));
#12440=CARTESIAN_POINT('',(139.606400481209,-97.9556277027369,6.1));
#12441=CARTESIAN_POINT('',(139.606400481209,-80.4278136122048,4.6));
#12442=CARTESIAN_POINT('Origin',(146.600012334742,-62.8999995216727,4.6));
#12443=CARTESIAN_POINT('',(270.599999472499,-99.8588436321628,4.6));
#12444=CARTESIAN_POINT('',(270.599999472499,-103.399999521673,4.6));
#12445=CARTESIAN_POINT('',(270.599999472499,-22.3999995216727,4.6));
#12446=CARTESIAN_POINT('',(268.599999472499,-105.399999521673,4.6));
#12447=CARTESIAN_POINT('Origin',(268.599999472499,-103.399999521673,4.6));
#12448=CARTESIAN_POINT('',(235.63500333786,-105.399999521673,4.6));
#12449=CARTESIAN_POINT('',(268.599999472499,-105.399999521673,4.6));
#12450=CARTESIAN_POINT('',(234.63500333786,-106.399999521673,4.6));
#12451=CARTESIAN_POINT('Origin',(235.63500333786,-106.399999521673,4.6));
#12452=CARTESIAN_POINT('',(234.63500333786,-108.399999521673,4.6));
#12453=CARTESIAN_POINT('',(234.63500333786,-106.399999521673,4.6));
#12454=CARTESIAN_POINT('',(235.63500333786,-109.399999521673,4.6));
#12455=CARTESIAN_POINT('Origin',(235.63500333786,-108.399999521673,4.6));
#12456=CARTESIAN_POINT('',(253.634374005307,-109.399999521673,4.6));
#12457=CARTESIAN_POINT('',(249.634374005307,-109.399999521673,4.6));
#12458=CARTESIAN_POINT('',(254.634374005307,-110.399999521673,4.6));
#12459=CARTESIAN_POINT('Origin',(253.634374005307,-110.399999521673,4.6));
#12460=CARTESIAN_POINT('',(254.634374005307,-112.399999521673,4.6));
#12461=CARTESIAN_POINT('',(254.634374005307,-110.399999521673,4.6));
#12462=CARTESIAN_POINT('',(253.634374005307,-113.399999521673,4.6));
#12463=CARTESIAN_POINT('Origin',(253.634374005307,-112.399999521673,4.6));
#12464=CARTESIAN_POINT('',(205.634374005307,-113.399999521673,4.6));
#12465=CARTESIAN_POINT('',(209.634374005307,-113.399999521673,4.6));
#12466=CARTESIAN_POINT('',(204.634374005307,-112.399999521673,4.6));
#12467=CARTESIAN_POINT('Origin',(205.634374005307,-112.399999521673,4.6));
#12468=CARTESIAN_POINT('',(204.634374005307,-110.399999521673,4.6));
#12469=CARTESIAN_POINT('',(204.634374005307,-112.399999521673,4.6));
#12470=CARTESIAN_POINT('',(205.634374005307,-109.399999521673,4.6));
#12471=CARTESIAN_POINT('Origin',(205.634374005307,-110.399999521673,4.6));
#12472=CARTESIAN_POINT('',(223.635003337842,-109.399999521673,4.6));
#12473=CARTESIAN_POINT('',(209.634374005307,-109.399999521673,4.6));
#12474=CARTESIAN_POINT('',(224.635003337842,-108.399999521673,4.6));
#12475=CARTESIAN_POINT('Origin',(223.635003337842,-108.399999521673,4.6));
#12476=CARTESIAN_POINT('',(224.635003337843,-106.399999521672,4.6));
#12477=CARTESIAN_POINT('',(224.635003337842,-108.399999521673,4.6));
#12478=CARTESIAN_POINT('',(223.635003337842,-105.399999521672,4.6));
#12479=CARTESIAN_POINT('Origin',(223.635003337843,-106.399999521672,4.6));
#12480=CARTESIAN_POINT('',(71.6662100611091,-105.399999521673,4.6));
#12481=CARTESIAN_POINT('',(140.634628532775,-105.399999521673,4.6));
#12482=CARTESIAN_POINT('',(70.6662100611094,-106.399999521672,4.6));
#12483=CARTESIAN_POINT('Origin',(71.6662100611092,-106.399999521672,4.6));
#12484=CARTESIAN_POINT('',(70.6662100611092,-108.399999521673,4.6));
#12485=CARTESIAN_POINT('',(70.6662100611092,-106.399999521672,4.6));
#12486=CARTESIAN_POINT('',(71.6662100611092,-109.399999521673,4.6));
#12487=CARTESIAN_POINT('Origin',(71.6662100611092,-108.399999521673,4.6));
#12488=CARTESIAN_POINT('',(89.6349490403738,-109.399999521673,4.6));
#12489=CARTESIAN_POINT('',(85.6349490403738,-109.399999521673,4.6));
#12490=CARTESIAN_POINT('',(90.6349490403738,-110.399999521673,4.6));
#12491=CARTESIAN_POINT('Origin',(89.6349490403738,-110.399999521673,4.6));
#12492=CARTESIAN_POINT('',(90.6349490403738,-112.399999521673,4.6));
#12493=CARTESIAN_POINT('',(90.6349490403738,-110.399999521673,4.6));
#12494=CARTESIAN_POINT('',(89.6349490403738,-113.399999521673,4.6));
#12495=CARTESIAN_POINT('Origin',(89.6349490403738,-112.399999521673,4.6));
#12496=CARTESIAN_POINT('',(41.6349490403738,-113.399999521673,4.6));
#12497=CARTESIAN_POINT('',(45.6349490403738,-113.399999521673,4.6));
#12498=CARTESIAN_POINT('',(40.6349490403738,-112.399999521673,4.6));
#12499=CARTESIAN_POINT('Origin',(41.6349490403738,-112.399999521673,4.6));
#12500=CARTESIAN_POINT('',(40.6349490403738,-110.399999521673,4.6));
#12501=CARTESIAN_POINT('',(40.6349490403738,-112.399999521673,4.6));
#12502=CARTESIAN_POINT('',(41.6349490403738,-109.399999521673,4.6));
#12503=CARTESIAN_POINT('Origin',(41.6349490403738,-110.399999521673,4.6));
#12504=CARTESIAN_POINT('',(59.6662100611092,-109.399999521673,4.6));
#12505=CARTESIAN_POINT('',(45.6349490403738,-109.399999521673,4.6));
#12506=CARTESIAN_POINT('',(60.6662100611092,-108.399999521673,4.6));
#12507=CARTESIAN_POINT('Origin',(59.6662100611092,-108.399999521673,4.6));
#12508=CARTESIAN_POINT('',(60.6662100611092,-106.399999521673,4.6));
#12509=CARTESIAN_POINT('',(60.6662100611092,-108.399999521673,4.6));
#12510=CARTESIAN_POINT('',(59.6662100611092,-105.399999521673,4.6));
#12511=CARTESIAN_POINT('Origin',(59.6662100611092,-106.399999521673,4.6));
#12512=CARTESIAN_POINT('',(24.6001267125217,-105.399999521672,4.6));
#12513=CARTESIAN_POINT('',(59.6662100611092,-105.399999521673,4.6));
#12514=CARTESIAN_POINT('',(22.60012443903,-103.400001972095,4.6));
#12515=CARTESIAN_POINT('Origin',(24.6001244390285,-103.399999521674,4.6));
#12516=CARTESIAN_POINT('',(22.6000251969857,-22.4000019720939,4.6));
#12517=CARTESIAN_POINT('',(22.60012443903,-103.400001972095,4.6));
#12518=CARTESIAN_POINT('',(24.6000251969842,-20.3999995216731,4.6));
#12519=CARTESIAN_POINT('Origin',(24.6000251969842,-22.3999995216731,4.6));
#12520=CARTESIAN_POINT('',(59.6662100611092,-20.3999995216727,4.6));
#12521=CARTESIAN_POINT('',(58.596000879158,-20.3999995216727,4.6));
#12522=CARTESIAN_POINT('',(60.6662100611092,-19.3999995216727,4.6));
#12523=CARTESIAN_POINT('Origin',(59.6662100611092,-19.3999995216727,4.6));
#12524=CARTESIAN_POINT('',(60.6662100611092,-17.4008339004752,4.6));
#12525=CARTESIAN_POINT('',(60.6662100611092,-17.4008339004752,4.6));
#12526=CARTESIAN_POINT('',(59.6662100611092,-16.4008339004752,4.6));
#12527=CARTESIAN_POINT('Origin',(59.6662100611092,-17.4008339004752,4.6));
#12528=CARTESIAN_POINT('',(41.6349490403738,-16.4008339004752,4.6));
#12529=CARTESIAN_POINT('',(59.6662100611092,-16.4008339004752,4.6));
#12530=CARTESIAN_POINT('',(40.6349490403738,-15.4008339004752,4.6));
#12531=CARTESIAN_POINT('Origin',(41.6349490403738,-15.4008339004752,4.6));
#12532=CARTESIAN_POINT('',(40.6349490403738,-13.4008339004752,4.6));
#12533=CARTESIAN_POINT('',(40.6349490403738,-15.4008339004752,4.6));
#12534=CARTESIAN_POINT('',(41.6349490403738,-12.4008339004752,4.6));
#12535=CARTESIAN_POINT('Origin',(41.6349490403738,-13.4008339004752,4.6));
#12536=CARTESIAN_POINT('',(89.6349490403738,-12.4008339004752,4.6));
#12537=CARTESIAN_POINT('',(41.6349490403738,-12.4008339004752,4.6));
#12538=CARTESIAN_POINT('',(90.6349490403738,-13.4008339004752,4.6));
#12539=CARTESIAN_POINT('Origin',(89.6349490403738,-13.4008339004752,4.6));
#12540=CARTESIAN_POINT('',(90.6349490403738,-15.4008339004752,4.6));
#12541=CARTESIAN_POINT('',(90.6349490403738,-13.4008339004752,4.6));
#12542=CARTESIAN_POINT('',(89.6349490403738,-16.4008339004752,4.6));
#12543=CARTESIAN_POINT('Origin',(89.6349490403738,-15.4008339004752,4.6));
#12544=CARTESIAN_POINT('',(71.6662100611092,-16.4008339004752,4.6));
#12545=CARTESIAN_POINT('',(89.6349490403738,-16.4008339004752,4.6));
#12546=CARTESIAN_POINT('',(70.6662100611092,-17.4008339004752,4.6));
#12547=CARTESIAN_POINT('Origin',(71.6662100611092,-17.4008339004752,4.6));
#12548=CARTESIAN_POINT('',(70.6662100611092,-19.3999995216727,4.6));
#12549=CARTESIAN_POINT('',(70.6662100611092,-19.3999995216727,4.6));
#12550=CARTESIAN_POINT('',(71.6662100611092,-20.3999995216727,4.6));
#12551=CARTESIAN_POINT('Origin',(71.6662100611092,-19.3999995216727,4.6));
#12552=CARTESIAN_POINT('',(223.596013687268,-20.3999995216727,4.6));
#12553=CARTESIAN_POINT('',(152.595866245188,-20.3999995216727,4.6));
#12554=CARTESIAN_POINT('',(224.596013687268,-19.3999995216727,4.6));
#12555=CARTESIAN_POINT('Origin',(223.596013687268,-19.3999995216727,4.6));
#12556=CARTESIAN_POINT('',(224.596013687268,-17.3999995216727,4.6));
#12557=CARTESIAN_POINT('',(224.596013687268,-17.3999995216727,4.6));
#12558=CARTESIAN_POINT('',(223.596013687268,-16.3999995216727,4.6));
#12559=CARTESIAN_POINT('Origin',(223.596013687268,-17.3999995216727,4.6));
#12560=CARTESIAN_POINT('',(205.634374005307,-16.3999995216727,4.6));
#12561=CARTESIAN_POINT('',(211.155679822672,-16.3999995216727,4.6));
#12562=CARTESIAN_POINT('',(204.634374005307,-15.3999995216727,4.6));
#12563=CARTESIAN_POINT('Origin',(205.634374005307,-15.3999995216727,4.6));
#12564=CARTESIAN_POINT('',(204.634374005307,-13.3999995216727,4.6));
#12565=CARTESIAN_POINT('',(204.634374005307,-15.3999995216727,4.6));
#12566=CARTESIAN_POINT('',(205.634374005307,-12.3999995216727,4.6));
#12567=CARTESIAN_POINT('Origin',(205.634374005307,-13.3999995216728,4.6));
#12568=CARTESIAN_POINT('',(253.634374005307,-12.3999995216727,4.6));
#12569=CARTESIAN_POINT('',(253.634374005307,-12.3999995216727,4.6));
#12570=CARTESIAN_POINT('',(254.634374005307,-13.3999995216727,4.6));
#12571=CARTESIAN_POINT('Origin',(253.634374005307,-13.3999995216728,4.6));
#12572=CARTESIAN_POINT('',(254.634374005307,-15.3999995216727,4.6));
#12573=CARTESIAN_POINT('',(254.634374005307,-15.3999995216727,4.6));
#12574=CARTESIAN_POINT('',(253.634374005307,-16.3999995216727,4.6));
#12575=CARTESIAN_POINT('Origin',(253.634374005307,-15.3999995216727,4.6));
#12576=CARTESIAN_POINT('',(235.596013687268,-16.3999995216727,4.6));
#12577=CARTESIAN_POINT('',(248.5965381359,-16.3999995216727,4.6));
#12578=CARTESIAN_POINT('',(234.596013687268,-17.3999995216727,4.6));
#12579=CARTESIAN_POINT('Origin',(235.596013687268,-17.3999995216727,4.6));
#12580=CARTESIAN_POINT('',(234.596013687268,-19.3999995216727,4.6));
#12581=CARTESIAN_POINT('',(234.596013687268,-19.3999995216727,4.6));
#12582=CARTESIAN_POINT('',(235.596013687268,-20.3999995216727,4.6));
#12583=CARTESIAN_POINT('Origin',(235.596013687268,-19.3999995216727,4.6));
#12584=CARTESIAN_POINT('',(268.599999472499,-20.3999995216727,4.6));
#12585=CARTESIAN_POINT('',(235.596013687268,-20.3999995216727,4.6));
#12586=CARTESIAN_POINT('',(270.599999472499,-22.3999995216727,4.6));
#12587=CARTESIAN_POINT('Origin',(268.599999472499,-22.3999995216727,4.6));
#12588=CARTESIAN_POINT('',(270.599999472499,-62.6369471533942,4.6));
#12589=CARTESIAN_POINT('',(270.599999472499,-22.3999995216727,4.6));
#12590=CARTESIAN_POINT('',(270.600045077154,-99.8588436321069,4.6));
#12591=CARTESIAN_POINT('',(270.600045077154,-99.8588436321069,4.6));
#12592=CARTESIAN_POINT('',(22.6001201007381,-99.8591474841997,4.6));
#12593=CARTESIAN_POINT('',(227.712650481209,-46.8556277027369,4.6));
#12594=CARTESIAN_POINT('',(227.712650481209,-59.8556277027369,4.6));
#12595=CARTESIAN_POINT('',(227.712650481209,-61.3778136122048,4.6));
#12596=CARTESIAN_POINT('',(228.212650481209,-60.3556277027369,4.6));
#12597=CARTESIAN_POINT('Origin',(228.212650481209,-59.8556277027369,4.6));
#12598=CARTESIAN_POINT('',(241.212650481209,-60.3556277027369,4.6));
#12599=CARTESIAN_POINT('',(193.906331407975,-60.3556277027369,4.6));
#12600=CARTESIAN_POINT('',(241.712650481209,-59.8556277027369,4.6));
#12601=CARTESIAN_POINT('Origin',(241.212650481209,-59.8556277027369,4.6));
#12602=CARTESIAN_POINT('',(241.712650481209,-46.8556277027369,4.6));
#12603=CARTESIAN_POINT('',(241.712650481209,-54.8778136122048,4.6));
#12604=CARTESIAN_POINT('',(241.212650481209,-46.3556277027369,4.6));
#12605=CARTESIAN_POINT('Origin',(241.212650481209,-46.8556277027369,4.6));
#12606=CARTESIAN_POINT('',(228.212650481209,-46.3556277027369,4.6));
#12607=CARTESIAN_POINT('',(187.406331407975,-46.3556277027369,4.6));
#12608=CARTESIAN_POINT('Origin',(228.212650481209,-46.8556277027369,4.6));
#12609=CARTESIAN_POINT('',(239.618900481209,-65.9056277027369,4.6));
#12610=CARTESIAN_POINT('',(239.618900481209,-78.9056277027369,4.6));
#12611=CARTESIAN_POINT('',(239.618900481209,-70.9028136122048,4.6));
#12612=CARTESIAN_POINT('',(240.118900481209,-79.4056277027369,4.6));
#12613=CARTESIAN_POINT('Origin',(240.118900481209,-78.9056277027369,4.6));
#12614=CARTESIAN_POINT('',(253.118900481209,-79.4056277027369,4.6));
#12615=CARTESIAN_POINT('',(199.859456407975,-79.4056277027369,4.6));
#12616=CARTESIAN_POINT('',(253.618900481209,-78.9056277027369,4.6));
#12617=CARTESIAN_POINT('Origin',(253.118900481209,-78.9056277027369,4.6));
#12618=CARTESIAN_POINT('',(253.618900481209,-65.9056277027369,4.6));
#12619=CARTESIAN_POINT('',(253.618900481209,-64.4028136122048,4.6));
#12620=CARTESIAN_POINT('',(253.118900481209,-65.4056277027369,4.6));
#12621=CARTESIAN_POINT('Origin',(253.118900481209,-65.9056277027369,4.6));
#12622=CARTESIAN_POINT('',(240.118900481209,-65.4056277027369,4.6));
#12623=CARTESIAN_POINT('',(193.359456407975,-65.4056277027369,4.6));
#12624=CARTESIAN_POINT('Origin',(240.118900481209,-65.9056277027369,4.6));
#12625=CARTESIAN_POINT('',(184.850150481209,-27.8056277027369,4.6));
#12626=CARTESIAN_POINT('',(184.850150481209,-40.8056277027369,4.6));
#12627=CARTESIAN_POINT('',(184.850150481209,-51.8528136122048,4.6));
#12628=CARTESIAN_POINT('',(185.350150481209,-41.3056277027369,4.6));
#12629=CARTESIAN_POINT('Origin',(185.350150481209,-40.8056277027369,4.6));
#12630=CARTESIAN_POINT('',(198.350150481209,-41.3056277027369,4.6));
#12631=CARTESIAN_POINT('',(172.475081407975,-41.3056277027369,4.6));
#12632=CARTESIAN_POINT('',(198.850150481209,-40.8056277027369,4.6));
#12633=CARTESIAN_POINT('Origin',(198.350150481209,-40.8056277027369,4.6));
#12634=CARTESIAN_POINT('',(198.850150481209,-27.8056277027369,4.6));
#12635=CARTESIAN_POINT('',(198.850150481209,-45.3528136122048,4.6));
#12636=CARTESIAN_POINT('',(198.350150481209,-27.3056277027369,4.6));
#12637=CARTESIAN_POINT('Origin',(198.350150481209,-27.8056277027369,4.6));
#12638=CARTESIAN_POINT('',(185.350150481209,-27.3056277027369,4.6));
#12639=CARTESIAN_POINT('',(165.975081407975,-27.3056277027369,4.6));
#12640=CARTESIAN_POINT('Origin',(185.350150481209,-27.8056277027369,4.6));
#12641=CARTESIAN_POINT('',(161.037650481209,-65.9056277027369,4.6));
#12642=CARTESIAN_POINT('',(161.037650481209,-78.9056277027369,4.6));
#12643=CARTESIAN_POINT('',(161.037650481209,-70.9028136122048,4.6));
#12644=CARTESIAN_POINT('',(161.537650481209,-79.4056277027369,4.6));
#12645=CARTESIAN_POINT('Origin',(161.537650481209,-78.9056277027369,4.6));
#12646=CARTESIAN_POINT('',(174.537650481209,-79.4056277027369,4.6));
#12647=CARTESIAN_POINT('',(160.568831407975,-79.4056277027369,4.6));
#12648=CARTESIAN_POINT('',(175.037650481209,-78.9056277027369,4.6));
#12649=CARTESIAN_POINT('Origin',(174.537650481209,-78.9056277027369,4.6));
#12650=CARTESIAN_POINT('',(175.037650481209,-65.9056277027369,4.6));
#12651=CARTESIAN_POINT('',(175.037650481209,-64.4028136122048,4.6));
#12652=CARTESIAN_POINT('',(174.537650481209,-65.4056277027369,4.6));
#12653=CARTESIAN_POINT('Origin',(174.537650481209,-65.9056277027369,4.6));
#12654=CARTESIAN_POINT('',(161.537650481209,-65.4056277027369,4.6));
#12655=CARTESIAN_POINT('',(154.068831407975,-65.4056277027369,4.6));
#12656=CARTESIAN_POINT('Origin',(161.537650481209,-65.9056277027369,4.6));
#12657=CARTESIAN_POINT('',(132.462650481209,-46.8556277027369,4.6));
#12658=CARTESIAN_POINT('',(132.462650481209,-59.8556277027369,4.6));
#12659=CARTESIAN_POINT('',(132.462650481209,-61.3778136122048,4.6));
#12660=CARTESIAN_POINT('',(132.962650481209,-60.3556277027369,4.6));
#12661=CARTESIAN_POINT('Origin',(132.962650481209,-59.8556277027369,4.6));
#12662=CARTESIAN_POINT('',(145.962650481209,-60.3556277027369,4.6));
#12663=CARTESIAN_POINT('',(146.281331407975,-60.3556277027369,4.6));
#12664=CARTESIAN_POINT('',(146.462650481209,-59.8556277027369,4.6));
#12665=CARTESIAN_POINT('Origin',(145.962650481209,-59.8556277027369,4.6));
#12666=CARTESIAN_POINT('',(146.462650481209,-46.8556277027369,4.6));
#12667=CARTESIAN_POINT('',(146.462650481209,-54.8778136122048,4.6));
#12668=CARTESIAN_POINT('',(145.962650481209,-46.3556277027369,4.6));
#12669=CARTESIAN_POINT('Origin',(145.962650481209,-46.8556277027369,4.6));
#12670=CARTESIAN_POINT('',(132.962650481209,-46.3556277027369,4.6));
#12671=CARTESIAN_POINT('',(139.781331407975,-46.3556277027369,4.6));
#12672=CARTESIAN_POINT('Origin',(132.962650481209,-46.8556277027369,4.6));
#12673=CARTESIAN_POINT('',(108.650150481209,-27.8056277027369,4.6));
#12674=CARTESIAN_POINT('',(108.650150481209,-40.8056277027369,4.6));
#12675=CARTESIAN_POINT('',(108.650150481209,-51.8528136122048,4.6));
#12676=CARTESIAN_POINT('',(109.150150481209,-41.3056277027369,4.6));
#12677=CARTESIAN_POINT('Origin',(109.150150481209,-40.8056277027369,4.6));
#12678=CARTESIAN_POINT('',(122.150150481209,-41.3056277027369,4.6));
#12679=CARTESIAN_POINT('',(134.375081407975,-41.3056277027369,4.6));
#12680=CARTESIAN_POINT('',(122.650150481209,-40.8056277027369,4.6));
#12681=CARTESIAN_POINT('Origin',(122.150150481209,-40.8056277027369,4.6));
#12682=CARTESIAN_POINT('',(122.650150481209,-27.8056277027369,4.6));
#12683=CARTESIAN_POINT('',(122.650150481209,-45.3528136122048,4.6));
#12684=CARTESIAN_POINT('',(122.150150481209,-27.3056277027369,4.6));
#12685=CARTESIAN_POINT('Origin',(122.150150481209,-27.8056277027369,4.6));
#12686=CARTESIAN_POINT('',(109.150150481209,-27.3056277027369,4.6));
#12687=CARTESIAN_POINT('',(127.875081407975,-27.3056277027369,4.6));
#12688=CARTESIAN_POINT('Origin',(109.150150481209,-27.8056277027369,4.6));
#12689=CARTESIAN_POINT('',(84.8376504812088,-65.9056277027369,4.6));
#12690=CARTESIAN_POINT('',(84.8376504812088,-78.9056277027369,4.6));
#12691=CARTESIAN_POINT('',(84.8376504812088,-70.9028136122048,4.6));
#12692=CARTESIAN_POINT('',(85.3376504812088,-79.4056277027369,4.6));
#12693=CARTESIAN_POINT('Origin',(85.3376504812088,-78.9056277027369,4.6));
#12694=CARTESIAN_POINT('',(98.3376504812088,-79.4056277027369,4.6));
#12695=CARTESIAN_POINT('',(122.468831407975,-79.4056277027369,4.6));
#12696=CARTESIAN_POINT('',(98.8376504812088,-78.9056277027369,4.6));
#12697=CARTESIAN_POINT('Origin',(98.3376504812088,-78.9056277027369,4.6));
#12698=CARTESIAN_POINT('',(98.8376504812088,-65.9056277027369,4.6));
#12699=CARTESIAN_POINT('',(98.8376504812088,-64.4028136122048,4.6));
#12700=CARTESIAN_POINT('',(98.3376504812088,-65.4056277027369,4.6));
#12701=CARTESIAN_POINT('Origin',(98.3376504812088,-65.9056277027369,4.6));
#12702=CARTESIAN_POINT('',(85.3376504812088,-65.4056277027369,4.6));
#12703=CARTESIAN_POINT('',(115.968831407975,-65.4056277027369,4.6));
#12704=CARTESIAN_POINT('Origin',(85.3376504812088,-65.9056277027369,4.6));
#12705=CARTESIAN_POINT('',(51.5001504812088,-27.8056277027369,4.6));
#12706=CARTESIAN_POINT('',(51.5001504812088,-40.8056277027369,4.6));
#12707=CARTESIAN_POINT('',(51.5001504812088,-51.8528136122048,4.6));
#12708=CARTESIAN_POINT('',(52.0001504812088,-41.3056277027369,4.6));
#12709=CARTESIAN_POINT('Origin',(52.0001504812088,-40.8056277027369,4.6));
#12710=CARTESIAN_POINT('',(65.0001504812088,-41.3056277027369,4.6));
#12711=CARTESIAN_POINT('',(105.800081407975,-41.3056277027369,4.6));
#12712=CARTESIAN_POINT('',(65.5001504812088,-40.8056277027369,4.6));
#12713=CARTESIAN_POINT('Origin',(65.0001504812088,-40.8056277027369,4.6));
#12714=CARTESIAN_POINT('',(65.5001504812088,-27.8056277027369,4.6));
#12715=CARTESIAN_POINT('',(65.5001504812088,-45.3528136122048,4.6));
#12716=CARTESIAN_POINT('',(65.0001504812088,-27.3056277027369,4.6));
#12717=CARTESIAN_POINT('Origin',(65.0001504812088,-27.8056277027369,4.6));
#12718=CARTESIAN_POINT('',(52.0001504812088,-27.3056277027369,4.6));
#12719=CARTESIAN_POINT('',(99.3000814079752,-27.3056277027369,4.6));
#12720=CARTESIAN_POINT('Origin',(52.0001504812088,-27.8056277027369,4.6));
#12721=CARTESIAN_POINT('',(65.7876504812088,-65.9056277027369,4.6));
#12722=CARTESIAN_POINT('',(65.7876504812088,-78.9056277027369,4.6));
#12723=CARTESIAN_POINT('',(65.7876504812088,-70.9028136122048,4.6));
#12724=CARTESIAN_POINT('',(66.2876504812088,-79.4056277027369,4.6));
#12725=CARTESIAN_POINT('Origin',(66.2876504812088,-78.9056277027369,4.6));
#12726=CARTESIAN_POINT('',(79.2876504812088,-79.4056277027369,4.6));
#12727=CARTESIAN_POINT('',(112.943831407975,-79.4056277027369,4.6));
#12728=CARTESIAN_POINT('',(79.7876504812088,-78.9056277027369,4.6));
#12729=CARTESIAN_POINT('Origin',(79.2876504812088,-78.9056277027369,4.6));
#12730=CARTESIAN_POINT('',(79.7876504812088,-65.9056277027369,4.6));
#12731=CARTESIAN_POINT('',(79.7876504812088,-64.4028136122048,4.6));
#12732=CARTESIAN_POINT('',(79.2876504812088,-65.4056277027369,4.6));
#12733=CARTESIAN_POINT('Origin',(79.2876504812088,-65.9056277027369,4.6));
#12734=CARTESIAN_POINT('',(66.2876504812088,-65.4056277027369,4.6));
#12735=CARTESIAN_POINT('',(106.443831407975,-65.4056277027369,4.6));
#12736=CARTESIAN_POINT('Origin',(66.2876504812088,-65.9056277027369,4.6));
#12737=CARTESIAN_POINT('',(218.187650481209,-84.9556277027369,4.6));
#12738=CARTESIAN_POINT('',(218.187650481209,-97.9556277027369,4.6));
#12739=CARTESIAN_POINT('',(218.187650481209,-80.4278136122048,4.6));
#12740=CARTESIAN_POINT('',(218.687650481209,-98.4556277027369,4.6));
#12741=CARTESIAN_POINT('Origin',(218.687650481209,-97.9556277027369,4.6));
#12742=CARTESIAN_POINT('',(231.687650481209,-98.4556277027369,4.6));
#12743=CARTESIAN_POINT('',(189.143831407975,-98.4556277027369,4.6));
#12744=CARTESIAN_POINT('',(232.187650481209,-97.9556277027369,4.6));
#12745=CARTESIAN_POINT('Origin',(231.687650481209,-97.9556277027369,4.6));
#12746=CARTESIAN_POINT('',(232.187650481209,-84.9556277027369,4.6));
#12747=CARTESIAN_POINT('',(232.187650481209,-73.9278136122048,4.6));
#12748=CARTESIAN_POINT('',(231.687650481209,-84.4556277027369,4.6));
#12749=CARTESIAN_POINT('Origin',(231.687650481209,-84.9556277027369,4.6));
#12750=CARTESIAN_POINT('',(218.687650481209,-84.4556277027369,4.6));
#12751=CARTESIAN_POINT('',(182.643831407975,-84.4556277027369,4.6));
#12752=CARTESIAN_POINT('Origin',(218.687650481209,-84.9556277027369,4.6));
#12753=CARTESIAN_POINT('',(41.9751504812088,-65.9056277027369,4.6));
#12754=CARTESIAN_POINT('',(41.9751504812088,-78.9056277027369,4.6));
#12755=CARTESIAN_POINT('',(41.9751504812088,-70.9028136122048,4.6));
#12756=CARTESIAN_POINT('',(42.4751504812088,-79.4056277027369,4.6));
#12757=CARTESIAN_POINT('Origin',(42.4751504812088,-78.9056277027369,4.6));
#12758=CARTESIAN_POINT('',(55.4751504812088,-79.4056277027369,4.6));
#12759=CARTESIAN_POINT('',(101.037581407975,-79.4056277027369,4.6));
#12760=CARTESIAN_POINT('',(55.9751504812088,-78.9056277027369,4.6));
#12761=CARTESIAN_POINT('Origin',(55.4751504812088,-78.9056277027369,4.6));
#12762=CARTESIAN_POINT('',(55.9751504812088,-65.9056277027369,4.6));
#12763=CARTESIAN_POINT('',(55.9751504812088,-64.4028136122048,4.6));
#12764=CARTESIAN_POINT('',(55.4751504812088,-65.4056277027369,4.6));
#12765=CARTESIAN_POINT('Origin',(55.4751504812088,-65.9056277027369,4.6));
#12766=CARTESIAN_POINT('',(42.4751504812088,-65.4056277027369,4.6));
#12767=CARTESIAN_POINT('',(94.5375814079752,-65.4056277027369,4.6));
#12768=CARTESIAN_POINT('Origin',(42.4751504812088,-65.9056277027369,4.6));
#12769=CARTESIAN_POINT('',(56.2626504812088,-46.8556277027369,4.6));
#12770=CARTESIAN_POINT('',(56.2626504812088,-59.8556277027369,4.6));
#12771=CARTESIAN_POINT('',(56.2626504812088,-61.3778136122048,4.6));
#12772=CARTESIAN_POINT('',(56.7626504812088,-60.3556277027369,4.6));
#12773=CARTESIAN_POINT('Origin',(56.7626504812088,-59.8556277027369,4.6));
#12774=CARTESIAN_POINT('',(69.7626504812088,-60.3556277027369,4.6));
#12775=CARTESIAN_POINT('',(108.181331407975,-60.3556277027369,4.6));
#12776=CARTESIAN_POINT('',(70.2626504812088,-59.8556277027369,4.6));
#12777=CARTESIAN_POINT('Origin',(69.7626504812088,-59.8556277027369,4.6));
#12778=CARTESIAN_POINT('',(70.2626504812088,-46.8556277027369,4.6));
#12779=CARTESIAN_POINT('',(70.2626504812088,-54.8778136122048,4.6));
#12780=CARTESIAN_POINT('',(69.7626504812088,-46.3556277027369,4.6));
#12781=CARTESIAN_POINT('Origin',(69.7626504812088,-46.8556277027369,4.6));
#12782=CARTESIAN_POINT('',(56.7626504812088,-46.3556277027369,4.6));
#12783=CARTESIAN_POINT('',(101.681331407975,-46.3556277027369,4.6));
#12784=CARTESIAN_POINT('Origin',(56.7626504812088,-46.8556277027369,4.6));
#12785=CARTESIAN_POINT('',(103.887650481209,-65.9056277027369,4.6));
#12786=CARTESIAN_POINT('',(103.887650481209,-78.9056277027369,4.6));
#12787=CARTESIAN_POINT('',(103.887650481209,-70.9028136122048,4.6));
#12788=CARTESIAN_POINT('',(104.387650481209,-79.4056277027369,4.6));
#12789=CARTESIAN_POINT('Origin',(104.387650481209,-78.9056277027369,4.6));
#12790=CARTESIAN_POINT('',(117.387650481209,-79.4056277027369,4.6));
#12791=CARTESIAN_POINT('',(131.993831407975,-79.4056277027369,4.6));
#12792=CARTESIAN_POINT('',(117.887650481209,-78.9056277027369,4.6));
#12793=CARTESIAN_POINT('Origin',(117.387650481209,-78.9056277027369,4.6));
#12794=CARTESIAN_POINT('',(117.887650481209,-65.9056277027369,4.6));
#12795=CARTESIAN_POINT('',(117.887650481209,-64.4028136122048,4.6));
#12796=CARTESIAN_POINT('',(117.387650481209,-65.4056277027369,4.6));
#12797=CARTESIAN_POINT('Origin',(117.387650481209,-65.9056277027369,4.6));
#12798=CARTESIAN_POINT('',(104.387650481209,-65.4056277027369,4.6));
#12799=CARTESIAN_POINT('',(125.493831407975,-65.4056277027369,4.6));
#12800=CARTESIAN_POINT('Origin',(104.387650481209,-65.9056277027369,4.6));
#12801=CARTESIAN_POINT('',(113.412650481209,-46.8556277027369,4.6));
#12802=CARTESIAN_POINT('',(113.412650481209,-59.8556277027369,4.6));
#12803=CARTESIAN_POINT('',(113.412650481209,-61.3778136122048,4.6));
#12804=CARTESIAN_POINT('',(113.912650481209,-60.3556277027369,4.6));
#12805=CARTESIAN_POINT('Origin',(113.912650481209,-59.8556277027369,4.6));
#12806=CARTESIAN_POINT('',(126.912650481209,-60.3556277027369,4.6));
#12807=CARTESIAN_POINT('',(136.756331407975,-60.3556277027369,4.6));
#12808=CARTESIAN_POINT('',(127.412650481209,-59.8556277027369,4.6));
#12809=CARTESIAN_POINT('Origin',(126.912650481209,-59.8556277027369,4.6));
#12810=CARTESIAN_POINT('',(127.412650481209,-46.8556277027369,4.6));
#12811=CARTESIAN_POINT('',(127.412650481209,-54.8778136122048,4.6));
#12812=CARTESIAN_POINT('',(126.912650481209,-46.3556277027369,4.6));
#12813=CARTESIAN_POINT('Origin',(126.912650481209,-46.8556277027369,4.6));
#12814=CARTESIAN_POINT('',(113.912650481209,-46.3556277027369,4.6));
#12815=CARTESIAN_POINT('',(130.256331407975,-46.3556277027369,4.6));
#12816=CARTESIAN_POINT('Origin',(113.912650481209,-46.8556277027369,4.6));
#12817=CARTESIAN_POINT('',(127.700150481209,-27.8056277027369,4.6));
#12818=CARTESIAN_POINT('',(127.700150481209,-40.8056277027369,4.6));
#12819=CARTESIAN_POINT('',(127.700150481209,-51.8528136122048,4.6));
#12820=CARTESIAN_POINT('',(128.200150481209,-41.3056277027369,4.6));
#12821=CARTESIAN_POINT('Origin',(128.200150481209,-40.8056277027369,4.6));
#12822=CARTESIAN_POINT('',(141.200150481209,-41.3056277027369,4.6));
#12823=CARTESIAN_POINT('',(143.900081407975,-41.3056277027369,4.6));
#12824=CARTESIAN_POINT('',(141.700150481209,-40.8056277027369,4.6));
#12825=CARTESIAN_POINT('Origin',(141.200150481209,-40.8056277027369,4.6));
#12826=CARTESIAN_POINT('',(141.700150481209,-27.8056277027369,4.6));
#12827=CARTESIAN_POINT('',(141.700150481209,-45.3528136122048,4.6));
#12828=CARTESIAN_POINT('',(141.200150481209,-27.3056277027369,4.6));
#12829=CARTESIAN_POINT('Origin',(141.200150481209,-27.8056277027369,4.6));
#12830=CARTESIAN_POINT('',(128.200150481209,-27.3056277027369,4.6));
#12831=CARTESIAN_POINT('',(137.400081407975,-27.3056277027369,4.6));
#12832=CARTESIAN_POINT('Origin',(128.200150481209,-27.8056277027369,4.6));
#12833=CARTESIAN_POINT('',(180.087650481209,-65.9056277027369,4.6));
#12834=CARTESIAN_POINT('',(180.087650481209,-78.9056277027369,4.6));
#12835=CARTESIAN_POINT('',(180.087650481209,-70.9028136122048,4.6));
#12836=CARTESIAN_POINT('',(180.587650481209,-79.4056277027369,4.6));
#12837=CARTESIAN_POINT('Origin',(180.587650481209,-78.9056277027369,4.6));
#12838=CARTESIAN_POINT('',(193.587650481209,-79.4056277027369,4.6));
#12839=CARTESIAN_POINT('',(170.093831407975,-79.4056277027369,4.6));
#12840=CARTESIAN_POINT('',(194.087650481209,-78.9056277027369,4.6));
#12841=CARTESIAN_POINT('Origin',(193.587650481209,-78.9056277027369,4.6));
#12842=CARTESIAN_POINT('',(194.087650481209,-65.9056277027369,4.6));
#12843=CARTESIAN_POINT('',(194.087650481209,-64.4028136122048,4.6));
#12844=CARTESIAN_POINT('',(193.587650481209,-65.4056277027369,4.6));
#12845=CARTESIAN_POINT('Origin',(193.587650481209,-65.9056277027369,4.6));
#12846=CARTESIAN_POINT('',(180.587650481209,-65.4056277027369,4.6));
#12847=CARTESIAN_POINT('',(163.593831407975,-65.4056277027369,4.6));
#12848=CARTESIAN_POINT('Origin',(180.587650481209,-65.9056277027369,4.6));
#12849=CARTESIAN_POINT('',(189.612650481209,-46.8556277027369,4.6));
#12850=CARTESIAN_POINT('',(189.612650481209,-59.8556277027369,4.6));
#12851=CARTESIAN_POINT('',(189.612650481209,-61.3778136122048,4.6));
#12852=CARTESIAN_POINT('',(190.112650481209,-60.3556277027369,4.6));
#12853=CARTESIAN_POINT('Origin',(190.112650481209,-59.8556277027369,4.6));
#12854=CARTESIAN_POINT('',(203.112650481209,-60.3556277027369,4.6));
#12855=CARTESIAN_POINT('',(174.856331407975,-60.3556277027369,4.6));
#12856=CARTESIAN_POINT('',(203.612650481209,-59.8556277027369,4.6));
#12857=CARTESIAN_POINT('Origin',(203.112650481209,-59.8556277027369,4.6));
#12858=CARTESIAN_POINT('',(203.612650481209,-46.8556277027369,4.6));
#12859=CARTESIAN_POINT('',(203.612650481209,-54.8778136122048,4.6));
#12860=CARTESIAN_POINT('',(203.112650481209,-46.3556277027369,4.6));
#12861=CARTESIAN_POINT('Origin',(203.112650481209,-46.8556277027369,4.6));
#12862=CARTESIAN_POINT('',(190.112650481209,-46.3556277027369,4.6));
#12863=CARTESIAN_POINT('',(168.356331407975,-46.3556277027369,4.6));
#12864=CARTESIAN_POINT('Origin',(190.112650481209,-46.8556277027369,4.6));
#12865=CARTESIAN_POINT('',(246.762650481209,-46.8556277027369,4.6));
#12866=CARTESIAN_POINT('',(246.762650481209,-59.8556277027369,4.6));
#12867=CARTESIAN_POINT('',(246.762650481209,-61.3778136122048,4.6));
#12868=CARTESIAN_POINT('',(247.262650481209,-60.3556277027369,4.6));
#12869=CARTESIAN_POINT('Origin',(247.262650481209,-59.8556277027369,4.6));
#12870=CARTESIAN_POINT('',(260.262650481209,-60.3556277027369,4.6));
#12871=CARTESIAN_POINT('',(203.431331407975,-60.3556277027369,4.6));
#12872=CARTESIAN_POINT('',(260.762650481209,-59.8556277027369,4.6));
#12873=CARTESIAN_POINT('Origin',(260.262650481209,-59.8556277027369,4.6));
#12874=CARTESIAN_POINT('',(260.762650481209,-46.8556277027369,4.6));
#12875=CARTESIAN_POINT('',(260.762650481209,-54.8778136122048,4.6));
#12876=CARTESIAN_POINT('',(260.262650481209,-46.3556277027369,4.6));
#12877=CARTESIAN_POINT('Origin',(260.262650481209,-46.8556277027369,4.6));
#12878=CARTESIAN_POINT('',(247.262650481209,-46.3556277027369,4.6));
#12879=CARTESIAN_POINT('',(196.931331407975,-46.3556277027369,4.6));
#12880=CARTESIAN_POINT('Origin',(247.262650481209,-46.8556277027369,4.6));
#12881=CARTESIAN_POINT('',(208.662650481209,-46.8556277027369,4.6));
#12882=CARTESIAN_POINT('',(208.662650481209,-59.8556277027369,4.6));
#12883=CARTESIAN_POINT('',(208.662650481209,-61.3778136122048,4.6));
#12884=CARTESIAN_POINT('',(209.162650481209,-60.3556277027369,4.6));
#12885=CARTESIAN_POINT('Origin',(209.162650481209,-59.8556277027369,4.6));
#12886=CARTESIAN_POINT('',(222.162650481209,-60.3556277027369,4.6));
#12887=CARTESIAN_POINT('',(184.381331407975,-60.3556277027369,4.6));
#12888=CARTESIAN_POINT('',(222.662650481209,-59.8556277027369,4.6));
#12889=CARTESIAN_POINT('Origin',(222.162650481209,-59.8556277027369,4.6));
#12890=CARTESIAN_POINT('',(222.662650481209,-46.8556277027369,4.6));
#12891=CARTESIAN_POINT('',(222.662650481209,-54.8778136122048,4.6));
#12892=CARTESIAN_POINT('',(222.162650481209,-46.3556277027369,4.6));
#12893=CARTESIAN_POINT('Origin',(222.162650481209,-46.8556277027369,4.6));
#12894=CARTESIAN_POINT('',(209.162650481209,-46.3556277027369,4.6));
#12895=CARTESIAN_POINT('',(177.881331407975,-46.3556277027369,4.6));
#12896=CARTESIAN_POINT('Origin',(209.162650481209,-46.8556277027369,4.6));
#12897=CARTESIAN_POINT('',(222.950150481209,-27.8056277027369,4.6));
#12898=CARTESIAN_POINT('',(222.950150481209,-40.8056277027369,4.6));
#12899=CARTESIAN_POINT('',(222.950150481209,-51.8528136122048,4.6));
#12900=CARTESIAN_POINT('',(223.450150481209,-41.3056277027369,4.6));
#12901=CARTESIAN_POINT('Origin',(223.450150481209,-40.8056277027369,4.6));
#12902=CARTESIAN_POINT('',(236.450150481209,-41.3056277027369,4.6));
#12903=CARTESIAN_POINT('',(191.525081407975,-41.3056277027369,4.6));
#12904=CARTESIAN_POINT('',(236.950150481209,-40.8056277027369,4.6));
#12905=CARTESIAN_POINT('Origin',(236.450150481209,-40.8056277027369,4.6));
#12906=CARTESIAN_POINT('',(236.950150481209,-27.8056277027369,4.6));
#12907=CARTESIAN_POINT('',(236.950150481209,-45.3528136122048,4.6));
#12908=CARTESIAN_POINT('',(236.450150481209,-27.3056277027369,4.6));
#12909=CARTESIAN_POINT('Origin',(236.450150481209,-27.8056277027369,4.6));
#12910=CARTESIAN_POINT('',(223.450150481209,-27.3056277027369,4.6));
#12911=CARTESIAN_POINT('',(185.025081407975,-27.3056277027369,4.6));
#12912=CARTESIAN_POINT('Origin',(223.450150481209,-27.8056277027369,4.6));
#12913=CARTESIAN_POINT('',(218.187650481209,-65.9056277027369,4.6));
#12914=CARTESIAN_POINT('',(218.187650481209,-78.9056277027369,4.6));
#12915=CARTESIAN_POINT('',(218.187650481209,-70.9028136122048,4.6));
#12916=CARTESIAN_POINT('',(218.687650481209,-79.4056277027369,4.6));
#12917=CARTESIAN_POINT('Origin',(218.687650481209,-78.9056277027369,4.6));
#12918=CARTESIAN_POINT('',(231.687650481209,-79.4056277027369,4.6));
#12919=CARTESIAN_POINT('',(189.143831407975,-79.4056277027369,4.6));
#12920=CARTESIAN_POINT('',(232.187650481209,-78.9056277027369,4.6));
#12921=CARTESIAN_POINT('Origin',(231.687650481209,-78.9056277027369,4.6));
#12922=CARTESIAN_POINT('',(232.187650481209,-65.9056277027369,4.6));
#12923=CARTESIAN_POINT('',(232.187650481209,-64.4028136122048,4.6));
#12924=CARTESIAN_POINT('',(231.687650481209,-65.4056277027369,4.6));
#12925=CARTESIAN_POINT('Origin',(231.687650481209,-65.9056277027369,4.6));
#12926=CARTESIAN_POINT('',(218.687650481209,-65.4056277027369,4.6));
#12927=CARTESIAN_POINT('',(182.643831407975,-65.4056277027369,4.6));
#12928=CARTESIAN_POINT('Origin',(218.687650481209,-65.9056277027369,4.6));
#12929=CARTESIAN_POINT('',(165.800150481209,-27.8056277027369,4.6));
#12930=CARTESIAN_POINT('',(165.800150481209,-40.8056277027369,4.6));
#12931=CARTESIAN_POINT('',(165.800150481209,-51.8528136122048,4.6));
#12932=CARTESIAN_POINT('',(166.300150481209,-41.3056277027369,4.6));
#12933=CARTESIAN_POINT('Origin',(166.300150481209,-40.8056277027369,4.6));
#12934=CARTESIAN_POINT('',(179.300150481209,-41.3056277027369,4.6));
#12935=CARTESIAN_POINT('',(162.950081407975,-41.3056277027369,4.6));
#12936=CARTESIAN_POINT('',(179.800150481209,-40.8056277027369,4.6));
#12937=CARTESIAN_POINT('Origin',(179.300150481209,-40.8056277027369,4.6));
#12938=CARTESIAN_POINT('',(179.800150481209,-27.8056277027369,4.6));
#12939=CARTESIAN_POINT('',(179.800150481209,-45.3528136122048,4.6));
#12940=CARTESIAN_POINT('',(179.300150481209,-27.3056277027369,4.6));
#12941=CARTESIAN_POINT('Origin',(179.300150481209,-27.8056277027369,4.6));
#12942=CARTESIAN_POINT('',(166.300150481209,-27.3056277027369,4.6));
#12943=CARTESIAN_POINT('',(156.450081407975,-27.3056277027369,4.6));
#12944=CARTESIAN_POINT('Origin',(166.300150481209,-27.8056277027369,4.6));
#12945=CARTESIAN_POINT('',(151.512650481209,-46.8556277027369,4.6));
#12946=CARTESIAN_POINT('',(151.512650481209,-59.8556277027369,4.6));
#12947=CARTESIAN_POINT('',(151.512650481209,-61.3778136122048,4.6));
#12948=CARTESIAN_POINT('',(152.012650481209,-60.3556277027369,4.6));
#12949=CARTESIAN_POINT('Origin',(152.012650481209,-59.8556277027369,4.6));
#12950=CARTESIAN_POINT('',(165.012650481209,-60.3556277027369,4.6));
#12951=CARTESIAN_POINT('',(155.806331407975,-60.3556277027369,4.6));
#12952=CARTESIAN_POINT('',(165.512650481209,-59.8556277027369,4.6));
#12953=CARTESIAN_POINT('Origin',(165.012650481209,-59.8556277027369,4.6));
#12954=CARTESIAN_POINT('',(165.512650481209,-46.8556277027369,4.6));
#12955=CARTESIAN_POINT('',(165.512650481209,-54.8778136122048,4.6));
#12956=CARTESIAN_POINT('',(165.012650481209,-46.3556277027369,4.6));
#12957=CARTESIAN_POINT('Origin',(165.012650481209,-46.8556277027369,4.6));
#12958=CARTESIAN_POINT('',(152.012650481209,-46.3556277027369,4.6));
#12959=CARTESIAN_POINT('',(149.306331407975,-46.3556277027369,4.6));
#12960=CARTESIAN_POINT('Origin',(152.012650481209,-46.8556277027369,4.6));
#12961=CARTESIAN_POINT('',(141.987650481209,-65.9056277027369,4.6));
#12962=CARTESIAN_POINT('',(141.987650481209,-78.9056277027369,4.6));
#12963=CARTESIAN_POINT('',(141.987650481209,-70.9028136122048,4.6));
#12964=CARTESIAN_POINT('',(142.487650481209,-79.4056277027369,4.6));
#12965=CARTESIAN_POINT('Origin',(142.487650481209,-78.9056277027369,4.6));
#12966=CARTESIAN_POINT('',(155.487650481209,-79.4056277027369,4.6));
#12967=CARTESIAN_POINT('',(151.043831407975,-79.4056277027369,4.6));
#12968=CARTESIAN_POINT('',(155.987650481209,-78.9056277027369,4.6));
#12969=CARTESIAN_POINT('Origin',(155.487650481209,-78.9056277027369,4.6));
#12970=CARTESIAN_POINT('',(155.987650481209,-65.9056277027369,4.6));
#12971=CARTESIAN_POINT('',(155.987650481209,-64.4028136122048,4.6));
#12972=CARTESIAN_POINT('',(155.487650481209,-65.4056277027369,4.6));
#12973=CARTESIAN_POINT('Origin',(155.487650481209,-65.9056277027369,4.6));
#12974=CARTESIAN_POINT('',(142.487650481209,-65.4056277027369,4.6));
#12975=CARTESIAN_POINT('',(144.543831407975,-65.4056277027369,4.6));
#12976=CARTESIAN_POINT('Origin',(142.487650481209,-65.9056277027369,4.6));
#12977=CARTESIAN_POINT('',(89.6001504812088,-27.8056277027369,4.6));
#12978=CARTESIAN_POINT('',(89.6001504812088,-40.8056277027369,4.6));
#12979=CARTESIAN_POINT('',(89.6001504812088,-51.8528136122048,4.6));
#12980=CARTESIAN_POINT('',(90.1001504812088,-41.3056277027369,4.6));
#12981=CARTESIAN_POINT('Origin',(90.1001504812088,-40.8056277027369,4.6));
#12982=CARTESIAN_POINT('',(103.100150481209,-41.3056277027369,4.6));
#12983=CARTESIAN_POINT('',(124.850081407975,-41.3056277027369,4.6));
#12984=CARTESIAN_POINT('',(103.600150481209,-40.8056277027369,4.6));
#12985=CARTESIAN_POINT('Origin',(103.100150481209,-40.8056277027369,4.6));
#12986=CARTESIAN_POINT('',(103.600150481209,-27.8056277027369,4.6));
#12987=CARTESIAN_POINT('',(103.600150481209,-45.3528136122048,4.6));
#12988=CARTESIAN_POINT('',(103.100150481209,-27.3056277027369,4.6));
#12989=CARTESIAN_POINT('Origin',(103.100150481209,-27.8056277027369,4.6));
#12990=CARTESIAN_POINT('',(90.1001504812088,-27.3056277027369,4.6));
#12991=CARTESIAN_POINT('',(118.350081407975,-27.3056277027369,4.6));
#12992=CARTESIAN_POINT('Origin',(90.1001504812088,-27.8056277027369,4.6));
#12993=CARTESIAN_POINT('',(75.3126504812088,-46.8556277027369,4.6));
#12994=CARTESIAN_POINT('',(75.3126504812088,-59.8556277027369,4.6));
#12995=CARTESIAN_POINT('',(75.3126504812088,-61.3778136122048,4.6));
#12996=CARTESIAN_POINT('',(75.8126504812088,-60.3556277027369,4.6));
#12997=CARTESIAN_POINT('Origin',(75.8126504812088,-59.8556277027369,4.6));
#12998=CARTESIAN_POINT('',(88.8126504812088,-60.3556277027369,4.6));
#12999=CARTESIAN_POINT('',(117.706331407975,-60.3556277027369,4.6));
#13000=CARTESIAN_POINT('',(89.3126504812088,-59.8556277027369,4.6));
#13001=CARTESIAN_POINT('Origin',(88.8126504812088,-59.8556277027369,4.6));
#13002=CARTESIAN_POINT('',(89.3126504812088,-46.8556277027369,4.6));
#13003=CARTESIAN_POINT('',(89.3126504812088,-54.8778136122048,4.6));
#13004=CARTESIAN_POINT('',(88.8126504812088,-46.3556277027369,4.6));
#13005=CARTESIAN_POINT('Origin',(88.8126504812088,-46.8556277027369,4.6));
#13006=CARTESIAN_POINT('',(75.8126504812088,-46.3556277027369,4.6));
#13007=CARTESIAN_POINT('',(111.206331407975,-46.3556277027369,4.6));
#13008=CARTESIAN_POINT('Origin',(75.8126504812088,-46.8556277027369,4.6));
#13009=CARTESIAN_POINT('',(32.4501504812088,-27.8056277027369,4.6));
#13010=CARTESIAN_POINT('',(32.4501504812088,-40.8056277027369,4.6));
#13011=CARTESIAN_POINT('',(32.4501504812088,-51.8528136122048,4.6));
#13012=CARTESIAN_POINT('',(32.9501504812088,-41.3056277027369,4.6));
#13013=CARTESIAN_POINT('Origin',(32.9501504812088,-40.8056277027369,4.6));
#13014=CARTESIAN_POINT('',(45.9501504812088,-41.3056277027369,4.6));
#13015=CARTESIAN_POINT('',(96.2750814079752,-41.3056277027369,4.6));
#13016=CARTESIAN_POINT('',(46.4501504812088,-40.8056277027369,4.6));
#13017=CARTESIAN_POINT('Origin',(45.9501504812088,-40.8056277027369,4.6));
#13018=CARTESIAN_POINT('',(46.4501504812088,-27.8056277027369,4.6));
#13019=CARTESIAN_POINT('',(46.4501504812088,-45.3528136122048,4.6));
#13020=CARTESIAN_POINT('',(45.9501504812088,-27.3056277027369,4.6));
#13021=CARTESIAN_POINT('Origin',(45.9501504812088,-27.8056277027369,4.6));
#13022=CARTESIAN_POINT('',(32.9501504812088,-27.3056277027369,4.6));
#13023=CARTESIAN_POINT('',(89.7750814079752,-27.3056277027369,4.6));
#13024=CARTESIAN_POINT('Origin',(32.9501504812088,-27.8056277027369,4.6));
#13025=CARTESIAN_POINT('',(61.0251504812088,-84.9556277027369,4.6));
#13026=CARTESIAN_POINT('',(61.0251504812088,-97.9556277027369,4.6));
#13027=CARTESIAN_POINT('',(61.0251504812088,-80.4278136122048,4.6));
#13028=CARTESIAN_POINT('',(61.5251504812088,-98.4556277027369,4.6));
#13029=CARTESIAN_POINT('Origin',(61.5251504812088,-97.9556277027369,4.6));
#13030=CARTESIAN_POINT('',(74.5251504812088,-98.4556277027369,4.6));
#13031=CARTESIAN_POINT('',(110.562581407975,-98.4556277027369,4.6));
#13032=CARTESIAN_POINT('',(75.0251504812088,-97.9556277027369,4.6));
#13033=CARTESIAN_POINT('Origin',(74.5251504812088,-97.9556277027369,4.6));
#13034=CARTESIAN_POINT('',(75.0251504812088,-84.9556277027369,4.6));
#13035=CARTESIAN_POINT('',(75.0251504812088,-73.9278136122048,4.6));
#13036=CARTESIAN_POINT('',(74.5251504812088,-84.4556277027369,4.6));
#13037=CARTESIAN_POINT('Origin',(74.5251504812088,-84.9556277027369,4.6));
#13038=CARTESIAN_POINT('',(61.5251504812088,-84.4556277027369,4.6));
#13039=CARTESIAN_POINT('',(104.062581407975,-84.4556277027369,4.6));
#13040=CARTESIAN_POINT('Origin',(61.5251504812088,-84.9556277027369,4.6));
#13041=CARTESIAN_POINT('',(34.8314004812088,-46.8556277027369,4.6));
#13042=CARTESIAN_POINT('',(34.8314004812088,-59.8556277027369,4.6));
#13043=CARTESIAN_POINT('',(34.8314004812088,-61.3778136122048,4.6));
#13044=CARTESIAN_POINT('',(35.3314004812088,-60.3556277027369,4.6));
#13045=CARTESIAN_POINT('Origin',(35.3314004812088,-59.8556277027369,4.6));
#13046=CARTESIAN_POINT('',(48.3314004812088,-60.3556277027369,4.6));
#13047=CARTESIAN_POINT('',(97.4657064079752,-60.3556277027369,4.6));
#13048=CARTESIAN_POINT('',(48.8314004812088,-59.8556277027369,4.6));
#13049=CARTESIAN_POINT('Origin',(48.3314004812088,-59.8556277027369,4.6));
#13050=CARTESIAN_POINT('',(48.8314004812088,-46.8556277027369,4.6));
#13051=CARTESIAN_POINT('',(48.8314004812088,-54.8778136122048,4.6));
#13052=CARTESIAN_POINT('',(48.3314004812088,-46.3556277027369,4.6));
#13053=CARTESIAN_POINT('Origin',(48.3314004812088,-46.8556277027369,4.6));
#13054=CARTESIAN_POINT('',(35.3314004812088,-46.3556277027369,4.6));
#13055=CARTESIAN_POINT('',(90.9657064079752,-46.3556277027369,4.6));
#13056=CARTESIAN_POINT('Origin',(35.3314004812088,-46.8556277027369,4.6));
#13057=CARTESIAN_POINT('',(70.5501504812088,-27.8056277027369,4.6));
#13058=CARTESIAN_POINT('',(70.5501504812088,-40.8056277027369,4.6));
#13059=CARTESIAN_POINT('',(70.5501504812088,-51.8528136122048,4.6));
#13060=CARTESIAN_POINT('',(71.0501504812088,-41.3056277027369,4.6));
#13061=CARTESIAN_POINT('Origin',(71.0501504812088,-40.8056277027369,4.6));
#13062=CARTESIAN_POINT('',(84.0501504812088,-41.3056277027369,4.6));
#13063=CARTESIAN_POINT('',(115.325081407975,-41.3056277027369,4.6));
#13064=CARTESIAN_POINT('',(84.5501504812088,-40.8056277027369,4.6));
#13065=CARTESIAN_POINT('Origin',(84.0501504812088,-40.8056277027369,4.6));
#13066=CARTESIAN_POINT('',(84.5501504812088,-27.8056277027369,4.6));
#13067=CARTESIAN_POINT('',(84.5501504812088,-45.3528136122048,4.6));
#13068=CARTESIAN_POINT('',(84.0501504812088,-27.3056277027369,4.6));
#13069=CARTESIAN_POINT('Origin',(84.0501504812088,-27.8056277027369,4.6));
#13070=CARTESIAN_POINT('',(71.0501504812088,-27.3056277027369,4.6));
#13071=CARTESIAN_POINT('',(108.825081407975,-27.3056277027369,4.6));
#13072=CARTESIAN_POINT('Origin',(71.0501504812088,-27.8056277027369,4.6));
#13073=CARTESIAN_POINT('',(94.3626504812088,-46.8556277027369,4.6));
#13074=CARTESIAN_POINT('',(94.3626504812088,-59.8556277027369,4.6));
#13075=CARTESIAN_POINT('',(94.3626504812088,-61.3778136122048,4.6));
#13076=CARTESIAN_POINT('',(94.8626504812088,-60.3556277027369,4.6));
#13077=CARTESIAN_POINT('Origin',(94.8626504812088,-59.8556277027369,4.6));
#13078=CARTESIAN_POINT('',(107.862650481209,-60.3556277027369,4.6));
#13079=CARTESIAN_POINT('',(127.231331407975,-60.3556277027369,4.6));
#13080=CARTESIAN_POINT('',(108.362650481209,-59.8556277027369,4.6));
#13081=CARTESIAN_POINT('Origin',(107.862650481209,-59.8556277027369,4.6));
#13082=CARTESIAN_POINT('',(108.362650481209,-46.8556277027369,4.6));
#13083=CARTESIAN_POINT('',(108.362650481209,-54.8778136122048,4.6));
#13084=CARTESIAN_POINT('',(107.862650481209,-46.3556277027369,4.6));
#13085=CARTESIAN_POINT('Origin',(107.862650481209,-46.8556277027369,4.6));
#13086=CARTESIAN_POINT('',(94.8626504812088,-46.3556277027369,4.6));
#13087=CARTESIAN_POINT('',(120.731331407975,-46.3556277027369,4.6));
#13088=CARTESIAN_POINT('Origin',(94.8626504812088,-46.8556277027369,4.6));
#13089=CARTESIAN_POINT('',(122.937650481209,-65.9056277027369,4.6));
#13090=CARTESIAN_POINT('',(122.937650481209,-78.9056277027369,4.6));
#13091=CARTESIAN_POINT('',(122.937650481209,-70.9028136122048,4.6));
#13092=CARTESIAN_POINT('',(123.437650481209,-79.4056277027369,4.6));
#13093=CARTESIAN_POINT('Origin',(123.437650481209,-78.9056277027369,4.6));
#13094=CARTESIAN_POINT('',(136.437650481209,-79.4056277027369,4.6));
#13095=CARTESIAN_POINT('',(141.518831407975,-79.4056277027369,4.6));
#13096=CARTESIAN_POINT('',(136.937650481209,-78.9056277027369,4.6));
#13097=CARTESIAN_POINT('Origin',(136.437650481209,-78.9056277027369,4.6));
#13098=CARTESIAN_POINT('',(136.937650481209,-65.9056277027369,4.6));
#13099=CARTESIAN_POINT('',(136.937650481209,-64.4028136122048,4.6));
#13100=CARTESIAN_POINT('',(136.437650481209,-65.4056277027369,4.6));
#13101=CARTESIAN_POINT('Origin',(136.437650481209,-65.9056277027369,4.6));
#13102=CARTESIAN_POINT('',(123.437650481209,-65.4056277027369,4.6));
#13103=CARTESIAN_POINT('',(135.018831407975,-65.4056277027369,4.6));
#13104=CARTESIAN_POINT('Origin',(123.437650481209,-65.9056277027369,4.6));
#13105=CARTESIAN_POINT('',(146.750150481209,-27.8056277027369,4.6));
#13106=CARTESIAN_POINT('',(146.750150481209,-40.8056277027369,4.6));
#13107=CARTESIAN_POINT('',(146.750150481209,-51.8528136122048,4.6));
#13108=CARTESIAN_POINT('',(147.250150481209,-41.3056277027369,4.6));
#13109=CARTESIAN_POINT('Origin',(147.250150481209,-40.8056277027369,4.6));
#13110=CARTESIAN_POINT('',(160.250150481209,-41.3056277027369,4.6));
#13111=CARTESIAN_POINT('',(153.425081407975,-41.3056277027369,4.6));
#13112=CARTESIAN_POINT('',(160.750150481209,-40.8056277027369,4.6));
#13113=CARTESIAN_POINT('Origin',(160.250150481209,-40.8056277027369,4.6));
#13114=CARTESIAN_POINT('',(160.750150481209,-27.8056277027369,4.6));
#13115=CARTESIAN_POINT('',(160.750150481209,-45.3528136122048,4.6));
#13116=CARTESIAN_POINT('',(160.250150481209,-27.3056277027369,4.6));
#13117=CARTESIAN_POINT('Origin',(160.250150481209,-27.8056277027369,4.6));
#13118=CARTESIAN_POINT('',(147.250150481209,-27.3056277027369,4.6));
#13119=CARTESIAN_POINT('',(146.925081407975,-27.3056277027369,4.6));
#13120=CARTESIAN_POINT('Origin',(147.250150481209,-27.8056277027369,4.6));
#13121=CARTESIAN_POINT('',(170.562650481209,-46.8556277027369,4.6));
#13122=CARTESIAN_POINT('',(170.562650481209,-59.8556277027369,4.6));
#13123=CARTESIAN_POINT('',(170.562650481209,-61.3778136122048,4.6));
#13124=CARTESIAN_POINT('',(171.062650481209,-60.3556277027369,4.6));
#13125=CARTESIAN_POINT('Origin',(171.062650481209,-59.8556277027369,4.6));
#13126=CARTESIAN_POINT('',(184.062650481209,-60.3556277027369,4.6));
#13127=CARTESIAN_POINT('',(165.331331407975,-60.3556277027369,4.6));
#13128=CARTESIAN_POINT('',(184.562650481209,-59.8556277027369,4.6));
#13129=CARTESIAN_POINT('Origin',(184.062650481209,-59.8556277027369,4.6));
#13130=CARTESIAN_POINT('',(184.562650481209,-46.8556277027369,4.6));
#13131=CARTESIAN_POINT('',(184.562650481209,-54.8778136122048,4.6));
#13132=CARTESIAN_POINT('',(184.062650481209,-46.3556277027369,4.6));
#13133=CARTESIAN_POINT('Origin',(184.062650481209,-46.8556277027369,4.6));
#13134=CARTESIAN_POINT('',(171.062650481209,-46.3556277027369,4.6));
#13135=CARTESIAN_POINT('',(158.831331407975,-46.3556277027369,4.6));
#13136=CARTESIAN_POINT('Origin',(171.062650481209,-46.8556277027369,4.6));
#13137=CARTESIAN_POINT('',(199.137650481209,-65.9056277027369,4.6));
#13138=CARTESIAN_POINT('',(199.137650481209,-78.9056277027369,4.6));
#13139=CARTESIAN_POINT('',(199.137650481209,-70.9028136122048,4.6));
#13140=CARTESIAN_POINT('',(199.637650481209,-79.4056277027369,4.6));
#13141=CARTESIAN_POINT('Origin',(199.637650481209,-78.9056277027369,4.6));
#13142=CARTESIAN_POINT('',(212.637650481209,-79.4056277027369,4.6));
#13143=CARTESIAN_POINT('',(179.618831407975,-79.4056277027369,4.6));
#13144=CARTESIAN_POINT('',(213.137650481209,-78.9056277027369,4.6));
#13145=CARTESIAN_POINT('Origin',(212.637650481209,-78.9056277027369,4.6));
#13146=CARTESIAN_POINT('',(213.137650481209,-65.9056277027369,4.6));
#13147=CARTESIAN_POINT('',(213.137650481209,-64.4028136122048,4.6));
#13148=CARTESIAN_POINT('',(212.637650481209,-65.4056277027369,4.6));
#13149=CARTESIAN_POINT('Origin',(212.637650481209,-65.9056277027369,4.6));
#13150=CARTESIAN_POINT('',(199.637650481209,-65.4056277027369,4.6));
#13151=CARTESIAN_POINT('',(173.118831407975,-65.4056277027369,4.6));
#13152=CARTESIAN_POINT('Origin',(199.637650481209,-65.9056277027369,4.6));
#13153=CARTESIAN_POINT('',(244.381400481209,-27.8056277027369,4.6));
#13154=CARTESIAN_POINT('',(244.381400481209,-40.8056277027369,4.6));
#13155=CARTESIAN_POINT('',(244.381400481209,-51.8528136122048,4.6));
#13156=CARTESIAN_POINT('',(244.881400481209,-41.3056277027369,4.6));
#13157=CARTESIAN_POINT('Origin',(244.881400481209,-40.8056277027369,4.6));
#13158=CARTESIAN_POINT('',(257.881400481209,-41.3056277027369,4.6));
#13159=CARTESIAN_POINT('',(202.240706407975,-41.3056277027369,4.6));
#13160=CARTESIAN_POINT('',(258.381400481209,-40.8056277027369,4.6));
#13161=CARTESIAN_POINT('Origin',(257.881400481209,-40.8056277027369,4.6));
#13162=CARTESIAN_POINT('',(258.381400481209,-27.8056277027369,4.6));
#13163=CARTESIAN_POINT('',(258.381400481209,-45.3528136122048,4.6));
#13164=CARTESIAN_POINT('',(257.881400481209,-27.3056277027369,4.6));
#13165=CARTESIAN_POINT('Origin',(257.881400481209,-27.8056277027369,4.6));
#13166=CARTESIAN_POINT('',(244.881400481209,-27.3056277027369,4.6));
#13167=CARTESIAN_POINT('',(195.740706407975,-27.3056277027369,4.6));
#13168=CARTESIAN_POINT('Origin',(244.881400481209,-27.8056277027369,4.6));
#13169=CARTESIAN_POINT('',(203.900150481209,-27.8056277027369,4.6));
#13170=CARTESIAN_POINT('',(203.900150481209,-40.8056277027369,4.6));
#13171=CARTESIAN_POINT('',(203.900150481209,-51.8528136122048,4.6));
#13172=CARTESIAN_POINT('',(204.400150481209,-41.3056277027369,4.6));
#13173=CARTESIAN_POINT('Origin',(204.400150481209,-40.8056277027369,4.6));
#13174=CARTESIAN_POINT('',(217.400150481209,-41.3056277027369,4.6));
#13175=CARTESIAN_POINT('',(182.000081407975,-41.3056277027369,4.6));
#13176=CARTESIAN_POINT('',(217.900150481209,-40.8056277027369,4.6));
#13177=CARTESIAN_POINT('Origin',(217.400150481209,-40.8056277027369,4.6));
#13178=CARTESIAN_POINT('',(217.900150481209,-27.8056277027369,4.6));
#13179=CARTESIAN_POINT('',(217.900150481209,-45.3528136122048,4.6));
#13180=CARTESIAN_POINT('',(217.400150481209,-27.3056277027369,4.6));
#13181=CARTESIAN_POINT('Origin',(217.400150481209,-27.8056277027369,4.6));
#13182=CARTESIAN_POINT('',(204.400150481209,-27.3056277027369,4.6));
#13183=CARTESIAN_POINT('',(175.500081407975,-27.3056277027369,4.6));
#13184=CARTESIAN_POINT('Origin',(204.400150481209,-27.8056277027369,4.6));
#13185=CARTESIAN_POINT('',(87.4324004812088,-98.0596277027369,4.6));
#13186=CARTESIAN_POINT('Origin',(87.4324004812088,-98.5596277027369,4.6));
#13187=CARTESIAN_POINT('',(91.4804004812088,-98.0596277027369,4.6));
#13188=CARTESIAN_POINT('Origin',(91.4804004812088,-98.5596277027369,4.6));
#13189=CARTESIAN_POINT('',(92.2838004812088,-98.0596277027369,4.6));
#13190=CARTESIAN_POINT('',(92.2838004812088,-98.0596277027369,4.6));
#13191=CARTESIAN_POINT('',(92.7838004812088,-97.5596277027369,4.6));
#13192=CARTESIAN_POINT('Origin',(92.2838004812088,-97.5596277027369,4.6));
#13193=CARTESIAN_POINT('',(92.7838004812088,-94.2556277027369,4.6));
#13194=CARTESIAN_POINT('',(92.7838004812088,-94.2556277027369,4.6));
#13195=CARTESIAN_POINT('',(93.2838004812088,-93.7556277027369,4.6));
#13196=CARTESIAN_POINT('Origin',(93.2838004812088,-94.2556277027369,4.6));
#13197=CARTESIAN_POINT('',(143.103206407975,-93.7556277027369,4.6));
#13198=CARTESIAN_POINT('',(140.106400481209,-98.4556277027369,4.6));
#13199=CARTESIAN_POINT('Origin',(140.106400481209,-97.9556277027369,4.6));
#13200=CARTESIAN_POINT('',(153.106400481209,-98.4556277027369,4.6));
#13201=CARTESIAN_POINT('',(149.853206407975,-98.4556277027369,4.6));
#13202=CARTESIAN_POINT('',(153.606400481209,-97.9556277027369,4.6));
#13203=CARTESIAN_POINT('Origin',(153.106400481209,-97.9556277027369,4.6));
#13204=CARTESIAN_POINT('',(153.606400481209,-93.7556277027369,4.6));
#13205=CARTESIAN_POINT('',(153.606400481209,-73.9278136122048,4.6));
#13206=CARTESIAN_POINT('',(199.929000481209,-93.7556277027369,4.6));
#13207=CARTESIAN_POINT('',(146.606400481209,-93.7556277027369,4.6));
#13208=CARTESIAN_POINT('',(200.429000481209,-94.2556277027369,4.6));
#13209=CARTESIAN_POINT('Origin',(199.929000481209,-94.2556277027369,4.6));
#13210=CARTESIAN_POINT('',(200.429000481209,-97.5596277027369,4.6));
#13211=CARTESIAN_POINT('',(200.429000481209,-94.2556277027369,4.6));
#13212=CARTESIAN_POINT('',(200.929000481209,-98.0596277027369,4.6));
#13213=CARTESIAN_POINT('Origin',(200.929000481209,-97.5596277027369,4.6));
#13214=CARTESIAN_POINT('',(201.732400481209,-98.0596277027369,4.6));
#13215=CARTESIAN_POINT('',(200.929000481209,-98.0596277027369,4.6));
#13216=CARTESIAN_POINT('Origin',(201.732400481209,-98.5596277027369,4.6));
#13217=CARTESIAN_POINT('',(205.780400481209,-98.0596277027369,4.6));
#13218=CARTESIAN_POINT('Origin',(205.780400481209,-98.5596277027369,4.6));
#13219=CARTESIAN_POINT('',(206.583800481209,-98.0596277027369,4.6));
#13220=CARTESIAN_POINT('',(205.780400481209,-98.0596277027369,4.6));
#13221=CARTESIAN_POINT('',(207.083800481209,-97.5596277027369,4.6));
#13222=CARTESIAN_POINT('Origin',(206.583800481209,-97.5596277027369,4.6));
#13223=CARTESIAN_POINT('',(207.083800481209,-92.4636277027369,4.6));
#13224=CARTESIAN_POINT('',(207.083800481209,-97.5596277027369,4.6));
#13225=CARTESIAN_POINT('',(207.583800481209,-91.9636277027369,4.6));
#13226=CARTESIAN_POINT('Origin',(207.583800481209,-92.4636277027369,4.6));
#13227=CARTESIAN_POINT('',(207.947400481209,-91.9636277027369,4.6));
#13228=CARTESIAN_POINT('',(207.583800481209,-91.9636277027369,4.6));
#13229=CARTESIAN_POINT('',(207.947400481209,-89.6696277027369,4.6));
#13230=CARTESIAN_POINT('',(207.947400481209,-91.9636277027369,4.6));
#13231=CARTESIAN_POINT('',(207.447400481209,-89.1696277027369,4.6));
#13232=CARTESIAN_POINT('Origin',(207.447400481209,-89.6696277027369,4.6));
#13233=CARTESIAN_POINT('',(207.083800481209,-89.1696277027369,4.6));
#13234=CARTESIAN_POINT('',(207.447400481209,-89.1696277027369,4.6));
#13235=CARTESIAN_POINT('',(207.083800481209,-86.2660277027369,4.6));
#13236=CARTESIAN_POINT('',(207.083800481209,-89.1696277027369,4.6));
#13237=CARTESIAN_POINT('',(206.583800481209,-85.7660277027369,4.6));
#13238=CARTESIAN_POINT('Origin',(206.583800481209,-86.2660277027369,4.6));
#13239=CARTESIAN_POINT('',(200.929000481209,-85.7660277027369,4.6));
#13240=CARTESIAN_POINT('',(206.583800481209,-85.7660277027369,4.6));
#13241=CARTESIAN_POINT('',(200.429000481209,-86.2660277027369,4.6));
#13242=CARTESIAN_POINT('Origin',(200.929000481209,-86.2660277027369,4.6));
#13243=CARTESIAN_POINT('',(200.429000481209,-88.6556277027369,4.6));
#13244=CARTESIAN_POINT('',(200.429000481209,-86.2660277027369,4.6));
#13245=CARTESIAN_POINT('',(199.929000481209,-89.1556277027369,4.6));
#13246=CARTESIAN_POINT('Origin',(199.929000481209,-88.6556277027369,4.6));
#13247=CARTESIAN_POINT('',(153.606400481209,-89.1556277027369,4.6));
#13248=CARTESIAN_POINT('',(150.103206407975,-89.1556277027369,4.6));
#13249=CARTESIAN_POINT('',(153.606400481209,-84.9556277027369,4.6));
#13250=CARTESIAN_POINT('',(153.606400481209,-73.9278136122048,4.6));
#13251=CARTESIAN_POINT('',(153.106400481209,-84.4556277027369,4.6));
#13252=CARTESIAN_POINT('Origin',(153.106400481209,-84.9556277027369,4.6));
#13253=CARTESIAN_POINT('',(140.106400481209,-84.4556277027369,4.6));
#13254=CARTESIAN_POINT('',(143.353206407975,-84.4556277027369,4.6));
#13255=CARTESIAN_POINT('',(139.606400481209,-84.9556277027369,4.6));
#13256=CARTESIAN_POINT('Origin',(140.106400481209,-84.9556277027369,4.6));
#13257=CARTESIAN_POINT('',(139.606400481209,-89.1556277027369,4.6));
#13258=CARTESIAN_POINT('',(139.606400481209,-80.4278136122048,4.6));
#13259=CARTESIAN_POINT('',(93.2838004812088,-89.1556277027369,4.6));
#13260=CARTESIAN_POINT('',(93.2838004812088,-89.1556277027369,4.6));
#13261=CARTESIAN_POINT('',(92.7838004812088,-88.6556277027369,4.6));
#13262=CARTESIAN_POINT('Origin',(93.2838004812088,-88.6556277027369,4.6));
#13263=CARTESIAN_POINT('',(92.7838004812088,-86.2660277027369,4.6));
#13264=CARTESIAN_POINT('',(92.7838004812088,-86.2660277027369,4.6));
#13265=CARTESIAN_POINT('',(92.2838004812088,-85.7660277027369,4.6));
#13266=CARTESIAN_POINT('Origin',(92.2838004812088,-86.2660277027369,4.6));
#13267=CARTESIAN_POINT('',(86.6290004812088,-85.7660277027369,4.6));
#13268=CARTESIAN_POINT('',(86.6290004812088,-85.7660277027369,4.6));
#13269=CARTESIAN_POINT('',(86.1290004812088,-86.2660277027369,4.6));
#13270=CARTESIAN_POINT('Origin',(86.6290004812088,-86.2660277027369,4.6));
#13271=CARTESIAN_POINT('',(86.1290004812088,-89.1696277027369,4.6));
#13272=CARTESIAN_POINT('',(86.1290004812088,-89.1696277027369,4.6));
#13273=CARTESIAN_POINT('',(85.7654004812088,-89.1696277027369,4.6));
#13274=CARTESIAN_POINT('',(85.7654004812088,-89.1696277027369,4.6));
#13275=CARTESIAN_POINT('',(85.2654004812088,-89.6696277027369,4.6));
#13276=CARTESIAN_POINT('Origin',(85.7654004812088,-89.6696277027369,4.6));
#13277=CARTESIAN_POINT('',(85.2654004812088,-91.9636277027369,4.6));
#13278=CARTESIAN_POINT('',(85.2654004812088,-91.9636277027369,4.6));
#13279=CARTESIAN_POINT('',(85.6290004812088,-91.9636277027369,4.6));
#13280=CARTESIAN_POINT('',(85.6290004812088,-91.9636277027369,4.6));
#13281=CARTESIAN_POINT('',(86.1290004812088,-92.4636277027369,4.6));
#13282=CARTESIAN_POINT('Origin',(85.6290004812088,-92.4636277027369,4.6));
#13283=CARTESIAN_POINT('',(86.1290004812088,-97.5596277027369,4.6));
#13284=CARTESIAN_POINT('',(86.1290004812088,-97.5596277027369,4.6));
#13285=CARTESIAN_POINT('',(86.6290004812088,-98.0596277027369,4.6));
#13286=CARTESIAN_POINT('Origin',(86.6290004812088,-97.5596277027369,4.6));
#13287=CARTESIAN_POINT('',(87.4324004812088,-98.0596277027369,4.6));
#13288=CARTESIAN_POINT('Origin',(153.606400481209,-84.9556277027369,6.1));
#13289=CARTESIAN_POINT('',(153.606400481209,-93.7556277027369,6.1));
#13290=CARTESIAN_POINT('',(153.606400481209,-93.7556277027369,6.1));
#13291=CARTESIAN_POINT('',(153.606400481209,-97.9556277027369,6.1));
#13292=CARTESIAN_POINT('',(153.606400481209,-97.9556277027369,6.1));
#13293=CARTESIAN_POINT('',(153.606400481209,-73.9278136122048,6.1));
#13294=CARTESIAN_POINT('Origin',(201.732400481209,-98.5596277027369,6.1));
#13295=CARTESIAN_POINT('',(201.732400481209,-98.0596277027369,6.1));
#13296=CARTESIAN_POINT('',(201.732400481209,-98.0596277027369,6.1));
#13297=CARTESIAN_POINT('Origin',(201.732400481209,-98.5596277027369,6.1));
#13298=CARTESIAN_POINT('Origin',(199.929000481209,-89.1556277027369,6.1));
#13299=CARTESIAN_POINT('',(199.929000481209,-89.1556277027369,6.1));
#13300=CARTESIAN_POINT('',(199.929000481209,-89.1556277027369,6.1));
#13301=CARTESIAN_POINT('',(153.606400481209,-89.1556277027369,6.1));
#13302=CARTESIAN_POINT('',(199.929000481209,-89.1556277027369,6.1));
#13303=CARTESIAN_POINT('',(153.606400481209,-89.1556277027369,6.1));
#13304=CARTESIAN_POINT('Origin',(93.2838004812088,-93.7556277027369,6.1));
#13305=CARTESIAN_POINT('',(93.2838004812088,-93.7556277027369,6.1));
#13306=CARTESIAN_POINT('',(93.2838004812088,-93.7556277027369,6.1));
#13307=CARTESIAN_POINT('',(146.606400481209,-93.7556277027369,6.1));
#13308=CARTESIAN_POINT('Origin',(87.4324004812088,-98.5596277027369,6.1));
#13309=CARTESIAN_POINT('',(87.4324004812088,-98.0596277027369,6.1));
#13310=CARTESIAN_POINT('',(87.4324004812088,-98.0596277027369,6.1));
#13311=CARTESIAN_POINT('Origin',(87.4324004812088,-98.5596277027369,6.1));
#13312=CARTESIAN_POINT('Origin',(153.606400481209,-93.7556277027369,6.1));
#13313=CARTESIAN_POINT('',(199.929000481209,-93.7556277027369,6.1));
#13314=CARTESIAN_POINT('',(173.264506407975,-93.7556277027369,6.1));
#13315=CARTESIAN_POINT('',(199.929000481209,-93.7556277027369,6.1));
#13316=CARTESIAN_POINT('Origin',(93.2838004812088,-94.2556277027369,6.1));
#13317=CARTESIAN_POINT('',(92.7838004812088,-94.2556277027369,6.1));
#13318=CARTESIAN_POINT('Origin',(93.2838004812088,-94.2556277027369,6.1));
#13319=CARTESIAN_POINT('',(92.7838004812088,-94.2556277027369,6.1));
#13320=CARTESIAN_POINT('Origin',(92.7838004812088,-97.5596277027369,6.1));
#13321=CARTESIAN_POINT('',(92.7838004812088,-97.5596277027369,6.1));
#13322=CARTESIAN_POINT('',(92.7838004812088,-94.2556277027369,6.1));
#13323=CARTESIAN_POINT('',(92.7838004812088,-97.5596277027369,6.1));
#13324=CARTESIAN_POINT('Origin',(92.2838004812088,-97.5596277027369,6.1));
#13325=CARTESIAN_POINT('',(92.2838004812088,-98.0596277027369,6.1));
#13326=CARTESIAN_POINT('Origin',(92.2838004812088,-97.5596277027369,6.1));
#13327=CARTESIAN_POINT('',(92.2838004812088,-98.0596277027369,6.1));
#13328=CARTESIAN_POINT('Origin',(91.4804004812088,-98.0596277027369,6.1));
#13329=CARTESIAN_POINT('',(91.4804004812088,-98.0596277027369,6.1));
#13330=CARTESIAN_POINT('',(92.2838004812088,-98.0596277027369,6.1));
#13331=CARTESIAN_POINT('',(91.4804004812088,-98.0596277027369,6.1));
#13332=CARTESIAN_POINT('Origin',(91.4804004812088,-98.5596277027369,6.1));
#13333=CARTESIAN_POINT('Origin',(91.4804004812088,-98.5596277027369,6.1));
#13334=CARTESIAN_POINT('Origin',(86.6290004812088,-98.0596277027369,6.1));
#13335=CARTESIAN_POINT('',(86.6290004812088,-98.0596277027369,6.1));
#13336=CARTESIAN_POINT('',(87.4324004812088,-98.0596277027369,6.1));
#13337=CARTESIAN_POINT('',(86.6290004812088,-98.0596277027369,6.1));
#13338=CARTESIAN_POINT('Origin',(86.6290004812088,-97.5596277027369,6.1));
#13339=CARTESIAN_POINT('',(86.1290004812088,-97.5596277027369,6.1));
#13340=CARTESIAN_POINT('Origin',(86.6290004812088,-97.5596277027369,6.1));
#13341=CARTESIAN_POINT('',(86.1290004812088,-97.5596277027369,6.1));
#13342=CARTESIAN_POINT('Origin',(86.1290004812088,-92.4636277027369,6.1));
#13343=CARTESIAN_POINT('',(86.1290004812088,-92.4636277027369,6.1));
#13344=CARTESIAN_POINT('',(86.1290004812088,-97.5596277027369,6.1));
#13345=CARTESIAN_POINT('',(86.1290004812088,-92.4636277027369,6.1));
#13346=CARTESIAN_POINT('Origin',(85.6290004812088,-92.4636277027369,6.1));
#13347=CARTESIAN_POINT('',(85.6290004812088,-91.9636277027369,6.1));
#13348=CARTESIAN_POINT('Origin',(85.6290004812088,-92.4636277027369,6.1));
#13349=CARTESIAN_POINT('',(85.6290004812088,-91.9636277027369,6.1));
#13350=CARTESIAN_POINT('Origin',(85.2654004812088,-91.9636277027369,6.1));
#13351=CARTESIAN_POINT('',(85.2654004812088,-91.9636277027369,6.1));
#13352=CARTESIAN_POINT('',(85.6290004812088,-91.9636277027369,6.1));
#13353=CARTESIAN_POINT('',(85.2654004812088,-91.9636277027369,6.1));
#13354=CARTESIAN_POINT('Origin',(85.2654004812088,-89.6696277027369,6.1));
#13355=CARTESIAN_POINT('',(85.2654004812088,-89.6696277027369,6.1));
#13356=CARTESIAN_POINT('',(85.2654004812088,-91.9636277027369,6.1));
#13357=CARTESIAN_POINT('',(85.2654004812088,-89.6696277027369,6.1));
#13358=CARTESIAN_POINT('Origin',(85.7654004812088,-89.6696277027369,6.1));
#13359=CARTESIAN_POINT('',(85.7654004812088,-89.1696277027369,6.1));
#13360=CARTESIAN_POINT('Origin',(85.7654004812088,-89.6696277027369,6.1));
#13361=CARTESIAN_POINT('',(85.7654004812088,-89.1696277027369,6.1));
#13362=CARTESIAN_POINT('Origin',(86.1290004812088,-89.1696277027369,6.1));
#13363=CARTESIAN_POINT('',(86.1290004812088,-89.1696277027369,6.1));
#13364=CARTESIAN_POINT('',(85.7654004812088,-89.1696277027369,6.1));
#13365=CARTESIAN_POINT('',(86.1290004812088,-89.1696277027369,6.1));
#13366=CARTESIAN_POINT('Origin',(86.1290004812088,-86.2660277027369,6.1));
#13367=CARTESIAN_POINT('',(86.1290004812088,-86.2660277027369,6.1));
#13368=CARTESIAN_POINT('',(86.1290004812088,-89.1696277027369,6.1));
#13369=CARTESIAN_POINT('',(86.1290004812088,-86.2660277027369,6.1));
#13370=CARTESIAN_POINT('Origin',(86.6290004812088,-86.2660277027369,6.1));
#13371=CARTESIAN_POINT('',(86.6290004812088,-85.7660277027369,6.1));
#13372=CARTESIAN_POINT('Origin',(86.6290004812088,-86.2660277027369,6.1));
#13373=CARTESIAN_POINT('',(86.6290004812088,-85.7660277027369,6.1));
#13374=CARTESIAN_POINT('Origin',(92.2838004812088,-85.7660277027369,6.1));
#13375=CARTESIAN_POINT('',(92.2838004812088,-85.7660277027369,6.1));
#13376=CARTESIAN_POINT('',(86.6290004812088,-85.7660277027369,6.1));
#13377=CARTESIAN_POINT('',(92.2838004812088,-85.7660277027369,6.1));
#13378=CARTESIAN_POINT('Origin',(92.2838004812088,-86.2660277027369,6.1));
#13379=CARTESIAN_POINT('',(92.7838004812088,-86.2660277027369,6.1));
#13380=CARTESIAN_POINT('Origin',(92.2838004812088,-86.2660277027369,6.1));
#13381=CARTESIAN_POINT('',(92.7838004812088,-86.2660277027369,6.1));
#13382=CARTESIAN_POINT('Origin',(92.7838004812088,-88.6556277027369,6.1));
#13383=CARTESIAN_POINT('',(92.7838004812088,-88.6556277027369,6.1));
#13384=CARTESIAN_POINT('',(92.7838004812088,-86.2660277027369,6.1));
#13385=CARTESIAN_POINT('',(92.7838004812088,-88.6556277027369,6.1));
#13386=CARTESIAN_POINT('Origin',(93.2838004812088,-88.6556277027369,6.1));
#13387=CARTESIAN_POINT('',(93.2838004812088,-89.1556277027369,6.1));
#13388=CARTESIAN_POINT('Origin',(93.2838004812088,-88.6556277027369,6.1));
#13389=CARTESIAN_POINT('',(93.2838004812088,-89.1556277027369,6.1));
#13390=CARTESIAN_POINT('Origin',(139.606400481209,-89.1556277027369,6.1));
#13391=CARTESIAN_POINT('',(139.606400481209,-89.1556277027369,6.1));
#13392=CARTESIAN_POINT('',(119.941906407975,-89.1556277027369,6.1));
#13393=CARTESIAN_POINT('',(139.606400481209,-89.1556277027369,6.1));
#13394=CARTESIAN_POINT('Origin',(199.929000481209,-88.6556277027369,6.1));
#13395=CARTESIAN_POINT('',(200.429000481209,-88.6556277027369,6.1));
#13396=CARTESIAN_POINT('Origin',(199.929000481209,-88.6556277027369,6.1));
#13397=CARTESIAN_POINT('',(200.429000481209,-88.6556277027369,6.1));
#13398=CARTESIAN_POINT('Origin',(200.429000481209,-86.2660277027369,6.1));
#13399=CARTESIAN_POINT('',(200.429000481209,-86.2660277027369,6.1));
#13400=CARTESIAN_POINT('',(200.429000481209,-86.2660277027369,6.1));
#13401=CARTESIAN_POINT('',(200.429000481209,-86.2660277027369,6.1));
#13402=CARTESIAN_POINT('Origin',(200.929000481209,-86.2660277027369,6.1));
#13403=CARTESIAN_POINT('',(200.929000481209,-85.7660277027369,6.1));
#13404=CARTESIAN_POINT('Origin',(200.929000481209,-86.2660277027369,6.1));
#13405=CARTESIAN_POINT('',(200.929000481209,-85.7660277027369,6.1));
#13406=CARTESIAN_POINT('Origin',(206.583800481209,-85.7660277027369,6.1));
#13407=CARTESIAN_POINT('',(206.583800481209,-85.7660277027369,6.1));
#13408=CARTESIAN_POINT('',(206.583800481209,-85.7660277027369,6.1));
#13409=CARTESIAN_POINT('',(206.583800481209,-85.7660277027369,6.1));
#13410=CARTESIAN_POINT('Origin',(206.583800481209,-86.2660277027369,6.1));
#13411=CARTESIAN_POINT('',(207.083800481209,-86.2660277027369,6.1));
#13412=CARTESIAN_POINT('Origin',(206.583800481209,-86.2660277027369,6.1));
#13413=CARTESIAN_POINT('',(207.083800481209,-86.2660277027369,6.1));
#13414=CARTESIAN_POINT('Origin',(207.083800481209,-89.1696277027369,6.1));
#13415=CARTESIAN_POINT('',(207.083800481209,-89.1696277027369,6.1));
#13416=CARTESIAN_POINT('',(207.083800481209,-89.1696277027369,6.1));
#13417=CARTESIAN_POINT('',(207.083800481209,-89.1696277027369,6.1));
#13418=CARTESIAN_POINT('Origin',(207.447400481209,-89.1696277027369,6.1));
#13419=CARTESIAN_POINT('',(207.447400481209,-89.1696277027369,6.1));
#13420=CARTESIAN_POINT('',(207.447400481209,-89.1696277027369,6.1));
#13421=CARTESIAN_POINT('',(207.447400481209,-89.1696277027369,6.1));
#13422=CARTESIAN_POINT('Origin',(207.447400481209,-89.6696277027369,6.1));
#13423=CARTESIAN_POINT('',(207.947400481209,-89.6696277027369,6.1));
#13424=CARTESIAN_POINT('Origin',(207.447400481209,-89.6696277027369,6.1));
#13425=CARTESIAN_POINT('',(207.947400481209,-89.6696277027369,6.1));
#13426=CARTESIAN_POINT('Origin',(207.947400481209,-91.9636277027369,6.1));
#13427=CARTESIAN_POINT('',(207.947400481209,-91.9636277027369,6.1));
#13428=CARTESIAN_POINT('',(207.947400481209,-91.9636277027369,6.1));
#13429=CARTESIAN_POINT('',(207.947400481209,-91.9636277027369,6.1));
#13430=CARTESIAN_POINT('Origin',(207.583800481209,-91.9636277027369,6.1));
#13431=CARTESIAN_POINT('',(207.583800481209,-91.9636277027369,6.1));
#13432=CARTESIAN_POINT('',(207.583800481209,-91.9636277027369,6.1));
#13433=CARTESIAN_POINT('',(207.583800481209,-91.9636277027369,6.1));
#13434=CARTESIAN_POINT('Origin',(207.583800481209,-92.4636277027369,6.1));
#13435=CARTESIAN_POINT('',(207.083800481209,-92.4636277027369,6.1));
#13436=CARTESIAN_POINT('Origin',(207.583800481209,-92.4636277027369,6.1));
#13437=CARTESIAN_POINT('',(207.083800481209,-92.4636277027369,6.1));
#13438=CARTESIAN_POINT('Origin',(207.083800481209,-97.5596277027369,6.1));
#13439=CARTESIAN_POINT('',(207.083800481209,-97.5596277027369,6.1));
#13440=CARTESIAN_POINT('',(207.083800481209,-97.5596277027369,6.1));
#13441=CARTESIAN_POINT('',(207.083800481209,-97.5596277027369,6.1));
#13442=CARTESIAN_POINT('Origin',(206.583800481209,-97.5596277027369,6.1));
#13443=CARTESIAN_POINT('',(206.583800481209,-98.0596277027369,6.1));
#13444=CARTESIAN_POINT('Origin',(206.583800481209,-97.5596277027369,6.1));
#13445=CARTESIAN_POINT('',(206.583800481209,-98.0596277027369,6.1));
#13446=CARTESIAN_POINT('Origin',(205.780400481209,-98.0596277027369,6.1));
#13447=CARTESIAN_POINT('',(205.780400481209,-98.0596277027369,6.1));
#13448=CARTESIAN_POINT('',(205.780400481209,-98.0596277027369,6.1));
#13449=CARTESIAN_POINT('',(205.780400481209,-98.0596277027369,6.1));
#13450=CARTESIAN_POINT('Origin',(205.780400481209,-98.5596277027369,6.1));
#13451=CARTESIAN_POINT('Origin',(205.780400481209,-98.5596277027369,6.1));
#13452=CARTESIAN_POINT('Origin',(200.929000481209,-98.0596277027369,6.1));
#13453=CARTESIAN_POINT('',(200.929000481209,-98.0596277027369,6.1));
#13454=CARTESIAN_POINT('',(200.929000481209,-98.0596277027369,6.1));
#13455=CARTESIAN_POINT('',(200.929000481209,-98.0596277027369,6.1));
#13456=CARTESIAN_POINT('Origin',(200.929000481209,-97.5596277027369,6.1));
#13457=CARTESIAN_POINT('',(200.429000481209,-97.5596277027369,6.1));
#13458=CARTESIAN_POINT('Origin',(200.929000481209,-97.5596277027369,6.1));
#13459=CARTESIAN_POINT('',(200.429000481209,-97.5596277027369,6.1));
#13460=CARTESIAN_POINT('Origin',(200.429000481209,-94.2556277027369,6.1));
#13461=CARTESIAN_POINT('',(200.429000481209,-94.2556277027369,6.1));
#13462=CARTESIAN_POINT('',(200.429000481209,-94.2556277027369,6.1));
#13463=CARTESIAN_POINT('',(200.429000481209,-94.2556277027369,6.1));
#13464=CARTESIAN_POINT('Origin',(199.929000481209,-94.2556277027369,6.1));
#13465=CARTESIAN_POINT('Origin',(199.929000481209,-94.2556277027369,6.1));
#13466=CARTESIAN_POINT('Origin',(139.606400481209,-97.9556277027369,6.1));
#13467=CARTESIAN_POINT('',(139.606400481209,-84.9556277027369,6.1));
#13468=CARTESIAN_POINT('',(139.606400481209,-84.9556277027369,6.1));
#13469=CARTESIAN_POINT('',(139.606400481209,-80.4278136122048,6.1));
#13470=CARTESIAN_POINT('Origin',(227.712650481209,-59.8556277027369,6.1));
#13471=CARTESIAN_POINT('',(227.712650481209,-59.8556277027369,6.1));
#13472=CARTESIAN_POINT('',(227.712650481209,-46.8556277027369,6.1));
#13473=CARTESIAN_POINT('',(227.712650481209,-61.3778136122048,6.1));
#13474=CARTESIAN_POINT('',(227.712650481209,-59.8556277027369,6.1));
#13475=CARTESIAN_POINT('',(227.712650481209,-46.8556277027369,6.1));
#13476=CARTESIAN_POINT('Origin',(228.212650481209,-59.8556277027369,6.1));
#13477=CARTESIAN_POINT('',(228.212650481209,-60.3556277027369,6.1));
#13478=CARTESIAN_POINT('Origin',(228.212650481209,-59.8556277027369,6.1));
#13479=CARTESIAN_POINT('',(228.212650481209,-60.3556277027369,6.1));
#13480=CARTESIAN_POINT('Origin',(241.212650481209,-60.3556277027369,6.1));
#13481=CARTESIAN_POINT('',(241.212650481209,-60.3556277027369,6.1));
#13482=CARTESIAN_POINT('',(193.906331407975,-60.3556277027369,6.1));
#13483=CARTESIAN_POINT('',(241.212650481209,-60.3556277027369,6.1));
#13484=CARTESIAN_POINT('Origin',(241.212650481209,-59.8556277027369,6.1));
#13485=CARTESIAN_POINT('',(241.712650481209,-59.8556277027369,6.1));
#13486=CARTESIAN_POINT('Origin',(241.212650481209,-59.8556277027369,6.1));
#13487=CARTESIAN_POINT('',(241.712650481209,-59.8556277027369,6.1));
#13488=CARTESIAN_POINT('Origin',(241.712650481209,-46.8556277027369,6.1));
#13489=CARTESIAN_POINT('',(241.712650481209,-46.8556277027369,6.1));
#13490=CARTESIAN_POINT('',(241.712650481209,-54.8778136122048,6.1));
#13491=CARTESIAN_POINT('',(241.712650481209,-46.8556277027369,6.1));
#13492=CARTESIAN_POINT('Origin',(241.212650481209,-46.8556277027369,6.1));
#13493=CARTESIAN_POINT('',(241.212650481209,-46.3556277027369,6.1));
#13494=CARTESIAN_POINT('Origin',(241.212650481209,-46.8556277027369,6.1));
#13495=CARTESIAN_POINT('',(241.212650481209,-46.3556277027369,6.1));
#13496=CARTESIAN_POINT('Origin',(228.212650481209,-46.3556277027369,6.1));
#13497=CARTESIAN_POINT('',(228.212650481209,-46.3556277027369,6.1));
#13498=CARTESIAN_POINT('',(187.406331407975,-46.3556277027369,6.1));
#13499=CARTESIAN_POINT('',(228.212650481209,-46.3556277027369,6.1));
#13500=CARTESIAN_POINT('Origin',(228.212650481209,-46.8556277027369,6.1));
#13501=CARTESIAN_POINT('Origin',(228.212650481209,-46.8556277027369,6.1));
#13502=CARTESIAN_POINT('Origin',(239.618900481209,-78.9056277027369,6.1));
#13503=CARTESIAN_POINT('',(239.618900481209,-78.9056277027369,6.1));
#13504=CARTESIAN_POINT('',(239.618900481209,-65.9056277027369,6.1));
#13505=CARTESIAN_POINT('',(239.618900481209,-70.9028136122048,6.1));
#13506=CARTESIAN_POINT('',(239.618900481209,-78.9056277027369,6.1));
#13507=CARTESIAN_POINT('',(239.618900481209,-65.9056277027369,6.1));
#13508=CARTESIAN_POINT('Origin',(240.118900481209,-78.9056277027369,6.1));
#13509=CARTESIAN_POINT('',(240.118900481209,-79.4056277027369,6.1));
#13510=CARTESIAN_POINT('Origin',(240.118900481209,-78.9056277027369,6.1));
#13511=CARTESIAN_POINT('',(240.118900481209,-79.4056277027369,6.1));
#13512=CARTESIAN_POINT('Origin',(253.118900481209,-79.4056277027369,6.1));
#13513=CARTESIAN_POINT('',(253.118900481209,-79.4056277027369,6.1));
#13514=CARTESIAN_POINT('',(199.859456407975,-79.4056277027369,6.1));
#13515=CARTESIAN_POINT('',(253.118900481209,-79.4056277027369,6.1));
#13516=CARTESIAN_POINT('Origin',(253.118900481209,-78.9056277027369,6.1));
#13517=CARTESIAN_POINT('',(253.618900481209,-78.9056277027369,6.1));
#13518=CARTESIAN_POINT('Origin',(253.118900481209,-78.9056277027369,6.1));
#13519=CARTESIAN_POINT('',(253.618900481209,-78.9056277027369,6.1));
#13520=CARTESIAN_POINT('Origin',(253.618900481209,-65.9056277027369,6.1));
#13521=CARTESIAN_POINT('',(253.618900481209,-65.9056277027369,6.1));
#13522=CARTESIAN_POINT('',(253.618900481209,-64.4028136122048,6.1));
#13523=CARTESIAN_POINT('',(253.618900481209,-65.9056277027369,6.1));
#13524=CARTESIAN_POINT('Origin',(253.118900481209,-65.9056277027369,6.1));
#13525=CARTESIAN_POINT('',(253.118900481209,-65.4056277027369,6.1));
#13526=CARTESIAN_POINT('Origin',(253.118900481209,-65.9056277027369,6.1));
#13527=CARTESIAN_POINT('',(253.118900481209,-65.4056277027369,6.1));
#13528=CARTESIAN_POINT('Origin',(240.118900481209,-65.4056277027369,6.1));
#13529=CARTESIAN_POINT('',(240.118900481209,-65.4056277027369,6.1));
#13530=CARTESIAN_POINT('',(193.359456407975,-65.4056277027369,6.1));
#13531=CARTESIAN_POINT('',(240.118900481209,-65.4056277027369,6.1));
#13532=CARTESIAN_POINT('Origin',(240.118900481209,-65.9056277027369,6.1));
#13533=CARTESIAN_POINT('Origin',(240.118900481209,-65.9056277027369,6.1));
#13534=CARTESIAN_POINT('Origin',(184.850150481209,-40.8056277027369,6.1));
#13535=CARTESIAN_POINT('',(184.850150481209,-40.8056277027369,6.1));
#13536=CARTESIAN_POINT('',(184.850150481209,-27.8056277027369,6.1));
#13537=CARTESIAN_POINT('',(184.850150481209,-51.8528136122048,6.1));
#13538=CARTESIAN_POINT('',(184.850150481209,-40.8056277027369,6.1));
#13539=CARTESIAN_POINT('',(184.850150481209,-27.8056277027369,6.1));
#13540=CARTESIAN_POINT('Origin',(185.350150481209,-40.8056277027369,6.1));
#13541=CARTESIAN_POINT('',(185.350150481209,-41.3056277027369,6.1));
#13542=CARTESIAN_POINT('Origin',(185.350150481209,-40.8056277027369,6.1));
#13543=CARTESIAN_POINT('',(185.350150481209,-41.3056277027369,6.1));
#13544=CARTESIAN_POINT('Origin',(198.350150481209,-41.3056277027369,6.1));
#13545=CARTESIAN_POINT('',(198.350150481209,-41.3056277027369,6.1));
#13546=CARTESIAN_POINT('',(172.475081407975,-41.3056277027369,6.1));
#13547=CARTESIAN_POINT('',(198.350150481209,-41.3056277027369,6.1));
#13548=CARTESIAN_POINT('Origin',(198.350150481209,-40.8056277027369,6.1));
#13549=CARTESIAN_POINT('',(198.850150481209,-40.8056277027369,6.1));
#13550=CARTESIAN_POINT('Origin',(198.350150481209,-40.8056277027369,6.1));
#13551=CARTESIAN_POINT('',(198.850150481209,-40.8056277027369,6.1));
#13552=CARTESIAN_POINT('Origin',(198.850150481209,-27.8056277027369,6.1));
#13553=CARTESIAN_POINT('',(198.850150481209,-27.8056277027369,6.1));
#13554=CARTESIAN_POINT('',(198.850150481209,-45.3528136122048,6.1));
#13555=CARTESIAN_POINT('',(198.850150481209,-27.8056277027369,6.1));
#13556=CARTESIAN_POINT('Origin',(198.350150481209,-27.8056277027369,6.1));
#13557=CARTESIAN_POINT('',(198.350150481209,-27.3056277027369,6.1));
#13558=CARTESIAN_POINT('Origin',(198.350150481209,-27.8056277027369,6.1));
#13559=CARTESIAN_POINT('',(198.350150481209,-27.3056277027369,6.1));
#13560=CARTESIAN_POINT('Origin',(185.350150481209,-27.3056277027369,6.1));
#13561=CARTESIAN_POINT('',(185.350150481209,-27.3056277027369,6.1));
#13562=CARTESIAN_POINT('',(165.975081407975,-27.3056277027369,6.1));
#13563=CARTESIAN_POINT('',(185.350150481209,-27.3056277027369,6.1));
#13564=CARTESIAN_POINT('Origin',(185.350150481209,-27.8056277027369,6.1));
#13565=CARTESIAN_POINT('Origin',(185.350150481209,-27.8056277027369,6.1));
#13566=CARTESIAN_POINT('Origin',(161.037650481209,-78.9056277027369,6.1));
#13567=CARTESIAN_POINT('',(161.037650481209,-78.9056277027369,6.1));
#13568=CARTESIAN_POINT('',(161.037650481209,-65.9056277027369,6.1));
#13569=CARTESIAN_POINT('',(161.037650481209,-70.9028136122048,6.1));
#13570=CARTESIAN_POINT('',(161.037650481209,-78.9056277027369,6.1));
#13571=CARTESIAN_POINT('',(161.037650481209,-65.9056277027369,6.1));
#13572=CARTESIAN_POINT('Origin',(161.537650481209,-78.9056277027369,6.1));
#13573=CARTESIAN_POINT('',(161.537650481209,-79.4056277027369,6.1));
#13574=CARTESIAN_POINT('Origin',(161.537650481209,-78.9056277027369,6.1));
#13575=CARTESIAN_POINT('',(161.537650481209,-79.4056277027369,6.1));
#13576=CARTESIAN_POINT('Origin',(174.537650481209,-79.4056277027369,6.1));
#13577=CARTESIAN_POINT('',(174.537650481209,-79.4056277027369,6.1));
#13578=CARTESIAN_POINT('',(160.568831407975,-79.4056277027369,6.1));
#13579=CARTESIAN_POINT('',(174.537650481209,-79.4056277027369,6.1));
#13580=CARTESIAN_POINT('Origin',(174.537650481209,-78.9056277027369,6.1));
#13581=CARTESIAN_POINT('',(175.037650481209,-78.9056277027369,6.1));
#13582=CARTESIAN_POINT('Origin',(174.537650481209,-78.9056277027369,6.1));
#13583=CARTESIAN_POINT('',(175.037650481209,-78.9056277027369,6.1));
#13584=CARTESIAN_POINT('Origin',(175.037650481209,-65.9056277027369,6.1));
#13585=CARTESIAN_POINT('',(175.037650481209,-65.9056277027369,6.1));
#13586=CARTESIAN_POINT('',(175.037650481209,-64.4028136122048,6.1));
#13587=CARTESIAN_POINT('',(175.037650481209,-65.9056277027369,6.1));
#13588=CARTESIAN_POINT('Origin',(174.537650481209,-65.9056277027369,6.1));
#13589=CARTESIAN_POINT('',(174.537650481209,-65.4056277027369,6.1));
#13590=CARTESIAN_POINT('Origin',(174.537650481209,-65.9056277027369,6.1));
#13591=CARTESIAN_POINT('',(174.537650481209,-65.4056277027369,6.1));
#13592=CARTESIAN_POINT('Origin',(161.537650481209,-65.4056277027369,6.1));
#13593=CARTESIAN_POINT('',(161.537650481209,-65.4056277027369,6.1));
#13594=CARTESIAN_POINT('',(154.068831407975,-65.4056277027369,6.1));
#13595=CARTESIAN_POINT('',(161.537650481209,-65.4056277027369,6.1));
#13596=CARTESIAN_POINT('Origin',(161.537650481209,-65.9056277027369,6.1));
#13597=CARTESIAN_POINT('Origin',(161.537650481209,-65.9056277027369,6.1));
#13598=CARTESIAN_POINT('Origin',(132.462650481209,-59.8556277027369,6.1));
#13599=CARTESIAN_POINT('',(132.462650481209,-59.8556277027369,6.1));
#13600=CARTESIAN_POINT('',(132.462650481209,-46.8556277027369,6.1));
#13601=CARTESIAN_POINT('',(132.462650481209,-61.3778136122048,6.1));
#13602=CARTESIAN_POINT('',(132.462650481209,-59.8556277027369,6.1));
#13603=CARTESIAN_POINT('',(132.462650481209,-46.8556277027369,6.1));
#13604=CARTESIAN_POINT('Origin',(132.962650481209,-59.8556277027369,6.1));
#13605=CARTESIAN_POINT('',(132.962650481209,-60.3556277027369,6.1));
#13606=CARTESIAN_POINT('Origin',(132.962650481209,-59.8556277027369,6.1));
#13607=CARTESIAN_POINT('',(132.962650481209,-60.3556277027369,6.1));
#13608=CARTESIAN_POINT('Origin',(145.962650481209,-60.3556277027369,6.1));
#13609=CARTESIAN_POINT('',(145.962650481209,-60.3556277027369,6.1));
#13610=CARTESIAN_POINT('',(146.281331407975,-60.3556277027369,6.1));
#13611=CARTESIAN_POINT('',(145.962650481209,-60.3556277027369,6.1));
#13612=CARTESIAN_POINT('Origin',(145.962650481209,-59.8556277027369,6.1));
#13613=CARTESIAN_POINT('',(146.462650481209,-59.8556277027369,6.1));
#13614=CARTESIAN_POINT('Origin',(145.962650481209,-59.8556277027369,6.1));
#13615=CARTESIAN_POINT('',(146.462650481209,-59.8556277027369,6.1));
#13616=CARTESIAN_POINT('Origin',(146.462650481209,-46.8556277027369,6.1));
#13617=CARTESIAN_POINT('',(146.462650481209,-46.8556277027369,6.1));
#13618=CARTESIAN_POINT('',(146.462650481209,-54.8778136122048,6.1));
#13619=CARTESIAN_POINT('',(146.462650481209,-46.8556277027369,6.1));
#13620=CARTESIAN_POINT('Origin',(145.962650481209,-46.8556277027369,6.1));
#13621=CARTESIAN_POINT('',(145.962650481209,-46.3556277027369,6.1));
#13622=CARTESIAN_POINT('Origin',(145.962650481209,-46.8556277027369,6.1));
#13623=CARTESIAN_POINT('',(145.962650481209,-46.3556277027369,6.1));
#13624=CARTESIAN_POINT('Origin',(132.962650481209,-46.3556277027369,6.1));
#13625=CARTESIAN_POINT('',(132.962650481209,-46.3556277027369,6.1));
#13626=CARTESIAN_POINT('',(139.781331407975,-46.3556277027369,6.1));
#13627=CARTESIAN_POINT('',(132.962650481209,-46.3556277027369,6.1));
#13628=CARTESIAN_POINT('Origin',(132.962650481209,-46.8556277027369,6.1));
#13629=CARTESIAN_POINT('Origin',(132.962650481209,-46.8556277027369,6.1));
#13630=CARTESIAN_POINT('Origin',(108.650150481209,-40.8056277027369,6.1));
#13631=CARTESIAN_POINT('',(108.650150481209,-40.8056277027369,6.1));
#13632=CARTESIAN_POINT('',(108.650150481209,-27.8056277027369,6.1));
#13633=CARTESIAN_POINT('',(108.650150481209,-51.8528136122048,6.1));
#13634=CARTESIAN_POINT('',(108.650150481209,-40.8056277027369,6.1));
#13635=CARTESIAN_POINT('',(108.650150481209,-27.8056277027369,6.1));
#13636=CARTESIAN_POINT('Origin',(109.150150481209,-40.8056277027369,6.1));
#13637=CARTESIAN_POINT('',(109.150150481209,-41.3056277027369,6.1));
#13638=CARTESIAN_POINT('Origin',(109.150150481209,-40.8056277027369,6.1));
#13639=CARTESIAN_POINT('',(109.150150481209,-41.3056277027369,6.1));
#13640=CARTESIAN_POINT('Origin',(122.150150481209,-41.3056277027369,6.1));
#13641=CARTESIAN_POINT('',(122.150150481209,-41.3056277027369,6.1));
#13642=CARTESIAN_POINT('',(134.375081407975,-41.3056277027369,6.1));
#13643=CARTESIAN_POINT('',(122.150150481209,-41.3056277027369,6.1));
#13644=CARTESIAN_POINT('Origin',(122.150150481209,-40.8056277027369,6.1));
#13645=CARTESIAN_POINT('',(122.650150481209,-40.8056277027369,6.1));
#13646=CARTESIAN_POINT('Origin',(122.150150481209,-40.8056277027369,6.1));
#13647=CARTESIAN_POINT('',(122.650150481209,-40.8056277027369,6.1));
#13648=CARTESIAN_POINT('Origin',(122.650150481209,-27.8056277027369,6.1));
#13649=CARTESIAN_POINT('',(122.650150481209,-27.8056277027369,6.1));
#13650=CARTESIAN_POINT('',(122.650150481209,-45.3528136122048,6.1));
#13651=CARTESIAN_POINT('',(122.650150481209,-27.8056277027369,6.1));
#13652=CARTESIAN_POINT('Origin',(122.150150481209,-27.8056277027369,6.1));
#13653=CARTESIAN_POINT('',(122.150150481209,-27.3056277027369,6.1));
#13654=CARTESIAN_POINT('Origin',(122.150150481209,-27.8056277027369,6.1));
#13655=CARTESIAN_POINT('',(122.150150481209,-27.3056277027369,6.1));
#13656=CARTESIAN_POINT('Origin',(109.150150481209,-27.3056277027369,6.1));
#13657=CARTESIAN_POINT('',(109.150150481209,-27.3056277027369,6.1));
#13658=CARTESIAN_POINT('',(127.875081407975,-27.3056277027369,6.1));
#13659=CARTESIAN_POINT('',(109.150150481209,-27.3056277027369,6.1));
#13660=CARTESIAN_POINT('Origin',(109.150150481209,-27.8056277027369,6.1));
#13661=CARTESIAN_POINT('Origin',(109.150150481209,-27.8056277027369,6.1));
#13662=CARTESIAN_POINT('Origin',(84.8376504812088,-78.9056277027369,6.1));
#13663=CARTESIAN_POINT('',(84.8376504812088,-78.9056277027369,6.1));
#13664=CARTESIAN_POINT('',(84.8376504812088,-65.9056277027369,6.1));
#13665=CARTESIAN_POINT('',(84.8376504812088,-70.9028136122048,6.1));
#13666=CARTESIAN_POINT('',(84.8376504812088,-78.9056277027369,6.1));
#13667=CARTESIAN_POINT('',(84.8376504812088,-65.9056277027369,6.1));
#13668=CARTESIAN_POINT('Origin',(85.3376504812088,-78.9056277027369,6.1));
#13669=CARTESIAN_POINT('',(85.3376504812088,-79.4056277027369,6.1));
#13670=CARTESIAN_POINT('Origin',(85.3376504812088,-78.9056277027369,6.1));
#13671=CARTESIAN_POINT('',(85.3376504812088,-79.4056277027369,6.1));
#13672=CARTESIAN_POINT('Origin',(98.3376504812088,-79.4056277027369,6.1));
#13673=CARTESIAN_POINT('',(98.3376504812088,-79.4056277027369,6.1));
#13674=CARTESIAN_POINT('',(122.468831407975,-79.4056277027369,6.1));
#13675=CARTESIAN_POINT('',(98.3376504812088,-79.4056277027369,6.1));
#13676=CARTESIAN_POINT('Origin',(98.3376504812088,-78.9056277027369,6.1));
#13677=CARTESIAN_POINT('',(98.8376504812088,-78.9056277027369,6.1));
#13678=CARTESIAN_POINT('Origin',(98.3376504812088,-78.9056277027369,6.1));
#13679=CARTESIAN_POINT('',(98.8376504812088,-78.9056277027369,6.1));
#13680=CARTESIAN_POINT('Origin',(98.8376504812088,-65.9056277027369,6.1));
#13681=CARTESIAN_POINT('',(98.8376504812088,-65.9056277027369,6.1));
#13682=CARTESIAN_POINT('',(98.8376504812088,-64.4028136122048,6.1));
#13683=CARTESIAN_POINT('',(98.8376504812088,-65.9056277027369,6.1));
#13684=CARTESIAN_POINT('Origin',(98.3376504812088,-65.9056277027369,6.1));
#13685=CARTESIAN_POINT('',(98.3376504812088,-65.4056277027369,6.1));
#13686=CARTESIAN_POINT('Origin',(98.3376504812088,-65.9056277027369,6.1));
#13687=CARTESIAN_POINT('',(98.3376504812088,-65.4056277027369,6.1));
#13688=CARTESIAN_POINT('Origin',(85.3376504812088,-65.4056277027369,6.1));
#13689=CARTESIAN_POINT('',(85.3376504812088,-65.4056277027369,6.1));
#13690=CARTESIAN_POINT('',(115.968831407975,-65.4056277027369,6.1));
#13691=CARTESIAN_POINT('',(85.3376504812088,-65.4056277027369,6.1));
#13692=CARTESIAN_POINT('Origin',(85.3376504812088,-65.9056277027369,6.1));
#13693=CARTESIAN_POINT('Origin',(85.3376504812088,-65.9056277027369,6.1));
#13694=CARTESIAN_POINT('Origin',(51.5001504812088,-40.8056277027369,6.1));
#13695=CARTESIAN_POINT('',(51.5001504812088,-40.8056277027369,6.1));
#13696=CARTESIAN_POINT('',(51.5001504812088,-27.8056277027369,6.1));
#13697=CARTESIAN_POINT('',(51.5001504812088,-51.8528136122048,6.1));
#13698=CARTESIAN_POINT('',(51.5001504812088,-40.8056277027369,6.1));
#13699=CARTESIAN_POINT('',(51.5001504812088,-27.8056277027369,6.1));
#13700=CARTESIAN_POINT('Origin',(52.0001504812088,-40.8056277027369,6.1));
#13701=CARTESIAN_POINT('',(52.0001504812088,-41.3056277027369,6.1));
#13702=CARTESIAN_POINT('Origin',(52.0001504812088,-40.8056277027369,6.1));
#13703=CARTESIAN_POINT('',(52.0001504812088,-41.3056277027369,6.1));
#13704=CARTESIAN_POINT('Origin',(65.0001504812088,-41.3056277027369,6.1));
#13705=CARTESIAN_POINT('',(65.0001504812088,-41.3056277027369,6.1));
#13706=CARTESIAN_POINT('',(105.800081407975,-41.3056277027369,6.1));
#13707=CARTESIAN_POINT('',(65.0001504812088,-41.3056277027369,6.1));
#13708=CARTESIAN_POINT('Origin',(65.0001504812088,-40.8056277027369,6.1));
#13709=CARTESIAN_POINT('',(65.5001504812088,-40.8056277027369,6.1));
#13710=CARTESIAN_POINT('Origin',(65.0001504812088,-40.8056277027369,6.1));
#13711=CARTESIAN_POINT('',(65.5001504812088,-40.8056277027369,6.1));
#13712=CARTESIAN_POINT('Origin',(65.5001504812088,-27.8056277027369,6.1));
#13713=CARTESIAN_POINT('',(65.5001504812088,-27.8056277027369,6.1));
#13714=CARTESIAN_POINT('',(65.5001504812088,-45.3528136122048,6.1));
#13715=CARTESIAN_POINT('',(65.5001504812088,-27.8056277027369,6.1));
#13716=CARTESIAN_POINT('Origin',(65.0001504812088,-27.8056277027369,6.1));
#13717=CARTESIAN_POINT('',(65.0001504812088,-27.3056277027369,6.1));
#13718=CARTESIAN_POINT('Origin',(65.0001504812088,-27.8056277027369,6.1));
#13719=CARTESIAN_POINT('',(65.0001504812088,-27.3056277027369,6.1));
#13720=CARTESIAN_POINT('Origin',(52.0001504812088,-27.3056277027369,6.1));
#13721=CARTESIAN_POINT('',(52.0001504812088,-27.3056277027369,6.1));
#13722=CARTESIAN_POINT('',(99.3000814079752,-27.3056277027369,6.1));
#13723=CARTESIAN_POINT('',(52.0001504812088,-27.3056277027369,6.1));
#13724=CARTESIAN_POINT('Origin',(52.0001504812088,-27.8056277027369,6.1));
#13725=CARTESIAN_POINT('Origin',(52.0001504812088,-27.8056277027369,6.1));
#13726=CARTESIAN_POINT('Origin',(65.7876504812088,-78.9056277027369,6.1));
#13727=CARTESIAN_POINT('',(65.7876504812088,-78.9056277027369,6.1));
#13728=CARTESIAN_POINT('',(65.7876504812088,-65.9056277027369,6.1));
#13729=CARTESIAN_POINT('',(65.7876504812088,-70.9028136122048,6.1));
#13730=CARTESIAN_POINT('',(65.7876504812088,-78.9056277027369,6.1));
#13731=CARTESIAN_POINT('',(65.7876504812088,-65.9056277027369,6.1));
#13732=CARTESIAN_POINT('Origin',(66.2876504812088,-78.9056277027369,6.1));
#13733=CARTESIAN_POINT('',(66.2876504812088,-79.4056277027369,6.1));
#13734=CARTESIAN_POINT('Origin',(66.2876504812088,-78.9056277027369,6.1));
#13735=CARTESIAN_POINT('',(66.2876504812088,-79.4056277027369,6.1));
#13736=CARTESIAN_POINT('Origin',(79.2876504812088,-79.4056277027369,6.1));
#13737=CARTESIAN_POINT('',(79.2876504812088,-79.4056277027369,6.1));
#13738=CARTESIAN_POINT('',(112.943831407975,-79.4056277027369,6.1));
#13739=CARTESIAN_POINT('',(79.2876504812088,-79.4056277027369,6.1));
#13740=CARTESIAN_POINT('Origin',(79.2876504812088,-78.9056277027369,6.1));
#13741=CARTESIAN_POINT('',(79.7876504812088,-78.9056277027369,6.1));
#13742=CARTESIAN_POINT('Origin',(79.2876504812088,-78.9056277027369,6.1));
#13743=CARTESIAN_POINT('',(79.7876504812088,-78.9056277027369,6.1));
#13744=CARTESIAN_POINT('Origin',(79.7876504812088,-65.9056277027369,6.1));
#13745=CARTESIAN_POINT('',(79.7876504812088,-65.9056277027369,6.1));
#13746=CARTESIAN_POINT('',(79.7876504812088,-64.4028136122048,6.1));
#13747=CARTESIAN_POINT('',(79.7876504812088,-65.9056277027369,6.1));
#13748=CARTESIAN_POINT('Origin',(79.2876504812088,-65.9056277027369,6.1));
#13749=CARTESIAN_POINT('',(79.2876504812088,-65.4056277027369,6.1));
#13750=CARTESIAN_POINT('Origin',(79.2876504812088,-65.9056277027369,6.1));
#13751=CARTESIAN_POINT('',(79.2876504812088,-65.4056277027369,6.1));
#13752=CARTESIAN_POINT('Origin',(66.2876504812088,-65.4056277027369,6.1));
#13753=CARTESIAN_POINT('',(66.2876504812088,-65.4056277027369,6.1));
#13754=CARTESIAN_POINT('',(106.443831407975,-65.4056277027369,6.1));
#13755=CARTESIAN_POINT('',(66.2876504812088,-65.4056277027369,6.1));
#13756=CARTESIAN_POINT('Origin',(66.2876504812088,-65.9056277027369,6.1));
#13757=CARTESIAN_POINT('Origin',(66.2876504812088,-65.9056277027369,6.1));
#13758=CARTESIAN_POINT('Origin',(140.106400481209,-97.9556277027369,6.1));
#13759=CARTESIAN_POINT('',(140.106400481209,-98.4556277027369,6.1));
#13760=CARTESIAN_POINT('Origin',(140.106400481209,-97.9556277027369,6.1));
#13761=CARTESIAN_POINT('',(140.106400481209,-98.4556277027369,6.1));
#13762=CARTESIAN_POINT('Origin',(153.106400481209,-98.4556277027369,6.1));
#13763=CARTESIAN_POINT('',(153.106400481209,-98.4556277027369,6.1));
#13764=CARTESIAN_POINT('',(149.853206407975,-98.4556277027369,6.1));
#13765=CARTESIAN_POINT('',(153.106400481209,-98.4556277027369,6.1));
#13766=CARTESIAN_POINT('Origin',(153.106400481209,-97.9556277027369,6.1));
#13767=CARTESIAN_POINT('Origin',(153.106400481209,-97.9556277027369,6.1));
#13768=CARTESIAN_POINT('Origin',(153.606400481209,-84.9556277027369,6.1));
#13769=CARTESIAN_POINT('',(153.606400481209,-84.9556277027369,6.1));
#13770=CARTESIAN_POINT('',(153.606400481209,-73.9278136122048,6.1));
#13771=CARTESIAN_POINT('',(153.606400481209,-84.9556277027369,6.1));
#13772=CARTESIAN_POINT('Origin',(153.106400481209,-84.9556277027369,6.1));
#13773=CARTESIAN_POINT('',(153.106400481209,-84.4556277027369,6.1));
#13774=CARTESIAN_POINT('Origin',(153.106400481209,-84.9556277027369,6.1));
#13775=CARTESIAN_POINT('',(153.106400481209,-84.4556277027369,6.1));
#13776=CARTESIAN_POINT('Origin',(140.106400481209,-84.4556277027369,6.1));
#13777=CARTESIAN_POINT('',(140.106400481209,-84.4556277027369,6.1));
#13778=CARTESIAN_POINT('',(143.353206407975,-84.4556277027369,6.1));
#13779=CARTESIAN_POINT('',(140.106400481209,-84.4556277027369,6.1));
#13780=CARTESIAN_POINT('Origin',(140.106400481209,-84.9556277027369,6.1));
#13781=CARTESIAN_POINT('Origin',(140.106400481209,-84.9556277027369,6.1));
#13782=CARTESIAN_POINT('Origin',(218.187650481209,-97.9556277027369,6.1));
#13783=CARTESIAN_POINT('',(218.187650481209,-97.9556277027369,6.1));
#13784=CARTESIAN_POINT('',(218.187650481209,-84.9556277027369,6.1));
#13785=CARTESIAN_POINT('',(218.187650481209,-80.4278136122048,6.1));
#13786=CARTESIAN_POINT('',(218.187650481209,-97.9556277027369,6.1));
#13787=CARTESIAN_POINT('',(218.187650481209,-84.9556277027369,6.1));
#13788=CARTESIAN_POINT('Origin',(218.687650481209,-97.9556277027369,6.1));
#13789=CARTESIAN_POINT('',(218.687650481209,-98.4556277027369,6.1));
#13790=CARTESIAN_POINT('Origin',(218.687650481209,-97.9556277027369,6.1));
#13791=CARTESIAN_POINT('',(218.687650481209,-98.4556277027369,6.1));
#13792=CARTESIAN_POINT('Origin',(231.687650481209,-98.4556277027369,6.1));
#13793=CARTESIAN_POINT('',(231.687650481209,-98.4556277027369,6.1));
#13794=CARTESIAN_POINT('',(189.143831407975,-98.4556277027369,6.1));
#13795=CARTESIAN_POINT('',(231.687650481209,-98.4556277027369,6.1));
#13796=CARTESIAN_POINT('Origin',(231.687650481209,-97.9556277027369,6.1));
#13797=CARTESIAN_POINT('',(232.187650481209,-97.9556277027369,6.1));
#13798=CARTESIAN_POINT('Origin',(231.687650481209,-97.9556277027369,6.1));
#13799=CARTESIAN_POINT('',(232.187650481209,-97.9556277027369,6.1));
#13800=CARTESIAN_POINT('Origin',(232.187650481209,-84.9556277027369,6.1));
#13801=CARTESIAN_POINT('',(232.187650481209,-84.9556277027369,6.1));
#13802=CARTESIAN_POINT('',(232.187650481209,-73.9278136122048,6.1));
#13803=CARTESIAN_POINT('',(232.187650481209,-84.9556277027369,6.1));
#13804=CARTESIAN_POINT('Origin',(231.687650481209,-84.9556277027369,6.1));
#13805=CARTESIAN_POINT('',(231.687650481209,-84.4556277027369,6.1));
#13806=CARTESIAN_POINT('Origin',(231.687650481209,-84.9556277027369,6.1));
#13807=CARTESIAN_POINT('',(231.687650481209,-84.4556277027369,6.1));
#13808=CARTESIAN_POINT('Origin',(218.687650481209,-84.4556277027369,6.1));
#13809=CARTESIAN_POINT('',(218.687650481209,-84.4556277027369,6.1));
#13810=CARTESIAN_POINT('',(182.643831407975,-84.4556277027369,6.1));
#13811=CARTESIAN_POINT('',(218.687650481209,-84.4556277027369,6.1));
#13812=CARTESIAN_POINT('Origin',(218.687650481209,-84.9556277027369,6.1));
#13813=CARTESIAN_POINT('Origin',(218.687650481209,-84.9556277027369,6.1));
#13814=CARTESIAN_POINT('Origin',(41.9751504812088,-78.9056277027369,6.1));
#13815=CARTESIAN_POINT('',(41.9751504812088,-78.9056277027369,6.1));
#13816=CARTESIAN_POINT('',(41.9751504812088,-65.9056277027369,6.1));
#13817=CARTESIAN_POINT('',(41.9751504812088,-70.9028136122048,6.1));
#13818=CARTESIAN_POINT('',(41.9751504812088,-78.9056277027369,6.1));
#13819=CARTESIAN_POINT('',(41.9751504812088,-65.9056277027369,6.1));
#13820=CARTESIAN_POINT('Origin',(42.4751504812088,-78.9056277027369,6.1));
#13821=CARTESIAN_POINT('',(42.4751504812088,-79.4056277027369,6.1));
#13822=CARTESIAN_POINT('Origin',(42.4751504812088,-78.9056277027369,6.1));
#13823=CARTESIAN_POINT('',(42.4751504812088,-79.4056277027369,6.1));
#13824=CARTESIAN_POINT('Origin',(55.4751504812088,-79.4056277027369,6.1));
#13825=CARTESIAN_POINT('',(55.4751504812088,-79.4056277027369,6.1));
#13826=CARTESIAN_POINT('',(101.037581407975,-79.4056277027369,6.1));
#13827=CARTESIAN_POINT('',(55.4751504812088,-79.4056277027369,6.1));
#13828=CARTESIAN_POINT('Origin',(55.4751504812088,-78.9056277027369,6.1));
#13829=CARTESIAN_POINT('',(55.9751504812088,-78.9056277027369,6.1));
#13830=CARTESIAN_POINT('Origin',(55.4751504812088,-78.9056277027369,6.1));
#13831=CARTESIAN_POINT('',(55.9751504812088,-78.9056277027369,6.1));
#13832=CARTESIAN_POINT('Origin',(55.9751504812088,-65.9056277027369,6.1));
#13833=CARTESIAN_POINT('',(55.9751504812088,-65.9056277027369,6.1));
#13834=CARTESIAN_POINT('',(55.9751504812088,-64.4028136122048,6.1));
#13835=CARTESIAN_POINT('',(55.9751504812088,-65.9056277027369,6.1));
#13836=CARTESIAN_POINT('Origin',(55.4751504812088,-65.9056277027369,6.1));
#13837=CARTESIAN_POINT('',(55.4751504812088,-65.4056277027369,6.1));
#13838=CARTESIAN_POINT('Origin',(55.4751504812088,-65.9056277027369,6.1));
#13839=CARTESIAN_POINT('',(55.4751504812088,-65.4056277027369,6.1));
#13840=CARTESIAN_POINT('Origin',(42.4751504812088,-65.4056277027369,6.1));
#13841=CARTESIAN_POINT('',(42.4751504812088,-65.4056277027369,6.1));
#13842=CARTESIAN_POINT('',(94.5375814079752,-65.4056277027369,6.1));
#13843=CARTESIAN_POINT('',(42.4751504812088,-65.4056277027369,6.1));
#13844=CARTESIAN_POINT('Origin',(42.4751504812088,-65.9056277027369,6.1));
#13845=CARTESIAN_POINT('Origin',(42.4751504812088,-65.9056277027369,6.1));
#13846=CARTESIAN_POINT('Origin',(56.2626504812088,-59.8556277027369,6.1));
#13847=CARTESIAN_POINT('',(56.2626504812088,-59.8556277027369,6.1));
#13848=CARTESIAN_POINT('',(56.2626504812088,-46.8556277027369,6.1));
#13849=CARTESIAN_POINT('',(56.2626504812088,-61.3778136122048,6.1));
#13850=CARTESIAN_POINT('',(56.2626504812088,-59.8556277027369,6.1));
#13851=CARTESIAN_POINT('',(56.2626504812088,-46.8556277027369,6.1));
#13852=CARTESIAN_POINT('Origin',(56.7626504812088,-59.8556277027369,6.1));
#13853=CARTESIAN_POINT('',(56.7626504812088,-60.3556277027369,6.1));
#13854=CARTESIAN_POINT('Origin',(56.7626504812088,-59.8556277027369,6.1));
#13855=CARTESIAN_POINT('',(56.7626504812088,-60.3556277027369,6.1));
#13856=CARTESIAN_POINT('Origin',(69.7626504812088,-60.3556277027369,6.1));
#13857=CARTESIAN_POINT('',(69.7626504812088,-60.3556277027369,6.1));
#13858=CARTESIAN_POINT('',(108.181331407975,-60.3556277027369,6.1));
#13859=CARTESIAN_POINT('',(69.7626504812088,-60.3556277027369,6.1));
#13860=CARTESIAN_POINT('Origin',(69.7626504812088,-59.8556277027369,6.1));
#13861=CARTESIAN_POINT('',(70.2626504812088,-59.8556277027369,6.1));
#13862=CARTESIAN_POINT('Origin',(69.7626504812088,-59.8556277027369,6.1));
#13863=CARTESIAN_POINT('',(70.2626504812088,-59.8556277027369,6.1));
#13864=CARTESIAN_POINT('Origin',(70.2626504812088,-46.8556277027369,6.1));
#13865=CARTESIAN_POINT('',(70.2626504812088,-46.8556277027369,6.1));
#13866=CARTESIAN_POINT('',(70.2626504812088,-54.8778136122048,6.1));
#13867=CARTESIAN_POINT('',(70.2626504812088,-46.8556277027369,6.1));
#13868=CARTESIAN_POINT('Origin',(69.7626504812088,-46.8556277027369,6.1));
#13869=CARTESIAN_POINT('',(69.7626504812088,-46.3556277027369,6.1));
#13870=CARTESIAN_POINT('Origin',(69.7626504812088,-46.8556277027369,6.1));
#13871=CARTESIAN_POINT('',(69.7626504812088,-46.3556277027369,6.1));
#13872=CARTESIAN_POINT('Origin',(56.7626504812088,-46.3556277027369,6.1));
#13873=CARTESIAN_POINT('',(56.7626504812088,-46.3556277027369,6.1));
#13874=CARTESIAN_POINT('',(101.681331407975,-46.3556277027369,6.1));
#13875=CARTESIAN_POINT('',(56.7626504812088,-46.3556277027369,6.1));
#13876=CARTESIAN_POINT('Origin',(56.7626504812088,-46.8556277027369,6.1));
#13877=CARTESIAN_POINT('Origin',(56.7626504812088,-46.8556277027369,6.1));
#13878=CARTESIAN_POINT('Origin',(103.887650481209,-78.9056277027369,6.1));
#13879=CARTESIAN_POINT('',(103.887650481209,-78.9056277027369,6.1));
#13880=CARTESIAN_POINT('',(103.887650481209,-65.9056277027369,6.1));
#13881=CARTESIAN_POINT('',(103.887650481209,-70.9028136122048,6.1));
#13882=CARTESIAN_POINT('',(103.887650481209,-78.9056277027369,6.1));
#13883=CARTESIAN_POINT('',(103.887650481209,-65.9056277027369,6.1));
#13884=CARTESIAN_POINT('Origin',(104.387650481209,-78.9056277027369,6.1));
#13885=CARTESIAN_POINT('',(104.387650481209,-79.4056277027369,6.1));
#13886=CARTESIAN_POINT('Origin',(104.387650481209,-78.9056277027369,6.1));
#13887=CARTESIAN_POINT('',(104.387650481209,-79.4056277027369,6.1));
#13888=CARTESIAN_POINT('Origin',(117.387650481209,-79.4056277027369,6.1));
#13889=CARTESIAN_POINT('',(117.387650481209,-79.4056277027369,6.1));
#13890=CARTESIAN_POINT('',(131.993831407975,-79.4056277027369,6.1));
#13891=CARTESIAN_POINT('',(117.387650481209,-79.4056277027369,6.1));
#13892=CARTESIAN_POINT('Origin',(117.387650481209,-78.9056277027369,6.1));
#13893=CARTESIAN_POINT('',(117.887650481209,-78.9056277027369,6.1));
#13894=CARTESIAN_POINT('Origin',(117.387650481209,-78.9056277027369,6.1));
#13895=CARTESIAN_POINT('',(117.887650481209,-78.9056277027369,6.1));
#13896=CARTESIAN_POINT('Origin',(117.887650481209,-65.9056277027369,6.1));
#13897=CARTESIAN_POINT('',(117.887650481209,-65.9056277027369,6.1));
#13898=CARTESIAN_POINT('',(117.887650481209,-64.4028136122048,6.1));
#13899=CARTESIAN_POINT('',(117.887650481209,-65.9056277027369,6.1));
#13900=CARTESIAN_POINT('Origin',(117.387650481209,-65.9056277027369,6.1));
#13901=CARTESIAN_POINT('',(117.387650481209,-65.4056277027369,6.1));
#13902=CARTESIAN_POINT('Origin',(117.387650481209,-65.9056277027369,6.1));
#13903=CARTESIAN_POINT('',(117.387650481209,-65.4056277027369,6.1));
#13904=CARTESIAN_POINT('Origin',(104.387650481209,-65.4056277027369,6.1));
#13905=CARTESIAN_POINT('',(104.387650481209,-65.4056277027369,6.1));
#13906=CARTESIAN_POINT('',(125.493831407975,-65.4056277027369,6.1));
#13907=CARTESIAN_POINT('',(104.387650481209,-65.4056277027369,6.1));
#13908=CARTESIAN_POINT('Origin',(104.387650481209,-65.9056277027369,6.1));
#13909=CARTESIAN_POINT('Origin',(104.387650481209,-65.9056277027369,6.1));
#13910=CARTESIAN_POINT('Origin',(113.412650481209,-59.8556277027369,6.1));
#13911=CARTESIAN_POINT('',(113.412650481209,-59.8556277027369,6.1));
#13912=CARTESIAN_POINT('',(113.412650481209,-46.8556277027369,6.1));
#13913=CARTESIAN_POINT('',(113.412650481209,-61.3778136122048,6.1));
#13914=CARTESIAN_POINT('',(113.412650481209,-59.8556277027369,6.1));
#13915=CARTESIAN_POINT('',(113.412650481209,-46.8556277027369,6.1));
#13916=CARTESIAN_POINT('Origin',(113.912650481209,-59.8556277027369,6.1));
#13917=CARTESIAN_POINT('',(113.912650481209,-60.3556277027369,6.1));
#13918=CARTESIAN_POINT('Origin',(113.912650481209,-59.8556277027369,6.1));
#13919=CARTESIAN_POINT('',(113.912650481209,-60.3556277027369,6.1));
#13920=CARTESIAN_POINT('Origin',(126.912650481209,-60.3556277027369,6.1));
#13921=CARTESIAN_POINT('',(126.912650481209,-60.3556277027369,6.1));
#13922=CARTESIAN_POINT('',(136.756331407975,-60.3556277027369,6.1));
#13923=CARTESIAN_POINT('',(126.912650481209,-60.3556277027369,6.1));
#13924=CARTESIAN_POINT('Origin',(126.912650481209,-59.8556277027369,6.1));
#13925=CARTESIAN_POINT('',(127.412650481209,-59.8556277027369,6.1));
#13926=CARTESIAN_POINT('Origin',(126.912650481209,-59.8556277027369,6.1));
#13927=CARTESIAN_POINT('',(127.412650481209,-59.8556277027369,6.1));
#13928=CARTESIAN_POINT('Origin',(127.412650481209,-46.8556277027369,6.1));
#13929=CARTESIAN_POINT('',(127.412650481209,-46.8556277027369,6.1));
#13930=CARTESIAN_POINT('',(127.412650481209,-54.8778136122048,6.1));
#13931=CARTESIAN_POINT('',(127.412650481209,-46.8556277027369,6.1));
#13932=CARTESIAN_POINT('Origin',(126.912650481209,-46.8556277027369,6.1));
#13933=CARTESIAN_POINT('',(126.912650481209,-46.3556277027369,6.1));
#13934=CARTESIAN_POINT('Origin',(126.912650481209,-46.8556277027369,6.1));
#13935=CARTESIAN_POINT('',(126.912650481209,-46.3556277027369,6.1));
#13936=CARTESIAN_POINT('Origin',(113.912650481209,-46.3556277027369,6.1));
#13937=CARTESIAN_POINT('',(113.912650481209,-46.3556277027369,6.1));
#13938=CARTESIAN_POINT('',(130.256331407975,-46.3556277027369,6.1));
#13939=CARTESIAN_POINT('',(113.912650481209,-46.3556277027369,6.1));
#13940=CARTESIAN_POINT('Origin',(113.912650481209,-46.8556277027369,6.1));
#13941=CARTESIAN_POINT('Origin',(113.912650481209,-46.8556277027369,6.1));
#13942=CARTESIAN_POINT('Origin',(127.700150481209,-40.8056277027369,6.1));
#13943=CARTESIAN_POINT('',(127.700150481209,-40.8056277027369,6.1));
#13944=CARTESIAN_POINT('',(127.700150481209,-27.8056277027369,6.1));
#13945=CARTESIAN_POINT('',(127.700150481209,-51.8528136122048,6.1));
#13946=CARTESIAN_POINT('',(127.700150481209,-40.8056277027369,6.1));
#13947=CARTESIAN_POINT('',(127.700150481209,-27.8056277027369,6.1));
#13948=CARTESIAN_POINT('Origin',(128.200150481209,-40.8056277027369,6.1));
#13949=CARTESIAN_POINT('',(128.200150481209,-41.3056277027369,6.1));
#13950=CARTESIAN_POINT('Origin',(128.200150481209,-40.8056277027369,6.1));
#13951=CARTESIAN_POINT('',(128.200150481209,-41.3056277027369,6.1));
#13952=CARTESIAN_POINT('Origin',(141.200150481209,-41.3056277027369,6.1));
#13953=CARTESIAN_POINT('',(141.200150481209,-41.3056277027369,6.1));
#13954=CARTESIAN_POINT('',(143.900081407975,-41.3056277027369,6.1));
#13955=CARTESIAN_POINT('',(141.200150481209,-41.3056277027369,6.1));
#13956=CARTESIAN_POINT('Origin',(141.200150481209,-40.8056277027369,6.1));
#13957=CARTESIAN_POINT('',(141.700150481209,-40.8056277027369,6.1));
#13958=CARTESIAN_POINT('Origin',(141.200150481209,-40.8056277027369,6.1));
#13959=CARTESIAN_POINT('',(141.700150481209,-40.8056277027369,6.1));
#13960=CARTESIAN_POINT('Origin',(141.700150481209,-27.8056277027369,6.1));
#13961=CARTESIAN_POINT('',(141.700150481209,-27.8056277027369,6.1));
#13962=CARTESIAN_POINT('',(141.700150481209,-45.3528136122048,6.1));
#13963=CARTESIAN_POINT('',(141.700150481209,-27.8056277027369,6.1));
#13964=CARTESIAN_POINT('Origin',(141.200150481209,-27.8056277027369,6.1));
#13965=CARTESIAN_POINT('',(141.200150481209,-27.3056277027369,6.1));
#13966=CARTESIAN_POINT('Origin',(141.200150481209,-27.8056277027369,6.1));
#13967=CARTESIAN_POINT('',(141.200150481209,-27.3056277027369,6.1));
#13968=CARTESIAN_POINT('Origin',(128.200150481209,-27.3056277027369,6.1));
#13969=CARTESIAN_POINT('',(128.200150481209,-27.3056277027369,6.1));
#13970=CARTESIAN_POINT('',(137.400081407975,-27.3056277027369,6.1));
#13971=CARTESIAN_POINT('',(128.200150481209,-27.3056277027369,6.1));
#13972=CARTESIAN_POINT('Origin',(128.200150481209,-27.8056277027369,6.1));
#13973=CARTESIAN_POINT('Origin',(128.200150481209,-27.8056277027369,6.1));
#13974=CARTESIAN_POINT('Origin',(180.087650481209,-78.9056277027369,6.1));
#13975=CARTESIAN_POINT('',(180.087650481209,-78.9056277027369,6.1));
#13976=CARTESIAN_POINT('',(180.087650481209,-65.9056277027369,6.1));
#13977=CARTESIAN_POINT('',(180.087650481209,-70.9028136122048,6.1));
#13978=CARTESIAN_POINT('',(180.087650481209,-78.9056277027369,6.1));
#13979=CARTESIAN_POINT('',(180.087650481209,-65.9056277027369,6.1));
#13980=CARTESIAN_POINT('Origin',(180.587650481209,-78.9056277027369,6.1));
#13981=CARTESIAN_POINT('',(180.587650481209,-79.4056277027369,6.1));
#13982=CARTESIAN_POINT('Origin',(180.587650481209,-78.9056277027369,6.1));
#13983=CARTESIAN_POINT('',(180.587650481209,-79.4056277027369,6.1));
#13984=CARTESIAN_POINT('Origin',(193.587650481209,-79.4056277027369,6.1));
#13985=CARTESIAN_POINT('',(193.587650481209,-79.4056277027369,6.1));
#13986=CARTESIAN_POINT('',(170.093831407975,-79.4056277027369,6.1));
#13987=CARTESIAN_POINT('',(193.587650481209,-79.4056277027369,6.1));
#13988=CARTESIAN_POINT('Origin',(193.587650481209,-78.9056277027369,6.1));
#13989=CARTESIAN_POINT('',(194.087650481209,-78.9056277027369,6.1));
#13990=CARTESIAN_POINT('Origin',(193.587650481209,-78.9056277027369,6.1));
#13991=CARTESIAN_POINT('',(194.087650481209,-78.9056277027369,6.1));
#13992=CARTESIAN_POINT('Origin',(194.087650481209,-65.9056277027369,6.1));
#13993=CARTESIAN_POINT('',(194.087650481209,-65.9056277027369,6.1));
#13994=CARTESIAN_POINT('',(194.087650481209,-64.4028136122048,6.1));
#13995=CARTESIAN_POINT('',(194.087650481209,-65.9056277027369,6.1));
#13996=CARTESIAN_POINT('Origin',(193.587650481209,-65.9056277027369,6.1));
#13997=CARTESIAN_POINT('',(193.587650481209,-65.4056277027369,6.1));
#13998=CARTESIAN_POINT('Origin',(193.587650481209,-65.9056277027369,6.1));
#13999=CARTESIAN_POINT('',(193.587650481209,-65.4056277027369,6.1));
#14000=CARTESIAN_POINT('Origin',(180.587650481209,-65.4056277027369,6.1));
#14001=CARTESIAN_POINT('',(180.587650481209,-65.4056277027369,6.1));
#14002=CARTESIAN_POINT('',(163.593831407975,-65.4056277027369,6.1));
#14003=CARTESIAN_POINT('',(180.587650481209,-65.4056277027369,6.1));
#14004=CARTESIAN_POINT('Origin',(180.587650481209,-65.9056277027369,6.1));
#14005=CARTESIAN_POINT('Origin',(180.587650481209,-65.9056277027369,6.1));
#14006=CARTESIAN_POINT('Origin',(189.612650481209,-59.8556277027369,6.1));
#14007=CARTESIAN_POINT('',(189.612650481209,-59.8556277027369,6.1));
#14008=CARTESIAN_POINT('',(189.612650481209,-46.8556277027369,6.1));
#14009=CARTESIAN_POINT('',(189.612650481209,-61.3778136122048,6.1));
#14010=CARTESIAN_POINT('',(189.612650481209,-59.8556277027369,6.1));
#14011=CARTESIAN_POINT('',(189.612650481209,-46.8556277027369,6.1));
#14012=CARTESIAN_POINT('Origin',(190.112650481209,-59.8556277027369,6.1));
#14013=CARTESIAN_POINT('',(190.112650481209,-60.3556277027369,6.1));
#14014=CARTESIAN_POINT('Origin',(190.112650481209,-59.8556277027369,6.1));
#14015=CARTESIAN_POINT('',(190.112650481209,-60.3556277027369,6.1));
#14016=CARTESIAN_POINT('Origin',(203.112650481209,-60.3556277027369,6.1));
#14017=CARTESIAN_POINT('',(203.112650481209,-60.3556277027369,6.1));
#14018=CARTESIAN_POINT('',(174.856331407975,-60.3556277027369,6.1));
#14019=CARTESIAN_POINT('',(203.112650481209,-60.3556277027369,6.1));
#14020=CARTESIAN_POINT('Origin',(203.112650481209,-59.8556277027369,6.1));
#14021=CARTESIAN_POINT('',(203.612650481209,-59.8556277027369,6.1));
#14022=CARTESIAN_POINT('Origin',(203.112650481209,-59.8556277027369,6.1));
#14023=CARTESIAN_POINT('',(203.612650481209,-59.8556277027369,6.1));
#14024=CARTESIAN_POINT('Origin',(203.612650481209,-46.8556277027369,6.1));
#14025=CARTESIAN_POINT('',(203.612650481209,-46.8556277027369,6.1));
#14026=CARTESIAN_POINT('',(203.612650481209,-54.8778136122048,6.1));
#14027=CARTESIAN_POINT('',(203.612650481209,-46.8556277027369,6.1));
#14028=CARTESIAN_POINT('Origin',(203.112650481209,-46.8556277027369,6.1));
#14029=CARTESIAN_POINT('',(203.112650481209,-46.3556277027369,6.1));
#14030=CARTESIAN_POINT('Origin',(203.112650481209,-46.8556277027369,6.1));
#14031=CARTESIAN_POINT('',(203.112650481209,-46.3556277027369,6.1));
#14032=CARTESIAN_POINT('Origin',(190.112650481209,-46.3556277027369,6.1));
#14033=CARTESIAN_POINT('',(190.112650481209,-46.3556277027369,6.1));
#14034=CARTESIAN_POINT('',(168.356331407975,-46.3556277027369,6.1));
#14035=CARTESIAN_POINT('',(190.112650481209,-46.3556277027369,6.1));
#14036=CARTESIAN_POINT('Origin',(190.112650481209,-46.8556277027369,6.1));
#14037=CARTESIAN_POINT('Origin',(190.112650481209,-46.8556277027369,6.1));
#14038=CARTESIAN_POINT('Origin',(246.762650481209,-59.8556277027369,6.1));
#14039=CARTESIAN_POINT('',(246.762650481209,-59.8556277027369,6.1));
#14040=CARTESIAN_POINT('',(246.762650481209,-46.8556277027369,6.1));
#14041=CARTESIAN_POINT('',(246.762650481209,-61.3778136122048,6.1));
#14042=CARTESIAN_POINT('',(246.762650481209,-59.8556277027369,6.1));
#14043=CARTESIAN_POINT('',(246.762650481209,-46.8556277027369,6.1));
#14044=CARTESIAN_POINT('Origin',(247.262650481209,-59.8556277027369,6.1));
#14045=CARTESIAN_POINT('',(247.262650481209,-60.3556277027369,6.1));
#14046=CARTESIAN_POINT('Origin',(247.262650481209,-59.8556277027369,6.1));
#14047=CARTESIAN_POINT('',(247.262650481209,-60.3556277027369,6.1));
#14048=CARTESIAN_POINT('Origin',(260.262650481209,-60.3556277027369,6.1));
#14049=CARTESIAN_POINT('',(260.262650481209,-60.3556277027369,6.1));
#14050=CARTESIAN_POINT('',(203.431331407975,-60.3556277027369,6.1));
#14051=CARTESIAN_POINT('',(260.262650481209,-60.3556277027369,6.1));
#14052=CARTESIAN_POINT('Origin',(260.262650481209,-59.8556277027369,6.1));
#14053=CARTESIAN_POINT('',(260.762650481209,-59.8556277027369,6.1));
#14054=CARTESIAN_POINT('Origin',(260.262650481209,-59.8556277027369,6.1));
#14055=CARTESIAN_POINT('',(260.762650481209,-59.8556277027369,6.1));
#14056=CARTESIAN_POINT('Origin',(260.762650481209,-46.8556277027369,6.1));
#14057=CARTESIAN_POINT('',(260.762650481209,-46.8556277027369,6.1));
#14058=CARTESIAN_POINT('',(260.762650481209,-54.8778136122048,6.1));
#14059=CARTESIAN_POINT('',(260.762650481209,-46.8556277027369,6.1));
#14060=CARTESIAN_POINT('Origin',(260.262650481209,-46.8556277027369,6.1));
#14061=CARTESIAN_POINT('',(260.262650481209,-46.3556277027369,6.1));
#14062=CARTESIAN_POINT('Origin',(260.262650481209,-46.8556277027369,6.1));
#14063=CARTESIAN_POINT('',(260.262650481209,-46.3556277027369,6.1));
#14064=CARTESIAN_POINT('Origin',(247.262650481209,-46.3556277027369,6.1));
#14065=CARTESIAN_POINT('',(247.262650481209,-46.3556277027369,6.1));
#14066=CARTESIAN_POINT('',(196.931331407975,-46.3556277027369,6.1));
#14067=CARTESIAN_POINT('',(247.262650481209,-46.3556277027369,6.1));
#14068=CARTESIAN_POINT('Origin',(247.262650481209,-46.8556277027369,6.1));
#14069=CARTESIAN_POINT('Origin',(247.262650481209,-46.8556277027369,6.1));
#14070=CARTESIAN_POINT('Origin',(208.662650481209,-59.8556277027369,6.1));
#14071=CARTESIAN_POINT('',(208.662650481209,-59.8556277027369,6.1));
#14072=CARTESIAN_POINT('',(208.662650481209,-46.8556277027369,6.1));
#14073=CARTESIAN_POINT('',(208.662650481209,-61.3778136122048,6.1));
#14074=CARTESIAN_POINT('',(208.662650481209,-59.8556277027369,6.1));
#14075=CARTESIAN_POINT('',(208.662650481209,-46.8556277027369,6.1));
#14076=CARTESIAN_POINT('Origin',(209.162650481209,-59.8556277027369,6.1));
#14077=CARTESIAN_POINT('',(209.162650481209,-60.3556277027369,6.1));
#14078=CARTESIAN_POINT('Origin',(209.162650481209,-59.8556277027369,6.1));
#14079=CARTESIAN_POINT('',(209.162650481209,-60.3556277027369,6.1));
#14080=CARTESIAN_POINT('Origin',(222.162650481209,-60.3556277027369,6.1));
#14081=CARTESIAN_POINT('',(222.162650481209,-60.3556277027369,6.1));
#14082=CARTESIAN_POINT('',(184.381331407975,-60.3556277027369,6.1));
#14083=CARTESIAN_POINT('',(222.162650481209,-60.3556277027369,6.1));
#14084=CARTESIAN_POINT('Origin',(222.162650481209,-59.8556277027369,6.1));
#14085=CARTESIAN_POINT('',(222.662650481209,-59.8556277027369,6.1));
#14086=CARTESIAN_POINT('Origin',(222.162650481209,-59.8556277027369,6.1));
#14087=CARTESIAN_POINT('',(222.662650481209,-59.8556277027369,6.1));
#14088=CARTESIAN_POINT('Origin',(222.662650481209,-46.8556277027369,6.1));
#14089=CARTESIAN_POINT('',(222.662650481209,-46.8556277027369,6.1));
#14090=CARTESIAN_POINT('',(222.662650481209,-54.8778136122048,6.1));
#14091=CARTESIAN_POINT('',(222.662650481209,-46.8556277027369,6.1));
#14092=CARTESIAN_POINT('Origin',(222.162650481209,-46.8556277027369,6.1));
#14093=CARTESIAN_POINT('',(222.162650481209,-46.3556277027369,6.1));
#14094=CARTESIAN_POINT('Origin',(222.162650481209,-46.8556277027369,6.1));
#14095=CARTESIAN_POINT('',(222.162650481209,-46.3556277027369,6.1));
#14096=CARTESIAN_POINT('Origin',(209.162650481209,-46.3556277027369,6.1));
#14097=CARTESIAN_POINT('',(209.162650481209,-46.3556277027369,6.1));
#14098=CARTESIAN_POINT('',(177.881331407975,-46.3556277027369,6.1));
#14099=CARTESIAN_POINT('',(209.162650481209,-46.3556277027369,6.1));
#14100=CARTESIAN_POINT('Origin',(209.162650481209,-46.8556277027369,6.1));
#14101=CARTESIAN_POINT('Origin',(209.162650481209,-46.8556277027369,6.1));
#14102=CARTESIAN_POINT('Origin',(222.950150481209,-40.8056277027369,6.1));
#14103=CARTESIAN_POINT('',(222.950150481209,-40.8056277027369,6.1));
#14104=CARTESIAN_POINT('',(222.950150481209,-27.8056277027369,6.1));
#14105=CARTESIAN_POINT('',(222.950150481209,-51.8528136122048,6.1));
#14106=CARTESIAN_POINT('',(222.950150481209,-40.8056277027369,6.1));
#14107=CARTESIAN_POINT('',(222.950150481209,-27.8056277027369,6.1));
#14108=CARTESIAN_POINT('Origin',(223.450150481209,-40.8056277027369,6.1));
#14109=CARTESIAN_POINT('',(223.450150481209,-41.3056277027369,6.1));
#14110=CARTESIAN_POINT('Origin',(223.450150481209,-40.8056277027369,6.1));
#14111=CARTESIAN_POINT('',(223.450150481209,-41.3056277027369,6.1));
#14112=CARTESIAN_POINT('Origin',(236.450150481209,-41.3056277027369,6.1));
#14113=CARTESIAN_POINT('',(236.450150481209,-41.3056277027369,6.1));
#14114=CARTESIAN_POINT('',(191.525081407975,-41.3056277027369,6.1));
#14115=CARTESIAN_POINT('',(236.450150481209,-41.3056277027369,6.1));
#14116=CARTESIAN_POINT('Origin',(236.450150481209,-40.8056277027369,6.1));
#14117=CARTESIAN_POINT('',(236.950150481209,-40.8056277027369,6.1));
#14118=CARTESIAN_POINT('Origin',(236.450150481209,-40.8056277027369,6.1));
#14119=CARTESIAN_POINT('',(236.950150481209,-40.8056277027369,6.1));
#14120=CARTESIAN_POINT('Origin',(236.950150481209,-27.8056277027369,6.1));
#14121=CARTESIAN_POINT('',(236.950150481209,-27.8056277027369,6.1));
#14122=CARTESIAN_POINT('',(236.950150481209,-45.3528136122048,6.1));
#14123=CARTESIAN_POINT('',(236.950150481209,-27.8056277027369,6.1));
#14124=CARTESIAN_POINT('Origin',(236.450150481209,-27.8056277027369,6.1));
#14125=CARTESIAN_POINT('',(236.450150481209,-27.3056277027369,6.1));
#14126=CARTESIAN_POINT('Origin',(236.450150481209,-27.8056277027369,6.1));
#14127=CARTESIAN_POINT('',(236.450150481209,-27.3056277027369,6.1));
#14128=CARTESIAN_POINT('Origin',(223.450150481209,-27.3056277027369,6.1));
#14129=CARTESIAN_POINT('',(223.450150481209,-27.3056277027369,6.1));
#14130=CARTESIAN_POINT('',(185.025081407975,-27.3056277027369,6.1));
#14131=CARTESIAN_POINT('',(223.450150481209,-27.3056277027369,6.1));
#14132=CARTESIAN_POINT('Origin',(223.450150481209,-27.8056277027369,6.1));
#14133=CARTESIAN_POINT('Origin',(223.450150481209,-27.8056277027369,6.1));
#14134=CARTESIAN_POINT('Origin',(218.187650481209,-78.9056277027369,6.1));
#14135=CARTESIAN_POINT('',(218.187650481209,-78.9056277027369,6.1));
#14136=CARTESIAN_POINT('',(218.187650481209,-65.9056277027369,6.1));
#14137=CARTESIAN_POINT('',(218.187650481209,-70.9028136122048,6.1));
#14138=CARTESIAN_POINT('',(218.187650481209,-78.9056277027369,6.1));
#14139=CARTESIAN_POINT('',(218.187650481209,-65.9056277027369,6.1));
#14140=CARTESIAN_POINT('Origin',(218.687650481209,-78.9056277027369,6.1));
#14141=CARTESIAN_POINT('',(218.687650481209,-79.4056277027369,6.1));
#14142=CARTESIAN_POINT('Origin',(218.687650481209,-78.9056277027369,6.1));
#14143=CARTESIAN_POINT('',(218.687650481209,-79.4056277027369,6.1));
#14144=CARTESIAN_POINT('Origin',(231.687650481209,-79.4056277027369,6.1));
#14145=CARTESIAN_POINT('',(231.687650481209,-79.4056277027369,6.1));
#14146=CARTESIAN_POINT('',(189.143831407975,-79.4056277027369,6.1));
#14147=CARTESIAN_POINT('',(231.687650481209,-79.4056277027369,6.1));
#14148=CARTESIAN_POINT('Origin',(231.687650481209,-78.9056277027369,6.1));
#14149=CARTESIAN_POINT('',(232.187650481209,-78.9056277027369,6.1));
#14150=CARTESIAN_POINT('Origin',(231.687650481209,-78.9056277027369,6.1));
#14151=CARTESIAN_POINT('',(232.187650481209,-78.9056277027369,6.1));
#14152=CARTESIAN_POINT('Origin',(232.187650481209,-65.9056277027369,6.1));
#14153=CARTESIAN_POINT('',(232.187650481209,-65.9056277027369,6.1));
#14154=CARTESIAN_POINT('',(232.187650481209,-64.4028136122048,6.1));
#14155=CARTESIAN_POINT('',(232.187650481209,-65.9056277027369,6.1));
#14156=CARTESIAN_POINT('Origin',(231.687650481209,-65.9056277027369,6.1));
#14157=CARTESIAN_POINT('',(231.687650481209,-65.4056277027369,6.1));
#14158=CARTESIAN_POINT('Origin',(231.687650481209,-65.9056277027369,6.1));
#14159=CARTESIAN_POINT('',(231.687650481209,-65.4056277027369,6.1));
#14160=CARTESIAN_POINT('Origin',(218.687650481209,-65.4056277027369,6.1));
#14161=CARTESIAN_POINT('',(218.687650481209,-65.4056277027369,6.1));
#14162=CARTESIAN_POINT('',(182.643831407975,-65.4056277027369,6.1));
#14163=CARTESIAN_POINT('',(218.687650481209,-65.4056277027369,6.1));
#14164=CARTESIAN_POINT('Origin',(218.687650481209,-65.9056277027369,6.1));
#14165=CARTESIAN_POINT('Origin',(218.687650481209,-65.9056277027369,6.1));
#14166=CARTESIAN_POINT('Origin',(165.800150481209,-40.8056277027369,6.1));
#14167=CARTESIAN_POINT('',(165.800150481209,-40.8056277027369,6.1));
#14168=CARTESIAN_POINT('',(165.800150481209,-27.8056277027369,6.1));
#14169=CARTESIAN_POINT('',(165.800150481209,-51.8528136122048,6.1));
#14170=CARTESIAN_POINT('',(165.800150481209,-40.8056277027369,6.1));
#14171=CARTESIAN_POINT('',(165.800150481209,-27.8056277027369,6.1));
#14172=CARTESIAN_POINT('Origin',(166.300150481209,-40.8056277027369,6.1));
#14173=CARTESIAN_POINT('',(166.300150481209,-41.3056277027369,6.1));
#14174=CARTESIAN_POINT('Origin',(166.300150481209,-40.8056277027369,6.1));
#14175=CARTESIAN_POINT('',(166.300150481209,-41.3056277027369,6.1));
#14176=CARTESIAN_POINT('Origin',(179.300150481209,-41.3056277027369,6.1));
#14177=CARTESIAN_POINT('',(179.300150481209,-41.3056277027369,6.1));
#14178=CARTESIAN_POINT('',(162.950081407975,-41.3056277027369,6.1));
#14179=CARTESIAN_POINT('',(179.300150481209,-41.3056277027369,6.1));
#14180=CARTESIAN_POINT('Origin',(179.300150481209,-40.8056277027369,6.1));
#14181=CARTESIAN_POINT('',(179.800150481209,-40.8056277027369,6.1));
#14182=CARTESIAN_POINT('Origin',(179.300150481209,-40.8056277027369,6.1));
#14183=CARTESIAN_POINT('',(179.800150481209,-40.8056277027369,6.1));
#14184=CARTESIAN_POINT('Origin',(179.800150481209,-27.8056277027369,6.1));
#14185=CARTESIAN_POINT('',(179.800150481209,-27.8056277027369,6.1));
#14186=CARTESIAN_POINT('',(179.800150481209,-45.3528136122048,6.1));
#14187=CARTESIAN_POINT('',(179.800150481209,-27.8056277027369,6.1));
#14188=CARTESIAN_POINT('Origin',(179.300150481209,-27.8056277027369,6.1));
#14189=CARTESIAN_POINT('',(179.300150481209,-27.3056277027369,6.1));
#14190=CARTESIAN_POINT('Origin',(179.300150481209,-27.8056277027369,6.1));
#14191=CARTESIAN_POINT('',(179.300150481209,-27.3056277027369,6.1));
#14192=CARTESIAN_POINT('Origin',(166.300150481209,-27.3056277027369,6.1));
#14193=CARTESIAN_POINT('',(166.300150481209,-27.3056277027369,6.1));
#14194=CARTESIAN_POINT('',(156.450081407975,-27.3056277027369,6.1));
#14195=CARTESIAN_POINT('',(166.300150481209,-27.3056277027369,6.1));
#14196=CARTESIAN_POINT('Origin',(166.300150481209,-27.8056277027369,6.1));
#14197=CARTESIAN_POINT('Origin',(166.300150481209,-27.8056277027369,6.1));
#14198=CARTESIAN_POINT('Origin',(151.512650481209,-59.8556277027369,6.1));
#14199=CARTESIAN_POINT('',(151.512650481209,-59.8556277027369,6.1));
#14200=CARTESIAN_POINT('',(151.512650481209,-46.8556277027369,6.1));
#14201=CARTESIAN_POINT('',(151.512650481209,-61.3778136122048,6.1));
#14202=CARTESIAN_POINT('',(151.512650481209,-59.8556277027369,6.1));
#14203=CARTESIAN_POINT('',(151.512650481209,-46.8556277027369,6.1));
#14204=CARTESIAN_POINT('Origin',(152.012650481209,-59.8556277027369,6.1));
#14205=CARTESIAN_POINT('',(152.012650481209,-60.3556277027369,6.1));
#14206=CARTESIAN_POINT('Origin',(152.012650481209,-59.8556277027369,6.1));
#14207=CARTESIAN_POINT('',(152.012650481209,-60.3556277027369,6.1));
#14208=CARTESIAN_POINT('Origin',(165.012650481209,-60.3556277027369,6.1));
#14209=CARTESIAN_POINT('',(165.012650481209,-60.3556277027369,6.1));
#14210=CARTESIAN_POINT('',(155.806331407975,-60.3556277027369,6.1));
#14211=CARTESIAN_POINT('',(165.012650481209,-60.3556277027369,6.1));
#14212=CARTESIAN_POINT('Origin',(165.012650481209,-59.8556277027369,6.1));
#14213=CARTESIAN_POINT('',(165.512650481209,-59.8556277027369,6.1));
#14214=CARTESIAN_POINT('Origin',(165.012650481209,-59.8556277027369,6.1));
#14215=CARTESIAN_POINT('',(165.512650481209,-59.8556277027369,6.1));
#14216=CARTESIAN_POINT('Origin',(165.512650481209,-46.8556277027369,6.1));
#14217=CARTESIAN_POINT('',(165.512650481209,-46.8556277027369,6.1));
#14218=CARTESIAN_POINT('',(165.512650481209,-54.8778136122048,6.1));
#14219=CARTESIAN_POINT('',(165.512650481209,-46.8556277027369,6.1));
#14220=CARTESIAN_POINT('Origin',(165.012650481209,-46.8556277027369,6.1));
#14221=CARTESIAN_POINT('',(165.012650481209,-46.3556277027369,6.1));
#14222=CARTESIAN_POINT('Origin',(165.012650481209,-46.8556277027369,6.1));
#14223=CARTESIAN_POINT('',(165.012650481209,-46.3556277027369,6.1));
#14224=CARTESIAN_POINT('Origin',(152.012650481209,-46.3556277027369,6.1));
#14225=CARTESIAN_POINT('',(152.012650481209,-46.3556277027369,6.1));
#14226=CARTESIAN_POINT('',(149.306331407975,-46.3556277027369,6.1));
#14227=CARTESIAN_POINT('',(152.012650481209,-46.3556277027369,6.1));
#14228=CARTESIAN_POINT('Origin',(152.012650481209,-46.8556277027369,6.1));
#14229=CARTESIAN_POINT('Origin',(152.012650481209,-46.8556277027369,6.1));
#14230=CARTESIAN_POINT('Origin',(141.987650481209,-78.9056277027369,6.1));
#14231=CARTESIAN_POINT('',(141.987650481209,-78.9056277027369,6.1));
#14232=CARTESIAN_POINT('',(141.987650481209,-65.9056277027369,6.1));
#14233=CARTESIAN_POINT('',(141.987650481209,-70.9028136122048,6.1));
#14234=CARTESIAN_POINT('',(141.987650481209,-78.9056277027369,6.1));
#14235=CARTESIAN_POINT('',(141.987650481209,-65.9056277027369,6.1));
#14236=CARTESIAN_POINT('Origin',(142.487650481209,-78.9056277027369,6.1));
#14237=CARTESIAN_POINT('',(142.487650481209,-79.4056277027369,6.1));
#14238=CARTESIAN_POINT('Origin',(142.487650481209,-78.9056277027369,6.1));
#14239=CARTESIAN_POINT('',(142.487650481209,-79.4056277027369,6.1));
#14240=CARTESIAN_POINT('Origin',(155.487650481209,-79.4056277027369,6.1));
#14241=CARTESIAN_POINT('',(155.487650481209,-79.4056277027369,6.1));
#14242=CARTESIAN_POINT('',(151.043831407975,-79.4056277027369,6.1));
#14243=CARTESIAN_POINT('',(155.487650481209,-79.4056277027369,6.1));
#14244=CARTESIAN_POINT('Origin',(155.487650481209,-78.9056277027369,6.1));
#14245=CARTESIAN_POINT('',(155.987650481209,-78.9056277027369,6.1));
#14246=CARTESIAN_POINT('Origin',(155.487650481209,-78.9056277027369,6.1));
#14247=CARTESIAN_POINT('',(155.987650481209,-78.9056277027369,6.1));
#14248=CARTESIAN_POINT('Origin',(155.987650481209,-65.9056277027369,6.1));
#14249=CARTESIAN_POINT('',(155.987650481209,-65.9056277027369,6.1));
#14250=CARTESIAN_POINT('',(155.987650481209,-64.4028136122048,6.1));
#14251=CARTESIAN_POINT('',(155.987650481209,-65.9056277027369,6.1));
#14252=CARTESIAN_POINT('Origin',(155.487650481209,-65.9056277027369,6.1));
#14253=CARTESIAN_POINT('',(155.487650481209,-65.4056277027369,6.1));
#14254=CARTESIAN_POINT('Origin',(155.487650481209,-65.9056277027369,6.1));
#14255=CARTESIAN_POINT('',(155.487650481209,-65.4056277027369,6.1));
#14256=CARTESIAN_POINT('Origin',(142.487650481209,-65.4056277027369,6.1));
#14257=CARTESIAN_POINT('',(142.487650481209,-65.4056277027369,6.1));
#14258=CARTESIAN_POINT('',(144.543831407975,-65.4056277027369,6.1));
#14259=CARTESIAN_POINT('',(142.487650481209,-65.4056277027369,6.1));
#14260=CARTESIAN_POINT('Origin',(142.487650481209,-65.9056277027369,6.1));
#14261=CARTESIAN_POINT('Origin',(142.487650481209,-65.9056277027369,6.1));
#14262=CARTESIAN_POINT('Origin',(89.6001504812088,-40.8056277027369,6.1));
#14263=CARTESIAN_POINT('',(89.6001504812088,-40.8056277027369,6.1));
#14264=CARTESIAN_POINT('',(89.6001504812088,-27.8056277027369,6.1));
#14265=CARTESIAN_POINT('',(89.6001504812088,-51.8528136122048,6.1));
#14266=CARTESIAN_POINT('',(89.6001504812088,-40.8056277027369,6.1));
#14267=CARTESIAN_POINT('',(89.6001504812088,-27.8056277027369,6.1));
#14268=CARTESIAN_POINT('Origin',(90.1001504812088,-40.8056277027369,6.1));
#14269=CARTESIAN_POINT('',(90.1001504812088,-41.3056277027369,6.1));
#14270=CARTESIAN_POINT('Origin',(90.1001504812088,-40.8056277027369,6.1));
#14271=CARTESIAN_POINT('',(90.1001504812088,-41.3056277027369,6.1));
#14272=CARTESIAN_POINT('Origin',(103.100150481209,-41.3056277027369,6.1));
#14273=CARTESIAN_POINT('',(103.100150481209,-41.3056277027369,6.1));
#14274=CARTESIAN_POINT('',(124.850081407975,-41.3056277027369,6.1));
#14275=CARTESIAN_POINT('',(103.100150481209,-41.3056277027369,6.1));
#14276=CARTESIAN_POINT('Origin',(103.100150481209,-40.8056277027369,6.1));
#14277=CARTESIAN_POINT('',(103.600150481209,-40.8056277027369,6.1));
#14278=CARTESIAN_POINT('Origin',(103.100150481209,-40.8056277027369,6.1));
#14279=CARTESIAN_POINT('',(103.600150481209,-40.8056277027369,6.1));
#14280=CARTESIAN_POINT('Origin',(103.600150481209,-27.8056277027369,6.1));
#14281=CARTESIAN_POINT('',(103.600150481209,-27.8056277027369,6.1));
#14282=CARTESIAN_POINT('',(103.600150481209,-45.3528136122048,6.1));
#14283=CARTESIAN_POINT('',(103.600150481209,-27.8056277027369,6.1));
#14284=CARTESIAN_POINT('Origin',(103.100150481209,-27.8056277027369,6.1));
#14285=CARTESIAN_POINT('',(103.100150481209,-27.3056277027369,6.1));
#14286=CARTESIAN_POINT('Origin',(103.100150481209,-27.8056277027369,6.1));
#14287=CARTESIAN_POINT('',(103.100150481209,-27.3056277027369,6.1));
#14288=CARTESIAN_POINT('Origin',(90.1001504812088,-27.3056277027369,6.1));
#14289=CARTESIAN_POINT('',(90.1001504812088,-27.3056277027369,6.1));
#14290=CARTESIAN_POINT('',(118.350081407975,-27.3056277027369,6.1));
#14291=CARTESIAN_POINT('',(90.1001504812088,-27.3056277027369,6.1));
#14292=CARTESIAN_POINT('Origin',(90.1001504812088,-27.8056277027369,6.1));
#14293=CARTESIAN_POINT('Origin',(90.1001504812088,-27.8056277027369,6.1));
#14294=CARTESIAN_POINT('Origin',(75.3126504812088,-59.8556277027369,6.1));
#14295=CARTESIAN_POINT('',(75.3126504812088,-59.8556277027369,6.1));
#14296=CARTESIAN_POINT('',(75.3126504812088,-46.8556277027369,6.1));
#14297=CARTESIAN_POINT('',(75.3126504812088,-61.3778136122048,6.1));
#14298=CARTESIAN_POINT('',(75.3126504812088,-59.8556277027369,6.1));
#14299=CARTESIAN_POINT('',(75.3126504812088,-46.8556277027369,6.1));
#14300=CARTESIAN_POINT('Origin',(75.8126504812088,-59.8556277027369,6.1));
#14301=CARTESIAN_POINT('',(75.8126504812088,-60.3556277027369,6.1));
#14302=CARTESIAN_POINT('Origin',(75.8126504812088,-59.8556277027369,6.1));
#14303=CARTESIAN_POINT('',(75.8126504812088,-60.3556277027369,6.1));
#14304=CARTESIAN_POINT('Origin',(88.8126504812088,-60.3556277027369,6.1));
#14305=CARTESIAN_POINT('',(88.8126504812088,-60.3556277027369,6.1));
#14306=CARTESIAN_POINT('',(117.706331407975,-60.3556277027369,6.1));
#14307=CARTESIAN_POINT('',(88.8126504812088,-60.3556277027369,6.1));
#14308=CARTESIAN_POINT('Origin',(88.8126504812088,-59.8556277027369,6.1));
#14309=CARTESIAN_POINT('',(89.3126504812088,-59.8556277027369,6.1));
#14310=CARTESIAN_POINT('Origin',(88.8126504812088,-59.8556277027369,6.1));
#14311=CARTESIAN_POINT('',(89.3126504812088,-59.8556277027369,6.1));
#14312=CARTESIAN_POINT('Origin',(89.3126504812088,-46.8556277027369,6.1));
#14313=CARTESIAN_POINT('',(89.3126504812088,-46.8556277027369,6.1));
#14314=CARTESIAN_POINT('',(89.3126504812088,-54.8778136122048,6.1));
#14315=CARTESIAN_POINT('',(89.3126504812088,-46.8556277027369,6.1));
#14316=CARTESIAN_POINT('Origin',(88.8126504812088,-46.8556277027369,6.1));
#14317=CARTESIAN_POINT('',(88.8126504812088,-46.3556277027369,6.1));
#14318=CARTESIAN_POINT('Origin',(88.8126504812088,-46.8556277027369,6.1));
#14319=CARTESIAN_POINT('',(88.8126504812088,-46.3556277027369,6.1));
#14320=CARTESIAN_POINT('Origin',(75.8126504812088,-46.3556277027369,6.1));
#14321=CARTESIAN_POINT('',(75.8126504812088,-46.3556277027369,6.1));
#14322=CARTESIAN_POINT('',(111.206331407975,-46.3556277027369,6.1));
#14323=CARTESIAN_POINT('',(75.8126504812088,-46.3556277027369,6.1));
#14324=CARTESIAN_POINT('Origin',(75.8126504812088,-46.8556277027369,6.1));
#14325=CARTESIAN_POINT('Origin',(75.8126504812088,-46.8556277027369,6.1));
#14326=CARTESIAN_POINT('Origin',(32.4501504812088,-40.8056277027369,6.1));
#14327=CARTESIAN_POINT('',(32.4501504812088,-40.8056277027369,6.1));
#14328=CARTESIAN_POINT('',(32.4501504812088,-27.8056277027369,6.1));
#14329=CARTESIAN_POINT('',(32.4501504812088,-51.8528136122048,6.1));
#14330=CARTESIAN_POINT('',(32.4501504812088,-40.8056277027369,6.1));
#14331=CARTESIAN_POINT('',(32.4501504812088,-27.8056277027369,6.1));
#14332=CARTESIAN_POINT('Origin',(32.9501504812088,-40.8056277027369,6.1));
#14333=CARTESIAN_POINT('',(32.9501504812088,-41.3056277027369,6.1));
#14334=CARTESIAN_POINT('Origin',(32.9501504812088,-40.8056277027369,6.1));
#14335=CARTESIAN_POINT('',(32.9501504812088,-41.3056277027369,6.1));
#14336=CARTESIAN_POINT('Origin',(45.9501504812088,-41.3056277027369,6.1));
#14337=CARTESIAN_POINT('',(45.9501504812088,-41.3056277027369,6.1));
#14338=CARTESIAN_POINT('',(96.2750814079752,-41.3056277027369,6.1));
#14339=CARTESIAN_POINT('',(45.9501504812088,-41.3056277027369,6.1));
#14340=CARTESIAN_POINT('Origin',(45.9501504812088,-40.8056277027369,6.1));
#14341=CARTESIAN_POINT('',(46.4501504812088,-40.8056277027369,6.1));
#14342=CARTESIAN_POINT('Origin',(45.9501504812088,-40.8056277027369,6.1));
#14343=CARTESIAN_POINT('',(46.4501504812088,-40.8056277027369,6.1));
#14344=CARTESIAN_POINT('Origin',(46.4501504812088,-27.8056277027369,6.1));
#14345=CARTESIAN_POINT('',(46.4501504812088,-27.8056277027369,6.1));
#14346=CARTESIAN_POINT('',(46.4501504812088,-45.3528136122048,6.1));
#14347=CARTESIAN_POINT('',(46.4501504812088,-27.8056277027369,6.1));
#14348=CARTESIAN_POINT('Origin',(45.9501504812088,-27.8056277027369,6.1));
#14349=CARTESIAN_POINT('',(45.9501504812088,-27.3056277027369,6.1));
#14350=CARTESIAN_POINT('Origin',(45.9501504812088,-27.8056277027369,6.1));
#14351=CARTESIAN_POINT('',(45.9501504812088,-27.3056277027369,6.1));
#14352=CARTESIAN_POINT('Origin',(32.9501504812088,-27.3056277027369,6.1));
#14353=CARTESIAN_POINT('',(32.9501504812088,-27.3056277027369,6.1));
#14354=CARTESIAN_POINT('',(89.7750814079752,-27.3056277027369,6.1));
#14355=CARTESIAN_POINT('',(32.9501504812088,-27.3056277027369,6.1));
#14356=CARTESIAN_POINT('Origin',(32.9501504812088,-27.8056277027369,6.1));
#14357=CARTESIAN_POINT('Origin',(32.9501504812088,-27.8056277027369,6.1));
#14358=CARTESIAN_POINT('Origin',(61.0251504812088,-97.9556277027369,6.1));
#14359=CARTESIAN_POINT('',(61.0251504812088,-97.9556277027369,6.1));
#14360=CARTESIAN_POINT('',(61.0251504812088,-84.9556277027369,6.1));
#14361=CARTESIAN_POINT('',(61.0251504812088,-80.4278136122048,6.1));
#14362=CARTESIAN_POINT('',(61.0251504812088,-97.9556277027369,6.1));
#14363=CARTESIAN_POINT('',(61.0251504812088,-84.9556277027369,6.1));
#14364=CARTESIAN_POINT('Origin',(61.5251504812088,-97.9556277027369,6.1));
#14365=CARTESIAN_POINT('',(61.5251504812088,-98.4556277027369,6.1));
#14366=CARTESIAN_POINT('Origin',(61.5251504812088,-97.9556277027369,6.1));
#14367=CARTESIAN_POINT('',(61.5251504812088,-98.4556277027369,6.1));
#14368=CARTESIAN_POINT('Origin',(74.5251504812088,-98.4556277027369,6.1));
#14369=CARTESIAN_POINT('',(74.5251504812088,-98.4556277027369,6.1));
#14370=CARTESIAN_POINT('',(110.562581407975,-98.4556277027369,6.1));
#14371=CARTESIAN_POINT('',(74.5251504812088,-98.4556277027369,6.1));
#14372=CARTESIAN_POINT('Origin',(74.5251504812088,-97.9556277027369,6.1));
#14373=CARTESIAN_POINT('',(75.0251504812088,-97.9556277027369,6.1));
#14374=CARTESIAN_POINT('Origin',(74.5251504812088,-97.9556277027369,6.1));
#14375=CARTESIAN_POINT('',(75.0251504812088,-97.9556277027369,6.1));
#14376=CARTESIAN_POINT('Origin',(75.0251504812088,-84.9556277027369,6.1));
#14377=CARTESIAN_POINT('',(75.0251504812088,-84.9556277027369,6.1));
#14378=CARTESIAN_POINT('',(75.0251504812088,-73.9278136122048,6.1));
#14379=CARTESIAN_POINT('',(75.0251504812088,-84.9556277027369,6.1));
#14380=CARTESIAN_POINT('Origin',(74.5251504812088,-84.9556277027369,6.1));
#14381=CARTESIAN_POINT('',(74.5251504812088,-84.4556277027369,6.1));
#14382=CARTESIAN_POINT('Origin',(74.5251504812088,-84.9556277027369,6.1));
#14383=CARTESIAN_POINT('',(74.5251504812088,-84.4556277027369,6.1));
#14384=CARTESIAN_POINT('Origin',(61.5251504812088,-84.4556277027369,6.1));
#14385=CARTESIAN_POINT('',(61.5251504812088,-84.4556277027369,6.1));
#14386=CARTESIAN_POINT('',(104.062581407975,-84.4556277027369,6.1));
#14387=CARTESIAN_POINT('',(61.5251504812088,-84.4556277027369,6.1));
#14388=CARTESIAN_POINT('Origin',(61.5251504812088,-84.9556277027369,6.1));
#14389=CARTESIAN_POINT('Origin',(61.5251504812088,-84.9556277027369,6.1));
#14390=CARTESIAN_POINT('Origin',(34.8314004812088,-59.8556277027369,6.1));
#14391=CARTESIAN_POINT('',(34.8314004812088,-59.8556277027369,6.1));
#14392=CARTESIAN_POINT('',(34.8314004812088,-46.8556277027369,6.1));
#14393=CARTESIAN_POINT('',(34.8314004812088,-61.3778136122048,6.1));
#14394=CARTESIAN_POINT('',(34.8314004812088,-59.8556277027369,6.1));
#14395=CARTESIAN_POINT('',(34.8314004812088,-46.8556277027369,6.1));
#14396=CARTESIAN_POINT('Origin',(35.3314004812088,-59.8556277027369,6.1));
#14397=CARTESIAN_POINT('',(35.3314004812088,-60.3556277027369,6.1));
#14398=CARTESIAN_POINT('Origin',(35.3314004812088,-59.8556277027369,6.1));
#14399=CARTESIAN_POINT('',(35.3314004812088,-60.3556277027369,6.1));
#14400=CARTESIAN_POINT('Origin',(48.3314004812088,-60.3556277027369,6.1));
#14401=CARTESIAN_POINT('',(48.3314004812088,-60.3556277027369,6.1));
#14402=CARTESIAN_POINT('',(97.4657064079752,-60.3556277027369,6.1));
#14403=CARTESIAN_POINT('',(48.3314004812088,-60.3556277027369,6.1));
#14404=CARTESIAN_POINT('Origin',(48.3314004812088,-59.8556277027369,6.1));
#14405=CARTESIAN_POINT('',(48.8314004812088,-59.8556277027369,6.1));
#14406=CARTESIAN_POINT('Origin',(48.3314004812088,-59.8556277027369,6.1));
#14407=CARTESIAN_POINT('',(48.8314004812088,-59.8556277027369,6.1));
#14408=CARTESIAN_POINT('Origin',(48.8314004812088,-46.8556277027369,6.1));
#14409=CARTESIAN_POINT('',(48.8314004812088,-46.8556277027369,6.1));
#14410=CARTESIAN_POINT('',(48.8314004812088,-54.8778136122048,6.1));
#14411=CARTESIAN_POINT('',(48.8314004812088,-46.8556277027369,6.1));
#14412=CARTESIAN_POINT('Origin',(48.3314004812088,-46.8556277027369,6.1));
#14413=CARTESIAN_POINT('',(48.3314004812088,-46.3556277027369,6.1));
#14414=CARTESIAN_POINT('Origin',(48.3314004812088,-46.8556277027369,6.1));
#14415=CARTESIAN_POINT('',(48.3314004812088,-46.3556277027369,6.1));
#14416=CARTESIAN_POINT('Origin',(35.3314004812088,-46.3556277027369,6.1));
#14417=CARTESIAN_POINT('',(35.3314004812088,-46.3556277027369,6.1));
#14418=CARTESIAN_POINT('',(90.9657064079752,-46.3556277027369,6.1));
#14419=CARTESIAN_POINT('',(35.3314004812088,-46.3556277027369,6.1));
#14420=CARTESIAN_POINT('Origin',(35.3314004812088,-46.8556277027369,6.1));
#14421=CARTESIAN_POINT('Origin',(35.3314004812088,-46.8556277027369,6.1));
#14422=CARTESIAN_POINT('Origin',(70.5501504812088,-40.8056277027369,6.1));
#14423=CARTESIAN_POINT('',(70.5501504812088,-40.8056277027369,6.1));
#14424=CARTESIAN_POINT('',(70.5501504812088,-27.8056277027369,6.1));
#14425=CARTESIAN_POINT('',(70.5501504812088,-51.8528136122048,6.1));
#14426=CARTESIAN_POINT('',(70.5501504812088,-40.8056277027369,6.1));
#14427=CARTESIAN_POINT('',(70.5501504812088,-27.8056277027369,6.1));
#14428=CARTESIAN_POINT('Origin',(71.0501504812088,-40.8056277027369,6.1));
#14429=CARTESIAN_POINT('',(71.0501504812088,-41.3056277027369,6.1));
#14430=CARTESIAN_POINT('Origin',(71.0501504812088,-40.8056277027369,6.1));
#14431=CARTESIAN_POINT('',(71.0501504812088,-41.3056277027369,6.1));
#14432=CARTESIAN_POINT('Origin',(84.0501504812088,-41.3056277027369,6.1));
#14433=CARTESIAN_POINT('',(84.0501504812088,-41.3056277027369,6.1));
#14434=CARTESIAN_POINT('',(115.325081407975,-41.3056277027369,6.1));
#14435=CARTESIAN_POINT('',(84.0501504812088,-41.3056277027369,6.1));
#14436=CARTESIAN_POINT('Origin',(84.0501504812088,-40.8056277027369,6.1));
#14437=CARTESIAN_POINT('',(84.5501504812088,-40.8056277027369,6.1));
#14438=CARTESIAN_POINT('Origin',(84.0501504812088,-40.8056277027369,6.1));
#14439=CARTESIAN_POINT('',(84.5501504812088,-40.8056277027369,6.1));
#14440=CARTESIAN_POINT('Origin',(84.5501504812088,-27.8056277027369,6.1));
#14441=CARTESIAN_POINT('',(84.5501504812088,-27.8056277027369,6.1));
#14442=CARTESIAN_POINT('',(84.5501504812088,-45.3528136122048,6.1));
#14443=CARTESIAN_POINT('',(84.5501504812088,-27.8056277027369,6.1));
#14444=CARTESIAN_POINT('Origin',(84.0501504812088,-27.8056277027369,6.1));
#14445=CARTESIAN_POINT('',(84.0501504812088,-27.3056277027369,6.1));
#14446=CARTESIAN_POINT('Origin',(84.0501504812088,-27.8056277027369,6.1));
#14447=CARTESIAN_POINT('',(84.0501504812088,-27.3056277027369,6.1));
#14448=CARTESIAN_POINT('Origin',(71.0501504812088,-27.3056277027369,6.1));
#14449=CARTESIAN_POINT('',(71.0501504812088,-27.3056277027369,6.1));
#14450=CARTESIAN_POINT('',(108.825081407975,-27.3056277027369,6.1));
#14451=CARTESIAN_POINT('',(71.0501504812088,-27.3056277027369,6.1));
#14452=CARTESIAN_POINT('Origin',(71.0501504812088,-27.8056277027369,6.1));
#14453=CARTESIAN_POINT('Origin',(71.0501504812088,-27.8056277027369,6.1));
#14454=CARTESIAN_POINT('Origin',(94.3626504812088,-59.8556277027369,6.1));
#14455=CARTESIAN_POINT('',(94.3626504812088,-59.8556277027369,6.1));
#14456=CARTESIAN_POINT('',(94.3626504812088,-46.8556277027369,6.1));
#14457=CARTESIAN_POINT('',(94.3626504812088,-61.3778136122048,6.1));
#14458=CARTESIAN_POINT('',(94.3626504812088,-59.8556277027369,6.1));
#14459=CARTESIAN_POINT('',(94.3626504812088,-46.8556277027369,6.1));
#14460=CARTESIAN_POINT('Origin',(94.8626504812088,-59.8556277027369,6.1));
#14461=CARTESIAN_POINT('',(94.8626504812088,-60.3556277027369,6.1));
#14462=CARTESIAN_POINT('Origin',(94.8626504812088,-59.8556277027369,6.1));
#14463=CARTESIAN_POINT('',(94.8626504812088,-60.3556277027369,6.1));
#14464=CARTESIAN_POINT('Origin',(107.862650481209,-60.3556277027369,6.1));
#14465=CARTESIAN_POINT('',(107.862650481209,-60.3556277027369,6.1));
#14466=CARTESIAN_POINT('',(127.231331407975,-60.3556277027369,6.1));
#14467=CARTESIAN_POINT('',(107.862650481209,-60.3556277027369,6.1));
#14468=CARTESIAN_POINT('Origin',(107.862650481209,-59.8556277027369,6.1));
#14469=CARTESIAN_POINT('',(108.362650481209,-59.8556277027369,6.1));
#14470=CARTESIAN_POINT('Origin',(107.862650481209,-59.8556277027369,6.1));
#14471=CARTESIAN_POINT('',(108.362650481209,-59.8556277027369,6.1));
#14472=CARTESIAN_POINT('Origin',(108.362650481209,-46.8556277027369,6.1));
#14473=CARTESIAN_POINT('',(108.362650481209,-46.8556277027369,6.1));
#14474=CARTESIAN_POINT('',(108.362650481209,-54.8778136122048,6.1));
#14475=CARTESIAN_POINT('',(108.362650481209,-46.8556277027369,6.1));
#14476=CARTESIAN_POINT('Origin',(107.862650481209,-46.8556277027369,6.1));
#14477=CARTESIAN_POINT('',(107.862650481209,-46.3556277027369,6.1));
#14478=CARTESIAN_POINT('Origin',(107.862650481209,-46.8556277027369,6.1));
#14479=CARTESIAN_POINT('',(107.862650481209,-46.3556277027369,6.1));
#14480=CARTESIAN_POINT('Origin',(94.8626504812088,-46.3556277027369,6.1));
#14481=CARTESIAN_POINT('',(94.8626504812088,-46.3556277027369,6.1));
#14482=CARTESIAN_POINT('',(120.731331407975,-46.3556277027369,6.1));
#14483=CARTESIAN_POINT('',(94.8626504812088,-46.3556277027369,6.1));
#14484=CARTESIAN_POINT('Origin',(94.8626504812088,-46.8556277027369,6.1));
#14485=CARTESIAN_POINT('Origin',(94.8626504812088,-46.8556277027369,6.1));
#14486=CARTESIAN_POINT('Origin',(122.937650481209,-78.9056277027369,6.1));
#14487=CARTESIAN_POINT('',(122.937650481209,-78.9056277027369,6.1));
#14488=CARTESIAN_POINT('',(122.937650481209,-65.9056277027369,6.1));
#14489=CARTESIAN_POINT('',(122.937650481209,-70.9028136122048,6.1));
#14490=CARTESIAN_POINT('',(122.937650481209,-78.9056277027369,6.1));
#14491=CARTESIAN_POINT('',(122.937650481209,-65.9056277027369,6.1));
#14492=CARTESIAN_POINT('Origin',(123.437650481209,-78.9056277027369,6.1));
#14493=CARTESIAN_POINT('',(123.437650481209,-79.4056277027369,6.1));
#14494=CARTESIAN_POINT('Origin',(123.437650481209,-78.9056277027369,6.1));
#14495=CARTESIAN_POINT('',(123.437650481209,-79.4056277027369,6.1));
#14496=CARTESIAN_POINT('Origin',(136.437650481209,-79.4056277027369,6.1));
#14497=CARTESIAN_POINT('',(136.437650481209,-79.4056277027369,6.1));
#14498=CARTESIAN_POINT('',(141.518831407975,-79.4056277027369,6.1));
#14499=CARTESIAN_POINT('',(136.437650481209,-79.4056277027369,6.1));
#14500=CARTESIAN_POINT('Origin',(136.437650481209,-78.9056277027369,6.1));
#14501=CARTESIAN_POINT('',(136.937650481209,-78.9056277027369,6.1));
#14502=CARTESIAN_POINT('Origin',(136.437650481209,-78.9056277027369,6.1));
#14503=CARTESIAN_POINT('',(136.937650481209,-78.9056277027369,6.1));
#14504=CARTESIAN_POINT('Origin',(136.937650481209,-65.9056277027369,6.1));
#14505=CARTESIAN_POINT('',(136.937650481209,-65.9056277027369,6.1));
#14506=CARTESIAN_POINT('',(136.937650481209,-64.4028136122048,6.1));
#14507=CARTESIAN_POINT('',(136.937650481209,-65.9056277027369,6.1));
#14508=CARTESIAN_POINT('Origin',(136.437650481209,-65.9056277027369,6.1));
#14509=CARTESIAN_POINT('',(136.437650481209,-65.4056277027369,6.1));
#14510=CARTESIAN_POINT('Origin',(136.437650481209,-65.9056277027369,6.1));
#14511=CARTESIAN_POINT('',(136.437650481209,-65.4056277027369,6.1));
#14512=CARTESIAN_POINT('Origin',(123.437650481209,-65.4056277027369,6.1));
#14513=CARTESIAN_POINT('',(123.437650481209,-65.4056277027369,6.1));
#14514=CARTESIAN_POINT('',(135.018831407975,-65.4056277027369,6.1));
#14515=CARTESIAN_POINT('',(123.437650481209,-65.4056277027369,6.1));
#14516=CARTESIAN_POINT('Origin',(123.437650481209,-65.9056277027369,6.1));
#14517=CARTESIAN_POINT('Origin',(123.437650481209,-65.9056277027369,6.1));
#14518=CARTESIAN_POINT('Origin',(146.750150481209,-40.8056277027369,6.1));
#14519=CARTESIAN_POINT('',(146.750150481209,-40.8056277027369,6.1));
#14520=CARTESIAN_POINT('',(146.750150481209,-27.8056277027369,6.1));
#14521=CARTESIAN_POINT('',(146.750150481209,-51.8528136122048,6.1));
#14522=CARTESIAN_POINT('',(146.750150481209,-40.8056277027369,6.1));
#14523=CARTESIAN_POINT('',(146.750150481209,-27.8056277027369,6.1));
#14524=CARTESIAN_POINT('Origin',(147.250150481209,-40.8056277027369,6.1));
#14525=CARTESIAN_POINT('',(147.250150481209,-41.3056277027369,6.1));
#14526=CARTESIAN_POINT('Origin',(147.250150481209,-40.8056277027369,6.1));
#14527=CARTESIAN_POINT('',(147.250150481209,-41.3056277027369,6.1));
#14528=CARTESIAN_POINT('Origin',(160.250150481209,-41.3056277027369,6.1));
#14529=CARTESIAN_POINT('',(160.250150481209,-41.3056277027369,6.1));
#14530=CARTESIAN_POINT('',(153.425081407975,-41.3056277027369,6.1));
#14531=CARTESIAN_POINT('',(160.250150481209,-41.3056277027369,6.1));
#14532=CARTESIAN_POINT('Origin',(160.250150481209,-40.8056277027369,6.1));
#14533=CARTESIAN_POINT('',(160.750150481209,-40.8056277027369,6.1));
#14534=CARTESIAN_POINT('Origin',(160.250150481209,-40.8056277027369,6.1));
#14535=CARTESIAN_POINT('',(160.750150481209,-40.8056277027369,6.1));
#14536=CARTESIAN_POINT('Origin',(160.750150481209,-27.8056277027369,6.1));
#14537=CARTESIAN_POINT('',(160.750150481209,-27.8056277027369,6.1));
#14538=CARTESIAN_POINT('',(160.750150481209,-45.3528136122048,6.1));
#14539=CARTESIAN_POINT('',(160.750150481209,-27.8056277027369,6.1));
#14540=CARTESIAN_POINT('Origin',(160.250150481209,-27.8056277027369,6.1));
#14541=CARTESIAN_POINT('',(160.250150481209,-27.3056277027369,6.1));
#14542=CARTESIAN_POINT('Origin',(160.250150481209,-27.8056277027369,6.1));
#14543=CARTESIAN_POINT('',(160.250150481209,-27.3056277027369,6.1));
#14544=CARTESIAN_POINT('Origin',(147.250150481209,-27.3056277027369,6.1));
#14545=CARTESIAN_POINT('',(147.250150481209,-27.3056277027369,6.1));
#14546=CARTESIAN_POINT('',(146.925081407975,-27.3056277027369,6.1));
#14547=CARTESIAN_POINT('',(147.250150481209,-27.3056277027369,6.1));
#14548=CARTESIAN_POINT('Origin',(147.250150481209,-27.8056277027369,6.1));
#14549=CARTESIAN_POINT('Origin',(147.250150481209,-27.8056277027369,6.1));
#14550=CARTESIAN_POINT('Origin',(170.562650481209,-59.8556277027369,6.1));
#14551=CARTESIAN_POINT('',(170.562650481209,-59.8556277027369,6.1));
#14552=CARTESIAN_POINT('',(170.562650481209,-46.8556277027369,6.1));
#14553=CARTESIAN_POINT('',(170.562650481209,-61.3778136122048,6.1));
#14554=CARTESIAN_POINT('',(170.562650481209,-59.8556277027369,6.1));
#14555=CARTESIAN_POINT('',(170.562650481209,-46.8556277027369,6.1));
#14556=CARTESIAN_POINT('Origin',(171.062650481209,-59.8556277027369,6.1));
#14557=CARTESIAN_POINT('',(171.062650481209,-60.3556277027369,6.1));
#14558=CARTESIAN_POINT('Origin',(171.062650481209,-59.8556277027369,6.1));
#14559=CARTESIAN_POINT('',(171.062650481209,-60.3556277027369,6.1));
#14560=CARTESIAN_POINT('Origin',(184.062650481209,-60.3556277027369,6.1));
#14561=CARTESIAN_POINT('',(184.062650481209,-60.3556277027369,6.1));
#14562=CARTESIAN_POINT('',(165.331331407975,-60.3556277027369,6.1));
#14563=CARTESIAN_POINT('',(184.062650481209,-60.3556277027369,6.1));
#14564=CARTESIAN_POINT('Origin',(184.062650481209,-59.8556277027369,6.1));
#14565=CARTESIAN_POINT('',(184.562650481209,-59.8556277027369,6.1));
#14566=CARTESIAN_POINT('Origin',(184.062650481209,-59.8556277027369,6.1));
#14567=CARTESIAN_POINT('',(184.562650481209,-59.8556277027369,6.1));
#14568=CARTESIAN_POINT('Origin',(184.562650481209,-46.8556277027369,6.1));
#14569=CARTESIAN_POINT('',(184.562650481209,-46.8556277027369,6.1));
#14570=CARTESIAN_POINT('',(184.562650481209,-54.8778136122048,6.1));
#14571=CARTESIAN_POINT('',(184.562650481209,-46.8556277027369,6.1));
#14572=CARTESIAN_POINT('Origin',(184.062650481209,-46.8556277027369,6.1));
#14573=CARTESIAN_POINT('',(184.062650481209,-46.3556277027369,6.1));
#14574=CARTESIAN_POINT('Origin',(184.062650481209,-46.8556277027369,6.1));
#14575=CARTESIAN_POINT('',(184.062650481209,-46.3556277027369,6.1));
#14576=CARTESIAN_POINT('Origin',(171.062650481209,-46.3556277027369,6.1));
#14577=CARTESIAN_POINT('',(171.062650481209,-46.3556277027369,6.1));
#14578=CARTESIAN_POINT('',(158.831331407975,-46.3556277027369,6.1));
#14579=CARTESIAN_POINT('',(171.062650481209,-46.3556277027369,6.1));
#14580=CARTESIAN_POINT('Origin',(171.062650481209,-46.8556277027369,6.1));
#14581=CARTESIAN_POINT('Origin',(171.062650481209,-46.8556277027369,6.1));
#14582=CARTESIAN_POINT('Origin',(199.137650481209,-78.9056277027369,6.1));
#14583=CARTESIAN_POINT('',(199.137650481209,-78.9056277027369,6.1));
#14584=CARTESIAN_POINT('',(199.137650481209,-65.9056277027369,6.1));
#14585=CARTESIAN_POINT('',(199.137650481209,-70.9028136122048,6.1));
#14586=CARTESIAN_POINT('',(199.137650481209,-78.9056277027369,6.1));
#14587=CARTESIAN_POINT('',(199.137650481209,-65.9056277027369,6.1));
#14588=CARTESIAN_POINT('Origin',(199.637650481209,-78.9056277027369,6.1));
#14589=CARTESIAN_POINT('',(199.637650481209,-79.4056277027369,6.1));
#14590=CARTESIAN_POINT('Origin',(199.637650481209,-78.9056277027369,6.1));
#14591=CARTESIAN_POINT('',(199.637650481209,-79.4056277027369,6.1));
#14592=CARTESIAN_POINT('Origin',(212.637650481209,-79.4056277027369,6.1));
#14593=CARTESIAN_POINT('',(212.637650481209,-79.4056277027369,6.1));
#14594=CARTESIAN_POINT('',(179.618831407975,-79.4056277027369,6.1));
#14595=CARTESIAN_POINT('',(212.637650481209,-79.4056277027369,6.1));
#14596=CARTESIAN_POINT('Origin',(212.637650481209,-78.9056277027369,6.1));
#14597=CARTESIAN_POINT('',(213.137650481209,-78.9056277027369,6.1));
#14598=CARTESIAN_POINT('Origin',(212.637650481209,-78.9056277027369,6.1));
#14599=CARTESIAN_POINT('',(213.137650481209,-78.9056277027369,6.1));
#14600=CARTESIAN_POINT('Origin',(213.137650481209,-65.9056277027369,6.1));
#14601=CARTESIAN_POINT('',(213.137650481209,-65.9056277027369,6.1));
#14602=CARTESIAN_POINT('',(213.137650481209,-64.4028136122048,6.1));
#14603=CARTESIAN_POINT('',(213.137650481209,-65.9056277027369,6.1));
#14604=CARTESIAN_POINT('Origin',(212.637650481209,-65.9056277027369,6.1));
#14605=CARTESIAN_POINT('',(212.637650481209,-65.4056277027369,6.1));
#14606=CARTESIAN_POINT('Origin',(212.637650481209,-65.9056277027369,6.1));
#14607=CARTESIAN_POINT('',(212.637650481209,-65.4056277027369,6.1));
#14608=CARTESIAN_POINT('Origin',(199.637650481209,-65.4056277027369,6.1));
#14609=CARTESIAN_POINT('',(199.637650481209,-65.4056277027369,6.1));
#14610=CARTESIAN_POINT('',(173.118831407975,-65.4056277027369,6.1));
#14611=CARTESIAN_POINT('',(199.637650481209,-65.4056277027369,6.1));
#14612=CARTESIAN_POINT('Origin',(199.637650481209,-65.9056277027369,6.1));
#14613=CARTESIAN_POINT('Origin',(199.637650481209,-65.9056277027369,6.1));
#14614=CARTESIAN_POINT('Origin',(244.381400481209,-40.8056277027369,6.1));
#14615=CARTESIAN_POINT('',(244.381400481209,-40.8056277027369,6.1));
#14616=CARTESIAN_POINT('',(244.381400481209,-27.8056277027369,6.1));
#14617=CARTESIAN_POINT('',(244.381400481209,-51.8528136122048,6.1));
#14618=CARTESIAN_POINT('',(244.381400481209,-40.8056277027369,6.1));
#14619=CARTESIAN_POINT('',(244.381400481209,-27.8056277027369,6.1));
#14620=CARTESIAN_POINT('Origin',(244.881400481209,-40.8056277027369,6.1));
#14621=CARTESIAN_POINT('',(244.881400481209,-41.3056277027369,6.1));
#14622=CARTESIAN_POINT('Origin',(244.881400481209,-40.8056277027369,6.1));
#14623=CARTESIAN_POINT('',(244.881400481209,-41.3056277027369,6.1));
#14624=CARTESIAN_POINT('Origin',(257.881400481209,-41.3056277027369,6.1));
#14625=CARTESIAN_POINT('',(257.881400481209,-41.3056277027369,6.1));
#14626=CARTESIAN_POINT('',(202.240706407975,-41.3056277027369,6.1));
#14627=CARTESIAN_POINT('',(257.881400481209,-41.3056277027369,6.1));
#14628=CARTESIAN_POINT('Origin',(257.881400481209,-40.8056277027369,6.1));
#14629=CARTESIAN_POINT('',(258.381400481209,-40.8056277027369,6.1));
#14630=CARTESIAN_POINT('Origin',(257.881400481209,-40.8056277027369,6.1));
#14631=CARTESIAN_POINT('',(258.381400481209,-40.8056277027369,6.1));
#14632=CARTESIAN_POINT('Origin',(258.381400481209,-27.8056277027369,6.1));
#14633=CARTESIAN_POINT('',(258.381400481209,-27.8056277027369,6.1));
#14634=CARTESIAN_POINT('',(258.381400481209,-45.3528136122048,6.1));
#14635=CARTESIAN_POINT('',(258.381400481209,-27.8056277027369,6.1));
#14636=CARTESIAN_POINT('Origin',(257.881400481209,-27.8056277027369,6.1));
#14637=CARTESIAN_POINT('',(257.881400481209,-27.3056277027369,6.1));
#14638=CARTESIAN_POINT('Origin',(257.881400481209,-27.8056277027369,6.1));
#14639=CARTESIAN_POINT('',(257.881400481209,-27.3056277027369,6.1));
#14640=CARTESIAN_POINT('Origin',(244.881400481209,-27.3056277027369,6.1));
#14641=CARTESIAN_POINT('',(244.881400481209,-27.3056277027369,6.1));
#14642=CARTESIAN_POINT('',(195.740706407975,-27.3056277027369,6.1));
#14643=CARTESIAN_POINT('',(244.881400481209,-27.3056277027369,6.1));
#14644=CARTESIAN_POINT('Origin',(244.881400481209,-27.8056277027369,6.1));
#14645=CARTESIAN_POINT('Origin',(244.881400481209,-27.8056277027369,6.1));
#14646=CARTESIAN_POINT('Origin',(203.900150481209,-40.8056277027369,6.1));
#14647=CARTESIAN_POINT('',(203.900150481209,-40.8056277027369,6.1));
#14648=CARTESIAN_POINT('',(203.900150481209,-27.8056277027369,6.1));
#14649=CARTESIAN_POINT('',(203.900150481209,-51.8528136122048,6.1));
#14650=CARTESIAN_POINT('',(203.900150481209,-40.8056277027369,6.1));
#14651=CARTESIAN_POINT('',(203.900150481209,-27.8056277027369,6.1));
#14652=CARTESIAN_POINT('Origin',(204.400150481209,-40.8056277027369,6.1));
#14653=CARTESIAN_POINT('',(204.400150481209,-41.3056277027369,6.1));
#14654=CARTESIAN_POINT('Origin',(204.400150481209,-40.8056277027369,6.1));
#14655=CARTESIAN_POINT('',(204.400150481209,-41.3056277027369,6.1));
#14656=CARTESIAN_POINT('Origin',(217.400150481209,-41.3056277027369,6.1));
#14657=CARTESIAN_POINT('',(217.400150481209,-41.3056277027369,6.1));
#14658=CARTESIAN_POINT('',(182.000081407975,-41.3056277027369,6.1));
#14659=CARTESIAN_POINT('',(217.400150481209,-41.3056277027369,6.1));
#14660=CARTESIAN_POINT('Origin',(217.400150481209,-40.8056277027369,6.1));
#14661=CARTESIAN_POINT('',(217.900150481209,-40.8056277027369,6.1));
#14662=CARTESIAN_POINT('Origin',(217.400150481209,-40.8056277027369,6.1));
#14663=CARTESIAN_POINT('',(217.900150481209,-40.8056277027369,6.1));
#14664=CARTESIAN_POINT('Origin',(217.900150481209,-27.8056277027369,6.1));
#14665=CARTESIAN_POINT('',(217.900150481209,-27.8056277027369,6.1));
#14666=CARTESIAN_POINT('',(217.900150481209,-45.3528136122048,6.1));
#14667=CARTESIAN_POINT('',(217.900150481209,-27.8056277027369,6.1));
#14668=CARTESIAN_POINT('Origin',(217.400150481209,-27.8056277027369,6.1));
#14669=CARTESIAN_POINT('',(217.400150481209,-27.3056277027369,6.1));
#14670=CARTESIAN_POINT('Origin',(217.400150481209,-27.8056277027369,6.1));
#14671=CARTESIAN_POINT('',(217.400150481209,-27.3056277027369,6.1));
#14672=CARTESIAN_POINT('Origin',(204.400150481209,-27.3056277027369,6.1));
#14673=CARTESIAN_POINT('',(204.400150481209,-27.3056277027369,6.1));
#14674=CARTESIAN_POINT('',(175.500081407975,-27.3056277027369,6.1));
#14675=CARTESIAN_POINT('',(204.400150481209,-27.3056277027369,6.1));
#14676=CARTESIAN_POINT('Origin',(204.400150481209,-27.8056277027369,6.1));
#14677=CARTESIAN_POINT('Origin',(204.400150481209,-27.8056277027369,6.1));
#14678=CARTESIAN_POINT('Origin',(22.6001201007381,-99.8591474841997,6.1));
#14679=CARTESIAN_POINT('',(270.599999472499,-99.8588436321628,6.1));
#14680=CARTESIAN_POINT('',(270.599999472499,-99.8588436321628,5.35));
#14681=CARTESIAN_POINT('',(270.600045077154,-99.8588436321069,6.1));
#14682=CARTESIAN_POINT('',(270.600045077154,-99.8588436321069,6.1));
#14683=CARTESIAN_POINT('',(22.6001201007381,-99.8591474841997,6.1));
#14684=CARTESIAN_POINT('Origin',(270.599999794424,-62.8996981200015,5.35));
#14685=CARTESIAN_POINT('',(270.599999472499,-62.6369471602783,6.1));
#14686=CARTESIAN_POINT('',(270.599999472499,-62.6369471853386,4.975));
#14687=CARTESIAN_POINT('',(270.599953867843,-25.4150506850018,6.1));
#14688=CARTESIAN_POINT('Origin',(146.600012334742,-62.8999995216727,6.1));
#14689=CARTESIAN_POINT('',(22.6000251969857,-22.4000019720939,6.1));
#14690=CARTESIAN_POINT('',(22.6001244390299,-103.400001972095,6.1));
#14691=CARTESIAN_POINT('',(22.60012443903,-103.400001972095,6.1));
#14692=CARTESIAN_POINT('',(24.6001267125217,-105.399999521672,6.1));
#14693=CARTESIAN_POINT('Origin',(24.6001244390285,-103.399999521674,6.1));
#14694=CARTESIAN_POINT('',(59.6662100611092,-105.399999521673,6.1));
#14695=CARTESIAN_POINT('',(59.6662100611092,-105.399999521673,6.1));
#14696=CARTESIAN_POINT('',(60.6662100611092,-106.399999521673,6.1));
#14697=CARTESIAN_POINT('Origin',(59.6662100611092,-106.399999521673,6.1));
#14698=CARTESIAN_POINT('',(60.6662100611092,-108.399999521673,6.1));
#14699=CARTESIAN_POINT('',(60.6662100611092,-108.399999521673,6.1));
#14700=CARTESIAN_POINT('',(59.6662100611092,-109.399999521673,6.1));
#14701=CARTESIAN_POINT('Origin',(59.6662100611092,-108.399999521673,6.1));
#14702=CARTESIAN_POINT('',(41.6349490403739,-109.399999521673,6.1));
#14703=CARTESIAN_POINT('',(45.6349490403738,-109.399999521673,6.1));
#14704=CARTESIAN_POINT('',(40.6349490403738,-110.399999521673,6.1));
#14705=CARTESIAN_POINT('Origin',(41.6349490403738,-110.399999521673,6.1));
#14706=CARTESIAN_POINT('',(40.6349490403738,-112.399999521673,6.1));
#14707=CARTESIAN_POINT('',(40.6349490403738,-112.399999521673,6.1));
#14708=CARTESIAN_POINT('',(41.6349490403739,-113.399999521673,6.1));
#14709=CARTESIAN_POINT('Origin',(41.6349490403738,-112.399999521673,6.1));
#14710=CARTESIAN_POINT('',(89.6349490403738,-113.399999521673,6.1));
#14711=CARTESIAN_POINT('',(45.6349490403738,-113.399999521673,6.1));
#14712=CARTESIAN_POINT('',(90.6349490403738,-112.399999521673,6.1));
#14713=CARTESIAN_POINT('Origin',(89.6349490403738,-112.399999521673,6.1));
#14714=CARTESIAN_POINT('',(90.6349490403738,-110.399999521673,6.1));
#14715=CARTESIAN_POINT('',(90.6349490403738,-110.399999521673,6.1));
#14716=CARTESIAN_POINT('',(89.6349490403738,-109.399999521673,6.1));
#14717=CARTESIAN_POINT('Origin',(89.6349490403738,-110.399999521673,6.1));
#14718=CARTESIAN_POINT('',(71.6662100611092,-109.399999521673,6.1));
#14719=CARTESIAN_POINT('',(85.6349490403738,-109.399999521673,6.1));
#14720=CARTESIAN_POINT('',(70.6662100611092,-108.399999521673,6.1));
#14721=CARTESIAN_POINT('Origin',(71.6662100611092,-108.399999521673,6.1));
#14722=CARTESIAN_POINT('',(70.6662100611094,-106.399999521672,6.1));
#14723=CARTESIAN_POINT('',(70.6662100611092,-106.399999521672,6.1));
#14724=CARTESIAN_POINT('',(71.666210061109,-105.399999521673,6.1));
#14725=CARTESIAN_POINT('Origin',(71.6662100611092,-106.399999521672,6.1));
#14726=CARTESIAN_POINT('',(223.635003337842,-105.399999521672,6.1));
#14727=CARTESIAN_POINT('',(140.634628532775,-105.399999521673,6.1));
#14728=CARTESIAN_POINT('',(224.635003337843,-106.399999521672,6.1));
#14729=CARTESIAN_POINT('Origin',(223.635003337843,-106.399999521672,6.1));
#14730=CARTESIAN_POINT('',(224.635003337842,-108.399999521673,6.1));
#14731=CARTESIAN_POINT('',(224.635003337842,-108.399999521673,6.1));
#14732=CARTESIAN_POINT('',(223.635003337842,-109.399999521673,6.1));
#14733=CARTESIAN_POINT('Origin',(223.635003337842,-108.399999521673,6.1));
#14734=CARTESIAN_POINT('',(205.634374005307,-109.399999521673,6.1));
#14735=CARTESIAN_POINT('',(209.634374005307,-109.399999521673,6.1));
#14736=CARTESIAN_POINT('',(204.634374005307,-110.399999521673,6.1));
#14737=CARTESIAN_POINT('Origin',(205.634374005307,-110.399999521673,6.1));
#14738=CARTESIAN_POINT('',(204.634374005307,-112.399999521673,6.1));
#14739=CARTESIAN_POINT('',(204.634374005307,-112.399999521673,6.1));
#14740=CARTESIAN_POINT('',(205.634374005307,-113.399999521673,6.1));
#14741=CARTESIAN_POINT('Origin',(205.634374005307,-112.399999521673,6.1));
#14742=CARTESIAN_POINT('',(253.634374005307,-113.399999521673,6.1));
#14743=CARTESIAN_POINT('',(209.634374005307,-113.399999521673,6.1));
#14744=CARTESIAN_POINT('',(254.634374005307,-112.399999521673,6.1));
#14745=CARTESIAN_POINT('Origin',(253.634374005307,-112.399999521673,6.1));
#14746=CARTESIAN_POINT('',(254.634374005307,-110.399999521673,6.1));
#14747=CARTESIAN_POINT('',(254.634374005307,-110.399999521673,6.1));
#14748=CARTESIAN_POINT('',(253.634374005307,-109.399999521673,6.1));
#14749=CARTESIAN_POINT('Origin',(253.634374005307,-110.399999521673,6.1));
#14750=CARTESIAN_POINT('',(235.63500333786,-109.399999521673,6.1));
#14751=CARTESIAN_POINT('',(249.634374005307,-109.399999521673,6.1));
#14752=CARTESIAN_POINT('',(234.63500333786,-108.399999521673,6.1));
#14753=CARTESIAN_POINT('Origin',(235.63500333786,-108.399999521673,6.1));
#14754=CARTESIAN_POINT('',(234.63500333786,-106.399999521673,6.1));
#14755=CARTESIAN_POINT('',(234.63500333786,-106.399999521673,6.1));
#14756=CARTESIAN_POINT('',(235.63500333786,-105.399999521673,6.1));
#14757=CARTESIAN_POINT('Origin',(235.63500333786,-106.399999521673,6.1));
#14758=CARTESIAN_POINT('',(268.599999472499,-105.399999521673,6.1));
#14759=CARTESIAN_POINT('',(268.599999472499,-105.399999521673,6.1));
#14760=CARTESIAN_POINT('',(270.599999472499,-103.399999521673,6.1));
#14761=CARTESIAN_POINT('Origin',(268.599999472499,-103.399999521673,6.1));
#14762=CARTESIAN_POINT('',(270.599999472499,-22.3999995216727,6.1));
#14763=CARTESIAN_POINT('',(270.599999472499,-22.3999995216727,6.1));
#14764=CARTESIAN_POINT('',(270.599999472499,-22.3999995216727,6.1));
#14765=CARTESIAN_POINT('',(268.599999472499,-20.3999995216727,6.1));
#14766=CARTESIAN_POINT('Origin',(268.599999472499,-22.3999995216727,6.1));
#14767=CARTESIAN_POINT('',(235.596013687268,-20.3999995216727,6.1));
#14768=CARTESIAN_POINT('',(235.596013687268,-20.3999995216727,6.1));
#14769=CARTESIAN_POINT('',(234.596013687268,-19.3999995216727,6.1));
#14770=CARTESIAN_POINT('Origin',(235.596013687268,-19.3999995216727,6.1));
#14771=CARTESIAN_POINT('',(234.596013687268,-17.3999995216727,6.1));
#14772=CARTESIAN_POINT('',(234.596013687268,-19.3999995216727,6.1));
#14773=CARTESIAN_POINT('',(235.596013687268,-16.3999995216727,6.1));
#14774=CARTESIAN_POINT('Origin',(235.596013687268,-17.3999995216727,6.1));
#14775=CARTESIAN_POINT('',(253.634374005307,-16.3999995216727,6.1));
#14776=CARTESIAN_POINT('',(248.5965381359,-16.3999995216727,6.1));
#14777=CARTESIAN_POINT('',(254.634374005307,-15.3999995216727,6.1));
#14778=CARTESIAN_POINT('Origin',(253.634374005307,-15.3999995216727,6.1));
#14779=CARTESIAN_POINT('',(254.634374005307,-13.3999995216727,6.1));
#14780=CARTESIAN_POINT('',(254.634374005307,-15.3999995216727,6.1));
#14781=CARTESIAN_POINT('',(253.634374005307,-12.3999995216727,6.1));
#14782=CARTESIAN_POINT('Origin',(253.634374005307,-13.3999995216728,6.1));
#14783=CARTESIAN_POINT('',(205.634374005307,-12.3999995216727,6.1));
#14784=CARTESIAN_POINT('',(253.634374005307,-12.3999995216727,6.1));
#14785=CARTESIAN_POINT('',(204.634374005307,-13.3999995216727,6.1));
#14786=CARTESIAN_POINT('Origin',(205.634374005307,-13.3999995216728,6.1));
#14787=CARTESIAN_POINT('',(204.634374005307,-15.3999995216727,6.1));
#14788=CARTESIAN_POINT('',(204.634374005307,-15.3999995216727,6.1));
#14789=CARTESIAN_POINT('',(205.634374005307,-16.3999995216727,6.1));
#14790=CARTESIAN_POINT('Origin',(205.634374005307,-15.3999995216727,6.1));
#14791=CARTESIAN_POINT('',(223.596013687268,-16.3999995216727,6.1));
#14792=CARTESIAN_POINT('',(211.155679822672,-16.3999995216727,6.1));
#14793=CARTESIAN_POINT('',(224.596013687268,-17.3999995216727,6.1));
#14794=CARTESIAN_POINT('Origin',(223.596013687268,-17.3999995216727,6.1));
#14795=CARTESIAN_POINT('',(224.596013687268,-19.3999995216727,6.1));
#14796=CARTESIAN_POINT('',(224.596013687268,-17.3999995216727,6.1));
#14797=CARTESIAN_POINT('',(223.596013687268,-20.3999995216727,6.1));
#14798=CARTESIAN_POINT('Origin',(223.596013687268,-19.3999995216727,6.1));
#14799=CARTESIAN_POINT('',(71.6662100611092,-20.3999995216727,6.1));
#14800=CARTESIAN_POINT('',(152.595866245188,-20.3999995216727,6.1));
#14801=CARTESIAN_POINT('',(70.6662100611092,-19.3999995216727,6.1));
#14802=CARTESIAN_POINT('Origin',(71.6662100611092,-19.3999995216727,6.1));
#14803=CARTESIAN_POINT('',(70.6662100611092,-17.4008339004752,6.1));
#14804=CARTESIAN_POINT('',(70.6662100611092,-19.3999995216727,6.1));
#14805=CARTESIAN_POINT('',(71.6662100611092,-16.4008339004752,6.1));
#14806=CARTESIAN_POINT('Origin',(71.6662100611092,-17.4008339004752,6.1));
#14807=CARTESIAN_POINT('',(89.6349490403738,-16.4008339004752,6.1));
#14808=CARTESIAN_POINT('',(89.6349490403738,-16.4008339004752,6.1));
#14809=CARTESIAN_POINT('',(90.6349490403738,-15.4008339004752,6.1));
#14810=CARTESIAN_POINT('Origin',(89.6349490403738,-15.4008339004752,6.1));
#14811=CARTESIAN_POINT('',(90.6349490403738,-13.4008339004752,6.1));
#14812=CARTESIAN_POINT('',(90.6349490403738,-13.4008339004752,6.1));
#14813=CARTESIAN_POINT('',(89.6349490403738,-12.4008339004752,6.1));
#14814=CARTESIAN_POINT('Origin',(89.6349490403738,-13.4008339004752,6.1));
#14815=CARTESIAN_POINT('',(41.6349490403739,-12.4008339004752,6.1));
#14816=CARTESIAN_POINT('',(41.6349490403738,-12.4008339004752,6.1));
#14817=CARTESIAN_POINT('',(40.6349490403738,-13.4008339004752,6.1));
#14818=CARTESIAN_POINT('Origin',(41.6349490403738,-13.4008339004752,6.1));
#14819=CARTESIAN_POINT('',(40.6349490403738,-15.4008339004752,6.1));
#14820=CARTESIAN_POINT('',(40.6349490403738,-15.4008339004752,6.1));
#14821=CARTESIAN_POINT('',(41.6349490403739,-16.4008339004752,6.1));
#14822=CARTESIAN_POINT('Origin',(41.6349490403738,-15.4008339004752,6.1));
#14823=CARTESIAN_POINT('',(59.6662100611092,-16.4008339004752,6.1));
#14824=CARTESIAN_POINT('',(59.6662100611092,-16.4008339004752,6.1));
#14825=CARTESIAN_POINT('',(60.6662100611092,-17.4008339004752,6.1));
#14826=CARTESIAN_POINT('Origin',(59.6662100611092,-17.4008339004752,6.1));
#14827=CARTESIAN_POINT('',(60.6662100611092,-19.3999995216727,6.1));
#14828=CARTESIAN_POINT('',(60.6662100611092,-17.4008339004752,6.1));
#14829=CARTESIAN_POINT('',(59.6662100611092,-20.3999995216727,6.1));
#14830=CARTESIAN_POINT('Origin',(59.6662100611092,-19.3999995216727,6.1));
#14831=CARTESIAN_POINT('',(24.6000251969842,-20.3999995216731,6.1));
#14832=CARTESIAN_POINT('',(58.596000879158,-20.3999995216727,6.1));
#14833=CARTESIAN_POINT('Origin',(24.6000251969842,-22.3999995216731,6.1));
#14834=CARTESIAN_POINT('Origin',(270.599999472499,-103.399999521673,4.6));
#14835=CARTESIAN_POINT('',(270.599999472499,-103.399999521673,4.6));
#14836=CARTESIAN_POINT('Origin',(270.599999472499,-103.399999521673,4.6));
#14837=CARTESIAN_POINT('',(270.599999472499,-22.3999995216727,4.6));
#14838=CARTESIAN_POINT('Origin',(235.596013687268,-17.3999995216727,4.6));
#14839=CARTESIAN_POINT('',(235.596013687268,-16.3999995216727,4.6));
#14840=CARTESIAN_POINT('',(234.596013687268,-17.3999995216727,4.6));
#14841=CARTESIAN_POINT('Origin',(234.596013687268,-19.3999995216727,4.6));
#14842=CARTESIAN_POINT('',(234.596013687268,-19.3999995216727,4.6));
#14843=CARTESIAN_POINT('Origin',(235.596013687268,-19.3999995216727,4.6));
#14844=CARTESIAN_POINT('',(235.596013687268,-20.3999995216727,4.6));
#14845=CARTESIAN_POINT('Origin',(268.599999472499,-20.3999995216727,4.6));
#14846=CARTESIAN_POINT('',(268.599999472499,-20.3999995216727,4.6));
#14847=CARTESIAN_POINT('Origin',(268.599999472499,-22.3999995216727,4.6));
#14848=CARTESIAN_POINT('Origin',(268.599999472499,-103.399999521673,4.6));
#14849=CARTESIAN_POINT('',(268.599999472499,-105.399999521673,4.6));
#14850=CARTESIAN_POINT('Origin',(235.63500333786,-105.399999521673,4.6));
#14851=CARTESIAN_POINT('',(235.63500333786,-105.399999521673,4.6));
#14852=CARTESIAN_POINT('Origin',(235.63500333786,-106.399999521673,4.6));
#14853=CARTESIAN_POINT('',(234.63500333786,-106.399999521673,4.6));
#14854=CARTESIAN_POINT('Origin',(234.63500333786,-108.399999521673,4.6));
#14855=CARTESIAN_POINT('',(234.63500333786,-108.399999521673,4.6));
#14856=CARTESIAN_POINT('Origin',(235.63500333786,-108.399999521673,4.6));
#14857=CARTESIAN_POINT('',(235.63500333786,-109.399999521673,4.6));
#14858=CARTESIAN_POINT('Origin',(253.634374005307,-109.399999521673,4.6));
#14859=CARTESIAN_POINT('',(253.634374005307,-109.399999521673,4.6));
#14860=CARTESIAN_POINT('Origin',(253.634374005307,-110.399999521673,4.6));
#14861=CARTESIAN_POINT('',(254.634374005307,-110.399999521673,4.6));
#14862=CARTESIAN_POINT('Origin',(254.634374005307,-112.399999521673,4.6));
#14863=CARTESIAN_POINT('',(254.634374005307,-112.399999521673,4.6));
#14864=CARTESIAN_POINT('Origin',(253.634374005307,-112.399999521673,4.6));
#14865=CARTESIAN_POINT('',(253.634374005307,-113.399999521673,4.6));
#14866=CARTESIAN_POINT('Origin',(205.634374005307,-113.399999521673,4.6));
#14867=CARTESIAN_POINT('',(205.634374005307,-113.399999521673,4.6));
#14868=CARTESIAN_POINT('Origin',(205.634374005307,-112.399999521673,4.6));
#14869=CARTESIAN_POINT('',(204.634374005307,-112.399999521673,4.6));
#14870=CARTESIAN_POINT('Origin',(204.634374005307,-110.399999521673,4.6));
#14871=CARTESIAN_POINT('',(204.634374005307,-110.399999521673,4.6));
#14872=CARTESIAN_POINT('Origin',(205.634374005307,-110.399999521673,4.6));
#14873=CARTESIAN_POINT('',(205.634374005307,-109.399999521673,4.6));
#14874=CARTESIAN_POINT('Origin',(223.635003337842,-109.399999521673,4.6));
#14875=CARTESIAN_POINT('',(223.635003337842,-109.399999521673,4.6));
#14876=CARTESIAN_POINT('Origin',(223.635003337842,-108.399999521673,4.6));
#14877=CARTESIAN_POINT('',(224.635003337842,-108.399999521673,4.6));
#14878=CARTESIAN_POINT('Origin',(224.635003337843,-106.399999521672,4.6));
#14879=CARTESIAN_POINT('',(224.635003337843,-106.399999521672,4.6));
#14880=CARTESIAN_POINT('Origin',(223.635003337843,-106.399999521672,4.6));
#14881=CARTESIAN_POINT('',(223.635003337842,-105.399999521672,4.6));
#14882=CARTESIAN_POINT('Origin',(71.6662100611091,-105.399999521673,4.6));
#14883=CARTESIAN_POINT('',(71.6662100611091,-105.399999521673,4.6));
#14884=CARTESIAN_POINT('Origin',(71.6662100611092,-106.399999521672,4.6));
#14885=CARTESIAN_POINT('',(70.6662100611094,-106.399999521672,4.6));
#14886=CARTESIAN_POINT('Origin',(70.6662100611092,-108.399999521673,4.6));
#14887=CARTESIAN_POINT('',(70.6662100611092,-108.399999521673,4.6));
#14888=CARTESIAN_POINT('Origin',(71.6662100611092,-108.399999521673,4.6));
#14889=CARTESIAN_POINT('',(71.6662100611092,-109.399999521673,4.6));
#14890=CARTESIAN_POINT('Origin',(89.6349490403738,-109.399999521673,4.6));
#14891=CARTESIAN_POINT('',(89.6349490403738,-109.399999521673,4.6));
#14892=CARTESIAN_POINT('Origin',(89.6349490403738,-110.399999521673,4.6));
#14893=CARTESIAN_POINT('',(90.6349490403738,-110.399999521673,4.6));
#14894=CARTESIAN_POINT('Origin',(90.6349490403738,-112.399999521673,4.6));
#14895=CARTESIAN_POINT('',(90.6349490403738,-112.399999521673,4.6));
#14896=CARTESIAN_POINT('Origin',(89.6349490403738,-112.399999521673,4.6));
#14897=CARTESIAN_POINT('',(89.6349490403738,-113.399999521673,4.6));
#14898=CARTESIAN_POINT('Origin',(41.6349490403738,-113.399999521673,4.6));
#14899=CARTESIAN_POINT('',(41.6349490403738,-113.399999521673,4.6));
#14900=CARTESIAN_POINT('Origin',(41.6349490403738,-112.399999521673,4.6));
#14901=CARTESIAN_POINT('',(40.6349490403738,-112.399999521673,4.6));
#14902=CARTESIAN_POINT('Origin',(40.6349490403738,-110.399999521673,4.6));
#14903=CARTESIAN_POINT('',(40.6349490403738,-110.399999521673,4.6));
#14904=CARTESIAN_POINT('Origin',(41.6349490403738,-110.399999521673,4.6));
#14905=CARTESIAN_POINT('',(41.6349490403738,-109.399999521673,4.6));
#14906=CARTESIAN_POINT('Origin',(59.6662100611092,-109.399999521673,4.6));
#14907=CARTESIAN_POINT('',(59.6662100611092,-109.399999521673,4.6));
#14908=CARTESIAN_POINT('Origin',(59.6662100611092,-108.399999521673,4.6));
#14909=CARTESIAN_POINT('',(60.6662100611092,-108.399999521673,4.6));
#14910=CARTESIAN_POINT('Origin',(60.6662100611092,-106.399999521673,4.6));
#14911=CARTESIAN_POINT('',(60.6662100611092,-106.399999521673,4.6));
#14912=CARTESIAN_POINT('Origin',(59.6662100611092,-106.399999521673,4.6));
#14913=CARTESIAN_POINT('',(59.6662100611092,-105.399999521673,4.6));
#14914=CARTESIAN_POINT('Origin',(24.6001267125217,-105.399999521672,4.6));
#14915=CARTESIAN_POINT('',(24.6001267125217,-105.399999521672,4.6));
#14916=CARTESIAN_POINT('Origin',(24.6001244390285,-103.399999521674,4.6));
#14917=CARTESIAN_POINT('',(22.60012443903,-103.400001972095,4.6));
#14918=CARTESIAN_POINT('Origin',(22.6000251969858,-22.400001972094,4.6));
#14919=CARTESIAN_POINT('',(22.6000251969857,-22.4000019720939,4.6));
#14920=CARTESIAN_POINT('Origin',(24.6000251969842,-22.3999995216731,4.6));
#14921=CARTESIAN_POINT('',(24.6000251969842,-20.3999995216731,4.6));
#14922=CARTESIAN_POINT('Origin',(59.6662100611092,-20.3999995216727,4.6));
#14923=CARTESIAN_POINT('',(59.6662100611092,-20.3999995216727,4.6));
#14924=CARTESIAN_POINT('Origin',(59.6662100611092,-19.3999995216727,4.6));
#14925=CARTESIAN_POINT('',(60.6662100611092,-19.3999995216727,4.6));
#14926=CARTESIAN_POINT('Origin',(60.6662100611092,-17.4008339004752,4.6));
#14927=CARTESIAN_POINT('',(60.6662100611092,-17.4008339004752,4.6));
#14928=CARTESIAN_POINT('Origin',(59.6662100611092,-17.4008339004752,4.6));
#14929=CARTESIAN_POINT('',(59.6662100611092,-16.4008339004752,4.6));
#14930=CARTESIAN_POINT('Origin',(41.6349490403738,-16.4008339004752,4.6));
#14931=CARTESIAN_POINT('',(41.6349490403738,-16.4008339004752,4.6));
#14932=CARTESIAN_POINT('Origin',(41.6349490403738,-15.4008339004752,4.6));
#14933=CARTESIAN_POINT('',(40.6349490403738,-15.4008339004752,4.6));
#14934=CARTESIAN_POINT('Origin',(40.6349490403738,-13.4008339004752,4.6));
#14935=CARTESIAN_POINT('',(40.6349490403738,-13.4008339004752,4.6));
#14936=CARTESIAN_POINT('Origin',(41.6349490403738,-13.4008339004752,4.6));
#14937=CARTESIAN_POINT('',(41.6349490403738,-12.4008339004752,4.6));
#14938=CARTESIAN_POINT('Origin',(89.6349490403738,-12.4008339004752,4.6));
#14939=CARTESIAN_POINT('',(89.6349490403738,-12.4008339004752,4.6));
#14940=CARTESIAN_POINT('Origin',(89.6349490403738,-13.4008339004752,4.6));
#14941=CARTESIAN_POINT('',(90.6349490403738,-13.4008339004752,4.6));
#14942=CARTESIAN_POINT('Origin',(90.6349490403738,-15.4008339004752,4.6));
#14943=CARTESIAN_POINT('',(90.6349490403738,-15.4008339004752,4.6));
#14944=CARTESIAN_POINT('Origin',(89.6349490403738,-15.4008339004752,4.6));
#14945=CARTESIAN_POINT('',(89.6349490403738,-16.4008339004752,4.6));
#14946=CARTESIAN_POINT('Origin',(71.6662100611092,-16.4008339004752,4.6));
#14947=CARTESIAN_POINT('',(71.6662100611092,-16.4008339004752,4.6));
#14948=CARTESIAN_POINT('Origin',(71.6662100611092,-17.4008339004752,4.6));
#14949=CARTESIAN_POINT('',(70.6662100611092,-17.4008339004752,4.6));
#14950=CARTESIAN_POINT('Origin',(70.6662100611092,-19.3999995216727,4.6));
#14951=CARTESIAN_POINT('',(70.6662100611092,-19.3999995216727,4.6));
#14952=CARTESIAN_POINT('Origin',(71.6662100611092,-19.3999995216727,4.6));
#14953=CARTESIAN_POINT('',(71.6662100611092,-20.3999995216727,4.6));
#14954=CARTESIAN_POINT('Origin',(223.596013687268,-20.3999995216727,4.6));
#14955=CARTESIAN_POINT('',(223.596013687268,-20.3999995216727,4.6));
#14956=CARTESIAN_POINT('Origin',(223.596013687268,-19.3999995216727,4.6));
#14957=CARTESIAN_POINT('',(224.596013687268,-19.3999995216727,4.6));
#14958=CARTESIAN_POINT('Origin',(224.596013687268,-17.3999995216727,4.6));
#14959=CARTESIAN_POINT('',(224.596013687268,-17.3999995216727,4.6));
#14960=CARTESIAN_POINT('Origin',(223.596013687268,-17.3999995216727,4.6));
#14961=CARTESIAN_POINT('',(223.596013687268,-16.3999995216727,4.6));
#14962=CARTESIAN_POINT('Origin',(205.634374005307,-16.3999995216727,4.6));
#14963=CARTESIAN_POINT('',(205.634374005307,-16.3999995216727,4.6));
#14964=CARTESIAN_POINT('Origin',(205.634374005307,-15.3999995216727,4.6));
#14965=CARTESIAN_POINT('',(204.634374005307,-15.3999995216727,4.6));
#14966=CARTESIAN_POINT('Origin',(204.634374005307,-13.3999995216727,4.6));
#14967=CARTESIAN_POINT('',(204.634374005307,-13.3999995216727,4.6));
#14968=CARTESIAN_POINT('Origin',(205.634374005307,-13.3999995216728,4.6));
#14969=CARTESIAN_POINT('',(205.634374005307,-12.3999995216727,4.6));
#14970=CARTESIAN_POINT('Origin',(253.634374005307,-12.3999995216727,4.6));
#14971=CARTESIAN_POINT('',(253.634374005307,-12.3999995216727,4.6));
#14972=CARTESIAN_POINT('Origin',(253.634374005307,-13.3999995216728,4.6));
#14973=CARTESIAN_POINT('',(254.634374005307,-13.3999995216727,4.6));
#14974=CARTESIAN_POINT('Origin',(254.634374005307,-15.3999995216727,4.6));
#14975=CARTESIAN_POINT('',(254.634374005307,-15.3999995216727,4.6));
#14976=CARTESIAN_POINT('Origin',(253.634374005307,-15.3999995216727,4.6));
#14977=CARTESIAN_POINT('',(253.634374005307,-16.3999995216727,4.6));
#14978=CARTESIAN_POINT('Origin',(235.596013687268,-16.3999995216727,4.6));
#14979=UNCERTAINTY_MEASURE_WITH_UNIT(LENGTH_MEASURE(0.01),#14983,
'DISTANCE_ACCURACY_VALUE',
'Maximum model space distance between geometric entities at asserted c
onnectivities');
#14980=UNCERTAINTY_MEASURE_WITH_UNIT(LENGTH_MEASURE(0.01),#14983,
'DISTANCE_ACCURACY_VALUE',
'Maximum model space distance between geometric entities at asserted c
onnectivities');
#14981=(
GEOMETRIC_REPRESENTATION_CONTEXT(3)
GLOBAL_UNCERTAINTY_ASSIGNED_CONTEXT((#14979))
GLOBAL_UNIT_ASSIGNED_CONTEXT((#14983,#14985,#14986))
REPRESENTATION_CONTEXT('','3D')
);
#14982=(
GEOMETRIC_REPRESENTATION_CONTEXT(3)
GLOBAL_UNCERTAINTY_ASSIGNED_CONTEXT((#14980))
GLOBAL_UNIT_ASSIGNED_CONTEXT((#14983,#14985,#14986))
REPRESENTATION_CONTEXT('','3D')
);
#14983=(
LENGTH_UNIT()
NAMED_UNIT(*)
SI_UNIT(.MILLI.,.METRE.)
);
#14984=(
LENGTH_UNIT()
NAMED_UNIT(*)
SI_UNIT($,.METRE.)
);
#14985=(
NAMED_UNIT(*)
PLANE_ANGLE_UNIT()
SI_UNIT($,.RADIAN.)
);
#14986=(
NAMED_UNIT(*)
SI_UNIT($,.STERADIAN.)
SOLID_ANGLE_UNIT()
);
#14987=SHAPE_DEFINITION_REPRESENTATION(#14988,#14989);
#14988=PRODUCT_DEFINITION_SHAPE('',$,#14991);
#14989=SHAPE_REPRESENTATION('',(#8899),#14981);
#14990=PRODUCT_DEFINITION_CONTEXT('part definition',#14995,'design');
#14991=PRODUCT_DEFINITION('Pancake case','Plate 7u clip v9',#14992,#14990);
#14992=PRODUCT_DEFINITION_FORMATION('',$,#14997);
#14993=PRODUCT_RELATED_PRODUCT_CATEGORY('Plate 7u clip v9',
'Plate 7u clip v9',(#14997));
#14994=APPLICATION_PROTOCOL_DEFINITION('international standard',
'automotive_design',2009,#14995);
#14995=APPLICATION_CONTEXT(
'Core Data for Automotive Mechanical Design Process');
#14996=PRODUCT_CONTEXT('part definition',#14995,'mechanical');
#14997=PRODUCT('Pancake case','Plate 7u clip v9',$,(#14996));
#14998=PRESENTATION_STYLE_ASSIGNMENT((#15000));
#14999=PRESENTATION_STYLE_ASSIGNMENT((#15001));
#15000=SURFACE_STYLE_USAGE(.BOTH.,#15002);
#15001=SURFACE_STYLE_USAGE(.BOTH.,#15003);
#15002=SURFACE_SIDE_STYLE('',(#15004));
#15003=SURFACE_SIDE_STYLE('',(#15005));
#15004=SURFACE_STYLE_FILL_AREA(#15006);
#15005=SURFACE_STYLE_FILL_AREA(#15007);
#15006=FILL_AREA_STYLE('Acier - Satin\X\E9',(#15008));
#15007=FILL_AREA_STYLE('Plastique - Mat (gris)',(#15009));
#15008=FILL_AREA_STYLE_COLOUR('Acier - Satin\X\E9',#15010);
#15009=FILL_AREA_STYLE_COLOUR('Plastique - Mat (gris)',#15011);
#15010=COLOUR_RGB('Acier - Satin\X\E9',0.627450980392157,0.627450980392157,
0.627450980392157);
#15011=COLOUR_RGB('Plastique - Mat (gris)',0.701960784313725,0.701960784313725,
0.701960784313725);
ENDSEC;
END-ISO-10303-21;
