ISO-10303-21;
HEADER;
/* Generated by software containing ST-Developer
 * from STEP Tools, Inc. (www.steptools.com) 
 */

FILE_DESCRIPTION(
/* description */ (''),
/* implementation_level */ '2;1');

FILE_NAME(
/* name */ 'Plate 2u Clip (3dp renfort).step',
/* time_stamp */ '2025-12-08T18:27:08+01:00',
/* author */ (''),
/* organization */ (''),
/* preprocessor_version */ 'ST-DEVELOPER v20.1',
/* originating_system */ 'Autodesk Translation Framework v14.21.0.0',
/* authorisation */ '');

FILE_SCHEMA (('AUTOMOTIVE_DESIGN { 1 0 10303 214 3 1 1 }'));
ENDSEC;

DATA;
#10=MECHANICAL_DESIGN_GEOMETRIC_PRESENTATION_REPRESENTATION('',(#13),#21221);
#11=SHAPE_REPRESENTATION_RELATIONSHIP('SRR','None',#21228,#12);
#12=ADVANCED_BREP_SHAPE_REPRESENTATION('',(#14),#21220);
#13=STYLED_ITEM('',(#21238),#14);
#14=MANIFOLD_SOLID_BREP('Plate',#12597);
#15=CYLINDRICAL_SURFACE('',#12740,1.50000000000006);
#16=CYLINDRICAL_SURFACE('',#12743,1.5);
#17=CYLINDRICAL_SURFACE('',#12746,1.50000000000002);
#18=CYLINDRICAL_SURFACE('',#12749,1.52500000000002);
#19=CYLINDRICAL_SURFACE('',#12752,1.5);
#20=CYLINDRICAL_SURFACE('',#12755,1.50000000000002);
#21=CYLINDRICAL_SURFACE('',#12758,1.49999999999999);
#22=CYLINDRICAL_SURFACE('',#12761,1.49999999999999);
#23=CYLINDRICAL_SURFACE('',#12764,1.5);
#24=CYLINDRICAL_SURFACE('',#12767,1.5);
#25=CYLINDRICAL_SURFACE('',#12770,1.49999999999999);
#26=CYLINDRICAL_SURFACE('',#12773,1.49999999999999);
#27=CYLINDRICAL_SURFACE('',#12776,1.525);
#28=CYLINDRICAL_SURFACE('',#12779,1.5);
#29=CYLINDRICAL_SURFACE('',#12782,1.49999999999999);
#30=CYLINDRICAL_SURFACE('',#12785,1.49999999999999);
#31=CYLINDRICAL_SURFACE('',#12788,1.525);
#32=CYLINDRICAL_SURFACE('',#12791,1.5);
#33=CYLINDRICAL_SURFACE('',#12794,1.5);
#34=CYLINDRICAL_SURFACE('',#12797,1.52499999999996);
#35=CYLINDRICAL_SURFACE('',#12800,1.5);
#36=CYLINDRICAL_SURFACE('',#12804,1.50000000000002);
#37=CYLINDRICAL_SURFACE('',#12808,1.5);
#38=CYLINDRICAL_SURFACE('',#12812,1.50000000000006);
#39=CYLINDRICAL_SURFACE('',#12816,1.49999999999999);
#40=CYLINDRICAL_SURFACE('',#12820,1.5);
#41=CYLINDRICAL_SURFACE('',#12824,1.49999999999999);
#42=CYLINDRICAL_SURFACE('',#12828,1.50000000000002);
#43=CYLINDRICAL_SURFACE('',#12832,1.5);
#44=CYLINDRICAL_SURFACE('',#12836,1.49999999999999);
#45=CYLINDRICAL_SURFACE('',#12840,1.5);
#46=CYLINDRICAL_SURFACE('',#12844,1.49999999999999);
#47=CYLINDRICAL_SURFACE('',#12848,1.5);
#48=CYLINDRICAL_SURFACE('',#12852,1.5);
#49=CYLINDRICAL_SURFACE('',#12856,1.5);
#50=CYLINDRICAL_SURFACE('',#12860,1.49999999999999);
#51=CYLINDRICAL_SURFACE('',#12864,1.50000000000001);
#52=CYLINDRICAL_SURFACE('',#12868,1.50000000000002);
#53=CYLINDRICAL_SURFACE('',#12872,1.49999999999999);
#54=CYLINDRICAL_SURFACE('',#12876,1.49999999999999);
#55=CYLINDRICAL_SURFACE('',#12880,1.50000000000001);
#56=CYLINDRICAL_SURFACE('',#12884,1.50000000000002);
#57=CYLINDRICAL_SURFACE('',#12888,1.5);
#58=CYLINDRICAL_SURFACE('',#12892,1.50000000000002);
#59=CYLINDRICAL_SURFACE('',#12896,1.5);
#60=CYLINDRICAL_SURFACE('',#12900,1.50000000000002);
#61=CYLINDRICAL_SURFACE('',#12904,1.5);
#62=CYLINDRICAL_SURFACE('',#12908,1.49999999999999);
#63=CYLINDRICAL_SURFACE('',#12912,1.49999999999999);
#64=CYLINDRICAL_SURFACE('',#12916,1.49999999999999);
#65=CYLINDRICAL_SURFACE('',#12920,1.49999999999999);
#66=CYLINDRICAL_SURFACE('',#12924,1.5);
#67=CYLINDRICAL_SURFACE('',#13074,1.99999999999999);
#68=CYLINDRICAL_SURFACE('',#13076,2.00000000000006);
#69=CYLINDRICAL_SURFACE('',#13079,2.);
#70=CYLINDRICAL_SURFACE('',#13081,2.);
#71=CYLINDRICAL_SURFACE('',#13345,0.499999999999998);
#72=CYLINDRICAL_SURFACE('',#13346,0.499999999999998);
#73=CYLINDRICAL_SURFACE('',#13347,0.499999999999998);
#74=CYLINDRICAL_SURFACE('',#13348,0.499999999999998);
#75=CYLINDRICAL_SURFACE('',#13350,0.499999999999998);
#76=CYLINDRICAL_SURFACE('',#13352,0.500000000000007);
#77=CYLINDRICAL_SURFACE('',#13354,0.499999999999998);
#78=CYLINDRICAL_SURFACE('',#13356,0.500000000000007);
#79=CYLINDRICAL_SURFACE('',#13358,0.499999999999989);
#80=CYLINDRICAL_SURFACE('',#13363,0.500000000000007);
#81=CYLINDRICAL_SURFACE('',#13365,0.499999999999998);
#82=CYLINDRICAL_SURFACE('',#13367,0.499999999999989);
#83=CYLINDRICAL_SURFACE('',#13369,0.500000000000007);
#84=CYLINDRICAL_SURFACE('',#13371,0.499999999999989);
#85=CYLINDRICAL_SURFACE('',#13373,0.500000000000007);
#86=CYLINDRICAL_SURFACE('',#13376,0.500000000000007);
#87=CYLINDRICAL_SURFACE('',#13378,0.500000000000007);
#88=CYLINDRICAL_SURFACE('',#13381,0.500000000000007);
#89=CYLINDRICAL_SURFACE('',#13383,0.499999999999972);
#90=CYLINDRICAL_SURFACE('',#13386,0.500000000000007);
#91=CYLINDRICAL_SURFACE('',#13389,0.500000000000007);
#92=CYLINDRICAL_SURFACE('',#13391,0.499999999999998);
#93=CYLINDRICAL_SURFACE('',#13393,0.499999999999998);
#94=CYLINDRICAL_SURFACE('',#13395,0.499999999999998);
#95=CYLINDRICAL_SURFACE('',#13397,0.499999999999998);
#96=CYLINDRICAL_SURFACE('',#13399,0.500000000000007);
#97=CYLINDRICAL_SURFACE('',#13402,0.500000000000007);
#98=CYLINDRICAL_SURFACE('',#13404,0.499999999999998);
#99=CYLINDRICAL_SURFACE('',#13407,0.500000000000007);
#100=CYLINDRICAL_SURFACE('',#13409,0.499999999999989);
#101=CYLINDRICAL_SURFACE('',#13412,0.499999999999989);
#102=CYLINDRICAL_SURFACE('',#13414,0.499999999999998);
#103=CYLINDRICAL_SURFACE('',#13416,0.500000000000007);
#104=CYLINDRICAL_SURFACE('',#13418,0.499999999999998);
#105=CYLINDRICAL_SURFACE('',#13420,0.500000000000007);
#106=CYLINDRICAL_SURFACE('',#13422,0.500000000000007);
#107=CYLINDRICAL_SURFACE('',#13428,0.499999999999972);
#108=CYLINDRICAL_SURFACE('',#13430,0.500000000000003);
#109=CYLINDRICAL_SURFACE('',#13432,0.500000000000007);
#110=CYLINDRICAL_SURFACE('',#13434,0.499999999999998);
#111=CYLINDRICAL_SURFACE('',#13436,0.500000000000007);
#112=CYLINDRICAL_SURFACE('',#13438,0.499999999999998);
#113=CYLINDRICAL_SURFACE('',#13440,0.500000000000007);
#114=CYLINDRICAL_SURFACE('',#13442,0.499999999999998);
#115=CYLINDRICAL_SURFACE('',#13444,0.500000000000007);
#116=CYLINDRICAL_SURFACE('',#13446,0.499999999999998);
#117=CYLINDRICAL_SURFACE('',#13448,0.500000000000007);
#118=CYLINDRICAL_SURFACE('',#13450,0.5);
#119=CYLINDRICAL_SURFACE('',#13452,0.500000000000007);
#120=CYLINDRICAL_SURFACE('',#13454,0.499999999999998);
#121=CYLINDRICAL_SURFACE('',#13456,0.500000000000007);
#122=CYLINDRICAL_SURFACE('',#13458,0.499999999999998);
#123=CYLINDRICAL_SURFACE('',#13460,0.500000000000007);
#124=CYLINDRICAL_SURFACE('',#13462,0.500000000000003);
#125=CYLINDRICAL_SURFACE('',#13464,0.500000000000007);
#126=CYLINDRICAL_SURFACE('',#13466,0.499999999999998);
#127=CYLINDRICAL_SURFACE('',#13468,0.499999999999998);
#128=CYLINDRICAL_SURFACE('',#13470,0.499999999999998);
#129=CYLINDRICAL_SURFACE('',#13472,0.499999999999989);
#130=CYLINDRICAL_SURFACE('',#13474,0.5);
#131=CYLINDRICAL_SURFACE('',#13476,0.499999999999998);
#132=CYLINDRICAL_SURFACE('',#13478,0.499999999999998);
#133=CYLINDRICAL_SURFACE('',#13480,0.499999999999998);
#134=CYLINDRICAL_SURFACE('',#13482,0.499999999999998);
#135=CYLINDRICAL_SURFACE('',#13484,0.499999999999998);
#136=CYLINDRICAL_SURFACE('',#13486,0.499999999999998);
#137=CYLINDRICAL_SURFACE('',#13488,0.500000000000003);
#138=CYLINDRICAL_SURFACE('',#13490,0.5);
#139=CYLINDRICAL_SURFACE('',#13492,0.500000000000003);
#140=CYLINDRICAL_SURFACE('',#13494,0.499999999999998);
#141=CYLINDRICAL_SURFACE('',#13496,0.499999999999998);
#142=CYLINDRICAL_SURFACE('',#13498,0.499999999999998);
#143=CYLINDRICAL_SURFACE('',#13500,0.500000000000007);
#144=CYLINDRICAL_SURFACE('',#13502,0.499999999999998);
#145=CYLINDRICAL_SURFACE('',#13504,0.500000000000007);
#146=CYLINDRICAL_SURFACE('',#13506,0.499999999999998);
#147=CYLINDRICAL_SURFACE('',#13508,0.500000000000007);
#148=CYLINDRICAL_SURFACE('',#13510,0.499999999999998);
#149=CYLINDRICAL_SURFACE('',#13512,0.499999999999989);
#150=CYLINDRICAL_SURFACE('',#13514,0.499999999999998);
#151=CYLINDRICAL_SURFACE('',#13516,0.500000000000007);
#152=CYLINDRICAL_SURFACE('',#13518,0.499999999999998);
#153=CYLINDRICAL_SURFACE('',#13520,0.500000000000007);
#154=CYLINDRICAL_SURFACE('',#13522,0.499999999999998);
#155=CYLINDRICAL_SURFACE('',#13524,0.5);
#156=CYLINDRICAL_SURFACE('',#13526,0.499999999999998);
#157=CYLINDRICAL_SURFACE('',#13528,0.500000000000003);
#158=CYLINDRICAL_SURFACE('',#13530,0.499999999999998);
#159=CYLINDRICAL_SURFACE('',#13532,0.499999999999998);
#160=CYLINDRICAL_SURFACE('',#13534,0.500000000000003);
#161=CYLINDRICAL_SURFACE('',#13536,0.500000000000003);
#162=CYLINDRICAL_SURFACE('',#13538,0.499999999999998);
#163=CYLINDRICAL_SURFACE('',#13540,0.499999999999998);
#164=CYLINDRICAL_SURFACE('',#13542,0.499999999999998);
#165=CYLINDRICAL_SURFACE('',#13544,0.499999999999989);
#166=CYLINDRICAL_SURFACE('',#13546,0.499999999999998);
#167=CYLINDRICAL_SURFACE('',#13548,0.499999999999989);
#168=CYLINDRICAL_SURFACE('',#13550,0.500000000000003);
#169=CYLINDRICAL_SURFACE('',#13552,0.500000000000007);
#170=CYLINDRICAL_SURFACE('',#13554,0.499999999999998);
#171=CYLINDRICAL_SURFACE('',#13556,0.499999999999989);
#172=CYLINDRICAL_SURFACE('',#13558,0.499999999999998);
#173=CYLINDRICAL_SURFACE('',#13560,0.500000000000007);
#174=CYLINDRICAL_SURFACE('',#13562,0.5);
#175=CYLINDRICAL_SURFACE('',#13564,0.500000000000007);
#176=CYLINDRICAL_SURFACE('',#13566,0.499999999999998);
#177=CYLINDRICAL_SURFACE('',#13568,0.500000000000007);
#178=CYLINDRICAL_SURFACE('',#13570,0.499999999999998);
#179=CYLINDRICAL_SURFACE('',#13572,0.500000000000007);
#180=CYLINDRICAL_SURFACE('',#13574,0.500000000000003);
#181=CYLINDRICAL_SURFACE('',#13576,0.500000000000007);
#182=CYLINDRICAL_SURFACE('',#13578,0.499999999999998);
#183=CYLINDRICAL_SURFACE('',#13580,0.499999999999972);
#184=CYLINDRICAL_SURFACE('',#13582,0.500000000000003);
#185=CYLINDRICAL_SURFACE('',#13584,0.500000000000007);
#186=CYLINDRICAL_SURFACE('',#13586,0.499999999999998);
#187=CYLINDRICAL_SURFACE('',#13588,0.500000000000007);
#188=CYLINDRICAL_SURFACE('',#13590,0.500000000000003);
#189=CYLINDRICAL_SURFACE('',#13592,0.500000000000007);
#190=CYLINDRICAL_SURFACE('',#13594,0.499999999999998);
#191=CYLINDRICAL_SURFACE('',#13596,0.500000000000007);
#192=CYLINDRICAL_SURFACE('',#13598,0.499999999999998);
#193=CYLINDRICAL_SURFACE('',#13600,0.499999999999972);
#194=CYLINDRICAL_SURFACE('',#13602,0.5);
#195=CYLINDRICAL_SURFACE('',#13604,0.500000000000007);
#196=CYLINDRICAL_SURFACE('',#13606,0.499999999999998);
#197=CYLINDRICAL_SURFACE('',#13608,0.500000000000007);
#198=CYLINDRICAL_SURFACE('',#13610,0.499999999999998);
#199=CYLINDRICAL_SURFACE('',#13612,0.500000000000007);
#200=CYLINDRICAL_SURFACE('',#13614,0.499999999999998);
#201=CYLINDRICAL_SURFACE('',#13616,0.500000000000007);
#202=CYLINDRICAL_SURFACE('',#13618,0.5);
#203=CYLINDRICAL_SURFACE('',#13620,0.500000000000007);
#204=CYLINDRICAL_SURFACE('',#13622,0.500000000000003);
#205=CYLINDRICAL_SURFACE('',#13624,0.500000000000007);
#206=CYLINDRICAL_SURFACE('',#13626,0.499999999999998);
#207=CYLINDRICAL_SURFACE('',#13628,0.500000000000007);
#208=CYLINDRICAL_SURFACE('',#13630,0.499999999999998);
#209=CYLINDRICAL_SURFACE('',#13632,0.500000000000007);
#210=CYLINDRICAL_SURFACE('',#13634,0.499999999999998);
#211=CYLINDRICAL_SURFACE('',#13636,0.499999999999998);
#212=CYLINDRICAL_SURFACE('',#13638,0.499999999999998);
#213=CYLINDRICAL_SURFACE('',#13640,0.499999999999998);
#214=CYLINDRICAL_SURFACE('',#13642,0.5);
#215=CYLINDRICAL_SURFACE('',#13644,0.499999999999998);
#216=CYLINDRICAL_SURFACE('',#13646,0.500000000000003);
#217=CYLINDRICAL_SURFACE('',#13648,0.499999999999998);
#218=CYLINDRICAL_SURFACE('',#13650,0.499999999999998);
#219=CYLINDRICAL_SURFACE('',#13652,0.5);
#220=CYLINDRICAL_SURFACE('',#13654,0.499999999999998);
#221=CYLINDRICAL_SURFACE('',#13656,0.499999999999998);
#222=CYLINDRICAL_SURFACE('',#13658,0.5);
#223=CYLINDRICAL_SURFACE('',#13660,0.499999999999998);
#224=CYLINDRICAL_SURFACE('',#13662,0.499999999999998);
#225=CYLINDRICAL_SURFACE('',#13664,0.500000000000007);
#226=CYLINDRICAL_SURFACE('',#13666,0.499999999999998);
#227=CYLINDRICAL_SURFACE('',#13667,0.500000000000007);
#228=CYLINDRICAL_SURFACE('',#13669,0.499999999999998);
#229=CYLINDRICAL_SURFACE('',#13671,0.500000000000007);
#230=CYLINDRICAL_SURFACE('',#13673,0.499999999999998);
#231=CYLINDRICAL_SURFACE('',#13674,0.499999999999989);
#232=CYLINDRICAL_SURFACE('',#13676,0.499999999999998);
#233=CYLINDRICAL_SURFACE('',#13678,0.500000000000007);
#234=CYLINDRICAL_SURFACE('',#13680,0.499999999999998);
#235=CYLINDRICAL_SURFACE('',#13682,0.499999999999998);
#236=CYLINDRICAL_SURFACE('',#13684,0.499999999999998);
#237=CYLINDRICAL_SURFACE('',#13686,0.499999999999998);
#238=CYLINDRICAL_SURFACE('',#13688,0.499999999999998);
#239=CYLINDRICAL_SURFACE('',#13690,0.5);
#240=CYLINDRICAL_SURFACE('',#13692,0.500000000000003);
#241=CYLINDRICAL_SURFACE('',#13694,0.499999999999998);
#242=CYLINDRICAL_SURFACE('',#13696,0.499999999999998);
#243=CYLINDRICAL_SURFACE('',#13698,0.499999999999998);
#244=CYLINDRICAL_SURFACE('',#13700,0.499999999999998);
#245=CYLINDRICAL_SURFACE('',#13702,0.499999999999998);
#246=CYLINDRICAL_SURFACE('',#13704,0.5);
#247=CYLINDRICAL_SURFACE('',#13706,0.499999999999998);
#248=CYLINDRICAL_SURFACE('',#13708,0.500000000000003);
#249=CYLINDRICAL_SURFACE('',#13710,0.499999999999998);
#250=CYLINDRICAL_SURFACE('',#13712,0.499999999999998);
#251=CYLINDRICAL_SURFACE('',#13714,0.499999999999989);
#252=CYLINDRICAL_SURFACE('',#13716,0.499999999999998);
#253=CYLINDRICAL_SURFACE('',#13718,0.500000000000007);
#254=CYLINDRICAL_SURFACE('',#13720,0.499999999999998);
#255=CYLINDRICAL_SURFACE('',#13722,0.500000000000007);
#256=CYLINDRICAL_SURFACE('',#13724,0.499999999999998);
#257=CYLINDRICAL_SURFACE('',#13726,0.500000000000007);
#258=CYLINDRICAL_SURFACE('',#13728,0.5);
#259=CYLINDRICAL_SURFACE('',#13730,0.500000000000007);
#260=CYLINDRICAL_SURFACE('',#13732,0.500000000000003);
#261=CYLINDRICAL_SURFACE('',#13734,0.499999999999989);
#262=CYLINDRICAL_SURFACE('',#13736,0.499999999999998);
#263=CYLINDRICAL_SURFACE('',#13738,0.500000000000007);
#264=CYLINDRICAL_SURFACE('',#13740,0.499999999999998);
#265=CYLINDRICAL_SURFACE('',#13742,0.500000000000007);
#266=CYLINDRICAL_SURFACE('',#13744,0.499999999999998);
#267=CYLINDRICAL_SURFACE('',#13746,0.500000000000007);
#268=CYLINDRICAL_SURFACE('',#13748,0.499999999999998);
#269=CYLINDRICAL_SURFACE('',#13750,0.500000000000007);
#270=CYLINDRICAL_SURFACE('',#13752,0.5);
#271=CYLINDRICAL_SURFACE('',#13754,0.500000000000007);
#272=CYLINDRICAL_SURFACE('',#13756,0.499999999999998);
#273=CYLINDRICAL_SURFACE('',#13758,0.500000000000007);
#274=CYLINDRICAL_SURFACE('',#13760,0.5);
#275=CYLINDRICAL_SURFACE('',#13762,1.00000000000001);
#276=CYLINDRICAL_SURFACE('',#13764,1.00000000000001);
#277=CYLINDRICAL_SURFACE('',#13765,0.999999999999996);
#278=CYLINDRICAL_SURFACE('',#13767,1.00000000000005);
#279=CYLINDRICAL_SURFACE('',#13769,1.00000000000005);
#280=CYLINDRICAL_SURFACE('',#13771,1.00000000000005);
#281=CYLINDRICAL_SURFACE('',#13773,1.00000000000001);
#282=CYLINDRICAL_SURFACE('',#13775,1.00000000000005);
#283=CYLINDRICAL_SURFACE('',#13777,1.00000000000005);
#284=CYLINDRICAL_SURFACE('',#13779,1.00000000000005);
#285=CYLINDRICAL_SURFACE('',#13780,0.999999999999766);
#286=CYLINDRICAL_SURFACE('',#13782,1.00000000000001);
#287=CYLINDRICAL_SURFACE('',#13784,0.999999999999996);
#288=CYLINDRICAL_SURFACE('',#13786,0.999999999999996);
#289=CYLINDRICAL_SURFACE('',#13788,0.999999999999996);
#290=CYLINDRICAL_SURFACE('',#13790,0.999999999999996);
#291=CYLINDRICAL_SURFACE('',#13792,1.00000000000001);
#292=CYLINDRICAL_SURFACE('',#13794,0.999999999999952);
#293=CYLINDRICAL_SURFACE('',#13795,0.999999999999992);
#294=CYLINDRICAL_SURFACE('',#13797,0.999999999999996);
#295=CYLINDRICAL_SURFACE('',#13799,0.999999999999996);
#296=CYLINDRICAL_SURFACE('',#13801,0.999999999999999);
#297=CYLINDRICAL_SURFACE('',#13803,0.999999999999996);
#298=CYLINDRICAL_SURFACE('',#13805,0.999999999999996);
#299=CYLINDRICAL_SURFACE('',#13807,0.999999999999999);
#300=CYLINDRICAL_SURFACE('',#13809,0.999999999999996);
#301=CYLINDRICAL_SURFACE('',#13810,1.00000000000002);
#302=CYLINDRICAL_SURFACE('',#13812,1.00000000000001);
#303=CYLINDRICAL_SURFACE('',#13814,1.00000000000001);
#304=CYLINDRICAL_SURFACE('',#13816,1.00000000000001);
#305=CYLINDRICAL_SURFACE('',#13818,1.00000000000005);
#306=CYLINDRICAL_SURFACE('',#13820,1.00000000000006);
#307=FACE_BOUND('',#1620,.T.);
#308=FACE_BOUND('',#1621,.T.);
#309=FACE_BOUND('',#1622,.T.);
#310=FACE_BOUND('',#1623,.T.);
#311=FACE_BOUND('',#1624,.T.);
#312=FACE_BOUND('',#1625,.T.);
#313=FACE_BOUND('',#1626,.T.);
#314=FACE_BOUND('',#1627,.T.);
#315=FACE_BOUND('',#1628,.T.);
#316=FACE_BOUND('',#1629,.T.);
#317=FACE_BOUND('',#1630,.T.);
#318=FACE_BOUND('',#1631,.T.);
#319=FACE_BOUND('',#1632,.T.);
#320=FACE_BOUND('',#1633,.T.);
#321=FACE_BOUND('',#1634,.T.);
#322=FACE_BOUND('',#1635,.T.);
#323=FACE_BOUND('',#1742,.T.);
#324=FACE_BOUND('',#1743,.T.);
#325=FACE_BOUND('',#1744,.T.);
#326=FACE_BOUND('',#1745,.T.);
#327=FACE_BOUND('',#1746,.T.);
#328=FACE_BOUND('',#1747,.T.);
#329=FACE_BOUND('',#1748,.T.);
#330=FACE_BOUND('',#1749,.T.);
#331=FACE_BOUND('',#1750,.T.);
#332=FACE_BOUND('',#1752,.T.);
#333=FACE_BOUND('',#1754,.T.);
#334=FACE_BOUND('',#1756,.T.);
#335=FACE_BOUND('',#1757,.T.);
#336=FACE_BOUND('',#1758,.T.);
#337=FACE_BOUND('',#1759,.T.);
#338=FACE_BOUND('',#1761,.T.);
#339=FACE_BOUND('',#1762,.T.);
#340=FACE_BOUND('',#1763,.T.);
#341=FACE_BOUND('',#1764,.T.);
#342=FACE_BOUND('',#1766,.T.);
#343=FACE_BOUND('',#1767,.T.);
#344=FACE_BOUND('',#1768,.T.);
#345=FACE_BOUND('',#1769,.T.);
#346=FACE_BOUND('',#1771,.T.);
#347=FACE_BOUND('',#1772,.T.);
#348=FACE_BOUND('',#1773,.T.);
#349=FACE_BOUND('',#1774,.T.);
#350=FACE_BOUND('',#1776,.T.);
#351=FACE_BOUND('',#1777,.T.);
#352=FACE_BOUND('',#1778,.T.);
#353=FACE_BOUND('',#1779,.T.);
#354=FACE_BOUND('',#1781,.T.);
#355=FACE_BOUND('',#1782,.T.);
#356=FACE_BOUND('',#1783,.T.);
#357=FACE_BOUND('',#1784,.T.);
#358=FACE_BOUND('',#1812,.T.);
#359=FACE_BOUND('',#1813,.T.);
#360=FACE_BOUND('',#1814,.T.);
#361=FACE_BOUND('',#1815,.T.);
#362=FACE_BOUND('',#1816,.T.);
#363=FACE_BOUND('',#1817,.T.);
#364=FACE_BOUND('',#1818,.T.);
#365=FACE_BOUND('',#1819,.T.);
#366=FACE_BOUND('',#1820,.T.);
#367=FACE_BOUND('',#1821,.T.);
#368=FACE_BOUND('',#1822,.T.);
#369=FACE_BOUND('',#1823,.T.);
#370=FACE_BOUND('',#1824,.T.);
#371=FACE_BOUND('',#1825,.T.);
#372=FACE_BOUND('',#1826,.T.);
#373=FACE_BOUND('',#1827,.T.);
#374=FACE_BOUND('',#1828,.T.);
#375=FACE_BOUND('',#1829,.T.);
#376=FACE_BOUND('',#1830,.T.);
#377=FACE_BOUND('',#1831,.T.);
#378=FACE_BOUND('',#1832,.T.);
#379=FACE_BOUND('',#1833,.T.);
#380=FACE_BOUND('',#1834,.T.);
#381=FACE_BOUND('',#1835,.T.);
#382=FACE_BOUND('',#1836,.T.);
#383=FACE_BOUND('',#1837,.T.);
#384=FACE_BOUND('',#1838,.T.);
#385=FACE_BOUND('',#1839,.T.);
#386=FACE_BOUND('',#1840,.T.);
#387=FACE_BOUND('',#1841,.T.);
#388=FACE_BOUND('',#1842,.T.);
#389=FACE_BOUND('',#1843,.T.);
#390=FACE_BOUND('',#1844,.T.);
#391=FACE_BOUND('',#1845,.T.);
#392=FACE_BOUND('',#1846,.T.);
#393=FACE_BOUND('',#1847,.T.);
#394=FACE_BOUND('',#1848,.T.);
#395=FACE_BOUND('',#1849,.T.);
#396=FACE_BOUND('',#1850,.T.);
#397=FACE_BOUND('',#1851,.T.);
#398=FACE_BOUND('',#1852,.T.);
#399=FACE_BOUND('',#1853,.T.);
#400=CIRCLE('',#12620,1.49999999999999);
#401=CIRCLE('',#12621,1.5);
#402=CIRCLE('',#12622,1.5);
#403=CIRCLE('',#12623,1.49999999999999);
#404=CIRCLE('',#12624,1.49999999999999);
#405=CIRCLE('',#12625,1.525);
#406=CIRCLE('',#12626,1.5);
#407=CIRCLE('',#12627,1.49999999999999);
#408=CIRCLE('',#12628,1.49999999999999);
#409=CIRCLE('',#12629,1.525);
#410=CIRCLE('',#12630,1.5);
#411=CIRCLE('',#12631,1.5);
#412=CIRCLE('',#12632,1.52499999999996);
#413=CIRCLE('',#12633,1.50000000000006);
#414=CIRCLE('',#12634,1.5);
#415=CIRCLE('',#12635,1.50000000000002);
#416=CIRCLE('',#12636,1.52500000000002);
#417=CIRCLE('',#12637,1.5);
#418=CIRCLE('',#12638,1.50000000000002);
#419=CIRCLE('',#12639,1.49999999999999);
#420=CIRCLE('',#12640,0.499999999999998);
#421=CIRCLE('',#12641,0.499999999999989);
#422=CIRCLE('',#12642,0.499999999999989);
#423=CIRCLE('',#12643,0.500000000000007);
#424=CIRCLE('',#12644,0.500000000000007);
#425=CIRCLE('',#12645,0.499999999999998);
#426=CIRCLE('',#12646,0.499999999999998);
#427=CIRCLE('',#12647,0.500000000000007);
#428=CIRCLE('',#12648,0.499999999999998);
#429=CIRCLE('',#12649,0.500000000000007);
#430=CIRCLE('',#12650,0.499999999999998);
#431=CIRCLE('',#12651,0.499999999999998);
#432=CIRCLE('',#12652,0.499999999999998);
#433=CIRCLE('',#12653,0.499999999999998);
#434=CIRCLE('',#12654,0.500000000000007);
#435=CIRCLE('',#12655,0.500000000000007);
#436=CIRCLE('',#12656,0.499999999999998);
#437=CIRCLE('',#12657,0.500000000000007);
#438=CIRCLE('',#12658,0.500000000000007);
#439=CIRCLE('',#12659,0.499999999999998);
#440=CIRCLE('',#12660,0.500000000000007);
#441=CIRCLE('',#12661,0.499999999999998);
#442=CIRCLE('',#12662,0.500000000000007);
#443=CIRCLE('',#12663,0.499999999999998);
#444=CIRCLE('',#12664,0.500000000000007);
#445=CIRCLE('',#12665,0.499999999999998);
#446=CIRCLE('',#12666,0.499999999999989);
#447=CIRCLE('',#12667,0.499999999999998);
#448=CIRCLE('',#12668,0.500000000000007);
#449=CIRCLE('',#12669,0.499999999999998);
#450=CIRCLE('',#12670,0.499999999999998);
#451=CIRCLE('',#12671,0.499999999999998);
#452=CIRCLE('',#12672,0.499999999999998);
#453=CIRCLE('',#12673,0.499999999999998);
#454=CIRCLE('',#12674,0.500000000000007);
#455=CIRCLE('',#12675,0.499999999999998);
#456=CIRCLE('',#12676,0.500000000000007);
#457=CIRCLE('',#12677,0.499999999999998);
#458=CIRCLE('',#12678,0.500000000000007);
#459=CIRCLE('',#12679,0.499999999999998);
#460=CIRCLE('',#12680,0.500000000000007);
#461=CIRCLE('',#12681,0.499999999999998);
#462=CIRCLE('',#12682,0.500000000000007);
#463=CIRCLE('',#12683,0.499999999999998);
#464=CIRCLE('',#12684,0.500000000000007);
#465=CIRCLE('',#12685,0.499999999999998);
#466=CIRCLE('',#12686,0.499999999999998);
#467=CIRCLE('',#12687,0.499999999999998);
#468=CIRCLE('',#12688,0.499999999999989);
#469=CIRCLE('',#12689,0.499999999999998);
#470=CIRCLE('',#12690,0.5);
#471=CIRCLE('',#12691,0.499999999999998);
#472=CIRCLE('',#12692,0.500000000000003);
#473=CIRCLE('',#12693,0.499999999999998);
#474=CIRCLE('',#12694,0.500000000000007);
#475=CIRCLE('',#12695,0.499999999999998);
#476=CIRCLE('',#12696,0.499999999999989);
#477=CIRCLE('',#12697,0.499999999999998);
#478=CIRCLE('',#12698,0.500000000000007);
#479=CIRCLE('',#12699,0.499999999999998);
#480=CIRCLE('',#12700,0.500000000000007);
#481=CIRCLE('',#12701,0.499999999999998);
#482=CIRCLE('',#12702,0.500000000000003);
#483=CIRCLE('',#12703,0.499999999999998);
#484=CIRCLE('',#12704,0.499999999999998);
#485=CIRCLE('',#12705,0.499999999999998);
#486=CIRCLE('',#12706,0.499999999999998);
#487=CIRCLE('',#12707,0.499999999999998);
#488=CIRCLE('',#12708,0.499999999999998);
#489=CIRCLE('',#12709,0.499999999999998);
#490=CIRCLE('',#12710,0.500000000000007);
#491=CIRCLE('',#12711,0.499999999999998);
#492=CIRCLE('',#12712,0.500000000000007);
#493=CIRCLE('',#12713,0.499999999999998);
#494=CIRCLE('',#12714,0.500000000000007);
#495=CIRCLE('',#12715,0.499999999999998);
#496=CIRCLE('',#12716,0.500000000000007);
#497=CIRCLE('',#12717,0.499999999999998);
#498=CIRCLE('',#12718,0.500000000000007);
#499=CIRCLE('',#12719,0.499999999999989);
#500=CIRCLE('',#12720,0.500000000000007);
#501=CIRCLE('',#12721,0.499999999999989);
#502=CIRCLE('',#12722,0.499999999999998);
#503=CIRCLE('',#12723,0.500000000000007);
#504=CIRCLE('',#12724,0.499999999999989);
#505=CIRCLE('',#12725,0.499999999999998);
#506=CIRCLE('',#12726,0.499999999999989);
#507=CIRCLE('',#12727,0.500000000000007);
#508=CIRCLE('',#12728,0.499999999999998);
#509=CIRCLE('',#12729,0.500000000000007);
#510=CIRCLE('',#12730,0.499999999999998);
#511=CIRCLE('',#12731,0.499999999999998);
#512=CIRCLE('',#12732,0.500000000000007);
#513=CIRCLE('',#12733,0.499999999999972);
#514=CIRCLE('',#12734,0.500000000000007);
#515=CIRCLE('',#12735,0.500000000000007);
#516=CIRCLE('',#12736,0.499999999999998);
#517=CIRCLE('',#12737,0.500000000000007);
#518=CIRCLE('',#12738,0.500000000000007);
#519=CIRCLE('',#12739,0.499999999999998);
#520=CIRCLE('',#12741,1.50000000000006);
#521=CIRCLE('',#12744,1.5);
#522=CIRCLE('',#12747,1.50000000000002);
#523=CIRCLE('',#12750,1.52500000000002);
#524=CIRCLE('',#12753,1.5);
#525=CIRCLE('',#12756,1.50000000000002);
#526=CIRCLE('',#12759,1.49999999999999);
#527=CIRCLE('',#12762,1.49999999999999);
#528=CIRCLE('',#12765,1.5);
#529=CIRCLE('',#12768,1.5);
#530=CIRCLE('',#12771,1.49999999999999);
#531=CIRCLE('',#12774,1.49999999999999);
#532=CIRCLE('',#12777,1.525);
#533=CIRCLE('',#12780,1.5);
#534=CIRCLE('',#12783,1.49999999999999);
#535=CIRCLE('',#12786,1.49999999999999);
#536=CIRCLE('',#12789,1.525);
#537=CIRCLE('',#12792,1.5);
#538=CIRCLE('',#12795,1.5);
#539=CIRCLE('',#12798,1.52499999999996);
#540=CIRCLE('',#12801,1.5);
#541=CIRCLE('',#12802,1.5);
#542=CIRCLE('',#12805,1.50000000000002);
#543=CIRCLE('',#12806,1.50000000000002);
#544=CIRCLE('',#12809,1.5);
#545=CIRCLE('',#12810,1.5);
#546=CIRCLE('',#12813,1.50000000000006);
#547=CIRCLE('',#12814,1.50000000000006);
#548=CIRCLE('',#12817,1.49999999999999);
#549=CIRCLE('',#12818,1.49999999999999);
#550=CIRCLE('',#12821,1.5);
#551=CIRCLE('',#12822,1.5);
#552=CIRCLE('',#12825,1.49999999999999);
#553=CIRCLE('',#12826,1.49999999999999);
#554=CIRCLE('',#12829,1.50000000000002);
#555=CIRCLE('',#12830,1.50000000000002);
#556=CIRCLE('',#12833,1.5);
#557=CIRCLE('',#12834,1.5);
#558=CIRCLE('',#12837,1.49999999999999);
#559=CIRCLE('',#12838,1.49999999999999);
#560=CIRCLE('',#12841,1.5);
#561=CIRCLE('',#12842,1.5);
#562=CIRCLE('',#12845,1.49999999999999);
#563=CIRCLE('',#12846,1.49999999999999);
#564=CIRCLE('',#12849,1.5);
#565=CIRCLE('',#12850,1.5);
#566=CIRCLE('',#12853,1.5);
#567=CIRCLE('',#12854,1.5);
#568=CIRCLE('',#12857,1.5);
#569=CIRCLE('',#12858,1.5);
#570=CIRCLE('',#12861,1.49999999999999);
#571=CIRCLE('',#12862,1.49999999999999);
#572=CIRCLE('',#12865,1.50000000000001);
#573=CIRCLE('',#12866,1.50000000000001);
#574=CIRCLE('',#12869,1.50000000000002);
#575=CIRCLE('',#12870,1.50000000000002);
#576=CIRCLE('',#12873,1.49999999999999);
#577=CIRCLE('',#12874,1.49999999999999);
#578=CIRCLE('',#12877,1.49999999999999);
#579=CIRCLE('',#12878,1.49999999999999);
#580=CIRCLE('',#12881,1.50000000000001);
#581=CIRCLE('',#12882,1.50000000000001);
#582=CIRCLE('',#12885,1.50000000000002);
#583=CIRCLE('',#12886,1.50000000000002);
#584=CIRCLE('',#12889,1.5);
#585=CIRCLE('',#12890,1.5);
#586=CIRCLE('',#12893,1.50000000000002);
#587=CIRCLE('',#12894,1.50000000000002);
#588=CIRCLE('',#12897,1.5);
#589=CIRCLE('',#12898,1.5);
#590=CIRCLE('',#12901,1.50000000000002);
#591=CIRCLE('',#12902,1.50000000000002);
#592=CIRCLE('',#12905,1.5);
#593=CIRCLE('',#12906,1.5);
#594=CIRCLE('',#12909,1.49999999999999);
#595=CIRCLE('',#12910,1.49999999999999);
#596=CIRCLE('',#12913,1.49999999999999);
#597=CIRCLE('',#12914,1.49999999999999);
#598=CIRCLE('',#12917,1.49999999999999);
#599=CIRCLE('',#12918,1.49999999999999);
#600=CIRCLE('',#12921,1.49999999999999);
#601=CIRCLE('',#12922,1.49999999999999);
#602=CIRCLE('',#12925,1.5);
#603=CIRCLE('',#12926,1.5);
#604=CIRCLE('',#12930,1.99999999999997);
#605=CIRCLE('',#12931,2.);
#606=CIRCLE('',#12932,2.);
#607=CIRCLE('',#12933,1.99999999999999);
#608=CIRCLE('',#12935,0.499999999999998);
#609=CIRCLE('',#12936,0.499999999999998);
#610=CIRCLE('',#12937,0.500000000000007);
#611=CIRCLE('',#12938,0.499999999999998);
#612=CIRCLE('',#12940,0.500000000000007);
#613=CIRCLE('',#12941,0.499999999999998);
#614=CIRCLE('',#12942,0.500000000000007);
#615=CIRCLE('',#12943,0.499999999999998);
#616=CIRCLE('',#12945,0.500000000000007);
#617=CIRCLE('',#12946,0.499999999999998);
#618=CIRCLE('',#12947,0.500000000000007);
#619=CIRCLE('',#12948,0.5);
#620=CIRCLE('',#12949,0.500000000000007);
#621=CIRCLE('',#12950,0.499999999999998);
#622=CIRCLE('',#12951,0.499999999999972);
#623=CIRCLE('',#12952,0.5);
#624=CIRCLE('',#12953,0.500000000000007);
#625=CIRCLE('',#12954,0.499999999999998);
#626=CIRCLE('',#12955,0.500000000000007);
#627=CIRCLE('',#12956,0.5);
#628=CIRCLE('',#12957,0.500000000000007);
#629=CIRCLE('',#12958,0.499999999999998);
#630=CIRCLE('',#12959,0.500000000000007);
#631=CIRCLE('',#12960,0.5);
#632=CIRCLE('',#12962,0.500000000000007);
#633=CIRCLE('',#12963,0.499999999999998);
#634=CIRCLE('',#12964,0.500000000000007);
#635=CIRCLE('',#12965,0.5);
#636=CIRCLE('',#12966,0.500000000000007);
#637=CIRCLE('',#12967,0.499999999999998);
#638=CIRCLE('',#12968,0.500000000000007);
#639=CIRCLE('',#12969,0.5);
#640=CIRCLE('',#12970,0.499999999999989);
#641=CIRCLE('',#12971,0.499999999999998);
#642=CIRCLE('',#12972,0.500000000000007);
#643=CIRCLE('',#12973,0.5);
#644=CIRCLE('',#12974,0.499999999999998);
#645=CIRCLE('',#12975,0.499999999999998);
#646=CIRCLE('',#12976,0.499999999999989);
#647=CIRCLE('',#12977,0.5);
#648=CIRCLE('',#12979,0.499999999999998);
#649=CIRCLE('',#12980,0.499999999999998);
#650=CIRCLE('',#12981,0.500000000000003);
#651=CIRCLE('',#12982,0.5);
#652=CIRCLE('',#12983,0.499999999999998);
#653=CIRCLE('',#12984,0.499999999999998);
#654=CIRCLE('',#12985,0.499999999999998);
#655=CIRCLE('',#12986,0.5);
#656=CIRCLE('',#12987,0.5);
#657=CIRCLE('',#12988,0.499999999999998);
#658=CIRCLE('',#12989,0.499999999999998);
#659=CIRCLE('',#12990,0.5);
#660=CIRCLE('',#12991,0.499999999999998);
#661=CIRCLE('',#12992,0.499999999999998);
#662=CIRCLE('',#12993,0.499999999999998);
#663=CIRCLE('',#12994,0.5);
#664=CIRCLE('',#12996,0.499999999999998);
#665=CIRCLE('',#12997,0.500000000000003);
#666=CIRCLE('',#12998,0.499999999999998);
#667=CIRCLE('',#12999,0.499999999999998);
#668=CIRCLE('',#13000,0.5);
#669=CIRCLE('',#13001,0.500000000000003);
#670=CIRCLE('',#13002,0.499999999999998);
#671=CIRCLE('',#13003,0.499999999999998);
#672=CIRCLE('',#13004,0.499999999999998);
#673=CIRCLE('',#13005,0.500000000000003);
#674=CIRCLE('',#13006,0.499999999999998);
#675=CIRCLE('',#13007,0.499999999999998);
#676=CIRCLE('',#13008,0.499999999999998);
#677=CIRCLE('',#13009,0.500000000000003);
#678=CIRCLE('',#13010,0.500000000000003);
#679=CIRCLE('',#13011,0.499999999999998);
#680=CIRCLE('',#13013,0.500000000000007);
#681=CIRCLE('',#13014,0.500000000000003);
#682=CIRCLE('',#13015,0.500000000000007);
#683=CIRCLE('',#13016,0.499999999999998);
#684=CIRCLE('',#13017,0.499999999999989);
#685=CIRCLE('',#13018,0.500000000000003);
#686=CIRCLE('',#13019,0.500000000000007);
#687=CIRCLE('',#13020,0.499999999999998);
#688=CIRCLE('',#13021,0.500000000000007);
#689=CIRCLE('',#13022,0.500000000000003);
#690=CIRCLE('',#13023,0.500000000000007);
#691=CIRCLE('',#13024,0.499999999999998);
#692=CIRCLE('',#13025,0.500000000000007);
#693=CIRCLE('',#13026,0.500000000000003);
#694=CIRCLE('',#13027,0.499999999999989);
#695=CIRCLE('',#13028,0.499999999999998);
#696=CIRCLE('',#13030,0.500000000000007);
#697=CIRCLE('',#13031,0.500000000000003);
#698=CIRCLE('',#13032,0.500000000000007);
#699=CIRCLE('',#13033,0.499999999999998);
#700=CIRCLE('',#13034,0.499999999999972);
#701=CIRCLE('',#13035,0.500000000000003);
#702=CIRCLE('',#13036,0.500000000000007);
#703=CIRCLE('',#13037,0.499999999999998);
#704=CIRCLE('',#13038,0.500000000000007);
#705=CIRCLE('',#13039,0.500000000000003);
#706=CIRCLE('',#13040,0.500000000000007);
#707=CIRCLE('',#13041,0.499999999999998);
#708=CIRCLE('',#13042,0.499999999999972);
#709=CIRCLE('',#13043,0.500000000000003);
#710=CIRCLE('',#13044,0.500000000000007);
#711=CIRCLE('',#13045,0.499999999999998);
#712=CIRCLE('',#13047,0.999999999999996);
#713=CIRCLE('',#13048,1.00000000000005);
#714=CIRCLE('',#13049,1.00000000000005);
#715=CIRCLE('',#13050,1.00000000000005);
#716=CIRCLE('',#13051,1.00000000000001);
#717=CIRCLE('',#13052,1.00000000000005);
#718=CIRCLE('',#13053,1.00000000000005);
#719=CIRCLE('',#13054,1.00000000000005);
#720=CIRCLE('',#13056,0.999999999999766);
#721=CIRCLE('',#13057,1.00000000000001);
#722=CIRCLE('',#13058,0.999999999999996);
#723=CIRCLE('',#13059,0.999999999999996);
#724=CIRCLE('',#13060,0.999999999999996);
#725=CIRCLE('',#13061,0.999999999999996);
#726=CIRCLE('',#13062,1.00000000000001);
#727=CIRCLE('',#13063,0.999999999999952);
#728=CIRCLE('',#13065,1.00000000000002);
#729=CIRCLE('',#13066,1.00000000000001);
#730=CIRCLE('',#13067,1.00000000000001);
#731=CIRCLE('',#13068,1.00000000000001);
#732=CIRCLE('',#13069,1.00000000000005);
#733=CIRCLE('',#13070,1.00000000000006);
#734=CIRCLE('',#13071,1.00000000000001);
#735=CIRCLE('',#13072,1.00000000000001);
#736=CIRCLE('',#13075,1.99999999999999);
#737=CIRCLE('',#13077,2.00000000000006);
#738=CIRCLE('',#13080,2.);
#739=CIRCLE('',#13082,2.);
#740=CIRCLE('',#13088,0.999999999999992);
#741=CIRCLE('',#13089,0.999999999999996);
#742=CIRCLE('',#13090,0.999999999999996);
#743=CIRCLE('',#13091,0.999999999999999);
#744=CIRCLE('',#13092,0.999999999999996);
#745=CIRCLE('',#13093,0.999999999999996);
#746=CIRCLE('',#13094,0.999999999999999);
#747=CIRCLE('',#13095,0.999999999999996);
#748=CIRCLE('',#13109,0.999999999999952);
#749=CIRCLE('',#13110,1.00000000000001);
#750=CIRCLE('',#13111,0.999999999999996);
#751=CIRCLE('',#13112,0.999999999999996);
#752=CIRCLE('',#13113,0.999999999999996);
#753=CIRCLE('',#13114,0.999999999999996);
#754=CIRCLE('',#13115,1.00000000000001);
#755=CIRCLE('',#13116,0.999999999999766);
#756=CIRCLE('',#13117,1.00000000000005);
#757=CIRCLE('',#13118,1.00000000000005);
#758=CIRCLE('',#13119,1.00000000000005);
#759=CIRCLE('',#13120,1.00000000000001);
#760=CIRCLE('',#13121,1.00000000000005);
#761=CIRCLE('',#13122,1.00000000000005);
#762=CIRCLE('',#13123,1.00000000000005);
#763=CIRCLE('',#13124,0.999999999999996);
#764=CIRCLE('',#13125,1.00000000000001);
#765=CIRCLE('',#13126,1.00000000000001);
#766=CIRCLE('',#13127,1.00000000000006);
#767=CIRCLE('',#13128,1.00000000000005);
#768=CIRCLE('',#13129,1.00000000000001);
#769=CIRCLE('',#13130,1.00000000000001);
#770=CIRCLE('',#13131,1.00000000000001);
#771=CIRCLE('',#13132,1.00000000000002);
#772=CIRCLE('',#13133,0.999999999999996);
#773=CIRCLE('',#13134,0.999999999999999);
#774=CIRCLE('',#13135,0.999999999999996);
#775=CIRCLE('',#13136,0.999999999999996);
#776=CIRCLE('',#13137,0.999999999999999);
#777=CIRCLE('',#13138,0.999999999999996);
#778=CIRCLE('',#13139,0.999999999999996);
#779=CIRCLE('',#13140,0.999999999999992);
#780=CIRCLE('',#13141,0.5);
#781=CIRCLE('',#13142,0.500000000000007);
#782=CIRCLE('',#13143,0.499999999999998);
#783=CIRCLE('',#13144,0.500000000000007);
#784=CIRCLE('',#13145,0.5);
#785=CIRCLE('',#13146,0.500000000000007);
#786=CIRCLE('',#13147,0.499999999999998);
#787=CIRCLE('',#13148,0.500000000000007);
#788=CIRCLE('',#13149,0.499999999999998);
#789=CIRCLE('',#13150,0.500000000000007);
#790=CIRCLE('',#13151,0.499999999999998);
#791=CIRCLE('',#13152,0.500000000000007);
#792=CIRCLE('',#13153,0.499999999999998);
#793=CIRCLE('',#13154,0.499999999999989);
#794=CIRCLE('',#13155,0.500000000000003);
#795=CIRCLE('',#13156,0.500000000000007);
#796=CIRCLE('',#13157,0.5);
#797=CIRCLE('',#13158,0.500000000000007);
#798=CIRCLE('',#13159,0.499999999999998);
#799=CIRCLE('',#13160,0.500000000000007);
#800=CIRCLE('',#13161,0.499999999999998);
#801=CIRCLE('',#13162,0.500000000000007);
#802=CIRCLE('',#13163,0.499999999999998);
#803=CIRCLE('',#13164,0.499999999999989);
#804=CIRCLE('',#13165,0.499999999999998);
#805=CIRCLE('',#13166,0.499999999999998);
#806=CIRCLE('',#13167,0.500000000000003);
#807=CIRCLE('',#13168,0.499999999999998);
#808=CIRCLE('',#13169,0.5);
#809=CIRCLE('',#13170,0.499999999999998);
#810=CIRCLE('',#13171,0.499999999999998);
#811=CIRCLE('',#13172,0.499999999999998);
#812=CIRCLE('',#13173,0.499999999999998);
#813=CIRCLE('',#13174,0.499999999999998);
#814=CIRCLE('',#13175,0.500000000000003);
#815=CIRCLE('',#13176,0.5);
#816=CIRCLE('',#13177,0.499999999999998);
#817=CIRCLE('',#13178,0.499999999999998);
#818=CIRCLE('',#13179,0.499999999999998);
#819=CIRCLE('',#13180,0.499999999999998);
#820=CIRCLE('',#13181,0.499999999999998);
#821=CIRCLE('',#13182,0.500000000000007);
#822=CIRCLE('',#13183,0.499999999999998);
#823=CIRCLE('',#13184,0.499999999999998);
#824=CIRCLE('',#13185,0.5);
#825=CIRCLE('',#13186,0.499999999999998);
#826=CIRCLE('',#13187,0.499999999999998);
#827=CIRCLE('',#13188,0.5);
#828=CIRCLE('',#13189,0.499999999999998);
#829=CIRCLE('',#13190,0.499999999999998);
#830=CIRCLE('',#13191,0.500000000000003);
#831=CIRCLE('',#13192,0.499999999999998);
#832=CIRCLE('',#13193,0.5);
#833=CIRCLE('',#13194,0.499999999999998);
#834=CIRCLE('',#13195,0.499999999999998);
#835=CIRCLE('',#13196,0.499999999999998);
#836=CIRCLE('',#13197,0.499999999999998);
#837=CIRCLE('',#13198,0.500000000000007);
#838=CIRCLE('',#13199,0.499999999999998);
#839=CIRCLE('',#13200,0.500000000000007);
#840=CIRCLE('',#13201,0.499999999999998);
#841=CIRCLE('',#13202,0.500000000000007);
#842=CIRCLE('',#13203,0.500000000000003);
#843=CIRCLE('',#13204,0.500000000000007);
#844=CIRCLE('',#13205,0.5);
#845=CIRCLE('',#13206,0.500000000000007);
#846=CIRCLE('',#13207,0.499999999999998);
#847=CIRCLE('',#13208,0.500000000000007);
#848=CIRCLE('',#13209,0.499999999999998);
#849=CIRCLE('',#13210,0.500000000000007);
#850=CIRCLE('',#13211,0.499999999999998);
#851=CIRCLE('',#13212,0.500000000000007);
#852=CIRCLE('',#13213,0.5);
#853=CIRCLE('',#13214,0.499999999999972);
#854=CIRCLE('',#13215,0.499999999999998);
#855=CIRCLE('',#13216,0.500000000000007);
#856=CIRCLE('',#13217,0.499999999999998);
#857=CIRCLE('',#13218,0.500000000000007);
#858=CIRCLE('',#13219,0.500000000000003);
#859=CIRCLE('',#13220,0.500000000000007);
#860=CIRCLE('',#13221,0.499999999999998);
#861=CIRCLE('',#13222,0.500000000000007);
#862=CIRCLE('',#13223,0.500000000000003);
#863=CIRCLE('',#13224,0.499999999999972);
#864=CIRCLE('',#13225,0.499999999999998);
#865=CIRCLE('',#13226,0.500000000000007);
#866=CIRCLE('',#13227,0.500000000000003);
#867=CIRCLE('',#13228,0.500000000000007);
#868=CIRCLE('',#13229,0.499999999999998);
#869=CIRCLE('',#13230,0.500000000000007);
#870=CIRCLE('',#13231,0.499999999999998);
#871=CIRCLE('',#13232,0.500000000000007);
#872=CIRCLE('',#13233,0.5);
#873=CIRCLE('',#13234,0.500000000000007);
#874=CIRCLE('',#13235,0.499999999999998);
#875=CIRCLE('',#13236,0.499999999999989);
#876=CIRCLE('',#13237,0.499999999999998);
#877=CIRCLE('',#13238,0.500000000000007);
#878=CIRCLE('',#13239,0.500000000000003);
#879=CIRCLE('',#13240,0.499999999999989);
#880=CIRCLE('',#13241,0.499999999999998);
#881=CIRCLE('',#13242,0.499999999999989);
#882=CIRCLE('',#13243,0.499999999999998);
#883=CIRCLE('',#13244,0.499999999999998);
#884=CIRCLE('',#13245,0.499999999999998);
#885=CIRCLE('',#13246,0.500000000000003);
#886=CIRCLE('',#13247,0.500000000000003);
#887=CIRCLE('',#13248,0.499999999999998);
#888=CIRCLE('',#13249,0.499999999999998);
#889=CIRCLE('',#13250,0.500000000000003);
#890=CIRCLE('',#13251,0.499999999999998);
#891=CIRCLE('',#13252,0.5);
#892=CIRCLE('',#13253,0.499999999999998);
#893=CIRCLE('',#13254,0.500000000000007);
#894=CIRCLE('',#13255,0.499999999999998);
#895=CIRCLE('',#13256,0.500000000000007);
#896=CIRCLE('',#13257,0.499999999999998);
#897=CIRCLE('',#13258,0.499999999999989);
#898=CIRCLE('',#13259,0.499999999999998);
#899=CIRCLE('',#13260,0.500000000000007);
#900=CIRCLE('',#13261,0.499999999999998);
#901=CIRCLE('',#13262,0.500000000000007);
#902=CIRCLE('',#13263,0.499999999999998);
#903=CIRCLE('',#13264,0.500000000000007);
#904=CIRCLE('',#13265,0.499999999999998);
#905=CIRCLE('',#13266,0.499999999999998);
#906=CIRCLE('',#13267,0.499999999999998);
#907=CIRCLE('',#13268,0.500000000000003);
#908=CIRCLE('',#13269,0.5);
#909=CIRCLE('',#13270,0.500000000000003);
#910=CIRCLE('',#13271,0.499999999999998);
#911=CIRCLE('',#13272,0.499999999999998);
#912=CIRCLE('',#13273,0.499999999999998);
#913=CIRCLE('',#13274,0.499999999999998);
#914=CIRCLE('',#13275,0.499999999999998);
#915=CIRCLE('',#13276,0.499999999999998);
#916=CIRCLE('',#13277,0.5);
#917=CIRCLE('',#13278,0.499999999999989);
#918=CIRCLE('',#13279,0.499999999999998);
#919=CIRCLE('',#13280,0.499999999999998);
#920=CIRCLE('',#13281,0.499999999999998);
#921=CIRCLE('',#13282,0.500000000000007);
#922=CIRCLE('',#13283,0.500000000000003);
#923=CIRCLE('',#13284,0.500000000000007);
#924=CIRCLE('',#13285,0.499999999999998);
#925=CIRCLE('',#13286,0.500000000000007);
#926=CIRCLE('',#13287,0.499999999999998);
#927=CIRCLE('',#13288,0.500000000000007);
#928=CIRCLE('',#13289,0.5);
#929=CIRCLE('',#13290,0.500000000000007);
#930=CIRCLE('',#13291,0.499999999999998);
#931=CIRCLE('',#13292,0.500000000000007);
#932=CIRCLE('',#13293,0.499999999999998);
#933=CIRCLE('',#13294,0.500000000000007);
#934=CIRCLE('',#13295,0.499999999999998);
#935=CIRCLE('',#13296,0.500000000000007);
#936=CIRCLE('',#13297,0.499999999999998);
#937=CIRCLE('',#13298,0.500000000000007);
#938=CIRCLE('',#13299,0.500000000000003);
#939=CIRCLE('',#13300,0.499999999999972);
#940=CIRCLE('',#13301,0.500000000000007);
#941=CIRCLE('',#13302,0.499999999999998);
#942=CIRCLE('',#13303,0.500000000000007);
#943=CIRCLE('',#13304,0.500000000000007);
#944=CIRCLE('',#13305,0.499999999999998);
#945=CIRCLE('',#13306,0.500000000000007);
#946=CIRCLE('',#13307,0.500000000000007);
#947=CIRCLE('',#13308,0.499999999999972);
#948=CIRCLE('',#13309,0.500000000000007);
#949=CIRCLE('',#13310,0.499999999999998);
#950=CIRCLE('',#13311,0.499999999999998);
#951=CIRCLE('',#13312,0.500000000000007);
#952=CIRCLE('',#13313,0.499999999999998);
#953=CIRCLE('',#13314,0.500000000000007);
#954=CIRCLE('',#13315,0.499999999999989);
#955=CIRCLE('',#13316,0.499999999999998);
#956=CIRCLE('',#13317,0.499999999999989);
#957=CIRCLE('',#13318,0.500000000000007);
#958=CIRCLE('',#13319,0.499999999999998);
#959=CIRCLE('',#13320,0.499999999999989);
#960=CIRCLE('',#13321,0.500000000000007);
#961=CIRCLE('',#13322,0.499999999999989);
#962=CIRCLE('',#13323,0.499999999999998);
#963=CIRCLE('',#13324,0.499999999999998);
#964=CIRCLE('',#13325,0.500000000000007);
#965=CIRCLE('',#13326,0.499999999999998);
#966=CIRCLE('',#13327,0.500000000000007);
#967=CIRCLE('',#13328,0.500000000000007);
#968=CIRCLE('',#13329,0.499999999999998);
#969=CIRCLE('',#13330,0.500000000000007);
#970=CIRCLE('',#13331,0.500000000000007);
#971=CIRCLE('',#13332,0.499999999999998);
#972=CIRCLE('',#13333,0.499999999999998);
#973=CIRCLE('',#13334,0.499999999999998);
#974=CIRCLE('',#13335,0.499999999999998);
#975=CIRCLE('',#13336,0.500000000000007);
#976=CIRCLE('',#13337,0.499999999999998);
#977=CIRCLE('',#13338,0.500000000000007);
#978=CIRCLE('',#13339,0.499999999999998);
#979=CIRCLE('',#13340,0.499999999999998);
#980=CIRCLE('',#13341,0.500000000000007);
#981=CIRCLE('',#13342,0.500000000000007);
#982=CIRCLE('',#13343,0.499999999999989);
#983=CIRCLE('',#13344,0.499999999999989);
#984=FACE_OUTER_BOUND('',#1611,.T.);
#985=FACE_OUTER_BOUND('',#1612,.T.);
#986=FACE_OUTER_BOUND('',#1613,.T.);
#987=FACE_OUTER_BOUND('',#1614,.T.);
#988=FACE_OUTER_BOUND('',#1615,.T.);
#989=FACE_OUTER_BOUND('',#1616,.T.);
#990=FACE_OUTER_BOUND('',#1617,.T.);
#991=FACE_OUTER_BOUND('',#1618,.T.);
#992=FACE_OUTER_BOUND('',#1619,.T.);
#993=FACE_OUTER_BOUND('',#1636,.T.);
#994=FACE_OUTER_BOUND('',#1637,.T.);
#995=FACE_OUTER_BOUND('',#1638,.T.);
#996=FACE_OUTER_BOUND('',#1639,.T.);
#997=FACE_OUTER_BOUND('',#1640,.T.);
#998=FACE_OUTER_BOUND('',#1641,.T.);
#999=FACE_OUTER_BOUND('',#1642,.T.);
#1000=FACE_OUTER_BOUND('',#1643,.T.);
#1001=FACE_OUTER_BOUND('',#1644,.T.);
#1002=FACE_OUTER_BOUND('',#1645,.T.);
#1003=FACE_OUTER_BOUND('',#1646,.T.);
#1004=FACE_OUTER_BOUND('',#1647,.T.);
#1005=FACE_OUTER_BOUND('',#1648,.T.);
#1006=FACE_OUTER_BOUND('',#1649,.T.);
#1007=FACE_OUTER_BOUND('',#1650,.T.);
#1008=FACE_OUTER_BOUND('',#1651,.T.);
#1009=FACE_OUTER_BOUND('',#1652,.T.);
#1010=FACE_OUTER_BOUND('',#1653,.T.);
#1011=FACE_OUTER_BOUND('',#1654,.T.);
#1012=FACE_OUTER_BOUND('',#1655,.T.);
#1013=FACE_OUTER_BOUND('',#1656,.T.);
#1014=FACE_OUTER_BOUND('',#1657,.T.);
#1015=FACE_OUTER_BOUND('',#1658,.T.);
#1016=FACE_OUTER_BOUND('',#1659,.T.);
#1017=FACE_OUTER_BOUND('',#1660,.T.);
#1018=FACE_OUTER_BOUND('',#1661,.T.);
#1019=FACE_OUTER_BOUND('',#1662,.T.);
#1020=FACE_OUTER_BOUND('',#1663,.T.);
#1021=FACE_OUTER_BOUND('',#1664,.T.);
#1022=FACE_OUTER_BOUND('',#1665,.T.);
#1023=FACE_OUTER_BOUND('',#1666,.T.);
#1024=FACE_OUTER_BOUND('',#1667,.T.);
#1025=FACE_OUTER_BOUND('',#1668,.T.);
#1026=FACE_OUTER_BOUND('',#1669,.T.);
#1027=FACE_OUTER_BOUND('',#1670,.T.);
#1028=FACE_OUTER_BOUND('',#1671,.T.);
#1029=FACE_OUTER_BOUND('',#1672,.T.);
#1030=FACE_OUTER_BOUND('',#1673,.T.);
#1031=FACE_OUTER_BOUND('',#1674,.T.);
#1032=FACE_OUTER_BOUND('',#1675,.T.);
#1033=FACE_OUTER_BOUND('',#1676,.T.);
#1034=FACE_OUTER_BOUND('',#1677,.T.);
#1035=FACE_OUTER_BOUND('',#1678,.T.);
#1036=FACE_OUTER_BOUND('',#1679,.T.);
#1037=FACE_OUTER_BOUND('',#1680,.T.);
#1038=FACE_OUTER_BOUND('',#1681,.T.);
#1039=FACE_OUTER_BOUND('',#1682,.T.);
#1040=FACE_OUTER_BOUND('',#1683,.T.);
#1041=FACE_OUTER_BOUND('',#1684,.T.);
#1042=FACE_OUTER_BOUND('',#1685,.T.);
#1043=FACE_OUTER_BOUND('',#1686,.T.);
#1044=FACE_OUTER_BOUND('',#1687,.T.);
#1045=FACE_OUTER_BOUND('',#1688,.T.);
#1046=FACE_OUTER_BOUND('',#1689,.T.);
#1047=FACE_OUTER_BOUND('',#1690,.T.);
#1048=FACE_OUTER_BOUND('',#1691,.T.);
#1049=FACE_OUTER_BOUND('',#1692,.T.);
#1050=FACE_OUTER_BOUND('',#1693,.T.);
#1051=FACE_OUTER_BOUND('',#1694,.T.);
#1052=FACE_OUTER_BOUND('',#1695,.T.);
#1053=FACE_OUTER_BOUND('',#1696,.T.);
#1054=FACE_OUTER_BOUND('',#1697,.T.);
#1055=FACE_OUTER_BOUND('',#1698,.T.);
#1056=FACE_OUTER_BOUND('',#1699,.T.);
#1057=FACE_OUTER_BOUND('',#1700,.T.);
#1058=FACE_OUTER_BOUND('',#1701,.T.);
#1059=FACE_OUTER_BOUND('',#1702,.T.);
#1060=FACE_OUTER_BOUND('',#1703,.T.);
#1061=FACE_OUTER_BOUND('',#1704,.T.);
#1062=FACE_OUTER_BOUND('',#1705,.T.);
#1063=FACE_OUTER_BOUND('',#1706,.T.);
#1064=FACE_OUTER_BOUND('',#1707,.T.);
#1065=FACE_OUTER_BOUND('',#1708,.T.);
#1066=FACE_OUTER_BOUND('',#1709,.T.);
#1067=FACE_OUTER_BOUND('',#1710,.T.);
#1068=FACE_OUTER_BOUND('',#1711,.T.);
#1069=FACE_OUTER_BOUND('',#1712,.T.);
#1070=FACE_OUTER_BOUND('',#1713,.T.);
#1071=FACE_OUTER_BOUND('',#1714,.T.);
#1072=FACE_OUTER_BOUND('',#1715,.T.);
#1073=FACE_OUTER_BOUND('',#1716,.T.);
#1074=FACE_OUTER_BOUND('',#1717,.T.);
#1075=FACE_OUTER_BOUND('',#1718,.T.);
#1076=FACE_OUTER_BOUND('',#1719,.T.);
#1077=FACE_OUTER_BOUND('',#1720,.T.);
#1078=FACE_OUTER_BOUND('',#1721,.T.);
#1079=FACE_OUTER_BOUND('',#1722,.T.);
#1080=FACE_OUTER_BOUND('',#1723,.T.);
#1081=FACE_OUTER_BOUND('',#1724,.T.);
#1082=FACE_OUTER_BOUND('',#1725,.T.);
#1083=FACE_OUTER_BOUND('',#1726,.T.);
#1084=FACE_OUTER_BOUND('',#1727,.T.);
#1085=FACE_OUTER_BOUND('',#1728,.T.);
#1086=FACE_OUTER_BOUND('',#1729,.T.);
#1087=FACE_OUTER_BOUND('',#1730,.T.);
#1088=FACE_OUTER_BOUND('',#1731,.T.);
#1089=FACE_OUTER_BOUND('',#1732,.T.);
#1090=FACE_OUTER_BOUND('',#1733,.T.);
#1091=FACE_OUTER_BOUND('',#1734,.T.);
#1092=FACE_OUTER_BOUND('',#1735,.T.);
#1093=FACE_OUTER_BOUND('',#1736,.T.);
#1094=FACE_OUTER_BOUND('',#1737,.T.);
#1095=FACE_OUTER_BOUND('',#1738,.T.);
#1096=FACE_OUTER_BOUND('',#1739,.T.);
#1097=FACE_OUTER_BOUND('',#1740,.T.);
#1098=FACE_OUTER_BOUND('',#1741,.T.);
#1099=FACE_OUTER_BOUND('',#1751,.T.);
#1100=FACE_OUTER_BOUND('',#1753,.T.);
#1101=FACE_OUTER_BOUND('',#1755,.T.);
#1102=FACE_OUTER_BOUND('',#1760,.T.);
#1103=FACE_OUTER_BOUND('',#1765,.T.);
#1104=FACE_OUTER_BOUND('',#1770,.T.);
#1105=FACE_OUTER_BOUND('',#1775,.T.);
#1106=FACE_OUTER_BOUND('',#1780,.T.);
#1107=FACE_OUTER_BOUND('',#1785,.T.);
#1108=FACE_OUTER_BOUND('',#1786,.T.);
#1109=FACE_OUTER_BOUND('',#1787,.T.);
#1110=FACE_OUTER_BOUND('',#1788,.T.);
#1111=FACE_OUTER_BOUND('',#1789,.T.);
#1112=FACE_OUTER_BOUND('',#1790,.T.);
#1113=FACE_OUTER_BOUND('',#1791,.T.);
#1114=FACE_OUTER_BOUND('',#1792,.T.);
#1115=FACE_OUTER_BOUND('',#1793,.T.);
#1116=FACE_OUTER_BOUND('',#1794,.T.);
#1117=FACE_OUTER_BOUND('',#1795,.T.);
#1118=FACE_OUTER_BOUND('',#1796,.T.);
#1119=FACE_OUTER_BOUND('',#1797,.T.);
#1120=FACE_OUTER_BOUND('',#1798,.T.);
#1121=FACE_OUTER_BOUND('',#1799,.T.);
#1122=FACE_OUTER_BOUND('',#1800,.T.);
#1123=FACE_OUTER_BOUND('',#1801,.T.);
#1124=FACE_OUTER_BOUND('',#1802,.T.);
#1125=FACE_OUTER_BOUND('',#1803,.T.);
#1126=FACE_OUTER_BOUND('',#1804,.T.);
#1127=FACE_OUTER_BOUND('',#1805,.T.);
#1128=FACE_OUTER_BOUND('',#1806,.T.);
#1129=FACE_OUTER_BOUND('',#1807,.T.);
#1130=FACE_OUTER_BOUND('',#1808,.T.);
#1131=FACE_OUTER_BOUND('',#1809,.T.);
#1132=FACE_OUTER_BOUND('',#1810,.T.);
#1133=FACE_OUTER_BOUND('',#1811,.T.);
#1134=FACE_OUTER_BOUND('',#1854,.T.);
#1135=FACE_OUTER_BOUND('',#1855,.T.);
#1136=FACE_OUTER_BOUND('',#1856,.T.);
#1137=FACE_OUTER_BOUND('',#1857,.T.);
#1138=FACE_OUTER_BOUND('',#1858,.T.);
#1139=FACE_OUTER_BOUND('',#1859,.T.);
#1140=FACE_OUTER_BOUND('',#1860,.T.);
#1141=FACE_OUTER_BOUND('',#1861,.T.);
#1142=FACE_OUTER_BOUND('',#1862,.T.);
#1143=FACE_OUTER_BOUND('',#1863,.T.);
#1144=FACE_OUTER_BOUND('',#1864,.T.);
#1145=FACE_OUTER_BOUND('',#1865,.T.);
#1146=FACE_OUTER_BOUND('',#1866,.T.);
#1147=FACE_OUTER_BOUND('',#1867,.T.);
#1148=FACE_OUTER_BOUND('',#1868,.T.);
#1149=FACE_OUTER_BOUND('',#1869,.T.);
#1150=FACE_OUTER_BOUND('',#1870,.T.);
#1151=FACE_OUTER_BOUND('',#1871,.T.);
#1152=FACE_OUTER_BOUND('',#1872,.T.);
#1153=FACE_OUTER_BOUND('',#1873,.T.);
#1154=FACE_OUTER_BOUND('',#1874,.T.);
#1155=FACE_OUTER_BOUND('',#1875,.T.);
#1156=FACE_OUTER_BOUND('',#1876,.T.);
#1157=FACE_OUTER_BOUND('',#1877,.T.);
#1158=FACE_OUTER_BOUND('',#1878,.T.);
#1159=FACE_OUTER_BOUND('',#1879,.T.);
#1160=FACE_OUTER_BOUND('',#1880,.T.);
#1161=FACE_OUTER_BOUND('',#1881,.T.);
#1162=FACE_OUTER_BOUND('',#1882,.T.);
#1163=FACE_OUTER_BOUND('',#1883,.T.);
#1164=FACE_OUTER_BOUND('',#1884,.T.);
#1165=FACE_OUTER_BOUND('',#1885,.T.);
#1166=FACE_OUTER_BOUND('',#1886,.T.);
#1167=FACE_OUTER_BOUND('',#1887,.T.);
#1168=FACE_OUTER_BOUND('',#1888,.T.);
#1169=FACE_OUTER_BOUND('',#1889,.T.);
#1170=FACE_OUTER_BOUND('',#1890,.T.);
#1171=FACE_OUTER_BOUND('',#1891,.T.);
#1172=FACE_OUTER_BOUND('',#1892,.T.);
#1173=FACE_OUTER_BOUND('',#1893,.T.);
#1174=FACE_OUTER_BOUND('',#1894,.T.);
#1175=FACE_OUTER_BOUND('',#1895,.T.);
#1176=FACE_OUTER_BOUND('',#1896,.T.);
#1177=FACE_OUTER_BOUND('',#1897,.T.);
#1178=FACE_OUTER_BOUND('',#1898,.T.);
#1179=FACE_OUTER_BOUND('',#1899,.T.);
#1180=FACE_OUTER_BOUND('',#1900,.T.);
#1181=FACE_OUTER_BOUND('',#1901,.T.);
#1182=FACE_OUTER_BOUND('',#1902,.T.);
#1183=FACE_OUTER_BOUND('',#1903,.T.);
#1184=FACE_OUTER_BOUND('',#1904,.T.);
#1185=FACE_OUTER_BOUND('',#1905,.T.);
#1186=FACE_OUTER_BOUND('',#1906,.T.);
#1187=FACE_OUTER_BOUND('',#1907,.T.);
#1188=FACE_OUTER_BOUND('',#1908,.T.);
#1189=FACE_OUTER_BOUND('',#1909,.T.);
#1190=FACE_OUTER_BOUND('',#1910,.T.);
#1191=FACE_OUTER_BOUND('',#1911,.T.);
#1192=FACE_OUTER_BOUND('',#1912,.T.);
#1193=FACE_OUTER_BOUND('',#1913,.T.);
#1194=FACE_OUTER_BOUND('',#1914,.T.);
#1195=FACE_OUTER_BOUND('',#1915,.T.);
#1196=FACE_OUTER_BOUND('',#1916,.T.);
#1197=FACE_OUTER_BOUND('',#1917,.T.);
#1198=FACE_OUTER_BOUND('',#1918,.T.);
#1199=FACE_OUTER_BOUND('',#1919,.T.);
#1200=FACE_OUTER_BOUND('',#1920,.T.);
#1201=FACE_OUTER_BOUND('',#1921,.T.);
#1202=FACE_OUTER_BOUND('',#1922,.T.);
#1203=FACE_OUTER_BOUND('',#1923,.T.);
#1204=FACE_OUTER_BOUND('',#1924,.T.);
#1205=FACE_OUTER_BOUND('',#1925,.T.);
#1206=FACE_OUTER_BOUND('',#1926,.T.);
#1207=FACE_OUTER_BOUND('',#1927,.T.);
#1208=FACE_OUTER_BOUND('',#1928,.T.);
#1209=FACE_OUTER_BOUND('',#1929,.T.);
#1210=FACE_OUTER_BOUND('',#1930,.T.);
#1211=FACE_OUTER_BOUND('',#1931,.T.);
#1212=FACE_OUTER_BOUND('',#1932,.T.);
#1213=FACE_OUTER_BOUND('',#1933,.T.);
#1214=FACE_OUTER_BOUND('',#1934,.T.);
#1215=FACE_OUTER_BOUND('',#1935,.T.);
#1216=FACE_OUTER_BOUND('',#1936,.T.);
#1217=FACE_OUTER_BOUND('',#1937,.T.);
#1218=FACE_OUTER_BOUND('',#1938,.T.);
#1219=FACE_OUTER_BOUND('',#1939,.T.);
#1220=FACE_OUTER_BOUND('',#1940,.T.);
#1221=FACE_OUTER_BOUND('',#1941,.T.);
#1222=FACE_OUTER_BOUND('',#1942,.T.);
#1223=FACE_OUTER_BOUND('',#1943,.T.);
#1224=FACE_OUTER_BOUND('',#1944,.T.);
#1225=FACE_OUTER_BOUND('',#1945,.T.);
#1226=FACE_OUTER_BOUND('',#1946,.T.);
#1227=FACE_OUTER_BOUND('',#1947,.T.);
#1228=FACE_OUTER_BOUND('',#1948,.T.);
#1229=FACE_OUTER_BOUND('',#1949,.T.);
#1230=FACE_OUTER_BOUND('',#1950,.T.);
#1231=FACE_OUTER_BOUND('',#1951,.T.);
#1232=FACE_OUTER_BOUND('',#1952,.T.);
#1233=FACE_OUTER_BOUND('',#1953,.T.);
#1234=FACE_OUTER_BOUND('',#1954,.T.);
#1235=FACE_OUTER_BOUND('',#1955,.T.);
#1236=FACE_OUTER_BOUND('',#1956,.T.);
#1237=FACE_OUTER_BOUND('',#1957,.T.);
#1238=FACE_OUTER_BOUND('',#1958,.T.);
#1239=FACE_OUTER_BOUND('',#1959,.T.);
#1240=FACE_OUTER_BOUND('',#1960,.T.);
#1241=FACE_OUTER_BOUND('',#1961,.T.);
#1242=FACE_OUTER_BOUND('',#1962,.T.);
#1243=FACE_OUTER_BOUND('',#1963,.T.);
#1244=FACE_OUTER_BOUND('',#1964,.T.);
#1245=FACE_OUTER_BOUND('',#1965,.T.);
#1246=FACE_OUTER_BOUND('',#1966,.T.);
#1247=FACE_OUTER_BOUND('',#1967,.T.);
#1248=FACE_OUTER_BOUND('',#1968,.T.);
#1249=FACE_OUTER_BOUND('',#1969,.T.);
#1250=FACE_OUTER_BOUND('',#1970,.T.);
#1251=FACE_OUTER_BOUND('',#1971,.T.);
#1252=FACE_OUTER_BOUND('',#1972,.T.);
#1253=FACE_OUTER_BOUND('',#1973,.T.);
#1254=FACE_OUTER_BOUND('',#1974,.T.);
#1255=FACE_OUTER_BOUND('',#1975,.T.);
#1256=FACE_OUTER_BOUND('',#1976,.T.);
#1257=FACE_OUTER_BOUND('',#1977,.T.);
#1258=FACE_OUTER_BOUND('',#1978,.T.);
#1259=FACE_OUTER_BOUND('',#1979,.T.);
#1260=FACE_OUTER_BOUND('',#1980,.T.);
#1261=FACE_OUTER_BOUND('',#1981,.T.);
#1262=FACE_OUTER_BOUND('',#1982,.T.);
#1263=FACE_OUTER_BOUND('',#1983,.T.);
#1264=FACE_OUTER_BOUND('',#1984,.T.);
#1265=FACE_OUTER_BOUND('',#1985,.T.);
#1266=FACE_OUTER_BOUND('',#1986,.T.);
#1267=FACE_OUTER_BOUND('',#1987,.T.);
#1268=FACE_OUTER_BOUND('',#1988,.T.);
#1269=FACE_OUTER_BOUND('',#1989,.T.);
#1270=FACE_OUTER_BOUND('',#1990,.T.);
#1271=FACE_OUTER_BOUND('',#1991,.T.);
#1272=FACE_OUTER_BOUND('',#1992,.T.);
#1273=FACE_OUTER_BOUND('',#1993,.T.);
#1274=FACE_OUTER_BOUND('',#1994,.T.);
#1275=FACE_OUTER_BOUND('',#1995,.T.);
#1276=FACE_OUTER_BOUND('',#1996,.T.);
#1277=FACE_OUTER_BOUND('',#1997,.T.);
#1278=FACE_OUTER_BOUND('',#1998,.T.);
#1279=FACE_OUTER_BOUND('',#1999,.T.);
#1280=FACE_OUTER_BOUND('',#2000,.T.);
#1281=FACE_OUTER_BOUND('',#2001,.T.);
#1282=FACE_OUTER_BOUND('',#2002,.T.);
#1283=FACE_OUTER_BOUND('',#2003,.T.);
#1284=FACE_OUTER_BOUND('',#2004,.T.);
#1285=FACE_OUTER_BOUND('',#2005,.T.);
#1286=FACE_OUTER_BOUND('',#2006,.T.);
#1287=FACE_OUTER_BOUND('',#2007,.T.);
#1288=FACE_OUTER_BOUND('',#2008,.T.);
#1289=FACE_OUTER_BOUND('',#2009,.T.);
#1290=FACE_OUTER_BOUND('',#2010,.T.);
#1291=FACE_OUTER_BOUND('',#2011,.T.);
#1292=FACE_OUTER_BOUND('',#2012,.T.);
#1293=FACE_OUTER_BOUND('',#2013,.T.);
#1294=FACE_OUTER_BOUND('',#2014,.T.);
#1295=FACE_OUTER_BOUND('',#2015,.T.);
#1296=FACE_OUTER_BOUND('',#2016,.T.);
#1297=FACE_OUTER_BOUND('',#2017,.T.);
#1298=FACE_OUTER_BOUND('',#2018,.T.);
#1299=FACE_OUTER_BOUND('',#2019,.T.);
#1300=FACE_OUTER_BOUND('',#2020,.T.);
#1301=FACE_OUTER_BOUND('',#2021,.T.);
#1302=FACE_OUTER_BOUND('',#2022,.T.);
#1303=FACE_OUTER_BOUND('',#2023,.T.);
#1304=FACE_OUTER_BOUND('',#2024,.T.);
#1305=FACE_OUTER_BOUND('',#2025,.T.);
#1306=FACE_OUTER_BOUND('',#2026,.T.);
#1307=FACE_OUTER_BOUND('',#2027,.T.);
#1308=FACE_OUTER_BOUND('',#2028,.T.);
#1309=FACE_OUTER_BOUND('',#2029,.T.);
#1310=FACE_OUTER_BOUND('',#2030,.T.);
#1311=FACE_OUTER_BOUND('',#2031,.T.);
#1312=FACE_OUTER_BOUND('',#2032,.T.);
#1313=FACE_OUTER_BOUND('',#2033,.T.);
#1314=FACE_OUTER_BOUND('',#2034,.T.);
#1315=FACE_OUTER_BOUND('',#2035,.T.);
#1316=FACE_OUTER_BOUND('',#2036,.T.);
#1317=FACE_OUTER_BOUND('',#2037,.T.);
#1318=FACE_OUTER_BOUND('',#2038,.T.);
#1319=FACE_OUTER_BOUND('',#2039,.T.);
#1320=FACE_OUTER_BOUND('',#2040,.T.);
#1321=FACE_OUTER_BOUND('',#2041,.T.);
#1322=FACE_OUTER_BOUND('',#2042,.T.);
#1323=FACE_OUTER_BOUND('',#2043,.T.);
#1324=FACE_OUTER_BOUND('',#2044,.T.);
#1325=FACE_OUTER_BOUND('',#2045,.T.);
#1326=FACE_OUTER_BOUND('',#2046,.T.);
#1327=FACE_OUTER_BOUND('',#2047,.T.);
#1328=FACE_OUTER_BOUND('',#2048,.T.);
#1329=FACE_OUTER_BOUND('',#2049,.T.);
#1330=FACE_OUTER_BOUND('',#2050,.T.);
#1331=FACE_OUTER_BOUND('',#2051,.T.);
#1332=FACE_OUTER_BOUND('',#2052,.T.);
#1333=FACE_OUTER_BOUND('',#2053,.T.);
#1334=FACE_OUTER_BOUND('',#2054,.T.);
#1335=FACE_OUTER_BOUND('',#2055,.T.);
#1336=FACE_OUTER_BOUND('',#2056,.T.);
#1337=FACE_OUTER_BOUND('',#2057,.T.);
#1338=FACE_OUTER_BOUND('',#2058,.T.);
#1339=FACE_OUTER_BOUND('',#2059,.T.);
#1340=FACE_OUTER_BOUND('',#2060,.T.);
#1341=FACE_OUTER_BOUND('',#2061,.T.);
#1342=FACE_OUTER_BOUND('',#2062,.T.);
#1343=FACE_OUTER_BOUND('',#2063,.T.);
#1344=FACE_OUTER_BOUND('',#2064,.T.);
#1345=FACE_OUTER_BOUND('',#2065,.T.);
#1346=FACE_OUTER_BOUND('',#2066,.T.);
#1347=FACE_OUTER_BOUND('',#2067,.T.);
#1348=FACE_OUTER_BOUND('',#2068,.T.);
#1349=FACE_OUTER_BOUND('',#2069,.T.);
#1350=FACE_OUTER_BOUND('',#2070,.T.);
#1351=FACE_OUTER_BOUND('',#2071,.T.);
#1352=FACE_OUTER_BOUND('',#2072,.T.);
#1353=FACE_OUTER_BOUND('',#2073,.T.);
#1354=FACE_OUTER_BOUND('',#2074,.T.);
#1355=FACE_OUTER_BOUND('',#2075,.T.);
#1356=FACE_OUTER_BOUND('',#2076,.T.);
#1357=FACE_OUTER_BOUND('',#2077,.T.);
#1358=FACE_OUTER_BOUND('',#2078,.T.);
#1359=FACE_OUTER_BOUND('',#2079,.T.);
#1360=FACE_OUTER_BOUND('',#2080,.T.);
#1361=FACE_OUTER_BOUND('',#2081,.T.);
#1362=FACE_OUTER_BOUND('',#2082,.T.);
#1363=FACE_OUTER_BOUND('',#2083,.T.);
#1364=FACE_OUTER_BOUND('',#2084,.T.);
#1365=FACE_OUTER_BOUND('',#2085,.T.);
#1366=FACE_OUTER_BOUND('',#2086,.T.);
#1367=FACE_OUTER_BOUND('',#2087,.T.);
#1368=FACE_OUTER_BOUND('',#2088,.T.);
#1369=FACE_OUTER_BOUND('',#2089,.T.);
#1370=FACE_OUTER_BOUND('',#2090,.T.);
#1371=FACE_OUTER_BOUND('',#2091,.T.);
#1372=FACE_OUTER_BOUND('',#2092,.T.);
#1373=FACE_OUTER_BOUND('',#2093,.T.);
#1374=FACE_OUTER_BOUND('',#2094,.T.);
#1375=FACE_OUTER_BOUND('',#2095,.T.);
#1376=FACE_OUTER_BOUND('',#2096,.T.);
#1377=FACE_OUTER_BOUND('',#2097,.T.);
#1378=FACE_OUTER_BOUND('',#2098,.T.);
#1379=FACE_OUTER_BOUND('',#2099,.T.);
#1380=FACE_OUTER_BOUND('',#2100,.T.);
#1381=FACE_OUTER_BOUND('',#2101,.T.);
#1382=FACE_OUTER_BOUND('',#2102,.T.);
#1383=FACE_OUTER_BOUND('',#2103,.T.);
#1384=FACE_OUTER_BOUND('',#2104,.T.);
#1385=FACE_OUTER_BOUND('',#2105,.T.);
#1386=FACE_OUTER_BOUND('',#2106,.T.);
#1387=FACE_OUTER_BOUND('',#2107,.T.);
#1388=FACE_OUTER_BOUND('',#2108,.T.);
#1389=FACE_OUTER_BOUND('',#2109,.T.);
#1390=FACE_OUTER_BOUND('',#2110,.T.);
#1391=FACE_OUTER_BOUND('',#2111,.T.);
#1392=FACE_OUTER_BOUND('',#2112,.T.);
#1393=FACE_OUTER_BOUND('',#2113,.T.);
#1394=FACE_OUTER_BOUND('',#2114,.T.);
#1395=FACE_OUTER_BOUND('',#2115,.T.);
#1396=FACE_OUTER_BOUND('',#2116,.T.);
#1397=FACE_OUTER_BOUND('',#2117,.T.);
#1398=FACE_OUTER_BOUND('',#2118,.T.);
#1399=FACE_OUTER_BOUND('',#2119,.T.);
#1400=FACE_OUTER_BOUND('',#2120,.T.);
#1401=FACE_OUTER_BOUND('',#2121,.T.);
#1402=FACE_OUTER_BOUND('',#2122,.T.);
#1403=FACE_OUTER_BOUND('',#2123,.T.);
#1404=FACE_OUTER_BOUND('',#2124,.T.);
#1405=FACE_OUTER_BOUND('',#2125,.T.);
#1406=FACE_OUTER_BOUND('',#2126,.T.);
#1407=FACE_OUTER_BOUND('',#2127,.T.);
#1408=FACE_OUTER_BOUND('',#2128,.T.);
#1409=FACE_OUTER_BOUND('',#2129,.T.);
#1410=FACE_OUTER_BOUND('',#2130,.T.);
#1411=FACE_OUTER_BOUND('',#2131,.T.);
#1412=FACE_OUTER_BOUND('',#2132,.T.);
#1413=FACE_OUTER_BOUND('',#2133,.T.);
#1414=FACE_OUTER_BOUND('',#2134,.T.);
#1415=FACE_OUTER_BOUND('',#2135,.T.);
#1416=FACE_OUTER_BOUND('',#2136,.T.);
#1417=FACE_OUTER_BOUND('',#2137,.T.);
#1418=FACE_OUTER_BOUND('',#2138,.T.);
#1419=FACE_OUTER_BOUND('',#2139,.T.);
#1420=FACE_OUTER_BOUND('',#2140,.T.);
#1421=FACE_OUTER_BOUND('',#2141,.T.);
#1422=FACE_OUTER_BOUND('',#2142,.T.);
#1423=FACE_OUTER_BOUND('',#2143,.T.);
#1424=FACE_OUTER_BOUND('',#2144,.T.);
#1425=FACE_OUTER_BOUND('',#2145,.T.);
#1426=FACE_OUTER_BOUND('',#2146,.T.);
#1427=FACE_OUTER_BOUND('',#2147,.T.);
#1428=FACE_OUTER_BOUND('',#2148,.T.);
#1429=FACE_OUTER_BOUND('',#2149,.T.);
#1430=FACE_OUTER_BOUND('',#2150,.T.);
#1431=FACE_OUTER_BOUND('',#2151,.T.);
#1432=FACE_OUTER_BOUND('',#2152,.T.);
#1433=FACE_OUTER_BOUND('',#2153,.T.);
#1434=FACE_OUTER_BOUND('',#2154,.T.);
#1435=FACE_OUTER_BOUND('',#2155,.T.);
#1436=FACE_OUTER_BOUND('',#2156,.T.);
#1437=FACE_OUTER_BOUND('',#2157,.T.);
#1438=FACE_OUTER_BOUND('',#2158,.T.);
#1439=FACE_OUTER_BOUND('',#2159,.T.);
#1440=FACE_OUTER_BOUND('',#2160,.T.);
#1441=FACE_OUTER_BOUND('',#2161,.T.);
#1442=FACE_OUTER_BOUND('',#2162,.T.);
#1443=FACE_OUTER_BOUND('',#2163,.T.);
#1444=FACE_OUTER_BOUND('',#2164,.T.);
#1445=FACE_OUTER_BOUND('',#2165,.T.);
#1446=FACE_OUTER_BOUND('',#2166,.T.);
#1447=FACE_OUTER_BOUND('',#2167,.T.);
#1448=FACE_OUTER_BOUND('',#2168,.T.);
#1449=FACE_OUTER_BOUND('',#2169,.T.);
#1450=FACE_OUTER_BOUND('',#2170,.T.);
#1451=FACE_OUTER_BOUND('',#2171,.T.);
#1452=FACE_OUTER_BOUND('',#2172,.T.);
#1453=FACE_OUTER_BOUND('',#2173,.T.);
#1454=FACE_OUTER_BOUND('',#2174,.T.);
#1455=FACE_OUTER_BOUND('',#2175,.T.);
#1456=FACE_OUTER_BOUND('',#2176,.T.);
#1457=FACE_OUTER_BOUND('',#2177,.T.);
#1458=FACE_OUTER_BOUND('',#2178,.T.);
#1459=FACE_OUTER_BOUND('',#2179,.T.);
#1460=FACE_OUTER_BOUND('',#2180,.T.);
#1461=FACE_OUTER_BOUND('',#2181,.T.);
#1462=FACE_OUTER_BOUND('',#2182,.T.);
#1463=FACE_OUTER_BOUND('',#2183,.T.);
#1464=FACE_OUTER_BOUND('',#2184,.T.);
#1465=FACE_OUTER_BOUND('',#2185,.T.);
#1466=FACE_OUTER_BOUND('',#2186,.T.);
#1467=FACE_OUTER_BOUND('',#2187,.T.);
#1468=FACE_OUTER_BOUND('',#2188,.T.);
#1469=FACE_OUTER_BOUND('',#2189,.T.);
#1470=FACE_OUTER_BOUND('',#2190,.T.);
#1471=FACE_OUTER_BOUND('',#2191,.T.);
#1472=FACE_OUTER_BOUND('',#2192,.T.);
#1473=FACE_OUTER_BOUND('',#2193,.T.);
#1474=FACE_OUTER_BOUND('',#2194,.T.);
#1475=FACE_OUTER_BOUND('',#2195,.T.);
#1476=FACE_OUTER_BOUND('',#2196,.T.);
#1477=FACE_OUTER_BOUND('',#2197,.T.);
#1478=FACE_OUTER_BOUND('',#2198,.T.);
#1479=FACE_OUTER_BOUND('',#2199,.T.);
#1480=FACE_OUTER_BOUND('',#2200,.T.);
#1481=FACE_OUTER_BOUND('',#2201,.T.);
#1482=FACE_OUTER_BOUND('',#2202,.T.);
#1483=FACE_OUTER_BOUND('',#2203,.T.);
#1484=FACE_OUTER_BOUND('',#2204,.T.);
#1485=FACE_OUTER_BOUND('',#2205,.T.);
#1486=FACE_OUTER_BOUND('',#2206,.T.);
#1487=FACE_OUTER_BOUND('',#2207,.T.);
#1488=FACE_OUTER_BOUND('',#2208,.T.);
#1489=FACE_OUTER_BOUND('',#2209,.T.);
#1490=FACE_OUTER_BOUND('',#2210,.T.);
#1491=FACE_OUTER_BOUND('',#2211,.T.);
#1492=FACE_OUTER_BOUND('',#2212,.T.);
#1493=FACE_OUTER_BOUND('',#2213,.T.);
#1494=FACE_OUTER_BOUND('',#2214,.T.);
#1495=FACE_OUTER_BOUND('',#2215,.T.);
#1496=FACE_OUTER_BOUND('',#2216,.T.);
#1497=FACE_OUTER_BOUND('',#2217,.T.);
#1498=FACE_OUTER_BOUND('',#2218,.T.);
#1499=FACE_OUTER_BOUND('',#2219,.T.);
#1500=FACE_OUTER_BOUND('',#2220,.T.);
#1501=FACE_OUTER_BOUND('',#2221,.T.);
#1502=FACE_OUTER_BOUND('',#2222,.T.);
#1503=FACE_OUTER_BOUND('',#2223,.T.);
#1504=FACE_OUTER_BOUND('',#2224,.T.);
#1505=FACE_OUTER_BOUND('',#2225,.T.);
#1506=FACE_OUTER_BOUND('',#2226,.T.);
#1507=FACE_OUTER_BOUND('',#2227,.T.);
#1508=FACE_OUTER_BOUND('',#2228,.T.);
#1509=FACE_OUTER_BOUND('',#2229,.T.);
#1510=FACE_OUTER_BOUND('',#2230,.T.);
#1511=FACE_OUTER_BOUND('',#2231,.T.);
#1512=FACE_OUTER_BOUND('',#2232,.T.);
#1513=FACE_OUTER_BOUND('',#2233,.T.);
#1514=FACE_OUTER_BOUND('',#2234,.T.);
#1515=FACE_OUTER_BOUND('',#2235,.T.);
#1516=FACE_OUTER_BOUND('',#2236,.T.);
#1517=FACE_OUTER_BOUND('',#2237,.T.);
#1518=FACE_OUTER_BOUND('',#2238,.T.);
#1519=FACE_OUTER_BOUND('',#2239,.T.);
#1520=FACE_OUTER_BOUND('',#2240,.T.);
#1521=FACE_OUTER_BOUND('',#2241,.T.);
#1522=FACE_OUTER_BOUND('',#2242,.T.);
#1523=FACE_OUTER_BOUND('',#2243,.T.);
#1524=FACE_OUTER_BOUND('',#2244,.T.);
#1525=FACE_OUTER_BOUND('',#2245,.T.);
#1526=FACE_OUTER_BOUND('',#2246,.T.);
#1527=FACE_OUTER_BOUND('',#2247,.T.);
#1528=FACE_OUTER_BOUND('',#2248,.T.);
#1529=FACE_OUTER_BOUND('',#2249,.T.);
#1530=FACE_OUTER_BOUND('',#2250,.T.);
#1531=FACE_OUTER_BOUND('',#2251,.T.);
#1532=FACE_OUTER_BOUND('',#2252,.T.);
#1533=FACE_OUTER_BOUND('',#2253,.T.);
#1534=FACE_OUTER_BOUND('',#2254,.T.);
#1535=FACE_OUTER_BOUND('',#2255,.T.);
#1536=FACE_OUTER_BOUND('',#2256,.T.);
#1537=FACE_OUTER_BOUND('',#2257,.T.);
#1538=FACE_OUTER_BOUND('',#2258,.T.);
#1539=FACE_OUTER_BOUND('',#2259,.T.);
#1540=FACE_OUTER_BOUND('',#2260,.T.);
#1541=FACE_OUTER_BOUND('',#2261,.T.);
#1542=FACE_OUTER_BOUND('',#2262,.T.);
#1543=FACE_OUTER_BOUND('',#2263,.T.);
#1544=FACE_OUTER_BOUND('',#2264,.T.);
#1545=FACE_OUTER_BOUND('',#2265,.T.);
#1546=FACE_OUTER_BOUND('',#2266,.T.);
#1547=FACE_OUTER_BOUND('',#2267,.T.);
#1548=FACE_OUTER_BOUND('',#2268,.T.);
#1549=FACE_OUTER_BOUND('',#2269,.T.);
#1550=FACE_OUTER_BOUND('',#2270,.T.);
#1551=FACE_OUTER_BOUND('',#2271,.T.);
#1552=FACE_OUTER_BOUND('',#2272,.T.);
#1553=FACE_OUTER_BOUND('',#2273,.T.);
#1554=FACE_OUTER_BOUND('',#2274,.T.);
#1555=FACE_OUTER_BOUND('',#2275,.T.);
#1556=FACE_OUTER_BOUND('',#2276,.T.);
#1557=FACE_OUTER_BOUND('',#2277,.T.);
#1558=FACE_OUTER_BOUND('',#2278,.T.);
#1559=FACE_OUTER_BOUND('',#2279,.T.);
#1560=FACE_OUTER_BOUND('',#2280,.T.);
#1561=FACE_OUTER_BOUND('',#2281,.T.);
#1562=FACE_OUTER_BOUND('',#2282,.T.);
#1563=FACE_OUTER_BOUND('',#2283,.T.);
#1564=FACE_OUTER_BOUND('',#2284,.T.);
#1565=FACE_OUTER_BOUND('',#2285,.T.);
#1566=FACE_OUTER_BOUND('',#2286,.T.);
#1567=FACE_OUTER_BOUND('',#2287,.T.);
#1568=FACE_OUTER_BOUND('',#2288,.T.);
#1569=FACE_OUTER_BOUND('',#2289,.T.);
#1570=FACE_OUTER_BOUND('',#2290,.T.);
#1571=FACE_OUTER_BOUND('',#2291,.T.);
#1572=FACE_OUTER_BOUND('',#2292,.T.);
#1573=FACE_OUTER_BOUND('',#2293,.T.);
#1574=FACE_OUTER_BOUND('',#2294,.T.);
#1575=FACE_OUTER_BOUND('',#2295,.T.);
#1576=FACE_OUTER_BOUND('',#2296,.T.);
#1577=FACE_OUTER_BOUND('',#2297,.T.);
#1578=FACE_OUTER_BOUND('',#2298,.T.);
#1579=FACE_OUTER_BOUND('',#2299,.T.);
#1580=FACE_OUTER_BOUND('',#2300,.T.);
#1581=FACE_OUTER_BOUND('',#2301,.T.);
#1582=FACE_OUTER_BOUND('',#2302,.T.);
#1583=FACE_OUTER_BOUND('',#2303,.T.);
#1584=FACE_OUTER_BOUND('',#2304,.T.);
#1585=FACE_OUTER_BOUND('',#2305,.T.);
#1586=FACE_OUTER_BOUND('',#2306,.T.);
#1587=FACE_OUTER_BOUND('',#2307,.T.);
#1588=FACE_OUTER_BOUND('',#2308,.T.);
#1589=FACE_OUTER_BOUND('',#2309,.T.);
#1590=FACE_OUTER_BOUND('',#2310,.T.);
#1591=FACE_OUTER_BOUND('',#2311,.T.);
#1592=FACE_OUTER_BOUND('',#2312,.T.);
#1593=FACE_OUTER_BOUND('',#2313,.T.);
#1594=FACE_OUTER_BOUND('',#2314,.T.);
#1595=FACE_OUTER_BOUND('',#2315,.T.);
#1596=FACE_OUTER_BOUND('',#2316,.T.);
#1597=FACE_OUTER_BOUND('',#2317,.T.);
#1598=FACE_OUTER_BOUND('',#2318,.T.);
#1599=FACE_OUTER_BOUND('',#2319,.T.);
#1600=FACE_OUTER_BOUND('',#2320,.T.);
#1601=FACE_OUTER_BOUND('',#2321,.T.);
#1602=FACE_OUTER_BOUND('',#2322,.T.);
#1603=FACE_OUTER_BOUND('',#2323,.T.);
#1604=FACE_OUTER_BOUND('',#2324,.T.);
#1605=FACE_OUTER_BOUND('',#2325,.T.);
#1606=FACE_OUTER_BOUND('',#2326,.T.);
#1607=FACE_OUTER_BOUND('',#2327,.T.);
#1608=FACE_OUTER_BOUND('',#2328,.T.);
#1609=FACE_OUTER_BOUND('',#2329,.T.);
#1610=FACE_OUTER_BOUND('',#2330,.T.);
#1611=EDGE_LOOP('',(#7939,#7940,#7941,#7942));
#1612=EDGE_LOOP('',(#7943,#7944,#7945,#7946));
#1613=EDGE_LOOP('',(#7947,#7948,#7949,#7950));
#1614=EDGE_LOOP('',(#7951,#7952,#7953,#7954));
#1615=EDGE_LOOP('',(#7955,#7956,#7957,#7958));
#1616=EDGE_LOOP('',(#7959,#7960,#7961,#7962));
#1617=EDGE_LOOP('',(#7963,#7964,#7965,#7966));
#1618=EDGE_LOOP('',(#7967,#7968,#7969,#7970));
#1619=EDGE_LOOP('',(#7971,#7972,#7973,#7974,#7975,#7976,#7977,#7978,#7979,
#7980,#7981,#7982,#7983,#7984,#7985,#7986,#7987,#7988,#7989,#7990,#7991,
#7992,#7993,#7994,#7995,#7996,#7997,#7998,#7999,#8000,#8001,#8002,#8003,
#8004,#8005,#8006,#8007,#8008,#8009,#8010));
#1620=EDGE_LOOP('',(#8011,#8012,#8013,#8014,#8015,#8016,#8017,#8018,#8019,
#8020,#8021,#8022,#8023,#8024,#8025,#8026,#8027,#8028,#8029,#8030,#8031,
#8032,#8033,#8034,#8035,#8036,#8037,#8038,#8039,#8040,#8041,#8042,#8043,
#8044,#8045,#8046,#8047,#8048,#8049,#8050,#8051,#8052,#8053,#8054,#8055,
#8056,#8057,#8058,#8059,#8060,#8061,#8062,#8063,#8064,#8065,#8066,#8067,
#8068));
#1621=EDGE_LOOP('',(#8069,#8070,#8071,#8072,#8073,#8074,#8075,#8076));
#1622=EDGE_LOOP('',(#8077,#8078,#8079,#8080,#8081,#8082,#8083,#8084));
#1623=EDGE_LOOP('',(#8085,#8086,#8087,#8088,#8089,#8090,#8091,#8092));
#1624=EDGE_LOOP('',(#8093,#8094,#8095,#8096,#8097,#8098,#8099,#8100));
#1625=EDGE_LOOP('',(#8101,#8102,#8103,#8104,#8105,#8106,#8107,#8108));
#1626=EDGE_LOOP('',(#8109,#8110,#8111,#8112,#8113,#8114,#8115,#8116));
#1627=EDGE_LOOP('',(#8117,#8118,#8119,#8120,#8121,#8122,#8123,#8124));
#1628=EDGE_LOOP('',(#8125,#8126,#8127,#8128,#8129,#8130,#8131,#8132));
#1629=EDGE_LOOP('',(#8133,#8134,#8135,#8136,#8137,#8138,#8139,#8140));
#1630=EDGE_LOOP('',(#8141,#8142,#8143,#8144,#8145,#8146,#8147,#8148));
#1631=EDGE_LOOP('',(#8149,#8150,#8151,#8152,#8153,#8154,#8155,#8156));
#1632=EDGE_LOOP('',(#8157,#8158,#8159,#8160,#8161,#8162,#8163,#8164));
#1633=EDGE_LOOP('',(#8165,#8166,#8167,#8168,#8169,#8170,#8171,#8172));
#1634=EDGE_LOOP('',(#8173,#8174,#8175,#8176,#8177,#8178,#8179,#8180));
#1635=EDGE_LOOP('',(#8181,#8182,#8183,#8184,#8185,#8186,#8187,#8188,#8189,
#8190,#8191,#8192,#8193,#8194,#8195,#8196,#8197,#8198,#8199,#8200,#8201,
#8202,#8203,#8204,#8205,#8206,#8207,#8208,#8209,#8210,#8211,#8212,#8213,
#8214,#8215,#8216,#8217,#8218,#8219,#8220,#8221,#8222,#8223,#8224,#8225,
#8226,#8227,#8228,#8229,#8230,#8231,#8232,#8233,#8234,#8235,#8236,#8237,
#8238));
#1636=EDGE_LOOP('',(#8239,#8240,#8241,#8242));
#1637=EDGE_LOOP('',(#8243,#8244,#8245,#8246));
#1638=EDGE_LOOP('',(#8247,#8248,#8249,#8250));
#1639=EDGE_LOOP('',(#8251,#8252,#8253,#8254));
#1640=EDGE_LOOP('',(#8255,#8256,#8257,#8258));
#1641=EDGE_LOOP('',(#8259,#8260,#8261,#8262));
#1642=EDGE_LOOP('',(#8263,#8264,#8265,#8266));
#1643=EDGE_LOOP('',(#8267,#8268,#8269,#8270));
#1644=EDGE_LOOP('',(#8271,#8272,#8273,#8274));
#1645=EDGE_LOOP('',(#8275,#8276,#8277,#8278));
#1646=EDGE_LOOP('',(#8279,#8280,#8281,#8282));
#1647=EDGE_LOOP('',(#8283,#8284,#8285,#8286));
#1648=EDGE_LOOP('',(#8287,#8288,#8289,#8290));
#1649=EDGE_LOOP('',(#8291,#8292,#8293,#8294));
#1650=EDGE_LOOP('',(#8295,#8296,#8297,#8298));
#1651=EDGE_LOOP('',(#8299,#8300,#8301,#8302));
#1652=EDGE_LOOP('',(#8303,#8304,#8305,#8306));
#1653=EDGE_LOOP('',(#8307,#8308,#8309,#8310));
#1654=EDGE_LOOP('',(#8311,#8312,#8313,#8314));
#1655=EDGE_LOOP('',(#8315,#8316,#8317,#8318));
#1656=EDGE_LOOP('',(#8319,#8320,#8321,#8322));
#1657=EDGE_LOOP('',(#8323,#8324,#8325,#8326));
#1658=EDGE_LOOP('',(#8327,#8328,#8329,#8330));
#1659=EDGE_LOOP('',(#8331,#8332,#8333,#8334));
#1660=EDGE_LOOP('',(#8335,#8336,#8337,#8338));
#1661=EDGE_LOOP('',(#8339,#8340,#8341,#8342));
#1662=EDGE_LOOP('',(#8343,#8344,#8345,#8346));
#1663=EDGE_LOOP('',(#8347,#8348,#8349,#8350));
#1664=EDGE_LOOP('',(#8351,#8352,#8353,#8354));
#1665=EDGE_LOOP('',(#8355,#8356,#8357,#8358));
#1666=EDGE_LOOP('',(#8359,#8360,#8361,#8362));
#1667=EDGE_LOOP('',(#8363,#8364,#8365,#8366));
#1668=EDGE_LOOP('',(#8367,#8368,#8369,#8370));
#1669=EDGE_LOOP('',(#8371,#8372,#8373,#8374));
#1670=EDGE_LOOP('',(#8375,#8376,#8377,#8378));
#1671=EDGE_LOOP('',(#8379,#8380,#8381,#8382));
#1672=EDGE_LOOP('',(#8383,#8384,#8385,#8386));
#1673=EDGE_LOOP('',(#8387,#8388,#8389,#8390));
#1674=EDGE_LOOP('',(#8391,#8392,#8393,#8394));
#1675=EDGE_LOOP('',(#8395,#8396,#8397,#8398));
#1676=EDGE_LOOP('',(#8399,#8400,#8401,#8402));
#1677=EDGE_LOOP('',(#8403,#8404,#8405,#8406));
#1678=EDGE_LOOP('',(#8407,#8408,#8409,#8410));
#1679=EDGE_LOOP('',(#8411,#8412,#8413,#8414));
#1680=EDGE_LOOP('',(#8415,#8416,#8417,#8418));
#1681=EDGE_LOOP('',(#8419,#8420,#8421,#8422));
#1682=EDGE_LOOP('',(#8423,#8424,#8425,#8426));
#1683=EDGE_LOOP('',(#8427,#8428,#8429,#8430));
#1684=EDGE_LOOP('',(#8431,#8432,#8433,#8434));
#1685=EDGE_LOOP('',(#8435,#8436,#8437,#8438));
#1686=EDGE_LOOP('',(#8439,#8440,#8441,#8442));
#1687=EDGE_LOOP('',(#8443,#8444,#8445,#8446));
#1688=EDGE_LOOP('',(#8447,#8448,#8449,#8450));
#1689=EDGE_LOOP('',(#8451,#8452,#8453,#8454));
#1690=EDGE_LOOP('',(#8455,#8456,#8457,#8458));
#1691=EDGE_LOOP('',(#8459,#8460,#8461,#8462));
#1692=EDGE_LOOP('',(#8463,#8464,#8465,#8466));
#1693=EDGE_LOOP('',(#8467,#8468,#8469,#8470));
#1694=EDGE_LOOP('',(#8471,#8472,#8473,#8474));
#1695=EDGE_LOOP('',(#8475,#8476,#8477,#8478));
#1696=EDGE_LOOP('',(#8479,#8480,#8481,#8482));
#1697=EDGE_LOOP('',(#8483,#8484,#8485,#8486));
#1698=EDGE_LOOP('',(#8487,#8488,#8489,#8490));
#1699=EDGE_LOOP('',(#8491,#8492,#8493,#8494));
#1700=EDGE_LOOP('',(#8495,#8496,#8497,#8498));
#1701=EDGE_LOOP('',(#8499,#8500,#8501,#8502));
#1702=EDGE_LOOP('',(#8503,#8504,#8505,#8506));
#1703=EDGE_LOOP('',(#8507,#8508,#8509,#8510));
#1704=EDGE_LOOP('',(#8511,#8512,#8513,#8514));
#1705=EDGE_LOOP('',(#8515,#8516,#8517,#8518));
#1706=EDGE_LOOP('',(#8519,#8520,#8521,#8522));
#1707=EDGE_LOOP('',(#8523,#8524,#8525,#8526));
#1708=EDGE_LOOP('',(#8527,#8528,#8529,#8530));
#1709=EDGE_LOOP('',(#8531,#8532,#8533,#8534));
#1710=EDGE_LOOP('',(#8535,#8536,#8537,#8538));
#1711=EDGE_LOOP('',(#8539,#8540,#8541,#8542));
#1712=EDGE_LOOP('',(#8543,#8544,#8545,#8546));
#1713=EDGE_LOOP('',(#8547,#8548,#8549,#8550));
#1714=EDGE_LOOP('',(#8551,#8552,#8553,#8554));
#1715=EDGE_LOOP('',(#8555,#8556,#8557,#8558));
#1716=EDGE_LOOP('',(#8559,#8560,#8561,#8562));
#1717=EDGE_LOOP('',(#8563,#8564,#8565,#8566));
#1718=EDGE_LOOP('',(#8567,#8568,#8569,#8570));
#1719=EDGE_LOOP('',(#8571,#8572,#8573,#8574));
#1720=EDGE_LOOP('',(#8575,#8576,#8577,#8578));
#1721=EDGE_LOOP('',(#8579,#8580,#8581,#8582));
#1722=EDGE_LOOP('',(#8583,#8584,#8585,#8586));
#1723=EDGE_LOOP('',(#8587,#8588,#8589,#8590));
#1724=EDGE_LOOP('',(#8591,#8592,#8593,#8594));
#1725=EDGE_LOOP('',(#8595,#8596,#8597,#8598));
#1726=EDGE_LOOP('',(#8599,#8600,#8601,#8602));
#1727=EDGE_LOOP('',(#8603,#8604,#8605,#8606));
#1728=EDGE_LOOP('',(#8607,#8608,#8609,#8610));
#1729=EDGE_LOOP('',(#8611,#8612,#8613,#8614));
#1730=EDGE_LOOP('',(#8615,#8616,#8617,#8618));
#1731=EDGE_LOOP('',(#8619,#8620,#8621,#8622));
#1732=EDGE_LOOP('',(#8623,#8624,#8625,#8626));
#1733=EDGE_LOOP('',(#8627,#8628,#8629,#8630));
#1734=EDGE_LOOP('',(#8631,#8632,#8633,#8634));
#1735=EDGE_LOOP('',(#8635,#8636,#8637,#8638));
#1736=EDGE_LOOP('',(#8639,#8640,#8641,#8642));
#1737=EDGE_LOOP('',(#8643,#8644,#8645,#8646));
#1738=EDGE_LOOP('',(#8647,#8648,#8649,#8650));
#1739=EDGE_LOOP('',(#8651,#8652,#8653,#8654));
#1740=EDGE_LOOP('',(#8655,#8656,#8657,#8658));
#1741=EDGE_LOOP('',(#8659,#8660,#8661,#8662,#8663,#8664,#8665,#8666,#8667,
#8668,#8669));
#1742=EDGE_LOOP('',(#8670,#8671,#8672,#8673,#8674,#8675,#8676,#8677));
#1743=EDGE_LOOP('',(#8678,#8679,#8680,#8681,#8682,#8683,#8684,#8685));
#1744=EDGE_LOOP('',(#8686,#8687,#8688,#8689,#8690,#8691,#8692,#8693));
#1745=EDGE_LOOP('',(#8694,#8695,#8696,#8697,#8698,#8699,#8700,#8701));
#1746=EDGE_LOOP('',(#8702,#8703,#8704,#8705,#8706,#8707,#8708,#8709));
#1747=EDGE_LOOP('',(#8710,#8711,#8712,#8713,#8714,#8715,#8716,#8717));
#1748=EDGE_LOOP('',(#8718,#8719,#8720,#8721,#8722,#8723,#8724,#8725));
#1749=EDGE_LOOP('',(#8726,#8727,#8728,#8729,#8730,#8731,#8732,#8733));
#1750=EDGE_LOOP('',(#8734,#8735,#8736,#8737,#8738,#8739,#8740,#8741,#8742,
#8743,#8744,#8745,#8746,#8747,#8748,#8749,#8750,#8751,#8752,#8753,#8754,
#8755,#8756,#8757,#8758,#8759,#8760,#8761,#8762,#8763,#8764,#8765,#8766,
#8767,#8768,#8769,#8770,#8771,#8772,#8773));
#1751=EDGE_LOOP('',(#8774,#8775,#8776,#8777,#8778,#8779,#8780,#8781));
#1752=EDGE_LOOP('',(#8782,#8783,#8784,#8785,#8786,#8787,#8788,#8789));
#1753=EDGE_LOOP('',(#8790,#8791,#8792,#8793,#8794,#8795,#8796,#8797));
#1754=EDGE_LOOP('',(#8798,#8799,#8800,#8801,#8802,#8803,#8804,#8805));
#1755=EDGE_LOOP('',(#8806,#8807,#8808,#8809,#8810,#8811,#8812,#8813));
#1756=EDGE_LOOP('',(#8814,#8815,#8816,#8817,#8818,#8819,#8820,#8821));
#1757=EDGE_LOOP('',(#8822,#8823,#8824,#8825,#8826,#8827,#8828,#8829));
#1758=EDGE_LOOP('',(#8830,#8831,#8832,#8833,#8834,#8835,#8836,#8837));
#1759=EDGE_LOOP('',(#8838,#8839,#8840,#8841,#8842,#8843,#8844,#8845));
#1760=EDGE_LOOP('',(#8846,#8847,#8848,#8849,#8850,#8851,#8852,#8853));
#1761=EDGE_LOOP('',(#8854,#8855,#8856,#8857,#8858,#8859,#8860,#8861));
#1762=EDGE_LOOP('',(#8862,#8863,#8864,#8865,#8866,#8867,#8868,#8869));
#1763=EDGE_LOOP('',(#8870,#8871,#8872,#8873,#8874,#8875,#8876,#8877));
#1764=EDGE_LOOP('',(#8878,#8879,#8880,#8881,#8882,#8883,#8884,#8885));
#1765=EDGE_LOOP('',(#8886,#8887,#8888,#8889,#8890,#8891,#8892,#8893));
#1766=EDGE_LOOP('',(#8894,#8895,#8896,#8897,#8898,#8899,#8900,#8901));
#1767=EDGE_LOOP('',(#8902,#8903,#8904,#8905,#8906,#8907,#8908,#8909));
#1768=EDGE_LOOP('',(#8910,#8911,#8912,#8913,#8914,#8915,#8916,#8917));
#1769=EDGE_LOOP('',(#8918,#8919,#8920,#8921,#8922,#8923,#8924,#8925));
#1770=EDGE_LOOP('',(#8926,#8927,#8928,#8929,#8930,#8931,#8932,#8933));
#1771=EDGE_LOOP('',(#8934,#8935,#8936,#8937,#8938,#8939,#8940,#8941));
#1772=EDGE_LOOP('',(#8942,#8943,#8944,#8945,#8946,#8947,#8948,#8949));
#1773=EDGE_LOOP('',(#8950,#8951,#8952,#8953,#8954,#8955,#8956,#8957));
#1774=EDGE_LOOP('',(#8958,#8959,#8960,#8961,#8962,#8963,#8964,#8965));
#1775=EDGE_LOOP('',(#8966,#8967,#8968,#8969,#8970,#8971,#8972,#8973));
#1776=EDGE_LOOP('',(#8974,#8975,#8976,#8977,#8978,#8979,#8980,#8981));
#1777=EDGE_LOOP('',(#8982,#8983,#8984,#8985,#8986,#8987,#8988,#8989));
#1778=EDGE_LOOP('',(#8990,#8991,#8992,#8993,#8994,#8995,#8996,#8997));
#1779=EDGE_LOOP('',(#8998,#8999,#9000,#9001,#9002,#9003,#9004,#9005));
#1780=EDGE_LOOP('',(#9006,#9007,#9008,#9009,#9010,#9011,#9012,#9013));
#1781=EDGE_LOOP('',(#9014,#9015,#9016,#9017,#9018,#9019,#9020,#9021));
#1782=EDGE_LOOP('',(#9022,#9023,#9024,#9025,#9026,#9027,#9028,#9029));
#1783=EDGE_LOOP('',(#9030,#9031,#9032,#9033,#9034,#9035,#9036,#9037));
#1784=EDGE_LOOP('',(#9038,#9039,#9040,#9041,#9042,#9043,#9044,#9045));
#1785=EDGE_LOOP('',(#9046,#9047,#9048,#9049,#9050,#9051,#9052,#9053,#9054,
#9055,#9056,#9057,#9058,#9059,#9060,#9061));
#1786=EDGE_LOOP('',(#9062,#9063,#9064,#9065,#9066,#9067,#9068,#9069,#9070,
#9071,#9072,#9073,#9074,#9075,#9076,#9077));
#1787=EDGE_LOOP('',(#9078,#9079,#9080,#9081,#9082,#9083,#9084,#9085,#9086,
#9087,#9088,#9089,#9090,#9091,#9092,#9093));
#1788=EDGE_LOOP('',(#9094,#9095,#9096,#9097));
#1789=EDGE_LOOP('',(#9098,#9099,#9100,#9101));
#1790=EDGE_LOOP('',(#9102,#9103,#9104,#9105));
#1791=EDGE_LOOP('',(#9106,#9107,#9108,#9109,#9110,#9111,#9112,#9113,#9114,
#9115,#9116,#9117));
#1792=EDGE_LOOP('',(#9118,#9119,#9120,#9121));
#1793=EDGE_LOOP('',(#9122,#9123,#9124,#9125));
#1794=EDGE_LOOP('',(#9126,#9127,#9128,#9129,#9130,#9131,#9132,#9133,#9134,
#9135,#9136,#9137));
#1795=EDGE_LOOP('',(#9138,#9139,#9140,#9141,#9142));
#1796=EDGE_LOOP('',(#9143,#9144,#9145,#9146,#9147));
#1797=EDGE_LOOP('',(#9148,#9149,#9150,#9151));
#1798=EDGE_LOOP('',(#9152,#9153,#9154,#9155,#9156,#9157,#9158,#9159,#9160,
#9161,#9162,#9163,#9164,#9165,#9166,#9167));
#1799=EDGE_LOOP('',(#9168,#9169,#9170,#9171));
#1800=EDGE_LOOP('',(#9172,#9173,#9174,#9175));
#1801=EDGE_LOOP('',(#9176,#9177,#9178,#9179));
#1802=EDGE_LOOP('',(#9180,#9181,#9182,#9183));
#1803=EDGE_LOOP('',(#9184,#9185,#9186,#9187));
#1804=EDGE_LOOP('',(#9188,#9189,#9190,#9191));
#1805=EDGE_LOOP('',(#9192,#9193,#9194,#9195));
#1806=EDGE_LOOP('',(#9196,#9197,#9198,#9199));
#1807=EDGE_LOOP('',(#9200,#9201,#9202,#9203));
#1808=EDGE_LOOP('',(#9204,#9205,#9206,#9207));
#1809=EDGE_LOOP('',(#9208,#9209,#9210,#9211));
#1810=EDGE_LOOP('',(#9212,#9213,#9214,#9215));
#1811=EDGE_LOOP('',(#9216,#9217,#9218,#9219,#9220,#9221,#9222,#9223,#9224,
#9225,#9226,#9227,#9228,#9229,#9230,#9231,#9232,#9233,#9234,#9235,#9236,
#9237,#9238,#9239,#9240,#9241,#9242,#9243,#9244,#9245,#9246,#9247,#9248,
#9249,#9250,#9251,#9252,#9253,#9254,#9255,#9256,#9257,#9258,#9259,#9260,
#9261,#9262,#9263,#9264,#9265,#9266,#9267,#9268,#9269,#9270,#9271,#9272,
#9273,#9274,#9275,#9276,#9277,#9278,#9279,#9280,#9281,#9282,#9283,#9284,
#9285,#9286,#9287,#9288,#9289,#9290));
#1812=EDGE_LOOP('',(#9291,#9292,#9293,#9294,#9295,#9296,#9297,#9298));
#1813=EDGE_LOOP('',(#9299,#9300,#9301,#9302,#9303,#9304,#9305,#9306));
#1814=EDGE_LOOP('',(#9307,#9308,#9309,#9310,#9311,#9312,#9313,#9314));
#1815=EDGE_LOOP('',(#9315,#9316,#9317,#9318,#9319,#9320,#9321,#9322));
#1816=EDGE_LOOP('',(#9323,#9324,#9325,#9326,#9327,#9328,#9329,#9330));
#1817=EDGE_LOOP('',(#9331,#9332,#9333,#9334,#9335,#9336,#9337,#9338));
#1818=EDGE_LOOP('',(#9339,#9340,#9341,#9342,#9343,#9344,#9345,#9346));
#1819=EDGE_LOOP('',(#9347,#9348,#9349,#9350,#9351,#9352,#9353,#9354));
#1820=EDGE_LOOP('',(#9355,#9356,#9357,#9358,#9359,#9360,#9361,#9362));
#1821=EDGE_LOOP('',(#9363,#9364,#9365,#9366,#9367,#9368,#9369,#9370));
#1822=EDGE_LOOP('',(#9371,#9372,#9373,#9374,#9375,#9376,#9377,#9378));
#1823=EDGE_LOOP('',(#9379,#9380,#9381,#9382,#9383,#9384,#9385,#9386));
#1824=EDGE_LOOP('',(#9387,#9388,#9389,#9390,#9391,#9392,#9393,#9394));
#1825=EDGE_LOOP('',(#9395,#9396,#9397,#9398,#9399,#9400,#9401,#9402));
#1826=EDGE_LOOP('',(#9403,#9404,#9405,#9406,#9407,#9408,#9409,#9410));
#1827=EDGE_LOOP('',(#9411,#9412,#9413,#9414,#9415,#9416,#9417,#9418));
#1828=EDGE_LOOP('',(#9419,#9420,#9421,#9422,#9423,#9424,#9425,#9426));
#1829=EDGE_LOOP('',(#9427,#9428,#9429,#9430,#9431,#9432,#9433,#9434));
#1830=EDGE_LOOP('',(#9435,#9436,#9437,#9438,#9439,#9440,#9441,#9442));
#1831=EDGE_LOOP('',(#9443,#9444,#9445,#9446,#9447,#9448,#9449,#9450));
#1832=EDGE_LOOP('',(#9451,#9452,#9453,#9454,#9455,#9456,#9457,#9458));
#1833=EDGE_LOOP('',(#9459,#9460,#9461,#9462,#9463,#9464,#9465,#9466));
#1834=EDGE_LOOP('',(#9467,#9468,#9469,#9470,#9471,#9472,#9473,#9474));
#1835=EDGE_LOOP('',(#9475,#9476,#9477,#9478,#9479,#9480,#9481,#9482));
#1836=EDGE_LOOP('',(#9483,#9484,#9485,#9486,#9487,#9488,#9489,#9490));
#1837=EDGE_LOOP('',(#9491,#9492,#9493,#9494,#9495,#9496,#9497,#9498));
#1838=EDGE_LOOP('',(#9499,#9500,#9501,#9502,#9503,#9504,#9505,#9506));
#1839=EDGE_LOOP('',(#9507,#9508,#9509,#9510,#9511,#9512,#9513,#9514));
#1840=EDGE_LOOP('',(#9515,#9516,#9517,#9518,#9519,#9520,#9521,#9522));
#1841=EDGE_LOOP('',(#9523,#9524,#9525,#9526,#9527,#9528,#9529,#9530));
#1842=EDGE_LOOP('',(#9531,#9532,#9533,#9534,#9535,#9536,#9537,#9538));
#1843=EDGE_LOOP('',(#9539,#9540,#9541,#9542,#9543,#9544,#9545,#9546));
#1844=EDGE_LOOP('',(#9547,#9548,#9549,#9550,#9551,#9552,#9553,#9554));
#1845=EDGE_LOOP('',(#9555,#9556,#9557,#9558,#9559,#9560,#9561,#9562));
#1846=EDGE_LOOP('',(#9563,#9564,#9565,#9566,#9567,#9568,#9569,#9570));
#1847=EDGE_LOOP('',(#9571,#9572,#9573,#9574,#9575,#9576,#9577,#9578));
#1848=EDGE_LOOP('',(#9579,#9580,#9581,#9582,#9583,#9584,#9585,#9586));
#1849=EDGE_LOOP('',(#9587,#9588,#9589,#9590,#9591,#9592,#9593,#9594));
#1850=EDGE_LOOP('',(#9595,#9596,#9597,#9598,#9599,#9600,#9601,#9602));
#1851=EDGE_LOOP('',(#9603,#9604,#9605,#9606,#9607,#9608,#9609,#9610));
#1852=EDGE_LOOP('',(#9611,#9612,#9613,#9614,#9615,#9616,#9617,#9618,#9619,
#9620,#9621,#9622,#9623,#9624,#9625,#9626,#9627,#9628,#9629,#9630,#9631,
#9632,#9633,#9634,#9635,#9636,#9637,#9638,#9639,#9640,#9641,#9642,#9643,
#9644,#9645,#9646,#9647,#9648,#9649,#9650,#9651,#9652,#9653,#9654,#9655,
#9656,#9657,#9658,#9659,#9660,#9661,#9662,#9663,#9664,#9665,#9666,#9667,
#9668));
#1853=EDGE_LOOP('',(#9669,#9670,#9671,#9672,#9673,#9674,#9675,#9676,#9677,
#9678,#9679,#9680,#9681,#9682,#9683,#9684,#9685,#9686,#9687,#9688,#9689,
#9690,#9691,#9692,#9693,#9694,#9695,#9696,#9697,#9698,#9699,#9700,#9701,
#9702,#9703,#9704,#9705,#9706,#9707,#9708,#9709,#9710,#9711,#9712,#9713,
#9714,#9715,#9716,#9717,#9718,#9719,#9720,#9721,#9722,#9723,#9724,#9725,
#9726));
#1854=EDGE_LOOP('',(#9727,#9728,#9729,#9730));
#1855=EDGE_LOOP('',(#9731,#9732,#9733,#9734));
#1856=EDGE_LOOP('',(#9735,#9736,#9737,#9738));
#1857=EDGE_LOOP('',(#9739,#9740,#9741,#9742));
#1858=EDGE_LOOP('',(#9743,#9744,#9745,#9746));
#1859=EDGE_LOOP('',(#9747,#9748,#9749,#9750));
#1860=EDGE_LOOP('',(#9751,#9752,#9753,#9754));
#1861=EDGE_LOOP('',(#9755,#9756,#9757,#9758));
#1862=EDGE_LOOP('',(#9759,#9760,#9761,#9762));
#1863=EDGE_LOOP('',(#9763,#9764,#9765,#9766));
#1864=EDGE_LOOP('',(#9767,#9768,#9769,#9770));
#1865=EDGE_LOOP('',(#9771,#9772,#9773,#9774));
#1866=EDGE_LOOP('',(#9775,#9776,#9777,#9778));
#1867=EDGE_LOOP('',(#9779,#9780,#9781,#9782));
#1868=EDGE_LOOP('',(#9783,#9784,#9785,#9786));
#1869=EDGE_LOOP('',(#9787,#9788,#9789,#9790));
#1870=EDGE_LOOP('',(#9791,#9792,#9793,#9794));
#1871=EDGE_LOOP('',(#9795,#9796,#9797,#9798));
#1872=EDGE_LOOP('',(#9799,#9800,#9801,#9802));
#1873=EDGE_LOOP('',(#9803,#9804,#9805,#9806));
#1874=EDGE_LOOP('',(#9807,#9808,#9809,#9810));
#1875=EDGE_LOOP('',(#9811,#9812,#9813,#9814));
#1876=EDGE_LOOP('',(#9815,#9816,#9817,#9818));
#1877=EDGE_LOOP('',(#9819,#9820,#9821,#9822));
#1878=EDGE_LOOP('',(#9823,#9824,#9825,#9826));
#1879=EDGE_LOOP('',(#9827,#9828,#9829,#9830));
#1880=EDGE_LOOP('',(#9831,#9832,#9833,#9834));
#1881=EDGE_LOOP('',(#9835,#9836,#9837,#9838));
#1882=EDGE_LOOP('',(#9839,#9840,#9841,#9842));
#1883=EDGE_LOOP('',(#9843,#9844,#9845,#9846));
#1884=EDGE_LOOP('',(#9847,#9848,#9849,#9850));
#1885=EDGE_LOOP('',(#9851,#9852,#9853,#9854));
#1886=EDGE_LOOP('',(#9855,#9856,#9857,#9858));
#1887=EDGE_LOOP('',(#9859,#9860,#9861,#9862));
#1888=EDGE_LOOP('',(#9863,#9864,#9865,#9866));
#1889=EDGE_LOOP('',(#9867,#9868,#9869,#9870));
#1890=EDGE_LOOP('',(#9871,#9872,#9873,#9874));
#1891=EDGE_LOOP('',(#9875,#9876,#9877,#9878));
#1892=EDGE_LOOP('',(#9879,#9880,#9881,#9882));
#1893=EDGE_LOOP('',(#9883,#9884,#9885,#9886));
#1894=EDGE_LOOP('',(#9887,#9888,#9889,#9890));
#1895=EDGE_LOOP('',(#9891,#9892,#9893,#9894));
#1896=EDGE_LOOP('',(#9895,#9896,#9897,#9898));
#1897=EDGE_LOOP('',(#9899,#9900,#9901,#9902));
#1898=EDGE_LOOP('',(#9903,#9904,#9905,#9906));
#1899=EDGE_LOOP('',(#9907,#9908,#9909,#9910));
#1900=EDGE_LOOP('',(#9911,#9912,#9913,#9914));
#1901=EDGE_LOOP('',(#9915,#9916,#9917,#9918));
#1902=EDGE_LOOP('',(#9919,#9920,#9921,#9922));
#1903=EDGE_LOOP('',(#9923,#9924,#9925,#9926));
#1904=EDGE_LOOP('',(#9927,#9928,#9929,#9930));
#1905=EDGE_LOOP('',(#9931,#9932,#9933,#9934));
#1906=EDGE_LOOP('',(#9935,#9936,#9937,#9938));
#1907=EDGE_LOOP('',(#9939,#9940,#9941,#9942));
#1908=EDGE_LOOP('',(#9943,#9944,#9945,#9946));
#1909=EDGE_LOOP('',(#9947,#9948,#9949,#9950));
#1910=EDGE_LOOP('',(#9951,#9952,#9953,#9954));
#1911=EDGE_LOOP('',(#9955,#9956,#9957,#9958));
#1912=EDGE_LOOP('',(#9959,#9960,#9961,#9962));
#1913=EDGE_LOOP('',(#9963,#9964,#9965,#9966));
#1914=EDGE_LOOP('',(#9967,#9968,#9969,#9970));
#1915=EDGE_LOOP('',(#9971,#9972,#9973,#9974));
#1916=EDGE_LOOP('',(#9975,#9976,#9977,#9978));
#1917=EDGE_LOOP('',(#9979,#9980,#9981,#9982));
#1918=EDGE_LOOP('',(#9983,#9984,#9985,#9986));
#1919=EDGE_LOOP('',(#9987,#9988,#9989,#9990));
#1920=EDGE_LOOP('',(#9991,#9992,#9993,#9994));
#1921=EDGE_LOOP('',(#9995,#9996,#9997,#9998));
#1922=EDGE_LOOP('',(#9999,#10000,#10001,#10002));
#1923=EDGE_LOOP('',(#10003,#10004,#10005,#10006));
#1924=EDGE_LOOP('',(#10007,#10008,#10009,#10010));
#1925=EDGE_LOOP('',(#10011,#10012,#10013,#10014));
#1926=EDGE_LOOP('',(#10015,#10016,#10017,#10018));
#1927=EDGE_LOOP('',(#10019,#10020,#10021,#10022));
#1928=EDGE_LOOP('',(#10023,#10024,#10025,#10026));
#1929=EDGE_LOOP('',(#10027,#10028,#10029,#10030));
#1930=EDGE_LOOP('',(#10031,#10032,#10033,#10034));
#1931=EDGE_LOOP('',(#10035,#10036,#10037,#10038));
#1932=EDGE_LOOP('',(#10039,#10040,#10041,#10042));
#1933=EDGE_LOOP('',(#10043,#10044,#10045,#10046));
#1934=EDGE_LOOP('',(#10047,#10048,#10049,#10050));
#1935=EDGE_LOOP('',(#10051,#10052,#10053,#10054));
#1936=EDGE_LOOP('',(#10055,#10056,#10057,#10058));
#1937=EDGE_LOOP('',(#10059,#10060,#10061,#10062));
#1938=EDGE_LOOP('',(#10063,#10064,#10065,#10066));
#1939=EDGE_LOOP('',(#10067,#10068,#10069,#10070));
#1940=EDGE_LOOP('',(#10071,#10072,#10073,#10074));
#1941=EDGE_LOOP('',(#10075,#10076,#10077,#10078));
#1942=EDGE_LOOP('',(#10079,#10080,#10081,#10082));
#1943=EDGE_LOOP('',(#10083,#10084,#10085,#10086));
#1944=EDGE_LOOP('',(#10087,#10088,#10089,#10090));
#1945=EDGE_LOOP('',(#10091,#10092,#10093,#10094));
#1946=EDGE_LOOP('',(#10095,#10096,#10097,#10098));
#1947=EDGE_LOOP('',(#10099,#10100,#10101,#10102));
#1948=EDGE_LOOP('',(#10103,#10104,#10105,#10106));
#1949=EDGE_LOOP('',(#10107,#10108,#10109,#10110));
#1950=EDGE_LOOP('',(#10111,#10112,#10113,#10114));
#1951=EDGE_LOOP('',(#10115,#10116,#10117,#10118));
#1952=EDGE_LOOP('',(#10119,#10120,#10121,#10122));
#1953=EDGE_LOOP('',(#10123,#10124,#10125,#10126));
#1954=EDGE_LOOP('',(#10127,#10128,#10129,#10130));
#1955=EDGE_LOOP('',(#10131,#10132,#10133,#10134));
#1956=EDGE_LOOP('',(#10135,#10136,#10137,#10138));
#1957=EDGE_LOOP('',(#10139,#10140,#10141,#10142));
#1958=EDGE_LOOP('',(#10143,#10144,#10145,#10146));
#1959=EDGE_LOOP('',(#10147,#10148,#10149,#10150));
#1960=EDGE_LOOP('',(#10151,#10152,#10153,#10154));
#1961=EDGE_LOOP('',(#10155,#10156,#10157,#10158));
#1962=EDGE_LOOP('',(#10159,#10160,#10161,#10162));
#1963=EDGE_LOOP('',(#10163,#10164,#10165,#10166));
#1964=EDGE_LOOP('',(#10167,#10168,#10169,#10170));
#1965=EDGE_LOOP('',(#10171,#10172,#10173,#10174));
#1966=EDGE_LOOP('',(#10175,#10176,#10177,#10178));
#1967=EDGE_LOOP('',(#10179,#10180,#10181,#10182));
#1968=EDGE_LOOP('',(#10183,#10184,#10185,#10186));
#1969=EDGE_LOOP('',(#10187,#10188,#10189,#10190));
#1970=EDGE_LOOP('',(#10191,#10192,#10193,#10194));
#1971=EDGE_LOOP('',(#10195,#10196,#10197,#10198));
#1972=EDGE_LOOP('',(#10199,#10200,#10201,#10202));
#1973=EDGE_LOOP('',(#10203,#10204,#10205,#10206));
#1974=EDGE_LOOP('',(#10207,#10208,#10209,#10210));
#1975=EDGE_LOOP('',(#10211,#10212,#10213,#10214));
#1976=EDGE_LOOP('',(#10215,#10216,#10217,#10218));
#1977=EDGE_LOOP('',(#10219,#10220,#10221,#10222));
#1978=EDGE_LOOP('',(#10223,#10224,#10225,#10226));
#1979=EDGE_LOOP('',(#10227,#10228,#10229,#10230));
#1980=EDGE_LOOP('',(#10231,#10232,#10233,#10234));
#1981=EDGE_LOOP('',(#10235,#10236,#10237,#10238));
#1982=EDGE_LOOP('',(#10239,#10240,#10241,#10242));
#1983=EDGE_LOOP('',(#10243,#10244,#10245,#10246));
#1984=EDGE_LOOP('',(#10247,#10248,#10249,#10250));
#1985=EDGE_LOOP('',(#10251,#10252,#10253,#10254));
#1986=EDGE_LOOP('',(#10255,#10256,#10257,#10258));
#1987=EDGE_LOOP('',(#10259,#10260,#10261,#10262));
#1988=EDGE_LOOP('',(#10263,#10264,#10265,#10266));
#1989=EDGE_LOOP('',(#10267,#10268,#10269,#10270));
#1990=EDGE_LOOP('',(#10271,#10272,#10273,#10274));
#1991=EDGE_LOOP('',(#10275,#10276,#10277,#10278));
#1992=EDGE_LOOP('',(#10279,#10280,#10281,#10282));
#1993=EDGE_LOOP('',(#10283,#10284,#10285,#10286));
#1994=EDGE_LOOP('',(#10287,#10288,#10289,#10290));
#1995=EDGE_LOOP('',(#10291,#10292,#10293,#10294));
#1996=EDGE_LOOP('',(#10295,#10296,#10297,#10298));
#1997=EDGE_LOOP('',(#10299,#10300,#10301,#10302));
#1998=EDGE_LOOP('',(#10303,#10304,#10305,#10306));
#1999=EDGE_LOOP('',(#10307,#10308,#10309,#10310));
#2000=EDGE_LOOP('',(#10311,#10312,#10313,#10314));
#2001=EDGE_LOOP('',(#10315,#10316,#10317,#10318));
#2002=EDGE_LOOP('',(#10319,#10320,#10321,#10322));
#2003=EDGE_LOOP('',(#10323,#10324,#10325,#10326));
#2004=EDGE_LOOP('',(#10327,#10328,#10329,#10330));
#2005=EDGE_LOOP('',(#10331,#10332,#10333,#10334));
#2006=EDGE_LOOP('',(#10335,#10336,#10337,#10338));
#2007=EDGE_LOOP('',(#10339,#10340,#10341,#10342));
#2008=EDGE_LOOP('',(#10343,#10344,#10345,#10346));
#2009=EDGE_LOOP('',(#10347,#10348,#10349,#10350));
#2010=EDGE_LOOP('',(#10351,#10352,#10353,#10354));
#2011=EDGE_LOOP('',(#10355,#10356,#10357,#10358));
#2012=EDGE_LOOP('',(#10359,#10360,#10361,#10362));
#2013=EDGE_LOOP('',(#10363,#10364,#10365,#10366));
#2014=EDGE_LOOP('',(#10367,#10368,#10369,#10370));
#2015=EDGE_LOOP('',(#10371,#10372,#10373,#10374));
#2016=EDGE_LOOP('',(#10375,#10376,#10377,#10378));
#2017=EDGE_LOOP('',(#10379,#10380,#10381,#10382));
#2018=EDGE_LOOP('',(#10383,#10384,#10385,#10386));
#2019=EDGE_LOOP('',(#10387,#10388,#10389,#10390));
#2020=EDGE_LOOP('',(#10391,#10392,#10393,#10394));
#2021=EDGE_LOOP('',(#10395,#10396,#10397,#10398));
#2022=EDGE_LOOP('',(#10399,#10400,#10401,#10402));
#2023=EDGE_LOOP('',(#10403,#10404,#10405,#10406));
#2024=EDGE_LOOP('',(#10407,#10408,#10409,#10410));
#2025=EDGE_LOOP('',(#10411,#10412,#10413,#10414));
#2026=EDGE_LOOP('',(#10415,#10416,#10417,#10418));
#2027=EDGE_LOOP('',(#10419,#10420,#10421,#10422));
#2028=EDGE_LOOP('',(#10423,#10424,#10425,#10426));
#2029=EDGE_LOOP('',(#10427,#10428,#10429,#10430));
#2030=EDGE_LOOP('',(#10431,#10432,#10433,#10434));
#2031=EDGE_LOOP('',(#10435,#10436,#10437,#10438));
#2032=EDGE_LOOP('',(#10439,#10440,#10441,#10442));
#2033=EDGE_LOOP('',(#10443,#10444,#10445,#10446));
#2034=EDGE_LOOP('',(#10447,#10448,#10449,#10450));
#2035=EDGE_LOOP('',(#10451,#10452,#10453,#10454));
#2036=EDGE_LOOP('',(#10455,#10456,#10457,#10458));
#2037=EDGE_LOOP('',(#10459,#10460,#10461,#10462));
#2038=EDGE_LOOP('',(#10463,#10464,#10465,#10466));
#2039=EDGE_LOOP('',(#10467,#10468,#10469,#10470));
#2040=EDGE_LOOP('',(#10471,#10472,#10473,#10474));
#2041=EDGE_LOOP('',(#10475,#10476,#10477,#10478));
#2042=EDGE_LOOP('',(#10479,#10480,#10481,#10482));
#2043=EDGE_LOOP('',(#10483,#10484,#10485,#10486));
#2044=EDGE_LOOP('',(#10487,#10488,#10489,#10490));
#2045=EDGE_LOOP('',(#10491,#10492,#10493,#10494));
#2046=EDGE_LOOP('',(#10495,#10496,#10497,#10498));
#2047=EDGE_LOOP('',(#10499,#10500,#10501,#10502));
#2048=EDGE_LOOP('',(#10503,#10504,#10505,#10506));
#2049=EDGE_LOOP('',(#10507,#10508,#10509,#10510));
#2050=EDGE_LOOP('',(#10511,#10512,#10513,#10514));
#2051=EDGE_LOOP('',(#10515,#10516,#10517,#10518));
#2052=EDGE_LOOP('',(#10519,#10520,#10521,#10522));
#2053=EDGE_LOOP('',(#10523,#10524,#10525,#10526));
#2054=EDGE_LOOP('',(#10527,#10528,#10529,#10530));
#2055=EDGE_LOOP('',(#10531,#10532,#10533,#10534));
#2056=EDGE_LOOP('',(#10535,#10536,#10537,#10538));
#2057=EDGE_LOOP('',(#10539,#10540,#10541,#10542));
#2058=EDGE_LOOP('',(#10543,#10544,#10545,#10546));
#2059=EDGE_LOOP('',(#10547,#10548,#10549,#10550));
#2060=EDGE_LOOP('',(#10551,#10552,#10553,#10554));
#2061=EDGE_LOOP('',(#10555,#10556,#10557,#10558));
#2062=EDGE_LOOP('',(#10559,#10560,#10561,#10562));
#2063=EDGE_LOOP('',(#10563,#10564,#10565,#10566));
#2064=EDGE_LOOP('',(#10567,#10568,#10569,#10570));
#2065=EDGE_LOOP('',(#10571,#10572,#10573,#10574));
#2066=EDGE_LOOP('',(#10575,#10576,#10577,#10578));
#2067=EDGE_LOOP('',(#10579,#10580,#10581,#10582));
#2068=EDGE_LOOP('',(#10583,#10584,#10585,#10586));
#2069=EDGE_LOOP('',(#10587,#10588,#10589,#10590));
#2070=EDGE_LOOP('',(#10591,#10592,#10593,#10594));
#2071=EDGE_LOOP('',(#10595,#10596,#10597,#10598));
#2072=EDGE_LOOP('',(#10599,#10600,#10601,#10602));
#2073=EDGE_LOOP('',(#10603,#10604,#10605,#10606));
#2074=EDGE_LOOP('',(#10607,#10608,#10609,#10610));
#2075=EDGE_LOOP('',(#10611,#10612,#10613,#10614));
#2076=EDGE_LOOP('',(#10615,#10616,#10617,#10618));
#2077=EDGE_LOOP('',(#10619,#10620,#10621,#10622));
#2078=EDGE_LOOP('',(#10623,#10624,#10625,#10626));
#2079=EDGE_LOOP('',(#10627,#10628,#10629,#10630));
#2080=EDGE_LOOP('',(#10631,#10632,#10633,#10634));
#2081=EDGE_LOOP('',(#10635,#10636,#10637,#10638));
#2082=EDGE_LOOP('',(#10639,#10640,#10641,#10642));
#2083=EDGE_LOOP('',(#10643,#10644,#10645,#10646));
#2084=EDGE_LOOP('',(#10647,#10648,#10649,#10650));
#2085=EDGE_LOOP('',(#10651,#10652,#10653,#10654));
#2086=EDGE_LOOP('',(#10655,#10656,#10657,#10658));
#2087=EDGE_LOOP('',(#10659,#10660,#10661,#10662));
#2088=EDGE_LOOP('',(#10663,#10664,#10665,#10666));
#2089=EDGE_LOOP('',(#10667,#10668,#10669,#10670));
#2090=EDGE_LOOP('',(#10671,#10672,#10673,#10674));
#2091=EDGE_LOOP('',(#10675,#10676,#10677,#10678));
#2092=EDGE_LOOP('',(#10679,#10680,#10681,#10682));
#2093=EDGE_LOOP('',(#10683,#10684,#10685,#10686));
#2094=EDGE_LOOP('',(#10687,#10688,#10689,#10690));
#2095=EDGE_LOOP('',(#10691,#10692,#10693,#10694));
#2096=EDGE_LOOP('',(#10695,#10696,#10697,#10698));
#2097=EDGE_LOOP('',(#10699,#10700,#10701,#10702));
#2098=EDGE_LOOP('',(#10703,#10704,#10705,#10706));
#2099=EDGE_LOOP('',(#10707,#10708,#10709,#10710));
#2100=EDGE_LOOP('',(#10711,#10712,#10713,#10714));
#2101=EDGE_LOOP('',(#10715,#10716,#10717,#10718));
#2102=EDGE_LOOP('',(#10719,#10720,#10721,#10722));
#2103=EDGE_LOOP('',(#10723,#10724,#10725,#10726));
#2104=EDGE_LOOP('',(#10727,#10728,#10729,#10730));
#2105=EDGE_LOOP('',(#10731,#10732,#10733,#10734));
#2106=EDGE_LOOP('',(#10735,#10736,#10737,#10738));
#2107=EDGE_LOOP('',(#10739,#10740,#10741,#10742));
#2108=EDGE_LOOP('',(#10743,#10744,#10745,#10746));
#2109=EDGE_LOOP('',(#10747,#10748,#10749,#10750));
#2110=EDGE_LOOP('',(#10751,#10752,#10753,#10754));
#2111=EDGE_LOOP('',(#10755,#10756,#10757,#10758));
#2112=EDGE_LOOP('',(#10759,#10760,#10761,#10762));
#2113=EDGE_LOOP('',(#10763,#10764,#10765,#10766));
#2114=EDGE_LOOP('',(#10767,#10768,#10769,#10770));
#2115=EDGE_LOOP('',(#10771,#10772,#10773,#10774));
#2116=EDGE_LOOP('',(#10775,#10776,#10777,#10778));
#2117=EDGE_LOOP('',(#10779,#10780,#10781,#10782));
#2118=EDGE_LOOP('',(#10783,#10784,#10785,#10786));
#2119=EDGE_LOOP('',(#10787,#10788,#10789,#10790));
#2120=EDGE_LOOP('',(#10791,#10792,#10793,#10794));
#2121=EDGE_LOOP('',(#10795,#10796,#10797,#10798));
#2122=EDGE_LOOP('',(#10799,#10800,#10801,#10802));
#2123=EDGE_LOOP('',(#10803,#10804,#10805,#10806));
#2124=EDGE_LOOP('',(#10807,#10808,#10809,#10810));
#2125=EDGE_LOOP('',(#10811,#10812,#10813,#10814));
#2126=EDGE_LOOP('',(#10815,#10816,#10817,#10818));
#2127=EDGE_LOOP('',(#10819,#10820,#10821,#10822));
#2128=EDGE_LOOP('',(#10823,#10824,#10825,#10826));
#2129=EDGE_LOOP('',(#10827,#10828,#10829,#10830));
#2130=EDGE_LOOP('',(#10831,#10832,#10833,#10834));
#2131=EDGE_LOOP('',(#10835,#10836,#10837,#10838));
#2132=EDGE_LOOP('',(#10839,#10840,#10841,#10842));
#2133=EDGE_LOOP('',(#10843,#10844,#10845,#10846));
#2134=EDGE_LOOP('',(#10847,#10848,#10849,#10850));
#2135=EDGE_LOOP('',(#10851,#10852,#10853,#10854));
#2136=EDGE_LOOP('',(#10855,#10856,#10857,#10858));
#2137=EDGE_LOOP('',(#10859,#10860,#10861,#10862));
#2138=EDGE_LOOP('',(#10863,#10864,#10865,#10866));
#2139=EDGE_LOOP('',(#10867,#10868,#10869,#10870));
#2140=EDGE_LOOP('',(#10871,#10872,#10873,#10874));
#2141=EDGE_LOOP('',(#10875,#10876,#10877,#10878));
#2142=EDGE_LOOP('',(#10879,#10880,#10881,#10882));
#2143=EDGE_LOOP('',(#10883,#10884,#10885,#10886));
#2144=EDGE_LOOP('',(#10887,#10888,#10889,#10890));
#2145=EDGE_LOOP('',(#10891,#10892,#10893,#10894));
#2146=EDGE_LOOP('',(#10895,#10896,#10897,#10898));
#2147=EDGE_LOOP('',(#10899,#10900,#10901,#10902));
#2148=EDGE_LOOP('',(#10903,#10904,#10905,#10906));
#2149=EDGE_LOOP('',(#10907,#10908,#10909,#10910));
#2150=EDGE_LOOP('',(#10911,#10912,#10913,#10914));
#2151=EDGE_LOOP('',(#10915,#10916,#10917,#10918));
#2152=EDGE_LOOP('',(#10919,#10920,#10921,#10922));
#2153=EDGE_LOOP('',(#10923,#10924,#10925,#10926));
#2154=EDGE_LOOP('',(#10927,#10928,#10929,#10930));
#2155=EDGE_LOOP('',(#10931,#10932,#10933,#10934));
#2156=EDGE_LOOP('',(#10935,#10936,#10937,#10938));
#2157=EDGE_LOOP('',(#10939,#10940,#10941,#10942));
#2158=EDGE_LOOP('',(#10943,#10944,#10945,#10946));
#2159=EDGE_LOOP('',(#10947,#10948,#10949,#10950));
#2160=EDGE_LOOP('',(#10951,#10952,#10953,#10954));
#2161=EDGE_LOOP('',(#10955,#10956,#10957,#10958));
#2162=EDGE_LOOP('',(#10959,#10960,#10961,#10962));
#2163=EDGE_LOOP('',(#10963,#10964,#10965,#10966));
#2164=EDGE_LOOP('',(#10967,#10968,#10969,#10970));
#2165=EDGE_LOOP('',(#10971,#10972,#10973,#10974));
#2166=EDGE_LOOP('',(#10975,#10976,#10977,#10978));
#2167=EDGE_LOOP('',(#10979,#10980,#10981,#10982));
#2168=EDGE_LOOP('',(#10983,#10984,#10985,#10986));
#2169=EDGE_LOOP('',(#10987,#10988,#10989,#10990));
#2170=EDGE_LOOP('',(#10991,#10992,#10993,#10994));
#2171=EDGE_LOOP('',(#10995,#10996,#10997,#10998));
#2172=EDGE_LOOP('',(#10999,#11000,#11001,#11002));
#2173=EDGE_LOOP('',(#11003,#11004,#11005,#11006));
#2174=EDGE_LOOP('',(#11007,#11008,#11009,#11010));
#2175=EDGE_LOOP('',(#11011,#11012,#11013,#11014));
#2176=EDGE_LOOP('',(#11015,#11016,#11017,#11018));
#2177=EDGE_LOOP('',(#11019,#11020,#11021,#11022));
#2178=EDGE_LOOP('',(#11023,#11024,#11025,#11026));
#2179=EDGE_LOOP('',(#11027,#11028,#11029,#11030));
#2180=EDGE_LOOP('',(#11031,#11032,#11033,#11034));
#2181=EDGE_LOOP('',(#11035,#11036,#11037,#11038));
#2182=EDGE_LOOP('',(#11039,#11040,#11041,#11042));
#2183=EDGE_LOOP('',(#11043,#11044,#11045,#11046));
#2184=EDGE_LOOP('',(#11047,#11048,#11049,#11050));
#2185=EDGE_LOOP('',(#11051,#11052,#11053,#11054));
#2186=EDGE_LOOP('',(#11055,#11056,#11057,#11058));
#2187=EDGE_LOOP('',(#11059,#11060,#11061,#11062));
#2188=EDGE_LOOP('',(#11063,#11064,#11065,#11066));
#2189=EDGE_LOOP('',(#11067,#11068,#11069,#11070));
#2190=EDGE_LOOP('',(#11071,#11072,#11073,#11074));
#2191=EDGE_LOOP('',(#11075,#11076,#11077,#11078));
#2192=EDGE_LOOP('',(#11079,#11080,#11081,#11082));
#2193=EDGE_LOOP('',(#11083,#11084,#11085,#11086));
#2194=EDGE_LOOP('',(#11087,#11088,#11089,#11090));
#2195=EDGE_LOOP('',(#11091,#11092,#11093,#11094));
#2196=EDGE_LOOP('',(#11095,#11096,#11097,#11098));
#2197=EDGE_LOOP('',(#11099,#11100,#11101,#11102));
#2198=EDGE_LOOP('',(#11103,#11104,#11105,#11106));
#2199=EDGE_LOOP('',(#11107,#11108,#11109,#11110));
#2200=EDGE_LOOP('',(#11111,#11112,#11113,#11114));
#2201=EDGE_LOOP('',(#11115,#11116,#11117,#11118));
#2202=EDGE_LOOP('',(#11119,#11120,#11121,#11122));
#2203=EDGE_LOOP('',(#11123,#11124,#11125,#11126));
#2204=EDGE_LOOP('',(#11127,#11128,#11129,#11130));
#2205=EDGE_LOOP('',(#11131,#11132,#11133,#11134));
#2206=EDGE_LOOP('',(#11135,#11136,#11137,#11138));
#2207=EDGE_LOOP('',(#11139,#11140,#11141,#11142));
#2208=EDGE_LOOP('',(#11143,#11144,#11145,#11146));
#2209=EDGE_LOOP('',(#11147,#11148,#11149,#11150));
#2210=EDGE_LOOP('',(#11151,#11152,#11153,#11154));
#2211=EDGE_LOOP('',(#11155,#11156,#11157,#11158));
#2212=EDGE_LOOP('',(#11159,#11160,#11161,#11162));
#2213=EDGE_LOOP('',(#11163,#11164,#11165,#11166));
#2214=EDGE_LOOP('',(#11167,#11168,#11169,#11170));
#2215=EDGE_LOOP('',(#11171,#11172,#11173,#11174));
#2216=EDGE_LOOP('',(#11175,#11176,#11177,#11178));
#2217=EDGE_LOOP('',(#11179,#11180,#11181,#11182));
#2218=EDGE_LOOP('',(#11183,#11184,#11185,#11186));
#2219=EDGE_LOOP('',(#11187,#11188,#11189,#11190));
#2220=EDGE_LOOP('',(#11191,#11192,#11193,#11194));
#2221=EDGE_LOOP('',(#11195,#11196,#11197,#11198));
#2222=EDGE_LOOP('',(#11199,#11200,#11201,#11202));
#2223=EDGE_LOOP('',(#11203,#11204,#11205,#11206));
#2224=EDGE_LOOP('',(#11207,#11208,#11209,#11210));
#2225=EDGE_LOOP('',(#11211,#11212,#11213,#11214));
#2226=EDGE_LOOP('',(#11215,#11216,#11217,#11218));
#2227=EDGE_LOOP('',(#11219,#11220,#11221,#11222));
#2228=EDGE_LOOP('',(#11223,#11224,#11225,#11226));
#2229=EDGE_LOOP('',(#11227,#11228,#11229,#11230));
#2230=EDGE_LOOP('',(#11231,#11232,#11233,#11234));
#2231=EDGE_LOOP('',(#11235,#11236,#11237,#11238));
#2232=EDGE_LOOP('',(#11239,#11240,#11241,#11242));
#2233=EDGE_LOOP('',(#11243,#11244,#11245,#11246));
#2234=EDGE_LOOP('',(#11247,#11248,#11249,#11250));
#2235=EDGE_LOOP('',(#11251,#11252,#11253,#11254));
#2236=EDGE_LOOP('',(#11255,#11256,#11257,#11258));
#2237=EDGE_LOOP('',(#11259,#11260,#11261,#11262));
#2238=EDGE_LOOP('',(#11263,#11264,#11265,#11266));
#2239=EDGE_LOOP('',(#11267,#11268,#11269,#11270));
#2240=EDGE_LOOP('',(#11271,#11272,#11273,#11274));
#2241=EDGE_LOOP('',(#11275,#11276,#11277,#11278));
#2242=EDGE_LOOP('',(#11279,#11280,#11281,#11282));
#2243=EDGE_LOOP('',(#11283,#11284,#11285,#11286));
#2244=EDGE_LOOP('',(#11287,#11288,#11289,#11290));
#2245=EDGE_LOOP('',(#11291,#11292,#11293,#11294));
#2246=EDGE_LOOP('',(#11295,#11296,#11297,#11298));
#2247=EDGE_LOOP('',(#11299,#11300,#11301,#11302));
#2248=EDGE_LOOP('',(#11303,#11304,#11305,#11306));
#2249=EDGE_LOOP('',(#11307,#11308,#11309,#11310));
#2250=EDGE_LOOP('',(#11311,#11312,#11313,#11314));
#2251=EDGE_LOOP('',(#11315,#11316,#11317,#11318));
#2252=EDGE_LOOP('',(#11319,#11320,#11321,#11322));
#2253=EDGE_LOOP('',(#11323,#11324,#11325,#11326));
#2254=EDGE_LOOP('',(#11327,#11328,#11329,#11330));
#2255=EDGE_LOOP('',(#11331,#11332,#11333,#11334));
#2256=EDGE_LOOP('',(#11335,#11336,#11337,#11338));
#2257=EDGE_LOOP('',(#11339,#11340,#11341,#11342));
#2258=EDGE_LOOP('',(#11343,#11344,#11345,#11346));
#2259=EDGE_LOOP('',(#11347,#11348,#11349,#11350));
#2260=EDGE_LOOP('',(#11351,#11352,#11353,#11354));
#2261=EDGE_LOOP('',(#11355,#11356,#11357,#11358));
#2262=EDGE_LOOP('',(#11359,#11360,#11361,#11362));
#2263=EDGE_LOOP('',(#11363,#11364,#11365,#11366));
#2264=EDGE_LOOP('',(#11367,#11368,#11369,#11370));
#2265=EDGE_LOOP('',(#11371,#11372,#11373,#11374));
#2266=EDGE_LOOP('',(#11375,#11376,#11377,#11378));
#2267=EDGE_LOOP('',(#11379,#11380,#11381,#11382));
#2268=EDGE_LOOP('',(#11383,#11384,#11385,#11386));
#2269=EDGE_LOOP('',(#11387,#11388,#11389,#11390));
#2270=EDGE_LOOP('',(#11391,#11392,#11393,#11394));
#2271=EDGE_LOOP('',(#11395,#11396,#11397,#11398));
#2272=EDGE_LOOP('',(#11399,#11400,#11401,#11402));
#2273=EDGE_LOOP('',(#11403,#11404,#11405,#11406));
#2274=EDGE_LOOP('',(#11407,#11408,#11409,#11410));
#2275=EDGE_LOOP('',(#11411,#11412,#11413,#11414));
#2276=EDGE_LOOP('',(#11415,#11416,#11417,#11418));
#2277=EDGE_LOOP('',(#11419,#11420,#11421,#11422));
#2278=EDGE_LOOP('',(#11423,#11424,#11425,#11426));
#2279=EDGE_LOOP('',(#11427,#11428,#11429,#11430));
#2280=EDGE_LOOP('',(#11431,#11432,#11433,#11434));
#2281=EDGE_LOOP('',(#11435,#11436,#11437,#11438));
#2282=EDGE_LOOP('',(#11439,#11440,#11441,#11442));
#2283=EDGE_LOOP('',(#11443,#11444,#11445,#11446));
#2284=EDGE_LOOP('',(#11447,#11448,#11449,#11450));
#2285=EDGE_LOOP('',(#11451,#11452,#11453,#11454));
#2286=EDGE_LOOP('',(#11455,#11456,#11457,#11458));
#2287=EDGE_LOOP('',(#11459,#11460,#11461,#11462));
#2288=EDGE_LOOP('',(#11463,#11464,#11465,#11466));
#2289=EDGE_LOOP('',(#11467,#11468,#11469,#11470));
#2290=EDGE_LOOP('',(#11471,#11472,#11473,#11474));
#2291=EDGE_LOOP('',(#11475,#11476,#11477,#11478));
#2292=EDGE_LOOP('',(#11479,#11480,#11481,#11482));
#2293=EDGE_LOOP('',(#11483,#11484,#11485,#11486));
#2294=EDGE_LOOP('',(#11487,#11488,#11489,#11490));
#2295=EDGE_LOOP('',(#11491,#11492,#11493,#11494));
#2296=EDGE_LOOP('',(#11495,#11496,#11497,#11498));
#2297=EDGE_LOOP('',(#11499,#11500,#11501,#11502));
#2298=EDGE_LOOP('',(#11503,#11504,#11505,#11506));
#2299=EDGE_LOOP('',(#11507,#11508,#11509,#11510));
#2300=EDGE_LOOP('',(#11511,#11512,#11513,#11514));
#2301=EDGE_LOOP('',(#11515,#11516,#11517,#11518));
#2302=EDGE_LOOP('',(#11519,#11520,#11521,#11522));
#2303=EDGE_LOOP('',(#11523,#11524,#11525,#11526));
#2304=EDGE_LOOP('',(#11527,#11528,#11529,#11530));
#2305=EDGE_LOOP('',(#11531,#11532,#11533,#11534));
#2306=EDGE_LOOP('',(#11535,#11536,#11537,#11538));
#2307=EDGE_LOOP('',(#11539,#11540,#11541,#11542));
#2308=EDGE_LOOP('',(#11543,#11544,#11545,#11546));
#2309=EDGE_LOOP('',(#11547,#11548,#11549,#11550));
#2310=EDGE_LOOP('',(#11551,#11552,#11553,#11554));
#2311=EDGE_LOOP('',(#11555,#11556,#11557,#11558));
#2312=EDGE_LOOP('',(#11559,#11560,#11561,#11562));
#2313=EDGE_LOOP('',(#11563,#11564,#11565,#11566));
#2314=EDGE_LOOP('',(#11567,#11568,#11569,#11570));
#2315=EDGE_LOOP('',(#11571,#11572,#11573,#11574));
#2316=EDGE_LOOP('',(#11575,#11576,#11577,#11578));
#2317=EDGE_LOOP('',(#11579,#11580,#11581,#11582));
#2318=EDGE_LOOP('',(#11583,#11584,#11585,#11586));
#2319=EDGE_LOOP('',(#11587,#11588,#11589,#11590));
#2320=EDGE_LOOP('',(#11591,#11592,#11593,#11594));
#2321=EDGE_LOOP('',(#11595,#11596,#11597,#11598));
#2322=EDGE_LOOP('',(#11599,#11600,#11601,#11602));
#2323=EDGE_LOOP('',(#11603,#11604,#11605,#11606));
#2324=EDGE_LOOP('',(#11607,#11608,#11609,#11610));
#2325=EDGE_LOOP('',(#11611,#11612,#11613,#11614));
#2326=EDGE_LOOP('',(#11615,#11616,#11617,#11618));
#2327=EDGE_LOOP('',(#11619,#11620,#11621,#11622));
#2328=EDGE_LOOP('',(#11623,#11624,#11625,#11626));
#2329=EDGE_LOOP('',(#11627,#11628,#11629,#11630));
#2330=EDGE_LOOP('',(#11631,#11632,#11633,#11634));
#2331=LINE('',#17514,#3595);
#2332=LINE('',#17516,#3596);
#2333=LINE('',#17518,#3597);
#2334=LINE('',#17519,#3598);
#2335=LINE('',#17523,#3599);
#2336=LINE('',#17525,#3600);
#2337=LINE('',#17527,#3601);
#2338=LINE('',#17528,#3602);
#2339=LINE('',#17532,#3603);
#2340=LINE('',#17534,#3604);
#2341=LINE('',#17536,#3605);
#2342=LINE('',#17537,#3606);
#2343=LINE('',#17541,#3607);
#2344=LINE('',#17543,#3608);
#2345=LINE('',#17545,#3609);
#2346=LINE('',#17546,#3610);
#2347=LINE('',#17550,#3611);
#2348=LINE('',#17552,#3612);
#2349=LINE('',#17554,#3613);
#2350=LINE('',#17555,#3614);
#2351=LINE('',#17559,#3615);
#2352=LINE('',#17561,#3616);
#2353=LINE('',#17563,#3617);
#2354=LINE('',#17564,#3618);
#2355=LINE('',#17568,#3619);
#2356=LINE('',#17570,#3620);
#2357=LINE('',#17572,#3621);
#2358=LINE('',#17573,#3622);
#2359=LINE('',#17577,#3623);
#2360=LINE('',#17579,#3624);
#2361=LINE('',#17581,#3625);
#2362=LINE('',#17582,#3626);
#2363=LINE('',#17586,#3627);
#2364=LINE('',#17590,#3628);
#2365=LINE('',#17594,#3629);
#2366=LINE('',#17598,#3630);
#2367=LINE('',#17602,#3631);
#2368=LINE('',#17606,#3632);
#2369=LINE('',#17610,#3633);
#2370=LINE('',#17614,#3634);
#2371=LINE('',#17618,#3635);
#2372=LINE('',#17622,#3636);
#2373=LINE('',#17626,#3637);
#2374=LINE('',#17630,#3638);
#2375=LINE('',#17634,#3639);
#2376=LINE('',#17638,#3640);
#2377=LINE('',#17642,#3641);
#2378=LINE('',#17646,#3642);
#2379=LINE('',#17650,#3643);
#2380=LINE('',#17654,#3644);
#2381=LINE('',#17658,#3645);
#2382=LINE('',#17662,#3646);
#2383=LINE('',#17668,#3647);
#2384=LINE('',#17670,#3648);
#2385=LINE('',#17674,#3649);
#2386=LINE('',#17676,#3650);
#2387=LINE('',#17680,#3651);
#2388=LINE('',#17683,#3652);
#2389=LINE('',#17685,#3653);
#2390=LINE('',#17689,#3654);
#2391=LINE('',#17692,#3655);
#2392=LINE('',#17694,#3656);
#2393=LINE('',#17698,#3657);
#2394=LINE('',#17702,#3658);
#2395=LINE('',#17704,#3659);
#2396=LINE('',#17708,#3660);
#2397=LINE('',#17710,#3661);
#2398=LINE('',#17714,#3662);
#2399=LINE('',#17718,#3663);
#2400=LINE('',#17722,#3664);
#2401=LINE('',#17726,#3665);
#2402=LINE('',#17730,#3666);
#2403=LINE('',#17734,#3667);
#2404=LINE('',#17735,#3668);
#2405=LINE('',#17737,#3669);
#2406=LINE('',#17741,#3670);
#2407=LINE('',#17744,#3671);
#2408=LINE('',#17746,#3672);
#2409=LINE('',#17748,#3673);
#2410=LINE('',#17752,#3674);
#2411=LINE('',#17756,#3675);
#2412=LINE('',#17760,#3676);
#2413=LINE('',#17764,#3677);
#2414=LINE('',#17767,#3678);
#2415=LINE('',#17770,#3679);
#2416=LINE('',#17774,#3680);
#2417=LINE('',#17778,#3681);
#2418=LINE('',#17782,#3682);
#2419=LINE('',#17786,#3683);
#2420=LINE('',#17790,#3684);
#2421=LINE('',#17794,#3685);
#2422=LINE('',#17798,#3686);
#2423=LINE('',#17802,#3687);
#2424=LINE('',#17806,#3688);
#2425=LINE('',#17810,#3689);
#2426=LINE('',#17814,#3690);
#2427=LINE('',#17818,#3691);
#2428=LINE('',#17822,#3692);
#2429=LINE('',#17826,#3693);
#2430=LINE('',#17830,#3694);
#2431=LINE('',#17834,#3695);
#2432=LINE('',#17838,#3696);
#2433=LINE('',#17842,#3697);
#2434=LINE('',#17846,#3698);
#2435=LINE('',#17850,#3699);
#2436=LINE('',#17854,#3700);
#2437=LINE('',#17858,#3701);
#2438=LINE('',#17862,#3702);
#2439=LINE('',#17866,#3703);
#2440=LINE('',#17870,#3704);
#2441=LINE('',#17874,#3705);
#2442=LINE('',#17878,#3706);
#2443=LINE('',#17882,#3707);
#2444=LINE('',#17886,#3708);
#2445=LINE('',#17890,#3709);
#2446=LINE('',#17894,#3710);
#2447=LINE('',#17898,#3711);
#2448=LINE('',#17902,#3712);
#2449=LINE('',#17906,#3713);
#2450=LINE('',#17910,#3714);
#2451=LINE('',#17914,#3715);
#2452=LINE('',#17918,#3716);
#2453=LINE('',#17922,#3717);
#2454=LINE('',#17926,#3718);
#2455=LINE('',#17930,#3719);
#2456=LINE('',#17934,#3720);
#2457=LINE('',#17938,#3721);
#2458=LINE('',#17942,#3722);
#2459=LINE('',#17946,#3723);
#2460=LINE('',#17950,#3724);
#2461=LINE('',#17954,#3725);
#2462=LINE('',#17958,#3726);
#2463=LINE('',#17962,#3727);
#2464=LINE('',#17966,#3728);
#2465=LINE('',#17970,#3729);
#2466=LINE('',#17974,#3730);
#2467=LINE('',#17978,#3731);
#2468=LINE('',#17982,#3732);
#2469=LINE('',#17986,#3733);
#2470=LINE('',#17990,#3734);
#2471=LINE('',#17996,#3735);
#2472=LINE('',#18000,#3736);
#2473=LINE('',#18004,#3737);
#2474=LINE('',#18008,#3738);
#2475=LINE('',#18012,#3739);
#2476=LINE('',#18016,#3740);
#2477=LINE('',#18017,#3741);
#2478=LINE('',#18019,#3742);
#2479=LINE('',#18023,#3743);
#2480=LINE('',#18026,#3744);
#2481=LINE('',#18028,#3745);
#2482=LINE('',#18030,#3746);
#2483=LINE('',#18034,#3747);
#2484=LINE('',#18038,#3748);
#2485=LINE('',#18042,#3749);
#2486=LINE('',#18046,#3750);
#2487=LINE('',#18050,#3751);
#2488=LINE('',#18054,#3752);
#2489=LINE('',#18056,#3753);
#2490=LINE('',#18060,#3754);
#2491=LINE('',#18062,#3755);
#2492=LINE('',#18066,#3756);
#2493=LINE('',#18069,#3757);
#2494=LINE('',#18071,#3758);
#2495=LINE('',#18075,#3759);
#2496=LINE('',#18078,#3760);
#2497=LINE('',#18080,#3761);
#2498=LINE('',#18084,#3762);
#2499=LINE('',#18088,#3763);
#2500=LINE('',#18090,#3764);
#2501=LINE('',#18094,#3765);
#2502=LINE('',#18095,#3766);
#2503=LINE('',#18098,#3767);
#2504=LINE('',#18101,#3768);
#2505=LINE('',#18104,#3769);
#2506=LINE('',#18105,#3770);
#2507=LINE('',#18109,#3771);
#2508=LINE('',#18112,#3772);
#2509=LINE('',#18113,#3773);
#2510=LINE('',#18117,#3774);
#2511=LINE('',#18120,#3775);
#2512=LINE('',#18121,#3776);
#2513=LINE('',#18125,#3777);
#2514=LINE('',#18128,#3778);
#2515=LINE('',#18129,#3779);
#2516=LINE('',#18133,#3780);
#2517=LINE('',#18136,#3781);
#2518=LINE('',#18137,#3782);
#2519=LINE('',#18141,#3783);
#2520=LINE('',#18144,#3784);
#2521=LINE('',#18145,#3785);
#2522=LINE('',#18149,#3786);
#2523=LINE('',#18152,#3787);
#2524=LINE('',#18153,#3788);
#2525=LINE('',#18157,#3789);
#2526=LINE('',#18160,#3790);
#2527=LINE('',#18161,#3791);
#2528=LINE('',#18165,#3792);
#2529=LINE('',#18168,#3793);
#2530=LINE('',#18169,#3794);
#2531=LINE('',#18173,#3795);
#2532=LINE('',#18176,#3796);
#2533=LINE('',#18177,#3797);
#2534=LINE('',#18181,#3798);
#2535=LINE('',#18184,#3799);
#2536=LINE('',#18185,#3800);
#2537=LINE('',#18189,#3801);
#2538=LINE('',#18192,#3802);
#2539=LINE('',#18193,#3803);
#2540=LINE('',#18197,#3804);
#2541=LINE('',#18200,#3805);
#2542=LINE('',#18201,#3806);
#2543=LINE('',#18205,#3807);
#2544=LINE('',#18208,#3808);
#2545=LINE('',#18209,#3809);
#2546=LINE('',#18213,#3810);
#2547=LINE('',#18216,#3811);
#2548=LINE('',#18217,#3812);
#2549=LINE('',#18221,#3813);
#2550=LINE('',#18224,#3814);
#2551=LINE('',#18225,#3815);
#2552=LINE('',#18229,#3816);
#2553=LINE('',#18232,#3817);
#2554=LINE('',#18233,#3818);
#2555=LINE('',#18237,#3819);
#2556=LINE('',#18240,#3820);
#2557=LINE('',#18241,#3821);
#2558=LINE('',#18245,#3822);
#2559=LINE('',#18248,#3823);
#2560=LINE('',#18249,#3824);
#2561=LINE('',#18253,#3825);
#2562=LINE('',#18255,#3826);
#2563=LINE('',#18261,#3827);
#2564=LINE('',#18264,#3828);
#2565=LINE('',#18267,#3829);
#2566=LINE('',#18269,#3830);
#2567=LINE('',#18270,#3831);
#2568=LINE('',#18276,#3832);
#2569=LINE('',#18279,#3833);
#2570=LINE('',#18281,#3834);
#2571=LINE('',#18282,#3835);
#2572=LINE('',#18288,#3836);
#2573=LINE('',#18291,#3837);
#2574=LINE('',#18293,#3838);
#2575=LINE('',#18294,#3839);
#2576=LINE('',#18300,#3840);
#2577=LINE('',#18302,#3841);
#2578=LINE('',#18303,#3842);
#2579=LINE('',#18309,#3843);
#2580=LINE('',#18312,#3844);
#2581=LINE('',#18315,#3845);
#2582=LINE('',#18317,#3846);
#2583=LINE('',#18318,#3847);
#2584=LINE('',#18324,#3848);
#2585=LINE('',#18327,#3849);
#2586=LINE('',#18329,#3850);
#2587=LINE('',#18330,#3851);
#2588=LINE('',#18336,#3852);
#2589=LINE('',#18339,#3853);
#2590=LINE('',#18341,#3854);
#2591=LINE('',#18342,#3855);
#2592=LINE('',#18348,#3856);
#2593=LINE('',#18350,#3857);
#2594=LINE('',#18351,#3858);
#2595=LINE('',#18357,#3859);
#2596=LINE('',#18360,#3860);
#2597=LINE('',#18363,#3861);
#2598=LINE('',#18365,#3862);
#2599=LINE('',#18366,#3863);
#2600=LINE('',#18372,#3864);
#2601=LINE('',#18375,#3865);
#2602=LINE('',#18377,#3866);
#2603=LINE('',#18378,#3867);
#2604=LINE('',#18384,#3868);
#2605=LINE('',#18387,#3869);
#2606=LINE('',#18389,#3870);
#2607=LINE('',#18390,#3871);
#2608=LINE('',#18396,#3872);
#2609=LINE('',#18398,#3873);
#2610=LINE('',#18399,#3874);
#2611=LINE('',#18405,#3875);
#2612=LINE('',#18408,#3876);
#2613=LINE('',#18411,#3877);
#2614=LINE('',#18413,#3878);
#2615=LINE('',#18414,#3879);
#2616=LINE('',#18420,#3880);
#2617=LINE('',#18423,#3881);
#2618=LINE('',#18425,#3882);
#2619=LINE('',#18426,#3883);
#2620=LINE('',#18432,#3884);
#2621=LINE('',#18435,#3885);
#2622=LINE('',#18437,#3886);
#2623=LINE('',#18438,#3887);
#2624=LINE('',#18444,#3888);
#2625=LINE('',#18446,#3889);
#2626=LINE('',#18447,#3890);
#2627=LINE('',#18453,#3891);
#2628=LINE('',#18456,#3892);
#2629=LINE('',#18459,#3893);
#2630=LINE('',#18461,#3894);
#2631=LINE('',#18462,#3895);
#2632=LINE('',#18468,#3896);
#2633=LINE('',#18471,#3897);
#2634=LINE('',#18473,#3898);
#2635=LINE('',#18474,#3899);
#2636=LINE('',#18480,#3900);
#2637=LINE('',#18483,#3901);
#2638=LINE('',#18485,#3902);
#2639=LINE('',#18486,#3903);
#2640=LINE('',#18492,#3904);
#2641=LINE('',#18494,#3905);
#2642=LINE('',#18495,#3906);
#2643=LINE('',#18501,#3907);
#2644=LINE('',#18504,#3908);
#2645=LINE('',#18507,#3909);
#2646=LINE('',#18509,#3910);
#2647=LINE('',#18510,#3911);
#2648=LINE('',#18516,#3912);
#2649=LINE('',#18519,#3913);
#2650=LINE('',#18521,#3914);
#2651=LINE('',#18522,#3915);
#2652=LINE('',#18528,#3916);
#2653=LINE('',#18531,#3917);
#2654=LINE('',#18533,#3918);
#2655=LINE('',#18534,#3919);
#2656=LINE('',#18540,#3920);
#2657=LINE('',#18542,#3921);
#2658=LINE('',#18543,#3922);
#2659=LINE('',#18549,#3923);
#2660=LINE('',#18552,#3924);
#2661=LINE('',#18555,#3925);
#2662=LINE('',#18557,#3926);
#2663=LINE('',#18558,#3927);
#2664=LINE('',#18564,#3928);
#2665=LINE('',#18567,#3929);
#2666=LINE('',#18569,#3930);
#2667=LINE('',#18570,#3931);
#2668=LINE('',#18576,#3932);
#2669=LINE('',#18579,#3933);
#2670=LINE('',#18581,#3934);
#2671=LINE('',#18582,#3935);
#2672=LINE('',#18588,#3936);
#2673=LINE('',#18590,#3937);
#2674=LINE('',#18591,#3938);
#2675=LINE('',#18597,#3939);
#2676=LINE('',#18600,#3940);
#2677=LINE('',#18603,#3941);
#2678=LINE('',#18605,#3942);
#2679=LINE('',#18606,#3943);
#2680=LINE('',#18612,#3944);
#2681=LINE('',#18615,#3945);
#2682=LINE('',#18617,#3946);
#2683=LINE('',#18618,#3947);
#2684=LINE('',#18624,#3948);
#2685=LINE('',#18627,#3949);
#2686=LINE('',#18629,#3950);
#2687=LINE('',#18630,#3951);
#2688=LINE('',#18636,#3952);
#2689=LINE('',#18638,#3953);
#2690=LINE('',#18639,#3954);
#2691=LINE('',#18643,#3955);
#2692=LINE('',#18645,#3956);
#2693=LINE('',#18647,#3957);
#2694=LINE('',#18648,#3958);
#2695=LINE('',#18652,#3959);
#2696=LINE('',#18656,#3960);
#2697=LINE('',#18660,#3961);
#2698=LINE('',#18664,#3962);
#2699=LINE('',#18665,#3963);
#2700=LINE('',#18667,#3964);
#2701=LINE('',#18672,#3965);
#2702=LINE('',#18676,#3966);
#2703=LINE('',#18680,#3967);
#2704=LINE('',#18684,#3968);
#2705=LINE('',#18689,#3969);
#2706=LINE('',#18693,#3970);
#2707=LINE('',#18697,#3971);
#2708=LINE('',#18701,#3972);
#2709=LINE('',#18706,#3973);
#2710=LINE('',#18710,#3974);
#2711=LINE('',#18714,#3975);
#2712=LINE('',#18718,#3976);
#2713=LINE('',#18722,#3977);
#2714=LINE('',#18726,#3978);
#2715=LINE('',#18730,#3979);
#2716=LINE('',#18734,#3980);
#2717=LINE('',#18738,#3981);
#2718=LINE('',#18742,#3982);
#2719=LINE('',#18746,#3983);
#2720=LINE('',#18750,#3984);
#2721=LINE('',#18754,#3985);
#2722=LINE('',#18758,#3986);
#2723=LINE('',#18762,#3987);
#2724=LINE('',#18766,#3988);
#2725=LINE('',#18771,#3989);
#2726=LINE('',#18775,#3990);
#2727=LINE('',#18779,#3991);
#2728=LINE('',#18783,#3992);
#2729=LINE('',#18787,#3993);
#2730=LINE('',#18791,#3994);
#2731=LINE('',#18795,#3995);
#2732=LINE('',#18799,#3996);
#2733=LINE('',#18803,#3997);
#2734=LINE('',#18807,#3998);
#2735=LINE('',#18811,#3999);
#2736=LINE('',#18815,#4000);
#2737=LINE('',#18819,#4001);
#2738=LINE('',#18823,#4002);
#2739=LINE('',#18827,#4003);
#2740=LINE('',#18831,#4004);
#2741=LINE('',#18836,#4005);
#2742=LINE('',#18840,#4006);
#2743=LINE('',#18844,#4007);
#2744=LINE('',#18848,#4008);
#2745=LINE('',#18852,#4009);
#2746=LINE('',#18856,#4010);
#2747=LINE('',#18860,#4011);
#2748=LINE('',#18864,#4012);
#2749=LINE('',#18868,#4013);
#2750=LINE('',#18872,#4014);
#2751=LINE('',#18876,#4015);
#2752=LINE('',#18880,#4016);
#2753=LINE('',#18884,#4017);
#2754=LINE('',#18888,#4018);
#2755=LINE('',#18892,#4019);
#2756=LINE('',#18896,#4020);
#2757=LINE('',#18901,#4021);
#2758=LINE('',#18905,#4022);
#2759=LINE('',#18909,#4023);
#2760=LINE('',#18913,#4024);
#2761=LINE('',#18917,#4025);
#2762=LINE('',#18921,#4026);
#2763=LINE('',#18925,#4027);
#2764=LINE('',#18929,#4028);
#2765=LINE('',#18933,#4029);
#2766=LINE('',#18937,#4030);
#2767=LINE('',#18941,#4031);
#2768=LINE('',#18945,#4032);
#2769=LINE('',#18949,#4033);
#2770=LINE('',#18953,#4034);
#2771=LINE('',#18957,#4035);
#2772=LINE('',#18961,#4036);
#2773=LINE('',#18966,#4037);
#2774=LINE('',#18970,#4038);
#2775=LINE('',#18974,#4039);
#2776=LINE('',#18978,#4040);
#2777=LINE('',#18982,#4041);
#2778=LINE('',#18986,#4042);
#2779=LINE('',#18990,#4043);
#2780=LINE('',#18994,#4044);
#2781=LINE('',#18998,#4045);
#2782=LINE('',#19002,#4046);
#2783=LINE('',#19006,#4047);
#2784=LINE('',#19010,#4048);
#2785=LINE('',#19014,#4049);
#2786=LINE('',#19018,#4050);
#2787=LINE('',#19022,#4051);
#2788=LINE('',#19026,#4052);
#2789=LINE('',#19031,#4053);
#2790=LINE('',#19035,#4054);
#2791=LINE('',#19039,#4055);
#2792=LINE('',#19043,#4056);
#2793=LINE('',#19047,#4057);
#2794=LINE('',#19051,#4058);
#2795=LINE('',#19055,#4059);
#2796=LINE('',#19059,#4060);
#2797=LINE('',#19063,#4061);
#2798=LINE('',#19067,#4062);
#2799=LINE('',#19071,#4063);
#2800=LINE('',#19075,#4064);
#2801=LINE('',#19079,#4065);
#2802=LINE('',#19083,#4066);
#2803=LINE('',#19087,#4067);
#2804=LINE('',#19091,#4068);
#2805=LINE('',#19096,#4069);
#2806=LINE('',#19100,#4070);
#2807=LINE('',#19104,#4071);
#2808=LINE('',#19108,#4072);
#2809=LINE('',#19112,#4073);
#2810=LINE('',#19116,#4074);
#2811=LINE('',#19120,#4075);
#2812=LINE('',#19124,#4076);
#2813=LINE('',#19129,#4077);
#2814=LINE('',#19133,#4078);
#2815=LINE('',#19137,#4079);
#2816=LINE('',#19141,#4080);
#2817=LINE('',#19145,#4081);
#2818=LINE('',#19149,#4082);
#2819=LINE('',#19153,#4083);
#2820=LINE('',#19157,#4084);
#2821=LINE('',#19162,#4085);
#2822=LINE('',#19166,#4086);
#2823=LINE('',#19170,#4087);
#2824=LINE('',#19174,#4088);
#2825=LINE('',#19178,#4089);
#2826=LINE('',#19182,#4090);
#2827=LINE('',#19186,#4091);
#2828=LINE('',#19190,#4092);
#2829=LINE('',#19194,#4093);
#2830=LINE('',#19196,#4094);
#2831=LINE('',#19197,#4095);
#2832=LINE('',#19200,#4096);
#2833=LINE('',#19203,#4097);
#2834=LINE('',#19206,#4098);
#2835=LINE('',#19209,#4099);
#2836=LINE('',#19212,#4100);
#2837=LINE('',#19214,#4101);
#2838=LINE('',#19216,#4102);
#2839=LINE('',#19218,#4103);
#2840=LINE('',#19220,#4104);
#2841=LINE('',#19222,#4105);
#2842=LINE('',#19223,#4106);
#2843=LINE('',#19225,#4107);
#2844=LINE('',#19226,#4108);
#2845=LINE('',#19231,#4109);
#2846=LINE('',#19235,#4110);
#2847=LINE('',#19236,#4111);
#2848=LINE('',#19238,#4112);
#2849=LINE('',#19239,#4113);
#2850=LINE('',#19241,#4114);
#2851=LINE('',#19243,#4115);
#2852=LINE('',#19244,#4116);
#2853=LINE('',#19247,#4117);
#2854=LINE('',#19249,#4118);
#2855=LINE('',#19250,#4119);
#2856=LINE('',#19253,#4120);
#2857=LINE('',#19254,#4121);
#2858=LINE('',#19256,#4122);
#2859=LINE('',#19261,#4123);
#2860=LINE('',#19265,#4124);
#2861=LINE('',#19269,#4125);
#2862=LINE('',#19273,#4126);
#2863=LINE('',#19277,#4127);
#2864=LINE('',#19281,#4128);
#2865=LINE('',#19285,#4129);
#2866=LINE('',#19290,#4130);
#2867=LINE('',#19291,#4131);
#2868=LINE('',#19292,#4132);
#2869=LINE('',#19295,#4133);
#2870=LINE('',#19296,#4134);
#2871=LINE('',#19300,#4135);
#2872=LINE('',#19301,#4136);
#2873=LINE('',#19302,#4137);
#2874=LINE('',#19305,#4138);
#2875=LINE('',#19306,#4139);
#2876=LINE('',#19310,#4140);
#2877=LINE('',#19311,#4141);
#2878=LINE('',#19312,#4142);
#2879=LINE('',#19315,#4143);
#2880=LINE('',#19316,#4144);
#2881=LINE('',#19320,#4145);
#2882=LINE('',#19321,#4146);
#2883=LINE('',#19322,#4147);
#2884=LINE('',#19325,#4148);
#2885=LINE('',#19326,#4149);
#2886=LINE('',#19329,#4150);
#2887=LINE('',#19330,#4151);
#2888=LINE('',#19333,#4152);
#2889=LINE('',#19334,#4153);
#2890=LINE('',#19337,#4154);
#2891=LINE('',#19338,#4155);
#2892=LINE('',#19341,#4156);
#2893=LINE('',#19342,#4157);
#2894=LINE('',#19347,#4158);
#2895=LINE('',#19351,#4159);
#2896=LINE('',#19355,#4160);
#2897=LINE('',#19359,#4161);
#2898=LINE('',#19363,#4162);
#2899=LINE('',#19367,#4163);
#2900=LINE('',#19371,#4164);
#2901=LINE('',#19376,#4165);
#2902=LINE('',#19380,#4166);
#2903=LINE('',#19384,#4167);
#2904=LINE('',#19388,#4168);
#2905=LINE('',#19392,#4169);
#2906=LINE('',#19396,#4170);
#2907=LINE('',#19400,#4171);
#2908=LINE('',#19402,#4172);
#2909=LINE('',#19406,#4173);
#2910=LINE('',#19410,#4174);
#2911=LINE('',#19414,#4175);
#2912=LINE('',#19418,#4176);
#2913=LINE('',#19422,#4177);
#2914=LINE('',#19426,#4178);
#2915=LINE('',#19430,#4179);
#2916=LINE('',#19435,#4180);
#2917=LINE('',#19439,#4181);
#2918=LINE('',#19443,#4182);
#2919=LINE('',#19447,#4183);
#2920=LINE('',#19451,#4184);
#2921=LINE('',#19455,#4185);
#2922=LINE('',#19459,#4186);
#2923=LINE('',#19463,#4187);
#2924=LINE('',#19467,#4188);
#2925=LINE('',#19471,#4189);
#2926=LINE('',#19475,#4190);
#2927=LINE('',#19479,#4191);
#2928=LINE('',#19483,#4192);
#2929=LINE('',#19487,#4193);
#2930=LINE('',#19491,#4194);
#2931=LINE('',#19495,#4195);
#2932=LINE('',#19499,#4196);
#2933=LINE('',#19503,#4197);
#2934=LINE('',#19507,#4198);
#2935=LINE('',#19511,#4199);
#2936=LINE('',#19515,#4200);
#2937=LINE('',#19519,#4201);
#2938=LINE('',#19523,#4202);
#2939=LINE('',#19527,#4203);
#2940=LINE('',#19531,#4204);
#2941=LINE('',#19535,#4205);
#2942=LINE('',#19539,#4206);
#2943=LINE('',#19543,#4207);
#2944=LINE('',#19547,#4208);
#2945=LINE('',#19551,#4209);
#2946=LINE('',#19555,#4210);
#2947=LINE('',#19559,#4211);
#2948=LINE('',#19563,#4212);
#2949=LINE('',#19567,#4213);
#2950=LINE('',#19571,#4214);
#2951=LINE('',#19575,#4215);
#2952=LINE('',#19579,#4216);
#2953=LINE('',#19583,#4217);
#2954=LINE('',#19587,#4218);
#2955=LINE('',#19591,#4219);
#2956=LINE('',#19595,#4220);
#2957=LINE('',#19599,#4221);
#2958=LINE('',#19603,#4222);
#2959=LINE('',#19607,#4223);
#2960=LINE('',#19611,#4224);
#2961=LINE('',#19615,#4225);
#2962=LINE('',#19619,#4226);
#2963=LINE('',#19623,#4227);
#2964=LINE('',#19627,#4228);
#2965=LINE('',#19631,#4229);
#2966=LINE('',#19635,#4230);
#2967=LINE('',#19639,#4231);
#2968=LINE('',#19643,#4232);
#2969=LINE('',#19647,#4233);
#2970=LINE('',#19651,#4234);
#2971=LINE('',#19655,#4235);
#2972=LINE('',#19659,#4236);
#2973=LINE('',#19663,#4237);
#2974=LINE('',#19667,#4238);
#2975=LINE('',#19671,#4239);
#2976=LINE('',#19675,#4240);
#2977=LINE('',#19679,#4241);
#2978=LINE('',#19683,#4242);
#2979=LINE('',#19687,#4243);
#2980=LINE('',#19691,#4244);
#2981=LINE('',#19695,#4245);
#2982=LINE('',#19699,#4246);
#2983=LINE('',#19703,#4247);
#2984=LINE('',#19707,#4248);
#2985=LINE('',#19711,#4249);
#2986=LINE('',#19715,#4250);
#2987=LINE('',#19719,#4251);
#2988=LINE('',#19723,#4252);
#2989=LINE('',#19727,#4253);
#2990=LINE('',#19731,#4254);
#2991=LINE('',#19735,#4255);
#2992=LINE('',#19739,#4256);
#2993=LINE('',#19743,#4257);
#2994=LINE('',#19747,#4258);
#2995=LINE('',#19751,#4259);
#2996=LINE('',#19755,#4260);
#2997=LINE('',#19759,#4261);
#2998=LINE('',#19763,#4262);
#2999=LINE('',#19767,#4263);
#3000=LINE('',#19771,#4264);
#3001=LINE('',#19775,#4265);
#3002=LINE('',#19779,#4266);
#3003=LINE('',#19783,#4267);
#3004=LINE('',#19787,#4268);
#3005=LINE('',#19791,#4269);
#3006=LINE('',#19795,#4270);
#3007=LINE('',#19799,#4271);
#3008=LINE('',#19803,#4272);
#3009=LINE('',#19807,#4273);
#3010=LINE('',#19811,#4274);
#3011=LINE('',#19815,#4275);
#3012=LINE('',#19819,#4276);
#3013=LINE('',#19823,#4277);
#3014=LINE('',#19827,#4278);
#3015=LINE('',#19831,#4279);
#3016=LINE('',#19835,#4280);
#3017=LINE('',#19839,#4281);
#3018=LINE('',#19843,#4282);
#3019=LINE('',#19847,#4283);
#3020=LINE('',#19851,#4284);
#3021=LINE('',#19855,#4285);
#3022=LINE('',#19859,#4286);
#3023=LINE('',#19863,#4287);
#3024=LINE('',#19867,#4288);
#3025=LINE('',#19871,#4289);
#3026=LINE('',#19875,#4290);
#3027=LINE('',#19879,#4291);
#3028=LINE('',#19883,#4292);
#3029=LINE('',#19887,#4293);
#3030=LINE('',#19891,#4294);
#3031=LINE('',#19895,#4295);
#3032=LINE('',#19899,#4296);
#3033=LINE('',#19903,#4297);
#3034=LINE('',#19907,#4298);
#3035=LINE('',#19911,#4299);
#3036=LINE('',#19915,#4300);
#3037=LINE('',#19919,#4301);
#3038=LINE('',#19923,#4302);
#3039=LINE('',#19927,#4303);
#3040=LINE('',#19931,#4304);
#3041=LINE('',#19935,#4305);
#3042=LINE('',#19939,#4306);
#3043=LINE('',#19943,#4307);
#3044=LINE('',#19947,#4308);
#3045=LINE('',#19951,#4309);
#3046=LINE('',#19955,#4310);
#3047=LINE('',#19959,#4311);
#3048=LINE('',#19963,#4312);
#3049=LINE('',#19967,#4313);
#3050=LINE('',#19971,#4314);
#3051=LINE('',#19975,#4315);
#3052=LINE('',#19979,#4316);
#3053=LINE('',#19983,#4317);
#3054=LINE('',#19987,#4318);
#3055=LINE('',#19991,#4319);
#3056=LINE('',#19995,#4320);
#3057=LINE('',#19999,#4321);
#3058=LINE('',#20003,#4322);
#3059=LINE('',#20007,#4323);
#3060=LINE('',#20011,#4324);
#3061=LINE('',#20015,#4325);
#3062=LINE('',#20019,#4326);
#3063=LINE('',#20023,#4327);
#3064=LINE('',#20027,#4328);
#3065=LINE('',#20031,#4329);
#3066=LINE('',#20035,#4330);
#3067=LINE('',#20039,#4331);
#3068=LINE('',#20043,#4332);
#3069=LINE('',#20047,#4333);
#3070=LINE('',#20051,#4334);
#3071=LINE('',#20055,#4335);
#3072=LINE('',#20059,#4336);
#3073=LINE('',#20063,#4337);
#3074=LINE('',#20067,#4338);
#3075=LINE('',#20071,#4339);
#3076=LINE('',#20075,#4340);
#3077=LINE('',#20079,#4341);
#3078=LINE('',#20083,#4342);
#3079=LINE('',#20087,#4343);
#3080=LINE('',#20091,#4344);
#3081=LINE('',#20095,#4345);
#3082=LINE('',#20099,#4346);
#3083=LINE('',#20106,#4347);
#3084=LINE('',#20108,#4348);
#3085=LINE('',#20112,#4349);
#3086=LINE('',#20115,#4350);
#3087=LINE('',#20117,#4351);
#3088=LINE('',#20121,#4352);
#3089=LINE('',#20124,#4353);
#3090=LINE('',#20128,#4354);
#3091=LINE('',#20132,#4355);
#3092=LINE('',#20134,#4356);
#3093=LINE('',#20139,#4357);
#3094=LINE('',#20143,#4358);
#3095=LINE('',#20147,#4359);
#3096=LINE('',#20151,#4360);
#3097=LINE('',#20155,#4361);
#3098=LINE('',#20159,#4362);
#3099=LINE('',#20160,#4363);
#3100=LINE('',#20162,#4364);
#3101=LINE('',#20166,#4365);
#3102=LINE('',#20169,#4366);
#3103=LINE('',#20171,#4367);
#3104=LINE('',#20175,#4368);
#3105=LINE('',#20179,#4369);
#3106=LINE('',#20183,#4370);
#3107=LINE('',#20187,#4371);
#3108=LINE('',#20190,#4372);
#3109=LINE('',#20194,#4373);
#3110=LINE('',#20198,#4374);
#3111=LINE('',#20202,#4375);
#3112=LINE('',#20206,#4376);
#3113=LINE('',#20210,#4377);
#3114=LINE('',#20214,#4378);
#3115=LINE('',#20215,#4379);
#3116=LINE('',#20217,#4380);
#3117=LINE('',#20221,#4381);
#3118=LINE('',#20224,#4382);
#3119=LINE('',#20226,#4383);
#3120=LINE('',#20230,#4384);
#3121=LINE('',#20234,#4385);
#3122=LINE('',#20238,#4386);
#3123=LINE('',#20242,#4387);
#3124=LINE('',#20246,#4388);
#3125=LINE('',#20251,#4389);
#3126=LINE('',#20253,#4390);
#3127=LINE('',#20257,#4391);
#3128=LINE('',#20260,#4392);
#3129=LINE('',#20262,#4393);
#3130=LINE('',#20266,#4394);
#3131=LINE('',#20269,#4395);
#3132=LINE('',#20273,#4396);
#3133=LINE('',#20277,#4397);
#3134=LINE('',#20279,#4398);
#3135=LINE('',#20282,#4399);
#3136=LINE('',#20284,#4400);
#3137=LINE('',#20286,#4401);
#3138=LINE('',#20288,#4402);
#3139=LINE('',#20290,#4403);
#3140=LINE('',#20292,#4404);
#3141=LINE('',#20294,#4405);
#3142=LINE('',#20296,#4406);
#3143=LINE('',#20298,#4407);
#3144=LINE('',#20300,#4408);
#3145=LINE('',#20302,#4409);
#3146=LINE('',#20304,#4410);
#3147=LINE('',#20306,#4411);
#3148=LINE('',#20308,#4412);
#3149=LINE('',#20310,#4413);
#3150=LINE('',#20313,#4414);
#3151=LINE('',#20315,#4415);
#3152=LINE('',#20317,#4416);
#3153=LINE('',#20319,#4417);
#3154=LINE('',#20321,#4418);
#3155=LINE('',#20323,#4419);
#3156=LINE('',#20325,#4420);
#3157=LINE('',#20327,#4421);
#3158=LINE('',#20329,#4422);
#3159=LINE('',#20331,#4423);
#3160=LINE('',#20333,#4424);
#3161=LINE('',#20335,#4425);
#3162=LINE('',#20338,#4426);
#3163=LINE('',#20340,#4427);
#3164=LINE('',#20342,#4428);
#3165=LINE('',#20344,#4429);
#3166=LINE('',#20346,#4430);
#3167=LINE('',#20349,#4431);
#3168=LINE('',#20351,#4432);
#3169=LINE('',#20353,#4433);
#3170=LINE('',#20355,#4434);
#3171=LINE('',#20357,#4435);
#3172=LINE('',#20359,#4436);
#3173=LINE('',#20362,#4437);
#3174=LINE('',#20364,#4438);
#3175=LINE('',#20366,#4439);
#3176=LINE('',#20368,#4440);
#3177=LINE('',#20370,#4441);
#3178=LINE('',#20372,#4442);
#3179=LINE('',#20374,#4443);
#3180=LINE('',#20376,#4444);
#3181=LINE('',#20378,#4445);
#3182=LINE('',#20380,#4446);
#3183=LINE('',#20382,#4447);
#3184=LINE('',#20384,#4448);
#3185=LINE('',#20387,#4449);
#3186=LINE('',#20389,#4450);
#3187=LINE('',#20391,#4451);
#3188=LINE('',#20393,#4452);
#3189=LINE('',#20395,#4453);
#3190=LINE('',#20398,#4454);
#3191=LINE('',#20400,#4455);
#3192=LINE('',#20402,#4456);
#3193=LINE('',#20404,#4457);
#3194=LINE('',#20406,#4458);
#3195=LINE('',#20408,#4459);
#3196=LINE('',#20411,#4460);
#3197=LINE('',#20413,#4461);
#3198=LINE('',#20415,#4462);
#3199=LINE('',#20417,#4463);
#3200=LINE('',#20419,#4464);
#3201=LINE('',#20421,#4465);
#3202=LINE('',#20423,#4466);
#3203=LINE('',#20425,#4467);
#3204=LINE('',#20427,#4468);
#3205=LINE('',#20429,#4469);
#3206=LINE('',#20431,#4470);
#3207=LINE('',#20434,#4471);
#3208=LINE('',#20436,#4472);
#3209=LINE('',#20438,#4473);
#3210=LINE('',#20439,#4474);
#3211=LINE('',#20441,#4475);
#3212=LINE('',#20443,#4476);
#3213=LINE('',#20445,#4477);
#3214=LINE('',#20447,#4478);
#3215=LINE('',#20449,#4479);
#3216=LINE('',#20451,#4480);
#3217=LINE('',#20454,#4481);
#3218=LINE('',#20455,#4482);
#3219=LINE('',#20457,#4483);
#3220=LINE('',#20459,#4484);
#3221=LINE('',#20461,#4485);
#3222=LINE('',#20463,#4486);
#3223=LINE('',#20465,#4487);
#3224=LINE('',#20467,#4488);
#3225=LINE('',#20470,#4489);
#3226=LINE('',#20471,#4490);
#3227=LINE('',#20473,#4491);
#3228=LINE('',#20475,#4492);
#3229=LINE('',#20477,#4493);
#3230=LINE('',#20479,#4494);
#3231=LINE('',#20481,#4495);
#3232=LINE('',#20483,#4496);
#3233=LINE('',#20486,#4497);
#3234=LINE('',#20487,#4498);
#3235=LINE('',#20489,#4499);
#3236=LINE('',#20491,#4500);
#3237=LINE('',#20493,#4501);
#3238=LINE('',#20495,#4502);
#3239=LINE('',#20497,#4503);
#3240=LINE('',#20499,#4504);
#3241=LINE('',#20502,#4505);
#3242=LINE('',#20503,#4506);
#3243=LINE('',#20505,#4507);
#3244=LINE('',#20507,#4508);
#3245=LINE('',#20509,#4509);
#3246=LINE('',#20511,#4510);
#3247=LINE('',#20513,#4511);
#3248=LINE('',#20515,#4512);
#3249=LINE('',#20518,#4513);
#3250=LINE('',#20519,#4514);
#3251=LINE('',#20521,#4515);
#3252=LINE('',#20523,#4516);
#3253=LINE('',#20525,#4517);
#3254=LINE('',#20527,#4518);
#3255=LINE('',#20529,#4519);
#3256=LINE('',#20531,#4520);
#3257=LINE('',#20534,#4521);
#3258=LINE('',#20535,#4522);
#3259=LINE('',#20537,#4523);
#3260=LINE('',#20539,#4524);
#3261=LINE('',#20541,#4525);
#3262=LINE('',#20543,#4526);
#3263=LINE('',#20545,#4527);
#3264=LINE('',#20547,#4528);
#3265=LINE('',#20550,#4529);
#3266=LINE('',#20551,#4530);
#3267=LINE('',#20553,#4531);
#3268=LINE('',#20555,#4532);
#3269=LINE('',#20557,#4533);
#3270=LINE('',#20559,#4534);
#3271=LINE('',#20561,#4535);
#3272=LINE('',#20563,#4536);
#3273=LINE('',#20566,#4537);
#3274=LINE('',#20567,#4538);
#3275=LINE('',#20569,#4539);
#3276=LINE('',#20571,#4540);
#3277=LINE('',#20573,#4541);
#3278=LINE('',#20575,#4542);
#3279=LINE('',#20577,#4543);
#3280=LINE('',#20579,#4544);
#3281=LINE('',#20582,#4545);
#3282=LINE('',#20583,#4546);
#3283=LINE('',#20585,#4547);
#3284=LINE('',#20587,#4548);
#3285=LINE('',#20589,#4549);
#3286=LINE('',#20591,#4550);
#3287=LINE('',#20593,#4551);
#3288=LINE('',#20595,#4552);
#3289=LINE('',#20598,#4553);
#3290=LINE('',#20599,#4554);
#3291=LINE('',#20601,#4555);
#3292=LINE('',#20603,#4556);
#3293=LINE('',#20605,#4557);
#3294=LINE('',#20607,#4558);
#3295=LINE('',#20609,#4559);
#3296=LINE('',#20611,#4560);
#3297=LINE('',#20614,#4561);
#3298=LINE('',#20615,#4562);
#3299=LINE('',#20617,#4563);
#3300=LINE('',#20619,#4564);
#3301=LINE('',#20621,#4565);
#3302=LINE('',#20623,#4566);
#3303=LINE('',#20625,#4567);
#3304=LINE('',#20627,#4568);
#3305=LINE('',#20630,#4569);
#3306=LINE('',#20631,#4570);
#3307=LINE('',#20633,#4571);
#3308=LINE('',#20635,#4572);
#3309=LINE('',#20637,#4573);
#3310=LINE('',#20639,#4574);
#3311=LINE('',#20641,#4575);
#3312=LINE('',#20643,#4576);
#3313=LINE('',#20646,#4577);
#3314=LINE('',#20647,#4578);
#3315=LINE('',#20649,#4579);
#3316=LINE('',#20651,#4580);
#3317=LINE('',#20653,#4581);
#3318=LINE('',#20655,#4582);
#3319=LINE('',#20657,#4583);
#3320=LINE('',#20659,#4584);
#3321=LINE('',#20662,#4585);
#3322=LINE('',#20663,#4586);
#3323=LINE('',#20665,#4587);
#3324=LINE('',#20667,#4588);
#3325=LINE('',#20669,#4589);
#3326=LINE('',#20671,#4590);
#3327=LINE('',#20673,#4591);
#3328=LINE('',#20675,#4592);
#3329=LINE('',#20678,#4593);
#3330=LINE('',#20679,#4594);
#3331=LINE('',#20681,#4595);
#3332=LINE('',#20683,#4596);
#3333=LINE('',#20685,#4597);
#3334=LINE('',#20687,#4598);
#3335=LINE('',#20689,#4599);
#3336=LINE('',#20691,#4600);
#3337=LINE('',#20694,#4601);
#3338=LINE('',#20695,#4602);
#3339=LINE('',#20697,#4603);
#3340=LINE('',#20699,#4604);
#3341=LINE('',#20701,#4605);
#3342=LINE('',#20703,#4606);
#3343=LINE('',#20705,#4607);
#3344=LINE('',#20707,#4608);
#3345=LINE('',#20710,#4609);
#3346=LINE('',#20711,#4610);
#3347=LINE('',#20713,#4611);
#3348=LINE('',#20715,#4612);
#3349=LINE('',#20717,#4613);
#3350=LINE('',#20719,#4614);
#3351=LINE('',#20721,#4615);
#3352=LINE('',#20723,#4616);
#3353=LINE('',#20726,#4617);
#3354=LINE('',#20727,#4618);
#3355=LINE('',#20729,#4619);
#3356=LINE('',#20731,#4620);
#3357=LINE('',#20733,#4621);
#3358=LINE('',#20735,#4622);
#3359=LINE('',#20737,#4623);
#3360=LINE('',#20739,#4624);
#3361=LINE('',#20742,#4625);
#3362=LINE('',#20743,#4626);
#3363=LINE('',#20745,#4627);
#3364=LINE('',#20747,#4628);
#3365=LINE('',#20749,#4629);
#3366=LINE('',#20751,#4630);
#3367=LINE('',#20753,#4631);
#3368=LINE('',#20755,#4632);
#3369=LINE('',#20758,#4633);
#3370=LINE('',#20759,#4634);
#3371=LINE('',#20761,#4635);
#3372=LINE('',#20763,#4636);
#3373=LINE('',#20765,#4637);
#3374=LINE('',#20767,#4638);
#3375=LINE('',#20769,#4639);
#3376=LINE('',#20771,#4640);
#3377=LINE('',#20774,#4641);
#3378=LINE('',#20775,#4642);
#3379=LINE('',#20777,#4643);
#3380=LINE('',#20779,#4644);
#3381=LINE('',#20781,#4645);
#3382=LINE('',#20783,#4646);
#3383=LINE('',#20785,#4647);
#3384=LINE('',#20787,#4648);
#3385=LINE('',#20790,#4649);
#3386=LINE('',#20791,#4650);
#3387=LINE('',#20793,#4651);
#3388=LINE('',#20795,#4652);
#3389=LINE('',#20797,#4653);
#3390=LINE('',#20799,#4654);
#3391=LINE('',#20801,#4655);
#3392=LINE('',#20803,#4656);
#3393=LINE('',#20806,#4657);
#3394=LINE('',#20807,#4658);
#3395=LINE('',#20809,#4659);
#3396=LINE('',#20811,#4660);
#3397=LINE('',#20813,#4661);
#3398=LINE('',#20815,#4662);
#3399=LINE('',#20817,#4663);
#3400=LINE('',#20819,#4664);
#3401=LINE('',#20822,#4665);
#3402=LINE('',#20823,#4666);
#3403=LINE('',#20825,#4667);
#3404=LINE('',#20827,#4668);
#3405=LINE('',#20829,#4669);
#3406=LINE('',#20831,#4670);
#3407=LINE('',#20833,#4671);
#3408=LINE('',#20835,#4672);
#3409=LINE('',#20838,#4673);
#3410=LINE('',#20839,#4674);
#3411=LINE('',#20841,#4675);
#3412=LINE('',#20843,#4676);
#3413=LINE('',#20845,#4677);
#3414=LINE('',#20847,#4678);
#3415=LINE('',#20849,#4679);
#3416=LINE('',#20851,#4680);
#3417=LINE('',#20854,#4681);
#3418=LINE('',#20855,#4682);
#3419=LINE('',#20857,#4683);
#3420=LINE('',#20859,#4684);
#3421=LINE('',#20861,#4685);
#3422=LINE('',#20863,#4686);
#3423=LINE('',#20865,#4687);
#3424=LINE('',#20867,#4688);
#3425=LINE('',#20870,#4689);
#3426=LINE('',#20871,#4690);
#3427=LINE('',#20873,#4691);
#3428=LINE('',#20875,#4692);
#3429=LINE('',#20877,#4693);
#3430=LINE('',#20879,#4694);
#3431=LINE('',#20881,#4695);
#3432=LINE('',#20883,#4696);
#3433=LINE('',#20886,#4697);
#3434=LINE('',#20887,#4698);
#3435=LINE('',#20889,#4699);
#3436=LINE('',#20891,#4700);
#3437=LINE('',#20893,#4701);
#3438=LINE('',#20895,#4702);
#3439=LINE('',#20897,#4703);
#3440=LINE('',#20899,#4704);
#3441=LINE('',#20902,#4705);
#3442=LINE('',#20903,#4706);
#3443=LINE('',#20905,#4707);
#3444=LINE('',#20907,#4708);
#3445=LINE('',#20909,#4709);
#3446=LINE('',#20911,#4710);
#3447=LINE('',#20913,#4711);
#3448=LINE('',#20915,#4712);
#3449=LINE('',#20918,#4713);
#3450=LINE('',#20920,#4714);
#3451=LINE('',#20922,#4715);
#3452=LINE('',#20925,#4716);
#3453=LINE('',#20927,#4717);
#3454=LINE('',#20930,#4718);
#3455=LINE('',#20932,#4719);
#3456=LINE('',#20934,#4720);
#3457=LINE('',#20937,#4721);
#3458=LINE('',#20939,#4722);
#3459=LINE('',#20942,#4723);
#3460=LINE('',#20943,#4724);
#3461=LINE('',#20945,#4725);
#3462=LINE('',#20947,#4726);
#3463=LINE('',#20949,#4727);
#3464=LINE('',#20951,#4728);
#3465=LINE('',#20953,#4729);
#3466=LINE('',#20955,#4730);
#3467=LINE('',#20958,#4731);
#3468=LINE('',#20959,#4732);
#3469=LINE('',#20961,#4733);
#3470=LINE('',#20963,#4734);
#3471=LINE('',#20965,#4735);
#3472=LINE('',#20967,#4736);
#3473=LINE('',#20969,#4737);
#3474=LINE('',#20971,#4738);
#3475=LINE('',#20974,#4739);
#3476=LINE('',#20975,#4740);
#3477=LINE('',#20977,#4741);
#3478=LINE('',#20979,#4742);
#3479=LINE('',#20981,#4743);
#3480=LINE('',#20983,#4744);
#3481=LINE('',#20985,#4745);
#3482=LINE('',#20987,#4746);
#3483=LINE('',#20990,#4747);
#3484=LINE('',#20991,#4748);
#3485=LINE('',#20993,#4749);
#3486=LINE('',#20995,#4750);
#3487=LINE('',#20997,#4751);
#3488=LINE('',#20999,#4752);
#3489=LINE('',#21001,#4753);
#3490=LINE('',#21003,#4754);
#3491=LINE('',#21006,#4755);
#3492=LINE('',#21007,#4756);
#3493=LINE('',#21009,#4757);
#3494=LINE('',#21011,#4758);
#3495=LINE('',#21013,#4759);
#3496=LINE('',#21015,#4760);
#3497=LINE('',#21017,#4761);
#3498=LINE('',#21019,#4762);
#3499=LINE('',#21022,#4763);
#3500=LINE('',#21023,#4764);
#3501=LINE('',#21025,#4765);
#3502=LINE('',#21027,#4766);
#3503=LINE('',#21029,#4767);
#3504=LINE('',#21031,#4768);
#3505=LINE('',#21033,#4769);
#3506=LINE('',#21035,#4770);
#3507=LINE('',#21038,#4771);
#3508=LINE('',#21039,#4772);
#3509=LINE('',#21041,#4773);
#3510=LINE('',#21043,#4774);
#3511=LINE('',#21045,#4775);
#3512=LINE('',#21047,#4776);
#3513=LINE('',#21049,#4777);
#3514=LINE('',#21051,#4778);
#3515=LINE('',#21054,#4779);
#3516=LINE('',#21055,#4780);
#3517=LINE('',#21057,#4781);
#3518=LINE('',#21059,#4782);
#3519=LINE('',#21061,#4783);
#3520=LINE('',#21063,#4784);
#3521=LINE('',#21065,#4785);
#3522=LINE('',#21067,#4786);
#3523=LINE('',#21070,#4787);
#3524=LINE('',#21071,#4788);
#3525=LINE('',#21073,#4789);
#3526=LINE('',#21075,#4790);
#3527=LINE('',#21077,#4791);
#3528=LINE('',#21079,#4792);
#3529=LINE('',#21081,#4793);
#3530=LINE('',#21083,#4794);
#3531=LINE('',#21086,#4795);
#3532=LINE('',#21087,#4796);
#3533=LINE('',#21089,#4797);
#3534=LINE('',#21091,#4798);
#3535=LINE('',#21093,#4799);
#3536=LINE('',#21095,#4800);
#3537=LINE('',#21097,#4801);
#3538=LINE('',#21099,#4802);
#3539=LINE('',#21103,#4803);
#3540=LINE('',#21104,#4804);
#3541=LINE('',#21106,#4805);
#3542=LINE('',#21109,#4806);
#3543=LINE('',#21111,#4807);
#3544=LINE('',#21113,#4808);
#3545=LINE('',#21115,#4809);
#3546=LINE('',#21117,#4810);
#3547=LINE('',#21119,#4811);
#3548=LINE('',#21121,#4812);
#3549=LINE('',#21123,#4813);
#3550=LINE('',#21125,#4814);
#3551=LINE('',#21127,#4815);
#3552=LINE('',#21129,#4816);
#3553=LINE('',#21131,#4817);
#3554=LINE('',#21133,#4818);
#3555=LINE('',#21135,#4819);
#3556=LINE('',#21138,#4820);
#3557=LINE('',#21140,#4821);
#3558=LINE('',#21142,#4822);
#3559=LINE('',#21144,#4823);
#3560=LINE('',#21146,#4824);
#3561=LINE('',#21148,#4825);
#3562=LINE('',#21150,#4826);
#3563=LINE('',#21152,#4827);
#3564=LINE('',#21154,#4828);
#3565=LINE('',#21156,#4829);
#3566=LINE('',#21158,#4830);
#3567=LINE('',#21160,#4831);
#3568=LINE('',#21162,#4832);
#3569=LINE('',#21164,#4833);
#3570=LINE('',#21167,#4834);
#3571=LINE('',#21169,#4835);
#3572=LINE('',#21171,#4836);
#3573=LINE('',#21173,#4837);
#3574=LINE('',#21175,#4838);
#3575=LINE('',#21177,#4839);
#3576=LINE('',#21179,#4840);
#3577=LINE('',#21181,#4841);
#3578=LINE('',#21183,#4842);
#3579=LINE('',#21185,#4843);
#3580=LINE('',#21187,#4844);
#3581=LINE('',#21189,#4845);
#3582=LINE('',#21191,#4846);
#3583=LINE('',#21193,#4847);
#3584=LINE('',#21196,#4848);
#3585=LINE('',#21198,#4849);
#3586=LINE('',#21200,#4850);
#3587=LINE('',#21202,#4851);
#3588=LINE('',#21204,#4852);
#3589=LINE('',#21206,#4853);
#3590=LINE('',#21208,#4854);
#3591=LINE('',#21210,#4855);
#3592=LINE('',#21212,#4856);
#3593=LINE('',#21214,#4857);
#3594=LINE('',#21216,#4858);
#3595=VECTOR('',#13826,10.);
#3596=VECTOR('',#13827,10.);
#3597=VECTOR('',#13828,10.);
#3598=VECTOR('',#13829,10.);
#3599=VECTOR('',#13832,10.);
#3600=VECTOR('',#13833,10.);
#3601=VECTOR('',#13834,10.);
#3602=VECTOR('',#13835,10.);
#3603=VECTOR('',#13838,10.);
#3604=VECTOR('',#13839,10.);
#3605=VECTOR('',#13840,10.);
#3606=VECTOR('',#13841,10.);
#3607=VECTOR('',#13844,10.);
#3608=VECTOR('',#13845,10.);
#3609=VECTOR('',#13846,10.);
#3610=VECTOR('',#13847,10.);
#3611=VECTOR('',#13850,10.);
#3612=VECTOR('',#13851,10.);
#3613=VECTOR('',#13852,10.);
#3614=VECTOR('',#13853,10.);
#3615=VECTOR('',#13856,10.);
#3616=VECTOR('',#13857,10.);
#3617=VECTOR('',#13858,10.);
#3618=VECTOR('',#13859,10.);
#3619=VECTOR('',#13862,10.);
#3620=VECTOR('',#13863,10.);
#3621=VECTOR('',#13864,10.);
#3622=VECTOR('',#13865,10.);
#3623=VECTOR('',#13868,10.);
#3624=VECTOR('',#13869,10.);
#3625=VECTOR('',#13870,10.);
#3626=VECTOR('',#13871,10.);
#3627=VECTOR('',#13874,10.);
#3628=VECTOR('',#13877,10.);
#3629=VECTOR('',#13880,10.);
#3630=VECTOR('',#13883,10.);
#3631=VECTOR('',#13886,10.);
#3632=VECTOR('',#13889,10.);
#3633=VECTOR('',#13892,10.);
#3634=VECTOR('',#13895,10.);
#3635=VECTOR('',#13898,10.);
#3636=VECTOR('',#13901,10.);
#3637=VECTOR('',#13904,10.);
#3638=VECTOR('',#13907,10.);
#3639=VECTOR('',#13910,10.);
#3640=VECTOR('',#13913,10.);
#3641=VECTOR('',#13916,10.);
#3642=VECTOR('',#13919,10.);
#3643=VECTOR('',#13922,10.);
#3644=VECTOR('',#13925,10.);
#3645=VECTOR('',#13928,10.);
#3646=VECTOR('',#13931,10.);
#3647=VECTOR('',#13936,10.);
#3648=VECTOR('',#13937,10.);
#3649=VECTOR('',#13940,10.);
#3650=VECTOR('',#13941,10.);
#3651=VECTOR('',#13944,10.);
#3652=VECTOR('',#13947,10.);
#3653=VECTOR('',#13948,10.);
#3654=VECTOR('',#13951,10.);
#3655=VECTOR('',#13954,10.);
#3656=VECTOR('',#13955,10.);
#3657=VECTOR('',#13958,10.);
#3658=VECTOR('',#13961,10.);
#3659=VECTOR('',#13962,10.);
#3660=VECTOR('',#13965,10.);
#3661=VECTOR('',#13966,10.);
#3662=VECTOR('',#13969,10.);
#3663=VECTOR('',#13972,10.);
#3664=VECTOR('',#13975,10.);
#3665=VECTOR('',#13978,10.);
#3666=VECTOR('',#13981,10.);
#3667=VECTOR('',#13984,10.);
#3668=VECTOR('',#13985,10.);
#3669=VECTOR('',#13986,10.);
#3670=VECTOR('',#13989,10.);
#3671=VECTOR('',#13992,10.);
#3672=VECTOR('',#13993,10.);
#3673=VECTOR('',#13994,10.);
#3674=VECTOR('',#13997,10.);
#3675=VECTOR('',#14000,10.);
#3676=VECTOR('',#14003,10.);
#3677=VECTOR('',#14006,10.);
#3678=VECTOR('',#14009,10.);
#3679=VECTOR('',#14010,10.);
#3680=VECTOR('',#14013,10.);
#3681=VECTOR('',#14016,10.);
#3682=VECTOR('',#14019,10.);
#3683=VECTOR('',#14022,10.);
#3684=VECTOR('',#14025,10.);
#3685=VECTOR('',#14028,10.);
#3686=VECTOR('',#14031,10.);
#3687=VECTOR('',#14034,10.);
#3688=VECTOR('',#14037,10.);
#3689=VECTOR('',#14040,10.);
#3690=VECTOR('',#14043,10.);
#3691=VECTOR('',#14046,10.);
#3692=VECTOR('',#14049,10.);
#3693=VECTOR('',#14052,10.);
#3694=VECTOR('',#14055,10.);
#3695=VECTOR('',#14058,10.);
#3696=VECTOR('',#14061,10.);
#3697=VECTOR('',#14064,10.);
#3698=VECTOR('',#14067,10.);
#3699=VECTOR('',#14070,10.);
#3700=VECTOR('',#14073,10.);
#3701=VECTOR('',#14076,10.);
#3702=VECTOR('',#14079,10.);
#3703=VECTOR('',#14082,10.);
#3704=VECTOR('',#14085,10.);
#3705=VECTOR('',#14088,10.);
#3706=VECTOR('',#14091,10.);
#3707=VECTOR('',#14094,10.);
#3708=VECTOR('',#14097,10.);
#3709=VECTOR('',#14100,10.);
#3710=VECTOR('',#14103,10.);
#3711=VECTOR('',#14106,10.);
#3712=VECTOR('',#14109,10.);
#3713=VECTOR('',#14112,10.);
#3714=VECTOR('',#14115,10.);
#3715=VECTOR('',#14118,10.);
#3716=VECTOR('',#14121,10.);
#3717=VECTOR('',#14124,10.);
#3718=VECTOR('',#14127,10.);
#3719=VECTOR('',#14130,10.);
#3720=VECTOR('',#14133,10.);
#3721=VECTOR('',#14136,10.);
#3722=VECTOR('',#14139,10.);
#3723=VECTOR('',#14142,10.);
#3724=VECTOR('',#14145,10.);
#3725=VECTOR('',#14148,10.);
#3726=VECTOR('',#14151,10.);
#3727=VECTOR('',#14154,10.);
#3728=VECTOR('',#14157,10.);
#3729=VECTOR('',#14160,10.);
#3730=VECTOR('',#14163,10.);
#3731=VECTOR('',#14166,10.);
#3732=VECTOR('',#14169,10.);
#3733=VECTOR('',#14172,10.);
#3734=VECTOR('',#14175,10.);
#3735=VECTOR('',#14180,10.);
#3736=VECTOR('',#14183,10.);
#3737=VECTOR('',#14186,10.);
#3738=VECTOR('',#14189,10.);
#3739=VECTOR('',#14192,10.);
#3740=VECTOR('',#14195,10.);
#3741=VECTOR('',#14196,10.);
#3742=VECTOR('',#14197,10.);
#3743=VECTOR('',#14200,10.);
#3744=VECTOR('',#14203,10.);
#3745=VECTOR('',#14204,10.);
#3746=VECTOR('',#14205,10.);
#3747=VECTOR('',#14208,10.);
#3748=VECTOR('',#14211,10.);
#3749=VECTOR('',#14214,10.);
#3750=VECTOR('',#14217,10.);
#3751=VECTOR('',#14220,10.);
#3752=VECTOR('',#14223,10.);
#3753=VECTOR('',#14224,10.);
#3754=VECTOR('',#14227,10.);
#3755=VECTOR('',#14228,10.);
#3756=VECTOR('',#14231,10.);
#3757=VECTOR('',#14234,10.);
#3758=VECTOR('',#14235,10.);
#3759=VECTOR('',#14238,10.);
#3760=VECTOR('',#14241,10.);
#3761=VECTOR('',#14242,10.);
#3762=VECTOR('',#14245,10.);
#3763=VECTOR('',#14248,10.);
#3764=VECTOR('',#14249,10.);
#3765=VECTOR('',#14252,10.);
#3766=VECTOR('',#14253,10.);
#3767=VECTOR('',#14256,10.);
#3768=VECTOR('',#14259,10.);
#3769=VECTOR('',#14262,10.);
#3770=VECTOR('',#14263,10.);
#3771=VECTOR('',#14268,10.);
#3772=VECTOR('',#14271,10.);
#3773=VECTOR('',#14272,10.);
#3774=VECTOR('',#14277,10.);
#3775=VECTOR('',#14280,10.);
#3776=VECTOR('',#14281,10.);
#3777=VECTOR('',#14286,10.);
#3778=VECTOR('',#14289,10.);
#3779=VECTOR('',#14290,10.);
#3780=VECTOR('',#14295,10.);
#3781=VECTOR('',#14298,10.);
#3782=VECTOR('',#14299,10.);
#3783=VECTOR('',#14304,10.);
#3784=VECTOR('',#14307,10.);
#3785=VECTOR('',#14308,10.);
#3786=VECTOR('',#14313,10.);
#3787=VECTOR('',#14316,10.);
#3788=VECTOR('',#14317,10.);
#3789=VECTOR('',#14322,10.);
#3790=VECTOR('',#14325,10.);
#3791=VECTOR('',#14326,10.);
#3792=VECTOR('',#14331,10.);
#3793=VECTOR('',#14334,10.);
#3794=VECTOR('',#14335,10.);
#3795=VECTOR('',#14340,10.);
#3796=VECTOR('',#14343,10.);
#3797=VECTOR('',#14344,10.);
#3798=VECTOR('',#14349,10.);
#3799=VECTOR('',#14352,10.);
#3800=VECTOR('',#14353,10.);
#3801=VECTOR('',#14358,10.);
#3802=VECTOR('',#14361,10.);
#3803=VECTOR('',#14362,10.);
#3804=VECTOR('',#14367,10.);
#3805=VECTOR('',#14370,10.);
#3806=VECTOR('',#14371,10.);
#3807=VECTOR('',#14376,10.);
#3808=VECTOR('',#14379,10.);
#3809=VECTOR('',#14380,10.);
#3810=VECTOR('',#14385,10.);
#3811=VECTOR('',#14388,10.);
#3812=VECTOR('',#14389,10.);
#3813=VECTOR('',#14394,10.);
#3814=VECTOR('',#14397,10.);
#3815=VECTOR('',#14398,10.);
#3816=VECTOR('',#14403,10.);
#3817=VECTOR('',#14406,10.);
#3818=VECTOR('',#14407,10.);
#3819=VECTOR('',#14412,10.);
#3820=VECTOR('',#14415,10.);
#3821=VECTOR('',#14416,10.);
#3822=VECTOR('',#14421,10.);
#3823=VECTOR('',#14424,10.);
#3824=VECTOR('',#14425,10.);
#3825=VECTOR('',#14430,10.);
#3826=VECTOR('',#14433,10.);
#3827=VECTOR('',#14438,10.);
#3828=VECTOR('',#14441,10.);
#3829=VECTOR('',#14444,10.);
#3830=VECTOR('',#14445,10.);
#3831=VECTOR('',#14446,10.);
#3832=VECTOR('',#14453,10.);
#3833=VECTOR('',#14456,10.);
#3834=VECTOR('',#14457,10.);
#3835=VECTOR('',#14458,10.);
#3836=VECTOR('',#14465,10.);
#3837=VECTOR('',#14468,10.);
#3838=VECTOR('',#14469,10.);
#3839=VECTOR('',#14470,10.);
#3840=VECTOR('',#14477,10.);
#3841=VECTOR('',#14480,10.);
#3842=VECTOR('',#14481,10.);
#3843=VECTOR('',#14486,10.);
#3844=VECTOR('',#14489,10.);
#3845=VECTOR('',#14492,10.);
#3846=VECTOR('',#14493,10.);
#3847=VECTOR('',#14494,10.);
#3848=VECTOR('',#14501,10.);
#3849=VECTOR('',#14504,10.);
#3850=VECTOR('',#14505,10.);
#3851=VECTOR('',#14506,10.);
#3852=VECTOR('',#14513,10.);
#3853=VECTOR('',#14516,10.);
#3854=VECTOR('',#14517,10.);
#3855=VECTOR('',#14518,10.);
#3856=VECTOR('',#14525,10.);
#3857=VECTOR('',#14528,10.);
#3858=VECTOR('',#14529,10.);
#3859=VECTOR('',#14534,10.);
#3860=VECTOR('',#14537,10.);
#3861=VECTOR('',#14540,10.);
#3862=VECTOR('',#14541,10.);
#3863=VECTOR('',#14542,10.);
#3864=VECTOR('',#14549,10.);
#3865=VECTOR('',#14552,10.);
#3866=VECTOR('',#14553,10.);
#3867=VECTOR('',#14554,10.);
#3868=VECTOR('',#14561,10.);
#3869=VECTOR('',#14564,10.);
#3870=VECTOR('',#14565,10.);
#3871=VECTOR('',#14566,10.);
#3872=VECTOR('',#14573,10.);
#3873=VECTOR('',#14576,10.);
#3874=VECTOR('',#14577,10.);
#3875=VECTOR('',#14582,10.);
#3876=VECTOR('',#14585,10.);
#3877=VECTOR('',#14588,10.);
#3878=VECTOR('',#14589,10.);
#3879=VECTOR('',#14590,10.);
#3880=VECTOR('',#14597,10.);
#3881=VECTOR('',#14600,10.);
#3882=VECTOR('',#14601,10.);
#3883=VECTOR('',#14602,10.);
#3884=VECTOR('',#14609,10.);
#3885=VECTOR('',#14612,10.);
#3886=VECTOR('',#14613,10.);
#3887=VECTOR('',#14614,10.);
#3888=VECTOR('',#14621,10.);
#3889=VECTOR('',#14624,10.);
#3890=VECTOR('',#14625,10.);
#3891=VECTOR('',#14630,10.);
#3892=VECTOR('',#14633,10.);
#3893=VECTOR('',#14636,10.);
#3894=VECTOR('',#14637,10.);
#3895=VECTOR('',#14638,10.);
#3896=VECTOR('',#14645,10.);
#3897=VECTOR('',#14648,10.);
#3898=VECTOR('',#14649,10.);
#3899=VECTOR('',#14650,10.);
#3900=VECTOR('',#14657,10.);
#3901=VECTOR('',#14660,10.);
#3902=VECTOR('',#14661,10.);
#3903=VECTOR('',#14662,10.);
#3904=VECTOR('',#14669,10.);
#3905=VECTOR('',#14672,10.);
#3906=VECTOR('',#14673,10.);
#3907=VECTOR('',#14678,10.);
#3908=VECTOR('',#14681,10.);
#3909=VECTOR('',#14684,10.);
#3910=VECTOR('',#14685,10.);
#3911=VECTOR('',#14686,10.);
#3912=VECTOR('',#14693,10.);
#3913=VECTOR('',#14696,10.);
#3914=VECTOR('',#14697,10.);
#3915=VECTOR('',#14698,10.);
#3916=VECTOR('',#14705,10.);
#3917=VECTOR('',#14708,10.);
#3918=VECTOR('',#14709,10.);
#3919=VECTOR('',#14710,10.);
#3920=VECTOR('',#14717,10.);
#3921=VECTOR('',#14720,10.);
#3922=VECTOR('',#14721,10.);
#3923=VECTOR('',#14726,10.);
#3924=VECTOR('',#14729,10.);
#3925=VECTOR('',#14732,10.);
#3926=VECTOR('',#14733,10.);
#3927=VECTOR('',#14734,10.);
#3928=VECTOR('',#14741,10.);
#3929=VECTOR('',#14744,10.);
#3930=VECTOR('',#14745,10.);
#3931=VECTOR('',#14746,10.);
#3932=VECTOR('',#14753,10.);
#3933=VECTOR('',#14756,10.);
#3934=VECTOR('',#14757,10.);
#3935=VECTOR('',#14758,10.);
#3936=VECTOR('',#14765,10.);
#3937=VECTOR('',#14768,10.);
#3938=VECTOR('',#14769,10.);
#3939=VECTOR('',#14774,10.);
#3940=VECTOR('',#14777,10.);
#3941=VECTOR('',#14780,10.);
#3942=VECTOR('',#14781,10.);
#3943=VECTOR('',#14782,10.);
#3944=VECTOR('',#14789,10.);
#3945=VECTOR('',#14792,10.);
#3946=VECTOR('',#14793,10.);
#3947=VECTOR('',#14794,10.);
#3948=VECTOR('',#14801,10.);
#3949=VECTOR('',#14804,10.);
#3950=VECTOR('',#14805,10.);
#3951=VECTOR('',#14806,10.);
#3952=VECTOR('',#14813,10.);
#3953=VECTOR('',#14816,10.);
#3954=VECTOR('',#14817,10.);
#3955=VECTOR('',#14820,10.);
#3956=VECTOR('',#14821,10.);
#3957=VECTOR('',#14822,10.);
#3958=VECTOR('',#14823,10.);
#3959=VECTOR('',#14826,10.);
#3960=VECTOR('',#14829,10.);
#3961=VECTOR('',#14832,10.);
#3962=VECTOR('',#14835,10.);
#3963=VECTOR('',#14836,10.);
#3964=VECTOR('',#14837,10.);
#3965=VECTOR('',#14842,10.);
#3966=VECTOR('',#14845,10.);
#3967=VECTOR('',#14848,10.);
#3968=VECTOR('',#14851,10.);
#3969=VECTOR('',#14856,10.);
#3970=VECTOR('',#14859,10.);
#3971=VECTOR('',#14862,10.);
#3972=VECTOR('',#14865,10.);
#3973=VECTOR('',#14870,10.);
#3974=VECTOR('',#14873,10.);
#3975=VECTOR('',#14876,10.);
#3976=VECTOR('',#14879,10.);
#3977=VECTOR('',#14882,10.);
#3978=VECTOR('',#14885,10.);
#3979=VECTOR('',#14888,10.);
#3980=VECTOR('',#14891,10.);
#3981=VECTOR('',#14894,10.);
#3982=VECTOR('',#14897,10.);
#3983=VECTOR('',#14900,10.);
#3984=VECTOR('',#14903,10.);
#3985=VECTOR('',#14906,10.);
#3986=VECTOR('',#14909,10.);
#3987=VECTOR('',#14912,10.);
#3988=VECTOR('',#14915,10.);
#3989=VECTOR('',#14920,10.);
#3990=VECTOR('',#14923,10.);
#3991=VECTOR('',#14926,10.);
#3992=VECTOR('',#14929,10.);
#3993=VECTOR('',#14932,10.);
#3994=VECTOR('',#14935,10.);
#3995=VECTOR('',#14938,10.);
#3996=VECTOR('',#14941,10.);
#3997=VECTOR('',#14944,10.);
#3998=VECTOR('',#14947,10.);
#3999=VECTOR('',#14950,10.);
#4000=VECTOR('',#14953,10.);
#4001=VECTOR('',#14956,10.);
#4002=VECTOR('',#14959,10.);
#4003=VECTOR('',#14962,10.);
#4004=VECTOR('',#14965,10.);
#4005=VECTOR('',#14970,10.);
#4006=VECTOR('',#14973,10.);
#4007=VECTOR('',#14976,10.);
#4008=VECTOR('',#14979,10.);
#4009=VECTOR('',#14982,10.);
#4010=VECTOR('',#14985,10.);
#4011=VECTOR('',#14988,10.);
#4012=VECTOR('',#14991,10.);
#4013=VECTOR('',#14994,10.);
#4014=VECTOR('',#14997,10.);
#4015=VECTOR('',#15000,10.);
#4016=VECTOR('',#15003,10.);
#4017=VECTOR('',#15006,10.);
#4018=VECTOR('',#15009,10.);
#4019=VECTOR('',#15012,10.);
#4020=VECTOR('',#15015,10.);
#4021=VECTOR('',#15020,10.);
#4022=VECTOR('',#15023,10.);
#4023=VECTOR('',#15026,10.);
#4024=VECTOR('',#15029,10.);
#4025=VECTOR('',#15032,10.);
#4026=VECTOR('',#15035,10.);
#4027=VECTOR('',#15038,10.);
#4028=VECTOR('',#15041,10.);
#4029=VECTOR('',#15044,10.);
#4030=VECTOR('',#15047,10.);
#4031=VECTOR('',#15050,10.);
#4032=VECTOR('',#15053,10.);
#4033=VECTOR('',#15056,10.);
#4034=VECTOR('',#15059,10.);
#4035=VECTOR('',#15062,10.);
#4036=VECTOR('',#15065,10.);
#4037=VECTOR('',#15070,10.);
#4038=VECTOR('',#15073,10.);
#4039=VECTOR('',#15076,10.);
#4040=VECTOR('',#15079,10.);
#4041=VECTOR('',#15082,10.);
#4042=VECTOR('',#15085,10.);
#4043=VECTOR('',#15088,10.);
#4044=VECTOR('',#15091,10.);
#4045=VECTOR('',#15094,10.);
#4046=VECTOR('',#15097,10.);
#4047=VECTOR('',#15100,10.);
#4048=VECTOR('',#15103,10.);
#4049=VECTOR('',#15106,10.);
#4050=VECTOR('',#15109,10.);
#4051=VECTOR('',#15112,10.);
#4052=VECTOR('',#15115,10.);
#4053=VECTOR('',#15120,10.);
#4054=VECTOR('',#15123,10.);
#4055=VECTOR('',#15126,10.);
#4056=VECTOR('',#15129,10.);
#4057=VECTOR('',#15132,10.);
#4058=VECTOR('',#15135,10.);
#4059=VECTOR('',#15138,10.);
#4060=VECTOR('',#15141,10.);
#4061=VECTOR('',#15144,10.);
#4062=VECTOR('',#15147,10.);
#4063=VECTOR('',#15150,10.);
#4064=VECTOR('',#15153,10.);
#4065=VECTOR('',#15156,10.);
#4066=VECTOR('',#15159,10.);
#4067=VECTOR('',#15162,10.);
#4068=VECTOR('',#15165,10.);
#4069=VECTOR('',#15170,10.);
#4070=VECTOR('',#15173,10.);
#4071=VECTOR('',#15176,10.);
#4072=VECTOR('',#15179,10.);
#4073=VECTOR('',#15182,10.);
#4074=VECTOR('',#15185,10.);
#4075=VECTOR('',#15188,10.);
#4076=VECTOR('',#15191,10.);
#4077=VECTOR('',#15196,10.);
#4078=VECTOR('',#15199,10.);
#4079=VECTOR('',#15202,10.);
#4080=VECTOR('',#15205,10.);
#4081=VECTOR('',#15208,10.);
#4082=VECTOR('',#15211,10.);
#4083=VECTOR('',#15214,10.);
#4084=VECTOR('',#15217,10.);
#4085=VECTOR('',#15222,10.);
#4086=VECTOR('',#15225,10.);
#4087=VECTOR('',#15228,10.);
#4088=VECTOR('',#15231,10.);
#4089=VECTOR('',#15234,10.);
#4090=VECTOR('',#15237,10.);
#4091=VECTOR('',#15240,10.);
#4092=VECTOR('',#15243,10.);
#4093=VECTOR('',#15248,10.);
#4094=VECTOR('',#15249,10.);
#4095=VECTOR('',#15250,10.);
#4096=VECTOR('',#15253,10.);
#4097=VECTOR('',#15256,10.);
#4098=VECTOR('',#15259,10.);
#4099=VECTOR('',#15262,10.);
#4100=VECTOR('',#15265,10.);
#4101=VECTOR('',#15266,10.);
#4102=VECTOR('',#15267,10.);
#4103=VECTOR('',#15268,10.);
#4104=VECTOR('',#15269,10.);
#4105=VECTOR('',#15270,10.);
#4106=VECTOR('',#15271,10.);
#4107=VECTOR('',#15272,10.);
#4108=VECTOR('',#15273,10.);
#4109=VECTOR('',#15280,10.);
#4110=VECTOR('',#15285,10.);
#4111=VECTOR('',#15286,10.);
#4112=VECTOR('',#15287,10.);
#4113=VECTOR('',#15288,10.);
#4114=VECTOR('',#15289,10.);
#4115=VECTOR('',#15290,10.);
#4116=VECTOR('',#15291,10.);
#4117=VECTOR('',#15294,10.);
#4118=VECTOR('',#15295,10.);
#4119=VECTOR('',#15296,10.);
#4120=VECTOR('',#15299,10.);
#4121=VECTOR('',#15300,10.);
#4122=VECTOR('',#15303,10.);
#4123=VECTOR('',#15308,10.);
#4124=VECTOR('',#15311,10.);
#4125=VECTOR('',#15314,10.);
#4126=VECTOR('',#15317,10.);
#4127=VECTOR('',#15320,10.);
#4128=VECTOR('',#15323,10.);
#4129=VECTOR('',#15326,10.);
#4130=VECTOR('',#15331,10.);
#4131=VECTOR('',#15332,10.);
#4132=VECTOR('',#15333,10.);
#4133=VECTOR('',#15336,10.);
#4134=VECTOR('',#15337,10.);
#4135=VECTOR('',#15340,10.);
#4136=VECTOR('',#15341,10.);
#4137=VECTOR('',#15342,10.);
#4138=VECTOR('',#15345,10.);
#4139=VECTOR('',#15346,10.);
#4140=VECTOR('',#15349,10.);
#4141=VECTOR('',#15350,10.);
#4142=VECTOR('',#15351,10.);
#4143=VECTOR('',#15354,10.);
#4144=VECTOR('',#15355,10.);
#4145=VECTOR('',#15358,10.);
#4146=VECTOR('',#15359,10.);
#4147=VECTOR('',#15360,10.);
#4148=VECTOR('',#15363,10.);
#4149=VECTOR('',#15364,10.);
#4150=VECTOR('',#15367,10.);
#4151=VECTOR('',#15368,10.);
#4152=VECTOR('',#15371,10.);
#4153=VECTOR('',#15372,10.);
#4154=VECTOR('',#15375,10.);
#4155=VECTOR('',#15376,10.);
#4156=VECTOR('',#15379,10.);
#4157=VECTOR('',#15380,10.);
#4158=VECTOR('',#15385,10.);
#4159=VECTOR('',#15388,10.);
#4160=VECTOR('',#15391,10.);
#4161=VECTOR('',#15394,10.);
#4162=VECTOR('',#15397,10.);
#4163=VECTOR('',#15400,10.);
#4164=VECTOR('',#15403,10.);
#4165=VECTOR('',#15408,10.);
#4166=VECTOR('',#15411,10.);
#4167=VECTOR('',#15414,10.);
#4168=VECTOR('',#15417,10.);
#4169=VECTOR('',#15420,10.);
#4170=VECTOR('',#15423,10.);
#4171=VECTOR('',#15426,10.);
#4172=VECTOR('',#15429,10.);
#4173=VECTOR('',#15432,10.);
#4174=VECTOR('',#15435,10.);
#4175=VECTOR('',#15438,10.);
#4176=VECTOR('',#15441,10.);
#4177=VECTOR('',#15444,10.);
#4178=VECTOR('',#15447,10.);
#4179=VECTOR('',#15450,10.);
#4180=VECTOR('',#15455,10.);
#4181=VECTOR('',#15458,10.);
#4182=VECTOR('',#15461,10.);
#4183=VECTOR('',#15464,10.);
#4184=VECTOR('',#15467,10.);
#4185=VECTOR('',#15470,10.);
#4186=VECTOR('',#15473,10.);
#4187=VECTOR('',#15476,10.);
#4188=VECTOR('',#15479,10.);
#4189=VECTOR('',#15482,10.);
#4190=VECTOR('',#15485,10.);
#4191=VECTOR('',#15488,10.);
#4192=VECTOR('',#15491,10.);
#4193=VECTOR('',#15494,10.);
#4194=VECTOR('',#15497,10.);
#4195=VECTOR('',#15500,10.);
#4196=VECTOR('',#15503,10.);
#4197=VECTOR('',#15506,10.);
#4198=VECTOR('',#15509,10.);
#4199=VECTOR('',#15512,10.);
#4200=VECTOR('',#15515,10.);
#4201=VECTOR('',#15518,10.);
#4202=VECTOR('',#15521,10.);
#4203=VECTOR('',#15524,10.);
#4204=VECTOR('',#15527,10.);
#4205=VECTOR('',#15530,10.);
#4206=VECTOR('',#15533,10.);
#4207=VECTOR('',#15536,10.);
#4208=VECTOR('',#15539,10.);
#4209=VECTOR('',#15542,10.);
#4210=VECTOR('',#15545,10.);
#4211=VECTOR('',#15548,10.);
#4212=VECTOR('',#15551,10.);
#4213=VECTOR('',#15554,10.);
#4214=VECTOR('',#15557,10.);
#4215=VECTOR('',#15560,10.);
#4216=VECTOR('',#15563,10.);
#4217=VECTOR('',#15566,10.);
#4218=VECTOR('',#15569,10.);
#4219=VECTOR('',#15572,10.);
#4220=VECTOR('',#15575,10.);
#4221=VECTOR('',#15578,10.);
#4222=VECTOR('',#15581,10.);
#4223=VECTOR('',#15584,10.);
#4224=VECTOR('',#15587,10.);
#4225=VECTOR('',#15590,10.);
#4226=VECTOR('',#15593,10.);
#4227=VECTOR('',#15596,10.);
#4228=VECTOR('',#15599,10.);
#4229=VECTOR('',#15602,10.);
#4230=VECTOR('',#15605,10.);
#4231=VECTOR('',#15608,10.);
#4232=VECTOR('',#15611,10.);
#4233=VECTOR('',#15614,10.);
#4234=VECTOR('',#15617,10.);
#4235=VECTOR('',#15620,10.);
#4236=VECTOR('',#15623,10.);
#4237=VECTOR('',#15626,10.);
#4238=VECTOR('',#15629,10.);
#4239=VECTOR('',#15632,10.);
#4240=VECTOR('',#15635,10.);
#4241=VECTOR('',#15638,10.);
#4242=VECTOR('',#15641,10.);
#4243=VECTOR('',#15644,10.);
#4244=VECTOR('',#15647,10.);
#4245=VECTOR('',#15650,10.);
#4246=VECTOR('',#15653,10.);
#4247=VECTOR('',#15656,10.);
#4248=VECTOR('',#15659,10.);
#4249=VECTOR('',#15662,10.);
#4250=VECTOR('',#15665,10.);
#4251=VECTOR('',#15668,10.);
#4252=VECTOR('',#15671,10.);
#4253=VECTOR('',#15674,10.);
#4254=VECTOR('',#15677,10.);
#4255=VECTOR('',#15680,10.);
#4256=VECTOR('',#15683,10.);
#4257=VECTOR('',#15686,10.);
#4258=VECTOR('',#15689,10.);
#4259=VECTOR('',#15692,10.);
#4260=VECTOR('',#15695,10.);
#4261=VECTOR('',#15698,10.);
#4262=VECTOR('',#15701,10.);
#4263=VECTOR('',#15704,10.);
#4264=VECTOR('',#15707,10.);
#4265=VECTOR('',#15710,10.);
#4266=VECTOR('',#15713,10.);
#4267=VECTOR('',#15716,10.);
#4268=VECTOR('',#15719,10.);
#4269=VECTOR('',#15722,10.);
#4270=VECTOR('',#15725,10.);
#4271=VECTOR('',#15728,10.);
#4272=VECTOR('',#15731,10.);
#4273=VECTOR('',#15734,10.);
#4274=VECTOR('',#15737,10.);
#4275=VECTOR('',#15740,10.);
#4276=VECTOR('',#15743,10.);
#4277=VECTOR('',#15746,10.);
#4278=VECTOR('',#15749,10.);
#4279=VECTOR('',#15752,10.);
#4280=VECTOR('',#15755,10.);
#4281=VECTOR('',#15758,10.);
#4282=VECTOR('',#15761,10.);
#4283=VECTOR('',#15764,10.);
#4284=VECTOR('',#15767,10.);
#4285=VECTOR('',#15770,10.);
#4286=VECTOR('',#15773,10.);
#4287=VECTOR('',#15776,10.);
#4288=VECTOR('',#15779,10.);
#4289=VECTOR('',#15782,10.);
#4290=VECTOR('',#15785,10.);
#4291=VECTOR('',#15788,10.);
#4292=VECTOR('',#15791,10.);
#4293=VECTOR('',#15794,10.);
#4294=VECTOR('',#15797,10.);
#4295=VECTOR('',#15800,10.);
#4296=VECTOR('',#15803,10.);
#4297=VECTOR('',#15806,10.);
#4298=VECTOR('',#15809,10.);
#4299=VECTOR('',#15812,10.);
#4300=VECTOR('',#15815,10.);
#4301=VECTOR('',#15818,10.);
#4302=VECTOR('',#15821,10.);
#4303=VECTOR('',#15824,10.);
#4304=VECTOR('',#15827,10.);
#4305=VECTOR('',#15830,10.);
#4306=VECTOR('',#15833,10.);
#4307=VECTOR('',#15836,10.);
#4308=VECTOR('',#15839,10.);
#4309=VECTOR('',#15842,10.);
#4310=VECTOR('',#15845,10.);
#4311=VECTOR('',#15848,10.);
#4312=VECTOR('',#15851,10.);
#4313=VECTOR('',#15854,10.);
#4314=VECTOR('',#15857,10.);
#4315=VECTOR('',#15860,10.);
#4316=VECTOR('',#15863,10.);
#4317=VECTOR('',#15866,10.);
#4318=VECTOR('',#15869,10.);
#4319=VECTOR('',#15872,10.);
#4320=VECTOR('',#15875,10.);
#4321=VECTOR('',#15878,10.);
#4322=VECTOR('',#15881,10.);
#4323=VECTOR('',#15884,10.);
#4324=VECTOR('',#15887,10.);
#4325=VECTOR('',#15890,10.);
#4326=VECTOR('',#15893,10.);
#4327=VECTOR('',#15896,10.);
#4328=VECTOR('',#15899,10.);
#4329=VECTOR('',#15902,10.);
#4330=VECTOR('',#15905,10.);
#4331=VECTOR('',#15908,10.);
#4332=VECTOR('',#15911,10.);
#4333=VECTOR('',#15914,10.);
#4334=VECTOR('',#15917,10.);
#4335=VECTOR('',#15920,10.);
#4336=VECTOR('',#15923,10.);
#4337=VECTOR('',#15926,10.);
#4338=VECTOR('',#15929,10.);
#4339=VECTOR('',#15932,10.);
#4340=VECTOR('',#15935,10.);
#4341=VECTOR('',#15938,10.);
#4342=VECTOR('',#15941,10.);
#4343=VECTOR('',#15944,10.);
#4344=VECTOR('',#15947,10.);
#4345=VECTOR('',#15950,10.);
#4346=VECTOR('',#15953,10.);
#4347=VECTOR('',#15960,10.);
#4348=VECTOR('',#15961,10.);
#4349=VECTOR('',#15964,10.);
#4350=VECTOR('',#15967,10.);
#4351=VECTOR('',#15968,10.);
#4352=VECTOR('',#15971,10.);
#4353=VECTOR('',#15974,10.);
#4354=VECTOR('',#15977,10.);
#4355=VECTOR('',#15980,10.);
#4356=VECTOR('',#15981,10.);
#4357=VECTOR('',#15986,10.);
#4358=VECTOR('',#15989,10.);
#4359=VECTOR('',#15992,10.);
#4360=VECTOR('',#15995,10.);
#4361=VECTOR('',#15998,10.);
#4362=VECTOR('',#16001,10.);
#4363=VECTOR('',#16002,10.);
#4364=VECTOR('',#16003,10.);
#4365=VECTOR('',#16006,10.);
#4366=VECTOR('',#16009,10.);
#4367=VECTOR('',#16010,10.);
#4368=VECTOR('',#16013,10.);
#4369=VECTOR('',#16016,10.);
#4370=VECTOR('',#16019,10.);
#4371=VECTOR('',#16022,10.);
#4372=VECTOR('',#16025,10.);
#4373=VECTOR('',#16028,10.);
#4374=VECTOR('',#16031,10.);
#4375=VECTOR('',#16034,10.);
#4376=VECTOR('',#16037,10.);
#4377=VECTOR('',#16040,10.);
#4378=VECTOR('',#16043,10.);
#4379=VECTOR('',#16044,10.);
#4380=VECTOR('',#16045,10.);
#4381=VECTOR('',#16048,10.);
#4382=VECTOR('',#16051,10.);
#4383=VECTOR('',#16052,10.);
#4384=VECTOR('',#16055,10.);
#4385=VECTOR('',#16058,10.);
#4386=VECTOR('',#16061,10.);
#4387=VECTOR('',#16064,10.);
#4388=VECTOR('',#16067,10.);
#4389=VECTOR('',#16072,10.);
#4390=VECTOR('',#16073,10.);
#4391=VECTOR('',#16076,10.);
#4392=VECTOR('',#16079,10.);
#4393=VECTOR('',#16080,10.);
#4394=VECTOR('',#16083,10.);
#4395=VECTOR('',#16086,10.);
#4396=VECTOR('',#16089,10.);
#4397=VECTOR('',#16092,10.);
#4398=VECTOR('',#16093,10.);
#4399=VECTOR('',#16098,10.);
#4400=VECTOR('',#16101,10.);
#4401=VECTOR('',#16104,10.);
#4402=VECTOR('',#16107,10.);
#4403=VECTOR('',#16110,10.);
#4404=VECTOR('',#16113,10.);
#4405=VECTOR('',#16116,10.);
#4406=VECTOR('',#16119,10.);
#4407=VECTOR('',#16122,10.);
#4408=VECTOR('',#16125,10.);
#4409=VECTOR('',#16128,10.);
#4410=VECTOR('',#16131,10.);
#4411=VECTOR('',#16134,10.);
#4412=VECTOR('',#16137,10.);
#4413=VECTOR('',#16140,10.);
#4414=VECTOR('',#16145,10.);
#4415=VECTOR('',#16148,10.);
#4416=VECTOR('',#16151,10.);
#4417=VECTOR('',#16154,10.);
#4418=VECTOR('',#16157,10.);
#4419=VECTOR('',#16160,10.);
#4420=VECTOR('',#16163,10.);
#4421=VECTOR('',#16166,10.);
#4422=VECTOR('',#16169,10.);
#4423=VECTOR('',#16172,10.);
#4424=VECTOR('',#16175,10.);
#4425=VECTOR('',#16178,10.);
#4426=VECTOR('',#16183,10.);
#4427=VECTOR('',#16186,10.);
#4428=VECTOR('',#16189,10.);
#4429=VECTOR('',#16192,10.);
#4430=VECTOR('',#16195,10.);
#4431=VECTOR('',#16200,10.);
#4432=VECTOR('',#16203,10.);
#4433=VECTOR('',#16206,10.);
#4434=VECTOR('',#16209,10.);
#4435=VECTOR('',#16212,10.);
#4436=VECTOR('',#16215,10.);
#4437=VECTOR('',#16220,10.);
#4438=VECTOR('',#16223,10.);
#4439=VECTOR('',#16226,10.);
#4440=VECTOR('',#16229,10.);
#4441=VECTOR('',#16232,10.);
#4442=VECTOR('',#16235,10.);
#4443=VECTOR('',#16238,10.);
#4444=VECTOR('',#16241,10.);
#4445=VECTOR('',#16244,10.);
#4446=VECTOR('',#16247,10.);
#4447=VECTOR('',#16250,10.);
#4448=VECTOR('',#16253,10.);
#4449=VECTOR('',#16258,10.);
#4450=VECTOR('',#16261,10.);
#4451=VECTOR('',#16264,10.);
#4452=VECTOR('',#16267,10.);
#4453=VECTOR('',#16270,10.);
#4454=VECTOR('',#16275,10.);
#4455=VECTOR('',#16278,10.);
#4456=VECTOR('',#16281,10.);
#4457=VECTOR('',#16284,10.);
#4458=VECTOR('',#16287,10.);
#4459=VECTOR('',#16290,10.);
#4460=VECTOR('',#16295,10.);
#4461=VECTOR('',#16298,10.);
#4462=VECTOR('',#16301,10.);
#4463=VECTOR('',#16304,10.);
#4464=VECTOR('',#16307,10.);
#4465=VECTOR('',#16310,10.);
#4466=VECTOR('',#16313,10.);
#4467=VECTOR('',#16316,10.);
#4468=VECTOR('',#16319,10.);
#4469=VECTOR('',#16322,10.);
#4470=VECTOR('',#16325,10.);
#4471=VECTOR('',#16330,10.);
#4472=VECTOR('',#16333,10.);
#4473=VECTOR('',#16336,10.);
#4474=VECTOR('',#16337,10.);
#4475=VECTOR('',#16340,10.);
#4476=VECTOR('',#16343,10.);
#4477=VECTOR('',#16346,10.);
#4478=VECTOR('',#16349,10.);
#4479=VECTOR('',#16352,10.);
#4480=VECTOR('',#16355,10.);
#4481=VECTOR('',#16360,10.);
#4482=VECTOR('',#16361,10.);
#4483=VECTOR('',#16364,10.);
#4484=VECTOR('',#16367,10.);
#4485=VECTOR('',#16370,10.);
#4486=VECTOR('',#16373,10.);
#4487=VECTOR('',#16376,10.);
#4488=VECTOR('',#16379,10.);
#4489=VECTOR('',#16384,10.);
#4490=VECTOR('',#16385,10.);
#4491=VECTOR('',#16388,10.);
#4492=VECTOR('',#16391,10.);
#4493=VECTOR('',#16394,10.);
#4494=VECTOR('',#16397,10.);
#4495=VECTOR('',#16400,10.);
#4496=VECTOR('',#16403,10.);
#4497=VECTOR('',#16408,10.);
#4498=VECTOR('',#16409,10.);
#4499=VECTOR('',#16412,10.);
#4500=VECTOR('',#16415,10.);
#4501=VECTOR('',#16418,10.);
#4502=VECTOR('',#16421,10.);
#4503=VECTOR('',#16424,10.);
#4504=VECTOR('',#16427,10.);
#4505=VECTOR('',#16432,10.);
#4506=VECTOR('',#16433,10.);
#4507=VECTOR('',#16436,10.);
#4508=VECTOR('',#16439,10.);
#4509=VECTOR('',#16442,10.);
#4510=VECTOR('',#16445,10.);
#4511=VECTOR('',#16448,10.);
#4512=VECTOR('',#16451,10.);
#4513=VECTOR('',#16456,10.);
#4514=VECTOR('',#16457,10.);
#4515=VECTOR('',#16460,10.);
#4516=VECTOR('',#16463,10.);
#4517=VECTOR('',#16466,10.);
#4518=VECTOR('',#16469,10.);
#4519=VECTOR('',#16472,10.);
#4520=VECTOR('',#16475,10.);
#4521=VECTOR('',#16480,10.);
#4522=VECTOR('',#16481,10.);
#4523=VECTOR('',#16484,10.);
#4524=VECTOR('',#16487,10.);
#4525=VECTOR('',#16490,10.);
#4526=VECTOR('',#16493,10.);
#4527=VECTOR('',#16496,10.);
#4528=VECTOR('',#16499,10.);
#4529=VECTOR('',#16504,10.);
#4530=VECTOR('',#16505,10.);
#4531=VECTOR('',#16508,10.);
#4532=VECTOR('',#16511,10.);
#4533=VECTOR('',#16514,10.);
#4534=VECTOR('',#16517,10.);
#4535=VECTOR('',#16520,10.);
#4536=VECTOR('',#16523,10.);
#4537=VECTOR('',#16528,10.);
#4538=VECTOR('',#16529,10.);
#4539=VECTOR('',#16532,10.);
#4540=VECTOR('',#16535,10.);
#4541=VECTOR('',#16538,10.);
#4542=VECTOR('',#16541,10.);
#4543=VECTOR('',#16544,10.);
#4544=VECTOR('',#16547,10.);
#4545=VECTOR('',#16552,10.);
#4546=VECTOR('',#16553,10.);
#4547=VECTOR('',#16556,10.);
#4548=VECTOR('',#16559,10.);
#4549=VECTOR('',#16562,10.);
#4550=VECTOR('',#16565,10.);
#4551=VECTOR('',#16568,10.);
#4552=VECTOR('',#16571,10.);
#4553=VECTOR('',#16576,10.);
#4554=VECTOR('',#16577,10.);
#4555=VECTOR('',#16580,10.);
#4556=VECTOR('',#16583,10.);
#4557=VECTOR('',#16586,10.);
#4558=VECTOR('',#16589,10.);
#4559=VECTOR('',#16592,10.);
#4560=VECTOR('',#16595,10.);
#4561=VECTOR('',#16600,10.);
#4562=VECTOR('',#16601,10.);
#4563=VECTOR('',#16604,10.);
#4564=VECTOR('',#16607,10.);
#4565=VECTOR('',#16610,10.);
#4566=VECTOR('',#16613,10.);
#4567=VECTOR('',#16616,10.);
#4568=VECTOR('',#16619,10.);
#4569=VECTOR('',#16624,10.);
#4570=VECTOR('',#16625,10.);
#4571=VECTOR('',#16628,10.);
#4572=VECTOR('',#16631,10.);
#4573=VECTOR('',#16634,10.);
#4574=VECTOR('',#16637,10.);
#4575=VECTOR('',#16640,10.);
#4576=VECTOR('',#16643,10.);
#4577=VECTOR('',#16648,10.);
#4578=VECTOR('',#16649,10.);
#4579=VECTOR('',#16652,10.);
#4580=VECTOR('',#16655,10.);
#4581=VECTOR('',#16658,10.);
#4582=VECTOR('',#16661,10.);
#4583=VECTOR('',#16664,10.);
#4584=VECTOR('',#16667,10.);
#4585=VECTOR('',#16672,10.);
#4586=VECTOR('',#16673,10.);
#4587=VECTOR('',#16676,10.);
#4588=VECTOR('',#16679,10.);
#4589=VECTOR('',#16682,10.);
#4590=VECTOR('',#16685,10.);
#4591=VECTOR('',#16688,10.);
#4592=VECTOR('',#16691,10.);
#4593=VECTOR('',#16696,10.);
#4594=VECTOR('',#16697,10.);
#4595=VECTOR('',#16700,10.);
#4596=VECTOR('',#16703,10.);
#4597=VECTOR('',#16706,10.);
#4598=VECTOR('',#16709,10.);
#4599=VECTOR('',#16712,10.);
#4600=VECTOR('',#16715,10.);
#4601=VECTOR('',#16720,10.);
#4602=VECTOR('',#16721,10.);
#4603=VECTOR('',#16724,10.);
#4604=VECTOR('',#16727,10.);
#4605=VECTOR('',#16730,10.);
#4606=VECTOR('',#16733,10.);
#4607=VECTOR('',#16736,10.);
#4608=VECTOR('',#16739,10.);
#4609=VECTOR('',#16744,10.);
#4610=VECTOR('',#16745,10.);
#4611=VECTOR('',#16748,10.);
#4612=VECTOR('',#16751,10.);
#4613=VECTOR('',#16754,10.);
#4614=VECTOR('',#16757,10.);
#4615=VECTOR('',#16760,10.);
#4616=VECTOR('',#16763,10.);
#4617=VECTOR('',#16768,10.);
#4618=VECTOR('',#16769,10.);
#4619=VECTOR('',#16772,10.);
#4620=VECTOR('',#16775,10.);
#4621=VECTOR('',#16778,10.);
#4622=VECTOR('',#16781,10.);
#4623=VECTOR('',#16784,10.);
#4624=VECTOR('',#16787,10.);
#4625=VECTOR('',#16792,10.);
#4626=VECTOR('',#16793,10.);
#4627=VECTOR('',#16796,10.);
#4628=VECTOR('',#16799,10.);
#4629=VECTOR('',#16802,10.);
#4630=VECTOR('',#16805,10.);
#4631=VECTOR('',#16808,10.);
#4632=VECTOR('',#16811,10.);
#4633=VECTOR('',#16816,10.);
#4634=VECTOR('',#16817,10.);
#4635=VECTOR('',#16820,10.);
#4636=VECTOR('',#16823,10.);
#4637=VECTOR('',#16826,10.);
#4638=VECTOR('',#16829,10.);
#4639=VECTOR('',#16832,10.);
#4640=VECTOR('',#16835,10.);
#4641=VECTOR('',#16840,10.);
#4642=VECTOR('',#16841,10.);
#4643=VECTOR('',#16844,10.);
#4644=VECTOR('',#16847,10.);
#4645=VECTOR('',#16850,10.);
#4646=VECTOR('',#16853,10.);
#4647=VECTOR('',#16856,10.);
#4648=VECTOR('',#16859,10.);
#4649=VECTOR('',#16864,10.);
#4650=VECTOR('',#16865,10.);
#4651=VECTOR('',#16868,10.);
#4652=VECTOR('',#16871,10.);
#4653=VECTOR('',#16874,10.);
#4654=VECTOR('',#16877,10.);
#4655=VECTOR('',#16880,10.);
#4656=VECTOR('',#16883,10.);
#4657=VECTOR('',#16888,10.);
#4658=VECTOR('',#16889,10.);
#4659=VECTOR('',#16892,10.);
#4660=VECTOR('',#16895,10.);
#4661=VECTOR('',#16898,10.);
#4662=VECTOR('',#16901,10.);
#4663=VECTOR('',#16904,10.);
#4664=VECTOR('',#16907,10.);
#4665=VECTOR('',#16912,10.);
#4666=VECTOR('',#16913,10.);
#4667=VECTOR('',#16916,10.);
#4668=VECTOR('',#16919,10.);
#4669=VECTOR('',#16922,10.);
#4670=VECTOR('',#16925,10.);
#4671=VECTOR('',#16928,10.);
#4672=VECTOR('',#16931,10.);
#4673=VECTOR('',#16936,10.);
#4674=VECTOR('',#16937,10.);
#4675=VECTOR('',#16940,10.);
#4676=VECTOR('',#16943,10.);
#4677=VECTOR('',#16946,10.);
#4678=VECTOR('',#16949,10.);
#4679=VECTOR('',#16952,10.);
#4680=VECTOR('',#16955,10.);
#4681=VECTOR('',#16960,10.);
#4682=VECTOR('',#16961,10.);
#4683=VECTOR('',#16964,10.);
#4684=VECTOR('',#16967,10.);
#4685=VECTOR('',#16970,10.);
#4686=VECTOR('',#16973,10.);
#4687=VECTOR('',#16976,10.);
#4688=VECTOR('',#16979,10.);
#4689=VECTOR('',#16984,10.);
#4690=VECTOR('',#16985,10.);
#4691=VECTOR('',#16988,10.);
#4692=VECTOR('',#16991,10.);
#4693=VECTOR('',#16994,10.);
#4694=VECTOR('',#16997,10.);
#4695=VECTOR('',#17000,10.);
#4696=VECTOR('',#17003,10.);
#4697=VECTOR('',#17008,10.);
#4698=VECTOR('',#17009,10.);
#4699=VECTOR('',#17012,10.);
#4700=VECTOR('',#17015,10.);
#4701=VECTOR('',#17018,10.);
#4702=VECTOR('',#17021,10.);
#4703=VECTOR('',#17024,10.);
#4704=VECTOR('',#17027,10.);
#4705=VECTOR('',#17032,10.);
#4706=VECTOR('',#17033,10.);
#4707=VECTOR('',#17036,10.);
#4708=VECTOR('',#17039,10.);
#4709=VECTOR('',#17042,10.);
#4710=VECTOR('',#17045,10.);
#4711=VECTOR('',#17048,10.);
#4712=VECTOR('',#17051,10.);
#4713=VECTOR('',#17056,10.);
#4714=VECTOR('',#17059,10.);
#4715=VECTOR('',#17062,10.);
#4716=VECTOR('',#17067,10.);
#4717=VECTOR('',#17070,10.);
#4718=VECTOR('',#17075,10.);
#4719=VECTOR('',#17078,10.);
#4720=VECTOR('',#17081,10.);
#4721=VECTOR('',#17086,10.);
#4722=VECTOR('',#17089,10.);
#4723=VECTOR('',#17094,10.);
#4724=VECTOR('',#17095,10.);
#4725=VECTOR('',#17098,10.);
#4726=VECTOR('',#17101,10.);
#4727=VECTOR('',#17104,10.);
#4728=VECTOR('',#17107,10.);
#4729=VECTOR('',#17110,10.);
#4730=VECTOR('',#17113,10.);
#4731=VECTOR('',#17118,10.);
#4732=VECTOR('',#17119,10.);
#4733=VECTOR('',#17122,10.);
#4734=VECTOR('',#17125,10.);
#4735=VECTOR('',#17128,10.);
#4736=VECTOR('',#17131,10.);
#4737=VECTOR('',#17134,10.);
#4738=VECTOR('',#17137,10.);
#4739=VECTOR('',#17142,10.);
#4740=VECTOR('',#17143,10.);
#4741=VECTOR('',#17146,10.);
#4742=VECTOR('',#17149,10.);
#4743=VECTOR('',#17152,10.);
#4744=VECTOR('',#17155,10.);
#4745=VECTOR('',#17158,10.);
#4746=VECTOR('',#17161,10.);
#4747=VECTOR('',#17166,10.);
#4748=VECTOR('',#17167,10.);
#4749=VECTOR('',#17170,10.);
#4750=VECTOR('',#17173,10.);
#4751=VECTOR('',#17176,10.);
#4752=VECTOR('',#17179,10.);
#4753=VECTOR('',#17182,10.);
#4754=VECTOR('',#17185,10.);
#4755=VECTOR('',#17190,10.);
#4756=VECTOR('',#17191,10.);
#4757=VECTOR('',#17194,10.);
#4758=VECTOR('',#17197,10.);
#4759=VECTOR('',#17200,10.);
#4760=VECTOR('',#17203,10.);
#4761=VECTOR('',#17206,10.);
#4762=VECTOR('',#17209,10.);
#4763=VECTOR('',#17214,10.);
#4764=VECTOR('',#17215,10.);
#4765=VECTOR('',#17218,10.);
#4766=VECTOR('',#17221,10.);
#4767=VECTOR('',#17224,10.);
#4768=VECTOR('',#17227,10.);
#4769=VECTOR('',#17230,10.);
#4770=VECTOR('',#17233,10.);
#4771=VECTOR('',#17238,10.);
#4772=VECTOR('',#17239,10.);
#4773=VECTOR('',#17242,10.);
#4774=VECTOR('',#17245,10.);
#4775=VECTOR('',#17248,10.);
#4776=VECTOR('',#17251,10.);
#4777=VECTOR('',#17254,10.);
#4778=VECTOR('',#17257,10.);
#4779=VECTOR('',#17262,10.);
#4780=VECTOR('',#17263,10.);
#4781=VECTOR('',#17266,10.);
#4782=VECTOR('',#17269,10.);
#4783=VECTOR('',#17272,10.);
#4784=VECTOR('',#17275,10.);
#4785=VECTOR('',#17278,10.);
#4786=VECTOR('',#17281,10.);
#4787=VECTOR('',#17286,10.);
#4788=VECTOR('',#17287,10.);
#4789=VECTOR('',#17290,10.);
#4790=VECTOR('',#17293,10.);
#4791=VECTOR('',#17296,10.);
#4792=VECTOR('',#17299,10.);
#4793=VECTOR('',#17302,10.);
#4794=VECTOR('',#17305,10.);
#4795=VECTOR('',#17310,10.);
#4796=VECTOR('',#17311,10.);
#4797=VECTOR('',#17314,10.);
#4798=VECTOR('',#17317,10.);
#4799=VECTOR('',#17320,10.);
#4800=VECTOR('',#17323,10.);
#4801=VECTOR('',#17326,10.);
#4802=VECTOR('',#17329,10.);
#4803=VECTOR('',#17336,10.);
#4804=VECTOR('',#17337,10.);
#4805=VECTOR('',#17340,10.);
#4806=VECTOR('',#17345,10.);
#4807=VECTOR('',#17348,10.);
#4808=VECTOR('',#17351,10.);
#4809=VECTOR('',#17354,10.);
#4810=VECTOR('',#17357,10.);
#4811=VECTOR('',#17360,10.);
#4812=VECTOR('',#17363,10.);
#4813=VECTOR('',#17366,10.);
#4814=VECTOR('',#17369,10.);
#4815=VECTOR('',#17372,10.);
#4816=VECTOR('',#17375,10.);
#4817=VECTOR('',#17378,10.);
#4818=VECTOR('',#17381,10.);
#4819=VECTOR('',#17384,10.);
#4820=VECTOR('',#17389,10.);
#4821=VECTOR('',#17392,10.);
#4822=VECTOR('',#17395,10.);
#4823=VECTOR('',#17398,10.);
#4824=VECTOR('',#17401,10.);
#4825=VECTOR('',#17404,10.);
#4826=VECTOR('',#17407,10.);
#4827=VECTOR('',#17410,10.);
#4828=VECTOR('',#17413,10.);
#4829=VECTOR('',#17416,10.);
#4830=VECTOR('',#17419,10.);
#4831=VECTOR('',#17422,10.);
#4832=VECTOR('',#17425,10.);
#4833=VECTOR('',#17428,10.);
#4834=VECTOR('',#17433,10.);
#4835=VECTOR('',#17436,10.);
#4836=VECTOR('',#17439,10.);
#4837=VECTOR('',#17442,10.);
#4838=VECTOR('',#17445,10.);
#4839=VECTOR('',#17448,10.);
#4840=VECTOR('',#17451,10.);
#4841=VECTOR('',#17454,10.);
#4842=VECTOR('',#17457,10.);
#4843=VECTOR('',#17460,10.);
#4844=VECTOR('',#17463,10.);
#4845=VECTOR('',#17466,10.);
#4846=VECTOR('',#17469,10.);
#4847=VECTOR('',#17472,10.);
#4848=VECTOR('',#17477,10.);
#4849=VECTOR('',#17480,10.);
#4850=VECTOR('',#17483,10.);
#4851=VECTOR('',#17486,10.);
#4852=VECTOR('',#17489,10.);
#4853=VECTOR('',#17492,10.);
#4854=VECTOR('',#17495,10.);
#4855=VECTOR('',#17498,10.);
#4856=VECTOR('',#17501,10.);
#4857=VECTOR('',#17504,10.);
#4858=VECTOR('',#17507,10.);
#4859=VERTEX_POINT('',#17512);
#4860=VERTEX_POINT('',#17513);
#4861=VERTEX_POINT('',#17515);
#4862=VERTEX_POINT('',#17517);
#4863=VERTEX_POINT('',#17521);
#4864=VERTEX_POINT('',#17522);
#4865=VERTEX_POINT('',#17524);
#4866=VERTEX_POINT('',#17526);
#4867=VERTEX_POINT('',#17530);
#4868=VERTEX_POINT('',#17531);
#4869=VERTEX_POINT('',#17533);
#4870=VERTEX_POINT('',#17535);
#4871=VERTEX_POINT('',#17539);
#4872=VERTEX_POINT('',#17540);
#4873=VERTEX_POINT('',#17542);
#4874=VERTEX_POINT('',#17544);
#4875=VERTEX_POINT('',#17548);
#4876=VERTEX_POINT('',#17549);
#4877=VERTEX_POINT('',#17551);
#4878=VERTEX_POINT('',#17553);
#4879=VERTEX_POINT('',#17557);
#4880=VERTEX_POINT('',#17558);
#4881=VERTEX_POINT('',#17560);
#4882=VERTEX_POINT('',#17562);
#4883=VERTEX_POINT('',#17566);
#4884=VERTEX_POINT('',#17567);
#4885=VERTEX_POINT('',#17569);
#4886=VERTEX_POINT('',#17571);
#4887=VERTEX_POINT('',#17575);
#4888=VERTEX_POINT('',#17576);
#4889=VERTEX_POINT('',#17578);
#4890=VERTEX_POINT('',#17580);
#4891=VERTEX_POINT('',#17584);
#4892=VERTEX_POINT('',#17585);
#4893=VERTEX_POINT('',#17587);
#4894=VERTEX_POINT('',#17589);
#4895=VERTEX_POINT('',#17591);
#4896=VERTEX_POINT('',#17593);
#4897=VERTEX_POINT('',#17595);
#4898=VERTEX_POINT('',#17597);
#4899=VERTEX_POINT('',#17599);
#4900=VERTEX_POINT('',#17601);
#4901=VERTEX_POINT('',#17603);
#4902=VERTEX_POINT('',#17605);
#4903=VERTEX_POINT('',#17607);
#4904=VERTEX_POINT('',#17609);
#4905=VERTEX_POINT('',#17611);
#4906=VERTEX_POINT('',#17613);
#4907=VERTEX_POINT('',#17615);
#4908=VERTEX_POINT('',#17617);
#4909=VERTEX_POINT('',#17619);
#4910=VERTEX_POINT('',#17621);
#4911=VERTEX_POINT('',#17623);
#4912=VERTEX_POINT('',#17625);
#4913=VERTEX_POINT('',#17627);
#4914=VERTEX_POINT('',#17629);
#4915=VERTEX_POINT('',#17631);
#4916=VERTEX_POINT('',#17633);
#4917=VERTEX_POINT('',#17635);
#4918=VERTEX_POINT('',#17637);
#4919=VERTEX_POINT('',#17639);
#4920=VERTEX_POINT('',#17641);
#4921=VERTEX_POINT('',#17643);
#4922=VERTEX_POINT('',#17645);
#4923=VERTEX_POINT('',#17647);
#4924=VERTEX_POINT('',#17649);
#4925=VERTEX_POINT('',#17651);
#4926=VERTEX_POINT('',#17653);
#4927=VERTEX_POINT('',#17655);
#4928=VERTEX_POINT('',#17657);
#4929=VERTEX_POINT('',#17659);
#4930=VERTEX_POINT('',#17661);
#4931=VERTEX_POINT('',#17664);
#4932=VERTEX_POINT('',#17665);
#4933=VERTEX_POINT('',#17667);
#4934=VERTEX_POINT('',#17669);
#4935=VERTEX_POINT('',#17671);
#4936=VERTEX_POINT('',#17673);
#4937=VERTEX_POINT('',#17675);
#4938=VERTEX_POINT('',#17677);
#4939=VERTEX_POINT('',#17679);
#4940=VERTEX_POINT('',#17681);
#4941=VERTEX_POINT('',#17684);
#4942=VERTEX_POINT('',#17686);
#4943=VERTEX_POINT('',#17688);
#4944=VERTEX_POINT('',#17690);
#4945=VERTEX_POINT('',#17693);
#4946=VERTEX_POINT('',#17695);
#4947=VERTEX_POINT('',#17697);
#4948=VERTEX_POINT('',#17699);
#4949=VERTEX_POINT('',#17701);
#4950=VERTEX_POINT('',#17703);
#4951=VERTEX_POINT('',#17705);
#4952=VERTEX_POINT('',#17707);
#4953=VERTEX_POINT('',#17709);
#4954=VERTEX_POINT('',#17711);
#4955=VERTEX_POINT('',#17713);
#4956=VERTEX_POINT('',#17715);
#4957=VERTEX_POINT('',#17717);
#4958=VERTEX_POINT('',#17719);
#4959=VERTEX_POINT('',#17721);
#4960=VERTEX_POINT('',#17723);
#4961=VERTEX_POINT('',#17725);
#4962=VERTEX_POINT('',#17727);
#4963=VERTEX_POINT('',#17729);
#4964=VERTEX_POINT('',#17731);
#4965=VERTEX_POINT('',#17733);
#4966=VERTEX_POINT('',#17736);
#4967=VERTEX_POINT('',#17738);
#4968=VERTEX_POINT('',#17740);
#4969=VERTEX_POINT('',#17742);
#4970=VERTEX_POINT('',#17745);
#4971=VERTEX_POINT('',#17747);
#4972=VERTEX_POINT('',#17749);
#4973=VERTEX_POINT('',#17751);
#4974=VERTEX_POINT('',#17753);
#4975=VERTEX_POINT('',#17755);
#4976=VERTEX_POINT('',#17757);
#4977=VERTEX_POINT('',#17759);
#4978=VERTEX_POINT('',#17761);
#4979=VERTEX_POINT('',#17763);
#4980=VERTEX_POINT('',#17765);
#4981=VERTEX_POINT('',#17768);
#4982=VERTEX_POINT('',#17769);
#4983=VERTEX_POINT('',#17771);
#4984=VERTEX_POINT('',#17773);
#4985=VERTEX_POINT('',#17775);
#4986=VERTEX_POINT('',#17777);
#4987=VERTEX_POINT('',#17779);
#4988=VERTEX_POINT('',#17781);
#4989=VERTEX_POINT('',#17784);
#4990=VERTEX_POINT('',#17785);
#4991=VERTEX_POINT('',#17787);
#4992=VERTEX_POINT('',#17789);
#4993=VERTEX_POINT('',#17791);
#4994=VERTEX_POINT('',#17793);
#4995=VERTEX_POINT('',#17795);
#4996=VERTEX_POINT('',#17797);
#4997=VERTEX_POINT('',#17800);
#4998=VERTEX_POINT('',#17801);
#4999=VERTEX_POINT('',#17803);
#5000=VERTEX_POINT('',#17805);
#5001=VERTEX_POINT('',#17807);
#5002=VERTEX_POINT('',#17809);
#5003=VERTEX_POINT('',#17811);
#5004=VERTEX_POINT('',#17813);
#5005=VERTEX_POINT('',#17816);
#5006=VERTEX_POINT('',#17817);
#5007=VERTEX_POINT('',#17819);
#5008=VERTEX_POINT('',#17821);
#5009=VERTEX_POINT('',#17823);
#5010=VERTEX_POINT('',#17825);
#5011=VERTEX_POINT('',#17827);
#5012=VERTEX_POINT('',#17829);
#5013=VERTEX_POINT('',#17832);
#5014=VERTEX_POINT('',#17833);
#5015=VERTEX_POINT('',#17835);
#5016=VERTEX_POINT('',#17837);
#5017=VERTEX_POINT('',#17839);
#5018=VERTEX_POINT('',#17841);
#5019=VERTEX_POINT('',#17843);
#5020=VERTEX_POINT('',#17845);
#5021=VERTEX_POINT('',#17848);
#5022=VERTEX_POINT('',#17849);
#5023=VERTEX_POINT('',#17851);
#5024=VERTEX_POINT('',#17853);
#5025=VERTEX_POINT('',#17855);
#5026=VERTEX_POINT('',#17857);
#5027=VERTEX_POINT('',#17859);
#5028=VERTEX_POINT('',#17861);
#5029=VERTEX_POINT('',#17864);
#5030=VERTEX_POINT('',#17865);
#5031=VERTEX_POINT('',#17867);
#5032=VERTEX_POINT('',#17869);
#5033=VERTEX_POINT('',#17871);
#5034=VERTEX_POINT('',#17873);
#5035=VERTEX_POINT('',#17875);
#5036=VERTEX_POINT('',#17877);
#5037=VERTEX_POINT('',#17880);
#5038=VERTEX_POINT('',#17881);
#5039=VERTEX_POINT('',#17883);
#5040=VERTEX_POINT('',#17885);
#5041=VERTEX_POINT('',#17887);
#5042=VERTEX_POINT('',#17889);
#5043=VERTEX_POINT('',#17891);
#5044=VERTEX_POINT('',#17893);
#5045=VERTEX_POINT('',#17896);
#5046=VERTEX_POINT('',#17897);
#5047=VERTEX_POINT('',#17899);
#5048=VERTEX_POINT('',#17901);
#5049=VERTEX_POINT('',#17903);
#5050=VERTEX_POINT('',#17905);
#5051=VERTEX_POINT('',#17907);
#5052=VERTEX_POINT('',#17909);
#5053=VERTEX_POINT('',#17912);
#5054=VERTEX_POINT('',#17913);
#5055=VERTEX_POINT('',#17915);
#5056=VERTEX_POINT('',#17917);
#5057=VERTEX_POINT('',#17919);
#5058=VERTEX_POINT('',#17921);
#5059=VERTEX_POINT('',#17923);
#5060=VERTEX_POINT('',#17925);
#5061=VERTEX_POINT('',#17928);
#5062=VERTEX_POINT('',#17929);
#5063=VERTEX_POINT('',#17931);
#5064=VERTEX_POINT('',#17933);
#5065=VERTEX_POINT('',#17935);
#5066=VERTEX_POINT('',#17937);
#5067=VERTEX_POINT('',#17939);
#5068=VERTEX_POINT('',#17941);
#5069=VERTEX_POINT('',#17944);
#5070=VERTEX_POINT('',#17945);
#5071=VERTEX_POINT('',#17947);
#5072=VERTEX_POINT('',#17949);
#5073=VERTEX_POINT('',#17951);
#5074=VERTEX_POINT('',#17953);
#5075=VERTEX_POINT('',#17955);
#5076=VERTEX_POINT('',#17957);
#5077=VERTEX_POINT('',#17960);
#5078=VERTEX_POINT('',#17961);
#5079=VERTEX_POINT('',#17963);
#5080=VERTEX_POINT('',#17965);
#5081=VERTEX_POINT('',#17967);
#5082=VERTEX_POINT('',#17969);
#5083=VERTEX_POINT('',#17971);
#5084=VERTEX_POINT('',#17973);
#5085=VERTEX_POINT('',#17976);
#5086=VERTEX_POINT('',#17977);
#5087=VERTEX_POINT('',#17979);
#5088=VERTEX_POINT('',#17981);
#5089=VERTEX_POINT('',#17983);
#5090=VERTEX_POINT('',#17985);
#5091=VERTEX_POINT('',#17987);
#5092=VERTEX_POINT('',#17989);
#5093=VERTEX_POINT('',#17992);
#5094=VERTEX_POINT('',#17993);
#5095=VERTEX_POINT('',#17995);
#5096=VERTEX_POINT('',#17997);
#5097=VERTEX_POINT('',#17999);
#5098=VERTEX_POINT('',#18001);
#5099=VERTEX_POINT('',#18003);
#5100=VERTEX_POINT('',#18005);
#5101=VERTEX_POINT('',#18007);
#5102=VERTEX_POINT('',#18009);
#5103=VERTEX_POINT('',#18011);
#5104=VERTEX_POINT('',#18013);
#5105=VERTEX_POINT('',#18015);
#5106=VERTEX_POINT('',#18018);
#5107=VERTEX_POINT('',#18020);
#5108=VERTEX_POINT('',#18022);
#5109=VERTEX_POINT('',#18024);
#5110=VERTEX_POINT('',#18027);
#5111=VERTEX_POINT('',#18029);
#5112=VERTEX_POINT('',#18031);
#5113=VERTEX_POINT('',#18033);
#5114=VERTEX_POINT('',#18035);
#5115=VERTEX_POINT('',#18037);
#5116=VERTEX_POINT('',#18039);
#5117=VERTEX_POINT('',#18041);
#5118=VERTEX_POINT('',#18043);
#5119=VERTEX_POINT('',#18045);
#5120=VERTEX_POINT('',#18047);
#5121=VERTEX_POINT('',#18049);
#5122=VERTEX_POINT('',#18051);
#5123=VERTEX_POINT('',#18053);
#5124=VERTEX_POINT('',#18055);
#5125=VERTEX_POINT('',#18057);
#5126=VERTEX_POINT('',#18059);
#5127=VERTEX_POINT('',#18061);
#5128=VERTEX_POINT('',#18063);
#5129=VERTEX_POINT('',#18065);
#5130=VERTEX_POINT('',#18067);
#5131=VERTEX_POINT('',#18070);
#5132=VERTEX_POINT('',#18072);
#5133=VERTEX_POINT('',#18074);
#5134=VERTEX_POINT('',#18076);
#5135=VERTEX_POINT('',#18079);
#5136=VERTEX_POINT('',#18081);
#5137=VERTEX_POINT('',#18083);
#5138=VERTEX_POINT('',#18085);
#5139=VERTEX_POINT('',#18087);
#5140=VERTEX_POINT('',#18089);
#5141=VERTEX_POINT('',#18091);
#5142=VERTEX_POINT('',#18093);
#5143=VERTEX_POINT('',#18097);
#5144=VERTEX_POINT('',#18099);
#5145=VERTEX_POINT('',#18103);
#5146=VERTEX_POINT('',#18107);
#5147=VERTEX_POINT('',#18111);
#5148=VERTEX_POINT('',#18115);
#5149=VERTEX_POINT('',#18119);
#5150=VERTEX_POINT('',#18123);
#5151=VERTEX_POINT('',#18127);
#5152=VERTEX_POINT('',#18131);
#5153=VERTEX_POINT('',#18135);
#5154=VERTEX_POINT('',#18139);
#5155=VERTEX_POINT('',#18143);
#5156=VERTEX_POINT('',#18147);
#5157=VERTEX_POINT('',#18151);
#5158=VERTEX_POINT('',#18155);
#5159=VERTEX_POINT('',#18159);
#5160=VERTEX_POINT('',#18163);
#5161=VERTEX_POINT('',#18167);
#5162=VERTEX_POINT('',#18171);
#5163=VERTEX_POINT('',#18175);
#5164=VERTEX_POINT('',#18179);
#5165=VERTEX_POINT('',#18183);
#5166=VERTEX_POINT('',#18187);
#5167=VERTEX_POINT('',#18191);
#5168=VERTEX_POINT('',#18195);
#5169=VERTEX_POINT('',#18199);
#5170=VERTEX_POINT('',#18203);
#5171=VERTEX_POINT('',#18207);
#5172=VERTEX_POINT('',#18211);
#5173=VERTEX_POINT('',#18215);
#5174=VERTEX_POINT('',#18219);
#5175=VERTEX_POINT('',#18223);
#5176=VERTEX_POINT('',#18227);
#5177=VERTEX_POINT('',#18231);
#5178=VERTEX_POINT('',#18235);
#5179=VERTEX_POINT('',#18239);
#5180=VERTEX_POINT('',#18243);
#5181=VERTEX_POINT('',#18247);
#5182=VERTEX_POINT('',#18251);
#5183=VERTEX_POINT('',#18257);
#5184=VERTEX_POINT('',#18258);
#5185=VERTEX_POINT('',#18260);
#5186=VERTEX_POINT('',#18262);
#5187=VERTEX_POINT('',#18266);
#5188=VERTEX_POINT('',#18268);
#5189=VERTEX_POINT('',#18272);
#5190=VERTEX_POINT('',#18274);
#5191=VERTEX_POINT('',#18278);
#5192=VERTEX_POINT('',#18280);
#5193=VERTEX_POINT('',#18284);
#5194=VERTEX_POINT('',#18286);
#5195=VERTEX_POINT('',#18290);
#5196=VERTEX_POINT('',#18292);
#5197=VERTEX_POINT('',#18296);
#5198=VERTEX_POINT('',#18298);
#5199=VERTEX_POINT('',#18305);
#5200=VERTEX_POINT('',#18306);
#5201=VERTEX_POINT('',#18308);
#5202=VERTEX_POINT('',#18310);
#5203=VERTEX_POINT('',#18314);
#5204=VERTEX_POINT('',#18316);
#5205=VERTEX_POINT('',#18320);
#5206=VERTEX_POINT('',#18322);
#5207=VERTEX_POINT('',#18326);
#5208=VERTEX_POINT('',#18328);
#5209=VERTEX_POINT('',#18332);
#5210=VERTEX_POINT('',#18334);
#5211=VERTEX_POINT('',#18338);
#5212=VERTEX_POINT('',#18340);
#5213=VERTEX_POINT('',#18344);
#5214=VERTEX_POINT('',#18346);
#5215=VERTEX_POINT('',#18353);
#5216=VERTEX_POINT('',#18354);
#5217=VERTEX_POINT('',#18356);
#5218=VERTEX_POINT('',#18358);
#5219=VERTEX_POINT('',#18362);
#5220=VERTEX_POINT('',#18364);
#5221=VERTEX_POINT('',#18368);
#5222=VERTEX_POINT('',#18370);
#5223=VERTEX_POINT('',#18374);
#5224=VERTEX_POINT('',#18376);
#5225=VERTEX_POINT('',#18380);
#5226=VERTEX_POINT('',#18382);
#5227=VERTEX_POINT('',#18386);
#5228=VERTEX_POINT('',#18388);
#5229=VERTEX_POINT('',#18392);
#5230=VERTEX_POINT('',#18394);
#5231=VERTEX_POINT('',#18401);
#5232=VERTEX_POINT('',#18402);
#5233=VERTEX_POINT('',#18404);
#5234=VERTEX_POINT('',#18406);
#5235=VERTEX_POINT('',#18410);
#5236=VERTEX_POINT('',#18412);
#5237=VERTEX_POINT('',#18416);
#5238=VERTEX_POINT('',#18418);
#5239=VERTEX_POINT('',#18422);
#5240=VERTEX_POINT('',#18424);
#5241=VERTEX_POINT('',#18428);
#5242=VERTEX_POINT('',#18430);
#5243=VERTEX_POINT('',#18434);
#5244=VERTEX_POINT('',#18436);
#5245=VERTEX_POINT('',#18440);
#5246=VERTEX_POINT('',#18442);
#5247=VERTEX_POINT('',#18449);
#5248=VERTEX_POINT('',#18450);
#5249=VERTEX_POINT('',#18452);
#5250=VERTEX_POINT('',#18454);
#5251=VERTEX_POINT('',#18458);
#5252=VERTEX_POINT('',#18460);
#5253=VERTEX_POINT('',#18464);
#5254=VERTEX_POINT('',#18466);
#5255=VERTEX_POINT('',#18470);
#5256=VERTEX_POINT('',#18472);
#5257=VERTEX_POINT('',#18476);
#5258=VERTEX_POINT('',#18478);
#5259=VERTEX_POINT('',#18482);
#5260=VERTEX_POINT('',#18484);
#5261=VERTEX_POINT('',#18488);
#5262=VERTEX_POINT('',#18490);
#5263=VERTEX_POINT('',#18497);
#5264=VERTEX_POINT('',#18498);
#5265=VERTEX_POINT('',#18500);
#5266=VERTEX_POINT('',#18502);
#5267=VERTEX_POINT('',#18506);
#5268=VERTEX_POINT('',#18508);
#5269=VERTEX_POINT('',#18512);
#5270=VERTEX_POINT('',#18514);
#5271=VERTEX_POINT('',#18518);
#5272=VERTEX_POINT('',#18520);
#5273=VERTEX_POINT('',#18524);
#5274=VERTEX_POINT('',#18526);
#5275=VERTEX_POINT('',#18530);
#5276=VERTEX_POINT('',#18532);
#5277=VERTEX_POINT('',#18536);
#5278=VERTEX_POINT('',#18538);
#5279=VERTEX_POINT('',#18545);
#5280=VERTEX_POINT('',#18546);
#5281=VERTEX_POINT('',#18548);
#5282=VERTEX_POINT('',#18550);
#5283=VERTEX_POINT('',#18554);
#5284=VERTEX_POINT('',#18556);
#5285=VERTEX_POINT('',#18560);
#5286=VERTEX_POINT('',#18562);
#5287=VERTEX_POINT('',#18566);
#5288=VERTEX_POINT('',#18568);
#5289=VERTEX_POINT('',#18572);
#5290=VERTEX_POINT('',#18574);
#5291=VERTEX_POINT('',#18578);
#5292=VERTEX_POINT('',#18580);
#5293=VERTEX_POINT('',#18584);
#5294=VERTEX_POINT('',#18586);
#5295=VERTEX_POINT('',#18593);
#5296=VERTEX_POINT('',#18594);
#5297=VERTEX_POINT('',#18596);
#5298=VERTEX_POINT('',#18598);
#5299=VERTEX_POINT('',#18602);
#5300=VERTEX_POINT('',#18604);
#5301=VERTEX_POINT('',#18608);
#5302=VERTEX_POINT('',#18610);
#5303=VERTEX_POINT('',#18614);
#5304=VERTEX_POINT('',#18616);
#5305=VERTEX_POINT('',#18620);
#5306=VERTEX_POINT('',#18622);
#5307=VERTEX_POINT('',#18626);
#5308=VERTEX_POINT('',#18628);
#5309=VERTEX_POINT('',#18632);
#5310=VERTEX_POINT('',#18634);
#5311=VERTEX_POINT('',#18641);
#5312=VERTEX_POINT('',#18642);
#5313=VERTEX_POINT('',#18644);
#5314=VERTEX_POINT('',#18646);
#5315=VERTEX_POINT('',#18650);
#5316=VERTEX_POINT('',#18651);
#5317=VERTEX_POINT('',#18653);
#5318=VERTEX_POINT('',#18655);
#5319=VERTEX_POINT('',#18657);
#5320=VERTEX_POINT('',#18659);
#5321=VERTEX_POINT('',#18661);
#5322=VERTEX_POINT('',#18663);
#5323=VERTEX_POINT('',#18666);
#5324=VERTEX_POINT('',#18670);
#5325=VERTEX_POINT('',#18671);
#5326=VERTEX_POINT('',#18673);
#5327=VERTEX_POINT('',#18675);
#5328=VERTEX_POINT('',#18677);
#5329=VERTEX_POINT('',#18679);
#5330=VERTEX_POINT('',#18681);
#5331=VERTEX_POINT('',#18683);
#5332=VERTEX_POINT('',#18687);
#5333=VERTEX_POINT('',#18688);
#5334=VERTEX_POINT('',#18690);
#5335=VERTEX_POINT('',#18692);
#5336=VERTEX_POINT('',#18694);
#5337=VERTEX_POINT('',#18696);
#5338=VERTEX_POINT('',#18698);
#5339=VERTEX_POINT('',#18700);
#5340=VERTEX_POINT('',#18704);
#5341=VERTEX_POINT('',#18705);
#5342=VERTEX_POINT('',#18707);
#5343=VERTEX_POINT('',#18709);
#5344=VERTEX_POINT('',#18711);
#5345=VERTEX_POINT('',#18713);
#5346=VERTEX_POINT('',#18715);
#5347=VERTEX_POINT('',#18717);
#5348=VERTEX_POINT('',#18720);
#5349=VERTEX_POINT('',#18721);
#5350=VERTEX_POINT('',#18723);
#5351=VERTEX_POINT('',#18725);
#5352=VERTEX_POINT('',#18727);
#5353=VERTEX_POINT('',#18729);
#5354=VERTEX_POINT('',#18731);
#5355=VERTEX_POINT('',#18733);
#5356=VERTEX_POINT('',#18736);
#5357=VERTEX_POINT('',#18737);
#5358=VERTEX_POINT('',#18739);
#5359=VERTEX_POINT('',#18741);
#5360=VERTEX_POINT('',#18743);
#5361=VERTEX_POINT('',#18745);
#5362=VERTEX_POINT('',#18747);
#5363=VERTEX_POINT('',#18749);
#5364=VERTEX_POINT('',#18752);
#5365=VERTEX_POINT('',#18753);
#5366=VERTEX_POINT('',#18755);
#5367=VERTEX_POINT('',#18757);
#5368=VERTEX_POINT('',#18759);
#5369=VERTEX_POINT('',#18761);
#5370=VERTEX_POINT('',#18763);
#5371=VERTEX_POINT('',#18765);
#5372=VERTEX_POINT('',#18769);
#5373=VERTEX_POINT('',#18770);
#5374=VERTEX_POINT('',#18772);
#5375=VERTEX_POINT('',#18774);
#5376=VERTEX_POINT('',#18776);
#5377=VERTEX_POINT('',#18778);
#5378=VERTEX_POINT('',#18780);
#5379=VERTEX_POINT('',#18782);
#5380=VERTEX_POINT('',#18785);
#5381=VERTEX_POINT('',#18786);
#5382=VERTEX_POINT('',#18788);
#5383=VERTEX_POINT('',#18790);
#5384=VERTEX_POINT('',#18792);
#5385=VERTEX_POINT('',#18794);
#5386=VERTEX_POINT('',#18796);
#5387=VERTEX_POINT('',#18798);
#5388=VERTEX_POINT('',#18801);
#5389=VERTEX_POINT('',#18802);
#5390=VERTEX_POINT('',#18804);
#5391=VERTEX_POINT('',#18806);
#5392=VERTEX_POINT('',#18808);
#5393=VERTEX_POINT('',#18810);
#5394=VERTEX_POINT('',#18812);
#5395=VERTEX_POINT('',#18814);
#5396=VERTEX_POINT('',#18817);
#5397=VERTEX_POINT('',#18818);
#5398=VERTEX_POINT('',#18820);
#5399=VERTEX_POINT('',#18822);
#5400=VERTEX_POINT('',#18824);
#5401=VERTEX_POINT('',#18826);
#5402=VERTEX_POINT('',#18828);
#5403=VERTEX_POINT('',#18830);
#5404=VERTEX_POINT('',#18834);
#5405=VERTEX_POINT('',#18835);
#5406=VERTEX_POINT('',#18837);
#5407=VERTEX_POINT('',#18839);
#5408=VERTEX_POINT('',#18841);
#5409=VERTEX_POINT('',#18843);
#5410=VERTEX_POINT('',#18845);
#5411=VERTEX_POINT('',#18847);
#5412=VERTEX_POINT('',#18850);
#5413=VERTEX_POINT('',#18851);
#5414=VERTEX_POINT('',#18853);
#5415=VERTEX_POINT('',#18855);
#5416=VERTEX_POINT('',#18857);
#5417=VERTEX_POINT('',#18859);
#5418=VERTEX_POINT('',#18861);
#5419=VERTEX_POINT('',#18863);
#5420=VERTEX_POINT('',#18866);
#5421=VERTEX_POINT('',#18867);
#5422=VERTEX_POINT('',#18869);
#5423=VERTEX_POINT('',#18871);
#5424=VERTEX_POINT('',#18873);
#5425=VERTEX_POINT('',#18875);
#5426=VERTEX_POINT('',#18877);
#5427=VERTEX_POINT('',#18879);
#5428=VERTEX_POINT('',#18882);
#5429=VERTEX_POINT('',#18883);
#5430=VERTEX_POINT('',#18885);
#5431=VERTEX_POINT('',#18887);
#5432=VERTEX_POINT('',#18889);
#5433=VERTEX_POINT('',#18891);
#5434=VERTEX_POINT('',#18893);
#5435=VERTEX_POINT('',#18895);
#5436=VERTEX_POINT('',#18899);
#5437=VERTEX_POINT('',#18900);
#5438=VERTEX_POINT('',#18902);
#5439=VERTEX_POINT('',#18904);
#5440=VERTEX_POINT('',#18906);
#5441=VERTEX_POINT('',#18908);
#5442=VERTEX_POINT('',#18910);
#5443=VERTEX_POINT('',#18912);
#5444=VERTEX_POINT('',#18915);
#5445=VERTEX_POINT('',#18916);
#5446=VERTEX_POINT('',#18918);
#5447=VERTEX_POINT('',#18920);
#5448=VERTEX_POINT('',#18922);
#5449=VERTEX_POINT('',#18924);
#5450=VERTEX_POINT('',#18926);
#5451=VERTEX_POINT('',#18928);
#5452=VERTEX_POINT('',#18931);
#5453=VERTEX_POINT('',#18932);
#5454=VERTEX_POINT('',#18934);
#5455=VERTEX_POINT('',#18936);
#5456=VERTEX_POINT('',#18938);
#5457=VERTEX_POINT('',#18940);
#5458=VERTEX_POINT('',#18942);
#5459=VERTEX_POINT('',#18944);
#5460=VERTEX_POINT('',#18947);
#5461=VERTEX_POINT('',#18948);
#5462=VERTEX_POINT('',#18950);
#5463=VERTEX_POINT('',#18952);
#5464=VERTEX_POINT('',#18954);
#5465=VERTEX_POINT('',#18956);
#5466=VERTEX_POINT('',#18958);
#5467=VERTEX_POINT('',#18960);
#5468=VERTEX_POINT('',#18964);
#5469=VERTEX_POINT('',#18965);
#5470=VERTEX_POINT('',#18967);
#5471=VERTEX_POINT('',#18969);
#5472=VERTEX_POINT('',#18971);
#5473=VERTEX_POINT('',#18973);
#5474=VERTEX_POINT('',#18975);
#5475=VERTEX_POINT('',#18977);
#5476=VERTEX_POINT('',#18980);
#5477=VERTEX_POINT('',#18981);
#5478=VERTEX_POINT('',#18983);
#5479=VERTEX_POINT('',#18985);
#5480=VERTEX_POINT('',#18987);
#5481=VERTEX_POINT('',#18989);
#5482=VERTEX_POINT('',#18991);
#5483=VERTEX_POINT('',#18993);
#5484=VERTEX_POINT('',#18996);
#5485=VERTEX_POINT('',#18997);
#5486=VERTEX_POINT('',#18999);
#5487=VERTEX_POINT('',#19001);
#5488=VERTEX_POINT('',#19003);
#5489=VERTEX_POINT('',#19005);
#5490=VERTEX_POINT('',#19007);
#5491=VERTEX_POINT('',#19009);
#5492=VERTEX_POINT('',#19012);
#5493=VERTEX_POINT('',#19013);
#5494=VERTEX_POINT('',#19015);
#5495=VERTEX_POINT('',#19017);
#5496=VERTEX_POINT('',#19019);
#5497=VERTEX_POINT('',#19021);
#5498=VERTEX_POINT('',#19023);
#5499=VERTEX_POINT('',#19025);
#5500=VERTEX_POINT('',#19029);
#5501=VERTEX_POINT('',#19030);
#5502=VERTEX_POINT('',#19032);
#5503=VERTEX_POINT('',#19034);
#5504=VERTEX_POINT('',#19036);
#5505=VERTEX_POINT('',#19038);
#5506=VERTEX_POINT('',#19040);
#5507=VERTEX_POINT('',#19042);
#5508=VERTEX_POINT('',#19045);
#5509=VERTEX_POINT('',#19046);
#5510=VERTEX_POINT('',#19048);
#5511=VERTEX_POINT('',#19050);
#5512=VERTEX_POINT('',#19052);
#5513=VERTEX_POINT('',#19054);
#5514=VERTEX_POINT('',#19056);
#5515=VERTEX_POINT('',#19058);
#5516=VERTEX_POINT('',#19061);
#5517=VERTEX_POINT('',#19062);
#5518=VERTEX_POINT('',#19064);
#5519=VERTEX_POINT('',#19066);
#5520=VERTEX_POINT('',#19068);
#5521=VERTEX_POINT('',#19070);
#5522=VERTEX_POINT('',#19072);
#5523=VERTEX_POINT('',#19074);
#5524=VERTEX_POINT('',#19077);
#5525=VERTEX_POINT('',#19078);
#5526=VERTEX_POINT('',#19080);
#5527=VERTEX_POINT('',#19082);
#5528=VERTEX_POINT('',#19084);
#5529=VERTEX_POINT('',#19086);
#5530=VERTEX_POINT('',#19088);
#5531=VERTEX_POINT('',#19090);
#5532=VERTEX_POINT('',#19094);
#5533=VERTEX_POINT('',#19095);
#5534=VERTEX_POINT('',#19097);
#5535=VERTEX_POINT('',#19099);
#5536=VERTEX_POINT('',#19101);
#5537=VERTEX_POINT('',#19103);
#5538=VERTEX_POINT('',#19105);
#5539=VERTEX_POINT('',#19107);
#5540=VERTEX_POINT('',#19109);
#5541=VERTEX_POINT('',#19111);
#5542=VERTEX_POINT('',#19113);
#5543=VERTEX_POINT('',#19115);
#5544=VERTEX_POINT('',#19117);
#5545=VERTEX_POINT('',#19119);
#5546=VERTEX_POINT('',#19121);
#5547=VERTEX_POINT('',#19123);
#5548=VERTEX_POINT('',#19127);
#5549=VERTEX_POINT('',#19128);
#5550=VERTEX_POINT('',#19130);
#5551=VERTEX_POINT('',#19132);
#5552=VERTEX_POINT('',#19134);
#5553=VERTEX_POINT('',#19136);
#5554=VERTEX_POINT('',#19138);
#5555=VERTEX_POINT('',#19140);
#5556=VERTEX_POINT('',#19142);
#5557=VERTEX_POINT('',#19144);
#5558=VERTEX_POINT('',#19146);
#5559=VERTEX_POINT('',#19148);
#5560=VERTEX_POINT('',#19150);
#5561=VERTEX_POINT('',#19152);
#5562=VERTEX_POINT('',#19154);
#5563=VERTEX_POINT('',#19156);
#5564=VERTEX_POINT('',#19160);
#5565=VERTEX_POINT('',#19161);
#5566=VERTEX_POINT('',#19163);
#5567=VERTEX_POINT('',#19165);
#5568=VERTEX_POINT('',#19167);
#5569=VERTEX_POINT('',#19169);
#5570=VERTEX_POINT('',#19171);
#5571=VERTEX_POINT('',#19173);
#5572=VERTEX_POINT('',#19175);
#5573=VERTEX_POINT('',#19177);
#5574=VERTEX_POINT('',#19179);
#5575=VERTEX_POINT('',#19181);
#5576=VERTEX_POINT('',#19183);
#5577=VERTEX_POINT('',#19185);
#5578=VERTEX_POINT('',#19187);
#5579=VERTEX_POINT('',#19189);
#5580=VERTEX_POINT('',#19193);
#5581=VERTEX_POINT('',#19195);
#5582=VERTEX_POINT('',#19199);
#5583=VERTEX_POINT('',#19201);
#5584=VERTEX_POINT('',#19205);
#5585=VERTEX_POINT('',#19207);
#5586=VERTEX_POINT('',#19211);
#5587=VERTEX_POINT('',#19213);
#5588=VERTEX_POINT('',#19215);
#5589=VERTEX_POINT('',#19217);
#5590=VERTEX_POINT('',#19219);
#5591=VERTEX_POINT('',#19221);
#5592=VERTEX_POINT('',#19224);
#5593=VERTEX_POINT('',#19230);
#5594=VERTEX_POINT('',#19234);
#5595=VERTEX_POINT('',#19237);
#5596=VERTEX_POINT('',#19240);
#5597=VERTEX_POINT('',#19242);
#5598=VERTEX_POINT('',#19246);
#5599=VERTEX_POINT('',#19248);
#5600=VERTEX_POINT('',#19252);
#5601=VERTEX_POINT('',#19258);
#5602=VERTEX_POINT('',#19260);
#5603=VERTEX_POINT('',#19262);
#5604=VERTEX_POINT('',#19264);
#5605=VERTEX_POINT('',#19266);
#5606=VERTEX_POINT('',#19268);
#5607=VERTEX_POINT('',#19270);
#5608=VERTEX_POINT('',#19272);
#5609=VERTEX_POINT('',#19274);
#5610=VERTEX_POINT('',#19276);
#5611=VERTEX_POINT('',#19278);
#5612=VERTEX_POINT('',#19280);
#5613=VERTEX_POINT('',#19282);
#5614=VERTEX_POINT('',#19284);
#5615=VERTEX_POINT('',#19288);
#5616=VERTEX_POINT('',#19289);
#5617=VERTEX_POINT('',#19294);
#5618=VERTEX_POINT('',#19298);
#5619=VERTEX_POINT('',#19299);
#5620=VERTEX_POINT('',#19304);
#5621=VERTEX_POINT('',#19308);
#5622=VERTEX_POINT('',#19309);
#5623=VERTEX_POINT('',#19314);
#5624=VERTEX_POINT('',#19318);
#5625=VERTEX_POINT('',#19319);
#5626=VERTEX_POINT('',#19324);
#5627=VERTEX_POINT('',#19328);
#5628=VERTEX_POINT('',#19332);
#5629=VERTEX_POINT('',#19336);
#5630=VERTEX_POINT('',#19340);
#5631=VERTEX_POINT('',#19344);
#5632=VERTEX_POINT('',#19346);
#5633=VERTEX_POINT('',#19348);
#5634=VERTEX_POINT('',#19350);
#5635=VERTEX_POINT('',#19352);
#5636=VERTEX_POINT('',#19354);
#5637=VERTEX_POINT('',#19356);
#5638=VERTEX_POINT('',#19358);
#5639=VERTEX_POINT('',#19360);
#5640=VERTEX_POINT('',#19362);
#5641=VERTEX_POINT('',#19364);
#5642=VERTEX_POINT('',#19366);
#5643=VERTEX_POINT('',#19368);
#5644=VERTEX_POINT('',#19370);
#5645=VERTEX_POINT('',#19373);
#5646=VERTEX_POINT('',#19375);
#5647=VERTEX_POINT('',#19377);
#5648=VERTEX_POINT('',#19379);
#5649=VERTEX_POINT('',#19381);
#5650=VERTEX_POINT('',#19383);
#5651=VERTEX_POINT('',#19385);
#5652=VERTEX_POINT('',#19387);
#5653=VERTEX_POINT('',#19389);
#5654=VERTEX_POINT('',#19391);
#5655=VERTEX_POINT('',#19393);
#5656=VERTEX_POINT('',#19395);
#5657=VERTEX_POINT('',#19397);
#5658=VERTEX_POINT('',#19399);
#5659=VERTEX_POINT('',#19403);
#5660=VERTEX_POINT('',#19405);
#5661=VERTEX_POINT('',#19407);
#5662=VERTEX_POINT('',#19409);
#5663=VERTEX_POINT('',#19411);
#5664=VERTEX_POINT('',#19413);
#5665=VERTEX_POINT('',#19415);
#5666=VERTEX_POINT('',#19417);
#5667=VERTEX_POINT('',#19419);
#5668=VERTEX_POINT('',#19421);
#5669=VERTEX_POINT('',#19423);
#5670=VERTEX_POINT('',#19425);
#5671=VERTEX_POINT('',#19427);
#5672=VERTEX_POINT('',#19429);
#5673=VERTEX_POINT('',#19432);
#5674=VERTEX_POINT('',#19434);
#5675=VERTEX_POINT('',#19436);
#5676=VERTEX_POINT('',#19438);
#5677=VERTEX_POINT('',#19440);
#5678=VERTEX_POINT('',#19442);
#5679=VERTEX_POINT('',#19444);
#5680=VERTEX_POINT('',#19446);
#5681=VERTEX_POINT('',#19448);
#5682=VERTEX_POINT('',#19450);
#5683=VERTEX_POINT('',#19452);
#5684=VERTEX_POINT('',#19454);
#5685=VERTEX_POINT('',#19456);
#5686=VERTEX_POINT('',#19458);
#5687=VERTEX_POINT('',#19461);
#5688=VERTEX_POINT('',#19462);
#5689=VERTEX_POINT('',#19464);
#5690=VERTEX_POINT('',#19466);
#5691=VERTEX_POINT('',#19468);
#5692=VERTEX_POINT('',#19470);
#5693=VERTEX_POINT('',#19472);
#5694=VERTEX_POINT('',#19474);
#5695=VERTEX_POINT('',#19477);
#5696=VERTEX_POINT('',#19478);
#5697=VERTEX_POINT('',#19480);
#5698=VERTEX_POINT('',#19482);
#5699=VERTEX_POINT('',#19484);
#5700=VERTEX_POINT('',#19486);
#5701=VERTEX_POINT('',#19488);
#5702=VERTEX_POINT('',#19490);
#5703=VERTEX_POINT('',#19493);
#5704=VERTEX_POINT('',#19494);
#5705=VERTEX_POINT('',#19496);
#5706=VERTEX_POINT('',#19498);
#5707=VERTEX_POINT('',#19500);
#5708=VERTEX_POINT('',#19502);
#5709=VERTEX_POINT('',#19504);
#5710=VERTEX_POINT('',#19506);
#5711=VERTEX_POINT('',#19509);
#5712=VERTEX_POINT('',#19510);
#5713=VERTEX_POINT('',#19512);
#5714=VERTEX_POINT('',#19514);
#5715=VERTEX_POINT('',#19516);
#5716=VERTEX_POINT('',#19518);
#5717=VERTEX_POINT('',#19520);
#5718=VERTEX_POINT('',#19522);
#5719=VERTEX_POINT('',#19525);
#5720=VERTEX_POINT('',#19526);
#5721=VERTEX_POINT('',#19528);
#5722=VERTEX_POINT('',#19530);
#5723=VERTEX_POINT('',#19532);
#5724=VERTEX_POINT('',#19534);
#5725=VERTEX_POINT('',#19536);
#5726=VERTEX_POINT('',#19538);
#5727=VERTEX_POINT('',#19541);
#5728=VERTEX_POINT('',#19542);
#5729=VERTEX_POINT('',#19544);
#5730=VERTEX_POINT('',#19546);
#5731=VERTEX_POINT('',#19548);
#5732=VERTEX_POINT('',#19550);
#5733=VERTEX_POINT('',#19552);
#5734=VERTEX_POINT('',#19554);
#5735=VERTEX_POINT('',#19557);
#5736=VERTEX_POINT('',#19558);
#5737=VERTEX_POINT('',#19560);
#5738=VERTEX_POINT('',#19562);
#5739=VERTEX_POINT('',#19564);
#5740=VERTEX_POINT('',#19566);
#5741=VERTEX_POINT('',#19568);
#5742=VERTEX_POINT('',#19570);
#5743=VERTEX_POINT('',#19573);
#5744=VERTEX_POINT('',#19574);
#5745=VERTEX_POINT('',#19576);
#5746=VERTEX_POINT('',#19578);
#5747=VERTEX_POINT('',#19580);
#5748=VERTEX_POINT('',#19582);
#5749=VERTEX_POINT('',#19584);
#5750=VERTEX_POINT('',#19586);
#5751=VERTEX_POINT('',#19589);
#5752=VERTEX_POINT('',#19590);
#5753=VERTEX_POINT('',#19592);
#5754=VERTEX_POINT('',#19594);
#5755=VERTEX_POINT('',#19596);
#5756=VERTEX_POINT('',#19598);
#5757=VERTEX_POINT('',#19600);
#5758=VERTEX_POINT('',#19602);
#5759=VERTEX_POINT('',#19605);
#5760=VERTEX_POINT('',#19606);
#5761=VERTEX_POINT('',#19608);
#5762=VERTEX_POINT('',#19610);
#5763=VERTEX_POINT('',#19612);
#5764=VERTEX_POINT('',#19614);
#5765=VERTEX_POINT('',#19616);
#5766=VERTEX_POINT('',#19618);
#5767=VERTEX_POINT('',#19621);
#5768=VERTEX_POINT('',#19622);
#5769=VERTEX_POINT('',#19624);
#5770=VERTEX_POINT('',#19626);
#5771=VERTEX_POINT('',#19628);
#5772=VERTEX_POINT('',#19630);
#5773=VERTEX_POINT('',#19632);
#5774=VERTEX_POINT('',#19634);
#5775=VERTEX_POINT('',#19637);
#5776=VERTEX_POINT('',#19638);
#5777=VERTEX_POINT('',#19640);
#5778=VERTEX_POINT('',#19642);
#5779=VERTEX_POINT('',#19644);
#5780=VERTEX_POINT('',#19646);
#5781=VERTEX_POINT('',#19648);
#5782=VERTEX_POINT('',#19650);
#5783=VERTEX_POINT('',#19653);
#5784=VERTEX_POINT('',#19654);
#5785=VERTEX_POINT('',#19656);
#5786=VERTEX_POINT('',#19658);
#5787=VERTEX_POINT('',#19660);
#5788=VERTEX_POINT('',#19662);
#5789=VERTEX_POINT('',#19664);
#5790=VERTEX_POINT('',#19666);
#5791=VERTEX_POINT('',#19669);
#5792=VERTEX_POINT('',#19670);
#5793=VERTEX_POINT('',#19672);
#5794=VERTEX_POINT('',#19674);
#5795=VERTEX_POINT('',#19676);
#5796=VERTEX_POINT('',#19678);
#5797=VERTEX_POINT('',#19680);
#5798=VERTEX_POINT('',#19682);
#5799=VERTEX_POINT('',#19685);
#5800=VERTEX_POINT('',#19686);
#5801=VERTEX_POINT('',#19688);
#5802=VERTEX_POINT('',#19690);
#5803=VERTEX_POINT('',#19692);
#5804=VERTEX_POINT('',#19694);
#5805=VERTEX_POINT('',#19696);
#5806=VERTEX_POINT('',#19698);
#5807=VERTEX_POINT('',#19701);
#5808=VERTEX_POINT('',#19702);
#5809=VERTEX_POINT('',#19704);
#5810=VERTEX_POINT('',#19706);
#5811=VERTEX_POINT('',#19708);
#5812=VERTEX_POINT('',#19710);
#5813=VERTEX_POINT('',#19712);
#5814=VERTEX_POINT('',#19714);
#5815=VERTEX_POINT('',#19717);
#5816=VERTEX_POINT('',#19718);
#5817=VERTEX_POINT('',#19720);
#5818=VERTEX_POINT('',#19722);
#5819=VERTEX_POINT('',#19724);
#5820=VERTEX_POINT('',#19726);
#5821=VERTEX_POINT('',#19728);
#5822=VERTEX_POINT('',#19730);
#5823=VERTEX_POINT('',#19733);
#5824=VERTEX_POINT('',#19734);
#5825=VERTEX_POINT('',#19736);
#5826=VERTEX_POINT('',#19738);
#5827=VERTEX_POINT('',#19740);
#5828=VERTEX_POINT('',#19742);
#5829=VERTEX_POINT('',#19744);
#5830=VERTEX_POINT('',#19746);
#5831=VERTEX_POINT('',#19749);
#5832=VERTEX_POINT('',#19750);
#5833=VERTEX_POINT('',#19752);
#5834=VERTEX_POINT('',#19754);
#5835=VERTEX_POINT('',#19756);
#5836=VERTEX_POINT('',#19758);
#5837=VERTEX_POINT('',#19760);
#5838=VERTEX_POINT('',#19762);
#5839=VERTEX_POINT('',#19765);
#5840=VERTEX_POINT('',#19766);
#5841=VERTEX_POINT('',#19768);
#5842=VERTEX_POINT('',#19770);
#5843=VERTEX_POINT('',#19772);
#5844=VERTEX_POINT('',#19774);
#5845=VERTEX_POINT('',#19776);
#5846=VERTEX_POINT('',#19778);
#5847=VERTEX_POINT('',#19781);
#5848=VERTEX_POINT('',#19782);
#5849=VERTEX_POINT('',#19784);
#5850=VERTEX_POINT('',#19786);
#5851=VERTEX_POINT('',#19788);
#5852=VERTEX_POINT('',#19790);
#5853=VERTEX_POINT('',#19792);
#5854=VERTEX_POINT('',#19794);
#5855=VERTEX_POINT('',#19797);
#5856=VERTEX_POINT('',#19798);
#5857=VERTEX_POINT('',#19800);
#5858=VERTEX_POINT('',#19802);
#5859=VERTEX_POINT('',#19804);
#5860=VERTEX_POINT('',#19806);
#5861=VERTEX_POINT('',#19808);
#5862=VERTEX_POINT('',#19810);
#5863=VERTEX_POINT('',#19813);
#5864=VERTEX_POINT('',#19814);
#5865=VERTEX_POINT('',#19816);
#5866=VERTEX_POINT('',#19818);
#5867=VERTEX_POINT('',#19820);
#5868=VERTEX_POINT('',#19822);
#5869=VERTEX_POINT('',#19824);
#5870=VERTEX_POINT('',#19826);
#5871=VERTEX_POINT('',#19829);
#5872=VERTEX_POINT('',#19830);
#5873=VERTEX_POINT('',#19832);
#5874=VERTEX_POINT('',#19834);
#5875=VERTEX_POINT('',#19836);
#5876=VERTEX_POINT('',#19838);
#5877=VERTEX_POINT('',#19840);
#5878=VERTEX_POINT('',#19842);
#5879=VERTEX_POINT('',#19845);
#5880=VERTEX_POINT('',#19846);
#5881=VERTEX_POINT('',#19848);
#5882=VERTEX_POINT('',#19850);
#5883=VERTEX_POINT('',#19852);
#5884=VERTEX_POINT('',#19854);
#5885=VERTEX_POINT('',#19856);
#5886=VERTEX_POINT('',#19858);
#5887=VERTEX_POINT('',#19861);
#5888=VERTEX_POINT('',#19862);
#5889=VERTEX_POINT('',#19864);
#5890=VERTEX_POINT('',#19866);
#5891=VERTEX_POINT('',#19868);
#5892=VERTEX_POINT('',#19870);
#5893=VERTEX_POINT('',#19872);
#5894=VERTEX_POINT('',#19874);
#5895=VERTEX_POINT('',#19877);
#5896=VERTEX_POINT('',#19878);
#5897=VERTEX_POINT('',#19880);
#5898=VERTEX_POINT('',#19882);
#5899=VERTEX_POINT('',#19884);
#5900=VERTEX_POINT('',#19886);
#5901=VERTEX_POINT('',#19888);
#5902=VERTEX_POINT('',#19890);
#5903=VERTEX_POINT('',#19893);
#5904=VERTEX_POINT('',#19894);
#5905=VERTEX_POINT('',#19896);
#5906=VERTEX_POINT('',#19898);
#5907=VERTEX_POINT('',#19900);
#5908=VERTEX_POINT('',#19902);
#5909=VERTEX_POINT('',#19904);
#5910=VERTEX_POINT('',#19906);
#5911=VERTEX_POINT('',#19909);
#5912=VERTEX_POINT('',#19910);
#5913=VERTEX_POINT('',#19912);
#5914=VERTEX_POINT('',#19914);
#5915=VERTEX_POINT('',#19916);
#5916=VERTEX_POINT('',#19918);
#5917=VERTEX_POINT('',#19920);
#5918=VERTEX_POINT('',#19922);
#5919=VERTEX_POINT('',#19925);
#5920=VERTEX_POINT('',#19926);
#5921=VERTEX_POINT('',#19928);
#5922=VERTEX_POINT('',#19930);
#5923=VERTEX_POINT('',#19932);
#5924=VERTEX_POINT('',#19934);
#5925=VERTEX_POINT('',#19936);
#5926=VERTEX_POINT('',#19938);
#5927=VERTEX_POINT('',#19941);
#5928=VERTEX_POINT('',#19942);
#5929=VERTEX_POINT('',#19944);
#5930=VERTEX_POINT('',#19946);
#5931=VERTEX_POINT('',#19948);
#5932=VERTEX_POINT('',#19950);
#5933=VERTEX_POINT('',#19952);
#5934=VERTEX_POINT('',#19954);
#5935=VERTEX_POINT('',#19957);
#5936=VERTEX_POINT('',#19958);
#5937=VERTEX_POINT('',#19960);
#5938=VERTEX_POINT('',#19962);
#5939=VERTEX_POINT('',#19964);
#5940=VERTEX_POINT('',#19966);
#5941=VERTEX_POINT('',#19968);
#5942=VERTEX_POINT('',#19970);
#5943=VERTEX_POINT('',#19973);
#5944=VERTEX_POINT('',#19974);
#5945=VERTEX_POINT('',#19976);
#5946=VERTEX_POINT('',#19978);
#5947=VERTEX_POINT('',#19980);
#5948=VERTEX_POINT('',#19982);
#5949=VERTEX_POINT('',#19984);
#5950=VERTEX_POINT('',#19986);
#5951=VERTEX_POINT('',#19989);
#5952=VERTEX_POINT('',#19990);
#5953=VERTEX_POINT('',#19992);
#5954=VERTEX_POINT('',#19994);
#5955=VERTEX_POINT('',#19996);
#5956=VERTEX_POINT('',#19998);
#5957=VERTEX_POINT('',#20000);
#5958=VERTEX_POINT('',#20002);
#5959=VERTEX_POINT('',#20005);
#5960=VERTEX_POINT('',#20006);
#5961=VERTEX_POINT('',#20008);
#5962=VERTEX_POINT('',#20010);
#5963=VERTEX_POINT('',#20012);
#5964=VERTEX_POINT('',#20014);
#5965=VERTEX_POINT('',#20016);
#5966=VERTEX_POINT('',#20018);
#5967=VERTEX_POINT('',#20021);
#5968=VERTEX_POINT('',#20022);
#5969=VERTEX_POINT('',#20024);
#5970=VERTEX_POINT('',#20026);
#5971=VERTEX_POINT('',#20028);
#5972=VERTEX_POINT('',#20030);
#5973=VERTEX_POINT('',#20032);
#5974=VERTEX_POINT('',#20034);
#5975=VERTEX_POINT('',#20037);
#5976=VERTEX_POINT('',#20038);
#5977=VERTEX_POINT('',#20040);
#5978=VERTEX_POINT('',#20042);
#5979=VERTEX_POINT('',#20044);
#5980=VERTEX_POINT('',#20046);
#5981=VERTEX_POINT('',#20048);
#5982=VERTEX_POINT('',#20050);
#5983=VERTEX_POINT('',#20053);
#5984=VERTEX_POINT('',#20054);
#5985=VERTEX_POINT('',#20056);
#5986=VERTEX_POINT('',#20058);
#5987=VERTEX_POINT('',#20060);
#5988=VERTEX_POINT('',#20062);
#5989=VERTEX_POINT('',#20064);
#5990=VERTEX_POINT('',#20066);
#5991=VERTEX_POINT('',#20069);
#5992=VERTEX_POINT('',#20070);
#5993=VERTEX_POINT('',#20072);
#5994=VERTEX_POINT('',#20074);
#5995=VERTEX_POINT('',#20076);
#5996=VERTEX_POINT('',#20078);
#5997=VERTEX_POINT('',#20080);
#5998=VERTEX_POINT('',#20082);
#5999=VERTEX_POINT('',#20085);
#6000=VERTEX_POINT('',#20086);
#6001=VERTEX_POINT('',#20088);
#6002=VERTEX_POINT('',#20090);
#6003=VERTEX_POINT('',#20092);
#6004=VERTEX_POINT('',#20094);
#6005=VERTEX_POINT('',#20096);
#6006=VERTEX_POINT('',#20098);
#6007=VERTEX_POINT('',#20101);
#6008=VERTEX_POINT('',#20103);
#6009=VERTEX_POINT('',#20105);
#6010=VERTEX_POINT('',#20107);
#6011=VERTEX_POINT('',#20109);
#6012=VERTEX_POINT('',#20111);
#6013=VERTEX_POINT('',#20113);
#6014=VERTEX_POINT('',#20116);
#6015=VERTEX_POINT('',#20118);
#6016=VERTEX_POINT('',#20120);
#6017=VERTEX_POINT('',#20123);
#6018=VERTEX_POINT('',#20125);
#6019=VERTEX_POINT('',#20127);
#6020=VERTEX_POINT('',#20129);
#6021=VERTEX_POINT('',#20131);
#6022=VERTEX_POINT('',#20133);
#6023=VERTEX_POINT('',#20136);
#6024=VERTEX_POINT('',#20138);
#6025=VERTEX_POINT('',#20140);
#6026=VERTEX_POINT('',#20142);
#6027=VERTEX_POINT('',#20144);
#6028=VERTEX_POINT('',#20146);
#6029=VERTEX_POINT('',#20148);
#6030=VERTEX_POINT('',#20150);
#6031=VERTEX_POINT('',#20152);
#6032=VERTEX_POINT('',#20154);
#6033=VERTEX_POINT('',#20156);
#6034=VERTEX_POINT('',#20158);
#6035=VERTEX_POINT('',#20161);
#6036=VERTEX_POINT('',#20163);
#6037=VERTEX_POINT('',#20165);
#6038=VERTEX_POINT('',#20168);
#6039=VERTEX_POINT('',#20170);
#6040=VERTEX_POINT('',#20172);
#6041=VERTEX_POINT('',#20174);
#6042=VERTEX_POINT('',#20176);
#6043=VERTEX_POINT('',#20178);
#6044=VERTEX_POINT('',#20180);
#6045=VERTEX_POINT('',#20182);
#6046=VERTEX_POINT('',#20184);
#6047=VERTEX_POINT('',#20186);
#6048=VERTEX_POINT('',#20188);
#6049=VERTEX_POINT('',#20191);
#6050=VERTEX_POINT('',#20193);
#6051=VERTEX_POINT('',#20195);
#6052=VERTEX_POINT('',#20197);
#6053=VERTEX_POINT('',#20199);
#6054=VERTEX_POINT('',#20201);
#6055=VERTEX_POINT('',#20203);
#6056=VERTEX_POINT('',#20205);
#6057=VERTEX_POINT('',#20207);
#6058=VERTEX_POINT('',#20209);
#6059=VERTEX_POINT('',#20211);
#6060=VERTEX_POINT('',#20213);
#6061=VERTEX_POINT('',#20216);
#6062=VERTEX_POINT('',#20218);
#6063=VERTEX_POINT('',#20220);
#6064=VERTEX_POINT('',#20223);
#6065=VERTEX_POINT('',#20225);
#6066=VERTEX_POINT('',#20227);
#6067=VERTEX_POINT('',#20229);
#6068=VERTEX_POINT('',#20231);
#6069=VERTEX_POINT('',#20233);
#6070=VERTEX_POINT('',#20235);
#6071=VERTEX_POINT('',#20237);
#6072=VERTEX_POINT('',#20239);
#6073=VERTEX_POINT('',#20241);
#6074=VERTEX_POINT('',#20243);
#6075=VERTEX_POINT('',#20245);
#6076=VERTEX_POINT('',#20248);
#6077=VERTEX_POINT('',#20250);
#6078=VERTEX_POINT('',#20252);
#6079=VERTEX_POINT('',#20254);
#6080=VERTEX_POINT('',#20256);
#6081=VERTEX_POINT('',#20258);
#6082=VERTEX_POINT('',#20261);
#6083=VERTEX_POINT('',#20263);
#6084=VERTEX_POINT('',#20265);
#6085=VERTEX_POINT('',#20268);
#6086=VERTEX_POINT('',#20270);
#6087=VERTEX_POINT('',#20272);
#6088=VERTEX_POINT('',#20274);
#6089=VERTEX_POINT('',#20276);
#6090=VERTEX_POINT('',#20278);
#6091=EDGE_CURVE('',#4859,#4860,#2331,.T.);
#6092=EDGE_CURVE('',#4859,#4861,#2332,.T.);
#6093=EDGE_CURVE('',#4862,#4861,#2333,.T.);
#6094=EDGE_CURVE('',#4860,#4862,#2334,.T.);
#6095=EDGE_CURVE('',#4863,#4864,#2335,.T.);
#6096=EDGE_CURVE('',#4863,#4865,#2336,.T.);
#6097=EDGE_CURVE('',#4866,#4865,#2337,.T.);
#6098=EDGE_CURVE('',#4864,#4866,#2338,.T.);
#6099=EDGE_CURVE('',#4867,#4868,#2339,.T.);
#6100=EDGE_CURVE('',#4867,#4869,#2340,.T.);
#6101=EDGE_CURVE('',#4870,#4869,#2341,.T.);
#6102=EDGE_CURVE('',#4868,#4870,#2342,.T.);
#6103=EDGE_CURVE('',#4871,#4872,#2343,.T.);
#6104=EDGE_CURVE('',#4871,#4873,#2344,.T.);
#6105=EDGE_CURVE('',#4874,#4873,#2345,.T.);
#6106=EDGE_CURVE('',#4872,#4874,#2346,.T.);
#6107=EDGE_CURVE('',#4875,#4876,#2347,.T.);
#6108=EDGE_CURVE('',#4876,#4877,#2348,.T.);
#6109=EDGE_CURVE('',#4878,#4877,#2349,.T.);
#6110=EDGE_CURVE('',#4875,#4878,#2350,.T.);
#6111=EDGE_CURVE('',#4879,#4880,#2351,.T.);
#6112=EDGE_CURVE('',#4880,#4881,#2352,.T.);
#6113=EDGE_CURVE('',#4882,#4881,#2353,.T.);
#6114=EDGE_CURVE('',#4879,#4882,#2354,.T.);
#6115=EDGE_CURVE('',#4883,#4884,#2355,.T.);
#6116=EDGE_CURVE('',#4883,#4885,#2356,.T.);
#6117=EDGE_CURVE('',#4886,#4885,#2357,.T.);
#6118=EDGE_CURVE('',#4884,#4886,#2358,.T.);
#6119=EDGE_CURVE('',#4887,#4888,#2359,.T.);
#6120=EDGE_CURVE('',#4887,#4889,#2360,.T.);
#6121=EDGE_CURVE('',#4890,#4889,#2361,.T.);
#6122=EDGE_CURVE('',#4888,#4890,#2362,.T.);
#6123=EDGE_CURVE('',#4891,#4892,#2363,.T.);
#6124=EDGE_CURVE('',#4892,#4893,#400,.T.);
#6125=EDGE_CURVE('',#4893,#4894,#2364,.T.);
#6126=EDGE_CURVE('',#4894,#4895,#401,.T.);
#6127=EDGE_CURVE('',#4895,#4896,#2365,.T.);
#6128=EDGE_CURVE('',#4896,#4897,#402,.T.);
#6129=EDGE_CURVE('',#4897,#4898,#2366,.T.);
#6130=EDGE_CURVE('',#4898,#4899,#403,.T.);
#6131=EDGE_CURVE('',#4899,#4900,#2367,.T.);
#6132=EDGE_CURVE('',#4900,#4901,#404,.T.);
#6133=EDGE_CURVE('',#4901,#4902,#2368,.T.);
#6134=EDGE_CURVE('',#4902,#4903,#405,.T.);
#6135=EDGE_CURVE('',#4903,#4904,#2369,.T.);
#6136=EDGE_CURVE('',#4904,#4905,#406,.T.);
#6137=EDGE_CURVE('',#4905,#4906,#2370,.T.);
#6138=EDGE_CURVE('',#4906,#4907,#407,.T.);
#6139=EDGE_CURVE('',#4907,#4908,#2371,.T.);
#6140=EDGE_CURVE('',#4908,#4909,#408,.T.);
#6141=EDGE_CURVE('',#4909,#4910,#2372,.T.);
#6142=EDGE_CURVE('',#4910,#4911,#409,.T.);
#6143=EDGE_CURVE('',#4911,#4912,#2373,.T.);
#6144=EDGE_CURVE('',#4912,#4913,#410,.T.);
#6145=EDGE_CURVE('',#4913,#4914,#2374,.T.);
#6146=EDGE_CURVE('',#4914,#4915,#411,.T.);
#6147=EDGE_CURVE('',#4915,#4916,#2375,.T.);
#6148=EDGE_CURVE('',#4916,#4917,#412,.T.);
#6149=EDGE_CURVE('',#4917,#4918,#2376,.T.);
#6150=EDGE_CURVE('',#4918,#4919,#413,.T.);
#6151=EDGE_CURVE('',#4919,#4920,#2377,.T.);
#6152=EDGE_CURVE('',#4920,#4921,#414,.T.);
#6153=EDGE_CURVE('',#4921,#4922,#2378,.T.);
#6154=EDGE_CURVE('',#4922,#4923,#415,.T.);
#6155=EDGE_CURVE('',#4923,#4924,#2379,.T.);
#6156=EDGE_CURVE('',#4924,#4925,#416,.T.);
#6157=EDGE_CURVE('',#4925,#4926,#2380,.T.);
#6158=EDGE_CURVE('',#4926,#4927,#417,.T.);
#6159=EDGE_CURVE('',#4927,#4928,#2381,.T.);
#6160=EDGE_CURVE('',#4928,#4929,#418,.T.);
#6161=EDGE_CURVE('',#4929,#4930,#2382,.T.);
#6162=EDGE_CURVE('',#4930,#4891,#419,.T.);
#6163=EDGE_CURVE('',#4931,#4932,#420,.T.);
#6164=EDGE_CURVE('',#4932,#4933,#2383,.T.);
#6165=EDGE_CURVE('',#4933,#4934,#2384,.T.);
#6166=EDGE_CURVE('',#4934,#4935,#421,.T.);
#6167=EDGE_CURVE('',#4935,#4936,#2385,.T.);
#6168=EDGE_CURVE('',#4936,#4937,#2386,.T.);
#6169=EDGE_CURVE('',#4937,#4938,#422,.T.);
#6170=EDGE_CURVE('',#4938,#4939,#2387,.T.);
#6171=EDGE_CURVE('',#4939,#4940,#423,.T.);
#6172=EDGE_CURVE('',#4940,#4882,#2388,.T.);
#6173=EDGE_CURVE('',#4881,#4941,#2389,.T.);
#6174=EDGE_CURVE('',#4941,#4942,#424,.T.);
#6175=EDGE_CURVE('',#4942,#4943,#2390,.T.);
#6176=EDGE_CURVE('',#4943,#4944,#425,.T.);
#6177=EDGE_CURVE('',#4944,#4878,#2391,.T.);
#6178=EDGE_CURVE('',#4877,#4945,#2392,.T.);
#6179=EDGE_CURVE('',#4945,#4946,#426,.T.);
#6180=EDGE_CURVE('',#4946,#4947,#2393,.T.);
#6181=EDGE_CURVE('',#4947,#4948,#427,.T.);
#6182=EDGE_CURVE('',#4948,#4949,#2394,.T.);
#6183=EDGE_CURVE('',#4949,#4950,#2395,.T.);
#6184=EDGE_CURVE('',#4950,#4951,#428,.T.);
#6185=EDGE_CURVE('',#4951,#4952,#2396,.T.);
#6186=EDGE_CURVE('',#4952,#4953,#2397,.T.);
#6187=EDGE_CURVE('',#4953,#4954,#429,.T.);
#6188=EDGE_CURVE('',#4954,#4955,#2398,.T.);
#6189=EDGE_CURVE('',#4955,#4956,#430,.T.);
#6190=EDGE_CURVE('',#4956,#4957,#2399,.T.);
#6191=EDGE_CURVE('',#4957,#4958,#431,.T.);
#6192=EDGE_CURVE('',#4958,#4959,#2400,.T.);
#6193=EDGE_CURVE('',#4959,#4960,#432,.T.);
#6194=EDGE_CURVE('',#4960,#4961,#2401,.T.);
#6195=EDGE_CURVE('',#4961,#4962,#433,.T.);
#6196=EDGE_CURVE('',#4962,#4963,#2402,.T.);
#6197=EDGE_CURVE('',#4963,#4964,#434,.T.);
#6198=EDGE_CURVE('',#4964,#4965,#2403,.T.);
#6199=EDGE_CURVE('',#4965,#4890,#2404,.T.);
#6200=EDGE_CURVE('',#4889,#4966,#2405,.T.);
#6201=EDGE_CURVE('',#4966,#4967,#435,.T.);
#6202=EDGE_CURVE('',#4967,#4968,#2406,.T.);
#6203=EDGE_CURVE('',#4968,#4969,#436,.T.);
#6204=EDGE_CURVE('',#4969,#4886,#2407,.T.);
#6205=EDGE_CURVE('',#4885,#4970,#2408,.T.);
#6206=EDGE_CURVE('',#4970,#4971,#2409,.T.);
#6207=EDGE_CURVE('',#4971,#4972,#437,.T.);
#6208=EDGE_CURVE('',#4972,#4973,#2410,.T.);
#6209=EDGE_CURVE('',#4973,#4974,#438,.T.);
#6210=EDGE_CURVE('',#4974,#4975,#2411,.T.);
#6211=EDGE_CURVE('',#4975,#4976,#439,.T.);
#6212=EDGE_CURVE('',#4976,#4977,#2412,.T.);
#6213=EDGE_CURVE('',#4977,#4978,#440,.T.);
#6214=EDGE_CURVE('',#4978,#4979,#2413,.T.);
#6215=EDGE_CURVE('',#4979,#4980,#441,.T.);
#6216=EDGE_CURVE('',#4980,#4931,#2414,.T.);
#6217=EDGE_CURVE('',#4981,#4982,#2415,.T.);
#6218=EDGE_CURVE('',#4982,#4983,#442,.T.);
#6219=EDGE_CURVE('',#4983,#4984,#2416,.T.);
#6220=EDGE_CURVE('',#4984,#4985,#443,.T.);
#6221=EDGE_CURVE('',#4985,#4986,#2417,.T.);
#6222=EDGE_CURVE('',#4986,#4987,#444,.T.);
#6223=EDGE_CURVE('',#4987,#4988,#2418,.T.);
#6224=EDGE_CURVE('',#4988,#4981,#445,.T.);
#6225=EDGE_CURVE('',#4989,#4990,#2419,.T.);
#6226=EDGE_CURVE('',#4990,#4991,#446,.T.);
#6227=EDGE_CURVE('',#4991,#4992,#2420,.T.);
#6228=EDGE_CURVE('',#4992,#4993,#447,.T.);
#6229=EDGE_CURVE('',#4993,#4994,#2421,.T.);
#6230=EDGE_CURVE('',#4994,#4995,#448,.T.);
#6231=EDGE_CURVE('',#4995,#4996,#2422,.T.);
#6232=EDGE_CURVE('',#4996,#4989,#449,.T.);
#6233=EDGE_CURVE('',#4997,#4998,#2423,.T.);
#6234=EDGE_CURVE('',#4998,#4999,#450,.T.);
#6235=EDGE_CURVE('',#4999,#5000,#2424,.T.);
#6236=EDGE_CURVE('',#5000,#5001,#451,.T.);
#6237=EDGE_CURVE('',#5001,#5002,#2425,.T.);
#6238=EDGE_CURVE('',#5002,#5003,#452,.T.);
#6239=EDGE_CURVE('',#5003,#5004,#2426,.T.);
#6240=EDGE_CURVE('',#5004,#4997,#453,.T.);
#6241=EDGE_CURVE('',#5005,#5006,#2427,.T.);
#6242=EDGE_CURVE('',#5006,#5007,#454,.T.);
#6243=EDGE_CURVE('',#5007,#5008,#2428,.T.);
#6244=EDGE_CURVE('',#5008,#5009,#455,.T.);
#6245=EDGE_CURVE('',#5009,#5010,#2429,.T.);
#6246=EDGE_CURVE('',#5010,#5011,#456,.T.);
#6247=EDGE_CURVE('',#5011,#5012,#2430,.T.);
#6248=EDGE_CURVE('',#5012,#5005,#457,.T.);
#6249=EDGE_CURVE('',#5013,#5014,#2431,.T.);
#6250=EDGE_CURVE('',#5014,#5015,#458,.T.);
#6251=EDGE_CURVE('',#5015,#5016,#2432,.T.);
#6252=EDGE_CURVE('',#5016,#5017,#459,.T.);
#6253=EDGE_CURVE('',#5017,#5018,#2433,.T.);
#6254=EDGE_CURVE('',#5018,#5019,#460,.T.);
#6255=EDGE_CURVE('',#5019,#5020,#2434,.T.);
#6256=EDGE_CURVE('',#5020,#5013,#461,.T.);
#6257=EDGE_CURVE('',#5021,#5022,#2435,.T.);
#6258=EDGE_CURVE('',#5022,#5023,#462,.T.);
#6259=EDGE_CURVE('',#5023,#5024,#2436,.T.);
#6260=EDGE_CURVE('',#5024,#5025,#463,.T.);
#6261=EDGE_CURVE('',#5025,#5026,#2437,.T.);
#6262=EDGE_CURVE('',#5026,#5027,#464,.T.);
#6263=EDGE_CURVE('',#5027,#5028,#2438,.T.);
#6264=EDGE_CURVE('',#5028,#5021,#465,.T.);
#6265=EDGE_CURVE('',#5029,#5030,#2439,.T.);
#6266=EDGE_CURVE('',#5030,#5031,#466,.T.);
#6267=EDGE_CURVE('',#5031,#5032,#2440,.T.);
#6268=EDGE_CURVE('',#5032,#5033,#467,.T.);
#6269=EDGE_CURVE('',#5033,#5034,#2441,.T.);
#6270=EDGE_CURVE('',#5034,#5035,#468,.T.);
#6271=EDGE_CURVE('',#5035,#5036,#2442,.T.);
#6272=EDGE_CURVE('',#5036,#5029,#469,.T.);
#6273=EDGE_CURVE('',#5037,#5038,#2443,.T.);
#6274=EDGE_CURVE('',#5038,#5039,#470,.T.);
#6275=EDGE_CURVE('',#5039,#5040,#2444,.T.);
#6276=EDGE_CURVE('',#5040,#5041,#471,.T.);
#6277=EDGE_CURVE('',#5041,#5042,#2445,.T.);
#6278=EDGE_CURVE('',#5042,#5043,#472,.T.);
#6279=EDGE_CURVE('',#5043,#5044,#2446,.T.);
#6280=EDGE_CURVE('',#5044,#5037,#473,.T.);
#6281=EDGE_CURVE('',#5045,#5046,#2447,.T.);
#6282=EDGE_CURVE('',#5046,#5047,#474,.T.);
#6283=EDGE_CURVE('',#5047,#5048,#2448,.T.);
#6284=EDGE_CURVE('',#5048,#5049,#475,.T.);
#6285=EDGE_CURVE('',#5049,#5050,#2449,.T.);
#6286=EDGE_CURVE('',#5050,#5051,#476,.T.);
#6287=EDGE_CURVE('',#5051,#5052,#2450,.T.);
#6288=EDGE_CURVE('',#5052,#5045,#477,.T.);
#6289=EDGE_CURVE('',#5053,#5054,#2451,.T.);
#6290=EDGE_CURVE('',#5054,#5055,#478,.T.);
#6291=EDGE_CURVE('',#5055,#5056,#2452,.T.);
#6292=EDGE_CURVE('',#5056,#5057,#479,.T.);
#6293=EDGE_CURVE('',#5057,#5058,#2453,.T.);
#6294=EDGE_CURVE('',#5058,#5059,#480,.T.);
#6295=EDGE_CURVE('',#5059,#5060,#2454,.T.);
#6296=EDGE_CURVE('',#5060,#5053,#481,.T.);
#6297=EDGE_CURVE('',#5061,#5062,#2455,.T.);
#6298=EDGE_CURVE('',#5062,#5063,#482,.T.);
#6299=EDGE_CURVE('',#5063,#5064,#2456,.T.);
#6300=EDGE_CURVE('',#5064,#5065,#483,.T.);
#6301=EDGE_CURVE('',#5065,#5066,#2457,.T.);
#6302=EDGE_CURVE('',#5066,#5067,#484,.T.);
#6303=EDGE_CURVE('',#5067,#5068,#2458,.T.);
#6304=EDGE_CURVE('',#5068,#5061,#485,.T.);
#6305=EDGE_CURVE('',#5069,#5070,#2459,.T.);
#6306=EDGE_CURVE('',#5070,#5071,#486,.T.);
#6307=EDGE_CURVE('',#5071,#5072,#2460,.T.);
#6308=EDGE_CURVE('',#5072,#5073,#487,.T.);
#6309=EDGE_CURVE('',#5073,#5074,#2461,.T.);
#6310=EDGE_CURVE('',#5074,#5075,#488,.T.);
#6311=EDGE_CURVE('',#5075,#5076,#2462,.T.);
#6312=EDGE_CURVE('',#5076,#5069,#489,.T.);
#6313=EDGE_CURVE('',#5077,#5078,#2463,.T.);
#6314=EDGE_CURVE('',#5078,#5079,#490,.T.);
#6315=EDGE_CURVE('',#5079,#5080,#2464,.T.);
#6316=EDGE_CURVE('',#5080,#5081,#491,.T.);
#6317=EDGE_CURVE('',#5081,#5082,#2465,.T.);
#6318=EDGE_CURVE('',#5082,#5083,#492,.T.);
#6319=EDGE_CURVE('',#5083,#5084,#2466,.T.);
#6320=EDGE_CURVE('',#5084,#5077,#493,.T.);
#6321=EDGE_CURVE('',#5085,#5086,#2467,.T.);
#6322=EDGE_CURVE('',#5086,#5087,#494,.T.);
#6323=EDGE_CURVE('',#5087,#5088,#2468,.T.);
#6324=EDGE_CURVE('',#5088,#5089,#495,.T.);
#6325=EDGE_CURVE('',#5089,#5090,#2469,.T.);
#6326=EDGE_CURVE('',#5090,#5091,#496,.T.);
#6327=EDGE_CURVE('',#5091,#5092,#2470,.T.);
#6328=EDGE_CURVE('',#5092,#5085,#497,.T.);
#6329=EDGE_CURVE('',#5093,#5094,#498,.T.);
#6330=EDGE_CURVE('',#5094,#5095,#2471,.T.);
#6331=EDGE_CURVE('',#5095,#5096,#499,.T.);
#6332=EDGE_CURVE('',#5096,#5097,#2472,.T.);
#6333=EDGE_CURVE('',#5097,#5098,#500,.T.);
#6334=EDGE_CURVE('',#5098,#5099,#2473,.T.);
#6335=EDGE_CURVE('',#5099,#5100,#501,.T.);
#6336=EDGE_CURVE('',#5100,#5101,#2474,.T.);
#6337=EDGE_CURVE('',#5101,#5102,#502,.T.);
#6338=EDGE_CURVE('',#5102,#5103,#2475,.T.);
#6339=EDGE_CURVE('',#5103,#5104,#503,.T.);
#6340=EDGE_CURVE('',#5104,#5105,#2476,.T.);
#6341=EDGE_CURVE('',#5105,#4874,#2477,.T.);
#6342=EDGE_CURVE('',#4873,#5106,#2478,.T.);
#6343=EDGE_CURVE('',#5106,#5107,#504,.T.);
#6344=EDGE_CURVE('',#5107,#5108,#2479,.T.);
#6345=EDGE_CURVE('',#5108,#5109,#505,.T.);
#6346=EDGE_CURVE('',#5109,#4870,#2480,.T.);
#6347=EDGE_CURVE('',#4869,#5110,#2481,.T.);
#6348=EDGE_CURVE('',#5110,#5111,#2482,.T.);
#6349=EDGE_CURVE('',#5111,#5112,#506,.T.);
#6350=EDGE_CURVE('',#5112,#5113,#2483,.T.);
#6351=EDGE_CURVE('',#5113,#5114,#507,.T.);
#6352=EDGE_CURVE('',#5114,#5115,#2484,.T.);
#6353=EDGE_CURVE('',#5115,#5116,#508,.T.);
#6354=EDGE_CURVE('',#5116,#5117,#2485,.T.);
#6355=EDGE_CURVE('',#5117,#5118,#509,.T.);
#6356=EDGE_CURVE('',#5118,#5119,#2486,.T.);
#6357=EDGE_CURVE('',#5119,#5120,#510,.T.);
#6358=EDGE_CURVE('',#5120,#5121,#2487,.T.);
#6359=EDGE_CURVE('',#5121,#5122,#511,.T.);
#6360=EDGE_CURVE('',#5122,#5123,#2488,.T.);
#6361=EDGE_CURVE('',#5123,#5124,#2489,.T.);
#6362=EDGE_CURVE('',#5124,#5125,#512,.T.);
#6363=EDGE_CURVE('',#5125,#5126,#2490,.T.);
#6364=EDGE_CURVE('',#5126,#5127,#2491,.T.);
#6365=EDGE_CURVE('',#5127,#5128,#513,.T.);
#6366=EDGE_CURVE('',#5128,#5129,#2492,.T.);
#6367=EDGE_CURVE('',#5129,#5130,#514,.T.);
#6368=EDGE_CURVE('',#5130,#4866,#2493,.T.);
#6369=EDGE_CURVE('',#4865,#5131,#2494,.T.);
#6370=EDGE_CURVE('',#5131,#5132,#515,.T.);
#6371=EDGE_CURVE('',#5132,#5133,#2495,.T.);
#6372=EDGE_CURVE('',#5133,#5134,#516,.T.);
#6373=EDGE_CURVE('',#5134,#4862,#2496,.T.);
#6374=EDGE_CURVE('',#4861,#5135,#2497,.T.);
#6375=EDGE_CURVE('',#5135,#5136,#517,.T.);
#6376=EDGE_CURVE('',#5136,#5137,#2498,.T.);
#6377=EDGE_CURVE('',#5137,#5138,#518,.T.);
#6378=EDGE_CURVE('',#5138,#5139,#2499,.T.);
#6379=EDGE_CURVE('',#5139,#5140,#2500,.T.);
#6380=EDGE_CURVE('',#5140,#5141,#519,.T.);
#6381=EDGE_CURVE('',#5141,#5142,#2501,.T.);
#6382=EDGE_CURVE('',#5142,#5093,#2502,.T.);
#6383=EDGE_CURVE('',#4918,#5143,#2503,.T.);
#6384=EDGE_CURVE('',#5144,#5143,#520,.T.);
#6385=EDGE_CURVE('',#4919,#5144,#2504,.T.);
#6386=EDGE_CURVE('',#5145,#5144,#2505,.T.);
#6387=EDGE_CURVE('',#4920,#5145,#2506,.T.);
#6388=EDGE_CURVE('',#5146,#5145,#521,.T.);
#6389=EDGE_CURVE('',#4921,#5146,#2507,.T.);
#6390=EDGE_CURVE('',#5147,#5146,#2508,.T.);
#6391=EDGE_CURVE('',#4922,#5147,#2509,.T.);
#6392=EDGE_CURVE('',#5148,#5147,#522,.T.);
#6393=EDGE_CURVE('',#4923,#5148,#2510,.T.);
#6394=EDGE_CURVE('',#5149,#5148,#2511,.T.);
#6395=EDGE_CURVE('',#4924,#5149,#2512,.T.);
#6396=EDGE_CURVE('',#5150,#5149,#523,.T.);
#6397=EDGE_CURVE('',#4925,#5150,#2513,.T.);
#6398=EDGE_CURVE('',#5151,#5150,#2514,.T.);
#6399=EDGE_CURVE('',#4926,#5151,#2515,.T.);
#6400=EDGE_CURVE('',#5152,#5151,#524,.T.);
#6401=EDGE_CURVE('',#4927,#5152,#2516,.T.);
#6402=EDGE_CURVE('',#5153,#5152,#2517,.T.);
#6403=EDGE_CURVE('',#4928,#5153,#2518,.T.);
#6404=EDGE_CURVE('',#5154,#5153,#525,.T.);
#6405=EDGE_CURVE('',#4929,#5154,#2519,.T.);
#6406=EDGE_CURVE('',#5155,#5154,#2520,.T.);
#6407=EDGE_CURVE('',#4930,#5155,#2521,.T.);
#6408=EDGE_CURVE('',#5156,#5155,#526,.T.);
#6409=EDGE_CURVE('',#4891,#5156,#2522,.T.);
#6410=EDGE_CURVE('',#5157,#5156,#2523,.T.);
#6411=EDGE_CURVE('',#4892,#5157,#2524,.T.);
#6412=EDGE_CURVE('',#5158,#5157,#527,.T.);
#6413=EDGE_CURVE('',#4893,#5158,#2525,.T.);
#6414=EDGE_CURVE('',#5159,#5158,#2526,.T.);
#6415=EDGE_CURVE('',#4894,#5159,#2527,.T.);
#6416=EDGE_CURVE('',#5160,#5159,#528,.T.);
#6417=EDGE_CURVE('',#4895,#5160,#2528,.T.);
#6418=EDGE_CURVE('',#5161,#5160,#2529,.T.);
#6419=EDGE_CURVE('',#4896,#5161,#2530,.T.);
#6420=EDGE_CURVE('',#5162,#5161,#529,.T.);
#6421=EDGE_CURVE('',#4897,#5162,#2531,.T.);
#6422=EDGE_CURVE('',#5163,#5162,#2532,.T.);
#6423=EDGE_CURVE('',#4898,#5163,#2533,.T.);
#6424=EDGE_CURVE('',#5164,#5163,#530,.T.);
#6425=EDGE_CURVE('',#4899,#5164,#2534,.T.);
#6426=EDGE_CURVE('',#5165,#5164,#2535,.T.);
#6427=EDGE_CURVE('',#4900,#5165,#2536,.T.);
#6428=EDGE_CURVE('',#5166,#5165,#531,.T.);
#6429=EDGE_CURVE('',#4901,#5166,#2537,.T.);
#6430=EDGE_CURVE('',#5167,#5166,#2538,.T.);
#6431=EDGE_CURVE('',#4902,#5167,#2539,.T.);
#6432=EDGE_CURVE('',#5168,#5167,#532,.T.);
#6433=EDGE_CURVE('',#4903,#5168,#2540,.T.);
#6434=EDGE_CURVE('',#5169,#5168,#2541,.T.);
#6435=EDGE_CURVE('',#4904,#5169,#2542,.T.);
#6436=EDGE_CURVE('',#5170,#5169,#533,.T.);
#6437=EDGE_CURVE('',#4905,#5170,#2543,.T.);
#6438=EDGE_CURVE('',#5171,#5170,#2544,.T.);
#6439=EDGE_CURVE('',#4906,#5171,#2545,.T.);
#6440=EDGE_CURVE('',#5172,#5171,#534,.T.);
#6441=EDGE_CURVE('',#4907,#5172,#2546,.T.);
#6442=EDGE_CURVE('',#5173,#5172,#2547,.T.);
#6443=EDGE_CURVE('',#4908,#5173,#2548,.T.);
#6444=EDGE_CURVE('',#5174,#5173,#535,.T.);
#6445=EDGE_CURVE('',#4909,#5174,#2549,.T.);
#6446=EDGE_CURVE('',#5175,#5174,#2550,.T.);
#6447=EDGE_CURVE('',#4910,#5175,#2551,.T.);
#6448=EDGE_CURVE('',#5176,#5175,#536,.T.);
#6449=EDGE_CURVE('',#4911,#5176,#2552,.T.);
#6450=EDGE_CURVE('',#5177,#5176,#2553,.T.);
#6451=EDGE_CURVE('',#4912,#5177,#2554,.T.);
#6452=EDGE_CURVE('',#5178,#5177,#537,.T.);
#6453=EDGE_CURVE('',#4913,#5178,#2555,.T.);
#6454=EDGE_CURVE('',#5179,#5178,#2556,.T.);
#6455=EDGE_CURVE('',#4914,#5179,#2557,.T.);
#6456=EDGE_CURVE('',#5180,#5179,#538,.T.);
#6457=EDGE_CURVE('',#4915,#5180,#2558,.T.);
#6458=EDGE_CURVE('',#5181,#5180,#2559,.T.);
#6459=EDGE_CURVE('',#4916,#5181,#2560,.T.);
#6460=EDGE_CURVE('',#5182,#5181,#539,.T.);
#6461=EDGE_CURVE('',#4917,#5182,#2561,.T.);
#6462=EDGE_CURVE('',#5143,#5182,#2562,.T.);
#6463=EDGE_CURVE('',#5183,#5184,#540,.T.);
#6464=EDGE_CURVE('',#5183,#5185,#2563,.T.);
#6465=EDGE_CURVE('',#5186,#5185,#541,.T.);
#6466=EDGE_CURVE('',#5184,#5186,#2564,.T.);
#6467=EDGE_CURVE('',#5184,#5187,#2565,.T.);
#6468=EDGE_CURVE('',#5188,#5186,#2566,.T.);
#6469=EDGE_CURVE('',#5187,#5188,#2567,.T.);
#6470=EDGE_CURVE('',#5187,#5189,#542,.T.);
#6471=EDGE_CURVE('',#5190,#5188,#543,.T.);
#6472=EDGE_CURVE('',#5189,#5190,#2568,.T.);
#6473=EDGE_CURVE('',#5189,#5191,#2569,.T.);
#6474=EDGE_CURVE('',#5192,#5190,#2570,.T.);
#6475=EDGE_CURVE('',#5191,#5192,#2571,.T.);
#6476=EDGE_CURVE('',#5191,#5193,#544,.T.);
#6477=EDGE_CURVE('',#5194,#5192,#545,.T.);
#6478=EDGE_CURVE('',#5193,#5194,#2572,.T.);
#6479=EDGE_CURVE('',#5193,#5195,#2573,.T.);
#6480=EDGE_CURVE('',#5196,#5194,#2574,.T.);
#6481=EDGE_CURVE('',#5195,#5196,#2575,.T.);
#6482=EDGE_CURVE('',#5195,#5197,#546,.T.);
#6483=EDGE_CURVE('',#5198,#5196,#547,.T.);
#6484=EDGE_CURVE('',#5197,#5198,#2576,.T.);
#6485=EDGE_CURVE('',#5197,#5183,#2577,.T.);
#6486=EDGE_CURVE('',#5185,#5198,#2578,.T.);
#6487=EDGE_CURVE('',#5199,#5200,#548,.T.);
#6488=EDGE_CURVE('',#5199,#5201,#2579,.T.);
#6489=EDGE_CURVE('',#5202,#5201,#549,.T.);
#6490=EDGE_CURVE('',#5200,#5202,#2580,.T.);
#6491=EDGE_CURVE('',#5200,#5203,#2581,.T.);
#6492=EDGE_CURVE('',#5204,#5202,#2582,.T.);
#6493=EDGE_CURVE('',#5203,#5204,#2583,.T.);
#6494=EDGE_CURVE('',#5203,#5205,#550,.T.);
#6495=EDGE_CURVE('',#5206,#5204,#551,.T.);
#6496=EDGE_CURVE('',#5205,#5206,#2584,.T.);
#6497=EDGE_CURVE('',#5205,#5207,#2585,.T.);
#6498=EDGE_CURVE('',#5208,#5206,#2586,.T.);
#6499=EDGE_CURVE('',#5207,#5208,#2587,.T.);
#6500=EDGE_CURVE('',#5207,#5209,#552,.T.);
#6501=EDGE_CURVE('',#5210,#5208,#553,.T.);
#6502=EDGE_CURVE('',#5209,#5210,#2588,.T.);
#6503=EDGE_CURVE('',#5209,#5211,#2589,.T.);
#6504=EDGE_CURVE('',#5212,#5210,#2590,.T.);
#6505=EDGE_CURVE('',#5211,#5212,#2591,.T.);
#6506=EDGE_CURVE('',#5211,#5213,#554,.T.);
#6507=EDGE_CURVE('',#5214,#5212,#555,.T.);
#6508=EDGE_CURVE('',#5213,#5214,#2592,.T.);
#6509=EDGE_CURVE('',#5213,#5199,#2593,.T.);
#6510=EDGE_CURVE('',#5201,#5214,#2594,.T.);
#6511=EDGE_CURVE('',#5215,#5216,#556,.T.);
#6512=EDGE_CURVE('',#5215,#5217,#2595,.T.);
#6513=EDGE_CURVE('',#5218,#5217,#557,.T.);
#6514=EDGE_CURVE('',#5216,#5218,#2596,.T.);
#6515=EDGE_CURVE('',#5216,#5219,#2597,.T.);
#6516=EDGE_CURVE('',#5220,#5218,#2598,.T.);
#6517=EDGE_CURVE('',#5219,#5220,#2599,.T.);
#6518=EDGE_CURVE('',#5219,#5221,#558,.T.);
#6519=EDGE_CURVE('',#5222,#5220,#559,.T.);
#6520=EDGE_CURVE('',#5221,#5222,#2600,.T.);
#6521=EDGE_CURVE('',#5221,#5223,#2601,.T.);
#6522=EDGE_CURVE('',#5224,#5222,#2602,.T.);
#6523=EDGE_CURVE('',#5223,#5224,#2603,.T.);
#6524=EDGE_CURVE('',#5223,#5225,#560,.T.);
#6525=EDGE_CURVE('',#5226,#5224,#561,.T.);
#6526=EDGE_CURVE('',#5225,#5226,#2604,.T.);
#6527=EDGE_CURVE('',#5225,#5227,#2605,.T.);
#6528=EDGE_CURVE('',#5228,#5226,#2606,.T.);
#6529=EDGE_CURVE('',#5227,#5228,#2607,.T.);
#6530=EDGE_CURVE('',#5227,#5229,#562,.T.);
#6531=EDGE_CURVE('',#5230,#5228,#563,.T.);
#6532=EDGE_CURVE('',#5229,#5230,#2608,.T.);
#6533=EDGE_CURVE('',#5229,#5215,#2609,.T.);
#6534=EDGE_CURVE('',#5217,#5230,#2610,.T.);
#6535=EDGE_CURVE('',#5231,#5232,#564,.T.);
#6536=EDGE_CURVE('',#5231,#5233,#2611,.T.);
#6537=EDGE_CURVE('',#5234,#5233,#565,.T.);
#6538=EDGE_CURVE('',#5232,#5234,#2612,.T.);
#6539=EDGE_CURVE('',#5232,#5235,#2613,.T.);
#6540=EDGE_CURVE('',#5236,#5234,#2614,.T.);
#6541=EDGE_CURVE('',#5235,#5236,#2615,.T.);
#6542=EDGE_CURVE('',#5235,#5237,#566,.T.);
#6543=EDGE_CURVE('',#5238,#5236,#567,.T.);
#6544=EDGE_CURVE('',#5237,#5238,#2616,.T.);
#6545=EDGE_CURVE('',#5237,#5239,#2617,.T.);
#6546=EDGE_CURVE('',#5240,#5238,#2618,.T.);
#6547=EDGE_CURVE('',#5239,#5240,#2619,.T.);
#6548=EDGE_CURVE('',#5239,#5241,#568,.T.);
#6549=EDGE_CURVE('',#5242,#5240,#569,.T.);
#6550=EDGE_CURVE('',#5241,#5242,#2620,.T.);
#6551=EDGE_CURVE('',#5241,#5243,#2621,.T.);
#6552=EDGE_CURVE('',#5244,#5242,#2622,.T.);
#6553=EDGE_CURVE('',#5243,#5244,#2623,.T.);
#6554=EDGE_CURVE('',#5243,#5245,#570,.T.);
#6555=EDGE_CURVE('',#5246,#5244,#571,.T.);
#6556=EDGE_CURVE('',#5245,#5246,#2624,.T.);
#6557=EDGE_CURVE('',#5245,#5231,#2625,.T.);
#6558=EDGE_CURVE('',#5233,#5246,#2626,.T.);
#6559=EDGE_CURVE('',#5247,#5248,#572,.T.);
#6560=EDGE_CURVE('',#5247,#5249,#2627,.T.);
#6561=EDGE_CURVE('',#5250,#5249,#573,.T.);
#6562=EDGE_CURVE('',#5248,#5250,#2628,.T.);
#6563=EDGE_CURVE('',#5248,#5251,#2629,.T.);
#6564=EDGE_CURVE('',#5252,#5250,#2630,.T.);
#6565=EDGE_CURVE('',#5251,#5252,#2631,.T.);
#6566=EDGE_CURVE('',#5251,#5253,#574,.T.);
#6567=EDGE_CURVE('',#5254,#5252,#575,.T.);
#6568=EDGE_CURVE('',#5253,#5254,#2632,.T.);
#6569=EDGE_CURVE('',#5253,#5255,#2633,.T.);
#6570=EDGE_CURVE('',#5256,#5254,#2634,.T.);
#6571=EDGE_CURVE('',#5255,#5256,#2635,.T.);
#6572=EDGE_CURVE('',#5255,#5257,#576,.T.);
#6573=EDGE_CURVE('',#5258,#5256,#577,.T.);
#6574=EDGE_CURVE('',#5257,#5258,#2636,.T.);
#6575=EDGE_CURVE('',#5257,#5259,#2637,.T.);
#6576=EDGE_CURVE('',#5260,#5258,#2638,.T.);
#6577=EDGE_CURVE('',#5259,#5260,#2639,.T.);
#6578=EDGE_CURVE('',#5259,#5261,#578,.T.);
#6579=EDGE_CURVE('',#5262,#5260,#579,.T.);
#6580=EDGE_CURVE('',#5261,#5262,#2640,.T.);
#6581=EDGE_CURVE('',#5261,#5247,#2641,.T.);
#6582=EDGE_CURVE('',#5249,#5262,#2642,.T.);
#6583=EDGE_CURVE('',#5263,#5264,#580,.T.);
#6584=EDGE_CURVE('',#5263,#5265,#2643,.T.);
#6585=EDGE_CURVE('',#5266,#5265,#581,.T.);
#6586=EDGE_CURVE('',#5264,#5266,#2644,.T.);
#6587=EDGE_CURVE('',#5264,#5267,#2645,.T.);
#6588=EDGE_CURVE('',#5268,#5266,#2646,.T.);
#6589=EDGE_CURVE('',#5267,#5268,#2647,.T.);
#6590=EDGE_CURVE('',#5267,#5269,#582,.T.);
#6591=EDGE_CURVE('',#5270,#5268,#583,.T.);
#6592=EDGE_CURVE('',#5269,#5270,#2648,.T.);
#6593=EDGE_CURVE('',#5269,#5271,#2649,.T.);
#6594=EDGE_CURVE('',#5272,#5270,#2650,.T.);
#6595=EDGE_CURVE('',#5271,#5272,#2651,.T.);
#6596=EDGE_CURVE('',#5271,#5273,#584,.T.);
#6597=EDGE_CURVE('',#5274,#5272,#585,.T.);
#6598=EDGE_CURVE('',#5273,#5274,#2652,.T.);
#6599=EDGE_CURVE('',#5273,#5275,#2653,.T.);
#6600=EDGE_CURVE('',#5276,#5274,#2654,.T.);
#6601=EDGE_CURVE('',#5275,#5276,#2655,.T.);
#6602=EDGE_CURVE('',#5275,#5277,#586,.T.);
#6603=EDGE_CURVE('',#5278,#5276,#587,.T.);
#6604=EDGE_CURVE('',#5277,#5278,#2656,.T.);
#6605=EDGE_CURVE('',#5277,#5263,#2657,.T.);
#6606=EDGE_CURVE('',#5265,#5278,#2658,.T.);
#6607=EDGE_CURVE('',#5279,#5280,#588,.T.);
#6608=EDGE_CURVE('',#5279,#5281,#2659,.T.);
#6609=EDGE_CURVE('',#5282,#5281,#589,.T.);
#6610=EDGE_CURVE('',#5280,#5282,#2660,.T.);
#6611=EDGE_CURVE('',#5280,#5283,#2661,.T.);
#6612=EDGE_CURVE('',#5284,#5282,#2662,.T.);
#6613=EDGE_CURVE('',#5283,#5284,#2663,.T.);
#6614=EDGE_CURVE('',#5283,#5285,#590,.T.);
#6615=EDGE_CURVE('',#5286,#5284,#591,.T.);
#6616=EDGE_CURVE('',#5285,#5286,#2664,.T.);
#6617=EDGE_CURVE('',#5285,#5287,#2665,.T.);
#6618=EDGE_CURVE('',#5288,#5286,#2666,.T.);
#6619=EDGE_CURVE('',#5287,#5288,#2667,.T.);
#6620=EDGE_CURVE('',#5287,#5289,#592,.T.);
#6621=EDGE_CURVE('',#5290,#5288,#593,.T.);
#6622=EDGE_CURVE('',#5289,#5290,#2668,.T.);
#6623=EDGE_CURVE('',#5289,#5291,#2669,.T.);
#6624=EDGE_CURVE('',#5292,#5290,#2670,.T.);
#6625=EDGE_CURVE('',#5291,#5292,#2671,.T.);
#6626=EDGE_CURVE('',#5291,#5293,#594,.T.);
#6627=EDGE_CURVE('',#5294,#5292,#595,.T.);
#6628=EDGE_CURVE('',#5293,#5294,#2672,.T.);
#6629=EDGE_CURVE('',#5293,#5279,#2673,.T.);
#6630=EDGE_CURVE('',#5281,#5294,#2674,.T.);
#6631=EDGE_CURVE('',#5295,#5296,#596,.T.);
#6632=EDGE_CURVE('',#5295,#5297,#2675,.T.);
#6633=EDGE_CURVE('',#5298,#5297,#597,.T.);
#6634=EDGE_CURVE('',#5296,#5298,#2676,.T.);
#6635=EDGE_CURVE('',#5296,#5299,#2677,.T.);
#6636=EDGE_CURVE('',#5300,#5298,#2678,.T.);
#6637=EDGE_CURVE('',#5299,#5300,#2679,.T.);
#6638=EDGE_CURVE('',#5299,#5301,#598,.T.);
#6639=EDGE_CURVE('',#5302,#5300,#599,.T.);
#6640=EDGE_CURVE('',#5301,#5302,#2680,.T.);
#6641=EDGE_CURVE('',#5301,#5303,#2681,.T.);
#6642=EDGE_CURVE('',#5304,#5302,#2682,.T.);
#6643=EDGE_CURVE('',#5303,#5304,#2683,.T.);
#6644=EDGE_CURVE('',#5303,#5305,#600,.T.);
#6645=EDGE_CURVE('',#5306,#5304,#601,.T.);
#6646=EDGE_CURVE('',#5305,#5306,#2684,.T.);
#6647=EDGE_CURVE('',#5305,#5307,#2685,.T.);
#6648=EDGE_CURVE('',#5308,#5306,#2686,.T.);
#6649=EDGE_CURVE('',#5307,#5308,#2687,.T.);
#6650=EDGE_CURVE('',#5307,#5309,#602,.T.);
#6651=EDGE_CURVE('',#5310,#5308,#603,.T.);
#6652=EDGE_CURVE('',#5309,#5310,#2688,.T.);
#6653=EDGE_CURVE('',#5309,#5295,#2689,.T.);
#6654=EDGE_CURVE('',#5297,#5310,#2690,.T.);
#6655=EDGE_CURVE('',#5311,#5312,#2691,.T.);
#6656=EDGE_CURVE('',#5312,#5313,#2692,.T.);
#6657=EDGE_CURVE('',#5314,#5313,#2693,.T.);
#6658=EDGE_CURVE('',#5311,#5314,#2694,.T.);
#6659=EDGE_CURVE('',#5315,#5316,#2695,.T.);
#6660=EDGE_CURVE('',#5316,#5317,#604,.T.);
#6661=EDGE_CURVE('',#5317,#5318,#2696,.T.);
#6662=EDGE_CURVE('',#5318,#5319,#605,.T.);
#6663=EDGE_CURVE('',#5319,#5320,#2697,.T.);
#6664=EDGE_CURVE('',#5320,#5321,#606,.T.);
#6665=EDGE_CURVE('',#5321,#5322,#2698,.T.);
#6666=EDGE_CURVE('',#5322,#5314,#2699,.T.);
#6667=EDGE_CURVE('',#5313,#5323,#2700,.T.);
#6668=EDGE_CURVE('',#5323,#5315,#607,.T.);
#6669=EDGE_CURVE('',#5324,#5325,#2701,.T.);
#6670=EDGE_CURVE('',#5325,#5326,#608,.T.);
#6671=EDGE_CURVE('',#5326,#5327,#2702,.T.);
#6672=EDGE_CURVE('',#5327,#5328,#609,.T.);
#6673=EDGE_CURVE('',#5328,#5329,#2703,.T.);
#6674=EDGE_CURVE('',#5329,#5330,#610,.T.);
#6675=EDGE_CURVE('',#5330,#5331,#2704,.T.);
#6676=EDGE_CURVE('',#5331,#5324,#611,.T.);
#6677=EDGE_CURVE('',#5332,#5333,#2705,.T.);
#6678=EDGE_CURVE('',#5333,#5334,#612,.T.);
#6679=EDGE_CURVE('',#5334,#5335,#2706,.T.);
#6680=EDGE_CURVE('',#5335,#5336,#613,.T.);
#6681=EDGE_CURVE('',#5336,#5337,#2707,.T.);
#6682=EDGE_CURVE('',#5337,#5338,#614,.T.);
#6683=EDGE_CURVE('',#5338,#5339,#2708,.T.);
#6684=EDGE_CURVE('',#5339,#5332,#615,.T.);
#6685=EDGE_CURVE('',#5340,#5341,#2709,.T.);
#6686=EDGE_CURVE('',#5341,#5342,#616,.T.);
#6687=EDGE_CURVE('',#5342,#5343,#2710,.T.);
#6688=EDGE_CURVE('',#5343,#5344,#617,.T.);
#6689=EDGE_CURVE('',#5344,#5345,#2711,.T.);
#6690=EDGE_CURVE('',#5345,#5346,#618,.T.);
#6691=EDGE_CURVE('',#5346,#5347,#2712,.T.);
#6692=EDGE_CURVE('',#5347,#5340,#619,.T.);
#6693=EDGE_CURVE('',#5348,#5349,#2713,.T.);
#6694=EDGE_CURVE('',#5349,#5350,#620,.T.);
#6695=EDGE_CURVE('',#5350,#5351,#2714,.T.);
#6696=EDGE_CURVE('',#5351,#5352,#621,.T.);
#6697=EDGE_CURVE('',#5352,#5353,#2715,.T.);
#6698=EDGE_CURVE('',#5353,#5354,#622,.T.);
#6699=EDGE_CURVE('',#5354,#5355,#2716,.T.);
#6700=EDGE_CURVE('',#5355,#5348,#623,.T.);
#6701=EDGE_CURVE('',#5356,#5357,#2717,.T.);
#6702=EDGE_CURVE('',#5357,#5358,#624,.T.);
#6703=EDGE_CURVE('',#5358,#5359,#2718,.T.);
#6704=EDGE_CURVE('',#5359,#5360,#625,.T.);
#6705=EDGE_CURVE('',#5360,#5361,#2719,.T.);
#6706=EDGE_CURVE('',#5361,#5362,#626,.T.);
#6707=EDGE_CURVE('',#5362,#5363,#2720,.T.);
#6708=EDGE_CURVE('',#5363,#5356,#627,.T.);
#6709=EDGE_CURVE('',#5364,#5365,#2721,.T.);
#6710=EDGE_CURVE('',#5365,#5366,#628,.T.);
#6711=EDGE_CURVE('',#5366,#5367,#2722,.T.);
#6712=EDGE_CURVE('',#5367,#5368,#629,.T.);
#6713=EDGE_CURVE('',#5368,#5369,#2723,.T.);
#6714=EDGE_CURVE('',#5369,#5370,#630,.T.);
#6715=EDGE_CURVE('',#5370,#5371,#2724,.T.);
#6716=EDGE_CURVE('',#5371,#5364,#631,.T.);
#6717=EDGE_CURVE('',#5372,#5373,#2725,.T.);
#6718=EDGE_CURVE('',#5373,#5374,#632,.T.);
#6719=EDGE_CURVE('',#5374,#5375,#2726,.T.);
#6720=EDGE_CURVE('',#5375,#5376,#633,.T.);
#6721=EDGE_CURVE('',#5376,#5377,#2727,.T.);
#6722=EDGE_CURVE('',#5377,#5378,#634,.T.);
#6723=EDGE_CURVE('',#5378,#5379,#2728,.T.);
#6724=EDGE_CURVE('',#5379,#5372,#635,.T.);
#6725=EDGE_CURVE('',#5380,#5381,#2729,.T.);
#6726=EDGE_CURVE('',#5381,#5382,#636,.T.);
#6727=EDGE_CURVE('',#5382,#5383,#2730,.T.);
#6728=EDGE_CURVE('',#5383,#5384,#637,.T.);
#6729=EDGE_CURVE('',#5384,#5385,#2731,.T.);
#6730=EDGE_CURVE('',#5385,#5386,#638,.T.);
#6731=EDGE_CURVE('',#5386,#5387,#2732,.T.);
#6732=EDGE_CURVE('',#5387,#5380,#639,.T.);
#6733=EDGE_CURVE('',#5388,#5389,#2733,.T.);
#6734=EDGE_CURVE('',#5389,#5390,#640,.T.);
#6735=EDGE_CURVE('',#5390,#5391,#2734,.T.);
#6736=EDGE_CURVE('',#5391,#5392,#641,.T.);
#6737=EDGE_CURVE('',#5392,#5393,#2735,.T.);
#6738=EDGE_CURVE('',#5393,#5394,#642,.T.);
#6739=EDGE_CURVE('',#5394,#5395,#2736,.T.);
#6740=EDGE_CURVE('',#5395,#5388,#643,.T.);
#6741=EDGE_CURVE('',#5396,#5397,#2737,.T.);
#6742=EDGE_CURVE('',#5397,#5398,#644,.T.);
#6743=EDGE_CURVE('',#5398,#5399,#2738,.T.);
#6744=EDGE_CURVE('',#5399,#5400,#645,.T.);
#6745=EDGE_CURVE('',#5400,#5401,#2739,.T.);
#6746=EDGE_CURVE('',#5401,#5402,#646,.T.);
#6747=EDGE_CURVE('',#5402,#5403,#2740,.T.);
#6748=EDGE_CURVE('',#5403,#5396,#647,.T.);
#6749=EDGE_CURVE('',#5404,#5405,#2741,.T.);
#6750=EDGE_CURVE('',#5405,#5406,#648,.T.);
#6751=EDGE_CURVE('',#5406,#5407,#2742,.T.);
#6752=EDGE_CURVE('',#5407,#5408,#649,.T.);
#6753=EDGE_CURVE('',#5408,#5409,#2743,.T.);
#6754=EDGE_CURVE('',#5409,#5410,#650,.T.);
#6755=EDGE_CURVE('',#5410,#5411,#2744,.T.);
#6756=EDGE_CURVE('',#5411,#5404,#651,.T.);
#6757=EDGE_CURVE('',#5412,#5413,#2745,.T.);
#6758=EDGE_CURVE('',#5413,#5414,#652,.T.);
#6759=EDGE_CURVE('',#5414,#5415,#2746,.T.);
#6760=EDGE_CURVE('',#5415,#5416,#653,.T.);
#6761=EDGE_CURVE('',#5416,#5417,#2747,.T.);
#6762=EDGE_CURVE('',#5417,#5418,#654,.T.);
#6763=EDGE_CURVE('',#5418,#5419,#2748,.T.);
#6764=EDGE_CURVE('',#5419,#5412,#655,.T.);
#6765=EDGE_CURVE('',#5420,#5421,#2749,.T.);
#6766=EDGE_CURVE('',#5421,#5422,#656,.T.);
#6767=EDGE_CURVE('',#5422,#5423,#2750,.T.);
#6768=EDGE_CURVE('',#5423,#5424,#657,.T.);
#6769=EDGE_CURVE('',#5424,#5425,#2751,.T.);
#6770=EDGE_CURVE('',#5425,#5426,#658,.T.);
#6771=EDGE_CURVE('',#5426,#5427,#2752,.T.);
#6772=EDGE_CURVE('',#5427,#5420,#659,.T.);
#6773=EDGE_CURVE('',#5428,#5429,#2753,.T.);
#6774=EDGE_CURVE('',#5429,#5430,#660,.T.);
#6775=EDGE_CURVE('',#5430,#5431,#2754,.T.);
#6776=EDGE_CURVE('',#5431,#5432,#661,.T.);
#6777=EDGE_CURVE('',#5432,#5433,#2755,.T.);
#6778=EDGE_CURVE('',#5433,#5434,#662,.T.);
#6779=EDGE_CURVE('',#5434,#5435,#2756,.T.);
#6780=EDGE_CURVE('',#5435,#5428,#663,.T.);
#6781=EDGE_CURVE('',#5436,#5437,#2757,.T.);
#6782=EDGE_CURVE('',#5437,#5438,#664,.T.);
#6783=EDGE_CURVE('',#5438,#5439,#2758,.T.);
#6784=EDGE_CURVE('',#5439,#5440,#665,.T.);
#6785=EDGE_CURVE('',#5440,#5441,#2759,.T.);
#6786=EDGE_CURVE('',#5441,#5442,#666,.T.);
#6787=EDGE_CURVE('',#5442,#5443,#2760,.T.);
#6788=EDGE_CURVE('',#5443,#5436,#667,.T.);
#6789=EDGE_CURVE('',#5444,#5445,#2761,.T.);
#6790=EDGE_CURVE('',#5445,#5446,#668,.T.);
#6791=EDGE_CURVE('',#5446,#5447,#2762,.T.);
#6792=EDGE_CURVE('',#5447,#5448,#669,.T.);
#6793=EDGE_CURVE('',#5448,#5449,#2763,.T.);
#6794=EDGE_CURVE('',#5449,#5450,#670,.T.);
#6795=EDGE_CURVE('',#5450,#5451,#2764,.T.);
#6796=EDGE_CURVE('',#5451,#5444,#671,.T.);
#6797=EDGE_CURVE('',#5452,#5453,#2765,.T.);
#6798=EDGE_CURVE('',#5453,#5454,#672,.T.);
#6799=EDGE_CURVE('',#5454,#5455,#2766,.T.);
#6800=EDGE_CURVE('',#5455,#5456,#673,.T.);
#6801=EDGE_CURVE('',#5456,#5457,#2767,.T.);
#6802=EDGE_CURVE('',#5457,#5458,#674,.T.);
#6803=EDGE_CURVE('',#5458,#5459,#2768,.T.);
#6804=EDGE_CURVE('',#5459,#5452,#675,.T.);
#6805=EDGE_CURVE('',#5460,#5461,#2769,.T.);
#6806=EDGE_CURVE('',#5461,#5462,#676,.T.);
#6807=EDGE_CURVE('',#5462,#5463,#2770,.T.);
#6808=EDGE_CURVE('',#5463,#5464,#677,.T.);
#6809=EDGE_CURVE('',#5464,#5465,#2771,.T.);
#6810=EDGE_CURVE('',#5465,#5466,#678,.T.);
#6811=EDGE_CURVE('',#5466,#5467,#2772,.T.);
#6812=EDGE_CURVE('',#5467,#5460,#679,.T.);
#6813=EDGE_CURVE('',#5468,#5469,#2773,.T.);
#6814=EDGE_CURVE('',#5469,#5470,#680,.T.);
#6815=EDGE_CURVE('',#5470,#5471,#2774,.T.);
#6816=EDGE_CURVE('',#5471,#5472,#681,.T.);
#6817=EDGE_CURVE('',#5472,#5473,#2775,.T.);
#6818=EDGE_CURVE('',#5473,#5474,#682,.T.);
#6819=EDGE_CURVE('',#5474,#5475,#2776,.T.);
#6820=EDGE_CURVE('',#5475,#5468,#683,.T.);
#6821=EDGE_CURVE('',#5476,#5477,#2777,.T.);
#6822=EDGE_CURVE('',#5477,#5478,#684,.T.);
#6823=EDGE_CURVE('',#5478,#5479,#2778,.T.);
#6824=EDGE_CURVE('',#5479,#5480,#685,.T.);
#6825=EDGE_CURVE('',#5480,#5481,#2779,.T.);
#6826=EDGE_CURVE('',#5481,#5482,#686,.T.);
#6827=EDGE_CURVE('',#5482,#5483,#2780,.T.);
#6828=EDGE_CURVE('',#5483,#5476,#687,.T.);
#6829=EDGE_CURVE('',#5484,#5485,#2781,.T.);
#6830=EDGE_CURVE('',#5485,#5486,#688,.T.);
#6831=EDGE_CURVE('',#5486,#5487,#2782,.T.);
#6832=EDGE_CURVE('',#5487,#5488,#689,.T.);
#6833=EDGE_CURVE('',#5488,#5489,#2783,.T.);
#6834=EDGE_CURVE('',#5489,#5490,#690,.T.);
#6835=EDGE_CURVE('',#5490,#5491,#2784,.T.);
#6836=EDGE_CURVE('',#5491,#5484,#691,.T.);
#6837=EDGE_CURVE('',#5492,#5493,#2785,.T.);
#6838=EDGE_CURVE('',#5493,#5494,#692,.T.);
#6839=EDGE_CURVE('',#5494,#5495,#2786,.T.);
#6840=EDGE_CURVE('',#5495,#5496,#693,.T.);
#6841=EDGE_CURVE('',#5496,#5497,#2787,.T.);
#6842=EDGE_CURVE('',#5497,#5498,#694,.T.);
#6843=EDGE_CURVE('',#5498,#5499,#2788,.T.);
#6844=EDGE_CURVE('',#5499,#5492,#695,.T.);
#6845=EDGE_CURVE('',#5500,#5501,#2789,.T.);
#6846=EDGE_CURVE('',#5501,#5502,#696,.T.);
#6847=EDGE_CURVE('',#5502,#5503,#2790,.T.);
#6848=EDGE_CURVE('',#5503,#5504,#697,.T.);
#6849=EDGE_CURVE('',#5504,#5505,#2791,.T.);
#6850=EDGE_CURVE('',#5505,#5506,#698,.T.);
#6851=EDGE_CURVE('',#5506,#5507,#2792,.T.);
#6852=EDGE_CURVE('',#5507,#5500,#699,.T.);
#6853=EDGE_CURVE('',#5508,#5509,#2793,.T.);
#6854=EDGE_CURVE('',#5509,#5510,#700,.T.);
#6855=EDGE_CURVE('',#5510,#5511,#2794,.T.);
#6856=EDGE_CURVE('',#5511,#5512,#701,.T.);
#6857=EDGE_CURVE('',#5512,#5513,#2795,.T.);
#6858=EDGE_CURVE('',#5513,#5514,#702,.T.);
#6859=EDGE_CURVE('',#5514,#5515,#2796,.T.);
#6860=EDGE_CURVE('',#5515,#5508,#703,.T.);
#6861=EDGE_CURVE('',#5516,#5517,#2797,.T.);
#6862=EDGE_CURVE('',#5517,#5518,#704,.T.);
#6863=EDGE_CURVE('',#5518,#5519,#2798,.T.);
#6864=EDGE_CURVE('',#5519,#5520,#705,.T.);
#6865=EDGE_CURVE('',#5520,#5521,#2799,.T.);
#6866=EDGE_CURVE('',#5521,#5522,#706,.T.);
#6867=EDGE_CURVE('',#5522,#5523,#2800,.T.);
#6868=EDGE_CURVE('',#5523,#5516,#707,.T.);
#6869=EDGE_CURVE('',#5524,#5525,#2801,.T.);
#6870=EDGE_CURVE('',#5525,#5526,#708,.T.);
#6871=EDGE_CURVE('',#5526,#5527,#2802,.T.);
#6872=EDGE_CURVE('',#5527,#5528,#709,.T.);
#6873=EDGE_CURVE('',#5528,#5529,#2803,.T.);
#6874=EDGE_CURVE('',#5529,#5530,#710,.T.);
#6875=EDGE_CURVE('',#5530,#5531,#2804,.T.);
#6876=EDGE_CURVE('',#5531,#5524,#711,.T.);
#6877=EDGE_CURVE('',#5532,#5533,#2805,.T.);
#6878=EDGE_CURVE('',#5533,#5534,#712,.T.);
#6879=EDGE_CURVE('',#5534,#5535,#2806,.T.);
#6880=EDGE_CURVE('',#5535,#5536,#713,.T.);
#6881=EDGE_CURVE('',#5536,#5537,#2807,.T.);
#6882=EDGE_CURVE('',#5538,#5537,#714,.T.);
#6883=EDGE_CURVE('',#5538,#5539,#2808,.T.);
#6884=EDGE_CURVE('',#5540,#5539,#715,.T.);
#6885=EDGE_CURVE('',#5540,#5541,#2809,.T.);
#6886=EDGE_CURVE('',#5542,#5541,#716,.T.);
#6887=EDGE_CURVE('',#5542,#5543,#2810,.T.);
#6888=EDGE_CURVE('',#5544,#5543,#717,.T.);
#6889=EDGE_CURVE('',#5544,#5545,#2811,.T.);
#6890=EDGE_CURVE('',#5545,#5546,#718,.T.);
#6891=EDGE_CURVE('',#5546,#5547,#2812,.T.);
#6892=EDGE_CURVE('',#5547,#5532,#719,.T.);
#6893=EDGE_CURVE('',#5548,#5549,#2813,.T.);
#6894=EDGE_CURVE('',#5549,#5550,#720,.T.);
#6895=EDGE_CURVE('',#5550,#5551,#2814,.T.);
#6896=EDGE_CURVE('',#5551,#5552,#721,.T.);
#6897=EDGE_CURVE('',#5552,#5553,#2815,.T.);
#6898=EDGE_CURVE('',#5554,#5553,#722,.T.);
#6899=EDGE_CURVE('',#5554,#5555,#2816,.T.);
#6900=EDGE_CURVE('',#5556,#5555,#723,.T.);
#6901=EDGE_CURVE('',#5556,#5557,#2817,.T.);
#6902=EDGE_CURVE('',#5558,#5557,#724,.T.);
#6903=EDGE_CURVE('',#5558,#5559,#2818,.T.);
#6904=EDGE_CURVE('',#5560,#5559,#725,.T.);
#6905=EDGE_CURVE('',#5560,#5561,#2819,.T.);
#6906=EDGE_CURVE('',#5561,#5562,#726,.T.);
#6907=EDGE_CURVE('',#5562,#5563,#2820,.T.);
#6908=EDGE_CURVE('',#5563,#5548,#727,.T.);
#6909=EDGE_CURVE('',#5564,#5565,#2821,.T.);
#6910=EDGE_CURVE('',#5565,#5566,#728,.T.);
#6911=EDGE_CURVE('',#5567,#5566,#2822,.T.);
#6912=EDGE_CURVE('',#5567,#5568,#729,.T.);
#6913=EDGE_CURVE('',#5568,#5569,#2823,.T.);
#6914=EDGE_CURVE('',#5570,#5569,#730,.T.);
#6915=EDGE_CURVE('',#5570,#5571,#2824,.T.);
#6916=EDGE_CURVE('',#5572,#5571,#731,.T.);
#6917=EDGE_CURVE('',#5573,#5572,#2825,.T.);
#6918=EDGE_CURVE('',#5574,#5573,#732,.T.);
#6919=EDGE_CURVE('',#5575,#5574,#2826,.T.);
#6920=EDGE_CURVE('',#5576,#5575,#733,.T.);
#6921=EDGE_CURVE('',#5577,#5576,#2827,.T.);
#6922=EDGE_CURVE('',#5577,#5578,#734,.T.);
#6923=EDGE_CURVE('',#5579,#5578,#2828,.T.);
#6924=EDGE_CURVE('',#5579,#5564,#735,.T.);
#6925=EDGE_CURVE('',#5317,#5580,#2829,.T.);
#6926=EDGE_CURVE('',#5581,#5580,#2830,.T.);
#6927=EDGE_CURVE('',#5318,#5581,#2831,.T.);
#6928=EDGE_CURVE('',#5323,#5582,#2832,.T.);
#6929=EDGE_CURVE('',#5583,#5582,#736,.T.);
#6930=EDGE_CURVE('',#5315,#5583,#2833,.T.);
#6931=EDGE_CURVE('',#5320,#5584,#2834,.T.);
#6932=EDGE_CURVE('',#5585,#5584,#737,.T.);
#6933=EDGE_CURVE('',#5321,#5585,#2835,.T.);
#6934=EDGE_CURVE('',#5319,#5586,#2836,.T.);
#6935=EDGE_CURVE('',#5587,#5586,#2837,.T.);
#6936=EDGE_CURVE('',#5588,#5587,#2838,.T.);
#6937=EDGE_CURVE('',#5589,#5588,#2839,.T.);
#6938=EDGE_CURVE('',#5589,#5590,#2840,.T.);
#6939=EDGE_CURVE('',#5591,#5590,#2841,.T.);
#6940=EDGE_CURVE('',#5565,#5591,#2842,.T.);
#6941=EDGE_CURVE('',#5564,#5592,#2843,.T.);
#6942=EDGE_CURVE('',#5584,#5592,#2844,.T.);
#6943=EDGE_CURVE('',#5586,#5581,#738,.T.);
#6944=EDGE_CURVE('',#5316,#5593,#2845,.T.);
#6945=EDGE_CURVE('',#5580,#5593,#739,.T.);
#6946=EDGE_CURVE('',#5548,#5594,#2846,.T.);
#6947=EDGE_CURVE('',#5593,#5594,#2847,.T.);
#6948=EDGE_CURVE('',#5595,#5583,#2848,.T.);
#6949=EDGE_CURVE('',#5533,#5595,#2849,.T.);
#6950=EDGE_CURVE('',#5532,#5596,#2850,.T.);
#6951=EDGE_CURVE('',#5597,#5596,#2851,.T.);
#6952=EDGE_CURVE('',#5549,#5597,#2852,.T.);
#6953=EDGE_CURVE('',#5598,#5322,#2853,.T.);
#6954=EDGE_CURVE('',#5598,#5599,#2854,.T.);
#6955=EDGE_CURVE('',#5599,#5311,#2855,.T.);
#6956=EDGE_CURVE('',#5312,#5600,#2856,.T.);
#6957=EDGE_CURVE('',#5582,#5600,#2857,.T.);
#6958=EDGE_CURVE('',#5600,#5599,#2858,.T.);
#6959=EDGE_CURVE('',#5588,#5601,#740,.T.);
#6960=EDGE_CURVE('',#5602,#5601,#2859,.T.);
#6961=EDGE_CURVE('',#5602,#5603,#741,.T.);
#6962=EDGE_CURVE('',#5603,#5604,#2860,.T.);
#6963=EDGE_CURVE('',#5605,#5604,#742,.T.);
#6964=EDGE_CURVE('',#5605,#5606,#2861,.T.);
#6965=EDGE_CURVE('',#5607,#5606,#743,.T.);
#6966=EDGE_CURVE('',#5607,#5608,#2862,.T.);
#6967=EDGE_CURVE('',#5609,#5608,#744,.T.);
#6968=EDGE_CURVE('',#5609,#5610,#2863,.T.);
#6969=EDGE_CURVE('',#5611,#5610,#745,.T.);
#6970=EDGE_CURVE('',#5611,#5612,#2864,.T.);
#6971=EDGE_CURVE('',#5612,#5613,#746,.T.);
#6972=EDGE_CURVE('',#5614,#5613,#2865,.T.);
#6973=EDGE_CURVE('',#5614,#5589,#747,.T.);
#6974=EDGE_CURVE('',#5615,#5616,#2866,.T.);
#6975=EDGE_CURVE('',#5615,#4933,#2867,.T.);
#6976=EDGE_CURVE('',#5616,#4932,#2868,.T.);
#6977=EDGE_CURVE('',#5617,#5615,#2869,.T.);
#6978=EDGE_CURVE('',#5617,#4934,#2870,.T.);
#6979=EDGE_CURVE('',#5618,#5619,#2871,.T.);
#6980=EDGE_CURVE('',#5618,#5142,#2872,.T.);
#6981=EDGE_CURVE('',#5619,#5141,#2873,.T.);
#6982=EDGE_CURVE('',#5620,#5618,#2874,.T.);
#6983=EDGE_CURVE('',#5620,#5093,#2875,.T.);
#6984=EDGE_CURVE('',#5621,#5622,#2876,.T.);
#6985=EDGE_CURVE('',#5621,#4952,#2877,.T.);
#6986=EDGE_CURVE('',#5622,#4951,#2878,.T.);
#6987=EDGE_CURVE('',#5623,#5621,#2879,.T.);
#6988=EDGE_CURVE('',#5623,#4953,#2880,.T.);
#6989=EDGE_CURVE('',#5624,#5625,#2881,.T.);
#6990=EDGE_CURVE('',#5624,#5124,#2882,.T.);
#6991=EDGE_CURVE('',#5625,#5123,#2883,.T.);
#6992=EDGE_CURVE('',#5625,#5626,#2884,.T.);
#6993=EDGE_CURVE('',#5626,#5122,#2885,.T.);
#6994=EDGE_CURVE('',#5627,#4880,#2886,.T.);
#6995=EDGE_CURVE('',#5627,#4941,#2887,.T.);
#6996=EDGE_CURVE('',#5628,#4871,#2888,.T.);
#6997=EDGE_CURVE('',#5628,#5106,#2889,.T.);
#6998=EDGE_CURVE('',#5629,#4887,#2890,.T.);
#6999=EDGE_CURVE('',#5629,#4966,#2891,.T.);
#7000=EDGE_CURVE('',#5630,#4863,#2892,.T.);
#7001=EDGE_CURVE('',#5630,#5131,#2893,.T.);
#7002=EDGE_CURVE('',#5594,#5631,#748,.T.);
#7003=EDGE_CURVE('',#5631,#5632,#2894,.T.);
#7004=EDGE_CURVE('',#5632,#5633,#749,.T.);
#7005=EDGE_CURVE('',#5633,#5634,#2895,.T.);
#7006=EDGE_CURVE('',#5634,#5635,#750,.T.);
#7007=EDGE_CURVE('',#5635,#5636,#2896,.T.);
#7008=EDGE_CURVE('',#5636,#5637,#751,.T.);
#7009=EDGE_CURVE('',#5637,#5638,#2897,.T.);
#7010=EDGE_CURVE('',#5638,#5639,#752,.T.);
#7011=EDGE_CURVE('',#5639,#5640,#2898,.T.);
#7012=EDGE_CURVE('',#5640,#5641,#753,.T.);
#7013=EDGE_CURVE('',#5641,#5642,#2899,.T.);
#7014=EDGE_CURVE('',#5642,#5643,#754,.T.);
#7015=EDGE_CURVE('',#5643,#5644,#2900,.T.);
#7016=EDGE_CURVE('',#5644,#5597,#755,.T.);
#7017=EDGE_CURVE('',#5596,#5645,#756,.T.);
#7018=EDGE_CURVE('',#5645,#5646,#2901,.T.);
#7019=EDGE_CURVE('',#5646,#5647,#757,.T.);
#7020=EDGE_CURVE('',#5647,#5648,#2902,.T.);
#7021=EDGE_CURVE('',#5648,#5649,#758,.T.);
#7022=EDGE_CURVE('',#5649,#5650,#2903,.T.);
#7023=EDGE_CURVE('',#5650,#5651,#759,.T.);
#7024=EDGE_CURVE('',#5651,#5652,#2904,.T.);
#7025=EDGE_CURVE('',#5652,#5653,#760,.T.);
#7026=EDGE_CURVE('',#5653,#5654,#2905,.T.);
#7027=EDGE_CURVE('',#5654,#5655,#761,.T.);
#7028=EDGE_CURVE('',#5655,#5656,#2906,.T.);
#7029=EDGE_CURVE('',#5656,#5657,#762,.T.);
#7030=EDGE_CURVE('',#5657,#5658,#2907,.T.);
#7031=EDGE_CURVE('',#5658,#5595,#763,.T.);
#7032=EDGE_CURVE('',#5598,#5585,#2908,.T.);
#7033=EDGE_CURVE('',#5592,#5659,#764,.T.);
#7034=EDGE_CURVE('',#5659,#5660,#2909,.T.);
#7035=EDGE_CURVE('',#5660,#5661,#765,.T.);
#7036=EDGE_CURVE('',#5661,#5662,#2910,.T.);
#7037=EDGE_CURVE('',#5662,#5663,#766,.T.);
#7038=EDGE_CURVE('',#5663,#5664,#2911,.T.);
#7039=EDGE_CURVE('',#5664,#5665,#767,.T.);
#7040=EDGE_CURVE('',#5665,#5666,#2912,.T.);
#7041=EDGE_CURVE('',#5666,#5667,#768,.T.);
#7042=EDGE_CURVE('',#5667,#5668,#2913,.T.);
#7043=EDGE_CURVE('',#5668,#5669,#769,.T.);
#7044=EDGE_CURVE('',#5669,#5670,#2914,.T.);
#7045=EDGE_CURVE('',#5670,#5671,#770,.T.);
#7046=EDGE_CURVE('',#5671,#5672,#2915,.T.);
#7047=EDGE_CURVE('',#5672,#5591,#771,.T.);
#7048=EDGE_CURVE('',#5590,#5673,#772,.T.);
#7049=EDGE_CURVE('',#5673,#5674,#2916,.T.);
#7050=EDGE_CURVE('',#5674,#5675,#773,.T.);
#7051=EDGE_CURVE('',#5675,#5676,#2917,.T.);
#7052=EDGE_CURVE('',#5676,#5677,#774,.T.);
#7053=EDGE_CURVE('',#5677,#5678,#2918,.T.);
#7054=EDGE_CURVE('',#5678,#5679,#775,.T.);
#7055=EDGE_CURVE('',#5679,#5680,#2919,.T.);
#7056=EDGE_CURVE('',#5680,#5681,#776,.T.);
#7057=EDGE_CURVE('',#5681,#5682,#2920,.T.);
#7058=EDGE_CURVE('',#5682,#5683,#777,.T.);
#7059=EDGE_CURVE('',#5683,#5684,#2921,.T.);
#7060=EDGE_CURVE('',#5684,#5685,#778,.T.);
#7061=EDGE_CURVE('',#5685,#5686,#2922,.T.);
#7062=EDGE_CURVE('',#5686,#5587,#779,.T.);
#7063=EDGE_CURVE('',#5687,#5688,#2923,.T.);
#7064=EDGE_CURVE('',#5688,#5689,#780,.T.);
#7065=EDGE_CURVE('',#5689,#5690,#2924,.T.);
#7066=EDGE_CURVE('',#5690,#5691,#781,.T.);
#7067=EDGE_CURVE('',#5691,#5692,#2925,.T.);
#7068=EDGE_CURVE('',#5692,#5693,#782,.T.);
#7069=EDGE_CURVE('',#5693,#5694,#2926,.T.);
#7070=EDGE_CURVE('',#5694,#5687,#783,.T.);
#7071=EDGE_CURVE('',#5695,#5696,#2927,.T.);
#7072=EDGE_CURVE('',#5696,#5697,#784,.T.);
#7073=EDGE_CURVE('',#5697,#5698,#2928,.T.);
#7074=EDGE_CURVE('',#5698,#5699,#785,.T.);
#7075=EDGE_CURVE('',#5699,#5700,#2929,.T.);
#7076=EDGE_CURVE('',#5700,#5701,#786,.T.);
#7077=EDGE_CURVE('',#5701,#5702,#2930,.T.);
#7078=EDGE_CURVE('',#5702,#5695,#787,.T.);
#7079=EDGE_CURVE('',#5703,#5704,#2931,.T.);
#7080=EDGE_CURVE('',#5704,#5705,#788,.T.);
#7081=EDGE_CURVE('',#5705,#5706,#2932,.T.);
#7082=EDGE_CURVE('',#5706,#5707,#789,.T.);
#7083=EDGE_CURVE('',#5707,#5708,#2933,.T.);
#7084=EDGE_CURVE('',#5708,#5709,#790,.T.);
#7085=EDGE_CURVE('',#5709,#5710,#2934,.T.);
#7086=EDGE_CURVE('',#5710,#5703,#791,.T.);
#7087=EDGE_CURVE('',#5711,#5712,#2935,.T.);
#7088=EDGE_CURVE('',#5712,#5713,#792,.T.);
#7089=EDGE_CURVE('',#5713,#5714,#2936,.T.);
#7090=EDGE_CURVE('',#5714,#5715,#793,.T.);
#7091=EDGE_CURVE('',#5715,#5716,#2937,.T.);
#7092=EDGE_CURVE('',#5716,#5717,#794,.T.);
#7093=EDGE_CURVE('',#5717,#5718,#2938,.T.);
#7094=EDGE_CURVE('',#5718,#5711,#795,.T.);
#7095=EDGE_CURVE('',#5719,#5720,#2939,.T.);
#7096=EDGE_CURVE('',#5720,#5721,#796,.T.);
#7097=EDGE_CURVE('',#5721,#5722,#2940,.T.);
#7098=EDGE_CURVE('',#5722,#5723,#797,.T.);
#7099=EDGE_CURVE('',#5723,#5724,#2941,.T.);
#7100=EDGE_CURVE('',#5724,#5725,#798,.T.);
#7101=EDGE_CURVE('',#5725,#5726,#2942,.T.);
#7102=EDGE_CURVE('',#5726,#5719,#799,.T.);
#7103=EDGE_CURVE('',#5727,#5728,#2943,.T.);
#7104=EDGE_CURVE('',#5728,#5729,#800,.T.);
#7105=EDGE_CURVE('',#5729,#5730,#2944,.T.);
#7106=EDGE_CURVE('',#5730,#5731,#801,.T.);
#7107=EDGE_CURVE('',#5731,#5732,#2945,.T.);
#7108=EDGE_CURVE('',#5732,#5733,#802,.T.);
#7109=EDGE_CURVE('',#5733,#5734,#2946,.T.);
#7110=EDGE_CURVE('',#5734,#5727,#803,.T.);
#7111=EDGE_CURVE('',#5735,#5736,#2947,.T.);
#7112=EDGE_CURVE('',#5736,#5737,#804,.T.);
#7113=EDGE_CURVE('',#5737,#5738,#2948,.T.);
#7114=EDGE_CURVE('',#5738,#5739,#805,.T.);
#7115=EDGE_CURVE('',#5739,#5740,#2949,.T.);
#7116=EDGE_CURVE('',#5740,#5741,#806,.T.);
#7117=EDGE_CURVE('',#5741,#5742,#2950,.T.);
#7118=EDGE_CURVE('',#5742,#5735,#807,.T.);
#7119=EDGE_CURVE('',#5743,#5744,#2951,.T.);
#7120=EDGE_CURVE('',#5744,#5745,#808,.T.);
#7121=EDGE_CURVE('',#5745,#5746,#2952,.T.);
#7122=EDGE_CURVE('',#5746,#5747,#809,.T.);
#7123=EDGE_CURVE('',#5747,#5748,#2953,.T.);
#7124=EDGE_CURVE('',#5748,#5749,#810,.T.);
#7125=EDGE_CURVE('',#5749,#5750,#2954,.T.);
#7126=EDGE_CURVE('',#5750,#5743,#811,.T.);
#7127=EDGE_CURVE('',#5751,#5752,#2955,.T.);
#7128=EDGE_CURVE('',#5752,#5753,#812,.T.);
#7129=EDGE_CURVE('',#5753,#5754,#2956,.T.);
#7130=EDGE_CURVE('',#5754,#5755,#813,.T.);
#7131=EDGE_CURVE('',#5755,#5756,#2957,.T.);
#7132=EDGE_CURVE('',#5756,#5757,#814,.T.);
#7133=EDGE_CURVE('',#5757,#5758,#2958,.T.);
#7134=EDGE_CURVE('',#5758,#5751,#815,.T.);
#7135=EDGE_CURVE('',#5759,#5760,#2959,.T.);
#7136=EDGE_CURVE('',#5760,#5761,#816,.T.);
#7137=EDGE_CURVE('',#5761,#5762,#2960,.T.);
#7138=EDGE_CURVE('',#5762,#5763,#817,.T.);
#7139=EDGE_CURVE('',#5763,#5764,#2961,.T.);
#7140=EDGE_CURVE('',#5764,#5765,#818,.T.);
#7141=EDGE_CURVE('',#5765,#5766,#2962,.T.);
#7142=EDGE_CURVE('',#5766,#5759,#819,.T.);
#7143=EDGE_CURVE('',#5767,#5768,#2963,.T.);
#7144=EDGE_CURVE('',#5768,#5769,#820,.T.);
#7145=EDGE_CURVE('',#5769,#5770,#2964,.T.);
#7146=EDGE_CURVE('',#5770,#5771,#821,.T.);
#7147=EDGE_CURVE('',#5771,#5772,#2965,.T.);
#7148=EDGE_CURVE('',#5772,#5773,#822,.T.);
#7149=EDGE_CURVE('',#5773,#5774,#2966,.T.);
#7150=EDGE_CURVE('',#5774,#5767,#823,.T.);
#7151=EDGE_CURVE('',#5775,#5776,#2967,.T.);
#7152=EDGE_CURVE('',#5776,#5777,#824,.T.);
#7153=EDGE_CURVE('',#5777,#5778,#2968,.T.);
#7154=EDGE_CURVE('',#5778,#5779,#825,.T.);
#7155=EDGE_CURVE('',#5779,#5780,#2969,.T.);
#7156=EDGE_CURVE('',#5780,#5781,#826,.T.);
#7157=EDGE_CURVE('',#5781,#5782,#2970,.T.);
#7158=EDGE_CURVE('',#5782,#5775,#827,.T.);
#7159=EDGE_CURVE('',#5783,#5784,#2971,.T.);
#7160=EDGE_CURVE('',#5784,#5785,#828,.T.);
#7161=EDGE_CURVE('',#5785,#5786,#2972,.T.);
#7162=EDGE_CURVE('',#5786,#5787,#829,.T.);
#7163=EDGE_CURVE('',#5787,#5788,#2973,.T.);
#7164=EDGE_CURVE('',#5788,#5789,#830,.T.);
#7165=EDGE_CURVE('',#5789,#5790,#2974,.T.);
#7166=EDGE_CURVE('',#5790,#5783,#831,.T.);
#7167=EDGE_CURVE('',#5791,#5792,#2975,.T.);
#7168=EDGE_CURVE('',#5792,#5793,#832,.T.);
#7169=EDGE_CURVE('',#5793,#5794,#2976,.T.);
#7170=EDGE_CURVE('',#5794,#5795,#833,.T.);
#7171=EDGE_CURVE('',#5795,#5796,#2977,.T.);
#7172=EDGE_CURVE('',#5796,#5797,#834,.T.);
#7173=EDGE_CURVE('',#5797,#5798,#2978,.T.);
#7174=EDGE_CURVE('',#5798,#5791,#835,.T.);
#7175=EDGE_CURVE('',#5799,#5800,#2979,.T.);
#7176=EDGE_CURVE('',#5800,#5801,#836,.T.);
#7177=EDGE_CURVE('',#5801,#5802,#2980,.T.);
#7178=EDGE_CURVE('',#5802,#5803,#837,.T.);
#7179=EDGE_CURVE('',#5803,#5804,#2981,.T.);
#7180=EDGE_CURVE('',#5804,#5805,#838,.T.);
#7181=EDGE_CURVE('',#5805,#5806,#2982,.T.);
#7182=EDGE_CURVE('',#5806,#5799,#839,.T.);
#7183=EDGE_CURVE('',#5807,#5808,#2983,.T.);
#7184=EDGE_CURVE('',#5808,#5809,#840,.T.);
#7185=EDGE_CURVE('',#5809,#5810,#2984,.T.);
#7186=EDGE_CURVE('',#5810,#5811,#841,.T.);
#7187=EDGE_CURVE('',#5811,#5812,#2985,.T.);
#7188=EDGE_CURVE('',#5812,#5813,#842,.T.);
#7189=EDGE_CURVE('',#5813,#5814,#2986,.T.);
#7190=EDGE_CURVE('',#5814,#5807,#843,.T.);
#7191=EDGE_CURVE('',#5815,#5816,#2987,.T.);
#7192=EDGE_CURVE('',#5816,#5817,#844,.T.);
#7193=EDGE_CURVE('',#5817,#5818,#2988,.T.);
#7194=EDGE_CURVE('',#5818,#5819,#845,.T.);
#7195=EDGE_CURVE('',#5819,#5820,#2989,.T.);
#7196=EDGE_CURVE('',#5820,#5821,#846,.T.);
#7197=EDGE_CURVE('',#5821,#5822,#2990,.T.);
#7198=EDGE_CURVE('',#5822,#5815,#847,.T.);
#7199=EDGE_CURVE('',#5823,#5824,#2991,.T.);
#7200=EDGE_CURVE('',#5824,#5825,#848,.T.);
#7201=EDGE_CURVE('',#5825,#5826,#2992,.T.);
#7202=EDGE_CURVE('',#5826,#5827,#849,.T.);
#7203=EDGE_CURVE('',#5827,#5828,#2993,.T.);
#7204=EDGE_CURVE('',#5828,#5829,#850,.T.);
#7205=EDGE_CURVE('',#5829,#5830,#2994,.T.);
#7206=EDGE_CURVE('',#5830,#5823,#851,.T.);
#7207=EDGE_CURVE('',#5831,#5832,#2995,.T.);
#7208=EDGE_CURVE('',#5832,#5833,#852,.T.);
#7209=EDGE_CURVE('',#5833,#5834,#2996,.T.);
#7210=EDGE_CURVE('',#5834,#5835,#853,.T.);
#7211=EDGE_CURVE('',#5835,#5836,#2997,.T.);
#7212=EDGE_CURVE('',#5836,#5837,#854,.T.);
#7213=EDGE_CURVE('',#5837,#5838,#2998,.T.);
#7214=EDGE_CURVE('',#5838,#5831,#855,.T.);
#7215=EDGE_CURVE('',#5839,#5840,#2999,.T.);
#7216=EDGE_CURVE('',#5840,#5841,#856,.T.);
#7217=EDGE_CURVE('',#5841,#5842,#3000,.T.);
#7218=EDGE_CURVE('',#5842,#5843,#857,.T.);
#7219=EDGE_CURVE('',#5843,#5844,#3001,.T.);
#7220=EDGE_CURVE('',#5844,#5845,#858,.T.);
#7221=EDGE_CURVE('',#5845,#5846,#3002,.T.);
#7222=EDGE_CURVE('',#5846,#5839,#859,.T.);
#7223=EDGE_CURVE('',#5847,#5848,#3003,.T.);
#7224=EDGE_CURVE('',#5848,#5849,#860,.T.);
#7225=EDGE_CURVE('',#5849,#5850,#3004,.T.);
#7226=EDGE_CURVE('',#5850,#5851,#861,.T.);
#7227=EDGE_CURVE('',#5851,#5852,#3005,.T.);
#7228=EDGE_CURVE('',#5852,#5853,#862,.T.);
#7229=EDGE_CURVE('',#5853,#5854,#3006,.T.);
#7230=EDGE_CURVE('',#5854,#5847,#863,.T.);
#7231=EDGE_CURVE('',#5855,#5856,#3007,.T.);
#7232=EDGE_CURVE('',#5856,#5857,#864,.T.);
#7233=EDGE_CURVE('',#5857,#5858,#3008,.T.);
#7234=EDGE_CURVE('',#5858,#5859,#865,.T.);
#7235=EDGE_CURVE('',#5859,#5860,#3009,.T.);
#7236=EDGE_CURVE('',#5860,#5861,#866,.T.);
#7237=EDGE_CURVE('',#5861,#5862,#3010,.T.);
#7238=EDGE_CURVE('',#5862,#5855,#867,.T.);
#7239=EDGE_CURVE('',#5863,#5864,#3011,.T.);
#7240=EDGE_CURVE('',#5864,#5865,#868,.T.);
#7241=EDGE_CURVE('',#5865,#5866,#3012,.T.);
#7242=EDGE_CURVE('',#5866,#5867,#869,.T.);
#7243=EDGE_CURVE('',#5867,#5868,#3013,.T.);
#7244=EDGE_CURVE('',#5868,#5869,#870,.T.);
#7245=EDGE_CURVE('',#5869,#5870,#3014,.T.);
#7246=EDGE_CURVE('',#5870,#5863,#871,.T.);
#7247=EDGE_CURVE('',#5871,#5872,#3015,.T.);
#7248=EDGE_CURVE('',#5872,#5873,#872,.T.);
#7249=EDGE_CURVE('',#5873,#5874,#3016,.T.);
#7250=EDGE_CURVE('',#5874,#5875,#873,.T.);
#7251=EDGE_CURVE('',#5875,#5876,#3017,.T.);
#7252=EDGE_CURVE('',#5876,#5877,#874,.T.);
#7253=EDGE_CURVE('',#5877,#5878,#3018,.T.);
#7254=EDGE_CURVE('',#5878,#5871,#875,.T.);
#7255=EDGE_CURVE('',#5879,#5880,#3019,.T.);
#7256=EDGE_CURVE('',#5880,#5881,#876,.T.);
#7257=EDGE_CURVE('',#5881,#5882,#3020,.T.);
#7258=EDGE_CURVE('',#5882,#5883,#877,.T.);
#7259=EDGE_CURVE('',#5883,#5884,#3021,.T.);
#7260=EDGE_CURVE('',#5884,#5885,#878,.T.);
#7261=EDGE_CURVE('',#5885,#5886,#3022,.T.);
#7262=EDGE_CURVE('',#5886,#5879,#879,.T.);
#7263=EDGE_CURVE('',#5887,#5888,#3023,.T.);
#7264=EDGE_CURVE('',#5888,#5889,#880,.T.);
#7265=EDGE_CURVE('',#5889,#5890,#3024,.T.);
#7266=EDGE_CURVE('',#5890,#5891,#881,.T.);
#7267=EDGE_CURVE('',#5891,#5892,#3025,.T.);
#7268=EDGE_CURVE('',#5892,#5893,#882,.T.);
#7269=EDGE_CURVE('',#5893,#5894,#3026,.T.);
#7270=EDGE_CURVE('',#5894,#5887,#883,.T.);
#7271=EDGE_CURVE('',#5895,#5896,#3027,.T.);
#7272=EDGE_CURVE('',#5896,#5897,#884,.T.);
#7273=EDGE_CURVE('',#5897,#5898,#3028,.T.);
#7274=EDGE_CURVE('',#5898,#5899,#885,.T.);
#7275=EDGE_CURVE('',#5899,#5900,#3029,.T.);
#7276=EDGE_CURVE('',#5900,#5901,#886,.T.);
#7277=EDGE_CURVE('',#5901,#5902,#3030,.T.);
#7278=EDGE_CURVE('',#5902,#5895,#887,.T.);
#7279=EDGE_CURVE('',#5903,#5904,#3031,.T.);
#7280=EDGE_CURVE('',#5904,#5905,#888,.T.);
#7281=EDGE_CURVE('',#5905,#5906,#3032,.T.);
#7282=EDGE_CURVE('',#5906,#5907,#889,.T.);
#7283=EDGE_CURVE('',#5907,#5908,#3033,.T.);
#7284=EDGE_CURVE('',#5908,#5909,#890,.T.);
#7285=EDGE_CURVE('',#5909,#5910,#3034,.T.);
#7286=EDGE_CURVE('',#5910,#5903,#891,.T.);
#7287=EDGE_CURVE('',#5911,#5912,#3035,.T.);
#7288=EDGE_CURVE('',#5912,#5913,#892,.T.);
#7289=EDGE_CURVE('',#5913,#5914,#3036,.T.);
#7290=EDGE_CURVE('',#5914,#5915,#893,.T.);
#7291=EDGE_CURVE('',#5915,#5916,#3037,.T.);
#7292=EDGE_CURVE('',#5916,#5917,#894,.T.);
#7293=EDGE_CURVE('',#5917,#5918,#3038,.T.);
#7294=EDGE_CURVE('',#5918,#5911,#895,.T.);
#7295=EDGE_CURVE('',#5919,#5920,#3039,.T.);
#7296=EDGE_CURVE('',#5920,#5921,#896,.T.);
#7297=EDGE_CURVE('',#5921,#5922,#3040,.T.);
#7298=EDGE_CURVE('',#5922,#5923,#897,.T.);
#7299=EDGE_CURVE('',#5923,#5924,#3041,.T.);
#7300=EDGE_CURVE('',#5924,#5925,#898,.T.);
#7301=EDGE_CURVE('',#5925,#5926,#3042,.T.);
#7302=EDGE_CURVE('',#5926,#5919,#899,.T.);
#7303=EDGE_CURVE('',#5927,#5928,#3043,.T.);
#7304=EDGE_CURVE('',#5928,#5929,#900,.T.);
#7305=EDGE_CURVE('',#5929,#5930,#3044,.T.);
#7306=EDGE_CURVE('',#5930,#5931,#901,.T.);
#7307=EDGE_CURVE('',#5931,#5932,#3045,.T.);
#7308=EDGE_CURVE('',#5932,#5933,#902,.T.);
#7309=EDGE_CURVE('',#5933,#5934,#3046,.T.);
#7310=EDGE_CURVE('',#5934,#5927,#903,.T.);
#7311=EDGE_CURVE('',#5935,#5936,#3047,.T.);
#7312=EDGE_CURVE('',#5936,#5937,#904,.T.);
#7313=EDGE_CURVE('',#5937,#5938,#3048,.T.);
#7314=EDGE_CURVE('',#5938,#5939,#905,.T.);
#7315=EDGE_CURVE('',#5939,#5940,#3049,.T.);
#7316=EDGE_CURVE('',#5940,#5941,#906,.T.);
#7317=EDGE_CURVE('',#5941,#5942,#3050,.T.);
#7318=EDGE_CURVE('',#5942,#5935,#907,.T.);
#7319=EDGE_CURVE('',#5943,#5944,#3051,.T.);
#7320=EDGE_CURVE('',#5944,#5945,#908,.T.);
#7321=EDGE_CURVE('',#5945,#5946,#3052,.T.);
#7322=EDGE_CURVE('',#5946,#5947,#909,.T.);
#7323=EDGE_CURVE('',#5947,#5948,#3053,.T.);
#7324=EDGE_CURVE('',#5948,#5949,#910,.T.);
#7325=EDGE_CURVE('',#5949,#5950,#3054,.T.);
#7326=EDGE_CURVE('',#5950,#5943,#911,.T.);
#7327=EDGE_CURVE('',#5951,#5952,#3055,.T.);
#7328=EDGE_CURVE('',#5952,#5953,#912,.T.);
#7329=EDGE_CURVE('',#5953,#5954,#3056,.T.);
#7330=EDGE_CURVE('',#5954,#5955,#913,.T.);
#7331=EDGE_CURVE('',#5955,#5956,#3057,.T.);
#7332=EDGE_CURVE('',#5956,#5957,#914,.T.);
#7333=EDGE_CURVE('',#5957,#5958,#3058,.T.);
#7334=EDGE_CURVE('',#5958,#5951,#915,.T.);
#7335=EDGE_CURVE('',#5959,#5960,#3059,.T.);
#7336=EDGE_CURVE('',#5960,#5961,#916,.T.);
#7337=EDGE_CURVE('',#5961,#5962,#3060,.T.);
#7338=EDGE_CURVE('',#5962,#5963,#917,.T.);
#7339=EDGE_CURVE('',#5963,#5964,#3061,.T.);
#7340=EDGE_CURVE('',#5964,#5965,#918,.T.);
#7341=EDGE_CURVE('',#5965,#5966,#3062,.T.);
#7342=EDGE_CURVE('',#5966,#5959,#919,.T.);
#7343=EDGE_CURVE('',#5967,#5968,#3063,.T.);
#7344=EDGE_CURVE('',#5968,#5969,#920,.T.);
#7345=EDGE_CURVE('',#5969,#5970,#3064,.T.);
#7346=EDGE_CURVE('',#5970,#5971,#921,.T.);
#7347=EDGE_CURVE('',#5971,#5972,#3065,.T.);
#7348=EDGE_CURVE('',#5972,#5973,#922,.T.);
#7349=EDGE_CURVE('',#5973,#5974,#3066,.T.);
#7350=EDGE_CURVE('',#5974,#5967,#923,.T.);
#7351=EDGE_CURVE('',#5975,#5976,#3067,.T.);
#7352=EDGE_CURVE('',#5976,#5977,#924,.T.);
#7353=EDGE_CURVE('',#5977,#5978,#3068,.T.);
#7354=EDGE_CURVE('',#5978,#5979,#925,.T.);
#7355=EDGE_CURVE('',#5979,#5980,#3069,.T.);
#7356=EDGE_CURVE('',#5980,#5981,#926,.T.);
#7357=EDGE_CURVE('',#5981,#5982,#3070,.T.);
#7358=EDGE_CURVE('',#5982,#5975,#927,.T.);
#7359=EDGE_CURVE('',#5983,#5984,#3071,.T.);
#7360=EDGE_CURVE('',#5984,#5985,#928,.T.);
#7361=EDGE_CURVE('',#5985,#5986,#3072,.T.);
#7362=EDGE_CURVE('',#5986,#5987,#929,.T.);
#7363=EDGE_CURVE('',#5987,#5988,#3073,.T.);
#7364=EDGE_CURVE('',#5988,#5989,#930,.T.);
#7365=EDGE_CURVE('',#5989,#5990,#3074,.T.);
#7366=EDGE_CURVE('',#5990,#5983,#931,.T.);
#7367=EDGE_CURVE('',#5991,#5992,#3075,.T.);
#7368=EDGE_CURVE('',#5992,#5993,#932,.T.);
#7369=EDGE_CURVE('',#5993,#5994,#3076,.T.);
#7370=EDGE_CURVE('',#5994,#5995,#933,.T.);
#7371=EDGE_CURVE('',#5995,#5996,#3077,.T.);
#7372=EDGE_CURVE('',#5996,#5997,#934,.T.);
#7373=EDGE_CURVE('',#5997,#5998,#3078,.T.);
#7374=EDGE_CURVE('',#5998,#5991,#935,.T.);
#7375=EDGE_CURVE('',#5999,#6000,#3079,.T.);
#7376=EDGE_CURVE('',#6000,#6001,#936,.T.);
#7377=EDGE_CURVE('',#6001,#6002,#3080,.T.);
#7378=EDGE_CURVE('',#6002,#6003,#937,.T.);
#7379=EDGE_CURVE('',#6003,#6004,#3081,.T.);
#7380=EDGE_CURVE('',#6004,#6005,#938,.T.);
#7381=EDGE_CURVE('',#6005,#6006,#3082,.T.);
#7382=EDGE_CURVE('',#6006,#5999,#939,.T.);
#7383=EDGE_CURVE('',#6007,#5620,#940,.T.);
#7384=EDGE_CURVE('',#6008,#5619,#941,.T.);
#7385=EDGE_CURVE('',#6008,#6009,#3083,.T.);
#7386=EDGE_CURVE('',#6009,#6010,#3084,.T.);
#7387=EDGE_CURVE('',#6011,#6010,#942,.T.);
#7388=EDGE_CURVE('',#6011,#6012,#3085,.T.);
#7389=EDGE_CURVE('',#6013,#6012,#943,.T.);
#7390=EDGE_CURVE('',#6013,#4859,#3086,.T.);
#7391=EDGE_CURVE('',#4860,#6014,#3087,.T.);
#7392=EDGE_CURVE('',#6014,#6015,#944,.T.);
#7393=EDGE_CURVE('',#6015,#6016,#3088,.T.);
#7394=EDGE_CURVE('',#6016,#5630,#945,.T.);
#7395=EDGE_CURVE('',#6017,#4864,#3089,.T.);
#7396=EDGE_CURVE('',#6018,#6017,#946,.T.);
#7397=EDGE_CURVE('',#6019,#6018,#3090,.T.);
#7398=EDGE_CURVE('',#6020,#6019,#947,.T.);
#7399=EDGE_CURVE('',#6021,#6020,#3091,.T.);
#7400=EDGE_CURVE('',#6022,#6021,#3092,.T.);
#7401=EDGE_CURVE('',#6022,#5624,#948,.T.);
#7402=EDGE_CURVE('',#5626,#6023,#949,.T.);
#7403=EDGE_CURVE('',#6024,#6023,#3093,.T.);
#7404=EDGE_CURVE('',#6025,#6024,#950,.T.);
#7405=EDGE_CURVE('',#6026,#6025,#3094,.T.);
#7406=EDGE_CURVE('',#6026,#6027,#951,.T.);
#7407=EDGE_CURVE('',#6028,#6027,#3095,.T.);
#7408=EDGE_CURVE('',#6029,#6028,#952,.T.);
#7409=EDGE_CURVE('',#6030,#6029,#3096,.T.);
#7410=EDGE_CURVE('',#6031,#6030,#953,.T.);
#7411=EDGE_CURVE('',#6032,#6031,#3097,.T.);
#7412=EDGE_CURVE('',#6032,#6033,#954,.T.);
#7413=EDGE_CURVE('',#6034,#6033,#3098,.T.);
#7414=EDGE_CURVE('',#4867,#6034,#3099,.T.);
#7415=EDGE_CURVE('',#4868,#6035,#3100,.T.);
#7416=EDGE_CURVE('',#6035,#6036,#955,.T.);
#7417=EDGE_CURVE('',#6036,#6037,#3101,.T.);
#7418=EDGE_CURVE('',#6037,#5628,#956,.T.);
#7419=EDGE_CURVE('',#4872,#6038,#3102,.T.);
#7420=EDGE_CURVE('',#6038,#6039,#3103,.T.);
#7421=EDGE_CURVE('',#6039,#6040,#957,.T.);
#7422=EDGE_CURVE('',#6040,#6041,#3104,.T.);
#7423=EDGE_CURVE('',#6042,#6041,#958,.T.);
#7424=EDGE_CURVE('',#6042,#6043,#3105,.T.);
#7425=EDGE_CURVE('',#6044,#6043,#959,.T.);
#7426=EDGE_CURVE('',#6044,#6045,#3106,.T.);
#7427=EDGE_CURVE('',#6045,#6046,#960,.T.);
#7428=EDGE_CURVE('',#6046,#6047,#3107,.T.);
#7429=EDGE_CURVE('',#6048,#6047,#961,.T.);
#7430=EDGE_CURVE('',#6048,#6007,#3108,.T.);
#7431=EDGE_CURVE('',#5616,#6049,#962,.T.);
#7432=EDGE_CURVE('',#6050,#6049,#3109,.T.);
#7433=EDGE_CURVE('',#6051,#6050,#963,.T.);
#7434=EDGE_CURVE('',#6052,#6051,#3110,.T.);
#7435=EDGE_CURVE('',#6052,#6053,#964,.T.);
#7436=EDGE_CURVE('',#6054,#6053,#3111,.T.);
#7437=EDGE_CURVE('',#6055,#6054,#965,.T.);
#7438=EDGE_CURVE('',#6056,#6055,#3112,.T.);
#7439=EDGE_CURVE('',#6057,#6056,#966,.T.);
#7440=EDGE_CURVE('',#6058,#6057,#3113,.T.);
#7441=EDGE_CURVE('',#6058,#6059,#967,.T.);
#7442=EDGE_CURVE('',#6060,#6059,#3114,.T.);
#7443=EDGE_CURVE('',#4883,#6060,#3115,.T.);
#7444=EDGE_CURVE('',#4884,#6061,#3116,.T.);
#7445=EDGE_CURVE('',#6061,#6062,#968,.T.);
#7446=EDGE_CURVE('',#6062,#6063,#3117,.T.);
#7447=EDGE_CURVE('',#6063,#5629,#969,.T.);
#7448=EDGE_CURVE('',#4888,#6064,#3118,.T.);
#7449=EDGE_CURVE('',#6064,#6065,#3119,.T.);
#7450=EDGE_CURVE('',#6065,#6066,#970,.T.);
#7451=EDGE_CURVE('',#6066,#6067,#3120,.T.);
#7452=EDGE_CURVE('',#6068,#6067,#971,.T.);
#7453=EDGE_CURVE('',#6068,#6069,#3121,.T.);
#7454=EDGE_CURVE('',#6070,#6069,#972,.T.);
#7455=EDGE_CURVE('',#6070,#6071,#3122,.T.);
#7456=EDGE_CURVE('',#6071,#6072,#973,.T.);
#7457=EDGE_CURVE('',#6072,#6073,#3123,.T.);
#7458=EDGE_CURVE('',#6074,#6073,#974,.T.);
#7459=EDGE_CURVE('',#6074,#6075,#3124,.T.);
#7460=EDGE_CURVE('',#6075,#5623,#975,.T.);
#7461=EDGE_CURVE('',#6076,#5622,#976,.T.);
#7462=EDGE_CURVE('',#6076,#6077,#3125,.T.);
#7463=EDGE_CURVE('',#6077,#6078,#3126,.T.);
#7464=EDGE_CURVE('',#6079,#6078,#977,.T.);
#7465=EDGE_CURVE('',#6079,#6080,#3127,.T.);
#7466=EDGE_CURVE('',#6081,#6080,#978,.T.);
#7467=EDGE_CURVE('',#6081,#4876,#3128,.T.);
#7468=EDGE_CURVE('',#4875,#6082,#3129,.T.);
#7469=EDGE_CURVE('',#6082,#6083,#979,.T.);
#7470=EDGE_CURVE('',#6083,#6084,#3130,.T.);
#7471=EDGE_CURVE('',#6084,#5627,#980,.T.);
#7472=EDGE_CURVE('',#6085,#4879,#3131,.T.);
#7473=EDGE_CURVE('',#6086,#6085,#981,.T.);
#7474=EDGE_CURVE('',#6087,#6086,#3132,.T.);
#7475=EDGE_CURVE('',#6088,#6087,#982,.T.);
#7476=EDGE_CURVE('',#6089,#6088,#3133,.T.);
#7477=EDGE_CURVE('',#6090,#6089,#3134,.T.);
#7478=EDGE_CURVE('',#6090,#5617,#983,.T.);
#7479=EDGE_CURVE('',#6008,#5140,#3135,.T.);
#7480=EDGE_CURVE('',#6023,#5121,#3136,.T.);
#7481=EDGE_CURVE('',#6076,#4950,#3137,.T.);
#7482=EDGE_CURVE('',#6049,#4931,#3138,.T.);
#7483=EDGE_CURVE('',#6024,#5120,#3139,.T.);
#7484=EDGE_CURVE('',#6025,#5119,#3140,.T.);
#7485=EDGE_CURVE('',#6026,#5118,#3141,.T.);
#7486=EDGE_CURVE('',#6027,#5117,#3142,.T.);
#7487=EDGE_CURVE('',#6028,#5116,#3143,.T.);
#7488=EDGE_CURVE('',#6029,#5115,#3144,.T.);
#7489=EDGE_CURVE('',#6030,#5114,#3145,.T.);
#7490=EDGE_CURVE('',#6031,#5113,#3146,.T.);
#7491=EDGE_CURVE('',#6032,#5112,#3147,.T.);
#7492=EDGE_CURVE('',#6033,#5111,#3148,.T.);
#7493=EDGE_CURVE('',#6034,#5110,#3149,.T.);
#7494=EDGE_CURVE('',#6038,#5105,#3150,.T.);
#7495=EDGE_CURVE('',#6039,#5104,#3151,.T.);
#7496=EDGE_CURVE('',#6040,#5103,#3152,.T.);
#7497=EDGE_CURVE('',#6041,#5102,#3153,.T.);
#7498=EDGE_CURVE('',#6042,#5101,#3154,.T.);
#7499=EDGE_CURVE('',#6043,#5100,#3155,.T.);
#7500=EDGE_CURVE('',#6044,#5099,#3156,.T.);
#7501=EDGE_CURVE('',#6045,#5098,#3157,.T.);
#7502=EDGE_CURVE('',#6046,#5097,#3158,.T.);
#7503=EDGE_CURVE('',#6047,#5096,#3159,.T.);
#7504=EDGE_CURVE('',#6048,#5095,#3160,.T.);
#7505=EDGE_CURVE('',#6007,#5094,#3161,.T.);
#7506=EDGE_CURVE('',#6009,#5139,#3162,.T.);
#7507=EDGE_CURVE('',#6010,#5138,#3163,.T.);
#7508=EDGE_CURVE('',#6011,#5137,#3164,.T.);
#7509=EDGE_CURVE('',#6012,#5136,#3165,.T.);
#7510=EDGE_CURVE('',#6013,#5135,#3166,.T.);
#7511=EDGE_CURVE('',#6017,#5130,#3167,.T.);
#7512=EDGE_CURVE('',#6018,#5129,#3168,.T.);
#7513=EDGE_CURVE('',#6019,#5128,#3169,.T.);
#7514=EDGE_CURVE('',#6020,#5127,#3170,.T.);
#7515=EDGE_CURVE('',#6021,#5126,#3171,.T.);
#7516=EDGE_CURVE('',#6022,#5125,#3172,.T.);
#7517=EDGE_CURVE('',#6064,#4965,#3173,.T.);
#7518=EDGE_CURVE('',#6065,#4964,#3174,.T.);
#7519=EDGE_CURVE('',#6066,#4963,#3175,.T.);
#7520=EDGE_CURVE('',#6067,#4962,#3176,.T.);
#7521=EDGE_CURVE('',#6068,#4961,#3177,.T.);
#7522=EDGE_CURVE('',#6069,#4960,#3178,.T.);
#7523=EDGE_CURVE('',#6070,#4959,#3179,.T.);
#7524=EDGE_CURVE('',#6071,#4958,#3180,.T.);
#7525=EDGE_CURVE('',#6072,#4957,#3181,.T.);
#7526=EDGE_CURVE('',#6073,#4956,#3182,.T.);
#7527=EDGE_CURVE('',#6074,#4955,#3183,.T.);
#7528=EDGE_CURVE('',#6075,#4954,#3184,.T.);
#7529=EDGE_CURVE('',#6077,#4949,#3185,.T.);
#7530=EDGE_CURVE('',#6078,#4948,#3186,.T.);
#7531=EDGE_CURVE('',#6079,#4947,#3187,.T.);
#7532=EDGE_CURVE('',#6080,#4946,#3188,.T.);
#7533=EDGE_CURVE('',#6081,#4945,#3189,.T.);
#7534=EDGE_CURVE('',#6085,#4940,#3190,.T.);
#7535=EDGE_CURVE('',#6086,#4939,#3191,.T.);
#7536=EDGE_CURVE('',#6087,#4938,#3192,.T.);
#7537=EDGE_CURVE('',#6088,#4937,#3193,.T.);
#7538=EDGE_CURVE('',#6089,#4936,#3194,.T.);
#7539=EDGE_CURVE('',#6090,#4935,#3195,.T.);
#7540=EDGE_CURVE('',#6050,#4980,#3196,.T.);
#7541=EDGE_CURVE('',#6051,#4979,#3197,.T.);
#7542=EDGE_CURVE('',#6052,#4978,#3198,.T.);
#7543=EDGE_CURVE('',#6053,#4977,#3199,.T.);
#7544=EDGE_CURVE('',#6054,#4976,#3200,.T.);
#7545=EDGE_CURVE('',#6055,#4975,#3201,.T.);
#7546=EDGE_CURVE('',#6056,#4974,#3202,.T.);
#7547=EDGE_CURVE('',#6057,#4973,#3203,.T.);
#7548=EDGE_CURVE('',#6058,#4972,#3204,.T.);
#7549=EDGE_CURVE('',#6059,#4971,#3205,.T.);
#7550=EDGE_CURVE('',#6060,#4970,#3206,.T.);
#7551=EDGE_CURVE('',#6014,#5134,#3207,.T.);
#7552=EDGE_CURVE('',#6082,#4944,#3208,.T.);
#7553=EDGE_CURVE('',#5999,#5525,#3209,.T.);
#7554=EDGE_CURVE('',#6000,#5524,#3210,.T.);
#7555=EDGE_CURVE('',#6006,#5526,#3211,.T.);
#7556=EDGE_CURVE('',#6005,#5527,#3212,.T.);
#7557=EDGE_CURVE('',#6004,#5528,#3213,.T.);
#7558=EDGE_CURVE('',#6003,#5529,#3214,.T.);
#7559=EDGE_CURVE('',#6002,#5530,#3215,.T.);
#7560=EDGE_CURVE('',#6001,#5531,#3216,.T.);
#7561=EDGE_CURVE('',#5991,#5086,#3217,.T.);
#7562=EDGE_CURVE('',#5992,#5085,#3218,.T.);
#7563=EDGE_CURVE('',#5998,#5087,#3219,.T.);
#7564=EDGE_CURVE('',#5997,#5088,#3220,.T.);
#7565=EDGE_CURVE('',#5996,#5089,#3221,.T.);
#7566=EDGE_CURVE('',#5995,#5090,#3222,.T.);
#7567=EDGE_CURVE('',#5994,#5091,#3223,.T.);
#7568=EDGE_CURVE('',#5993,#5092,#3224,.T.);
#7569=EDGE_CURVE('',#5983,#5341,#3225,.T.);
#7570=EDGE_CURVE('',#5984,#5340,#3226,.T.);
#7571=EDGE_CURVE('',#5990,#5342,#3227,.T.);
#7572=EDGE_CURVE('',#5989,#5343,#3228,.T.);
#7573=EDGE_CURVE('',#5988,#5344,#3229,.T.);
#7574=EDGE_CURVE('',#5987,#5345,#3230,.T.);
#7575=EDGE_CURVE('',#5986,#5346,#3231,.T.);
#7576=EDGE_CURVE('',#5985,#5347,#3232,.T.);
#7577=EDGE_CURVE('',#5975,#5078,#3233,.T.);
#7578=EDGE_CURVE('',#5976,#5077,#3234,.T.);
#7579=EDGE_CURVE('',#5982,#5079,#3235,.T.);
#7580=EDGE_CURVE('',#5981,#5080,#3236,.T.);
#7581=EDGE_CURVE('',#5980,#5081,#3237,.T.);
#7582=EDGE_CURVE('',#5979,#5082,#3238,.T.);
#7583=EDGE_CURVE('',#5978,#5083,#3239,.T.);
#7584=EDGE_CURVE('',#5977,#5084,#3240,.T.);
#7585=EDGE_CURVE('',#5967,#5469,#3241,.T.);
#7586=EDGE_CURVE('',#5968,#5468,#3242,.T.);
#7587=EDGE_CURVE('',#5974,#5470,#3243,.T.);
#7588=EDGE_CURVE('',#5973,#5471,#3244,.T.);
#7589=EDGE_CURVE('',#5972,#5472,#3245,.T.);
#7590=EDGE_CURVE('',#5971,#5473,#3246,.T.);
#7591=EDGE_CURVE('',#5970,#5474,#3247,.T.);
#7592=EDGE_CURVE('',#5969,#5475,#3248,.T.);
#7593=EDGE_CURVE('',#5959,#5397,#3249,.T.);
#7594=EDGE_CURVE('',#5960,#5396,#3250,.T.);
#7595=EDGE_CURVE('',#5966,#5398,#3251,.T.);
#7596=EDGE_CURVE('',#5965,#5399,#3252,.T.);
#7597=EDGE_CURVE('',#5964,#5400,#3253,.T.);
#7598=EDGE_CURVE('',#5963,#5401,#3254,.T.);
#7599=EDGE_CURVE('',#5962,#5402,#3255,.T.);
#7600=EDGE_CURVE('',#5961,#5403,#3256,.T.);
#7601=EDGE_CURVE('',#5951,#5070,#3257,.T.);
#7602=EDGE_CURVE('',#5952,#5069,#3258,.T.);
#7603=EDGE_CURVE('',#5958,#5071,#3259,.T.);
#7604=EDGE_CURVE('',#5957,#5072,#3260,.T.);
#7605=EDGE_CURVE('',#5956,#5073,#3261,.T.);
#7606=EDGE_CURVE('',#5955,#5074,#3262,.T.);
#7607=EDGE_CURVE('',#5954,#5075,#3263,.T.);
#7608=EDGE_CURVE('',#5953,#5076,#3264,.T.);
#7609=EDGE_CURVE('',#5943,#5405,#3265,.T.);
#7610=EDGE_CURVE('',#5944,#5404,#3266,.T.);
#7611=EDGE_CURVE('',#5950,#5406,#3267,.T.);
#7612=EDGE_CURVE('',#5949,#5407,#3268,.T.);
#7613=EDGE_CURVE('',#5948,#5408,#3269,.T.);
#7614=EDGE_CURVE('',#5947,#5409,#3270,.T.);
#7615=EDGE_CURVE('',#5946,#5410,#3271,.T.);
#7616=EDGE_CURVE('',#5945,#5411,#3272,.T.);
#7617=EDGE_CURVE('',#5935,#5062,#3273,.T.);
#7618=EDGE_CURVE('',#5936,#5061,#3274,.T.);
#7619=EDGE_CURVE('',#5942,#5063,#3275,.T.);
#7620=EDGE_CURVE('',#5941,#5064,#3276,.T.);
#7621=EDGE_CURVE('',#5940,#5065,#3277,.T.);
#7622=EDGE_CURVE('',#5939,#5066,#3278,.T.);
#7623=EDGE_CURVE('',#5938,#5067,#3279,.T.);
#7624=EDGE_CURVE('',#5937,#5068,#3280,.T.);
#7625=EDGE_CURVE('',#5927,#5054,#3281,.T.);
#7626=EDGE_CURVE('',#5928,#5053,#3282,.T.);
#7627=EDGE_CURVE('',#5934,#5055,#3283,.T.);
#7628=EDGE_CURVE('',#5933,#5056,#3284,.T.);
#7629=EDGE_CURVE('',#5932,#5057,#3285,.T.);
#7630=EDGE_CURVE('',#5931,#5058,#3286,.T.);
#7631=EDGE_CURVE('',#5930,#5059,#3287,.T.);
#7632=EDGE_CURVE('',#5929,#5060,#3288,.T.);
#7633=EDGE_CURVE('',#5919,#5046,#3289,.T.);
#7634=EDGE_CURVE('',#5920,#5045,#3290,.T.);
#7635=EDGE_CURVE('',#5926,#5047,#3291,.T.);
#7636=EDGE_CURVE('',#5925,#5048,#3292,.T.);
#7637=EDGE_CURVE('',#5924,#5049,#3293,.T.);
#7638=EDGE_CURVE('',#5923,#5050,#3294,.T.);
#7639=EDGE_CURVE('',#5922,#5051,#3295,.T.);
#7640=EDGE_CURVE('',#5921,#5052,#3296,.T.);
#7641=EDGE_CURVE('',#5911,#5333,#3297,.T.);
#7642=EDGE_CURVE('',#5912,#5332,#3298,.T.);
#7643=EDGE_CURVE('',#5918,#5334,#3299,.T.);
#7644=EDGE_CURVE('',#5917,#5335,#3300,.T.);
#7645=EDGE_CURVE('',#5916,#5336,#3301,.T.);
#7646=EDGE_CURVE('',#5915,#5337,#3302,.T.);
#7647=EDGE_CURVE('',#5914,#5338,#3303,.T.);
#7648=EDGE_CURVE('',#5913,#5339,#3304,.T.);
#7649=EDGE_CURVE('',#5903,#5038,#3305,.T.);
#7650=EDGE_CURVE('',#5904,#5037,#3306,.T.);
#7651=EDGE_CURVE('',#5910,#5039,#3307,.T.);
#7652=EDGE_CURVE('',#5909,#5040,#3308,.T.);
#7653=EDGE_CURVE('',#5908,#5041,#3309,.T.);
#7654=EDGE_CURVE('',#5907,#5042,#3310,.T.);
#7655=EDGE_CURVE('',#5906,#5043,#3311,.T.);
#7656=EDGE_CURVE('',#5905,#5044,#3312,.T.);
#7657=EDGE_CURVE('',#5895,#5461,#3313,.T.);
#7658=EDGE_CURVE('',#5896,#5460,#3314,.T.);
#7659=EDGE_CURVE('',#5902,#5462,#3315,.T.);
#7660=EDGE_CURVE('',#5901,#5463,#3316,.T.);
#7661=EDGE_CURVE('',#5900,#5464,#3317,.T.);
#7662=EDGE_CURVE('',#5899,#5465,#3318,.T.);
#7663=EDGE_CURVE('',#5898,#5466,#3319,.T.);
#7664=EDGE_CURVE('',#5897,#5467,#3320,.T.);
#7665=EDGE_CURVE('',#5887,#5030,#3321,.T.);
#7666=EDGE_CURVE('',#5888,#5029,#3322,.T.);
#7667=EDGE_CURVE('',#5894,#5031,#3323,.T.);
#7668=EDGE_CURVE('',#5893,#5032,#3324,.T.);
#7669=EDGE_CURVE('',#5892,#5033,#3325,.T.);
#7670=EDGE_CURVE('',#5891,#5034,#3326,.T.);
#7671=EDGE_CURVE('',#5890,#5035,#3327,.T.);
#7672=EDGE_CURVE('',#5889,#5036,#3328,.T.);
#7673=EDGE_CURVE('',#5879,#5477,#3329,.T.);
#7674=EDGE_CURVE('',#5880,#5476,#3330,.T.);
#7675=EDGE_CURVE('',#5886,#5478,#3331,.T.);
#7676=EDGE_CURVE('',#5885,#5479,#3332,.T.);
#7677=EDGE_CURVE('',#5884,#5480,#3333,.T.);
#7678=EDGE_CURVE('',#5883,#5481,#3334,.T.);
#7679=EDGE_CURVE('',#5882,#5482,#3335,.T.);
#7680=EDGE_CURVE('',#5881,#5483,#3336,.T.);
#7681=EDGE_CURVE('',#5871,#5389,#3337,.T.);
#7682=EDGE_CURVE('',#5872,#5388,#3338,.T.);
#7683=EDGE_CURVE('',#5878,#5390,#3339,.T.);
#7684=EDGE_CURVE('',#5877,#5391,#3340,.T.);
#7685=EDGE_CURVE('',#5876,#5392,#3341,.T.);
#7686=EDGE_CURVE('',#5875,#5393,#3342,.T.);
#7687=EDGE_CURVE('',#5874,#5394,#3343,.T.);
#7688=EDGE_CURVE('',#5873,#5395,#3344,.T.);
#7689=EDGE_CURVE('',#5863,#5022,#3345,.T.);
#7690=EDGE_CURVE('',#5864,#5021,#3346,.T.);
#7691=EDGE_CURVE('',#5870,#5023,#3347,.T.);
#7692=EDGE_CURVE('',#5869,#5024,#3348,.T.);
#7693=EDGE_CURVE('',#5868,#5025,#3349,.T.);
#7694=EDGE_CURVE('',#5867,#5026,#3350,.T.);
#7695=EDGE_CURVE('',#5866,#5027,#3351,.T.);
#7696=EDGE_CURVE('',#5865,#5028,#3352,.T.);
#7697=EDGE_CURVE('',#5855,#5517,#3353,.T.);
#7698=EDGE_CURVE('',#5856,#5516,#3354,.T.);
#7699=EDGE_CURVE('',#5862,#5518,#3355,.T.);
#7700=EDGE_CURVE('',#5861,#5519,#3356,.T.);
#7701=EDGE_CURVE('',#5860,#5520,#3357,.T.);
#7702=EDGE_CURVE('',#5859,#5521,#3358,.T.);
#7703=EDGE_CURVE('',#5858,#5522,#3359,.T.);
#7704=EDGE_CURVE('',#5857,#5523,#3360,.T.);
#7705=EDGE_CURVE('',#5847,#5509,#3361,.T.);
#7706=EDGE_CURVE('',#5848,#5508,#3362,.T.);
#7707=EDGE_CURVE('',#5854,#5510,#3363,.T.);
#7708=EDGE_CURVE('',#5853,#5511,#3364,.T.);
#7709=EDGE_CURVE('',#5852,#5512,#3365,.T.);
#7710=EDGE_CURVE('',#5851,#5513,#3366,.T.);
#7711=EDGE_CURVE('',#5850,#5514,#3367,.T.);
#7712=EDGE_CURVE('',#5849,#5515,#3368,.T.);
#7713=EDGE_CURVE('',#5839,#5501,#3369,.T.);
#7714=EDGE_CURVE('',#5840,#5500,#3370,.T.);
#7715=EDGE_CURVE('',#5846,#5502,#3371,.T.);
#7716=EDGE_CURVE('',#5845,#5503,#3372,.T.);
#7717=EDGE_CURVE('',#5844,#5504,#3373,.T.);
#7718=EDGE_CURVE('',#5843,#5505,#3374,.T.);
#7719=EDGE_CURVE('',#5842,#5506,#3375,.T.);
#7720=EDGE_CURVE('',#5841,#5507,#3376,.T.);
#7721=EDGE_CURVE('',#5831,#5349,#3377,.T.);
#7722=EDGE_CURVE('',#5832,#5348,#3378,.T.);
#7723=EDGE_CURVE('',#5838,#5350,#3379,.T.);
#7724=EDGE_CURVE('',#5837,#5351,#3380,.T.);
#7725=EDGE_CURVE('',#5836,#5352,#3381,.T.);
#7726=EDGE_CURVE('',#5835,#5353,#3382,.T.);
#7727=EDGE_CURVE('',#5834,#5354,#3383,.T.);
#7728=EDGE_CURVE('',#5833,#5355,#3384,.T.);
#7729=EDGE_CURVE('',#5823,#5014,#3385,.T.);
#7730=EDGE_CURVE('',#5824,#5013,#3386,.T.);
#7731=EDGE_CURVE('',#5830,#5015,#3387,.T.);
#7732=EDGE_CURVE('',#5829,#5016,#3388,.T.);
#7733=EDGE_CURVE('',#5828,#5017,#3389,.T.);
#7734=EDGE_CURVE('',#5827,#5018,#3390,.T.);
#7735=EDGE_CURVE('',#5826,#5019,#3391,.T.);
#7736=EDGE_CURVE('',#5825,#5020,#3392,.T.);
#7737=EDGE_CURVE('',#5815,#5381,#3393,.T.);
#7738=EDGE_CURVE('',#5816,#5380,#3394,.T.);
#7739=EDGE_CURVE('',#5822,#5382,#3395,.T.);
#7740=EDGE_CURVE('',#5821,#5383,#3396,.T.);
#7741=EDGE_CURVE('',#5820,#5384,#3397,.T.);
#7742=EDGE_CURVE('',#5819,#5385,#3398,.T.);
#7743=EDGE_CURVE('',#5818,#5386,#3399,.T.);
#7744=EDGE_CURVE('',#5817,#5387,#3400,.T.);
#7745=EDGE_CURVE('',#5807,#5485,#3401,.T.);
#7746=EDGE_CURVE('',#5808,#5484,#3402,.T.);
#7747=EDGE_CURVE('',#5814,#5486,#3403,.T.);
#7748=EDGE_CURVE('',#5813,#5487,#3404,.T.);
#7749=EDGE_CURVE('',#5812,#5488,#3405,.T.);
#7750=EDGE_CURVE('',#5811,#5489,#3406,.T.);
#7751=EDGE_CURVE('',#5810,#5490,#3407,.T.);
#7752=EDGE_CURVE('',#5809,#5491,#3408,.T.);
#7753=EDGE_CURVE('',#5799,#5006,#3409,.T.);
#7754=EDGE_CURVE('',#5800,#5005,#3410,.T.);
#7755=EDGE_CURVE('',#5806,#5007,#3411,.T.);
#7756=EDGE_CURVE('',#5805,#5008,#3412,.T.);
#7757=EDGE_CURVE('',#5804,#5009,#3413,.T.);
#7758=EDGE_CURVE('',#5803,#5010,#3414,.T.);
#7759=EDGE_CURVE('',#5802,#5011,#3415,.T.);
#7760=EDGE_CURVE('',#5801,#5012,#3416,.T.);
#7761=EDGE_CURVE('',#5791,#5413,#3417,.T.);
#7762=EDGE_CURVE('',#5792,#5412,#3418,.T.);
#7763=EDGE_CURVE('',#5798,#5414,#3419,.T.);
#7764=EDGE_CURVE('',#5797,#5415,#3420,.T.);
#7765=EDGE_CURVE('',#5796,#5416,#3421,.T.);
#7766=EDGE_CURVE('',#5795,#5417,#3422,.T.);
#7767=EDGE_CURVE('',#5794,#5418,#3423,.T.);
#7768=EDGE_CURVE('',#5793,#5419,#3424,.T.);
#7769=EDGE_CURVE('',#5783,#5453,#3425,.T.);
#7770=EDGE_CURVE('',#5784,#5452,#3426,.T.);
#7771=EDGE_CURVE('',#5790,#5454,#3427,.T.);
#7772=EDGE_CURVE('',#5789,#5455,#3428,.T.);
#7773=EDGE_CURVE('',#5788,#5456,#3429,.T.);
#7774=EDGE_CURVE('',#5787,#5457,#3430,.T.);
#7775=EDGE_CURVE('',#5786,#5458,#3431,.T.);
#7776=EDGE_CURVE('',#5785,#5459,#3432,.T.);
#7777=EDGE_CURVE('',#5775,#5421,#3433,.T.);
#7778=EDGE_CURVE('',#5776,#5420,#3434,.T.);
#7779=EDGE_CURVE('',#5782,#5422,#3435,.T.);
#7780=EDGE_CURVE('',#5781,#5423,#3436,.T.);
#7781=EDGE_CURVE('',#5780,#5424,#3437,.T.);
#7782=EDGE_CURVE('',#5779,#5425,#3438,.T.);
#7783=EDGE_CURVE('',#5778,#5426,#3439,.T.);
#7784=EDGE_CURVE('',#5777,#5427,#3440,.T.);
#7785=EDGE_CURVE('',#5767,#5325,#3441,.T.);
#7786=EDGE_CURVE('',#5768,#5324,#3442,.T.);
#7787=EDGE_CURVE('',#5774,#5326,#3443,.T.);
#7788=EDGE_CURVE('',#5773,#5327,#3444,.T.);
#7789=EDGE_CURVE('',#5772,#5328,#3445,.T.);
#7790=EDGE_CURVE('',#5771,#5329,#3446,.T.);
#7791=EDGE_CURVE('',#5770,#5330,#3447,.T.);
#7792=EDGE_CURVE('',#5769,#5331,#3448,.T.);
#7793=EDGE_CURVE('',#6063,#4967,#3449,.T.);
#7794=EDGE_CURVE('',#6062,#4968,#3450,.T.);
#7795=EDGE_CURVE('',#6061,#4969,#3451,.T.);
#7796=EDGE_CURVE('',#6084,#4942,#3452,.T.);
#7797=EDGE_CURVE('',#6083,#4943,#3453,.T.);
#7798=EDGE_CURVE('',#6037,#5107,#3454,.T.);
#7799=EDGE_CURVE('',#6036,#5108,#3455,.T.);
#7800=EDGE_CURVE('',#6035,#5109,#3456,.T.);
#7801=EDGE_CURVE('',#6016,#5132,#3457,.T.);
#7802=EDGE_CURVE('',#6015,#5133,#3458,.T.);
#7803=EDGE_CURVE('',#5759,#4998,#3459,.T.);
#7804=EDGE_CURVE('',#5760,#4997,#3460,.T.);
#7805=EDGE_CURVE('',#5766,#4999,#3461,.T.);
#7806=EDGE_CURVE('',#5765,#5000,#3462,.T.);
#7807=EDGE_CURVE('',#5764,#5001,#3463,.T.);
#7808=EDGE_CURVE('',#5763,#5002,#3464,.T.);
#7809=EDGE_CURVE('',#5762,#5003,#3465,.T.);
#7810=EDGE_CURVE('',#5761,#5004,#3466,.T.);
#7811=EDGE_CURVE('',#5751,#5445,#3467,.T.);
#7812=EDGE_CURVE('',#5752,#5444,#3468,.T.);
#7813=EDGE_CURVE('',#5758,#5446,#3469,.T.);
#7814=EDGE_CURVE('',#5757,#5447,#3470,.T.);
#7815=EDGE_CURVE('',#5756,#5448,#3471,.T.);
#7816=EDGE_CURVE('',#5755,#5449,#3472,.T.);
#7817=EDGE_CURVE('',#5754,#5450,#3473,.T.);
#7818=EDGE_CURVE('',#5753,#5451,#3474,.T.);
#7819=EDGE_CURVE('',#5743,#5429,#3475,.T.);
#7820=EDGE_CURVE('',#5744,#5428,#3476,.T.);
#7821=EDGE_CURVE('',#5750,#5430,#3477,.T.);
#7822=EDGE_CURVE('',#5749,#5431,#3478,.T.);
#7823=EDGE_CURVE('',#5748,#5432,#3479,.T.);
#7824=EDGE_CURVE('',#5747,#5433,#3480,.T.);
#7825=EDGE_CURVE('',#5746,#5434,#3481,.T.);
#7826=EDGE_CURVE('',#5745,#5435,#3482,.T.);
#7827=EDGE_CURVE('',#5735,#5437,#3483,.T.);
#7828=EDGE_CURVE('',#5736,#5436,#3484,.T.);
#7829=EDGE_CURVE('',#5742,#5438,#3485,.T.);
#7830=EDGE_CURVE('',#5741,#5439,#3486,.T.);
#7831=EDGE_CURVE('',#5740,#5440,#3487,.T.);
#7832=EDGE_CURVE('',#5739,#5441,#3488,.T.);
#7833=EDGE_CURVE('',#5738,#5442,#3489,.T.);
#7834=EDGE_CURVE('',#5737,#5443,#3490,.T.);
#7835=EDGE_CURVE('',#5727,#4990,#3491,.T.);
#7836=EDGE_CURVE('',#5728,#4989,#3492,.T.);
#7837=EDGE_CURVE('',#5734,#4991,#3493,.T.);
#7838=EDGE_CURVE('',#5733,#4992,#3494,.T.);
#7839=EDGE_CURVE('',#5732,#4993,#3495,.T.);
#7840=EDGE_CURVE('',#5731,#4994,#3496,.T.);
#7841=EDGE_CURVE('',#5730,#4995,#3497,.T.);
#7842=EDGE_CURVE('',#5729,#4996,#3498,.T.);
#7843=EDGE_CURVE('',#5719,#5373,#3499,.T.);
#7844=EDGE_CURVE('',#5720,#5372,#3500,.T.);
#7845=EDGE_CURVE('',#5726,#5374,#3501,.T.);
#7846=EDGE_CURVE('',#5725,#5375,#3502,.T.);
#7847=EDGE_CURVE('',#5724,#5376,#3503,.T.);
#7848=EDGE_CURVE('',#5723,#5377,#3504,.T.);
#7849=EDGE_CURVE('',#5722,#5378,#3505,.T.);
#7850=EDGE_CURVE('',#5721,#5379,#3506,.T.);
#7851=EDGE_CURVE('',#5711,#5493,#3507,.T.);
#7852=EDGE_CURVE('',#5712,#5492,#3508,.T.);
#7853=EDGE_CURVE('',#5718,#5494,#3509,.T.);
#7854=EDGE_CURVE('',#5717,#5495,#3510,.T.);
#7855=EDGE_CURVE('',#5716,#5496,#3511,.T.);
#7856=EDGE_CURVE('',#5715,#5497,#3512,.T.);
#7857=EDGE_CURVE('',#5714,#5498,#3513,.T.);
#7858=EDGE_CURVE('',#5713,#5499,#3514,.T.);
#7859=EDGE_CURVE('',#5703,#4982,#3515,.T.);
#7860=EDGE_CURVE('',#5704,#4981,#3516,.T.);
#7861=EDGE_CURVE('',#5710,#4983,#3517,.T.);
#7862=EDGE_CURVE('',#5709,#4984,#3518,.T.);
#7863=EDGE_CURVE('',#5708,#4985,#3519,.T.);
#7864=EDGE_CURVE('',#5707,#4986,#3520,.T.);
#7865=EDGE_CURVE('',#5706,#4987,#3521,.T.);
#7866=EDGE_CURVE('',#5705,#4988,#3522,.T.);
#7867=EDGE_CURVE('',#5695,#5357,#3523,.T.);
#7868=EDGE_CURVE('',#5696,#5356,#3524,.T.);
#7869=EDGE_CURVE('',#5702,#5358,#3525,.T.);
#7870=EDGE_CURVE('',#5701,#5359,#3526,.T.);
#7871=EDGE_CURVE('',#5700,#5360,#3527,.T.);
#7872=EDGE_CURVE('',#5699,#5361,#3528,.T.);
#7873=EDGE_CURVE('',#5698,#5362,#3529,.T.);
#7874=EDGE_CURVE('',#5697,#5363,#3530,.T.);
#7875=EDGE_CURVE('',#5687,#5365,#3531,.T.);
#7876=EDGE_CURVE('',#5688,#5364,#3532,.T.);
#7877=EDGE_CURVE('',#5694,#5366,#3533,.T.);
#7878=EDGE_CURVE('',#5693,#5367,#3534,.T.);
#7879=EDGE_CURVE('',#5692,#5368,#3535,.T.);
#7880=EDGE_CURVE('',#5691,#5369,#3536,.T.);
#7881=EDGE_CURVE('',#5690,#5370,#3537,.T.);
#7882=EDGE_CURVE('',#5689,#5371,#3538,.T.);
#7883=EDGE_CURVE('',#5577,#5661,#3539,.T.);
#7884=EDGE_CURVE('',#5578,#5660,#3540,.T.);
#7885=EDGE_CURVE('',#5579,#5659,#3541,.T.);
#7886=EDGE_CURVE('',#5534,#5658,#3542,.T.);
#7887=EDGE_CURVE('',#5535,#5657,#3543,.T.);
#7888=EDGE_CURVE('',#5536,#5656,#3544,.T.);
#7889=EDGE_CURVE('',#5537,#5655,#3545,.T.);
#7890=EDGE_CURVE('',#5538,#5654,#3546,.T.);
#7891=EDGE_CURVE('',#5539,#5653,#3547,.T.);
#7892=EDGE_CURVE('',#5540,#5652,#3548,.T.);
#7893=EDGE_CURVE('',#5541,#5651,#3549,.T.);
#7894=EDGE_CURVE('',#5542,#5650,#3550,.T.);
#7895=EDGE_CURVE('',#5543,#5649,#3551,.T.);
#7896=EDGE_CURVE('',#5544,#5648,#3552,.T.);
#7897=EDGE_CURVE('',#5545,#5647,#3553,.T.);
#7898=EDGE_CURVE('',#5546,#5646,#3554,.T.);
#7899=EDGE_CURVE('',#5547,#5645,#3555,.T.);
#7900=EDGE_CURVE('',#5550,#5644,#3556,.T.);
#7901=EDGE_CURVE('',#5551,#5643,#3557,.T.);
#7902=EDGE_CURVE('',#5552,#5642,#3558,.T.);
#7903=EDGE_CURVE('',#5553,#5641,#3559,.T.);
#7904=EDGE_CURVE('',#5554,#5640,#3560,.T.);
#7905=EDGE_CURVE('',#5555,#5639,#3561,.T.);
#7906=EDGE_CURVE('',#5556,#5638,#3562,.T.);
#7907=EDGE_CURVE('',#5557,#5637,#3563,.T.);
#7908=EDGE_CURVE('',#5558,#5636,#3564,.T.);
#7909=EDGE_CURVE('',#5559,#5635,#3565,.T.);
#7910=EDGE_CURVE('',#5560,#5634,#3566,.T.);
#7911=EDGE_CURVE('',#5561,#5633,#3567,.T.);
#7912=EDGE_CURVE('',#5562,#5632,#3568,.T.);
#7913=EDGE_CURVE('',#5563,#5631,#3569,.T.);
#7914=EDGE_CURVE('',#5601,#5686,#3570,.T.);
#7915=EDGE_CURVE('',#5602,#5685,#3571,.T.);
#7916=EDGE_CURVE('',#5603,#5684,#3572,.T.);
#7917=EDGE_CURVE('',#5604,#5683,#3573,.T.);
#7918=EDGE_CURVE('',#5605,#5682,#3574,.T.);
#7919=EDGE_CURVE('',#5606,#5681,#3575,.T.);
#7920=EDGE_CURVE('',#5607,#5680,#3576,.T.);
#7921=EDGE_CURVE('',#5608,#5679,#3577,.T.);
#7922=EDGE_CURVE('',#5609,#5678,#3578,.T.);
#7923=EDGE_CURVE('',#5610,#5677,#3579,.T.);
#7924=EDGE_CURVE('',#5611,#5676,#3580,.T.);
#7925=EDGE_CURVE('',#5612,#5675,#3581,.T.);
#7926=EDGE_CURVE('',#5613,#5674,#3582,.T.);
#7927=EDGE_CURVE('',#5614,#5673,#3583,.T.);
#7928=EDGE_CURVE('',#5566,#5672,#3584,.T.);
#7929=EDGE_CURVE('',#5567,#5671,#3585,.T.);
#7930=EDGE_CURVE('',#5568,#5670,#3586,.T.);
#7931=EDGE_CURVE('',#5569,#5669,#3587,.T.);
#7932=EDGE_CURVE('',#5570,#5668,#3588,.T.);
#7933=EDGE_CURVE('',#5571,#5667,#3589,.T.);
#7934=EDGE_CURVE('',#5572,#5666,#3590,.T.);
#7935=EDGE_CURVE('',#5573,#5665,#3591,.T.);
#7936=EDGE_CURVE('',#5574,#5664,#3592,.T.);
#7937=EDGE_CURVE('',#5575,#5663,#3593,.T.);
#7938=EDGE_CURVE('',#5576,#5662,#3594,.T.);
#7939=ORIENTED_EDGE('',*,*,#6091,.F.);
#7940=ORIENTED_EDGE('',*,*,#6092,.T.);
#7941=ORIENTED_EDGE('',*,*,#6093,.F.);
#7942=ORIENTED_EDGE('',*,*,#6094,.F.);
#7943=ORIENTED_EDGE('',*,*,#6095,.F.);
#7944=ORIENTED_EDGE('',*,*,#6096,.T.);
#7945=ORIENTED_EDGE('',*,*,#6097,.F.);
#7946=ORIENTED_EDGE('',*,*,#6098,.F.);
#7947=ORIENTED_EDGE('',*,*,#6099,.F.);
#7948=ORIENTED_EDGE('',*,*,#6100,.T.);
#7949=ORIENTED_EDGE('',*,*,#6101,.F.);
#7950=ORIENTED_EDGE('',*,*,#6102,.F.);
#7951=ORIENTED_EDGE('',*,*,#6103,.F.);
#7952=ORIENTED_EDGE('',*,*,#6104,.T.);
#7953=ORIENTED_EDGE('',*,*,#6105,.F.);
#7954=ORIENTED_EDGE('',*,*,#6106,.F.);
#7955=ORIENTED_EDGE('',*,*,#6107,.T.);
#7956=ORIENTED_EDGE('',*,*,#6108,.T.);
#7957=ORIENTED_EDGE('',*,*,#6109,.F.);
#7958=ORIENTED_EDGE('',*,*,#6110,.F.);
#7959=ORIENTED_EDGE('',*,*,#6111,.T.);
#7960=ORIENTED_EDGE('',*,*,#6112,.T.);
#7961=ORIENTED_EDGE('',*,*,#6113,.F.);
#7962=ORIENTED_EDGE('',*,*,#6114,.F.);
#7963=ORIENTED_EDGE('',*,*,#6115,.F.);
#7964=ORIENTED_EDGE('',*,*,#6116,.T.);
#7965=ORIENTED_EDGE('',*,*,#6117,.F.);
#7966=ORIENTED_EDGE('',*,*,#6118,.F.);
#7967=ORIENTED_EDGE('',*,*,#6119,.F.);
#7968=ORIENTED_EDGE('',*,*,#6120,.T.);
#7969=ORIENTED_EDGE('',*,*,#6121,.F.);
#7970=ORIENTED_EDGE('',*,*,#6122,.F.);
#7971=ORIENTED_EDGE('',*,*,#6123,.T.);
#7972=ORIENTED_EDGE('',*,*,#6124,.T.);
#7973=ORIENTED_EDGE('',*,*,#6125,.T.);
#7974=ORIENTED_EDGE('',*,*,#6126,.T.);
#7975=ORIENTED_EDGE('',*,*,#6127,.T.);
#7976=ORIENTED_EDGE('',*,*,#6128,.T.);
#7977=ORIENTED_EDGE('',*,*,#6129,.T.);
#7978=ORIENTED_EDGE('',*,*,#6130,.T.);
#7979=ORIENTED_EDGE('',*,*,#6131,.T.);
#7980=ORIENTED_EDGE('',*,*,#6132,.T.);
#7981=ORIENTED_EDGE('',*,*,#6133,.T.);
#7982=ORIENTED_EDGE('',*,*,#6134,.T.);
#7983=ORIENTED_EDGE('',*,*,#6135,.T.);
#7984=ORIENTED_EDGE('',*,*,#6136,.T.);
#7985=ORIENTED_EDGE('',*,*,#6137,.T.);
#7986=ORIENTED_EDGE('',*,*,#6138,.T.);
#7987=ORIENTED_EDGE('',*,*,#6139,.T.);
#7988=ORIENTED_EDGE('',*,*,#6140,.T.);
#7989=ORIENTED_EDGE('',*,*,#6141,.T.);
#7990=ORIENTED_EDGE('',*,*,#6142,.T.);
#7991=ORIENTED_EDGE('',*,*,#6143,.T.);
#7992=ORIENTED_EDGE('',*,*,#6144,.T.);
#7993=ORIENTED_EDGE('',*,*,#6145,.T.);
#7994=ORIENTED_EDGE('',*,*,#6146,.T.);
#7995=ORIENTED_EDGE('',*,*,#6147,.T.);
#7996=ORIENTED_EDGE('',*,*,#6148,.T.);
#7997=ORIENTED_EDGE('',*,*,#6149,.T.);
#7998=ORIENTED_EDGE('',*,*,#6150,.T.);
#7999=ORIENTED_EDGE('',*,*,#6151,.T.);
#8000=ORIENTED_EDGE('',*,*,#6152,.T.);
#8001=ORIENTED_EDGE('',*,*,#6153,.T.);
#8002=ORIENTED_EDGE('',*,*,#6154,.T.);
#8003=ORIENTED_EDGE('',*,*,#6155,.T.);
#8004=ORIENTED_EDGE('',*,*,#6156,.T.);
#8005=ORIENTED_EDGE('',*,*,#6157,.T.);
#8006=ORIENTED_EDGE('',*,*,#6158,.T.);
#8007=ORIENTED_EDGE('',*,*,#6159,.T.);
#8008=ORIENTED_EDGE('',*,*,#6160,.T.);
#8009=ORIENTED_EDGE('',*,*,#6161,.T.);
#8010=ORIENTED_EDGE('',*,*,#6162,.T.);
#8011=ORIENTED_EDGE('',*,*,#6163,.T.);
#8012=ORIENTED_EDGE('',*,*,#6164,.T.);
#8013=ORIENTED_EDGE('',*,*,#6165,.T.);
#8014=ORIENTED_EDGE('',*,*,#6166,.T.);
#8015=ORIENTED_EDGE('',*,*,#6167,.T.);
#8016=ORIENTED_EDGE('',*,*,#6168,.T.);
#8017=ORIENTED_EDGE('',*,*,#6169,.T.);
#8018=ORIENTED_EDGE('',*,*,#6170,.T.);
#8019=ORIENTED_EDGE('',*,*,#6171,.T.);
#8020=ORIENTED_EDGE('',*,*,#6172,.T.);
#8021=ORIENTED_EDGE('',*,*,#6113,.T.);
#8022=ORIENTED_EDGE('',*,*,#6173,.T.);
#8023=ORIENTED_EDGE('',*,*,#6174,.T.);
#8024=ORIENTED_EDGE('',*,*,#6175,.T.);
#8025=ORIENTED_EDGE('',*,*,#6176,.T.);
#8026=ORIENTED_EDGE('',*,*,#6177,.T.);
#8027=ORIENTED_EDGE('',*,*,#6109,.T.);
#8028=ORIENTED_EDGE('',*,*,#6178,.T.);
#8029=ORIENTED_EDGE('',*,*,#6179,.T.);
#8030=ORIENTED_EDGE('',*,*,#6180,.T.);
#8031=ORIENTED_EDGE('',*,*,#6181,.T.);
#8032=ORIENTED_EDGE('',*,*,#6182,.T.);
#8033=ORIENTED_EDGE('',*,*,#6183,.T.);
#8034=ORIENTED_EDGE('',*,*,#6184,.T.);
#8035=ORIENTED_EDGE('',*,*,#6185,.T.);
#8036=ORIENTED_EDGE('',*,*,#6186,.T.);
#8037=ORIENTED_EDGE('',*,*,#6187,.T.);
#8038=ORIENTED_EDGE('',*,*,#6188,.T.);
#8039=ORIENTED_EDGE('',*,*,#6189,.T.);
#8040=ORIENTED_EDGE('',*,*,#6190,.T.);
#8041=ORIENTED_EDGE('',*,*,#6191,.T.);
#8042=ORIENTED_EDGE('',*,*,#6192,.T.);
#8043=ORIENTED_EDGE('',*,*,#6193,.T.);
#8044=ORIENTED_EDGE('',*,*,#6194,.T.);
#8045=ORIENTED_EDGE('',*,*,#6195,.T.);
#8046=ORIENTED_EDGE('',*,*,#6196,.T.);
#8047=ORIENTED_EDGE('',*,*,#6197,.T.);
#8048=ORIENTED_EDGE('',*,*,#6198,.T.);
#8049=ORIENTED_EDGE('',*,*,#6199,.T.);
#8050=ORIENTED_EDGE('',*,*,#6121,.T.);
#8051=ORIENTED_EDGE('',*,*,#6200,.T.);
#8052=ORIENTED_EDGE('',*,*,#6201,.T.);
#8053=ORIENTED_EDGE('',*,*,#6202,.T.);
#8054=ORIENTED_EDGE('',*,*,#6203,.T.);
#8055=ORIENTED_EDGE('',*,*,#6204,.T.);
#8056=ORIENTED_EDGE('',*,*,#6117,.T.);
#8057=ORIENTED_EDGE('',*,*,#6205,.T.);
#8058=ORIENTED_EDGE('',*,*,#6206,.T.);
#8059=ORIENTED_EDGE('',*,*,#6207,.T.);
#8060=ORIENTED_EDGE('',*,*,#6208,.T.);
#8061=ORIENTED_EDGE('',*,*,#6209,.T.);
#8062=ORIENTED_EDGE('',*,*,#6210,.T.);
#8063=ORIENTED_EDGE('',*,*,#6211,.T.);
#8064=ORIENTED_EDGE('',*,*,#6212,.T.);
#8065=ORIENTED_EDGE('',*,*,#6213,.T.);
#8066=ORIENTED_EDGE('',*,*,#6214,.T.);
#8067=ORIENTED_EDGE('',*,*,#6215,.T.);
#8068=ORIENTED_EDGE('',*,*,#6216,.T.);
#8069=ORIENTED_EDGE('',*,*,#6217,.T.);
#8070=ORIENTED_EDGE('',*,*,#6218,.T.);
#8071=ORIENTED_EDGE('',*,*,#6219,.T.);
#8072=ORIENTED_EDGE('',*,*,#6220,.T.);
#8073=ORIENTED_EDGE('',*,*,#6221,.T.);
#8074=ORIENTED_EDGE('',*,*,#6222,.T.);
#8075=ORIENTED_EDGE('',*,*,#6223,.T.);
#8076=ORIENTED_EDGE('',*,*,#6224,.T.);
#8077=ORIENTED_EDGE('',*,*,#6225,.T.);
#8078=ORIENTED_EDGE('',*,*,#6226,.T.);
#8079=ORIENTED_EDGE('',*,*,#6227,.T.);
#8080=ORIENTED_EDGE('',*,*,#6228,.T.);
#8081=ORIENTED_EDGE('',*,*,#6229,.T.);
#8082=ORIENTED_EDGE('',*,*,#6230,.T.);
#8083=ORIENTED_EDGE('',*,*,#6231,.T.);
#8084=ORIENTED_EDGE('',*,*,#6232,.T.);
#8085=ORIENTED_EDGE('',*,*,#6233,.T.);
#8086=ORIENTED_EDGE('',*,*,#6234,.T.);
#8087=ORIENTED_EDGE('',*,*,#6235,.T.);
#8088=ORIENTED_EDGE('',*,*,#6236,.T.);
#8089=ORIENTED_EDGE('',*,*,#6237,.T.);
#8090=ORIENTED_EDGE('',*,*,#6238,.T.);
#8091=ORIENTED_EDGE('',*,*,#6239,.T.);
#8092=ORIENTED_EDGE('',*,*,#6240,.T.);
#8093=ORIENTED_EDGE('',*,*,#6241,.T.);
#8094=ORIENTED_EDGE('',*,*,#6242,.T.);
#8095=ORIENTED_EDGE('',*,*,#6243,.T.);
#8096=ORIENTED_EDGE('',*,*,#6244,.T.);
#8097=ORIENTED_EDGE('',*,*,#6245,.T.);
#8098=ORIENTED_EDGE('',*,*,#6246,.T.);
#8099=ORIENTED_EDGE('',*,*,#6247,.T.);
#8100=ORIENTED_EDGE('',*,*,#6248,.T.);
#8101=ORIENTED_EDGE('',*,*,#6249,.T.);
#8102=ORIENTED_EDGE('',*,*,#6250,.T.);
#8103=ORIENTED_EDGE('',*,*,#6251,.T.);
#8104=ORIENTED_EDGE('',*,*,#6252,.T.);
#8105=ORIENTED_EDGE('',*,*,#6253,.T.);
#8106=ORIENTED_EDGE('',*,*,#6254,.T.);
#8107=ORIENTED_EDGE('',*,*,#6255,.T.);
#8108=ORIENTED_EDGE('',*,*,#6256,.T.);
#8109=ORIENTED_EDGE('',*,*,#6257,.T.);
#8110=ORIENTED_EDGE('',*,*,#6258,.T.);
#8111=ORIENTED_EDGE('',*,*,#6259,.T.);
#8112=ORIENTED_EDGE('',*,*,#6260,.T.);
#8113=ORIENTED_EDGE('',*,*,#6261,.T.);
#8114=ORIENTED_EDGE('',*,*,#6262,.T.);
#8115=ORIENTED_EDGE('',*,*,#6263,.T.);
#8116=ORIENTED_EDGE('',*,*,#6264,.T.);
#8117=ORIENTED_EDGE('',*,*,#6265,.T.);
#8118=ORIENTED_EDGE('',*,*,#6266,.T.);
#8119=ORIENTED_EDGE('',*,*,#6267,.T.);
#8120=ORIENTED_EDGE('',*,*,#6268,.T.);
#8121=ORIENTED_EDGE('',*,*,#6269,.T.);
#8122=ORIENTED_EDGE('',*,*,#6270,.T.);
#8123=ORIENTED_EDGE('',*,*,#6271,.T.);
#8124=ORIENTED_EDGE('',*,*,#6272,.T.);
#8125=ORIENTED_EDGE('',*,*,#6273,.T.);
#8126=ORIENTED_EDGE('',*,*,#6274,.T.);
#8127=ORIENTED_EDGE('',*,*,#6275,.T.);
#8128=ORIENTED_EDGE('',*,*,#6276,.T.);
#8129=ORIENTED_EDGE('',*,*,#6277,.T.);
#8130=ORIENTED_EDGE('',*,*,#6278,.T.);
#8131=ORIENTED_EDGE('',*,*,#6279,.T.);
#8132=ORIENTED_EDGE('',*,*,#6280,.T.);
#8133=ORIENTED_EDGE('',*,*,#6281,.T.);
#8134=ORIENTED_EDGE('',*,*,#6282,.T.);
#8135=ORIENTED_EDGE('',*,*,#6283,.T.);
#8136=ORIENTED_EDGE('',*,*,#6284,.T.);
#8137=ORIENTED_EDGE('',*,*,#6285,.T.);
#8138=ORIENTED_EDGE('',*,*,#6286,.T.);
#8139=ORIENTED_EDGE('',*,*,#6287,.T.);
#8140=ORIENTED_EDGE('',*,*,#6288,.T.);
#8141=ORIENTED_EDGE('',*,*,#6289,.T.);
#8142=ORIENTED_EDGE('',*,*,#6290,.T.);
#8143=ORIENTED_EDGE('',*,*,#6291,.T.);
#8144=ORIENTED_EDGE('',*,*,#6292,.T.);
#8145=ORIENTED_EDGE('',*,*,#6293,.T.);
#8146=ORIENTED_EDGE('',*,*,#6294,.T.);
#8147=ORIENTED_EDGE('',*,*,#6295,.T.);
#8148=ORIENTED_EDGE('',*,*,#6296,.T.);
#8149=ORIENTED_EDGE('',*,*,#6297,.T.);
#8150=ORIENTED_EDGE('',*,*,#6298,.T.);
#8151=ORIENTED_EDGE('',*,*,#6299,.T.);
#8152=ORIENTED_EDGE('',*,*,#6300,.T.);
#8153=ORIENTED_EDGE('',*,*,#6301,.T.);
#8154=ORIENTED_EDGE('',*,*,#6302,.T.);
#8155=ORIENTED_EDGE('',*,*,#6303,.T.);
#8156=ORIENTED_EDGE('',*,*,#6304,.T.);
#8157=ORIENTED_EDGE('',*,*,#6305,.T.);
#8158=ORIENTED_EDGE('',*,*,#6306,.T.);
#8159=ORIENTED_EDGE('',*,*,#6307,.T.);
#8160=ORIENTED_EDGE('',*,*,#6308,.T.);
#8161=ORIENTED_EDGE('',*,*,#6309,.T.);
#8162=ORIENTED_EDGE('',*,*,#6310,.T.);
#8163=ORIENTED_EDGE('',*,*,#6311,.T.);
#8164=ORIENTED_EDGE('',*,*,#6312,.T.);
#8165=ORIENTED_EDGE('',*,*,#6313,.T.);
#8166=ORIENTED_EDGE('',*,*,#6314,.T.);
#8167=ORIENTED_EDGE('',*,*,#6315,.T.);
#8168=ORIENTED_EDGE('',*,*,#6316,.T.);
#8169=ORIENTED_EDGE('',*,*,#6317,.T.);
#8170=ORIENTED_EDGE('',*,*,#6318,.T.);
#8171=ORIENTED_EDGE('',*,*,#6319,.T.);
#8172=ORIENTED_EDGE('',*,*,#6320,.T.);
#8173=ORIENTED_EDGE('',*,*,#6321,.T.);
#8174=ORIENTED_EDGE('',*,*,#6322,.T.);
#8175=ORIENTED_EDGE('',*,*,#6323,.T.);
#8176=ORIENTED_EDGE('',*,*,#6324,.T.);
#8177=ORIENTED_EDGE('',*,*,#6325,.T.);
#8178=ORIENTED_EDGE('',*,*,#6326,.T.);
#8179=ORIENTED_EDGE('',*,*,#6327,.T.);
#8180=ORIENTED_EDGE('',*,*,#6328,.T.);
#8181=ORIENTED_EDGE('',*,*,#6329,.T.);
#8182=ORIENTED_EDGE('',*,*,#6330,.T.);
#8183=ORIENTED_EDGE('',*,*,#6331,.T.);
#8184=ORIENTED_EDGE('',*,*,#6332,.T.);
#8185=ORIENTED_EDGE('',*,*,#6333,.T.);
#8186=ORIENTED_EDGE('',*,*,#6334,.T.);
#8187=ORIENTED_EDGE('',*,*,#6335,.T.);
#8188=ORIENTED_EDGE('',*,*,#6336,.T.);
#8189=ORIENTED_EDGE('',*,*,#6337,.T.);
#8190=ORIENTED_EDGE('',*,*,#6338,.T.);
#8191=ORIENTED_EDGE('',*,*,#6339,.T.);
#8192=ORIENTED_EDGE('',*,*,#6340,.T.);
#8193=ORIENTED_EDGE('',*,*,#6341,.T.);
#8194=ORIENTED_EDGE('',*,*,#6105,.T.);
#8195=ORIENTED_EDGE('',*,*,#6342,.T.);
#8196=ORIENTED_EDGE('',*,*,#6343,.T.);
#8197=ORIENTED_EDGE('',*,*,#6344,.T.);
#8198=ORIENTED_EDGE('',*,*,#6345,.T.);
#8199=ORIENTED_EDGE('',*,*,#6346,.T.);
#8200=ORIENTED_EDGE('',*,*,#6101,.T.);
#8201=ORIENTED_EDGE('',*,*,#6347,.T.);
#8202=ORIENTED_EDGE('',*,*,#6348,.T.);
#8203=ORIENTED_EDGE('',*,*,#6349,.T.);
#8204=ORIENTED_EDGE('',*,*,#6350,.T.);
#8205=ORIENTED_EDGE('',*,*,#6351,.T.);
#8206=ORIENTED_EDGE('',*,*,#6352,.T.);
#8207=ORIENTED_EDGE('',*,*,#6353,.T.);
#8208=ORIENTED_EDGE('',*,*,#6354,.T.);
#8209=ORIENTED_EDGE('',*,*,#6355,.T.);
#8210=ORIENTED_EDGE('',*,*,#6356,.T.);
#8211=ORIENTED_EDGE('',*,*,#6357,.T.);
#8212=ORIENTED_EDGE('',*,*,#6358,.T.);
#8213=ORIENTED_EDGE('',*,*,#6359,.T.);
#8214=ORIENTED_EDGE('',*,*,#6360,.T.);
#8215=ORIENTED_EDGE('',*,*,#6361,.T.);
#8216=ORIENTED_EDGE('',*,*,#6362,.T.);
#8217=ORIENTED_EDGE('',*,*,#6363,.T.);
#8218=ORIENTED_EDGE('',*,*,#6364,.T.);
#8219=ORIENTED_EDGE('',*,*,#6365,.T.);
#8220=ORIENTED_EDGE('',*,*,#6366,.T.);
#8221=ORIENTED_EDGE('',*,*,#6367,.T.);
#8222=ORIENTED_EDGE('',*,*,#6368,.T.);
#8223=ORIENTED_EDGE('',*,*,#6097,.T.);
#8224=ORIENTED_EDGE('',*,*,#6369,.T.);
#8225=ORIENTED_EDGE('',*,*,#6370,.T.);
#8226=ORIENTED_EDGE('',*,*,#6371,.T.);
#8227=ORIENTED_EDGE('',*,*,#6372,.T.);
#8228=ORIENTED_EDGE('',*,*,#6373,.T.);
#8229=ORIENTED_EDGE('',*,*,#6093,.T.);
#8230=ORIENTED_EDGE('',*,*,#6374,.T.);
#8231=ORIENTED_EDGE('',*,*,#6375,.T.);
#8232=ORIENTED_EDGE('',*,*,#6376,.T.);
#8233=ORIENTED_EDGE('',*,*,#6377,.T.);
#8234=ORIENTED_EDGE('',*,*,#6378,.T.);
#8235=ORIENTED_EDGE('',*,*,#6379,.T.);
#8236=ORIENTED_EDGE('',*,*,#6380,.T.);
#8237=ORIENTED_EDGE('',*,*,#6381,.T.);
#8238=ORIENTED_EDGE('',*,*,#6382,.T.);
#8239=ORIENTED_EDGE('',*,*,#6150,.F.);
#8240=ORIENTED_EDGE('',*,*,#6383,.T.);
#8241=ORIENTED_EDGE('',*,*,#6384,.F.);
#8242=ORIENTED_EDGE('',*,*,#6385,.F.);
#8243=ORIENTED_EDGE('',*,*,#6151,.F.);
#8244=ORIENTED_EDGE('',*,*,#6385,.T.);
#8245=ORIENTED_EDGE('',*,*,#6386,.F.);
#8246=ORIENTED_EDGE('',*,*,#6387,.F.);
#8247=ORIENTED_EDGE('',*,*,#6152,.F.);
#8248=ORIENTED_EDGE('',*,*,#6387,.T.);
#8249=ORIENTED_EDGE('',*,*,#6388,.F.);
#8250=ORIENTED_EDGE('',*,*,#6389,.F.);
#8251=ORIENTED_EDGE('',*,*,#6153,.F.);
#8252=ORIENTED_EDGE('',*,*,#6389,.T.);
#8253=ORIENTED_EDGE('',*,*,#6390,.F.);
#8254=ORIENTED_EDGE('',*,*,#6391,.F.);
#8255=ORIENTED_EDGE('',*,*,#6154,.F.);
#8256=ORIENTED_EDGE('',*,*,#6391,.T.);
#8257=ORIENTED_EDGE('',*,*,#6392,.F.);
#8258=ORIENTED_EDGE('',*,*,#6393,.F.);
#8259=ORIENTED_EDGE('',*,*,#6155,.F.);
#8260=ORIENTED_EDGE('',*,*,#6393,.T.);
#8261=ORIENTED_EDGE('',*,*,#6394,.F.);
#8262=ORIENTED_EDGE('',*,*,#6395,.F.);
#8263=ORIENTED_EDGE('',*,*,#6156,.F.);
#8264=ORIENTED_EDGE('',*,*,#6395,.T.);
#8265=ORIENTED_EDGE('',*,*,#6396,.F.);
#8266=ORIENTED_EDGE('',*,*,#6397,.F.);
#8267=ORIENTED_EDGE('',*,*,#6157,.F.);
#8268=ORIENTED_EDGE('',*,*,#6397,.T.);
#8269=ORIENTED_EDGE('',*,*,#6398,.F.);
#8270=ORIENTED_EDGE('',*,*,#6399,.F.);
#8271=ORIENTED_EDGE('',*,*,#6158,.F.);
#8272=ORIENTED_EDGE('',*,*,#6399,.T.);
#8273=ORIENTED_EDGE('',*,*,#6400,.F.);
#8274=ORIENTED_EDGE('',*,*,#6401,.F.);
#8275=ORIENTED_EDGE('',*,*,#6159,.F.);
#8276=ORIENTED_EDGE('',*,*,#6401,.T.);
#8277=ORIENTED_EDGE('',*,*,#6402,.F.);
#8278=ORIENTED_EDGE('',*,*,#6403,.F.);
#8279=ORIENTED_EDGE('',*,*,#6160,.F.);
#8280=ORIENTED_EDGE('',*,*,#6403,.T.);
#8281=ORIENTED_EDGE('',*,*,#6404,.F.);
#8282=ORIENTED_EDGE('',*,*,#6405,.F.);
#8283=ORIENTED_EDGE('',*,*,#6161,.F.);
#8284=ORIENTED_EDGE('',*,*,#6405,.T.);
#8285=ORIENTED_EDGE('',*,*,#6406,.F.);
#8286=ORIENTED_EDGE('',*,*,#6407,.F.);
#8287=ORIENTED_EDGE('',*,*,#6162,.F.);
#8288=ORIENTED_EDGE('',*,*,#6407,.T.);
#8289=ORIENTED_EDGE('',*,*,#6408,.F.);
#8290=ORIENTED_EDGE('',*,*,#6409,.F.);
#8291=ORIENTED_EDGE('',*,*,#6123,.F.);
#8292=ORIENTED_EDGE('',*,*,#6409,.T.);
#8293=ORIENTED_EDGE('',*,*,#6410,.F.);
#8294=ORIENTED_EDGE('',*,*,#6411,.F.);
#8295=ORIENTED_EDGE('',*,*,#6124,.F.);
#8296=ORIENTED_EDGE('',*,*,#6411,.T.);
#8297=ORIENTED_EDGE('',*,*,#6412,.F.);
#8298=ORIENTED_EDGE('',*,*,#6413,.F.);
#8299=ORIENTED_EDGE('',*,*,#6125,.F.);
#8300=ORIENTED_EDGE('',*,*,#6413,.T.);
#8301=ORIENTED_EDGE('',*,*,#6414,.F.);
#8302=ORIENTED_EDGE('',*,*,#6415,.F.);
#8303=ORIENTED_EDGE('',*,*,#6126,.F.);
#8304=ORIENTED_EDGE('',*,*,#6415,.T.);
#8305=ORIENTED_EDGE('',*,*,#6416,.F.);
#8306=ORIENTED_EDGE('',*,*,#6417,.F.);
#8307=ORIENTED_EDGE('',*,*,#6127,.F.);
#8308=ORIENTED_EDGE('',*,*,#6417,.T.);
#8309=ORIENTED_EDGE('',*,*,#6418,.F.);
#8310=ORIENTED_EDGE('',*,*,#6419,.F.);
#8311=ORIENTED_EDGE('',*,*,#6128,.F.);
#8312=ORIENTED_EDGE('',*,*,#6419,.T.);
#8313=ORIENTED_EDGE('',*,*,#6420,.F.);
#8314=ORIENTED_EDGE('',*,*,#6421,.F.);
#8315=ORIENTED_EDGE('',*,*,#6129,.F.);
#8316=ORIENTED_EDGE('',*,*,#6421,.T.);
#8317=ORIENTED_EDGE('',*,*,#6422,.F.);
#8318=ORIENTED_EDGE('',*,*,#6423,.F.);
#8319=ORIENTED_EDGE('',*,*,#6130,.F.);
#8320=ORIENTED_EDGE('',*,*,#6423,.T.);
#8321=ORIENTED_EDGE('',*,*,#6424,.F.);
#8322=ORIENTED_EDGE('',*,*,#6425,.F.);
#8323=ORIENTED_EDGE('',*,*,#6131,.F.);
#8324=ORIENTED_EDGE('',*,*,#6425,.T.);
#8325=ORIENTED_EDGE('',*,*,#6426,.F.);
#8326=ORIENTED_EDGE('',*,*,#6427,.F.);
#8327=ORIENTED_EDGE('',*,*,#6132,.F.);
#8328=ORIENTED_EDGE('',*,*,#6427,.T.);
#8329=ORIENTED_EDGE('',*,*,#6428,.F.);
#8330=ORIENTED_EDGE('',*,*,#6429,.F.);
#8331=ORIENTED_EDGE('',*,*,#6133,.F.);
#8332=ORIENTED_EDGE('',*,*,#6429,.T.);
#8333=ORIENTED_EDGE('',*,*,#6430,.F.);
#8334=ORIENTED_EDGE('',*,*,#6431,.F.);
#8335=ORIENTED_EDGE('',*,*,#6134,.F.);
#8336=ORIENTED_EDGE('',*,*,#6431,.T.);
#8337=ORIENTED_EDGE('',*,*,#6432,.F.);
#8338=ORIENTED_EDGE('',*,*,#6433,.F.);
#8339=ORIENTED_EDGE('',*,*,#6135,.F.);
#8340=ORIENTED_EDGE('',*,*,#6433,.T.);
#8341=ORIENTED_EDGE('',*,*,#6434,.F.);
#8342=ORIENTED_EDGE('',*,*,#6435,.F.);
#8343=ORIENTED_EDGE('',*,*,#6136,.F.);
#8344=ORIENTED_EDGE('',*,*,#6435,.T.);
#8345=ORIENTED_EDGE('',*,*,#6436,.F.);
#8346=ORIENTED_EDGE('',*,*,#6437,.F.);
#8347=ORIENTED_EDGE('',*,*,#6137,.F.);
#8348=ORIENTED_EDGE('',*,*,#6437,.T.);
#8349=ORIENTED_EDGE('',*,*,#6438,.F.);
#8350=ORIENTED_EDGE('',*,*,#6439,.F.);
#8351=ORIENTED_EDGE('',*,*,#6138,.F.);
#8352=ORIENTED_EDGE('',*,*,#6439,.T.);
#8353=ORIENTED_EDGE('',*,*,#6440,.F.);
#8354=ORIENTED_EDGE('',*,*,#6441,.F.);
#8355=ORIENTED_EDGE('',*,*,#6139,.F.);
#8356=ORIENTED_EDGE('',*,*,#6441,.T.);
#8357=ORIENTED_EDGE('',*,*,#6442,.F.);
#8358=ORIENTED_EDGE('',*,*,#6443,.F.);
#8359=ORIENTED_EDGE('',*,*,#6140,.F.);
#8360=ORIENTED_EDGE('',*,*,#6443,.T.);
#8361=ORIENTED_EDGE('',*,*,#6444,.F.);
#8362=ORIENTED_EDGE('',*,*,#6445,.F.);
#8363=ORIENTED_EDGE('',*,*,#6141,.F.);
#8364=ORIENTED_EDGE('',*,*,#6445,.T.);
#8365=ORIENTED_EDGE('',*,*,#6446,.F.);
#8366=ORIENTED_EDGE('',*,*,#6447,.F.);
#8367=ORIENTED_EDGE('',*,*,#6142,.F.);
#8368=ORIENTED_EDGE('',*,*,#6447,.T.);
#8369=ORIENTED_EDGE('',*,*,#6448,.F.);
#8370=ORIENTED_EDGE('',*,*,#6449,.F.);
#8371=ORIENTED_EDGE('',*,*,#6143,.F.);
#8372=ORIENTED_EDGE('',*,*,#6449,.T.);
#8373=ORIENTED_EDGE('',*,*,#6450,.F.);
#8374=ORIENTED_EDGE('',*,*,#6451,.F.);
#8375=ORIENTED_EDGE('',*,*,#6144,.F.);
#8376=ORIENTED_EDGE('',*,*,#6451,.T.);
#8377=ORIENTED_EDGE('',*,*,#6452,.F.);
#8378=ORIENTED_EDGE('',*,*,#6453,.F.);
#8379=ORIENTED_EDGE('',*,*,#6145,.F.);
#8380=ORIENTED_EDGE('',*,*,#6453,.T.);
#8381=ORIENTED_EDGE('',*,*,#6454,.F.);
#8382=ORIENTED_EDGE('',*,*,#6455,.F.);
#8383=ORIENTED_EDGE('',*,*,#6146,.F.);
#8384=ORIENTED_EDGE('',*,*,#6455,.T.);
#8385=ORIENTED_EDGE('',*,*,#6456,.F.);
#8386=ORIENTED_EDGE('',*,*,#6457,.F.);
#8387=ORIENTED_EDGE('',*,*,#6147,.F.);
#8388=ORIENTED_EDGE('',*,*,#6457,.T.);
#8389=ORIENTED_EDGE('',*,*,#6458,.F.);
#8390=ORIENTED_EDGE('',*,*,#6459,.F.);
#8391=ORIENTED_EDGE('',*,*,#6148,.F.);
#8392=ORIENTED_EDGE('',*,*,#6459,.T.);
#8393=ORIENTED_EDGE('',*,*,#6460,.F.);
#8394=ORIENTED_EDGE('',*,*,#6461,.F.);
#8395=ORIENTED_EDGE('',*,*,#6149,.F.);
#8396=ORIENTED_EDGE('',*,*,#6461,.T.);
#8397=ORIENTED_EDGE('',*,*,#6462,.F.);
#8398=ORIENTED_EDGE('',*,*,#6383,.F.);
#8399=ORIENTED_EDGE('',*,*,#6463,.F.);
#8400=ORIENTED_EDGE('',*,*,#6464,.T.);
#8401=ORIENTED_EDGE('',*,*,#6465,.F.);
#8402=ORIENTED_EDGE('',*,*,#6466,.F.);
#8403=ORIENTED_EDGE('',*,*,#6467,.F.);
#8404=ORIENTED_EDGE('',*,*,#6466,.T.);
#8405=ORIENTED_EDGE('',*,*,#6468,.F.);
#8406=ORIENTED_EDGE('',*,*,#6469,.F.);
#8407=ORIENTED_EDGE('',*,*,#6470,.F.);
#8408=ORIENTED_EDGE('',*,*,#6469,.T.);
#8409=ORIENTED_EDGE('',*,*,#6471,.F.);
#8410=ORIENTED_EDGE('',*,*,#6472,.F.);
#8411=ORIENTED_EDGE('',*,*,#6473,.F.);
#8412=ORIENTED_EDGE('',*,*,#6472,.T.);
#8413=ORIENTED_EDGE('',*,*,#6474,.F.);
#8414=ORIENTED_EDGE('',*,*,#6475,.F.);
#8415=ORIENTED_EDGE('',*,*,#6476,.F.);
#8416=ORIENTED_EDGE('',*,*,#6475,.T.);
#8417=ORIENTED_EDGE('',*,*,#6477,.F.);
#8418=ORIENTED_EDGE('',*,*,#6478,.F.);
#8419=ORIENTED_EDGE('',*,*,#6479,.F.);
#8420=ORIENTED_EDGE('',*,*,#6478,.T.);
#8421=ORIENTED_EDGE('',*,*,#6480,.F.);
#8422=ORIENTED_EDGE('',*,*,#6481,.F.);
#8423=ORIENTED_EDGE('',*,*,#6482,.F.);
#8424=ORIENTED_EDGE('',*,*,#6481,.T.);
#8425=ORIENTED_EDGE('',*,*,#6483,.F.);
#8426=ORIENTED_EDGE('',*,*,#6484,.F.);
#8427=ORIENTED_EDGE('',*,*,#6485,.F.);
#8428=ORIENTED_EDGE('',*,*,#6484,.T.);
#8429=ORIENTED_EDGE('',*,*,#6486,.F.);
#8430=ORIENTED_EDGE('',*,*,#6464,.F.);
#8431=ORIENTED_EDGE('',*,*,#6487,.F.);
#8432=ORIENTED_EDGE('',*,*,#6488,.T.);
#8433=ORIENTED_EDGE('',*,*,#6489,.F.);
#8434=ORIENTED_EDGE('',*,*,#6490,.F.);
#8435=ORIENTED_EDGE('',*,*,#6491,.F.);
#8436=ORIENTED_EDGE('',*,*,#6490,.T.);
#8437=ORIENTED_EDGE('',*,*,#6492,.F.);
#8438=ORIENTED_EDGE('',*,*,#6493,.F.);
#8439=ORIENTED_EDGE('',*,*,#6494,.F.);
#8440=ORIENTED_EDGE('',*,*,#6493,.T.);
#8441=ORIENTED_EDGE('',*,*,#6495,.F.);
#8442=ORIENTED_EDGE('',*,*,#6496,.F.);
#8443=ORIENTED_EDGE('',*,*,#6497,.F.);
#8444=ORIENTED_EDGE('',*,*,#6496,.T.);
#8445=ORIENTED_EDGE('',*,*,#6498,.F.);
#8446=ORIENTED_EDGE('',*,*,#6499,.F.);
#8447=ORIENTED_EDGE('',*,*,#6500,.F.);
#8448=ORIENTED_EDGE('',*,*,#6499,.T.);
#8449=ORIENTED_EDGE('',*,*,#6501,.F.);
#8450=ORIENTED_EDGE('',*,*,#6502,.F.);
#8451=ORIENTED_EDGE('',*,*,#6503,.F.);
#8452=ORIENTED_EDGE('',*,*,#6502,.T.);
#8453=ORIENTED_EDGE('',*,*,#6504,.F.);
#8454=ORIENTED_EDGE('',*,*,#6505,.F.);
#8455=ORIENTED_EDGE('',*,*,#6506,.F.);
#8456=ORIENTED_EDGE('',*,*,#6505,.T.);
#8457=ORIENTED_EDGE('',*,*,#6507,.F.);
#8458=ORIENTED_EDGE('',*,*,#6508,.F.);
#8459=ORIENTED_EDGE('',*,*,#6509,.F.);
#8460=ORIENTED_EDGE('',*,*,#6508,.T.);
#8461=ORIENTED_EDGE('',*,*,#6510,.F.);
#8462=ORIENTED_EDGE('',*,*,#6488,.F.);
#8463=ORIENTED_EDGE('',*,*,#6511,.F.);
#8464=ORIENTED_EDGE('',*,*,#6512,.T.);
#8465=ORIENTED_EDGE('',*,*,#6513,.F.);
#8466=ORIENTED_EDGE('',*,*,#6514,.F.);
#8467=ORIENTED_EDGE('',*,*,#6515,.F.);
#8468=ORIENTED_EDGE('',*,*,#6514,.T.);
#8469=ORIENTED_EDGE('',*,*,#6516,.F.);
#8470=ORIENTED_EDGE('',*,*,#6517,.F.);
#8471=ORIENTED_EDGE('',*,*,#6518,.F.);
#8472=ORIENTED_EDGE('',*,*,#6517,.T.);
#8473=ORIENTED_EDGE('',*,*,#6519,.F.);
#8474=ORIENTED_EDGE('',*,*,#6520,.F.);
#8475=ORIENTED_EDGE('',*,*,#6521,.F.);
#8476=ORIENTED_EDGE('',*,*,#6520,.T.);
#8477=ORIENTED_EDGE('',*,*,#6522,.F.);
#8478=ORIENTED_EDGE('',*,*,#6523,.F.);
#8479=ORIENTED_EDGE('',*,*,#6524,.F.);
#8480=ORIENTED_EDGE('',*,*,#6523,.T.);
#8481=ORIENTED_EDGE('',*,*,#6525,.F.);
#8482=ORIENTED_EDGE('',*,*,#6526,.F.);
#8483=ORIENTED_EDGE('',*,*,#6527,.F.);
#8484=ORIENTED_EDGE('',*,*,#6526,.T.);
#8485=ORIENTED_EDGE('',*,*,#6528,.F.);
#8486=ORIENTED_EDGE('',*,*,#6529,.F.);
#8487=ORIENTED_EDGE('',*,*,#6530,.F.);
#8488=ORIENTED_EDGE('',*,*,#6529,.T.);
#8489=ORIENTED_EDGE('',*,*,#6531,.F.);
#8490=ORIENTED_EDGE('',*,*,#6532,.F.);
#8491=ORIENTED_EDGE('',*,*,#6533,.F.);
#8492=ORIENTED_EDGE('',*,*,#6532,.T.);
#8493=ORIENTED_EDGE('',*,*,#6534,.F.);
#8494=ORIENTED_EDGE('',*,*,#6512,.F.);
#8495=ORIENTED_EDGE('',*,*,#6535,.F.);
#8496=ORIENTED_EDGE('',*,*,#6536,.T.);
#8497=ORIENTED_EDGE('',*,*,#6537,.F.);
#8498=ORIENTED_EDGE('',*,*,#6538,.F.);
#8499=ORIENTED_EDGE('',*,*,#6539,.F.);
#8500=ORIENTED_EDGE('',*,*,#6538,.T.);
#8501=ORIENTED_EDGE('',*,*,#6540,.F.);
#8502=ORIENTED_EDGE('',*,*,#6541,.F.);
#8503=ORIENTED_EDGE('',*,*,#6542,.F.);
#8504=ORIENTED_EDGE('',*,*,#6541,.T.);
#8505=ORIENTED_EDGE('',*,*,#6543,.F.);
#8506=ORIENTED_EDGE('',*,*,#6544,.F.);
#8507=ORIENTED_EDGE('',*,*,#6545,.F.);
#8508=ORIENTED_EDGE('',*,*,#6544,.T.);
#8509=ORIENTED_EDGE('',*,*,#6546,.F.);
#8510=ORIENTED_EDGE('',*,*,#6547,.F.);
#8511=ORIENTED_EDGE('',*,*,#6548,.F.);
#8512=ORIENTED_EDGE('',*,*,#6547,.T.);
#8513=ORIENTED_EDGE('',*,*,#6549,.F.);
#8514=ORIENTED_EDGE('',*,*,#6550,.F.);
#8515=ORIENTED_EDGE('',*,*,#6551,.F.);
#8516=ORIENTED_EDGE('',*,*,#6550,.T.);
#8517=ORIENTED_EDGE('',*,*,#6552,.F.);
#8518=ORIENTED_EDGE('',*,*,#6553,.F.);
#8519=ORIENTED_EDGE('',*,*,#6554,.F.);
#8520=ORIENTED_EDGE('',*,*,#6553,.T.);
#8521=ORIENTED_EDGE('',*,*,#6555,.F.);
#8522=ORIENTED_EDGE('',*,*,#6556,.F.);
#8523=ORIENTED_EDGE('',*,*,#6557,.F.);
#8524=ORIENTED_EDGE('',*,*,#6556,.T.);
#8525=ORIENTED_EDGE('',*,*,#6558,.F.);
#8526=ORIENTED_EDGE('',*,*,#6536,.F.);
#8527=ORIENTED_EDGE('',*,*,#6559,.F.);
#8528=ORIENTED_EDGE('',*,*,#6560,.T.);
#8529=ORIENTED_EDGE('',*,*,#6561,.F.);
#8530=ORIENTED_EDGE('',*,*,#6562,.F.);
#8531=ORIENTED_EDGE('',*,*,#6563,.F.);
#8532=ORIENTED_EDGE('',*,*,#6562,.T.);
#8533=ORIENTED_EDGE('',*,*,#6564,.F.);
#8534=ORIENTED_EDGE('',*,*,#6565,.F.);
#8535=ORIENTED_EDGE('',*,*,#6566,.F.);
#8536=ORIENTED_EDGE('',*,*,#6565,.T.);
#8537=ORIENTED_EDGE('',*,*,#6567,.F.);
#8538=ORIENTED_EDGE('',*,*,#6568,.F.);
#8539=ORIENTED_EDGE('',*,*,#6569,.F.);
#8540=ORIENTED_EDGE('',*,*,#6568,.T.);
#8541=ORIENTED_EDGE('',*,*,#6570,.F.);
#8542=ORIENTED_EDGE('',*,*,#6571,.F.);
#8543=ORIENTED_EDGE('',*,*,#6572,.F.);
#8544=ORIENTED_EDGE('',*,*,#6571,.T.);
#8545=ORIENTED_EDGE('',*,*,#6573,.F.);
#8546=ORIENTED_EDGE('',*,*,#6574,.F.);
#8547=ORIENTED_EDGE('',*,*,#6575,.F.);
#8548=ORIENTED_EDGE('',*,*,#6574,.T.);
#8549=ORIENTED_EDGE('',*,*,#6576,.F.);
#8550=ORIENTED_EDGE('',*,*,#6577,.F.);
#8551=ORIENTED_EDGE('',*,*,#6578,.F.);
#8552=ORIENTED_EDGE('',*,*,#6577,.T.);
#8553=ORIENTED_EDGE('',*,*,#6579,.F.);
#8554=ORIENTED_EDGE('',*,*,#6580,.F.);
#8555=ORIENTED_EDGE('',*,*,#6581,.F.);
#8556=ORIENTED_EDGE('',*,*,#6580,.T.);
#8557=ORIENTED_EDGE('',*,*,#6582,.F.);
#8558=ORIENTED_EDGE('',*,*,#6560,.F.);
#8559=ORIENTED_EDGE('',*,*,#6583,.F.);
#8560=ORIENTED_EDGE('',*,*,#6584,.T.);
#8561=ORIENTED_EDGE('',*,*,#6585,.F.);
#8562=ORIENTED_EDGE('',*,*,#6586,.F.);
#8563=ORIENTED_EDGE('',*,*,#6587,.F.);
#8564=ORIENTED_EDGE('',*,*,#6586,.T.);
#8565=ORIENTED_EDGE('',*,*,#6588,.F.);
#8566=ORIENTED_EDGE('',*,*,#6589,.F.);
#8567=ORIENTED_EDGE('',*,*,#6590,.F.);
#8568=ORIENTED_EDGE('',*,*,#6589,.T.);
#8569=ORIENTED_EDGE('',*,*,#6591,.F.);
#8570=ORIENTED_EDGE('',*,*,#6592,.F.);
#8571=ORIENTED_EDGE('',*,*,#6593,.F.);
#8572=ORIENTED_EDGE('',*,*,#6592,.T.);
#8573=ORIENTED_EDGE('',*,*,#6594,.F.);
#8574=ORIENTED_EDGE('',*,*,#6595,.F.);
#8575=ORIENTED_EDGE('',*,*,#6596,.F.);
#8576=ORIENTED_EDGE('',*,*,#6595,.T.);
#8577=ORIENTED_EDGE('',*,*,#6597,.F.);
#8578=ORIENTED_EDGE('',*,*,#6598,.F.);
#8579=ORIENTED_EDGE('',*,*,#6599,.F.);
#8580=ORIENTED_EDGE('',*,*,#6598,.T.);
#8581=ORIENTED_EDGE('',*,*,#6600,.F.);
#8582=ORIENTED_EDGE('',*,*,#6601,.F.);
#8583=ORIENTED_EDGE('',*,*,#6602,.F.);
#8584=ORIENTED_EDGE('',*,*,#6601,.T.);
#8585=ORIENTED_EDGE('',*,*,#6603,.F.);
#8586=ORIENTED_EDGE('',*,*,#6604,.F.);
#8587=ORIENTED_EDGE('',*,*,#6605,.F.);
#8588=ORIENTED_EDGE('',*,*,#6604,.T.);
#8589=ORIENTED_EDGE('',*,*,#6606,.F.);
#8590=ORIENTED_EDGE('',*,*,#6584,.F.);
#8591=ORIENTED_EDGE('',*,*,#6607,.F.);
#8592=ORIENTED_EDGE('',*,*,#6608,.T.);
#8593=ORIENTED_EDGE('',*,*,#6609,.F.);
#8594=ORIENTED_EDGE('',*,*,#6610,.F.);
#8595=ORIENTED_EDGE('',*,*,#6611,.F.);
#8596=ORIENTED_EDGE('',*,*,#6610,.T.);
#8597=ORIENTED_EDGE('',*,*,#6612,.F.);
#8598=ORIENTED_EDGE('',*,*,#6613,.F.);
#8599=ORIENTED_EDGE('',*,*,#6614,.F.);
#8600=ORIENTED_EDGE('',*,*,#6613,.T.);
#8601=ORIENTED_EDGE('',*,*,#6615,.F.);
#8602=ORIENTED_EDGE('',*,*,#6616,.F.);
#8603=ORIENTED_EDGE('',*,*,#6617,.F.);
#8604=ORIENTED_EDGE('',*,*,#6616,.T.);
#8605=ORIENTED_EDGE('',*,*,#6618,.F.);
#8606=ORIENTED_EDGE('',*,*,#6619,.F.);
#8607=ORIENTED_EDGE('',*,*,#6620,.F.);
#8608=ORIENTED_EDGE('',*,*,#6619,.T.);
#8609=ORIENTED_EDGE('',*,*,#6621,.F.);
#8610=ORIENTED_EDGE('',*,*,#6622,.F.);
#8611=ORIENTED_EDGE('',*,*,#6623,.F.);
#8612=ORIENTED_EDGE('',*,*,#6622,.T.);
#8613=ORIENTED_EDGE('',*,*,#6624,.F.);
#8614=ORIENTED_EDGE('',*,*,#6625,.F.);
#8615=ORIENTED_EDGE('',*,*,#6626,.F.);
#8616=ORIENTED_EDGE('',*,*,#6625,.T.);
#8617=ORIENTED_EDGE('',*,*,#6627,.F.);
#8618=ORIENTED_EDGE('',*,*,#6628,.F.);
#8619=ORIENTED_EDGE('',*,*,#6629,.F.);
#8620=ORIENTED_EDGE('',*,*,#6628,.T.);
#8621=ORIENTED_EDGE('',*,*,#6630,.F.);
#8622=ORIENTED_EDGE('',*,*,#6608,.F.);
#8623=ORIENTED_EDGE('',*,*,#6631,.F.);
#8624=ORIENTED_EDGE('',*,*,#6632,.T.);
#8625=ORIENTED_EDGE('',*,*,#6633,.F.);
#8626=ORIENTED_EDGE('',*,*,#6634,.F.);
#8627=ORIENTED_EDGE('',*,*,#6635,.F.);
#8628=ORIENTED_EDGE('',*,*,#6634,.T.);
#8629=ORIENTED_EDGE('',*,*,#6636,.F.);
#8630=ORIENTED_EDGE('',*,*,#6637,.F.);
#8631=ORIENTED_EDGE('',*,*,#6638,.F.);
#8632=ORIENTED_EDGE('',*,*,#6637,.T.);
#8633=ORIENTED_EDGE('',*,*,#6639,.F.);
#8634=ORIENTED_EDGE('',*,*,#6640,.F.);
#8635=ORIENTED_EDGE('',*,*,#6641,.F.);
#8636=ORIENTED_EDGE('',*,*,#6640,.T.);
#8637=ORIENTED_EDGE('',*,*,#6642,.F.);
#8638=ORIENTED_EDGE('',*,*,#6643,.F.);
#8639=ORIENTED_EDGE('',*,*,#6644,.F.);
#8640=ORIENTED_EDGE('',*,*,#6643,.T.);
#8641=ORIENTED_EDGE('',*,*,#6645,.F.);
#8642=ORIENTED_EDGE('',*,*,#6646,.F.);
#8643=ORIENTED_EDGE('',*,*,#6647,.F.);
#8644=ORIENTED_EDGE('',*,*,#6646,.T.);
#8645=ORIENTED_EDGE('',*,*,#6648,.F.);
#8646=ORIENTED_EDGE('',*,*,#6649,.F.);
#8647=ORIENTED_EDGE('',*,*,#6650,.F.);
#8648=ORIENTED_EDGE('',*,*,#6649,.T.);
#8649=ORIENTED_EDGE('',*,*,#6651,.F.);
#8650=ORIENTED_EDGE('',*,*,#6652,.F.);
#8651=ORIENTED_EDGE('',*,*,#6653,.F.);
#8652=ORIENTED_EDGE('',*,*,#6652,.T.);
#8653=ORIENTED_EDGE('',*,*,#6654,.F.);
#8654=ORIENTED_EDGE('',*,*,#6632,.F.);
#8655=ORIENTED_EDGE('',*,*,#6655,.T.);
#8656=ORIENTED_EDGE('',*,*,#6656,.T.);
#8657=ORIENTED_EDGE('',*,*,#6657,.F.);
#8658=ORIENTED_EDGE('',*,*,#6658,.F.);
#8659=ORIENTED_EDGE('',*,*,#6659,.T.);
#8660=ORIENTED_EDGE('',*,*,#6660,.T.);
#8661=ORIENTED_EDGE('',*,*,#6661,.T.);
#8662=ORIENTED_EDGE('',*,*,#6662,.T.);
#8663=ORIENTED_EDGE('',*,*,#6663,.T.);
#8664=ORIENTED_EDGE('',*,*,#6664,.T.);
#8665=ORIENTED_EDGE('',*,*,#6665,.T.);
#8666=ORIENTED_EDGE('',*,*,#6666,.T.);
#8667=ORIENTED_EDGE('',*,*,#6657,.T.);
#8668=ORIENTED_EDGE('',*,*,#6667,.T.);
#8669=ORIENTED_EDGE('',*,*,#6668,.T.);
#8670=ORIENTED_EDGE('',*,*,#6654,.T.);
#8671=ORIENTED_EDGE('',*,*,#6651,.T.);
#8672=ORIENTED_EDGE('',*,*,#6648,.T.);
#8673=ORIENTED_EDGE('',*,*,#6645,.T.);
#8674=ORIENTED_EDGE('',*,*,#6642,.T.);
#8675=ORIENTED_EDGE('',*,*,#6639,.T.);
#8676=ORIENTED_EDGE('',*,*,#6636,.T.);
#8677=ORIENTED_EDGE('',*,*,#6633,.T.);
#8678=ORIENTED_EDGE('',*,*,#6630,.T.);
#8679=ORIENTED_EDGE('',*,*,#6627,.T.);
#8680=ORIENTED_EDGE('',*,*,#6624,.T.);
#8681=ORIENTED_EDGE('',*,*,#6621,.T.);
#8682=ORIENTED_EDGE('',*,*,#6618,.T.);
#8683=ORIENTED_EDGE('',*,*,#6615,.T.);
#8684=ORIENTED_EDGE('',*,*,#6612,.T.);
#8685=ORIENTED_EDGE('',*,*,#6609,.T.);
#8686=ORIENTED_EDGE('',*,*,#6606,.T.);
#8687=ORIENTED_EDGE('',*,*,#6603,.T.);
#8688=ORIENTED_EDGE('',*,*,#6600,.T.);
#8689=ORIENTED_EDGE('',*,*,#6597,.T.);
#8690=ORIENTED_EDGE('',*,*,#6594,.T.);
#8691=ORIENTED_EDGE('',*,*,#6591,.T.);
#8692=ORIENTED_EDGE('',*,*,#6588,.T.);
#8693=ORIENTED_EDGE('',*,*,#6585,.T.);
#8694=ORIENTED_EDGE('',*,*,#6582,.T.);
#8695=ORIENTED_EDGE('',*,*,#6579,.T.);
#8696=ORIENTED_EDGE('',*,*,#6576,.T.);
#8697=ORIENTED_EDGE('',*,*,#6573,.T.);
#8698=ORIENTED_EDGE('',*,*,#6570,.T.);
#8699=ORIENTED_EDGE('',*,*,#6567,.T.);
#8700=ORIENTED_EDGE('',*,*,#6564,.T.);
#8701=ORIENTED_EDGE('',*,*,#6561,.T.);
#8702=ORIENTED_EDGE('',*,*,#6558,.T.);
#8703=ORIENTED_EDGE('',*,*,#6555,.T.);
#8704=ORIENTED_EDGE('',*,*,#6552,.T.);
#8705=ORIENTED_EDGE('',*,*,#6549,.T.);
#8706=ORIENTED_EDGE('',*,*,#6546,.T.);
#8707=ORIENTED_EDGE('',*,*,#6543,.T.);
#8708=ORIENTED_EDGE('',*,*,#6540,.T.);
#8709=ORIENTED_EDGE('',*,*,#6537,.T.);
#8710=ORIENTED_EDGE('',*,*,#6534,.T.);
#8711=ORIENTED_EDGE('',*,*,#6531,.T.);
#8712=ORIENTED_EDGE('',*,*,#6528,.T.);
#8713=ORIENTED_EDGE('',*,*,#6525,.T.);
#8714=ORIENTED_EDGE('',*,*,#6522,.T.);
#8715=ORIENTED_EDGE('',*,*,#6519,.T.);
#8716=ORIENTED_EDGE('',*,*,#6516,.T.);
#8717=ORIENTED_EDGE('',*,*,#6513,.T.);
#8718=ORIENTED_EDGE('',*,*,#6510,.T.);
#8719=ORIENTED_EDGE('',*,*,#6507,.T.);
#8720=ORIENTED_EDGE('',*,*,#6504,.T.);
#8721=ORIENTED_EDGE('',*,*,#6501,.T.);
#8722=ORIENTED_EDGE('',*,*,#6498,.T.);
#8723=ORIENTED_EDGE('',*,*,#6495,.T.);
#8724=ORIENTED_EDGE('',*,*,#6492,.T.);
#8725=ORIENTED_EDGE('',*,*,#6489,.T.);
#8726=ORIENTED_EDGE('',*,*,#6486,.T.);
#8727=ORIENTED_EDGE('',*,*,#6483,.T.);
#8728=ORIENTED_EDGE('',*,*,#6480,.T.);
#8729=ORIENTED_EDGE('',*,*,#6477,.T.);
#8730=ORIENTED_EDGE('',*,*,#6474,.T.);
#8731=ORIENTED_EDGE('',*,*,#6471,.T.);
#8732=ORIENTED_EDGE('',*,*,#6468,.T.);
#8733=ORIENTED_EDGE('',*,*,#6465,.T.);
#8734=ORIENTED_EDGE('',*,*,#6462,.T.);
#8735=ORIENTED_EDGE('',*,*,#6460,.T.);
#8736=ORIENTED_EDGE('',*,*,#6458,.T.);
#8737=ORIENTED_EDGE('',*,*,#6456,.T.);
#8738=ORIENTED_EDGE('',*,*,#6454,.T.);
#8739=ORIENTED_EDGE('',*,*,#6452,.T.);
#8740=ORIENTED_EDGE('',*,*,#6450,.T.);
#8741=ORIENTED_EDGE('',*,*,#6448,.T.);
#8742=ORIENTED_EDGE('',*,*,#6446,.T.);
#8743=ORIENTED_EDGE('',*,*,#6444,.T.);
#8744=ORIENTED_EDGE('',*,*,#6442,.T.);
#8745=ORIENTED_EDGE('',*,*,#6440,.T.);
#8746=ORIENTED_EDGE('',*,*,#6438,.T.);
#8747=ORIENTED_EDGE('',*,*,#6436,.T.);
#8748=ORIENTED_EDGE('',*,*,#6434,.T.);
#8749=ORIENTED_EDGE('',*,*,#6432,.T.);
#8750=ORIENTED_EDGE('',*,*,#6430,.T.);
#8751=ORIENTED_EDGE('',*,*,#6428,.T.);
#8752=ORIENTED_EDGE('',*,*,#6426,.T.);
#8753=ORIENTED_EDGE('',*,*,#6424,.T.);
#8754=ORIENTED_EDGE('',*,*,#6422,.T.);
#8755=ORIENTED_EDGE('',*,*,#6420,.T.);
#8756=ORIENTED_EDGE('',*,*,#6418,.T.);
#8757=ORIENTED_EDGE('',*,*,#6416,.T.);
#8758=ORIENTED_EDGE('',*,*,#6414,.T.);
#8759=ORIENTED_EDGE('',*,*,#6412,.T.);
#8760=ORIENTED_EDGE('',*,*,#6410,.T.);
#8761=ORIENTED_EDGE('',*,*,#6408,.T.);
#8762=ORIENTED_EDGE('',*,*,#6406,.T.);
#8763=ORIENTED_EDGE('',*,*,#6404,.T.);
#8764=ORIENTED_EDGE('',*,*,#6402,.T.);
#8765=ORIENTED_EDGE('',*,*,#6400,.T.);
#8766=ORIENTED_EDGE('',*,*,#6398,.T.);
#8767=ORIENTED_EDGE('',*,*,#6396,.T.);
#8768=ORIENTED_EDGE('',*,*,#6394,.T.);
#8769=ORIENTED_EDGE('',*,*,#6392,.T.);
#8770=ORIENTED_EDGE('',*,*,#6390,.T.);
#8771=ORIENTED_EDGE('',*,*,#6388,.T.);
#8772=ORIENTED_EDGE('',*,*,#6386,.T.);
#8773=ORIENTED_EDGE('',*,*,#6384,.T.);
#8774=ORIENTED_EDGE('',*,*,#6631,.T.);
#8775=ORIENTED_EDGE('',*,*,#6635,.T.);
#8776=ORIENTED_EDGE('',*,*,#6638,.T.);
#8777=ORIENTED_EDGE('',*,*,#6641,.T.);
#8778=ORIENTED_EDGE('',*,*,#6644,.T.);
#8779=ORIENTED_EDGE('',*,*,#6647,.T.);
#8780=ORIENTED_EDGE('',*,*,#6650,.T.);
#8781=ORIENTED_EDGE('',*,*,#6653,.T.);
#8782=ORIENTED_EDGE('',*,*,#6669,.T.);
#8783=ORIENTED_EDGE('',*,*,#6670,.T.);
#8784=ORIENTED_EDGE('',*,*,#6671,.T.);
#8785=ORIENTED_EDGE('',*,*,#6672,.T.);
#8786=ORIENTED_EDGE('',*,*,#6673,.T.);
#8787=ORIENTED_EDGE('',*,*,#6674,.T.);
#8788=ORIENTED_EDGE('',*,*,#6675,.T.);
#8789=ORIENTED_EDGE('',*,*,#6676,.T.);
#8790=ORIENTED_EDGE('',*,*,#6607,.T.);
#8791=ORIENTED_EDGE('',*,*,#6611,.T.);
#8792=ORIENTED_EDGE('',*,*,#6614,.T.);
#8793=ORIENTED_EDGE('',*,*,#6617,.T.);
#8794=ORIENTED_EDGE('',*,*,#6620,.T.);
#8795=ORIENTED_EDGE('',*,*,#6623,.T.);
#8796=ORIENTED_EDGE('',*,*,#6626,.T.);
#8797=ORIENTED_EDGE('',*,*,#6629,.T.);
#8798=ORIENTED_EDGE('',*,*,#6677,.T.);
#8799=ORIENTED_EDGE('',*,*,#6678,.T.);
#8800=ORIENTED_EDGE('',*,*,#6679,.T.);
#8801=ORIENTED_EDGE('',*,*,#6680,.T.);
#8802=ORIENTED_EDGE('',*,*,#6681,.T.);
#8803=ORIENTED_EDGE('',*,*,#6682,.T.);
#8804=ORIENTED_EDGE('',*,*,#6683,.T.);
#8805=ORIENTED_EDGE('',*,*,#6684,.T.);
#8806=ORIENTED_EDGE('',*,*,#6583,.T.);
#8807=ORIENTED_EDGE('',*,*,#6587,.T.);
#8808=ORIENTED_EDGE('',*,*,#6590,.T.);
#8809=ORIENTED_EDGE('',*,*,#6593,.T.);
#8810=ORIENTED_EDGE('',*,*,#6596,.T.);
#8811=ORIENTED_EDGE('',*,*,#6599,.T.);
#8812=ORIENTED_EDGE('',*,*,#6602,.T.);
#8813=ORIENTED_EDGE('',*,*,#6605,.T.);
#8814=ORIENTED_EDGE('',*,*,#6685,.T.);
#8815=ORIENTED_EDGE('',*,*,#6686,.T.);
#8816=ORIENTED_EDGE('',*,*,#6687,.T.);
#8817=ORIENTED_EDGE('',*,*,#6688,.T.);
#8818=ORIENTED_EDGE('',*,*,#6689,.T.);
#8819=ORIENTED_EDGE('',*,*,#6690,.T.);
#8820=ORIENTED_EDGE('',*,*,#6691,.T.);
#8821=ORIENTED_EDGE('',*,*,#6692,.T.);
#8822=ORIENTED_EDGE('',*,*,#6693,.T.);
#8823=ORIENTED_EDGE('',*,*,#6694,.T.);
#8824=ORIENTED_EDGE('',*,*,#6695,.T.);
#8825=ORIENTED_EDGE('',*,*,#6696,.T.);
#8826=ORIENTED_EDGE('',*,*,#6697,.T.);
#8827=ORIENTED_EDGE('',*,*,#6698,.T.);
#8828=ORIENTED_EDGE('',*,*,#6699,.T.);
#8829=ORIENTED_EDGE('',*,*,#6700,.T.);
#8830=ORIENTED_EDGE('',*,*,#6701,.T.);
#8831=ORIENTED_EDGE('',*,*,#6702,.T.);
#8832=ORIENTED_EDGE('',*,*,#6703,.T.);
#8833=ORIENTED_EDGE('',*,*,#6704,.T.);
#8834=ORIENTED_EDGE('',*,*,#6705,.T.);
#8835=ORIENTED_EDGE('',*,*,#6706,.T.);
#8836=ORIENTED_EDGE('',*,*,#6707,.T.);
#8837=ORIENTED_EDGE('',*,*,#6708,.T.);
#8838=ORIENTED_EDGE('',*,*,#6709,.T.);
#8839=ORIENTED_EDGE('',*,*,#6710,.T.);
#8840=ORIENTED_EDGE('',*,*,#6711,.T.);
#8841=ORIENTED_EDGE('',*,*,#6712,.T.);
#8842=ORIENTED_EDGE('',*,*,#6713,.T.);
#8843=ORIENTED_EDGE('',*,*,#6714,.T.);
#8844=ORIENTED_EDGE('',*,*,#6715,.T.);
#8845=ORIENTED_EDGE('',*,*,#6716,.T.);
#8846=ORIENTED_EDGE('',*,*,#6559,.T.);
#8847=ORIENTED_EDGE('',*,*,#6563,.T.);
#8848=ORIENTED_EDGE('',*,*,#6566,.T.);
#8849=ORIENTED_EDGE('',*,*,#6569,.T.);
#8850=ORIENTED_EDGE('',*,*,#6572,.T.);
#8851=ORIENTED_EDGE('',*,*,#6575,.T.);
#8852=ORIENTED_EDGE('',*,*,#6578,.T.);
#8853=ORIENTED_EDGE('',*,*,#6581,.T.);
#8854=ORIENTED_EDGE('',*,*,#6717,.T.);
#8855=ORIENTED_EDGE('',*,*,#6718,.T.);
#8856=ORIENTED_EDGE('',*,*,#6719,.T.);
#8857=ORIENTED_EDGE('',*,*,#6720,.T.);
#8858=ORIENTED_EDGE('',*,*,#6721,.T.);
#8859=ORIENTED_EDGE('',*,*,#6722,.T.);
#8860=ORIENTED_EDGE('',*,*,#6723,.T.);
#8861=ORIENTED_EDGE('',*,*,#6724,.T.);
#8862=ORIENTED_EDGE('',*,*,#6725,.T.);
#8863=ORIENTED_EDGE('',*,*,#6726,.T.);
#8864=ORIENTED_EDGE('',*,*,#6727,.T.);
#8865=ORIENTED_EDGE('',*,*,#6728,.T.);
#8866=ORIENTED_EDGE('',*,*,#6729,.T.);
#8867=ORIENTED_EDGE('',*,*,#6730,.T.);
#8868=ORIENTED_EDGE('',*,*,#6731,.T.);
#8869=ORIENTED_EDGE('',*,*,#6732,.T.);
#8870=ORIENTED_EDGE('',*,*,#6733,.T.);
#8871=ORIENTED_EDGE('',*,*,#6734,.T.);
#8872=ORIENTED_EDGE('',*,*,#6735,.T.);
#8873=ORIENTED_EDGE('',*,*,#6736,.T.);
#8874=ORIENTED_EDGE('',*,*,#6737,.T.);
#8875=ORIENTED_EDGE('',*,*,#6738,.T.);
#8876=ORIENTED_EDGE('',*,*,#6739,.T.);
#8877=ORIENTED_EDGE('',*,*,#6740,.T.);
#8878=ORIENTED_EDGE('',*,*,#6741,.T.);
#8879=ORIENTED_EDGE('',*,*,#6742,.T.);
#8880=ORIENTED_EDGE('',*,*,#6743,.T.);
#8881=ORIENTED_EDGE('',*,*,#6744,.T.);
#8882=ORIENTED_EDGE('',*,*,#6745,.T.);
#8883=ORIENTED_EDGE('',*,*,#6746,.T.);
#8884=ORIENTED_EDGE('',*,*,#6747,.T.);
#8885=ORIENTED_EDGE('',*,*,#6748,.T.);
#8886=ORIENTED_EDGE('',*,*,#6535,.T.);
#8887=ORIENTED_EDGE('',*,*,#6539,.T.);
#8888=ORIENTED_EDGE('',*,*,#6542,.T.);
#8889=ORIENTED_EDGE('',*,*,#6545,.T.);
#8890=ORIENTED_EDGE('',*,*,#6548,.T.);
#8891=ORIENTED_EDGE('',*,*,#6551,.T.);
#8892=ORIENTED_EDGE('',*,*,#6554,.T.);
#8893=ORIENTED_EDGE('',*,*,#6557,.T.);
#8894=ORIENTED_EDGE('',*,*,#6749,.T.);
#8895=ORIENTED_EDGE('',*,*,#6750,.T.);
#8896=ORIENTED_EDGE('',*,*,#6751,.T.);
#8897=ORIENTED_EDGE('',*,*,#6752,.T.);
#8898=ORIENTED_EDGE('',*,*,#6753,.T.);
#8899=ORIENTED_EDGE('',*,*,#6754,.T.);
#8900=ORIENTED_EDGE('',*,*,#6755,.T.);
#8901=ORIENTED_EDGE('',*,*,#6756,.T.);
#8902=ORIENTED_EDGE('',*,*,#6757,.T.);
#8903=ORIENTED_EDGE('',*,*,#6758,.T.);
#8904=ORIENTED_EDGE('',*,*,#6759,.T.);
#8905=ORIENTED_EDGE('',*,*,#6760,.T.);
#8906=ORIENTED_EDGE('',*,*,#6761,.T.);
#8907=ORIENTED_EDGE('',*,*,#6762,.T.);
#8908=ORIENTED_EDGE('',*,*,#6763,.T.);
#8909=ORIENTED_EDGE('',*,*,#6764,.T.);
#8910=ORIENTED_EDGE('',*,*,#6765,.T.);
#8911=ORIENTED_EDGE('',*,*,#6766,.T.);
#8912=ORIENTED_EDGE('',*,*,#6767,.T.);
#8913=ORIENTED_EDGE('',*,*,#6768,.T.);
#8914=ORIENTED_EDGE('',*,*,#6769,.T.);
#8915=ORIENTED_EDGE('',*,*,#6770,.T.);
#8916=ORIENTED_EDGE('',*,*,#6771,.T.);
#8917=ORIENTED_EDGE('',*,*,#6772,.T.);
#8918=ORIENTED_EDGE('',*,*,#6773,.T.);
#8919=ORIENTED_EDGE('',*,*,#6774,.T.);
#8920=ORIENTED_EDGE('',*,*,#6775,.T.);
#8921=ORIENTED_EDGE('',*,*,#6776,.T.);
#8922=ORIENTED_EDGE('',*,*,#6777,.T.);
#8923=ORIENTED_EDGE('',*,*,#6778,.T.);
#8924=ORIENTED_EDGE('',*,*,#6779,.T.);
#8925=ORIENTED_EDGE('',*,*,#6780,.T.);
#8926=ORIENTED_EDGE('',*,*,#6511,.T.);
#8927=ORIENTED_EDGE('',*,*,#6515,.T.);
#8928=ORIENTED_EDGE('',*,*,#6518,.T.);
#8929=ORIENTED_EDGE('',*,*,#6521,.T.);
#8930=ORIENTED_EDGE('',*,*,#6524,.T.);
#8931=ORIENTED_EDGE('',*,*,#6527,.T.);
#8932=ORIENTED_EDGE('',*,*,#6530,.T.);
#8933=ORIENTED_EDGE('',*,*,#6533,.T.);
#8934=ORIENTED_EDGE('',*,*,#6781,.T.);
#8935=ORIENTED_EDGE('',*,*,#6782,.T.);
#8936=ORIENTED_EDGE('',*,*,#6783,.T.);
#8937=ORIENTED_EDGE('',*,*,#6784,.T.);
#8938=ORIENTED_EDGE('',*,*,#6785,.T.);
#8939=ORIENTED_EDGE('',*,*,#6786,.T.);
#8940=ORIENTED_EDGE('',*,*,#6787,.T.);
#8941=ORIENTED_EDGE('',*,*,#6788,.T.);
#8942=ORIENTED_EDGE('',*,*,#6789,.T.);
#8943=ORIENTED_EDGE('',*,*,#6790,.T.);
#8944=ORIENTED_EDGE('',*,*,#6791,.T.);
#8945=ORIENTED_EDGE('',*,*,#6792,.T.);
#8946=ORIENTED_EDGE('',*,*,#6793,.T.);
#8947=ORIENTED_EDGE('',*,*,#6794,.T.);
#8948=ORIENTED_EDGE('',*,*,#6795,.T.);
#8949=ORIENTED_EDGE('',*,*,#6796,.T.);
#8950=ORIENTED_EDGE('',*,*,#6797,.T.);
#8951=ORIENTED_EDGE('',*,*,#6798,.T.);
#8952=ORIENTED_EDGE('',*,*,#6799,.T.);
#8953=ORIENTED_EDGE('',*,*,#6800,.T.);
#8954=ORIENTED_EDGE('',*,*,#6801,.T.);
#8955=ORIENTED_EDGE('',*,*,#6802,.T.);
#8956=ORIENTED_EDGE('',*,*,#6803,.T.);
#8957=ORIENTED_EDGE('',*,*,#6804,.T.);
#8958=ORIENTED_EDGE('',*,*,#6805,.T.);
#8959=ORIENTED_EDGE('',*,*,#6806,.T.);
#8960=ORIENTED_EDGE('',*,*,#6807,.T.);
#8961=ORIENTED_EDGE('',*,*,#6808,.T.);
#8962=ORIENTED_EDGE('',*,*,#6809,.T.);
#8963=ORIENTED_EDGE('',*,*,#6810,.T.);
#8964=ORIENTED_EDGE('',*,*,#6811,.T.);
#8965=ORIENTED_EDGE('',*,*,#6812,.T.);
#8966=ORIENTED_EDGE('',*,*,#6487,.T.);
#8967=ORIENTED_EDGE('',*,*,#6491,.T.);
#8968=ORIENTED_EDGE('',*,*,#6494,.T.);
#8969=ORIENTED_EDGE('',*,*,#6497,.T.);
#8970=ORIENTED_EDGE('',*,*,#6500,.T.);
#8971=ORIENTED_EDGE('',*,*,#6503,.T.);
#8972=ORIENTED_EDGE('',*,*,#6506,.T.);
#8973=ORIENTED_EDGE('',*,*,#6509,.T.);
#8974=ORIENTED_EDGE('',*,*,#6813,.T.);
#8975=ORIENTED_EDGE('',*,*,#6814,.T.);
#8976=ORIENTED_EDGE('',*,*,#6815,.T.);
#8977=ORIENTED_EDGE('',*,*,#6816,.T.);
#8978=ORIENTED_EDGE('',*,*,#6817,.T.);
#8979=ORIENTED_EDGE('',*,*,#6818,.T.);
#8980=ORIENTED_EDGE('',*,*,#6819,.T.);
#8981=ORIENTED_EDGE('',*,*,#6820,.T.);
#8982=ORIENTED_EDGE('',*,*,#6821,.T.);
#8983=ORIENTED_EDGE('',*,*,#6822,.T.);
#8984=ORIENTED_EDGE('',*,*,#6823,.T.);
#8985=ORIENTED_EDGE('',*,*,#6824,.T.);
#8986=ORIENTED_EDGE('',*,*,#6825,.T.);
#8987=ORIENTED_EDGE('',*,*,#6826,.T.);
#8988=ORIENTED_EDGE('',*,*,#6827,.T.);
#8989=ORIENTED_EDGE('',*,*,#6828,.T.);
#8990=ORIENTED_EDGE('',*,*,#6829,.T.);
#8991=ORIENTED_EDGE('',*,*,#6830,.T.);
#8992=ORIENTED_EDGE('',*,*,#6831,.T.);
#8993=ORIENTED_EDGE('',*,*,#6832,.T.);
#8994=ORIENTED_EDGE('',*,*,#6833,.T.);
#8995=ORIENTED_EDGE('',*,*,#6834,.T.);
#8996=ORIENTED_EDGE('',*,*,#6835,.T.);
#8997=ORIENTED_EDGE('',*,*,#6836,.T.);
#8998=ORIENTED_EDGE('',*,*,#6837,.T.);
#8999=ORIENTED_EDGE('',*,*,#6838,.T.);
#9000=ORIENTED_EDGE('',*,*,#6839,.T.);
#9001=ORIENTED_EDGE('',*,*,#6840,.T.);
#9002=ORIENTED_EDGE('',*,*,#6841,.T.);
#9003=ORIENTED_EDGE('',*,*,#6842,.T.);
#9004=ORIENTED_EDGE('',*,*,#6843,.T.);
#9005=ORIENTED_EDGE('',*,*,#6844,.T.);
#9006=ORIENTED_EDGE('',*,*,#6463,.T.);
#9007=ORIENTED_EDGE('',*,*,#6467,.T.);
#9008=ORIENTED_EDGE('',*,*,#6470,.T.);
#9009=ORIENTED_EDGE('',*,*,#6473,.T.);
#9010=ORIENTED_EDGE('',*,*,#6476,.T.);
#9011=ORIENTED_EDGE('',*,*,#6479,.T.);
#9012=ORIENTED_EDGE('',*,*,#6482,.T.);
#9013=ORIENTED_EDGE('',*,*,#6485,.T.);
#9014=ORIENTED_EDGE('',*,*,#6845,.T.);
#9015=ORIENTED_EDGE('',*,*,#6846,.T.);
#9016=ORIENTED_EDGE('',*,*,#6847,.T.);
#9017=ORIENTED_EDGE('',*,*,#6848,.T.);
#9018=ORIENTED_EDGE('',*,*,#6849,.T.);
#9019=ORIENTED_EDGE('',*,*,#6850,.T.);
#9020=ORIENTED_EDGE('',*,*,#6851,.T.);
#9021=ORIENTED_EDGE('',*,*,#6852,.T.);
#9022=ORIENTED_EDGE('',*,*,#6853,.T.);
#9023=ORIENTED_EDGE('',*,*,#6854,.T.);
#9024=ORIENTED_EDGE('',*,*,#6855,.T.);
#9025=ORIENTED_EDGE('',*,*,#6856,.T.);
#9026=ORIENTED_EDGE('',*,*,#6857,.T.);
#9027=ORIENTED_EDGE('',*,*,#6858,.T.);
#9028=ORIENTED_EDGE('',*,*,#6859,.T.);
#9029=ORIENTED_EDGE('',*,*,#6860,.T.);
#9030=ORIENTED_EDGE('',*,*,#6861,.T.);
#9031=ORIENTED_EDGE('',*,*,#6862,.T.);
#9032=ORIENTED_EDGE('',*,*,#6863,.T.);
#9033=ORIENTED_EDGE('',*,*,#6864,.T.);
#9034=ORIENTED_EDGE('',*,*,#6865,.T.);
#9035=ORIENTED_EDGE('',*,*,#6866,.T.);
#9036=ORIENTED_EDGE('',*,*,#6867,.T.);
#9037=ORIENTED_EDGE('',*,*,#6868,.T.);
#9038=ORIENTED_EDGE('',*,*,#6869,.T.);
#9039=ORIENTED_EDGE('',*,*,#6870,.T.);
#9040=ORIENTED_EDGE('',*,*,#6871,.T.);
#9041=ORIENTED_EDGE('',*,*,#6872,.T.);
#9042=ORIENTED_EDGE('',*,*,#6873,.T.);
#9043=ORIENTED_EDGE('',*,*,#6874,.T.);
#9044=ORIENTED_EDGE('',*,*,#6875,.T.);
#9045=ORIENTED_EDGE('',*,*,#6876,.T.);
#9046=ORIENTED_EDGE('',*,*,#6877,.T.);
#9047=ORIENTED_EDGE('',*,*,#6878,.T.);
#9048=ORIENTED_EDGE('',*,*,#6879,.T.);
#9049=ORIENTED_EDGE('',*,*,#6880,.T.);
#9050=ORIENTED_EDGE('',*,*,#6881,.T.);
#9051=ORIENTED_EDGE('',*,*,#6882,.F.);
#9052=ORIENTED_EDGE('',*,*,#6883,.T.);
#9053=ORIENTED_EDGE('',*,*,#6884,.F.);
#9054=ORIENTED_EDGE('',*,*,#6885,.T.);
#9055=ORIENTED_EDGE('',*,*,#6886,.F.);
#9056=ORIENTED_EDGE('',*,*,#6887,.T.);
#9057=ORIENTED_EDGE('',*,*,#6888,.F.);
#9058=ORIENTED_EDGE('',*,*,#6889,.T.);
#9059=ORIENTED_EDGE('',*,*,#6890,.T.);
#9060=ORIENTED_EDGE('',*,*,#6891,.T.);
#9061=ORIENTED_EDGE('',*,*,#6892,.T.);
#9062=ORIENTED_EDGE('',*,*,#6893,.T.);
#9063=ORIENTED_EDGE('',*,*,#6894,.T.);
#9064=ORIENTED_EDGE('',*,*,#6895,.T.);
#9065=ORIENTED_EDGE('',*,*,#6896,.T.);
#9066=ORIENTED_EDGE('',*,*,#6897,.T.);
#9067=ORIENTED_EDGE('',*,*,#6898,.F.);
#9068=ORIENTED_EDGE('',*,*,#6899,.T.);
#9069=ORIENTED_EDGE('',*,*,#6900,.F.);
#9070=ORIENTED_EDGE('',*,*,#6901,.T.);
#9071=ORIENTED_EDGE('',*,*,#6902,.F.);
#9072=ORIENTED_EDGE('',*,*,#6903,.T.);
#9073=ORIENTED_EDGE('',*,*,#6904,.F.);
#9074=ORIENTED_EDGE('',*,*,#6905,.T.);
#9075=ORIENTED_EDGE('',*,*,#6906,.T.);
#9076=ORIENTED_EDGE('',*,*,#6907,.T.);
#9077=ORIENTED_EDGE('',*,*,#6908,.T.);
#9078=ORIENTED_EDGE('',*,*,#6909,.T.);
#9079=ORIENTED_EDGE('',*,*,#6910,.T.);
#9080=ORIENTED_EDGE('',*,*,#6911,.F.);
#9081=ORIENTED_EDGE('',*,*,#6912,.T.);
#9082=ORIENTED_EDGE('',*,*,#6913,.T.);
#9083=ORIENTED_EDGE('',*,*,#6914,.F.);
#9084=ORIENTED_EDGE('',*,*,#6915,.T.);
#9085=ORIENTED_EDGE('',*,*,#6916,.F.);
#9086=ORIENTED_EDGE('',*,*,#6917,.F.);
#9087=ORIENTED_EDGE('',*,*,#6918,.F.);
#9088=ORIENTED_EDGE('',*,*,#6919,.F.);
#9089=ORIENTED_EDGE('',*,*,#6920,.F.);
#9090=ORIENTED_EDGE('',*,*,#6921,.F.);
#9091=ORIENTED_EDGE('',*,*,#6922,.T.);
#9092=ORIENTED_EDGE('',*,*,#6923,.F.);
#9093=ORIENTED_EDGE('',*,*,#6924,.T.);
#9094=ORIENTED_EDGE('',*,*,#6925,.T.);
#9095=ORIENTED_EDGE('',*,*,#6926,.F.);
#9096=ORIENTED_EDGE('',*,*,#6927,.F.);
#9097=ORIENTED_EDGE('',*,*,#6661,.F.);
#9098=ORIENTED_EDGE('',*,*,#6928,.T.);
#9099=ORIENTED_EDGE('',*,*,#6929,.F.);
#9100=ORIENTED_EDGE('',*,*,#6930,.F.);
#9101=ORIENTED_EDGE('',*,*,#6668,.F.);
#9102=ORIENTED_EDGE('',*,*,#6931,.T.);
#9103=ORIENTED_EDGE('',*,*,#6932,.F.);
#9104=ORIENTED_EDGE('',*,*,#6933,.F.);
#9105=ORIENTED_EDGE('',*,*,#6664,.F.);
#9106=ORIENTED_EDGE('',*,*,#6934,.T.);
#9107=ORIENTED_EDGE('',*,*,#6935,.F.);
#9108=ORIENTED_EDGE('',*,*,#6936,.F.);
#9109=ORIENTED_EDGE('',*,*,#6937,.F.);
#9110=ORIENTED_EDGE('',*,*,#6938,.T.);
#9111=ORIENTED_EDGE('',*,*,#6939,.F.);
#9112=ORIENTED_EDGE('',*,*,#6940,.F.);
#9113=ORIENTED_EDGE('',*,*,#6909,.F.);
#9114=ORIENTED_EDGE('',*,*,#6941,.T.);
#9115=ORIENTED_EDGE('',*,*,#6942,.F.);
#9116=ORIENTED_EDGE('',*,*,#6931,.F.);
#9117=ORIENTED_EDGE('',*,*,#6663,.F.);
#9118=ORIENTED_EDGE('',*,*,#6927,.T.);
#9119=ORIENTED_EDGE('',*,*,#6943,.F.);
#9120=ORIENTED_EDGE('',*,*,#6934,.F.);
#9121=ORIENTED_EDGE('',*,*,#6662,.F.);
#9122=ORIENTED_EDGE('',*,*,#6944,.T.);
#9123=ORIENTED_EDGE('',*,*,#6945,.F.);
#9124=ORIENTED_EDGE('',*,*,#6925,.F.);
#9125=ORIENTED_EDGE('',*,*,#6660,.F.);
#9126=ORIENTED_EDGE('',*,*,#6946,.T.);
#9127=ORIENTED_EDGE('',*,*,#6947,.F.);
#9128=ORIENTED_EDGE('',*,*,#6944,.F.);
#9129=ORIENTED_EDGE('',*,*,#6659,.F.);
#9130=ORIENTED_EDGE('',*,*,#6930,.T.);
#9131=ORIENTED_EDGE('',*,*,#6948,.F.);
#9132=ORIENTED_EDGE('',*,*,#6949,.F.);
#9133=ORIENTED_EDGE('',*,*,#6877,.F.);
#9134=ORIENTED_EDGE('',*,*,#6950,.T.);
#9135=ORIENTED_EDGE('',*,*,#6951,.F.);
#9136=ORIENTED_EDGE('',*,*,#6952,.F.);
#9137=ORIENTED_EDGE('',*,*,#6893,.F.);
#9138=ORIENTED_EDGE('',*,*,#6953,.F.);
#9139=ORIENTED_EDGE('',*,*,#6954,.T.);
#9140=ORIENTED_EDGE('',*,*,#6955,.T.);
#9141=ORIENTED_EDGE('',*,*,#6658,.T.);
#9142=ORIENTED_EDGE('',*,*,#6666,.F.);
#9143=ORIENTED_EDGE('',*,*,#6956,.T.);
#9144=ORIENTED_EDGE('',*,*,#6957,.F.);
#9145=ORIENTED_EDGE('',*,*,#6928,.F.);
#9146=ORIENTED_EDGE('',*,*,#6667,.F.);
#9147=ORIENTED_EDGE('',*,*,#6656,.F.);
#9148=ORIENTED_EDGE('',*,*,#6655,.F.);
#9149=ORIENTED_EDGE('',*,*,#6955,.F.);
#9150=ORIENTED_EDGE('',*,*,#6958,.F.);
#9151=ORIENTED_EDGE('',*,*,#6956,.F.);
#9152=ORIENTED_EDGE('',*,*,#6937,.T.);
#9153=ORIENTED_EDGE('',*,*,#6959,.T.);
#9154=ORIENTED_EDGE('',*,*,#6960,.F.);
#9155=ORIENTED_EDGE('',*,*,#6961,.T.);
#9156=ORIENTED_EDGE('',*,*,#6962,.T.);
#9157=ORIENTED_EDGE('',*,*,#6963,.F.);
#9158=ORIENTED_EDGE('',*,*,#6964,.T.);
#9159=ORIENTED_EDGE('',*,*,#6965,.F.);
#9160=ORIENTED_EDGE('',*,*,#6966,.T.);
#9161=ORIENTED_EDGE('',*,*,#6967,.F.);
#9162=ORIENTED_EDGE('',*,*,#6968,.T.);
#9163=ORIENTED_EDGE('',*,*,#6969,.F.);
#9164=ORIENTED_EDGE('',*,*,#6970,.T.);
#9165=ORIENTED_EDGE('',*,*,#6971,.T.);
#9166=ORIENTED_EDGE('',*,*,#6972,.F.);
#9167=ORIENTED_EDGE('',*,*,#6973,.T.);
#9168=ORIENTED_EDGE('',*,*,#6974,.F.);
#9169=ORIENTED_EDGE('',*,*,#6975,.T.);
#9170=ORIENTED_EDGE('',*,*,#6164,.F.);
#9171=ORIENTED_EDGE('',*,*,#6976,.F.);
#9172=ORIENTED_EDGE('',*,*,#6977,.F.);
#9173=ORIENTED_EDGE('',*,*,#6978,.T.);
#9174=ORIENTED_EDGE('',*,*,#6165,.F.);
#9175=ORIENTED_EDGE('',*,*,#6975,.F.);
#9176=ORIENTED_EDGE('',*,*,#6979,.F.);
#9177=ORIENTED_EDGE('',*,*,#6980,.T.);
#9178=ORIENTED_EDGE('',*,*,#6381,.F.);
#9179=ORIENTED_EDGE('',*,*,#6981,.F.);
#9180=ORIENTED_EDGE('',*,*,#6982,.F.);
#9181=ORIENTED_EDGE('',*,*,#6983,.T.);
#9182=ORIENTED_EDGE('',*,*,#6382,.F.);
#9183=ORIENTED_EDGE('',*,*,#6980,.F.);
#9184=ORIENTED_EDGE('',*,*,#6984,.F.);
#9185=ORIENTED_EDGE('',*,*,#6985,.T.);
#9186=ORIENTED_EDGE('',*,*,#6185,.F.);
#9187=ORIENTED_EDGE('',*,*,#6986,.F.);
#9188=ORIENTED_EDGE('',*,*,#6987,.F.);
#9189=ORIENTED_EDGE('',*,*,#6988,.T.);
#9190=ORIENTED_EDGE('',*,*,#6186,.F.);
#9191=ORIENTED_EDGE('',*,*,#6985,.F.);
#9192=ORIENTED_EDGE('',*,*,#6989,.F.);
#9193=ORIENTED_EDGE('',*,*,#6990,.T.);
#9194=ORIENTED_EDGE('',*,*,#6361,.F.);
#9195=ORIENTED_EDGE('',*,*,#6991,.F.);
#9196=ORIENTED_EDGE('',*,*,#6992,.F.);
#9197=ORIENTED_EDGE('',*,*,#6991,.T.);
#9198=ORIENTED_EDGE('',*,*,#6360,.F.);
#9199=ORIENTED_EDGE('',*,*,#6993,.F.);
#9200=ORIENTED_EDGE('',*,*,#6994,.F.);
#9201=ORIENTED_EDGE('',*,*,#6995,.T.);
#9202=ORIENTED_EDGE('',*,*,#6173,.F.);
#9203=ORIENTED_EDGE('',*,*,#6112,.F.);
#9204=ORIENTED_EDGE('',*,*,#6996,.F.);
#9205=ORIENTED_EDGE('',*,*,#6997,.T.);
#9206=ORIENTED_EDGE('',*,*,#6342,.F.);
#9207=ORIENTED_EDGE('',*,*,#6104,.F.);
#9208=ORIENTED_EDGE('',*,*,#6998,.F.);
#9209=ORIENTED_EDGE('',*,*,#6999,.T.);
#9210=ORIENTED_EDGE('',*,*,#6200,.F.);
#9211=ORIENTED_EDGE('',*,*,#6120,.F.);
#9212=ORIENTED_EDGE('',*,*,#7000,.F.);
#9213=ORIENTED_EDGE('',*,*,#7001,.T.);
#9214=ORIENTED_EDGE('',*,*,#6369,.F.);
#9215=ORIENTED_EDGE('',*,*,#6096,.F.);
#9216=ORIENTED_EDGE('',*,*,#6926,.T.);
#9217=ORIENTED_EDGE('',*,*,#6945,.T.);
#9218=ORIENTED_EDGE('',*,*,#6947,.T.);
#9219=ORIENTED_EDGE('',*,*,#7002,.T.);
#9220=ORIENTED_EDGE('',*,*,#7003,.T.);
#9221=ORIENTED_EDGE('',*,*,#7004,.T.);
#9222=ORIENTED_EDGE('',*,*,#7005,.T.);
#9223=ORIENTED_EDGE('',*,*,#7006,.T.);
#9224=ORIENTED_EDGE('',*,*,#7007,.T.);
#9225=ORIENTED_EDGE('',*,*,#7008,.T.);
#9226=ORIENTED_EDGE('',*,*,#7009,.T.);
#9227=ORIENTED_EDGE('',*,*,#7010,.T.);
#9228=ORIENTED_EDGE('',*,*,#7011,.T.);
#9229=ORIENTED_EDGE('',*,*,#7012,.T.);
#9230=ORIENTED_EDGE('',*,*,#7013,.T.);
#9231=ORIENTED_EDGE('',*,*,#7014,.T.);
#9232=ORIENTED_EDGE('',*,*,#7015,.T.);
#9233=ORIENTED_EDGE('',*,*,#7016,.T.);
#9234=ORIENTED_EDGE('',*,*,#6951,.T.);
#9235=ORIENTED_EDGE('',*,*,#7017,.T.);
#9236=ORIENTED_EDGE('',*,*,#7018,.T.);
#9237=ORIENTED_EDGE('',*,*,#7019,.T.);
#9238=ORIENTED_EDGE('',*,*,#7020,.T.);
#9239=ORIENTED_EDGE('',*,*,#7021,.T.);
#9240=ORIENTED_EDGE('',*,*,#7022,.T.);
#9241=ORIENTED_EDGE('',*,*,#7023,.T.);
#9242=ORIENTED_EDGE('',*,*,#7024,.T.);
#9243=ORIENTED_EDGE('',*,*,#7025,.T.);
#9244=ORIENTED_EDGE('',*,*,#7026,.T.);
#9245=ORIENTED_EDGE('',*,*,#7027,.T.);
#9246=ORIENTED_EDGE('',*,*,#7028,.T.);
#9247=ORIENTED_EDGE('',*,*,#7029,.T.);
#9248=ORIENTED_EDGE('',*,*,#7030,.T.);
#9249=ORIENTED_EDGE('',*,*,#7031,.T.);
#9250=ORIENTED_EDGE('',*,*,#6948,.T.);
#9251=ORIENTED_EDGE('',*,*,#6929,.T.);
#9252=ORIENTED_EDGE('',*,*,#6957,.T.);
#9253=ORIENTED_EDGE('',*,*,#6958,.T.);
#9254=ORIENTED_EDGE('',*,*,#6954,.F.);
#9255=ORIENTED_EDGE('',*,*,#7032,.T.);
#9256=ORIENTED_EDGE('',*,*,#6932,.T.);
#9257=ORIENTED_EDGE('',*,*,#6942,.T.);
#9258=ORIENTED_EDGE('',*,*,#7033,.T.);
#9259=ORIENTED_EDGE('',*,*,#7034,.T.);
#9260=ORIENTED_EDGE('',*,*,#7035,.T.);
#9261=ORIENTED_EDGE('',*,*,#7036,.T.);
#9262=ORIENTED_EDGE('',*,*,#7037,.T.);
#9263=ORIENTED_EDGE('',*,*,#7038,.T.);
#9264=ORIENTED_EDGE('',*,*,#7039,.T.);
#9265=ORIENTED_EDGE('',*,*,#7040,.T.);
#9266=ORIENTED_EDGE('',*,*,#7041,.T.);
#9267=ORIENTED_EDGE('',*,*,#7042,.T.);
#9268=ORIENTED_EDGE('',*,*,#7043,.T.);
#9269=ORIENTED_EDGE('',*,*,#7044,.T.);
#9270=ORIENTED_EDGE('',*,*,#7045,.T.);
#9271=ORIENTED_EDGE('',*,*,#7046,.T.);
#9272=ORIENTED_EDGE('',*,*,#7047,.T.);
#9273=ORIENTED_EDGE('',*,*,#6939,.T.);
#9274=ORIENTED_EDGE('',*,*,#7048,.T.);
#9275=ORIENTED_EDGE('',*,*,#7049,.T.);
#9276=ORIENTED_EDGE('',*,*,#7050,.T.);
#9277=ORIENTED_EDGE('',*,*,#7051,.T.);
#9278=ORIENTED_EDGE('',*,*,#7052,.T.);
#9279=ORIENTED_EDGE('',*,*,#7053,.T.);
#9280=ORIENTED_EDGE('',*,*,#7054,.T.);
#9281=ORIENTED_EDGE('',*,*,#7055,.T.);
#9282=ORIENTED_EDGE('',*,*,#7056,.T.);
#9283=ORIENTED_EDGE('',*,*,#7057,.T.);
#9284=ORIENTED_EDGE('',*,*,#7058,.T.);
#9285=ORIENTED_EDGE('',*,*,#7059,.T.);
#9286=ORIENTED_EDGE('',*,*,#7060,.T.);
#9287=ORIENTED_EDGE('',*,*,#7061,.T.);
#9288=ORIENTED_EDGE('',*,*,#7062,.T.);
#9289=ORIENTED_EDGE('',*,*,#6935,.T.);
#9290=ORIENTED_EDGE('',*,*,#6943,.T.);
#9291=ORIENTED_EDGE('',*,*,#7063,.T.);
#9292=ORIENTED_EDGE('',*,*,#7064,.T.);
#9293=ORIENTED_EDGE('',*,*,#7065,.T.);
#9294=ORIENTED_EDGE('',*,*,#7066,.T.);
#9295=ORIENTED_EDGE('',*,*,#7067,.T.);
#9296=ORIENTED_EDGE('',*,*,#7068,.T.);
#9297=ORIENTED_EDGE('',*,*,#7069,.T.);
#9298=ORIENTED_EDGE('',*,*,#7070,.T.);
#9299=ORIENTED_EDGE('',*,*,#7071,.T.);
#9300=ORIENTED_EDGE('',*,*,#7072,.T.);
#9301=ORIENTED_EDGE('',*,*,#7073,.T.);
#9302=ORIENTED_EDGE('',*,*,#7074,.T.);
#9303=ORIENTED_EDGE('',*,*,#7075,.T.);
#9304=ORIENTED_EDGE('',*,*,#7076,.T.);
#9305=ORIENTED_EDGE('',*,*,#7077,.T.);
#9306=ORIENTED_EDGE('',*,*,#7078,.T.);
#9307=ORIENTED_EDGE('',*,*,#7079,.T.);
#9308=ORIENTED_EDGE('',*,*,#7080,.T.);
#9309=ORIENTED_EDGE('',*,*,#7081,.T.);
#9310=ORIENTED_EDGE('',*,*,#7082,.T.);
#9311=ORIENTED_EDGE('',*,*,#7083,.T.);
#9312=ORIENTED_EDGE('',*,*,#7084,.T.);
#9313=ORIENTED_EDGE('',*,*,#7085,.T.);
#9314=ORIENTED_EDGE('',*,*,#7086,.T.);
#9315=ORIENTED_EDGE('',*,*,#7087,.T.);
#9316=ORIENTED_EDGE('',*,*,#7088,.T.);
#9317=ORIENTED_EDGE('',*,*,#7089,.T.);
#9318=ORIENTED_EDGE('',*,*,#7090,.T.);
#9319=ORIENTED_EDGE('',*,*,#7091,.T.);
#9320=ORIENTED_EDGE('',*,*,#7092,.T.);
#9321=ORIENTED_EDGE('',*,*,#7093,.T.);
#9322=ORIENTED_EDGE('',*,*,#7094,.T.);
#9323=ORIENTED_EDGE('',*,*,#7095,.T.);
#9324=ORIENTED_EDGE('',*,*,#7096,.T.);
#9325=ORIENTED_EDGE('',*,*,#7097,.T.);
#9326=ORIENTED_EDGE('',*,*,#7098,.T.);
#9327=ORIENTED_EDGE('',*,*,#7099,.T.);
#9328=ORIENTED_EDGE('',*,*,#7100,.T.);
#9329=ORIENTED_EDGE('',*,*,#7101,.T.);
#9330=ORIENTED_EDGE('',*,*,#7102,.T.);
#9331=ORIENTED_EDGE('',*,*,#7103,.T.);
#9332=ORIENTED_EDGE('',*,*,#7104,.T.);
#9333=ORIENTED_EDGE('',*,*,#7105,.T.);
#9334=ORIENTED_EDGE('',*,*,#7106,.T.);
#9335=ORIENTED_EDGE('',*,*,#7107,.T.);
#9336=ORIENTED_EDGE('',*,*,#7108,.T.);
#9337=ORIENTED_EDGE('',*,*,#7109,.T.);
#9338=ORIENTED_EDGE('',*,*,#7110,.T.);
#9339=ORIENTED_EDGE('',*,*,#7111,.T.);
#9340=ORIENTED_EDGE('',*,*,#7112,.T.);
#9341=ORIENTED_EDGE('',*,*,#7113,.T.);
#9342=ORIENTED_EDGE('',*,*,#7114,.T.);
#9343=ORIENTED_EDGE('',*,*,#7115,.T.);
#9344=ORIENTED_EDGE('',*,*,#7116,.T.);
#9345=ORIENTED_EDGE('',*,*,#7117,.T.);
#9346=ORIENTED_EDGE('',*,*,#7118,.T.);
#9347=ORIENTED_EDGE('',*,*,#7119,.T.);
#9348=ORIENTED_EDGE('',*,*,#7120,.T.);
#9349=ORIENTED_EDGE('',*,*,#7121,.T.);
#9350=ORIENTED_EDGE('',*,*,#7122,.T.);
#9351=ORIENTED_EDGE('',*,*,#7123,.T.);
#9352=ORIENTED_EDGE('',*,*,#7124,.T.);
#9353=ORIENTED_EDGE('',*,*,#7125,.T.);
#9354=ORIENTED_EDGE('',*,*,#7126,.T.);
#9355=ORIENTED_EDGE('',*,*,#7127,.T.);
#9356=ORIENTED_EDGE('',*,*,#7128,.T.);
#9357=ORIENTED_EDGE('',*,*,#7129,.T.);
#9358=ORIENTED_EDGE('',*,*,#7130,.T.);
#9359=ORIENTED_EDGE('',*,*,#7131,.T.);
#9360=ORIENTED_EDGE('',*,*,#7132,.T.);
#9361=ORIENTED_EDGE('',*,*,#7133,.T.);
#9362=ORIENTED_EDGE('',*,*,#7134,.T.);
#9363=ORIENTED_EDGE('',*,*,#7135,.T.);
#9364=ORIENTED_EDGE('',*,*,#7136,.T.);
#9365=ORIENTED_EDGE('',*,*,#7137,.T.);
#9366=ORIENTED_EDGE('',*,*,#7138,.T.);
#9367=ORIENTED_EDGE('',*,*,#7139,.T.);
#9368=ORIENTED_EDGE('',*,*,#7140,.T.);
#9369=ORIENTED_EDGE('',*,*,#7141,.T.);
#9370=ORIENTED_EDGE('',*,*,#7142,.T.);
#9371=ORIENTED_EDGE('',*,*,#7143,.T.);
#9372=ORIENTED_EDGE('',*,*,#7144,.T.);
#9373=ORIENTED_EDGE('',*,*,#7145,.T.);
#9374=ORIENTED_EDGE('',*,*,#7146,.T.);
#9375=ORIENTED_EDGE('',*,*,#7147,.T.);
#9376=ORIENTED_EDGE('',*,*,#7148,.T.);
#9377=ORIENTED_EDGE('',*,*,#7149,.T.);
#9378=ORIENTED_EDGE('',*,*,#7150,.T.);
#9379=ORIENTED_EDGE('',*,*,#7151,.T.);
#9380=ORIENTED_EDGE('',*,*,#7152,.T.);
#9381=ORIENTED_EDGE('',*,*,#7153,.T.);
#9382=ORIENTED_EDGE('',*,*,#7154,.T.);
#9383=ORIENTED_EDGE('',*,*,#7155,.T.);
#9384=ORIENTED_EDGE('',*,*,#7156,.T.);
#9385=ORIENTED_EDGE('',*,*,#7157,.T.);
#9386=ORIENTED_EDGE('',*,*,#7158,.T.);
#9387=ORIENTED_EDGE('',*,*,#7159,.T.);
#9388=ORIENTED_EDGE('',*,*,#7160,.T.);
#9389=ORIENTED_EDGE('',*,*,#7161,.T.);
#9390=ORIENTED_EDGE('',*,*,#7162,.T.);
#9391=ORIENTED_EDGE('',*,*,#7163,.T.);
#9392=ORIENTED_EDGE('',*,*,#7164,.T.);
#9393=ORIENTED_EDGE('',*,*,#7165,.T.);
#9394=ORIENTED_EDGE('',*,*,#7166,.T.);
#9395=ORIENTED_EDGE('',*,*,#7167,.T.);
#9396=ORIENTED_EDGE('',*,*,#7168,.T.);
#9397=ORIENTED_EDGE('',*,*,#7169,.T.);
#9398=ORIENTED_EDGE('',*,*,#7170,.T.);
#9399=ORIENTED_EDGE('',*,*,#7171,.T.);
#9400=ORIENTED_EDGE('',*,*,#7172,.T.);
#9401=ORIENTED_EDGE('',*,*,#7173,.T.);
#9402=ORIENTED_EDGE('',*,*,#7174,.T.);
#9403=ORIENTED_EDGE('',*,*,#7175,.T.);
#9404=ORIENTED_EDGE('',*,*,#7176,.T.);
#9405=ORIENTED_EDGE('',*,*,#7177,.T.);
#9406=ORIENTED_EDGE('',*,*,#7178,.T.);
#9407=ORIENTED_EDGE('',*,*,#7179,.T.);
#9408=ORIENTED_EDGE('',*,*,#7180,.T.);
#9409=ORIENTED_EDGE('',*,*,#7181,.T.);
#9410=ORIENTED_EDGE('',*,*,#7182,.T.);
#9411=ORIENTED_EDGE('',*,*,#7183,.T.);
#9412=ORIENTED_EDGE('',*,*,#7184,.T.);
#9413=ORIENTED_EDGE('',*,*,#7185,.T.);
#9414=ORIENTED_EDGE('',*,*,#7186,.T.);
#9415=ORIENTED_EDGE('',*,*,#7187,.T.);
#9416=ORIENTED_EDGE('',*,*,#7188,.T.);
#9417=ORIENTED_EDGE('',*,*,#7189,.T.);
#9418=ORIENTED_EDGE('',*,*,#7190,.T.);
#9419=ORIENTED_EDGE('',*,*,#7191,.T.);
#9420=ORIENTED_EDGE('',*,*,#7192,.T.);
#9421=ORIENTED_EDGE('',*,*,#7193,.T.);
#9422=ORIENTED_EDGE('',*,*,#7194,.T.);
#9423=ORIENTED_EDGE('',*,*,#7195,.T.);
#9424=ORIENTED_EDGE('',*,*,#7196,.T.);
#9425=ORIENTED_EDGE('',*,*,#7197,.T.);
#9426=ORIENTED_EDGE('',*,*,#7198,.T.);
#9427=ORIENTED_EDGE('',*,*,#7199,.T.);
#9428=ORIENTED_EDGE('',*,*,#7200,.T.);
#9429=ORIENTED_EDGE('',*,*,#7201,.T.);
#9430=ORIENTED_EDGE('',*,*,#7202,.T.);
#9431=ORIENTED_EDGE('',*,*,#7203,.T.);
#9432=ORIENTED_EDGE('',*,*,#7204,.T.);
#9433=ORIENTED_EDGE('',*,*,#7205,.T.);
#9434=ORIENTED_EDGE('',*,*,#7206,.T.);
#9435=ORIENTED_EDGE('',*,*,#7207,.T.);
#9436=ORIENTED_EDGE('',*,*,#7208,.T.);
#9437=ORIENTED_EDGE('',*,*,#7209,.T.);
#9438=ORIENTED_EDGE('',*,*,#7210,.T.);
#9439=ORIENTED_EDGE('',*,*,#7211,.T.);
#9440=ORIENTED_EDGE('',*,*,#7212,.T.);
#9441=ORIENTED_EDGE('',*,*,#7213,.T.);
#9442=ORIENTED_EDGE('',*,*,#7214,.T.);
#9443=ORIENTED_EDGE('',*,*,#7215,.T.);
#9444=ORIENTED_EDGE('',*,*,#7216,.T.);
#9445=ORIENTED_EDGE('',*,*,#7217,.T.);
#9446=ORIENTED_EDGE('',*,*,#7218,.T.);
#9447=ORIENTED_EDGE('',*,*,#7219,.T.);
#9448=ORIENTED_EDGE('',*,*,#7220,.T.);
#9449=ORIENTED_EDGE('',*,*,#7221,.T.);
#9450=ORIENTED_EDGE('',*,*,#7222,.T.);
#9451=ORIENTED_EDGE('',*,*,#7223,.T.);
#9452=ORIENTED_EDGE('',*,*,#7224,.T.);
#9453=ORIENTED_EDGE('',*,*,#7225,.T.);
#9454=ORIENTED_EDGE('',*,*,#7226,.T.);
#9455=ORIENTED_EDGE('',*,*,#7227,.T.);
#9456=ORIENTED_EDGE('',*,*,#7228,.T.);
#9457=ORIENTED_EDGE('',*,*,#7229,.T.);
#9458=ORIENTED_EDGE('',*,*,#7230,.T.);
#9459=ORIENTED_EDGE('',*,*,#7231,.T.);
#9460=ORIENTED_EDGE('',*,*,#7232,.T.);
#9461=ORIENTED_EDGE('',*,*,#7233,.T.);
#9462=ORIENTED_EDGE('',*,*,#7234,.T.);
#9463=ORIENTED_EDGE('',*,*,#7235,.T.);
#9464=ORIENTED_EDGE('',*,*,#7236,.T.);
#9465=ORIENTED_EDGE('',*,*,#7237,.T.);
#9466=ORIENTED_EDGE('',*,*,#7238,.T.);
#9467=ORIENTED_EDGE('',*,*,#7239,.T.);
#9468=ORIENTED_EDGE('',*,*,#7240,.T.);
#9469=ORIENTED_EDGE('',*,*,#7241,.T.);
#9470=ORIENTED_EDGE('',*,*,#7242,.T.);
#9471=ORIENTED_EDGE('',*,*,#7243,.T.);
#9472=ORIENTED_EDGE('',*,*,#7244,.T.);
#9473=ORIENTED_EDGE('',*,*,#7245,.T.);
#9474=ORIENTED_EDGE('',*,*,#7246,.T.);
#9475=ORIENTED_EDGE('',*,*,#7247,.T.);
#9476=ORIENTED_EDGE('',*,*,#7248,.T.);
#9477=ORIENTED_EDGE('',*,*,#7249,.T.);
#9478=ORIENTED_EDGE('',*,*,#7250,.T.);
#9479=ORIENTED_EDGE('',*,*,#7251,.T.);
#9480=ORIENTED_EDGE('',*,*,#7252,.T.);
#9481=ORIENTED_EDGE('',*,*,#7253,.T.);
#9482=ORIENTED_EDGE('',*,*,#7254,.T.);
#9483=ORIENTED_EDGE('',*,*,#7255,.T.);
#9484=ORIENTED_EDGE('',*,*,#7256,.T.);
#9485=ORIENTED_EDGE('',*,*,#7257,.T.);
#9486=ORIENTED_EDGE('',*,*,#7258,.T.);
#9487=ORIENTED_EDGE('',*,*,#7259,.T.);
#9488=ORIENTED_EDGE('',*,*,#7260,.T.);
#9489=ORIENTED_EDGE('',*,*,#7261,.T.);
#9490=ORIENTED_EDGE('',*,*,#7262,.T.);
#9491=ORIENTED_EDGE('',*,*,#7263,.T.);
#9492=ORIENTED_EDGE('',*,*,#7264,.T.);
#9493=ORIENTED_EDGE('',*,*,#7265,.T.);
#9494=ORIENTED_EDGE('',*,*,#7266,.T.);
#9495=ORIENTED_EDGE('',*,*,#7267,.T.);
#9496=ORIENTED_EDGE('',*,*,#7268,.T.);
#9497=ORIENTED_EDGE('',*,*,#7269,.T.);
#9498=ORIENTED_EDGE('',*,*,#7270,.T.);
#9499=ORIENTED_EDGE('',*,*,#7271,.T.);
#9500=ORIENTED_EDGE('',*,*,#7272,.T.);
#9501=ORIENTED_EDGE('',*,*,#7273,.T.);
#9502=ORIENTED_EDGE('',*,*,#7274,.T.);
#9503=ORIENTED_EDGE('',*,*,#7275,.T.);
#9504=ORIENTED_EDGE('',*,*,#7276,.T.);
#9505=ORIENTED_EDGE('',*,*,#7277,.T.);
#9506=ORIENTED_EDGE('',*,*,#7278,.T.);
#9507=ORIENTED_EDGE('',*,*,#7279,.T.);
#9508=ORIENTED_EDGE('',*,*,#7280,.T.);
#9509=ORIENTED_EDGE('',*,*,#7281,.T.);
#9510=ORIENTED_EDGE('',*,*,#7282,.T.);
#9511=ORIENTED_EDGE('',*,*,#7283,.T.);
#9512=ORIENTED_EDGE('',*,*,#7284,.T.);
#9513=ORIENTED_EDGE('',*,*,#7285,.T.);
#9514=ORIENTED_EDGE('',*,*,#7286,.T.);
#9515=ORIENTED_EDGE('',*,*,#7287,.T.);
#9516=ORIENTED_EDGE('',*,*,#7288,.T.);
#9517=ORIENTED_EDGE('',*,*,#7289,.T.);
#9518=ORIENTED_EDGE('',*,*,#7290,.T.);
#9519=ORIENTED_EDGE('',*,*,#7291,.T.);
#9520=ORIENTED_EDGE('',*,*,#7292,.T.);
#9521=ORIENTED_EDGE('',*,*,#7293,.T.);
#9522=ORIENTED_EDGE('',*,*,#7294,.T.);
#9523=ORIENTED_EDGE('',*,*,#7295,.T.);
#9524=ORIENTED_EDGE('',*,*,#7296,.T.);
#9525=ORIENTED_EDGE('',*,*,#7297,.T.);
#9526=ORIENTED_EDGE('',*,*,#7298,.T.);
#9527=ORIENTED_EDGE('',*,*,#7299,.T.);
#9528=ORIENTED_EDGE('',*,*,#7300,.T.);
#9529=ORIENTED_EDGE('',*,*,#7301,.T.);
#9530=ORIENTED_EDGE('',*,*,#7302,.T.);
#9531=ORIENTED_EDGE('',*,*,#7303,.T.);
#9532=ORIENTED_EDGE('',*,*,#7304,.T.);
#9533=ORIENTED_EDGE('',*,*,#7305,.T.);
#9534=ORIENTED_EDGE('',*,*,#7306,.T.);
#9535=ORIENTED_EDGE('',*,*,#7307,.T.);
#9536=ORIENTED_EDGE('',*,*,#7308,.T.);
#9537=ORIENTED_EDGE('',*,*,#7309,.T.);
#9538=ORIENTED_EDGE('',*,*,#7310,.T.);
#9539=ORIENTED_EDGE('',*,*,#7311,.T.);
#9540=ORIENTED_EDGE('',*,*,#7312,.T.);
#9541=ORIENTED_EDGE('',*,*,#7313,.T.);
#9542=ORIENTED_EDGE('',*,*,#7314,.T.);
#9543=ORIENTED_EDGE('',*,*,#7315,.T.);
#9544=ORIENTED_EDGE('',*,*,#7316,.T.);
#9545=ORIENTED_EDGE('',*,*,#7317,.T.);
#9546=ORIENTED_EDGE('',*,*,#7318,.T.);
#9547=ORIENTED_EDGE('',*,*,#7319,.T.);
#9548=ORIENTED_EDGE('',*,*,#7320,.T.);
#9549=ORIENTED_EDGE('',*,*,#7321,.T.);
#9550=ORIENTED_EDGE('',*,*,#7322,.T.);
#9551=ORIENTED_EDGE('',*,*,#7323,.T.);
#9552=ORIENTED_EDGE('',*,*,#7324,.T.);
#9553=ORIENTED_EDGE('',*,*,#7325,.T.);
#9554=ORIENTED_EDGE('',*,*,#7326,.T.);
#9555=ORIENTED_EDGE('',*,*,#7327,.T.);
#9556=ORIENTED_EDGE('',*,*,#7328,.T.);
#9557=ORIENTED_EDGE('',*,*,#7329,.T.);
#9558=ORIENTED_EDGE('',*,*,#7330,.T.);
#9559=ORIENTED_EDGE('',*,*,#7331,.T.);
#9560=ORIENTED_EDGE('',*,*,#7332,.T.);
#9561=ORIENTED_EDGE('',*,*,#7333,.T.);
#9562=ORIENTED_EDGE('',*,*,#7334,.T.);
#9563=ORIENTED_EDGE('',*,*,#7335,.T.);
#9564=ORIENTED_EDGE('',*,*,#7336,.T.);
#9565=ORIENTED_EDGE('',*,*,#7337,.T.);
#9566=ORIENTED_EDGE('',*,*,#7338,.T.);
#9567=ORIENTED_EDGE('',*,*,#7339,.T.);
#9568=ORIENTED_EDGE('',*,*,#7340,.T.);
#9569=ORIENTED_EDGE('',*,*,#7341,.T.);
#9570=ORIENTED_EDGE('',*,*,#7342,.T.);
#9571=ORIENTED_EDGE('',*,*,#7343,.T.);
#9572=ORIENTED_EDGE('',*,*,#7344,.T.);
#9573=ORIENTED_EDGE('',*,*,#7345,.T.);
#9574=ORIENTED_EDGE('',*,*,#7346,.T.);
#9575=ORIENTED_EDGE('',*,*,#7347,.T.);
#9576=ORIENTED_EDGE('',*,*,#7348,.T.);
#9577=ORIENTED_EDGE('',*,*,#7349,.T.);
#9578=ORIENTED_EDGE('',*,*,#7350,.T.);
#9579=ORIENTED_EDGE('',*,*,#7351,.T.);
#9580=ORIENTED_EDGE('',*,*,#7352,.T.);
#9581=ORIENTED_EDGE('',*,*,#7353,.T.);
#9582=ORIENTED_EDGE('',*,*,#7354,.T.);
#9583=ORIENTED_EDGE('',*,*,#7355,.T.);
#9584=ORIENTED_EDGE('',*,*,#7356,.T.);
#9585=ORIENTED_EDGE('',*,*,#7357,.T.);
#9586=ORIENTED_EDGE('',*,*,#7358,.T.);
#9587=ORIENTED_EDGE('',*,*,#7359,.T.);
#9588=ORIENTED_EDGE('',*,*,#7360,.T.);
#9589=ORIENTED_EDGE('',*,*,#7361,.T.);
#9590=ORIENTED_EDGE('',*,*,#7362,.T.);
#9591=ORIENTED_EDGE('',*,*,#7363,.T.);
#9592=ORIENTED_EDGE('',*,*,#7364,.T.);
#9593=ORIENTED_EDGE('',*,*,#7365,.T.);
#9594=ORIENTED_EDGE('',*,*,#7366,.T.);
#9595=ORIENTED_EDGE('',*,*,#7367,.T.);
#9596=ORIENTED_EDGE('',*,*,#7368,.T.);
#9597=ORIENTED_EDGE('',*,*,#7369,.T.);
#9598=ORIENTED_EDGE('',*,*,#7370,.T.);
#9599=ORIENTED_EDGE('',*,*,#7371,.T.);
#9600=ORIENTED_EDGE('',*,*,#7372,.T.);
#9601=ORIENTED_EDGE('',*,*,#7373,.T.);
#9602=ORIENTED_EDGE('',*,*,#7374,.T.);
#9603=ORIENTED_EDGE('',*,*,#7375,.T.);
#9604=ORIENTED_EDGE('',*,*,#7376,.T.);
#9605=ORIENTED_EDGE('',*,*,#7377,.T.);
#9606=ORIENTED_EDGE('',*,*,#7378,.T.);
#9607=ORIENTED_EDGE('',*,*,#7379,.T.);
#9608=ORIENTED_EDGE('',*,*,#7380,.T.);
#9609=ORIENTED_EDGE('',*,*,#7381,.T.);
#9610=ORIENTED_EDGE('',*,*,#7382,.T.);
#9611=ORIENTED_EDGE('',*,*,#7383,.T.);
#9612=ORIENTED_EDGE('',*,*,#6982,.T.);
#9613=ORIENTED_EDGE('',*,*,#6979,.T.);
#9614=ORIENTED_EDGE('',*,*,#7384,.F.);
#9615=ORIENTED_EDGE('',*,*,#7385,.T.);
#9616=ORIENTED_EDGE('',*,*,#7386,.T.);
#9617=ORIENTED_EDGE('',*,*,#7387,.F.);
#9618=ORIENTED_EDGE('',*,*,#7388,.T.);
#9619=ORIENTED_EDGE('',*,*,#7389,.F.);
#9620=ORIENTED_EDGE('',*,*,#7390,.T.);
#9621=ORIENTED_EDGE('',*,*,#6091,.T.);
#9622=ORIENTED_EDGE('',*,*,#7391,.T.);
#9623=ORIENTED_EDGE('',*,*,#7392,.T.);
#9624=ORIENTED_EDGE('',*,*,#7393,.T.);
#9625=ORIENTED_EDGE('',*,*,#7394,.T.);
#9626=ORIENTED_EDGE('',*,*,#7000,.T.);
#9627=ORIENTED_EDGE('',*,*,#6095,.T.);
#9628=ORIENTED_EDGE('',*,*,#7395,.F.);
#9629=ORIENTED_EDGE('',*,*,#7396,.F.);
#9630=ORIENTED_EDGE('',*,*,#7397,.F.);
#9631=ORIENTED_EDGE('',*,*,#7398,.F.);
#9632=ORIENTED_EDGE('',*,*,#7399,.F.);
#9633=ORIENTED_EDGE('',*,*,#7400,.F.);
#9634=ORIENTED_EDGE('',*,*,#7401,.T.);
#9635=ORIENTED_EDGE('',*,*,#6989,.T.);
#9636=ORIENTED_EDGE('',*,*,#6992,.T.);
#9637=ORIENTED_EDGE('',*,*,#7402,.T.);
#9638=ORIENTED_EDGE('',*,*,#7403,.F.);
#9639=ORIENTED_EDGE('',*,*,#7404,.F.);
#9640=ORIENTED_EDGE('',*,*,#7405,.F.);
#9641=ORIENTED_EDGE('',*,*,#7406,.T.);
#9642=ORIENTED_EDGE('',*,*,#7407,.F.);
#9643=ORIENTED_EDGE('',*,*,#7408,.F.);
#9644=ORIENTED_EDGE('',*,*,#7409,.F.);
#9645=ORIENTED_EDGE('',*,*,#7410,.F.);
#9646=ORIENTED_EDGE('',*,*,#7411,.F.);
#9647=ORIENTED_EDGE('',*,*,#7412,.T.);
#9648=ORIENTED_EDGE('',*,*,#7413,.F.);
#9649=ORIENTED_EDGE('',*,*,#7414,.F.);
#9650=ORIENTED_EDGE('',*,*,#6099,.T.);
#9651=ORIENTED_EDGE('',*,*,#7415,.T.);
#9652=ORIENTED_EDGE('',*,*,#7416,.T.);
#9653=ORIENTED_EDGE('',*,*,#7417,.T.);
#9654=ORIENTED_EDGE('',*,*,#7418,.T.);
#9655=ORIENTED_EDGE('',*,*,#6996,.T.);
#9656=ORIENTED_EDGE('',*,*,#6103,.T.);
#9657=ORIENTED_EDGE('',*,*,#7419,.T.);
#9658=ORIENTED_EDGE('',*,*,#7420,.T.);
#9659=ORIENTED_EDGE('',*,*,#7421,.T.);
#9660=ORIENTED_EDGE('',*,*,#7422,.T.);
#9661=ORIENTED_EDGE('',*,*,#7423,.F.);
#9662=ORIENTED_EDGE('',*,*,#7424,.T.);
#9663=ORIENTED_EDGE('',*,*,#7425,.F.);
#9664=ORIENTED_EDGE('',*,*,#7426,.T.);
#9665=ORIENTED_EDGE('',*,*,#7427,.T.);
#9666=ORIENTED_EDGE('',*,*,#7428,.T.);
#9667=ORIENTED_EDGE('',*,*,#7429,.F.);
#9668=ORIENTED_EDGE('',*,*,#7430,.T.);
#9669=ORIENTED_EDGE('',*,*,#7431,.T.);
#9670=ORIENTED_EDGE('',*,*,#7432,.F.);
#9671=ORIENTED_EDGE('',*,*,#7433,.F.);
#9672=ORIENTED_EDGE('',*,*,#7434,.F.);
#9673=ORIENTED_EDGE('',*,*,#7435,.T.);
#9674=ORIENTED_EDGE('',*,*,#7436,.F.);
#9675=ORIENTED_EDGE('',*,*,#7437,.F.);
#9676=ORIENTED_EDGE('',*,*,#7438,.F.);
#9677=ORIENTED_EDGE('',*,*,#7439,.F.);
#9678=ORIENTED_EDGE('',*,*,#7440,.F.);
#9679=ORIENTED_EDGE('',*,*,#7441,.T.);
#9680=ORIENTED_EDGE('',*,*,#7442,.F.);
#9681=ORIENTED_EDGE('',*,*,#7443,.F.);
#9682=ORIENTED_EDGE('',*,*,#6115,.T.);
#9683=ORIENTED_EDGE('',*,*,#7444,.T.);
#9684=ORIENTED_EDGE('',*,*,#7445,.T.);
#9685=ORIENTED_EDGE('',*,*,#7446,.T.);
#9686=ORIENTED_EDGE('',*,*,#7447,.T.);
#9687=ORIENTED_EDGE('',*,*,#6998,.T.);
#9688=ORIENTED_EDGE('',*,*,#6119,.T.);
#9689=ORIENTED_EDGE('',*,*,#7448,.T.);
#9690=ORIENTED_EDGE('',*,*,#7449,.T.);
#9691=ORIENTED_EDGE('',*,*,#7450,.T.);
#9692=ORIENTED_EDGE('',*,*,#7451,.T.);
#9693=ORIENTED_EDGE('',*,*,#7452,.F.);
#9694=ORIENTED_EDGE('',*,*,#7453,.T.);
#9695=ORIENTED_EDGE('',*,*,#7454,.F.);
#9696=ORIENTED_EDGE('',*,*,#7455,.T.);
#9697=ORIENTED_EDGE('',*,*,#7456,.T.);
#9698=ORIENTED_EDGE('',*,*,#7457,.T.);
#9699=ORIENTED_EDGE('',*,*,#7458,.F.);
#9700=ORIENTED_EDGE('',*,*,#7459,.T.);
#9701=ORIENTED_EDGE('',*,*,#7460,.T.);
#9702=ORIENTED_EDGE('',*,*,#6987,.T.);
#9703=ORIENTED_EDGE('',*,*,#6984,.T.);
#9704=ORIENTED_EDGE('',*,*,#7461,.F.);
#9705=ORIENTED_EDGE('',*,*,#7462,.T.);
#9706=ORIENTED_EDGE('',*,*,#7463,.T.);
#9707=ORIENTED_EDGE('',*,*,#7464,.F.);
#9708=ORIENTED_EDGE('',*,*,#7465,.T.);
#9709=ORIENTED_EDGE('',*,*,#7466,.F.);
#9710=ORIENTED_EDGE('',*,*,#7467,.T.);
#9711=ORIENTED_EDGE('',*,*,#6107,.F.);
#9712=ORIENTED_EDGE('',*,*,#7468,.T.);
#9713=ORIENTED_EDGE('',*,*,#7469,.T.);
#9714=ORIENTED_EDGE('',*,*,#7470,.T.);
#9715=ORIENTED_EDGE('',*,*,#7471,.T.);
#9716=ORIENTED_EDGE('',*,*,#6994,.T.);
#9717=ORIENTED_EDGE('',*,*,#6111,.F.);
#9718=ORIENTED_EDGE('',*,*,#7472,.F.);
#9719=ORIENTED_EDGE('',*,*,#7473,.F.);
#9720=ORIENTED_EDGE('',*,*,#7474,.F.);
#9721=ORIENTED_EDGE('',*,*,#7475,.F.);
#9722=ORIENTED_EDGE('',*,*,#7476,.F.);
#9723=ORIENTED_EDGE('',*,*,#7477,.F.);
#9724=ORIENTED_EDGE('',*,*,#7478,.T.);
#9725=ORIENTED_EDGE('',*,*,#6977,.T.);
#9726=ORIENTED_EDGE('',*,*,#6974,.T.);
#9727=ORIENTED_EDGE('',*,*,#6380,.F.);
#9728=ORIENTED_EDGE('',*,*,#7479,.F.);
#9729=ORIENTED_EDGE('',*,*,#7384,.T.);
#9730=ORIENTED_EDGE('',*,*,#6981,.T.);
#9731=ORIENTED_EDGE('',*,*,#6359,.F.);
#9732=ORIENTED_EDGE('',*,*,#7480,.F.);
#9733=ORIENTED_EDGE('',*,*,#7402,.F.);
#9734=ORIENTED_EDGE('',*,*,#6993,.T.);
#9735=ORIENTED_EDGE('',*,*,#6184,.F.);
#9736=ORIENTED_EDGE('',*,*,#7481,.F.);
#9737=ORIENTED_EDGE('',*,*,#7461,.T.);
#9738=ORIENTED_EDGE('',*,*,#6986,.T.);
#9739=ORIENTED_EDGE('',*,*,#6163,.F.);
#9740=ORIENTED_EDGE('',*,*,#7482,.F.);
#9741=ORIENTED_EDGE('',*,*,#7431,.F.);
#9742=ORIENTED_EDGE('',*,*,#6976,.T.);
#9743=ORIENTED_EDGE('',*,*,#7403,.T.);
#9744=ORIENTED_EDGE('',*,*,#7480,.T.);
#9745=ORIENTED_EDGE('',*,*,#6358,.F.);
#9746=ORIENTED_EDGE('',*,*,#7483,.F.);
#9747=ORIENTED_EDGE('',*,*,#7404,.T.);
#9748=ORIENTED_EDGE('',*,*,#7483,.T.);
#9749=ORIENTED_EDGE('',*,*,#6357,.F.);
#9750=ORIENTED_EDGE('',*,*,#7484,.F.);
#9751=ORIENTED_EDGE('',*,*,#7405,.T.);
#9752=ORIENTED_EDGE('',*,*,#7484,.T.);
#9753=ORIENTED_EDGE('',*,*,#6356,.F.);
#9754=ORIENTED_EDGE('',*,*,#7485,.F.);
#9755=ORIENTED_EDGE('',*,*,#7406,.F.);
#9756=ORIENTED_EDGE('',*,*,#7485,.T.);
#9757=ORIENTED_EDGE('',*,*,#6355,.F.);
#9758=ORIENTED_EDGE('',*,*,#7486,.F.);
#9759=ORIENTED_EDGE('',*,*,#7407,.T.);
#9760=ORIENTED_EDGE('',*,*,#7486,.T.);
#9761=ORIENTED_EDGE('',*,*,#6354,.F.);
#9762=ORIENTED_EDGE('',*,*,#7487,.F.);
#9763=ORIENTED_EDGE('',*,*,#7408,.T.);
#9764=ORIENTED_EDGE('',*,*,#7487,.T.);
#9765=ORIENTED_EDGE('',*,*,#6353,.F.);
#9766=ORIENTED_EDGE('',*,*,#7488,.F.);
#9767=ORIENTED_EDGE('',*,*,#7409,.T.);
#9768=ORIENTED_EDGE('',*,*,#7488,.T.);
#9769=ORIENTED_EDGE('',*,*,#6352,.F.);
#9770=ORIENTED_EDGE('',*,*,#7489,.F.);
#9771=ORIENTED_EDGE('',*,*,#7410,.T.);
#9772=ORIENTED_EDGE('',*,*,#7489,.T.);
#9773=ORIENTED_EDGE('',*,*,#6351,.F.);
#9774=ORIENTED_EDGE('',*,*,#7490,.F.);
#9775=ORIENTED_EDGE('',*,*,#7411,.T.);
#9776=ORIENTED_EDGE('',*,*,#7490,.T.);
#9777=ORIENTED_EDGE('',*,*,#6350,.F.);
#9778=ORIENTED_EDGE('',*,*,#7491,.F.);
#9779=ORIENTED_EDGE('',*,*,#7412,.F.);
#9780=ORIENTED_EDGE('',*,*,#7491,.T.);
#9781=ORIENTED_EDGE('',*,*,#6349,.F.);
#9782=ORIENTED_EDGE('',*,*,#7492,.F.);
#9783=ORIENTED_EDGE('',*,*,#7413,.T.);
#9784=ORIENTED_EDGE('',*,*,#7492,.T.);
#9785=ORIENTED_EDGE('',*,*,#6348,.F.);
#9786=ORIENTED_EDGE('',*,*,#7493,.F.);
#9787=ORIENTED_EDGE('',*,*,#7414,.T.);
#9788=ORIENTED_EDGE('',*,*,#7493,.T.);
#9789=ORIENTED_EDGE('',*,*,#6347,.F.);
#9790=ORIENTED_EDGE('',*,*,#6100,.F.);
#9791=ORIENTED_EDGE('',*,*,#7419,.F.);
#9792=ORIENTED_EDGE('',*,*,#6106,.T.);
#9793=ORIENTED_EDGE('',*,*,#6341,.F.);
#9794=ORIENTED_EDGE('',*,*,#7494,.F.);
#9795=ORIENTED_EDGE('',*,*,#7420,.F.);
#9796=ORIENTED_EDGE('',*,*,#7494,.T.);
#9797=ORIENTED_EDGE('',*,*,#6340,.F.);
#9798=ORIENTED_EDGE('',*,*,#7495,.F.);
#9799=ORIENTED_EDGE('',*,*,#7421,.F.);
#9800=ORIENTED_EDGE('',*,*,#7495,.T.);
#9801=ORIENTED_EDGE('',*,*,#6339,.F.);
#9802=ORIENTED_EDGE('',*,*,#7496,.F.);
#9803=ORIENTED_EDGE('',*,*,#7422,.F.);
#9804=ORIENTED_EDGE('',*,*,#7496,.T.);
#9805=ORIENTED_EDGE('',*,*,#6338,.F.);
#9806=ORIENTED_EDGE('',*,*,#7497,.F.);
#9807=ORIENTED_EDGE('',*,*,#7423,.T.);
#9808=ORIENTED_EDGE('',*,*,#7497,.T.);
#9809=ORIENTED_EDGE('',*,*,#6337,.F.);
#9810=ORIENTED_EDGE('',*,*,#7498,.F.);
#9811=ORIENTED_EDGE('',*,*,#7424,.F.);
#9812=ORIENTED_EDGE('',*,*,#7498,.T.);
#9813=ORIENTED_EDGE('',*,*,#6336,.F.);
#9814=ORIENTED_EDGE('',*,*,#7499,.F.);
#9815=ORIENTED_EDGE('',*,*,#7425,.T.);
#9816=ORIENTED_EDGE('',*,*,#7499,.T.);
#9817=ORIENTED_EDGE('',*,*,#6335,.F.);
#9818=ORIENTED_EDGE('',*,*,#7500,.F.);
#9819=ORIENTED_EDGE('',*,*,#7426,.F.);
#9820=ORIENTED_EDGE('',*,*,#7500,.T.);
#9821=ORIENTED_EDGE('',*,*,#6334,.F.);
#9822=ORIENTED_EDGE('',*,*,#7501,.F.);
#9823=ORIENTED_EDGE('',*,*,#7427,.F.);
#9824=ORIENTED_EDGE('',*,*,#7501,.T.);
#9825=ORIENTED_EDGE('',*,*,#6333,.F.);
#9826=ORIENTED_EDGE('',*,*,#7502,.F.);
#9827=ORIENTED_EDGE('',*,*,#7428,.F.);
#9828=ORIENTED_EDGE('',*,*,#7502,.T.);
#9829=ORIENTED_EDGE('',*,*,#6332,.F.);
#9830=ORIENTED_EDGE('',*,*,#7503,.F.);
#9831=ORIENTED_EDGE('',*,*,#7429,.T.);
#9832=ORIENTED_EDGE('',*,*,#7503,.T.);
#9833=ORIENTED_EDGE('',*,*,#6331,.F.);
#9834=ORIENTED_EDGE('',*,*,#7504,.F.);
#9835=ORIENTED_EDGE('',*,*,#7430,.F.);
#9836=ORIENTED_EDGE('',*,*,#7504,.T.);
#9837=ORIENTED_EDGE('',*,*,#6330,.F.);
#9838=ORIENTED_EDGE('',*,*,#7505,.F.);
#9839=ORIENTED_EDGE('',*,*,#7383,.F.);
#9840=ORIENTED_EDGE('',*,*,#7505,.T.);
#9841=ORIENTED_EDGE('',*,*,#6329,.F.);
#9842=ORIENTED_EDGE('',*,*,#6983,.F.);
#9843=ORIENTED_EDGE('',*,*,#7385,.F.);
#9844=ORIENTED_EDGE('',*,*,#7479,.T.);
#9845=ORIENTED_EDGE('',*,*,#6379,.F.);
#9846=ORIENTED_EDGE('',*,*,#7506,.F.);
#9847=ORIENTED_EDGE('',*,*,#7386,.F.);
#9848=ORIENTED_EDGE('',*,*,#7506,.T.);
#9849=ORIENTED_EDGE('',*,*,#6378,.F.);
#9850=ORIENTED_EDGE('',*,*,#7507,.F.);
#9851=ORIENTED_EDGE('',*,*,#7387,.T.);
#9852=ORIENTED_EDGE('',*,*,#7507,.T.);
#9853=ORIENTED_EDGE('',*,*,#6377,.F.);
#9854=ORIENTED_EDGE('',*,*,#7508,.F.);
#9855=ORIENTED_EDGE('',*,*,#7388,.F.);
#9856=ORIENTED_EDGE('',*,*,#7508,.T.);
#9857=ORIENTED_EDGE('',*,*,#6376,.F.);
#9858=ORIENTED_EDGE('',*,*,#7509,.F.);
#9859=ORIENTED_EDGE('',*,*,#7389,.T.);
#9860=ORIENTED_EDGE('',*,*,#7509,.T.);
#9861=ORIENTED_EDGE('',*,*,#6375,.F.);
#9862=ORIENTED_EDGE('',*,*,#7510,.F.);
#9863=ORIENTED_EDGE('',*,*,#7390,.F.);
#9864=ORIENTED_EDGE('',*,*,#7510,.T.);
#9865=ORIENTED_EDGE('',*,*,#6374,.F.);
#9866=ORIENTED_EDGE('',*,*,#6092,.F.);
#9867=ORIENTED_EDGE('',*,*,#7395,.T.);
#9868=ORIENTED_EDGE('',*,*,#6098,.T.);
#9869=ORIENTED_EDGE('',*,*,#6368,.F.);
#9870=ORIENTED_EDGE('',*,*,#7511,.F.);
#9871=ORIENTED_EDGE('',*,*,#7396,.T.);
#9872=ORIENTED_EDGE('',*,*,#7511,.T.);
#9873=ORIENTED_EDGE('',*,*,#6367,.F.);
#9874=ORIENTED_EDGE('',*,*,#7512,.F.);
#9875=ORIENTED_EDGE('',*,*,#7397,.T.);
#9876=ORIENTED_EDGE('',*,*,#7512,.T.);
#9877=ORIENTED_EDGE('',*,*,#6366,.F.);
#9878=ORIENTED_EDGE('',*,*,#7513,.F.);
#9879=ORIENTED_EDGE('',*,*,#7398,.T.);
#9880=ORIENTED_EDGE('',*,*,#7513,.T.);
#9881=ORIENTED_EDGE('',*,*,#6365,.F.);
#9882=ORIENTED_EDGE('',*,*,#7514,.F.);
#9883=ORIENTED_EDGE('',*,*,#7399,.T.);
#9884=ORIENTED_EDGE('',*,*,#7514,.T.);
#9885=ORIENTED_EDGE('',*,*,#6364,.F.);
#9886=ORIENTED_EDGE('',*,*,#7515,.F.);
#9887=ORIENTED_EDGE('',*,*,#7400,.T.);
#9888=ORIENTED_EDGE('',*,*,#7515,.T.);
#9889=ORIENTED_EDGE('',*,*,#6363,.F.);
#9890=ORIENTED_EDGE('',*,*,#7516,.F.);
#9891=ORIENTED_EDGE('',*,*,#7401,.F.);
#9892=ORIENTED_EDGE('',*,*,#7516,.T.);
#9893=ORIENTED_EDGE('',*,*,#6362,.F.);
#9894=ORIENTED_EDGE('',*,*,#6990,.F.);
#9895=ORIENTED_EDGE('',*,*,#7448,.F.);
#9896=ORIENTED_EDGE('',*,*,#6122,.T.);
#9897=ORIENTED_EDGE('',*,*,#6199,.F.);
#9898=ORIENTED_EDGE('',*,*,#7517,.F.);
#9899=ORIENTED_EDGE('',*,*,#7449,.F.);
#9900=ORIENTED_EDGE('',*,*,#7517,.T.);
#9901=ORIENTED_EDGE('',*,*,#6198,.F.);
#9902=ORIENTED_EDGE('',*,*,#7518,.F.);
#9903=ORIENTED_EDGE('',*,*,#7450,.F.);
#9904=ORIENTED_EDGE('',*,*,#7518,.T.);
#9905=ORIENTED_EDGE('',*,*,#6197,.F.);
#9906=ORIENTED_EDGE('',*,*,#7519,.F.);
#9907=ORIENTED_EDGE('',*,*,#7451,.F.);
#9908=ORIENTED_EDGE('',*,*,#7519,.T.);
#9909=ORIENTED_EDGE('',*,*,#6196,.F.);
#9910=ORIENTED_EDGE('',*,*,#7520,.F.);
#9911=ORIENTED_EDGE('',*,*,#7452,.T.);
#9912=ORIENTED_EDGE('',*,*,#7520,.T.);
#9913=ORIENTED_EDGE('',*,*,#6195,.F.);
#9914=ORIENTED_EDGE('',*,*,#7521,.F.);
#9915=ORIENTED_EDGE('',*,*,#7453,.F.);
#9916=ORIENTED_EDGE('',*,*,#7521,.T.);
#9917=ORIENTED_EDGE('',*,*,#6194,.F.);
#9918=ORIENTED_EDGE('',*,*,#7522,.F.);
#9919=ORIENTED_EDGE('',*,*,#7454,.T.);
#9920=ORIENTED_EDGE('',*,*,#7522,.T.);
#9921=ORIENTED_EDGE('',*,*,#6193,.F.);
#9922=ORIENTED_EDGE('',*,*,#7523,.F.);
#9923=ORIENTED_EDGE('',*,*,#7455,.F.);
#9924=ORIENTED_EDGE('',*,*,#7523,.T.);
#9925=ORIENTED_EDGE('',*,*,#6192,.F.);
#9926=ORIENTED_EDGE('',*,*,#7524,.F.);
#9927=ORIENTED_EDGE('',*,*,#7456,.F.);
#9928=ORIENTED_EDGE('',*,*,#7524,.T.);
#9929=ORIENTED_EDGE('',*,*,#6191,.F.);
#9930=ORIENTED_EDGE('',*,*,#7525,.F.);
#9931=ORIENTED_EDGE('',*,*,#7457,.F.);
#9932=ORIENTED_EDGE('',*,*,#7525,.T.);
#9933=ORIENTED_EDGE('',*,*,#6190,.F.);
#9934=ORIENTED_EDGE('',*,*,#7526,.F.);
#9935=ORIENTED_EDGE('',*,*,#7458,.T.);
#9936=ORIENTED_EDGE('',*,*,#7526,.T.);
#9937=ORIENTED_EDGE('',*,*,#6189,.F.);
#9938=ORIENTED_EDGE('',*,*,#7527,.F.);
#9939=ORIENTED_EDGE('',*,*,#7459,.F.);
#9940=ORIENTED_EDGE('',*,*,#7527,.T.);
#9941=ORIENTED_EDGE('',*,*,#6188,.F.);
#9942=ORIENTED_EDGE('',*,*,#7528,.F.);
#9943=ORIENTED_EDGE('',*,*,#7460,.F.);
#9944=ORIENTED_EDGE('',*,*,#7528,.T.);
#9945=ORIENTED_EDGE('',*,*,#6187,.F.);
#9946=ORIENTED_EDGE('',*,*,#6988,.F.);
#9947=ORIENTED_EDGE('',*,*,#7462,.F.);
#9948=ORIENTED_EDGE('',*,*,#7481,.T.);
#9949=ORIENTED_EDGE('',*,*,#6183,.F.);
#9950=ORIENTED_EDGE('',*,*,#7529,.F.);
#9951=ORIENTED_EDGE('',*,*,#7463,.F.);
#9952=ORIENTED_EDGE('',*,*,#7529,.T.);
#9953=ORIENTED_EDGE('',*,*,#6182,.F.);
#9954=ORIENTED_EDGE('',*,*,#7530,.F.);
#9955=ORIENTED_EDGE('',*,*,#7464,.T.);
#9956=ORIENTED_EDGE('',*,*,#7530,.T.);
#9957=ORIENTED_EDGE('',*,*,#6181,.F.);
#9958=ORIENTED_EDGE('',*,*,#7531,.F.);
#9959=ORIENTED_EDGE('',*,*,#7465,.F.);
#9960=ORIENTED_EDGE('',*,*,#7531,.T.);
#9961=ORIENTED_EDGE('',*,*,#6180,.F.);
#9962=ORIENTED_EDGE('',*,*,#7532,.F.);
#9963=ORIENTED_EDGE('',*,*,#7466,.T.);
#9964=ORIENTED_EDGE('',*,*,#7532,.T.);
#9965=ORIENTED_EDGE('',*,*,#6179,.F.);
#9966=ORIENTED_EDGE('',*,*,#7533,.F.);
#9967=ORIENTED_EDGE('',*,*,#7467,.F.);
#9968=ORIENTED_EDGE('',*,*,#7533,.T.);
#9969=ORIENTED_EDGE('',*,*,#6178,.F.);
#9970=ORIENTED_EDGE('',*,*,#6108,.F.);
#9971=ORIENTED_EDGE('',*,*,#7472,.T.);
#9972=ORIENTED_EDGE('',*,*,#6114,.T.);
#9973=ORIENTED_EDGE('',*,*,#6172,.F.);
#9974=ORIENTED_EDGE('',*,*,#7534,.F.);
#9975=ORIENTED_EDGE('',*,*,#7473,.T.);
#9976=ORIENTED_EDGE('',*,*,#7534,.T.);
#9977=ORIENTED_EDGE('',*,*,#6171,.F.);
#9978=ORIENTED_EDGE('',*,*,#7535,.F.);
#9979=ORIENTED_EDGE('',*,*,#7474,.T.);
#9980=ORIENTED_EDGE('',*,*,#7535,.T.);
#9981=ORIENTED_EDGE('',*,*,#6170,.F.);
#9982=ORIENTED_EDGE('',*,*,#7536,.F.);
#9983=ORIENTED_EDGE('',*,*,#7475,.T.);
#9984=ORIENTED_EDGE('',*,*,#7536,.T.);
#9985=ORIENTED_EDGE('',*,*,#6169,.F.);
#9986=ORIENTED_EDGE('',*,*,#7537,.F.);
#9987=ORIENTED_EDGE('',*,*,#7476,.T.);
#9988=ORIENTED_EDGE('',*,*,#7537,.T.);
#9989=ORIENTED_EDGE('',*,*,#6168,.F.);
#9990=ORIENTED_EDGE('',*,*,#7538,.F.);
#9991=ORIENTED_EDGE('',*,*,#7477,.T.);
#9992=ORIENTED_EDGE('',*,*,#7538,.T.);
#9993=ORIENTED_EDGE('',*,*,#6167,.F.);
#9994=ORIENTED_EDGE('',*,*,#7539,.F.);
#9995=ORIENTED_EDGE('',*,*,#7478,.F.);
#9996=ORIENTED_EDGE('',*,*,#7539,.T.);
#9997=ORIENTED_EDGE('',*,*,#6166,.F.);
#9998=ORIENTED_EDGE('',*,*,#6978,.F.);
#9999=ORIENTED_EDGE('',*,*,#7432,.T.);
#10000=ORIENTED_EDGE('',*,*,#7482,.T.);
#10001=ORIENTED_EDGE('',*,*,#6216,.F.);
#10002=ORIENTED_EDGE('',*,*,#7540,.F.);
#10003=ORIENTED_EDGE('',*,*,#7433,.T.);
#10004=ORIENTED_EDGE('',*,*,#7540,.T.);
#10005=ORIENTED_EDGE('',*,*,#6215,.F.);
#10006=ORIENTED_EDGE('',*,*,#7541,.F.);
#10007=ORIENTED_EDGE('',*,*,#7434,.T.);
#10008=ORIENTED_EDGE('',*,*,#7541,.T.);
#10009=ORIENTED_EDGE('',*,*,#6214,.F.);
#10010=ORIENTED_EDGE('',*,*,#7542,.F.);
#10011=ORIENTED_EDGE('',*,*,#7435,.F.);
#10012=ORIENTED_EDGE('',*,*,#7542,.T.);
#10013=ORIENTED_EDGE('',*,*,#6213,.F.);
#10014=ORIENTED_EDGE('',*,*,#7543,.F.);
#10015=ORIENTED_EDGE('',*,*,#7436,.T.);
#10016=ORIENTED_EDGE('',*,*,#7543,.T.);
#10017=ORIENTED_EDGE('',*,*,#6212,.F.);
#10018=ORIENTED_EDGE('',*,*,#7544,.F.);
#10019=ORIENTED_EDGE('',*,*,#7437,.T.);
#10020=ORIENTED_EDGE('',*,*,#7544,.T.);
#10021=ORIENTED_EDGE('',*,*,#6211,.F.);
#10022=ORIENTED_EDGE('',*,*,#7545,.F.);
#10023=ORIENTED_EDGE('',*,*,#7438,.T.);
#10024=ORIENTED_EDGE('',*,*,#7545,.T.);
#10025=ORIENTED_EDGE('',*,*,#6210,.F.);
#10026=ORIENTED_EDGE('',*,*,#7546,.F.);
#10027=ORIENTED_EDGE('',*,*,#7439,.T.);
#10028=ORIENTED_EDGE('',*,*,#7546,.T.);
#10029=ORIENTED_EDGE('',*,*,#6209,.F.);
#10030=ORIENTED_EDGE('',*,*,#7547,.F.);
#10031=ORIENTED_EDGE('',*,*,#7440,.T.);
#10032=ORIENTED_EDGE('',*,*,#7547,.T.);
#10033=ORIENTED_EDGE('',*,*,#6208,.F.);
#10034=ORIENTED_EDGE('',*,*,#7548,.F.);
#10035=ORIENTED_EDGE('',*,*,#7441,.F.);
#10036=ORIENTED_EDGE('',*,*,#7548,.T.);
#10037=ORIENTED_EDGE('',*,*,#6207,.F.);
#10038=ORIENTED_EDGE('',*,*,#7549,.F.);
#10039=ORIENTED_EDGE('',*,*,#7442,.T.);
#10040=ORIENTED_EDGE('',*,*,#7549,.T.);
#10041=ORIENTED_EDGE('',*,*,#6206,.F.);
#10042=ORIENTED_EDGE('',*,*,#7550,.F.);
#10043=ORIENTED_EDGE('',*,*,#7443,.T.);
#10044=ORIENTED_EDGE('',*,*,#7550,.T.);
#10045=ORIENTED_EDGE('',*,*,#6205,.F.);
#10046=ORIENTED_EDGE('',*,*,#6116,.F.);
#10047=ORIENTED_EDGE('',*,*,#6373,.F.);
#10048=ORIENTED_EDGE('',*,*,#7551,.F.);
#10049=ORIENTED_EDGE('',*,*,#7391,.F.);
#10050=ORIENTED_EDGE('',*,*,#6094,.T.);
#10051=ORIENTED_EDGE('',*,*,#6177,.F.);
#10052=ORIENTED_EDGE('',*,*,#7552,.F.);
#10053=ORIENTED_EDGE('',*,*,#7468,.F.);
#10054=ORIENTED_EDGE('',*,*,#6110,.T.);
#10055=ORIENTED_EDGE('',*,*,#7375,.F.);
#10056=ORIENTED_EDGE('',*,*,#7553,.T.);
#10057=ORIENTED_EDGE('',*,*,#6869,.F.);
#10058=ORIENTED_EDGE('',*,*,#7554,.F.);
#10059=ORIENTED_EDGE('',*,*,#7382,.F.);
#10060=ORIENTED_EDGE('',*,*,#7555,.T.);
#10061=ORIENTED_EDGE('',*,*,#6870,.F.);
#10062=ORIENTED_EDGE('',*,*,#7553,.F.);
#10063=ORIENTED_EDGE('',*,*,#7381,.F.);
#10064=ORIENTED_EDGE('',*,*,#7556,.T.);
#10065=ORIENTED_EDGE('',*,*,#6871,.F.);
#10066=ORIENTED_EDGE('',*,*,#7555,.F.);
#10067=ORIENTED_EDGE('',*,*,#7380,.F.);
#10068=ORIENTED_EDGE('',*,*,#7557,.T.);
#10069=ORIENTED_EDGE('',*,*,#6872,.F.);
#10070=ORIENTED_EDGE('',*,*,#7556,.F.);
#10071=ORIENTED_EDGE('',*,*,#7379,.F.);
#10072=ORIENTED_EDGE('',*,*,#7558,.T.);
#10073=ORIENTED_EDGE('',*,*,#6873,.F.);
#10074=ORIENTED_EDGE('',*,*,#7557,.F.);
#10075=ORIENTED_EDGE('',*,*,#7378,.F.);
#10076=ORIENTED_EDGE('',*,*,#7559,.T.);
#10077=ORIENTED_EDGE('',*,*,#6874,.F.);
#10078=ORIENTED_EDGE('',*,*,#7558,.F.);
#10079=ORIENTED_EDGE('',*,*,#7377,.F.);
#10080=ORIENTED_EDGE('',*,*,#7560,.T.);
#10081=ORIENTED_EDGE('',*,*,#6875,.F.);
#10082=ORIENTED_EDGE('',*,*,#7559,.F.);
#10083=ORIENTED_EDGE('',*,*,#7376,.F.);
#10084=ORIENTED_EDGE('',*,*,#7554,.T.);
#10085=ORIENTED_EDGE('',*,*,#6876,.F.);
#10086=ORIENTED_EDGE('',*,*,#7560,.F.);
#10087=ORIENTED_EDGE('',*,*,#7367,.F.);
#10088=ORIENTED_EDGE('',*,*,#7561,.T.);
#10089=ORIENTED_EDGE('',*,*,#6321,.F.);
#10090=ORIENTED_EDGE('',*,*,#7562,.F.);
#10091=ORIENTED_EDGE('',*,*,#7374,.F.);
#10092=ORIENTED_EDGE('',*,*,#7563,.T.);
#10093=ORIENTED_EDGE('',*,*,#6322,.F.);
#10094=ORIENTED_EDGE('',*,*,#7561,.F.);
#10095=ORIENTED_EDGE('',*,*,#7373,.F.);
#10096=ORIENTED_EDGE('',*,*,#7564,.T.);
#10097=ORIENTED_EDGE('',*,*,#6323,.F.);
#10098=ORIENTED_EDGE('',*,*,#7563,.F.);
#10099=ORIENTED_EDGE('',*,*,#7372,.F.);
#10100=ORIENTED_EDGE('',*,*,#7565,.T.);
#10101=ORIENTED_EDGE('',*,*,#6324,.F.);
#10102=ORIENTED_EDGE('',*,*,#7564,.F.);
#10103=ORIENTED_EDGE('',*,*,#7371,.F.);
#10104=ORIENTED_EDGE('',*,*,#7566,.T.);
#10105=ORIENTED_EDGE('',*,*,#6325,.F.);
#10106=ORIENTED_EDGE('',*,*,#7565,.F.);
#10107=ORIENTED_EDGE('',*,*,#7370,.F.);
#10108=ORIENTED_EDGE('',*,*,#7567,.T.);
#10109=ORIENTED_EDGE('',*,*,#6326,.F.);
#10110=ORIENTED_EDGE('',*,*,#7566,.F.);
#10111=ORIENTED_EDGE('',*,*,#7369,.F.);
#10112=ORIENTED_EDGE('',*,*,#7568,.T.);
#10113=ORIENTED_EDGE('',*,*,#6327,.F.);
#10114=ORIENTED_EDGE('',*,*,#7567,.F.);
#10115=ORIENTED_EDGE('',*,*,#7368,.F.);
#10116=ORIENTED_EDGE('',*,*,#7562,.T.);
#10117=ORIENTED_EDGE('',*,*,#6328,.F.);
#10118=ORIENTED_EDGE('',*,*,#7568,.F.);
#10119=ORIENTED_EDGE('',*,*,#7359,.F.);
#10120=ORIENTED_EDGE('',*,*,#7569,.T.);
#10121=ORIENTED_EDGE('',*,*,#6685,.F.);
#10122=ORIENTED_EDGE('',*,*,#7570,.F.);
#10123=ORIENTED_EDGE('',*,*,#7366,.F.);
#10124=ORIENTED_EDGE('',*,*,#7571,.T.);
#10125=ORIENTED_EDGE('',*,*,#6686,.F.);
#10126=ORIENTED_EDGE('',*,*,#7569,.F.);
#10127=ORIENTED_EDGE('',*,*,#7365,.F.);
#10128=ORIENTED_EDGE('',*,*,#7572,.T.);
#10129=ORIENTED_EDGE('',*,*,#6687,.F.);
#10130=ORIENTED_EDGE('',*,*,#7571,.F.);
#10131=ORIENTED_EDGE('',*,*,#7364,.F.);
#10132=ORIENTED_EDGE('',*,*,#7573,.T.);
#10133=ORIENTED_EDGE('',*,*,#6688,.F.);
#10134=ORIENTED_EDGE('',*,*,#7572,.F.);
#10135=ORIENTED_EDGE('',*,*,#7363,.F.);
#10136=ORIENTED_EDGE('',*,*,#7574,.T.);
#10137=ORIENTED_EDGE('',*,*,#6689,.F.);
#10138=ORIENTED_EDGE('',*,*,#7573,.F.);
#10139=ORIENTED_EDGE('',*,*,#7362,.F.);
#10140=ORIENTED_EDGE('',*,*,#7575,.T.);
#10141=ORIENTED_EDGE('',*,*,#6690,.F.);
#10142=ORIENTED_EDGE('',*,*,#7574,.F.);
#10143=ORIENTED_EDGE('',*,*,#7361,.F.);
#10144=ORIENTED_EDGE('',*,*,#7576,.T.);
#10145=ORIENTED_EDGE('',*,*,#6691,.F.);
#10146=ORIENTED_EDGE('',*,*,#7575,.F.);
#10147=ORIENTED_EDGE('',*,*,#7360,.F.);
#10148=ORIENTED_EDGE('',*,*,#7570,.T.);
#10149=ORIENTED_EDGE('',*,*,#6692,.F.);
#10150=ORIENTED_EDGE('',*,*,#7576,.F.);
#10151=ORIENTED_EDGE('',*,*,#7351,.F.);
#10152=ORIENTED_EDGE('',*,*,#7577,.T.);
#10153=ORIENTED_EDGE('',*,*,#6313,.F.);
#10154=ORIENTED_EDGE('',*,*,#7578,.F.);
#10155=ORIENTED_EDGE('',*,*,#7358,.F.);
#10156=ORIENTED_EDGE('',*,*,#7579,.T.);
#10157=ORIENTED_EDGE('',*,*,#6314,.F.);
#10158=ORIENTED_EDGE('',*,*,#7577,.F.);
#10159=ORIENTED_EDGE('',*,*,#7357,.F.);
#10160=ORIENTED_EDGE('',*,*,#7580,.T.);
#10161=ORIENTED_EDGE('',*,*,#6315,.F.);
#10162=ORIENTED_EDGE('',*,*,#7579,.F.);
#10163=ORIENTED_EDGE('',*,*,#7356,.F.);
#10164=ORIENTED_EDGE('',*,*,#7581,.T.);
#10165=ORIENTED_EDGE('',*,*,#6316,.F.);
#10166=ORIENTED_EDGE('',*,*,#7580,.F.);
#10167=ORIENTED_EDGE('',*,*,#7355,.F.);
#10168=ORIENTED_EDGE('',*,*,#7582,.T.);
#10169=ORIENTED_EDGE('',*,*,#6317,.F.);
#10170=ORIENTED_EDGE('',*,*,#7581,.F.);
#10171=ORIENTED_EDGE('',*,*,#7354,.F.);
#10172=ORIENTED_EDGE('',*,*,#7583,.T.);
#10173=ORIENTED_EDGE('',*,*,#6318,.F.);
#10174=ORIENTED_EDGE('',*,*,#7582,.F.);
#10175=ORIENTED_EDGE('',*,*,#7353,.F.);
#10176=ORIENTED_EDGE('',*,*,#7584,.T.);
#10177=ORIENTED_EDGE('',*,*,#6319,.F.);
#10178=ORIENTED_EDGE('',*,*,#7583,.F.);
#10179=ORIENTED_EDGE('',*,*,#7352,.F.);
#10180=ORIENTED_EDGE('',*,*,#7578,.T.);
#10181=ORIENTED_EDGE('',*,*,#6320,.F.);
#10182=ORIENTED_EDGE('',*,*,#7584,.F.);
#10183=ORIENTED_EDGE('',*,*,#7343,.F.);
#10184=ORIENTED_EDGE('',*,*,#7585,.T.);
#10185=ORIENTED_EDGE('',*,*,#6813,.F.);
#10186=ORIENTED_EDGE('',*,*,#7586,.F.);
#10187=ORIENTED_EDGE('',*,*,#7350,.F.);
#10188=ORIENTED_EDGE('',*,*,#7587,.T.);
#10189=ORIENTED_EDGE('',*,*,#6814,.F.);
#10190=ORIENTED_EDGE('',*,*,#7585,.F.);
#10191=ORIENTED_EDGE('',*,*,#7349,.F.);
#10192=ORIENTED_EDGE('',*,*,#7588,.T.);
#10193=ORIENTED_EDGE('',*,*,#6815,.F.);
#10194=ORIENTED_EDGE('',*,*,#7587,.F.);
#10195=ORIENTED_EDGE('',*,*,#7348,.F.);
#10196=ORIENTED_EDGE('',*,*,#7589,.T.);
#10197=ORIENTED_EDGE('',*,*,#6816,.F.);
#10198=ORIENTED_EDGE('',*,*,#7588,.F.);
#10199=ORIENTED_EDGE('',*,*,#7347,.F.);
#10200=ORIENTED_EDGE('',*,*,#7590,.T.);
#10201=ORIENTED_EDGE('',*,*,#6817,.F.);
#10202=ORIENTED_EDGE('',*,*,#7589,.F.);
#10203=ORIENTED_EDGE('',*,*,#7346,.F.);
#10204=ORIENTED_EDGE('',*,*,#7591,.T.);
#10205=ORIENTED_EDGE('',*,*,#6818,.F.);
#10206=ORIENTED_EDGE('',*,*,#7590,.F.);
#10207=ORIENTED_EDGE('',*,*,#7345,.F.);
#10208=ORIENTED_EDGE('',*,*,#7592,.T.);
#10209=ORIENTED_EDGE('',*,*,#6819,.F.);
#10210=ORIENTED_EDGE('',*,*,#7591,.F.);
#10211=ORIENTED_EDGE('',*,*,#7344,.F.);
#10212=ORIENTED_EDGE('',*,*,#7586,.T.);
#10213=ORIENTED_EDGE('',*,*,#6820,.F.);
#10214=ORIENTED_EDGE('',*,*,#7592,.F.);
#10215=ORIENTED_EDGE('',*,*,#7335,.F.);
#10216=ORIENTED_EDGE('',*,*,#7593,.T.);
#10217=ORIENTED_EDGE('',*,*,#6741,.F.);
#10218=ORIENTED_EDGE('',*,*,#7594,.F.);
#10219=ORIENTED_EDGE('',*,*,#7342,.F.);
#10220=ORIENTED_EDGE('',*,*,#7595,.T.);
#10221=ORIENTED_EDGE('',*,*,#6742,.F.);
#10222=ORIENTED_EDGE('',*,*,#7593,.F.);
#10223=ORIENTED_EDGE('',*,*,#7341,.F.);
#10224=ORIENTED_EDGE('',*,*,#7596,.T.);
#10225=ORIENTED_EDGE('',*,*,#6743,.F.);
#10226=ORIENTED_EDGE('',*,*,#7595,.F.);
#10227=ORIENTED_EDGE('',*,*,#7340,.F.);
#10228=ORIENTED_EDGE('',*,*,#7597,.T.);
#10229=ORIENTED_EDGE('',*,*,#6744,.F.);
#10230=ORIENTED_EDGE('',*,*,#7596,.F.);
#10231=ORIENTED_EDGE('',*,*,#7339,.F.);
#10232=ORIENTED_EDGE('',*,*,#7598,.T.);
#10233=ORIENTED_EDGE('',*,*,#6745,.F.);
#10234=ORIENTED_EDGE('',*,*,#7597,.F.);
#10235=ORIENTED_EDGE('',*,*,#7338,.F.);
#10236=ORIENTED_EDGE('',*,*,#7599,.T.);
#10237=ORIENTED_EDGE('',*,*,#6746,.F.);
#10238=ORIENTED_EDGE('',*,*,#7598,.F.);
#10239=ORIENTED_EDGE('',*,*,#7337,.F.);
#10240=ORIENTED_EDGE('',*,*,#7600,.T.);
#10241=ORIENTED_EDGE('',*,*,#6747,.F.);
#10242=ORIENTED_EDGE('',*,*,#7599,.F.);
#10243=ORIENTED_EDGE('',*,*,#7336,.F.);
#10244=ORIENTED_EDGE('',*,*,#7594,.T.);
#10245=ORIENTED_EDGE('',*,*,#6748,.F.);
#10246=ORIENTED_EDGE('',*,*,#7600,.F.);
#10247=ORIENTED_EDGE('',*,*,#7327,.F.);
#10248=ORIENTED_EDGE('',*,*,#7601,.T.);
#10249=ORIENTED_EDGE('',*,*,#6305,.F.);
#10250=ORIENTED_EDGE('',*,*,#7602,.F.);
#10251=ORIENTED_EDGE('',*,*,#7334,.F.);
#10252=ORIENTED_EDGE('',*,*,#7603,.T.);
#10253=ORIENTED_EDGE('',*,*,#6306,.F.);
#10254=ORIENTED_EDGE('',*,*,#7601,.F.);
#10255=ORIENTED_EDGE('',*,*,#7333,.F.);
#10256=ORIENTED_EDGE('',*,*,#7604,.T.);
#10257=ORIENTED_EDGE('',*,*,#6307,.F.);
#10258=ORIENTED_EDGE('',*,*,#7603,.F.);
#10259=ORIENTED_EDGE('',*,*,#7332,.F.);
#10260=ORIENTED_EDGE('',*,*,#7605,.T.);
#10261=ORIENTED_EDGE('',*,*,#6308,.F.);
#10262=ORIENTED_EDGE('',*,*,#7604,.F.);
#10263=ORIENTED_EDGE('',*,*,#7331,.F.);
#10264=ORIENTED_EDGE('',*,*,#7606,.T.);
#10265=ORIENTED_EDGE('',*,*,#6309,.F.);
#10266=ORIENTED_EDGE('',*,*,#7605,.F.);
#10267=ORIENTED_EDGE('',*,*,#7330,.F.);
#10268=ORIENTED_EDGE('',*,*,#7607,.T.);
#10269=ORIENTED_EDGE('',*,*,#6310,.F.);
#10270=ORIENTED_EDGE('',*,*,#7606,.F.);
#10271=ORIENTED_EDGE('',*,*,#7329,.F.);
#10272=ORIENTED_EDGE('',*,*,#7608,.T.);
#10273=ORIENTED_EDGE('',*,*,#6311,.F.);
#10274=ORIENTED_EDGE('',*,*,#7607,.F.);
#10275=ORIENTED_EDGE('',*,*,#7328,.F.);
#10276=ORIENTED_EDGE('',*,*,#7602,.T.);
#10277=ORIENTED_EDGE('',*,*,#6312,.F.);
#10278=ORIENTED_EDGE('',*,*,#7608,.F.);
#10279=ORIENTED_EDGE('',*,*,#7319,.F.);
#10280=ORIENTED_EDGE('',*,*,#7609,.T.);
#10281=ORIENTED_EDGE('',*,*,#6749,.F.);
#10282=ORIENTED_EDGE('',*,*,#7610,.F.);
#10283=ORIENTED_EDGE('',*,*,#7326,.F.);
#10284=ORIENTED_EDGE('',*,*,#7611,.T.);
#10285=ORIENTED_EDGE('',*,*,#6750,.F.);
#10286=ORIENTED_EDGE('',*,*,#7609,.F.);
#10287=ORIENTED_EDGE('',*,*,#7325,.F.);
#10288=ORIENTED_EDGE('',*,*,#7612,.T.);
#10289=ORIENTED_EDGE('',*,*,#6751,.F.);
#10290=ORIENTED_EDGE('',*,*,#7611,.F.);
#10291=ORIENTED_EDGE('',*,*,#7324,.F.);
#10292=ORIENTED_EDGE('',*,*,#7613,.T.);
#10293=ORIENTED_EDGE('',*,*,#6752,.F.);
#10294=ORIENTED_EDGE('',*,*,#7612,.F.);
#10295=ORIENTED_EDGE('',*,*,#7323,.F.);
#10296=ORIENTED_EDGE('',*,*,#7614,.T.);
#10297=ORIENTED_EDGE('',*,*,#6753,.F.);
#10298=ORIENTED_EDGE('',*,*,#7613,.F.);
#10299=ORIENTED_EDGE('',*,*,#7322,.F.);
#10300=ORIENTED_EDGE('',*,*,#7615,.T.);
#10301=ORIENTED_EDGE('',*,*,#6754,.F.);
#10302=ORIENTED_EDGE('',*,*,#7614,.F.);
#10303=ORIENTED_EDGE('',*,*,#7321,.F.);
#10304=ORIENTED_EDGE('',*,*,#7616,.T.);
#10305=ORIENTED_EDGE('',*,*,#6755,.F.);
#10306=ORIENTED_EDGE('',*,*,#7615,.F.);
#10307=ORIENTED_EDGE('',*,*,#7320,.F.);
#10308=ORIENTED_EDGE('',*,*,#7610,.T.);
#10309=ORIENTED_EDGE('',*,*,#6756,.F.);
#10310=ORIENTED_EDGE('',*,*,#7616,.F.);
#10311=ORIENTED_EDGE('',*,*,#7311,.F.);
#10312=ORIENTED_EDGE('',*,*,#7617,.T.);
#10313=ORIENTED_EDGE('',*,*,#6297,.F.);
#10314=ORIENTED_EDGE('',*,*,#7618,.F.);
#10315=ORIENTED_EDGE('',*,*,#7318,.F.);
#10316=ORIENTED_EDGE('',*,*,#7619,.T.);
#10317=ORIENTED_EDGE('',*,*,#6298,.F.);
#10318=ORIENTED_EDGE('',*,*,#7617,.F.);
#10319=ORIENTED_EDGE('',*,*,#7317,.F.);
#10320=ORIENTED_EDGE('',*,*,#7620,.T.);
#10321=ORIENTED_EDGE('',*,*,#6299,.F.);
#10322=ORIENTED_EDGE('',*,*,#7619,.F.);
#10323=ORIENTED_EDGE('',*,*,#7316,.F.);
#10324=ORIENTED_EDGE('',*,*,#7621,.T.);
#10325=ORIENTED_EDGE('',*,*,#6300,.F.);
#10326=ORIENTED_EDGE('',*,*,#7620,.F.);
#10327=ORIENTED_EDGE('',*,*,#7315,.F.);
#10328=ORIENTED_EDGE('',*,*,#7622,.T.);
#10329=ORIENTED_EDGE('',*,*,#6301,.F.);
#10330=ORIENTED_EDGE('',*,*,#7621,.F.);
#10331=ORIENTED_EDGE('',*,*,#7314,.F.);
#10332=ORIENTED_EDGE('',*,*,#7623,.T.);
#10333=ORIENTED_EDGE('',*,*,#6302,.F.);
#10334=ORIENTED_EDGE('',*,*,#7622,.F.);
#10335=ORIENTED_EDGE('',*,*,#7313,.F.);
#10336=ORIENTED_EDGE('',*,*,#7624,.T.);
#10337=ORIENTED_EDGE('',*,*,#6303,.F.);
#10338=ORIENTED_EDGE('',*,*,#7623,.F.);
#10339=ORIENTED_EDGE('',*,*,#7312,.F.);
#10340=ORIENTED_EDGE('',*,*,#7618,.T.);
#10341=ORIENTED_EDGE('',*,*,#6304,.F.);
#10342=ORIENTED_EDGE('',*,*,#7624,.F.);
#10343=ORIENTED_EDGE('',*,*,#7303,.F.);
#10344=ORIENTED_EDGE('',*,*,#7625,.T.);
#10345=ORIENTED_EDGE('',*,*,#6289,.F.);
#10346=ORIENTED_EDGE('',*,*,#7626,.F.);
#10347=ORIENTED_EDGE('',*,*,#7310,.F.);
#10348=ORIENTED_EDGE('',*,*,#7627,.T.);
#10349=ORIENTED_EDGE('',*,*,#6290,.F.);
#10350=ORIENTED_EDGE('',*,*,#7625,.F.);
#10351=ORIENTED_EDGE('',*,*,#7309,.F.);
#10352=ORIENTED_EDGE('',*,*,#7628,.T.);
#10353=ORIENTED_EDGE('',*,*,#6291,.F.);
#10354=ORIENTED_EDGE('',*,*,#7627,.F.);
#10355=ORIENTED_EDGE('',*,*,#7308,.F.);
#10356=ORIENTED_EDGE('',*,*,#7629,.T.);
#10357=ORIENTED_EDGE('',*,*,#6292,.F.);
#10358=ORIENTED_EDGE('',*,*,#7628,.F.);
#10359=ORIENTED_EDGE('',*,*,#7307,.F.);
#10360=ORIENTED_EDGE('',*,*,#7630,.T.);
#10361=ORIENTED_EDGE('',*,*,#6293,.F.);
#10362=ORIENTED_EDGE('',*,*,#7629,.F.);
#10363=ORIENTED_EDGE('',*,*,#7306,.F.);
#10364=ORIENTED_EDGE('',*,*,#7631,.T.);
#10365=ORIENTED_EDGE('',*,*,#6294,.F.);
#10366=ORIENTED_EDGE('',*,*,#7630,.F.);
#10367=ORIENTED_EDGE('',*,*,#7305,.F.);
#10368=ORIENTED_EDGE('',*,*,#7632,.T.);
#10369=ORIENTED_EDGE('',*,*,#6295,.F.);
#10370=ORIENTED_EDGE('',*,*,#7631,.F.);
#10371=ORIENTED_EDGE('',*,*,#7304,.F.);
#10372=ORIENTED_EDGE('',*,*,#7626,.T.);
#10373=ORIENTED_EDGE('',*,*,#6296,.F.);
#10374=ORIENTED_EDGE('',*,*,#7632,.F.);
#10375=ORIENTED_EDGE('',*,*,#7295,.F.);
#10376=ORIENTED_EDGE('',*,*,#7633,.T.);
#10377=ORIENTED_EDGE('',*,*,#6281,.F.);
#10378=ORIENTED_EDGE('',*,*,#7634,.F.);
#10379=ORIENTED_EDGE('',*,*,#7302,.F.);
#10380=ORIENTED_EDGE('',*,*,#7635,.T.);
#10381=ORIENTED_EDGE('',*,*,#6282,.F.);
#10382=ORIENTED_EDGE('',*,*,#7633,.F.);
#10383=ORIENTED_EDGE('',*,*,#7301,.F.);
#10384=ORIENTED_EDGE('',*,*,#7636,.T.);
#10385=ORIENTED_EDGE('',*,*,#6283,.F.);
#10386=ORIENTED_EDGE('',*,*,#7635,.F.);
#10387=ORIENTED_EDGE('',*,*,#7300,.F.);
#10388=ORIENTED_EDGE('',*,*,#7637,.T.);
#10389=ORIENTED_EDGE('',*,*,#6284,.F.);
#10390=ORIENTED_EDGE('',*,*,#7636,.F.);
#10391=ORIENTED_EDGE('',*,*,#7299,.F.);
#10392=ORIENTED_EDGE('',*,*,#7638,.T.);
#10393=ORIENTED_EDGE('',*,*,#6285,.F.);
#10394=ORIENTED_EDGE('',*,*,#7637,.F.);
#10395=ORIENTED_EDGE('',*,*,#7298,.F.);
#10396=ORIENTED_EDGE('',*,*,#7639,.T.);
#10397=ORIENTED_EDGE('',*,*,#6286,.F.);
#10398=ORIENTED_EDGE('',*,*,#7638,.F.);
#10399=ORIENTED_EDGE('',*,*,#7297,.F.);
#10400=ORIENTED_EDGE('',*,*,#7640,.T.);
#10401=ORIENTED_EDGE('',*,*,#6287,.F.);
#10402=ORIENTED_EDGE('',*,*,#7639,.F.);
#10403=ORIENTED_EDGE('',*,*,#7296,.F.);
#10404=ORIENTED_EDGE('',*,*,#7634,.T.);
#10405=ORIENTED_EDGE('',*,*,#6288,.F.);
#10406=ORIENTED_EDGE('',*,*,#7640,.F.);
#10407=ORIENTED_EDGE('',*,*,#7287,.F.);
#10408=ORIENTED_EDGE('',*,*,#7641,.T.);
#10409=ORIENTED_EDGE('',*,*,#6677,.F.);
#10410=ORIENTED_EDGE('',*,*,#7642,.F.);
#10411=ORIENTED_EDGE('',*,*,#7294,.F.);
#10412=ORIENTED_EDGE('',*,*,#7643,.T.);
#10413=ORIENTED_EDGE('',*,*,#6678,.F.);
#10414=ORIENTED_EDGE('',*,*,#7641,.F.);
#10415=ORIENTED_EDGE('',*,*,#7293,.F.);
#10416=ORIENTED_EDGE('',*,*,#7644,.T.);
#10417=ORIENTED_EDGE('',*,*,#6679,.F.);
#10418=ORIENTED_EDGE('',*,*,#7643,.F.);
#10419=ORIENTED_EDGE('',*,*,#7292,.F.);
#10420=ORIENTED_EDGE('',*,*,#7645,.T.);
#10421=ORIENTED_EDGE('',*,*,#6680,.F.);
#10422=ORIENTED_EDGE('',*,*,#7644,.F.);
#10423=ORIENTED_EDGE('',*,*,#7291,.F.);
#10424=ORIENTED_EDGE('',*,*,#7646,.T.);
#10425=ORIENTED_EDGE('',*,*,#6681,.F.);
#10426=ORIENTED_EDGE('',*,*,#7645,.F.);
#10427=ORIENTED_EDGE('',*,*,#7290,.F.);
#10428=ORIENTED_EDGE('',*,*,#7647,.T.);
#10429=ORIENTED_EDGE('',*,*,#6682,.F.);
#10430=ORIENTED_EDGE('',*,*,#7646,.F.);
#10431=ORIENTED_EDGE('',*,*,#7289,.F.);
#10432=ORIENTED_EDGE('',*,*,#7648,.T.);
#10433=ORIENTED_EDGE('',*,*,#6683,.F.);
#10434=ORIENTED_EDGE('',*,*,#7647,.F.);
#10435=ORIENTED_EDGE('',*,*,#7288,.F.);
#10436=ORIENTED_EDGE('',*,*,#7642,.T.);
#10437=ORIENTED_EDGE('',*,*,#6684,.F.);
#10438=ORIENTED_EDGE('',*,*,#7648,.F.);
#10439=ORIENTED_EDGE('',*,*,#7279,.F.);
#10440=ORIENTED_EDGE('',*,*,#7649,.T.);
#10441=ORIENTED_EDGE('',*,*,#6273,.F.);
#10442=ORIENTED_EDGE('',*,*,#7650,.F.);
#10443=ORIENTED_EDGE('',*,*,#7286,.F.);
#10444=ORIENTED_EDGE('',*,*,#7651,.T.);
#10445=ORIENTED_EDGE('',*,*,#6274,.F.);
#10446=ORIENTED_EDGE('',*,*,#7649,.F.);
#10447=ORIENTED_EDGE('',*,*,#7285,.F.);
#10448=ORIENTED_EDGE('',*,*,#7652,.T.);
#10449=ORIENTED_EDGE('',*,*,#6275,.F.);
#10450=ORIENTED_EDGE('',*,*,#7651,.F.);
#10451=ORIENTED_EDGE('',*,*,#7284,.F.);
#10452=ORIENTED_EDGE('',*,*,#7653,.T.);
#10453=ORIENTED_EDGE('',*,*,#6276,.F.);
#10454=ORIENTED_EDGE('',*,*,#7652,.F.);
#10455=ORIENTED_EDGE('',*,*,#7283,.F.);
#10456=ORIENTED_EDGE('',*,*,#7654,.T.);
#10457=ORIENTED_EDGE('',*,*,#6277,.F.);
#10458=ORIENTED_EDGE('',*,*,#7653,.F.);
#10459=ORIENTED_EDGE('',*,*,#7282,.F.);
#10460=ORIENTED_EDGE('',*,*,#7655,.T.);
#10461=ORIENTED_EDGE('',*,*,#6278,.F.);
#10462=ORIENTED_EDGE('',*,*,#7654,.F.);
#10463=ORIENTED_EDGE('',*,*,#7281,.F.);
#10464=ORIENTED_EDGE('',*,*,#7656,.T.);
#10465=ORIENTED_EDGE('',*,*,#6279,.F.);
#10466=ORIENTED_EDGE('',*,*,#7655,.F.);
#10467=ORIENTED_EDGE('',*,*,#7280,.F.);
#10468=ORIENTED_EDGE('',*,*,#7650,.T.);
#10469=ORIENTED_EDGE('',*,*,#6280,.F.);
#10470=ORIENTED_EDGE('',*,*,#7656,.F.);
#10471=ORIENTED_EDGE('',*,*,#7271,.F.);
#10472=ORIENTED_EDGE('',*,*,#7657,.T.);
#10473=ORIENTED_EDGE('',*,*,#6805,.F.);
#10474=ORIENTED_EDGE('',*,*,#7658,.F.);
#10475=ORIENTED_EDGE('',*,*,#7278,.F.);
#10476=ORIENTED_EDGE('',*,*,#7659,.T.);
#10477=ORIENTED_EDGE('',*,*,#6806,.F.);
#10478=ORIENTED_EDGE('',*,*,#7657,.F.);
#10479=ORIENTED_EDGE('',*,*,#7277,.F.);
#10480=ORIENTED_EDGE('',*,*,#7660,.T.);
#10481=ORIENTED_EDGE('',*,*,#6807,.F.);
#10482=ORIENTED_EDGE('',*,*,#7659,.F.);
#10483=ORIENTED_EDGE('',*,*,#7276,.F.);
#10484=ORIENTED_EDGE('',*,*,#7661,.T.);
#10485=ORIENTED_EDGE('',*,*,#6808,.F.);
#10486=ORIENTED_EDGE('',*,*,#7660,.F.);
#10487=ORIENTED_EDGE('',*,*,#7275,.F.);
#10488=ORIENTED_EDGE('',*,*,#7662,.T.);
#10489=ORIENTED_EDGE('',*,*,#6809,.F.);
#10490=ORIENTED_EDGE('',*,*,#7661,.F.);
#10491=ORIENTED_EDGE('',*,*,#7274,.F.);
#10492=ORIENTED_EDGE('',*,*,#7663,.T.);
#10493=ORIENTED_EDGE('',*,*,#6810,.F.);
#10494=ORIENTED_EDGE('',*,*,#7662,.F.);
#10495=ORIENTED_EDGE('',*,*,#7273,.F.);
#10496=ORIENTED_EDGE('',*,*,#7664,.T.);
#10497=ORIENTED_EDGE('',*,*,#6811,.F.);
#10498=ORIENTED_EDGE('',*,*,#7663,.F.);
#10499=ORIENTED_EDGE('',*,*,#7272,.F.);
#10500=ORIENTED_EDGE('',*,*,#7658,.T.);
#10501=ORIENTED_EDGE('',*,*,#6812,.F.);
#10502=ORIENTED_EDGE('',*,*,#7664,.F.);
#10503=ORIENTED_EDGE('',*,*,#7263,.F.);
#10504=ORIENTED_EDGE('',*,*,#7665,.T.);
#10505=ORIENTED_EDGE('',*,*,#6265,.F.);
#10506=ORIENTED_EDGE('',*,*,#7666,.F.);
#10507=ORIENTED_EDGE('',*,*,#7270,.F.);
#10508=ORIENTED_EDGE('',*,*,#7667,.T.);
#10509=ORIENTED_EDGE('',*,*,#6266,.F.);
#10510=ORIENTED_EDGE('',*,*,#7665,.F.);
#10511=ORIENTED_EDGE('',*,*,#7269,.F.);
#10512=ORIENTED_EDGE('',*,*,#7668,.T.);
#10513=ORIENTED_EDGE('',*,*,#6267,.F.);
#10514=ORIENTED_EDGE('',*,*,#7667,.F.);
#10515=ORIENTED_EDGE('',*,*,#7268,.F.);
#10516=ORIENTED_EDGE('',*,*,#7669,.T.);
#10517=ORIENTED_EDGE('',*,*,#6268,.F.);
#10518=ORIENTED_EDGE('',*,*,#7668,.F.);
#10519=ORIENTED_EDGE('',*,*,#7267,.F.);
#10520=ORIENTED_EDGE('',*,*,#7670,.T.);
#10521=ORIENTED_EDGE('',*,*,#6269,.F.);
#10522=ORIENTED_EDGE('',*,*,#7669,.F.);
#10523=ORIENTED_EDGE('',*,*,#7266,.F.);
#10524=ORIENTED_EDGE('',*,*,#7671,.T.);
#10525=ORIENTED_EDGE('',*,*,#6270,.F.);
#10526=ORIENTED_EDGE('',*,*,#7670,.F.);
#10527=ORIENTED_EDGE('',*,*,#7265,.F.);
#10528=ORIENTED_EDGE('',*,*,#7672,.T.);
#10529=ORIENTED_EDGE('',*,*,#6271,.F.);
#10530=ORIENTED_EDGE('',*,*,#7671,.F.);
#10531=ORIENTED_EDGE('',*,*,#7264,.F.);
#10532=ORIENTED_EDGE('',*,*,#7666,.T.);
#10533=ORIENTED_EDGE('',*,*,#6272,.F.);
#10534=ORIENTED_EDGE('',*,*,#7672,.F.);
#10535=ORIENTED_EDGE('',*,*,#7255,.F.);
#10536=ORIENTED_EDGE('',*,*,#7673,.T.);
#10537=ORIENTED_EDGE('',*,*,#6821,.F.);
#10538=ORIENTED_EDGE('',*,*,#7674,.F.);
#10539=ORIENTED_EDGE('',*,*,#7262,.F.);
#10540=ORIENTED_EDGE('',*,*,#7675,.T.);
#10541=ORIENTED_EDGE('',*,*,#6822,.F.);
#10542=ORIENTED_EDGE('',*,*,#7673,.F.);
#10543=ORIENTED_EDGE('',*,*,#7261,.F.);
#10544=ORIENTED_EDGE('',*,*,#7676,.T.);
#10545=ORIENTED_EDGE('',*,*,#6823,.F.);
#10546=ORIENTED_EDGE('',*,*,#7675,.F.);
#10547=ORIENTED_EDGE('',*,*,#7260,.F.);
#10548=ORIENTED_EDGE('',*,*,#7677,.T.);
#10549=ORIENTED_EDGE('',*,*,#6824,.F.);
#10550=ORIENTED_EDGE('',*,*,#7676,.F.);
#10551=ORIENTED_EDGE('',*,*,#7259,.F.);
#10552=ORIENTED_EDGE('',*,*,#7678,.T.);
#10553=ORIENTED_EDGE('',*,*,#6825,.F.);
#10554=ORIENTED_EDGE('',*,*,#7677,.F.);
#10555=ORIENTED_EDGE('',*,*,#7258,.F.);
#10556=ORIENTED_EDGE('',*,*,#7679,.T.);
#10557=ORIENTED_EDGE('',*,*,#6826,.F.);
#10558=ORIENTED_EDGE('',*,*,#7678,.F.);
#10559=ORIENTED_EDGE('',*,*,#7257,.F.);
#10560=ORIENTED_EDGE('',*,*,#7680,.T.);
#10561=ORIENTED_EDGE('',*,*,#6827,.F.);
#10562=ORIENTED_EDGE('',*,*,#7679,.F.);
#10563=ORIENTED_EDGE('',*,*,#7256,.F.);
#10564=ORIENTED_EDGE('',*,*,#7674,.T.);
#10565=ORIENTED_EDGE('',*,*,#6828,.F.);
#10566=ORIENTED_EDGE('',*,*,#7680,.F.);
#10567=ORIENTED_EDGE('',*,*,#7247,.F.);
#10568=ORIENTED_EDGE('',*,*,#7681,.T.);
#10569=ORIENTED_EDGE('',*,*,#6733,.F.);
#10570=ORIENTED_EDGE('',*,*,#7682,.F.);
#10571=ORIENTED_EDGE('',*,*,#7254,.F.);
#10572=ORIENTED_EDGE('',*,*,#7683,.T.);
#10573=ORIENTED_EDGE('',*,*,#6734,.F.);
#10574=ORIENTED_EDGE('',*,*,#7681,.F.);
#10575=ORIENTED_EDGE('',*,*,#7253,.F.);
#10576=ORIENTED_EDGE('',*,*,#7684,.T.);
#10577=ORIENTED_EDGE('',*,*,#6735,.F.);
#10578=ORIENTED_EDGE('',*,*,#7683,.F.);
#10579=ORIENTED_EDGE('',*,*,#7252,.F.);
#10580=ORIENTED_EDGE('',*,*,#7685,.T.);
#10581=ORIENTED_EDGE('',*,*,#6736,.F.);
#10582=ORIENTED_EDGE('',*,*,#7684,.F.);
#10583=ORIENTED_EDGE('',*,*,#7251,.F.);
#10584=ORIENTED_EDGE('',*,*,#7686,.T.);
#10585=ORIENTED_EDGE('',*,*,#6737,.F.);
#10586=ORIENTED_EDGE('',*,*,#7685,.F.);
#10587=ORIENTED_EDGE('',*,*,#7250,.F.);
#10588=ORIENTED_EDGE('',*,*,#7687,.T.);
#10589=ORIENTED_EDGE('',*,*,#6738,.F.);
#10590=ORIENTED_EDGE('',*,*,#7686,.F.);
#10591=ORIENTED_EDGE('',*,*,#7249,.F.);
#10592=ORIENTED_EDGE('',*,*,#7688,.T.);
#10593=ORIENTED_EDGE('',*,*,#6739,.F.);
#10594=ORIENTED_EDGE('',*,*,#7687,.F.);
#10595=ORIENTED_EDGE('',*,*,#7248,.F.);
#10596=ORIENTED_EDGE('',*,*,#7682,.T.);
#10597=ORIENTED_EDGE('',*,*,#6740,.F.);
#10598=ORIENTED_EDGE('',*,*,#7688,.F.);
#10599=ORIENTED_EDGE('',*,*,#7239,.F.);
#10600=ORIENTED_EDGE('',*,*,#7689,.T.);
#10601=ORIENTED_EDGE('',*,*,#6257,.F.);
#10602=ORIENTED_EDGE('',*,*,#7690,.F.);
#10603=ORIENTED_EDGE('',*,*,#7246,.F.);
#10604=ORIENTED_EDGE('',*,*,#7691,.T.);
#10605=ORIENTED_EDGE('',*,*,#6258,.F.);
#10606=ORIENTED_EDGE('',*,*,#7689,.F.);
#10607=ORIENTED_EDGE('',*,*,#7245,.F.);
#10608=ORIENTED_EDGE('',*,*,#7692,.T.);
#10609=ORIENTED_EDGE('',*,*,#6259,.F.);
#10610=ORIENTED_EDGE('',*,*,#7691,.F.);
#10611=ORIENTED_EDGE('',*,*,#7244,.F.);
#10612=ORIENTED_EDGE('',*,*,#7693,.T.);
#10613=ORIENTED_EDGE('',*,*,#6260,.F.);
#10614=ORIENTED_EDGE('',*,*,#7692,.F.);
#10615=ORIENTED_EDGE('',*,*,#7243,.F.);
#10616=ORIENTED_EDGE('',*,*,#7694,.T.);
#10617=ORIENTED_EDGE('',*,*,#6261,.F.);
#10618=ORIENTED_EDGE('',*,*,#7693,.F.);
#10619=ORIENTED_EDGE('',*,*,#7242,.F.);
#10620=ORIENTED_EDGE('',*,*,#7695,.T.);
#10621=ORIENTED_EDGE('',*,*,#6262,.F.);
#10622=ORIENTED_EDGE('',*,*,#7694,.F.);
#10623=ORIENTED_EDGE('',*,*,#7241,.F.);
#10624=ORIENTED_EDGE('',*,*,#7696,.T.);
#10625=ORIENTED_EDGE('',*,*,#6263,.F.);
#10626=ORIENTED_EDGE('',*,*,#7695,.F.);
#10627=ORIENTED_EDGE('',*,*,#7240,.F.);
#10628=ORIENTED_EDGE('',*,*,#7690,.T.);
#10629=ORIENTED_EDGE('',*,*,#6264,.F.);
#10630=ORIENTED_EDGE('',*,*,#7696,.F.);
#10631=ORIENTED_EDGE('',*,*,#7231,.F.);
#10632=ORIENTED_EDGE('',*,*,#7697,.T.);
#10633=ORIENTED_EDGE('',*,*,#6861,.F.);
#10634=ORIENTED_EDGE('',*,*,#7698,.F.);
#10635=ORIENTED_EDGE('',*,*,#7238,.F.);
#10636=ORIENTED_EDGE('',*,*,#7699,.T.);
#10637=ORIENTED_EDGE('',*,*,#6862,.F.);
#10638=ORIENTED_EDGE('',*,*,#7697,.F.);
#10639=ORIENTED_EDGE('',*,*,#7237,.F.);
#10640=ORIENTED_EDGE('',*,*,#7700,.T.);
#10641=ORIENTED_EDGE('',*,*,#6863,.F.);
#10642=ORIENTED_EDGE('',*,*,#7699,.F.);
#10643=ORIENTED_EDGE('',*,*,#7236,.F.);
#10644=ORIENTED_EDGE('',*,*,#7701,.T.);
#10645=ORIENTED_EDGE('',*,*,#6864,.F.);
#10646=ORIENTED_EDGE('',*,*,#7700,.F.);
#10647=ORIENTED_EDGE('',*,*,#7235,.F.);
#10648=ORIENTED_EDGE('',*,*,#7702,.T.);
#10649=ORIENTED_EDGE('',*,*,#6865,.F.);
#10650=ORIENTED_EDGE('',*,*,#7701,.F.);
#10651=ORIENTED_EDGE('',*,*,#7234,.F.);
#10652=ORIENTED_EDGE('',*,*,#7703,.T.);
#10653=ORIENTED_EDGE('',*,*,#6866,.F.);
#10654=ORIENTED_EDGE('',*,*,#7702,.F.);
#10655=ORIENTED_EDGE('',*,*,#7233,.F.);
#10656=ORIENTED_EDGE('',*,*,#7704,.T.);
#10657=ORIENTED_EDGE('',*,*,#6867,.F.);
#10658=ORIENTED_EDGE('',*,*,#7703,.F.);
#10659=ORIENTED_EDGE('',*,*,#7232,.F.);
#10660=ORIENTED_EDGE('',*,*,#7698,.T.);
#10661=ORIENTED_EDGE('',*,*,#6868,.F.);
#10662=ORIENTED_EDGE('',*,*,#7704,.F.);
#10663=ORIENTED_EDGE('',*,*,#7223,.F.);
#10664=ORIENTED_EDGE('',*,*,#7705,.T.);
#10665=ORIENTED_EDGE('',*,*,#6853,.F.);
#10666=ORIENTED_EDGE('',*,*,#7706,.F.);
#10667=ORIENTED_EDGE('',*,*,#7230,.F.);
#10668=ORIENTED_EDGE('',*,*,#7707,.T.);
#10669=ORIENTED_EDGE('',*,*,#6854,.F.);
#10670=ORIENTED_EDGE('',*,*,#7705,.F.);
#10671=ORIENTED_EDGE('',*,*,#7229,.F.);
#10672=ORIENTED_EDGE('',*,*,#7708,.T.);
#10673=ORIENTED_EDGE('',*,*,#6855,.F.);
#10674=ORIENTED_EDGE('',*,*,#7707,.F.);
#10675=ORIENTED_EDGE('',*,*,#7228,.F.);
#10676=ORIENTED_EDGE('',*,*,#7709,.T.);
#10677=ORIENTED_EDGE('',*,*,#6856,.F.);
#10678=ORIENTED_EDGE('',*,*,#7708,.F.);
#10679=ORIENTED_EDGE('',*,*,#7227,.F.);
#10680=ORIENTED_EDGE('',*,*,#7710,.T.);
#10681=ORIENTED_EDGE('',*,*,#6857,.F.);
#10682=ORIENTED_EDGE('',*,*,#7709,.F.);
#10683=ORIENTED_EDGE('',*,*,#7226,.F.);
#10684=ORIENTED_EDGE('',*,*,#7711,.T.);
#10685=ORIENTED_EDGE('',*,*,#6858,.F.);
#10686=ORIENTED_EDGE('',*,*,#7710,.F.);
#10687=ORIENTED_EDGE('',*,*,#7225,.F.);
#10688=ORIENTED_EDGE('',*,*,#7712,.T.);
#10689=ORIENTED_EDGE('',*,*,#6859,.F.);
#10690=ORIENTED_EDGE('',*,*,#7711,.F.);
#10691=ORIENTED_EDGE('',*,*,#7224,.F.);
#10692=ORIENTED_EDGE('',*,*,#7706,.T.);
#10693=ORIENTED_EDGE('',*,*,#6860,.F.);
#10694=ORIENTED_EDGE('',*,*,#7712,.F.);
#10695=ORIENTED_EDGE('',*,*,#7215,.F.);
#10696=ORIENTED_EDGE('',*,*,#7713,.T.);
#10697=ORIENTED_EDGE('',*,*,#6845,.F.);
#10698=ORIENTED_EDGE('',*,*,#7714,.F.);
#10699=ORIENTED_EDGE('',*,*,#7222,.F.);
#10700=ORIENTED_EDGE('',*,*,#7715,.T.);
#10701=ORIENTED_EDGE('',*,*,#6846,.F.);
#10702=ORIENTED_EDGE('',*,*,#7713,.F.);
#10703=ORIENTED_EDGE('',*,*,#7221,.F.);
#10704=ORIENTED_EDGE('',*,*,#7716,.T.);
#10705=ORIENTED_EDGE('',*,*,#6847,.F.);
#10706=ORIENTED_EDGE('',*,*,#7715,.F.);
#10707=ORIENTED_EDGE('',*,*,#7220,.F.);
#10708=ORIENTED_EDGE('',*,*,#7717,.T.);
#10709=ORIENTED_EDGE('',*,*,#6848,.F.);
#10710=ORIENTED_EDGE('',*,*,#7716,.F.);
#10711=ORIENTED_EDGE('',*,*,#7219,.F.);
#10712=ORIENTED_EDGE('',*,*,#7718,.T.);
#10713=ORIENTED_EDGE('',*,*,#6849,.F.);
#10714=ORIENTED_EDGE('',*,*,#7717,.F.);
#10715=ORIENTED_EDGE('',*,*,#7218,.F.);
#10716=ORIENTED_EDGE('',*,*,#7719,.T.);
#10717=ORIENTED_EDGE('',*,*,#6850,.F.);
#10718=ORIENTED_EDGE('',*,*,#7718,.F.);
#10719=ORIENTED_EDGE('',*,*,#7217,.F.);
#10720=ORIENTED_EDGE('',*,*,#7720,.T.);
#10721=ORIENTED_EDGE('',*,*,#6851,.F.);
#10722=ORIENTED_EDGE('',*,*,#7719,.F.);
#10723=ORIENTED_EDGE('',*,*,#7216,.F.);
#10724=ORIENTED_EDGE('',*,*,#7714,.T.);
#10725=ORIENTED_EDGE('',*,*,#6852,.F.);
#10726=ORIENTED_EDGE('',*,*,#7720,.F.);
#10727=ORIENTED_EDGE('',*,*,#7207,.F.);
#10728=ORIENTED_EDGE('',*,*,#7721,.T.);
#10729=ORIENTED_EDGE('',*,*,#6693,.F.);
#10730=ORIENTED_EDGE('',*,*,#7722,.F.);
#10731=ORIENTED_EDGE('',*,*,#7214,.F.);
#10732=ORIENTED_EDGE('',*,*,#7723,.T.);
#10733=ORIENTED_EDGE('',*,*,#6694,.F.);
#10734=ORIENTED_EDGE('',*,*,#7721,.F.);
#10735=ORIENTED_EDGE('',*,*,#7213,.F.);
#10736=ORIENTED_EDGE('',*,*,#7724,.T.);
#10737=ORIENTED_EDGE('',*,*,#6695,.F.);
#10738=ORIENTED_EDGE('',*,*,#7723,.F.);
#10739=ORIENTED_EDGE('',*,*,#7212,.F.);
#10740=ORIENTED_EDGE('',*,*,#7725,.T.);
#10741=ORIENTED_EDGE('',*,*,#6696,.F.);
#10742=ORIENTED_EDGE('',*,*,#7724,.F.);
#10743=ORIENTED_EDGE('',*,*,#7211,.F.);
#10744=ORIENTED_EDGE('',*,*,#7726,.T.);
#10745=ORIENTED_EDGE('',*,*,#6697,.F.);
#10746=ORIENTED_EDGE('',*,*,#7725,.F.);
#10747=ORIENTED_EDGE('',*,*,#7210,.F.);
#10748=ORIENTED_EDGE('',*,*,#7727,.T.);
#10749=ORIENTED_EDGE('',*,*,#6698,.F.);
#10750=ORIENTED_EDGE('',*,*,#7726,.F.);
#10751=ORIENTED_EDGE('',*,*,#7209,.F.);
#10752=ORIENTED_EDGE('',*,*,#7728,.T.);
#10753=ORIENTED_EDGE('',*,*,#6699,.F.);
#10754=ORIENTED_EDGE('',*,*,#7727,.F.);
#10755=ORIENTED_EDGE('',*,*,#7208,.F.);
#10756=ORIENTED_EDGE('',*,*,#7722,.T.);
#10757=ORIENTED_EDGE('',*,*,#6700,.F.);
#10758=ORIENTED_EDGE('',*,*,#7728,.F.);
#10759=ORIENTED_EDGE('',*,*,#7199,.F.);
#10760=ORIENTED_EDGE('',*,*,#7729,.T.);
#10761=ORIENTED_EDGE('',*,*,#6249,.F.);
#10762=ORIENTED_EDGE('',*,*,#7730,.F.);
#10763=ORIENTED_EDGE('',*,*,#7206,.F.);
#10764=ORIENTED_EDGE('',*,*,#7731,.T.);
#10765=ORIENTED_EDGE('',*,*,#6250,.F.);
#10766=ORIENTED_EDGE('',*,*,#7729,.F.);
#10767=ORIENTED_EDGE('',*,*,#7205,.F.);
#10768=ORIENTED_EDGE('',*,*,#7732,.T.);
#10769=ORIENTED_EDGE('',*,*,#6251,.F.);
#10770=ORIENTED_EDGE('',*,*,#7731,.F.);
#10771=ORIENTED_EDGE('',*,*,#7204,.F.);
#10772=ORIENTED_EDGE('',*,*,#7733,.T.);
#10773=ORIENTED_EDGE('',*,*,#6252,.F.);
#10774=ORIENTED_EDGE('',*,*,#7732,.F.);
#10775=ORIENTED_EDGE('',*,*,#7203,.F.);
#10776=ORIENTED_EDGE('',*,*,#7734,.T.);
#10777=ORIENTED_EDGE('',*,*,#6253,.F.);
#10778=ORIENTED_EDGE('',*,*,#7733,.F.);
#10779=ORIENTED_EDGE('',*,*,#7202,.F.);
#10780=ORIENTED_EDGE('',*,*,#7735,.T.);
#10781=ORIENTED_EDGE('',*,*,#6254,.F.);
#10782=ORIENTED_EDGE('',*,*,#7734,.F.);
#10783=ORIENTED_EDGE('',*,*,#7201,.F.);
#10784=ORIENTED_EDGE('',*,*,#7736,.T.);
#10785=ORIENTED_EDGE('',*,*,#6255,.F.);
#10786=ORIENTED_EDGE('',*,*,#7735,.F.);
#10787=ORIENTED_EDGE('',*,*,#7200,.F.);
#10788=ORIENTED_EDGE('',*,*,#7730,.T.);
#10789=ORIENTED_EDGE('',*,*,#6256,.F.);
#10790=ORIENTED_EDGE('',*,*,#7736,.F.);
#10791=ORIENTED_EDGE('',*,*,#7191,.F.);
#10792=ORIENTED_EDGE('',*,*,#7737,.T.);
#10793=ORIENTED_EDGE('',*,*,#6725,.F.);
#10794=ORIENTED_EDGE('',*,*,#7738,.F.);
#10795=ORIENTED_EDGE('',*,*,#7198,.F.);
#10796=ORIENTED_EDGE('',*,*,#7739,.T.);
#10797=ORIENTED_EDGE('',*,*,#6726,.F.);
#10798=ORIENTED_EDGE('',*,*,#7737,.F.);
#10799=ORIENTED_EDGE('',*,*,#7197,.F.);
#10800=ORIENTED_EDGE('',*,*,#7740,.T.);
#10801=ORIENTED_EDGE('',*,*,#6727,.F.);
#10802=ORIENTED_EDGE('',*,*,#7739,.F.);
#10803=ORIENTED_EDGE('',*,*,#7196,.F.);
#10804=ORIENTED_EDGE('',*,*,#7741,.T.);
#10805=ORIENTED_EDGE('',*,*,#6728,.F.);
#10806=ORIENTED_EDGE('',*,*,#7740,.F.);
#10807=ORIENTED_EDGE('',*,*,#7195,.F.);
#10808=ORIENTED_EDGE('',*,*,#7742,.T.);
#10809=ORIENTED_EDGE('',*,*,#6729,.F.);
#10810=ORIENTED_EDGE('',*,*,#7741,.F.);
#10811=ORIENTED_EDGE('',*,*,#7194,.F.);
#10812=ORIENTED_EDGE('',*,*,#7743,.T.);
#10813=ORIENTED_EDGE('',*,*,#6730,.F.);
#10814=ORIENTED_EDGE('',*,*,#7742,.F.);
#10815=ORIENTED_EDGE('',*,*,#7193,.F.);
#10816=ORIENTED_EDGE('',*,*,#7744,.T.);
#10817=ORIENTED_EDGE('',*,*,#6731,.F.);
#10818=ORIENTED_EDGE('',*,*,#7743,.F.);
#10819=ORIENTED_EDGE('',*,*,#7192,.F.);
#10820=ORIENTED_EDGE('',*,*,#7738,.T.);
#10821=ORIENTED_EDGE('',*,*,#6732,.F.);
#10822=ORIENTED_EDGE('',*,*,#7744,.F.);
#10823=ORIENTED_EDGE('',*,*,#7183,.F.);
#10824=ORIENTED_EDGE('',*,*,#7745,.T.);
#10825=ORIENTED_EDGE('',*,*,#6829,.F.);
#10826=ORIENTED_EDGE('',*,*,#7746,.F.);
#10827=ORIENTED_EDGE('',*,*,#7190,.F.);
#10828=ORIENTED_EDGE('',*,*,#7747,.T.);
#10829=ORIENTED_EDGE('',*,*,#6830,.F.);
#10830=ORIENTED_EDGE('',*,*,#7745,.F.);
#10831=ORIENTED_EDGE('',*,*,#7189,.F.);
#10832=ORIENTED_EDGE('',*,*,#7748,.T.);
#10833=ORIENTED_EDGE('',*,*,#6831,.F.);
#10834=ORIENTED_EDGE('',*,*,#7747,.F.);
#10835=ORIENTED_EDGE('',*,*,#7188,.F.);
#10836=ORIENTED_EDGE('',*,*,#7749,.T.);
#10837=ORIENTED_EDGE('',*,*,#6832,.F.);
#10838=ORIENTED_EDGE('',*,*,#7748,.F.);
#10839=ORIENTED_EDGE('',*,*,#7187,.F.);
#10840=ORIENTED_EDGE('',*,*,#7750,.T.);
#10841=ORIENTED_EDGE('',*,*,#6833,.F.);
#10842=ORIENTED_EDGE('',*,*,#7749,.F.);
#10843=ORIENTED_EDGE('',*,*,#7186,.F.);
#10844=ORIENTED_EDGE('',*,*,#7751,.T.);
#10845=ORIENTED_EDGE('',*,*,#6834,.F.);
#10846=ORIENTED_EDGE('',*,*,#7750,.F.);
#10847=ORIENTED_EDGE('',*,*,#7185,.F.);
#10848=ORIENTED_EDGE('',*,*,#7752,.T.);
#10849=ORIENTED_EDGE('',*,*,#6835,.F.);
#10850=ORIENTED_EDGE('',*,*,#7751,.F.);
#10851=ORIENTED_EDGE('',*,*,#7184,.F.);
#10852=ORIENTED_EDGE('',*,*,#7746,.T.);
#10853=ORIENTED_EDGE('',*,*,#6836,.F.);
#10854=ORIENTED_EDGE('',*,*,#7752,.F.);
#10855=ORIENTED_EDGE('',*,*,#7175,.F.);
#10856=ORIENTED_EDGE('',*,*,#7753,.T.);
#10857=ORIENTED_EDGE('',*,*,#6241,.F.);
#10858=ORIENTED_EDGE('',*,*,#7754,.F.);
#10859=ORIENTED_EDGE('',*,*,#7182,.F.);
#10860=ORIENTED_EDGE('',*,*,#7755,.T.);
#10861=ORIENTED_EDGE('',*,*,#6242,.F.);
#10862=ORIENTED_EDGE('',*,*,#7753,.F.);
#10863=ORIENTED_EDGE('',*,*,#7181,.F.);
#10864=ORIENTED_EDGE('',*,*,#7756,.T.);
#10865=ORIENTED_EDGE('',*,*,#6243,.F.);
#10866=ORIENTED_EDGE('',*,*,#7755,.F.);
#10867=ORIENTED_EDGE('',*,*,#7180,.F.);
#10868=ORIENTED_EDGE('',*,*,#7757,.T.);
#10869=ORIENTED_EDGE('',*,*,#6244,.F.);
#10870=ORIENTED_EDGE('',*,*,#7756,.F.);
#10871=ORIENTED_EDGE('',*,*,#7179,.F.);
#10872=ORIENTED_EDGE('',*,*,#7758,.T.);
#10873=ORIENTED_EDGE('',*,*,#6245,.F.);
#10874=ORIENTED_EDGE('',*,*,#7757,.F.);
#10875=ORIENTED_EDGE('',*,*,#7178,.F.);
#10876=ORIENTED_EDGE('',*,*,#7759,.T.);
#10877=ORIENTED_EDGE('',*,*,#6246,.F.);
#10878=ORIENTED_EDGE('',*,*,#7758,.F.);
#10879=ORIENTED_EDGE('',*,*,#7177,.F.);
#10880=ORIENTED_EDGE('',*,*,#7760,.T.);
#10881=ORIENTED_EDGE('',*,*,#6247,.F.);
#10882=ORIENTED_EDGE('',*,*,#7759,.F.);
#10883=ORIENTED_EDGE('',*,*,#7176,.F.);
#10884=ORIENTED_EDGE('',*,*,#7754,.T.);
#10885=ORIENTED_EDGE('',*,*,#6248,.F.);
#10886=ORIENTED_EDGE('',*,*,#7760,.F.);
#10887=ORIENTED_EDGE('',*,*,#7167,.F.);
#10888=ORIENTED_EDGE('',*,*,#7761,.T.);
#10889=ORIENTED_EDGE('',*,*,#6757,.F.);
#10890=ORIENTED_EDGE('',*,*,#7762,.F.);
#10891=ORIENTED_EDGE('',*,*,#7174,.F.);
#10892=ORIENTED_EDGE('',*,*,#7763,.T.);
#10893=ORIENTED_EDGE('',*,*,#6758,.F.);
#10894=ORIENTED_EDGE('',*,*,#7761,.F.);
#10895=ORIENTED_EDGE('',*,*,#7173,.F.);
#10896=ORIENTED_EDGE('',*,*,#7764,.T.);
#10897=ORIENTED_EDGE('',*,*,#6759,.F.);
#10898=ORIENTED_EDGE('',*,*,#7763,.F.);
#10899=ORIENTED_EDGE('',*,*,#7172,.F.);
#10900=ORIENTED_EDGE('',*,*,#7765,.T.);
#10901=ORIENTED_EDGE('',*,*,#6760,.F.);
#10902=ORIENTED_EDGE('',*,*,#7764,.F.);
#10903=ORIENTED_EDGE('',*,*,#7171,.F.);
#10904=ORIENTED_EDGE('',*,*,#7766,.T.);
#10905=ORIENTED_EDGE('',*,*,#6761,.F.);
#10906=ORIENTED_EDGE('',*,*,#7765,.F.);
#10907=ORIENTED_EDGE('',*,*,#7170,.F.);
#10908=ORIENTED_EDGE('',*,*,#7767,.T.);
#10909=ORIENTED_EDGE('',*,*,#6762,.F.);
#10910=ORIENTED_EDGE('',*,*,#7766,.F.);
#10911=ORIENTED_EDGE('',*,*,#7169,.F.);
#10912=ORIENTED_EDGE('',*,*,#7768,.T.);
#10913=ORIENTED_EDGE('',*,*,#6763,.F.);
#10914=ORIENTED_EDGE('',*,*,#7767,.F.);
#10915=ORIENTED_EDGE('',*,*,#7168,.F.);
#10916=ORIENTED_EDGE('',*,*,#7762,.T.);
#10917=ORIENTED_EDGE('',*,*,#6764,.F.);
#10918=ORIENTED_EDGE('',*,*,#7768,.F.);
#10919=ORIENTED_EDGE('',*,*,#7159,.F.);
#10920=ORIENTED_EDGE('',*,*,#7769,.T.);
#10921=ORIENTED_EDGE('',*,*,#6797,.F.);
#10922=ORIENTED_EDGE('',*,*,#7770,.F.);
#10923=ORIENTED_EDGE('',*,*,#7166,.F.);
#10924=ORIENTED_EDGE('',*,*,#7771,.T.);
#10925=ORIENTED_EDGE('',*,*,#6798,.F.);
#10926=ORIENTED_EDGE('',*,*,#7769,.F.);
#10927=ORIENTED_EDGE('',*,*,#7165,.F.);
#10928=ORIENTED_EDGE('',*,*,#7772,.T.);
#10929=ORIENTED_EDGE('',*,*,#6799,.F.);
#10930=ORIENTED_EDGE('',*,*,#7771,.F.);
#10931=ORIENTED_EDGE('',*,*,#7164,.F.);
#10932=ORIENTED_EDGE('',*,*,#7773,.T.);
#10933=ORIENTED_EDGE('',*,*,#6800,.F.);
#10934=ORIENTED_EDGE('',*,*,#7772,.F.);
#10935=ORIENTED_EDGE('',*,*,#7163,.F.);
#10936=ORIENTED_EDGE('',*,*,#7774,.T.);
#10937=ORIENTED_EDGE('',*,*,#6801,.F.);
#10938=ORIENTED_EDGE('',*,*,#7773,.F.);
#10939=ORIENTED_EDGE('',*,*,#7162,.F.);
#10940=ORIENTED_EDGE('',*,*,#7775,.T.);
#10941=ORIENTED_EDGE('',*,*,#6802,.F.);
#10942=ORIENTED_EDGE('',*,*,#7774,.F.);
#10943=ORIENTED_EDGE('',*,*,#7161,.F.);
#10944=ORIENTED_EDGE('',*,*,#7776,.T.);
#10945=ORIENTED_EDGE('',*,*,#6803,.F.);
#10946=ORIENTED_EDGE('',*,*,#7775,.F.);
#10947=ORIENTED_EDGE('',*,*,#7160,.F.);
#10948=ORIENTED_EDGE('',*,*,#7770,.T.);
#10949=ORIENTED_EDGE('',*,*,#6804,.F.);
#10950=ORIENTED_EDGE('',*,*,#7776,.F.);
#10951=ORIENTED_EDGE('',*,*,#7151,.F.);
#10952=ORIENTED_EDGE('',*,*,#7777,.T.);
#10953=ORIENTED_EDGE('',*,*,#6765,.F.);
#10954=ORIENTED_EDGE('',*,*,#7778,.F.);
#10955=ORIENTED_EDGE('',*,*,#7158,.F.);
#10956=ORIENTED_EDGE('',*,*,#7779,.T.);
#10957=ORIENTED_EDGE('',*,*,#6766,.F.);
#10958=ORIENTED_EDGE('',*,*,#7777,.F.);
#10959=ORIENTED_EDGE('',*,*,#7157,.F.);
#10960=ORIENTED_EDGE('',*,*,#7780,.T.);
#10961=ORIENTED_EDGE('',*,*,#6767,.F.);
#10962=ORIENTED_EDGE('',*,*,#7779,.F.);
#10963=ORIENTED_EDGE('',*,*,#7156,.F.);
#10964=ORIENTED_EDGE('',*,*,#7781,.T.);
#10965=ORIENTED_EDGE('',*,*,#6768,.F.);
#10966=ORIENTED_EDGE('',*,*,#7780,.F.);
#10967=ORIENTED_EDGE('',*,*,#7155,.F.);
#10968=ORIENTED_EDGE('',*,*,#7782,.T.);
#10969=ORIENTED_EDGE('',*,*,#6769,.F.);
#10970=ORIENTED_EDGE('',*,*,#7781,.F.);
#10971=ORIENTED_EDGE('',*,*,#7154,.F.);
#10972=ORIENTED_EDGE('',*,*,#7783,.T.);
#10973=ORIENTED_EDGE('',*,*,#6770,.F.);
#10974=ORIENTED_EDGE('',*,*,#7782,.F.);
#10975=ORIENTED_EDGE('',*,*,#7153,.F.);
#10976=ORIENTED_EDGE('',*,*,#7784,.T.);
#10977=ORIENTED_EDGE('',*,*,#6771,.F.);
#10978=ORIENTED_EDGE('',*,*,#7783,.F.);
#10979=ORIENTED_EDGE('',*,*,#7152,.F.);
#10980=ORIENTED_EDGE('',*,*,#7778,.T.);
#10981=ORIENTED_EDGE('',*,*,#6772,.F.);
#10982=ORIENTED_EDGE('',*,*,#7784,.F.);
#10983=ORIENTED_EDGE('',*,*,#7143,.F.);
#10984=ORIENTED_EDGE('',*,*,#7785,.T.);
#10985=ORIENTED_EDGE('',*,*,#6669,.F.);
#10986=ORIENTED_EDGE('',*,*,#7786,.F.);
#10987=ORIENTED_EDGE('',*,*,#7150,.F.);
#10988=ORIENTED_EDGE('',*,*,#7787,.T.);
#10989=ORIENTED_EDGE('',*,*,#6670,.F.);
#10990=ORIENTED_EDGE('',*,*,#7785,.F.);
#10991=ORIENTED_EDGE('',*,*,#7149,.F.);
#10992=ORIENTED_EDGE('',*,*,#7788,.T.);
#10993=ORIENTED_EDGE('',*,*,#6671,.F.);
#10994=ORIENTED_EDGE('',*,*,#7787,.F.);
#10995=ORIENTED_EDGE('',*,*,#7148,.F.);
#10996=ORIENTED_EDGE('',*,*,#7789,.T.);
#10997=ORIENTED_EDGE('',*,*,#6672,.F.);
#10998=ORIENTED_EDGE('',*,*,#7788,.F.);
#10999=ORIENTED_EDGE('',*,*,#7147,.F.);
#11000=ORIENTED_EDGE('',*,*,#7790,.T.);
#11001=ORIENTED_EDGE('',*,*,#6673,.F.);
#11002=ORIENTED_EDGE('',*,*,#7789,.F.);
#11003=ORIENTED_EDGE('',*,*,#7146,.F.);
#11004=ORIENTED_EDGE('',*,*,#7791,.T.);
#11005=ORIENTED_EDGE('',*,*,#6674,.F.);
#11006=ORIENTED_EDGE('',*,*,#7790,.F.);
#11007=ORIENTED_EDGE('',*,*,#7145,.F.);
#11008=ORIENTED_EDGE('',*,*,#7792,.T.);
#11009=ORIENTED_EDGE('',*,*,#6675,.F.);
#11010=ORIENTED_EDGE('',*,*,#7791,.F.);
#11011=ORIENTED_EDGE('',*,*,#7144,.F.);
#11012=ORIENTED_EDGE('',*,*,#7786,.T.);
#11013=ORIENTED_EDGE('',*,*,#6676,.F.);
#11014=ORIENTED_EDGE('',*,*,#7792,.F.);
#11015=ORIENTED_EDGE('',*,*,#7447,.F.);
#11016=ORIENTED_EDGE('',*,*,#7793,.T.);
#11017=ORIENTED_EDGE('',*,*,#6201,.F.);
#11018=ORIENTED_EDGE('',*,*,#6999,.F.);
#11019=ORIENTED_EDGE('',*,*,#7446,.F.);
#11020=ORIENTED_EDGE('',*,*,#7794,.T.);
#11021=ORIENTED_EDGE('',*,*,#6202,.F.);
#11022=ORIENTED_EDGE('',*,*,#7793,.F.);
#11023=ORIENTED_EDGE('',*,*,#7445,.F.);
#11024=ORIENTED_EDGE('',*,*,#7795,.T.);
#11025=ORIENTED_EDGE('',*,*,#6203,.F.);
#11026=ORIENTED_EDGE('',*,*,#7794,.F.);
#11027=ORIENTED_EDGE('',*,*,#6204,.F.);
#11028=ORIENTED_EDGE('',*,*,#7795,.F.);
#11029=ORIENTED_EDGE('',*,*,#7444,.F.);
#11030=ORIENTED_EDGE('',*,*,#6118,.T.);
#11031=ORIENTED_EDGE('',*,*,#7471,.F.);
#11032=ORIENTED_EDGE('',*,*,#7796,.T.);
#11033=ORIENTED_EDGE('',*,*,#6174,.F.);
#11034=ORIENTED_EDGE('',*,*,#6995,.F.);
#11035=ORIENTED_EDGE('',*,*,#7470,.F.);
#11036=ORIENTED_EDGE('',*,*,#7797,.T.);
#11037=ORIENTED_EDGE('',*,*,#6175,.F.);
#11038=ORIENTED_EDGE('',*,*,#7796,.F.);
#11039=ORIENTED_EDGE('',*,*,#7469,.F.);
#11040=ORIENTED_EDGE('',*,*,#7552,.T.);
#11041=ORIENTED_EDGE('',*,*,#6176,.F.);
#11042=ORIENTED_EDGE('',*,*,#7797,.F.);
#11043=ORIENTED_EDGE('',*,*,#7418,.F.);
#11044=ORIENTED_EDGE('',*,*,#7798,.T.);
#11045=ORIENTED_EDGE('',*,*,#6343,.F.);
#11046=ORIENTED_EDGE('',*,*,#6997,.F.);
#11047=ORIENTED_EDGE('',*,*,#7417,.F.);
#11048=ORIENTED_EDGE('',*,*,#7799,.T.);
#11049=ORIENTED_EDGE('',*,*,#6344,.F.);
#11050=ORIENTED_EDGE('',*,*,#7798,.F.);
#11051=ORIENTED_EDGE('',*,*,#7416,.F.);
#11052=ORIENTED_EDGE('',*,*,#7800,.T.);
#11053=ORIENTED_EDGE('',*,*,#6345,.F.);
#11054=ORIENTED_EDGE('',*,*,#7799,.F.);
#11055=ORIENTED_EDGE('',*,*,#6346,.F.);
#11056=ORIENTED_EDGE('',*,*,#7800,.F.);
#11057=ORIENTED_EDGE('',*,*,#7415,.F.);
#11058=ORIENTED_EDGE('',*,*,#6102,.T.);
#11059=ORIENTED_EDGE('',*,*,#7394,.F.);
#11060=ORIENTED_EDGE('',*,*,#7801,.T.);
#11061=ORIENTED_EDGE('',*,*,#6370,.F.);
#11062=ORIENTED_EDGE('',*,*,#7001,.F.);
#11063=ORIENTED_EDGE('',*,*,#7393,.F.);
#11064=ORIENTED_EDGE('',*,*,#7802,.T.);
#11065=ORIENTED_EDGE('',*,*,#6371,.F.);
#11066=ORIENTED_EDGE('',*,*,#7801,.F.);
#11067=ORIENTED_EDGE('',*,*,#7392,.F.);
#11068=ORIENTED_EDGE('',*,*,#7551,.T.);
#11069=ORIENTED_EDGE('',*,*,#6372,.F.);
#11070=ORIENTED_EDGE('',*,*,#7802,.F.);
#11071=ORIENTED_EDGE('',*,*,#7135,.F.);
#11072=ORIENTED_EDGE('',*,*,#7803,.T.);
#11073=ORIENTED_EDGE('',*,*,#6233,.F.);
#11074=ORIENTED_EDGE('',*,*,#7804,.F.);
#11075=ORIENTED_EDGE('',*,*,#7142,.F.);
#11076=ORIENTED_EDGE('',*,*,#7805,.T.);
#11077=ORIENTED_EDGE('',*,*,#6234,.F.);
#11078=ORIENTED_EDGE('',*,*,#7803,.F.);
#11079=ORIENTED_EDGE('',*,*,#7141,.F.);
#11080=ORIENTED_EDGE('',*,*,#7806,.T.);
#11081=ORIENTED_EDGE('',*,*,#6235,.F.);
#11082=ORIENTED_EDGE('',*,*,#7805,.F.);
#11083=ORIENTED_EDGE('',*,*,#7140,.F.);
#11084=ORIENTED_EDGE('',*,*,#7807,.T.);
#11085=ORIENTED_EDGE('',*,*,#6236,.F.);
#11086=ORIENTED_EDGE('',*,*,#7806,.F.);
#11087=ORIENTED_EDGE('',*,*,#7139,.F.);
#11088=ORIENTED_EDGE('',*,*,#7808,.T.);
#11089=ORIENTED_EDGE('',*,*,#6237,.F.);
#11090=ORIENTED_EDGE('',*,*,#7807,.F.);
#11091=ORIENTED_EDGE('',*,*,#7138,.F.);
#11092=ORIENTED_EDGE('',*,*,#7809,.T.);
#11093=ORIENTED_EDGE('',*,*,#6238,.F.);
#11094=ORIENTED_EDGE('',*,*,#7808,.F.);
#11095=ORIENTED_EDGE('',*,*,#7137,.F.);
#11096=ORIENTED_EDGE('',*,*,#7810,.T.);
#11097=ORIENTED_EDGE('',*,*,#6239,.F.);
#11098=ORIENTED_EDGE('',*,*,#7809,.F.);
#11099=ORIENTED_EDGE('',*,*,#7136,.F.);
#11100=ORIENTED_EDGE('',*,*,#7804,.T.);
#11101=ORIENTED_EDGE('',*,*,#6240,.F.);
#11102=ORIENTED_EDGE('',*,*,#7810,.F.);
#11103=ORIENTED_EDGE('',*,*,#7127,.F.);
#11104=ORIENTED_EDGE('',*,*,#7811,.T.);
#11105=ORIENTED_EDGE('',*,*,#6789,.F.);
#11106=ORIENTED_EDGE('',*,*,#7812,.F.);
#11107=ORIENTED_EDGE('',*,*,#7134,.F.);
#11108=ORIENTED_EDGE('',*,*,#7813,.T.);
#11109=ORIENTED_EDGE('',*,*,#6790,.F.);
#11110=ORIENTED_EDGE('',*,*,#7811,.F.);
#11111=ORIENTED_EDGE('',*,*,#7133,.F.);
#11112=ORIENTED_EDGE('',*,*,#7814,.T.);
#11113=ORIENTED_EDGE('',*,*,#6791,.F.);
#11114=ORIENTED_EDGE('',*,*,#7813,.F.);
#11115=ORIENTED_EDGE('',*,*,#7132,.F.);
#11116=ORIENTED_EDGE('',*,*,#7815,.T.);
#11117=ORIENTED_EDGE('',*,*,#6792,.F.);
#11118=ORIENTED_EDGE('',*,*,#7814,.F.);
#11119=ORIENTED_EDGE('',*,*,#7131,.F.);
#11120=ORIENTED_EDGE('',*,*,#7816,.T.);
#11121=ORIENTED_EDGE('',*,*,#6793,.F.);
#11122=ORIENTED_EDGE('',*,*,#7815,.F.);
#11123=ORIENTED_EDGE('',*,*,#7130,.F.);
#11124=ORIENTED_EDGE('',*,*,#7817,.T.);
#11125=ORIENTED_EDGE('',*,*,#6794,.F.);
#11126=ORIENTED_EDGE('',*,*,#7816,.F.);
#11127=ORIENTED_EDGE('',*,*,#7129,.F.);
#11128=ORIENTED_EDGE('',*,*,#7818,.T.);
#11129=ORIENTED_EDGE('',*,*,#6795,.F.);
#11130=ORIENTED_EDGE('',*,*,#7817,.F.);
#11131=ORIENTED_EDGE('',*,*,#7128,.F.);
#11132=ORIENTED_EDGE('',*,*,#7812,.T.);
#11133=ORIENTED_EDGE('',*,*,#6796,.F.);
#11134=ORIENTED_EDGE('',*,*,#7818,.F.);
#11135=ORIENTED_EDGE('',*,*,#7119,.F.);
#11136=ORIENTED_EDGE('',*,*,#7819,.T.);
#11137=ORIENTED_EDGE('',*,*,#6773,.F.);
#11138=ORIENTED_EDGE('',*,*,#7820,.F.);
#11139=ORIENTED_EDGE('',*,*,#7126,.F.);
#11140=ORIENTED_EDGE('',*,*,#7821,.T.);
#11141=ORIENTED_EDGE('',*,*,#6774,.F.);
#11142=ORIENTED_EDGE('',*,*,#7819,.F.);
#11143=ORIENTED_EDGE('',*,*,#7125,.F.);
#11144=ORIENTED_EDGE('',*,*,#7822,.T.);
#11145=ORIENTED_EDGE('',*,*,#6775,.F.);
#11146=ORIENTED_EDGE('',*,*,#7821,.F.);
#11147=ORIENTED_EDGE('',*,*,#7124,.F.);
#11148=ORIENTED_EDGE('',*,*,#7823,.T.);
#11149=ORIENTED_EDGE('',*,*,#6776,.F.);
#11150=ORIENTED_EDGE('',*,*,#7822,.F.);
#11151=ORIENTED_EDGE('',*,*,#7123,.F.);
#11152=ORIENTED_EDGE('',*,*,#7824,.T.);
#11153=ORIENTED_EDGE('',*,*,#6777,.F.);
#11154=ORIENTED_EDGE('',*,*,#7823,.F.);
#11155=ORIENTED_EDGE('',*,*,#7122,.F.);
#11156=ORIENTED_EDGE('',*,*,#7825,.T.);
#11157=ORIENTED_EDGE('',*,*,#6778,.F.);
#11158=ORIENTED_EDGE('',*,*,#7824,.F.);
#11159=ORIENTED_EDGE('',*,*,#7121,.F.);
#11160=ORIENTED_EDGE('',*,*,#7826,.T.);
#11161=ORIENTED_EDGE('',*,*,#6779,.F.);
#11162=ORIENTED_EDGE('',*,*,#7825,.F.);
#11163=ORIENTED_EDGE('',*,*,#7120,.F.);
#11164=ORIENTED_EDGE('',*,*,#7820,.T.);
#11165=ORIENTED_EDGE('',*,*,#6780,.F.);
#11166=ORIENTED_EDGE('',*,*,#7826,.F.);
#11167=ORIENTED_EDGE('',*,*,#7111,.F.);
#11168=ORIENTED_EDGE('',*,*,#7827,.T.);
#11169=ORIENTED_EDGE('',*,*,#6781,.F.);
#11170=ORIENTED_EDGE('',*,*,#7828,.F.);
#11171=ORIENTED_EDGE('',*,*,#7118,.F.);
#11172=ORIENTED_EDGE('',*,*,#7829,.T.);
#11173=ORIENTED_EDGE('',*,*,#6782,.F.);
#11174=ORIENTED_EDGE('',*,*,#7827,.F.);
#11175=ORIENTED_EDGE('',*,*,#7117,.F.);
#11176=ORIENTED_EDGE('',*,*,#7830,.T.);
#11177=ORIENTED_EDGE('',*,*,#6783,.F.);
#11178=ORIENTED_EDGE('',*,*,#7829,.F.);
#11179=ORIENTED_EDGE('',*,*,#7116,.F.);
#11180=ORIENTED_EDGE('',*,*,#7831,.T.);
#11181=ORIENTED_EDGE('',*,*,#6784,.F.);
#11182=ORIENTED_EDGE('',*,*,#7830,.F.);
#11183=ORIENTED_EDGE('',*,*,#7115,.F.);
#11184=ORIENTED_EDGE('',*,*,#7832,.T.);
#11185=ORIENTED_EDGE('',*,*,#6785,.F.);
#11186=ORIENTED_EDGE('',*,*,#7831,.F.);
#11187=ORIENTED_EDGE('',*,*,#7114,.F.);
#11188=ORIENTED_EDGE('',*,*,#7833,.T.);
#11189=ORIENTED_EDGE('',*,*,#6786,.F.);
#11190=ORIENTED_EDGE('',*,*,#7832,.F.);
#11191=ORIENTED_EDGE('',*,*,#7113,.F.);
#11192=ORIENTED_EDGE('',*,*,#7834,.T.);
#11193=ORIENTED_EDGE('',*,*,#6787,.F.);
#11194=ORIENTED_EDGE('',*,*,#7833,.F.);
#11195=ORIENTED_EDGE('',*,*,#7112,.F.);
#11196=ORIENTED_EDGE('',*,*,#7828,.T.);
#11197=ORIENTED_EDGE('',*,*,#6788,.F.);
#11198=ORIENTED_EDGE('',*,*,#7834,.F.);
#11199=ORIENTED_EDGE('',*,*,#7103,.F.);
#11200=ORIENTED_EDGE('',*,*,#7835,.T.);
#11201=ORIENTED_EDGE('',*,*,#6225,.F.);
#11202=ORIENTED_EDGE('',*,*,#7836,.F.);
#11203=ORIENTED_EDGE('',*,*,#7110,.F.);
#11204=ORIENTED_EDGE('',*,*,#7837,.T.);
#11205=ORIENTED_EDGE('',*,*,#6226,.F.);
#11206=ORIENTED_EDGE('',*,*,#7835,.F.);
#11207=ORIENTED_EDGE('',*,*,#7109,.F.);
#11208=ORIENTED_EDGE('',*,*,#7838,.T.);
#11209=ORIENTED_EDGE('',*,*,#6227,.F.);
#11210=ORIENTED_EDGE('',*,*,#7837,.F.);
#11211=ORIENTED_EDGE('',*,*,#7108,.F.);
#11212=ORIENTED_EDGE('',*,*,#7839,.T.);
#11213=ORIENTED_EDGE('',*,*,#6228,.F.);
#11214=ORIENTED_EDGE('',*,*,#7838,.F.);
#11215=ORIENTED_EDGE('',*,*,#7107,.F.);
#11216=ORIENTED_EDGE('',*,*,#7840,.T.);
#11217=ORIENTED_EDGE('',*,*,#6229,.F.);
#11218=ORIENTED_EDGE('',*,*,#7839,.F.);
#11219=ORIENTED_EDGE('',*,*,#7106,.F.);
#11220=ORIENTED_EDGE('',*,*,#7841,.T.);
#11221=ORIENTED_EDGE('',*,*,#6230,.F.);
#11222=ORIENTED_EDGE('',*,*,#7840,.F.);
#11223=ORIENTED_EDGE('',*,*,#7105,.F.);
#11224=ORIENTED_EDGE('',*,*,#7842,.T.);
#11225=ORIENTED_EDGE('',*,*,#6231,.F.);
#11226=ORIENTED_EDGE('',*,*,#7841,.F.);
#11227=ORIENTED_EDGE('',*,*,#7104,.F.);
#11228=ORIENTED_EDGE('',*,*,#7836,.T.);
#11229=ORIENTED_EDGE('',*,*,#6232,.F.);
#11230=ORIENTED_EDGE('',*,*,#7842,.F.);
#11231=ORIENTED_EDGE('',*,*,#7095,.F.);
#11232=ORIENTED_EDGE('',*,*,#7843,.T.);
#11233=ORIENTED_EDGE('',*,*,#6717,.F.);
#11234=ORIENTED_EDGE('',*,*,#7844,.F.);
#11235=ORIENTED_EDGE('',*,*,#7102,.F.);
#11236=ORIENTED_EDGE('',*,*,#7845,.T.);
#11237=ORIENTED_EDGE('',*,*,#6718,.F.);
#11238=ORIENTED_EDGE('',*,*,#7843,.F.);
#11239=ORIENTED_EDGE('',*,*,#7101,.F.);
#11240=ORIENTED_EDGE('',*,*,#7846,.T.);
#11241=ORIENTED_EDGE('',*,*,#6719,.F.);
#11242=ORIENTED_EDGE('',*,*,#7845,.F.);
#11243=ORIENTED_EDGE('',*,*,#7100,.F.);
#11244=ORIENTED_EDGE('',*,*,#7847,.T.);
#11245=ORIENTED_EDGE('',*,*,#6720,.F.);
#11246=ORIENTED_EDGE('',*,*,#7846,.F.);
#11247=ORIENTED_EDGE('',*,*,#7099,.F.);
#11248=ORIENTED_EDGE('',*,*,#7848,.T.);
#11249=ORIENTED_EDGE('',*,*,#6721,.F.);
#11250=ORIENTED_EDGE('',*,*,#7847,.F.);
#11251=ORIENTED_EDGE('',*,*,#7098,.F.);
#11252=ORIENTED_EDGE('',*,*,#7849,.T.);
#11253=ORIENTED_EDGE('',*,*,#6722,.F.);
#11254=ORIENTED_EDGE('',*,*,#7848,.F.);
#11255=ORIENTED_EDGE('',*,*,#7097,.F.);
#11256=ORIENTED_EDGE('',*,*,#7850,.T.);
#11257=ORIENTED_EDGE('',*,*,#6723,.F.);
#11258=ORIENTED_EDGE('',*,*,#7849,.F.);
#11259=ORIENTED_EDGE('',*,*,#7096,.F.);
#11260=ORIENTED_EDGE('',*,*,#7844,.T.);
#11261=ORIENTED_EDGE('',*,*,#6724,.F.);
#11262=ORIENTED_EDGE('',*,*,#7850,.F.);
#11263=ORIENTED_EDGE('',*,*,#7087,.F.);
#11264=ORIENTED_EDGE('',*,*,#7851,.T.);
#11265=ORIENTED_EDGE('',*,*,#6837,.F.);
#11266=ORIENTED_EDGE('',*,*,#7852,.F.);
#11267=ORIENTED_EDGE('',*,*,#7094,.F.);
#11268=ORIENTED_EDGE('',*,*,#7853,.T.);
#11269=ORIENTED_EDGE('',*,*,#6838,.F.);
#11270=ORIENTED_EDGE('',*,*,#7851,.F.);
#11271=ORIENTED_EDGE('',*,*,#7093,.F.);
#11272=ORIENTED_EDGE('',*,*,#7854,.T.);
#11273=ORIENTED_EDGE('',*,*,#6839,.F.);
#11274=ORIENTED_EDGE('',*,*,#7853,.F.);
#11275=ORIENTED_EDGE('',*,*,#7092,.F.);
#11276=ORIENTED_EDGE('',*,*,#7855,.T.);
#11277=ORIENTED_EDGE('',*,*,#6840,.F.);
#11278=ORIENTED_EDGE('',*,*,#7854,.F.);
#11279=ORIENTED_EDGE('',*,*,#7091,.F.);
#11280=ORIENTED_EDGE('',*,*,#7856,.T.);
#11281=ORIENTED_EDGE('',*,*,#6841,.F.);
#11282=ORIENTED_EDGE('',*,*,#7855,.F.);
#11283=ORIENTED_EDGE('',*,*,#7090,.F.);
#11284=ORIENTED_EDGE('',*,*,#7857,.T.);
#11285=ORIENTED_EDGE('',*,*,#6842,.F.);
#11286=ORIENTED_EDGE('',*,*,#7856,.F.);
#11287=ORIENTED_EDGE('',*,*,#7089,.F.);
#11288=ORIENTED_EDGE('',*,*,#7858,.T.);
#11289=ORIENTED_EDGE('',*,*,#6843,.F.);
#11290=ORIENTED_EDGE('',*,*,#7857,.F.);
#11291=ORIENTED_EDGE('',*,*,#7088,.F.);
#11292=ORIENTED_EDGE('',*,*,#7852,.T.);
#11293=ORIENTED_EDGE('',*,*,#6844,.F.);
#11294=ORIENTED_EDGE('',*,*,#7858,.F.);
#11295=ORIENTED_EDGE('',*,*,#7079,.F.);
#11296=ORIENTED_EDGE('',*,*,#7859,.T.);
#11297=ORIENTED_EDGE('',*,*,#6217,.F.);
#11298=ORIENTED_EDGE('',*,*,#7860,.F.);
#11299=ORIENTED_EDGE('',*,*,#7086,.F.);
#11300=ORIENTED_EDGE('',*,*,#7861,.T.);
#11301=ORIENTED_EDGE('',*,*,#6218,.F.);
#11302=ORIENTED_EDGE('',*,*,#7859,.F.);
#11303=ORIENTED_EDGE('',*,*,#7085,.F.);
#11304=ORIENTED_EDGE('',*,*,#7862,.T.);
#11305=ORIENTED_EDGE('',*,*,#6219,.F.);
#11306=ORIENTED_EDGE('',*,*,#7861,.F.);
#11307=ORIENTED_EDGE('',*,*,#7084,.F.);
#11308=ORIENTED_EDGE('',*,*,#7863,.T.);
#11309=ORIENTED_EDGE('',*,*,#6220,.F.);
#11310=ORIENTED_EDGE('',*,*,#7862,.F.);
#11311=ORIENTED_EDGE('',*,*,#7083,.F.);
#11312=ORIENTED_EDGE('',*,*,#7864,.T.);
#11313=ORIENTED_EDGE('',*,*,#6221,.F.);
#11314=ORIENTED_EDGE('',*,*,#7863,.F.);
#11315=ORIENTED_EDGE('',*,*,#7082,.F.);
#11316=ORIENTED_EDGE('',*,*,#7865,.T.);
#11317=ORIENTED_EDGE('',*,*,#6222,.F.);
#11318=ORIENTED_EDGE('',*,*,#7864,.F.);
#11319=ORIENTED_EDGE('',*,*,#7081,.F.);
#11320=ORIENTED_EDGE('',*,*,#7866,.T.);
#11321=ORIENTED_EDGE('',*,*,#6223,.F.);
#11322=ORIENTED_EDGE('',*,*,#7865,.F.);
#11323=ORIENTED_EDGE('',*,*,#7080,.F.);
#11324=ORIENTED_EDGE('',*,*,#7860,.T.);
#11325=ORIENTED_EDGE('',*,*,#6224,.F.);
#11326=ORIENTED_EDGE('',*,*,#7866,.F.);
#11327=ORIENTED_EDGE('',*,*,#7071,.F.);
#11328=ORIENTED_EDGE('',*,*,#7867,.T.);
#11329=ORIENTED_EDGE('',*,*,#6701,.F.);
#11330=ORIENTED_EDGE('',*,*,#7868,.F.);
#11331=ORIENTED_EDGE('',*,*,#7078,.F.);
#11332=ORIENTED_EDGE('',*,*,#7869,.T.);
#11333=ORIENTED_EDGE('',*,*,#6702,.F.);
#11334=ORIENTED_EDGE('',*,*,#7867,.F.);
#11335=ORIENTED_EDGE('',*,*,#7077,.F.);
#11336=ORIENTED_EDGE('',*,*,#7870,.T.);
#11337=ORIENTED_EDGE('',*,*,#6703,.F.);
#11338=ORIENTED_EDGE('',*,*,#7869,.F.);
#11339=ORIENTED_EDGE('',*,*,#7076,.F.);
#11340=ORIENTED_EDGE('',*,*,#7871,.T.);
#11341=ORIENTED_EDGE('',*,*,#6704,.F.);
#11342=ORIENTED_EDGE('',*,*,#7870,.F.);
#11343=ORIENTED_EDGE('',*,*,#7075,.F.);
#11344=ORIENTED_EDGE('',*,*,#7872,.T.);
#11345=ORIENTED_EDGE('',*,*,#6705,.F.);
#11346=ORIENTED_EDGE('',*,*,#7871,.F.);
#11347=ORIENTED_EDGE('',*,*,#7074,.F.);
#11348=ORIENTED_EDGE('',*,*,#7873,.T.);
#11349=ORIENTED_EDGE('',*,*,#6706,.F.);
#11350=ORIENTED_EDGE('',*,*,#7872,.F.);
#11351=ORIENTED_EDGE('',*,*,#7073,.F.);
#11352=ORIENTED_EDGE('',*,*,#7874,.T.);
#11353=ORIENTED_EDGE('',*,*,#6707,.F.);
#11354=ORIENTED_EDGE('',*,*,#7873,.F.);
#11355=ORIENTED_EDGE('',*,*,#7072,.F.);
#11356=ORIENTED_EDGE('',*,*,#7868,.T.);
#11357=ORIENTED_EDGE('',*,*,#6708,.F.);
#11358=ORIENTED_EDGE('',*,*,#7874,.F.);
#11359=ORIENTED_EDGE('',*,*,#7063,.F.);
#11360=ORIENTED_EDGE('',*,*,#7875,.T.);
#11361=ORIENTED_EDGE('',*,*,#6709,.F.);
#11362=ORIENTED_EDGE('',*,*,#7876,.F.);
#11363=ORIENTED_EDGE('',*,*,#7070,.F.);
#11364=ORIENTED_EDGE('',*,*,#7877,.T.);
#11365=ORIENTED_EDGE('',*,*,#6710,.F.);
#11366=ORIENTED_EDGE('',*,*,#7875,.F.);
#11367=ORIENTED_EDGE('',*,*,#7069,.F.);
#11368=ORIENTED_EDGE('',*,*,#7878,.T.);
#11369=ORIENTED_EDGE('',*,*,#6711,.F.);
#11370=ORIENTED_EDGE('',*,*,#7877,.F.);
#11371=ORIENTED_EDGE('',*,*,#7068,.F.);
#11372=ORIENTED_EDGE('',*,*,#7879,.T.);
#11373=ORIENTED_EDGE('',*,*,#6712,.F.);
#11374=ORIENTED_EDGE('',*,*,#7878,.F.);
#11375=ORIENTED_EDGE('',*,*,#7067,.F.);
#11376=ORIENTED_EDGE('',*,*,#7880,.T.);
#11377=ORIENTED_EDGE('',*,*,#6713,.F.);
#11378=ORIENTED_EDGE('',*,*,#7879,.F.);
#11379=ORIENTED_EDGE('',*,*,#7066,.F.);
#11380=ORIENTED_EDGE('',*,*,#7881,.T.);
#11381=ORIENTED_EDGE('',*,*,#6714,.F.);
#11382=ORIENTED_EDGE('',*,*,#7880,.F.);
#11383=ORIENTED_EDGE('',*,*,#7065,.F.);
#11384=ORIENTED_EDGE('',*,*,#7882,.T.);
#11385=ORIENTED_EDGE('',*,*,#6715,.F.);
#11386=ORIENTED_EDGE('',*,*,#7881,.F.);
#11387=ORIENTED_EDGE('',*,*,#7064,.F.);
#11388=ORIENTED_EDGE('',*,*,#7876,.T.);
#11389=ORIENTED_EDGE('',*,*,#6716,.F.);
#11390=ORIENTED_EDGE('',*,*,#7882,.F.);
#11391=ORIENTED_EDGE('',*,*,#6933,.T.);
#11392=ORIENTED_EDGE('',*,*,#7032,.F.);
#11393=ORIENTED_EDGE('',*,*,#6953,.T.);
#11394=ORIENTED_EDGE('',*,*,#6665,.F.);
#11395=ORIENTED_EDGE('',*,*,#6922,.F.);
#11396=ORIENTED_EDGE('',*,*,#7883,.T.);
#11397=ORIENTED_EDGE('',*,*,#7035,.F.);
#11398=ORIENTED_EDGE('',*,*,#7884,.F.);
#11399=ORIENTED_EDGE('',*,*,#6923,.T.);
#11400=ORIENTED_EDGE('',*,*,#7884,.T.);
#11401=ORIENTED_EDGE('',*,*,#7034,.F.);
#11402=ORIENTED_EDGE('',*,*,#7885,.F.);
#11403=ORIENTED_EDGE('',*,*,#6924,.F.);
#11404=ORIENTED_EDGE('',*,*,#7885,.T.);
#11405=ORIENTED_EDGE('',*,*,#7033,.F.);
#11406=ORIENTED_EDGE('',*,*,#6941,.F.);
#11407=ORIENTED_EDGE('',*,*,#6878,.F.);
#11408=ORIENTED_EDGE('',*,*,#6949,.T.);
#11409=ORIENTED_EDGE('',*,*,#7031,.F.);
#11410=ORIENTED_EDGE('',*,*,#7886,.F.);
#11411=ORIENTED_EDGE('',*,*,#6879,.F.);
#11412=ORIENTED_EDGE('',*,*,#7886,.T.);
#11413=ORIENTED_EDGE('',*,*,#7030,.F.);
#11414=ORIENTED_EDGE('',*,*,#7887,.F.);
#11415=ORIENTED_EDGE('',*,*,#6880,.F.);
#11416=ORIENTED_EDGE('',*,*,#7887,.T.);
#11417=ORIENTED_EDGE('',*,*,#7029,.F.);
#11418=ORIENTED_EDGE('',*,*,#7888,.F.);
#11419=ORIENTED_EDGE('',*,*,#6881,.F.);
#11420=ORIENTED_EDGE('',*,*,#7888,.T.);
#11421=ORIENTED_EDGE('',*,*,#7028,.F.);
#11422=ORIENTED_EDGE('',*,*,#7889,.F.);
#11423=ORIENTED_EDGE('',*,*,#6882,.T.);
#11424=ORIENTED_EDGE('',*,*,#7889,.T.);
#11425=ORIENTED_EDGE('',*,*,#7027,.F.);
#11426=ORIENTED_EDGE('',*,*,#7890,.F.);
#11427=ORIENTED_EDGE('',*,*,#6883,.F.);
#11428=ORIENTED_EDGE('',*,*,#7890,.T.);
#11429=ORIENTED_EDGE('',*,*,#7026,.F.);
#11430=ORIENTED_EDGE('',*,*,#7891,.F.);
#11431=ORIENTED_EDGE('',*,*,#6884,.T.);
#11432=ORIENTED_EDGE('',*,*,#7891,.T.);
#11433=ORIENTED_EDGE('',*,*,#7025,.F.);
#11434=ORIENTED_EDGE('',*,*,#7892,.F.);
#11435=ORIENTED_EDGE('',*,*,#6885,.F.);
#11436=ORIENTED_EDGE('',*,*,#7892,.T.);
#11437=ORIENTED_EDGE('',*,*,#7024,.F.);
#11438=ORIENTED_EDGE('',*,*,#7893,.F.);
#11439=ORIENTED_EDGE('',*,*,#6886,.T.);
#11440=ORIENTED_EDGE('',*,*,#7893,.T.);
#11441=ORIENTED_EDGE('',*,*,#7023,.F.);
#11442=ORIENTED_EDGE('',*,*,#7894,.F.);
#11443=ORIENTED_EDGE('',*,*,#6887,.F.);
#11444=ORIENTED_EDGE('',*,*,#7894,.T.);
#11445=ORIENTED_EDGE('',*,*,#7022,.F.);
#11446=ORIENTED_EDGE('',*,*,#7895,.F.);
#11447=ORIENTED_EDGE('',*,*,#6888,.T.);
#11448=ORIENTED_EDGE('',*,*,#7895,.T.);
#11449=ORIENTED_EDGE('',*,*,#7021,.F.);
#11450=ORIENTED_EDGE('',*,*,#7896,.F.);
#11451=ORIENTED_EDGE('',*,*,#6889,.F.);
#11452=ORIENTED_EDGE('',*,*,#7896,.T.);
#11453=ORIENTED_EDGE('',*,*,#7020,.F.);
#11454=ORIENTED_EDGE('',*,*,#7897,.F.);
#11455=ORIENTED_EDGE('',*,*,#6890,.F.);
#11456=ORIENTED_EDGE('',*,*,#7897,.T.);
#11457=ORIENTED_EDGE('',*,*,#7019,.F.);
#11458=ORIENTED_EDGE('',*,*,#7898,.F.);
#11459=ORIENTED_EDGE('',*,*,#6891,.F.);
#11460=ORIENTED_EDGE('',*,*,#7898,.T.);
#11461=ORIENTED_EDGE('',*,*,#7018,.F.);
#11462=ORIENTED_EDGE('',*,*,#7899,.F.);
#11463=ORIENTED_EDGE('',*,*,#6892,.F.);
#11464=ORIENTED_EDGE('',*,*,#7899,.T.);
#11465=ORIENTED_EDGE('',*,*,#7017,.F.);
#11466=ORIENTED_EDGE('',*,*,#6950,.F.);
#11467=ORIENTED_EDGE('',*,*,#6894,.F.);
#11468=ORIENTED_EDGE('',*,*,#6952,.T.);
#11469=ORIENTED_EDGE('',*,*,#7016,.F.);
#11470=ORIENTED_EDGE('',*,*,#7900,.F.);
#11471=ORIENTED_EDGE('',*,*,#6895,.F.);
#11472=ORIENTED_EDGE('',*,*,#7900,.T.);
#11473=ORIENTED_EDGE('',*,*,#7015,.F.);
#11474=ORIENTED_EDGE('',*,*,#7901,.F.);
#11475=ORIENTED_EDGE('',*,*,#6896,.F.);
#11476=ORIENTED_EDGE('',*,*,#7901,.T.);
#11477=ORIENTED_EDGE('',*,*,#7014,.F.);
#11478=ORIENTED_EDGE('',*,*,#7902,.F.);
#11479=ORIENTED_EDGE('',*,*,#6897,.F.);
#11480=ORIENTED_EDGE('',*,*,#7902,.T.);
#11481=ORIENTED_EDGE('',*,*,#7013,.F.);
#11482=ORIENTED_EDGE('',*,*,#7903,.F.);
#11483=ORIENTED_EDGE('',*,*,#6898,.T.);
#11484=ORIENTED_EDGE('',*,*,#7903,.T.);
#11485=ORIENTED_EDGE('',*,*,#7012,.F.);
#11486=ORIENTED_EDGE('',*,*,#7904,.F.);
#11487=ORIENTED_EDGE('',*,*,#6899,.F.);
#11488=ORIENTED_EDGE('',*,*,#7904,.T.);
#11489=ORIENTED_EDGE('',*,*,#7011,.F.);
#11490=ORIENTED_EDGE('',*,*,#7905,.F.);
#11491=ORIENTED_EDGE('',*,*,#6900,.T.);
#11492=ORIENTED_EDGE('',*,*,#7905,.T.);
#11493=ORIENTED_EDGE('',*,*,#7010,.F.);
#11494=ORIENTED_EDGE('',*,*,#7906,.F.);
#11495=ORIENTED_EDGE('',*,*,#6901,.F.);
#11496=ORIENTED_EDGE('',*,*,#7906,.T.);
#11497=ORIENTED_EDGE('',*,*,#7009,.F.);
#11498=ORIENTED_EDGE('',*,*,#7907,.F.);
#11499=ORIENTED_EDGE('',*,*,#6902,.T.);
#11500=ORIENTED_EDGE('',*,*,#7907,.T.);
#11501=ORIENTED_EDGE('',*,*,#7008,.F.);
#11502=ORIENTED_EDGE('',*,*,#7908,.F.);
#11503=ORIENTED_EDGE('',*,*,#6903,.F.);
#11504=ORIENTED_EDGE('',*,*,#7908,.T.);
#11505=ORIENTED_EDGE('',*,*,#7007,.F.);
#11506=ORIENTED_EDGE('',*,*,#7909,.F.);
#11507=ORIENTED_EDGE('',*,*,#6904,.T.);
#11508=ORIENTED_EDGE('',*,*,#7909,.T.);
#11509=ORIENTED_EDGE('',*,*,#7006,.F.);
#11510=ORIENTED_EDGE('',*,*,#7910,.F.);
#11511=ORIENTED_EDGE('',*,*,#6905,.F.);
#11512=ORIENTED_EDGE('',*,*,#7910,.T.);
#11513=ORIENTED_EDGE('',*,*,#7005,.F.);
#11514=ORIENTED_EDGE('',*,*,#7911,.F.);
#11515=ORIENTED_EDGE('',*,*,#6906,.F.);
#11516=ORIENTED_EDGE('',*,*,#7911,.T.);
#11517=ORIENTED_EDGE('',*,*,#7004,.F.);
#11518=ORIENTED_EDGE('',*,*,#7912,.F.);
#11519=ORIENTED_EDGE('',*,*,#6907,.F.);
#11520=ORIENTED_EDGE('',*,*,#7912,.T.);
#11521=ORIENTED_EDGE('',*,*,#7003,.F.);
#11522=ORIENTED_EDGE('',*,*,#7913,.F.);
#11523=ORIENTED_EDGE('',*,*,#6908,.F.);
#11524=ORIENTED_EDGE('',*,*,#7913,.T.);
#11525=ORIENTED_EDGE('',*,*,#7002,.F.);
#11526=ORIENTED_EDGE('',*,*,#6946,.F.);
#11527=ORIENTED_EDGE('',*,*,#6959,.F.);
#11528=ORIENTED_EDGE('',*,*,#6936,.T.);
#11529=ORIENTED_EDGE('',*,*,#7062,.F.);
#11530=ORIENTED_EDGE('',*,*,#7914,.F.);
#11531=ORIENTED_EDGE('',*,*,#6960,.T.);
#11532=ORIENTED_EDGE('',*,*,#7914,.T.);
#11533=ORIENTED_EDGE('',*,*,#7061,.F.);
#11534=ORIENTED_EDGE('',*,*,#7915,.F.);
#11535=ORIENTED_EDGE('',*,*,#6961,.F.);
#11536=ORIENTED_EDGE('',*,*,#7915,.T.);
#11537=ORIENTED_EDGE('',*,*,#7060,.F.);
#11538=ORIENTED_EDGE('',*,*,#7916,.F.);
#11539=ORIENTED_EDGE('',*,*,#6962,.F.);
#11540=ORIENTED_EDGE('',*,*,#7916,.T.);
#11541=ORIENTED_EDGE('',*,*,#7059,.F.);
#11542=ORIENTED_EDGE('',*,*,#7917,.F.);
#11543=ORIENTED_EDGE('',*,*,#6963,.T.);
#11544=ORIENTED_EDGE('',*,*,#7917,.T.);
#11545=ORIENTED_EDGE('',*,*,#7058,.F.);
#11546=ORIENTED_EDGE('',*,*,#7918,.F.);
#11547=ORIENTED_EDGE('',*,*,#6964,.F.);
#11548=ORIENTED_EDGE('',*,*,#7918,.T.);
#11549=ORIENTED_EDGE('',*,*,#7057,.F.);
#11550=ORIENTED_EDGE('',*,*,#7919,.F.);
#11551=ORIENTED_EDGE('',*,*,#6965,.T.);
#11552=ORIENTED_EDGE('',*,*,#7919,.T.);
#11553=ORIENTED_EDGE('',*,*,#7056,.F.);
#11554=ORIENTED_EDGE('',*,*,#7920,.F.);
#11555=ORIENTED_EDGE('',*,*,#6966,.F.);
#11556=ORIENTED_EDGE('',*,*,#7920,.T.);
#11557=ORIENTED_EDGE('',*,*,#7055,.F.);
#11558=ORIENTED_EDGE('',*,*,#7921,.F.);
#11559=ORIENTED_EDGE('',*,*,#6967,.T.);
#11560=ORIENTED_EDGE('',*,*,#7921,.T.);
#11561=ORIENTED_EDGE('',*,*,#7054,.F.);
#11562=ORIENTED_EDGE('',*,*,#7922,.F.);
#11563=ORIENTED_EDGE('',*,*,#6968,.F.);
#11564=ORIENTED_EDGE('',*,*,#7922,.T.);
#11565=ORIENTED_EDGE('',*,*,#7053,.F.);
#11566=ORIENTED_EDGE('',*,*,#7923,.F.);
#11567=ORIENTED_EDGE('',*,*,#6969,.T.);
#11568=ORIENTED_EDGE('',*,*,#7923,.T.);
#11569=ORIENTED_EDGE('',*,*,#7052,.F.);
#11570=ORIENTED_EDGE('',*,*,#7924,.F.);
#11571=ORIENTED_EDGE('',*,*,#6970,.F.);
#11572=ORIENTED_EDGE('',*,*,#7924,.T.);
#11573=ORIENTED_EDGE('',*,*,#7051,.F.);
#11574=ORIENTED_EDGE('',*,*,#7925,.F.);
#11575=ORIENTED_EDGE('',*,*,#6971,.F.);
#11576=ORIENTED_EDGE('',*,*,#7925,.T.);
#11577=ORIENTED_EDGE('',*,*,#7050,.F.);
#11578=ORIENTED_EDGE('',*,*,#7926,.F.);
#11579=ORIENTED_EDGE('',*,*,#6972,.T.);
#11580=ORIENTED_EDGE('',*,*,#7926,.T.);
#11581=ORIENTED_EDGE('',*,*,#7049,.F.);
#11582=ORIENTED_EDGE('',*,*,#7927,.F.);
#11583=ORIENTED_EDGE('',*,*,#6973,.F.);
#11584=ORIENTED_EDGE('',*,*,#7927,.T.);
#11585=ORIENTED_EDGE('',*,*,#7048,.F.);
#11586=ORIENTED_EDGE('',*,*,#6938,.F.);
#11587=ORIENTED_EDGE('',*,*,#6910,.F.);
#11588=ORIENTED_EDGE('',*,*,#6940,.T.);
#11589=ORIENTED_EDGE('',*,*,#7047,.F.);
#11590=ORIENTED_EDGE('',*,*,#7928,.F.);
#11591=ORIENTED_EDGE('',*,*,#6911,.T.);
#11592=ORIENTED_EDGE('',*,*,#7928,.T.);
#11593=ORIENTED_EDGE('',*,*,#7046,.F.);
#11594=ORIENTED_EDGE('',*,*,#7929,.F.);
#11595=ORIENTED_EDGE('',*,*,#6912,.F.);
#11596=ORIENTED_EDGE('',*,*,#7929,.T.);
#11597=ORIENTED_EDGE('',*,*,#7045,.F.);
#11598=ORIENTED_EDGE('',*,*,#7930,.F.);
#11599=ORIENTED_EDGE('',*,*,#6913,.F.);
#11600=ORIENTED_EDGE('',*,*,#7930,.T.);
#11601=ORIENTED_EDGE('',*,*,#7044,.F.);
#11602=ORIENTED_EDGE('',*,*,#7931,.F.);
#11603=ORIENTED_EDGE('',*,*,#6914,.T.);
#11604=ORIENTED_EDGE('',*,*,#7931,.T.);
#11605=ORIENTED_EDGE('',*,*,#7043,.F.);
#11606=ORIENTED_EDGE('',*,*,#7932,.F.);
#11607=ORIENTED_EDGE('',*,*,#6915,.F.);
#11608=ORIENTED_EDGE('',*,*,#7932,.T.);
#11609=ORIENTED_EDGE('',*,*,#7042,.F.);
#11610=ORIENTED_EDGE('',*,*,#7933,.F.);
#11611=ORIENTED_EDGE('',*,*,#6916,.T.);
#11612=ORIENTED_EDGE('',*,*,#7933,.T.);
#11613=ORIENTED_EDGE('',*,*,#7041,.F.);
#11614=ORIENTED_EDGE('',*,*,#7934,.F.);
#11615=ORIENTED_EDGE('',*,*,#6917,.T.);
#11616=ORIENTED_EDGE('',*,*,#7934,.T.);
#11617=ORIENTED_EDGE('',*,*,#7040,.F.);
#11618=ORIENTED_EDGE('',*,*,#7935,.F.);
#11619=ORIENTED_EDGE('',*,*,#6918,.T.);
#11620=ORIENTED_EDGE('',*,*,#7935,.T.);
#11621=ORIENTED_EDGE('',*,*,#7039,.F.);
#11622=ORIENTED_EDGE('',*,*,#7936,.F.);
#11623=ORIENTED_EDGE('',*,*,#6919,.T.);
#11624=ORIENTED_EDGE('',*,*,#7936,.T.);
#11625=ORIENTED_EDGE('',*,*,#7038,.F.);
#11626=ORIENTED_EDGE('',*,*,#7937,.F.);
#11627=ORIENTED_EDGE('',*,*,#6920,.T.);
#11628=ORIENTED_EDGE('',*,*,#7937,.T.);
#11629=ORIENTED_EDGE('',*,*,#7037,.F.);
#11630=ORIENTED_EDGE('',*,*,#7938,.F.);
#11631=ORIENTED_EDGE('',*,*,#6921,.T.);
#11632=ORIENTED_EDGE('',*,*,#7938,.T.);
#11633=ORIENTED_EDGE('',*,*,#7036,.F.);
#11634=ORIENTED_EDGE('',*,*,#7883,.F.);
#11635=PLANE('',#12611);
#11636=PLANE('',#12612);
#11637=PLANE('',#12613);
#11638=PLANE('',#12614);
#11639=PLANE('',#12615);
#11640=PLANE('',#12616);
#11641=PLANE('',#12617);
#11642=PLANE('',#12618);
#11643=PLANE('',#12619);
#11644=PLANE('',#12742);
#11645=PLANE('',#12745);
#11646=PLANE('',#12748);
#11647=PLANE('',#12751);
#11648=PLANE('',#12754);
#11649=PLANE('',#12757);
#11650=PLANE('',#12760);
#11651=PLANE('',#12763);
#11652=PLANE('',#12766);
#11653=PLANE('',#12769);
#11654=PLANE('',#12772);
#11655=PLANE('',#12775);
#11656=PLANE('',#12778);
#11657=PLANE('',#12781);
#11658=PLANE('',#12784);
#11659=PLANE('',#12787);
#11660=PLANE('',#12790);
#11661=PLANE('',#12793);
#11662=PLANE('',#12796);
#11663=PLANE('',#12799);
#11664=PLANE('',#12803);
#11665=PLANE('',#12807);
#11666=PLANE('',#12811);
#11667=PLANE('',#12815);
#11668=PLANE('',#12819);
#11669=PLANE('',#12823);
#11670=PLANE('',#12827);
#11671=PLANE('',#12831);
#11672=PLANE('',#12835);
#11673=PLANE('',#12839);
#11674=PLANE('',#12843);
#11675=PLANE('',#12847);
#11676=PLANE('',#12851);
#11677=PLANE('',#12855);
#11678=PLANE('',#12859);
#11679=PLANE('',#12863);
#11680=PLANE('',#12867);
#11681=PLANE('',#12871);
#11682=PLANE('',#12875);
#11683=PLANE('',#12879);
#11684=PLANE('',#12883);
#11685=PLANE('',#12887);
#11686=PLANE('',#12891);
#11687=PLANE('',#12895);
#11688=PLANE('',#12899);
#11689=PLANE('',#12903);
#11690=PLANE('',#12907);
#11691=PLANE('',#12911);
#11692=PLANE('',#12915);
#11693=PLANE('',#12919);
#11694=PLANE('',#12923);
#11695=PLANE('',#12927);
#11696=PLANE('',#12928);
#11697=PLANE('',#12929);
#11698=PLANE('',#12934);
#11699=PLANE('',#12939);
#11700=PLANE('',#12944);
#11701=PLANE('',#12961);
#11702=PLANE('',#12978);
#11703=PLANE('',#12995);
#11704=PLANE('',#13012);
#11705=PLANE('',#13029);
#11706=PLANE('',#13046);
#11707=PLANE('',#13055);
#11708=PLANE('',#13064);
#11709=PLANE('',#13073);
#11710=PLANE('',#13078);
#11711=PLANE('',#13083);
#11712=PLANE('',#13084);
#11713=PLANE('',#13085);
#11714=PLANE('',#13086);
#11715=PLANE('',#13087);
#11716=PLANE('',#13096);
#11717=PLANE('',#13097);
#11718=PLANE('',#13098);
#11719=PLANE('',#13099);
#11720=PLANE('',#13100);
#11721=PLANE('',#13101);
#11722=PLANE('',#13102);
#11723=PLANE('',#13103);
#11724=PLANE('',#13104);
#11725=PLANE('',#13105);
#11726=PLANE('',#13106);
#11727=PLANE('',#13107);
#11728=PLANE('',#13108);
#11729=PLANE('',#13349);
#11730=PLANE('',#13351);
#11731=PLANE('',#13353);
#11732=PLANE('',#13355);
#11733=PLANE('',#13357);
#11734=PLANE('',#13359);
#11735=PLANE('',#13360);
#11736=PLANE('',#13361);
#11737=PLANE('',#13362);
#11738=PLANE('',#13364);
#11739=PLANE('',#13366);
#11740=PLANE('',#13368);
#11741=PLANE('',#13370);
#11742=PLANE('',#13372);
#11743=PLANE('',#13374);
#11744=PLANE('',#13375);
#11745=PLANE('',#13377);
#11746=PLANE('',#13379);
#11747=PLANE('',#13380);
#11748=PLANE('',#13382);
#11749=PLANE('',#13384);
#11750=PLANE('',#13385);
#11751=PLANE('',#13387);
#11752=PLANE('',#13388);
#11753=PLANE('',#13390);
#11754=PLANE('',#13392);
#11755=PLANE('',#13394);
#11756=PLANE('',#13396);
#11757=PLANE('',#13398);
#11758=PLANE('',#13400);
#11759=PLANE('',#13401);
#11760=PLANE('',#13403);
#11761=PLANE('',#13405);
#11762=PLANE('',#13406);
#11763=PLANE('',#13408);
#11764=PLANE('',#13410);
#11765=PLANE('',#13411);
#11766=PLANE('',#13413);
#11767=PLANE('',#13415);
#11768=PLANE('',#13417);
#11769=PLANE('',#13419);
#11770=PLANE('',#13421);
#11771=PLANE('',#13423);
#11772=PLANE('',#13424);
#11773=PLANE('',#13425);
#11774=PLANE('',#13426);
#11775=PLANE('',#13427);
#11776=PLANE('',#13429);
#11777=PLANE('',#13431);
#11778=PLANE('',#13433);
#11779=PLANE('',#13435);
#11780=PLANE('',#13437);
#11781=PLANE('',#13439);
#11782=PLANE('',#13441);
#11783=PLANE('',#13443);
#11784=PLANE('',#13445);
#11785=PLANE('',#13447);
#11786=PLANE('',#13449);
#11787=PLANE('',#13451);
#11788=PLANE('',#13453);
#11789=PLANE('',#13455);
#11790=PLANE('',#13457);
#11791=PLANE('',#13459);
#11792=PLANE('',#13461);
#11793=PLANE('',#13463);
#11794=PLANE('',#13465);
#11795=PLANE('',#13467);
#11796=PLANE('',#13469);
#11797=PLANE('',#13471);
#11798=PLANE('',#13473);
#11799=PLANE('',#13475);
#11800=PLANE('',#13477);
#11801=PLANE('',#13479);
#11802=PLANE('',#13481);
#11803=PLANE('',#13483);
#11804=PLANE('',#13485);
#11805=PLANE('',#13487);
#11806=PLANE('',#13489);
#11807=PLANE('',#13491);
#11808=PLANE('',#13493);
#11809=PLANE('',#13495);
#11810=PLANE('',#13497);
#11811=PLANE('',#13499);
#11812=PLANE('',#13501);
#11813=PLANE('',#13503);
#11814=PLANE('',#13505);
#11815=PLANE('',#13507);
#11816=PLANE('',#13509);
#11817=PLANE('',#13511);
#11818=PLANE('',#13513);
#11819=PLANE('',#13515);
#11820=PLANE('',#13517);
#11821=PLANE('',#13519);
#11822=PLANE('',#13521);
#11823=PLANE('',#13523);
#11824=PLANE('',#13525);
#11825=PLANE('',#13527);
#11826=PLANE('',#13529);
#11827=PLANE('',#13531);
#11828=PLANE('',#13533);
#11829=PLANE('',#13535);
#11830=PLANE('',#13537);
#11831=PLANE('',#13539);
#11832=PLANE('',#13541);
#11833=PLANE('',#13543);
#11834=PLANE('',#13545);
#11835=PLANE('',#13547);
#11836=PLANE('',#13549);
#11837=PLANE('',#13551);
#11838=PLANE('',#13553);
#11839=PLANE('',#13555);
#11840=PLANE('',#13557);
#11841=PLANE('',#13559);
#11842=PLANE('',#13561);
#11843=PLANE('',#13563);
#11844=PLANE('',#13565);
#11845=PLANE('',#13567);
#11846=PLANE('',#13569);
#11847=PLANE('',#13571);
#11848=PLANE('',#13573);
#11849=PLANE('',#13575);
#11850=PLANE('',#13577);
#11851=PLANE('',#13579);
#11852=PLANE('',#13581);
#11853=PLANE('',#13583);
#11854=PLANE('',#13585);
#11855=PLANE('',#13587);
#11856=PLANE('',#13589);
#11857=PLANE('',#13591);
#11858=PLANE('',#13593);
#11859=PLANE('',#13595);
#11860=PLANE('',#13597);
#11861=PLANE('',#13599);
#11862=PLANE('',#13601);
#11863=PLANE('',#13603);
#11864=PLANE('',#13605);
#11865=PLANE('',#13607);
#11866=PLANE('',#13609);
#11867=PLANE('',#13611);
#11868=PLANE('',#13613);
#11869=PLANE('',#13615);
#11870=PLANE('',#13617);
#11871=PLANE('',#13619);
#11872=PLANE('',#13621);
#11873=PLANE('',#13623);
#11874=PLANE('',#13625);
#11875=PLANE('',#13627);
#11876=PLANE('',#13629);
#11877=PLANE('',#13631);
#11878=PLANE('',#13633);
#11879=PLANE('',#13635);
#11880=PLANE('',#13637);
#11881=PLANE('',#13639);
#11882=PLANE('',#13641);
#11883=PLANE('',#13643);
#11884=PLANE('',#13645);
#11885=PLANE('',#13647);
#11886=PLANE('',#13649);
#11887=PLANE('',#13651);
#11888=PLANE('',#13653);
#11889=PLANE('',#13655);
#11890=PLANE('',#13657);
#11891=PLANE('',#13659);
#11892=PLANE('',#13661);
#11893=PLANE('',#13663);
#11894=PLANE('',#13665);
#11895=PLANE('',#13668);
#11896=PLANE('',#13670);
#11897=PLANE('',#13672);
#11898=PLANE('',#13675);
#11899=PLANE('',#13677);
#11900=PLANE('',#13679);
#11901=PLANE('',#13681);
#11902=PLANE('',#13683);
#11903=PLANE('',#13685);
#11904=PLANE('',#13687);
#11905=PLANE('',#13689);
#11906=PLANE('',#13691);
#11907=PLANE('',#13693);
#11908=PLANE('',#13695);
#11909=PLANE('',#13697);
#11910=PLANE('',#13699);
#11911=PLANE('',#13701);
#11912=PLANE('',#13703);
#11913=PLANE('',#13705);
#11914=PLANE('',#13707);
#11915=PLANE('',#13709);
#11916=PLANE('',#13711);
#11917=PLANE('',#13713);
#11918=PLANE('',#13715);
#11919=PLANE('',#13717);
#11920=PLANE('',#13719);
#11921=PLANE('',#13721);
#11922=PLANE('',#13723);
#11923=PLANE('',#13725);
#11924=PLANE('',#13727);
#11925=PLANE('',#13729);
#11926=PLANE('',#13731);
#11927=PLANE('',#13733);
#11928=PLANE('',#13735);
#11929=PLANE('',#13737);
#11930=PLANE('',#13739);
#11931=PLANE('',#13741);
#11932=PLANE('',#13743);
#11933=PLANE('',#13745);
#11934=PLANE('',#13747);
#11935=PLANE('',#13749);
#11936=PLANE('',#13751);
#11937=PLANE('',#13753);
#11938=PLANE('',#13755);
#11939=PLANE('',#13757);
#11940=PLANE('',#13759);
#11941=PLANE('',#13761);
#11942=PLANE('',#13763);
#11943=PLANE('',#13766);
#11944=PLANE('',#13768);
#11945=PLANE('',#13770);
#11946=PLANE('',#13772);
#11947=PLANE('',#13774);
#11948=PLANE('',#13776);
#11949=PLANE('',#13778);
#11950=PLANE('',#13781);
#11951=PLANE('',#13783);
#11952=PLANE('',#13785);
#11953=PLANE('',#13787);
#11954=PLANE('',#13789);
#11955=PLANE('',#13791);
#11956=PLANE('',#13793);
#11957=PLANE('',#13796);
#11958=PLANE('',#13798);
#11959=PLANE('',#13800);
#11960=PLANE('',#13802);
#11961=PLANE('',#13804);
#11962=PLANE('',#13806);
#11963=PLANE('',#13808);
#11964=PLANE('',#13811);
#11965=PLANE('',#13813);
#11966=PLANE('',#13815);
#11967=PLANE('',#13817);
#11968=PLANE('',#13819);
#11969=PLANE('',#13821);
#11970=ADVANCED_FACE('',(#984),#11635,.T.);
#11971=ADVANCED_FACE('',(#985),#11636,.T.);
#11972=ADVANCED_FACE('',(#986),#11637,.T.);
#11973=ADVANCED_FACE('',(#987),#11638,.T.);
#11974=ADVANCED_FACE('',(#988),#11639,.T.);
#11975=ADVANCED_FACE('',(#989),#11640,.T.);
#11976=ADVANCED_FACE('',(#990),#11641,.T.);
#11977=ADVANCED_FACE('',(#991),#11642,.T.);
#11978=ADVANCED_FACE('',(#992,#307,#308,#309,#310,#311,#312,#313,#314,#315,
#316,#317,#318,#319,#320,#321,#322),#11643,.F.);
#11979=ADVANCED_FACE('',(#993),#15,.F.);
#11980=ADVANCED_FACE('',(#994),#11644,.T.);
#11981=ADVANCED_FACE('',(#995),#16,.F.);
#11982=ADVANCED_FACE('',(#996),#11645,.T.);
#11983=ADVANCED_FACE('',(#997),#17,.F.);
#11984=ADVANCED_FACE('',(#998),#11646,.T.);
#11985=ADVANCED_FACE('',(#999),#18,.T.);
#11986=ADVANCED_FACE('',(#1000),#11647,.T.);
#11987=ADVANCED_FACE('',(#1001),#19,.F.);
#11988=ADVANCED_FACE('',(#1002),#11648,.T.);
#11989=ADVANCED_FACE('',(#1003),#20,.F.);
#11990=ADVANCED_FACE('',(#1004),#11649,.T.);
#11991=ADVANCED_FACE('',(#1005),#21,.T.);
#11992=ADVANCED_FACE('',(#1006),#11650,.T.);
#11993=ADVANCED_FACE('',(#1007),#22,.F.);
#11994=ADVANCED_FACE('',(#1008),#11651,.T.);
#11995=ADVANCED_FACE('',(#1009),#23,.F.);
#11996=ADVANCED_FACE('',(#1010),#11652,.T.);
#11997=ADVANCED_FACE('',(#1011),#24,.T.);
#11998=ADVANCED_FACE('',(#1012),#11653,.T.);
#11999=ADVANCED_FACE('',(#1013),#25,.F.);
#12000=ADVANCED_FACE('',(#1014),#11654,.T.);
#12001=ADVANCED_FACE('',(#1015),#26,.F.);
#12002=ADVANCED_FACE('',(#1016),#11655,.T.);
#12003=ADVANCED_FACE('',(#1017),#27,.T.);
#12004=ADVANCED_FACE('',(#1018),#11656,.T.);
#12005=ADVANCED_FACE('',(#1019),#28,.F.);
#12006=ADVANCED_FACE('',(#1020),#11657,.T.);
#12007=ADVANCED_FACE('',(#1021),#29,.F.);
#12008=ADVANCED_FACE('',(#1022),#11658,.T.);
#12009=ADVANCED_FACE('',(#1023),#30,.F.);
#12010=ADVANCED_FACE('',(#1024),#11659,.T.);
#12011=ADVANCED_FACE('',(#1025),#31,.T.);
#12012=ADVANCED_FACE('',(#1026),#11660,.T.);
#12013=ADVANCED_FACE('',(#1027),#32,.F.);
#12014=ADVANCED_FACE('',(#1028),#11661,.T.);
#12015=ADVANCED_FACE('',(#1029),#33,.F.);
#12016=ADVANCED_FACE('',(#1030),#11662,.T.);
#12017=ADVANCED_FACE('',(#1031),#34,.T.);
#12018=ADVANCED_FACE('',(#1032),#11663,.T.);
#12019=ADVANCED_FACE('',(#1033),#35,.F.);
#12020=ADVANCED_FACE('',(#1034),#11664,.T.);
#12021=ADVANCED_FACE('',(#1035),#36,.F.);
#12022=ADVANCED_FACE('',(#1036),#11665,.T.);
#12023=ADVANCED_FACE('',(#1037),#37,.F.);
#12024=ADVANCED_FACE('',(#1038),#11666,.T.);
#12025=ADVANCED_FACE('',(#1039),#38,.F.);
#12026=ADVANCED_FACE('',(#1040),#11667,.T.);
#12027=ADVANCED_FACE('',(#1041),#39,.F.);
#12028=ADVANCED_FACE('',(#1042),#11668,.T.);
#12029=ADVANCED_FACE('',(#1043),#40,.F.);
#12030=ADVANCED_FACE('',(#1044),#11669,.T.);
#12031=ADVANCED_FACE('',(#1045),#41,.F.);
#12032=ADVANCED_FACE('',(#1046),#11670,.T.);
#12033=ADVANCED_FACE('',(#1047),#42,.F.);
#12034=ADVANCED_FACE('',(#1048),#11671,.T.);
#12035=ADVANCED_FACE('',(#1049),#43,.F.);
#12036=ADVANCED_FACE('',(#1050),#11672,.T.);
#12037=ADVANCED_FACE('',(#1051),#44,.F.);
#12038=ADVANCED_FACE('',(#1052),#11673,.T.);
#12039=ADVANCED_FACE('',(#1053),#45,.F.);
#12040=ADVANCED_FACE('',(#1054),#11674,.T.);
#12041=ADVANCED_FACE('',(#1055),#46,.F.);
#12042=ADVANCED_FACE('',(#1056),#11675,.T.);
#12043=ADVANCED_FACE('',(#1057),#47,.F.);
#12044=ADVANCED_FACE('',(#1058),#11676,.T.);
#12045=ADVANCED_FACE('',(#1059),#48,.F.);
#12046=ADVANCED_FACE('',(#1060),#11677,.T.);
#12047=ADVANCED_FACE('',(#1061),#49,.F.);
#12048=ADVANCED_FACE('',(#1062),#11678,.T.);
#12049=ADVANCED_FACE('',(#1063),#50,.F.);
#12050=ADVANCED_FACE('',(#1064),#11679,.T.);
#12051=ADVANCED_FACE('',(#1065),#51,.F.);
#12052=ADVANCED_FACE('',(#1066),#11680,.T.);
#12053=ADVANCED_FACE('',(#1067),#52,.F.);
#12054=ADVANCED_FACE('',(#1068),#11681,.T.);
#12055=ADVANCED_FACE('',(#1069),#53,.F.);
#12056=ADVANCED_FACE('',(#1070),#11682,.T.);
#12057=ADVANCED_FACE('',(#1071),#54,.F.);
#12058=ADVANCED_FACE('',(#1072),#11683,.T.);
#12059=ADVANCED_FACE('',(#1073),#55,.F.);
#12060=ADVANCED_FACE('',(#1074),#11684,.T.);
#12061=ADVANCED_FACE('',(#1075),#56,.F.);
#12062=ADVANCED_FACE('',(#1076),#11685,.T.);
#12063=ADVANCED_FACE('',(#1077),#57,.F.);
#12064=ADVANCED_FACE('',(#1078),#11686,.T.);
#12065=ADVANCED_FACE('',(#1079),#58,.F.);
#12066=ADVANCED_FACE('',(#1080),#11687,.T.);
#12067=ADVANCED_FACE('',(#1081),#59,.F.);
#12068=ADVANCED_FACE('',(#1082),#11688,.T.);
#12069=ADVANCED_FACE('',(#1083),#60,.F.);
#12070=ADVANCED_FACE('',(#1084),#11689,.T.);
#12071=ADVANCED_FACE('',(#1085),#61,.F.);
#12072=ADVANCED_FACE('',(#1086),#11690,.T.);
#12073=ADVANCED_FACE('',(#1087),#62,.F.);
#12074=ADVANCED_FACE('',(#1088),#11691,.T.);
#12075=ADVANCED_FACE('',(#1089),#63,.F.);
#12076=ADVANCED_FACE('',(#1090),#11692,.T.);
#12077=ADVANCED_FACE('',(#1091),#64,.F.);
#12078=ADVANCED_FACE('',(#1092),#11693,.T.);
#12079=ADVANCED_FACE('',(#1093),#65,.F.);
#12080=ADVANCED_FACE('',(#1094),#11694,.T.);
#12081=ADVANCED_FACE('',(#1095),#66,.F.);
#12082=ADVANCED_FACE('',(#1096),#11695,.T.);
#12083=ADVANCED_FACE('',(#1097),#11696,.T.);
#12084=ADVANCED_FACE('',(#1098,#323,#324,#325,#326,#327,#328,#329,#330,
#331),#11697,.T.);
#12085=ADVANCED_FACE('',(#1099,#332),#11698,.F.);
#12086=ADVANCED_FACE('',(#1100,#333),#11699,.F.);
#12087=ADVANCED_FACE('',(#1101,#334,#335,#336,#337),#11700,.F.);
#12088=ADVANCED_FACE('',(#1102,#338,#339,#340,#341),#11701,.F.);
#12089=ADVANCED_FACE('',(#1103,#342,#343,#344,#345),#11702,.F.);
#12090=ADVANCED_FACE('',(#1104,#346,#347,#348,#349),#11703,.F.);
#12091=ADVANCED_FACE('',(#1105,#350,#351,#352,#353),#11704,.F.);
#12092=ADVANCED_FACE('',(#1106,#354,#355,#356,#357),#11705,.F.);
#12093=ADVANCED_FACE('',(#1107),#11706,.F.);
#12094=ADVANCED_FACE('',(#1108),#11707,.F.);
#12095=ADVANCED_FACE('',(#1109),#11708,.F.);
#12096=ADVANCED_FACE('',(#1110),#11709,.T.);
#12097=ADVANCED_FACE('',(#1111),#67,.T.);
#12098=ADVANCED_FACE('',(#1112),#68,.T.);
#12099=ADVANCED_FACE('',(#1113),#11710,.T.);
#12100=ADVANCED_FACE('',(#1114),#69,.T.);
#12101=ADVANCED_FACE('',(#1115),#70,.T.);
#12102=ADVANCED_FACE('',(#1116),#11711,.T.);
#12103=ADVANCED_FACE('',(#1117),#11712,.T.);
#12104=ADVANCED_FACE('',(#1118),#11713,.T.);
#12105=ADVANCED_FACE('',(#1119),#11714,.T.);
#12106=ADVANCED_FACE('',(#1120),#11715,.F.);
#12107=ADVANCED_FACE('',(#1121),#11716,.F.);
#12108=ADVANCED_FACE('',(#1122),#11717,.F.);
#12109=ADVANCED_FACE('',(#1123),#11718,.F.);
#12110=ADVANCED_FACE('',(#1124),#11719,.F.);
#12111=ADVANCED_FACE('',(#1125),#11720,.F.);
#12112=ADVANCED_FACE('',(#1126),#11721,.F.);
#12113=ADVANCED_FACE('',(#1127),#11722,.F.);
#12114=ADVANCED_FACE('',(#1128),#11723,.F.);
#12115=ADVANCED_FACE('',(#1129),#11724,.F.);
#12116=ADVANCED_FACE('',(#1130),#11725,.F.);
#12117=ADVANCED_FACE('',(#1131),#11726,.F.);
#12118=ADVANCED_FACE('',(#1132),#11727,.F.);
#12119=ADVANCED_FACE('',(#1133,#358,#359,#360,#361,#362,#363,#364,#365,
#366,#367,#368,#369,#370,#371,#372,#373,#374,#375,#376,#377,#378,#379,#380,
#381,#382,#383,#384,#385,#386,#387,#388,#389,#390,#391,#392,#393,#394,#395,
#396,#397,#398,#399),#11728,.T.);
#12120=ADVANCED_FACE('',(#1134),#71,.F.);
#12121=ADVANCED_FACE('',(#1135),#72,.T.);
#12122=ADVANCED_FACE('',(#1136),#73,.F.);
#12123=ADVANCED_FACE('',(#1137),#74,.T.);
#12124=ADVANCED_FACE('',(#1138),#11729,.T.);
#12125=ADVANCED_FACE('',(#1139),#75,.F.);
#12126=ADVANCED_FACE('',(#1140),#11730,.T.);
#12127=ADVANCED_FACE('',(#1141),#76,.T.);
#12128=ADVANCED_FACE('',(#1142),#11731,.T.);
#12129=ADVANCED_FACE('',(#1143),#77,.F.);
#12130=ADVANCED_FACE('',(#1144),#11732,.T.);
#12131=ADVANCED_FACE('',(#1145),#78,.F.);
#12132=ADVANCED_FACE('',(#1146),#11733,.T.);
#12133=ADVANCED_FACE('',(#1147),#79,.T.);
#12134=ADVANCED_FACE('',(#1148),#11734,.T.);
#12135=ADVANCED_FACE('',(#1149),#11735,.T.);
#12136=ADVANCED_FACE('',(#1150),#11736,.T.);
#12137=ADVANCED_FACE('',(#1151),#11737,.T.);
#12138=ADVANCED_FACE('',(#1152),#80,.T.);
#12139=ADVANCED_FACE('',(#1153),#11738,.T.);
#12140=ADVANCED_FACE('',(#1154),#81,.F.);
#12141=ADVANCED_FACE('',(#1155),#11739,.T.);
#12142=ADVANCED_FACE('',(#1156),#82,.F.);
#12143=ADVANCED_FACE('',(#1157),#11740,.T.);
#12144=ADVANCED_FACE('',(#1158),#83,.T.);
#12145=ADVANCED_FACE('',(#1159),#11741,.T.);
#12146=ADVANCED_FACE('',(#1160),#84,.F.);
#12147=ADVANCED_FACE('',(#1161),#11742,.T.);
#12148=ADVANCED_FACE('',(#1162),#85,.T.);
#12149=ADVANCED_FACE('',(#1163),#11743,.T.);
#12150=ADVANCED_FACE('',(#1164),#11744,.T.);
#12151=ADVANCED_FACE('',(#1165),#86,.F.);
#12152=ADVANCED_FACE('',(#1166),#11745,.T.);
#12153=ADVANCED_FACE('',(#1167),#87,.F.);
#12154=ADVANCED_FACE('',(#1168),#11746,.T.);
#12155=ADVANCED_FACE('',(#1169),#11747,.T.);
#12156=ADVANCED_FACE('',(#1170),#88,.F.);
#12157=ADVANCED_FACE('',(#1171),#11748,.T.);
#12158=ADVANCED_FACE('',(#1172),#89,.F.);
#12159=ADVANCED_FACE('',(#1173),#11749,.T.);
#12160=ADVANCED_FACE('',(#1174),#11750,.T.);
#12161=ADVANCED_FACE('',(#1175),#90,.F.);
#12162=ADVANCED_FACE('',(#1176),#11751,.T.);
#12163=ADVANCED_FACE('',(#1177),#11752,.T.);
#12164=ADVANCED_FACE('',(#1178),#91,.T.);
#12165=ADVANCED_FACE('',(#1179),#11753,.T.);
#12166=ADVANCED_FACE('',(#1180),#92,.F.);
#12167=ADVANCED_FACE('',(#1181),#11754,.T.);
#12168=ADVANCED_FACE('',(#1182),#93,.F.);
#12169=ADVANCED_FACE('',(#1183),#11755,.T.);
#12170=ADVANCED_FACE('',(#1184),#94,.T.);
#12171=ADVANCED_FACE('',(#1185),#11756,.T.);
#12172=ADVANCED_FACE('',(#1186),#95,.F.);
#12173=ADVANCED_FACE('',(#1187),#11757,.T.);
#12174=ADVANCED_FACE('',(#1188),#96,.T.);
#12175=ADVANCED_FACE('',(#1189),#11758,.T.);
#12176=ADVANCED_FACE('',(#1190),#11759,.T.);
#12177=ADVANCED_FACE('',(#1191),#97,.F.);
#12178=ADVANCED_FACE('',(#1192),#11760,.T.);
#12179=ADVANCED_FACE('',(#1193),#98,.F.);
#12180=ADVANCED_FACE('',(#1194),#11761,.T.);
#12181=ADVANCED_FACE('',(#1195),#11762,.T.);
#12182=ADVANCED_FACE('',(#1196),#99,.F.);
#12183=ADVANCED_FACE('',(#1197),#11763,.T.);
#12184=ADVANCED_FACE('',(#1198),#100,.F.);
#12185=ADVANCED_FACE('',(#1199),#11764,.T.);
#12186=ADVANCED_FACE('',(#1200),#11765,.T.);
#12187=ADVANCED_FACE('',(#1201),#101,.F.);
#12188=ADVANCED_FACE('',(#1202),#11766,.T.);
#12189=ADVANCED_FACE('',(#1203),#102,.F.);
#12190=ADVANCED_FACE('',(#1204),#11767,.T.);
#12191=ADVANCED_FACE('',(#1205),#103,.T.);
#12192=ADVANCED_FACE('',(#1206),#11768,.T.);
#12193=ADVANCED_FACE('',(#1207),#104,.F.);
#12194=ADVANCED_FACE('',(#1208),#11769,.T.);
#12195=ADVANCED_FACE('',(#1209),#105,.F.);
#12196=ADVANCED_FACE('',(#1210),#11770,.T.);
#12197=ADVANCED_FACE('',(#1211),#106,.T.);
#12198=ADVANCED_FACE('',(#1212),#11771,.T.);
#12199=ADVANCED_FACE('',(#1213),#11772,.T.);
#12200=ADVANCED_FACE('',(#1214),#11773,.F.);
#12201=ADVANCED_FACE('',(#1215),#11774,.F.);
#12202=ADVANCED_FACE('',(#1216),#11775,.F.);
#12203=ADVANCED_FACE('',(#1217),#107,.F.);
#12204=ADVANCED_FACE('',(#1218),#11776,.F.);
#12205=ADVANCED_FACE('',(#1219),#108,.F.);
#12206=ADVANCED_FACE('',(#1220),#11777,.F.);
#12207=ADVANCED_FACE('',(#1221),#109,.F.);
#12208=ADVANCED_FACE('',(#1222),#11778,.F.);
#12209=ADVANCED_FACE('',(#1223),#110,.F.);
#12210=ADVANCED_FACE('',(#1224),#11779,.F.);
#12211=ADVANCED_FACE('',(#1225),#111,.F.);
#12212=ADVANCED_FACE('',(#1226),#11780,.F.);
#12213=ADVANCED_FACE('',(#1227),#112,.F.);
#12214=ADVANCED_FACE('',(#1228),#11781,.F.);
#12215=ADVANCED_FACE('',(#1229),#113,.F.);
#12216=ADVANCED_FACE('',(#1230),#11782,.F.);
#12217=ADVANCED_FACE('',(#1231),#114,.F.);
#12218=ADVANCED_FACE('',(#1232),#11783,.F.);
#12219=ADVANCED_FACE('',(#1233),#115,.F.);
#12220=ADVANCED_FACE('',(#1234),#11784,.F.);
#12221=ADVANCED_FACE('',(#1235),#116,.F.);
#12222=ADVANCED_FACE('',(#1236),#11785,.F.);
#12223=ADVANCED_FACE('',(#1237),#117,.F.);
#12224=ADVANCED_FACE('',(#1238),#11786,.F.);
#12225=ADVANCED_FACE('',(#1239),#118,.F.);
#12226=ADVANCED_FACE('',(#1240),#11787,.F.);
#12227=ADVANCED_FACE('',(#1241),#119,.F.);
#12228=ADVANCED_FACE('',(#1242),#11788,.F.);
#12229=ADVANCED_FACE('',(#1243),#120,.F.);
#12230=ADVANCED_FACE('',(#1244),#11789,.F.);
#12231=ADVANCED_FACE('',(#1245),#121,.F.);
#12232=ADVANCED_FACE('',(#1246),#11790,.F.);
#12233=ADVANCED_FACE('',(#1247),#122,.F.);
#12234=ADVANCED_FACE('',(#1248),#11791,.F.);
#12235=ADVANCED_FACE('',(#1249),#123,.F.);
#12236=ADVANCED_FACE('',(#1250),#11792,.F.);
#12237=ADVANCED_FACE('',(#1251),#124,.F.);
#12238=ADVANCED_FACE('',(#1252),#11793,.F.);
#12239=ADVANCED_FACE('',(#1253),#125,.F.);
#12240=ADVANCED_FACE('',(#1254),#11794,.F.);
#12241=ADVANCED_FACE('',(#1255),#126,.F.);
#12242=ADVANCED_FACE('',(#1256),#11795,.F.);
#12243=ADVANCED_FACE('',(#1257),#127,.F.);
#12244=ADVANCED_FACE('',(#1258),#11796,.F.);
#12245=ADVANCED_FACE('',(#1259),#128,.F.);
#12246=ADVANCED_FACE('',(#1260),#11797,.F.);
#12247=ADVANCED_FACE('',(#1261),#129,.F.);
#12248=ADVANCED_FACE('',(#1262),#11798,.F.);
#12249=ADVANCED_FACE('',(#1263),#130,.F.);
#12250=ADVANCED_FACE('',(#1264),#11799,.F.);
#12251=ADVANCED_FACE('',(#1265),#131,.F.);
#12252=ADVANCED_FACE('',(#1266),#11800,.F.);
#12253=ADVANCED_FACE('',(#1267),#132,.F.);
#12254=ADVANCED_FACE('',(#1268),#11801,.F.);
#12255=ADVANCED_FACE('',(#1269),#133,.F.);
#12256=ADVANCED_FACE('',(#1270),#11802,.F.);
#12257=ADVANCED_FACE('',(#1271),#134,.F.);
#12258=ADVANCED_FACE('',(#1272),#11803,.F.);
#12259=ADVANCED_FACE('',(#1273),#135,.F.);
#12260=ADVANCED_FACE('',(#1274),#11804,.F.);
#12261=ADVANCED_FACE('',(#1275),#136,.F.);
#12262=ADVANCED_FACE('',(#1276),#11805,.F.);
#12263=ADVANCED_FACE('',(#1277),#137,.F.);
#12264=ADVANCED_FACE('',(#1278),#11806,.F.);
#12265=ADVANCED_FACE('',(#1279),#138,.F.);
#12266=ADVANCED_FACE('',(#1280),#11807,.F.);
#12267=ADVANCED_FACE('',(#1281),#139,.F.);
#12268=ADVANCED_FACE('',(#1282),#11808,.F.);
#12269=ADVANCED_FACE('',(#1283),#140,.F.);
#12270=ADVANCED_FACE('',(#1284),#11809,.F.);
#12271=ADVANCED_FACE('',(#1285),#141,.F.);
#12272=ADVANCED_FACE('',(#1286),#11810,.F.);
#12273=ADVANCED_FACE('',(#1287),#142,.F.);
#12274=ADVANCED_FACE('',(#1288),#11811,.F.);
#12275=ADVANCED_FACE('',(#1289),#143,.F.);
#12276=ADVANCED_FACE('',(#1290),#11812,.F.);
#12277=ADVANCED_FACE('',(#1291),#144,.F.);
#12278=ADVANCED_FACE('',(#1292),#11813,.F.);
#12279=ADVANCED_FACE('',(#1293),#145,.F.);
#12280=ADVANCED_FACE('',(#1294),#11814,.F.);
#12281=ADVANCED_FACE('',(#1295),#146,.F.);
#12282=ADVANCED_FACE('',(#1296),#11815,.F.);
#12283=ADVANCED_FACE('',(#1297),#147,.F.);
#12284=ADVANCED_FACE('',(#1298),#11816,.F.);
#12285=ADVANCED_FACE('',(#1299),#148,.F.);
#12286=ADVANCED_FACE('',(#1300),#11817,.F.);
#12287=ADVANCED_FACE('',(#1301),#149,.F.);
#12288=ADVANCED_FACE('',(#1302),#11818,.F.);
#12289=ADVANCED_FACE('',(#1303),#150,.F.);
#12290=ADVANCED_FACE('',(#1304),#11819,.F.);
#12291=ADVANCED_FACE('',(#1305),#151,.F.);
#12292=ADVANCED_FACE('',(#1306),#11820,.F.);
#12293=ADVANCED_FACE('',(#1307),#152,.F.);
#12294=ADVANCED_FACE('',(#1308),#11821,.F.);
#12295=ADVANCED_FACE('',(#1309),#153,.F.);
#12296=ADVANCED_FACE('',(#1310),#11822,.F.);
#12297=ADVANCED_FACE('',(#1311),#154,.F.);
#12298=ADVANCED_FACE('',(#1312),#11823,.F.);
#12299=ADVANCED_FACE('',(#1313),#155,.F.);
#12300=ADVANCED_FACE('',(#1314),#11824,.F.);
#12301=ADVANCED_FACE('',(#1315),#156,.F.);
#12302=ADVANCED_FACE('',(#1316),#11825,.F.);
#12303=ADVANCED_FACE('',(#1317),#157,.F.);
#12304=ADVANCED_FACE('',(#1318),#11826,.F.);
#12305=ADVANCED_FACE('',(#1319),#158,.F.);
#12306=ADVANCED_FACE('',(#1320),#11827,.F.);
#12307=ADVANCED_FACE('',(#1321),#159,.F.);
#12308=ADVANCED_FACE('',(#1322),#11828,.F.);
#12309=ADVANCED_FACE('',(#1323),#160,.F.);
#12310=ADVANCED_FACE('',(#1324),#11829,.F.);
#12311=ADVANCED_FACE('',(#1325),#161,.F.);
#12312=ADVANCED_FACE('',(#1326),#11830,.F.);
#12313=ADVANCED_FACE('',(#1327),#162,.F.);
#12314=ADVANCED_FACE('',(#1328),#11831,.F.);
#12315=ADVANCED_FACE('',(#1329),#163,.F.);
#12316=ADVANCED_FACE('',(#1330),#11832,.F.);
#12317=ADVANCED_FACE('',(#1331),#164,.F.);
#12318=ADVANCED_FACE('',(#1332),#11833,.F.);
#12319=ADVANCED_FACE('',(#1333),#165,.F.);
#12320=ADVANCED_FACE('',(#1334),#11834,.F.);
#12321=ADVANCED_FACE('',(#1335),#166,.F.);
#12322=ADVANCED_FACE('',(#1336),#11835,.F.);
#12323=ADVANCED_FACE('',(#1337),#167,.F.);
#12324=ADVANCED_FACE('',(#1338),#11836,.F.);
#12325=ADVANCED_FACE('',(#1339),#168,.F.);
#12326=ADVANCED_FACE('',(#1340),#11837,.F.);
#12327=ADVANCED_FACE('',(#1341),#169,.F.);
#12328=ADVANCED_FACE('',(#1342),#11838,.F.);
#12329=ADVANCED_FACE('',(#1343),#170,.F.);
#12330=ADVANCED_FACE('',(#1344),#11839,.F.);
#12331=ADVANCED_FACE('',(#1345),#171,.F.);
#12332=ADVANCED_FACE('',(#1346),#11840,.F.);
#12333=ADVANCED_FACE('',(#1347),#172,.F.);
#12334=ADVANCED_FACE('',(#1348),#11841,.F.);
#12335=ADVANCED_FACE('',(#1349),#173,.F.);
#12336=ADVANCED_FACE('',(#1350),#11842,.F.);
#12337=ADVANCED_FACE('',(#1351),#174,.F.);
#12338=ADVANCED_FACE('',(#1352),#11843,.F.);
#12339=ADVANCED_FACE('',(#1353),#175,.F.);
#12340=ADVANCED_FACE('',(#1354),#11844,.F.);
#12341=ADVANCED_FACE('',(#1355),#176,.F.);
#12342=ADVANCED_FACE('',(#1356),#11845,.F.);
#12343=ADVANCED_FACE('',(#1357),#177,.F.);
#12344=ADVANCED_FACE('',(#1358),#11846,.F.);
#12345=ADVANCED_FACE('',(#1359),#178,.F.);
#12346=ADVANCED_FACE('',(#1360),#11847,.F.);
#12347=ADVANCED_FACE('',(#1361),#179,.F.);
#12348=ADVANCED_FACE('',(#1362),#11848,.F.);
#12349=ADVANCED_FACE('',(#1363),#180,.F.);
#12350=ADVANCED_FACE('',(#1364),#11849,.F.);
#12351=ADVANCED_FACE('',(#1365),#181,.F.);
#12352=ADVANCED_FACE('',(#1366),#11850,.F.);
#12353=ADVANCED_FACE('',(#1367),#182,.F.);
#12354=ADVANCED_FACE('',(#1368),#11851,.F.);
#12355=ADVANCED_FACE('',(#1369),#183,.F.);
#12356=ADVANCED_FACE('',(#1370),#11852,.F.);
#12357=ADVANCED_FACE('',(#1371),#184,.F.);
#12358=ADVANCED_FACE('',(#1372),#11853,.F.);
#12359=ADVANCED_FACE('',(#1373),#185,.F.);
#12360=ADVANCED_FACE('',(#1374),#11854,.F.);
#12361=ADVANCED_FACE('',(#1375),#186,.F.);
#12362=ADVANCED_FACE('',(#1376),#11855,.F.);
#12363=ADVANCED_FACE('',(#1377),#187,.F.);
#12364=ADVANCED_FACE('',(#1378),#11856,.F.);
#12365=ADVANCED_FACE('',(#1379),#188,.F.);
#12366=ADVANCED_FACE('',(#1380),#11857,.F.);
#12367=ADVANCED_FACE('',(#1381),#189,.F.);
#12368=ADVANCED_FACE('',(#1382),#11858,.F.);
#12369=ADVANCED_FACE('',(#1383),#190,.F.);
#12370=ADVANCED_FACE('',(#1384),#11859,.F.);
#12371=ADVANCED_FACE('',(#1385),#191,.F.);
#12372=ADVANCED_FACE('',(#1386),#11860,.F.);
#12373=ADVANCED_FACE('',(#1387),#192,.F.);
#12374=ADVANCED_FACE('',(#1388),#11861,.F.);
#12375=ADVANCED_FACE('',(#1389),#193,.F.);
#12376=ADVANCED_FACE('',(#1390),#11862,.F.);
#12377=ADVANCED_FACE('',(#1391),#194,.F.);
#12378=ADVANCED_FACE('',(#1392),#11863,.F.);
#12379=ADVANCED_FACE('',(#1393),#195,.F.);
#12380=ADVANCED_FACE('',(#1394),#11864,.F.);
#12381=ADVANCED_FACE('',(#1395),#196,.F.);
#12382=ADVANCED_FACE('',(#1396),#11865,.F.);
#12383=ADVANCED_FACE('',(#1397),#197,.F.);
#12384=ADVANCED_FACE('',(#1398),#11866,.F.);
#12385=ADVANCED_FACE('',(#1399),#198,.F.);
#12386=ADVANCED_FACE('',(#1400),#11867,.F.);
#12387=ADVANCED_FACE('',(#1401),#199,.F.);
#12388=ADVANCED_FACE('',(#1402),#11868,.F.);
#12389=ADVANCED_FACE('',(#1403),#200,.F.);
#12390=ADVANCED_FACE('',(#1404),#11869,.F.);
#12391=ADVANCED_FACE('',(#1405),#201,.F.);
#12392=ADVANCED_FACE('',(#1406),#11870,.F.);
#12393=ADVANCED_FACE('',(#1407),#202,.F.);
#12394=ADVANCED_FACE('',(#1408),#11871,.F.);
#12395=ADVANCED_FACE('',(#1409),#203,.F.);
#12396=ADVANCED_FACE('',(#1410),#11872,.F.);
#12397=ADVANCED_FACE('',(#1411),#204,.F.);
#12398=ADVANCED_FACE('',(#1412),#11873,.F.);
#12399=ADVANCED_FACE('',(#1413),#205,.F.);
#12400=ADVANCED_FACE('',(#1414),#11874,.F.);
#12401=ADVANCED_FACE('',(#1415),#206,.F.);
#12402=ADVANCED_FACE('',(#1416),#11875,.F.);
#12403=ADVANCED_FACE('',(#1417),#207,.F.);
#12404=ADVANCED_FACE('',(#1418),#11876,.F.);
#12405=ADVANCED_FACE('',(#1419),#208,.F.);
#12406=ADVANCED_FACE('',(#1420),#11877,.F.);
#12407=ADVANCED_FACE('',(#1421),#209,.F.);
#12408=ADVANCED_FACE('',(#1422),#11878,.F.);
#12409=ADVANCED_FACE('',(#1423),#210,.F.);
#12410=ADVANCED_FACE('',(#1424),#11879,.F.);
#12411=ADVANCED_FACE('',(#1425),#211,.F.);
#12412=ADVANCED_FACE('',(#1426),#11880,.F.);
#12413=ADVANCED_FACE('',(#1427),#212,.F.);
#12414=ADVANCED_FACE('',(#1428),#11881,.F.);
#12415=ADVANCED_FACE('',(#1429),#213,.F.);
#12416=ADVANCED_FACE('',(#1430),#11882,.F.);
#12417=ADVANCED_FACE('',(#1431),#214,.F.);
#12418=ADVANCED_FACE('',(#1432),#11883,.F.);
#12419=ADVANCED_FACE('',(#1433),#215,.F.);
#12420=ADVANCED_FACE('',(#1434),#11884,.F.);
#12421=ADVANCED_FACE('',(#1435),#216,.F.);
#12422=ADVANCED_FACE('',(#1436),#11885,.F.);
#12423=ADVANCED_FACE('',(#1437),#217,.F.);
#12424=ADVANCED_FACE('',(#1438),#11886,.F.);
#12425=ADVANCED_FACE('',(#1439),#218,.F.);
#12426=ADVANCED_FACE('',(#1440),#11887,.F.);
#12427=ADVANCED_FACE('',(#1441),#219,.F.);
#12428=ADVANCED_FACE('',(#1442),#11888,.F.);
#12429=ADVANCED_FACE('',(#1443),#220,.F.);
#12430=ADVANCED_FACE('',(#1444),#11889,.F.);
#12431=ADVANCED_FACE('',(#1445),#221,.F.);
#12432=ADVANCED_FACE('',(#1446),#11890,.F.);
#12433=ADVANCED_FACE('',(#1447),#222,.F.);
#12434=ADVANCED_FACE('',(#1448),#11891,.F.);
#12435=ADVANCED_FACE('',(#1449),#223,.F.);
#12436=ADVANCED_FACE('',(#1450),#11892,.F.);
#12437=ADVANCED_FACE('',(#1451),#224,.F.);
#12438=ADVANCED_FACE('',(#1452),#11893,.F.);
#12439=ADVANCED_FACE('',(#1453),#225,.F.);
#12440=ADVANCED_FACE('',(#1454),#11894,.F.);
#12441=ADVANCED_FACE('',(#1455),#226,.F.);
#12442=ADVANCED_FACE('',(#1456),#227,.F.);
#12443=ADVANCED_FACE('',(#1457),#11895,.F.);
#12444=ADVANCED_FACE('',(#1458),#228,.F.);
#12445=ADVANCED_FACE('',(#1459),#11896,.F.);
#12446=ADVANCED_FACE('',(#1460),#229,.F.);
#12447=ADVANCED_FACE('',(#1461),#11897,.F.);
#12448=ADVANCED_FACE('',(#1462),#230,.F.);
#12449=ADVANCED_FACE('',(#1463),#231,.F.);
#12450=ADVANCED_FACE('',(#1464),#11898,.F.);
#12451=ADVANCED_FACE('',(#1465),#232,.F.);
#12452=ADVANCED_FACE('',(#1466),#11899,.F.);
#12453=ADVANCED_FACE('',(#1467),#233,.F.);
#12454=ADVANCED_FACE('',(#1468),#11900,.F.);
#12455=ADVANCED_FACE('',(#1469),#234,.F.);
#12456=ADVANCED_FACE('',(#1470),#11901,.F.);
#12457=ADVANCED_FACE('',(#1471),#235,.F.);
#12458=ADVANCED_FACE('',(#1472),#11902,.F.);
#12459=ADVANCED_FACE('',(#1473),#236,.F.);
#12460=ADVANCED_FACE('',(#1474),#11903,.F.);
#12461=ADVANCED_FACE('',(#1475),#237,.F.);
#12462=ADVANCED_FACE('',(#1476),#11904,.F.);
#12463=ADVANCED_FACE('',(#1477),#238,.F.);
#12464=ADVANCED_FACE('',(#1478),#11905,.F.);
#12465=ADVANCED_FACE('',(#1479),#239,.F.);
#12466=ADVANCED_FACE('',(#1480),#11906,.F.);
#12467=ADVANCED_FACE('',(#1481),#240,.F.);
#12468=ADVANCED_FACE('',(#1482),#11907,.F.);
#12469=ADVANCED_FACE('',(#1483),#241,.F.);
#12470=ADVANCED_FACE('',(#1484),#11908,.F.);
#12471=ADVANCED_FACE('',(#1485),#242,.F.);
#12472=ADVANCED_FACE('',(#1486),#11909,.F.);
#12473=ADVANCED_FACE('',(#1487),#243,.F.);
#12474=ADVANCED_FACE('',(#1488),#11910,.F.);
#12475=ADVANCED_FACE('',(#1489),#244,.F.);
#12476=ADVANCED_FACE('',(#1490),#11911,.F.);
#12477=ADVANCED_FACE('',(#1491),#245,.F.);
#12478=ADVANCED_FACE('',(#1492),#11912,.F.);
#12479=ADVANCED_FACE('',(#1493),#246,.F.);
#12480=ADVANCED_FACE('',(#1494),#11913,.F.);
#12481=ADVANCED_FACE('',(#1495),#247,.F.);
#12482=ADVANCED_FACE('',(#1496),#11914,.F.);
#12483=ADVANCED_FACE('',(#1497),#248,.F.);
#12484=ADVANCED_FACE('',(#1498),#11915,.F.);
#12485=ADVANCED_FACE('',(#1499),#249,.F.);
#12486=ADVANCED_FACE('',(#1500),#11916,.F.);
#12487=ADVANCED_FACE('',(#1501),#250,.F.);
#12488=ADVANCED_FACE('',(#1502),#11917,.F.);
#12489=ADVANCED_FACE('',(#1503),#251,.F.);
#12490=ADVANCED_FACE('',(#1504),#11918,.F.);
#12491=ADVANCED_FACE('',(#1505),#252,.F.);
#12492=ADVANCED_FACE('',(#1506),#11919,.F.);
#12493=ADVANCED_FACE('',(#1507),#253,.F.);
#12494=ADVANCED_FACE('',(#1508),#11920,.F.);
#12495=ADVANCED_FACE('',(#1509),#254,.F.);
#12496=ADVANCED_FACE('',(#1510),#11921,.F.);
#12497=ADVANCED_FACE('',(#1511),#255,.F.);
#12498=ADVANCED_FACE('',(#1512),#11922,.F.);
#12499=ADVANCED_FACE('',(#1513),#256,.F.);
#12500=ADVANCED_FACE('',(#1514),#11923,.F.);
#12501=ADVANCED_FACE('',(#1515),#257,.F.);
#12502=ADVANCED_FACE('',(#1516),#11924,.F.);
#12503=ADVANCED_FACE('',(#1517),#258,.F.);
#12504=ADVANCED_FACE('',(#1518),#11925,.F.);
#12505=ADVANCED_FACE('',(#1519),#259,.F.);
#12506=ADVANCED_FACE('',(#1520),#11926,.F.);
#12507=ADVANCED_FACE('',(#1521),#260,.F.);
#12508=ADVANCED_FACE('',(#1522),#11927,.F.);
#12509=ADVANCED_FACE('',(#1523),#261,.F.);
#12510=ADVANCED_FACE('',(#1524),#11928,.F.);
#12511=ADVANCED_FACE('',(#1525),#262,.F.);
#12512=ADVANCED_FACE('',(#1526),#11929,.F.);
#12513=ADVANCED_FACE('',(#1527),#263,.F.);
#12514=ADVANCED_FACE('',(#1528),#11930,.F.);
#12515=ADVANCED_FACE('',(#1529),#264,.F.);
#12516=ADVANCED_FACE('',(#1530),#11931,.F.);
#12517=ADVANCED_FACE('',(#1531),#265,.F.);
#12518=ADVANCED_FACE('',(#1532),#11932,.F.);
#12519=ADVANCED_FACE('',(#1533),#266,.F.);
#12520=ADVANCED_FACE('',(#1534),#11933,.F.);
#12521=ADVANCED_FACE('',(#1535),#267,.F.);
#12522=ADVANCED_FACE('',(#1536),#11934,.F.);
#12523=ADVANCED_FACE('',(#1537),#268,.F.);
#12524=ADVANCED_FACE('',(#1538),#11935,.F.);
#12525=ADVANCED_FACE('',(#1539),#269,.F.);
#12526=ADVANCED_FACE('',(#1540),#11936,.F.);
#12527=ADVANCED_FACE('',(#1541),#270,.F.);
#12528=ADVANCED_FACE('',(#1542),#11937,.F.);
#12529=ADVANCED_FACE('',(#1543),#271,.F.);
#12530=ADVANCED_FACE('',(#1544),#11938,.F.);
#12531=ADVANCED_FACE('',(#1545),#272,.F.);
#12532=ADVANCED_FACE('',(#1546),#11939,.F.);
#12533=ADVANCED_FACE('',(#1547),#273,.F.);
#12534=ADVANCED_FACE('',(#1548),#11940,.F.);
#12535=ADVANCED_FACE('',(#1549),#274,.F.);
#12536=ADVANCED_FACE('',(#1550),#11941,.T.);
#12537=ADVANCED_FACE('',(#1551),#275,.F.);
#12538=ADVANCED_FACE('',(#1552),#11942,.T.);
#12539=ADVANCED_FACE('',(#1553),#276,.F.);
#12540=ADVANCED_FACE('',(#1554),#277,.F.);
#12541=ADVANCED_FACE('',(#1555),#11943,.T.);
#12542=ADVANCED_FACE('',(#1556),#278,.F.);
#12543=ADVANCED_FACE('',(#1557),#11944,.T.);
#12544=ADVANCED_FACE('',(#1558),#279,.T.);
#12545=ADVANCED_FACE('',(#1559),#11945,.T.);
#12546=ADVANCED_FACE('',(#1560),#280,.T.);
#12547=ADVANCED_FACE('',(#1561),#11946,.T.);
#12548=ADVANCED_FACE('',(#1562),#281,.T.);
#12549=ADVANCED_FACE('',(#1563),#11947,.T.);
#12550=ADVANCED_FACE('',(#1564),#282,.T.);
#12551=ADVANCED_FACE('',(#1565),#11948,.T.);
#12552=ADVANCED_FACE('',(#1566),#283,.F.);
#12553=ADVANCED_FACE('',(#1567),#11949,.T.);
#12554=ADVANCED_FACE('',(#1568),#284,.F.);
#12555=ADVANCED_FACE('',(#1569),#285,.F.);
#12556=ADVANCED_FACE('',(#1570),#11950,.T.);
#12557=ADVANCED_FACE('',(#1571),#286,.F.);
#12558=ADVANCED_FACE('',(#1572),#11951,.T.);
#12559=ADVANCED_FACE('',(#1573),#287,.T.);
#12560=ADVANCED_FACE('',(#1574),#11952,.T.);
#12561=ADVANCED_FACE('',(#1575),#288,.T.);
#12562=ADVANCED_FACE('',(#1576),#11953,.T.);
#12563=ADVANCED_FACE('',(#1577),#289,.T.);
#12564=ADVANCED_FACE('',(#1578),#11954,.T.);
#12565=ADVANCED_FACE('',(#1579),#290,.T.);
#12566=ADVANCED_FACE('',(#1580),#11955,.T.);
#12567=ADVANCED_FACE('',(#1581),#291,.F.);
#12568=ADVANCED_FACE('',(#1582),#11956,.T.);
#12569=ADVANCED_FACE('',(#1583),#292,.F.);
#12570=ADVANCED_FACE('',(#1584),#293,.F.);
#12571=ADVANCED_FACE('',(#1585),#11957,.T.);
#12572=ADVANCED_FACE('',(#1586),#294,.F.);
#12573=ADVANCED_FACE('',(#1587),#11958,.T.);
#12574=ADVANCED_FACE('',(#1588),#295,.T.);
#12575=ADVANCED_FACE('',(#1589),#11959,.T.);
#12576=ADVANCED_FACE('',(#1590),#296,.T.);
#12577=ADVANCED_FACE('',(#1591),#11960,.T.);
#12578=ADVANCED_FACE('',(#1592),#297,.T.);
#12579=ADVANCED_FACE('',(#1593),#11961,.T.);
#12580=ADVANCED_FACE('',(#1594),#298,.T.);
#12581=ADVANCED_FACE('',(#1595),#11962,.T.);
#12582=ADVANCED_FACE('',(#1596),#299,.F.);
#12583=ADVANCED_FACE('',(#1597),#11963,.T.);
#12584=ADVANCED_FACE('',(#1598),#300,.F.);
#12585=ADVANCED_FACE('',(#1599),#301,.F.);
#12586=ADVANCED_FACE('',(#1600),#11964,.T.);
#12587=ADVANCED_FACE('',(#1601),#302,.F.);
#12588=ADVANCED_FACE('',(#1602),#11965,.T.);
#12589=ADVANCED_FACE('',(#1603),#303,.T.);
#12590=ADVANCED_FACE('',(#1604),#11966,.T.);
#12591=ADVANCED_FACE('',(#1605),#304,.T.);
#12592=ADVANCED_FACE('',(#1606),#11967,.T.);
#12593=ADVANCED_FACE('',(#1607),#305,.T.);
#12594=ADVANCED_FACE('',(#1608),#11968,.T.);
#12595=ADVANCED_FACE('',(#1609),#306,.T.);
#12596=ADVANCED_FACE('',(#1610),#11969,.T.);
#12597=CLOSED_SHELL('',(#11970,#11971,#11972,#11973,#11974,#11975,#11976,
#11977,#11978,#11979,#11980,#11981,#11982,#11983,#11984,#11985,#11986,#11987,
#11988,#11989,#11990,#11991,#11992,#11993,#11994,#11995,#11996,#11997,#11998,
#11999,#12000,#12001,#12002,#12003,#12004,#12005,#12006,#12007,#12008,#12009,
#12010,#12011,#12012,#12013,#12014,#12015,#12016,#12017,#12018,#12019,#12020,
#12021,#12022,#12023,#12024,#12025,#12026,#12027,#12028,#12029,#12030,#12031,
#12032,#12033,#12034,#12035,#12036,#12037,#12038,#12039,#12040,#12041,#12042,
#12043,#12044,#12045,#12046,#12047,#12048,#12049,#12050,#12051,#12052,#12053,
#12054,#12055,#12056,#12057,#12058,#12059,#12060,#12061,#12062,#12063,#12064,
#12065,#12066,#12067,#12068,#12069,#12070,#12071,#12072,#12073,#12074,#12075,
#12076,#12077,#12078,#12079,#12080,#12081,#12082,#12083,#12084,#12085,#12086,
#12087,#12088,#12089,#12090,#12091,#12092,#12093,#12094,#12095,#12096,#12097,
#12098,#12099,#12100,#12101,#12102,#12103,#12104,#12105,#12106,#12107,#12108,
#12109,#12110,#12111,#12112,#12113,#12114,#12115,#12116,#12117,#12118,#12119,
#12120,#12121,#12122,#12123,#12124,#12125,#12126,#12127,#12128,#12129,#12130,
#12131,#12132,#12133,#12134,#12135,#12136,#12137,#12138,#12139,#12140,#12141,
#12142,#12143,#12144,#12145,#12146,#12147,#12148,#12149,#12150,#12151,#12152,
#12153,#12154,#12155,#12156,#12157,#12158,#12159,#12160,#12161,#12162,#12163,
#12164,#12165,#12166,#12167,#12168,#12169,#12170,#12171,#12172,#12173,#12174,
#12175,#12176,#12177,#12178,#12179,#12180,#12181,#12182,#12183,#12184,#12185,
#12186,#12187,#12188,#12189,#12190,#12191,#12192,#12193,#12194,#12195,#12196,
#12197,#12198,#12199,#12200,#12201,#12202,#12203,#12204,#12205,#12206,#12207,
#12208,#12209,#12210,#12211,#12212,#12213,#12214,#12215,#12216,#12217,#12218,
#12219,#12220,#12221,#12222,#12223,#12224,#12225,#12226,#12227,#12228,#12229,
#12230,#12231,#12232,#12233,#12234,#12235,#12236,#12237,#12238,#12239,#12240,
#12241,#12242,#12243,#12244,#12245,#12246,#12247,#12248,#12249,#12250,#12251,
#12252,#12253,#12254,#12255,#12256,#12257,#12258,#12259,#12260,#12261,#12262,
#12263,#12264,#12265,#12266,#12267,#12268,#12269,#12270,#12271,#12272,#12273,
#12274,#12275,#12276,#12277,#12278,#12279,#12280,#12281,#12282,#12283,#12284,
#12285,#12286,#12287,#12288,#12289,#12290,#12291,#12292,#12293,#12294,#12295,
#12296,#12297,#12298,#12299,#12300,#12301,#12302,#12303,#12304,#12305,#12306,
#12307,#12308,#12309,#12310,#12311,#12312,#12313,#12314,#12315,#12316,#12317,
#12318,#12319,#12320,#12321,#12322,#12323,#12324,#12325,#12326,#12327,#12328,
#12329,#12330,#12331,#12332,#12333,#12334,#12335,#12336,#12337,#12338,#12339,
#12340,#12341,#12342,#12343,#12344,#12345,#12346,#12347,#12348,#12349,#12350,
#12351,#12352,#12353,#12354,#12355,#12356,#12357,#12358,#12359,#12360,#12361,
#12362,#12363,#12364,#12365,#12366,#12367,#12368,#12369,#12370,#12371,#12372,
#12373,#12374,#12375,#12376,#12377,#12378,#12379,#12380,#12381,#12382,#12383,
#12384,#12385,#12386,#12387,#12388,#12389,#12390,#12391,#12392,#12393,#12394,
#12395,#12396,#12397,#12398,#12399,#12400,#12401,#12402,#12403,#12404,#12405,
#12406,#12407,#12408,#12409,#12410,#12411,#12412,#12413,#12414,#12415,#12416,
#12417,#12418,#12419,#12420,#12421,#12422,#12423,#12424,#12425,#12426,#12427,
#12428,#12429,#12430,#12431,#12432,#12433,#12434,#12435,#12436,#12437,#12438,
#12439,#12440,#12441,#12442,#12443,#12444,#12445,#12446,#12447,#12448,#12449,
#12450,#12451,#12452,#12453,#12454,#12455,#12456,#12457,#12458,#12459,#12460,
#12461,#12462,#12463,#12464,#12465,#12466,#12467,#12468,#12469,#12470,#12471,
#12472,#12473,#12474,#12475,#12476,#12477,#12478,#12479,#12480,#12481,#12482,
#12483,#12484,#12485,#12486,#12487,#12488,#12489,#12490,#12491,#12492,#12493,
#12494,#12495,#12496,#12497,#12498,#12499,#12500,#12501,#12502,#12503,#12504,
#12505,#12506,#12507,#12508,#12509,#12510,#12511,#12512,#12513,#12514,#12515,
#12516,#12517,#12518,#12519,#12520,#12521,#12522,#12523,#12524,#12525,#12526,
#12527,#12528,#12529,#12530,#12531,#12532,#12533,#12534,#12535,#12536,#12537,
#12538,#12539,#12540,#12541,#12542,#12543,#12544,#12545,#12546,#12547,#12548,
#12549,#12550,#12551,#12552,#12553,#12554,#12555,#12556,#12557,#12558,#12559,
#12560,#12561,#12562,#12563,#12564,#12565,#12566,#12567,#12568,#12569,#12570,
#12571,#12572,#12573,#12574,#12575,#12576,#12577,#12578,#12579,#12580,#12581,
#12582,#12583,#12584,#12585,#12586,#12587,#12588,#12589,#12590,#12591,#12592,
#12593,#12594,#12595,#12596));
#12598=DERIVED_UNIT_ELEMENT(#12600,1.);
#12599=DERIVED_UNIT_ELEMENT(#21223,-3.);
#12600=(
MASS_UNIT()
NAMED_UNIT(*)
SI_UNIT(.KILO.,.GRAM.)
);
#12601=DERIVED_UNIT((#12598,#12599));
#12602=MEASURE_REPRESENTATION_ITEM('density measure',
POSITIVE_RATIO_MEASURE(7850.),#12601);
#12603=PROPERTY_DEFINITION_REPRESENTATION(#12608,#12605);
#12604=PROPERTY_DEFINITION_REPRESENTATION(#12609,#12606);
#12605=REPRESENTATION('material name',(#12607),#21220);
#12606=REPRESENTATION('density',(#12602),#21220);
#12607=DESCRIPTIVE_REPRESENTATION_ITEM('Acier','Acier');
#12608=PROPERTY_DEFINITION('material property','material name',#21230);
#12609=PROPERTY_DEFINITION('material property','density of part',#21230);
#12610=AXIS2_PLACEMENT_3D('',#17510,#13822,#13823);
#12611=AXIS2_PLACEMENT_3D('',#17511,#13824,#13825);
#12612=AXIS2_PLACEMENT_3D('',#17520,#13830,#13831);
#12613=AXIS2_PLACEMENT_3D('',#17529,#13836,#13837);
#12614=AXIS2_PLACEMENT_3D('',#17538,#13842,#13843);
#12615=AXIS2_PLACEMENT_3D('',#17547,#13848,#13849);
#12616=AXIS2_PLACEMENT_3D('',#17556,#13854,#13855);
#12617=AXIS2_PLACEMENT_3D('',#17565,#13860,#13861);
#12618=AXIS2_PLACEMENT_3D('',#17574,#13866,#13867);
#12619=AXIS2_PLACEMENT_3D('',#17583,#13872,#13873);
#12620=AXIS2_PLACEMENT_3D('',#17588,#13875,#13876);
#12621=AXIS2_PLACEMENT_3D('',#17592,#13878,#13879);
#12622=AXIS2_PLACEMENT_3D('',#17596,#13881,#13882);
#12623=AXIS2_PLACEMENT_3D('',#17600,#13884,#13885);
#12624=AXIS2_PLACEMENT_3D('',#17604,#13887,#13888);
#12625=AXIS2_PLACEMENT_3D('',#17608,#13890,#13891);
#12626=AXIS2_PLACEMENT_3D('',#17612,#13893,#13894);
#12627=AXIS2_PLACEMENT_3D('',#17616,#13896,#13897);
#12628=AXIS2_PLACEMENT_3D('',#17620,#13899,#13900);
#12629=AXIS2_PLACEMENT_3D('',#17624,#13902,#13903);
#12630=AXIS2_PLACEMENT_3D('',#17628,#13905,#13906);
#12631=AXIS2_PLACEMENT_3D('',#17632,#13908,#13909);
#12632=AXIS2_PLACEMENT_3D('',#17636,#13911,#13912);
#12633=AXIS2_PLACEMENT_3D('',#17640,#13914,#13915);
#12634=AXIS2_PLACEMENT_3D('',#17644,#13917,#13918);
#12635=AXIS2_PLACEMENT_3D('',#17648,#13920,#13921);
#12636=AXIS2_PLACEMENT_3D('',#17652,#13923,#13924);
#12637=AXIS2_PLACEMENT_3D('',#17656,#13926,#13927);
#12638=AXIS2_PLACEMENT_3D('',#17660,#13929,#13930);
#12639=AXIS2_PLACEMENT_3D('',#17663,#13932,#13933);
#12640=AXIS2_PLACEMENT_3D('',#17666,#13934,#13935);
#12641=AXIS2_PLACEMENT_3D('',#17672,#13938,#13939);
#12642=AXIS2_PLACEMENT_3D('',#17678,#13942,#13943);
#12643=AXIS2_PLACEMENT_3D('',#17682,#13945,#13946);
#12644=AXIS2_PLACEMENT_3D('',#17687,#13949,#13950);
#12645=AXIS2_PLACEMENT_3D('',#17691,#13952,#13953);
#12646=AXIS2_PLACEMENT_3D('',#17696,#13956,#13957);
#12647=AXIS2_PLACEMENT_3D('',#17700,#13959,#13960);
#12648=AXIS2_PLACEMENT_3D('',#17706,#13963,#13964);
#12649=AXIS2_PLACEMENT_3D('',#17712,#13967,#13968);
#12650=AXIS2_PLACEMENT_3D('',#17716,#13970,#13971);
#12651=AXIS2_PLACEMENT_3D('',#17720,#13973,#13974);
#12652=AXIS2_PLACEMENT_3D('',#17724,#13976,#13977);
#12653=AXIS2_PLACEMENT_3D('',#17728,#13979,#13980);
#12654=AXIS2_PLACEMENT_3D('',#17732,#13982,#13983);
#12655=AXIS2_PLACEMENT_3D('',#17739,#13987,#13988);
#12656=AXIS2_PLACEMENT_3D('',#17743,#13990,#13991);
#12657=AXIS2_PLACEMENT_3D('',#17750,#13995,#13996);
#12658=AXIS2_PLACEMENT_3D('',#17754,#13998,#13999);
#12659=AXIS2_PLACEMENT_3D('',#17758,#14001,#14002);
#12660=AXIS2_PLACEMENT_3D('',#17762,#14004,#14005);
#12661=AXIS2_PLACEMENT_3D('',#17766,#14007,#14008);
#12662=AXIS2_PLACEMENT_3D('',#17772,#14011,#14012);
#12663=AXIS2_PLACEMENT_3D('',#17776,#14014,#14015);
#12664=AXIS2_PLACEMENT_3D('',#17780,#14017,#14018);
#12665=AXIS2_PLACEMENT_3D('',#17783,#14020,#14021);
#12666=AXIS2_PLACEMENT_3D('',#17788,#14023,#14024);
#12667=AXIS2_PLACEMENT_3D('',#17792,#14026,#14027);
#12668=AXIS2_PLACEMENT_3D('',#17796,#14029,#14030);
#12669=AXIS2_PLACEMENT_3D('',#17799,#14032,#14033);
#12670=AXIS2_PLACEMENT_3D('',#17804,#14035,#14036);
#12671=AXIS2_PLACEMENT_3D('',#17808,#14038,#14039);
#12672=AXIS2_PLACEMENT_3D('',#17812,#14041,#14042);
#12673=AXIS2_PLACEMENT_3D('',#17815,#14044,#14045);
#12674=AXIS2_PLACEMENT_3D('',#17820,#14047,#14048);
#12675=AXIS2_PLACEMENT_3D('',#17824,#14050,#14051);
#12676=AXIS2_PLACEMENT_3D('',#17828,#14053,#14054);
#12677=AXIS2_PLACEMENT_3D('',#17831,#14056,#14057);
#12678=AXIS2_PLACEMENT_3D('',#17836,#14059,#14060);
#12679=AXIS2_PLACEMENT_3D('',#17840,#14062,#14063);
#12680=AXIS2_PLACEMENT_3D('',#17844,#14065,#14066);
#12681=AXIS2_PLACEMENT_3D('',#17847,#14068,#14069);
#12682=AXIS2_PLACEMENT_3D('',#17852,#14071,#14072);
#12683=AXIS2_PLACEMENT_3D('',#17856,#14074,#14075);
#12684=AXIS2_PLACEMENT_3D('',#17860,#14077,#14078);
#12685=AXIS2_PLACEMENT_3D('',#17863,#14080,#14081);
#12686=AXIS2_PLACEMENT_3D('',#17868,#14083,#14084);
#12687=AXIS2_PLACEMENT_3D('',#17872,#14086,#14087);
#12688=AXIS2_PLACEMENT_3D('',#17876,#14089,#14090);
#12689=AXIS2_PLACEMENT_3D('',#17879,#14092,#14093);
#12690=AXIS2_PLACEMENT_3D('',#17884,#14095,#14096);
#12691=AXIS2_PLACEMENT_3D('',#17888,#14098,#14099);
#12692=AXIS2_PLACEMENT_3D('',#17892,#14101,#14102);
#12693=AXIS2_PLACEMENT_3D('',#17895,#14104,#14105);
#12694=AXIS2_PLACEMENT_3D('',#17900,#14107,#14108);
#12695=AXIS2_PLACEMENT_3D('',#17904,#14110,#14111);
#12696=AXIS2_PLACEMENT_3D('',#17908,#14113,#14114);
#12697=AXIS2_PLACEMENT_3D('',#17911,#14116,#14117);
#12698=AXIS2_PLACEMENT_3D('',#17916,#14119,#14120);
#12699=AXIS2_PLACEMENT_3D('',#17920,#14122,#14123);
#12700=AXIS2_PLACEMENT_3D('',#17924,#14125,#14126);
#12701=AXIS2_PLACEMENT_3D('',#17927,#14128,#14129);
#12702=AXIS2_PLACEMENT_3D('',#17932,#14131,#14132);
#12703=AXIS2_PLACEMENT_3D('',#17936,#14134,#14135);
#12704=AXIS2_PLACEMENT_3D('',#17940,#14137,#14138);
#12705=AXIS2_PLACEMENT_3D('',#17943,#14140,#14141);
#12706=AXIS2_PLACEMENT_3D('',#17948,#14143,#14144);
#12707=AXIS2_PLACEMENT_3D('',#17952,#14146,#14147);
#12708=AXIS2_PLACEMENT_3D('',#17956,#14149,#14150);
#12709=AXIS2_PLACEMENT_3D('',#17959,#14152,#14153);
#12710=AXIS2_PLACEMENT_3D('',#17964,#14155,#14156);
#12711=AXIS2_PLACEMENT_3D('',#17968,#14158,#14159);
#12712=AXIS2_PLACEMENT_3D('',#17972,#14161,#14162);
#12713=AXIS2_PLACEMENT_3D('',#17975,#14164,#14165);
#12714=AXIS2_PLACEMENT_3D('',#17980,#14167,#14168);
#12715=AXIS2_PLACEMENT_3D('',#17984,#14170,#14171);
#12716=AXIS2_PLACEMENT_3D('',#17988,#14173,#14174);
#12717=AXIS2_PLACEMENT_3D('',#17991,#14176,#14177);
#12718=AXIS2_PLACEMENT_3D('',#17994,#14178,#14179);
#12719=AXIS2_PLACEMENT_3D('',#17998,#14181,#14182);
#12720=AXIS2_PLACEMENT_3D('',#18002,#14184,#14185);
#12721=AXIS2_PLACEMENT_3D('',#18006,#14187,#14188);
#12722=AXIS2_PLACEMENT_3D('',#18010,#14190,#14191);
#12723=AXIS2_PLACEMENT_3D('',#18014,#14193,#14194);
#12724=AXIS2_PLACEMENT_3D('',#18021,#14198,#14199);
#12725=AXIS2_PLACEMENT_3D('',#18025,#14201,#14202);
#12726=AXIS2_PLACEMENT_3D('',#18032,#14206,#14207);
#12727=AXIS2_PLACEMENT_3D('',#18036,#14209,#14210);
#12728=AXIS2_PLACEMENT_3D('',#18040,#14212,#14213);
#12729=AXIS2_PLACEMENT_3D('',#18044,#14215,#14216);
#12730=AXIS2_PLACEMENT_3D('',#18048,#14218,#14219);
#12731=AXIS2_PLACEMENT_3D('',#18052,#14221,#14222);
#12732=AXIS2_PLACEMENT_3D('',#18058,#14225,#14226);
#12733=AXIS2_PLACEMENT_3D('',#18064,#14229,#14230);
#12734=AXIS2_PLACEMENT_3D('',#18068,#14232,#14233);
#12735=AXIS2_PLACEMENT_3D('',#18073,#14236,#14237);
#12736=AXIS2_PLACEMENT_3D('',#18077,#14239,#14240);
#12737=AXIS2_PLACEMENT_3D('',#18082,#14243,#14244);
#12738=AXIS2_PLACEMENT_3D('',#18086,#14246,#14247);
#12739=AXIS2_PLACEMENT_3D('',#18092,#14250,#14251);
#12740=AXIS2_PLACEMENT_3D('',#18096,#14254,#14255);
#12741=AXIS2_PLACEMENT_3D('',#18100,#14257,#14258);
#12742=AXIS2_PLACEMENT_3D('',#18102,#14260,#14261);
#12743=AXIS2_PLACEMENT_3D('',#18106,#14264,#14265);
#12744=AXIS2_PLACEMENT_3D('',#18108,#14266,#14267);
#12745=AXIS2_PLACEMENT_3D('',#18110,#14269,#14270);
#12746=AXIS2_PLACEMENT_3D('',#18114,#14273,#14274);
#12747=AXIS2_PLACEMENT_3D('',#18116,#14275,#14276);
#12748=AXIS2_PLACEMENT_3D('',#18118,#14278,#14279);
#12749=AXIS2_PLACEMENT_3D('',#18122,#14282,#14283);
#12750=AXIS2_PLACEMENT_3D('',#18124,#14284,#14285);
#12751=AXIS2_PLACEMENT_3D('',#18126,#14287,#14288);
#12752=AXIS2_PLACEMENT_3D('',#18130,#14291,#14292);
#12753=AXIS2_PLACEMENT_3D('',#18132,#14293,#14294);
#12754=AXIS2_PLACEMENT_3D('',#18134,#14296,#14297);
#12755=AXIS2_PLACEMENT_3D('',#18138,#14300,#14301);
#12756=AXIS2_PLACEMENT_3D('',#18140,#14302,#14303);
#12757=AXIS2_PLACEMENT_3D('',#18142,#14305,#14306);
#12758=AXIS2_PLACEMENT_3D('',#18146,#14309,#14310);
#12759=AXIS2_PLACEMENT_3D('',#18148,#14311,#14312);
#12760=AXIS2_PLACEMENT_3D('',#18150,#14314,#14315);
#12761=AXIS2_PLACEMENT_3D('',#18154,#14318,#14319);
#12762=AXIS2_PLACEMENT_3D('',#18156,#14320,#14321);
#12763=AXIS2_PLACEMENT_3D('',#18158,#14323,#14324);
#12764=AXIS2_PLACEMENT_3D('',#18162,#14327,#14328);
#12765=AXIS2_PLACEMENT_3D('',#18164,#14329,#14330);
#12766=AXIS2_PLACEMENT_3D('',#18166,#14332,#14333);
#12767=AXIS2_PLACEMENT_3D('',#18170,#14336,#14337);
#12768=AXIS2_PLACEMENT_3D('',#18172,#14338,#14339);
#12769=AXIS2_PLACEMENT_3D('',#18174,#14341,#14342);
#12770=AXIS2_PLACEMENT_3D('',#18178,#14345,#14346);
#12771=AXIS2_PLACEMENT_3D('',#18180,#14347,#14348);
#12772=AXIS2_PLACEMENT_3D('',#18182,#14350,#14351);
#12773=AXIS2_PLACEMENT_3D('',#18186,#14354,#14355);
#12774=AXIS2_PLACEMENT_3D('',#18188,#14356,#14357);
#12775=AXIS2_PLACEMENT_3D('',#18190,#14359,#14360);
#12776=AXIS2_PLACEMENT_3D('',#18194,#14363,#14364);
#12777=AXIS2_PLACEMENT_3D('',#18196,#14365,#14366);
#12778=AXIS2_PLACEMENT_3D('',#18198,#14368,#14369);
#12779=AXIS2_PLACEMENT_3D('',#18202,#14372,#14373);
#12780=AXIS2_PLACEMENT_3D('',#18204,#14374,#14375);
#12781=AXIS2_PLACEMENT_3D('',#18206,#14377,#14378);
#12782=AXIS2_PLACEMENT_3D('',#18210,#14381,#14382);
#12783=AXIS2_PLACEMENT_3D('',#18212,#14383,#14384);
#12784=AXIS2_PLACEMENT_3D('',#18214,#14386,#14387);
#12785=AXIS2_PLACEMENT_3D('',#18218,#14390,#14391);
#12786=AXIS2_PLACEMENT_3D('',#18220,#14392,#14393);
#12787=AXIS2_PLACEMENT_3D('',#18222,#14395,#14396);
#12788=AXIS2_PLACEMENT_3D('',#18226,#14399,#14400);
#12789=AXIS2_PLACEMENT_3D('',#18228,#14401,#14402);
#12790=AXIS2_PLACEMENT_3D('',#18230,#14404,#14405);
#12791=AXIS2_PLACEMENT_3D('',#18234,#14408,#14409);
#12792=AXIS2_PLACEMENT_3D('',#18236,#14410,#14411);
#12793=AXIS2_PLACEMENT_3D('',#18238,#14413,#14414);
#12794=AXIS2_PLACEMENT_3D('',#18242,#14417,#14418);
#12795=AXIS2_PLACEMENT_3D('',#18244,#14419,#14420);
#12796=AXIS2_PLACEMENT_3D('',#18246,#14422,#14423);
#12797=AXIS2_PLACEMENT_3D('',#18250,#14426,#14427);
#12798=AXIS2_PLACEMENT_3D('',#18252,#14428,#14429);
#12799=AXIS2_PLACEMENT_3D('',#18254,#14431,#14432);
#12800=AXIS2_PLACEMENT_3D('',#18256,#14434,#14435);
#12801=AXIS2_PLACEMENT_3D('',#18259,#14436,#14437);
#12802=AXIS2_PLACEMENT_3D('',#18263,#14439,#14440);
#12803=AXIS2_PLACEMENT_3D('',#18265,#14442,#14443);
#12804=AXIS2_PLACEMENT_3D('',#18271,#14447,#14448);
#12805=AXIS2_PLACEMENT_3D('',#18273,#14449,#14450);
#12806=AXIS2_PLACEMENT_3D('',#18275,#14451,#14452);
#12807=AXIS2_PLACEMENT_3D('',#18277,#14454,#14455);
#12808=AXIS2_PLACEMENT_3D('',#18283,#14459,#14460);
#12809=AXIS2_PLACEMENT_3D('',#18285,#14461,#14462);
#12810=AXIS2_PLACEMENT_3D('',#18287,#14463,#14464);
#12811=AXIS2_PLACEMENT_3D('',#18289,#14466,#14467);
#12812=AXIS2_PLACEMENT_3D('',#18295,#14471,#14472);
#12813=AXIS2_PLACEMENT_3D('',#18297,#14473,#14474);
#12814=AXIS2_PLACEMENT_3D('',#18299,#14475,#14476);
#12815=AXIS2_PLACEMENT_3D('',#18301,#14478,#14479);
#12816=AXIS2_PLACEMENT_3D('',#18304,#14482,#14483);
#12817=AXIS2_PLACEMENT_3D('',#18307,#14484,#14485);
#12818=AXIS2_PLACEMENT_3D('',#18311,#14487,#14488);
#12819=AXIS2_PLACEMENT_3D('',#18313,#14490,#14491);
#12820=AXIS2_PLACEMENT_3D('',#18319,#14495,#14496);
#12821=AXIS2_PLACEMENT_3D('',#18321,#14497,#14498);
#12822=AXIS2_PLACEMENT_3D('',#18323,#14499,#14500);
#12823=AXIS2_PLACEMENT_3D('',#18325,#14502,#14503);
#12824=AXIS2_PLACEMENT_3D('',#18331,#14507,#14508);
#12825=AXIS2_PLACEMENT_3D('',#18333,#14509,#14510);
#12826=AXIS2_PLACEMENT_3D('',#18335,#14511,#14512);
#12827=AXIS2_PLACEMENT_3D('',#18337,#14514,#14515);
#12828=AXIS2_PLACEMENT_3D('',#18343,#14519,#14520);
#12829=AXIS2_PLACEMENT_3D('',#18345,#14521,#14522);
#12830=AXIS2_PLACEMENT_3D('',#18347,#14523,#14524);
#12831=AXIS2_PLACEMENT_3D('',#18349,#14526,#14527);
#12832=AXIS2_PLACEMENT_3D('',#18352,#14530,#14531);
#12833=AXIS2_PLACEMENT_3D('',#18355,#14532,#14533);
#12834=AXIS2_PLACEMENT_3D('',#18359,#14535,#14536);
#12835=AXIS2_PLACEMENT_3D('',#18361,#14538,#14539);
#12836=AXIS2_PLACEMENT_3D('',#18367,#14543,#14544);
#12837=AXIS2_PLACEMENT_3D('',#18369,#14545,#14546);
#12838=AXIS2_PLACEMENT_3D('',#18371,#14547,#14548);
#12839=AXIS2_PLACEMENT_3D('',#18373,#14550,#14551);
#12840=AXIS2_PLACEMENT_3D('',#18379,#14555,#14556);
#12841=AXIS2_PLACEMENT_3D('',#18381,#14557,#14558);
#12842=AXIS2_PLACEMENT_3D('',#18383,#14559,#14560);
#12843=AXIS2_PLACEMENT_3D('',#18385,#14562,#14563);
#12844=AXIS2_PLACEMENT_3D('',#18391,#14567,#14568);
#12845=AXIS2_PLACEMENT_3D('',#18393,#14569,#14570);
#12846=AXIS2_PLACEMENT_3D('',#18395,#14571,#14572);
#12847=AXIS2_PLACEMENT_3D('',#18397,#14574,#14575);
#12848=AXIS2_PLACEMENT_3D('',#18400,#14578,#14579);
#12849=AXIS2_PLACEMENT_3D('',#18403,#14580,#14581);
#12850=AXIS2_PLACEMENT_3D('',#18407,#14583,#14584);
#12851=AXIS2_PLACEMENT_3D('',#18409,#14586,#14587);
#12852=AXIS2_PLACEMENT_3D('',#18415,#14591,#14592);
#12853=AXIS2_PLACEMENT_3D('',#18417,#14593,#14594);
#12854=AXIS2_PLACEMENT_3D('',#18419,#14595,#14596);
#12855=AXIS2_PLACEMENT_3D('',#18421,#14598,#14599);
#12856=AXIS2_PLACEMENT_3D('',#18427,#14603,#14604);
#12857=AXIS2_PLACEMENT_3D('',#18429,#14605,#14606);
#12858=AXIS2_PLACEMENT_3D('',#18431,#14607,#14608);
#12859=AXIS2_PLACEMENT_3D('',#18433,#14610,#14611);
#12860=AXIS2_PLACEMENT_3D('',#18439,#14615,#14616);
#12861=AXIS2_PLACEMENT_3D('',#18441,#14617,#14618);
#12862=AXIS2_PLACEMENT_3D('',#18443,#14619,#14620);
#12863=AXIS2_PLACEMENT_3D('',#18445,#14622,#14623);
#12864=AXIS2_PLACEMENT_3D('',#18448,#14626,#14627);
#12865=AXIS2_PLACEMENT_3D('',#18451,#14628,#14629);
#12866=AXIS2_PLACEMENT_3D('',#18455,#14631,#14632);
#12867=AXIS2_PLACEMENT_3D('',#18457,#14634,#14635);
#12868=AXIS2_PLACEMENT_3D('',#18463,#14639,#14640);
#12869=AXIS2_PLACEMENT_3D('',#18465,#14641,#14642);
#12870=AXIS2_PLACEMENT_3D('',#18467,#14643,#14644);
#12871=AXIS2_PLACEMENT_3D('',#18469,#14646,#14647);
#12872=AXIS2_PLACEMENT_3D('',#18475,#14651,#14652);
#12873=AXIS2_PLACEMENT_3D('',#18477,#14653,#14654);
#12874=AXIS2_PLACEMENT_3D('',#18479,#14655,#14656);
#12875=AXIS2_PLACEMENT_3D('',#18481,#14658,#14659);
#12876=AXIS2_PLACEMENT_3D('',#18487,#14663,#14664);
#12877=AXIS2_PLACEMENT_3D('',#18489,#14665,#14666);
#12878=AXIS2_PLACEMENT_3D('',#18491,#14667,#14668);
#12879=AXIS2_PLACEMENT_3D('',#18493,#14670,#14671);
#12880=AXIS2_PLACEMENT_3D('',#18496,#14674,#14675);
#12881=AXIS2_PLACEMENT_3D('',#18499,#14676,#14677);
#12882=AXIS2_PLACEMENT_3D('',#18503,#14679,#14680);
#12883=AXIS2_PLACEMENT_3D('',#18505,#14682,#14683);
#12884=AXIS2_PLACEMENT_3D('',#18511,#14687,#14688);
#12885=AXIS2_PLACEMENT_3D('',#18513,#14689,#14690);
#12886=AXIS2_PLACEMENT_3D('',#18515,#14691,#14692);
#12887=AXIS2_PLACEMENT_3D('',#18517,#14694,#14695);
#12888=AXIS2_PLACEMENT_3D('',#18523,#14699,#14700);
#12889=AXIS2_PLACEMENT_3D('',#18525,#14701,#14702);
#12890=AXIS2_PLACEMENT_3D('',#18527,#14703,#14704);
#12891=AXIS2_PLACEMENT_3D('',#18529,#14706,#14707);
#12892=AXIS2_PLACEMENT_3D('',#18535,#14711,#14712);
#12893=AXIS2_PLACEMENT_3D('',#18537,#14713,#14714);
#12894=AXIS2_PLACEMENT_3D('',#18539,#14715,#14716);
#12895=AXIS2_PLACEMENT_3D('',#18541,#14718,#14719);
#12896=AXIS2_PLACEMENT_3D('',#18544,#14722,#14723);
#12897=AXIS2_PLACEMENT_3D('',#18547,#14724,#14725);
#12898=AXIS2_PLACEMENT_3D('',#18551,#14727,#14728);
#12899=AXIS2_PLACEMENT_3D('',#18553,#14730,#14731);
#12900=AXIS2_PLACEMENT_3D('',#18559,#14735,#14736);
#12901=AXIS2_PLACEMENT_3D('',#18561,#14737,#14738);
#12902=AXIS2_PLACEMENT_3D('',#18563,#14739,#14740);
#12903=AXIS2_PLACEMENT_3D('',#18565,#14742,#14743);
#12904=AXIS2_PLACEMENT_3D('',#18571,#14747,#14748);
#12905=AXIS2_PLACEMENT_3D('',#18573,#14749,#14750);
#12906=AXIS2_PLACEMENT_3D('',#18575,#14751,#14752);
#12907=AXIS2_PLACEMENT_3D('',#18577,#14754,#14755);
#12908=AXIS2_PLACEMENT_3D('',#18583,#14759,#14760);
#12909=AXIS2_PLACEMENT_3D('',#18585,#14761,#14762);
#12910=AXIS2_PLACEMENT_3D('',#18587,#14763,#14764);
#12911=AXIS2_PLACEMENT_3D('',#18589,#14766,#14767);
#12912=AXIS2_PLACEMENT_3D('',#18592,#14770,#14771);
#12913=AXIS2_PLACEMENT_3D('',#18595,#14772,#14773);
#12914=AXIS2_PLACEMENT_3D('',#18599,#14775,#14776);
#12915=AXIS2_PLACEMENT_3D('',#18601,#14778,#14779);
#12916=AXIS2_PLACEMENT_3D('',#18607,#14783,#14784);
#12917=AXIS2_PLACEMENT_3D('',#18609,#14785,#14786);
#12918=AXIS2_PLACEMENT_3D('',#18611,#14787,#14788);
#12919=AXIS2_PLACEMENT_3D('',#18613,#14790,#14791);
#12920=AXIS2_PLACEMENT_3D('',#18619,#14795,#14796);
#12921=AXIS2_PLACEMENT_3D('',#18621,#14797,#14798);
#12922=AXIS2_PLACEMENT_3D('',#18623,#14799,#14800);
#12923=AXIS2_PLACEMENT_3D('',#18625,#14802,#14803);
#12924=AXIS2_PLACEMENT_3D('',#18631,#14807,#14808);
#12925=AXIS2_PLACEMENT_3D('',#18633,#14809,#14810);
#12926=AXIS2_PLACEMENT_3D('',#18635,#14811,#14812);
#12927=AXIS2_PLACEMENT_3D('',#18637,#14814,#14815);
#12928=AXIS2_PLACEMENT_3D('',#18640,#14818,#14819);
#12929=AXIS2_PLACEMENT_3D('',#18649,#14824,#14825);
#12930=AXIS2_PLACEMENT_3D('',#18654,#14827,#14828);
#12931=AXIS2_PLACEMENT_3D('',#18658,#14830,#14831);
#12932=AXIS2_PLACEMENT_3D('',#18662,#14833,#14834);
#12933=AXIS2_PLACEMENT_3D('',#18668,#14838,#14839);
#12934=AXIS2_PLACEMENT_3D('',#18669,#14840,#14841);
#12935=AXIS2_PLACEMENT_3D('',#18674,#14843,#14844);
#12936=AXIS2_PLACEMENT_3D('',#18678,#14846,#14847);
#12937=AXIS2_PLACEMENT_3D('',#18682,#14849,#14850);
#12938=AXIS2_PLACEMENT_3D('',#18685,#14852,#14853);
#12939=AXIS2_PLACEMENT_3D('',#18686,#14854,#14855);
#12940=AXIS2_PLACEMENT_3D('',#18691,#14857,#14858);
#12941=AXIS2_PLACEMENT_3D('',#18695,#14860,#14861);
#12942=AXIS2_PLACEMENT_3D('',#18699,#14863,#14864);
#12943=AXIS2_PLACEMENT_3D('',#18702,#14866,#14867);
#12944=AXIS2_PLACEMENT_3D('',#18703,#14868,#14869);
#12945=AXIS2_PLACEMENT_3D('',#18708,#14871,#14872);
#12946=AXIS2_PLACEMENT_3D('',#18712,#14874,#14875);
#12947=AXIS2_PLACEMENT_3D('',#18716,#14877,#14878);
#12948=AXIS2_PLACEMENT_3D('',#18719,#14880,#14881);
#12949=AXIS2_PLACEMENT_3D('',#18724,#14883,#14884);
#12950=AXIS2_PLACEMENT_3D('',#18728,#14886,#14887);
#12951=AXIS2_PLACEMENT_3D('',#18732,#14889,#14890);
#12952=AXIS2_PLACEMENT_3D('',#18735,#14892,#14893);
#12953=AXIS2_PLACEMENT_3D('',#18740,#14895,#14896);
#12954=AXIS2_PLACEMENT_3D('',#18744,#14898,#14899);
#12955=AXIS2_PLACEMENT_3D('',#18748,#14901,#14902);
#12956=AXIS2_PLACEMENT_3D('',#18751,#14904,#14905);
#12957=AXIS2_PLACEMENT_3D('',#18756,#14907,#14908);
#12958=AXIS2_PLACEMENT_3D('',#18760,#14910,#14911);
#12959=AXIS2_PLACEMENT_3D('',#18764,#14913,#14914);
#12960=AXIS2_PLACEMENT_3D('',#18767,#14916,#14917);
#12961=AXIS2_PLACEMENT_3D('',#18768,#14918,#14919);
#12962=AXIS2_PLACEMENT_3D('',#18773,#14921,#14922);
#12963=AXIS2_PLACEMENT_3D('',#18777,#14924,#14925);
#12964=AXIS2_PLACEMENT_3D('',#18781,#14927,#14928);
#12965=AXIS2_PLACEMENT_3D('',#18784,#14930,#14931);
#12966=AXIS2_PLACEMENT_3D('',#18789,#14933,#14934);
#12967=AXIS2_PLACEMENT_3D('',#18793,#14936,#14937);
#12968=AXIS2_PLACEMENT_3D('',#18797,#14939,#14940);
#12969=AXIS2_PLACEMENT_3D('',#18800,#14942,#14943);
#12970=AXIS2_PLACEMENT_3D('',#18805,#14945,#14946);
#12971=AXIS2_PLACEMENT_3D('',#18809,#14948,#14949);
#12972=AXIS2_PLACEMENT_3D('',#18813,#14951,#14952);
#12973=AXIS2_PLACEMENT_3D('',#18816,#14954,#14955);
#12974=AXIS2_PLACEMENT_3D('',#18821,#14957,#14958);
#12975=AXIS2_PLACEMENT_3D('',#18825,#14960,#14961);
#12976=AXIS2_PLACEMENT_3D('',#18829,#14963,#14964);
#12977=AXIS2_PLACEMENT_3D('',#18832,#14966,#14967);
#12978=AXIS2_PLACEMENT_3D('',#18833,#14968,#14969);
#12979=AXIS2_PLACEMENT_3D('',#18838,#14971,#14972);
#12980=AXIS2_PLACEMENT_3D('',#18842,#14974,#14975);
#12981=AXIS2_PLACEMENT_3D('',#18846,#14977,#14978);
#12982=AXIS2_PLACEMENT_3D('',#18849,#14980,#14981);
#12983=AXIS2_PLACEMENT_3D('',#18854,#14983,#14984);
#12984=AXIS2_PLACEMENT_3D('',#18858,#14986,#14987);
#12985=AXIS2_PLACEMENT_3D('',#18862,#14989,#14990);
#12986=AXIS2_PLACEMENT_3D('',#18865,#14992,#14993);
#12987=AXIS2_PLACEMENT_3D('',#18870,#14995,#14996);
#12988=AXIS2_PLACEMENT_3D('',#18874,#14998,#14999);
#12989=AXIS2_PLACEMENT_3D('',#18878,#15001,#15002);
#12990=AXIS2_PLACEMENT_3D('',#18881,#15004,#15005);
#12991=AXIS2_PLACEMENT_3D('',#18886,#15007,#15008);
#12992=AXIS2_PLACEMENT_3D('',#18890,#15010,#15011);
#12993=AXIS2_PLACEMENT_3D('',#18894,#15013,#15014);
#12994=AXIS2_PLACEMENT_3D('',#18897,#15016,#15017);
#12995=AXIS2_PLACEMENT_3D('',#18898,#15018,#15019);
#12996=AXIS2_PLACEMENT_3D('',#18903,#15021,#15022);
#12997=AXIS2_PLACEMENT_3D('',#18907,#15024,#15025);
#12998=AXIS2_PLACEMENT_3D('',#18911,#15027,#15028);
#12999=AXIS2_PLACEMENT_3D('',#18914,#15030,#15031);
#13000=AXIS2_PLACEMENT_3D('',#18919,#15033,#15034);
#13001=AXIS2_PLACEMENT_3D('',#18923,#15036,#15037);
#13002=AXIS2_PLACEMENT_3D('',#18927,#15039,#15040);
#13003=AXIS2_PLACEMENT_3D('',#18930,#15042,#15043);
#13004=AXIS2_PLACEMENT_3D('',#18935,#15045,#15046);
#13005=AXIS2_PLACEMENT_3D('',#18939,#15048,#15049);
#13006=AXIS2_PLACEMENT_3D('',#18943,#15051,#15052);
#13007=AXIS2_PLACEMENT_3D('',#18946,#15054,#15055);
#13008=AXIS2_PLACEMENT_3D('',#18951,#15057,#15058);
#13009=AXIS2_PLACEMENT_3D('',#18955,#15060,#15061);
#13010=AXIS2_PLACEMENT_3D('',#18959,#15063,#15064);
#13011=AXIS2_PLACEMENT_3D('',#18962,#15066,#15067);
#13012=AXIS2_PLACEMENT_3D('',#18963,#15068,#15069);
#13013=AXIS2_PLACEMENT_3D('',#18968,#15071,#15072);
#13014=AXIS2_PLACEMENT_3D('',#18972,#15074,#15075);
#13015=AXIS2_PLACEMENT_3D('',#18976,#15077,#15078);
#13016=AXIS2_PLACEMENT_3D('',#18979,#15080,#15081);
#13017=AXIS2_PLACEMENT_3D('',#18984,#15083,#15084);
#13018=AXIS2_PLACEMENT_3D('',#18988,#15086,#15087);
#13019=AXIS2_PLACEMENT_3D('',#18992,#15089,#15090);
#13020=AXIS2_PLACEMENT_3D('',#18995,#15092,#15093);
#13021=AXIS2_PLACEMENT_3D('',#19000,#15095,#15096);
#13022=AXIS2_PLACEMENT_3D('',#19004,#15098,#15099);
#13023=AXIS2_PLACEMENT_3D('',#19008,#15101,#15102);
#13024=AXIS2_PLACEMENT_3D('',#19011,#15104,#15105);
#13025=AXIS2_PLACEMENT_3D('',#19016,#15107,#15108);
#13026=AXIS2_PLACEMENT_3D('',#19020,#15110,#15111);
#13027=AXIS2_PLACEMENT_3D('',#19024,#15113,#15114);
#13028=AXIS2_PLACEMENT_3D('',#19027,#15116,#15117);
#13029=AXIS2_PLACEMENT_3D('',#19028,#15118,#15119);
#13030=AXIS2_PLACEMENT_3D('',#19033,#15121,#15122);
#13031=AXIS2_PLACEMENT_3D('',#19037,#15124,#15125);
#13032=AXIS2_PLACEMENT_3D('',#19041,#15127,#15128);
#13033=AXIS2_PLACEMENT_3D('',#19044,#15130,#15131);
#13034=AXIS2_PLACEMENT_3D('',#19049,#15133,#15134);
#13035=AXIS2_PLACEMENT_3D('',#19053,#15136,#15137);
#13036=AXIS2_PLACEMENT_3D('',#19057,#15139,#15140);
#13037=AXIS2_PLACEMENT_3D('',#19060,#15142,#15143);
#13038=AXIS2_PLACEMENT_3D('',#19065,#15145,#15146);
#13039=AXIS2_PLACEMENT_3D('',#19069,#15148,#15149);
#13040=AXIS2_PLACEMENT_3D('',#19073,#15151,#15152);
#13041=AXIS2_PLACEMENT_3D('',#19076,#15154,#15155);
#13042=AXIS2_PLACEMENT_3D('',#19081,#15157,#15158);
#13043=AXIS2_PLACEMENT_3D('',#19085,#15160,#15161);
#13044=AXIS2_PLACEMENT_3D('',#19089,#15163,#15164);
#13045=AXIS2_PLACEMENT_3D('',#19092,#15166,#15167);
#13046=AXIS2_PLACEMENT_3D('',#19093,#15168,#15169);
#13047=AXIS2_PLACEMENT_3D('',#19098,#15171,#15172);
#13048=AXIS2_PLACEMENT_3D('',#19102,#15174,#15175);
#13049=AXIS2_PLACEMENT_3D('',#19106,#15177,#15178);
#13050=AXIS2_PLACEMENT_3D('',#19110,#15180,#15181);
#13051=AXIS2_PLACEMENT_3D('',#19114,#15183,#15184);
#13052=AXIS2_PLACEMENT_3D('',#19118,#15186,#15187);
#13053=AXIS2_PLACEMENT_3D('',#19122,#15189,#15190);
#13054=AXIS2_PLACEMENT_3D('',#19125,#15192,#15193);
#13055=AXIS2_PLACEMENT_3D('',#19126,#15194,#15195);
#13056=AXIS2_PLACEMENT_3D('',#19131,#15197,#15198);
#13057=AXIS2_PLACEMENT_3D('',#19135,#15200,#15201);
#13058=AXIS2_PLACEMENT_3D('',#19139,#15203,#15204);
#13059=AXIS2_PLACEMENT_3D('',#19143,#15206,#15207);
#13060=AXIS2_PLACEMENT_3D('',#19147,#15209,#15210);
#13061=AXIS2_PLACEMENT_3D('',#19151,#15212,#15213);
#13062=AXIS2_PLACEMENT_3D('',#19155,#15215,#15216);
#13063=AXIS2_PLACEMENT_3D('',#19158,#15218,#15219);
#13064=AXIS2_PLACEMENT_3D('',#19159,#15220,#15221);
#13065=AXIS2_PLACEMENT_3D('',#19164,#15223,#15224);
#13066=AXIS2_PLACEMENT_3D('',#19168,#15226,#15227);
#13067=AXIS2_PLACEMENT_3D('',#19172,#15229,#15230);
#13068=AXIS2_PLACEMENT_3D('',#19176,#15232,#15233);
#13069=AXIS2_PLACEMENT_3D('',#19180,#15235,#15236);
#13070=AXIS2_PLACEMENT_3D('',#19184,#15238,#15239);
#13071=AXIS2_PLACEMENT_3D('',#19188,#15241,#15242);
#13072=AXIS2_PLACEMENT_3D('',#19191,#15244,#15245);
#13073=AXIS2_PLACEMENT_3D('',#19192,#15246,#15247);
#13074=AXIS2_PLACEMENT_3D('',#19198,#15251,#15252);
#13075=AXIS2_PLACEMENT_3D('',#19202,#15254,#15255);
#13076=AXIS2_PLACEMENT_3D('',#19204,#15257,#15258);
#13077=AXIS2_PLACEMENT_3D('',#19208,#15260,#15261);
#13078=AXIS2_PLACEMENT_3D('',#19210,#15263,#15264);
#13079=AXIS2_PLACEMENT_3D('',#19227,#15274,#15275);
#13080=AXIS2_PLACEMENT_3D('',#19228,#15276,#15277);
#13081=AXIS2_PLACEMENT_3D('',#19229,#15278,#15279);
#13082=AXIS2_PLACEMENT_3D('',#19232,#15281,#15282);
#13083=AXIS2_PLACEMENT_3D('',#19233,#15283,#15284);
#13084=AXIS2_PLACEMENT_3D('',#19245,#15292,#15293);
#13085=AXIS2_PLACEMENT_3D('',#19251,#15297,#15298);
#13086=AXIS2_PLACEMENT_3D('',#19255,#15301,#15302);
#13087=AXIS2_PLACEMENT_3D('',#19257,#15304,#15305);
#13088=AXIS2_PLACEMENT_3D('',#19259,#15306,#15307);
#13089=AXIS2_PLACEMENT_3D('',#19263,#15309,#15310);
#13090=AXIS2_PLACEMENT_3D('',#19267,#15312,#15313);
#13091=AXIS2_PLACEMENT_3D('',#19271,#15315,#15316);
#13092=AXIS2_PLACEMENT_3D('',#19275,#15318,#15319);
#13093=AXIS2_PLACEMENT_3D('',#19279,#15321,#15322);
#13094=AXIS2_PLACEMENT_3D('',#19283,#15324,#15325);
#13095=AXIS2_PLACEMENT_3D('',#19286,#15327,#15328);
#13096=AXIS2_PLACEMENT_3D('',#19287,#15329,#15330);
#13097=AXIS2_PLACEMENT_3D('',#19293,#15334,#15335);
#13098=AXIS2_PLACEMENT_3D('',#19297,#15338,#15339);
#13099=AXIS2_PLACEMENT_3D('',#19303,#15343,#15344);
#13100=AXIS2_PLACEMENT_3D('',#19307,#15347,#15348);
#13101=AXIS2_PLACEMENT_3D('',#19313,#15352,#15353);
#13102=AXIS2_PLACEMENT_3D('',#19317,#15356,#15357);
#13103=AXIS2_PLACEMENT_3D('',#19323,#15361,#15362);
#13104=AXIS2_PLACEMENT_3D('',#19327,#15365,#15366);
#13105=AXIS2_PLACEMENT_3D('',#19331,#15369,#15370);
#13106=AXIS2_PLACEMENT_3D('',#19335,#15373,#15374);
#13107=AXIS2_PLACEMENT_3D('',#19339,#15377,#15378);
#13108=AXIS2_PLACEMENT_3D('',#19343,#15381,#15382);
#13109=AXIS2_PLACEMENT_3D('',#19345,#15383,#15384);
#13110=AXIS2_PLACEMENT_3D('',#19349,#15386,#15387);
#13111=AXIS2_PLACEMENT_3D('',#19353,#15389,#15390);
#13112=AXIS2_PLACEMENT_3D('',#19357,#15392,#15393);
#13113=AXIS2_PLACEMENT_3D('',#19361,#15395,#15396);
#13114=AXIS2_PLACEMENT_3D('',#19365,#15398,#15399);
#13115=AXIS2_PLACEMENT_3D('',#19369,#15401,#15402);
#13116=AXIS2_PLACEMENT_3D('',#19372,#15404,#15405);
#13117=AXIS2_PLACEMENT_3D('',#19374,#15406,#15407);
#13118=AXIS2_PLACEMENT_3D('',#19378,#15409,#15410);
#13119=AXIS2_PLACEMENT_3D('',#19382,#15412,#15413);
#13120=AXIS2_PLACEMENT_3D('',#19386,#15415,#15416);
#13121=AXIS2_PLACEMENT_3D('',#19390,#15418,#15419);
#13122=AXIS2_PLACEMENT_3D('',#19394,#15421,#15422);
#13123=AXIS2_PLACEMENT_3D('',#19398,#15424,#15425);
#13124=AXIS2_PLACEMENT_3D('',#19401,#15427,#15428);
#13125=AXIS2_PLACEMENT_3D('',#19404,#15430,#15431);
#13126=AXIS2_PLACEMENT_3D('',#19408,#15433,#15434);
#13127=AXIS2_PLACEMENT_3D('',#19412,#15436,#15437);
#13128=AXIS2_PLACEMENT_3D('',#19416,#15439,#15440);
#13129=AXIS2_PLACEMENT_3D('',#19420,#15442,#15443);
#13130=AXIS2_PLACEMENT_3D('',#19424,#15445,#15446);
#13131=AXIS2_PLACEMENT_3D('',#19428,#15448,#15449);
#13132=AXIS2_PLACEMENT_3D('',#19431,#15451,#15452);
#13133=AXIS2_PLACEMENT_3D('',#19433,#15453,#15454);
#13134=AXIS2_PLACEMENT_3D('',#19437,#15456,#15457);
#13135=AXIS2_PLACEMENT_3D('',#19441,#15459,#15460);
#13136=AXIS2_PLACEMENT_3D('',#19445,#15462,#15463);
#13137=AXIS2_PLACEMENT_3D('',#19449,#15465,#15466);
#13138=AXIS2_PLACEMENT_3D('',#19453,#15468,#15469);
#13139=AXIS2_PLACEMENT_3D('',#19457,#15471,#15472);
#13140=AXIS2_PLACEMENT_3D('',#19460,#15474,#15475);
#13141=AXIS2_PLACEMENT_3D('',#19465,#15477,#15478);
#13142=AXIS2_PLACEMENT_3D('',#19469,#15480,#15481);
#13143=AXIS2_PLACEMENT_3D('',#19473,#15483,#15484);
#13144=AXIS2_PLACEMENT_3D('',#19476,#15486,#15487);
#13145=AXIS2_PLACEMENT_3D('',#19481,#15489,#15490);
#13146=AXIS2_PLACEMENT_3D('',#19485,#15492,#15493);
#13147=AXIS2_PLACEMENT_3D('',#19489,#15495,#15496);
#13148=AXIS2_PLACEMENT_3D('',#19492,#15498,#15499);
#13149=AXIS2_PLACEMENT_3D('',#19497,#15501,#15502);
#13150=AXIS2_PLACEMENT_3D('',#19501,#15504,#15505);
#13151=AXIS2_PLACEMENT_3D('',#19505,#15507,#15508);
#13152=AXIS2_PLACEMENT_3D('',#19508,#15510,#15511);
#13153=AXIS2_PLACEMENT_3D('',#19513,#15513,#15514);
#13154=AXIS2_PLACEMENT_3D('',#19517,#15516,#15517);
#13155=AXIS2_PLACEMENT_3D('',#19521,#15519,#15520);
#13156=AXIS2_PLACEMENT_3D('',#19524,#15522,#15523);
#13157=AXIS2_PLACEMENT_3D('',#19529,#15525,#15526);
#13158=AXIS2_PLACEMENT_3D('',#19533,#15528,#15529);
#13159=AXIS2_PLACEMENT_3D('',#19537,#15531,#15532);
#13160=AXIS2_PLACEMENT_3D('',#19540,#15534,#15535);
#13161=AXIS2_PLACEMENT_3D('',#19545,#15537,#15538);
#13162=AXIS2_PLACEMENT_3D('',#19549,#15540,#15541);
#13163=AXIS2_PLACEMENT_3D('',#19553,#15543,#15544);
#13164=AXIS2_PLACEMENT_3D('',#19556,#15546,#15547);
#13165=AXIS2_PLACEMENT_3D('',#19561,#15549,#15550);
#13166=AXIS2_PLACEMENT_3D('',#19565,#15552,#15553);
#13167=AXIS2_PLACEMENT_3D('',#19569,#15555,#15556);
#13168=AXIS2_PLACEMENT_3D('',#19572,#15558,#15559);
#13169=AXIS2_PLACEMENT_3D('',#19577,#15561,#15562);
#13170=AXIS2_PLACEMENT_3D('',#19581,#15564,#15565);
#13171=AXIS2_PLACEMENT_3D('',#19585,#15567,#15568);
#13172=AXIS2_PLACEMENT_3D('',#19588,#15570,#15571);
#13173=AXIS2_PLACEMENT_3D('',#19593,#15573,#15574);
#13174=AXIS2_PLACEMENT_3D('',#19597,#15576,#15577);
#13175=AXIS2_PLACEMENT_3D('',#19601,#15579,#15580);
#13176=AXIS2_PLACEMENT_3D('',#19604,#15582,#15583);
#13177=AXIS2_PLACEMENT_3D('',#19609,#15585,#15586);
#13178=AXIS2_PLACEMENT_3D('',#19613,#15588,#15589);
#13179=AXIS2_PLACEMENT_3D('',#19617,#15591,#15592);
#13180=AXIS2_PLACEMENT_3D('',#19620,#15594,#15595);
#13181=AXIS2_PLACEMENT_3D('',#19625,#15597,#15598);
#13182=AXIS2_PLACEMENT_3D('',#19629,#15600,#15601);
#13183=AXIS2_PLACEMENT_3D('',#19633,#15603,#15604);
#13184=AXIS2_PLACEMENT_3D('',#19636,#15606,#15607);
#13185=AXIS2_PLACEMENT_3D('',#19641,#15609,#15610);
#13186=AXIS2_PLACEMENT_3D('',#19645,#15612,#15613);
#13187=AXIS2_PLACEMENT_3D('',#19649,#15615,#15616);
#13188=AXIS2_PLACEMENT_3D('',#19652,#15618,#15619);
#13189=AXIS2_PLACEMENT_3D('',#19657,#15621,#15622);
#13190=AXIS2_PLACEMENT_3D('',#19661,#15624,#15625);
#13191=AXIS2_PLACEMENT_3D('',#19665,#15627,#15628);
#13192=AXIS2_PLACEMENT_3D('',#19668,#15630,#15631);
#13193=AXIS2_PLACEMENT_3D('',#19673,#15633,#15634);
#13194=AXIS2_PLACEMENT_3D('',#19677,#15636,#15637);
#13195=AXIS2_PLACEMENT_3D('',#19681,#15639,#15640);
#13196=AXIS2_PLACEMENT_3D('',#19684,#15642,#15643);
#13197=AXIS2_PLACEMENT_3D('',#19689,#15645,#15646);
#13198=AXIS2_PLACEMENT_3D('',#19693,#15648,#15649);
#13199=AXIS2_PLACEMENT_3D('',#19697,#15651,#15652);
#13200=AXIS2_PLACEMENT_3D('',#19700,#15654,#15655);
#13201=AXIS2_PLACEMENT_3D('',#19705,#15657,#15658);
#13202=AXIS2_PLACEMENT_3D('',#19709,#15660,#15661);
#13203=AXIS2_PLACEMENT_3D('',#19713,#15663,#15664);
#13204=AXIS2_PLACEMENT_3D('',#19716,#15666,#15667);
#13205=AXIS2_PLACEMENT_3D('',#19721,#15669,#15670);
#13206=AXIS2_PLACEMENT_3D('',#19725,#15672,#15673);
#13207=AXIS2_PLACEMENT_3D('',#19729,#15675,#15676);
#13208=AXIS2_PLACEMENT_3D('',#19732,#15678,#15679);
#13209=AXIS2_PLACEMENT_3D('',#19737,#15681,#15682);
#13210=AXIS2_PLACEMENT_3D('',#19741,#15684,#15685);
#13211=AXIS2_PLACEMENT_3D('',#19745,#15687,#15688);
#13212=AXIS2_PLACEMENT_3D('',#19748,#15690,#15691);
#13213=AXIS2_PLACEMENT_3D('',#19753,#15693,#15694);
#13214=AXIS2_PLACEMENT_3D('',#19757,#15696,#15697);
#13215=AXIS2_PLACEMENT_3D('',#19761,#15699,#15700);
#13216=AXIS2_PLACEMENT_3D('',#19764,#15702,#15703);
#13217=AXIS2_PLACEMENT_3D('',#19769,#15705,#15706);
#13218=AXIS2_PLACEMENT_3D('',#19773,#15708,#15709);
#13219=AXIS2_PLACEMENT_3D('',#19777,#15711,#15712);
#13220=AXIS2_PLACEMENT_3D('',#19780,#15714,#15715);
#13221=AXIS2_PLACEMENT_3D('',#19785,#15717,#15718);
#13222=AXIS2_PLACEMENT_3D('',#19789,#15720,#15721);
#13223=AXIS2_PLACEMENT_3D('',#19793,#15723,#15724);
#13224=AXIS2_PLACEMENT_3D('',#19796,#15726,#15727);
#13225=AXIS2_PLACEMENT_3D('',#19801,#15729,#15730);
#13226=AXIS2_PLACEMENT_3D('',#19805,#15732,#15733);
#13227=AXIS2_PLACEMENT_3D('',#19809,#15735,#15736);
#13228=AXIS2_PLACEMENT_3D('',#19812,#15738,#15739);
#13229=AXIS2_PLACEMENT_3D('',#19817,#15741,#15742);
#13230=AXIS2_PLACEMENT_3D('',#19821,#15744,#15745);
#13231=AXIS2_PLACEMENT_3D('',#19825,#15747,#15748);
#13232=AXIS2_PLACEMENT_3D('',#19828,#15750,#15751);
#13233=AXIS2_PLACEMENT_3D('',#19833,#15753,#15754);
#13234=AXIS2_PLACEMENT_3D('',#19837,#15756,#15757);
#13235=AXIS2_PLACEMENT_3D('',#19841,#15759,#15760);
#13236=AXIS2_PLACEMENT_3D('',#19844,#15762,#15763);
#13237=AXIS2_PLACEMENT_3D('',#19849,#15765,#15766);
#13238=AXIS2_PLACEMENT_3D('',#19853,#15768,#15769);
#13239=AXIS2_PLACEMENT_3D('',#19857,#15771,#15772);
#13240=AXIS2_PLACEMENT_3D('',#19860,#15774,#15775);
#13241=AXIS2_PLACEMENT_3D('',#19865,#15777,#15778);
#13242=AXIS2_PLACEMENT_3D('',#19869,#15780,#15781);
#13243=AXIS2_PLACEMENT_3D('',#19873,#15783,#15784);
#13244=AXIS2_PLACEMENT_3D('',#19876,#15786,#15787);
#13245=AXIS2_PLACEMENT_3D('',#19881,#15789,#15790);
#13246=AXIS2_PLACEMENT_3D('',#19885,#15792,#15793);
#13247=AXIS2_PLACEMENT_3D('',#19889,#15795,#15796);
#13248=AXIS2_PLACEMENT_3D('',#19892,#15798,#15799);
#13249=AXIS2_PLACEMENT_3D('',#19897,#15801,#15802);
#13250=AXIS2_PLACEMENT_3D('',#19901,#15804,#15805);
#13251=AXIS2_PLACEMENT_3D('',#19905,#15807,#15808);
#13252=AXIS2_PLACEMENT_3D('',#19908,#15810,#15811);
#13253=AXIS2_PLACEMENT_3D('',#19913,#15813,#15814);
#13254=AXIS2_PLACEMENT_3D('',#19917,#15816,#15817);
#13255=AXIS2_PLACEMENT_3D('',#19921,#15819,#15820);
#13256=AXIS2_PLACEMENT_3D('',#19924,#15822,#15823);
#13257=AXIS2_PLACEMENT_3D('',#19929,#15825,#15826);
#13258=AXIS2_PLACEMENT_3D('',#19933,#15828,#15829);
#13259=AXIS2_PLACEMENT_3D('',#19937,#15831,#15832);
#13260=AXIS2_PLACEMENT_3D('',#19940,#15834,#15835);
#13261=AXIS2_PLACEMENT_3D('',#19945,#15837,#15838);
#13262=AXIS2_PLACEMENT_3D('',#19949,#15840,#15841);
#13263=AXIS2_PLACEMENT_3D('',#19953,#15843,#15844);
#13264=AXIS2_PLACEMENT_3D('',#19956,#15846,#15847);
#13265=AXIS2_PLACEMENT_3D('',#19961,#15849,#15850);
#13266=AXIS2_PLACEMENT_3D('',#19965,#15852,#15853);
#13267=AXIS2_PLACEMENT_3D('',#19969,#15855,#15856);
#13268=AXIS2_PLACEMENT_3D('',#19972,#15858,#15859);
#13269=AXIS2_PLACEMENT_3D('',#19977,#15861,#15862);
#13270=AXIS2_PLACEMENT_3D('',#19981,#15864,#15865);
#13271=AXIS2_PLACEMENT_3D('',#19985,#15867,#15868);
#13272=AXIS2_PLACEMENT_3D('',#19988,#15870,#15871);
#13273=AXIS2_PLACEMENT_3D('',#19993,#15873,#15874);
#13274=AXIS2_PLACEMENT_3D('',#19997,#15876,#15877);
#13275=AXIS2_PLACEMENT_3D('',#20001,#15879,#15880);
#13276=AXIS2_PLACEMENT_3D('',#20004,#15882,#15883);
#13277=AXIS2_PLACEMENT_3D('',#20009,#15885,#15886);
#13278=AXIS2_PLACEMENT_3D('',#20013,#15888,#15889);
#13279=AXIS2_PLACEMENT_3D('',#20017,#15891,#15892);
#13280=AXIS2_PLACEMENT_3D('',#20020,#15894,#15895);
#13281=AXIS2_PLACEMENT_3D('',#20025,#15897,#15898);
#13282=AXIS2_PLACEMENT_3D('',#20029,#15900,#15901);
#13283=AXIS2_PLACEMENT_3D('',#20033,#15903,#15904);
#13284=AXIS2_PLACEMENT_3D('',#20036,#15906,#15907);
#13285=AXIS2_PLACEMENT_3D('',#20041,#15909,#15910);
#13286=AXIS2_PLACEMENT_3D('',#20045,#15912,#15913);
#13287=AXIS2_PLACEMENT_3D('',#20049,#15915,#15916);
#13288=AXIS2_PLACEMENT_3D('',#20052,#15918,#15919);
#13289=AXIS2_PLACEMENT_3D('',#20057,#15921,#15922);
#13290=AXIS2_PLACEMENT_3D('',#20061,#15924,#15925);
#13291=AXIS2_PLACEMENT_3D('',#20065,#15927,#15928);
#13292=AXIS2_PLACEMENT_3D('',#20068,#15930,#15931);
#13293=AXIS2_PLACEMENT_3D('',#20073,#15933,#15934);
#13294=AXIS2_PLACEMENT_3D('',#20077,#15936,#15937);
#13295=AXIS2_PLACEMENT_3D('',#20081,#15939,#15940);
#13296=AXIS2_PLACEMENT_3D('',#20084,#15942,#15943);
#13297=AXIS2_PLACEMENT_3D('',#20089,#15945,#15946);
#13298=AXIS2_PLACEMENT_3D('',#20093,#15948,#15949);
#13299=AXIS2_PLACEMENT_3D('',#20097,#15951,#15952);
#13300=AXIS2_PLACEMENT_3D('',#20100,#15954,#15955);
#13301=AXIS2_PLACEMENT_3D('',#20102,#15956,#15957);
#13302=AXIS2_PLACEMENT_3D('',#20104,#15958,#15959);
#13303=AXIS2_PLACEMENT_3D('',#20110,#15962,#15963);
#13304=AXIS2_PLACEMENT_3D('',#20114,#15965,#15966);
#13305=AXIS2_PLACEMENT_3D('',#20119,#15969,#15970);
#13306=AXIS2_PLACEMENT_3D('',#20122,#15972,#15973);
#13307=AXIS2_PLACEMENT_3D('',#20126,#15975,#15976);
#13308=AXIS2_PLACEMENT_3D('',#20130,#15978,#15979);
#13309=AXIS2_PLACEMENT_3D('',#20135,#15982,#15983);
#13310=AXIS2_PLACEMENT_3D('',#20137,#15984,#15985);
#13311=AXIS2_PLACEMENT_3D('',#20141,#15987,#15988);
#13312=AXIS2_PLACEMENT_3D('',#20145,#15990,#15991);
#13313=AXIS2_PLACEMENT_3D('',#20149,#15993,#15994);
#13314=AXIS2_PLACEMENT_3D('',#20153,#15996,#15997);
#13315=AXIS2_PLACEMENT_3D('',#20157,#15999,#16000);
#13316=AXIS2_PLACEMENT_3D('',#20164,#16004,#16005);
#13317=AXIS2_PLACEMENT_3D('',#20167,#16007,#16008);
#13318=AXIS2_PLACEMENT_3D('',#20173,#16011,#16012);
#13319=AXIS2_PLACEMENT_3D('',#20177,#16014,#16015);
#13320=AXIS2_PLACEMENT_3D('',#20181,#16017,#16018);
#13321=AXIS2_PLACEMENT_3D('',#20185,#16020,#16021);
#13322=AXIS2_PLACEMENT_3D('',#20189,#16023,#16024);
#13323=AXIS2_PLACEMENT_3D('',#20192,#16026,#16027);
#13324=AXIS2_PLACEMENT_3D('',#20196,#16029,#16030);
#13325=AXIS2_PLACEMENT_3D('',#20200,#16032,#16033);
#13326=AXIS2_PLACEMENT_3D('',#20204,#16035,#16036);
#13327=AXIS2_PLACEMENT_3D('',#20208,#16038,#16039);
#13328=AXIS2_PLACEMENT_3D('',#20212,#16041,#16042);
#13329=AXIS2_PLACEMENT_3D('',#20219,#16046,#16047);
#13330=AXIS2_PLACEMENT_3D('',#20222,#16049,#16050);
#13331=AXIS2_PLACEMENT_3D('',#20228,#16053,#16054);
#13332=AXIS2_PLACEMENT_3D('',#20232,#16056,#16057);
#13333=AXIS2_PLACEMENT_3D('',#20236,#16059,#16060);
#13334=AXIS2_PLACEMENT_3D('',#20240,#16062,#16063);
#13335=AXIS2_PLACEMENT_3D('',#20244,#16065,#16066);
#13336=AXIS2_PLACEMENT_3D('',#20247,#16068,#16069);
#13337=AXIS2_PLACEMENT_3D('',#20249,#16070,#16071);
#13338=AXIS2_PLACEMENT_3D('',#20255,#16074,#16075);
#13339=AXIS2_PLACEMENT_3D('',#20259,#16077,#16078);
#13340=AXIS2_PLACEMENT_3D('',#20264,#16081,#16082);
#13341=AXIS2_PLACEMENT_3D('',#20267,#16084,#16085);
#13342=AXIS2_PLACEMENT_3D('',#20271,#16087,#16088);
#13343=AXIS2_PLACEMENT_3D('',#20275,#16090,#16091);
#13344=AXIS2_PLACEMENT_3D('',#20280,#16094,#16095);
#13345=AXIS2_PLACEMENT_3D('',#20281,#16096,#16097);
#13346=AXIS2_PLACEMENT_3D('',#20283,#16099,#16100);
#13347=AXIS2_PLACEMENT_3D('',#20285,#16102,#16103);
#13348=AXIS2_PLACEMENT_3D('',#20287,#16105,#16106);
#13349=AXIS2_PLACEMENT_3D('',#20289,#16108,#16109);
#13350=AXIS2_PLACEMENT_3D('',#20291,#16111,#16112);
#13351=AXIS2_PLACEMENT_3D('',#20293,#16114,#16115);
#13352=AXIS2_PLACEMENT_3D('',#20295,#16117,#16118);
#13353=AXIS2_PLACEMENT_3D('',#20297,#16120,#16121);
#13354=AXIS2_PLACEMENT_3D('',#20299,#16123,#16124);
#13355=AXIS2_PLACEMENT_3D('',#20301,#16126,#16127);
#13356=AXIS2_PLACEMENT_3D('',#20303,#16129,#16130);
#13357=AXIS2_PLACEMENT_3D('',#20305,#16132,#16133);
#13358=AXIS2_PLACEMENT_3D('',#20307,#16135,#16136);
#13359=AXIS2_PLACEMENT_3D('',#20309,#16138,#16139);
#13360=AXIS2_PLACEMENT_3D('',#20311,#16141,#16142);
#13361=AXIS2_PLACEMENT_3D('',#20312,#16143,#16144);
#13362=AXIS2_PLACEMENT_3D('',#20314,#16146,#16147);
#13363=AXIS2_PLACEMENT_3D('',#20316,#16149,#16150);
#13364=AXIS2_PLACEMENT_3D('',#20318,#16152,#16153);
#13365=AXIS2_PLACEMENT_3D('',#20320,#16155,#16156);
#13366=AXIS2_PLACEMENT_3D('',#20322,#16158,#16159);
#13367=AXIS2_PLACEMENT_3D('',#20324,#16161,#16162);
#13368=AXIS2_PLACEMENT_3D('',#20326,#16164,#16165);
#13369=AXIS2_PLACEMENT_3D('',#20328,#16167,#16168);
#13370=AXIS2_PLACEMENT_3D('',#20330,#16170,#16171);
#13371=AXIS2_PLACEMENT_3D('',#20332,#16173,#16174);
#13372=AXIS2_PLACEMENT_3D('',#20334,#16176,#16177);
#13373=AXIS2_PLACEMENT_3D('',#20336,#16179,#16180);
#13374=AXIS2_PLACEMENT_3D('',#20337,#16181,#16182);
#13375=AXIS2_PLACEMENT_3D('',#20339,#16184,#16185);
#13376=AXIS2_PLACEMENT_3D('',#20341,#16187,#16188);
#13377=AXIS2_PLACEMENT_3D('',#20343,#16190,#16191);
#13378=AXIS2_PLACEMENT_3D('',#20345,#16193,#16194);
#13379=AXIS2_PLACEMENT_3D('',#20347,#16196,#16197);
#13380=AXIS2_PLACEMENT_3D('',#20348,#16198,#16199);
#13381=AXIS2_PLACEMENT_3D('',#20350,#16201,#16202);
#13382=AXIS2_PLACEMENT_3D('',#20352,#16204,#16205);
#13383=AXIS2_PLACEMENT_3D('',#20354,#16207,#16208);
#13384=AXIS2_PLACEMENT_3D('',#20356,#16210,#16211);
#13385=AXIS2_PLACEMENT_3D('',#20358,#16213,#16214);
#13386=AXIS2_PLACEMENT_3D('',#20360,#16216,#16217);
#13387=AXIS2_PLACEMENT_3D('',#20361,#16218,#16219);
#13388=AXIS2_PLACEMENT_3D('',#20363,#16221,#16222);
#13389=AXIS2_PLACEMENT_3D('',#20365,#16224,#16225);
#13390=AXIS2_PLACEMENT_3D('',#20367,#16227,#16228);
#13391=AXIS2_PLACEMENT_3D('',#20369,#16230,#16231);
#13392=AXIS2_PLACEMENT_3D('',#20371,#16233,#16234);
#13393=AXIS2_PLACEMENT_3D('',#20373,#16236,#16237);
#13394=AXIS2_PLACEMENT_3D('',#20375,#16239,#16240);
#13395=AXIS2_PLACEMENT_3D('',#20377,#16242,#16243);
#13396=AXIS2_PLACEMENT_3D('',#20379,#16245,#16246);
#13397=AXIS2_PLACEMENT_3D('',#20381,#16248,#16249);
#13398=AXIS2_PLACEMENT_3D('',#20383,#16251,#16252);
#13399=AXIS2_PLACEMENT_3D('',#20385,#16254,#16255);
#13400=AXIS2_PLACEMENT_3D('',#20386,#16256,#16257);
#13401=AXIS2_PLACEMENT_3D('',#20388,#16259,#16260);
#13402=AXIS2_PLACEMENT_3D('',#20390,#16262,#16263);
#13403=AXIS2_PLACEMENT_3D('',#20392,#16265,#16266);
#13404=AXIS2_PLACEMENT_3D('',#20394,#16268,#16269);
#13405=AXIS2_PLACEMENT_3D('',#20396,#16271,#16272);
#13406=AXIS2_PLACEMENT_3D('',#20397,#16273,#16274);
#13407=AXIS2_PLACEMENT_3D('',#20399,#16276,#16277);
#13408=AXIS2_PLACEMENT_3D('',#20401,#16279,#16280);
#13409=AXIS2_PLACEMENT_3D('',#20403,#16282,#16283);
#13410=AXIS2_PLACEMENT_3D('',#20405,#16285,#16286);
#13411=AXIS2_PLACEMENT_3D('',#20407,#16288,#16289);
#13412=AXIS2_PLACEMENT_3D('',#20409,#16291,#16292);
#13413=AXIS2_PLACEMENT_3D('',#20410,#16293,#16294);
#13414=AXIS2_PLACEMENT_3D('',#20412,#16296,#16297);
#13415=AXIS2_PLACEMENT_3D('',#20414,#16299,#16300);
#13416=AXIS2_PLACEMENT_3D('',#20416,#16302,#16303);
#13417=AXIS2_PLACEMENT_3D('',#20418,#16305,#16306);
#13418=AXIS2_PLACEMENT_3D('',#20420,#16308,#16309);
#13419=AXIS2_PLACEMENT_3D('',#20422,#16311,#16312);
#13420=AXIS2_PLACEMENT_3D('',#20424,#16314,#16315);
#13421=AXIS2_PLACEMENT_3D('',#20426,#16317,#16318);
#13422=AXIS2_PLACEMENT_3D('',#20428,#16320,#16321);
#13423=AXIS2_PLACEMENT_3D('',#20430,#16323,#16324);
#13424=AXIS2_PLACEMENT_3D('',#20432,#16326,#16327);
#13425=AXIS2_PLACEMENT_3D('',#20433,#16328,#16329);
#13426=AXIS2_PLACEMENT_3D('',#20435,#16331,#16332);
#13427=AXIS2_PLACEMENT_3D('',#20437,#16334,#16335);
#13428=AXIS2_PLACEMENT_3D('',#20440,#16338,#16339);
#13429=AXIS2_PLACEMENT_3D('',#20442,#16341,#16342);
#13430=AXIS2_PLACEMENT_3D('',#20444,#16344,#16345);
#13431=AXIS2_PLACEMENT_3D('',#20446,#16347,#16348);
#13432=AXIS2_PLACEMENT_3D('',#20448,#16350,#16351);
#13433=AXIS2_PLACEMENT_3D('',#20450,#16353,#16354);
#13434=AXIS2_PLACEMENT_3D('',#20452,#16356,#16357);
#13435=AXIS2_PLACEMENT_3D('',#20453,#16358,#16359);
#13436=AXIS2_PLACEMENT_3D('',#20456,#16362,#16363);
#13437=AXIS2_PLACEMENT_3D('',#20458,#16365,#16366);
#13438=AXIS2_PLACEMENT_3D('',#20460,#16368,#16369);
#13439=AXIS2_PLACEMENT_3D('',#20462,#16371,#16372);
#13440=AXIS2_PLACEMENT_3D('',#20464,#16374,#16375);
#13441=AXIS2_PLACEMENT_3D('',#20466,#16377,#16378);
#13442=AXIS2_PLACEMENT_3D('',#20468,#16380,#16381);
#13443=AXIS2_PLACEMENT_3D('',#20469,#16382,#16383);
#13444=AXIS2_PLACEMENT_3D('',#20472,#16386,#16387);
#13445=AXIS2_PLACEMENT_3D('',#20474,#16389,#16390);
#13446=AXIS2_PLACEMENT_3D('',#20476,#16392,#16393);
#13447=AXIS2_PLACEMENT_3D('',#20478,#16395,#16396);
#13448=AXIS2_PLACEMENT_3D('',#20480,#16398,#16399);
#13449=AXIS2_PLACEMENT_3D('',#20482,#16401,#16402);
#13450=AXIS2_PLACEMENT_3D('',#20484,#16404,#16405);
#13451=AXIS2_PLACEMENT_3D('',#20485,#16406,#16407);
#13452=AXIS2_PLACEMENT_3D('',#20488,#16410,#16411);
#13453=AXIS2_PLACEMENT_3D('',#20490,#16413,#16414);
#13454=AXIS2_PLACEMENT_3D('',#20492,#16416,#16417);
#13455=AXIS2_PLACEMENT_3D('',#20494,#16419,#16420);
#13456=AXIS2_PLACEMENT_3D('',#20496,#16422,#16423);
#13457=AXIS2_PLACEMENT_3D('',#20498,#16425,#16426);
#13458=AXIS2_PLACEMENT_3D('',#20500,#16428,#16429);
#13459=AXIS2_PLACEMENT_3D('',#20501,#16430,#16431);
#13460=AXIS2_PLACEMENT_3D('',#20504,#16434,#16435);
#13461=AXIS2_PLACEMENT_3D('',#20506,#16437,#16438);
#13462=AXIS2_PLACEMENT_3D('',#20508,#16440,#16441);
#13463=AXIS2_PLACEMENT_3D('',#20510,#16443,#16444);
#13464=AXIS2_PLACEMENT_3D('',#20512,#16446,#16447);
#13465=AXIS2_PLACEMENT_3D('',#20514,#16449,#16450);
#13466=AXIS2_PLACEMENT_3D('',#20516,#16452,#16453);
#13467=AXIS2_PLACEMENT_3D('',#20517,#16454,#16455);
#13468=AXIS2_PLACEMENT_3D('',#20520,#16458,#16459);
#13469=AXIS2_PLACEMENT_3D('',#20522,#16461,#16462);
#13470=AXIS2_PLACEMENT_3D('',#20524,#16464,#16465);
#13471=AXIS2_PLACEMENT_3D('',#20526,#16467,#16468);
#13472=AXIS2_PLACEMENT_3D('',#20528,#16470,#16471);
#13473=AXIS2_PLACEMENT_3D('',#20530,#16473,#16474);
#13474=AXIS2_PLACEMENT_3D('',#20532,#16476,#16477);
#13475=AXIS2_PLACEMENT_3D('',#20533,#16478,#16479);
#13476=AXIS2_PLACEMENT_3D('',#20536,#16482,#16483);
#13477=AXIS2_PLACEMENT_3D('',#20538,#16485,#16486);
#13478=AXIS2_PLACEMENT_3D('',#20540,#16488,#16489);
#13479=AXIS2_PLACEMENT_3D('',#20542,#16491,#16492);
#13480=AXIS2_PLACEMENT_3D('',#20544,#16494,#16495);
#13481=AXIS2_PLACEMENT_3D('',#20546,#16497,#16498);
#13482=AXIS2_PLACEMENT_3D('',#20548,#16500,#16501);
#13483=AXIS2_PLACEMENT_3D('',#20549,#16502,#16503);
#13484=AXIS2_PLACEMENT_3D('',#20552,#16506,#16507);
#13485=AXIS2_PLACEMENT_3D('',#20554,#16509,#16510);
#13486=AXIS2_PLACEMENT_3D('',#20556,#16512,#16513);
#13487=AXIS2_PLACEMENT_3D('',#20558,#16515,#16516);
#13488=AXIS2_PLACEMENT_3D('',#20560,#16518,#16519);
#13489=AXIS2_PLACEMENT_3D('',#20562,#16521,#16522);
#13490=AXIS2_PLACEMENT_3D('',#20564,#16524,#16525);
#13491=AXIS2_PLACEMENT_3D('',#20565,#16526,#16527);
#13492=AXIS2_PLACEMENT_3D('',#20568,#16530,#16531);
#13493=AXIS2_PLACEMENT_3D('',#20570,#16533,#16534);
#13494=AXIS2_PLACEMENT_3D('',#20572,#16536,#16537);
#13495=AXIS2_PLACEMENT_3D('',#20574,#16539,#16540);
#13496=AXIS2_PLACEMENT_3D('',#20576,#16542,#16543);
#13497=AXIS2_PLACEMENT_3D('',#20578,#16545,#16546);
#13498=AXIS2_PLACEMENT_3D('',#20580,#16548,#16549);
#13499=AXIS2_PLACEMENT_3D('',#20581,#16550,#16551);
#13500=AXIS2_PLACEMENT_3D('',#20584,#16554,#16555);
#13501=AXIS2_PLACEMENT_3D('',#20586,#16557,#16558);
#13502=AXIS2_PLACEMENT_3D('',#20588,#16560,#16561);
#13503=AXIS2_PLACEMENT_3D('',#20590,#16563,#16564);
#13504=AXIS2_PLACEMENT_3D('',#20592,#16566,#16567);
#13505=AXIS2_PLACEMENT_3D('',#20594,#16569,#16570);
#13506=AXIS2_PLACEMENT_3D('',#20596,#16572,#16573);
#13507=AXIS2_PLACEMENT_3D('',#20597,#16574,#16575);
#13508=AXIS2_PLACEMENT_3D('',#20600,#16578,#16579);
#13509=AXIS2_PLACEMENT_3D('',#20602,#16581,#16582);
#13510=AXIS2_PLACEMENT_3D('',#20604,#16584,#16585);
#13511=AXIS2_PLACEMENT_3D('',#20606,#16587,#16588);
#13512=AXIS2_PLACEMENT_3D('',#20608,#16590,#16591);
#13513=AXIS2_PLACEMENT_3D('',#20610,#16593,#16594);
#13514=AXIS2_PLACEMENT_3D('',#20612,#16596,#16597);
#13515=AXIS2_PLACEMENT_3D('',#20613,#16598,#16599);
#13516=AXIS2_PLACEMENT_3D('',#20616,#16602,#16603);
#13517=AXIS2_PLACEMENT_3D('',#20618,#16605,#16606);
#13518=AXIS2_PLACEMENT_3D('',#20620,#16608,#16609);
#13519=AXIS2_PLACEMENT_3D('',#20622,#16611,#16612);
#13520=AXIS2_PLACEMENT_3D('',#20624,#16614,#16615);
#13521=AXIS2_PLACEMENT_3D('',#20626,#16617,#16618);
#13522=AXIS2_PLACEMENT_3D('',#20628,#16620,#16621);
#13523=AXIS2_PLACEMENT_3D('',#20629,#16622,#16623);
#13524=AXIS2_PLACEMENT_3D('',#20632,#16626,#16627);
#13525=AXIS2_PLACEMENT_3D('',#20634,#16629,#16630);
#13526=AXIS2_PLACEMENT_3D('',#20636,#16632,#16633);
#13527=AXIS2_PLACEMENT_3D('',#20638,#16635,#16636);
#13528=AXIS2_PLACEMENT_3D('',#20640,#16638,#16639);
#13529=AXIS2_PLACEMENT_3D('',#20642,#16641,#16642);
#13530=AXIS2_PLACEMENT_3D('',#20644,#16644,#16645);
#13531=AXIS2_PLACEMENT_3D('',#20645,#16646,#16647);
#13532=AXIS2_PLACEMENT_3D('',#20648,#16650,#16651);
#13533=AXIS2_PLACEMENT_3D('',#20650,#16653,#16654);
#13534=AXIS2_PLACEMENT_3D('',#20652,#16656,#16657);
#13535=AXIS2_PLACEMENT_3D('',#20654,#16659,#16660);
#13536=AXIS2_PLACEMENT_3D('',#20656,#16662,#16663);
#13537=AXIS2_PLACEMENT_3D('',#20658,#16665,#16666);
#13538=AXIS2_PLACEMENT_3D('',#20660,#16668,#16669);
#13539=AXIS2_PLACEMENT_3D('',#20661,#16670,#16671);
#13540=AXIS2_PLACEMENT_3D('',#20664,#16674,#16675);
#13541=AXIS2_PLACEMENT_3D('',#20666,#16677,#16678);
#13542=AXIS2_PLACEMENT_3D('',#20668,#16680,#16681);
#13543=AXIS2_PLACEMENT_3D('',#20670,#16683,#16684);
#13544=AXIS2_PLACEMENT_3D('',#20672,#16686,#16687);
#13545=AXIS2_PLACEMENT_3D('',#20674,#16689,#16690);
#13546=AXIS2_PLACEMENT_3D('',#20676,#16692,#16693);
#13547=AXIS2_PLACEMENT_3D('',#20677,#16694,#16695);
#13548=AXIS2_PLACEMENT_3D('',#20680,#16698,#16699);
#13549=AXIS2_PLACEMENT_3D('',#20682,#16701,#16702);
#13550=AXIS2_PLACEMENT_3D('',#20684,#16704,#16705);
#13551=AXIS2_PLACEMENT_3D('',#20686,#16707,#16708);
#13552=AXIS2_PLACEMENT_3D('',#20688,#16710,#16711);
#13553=AXIS2_PLACEMENT_3D('',#20690,#16713,#16714);
#13554=AXIS2_PLACEMENT_3D('',#20692,#16716,#16717);
#13555=AXIS2_PLACEMENT_3D('',#20693,#16718,#16719);
#13556=AXIS2_PLACEMENT_3D('',#20696,#16722,#16723);
#13557=AXIS2_PLACEMENT_3D('',#20698,#16725,#16726);
#13558=AXIS2_PLACEMENT_3D('',#20700,#16728,#16729);
#13559=AXIS2_PLACEMENT_3D('',#20702,#16731,#16732);
#13560=AXIS2_PLACEMENT_3D('',#20704,#16734,#16735);
#13561=AXIS2_PLACEMENT_3D('',#20706,#16737,#16738);
#13562=AXIS2_PLACEMENT_3D('',#20708,#16740,#16741);
#13563=AXIS2_PLACEMENT_3D('',#20709,#16742,#16743);
#13564=AXIS2_PLACEMENT_3D('',#20712,#16746,#16747);
#13565=AXIS2_PLACEMENT_3D('',#20714,#16749,#16750);
#13566=AXIS2_PLACEMENT_3D('',#20716,#16752,#16753);
#13567=AXIS2_PLACEMENT_3D('',#20718,#16755,#16756);
#13568=AXIS2_PLACEMENT_3D('',#20720,#16758,#16759);
#13569=AXIS2_PLACEMENT_3D('',#20722,#16761,#16762);
#13570=AXIS2_PLACEMENT_3D('',#20724,#16764,#16765);
#13571=AXIS2_PLACEMENT_3D('',#20725,#16766,#16767);
#13572=AXIS2_PLACEMENT_3D('',#20728,#16770,#16771);
#13573=AXIS2_PLACEMENT_3D('',#20730,#16773,#16774);
#13574=AXIS2_PLACEMENT_3D('',#20732,#16776,#16777);
#13575=AXIS2_PLACEMENT_3D('',#20734,#16779,#16780);
#13576=AXIS2_PLACEMENT_3D('',#20736,#16782,#16783);
#13577=AXIS2_PLACEMENT_3D('',#20738,#16785,#16786);
#13578=AXIS2_PLACEMENT_3D('',#20740,#16788,#16789);
#13579=AXIS2_PLACEMENT_3D('',#20741,#16790,#16791);
#13580=AXIS2_PLACEMENT_3D('',#20744,#16794,#16795);
#13581=AXIS2_PLACEMENT_3D('',#20746,#16797,#16798);
#13582=AXIS2_PLACEMENT_3D('',#20748,#16800,#16801);
#13583=AXIS2_PLACEMENT_3D('',#20750,#16803,#16804);
#13584=AXIS2_PLACEMENT_3D('',#20752,#16806,#16807);
#13585=AXIS2_PLACEMENT_3D('',#20754,#16809,#16810);
#13586=AXIS2_PLACEMENT_3D('',#20756,#16812,#16813);
#13587=AXIS2_PLACEMENT_3D('',#20757,#16814,#16815);
#13588=AXIS2_PLACEMENT_3D('',#20760,#16818,#16819);
#13589=AXIS2_PLACEMENT_3D('',#20762,#16821,#16822);
#13590=AXIS2_PLACEMENT_3D('',#20764,#16824,#16825);
#13591=AXIS2_PLACEMENT_3D('',#20766,#16827,#16828);
#13592=AXIS2_PLACEMENT_3D('',#20768,#16830,#16831);
#13593=AXIS2_PLACEMENT_3D('',#20770,#16833,#16834);
#13594=AXIS2_PLACEMENT_3D('',#20772,#16836,#16837);
#13595=AXIS2_PLACEMENT_3D('',#20773,#16838,#16839);
#13596=AXIS2_PLACEMENT_3D('',#20776,#16842,#16843);
#13597=AXIS2_PLACEMENT_3D('',#20778,#16845,#16846);
#13598=AXIS2_PLACEMENT_3D('',#20780,#16848,#16849);
#13599=AXIS2_PLACEMENT_3D('',#20782,#16851,#16852);
#13600=AXIS2_PLACEMENT_3D('',#20784,#16854,#16855);
#13601=AXIS2_PLACEMENT_3D('',#20786,#16857,#16858);
#13602=AXIS2_PLACEMENT_3D('',#20788,#16860,#16861);
#13603=AXIS2_PLACEMENT_3D('',#20789,#16862,#16863);
#13604=AXIS2_PLACEMENT_3D('',#20792,#16866,#16867);
#13605=AXIS2_PLACEMENT_3D('',#20794,#16869,#16870);
#13606=AXIS2_PLACEMENT_3D('',#20796,#16872,#16873);
#13607=AXIS2_PLACEMENT_3D('',#20798,#16875,#16876);
#13608=AXIS2_PLACEMENT_3D('',#20800,#16878,#16879);
#13609=AXIS2_PLACEMENT_3D('',#20802,#16881,#16882);
#13610=AXIS2_PLACEMENT_3D('',#20804,#16884,#16885);
#13611=AXIS2_PLACEMENT_3D('',#20805,#16886,#16887);
#13612=AXIS2_PLACEMENT_3D('',#20808,#16890,#16891);
#13613=AXIS2_PLACEMENT_3D('',#20810,#16893,#16894);
#13614=AXIS2_PLACEMENT_3D('',#20812,#16896,#16897);
#13615=AXIS2_PLACEMENT_3D('',#20814,#16899,#16900);
#13616=AXIS2_PLACEMENT_3D('',#20816,#16902,#16903);
#13617=AXIS2_PLACEMENT_3D('',#20818,#16905,#16906);
#13618=AXIS2_PLACEMENT_3D('',#20820,#16908,#16909);
#13619=AXIS2_PLACEMENT_3D('',#20821,#16910,#16911);
#13620=AXIS2_PLACEMENT_3D('',#20824,#16914,#16915);
#13621=AXIS2_PLACEMENT_3D('',#20826,#16917,#16918);
#13622=AXIS2_PLACEMENT_3D('',#20828,#16920,#16921);
#13623=AXIS2_PLACEMENT_3D('',#20830,#16923,#16924);
#13624=AXIS2_PLACEMENT_3D('',#20832,#16926,#16927);
#13625=AXIS2_PLACEMENT_3D('',#20834,#16929,#16930);
#13626=AXIS2_PLACEMENT_3D('',#20836,#16932,#16933);
#13627=AXIS2_PLACEMENT_3D('',#20837,#16934,#16935);
#13628=AXIS2_PLACEMENT_3D('',#20840,#16938,#16939);
#13629=AXIS2_PLACEMENT_3D('',#20842,#16941,#16942);
#13630=AXIS2_PLACEMENT_3D('',#20844,#16944,#16945);
#13631=AXIS2_PLACEMENT_3D('',#20846,#16947,#16948);
#13632=AXIS2_PLACEMENT_3D('',#20848,#16950,#16951);
#13633=AXIS2_PLACEMENT_3D('',#20850,#16953,#16954);
#13634=AXIS2_PLACEMENT_3D('',#20852,#16956,#16957);
#13635=AXIS2_PLACEMENT_3D('',#20853,#16958,#16959);
#13636=AXIS2_PLACEMENT_3D('',#20856,#16962,#16963);
#13637=AXIS2_PLACEMENT_3D('',#20858,#16965,#16966);
#13638=AXIS2_PLACEMENT_3D('',#20860,#16968,#16969);
#13639=AXIS2_PLACEMENT_3D('',#20862,#16971,#16972);
#13640=AXIS2_PLACEMENT_3D('',#20864,#16974,#16975);
#13641=AXIS2_PLACEMENT_3D('',#20866,#16977,#16978);
#13642=AXIS2_PLACEMENT_3D('',#20868,#16980,#16981);
#13643=AXIS2_PLACEMENT_3D('',#20869,#16982,#16983);
#13644=AXIS2_PLACEMENT_3D('',#20872,#16986,#16987);
#13645=AXIS2_PLACEMENT_3D('',#20874,#16989,#16990);
#13646=AXIS2_PLACEMENT_3D('',#20876,#16992,#16993);
#13647=AXIS2_PLACEMENT_3D('',#20878,#16995,#16996);
#13648=AXIS2_PLACEMENT_3D('',#20880,#16998,#16999);
#13649=AXIS2_PLACEMENT_3D('',#20882,#17001,#17002);
#13650=AXIS2_PLACEMENT_3D('',#20884,#17004,#17005);
#13651=AXIS2_PLACEMENT_3D('',#20885,#17006,#17007);
#13652=AXIS2_PLACEMENT_3D('',#20888,#17010,#17011);
#13653=AXIS2_PLACEMENT_3D('',#20890,#17013,#17014);
#13654=AXIS2_PLACEMENT_3D('',#20892,#17016,#17017);
#13655=AXIS2_PLACEMENT_3D('',#20894,#17019,#17020);
#13656=AXIS2_PLACEMENT_3D('',#20896,#17022,#17023);
#13657=AXIS2_PLACEMENT_3D('',#20898,#17025,#17026);
#13658=AXIS2_PLACEMENT_3D('',#20900,#17028,#17029);
#13659=AXIS2_PLACEMENT_3D('',#20901,#17030,#17031);
#13660=AXIS2_PLACEMENT_3D('',#20904,#17034,#17035);
#13661=AXIS2_PLACEMENT_3D('',#20906,#17037,#17038);
#13662=AXIS2_PLACEMENT_3D('',#20908,#17040,#17041);
#13663=AXIS2_PLACEMENT_3D('',#20910,#17043,#17044);
#13664=AXIS2_PLACEMENT_3D('',#20912,#17046,#17047);
#13665=AXIS2_PLACEMENT_3D('',#20914,#17049,#17050);
#13666=AXIS2_PLACEMENT_3D('',#20916,#17052,#17053);
#13667=AXIS2_PLACEMENT_3D('',#20917,#17054,#17055);
#13668=AXIS2_PLACEMENT_3D('',#20919,#17057,#17058);
#13669=AXIS2_PLACEMENT_3D('',#20921,#17060,#17061);
#13670=AXIS2_PLACEMENT_3D('',#20923,#17063,#17064);
#13671=AXIS2_PLACEMENT_3D('',#20924,#17065,#17066);
#13672=AXIS2_PLACEMENT_3D('',#20926,#17068,#17069);
#13673=AXIS2_PLACEMENT_3D('',#20928,#17071,#17072);
#13674=AXIS2_PLACEMENT_3D('',#20929,#17073,#17074);
#13675=AXIS2_PLACEMENT_3D('',#20931,#17076,#17077);
#13676=AXIS2_PLACEMENT_3D('',#20933,#17079,#17080);
#13677=AXIS2_PLACEMENT_3D('',#20935,#17082,#17083);
#13678=AXIS2_PLACEMENT_3D('',#20936,#17084,#17085);
#13679=AXIS2_PLACEMENT_3D('',#20938,#17087,#17088);
#13680=AXIS2_PLACEMENT_3D('',#20940,#17090,#17091);
#13681=AXIS2_PLACEMENT_3D('',#20941,#17092,#17093);
#13682=AXIS2_PLACEMENT_3D('',#20944,#17096,#17097);
#13683=AXIS2_PLACEMENT_3D('',#20946,#17099,#17100);
#13684=AXIS2_PLACEMENT_3D('',#20948,#17102,#17103);
#13685=AXIS2_PLACEMENT_3D('',#20950,#17105,#17106);
#13686=AXIS2_PLACEMENT_3D('',#20952,#17108,#17109);
#13687=AXIS2_PLACEMENT_3D('',#20954,#17111,#17112);
#13688=AXIS2_PLACEMENT_3D('',#20956,#17114,#17115);
#13689=AXIS2_PLACEMENT_3D('',#20957,#17116,#17117);
#13690=AXIS2_PLACEMENT_3D('',#20960,#17120,#17121);
#13691=AXIS2_PLACEMENT_3D('',#20962,#17123,#17124);
#13692=AXIS2_PLACEMENT_3D('',#20964,#17126,#17127);
#13693=AXIS2_PLACEMENT_3D('',#20966,#17129,#17130);
#13694=AXIS2_PLACEMENT_3D('',#20968,#17132,#17133);
#13695=AXIS2_PLACEMENT_3D('',#20970,#17135,#17136);
#13696=AXIS2_PLACEMENT_3D('',#20972,#17138,#17139);
#13697=AXIS2_PLACEMENT_3D('',#20973,#17140,#17141);
#13698=AXIS2_PLACEMENT_3D('',#20976,#17144,#17145);
#13699=AXIS2_PLACEMENT_3D('',#20978,#17147,#17148);
#13700=AXIS2_PLACEMENT_3D('',#20980,#17150,#17151);
#13701=AXIS2_PLACEMENT_3D('',#20982,#17153,#17154);
#13702=AXIS2_PLACEMENT_3D('',#20984,#17156,#17157);
#13703=AXIS2_PLACEMENT_3D('',#20986,#17159,#17160);
#13704=AXIS2_PLACEMENT_3D('',#20988,#17162,#17163);
#13705=AXIS2_PLACEMENT_3D('',#20989,#17164,#17165);
#13706=AXIS2_PLACEMENT_3D('',#20992,#17168,#17169);
#13707=AXIS2_PLACEMENT_3D('',#20994,#17171,#17172);
#13708=AXIS2_PLACEMENT_3D('',#20996,#17174,#17175);
#13709=AXIS2_PLACEMENT_3D('',#20998,#17177,#17178);
#13710=AXIS2_PLACEMENT_3D('',#21000,#17180,#17181);
#13711=AXIS2_PLACEMENT_3D('',#21002,#17183,#17184);
#13712=AXIS2_PLACEMENT_3D('',#21004,#17186,#17187);
#13713=AXIS2_PLACEMENT_3D('',#21005,#17188,#17189);
#13714=AXIS2_PLACEMENT_3D('',#21008,#17192,#17193);
#13715=AXIS2_PLACEMENT_3D('',#21010,#17195,#17196);
#13716=AXIS2_PLACEMENT_3D('',#21012,#17198,#17199);
#13717=AXIS2_PLACEMENT_3D('',#21014,#17201,#17202);
#13718=AXIS2_PLACEMENT_3D('',#21016,#17204,#17205);
#13719=AXIS2_PLACEMENT_3D('',#21018,#17207,#17208);
#13720=AXIS2_PLACEMENT_3D('',#21020,#17210,#17211);
#13721=AXIS2_PLACEMENT_3D('',#21021,#17212,#17213);
#13722=AXIS2_PLACEMENT_3D('',#21024,#17216,#17217);
#13723=AXIS2_PLACEMENT_3D('',#21026,#17219,#17220);
#13724=AXIS2_PLACEMENT_3D('',#21028,#17222,#17223);
#13725=AXIS2_PLACEMENT_3D('',#21030,#17225,#17226);
#13726=AXIS2_PLACEMENT_3D('',#21032,#17228,#17229);
#13727=AXIS2_PLACEMENT_3D('',#21034,#17231,#17232);
#13728=AXIS2_PLACEMENT_3D('',#21036,#17234,#17235);
#13729=AXIS2_PLACEMENT_3D('',#21037,#17236,#17237);
#13730=AXIS2_PLACEMENT_3D('',#21040,#17240,#17241);
#13731=AXIS2_PLACEMENT_3D('',#21042,#17243,#17244);
#13732=AXIS2_PLACEMENT_3D('',#21044,#17246,#17247);
#13733=AXIS2_PLACEMENT_3D('',#21046,#17249,#17250);
#13734=AXIS2_PLACEMENT_3D('',#21048,#17252,#17253);
#13735=AXIS2_PLACEMENT_3D('',#21050,#17255,#17256);
#13736=AXIS2_PLACEMENT_3D('',#21052,#17258,#17259);
#13737=AXIS2_PLACEMENT_3D('',#21053,#17260,#17261);
#13738=AXIS2_PLACEMENT_3D('',#21056,#17264,#17265);
#13739=AXIS2_PLACEMENT_3D('',#21058,#17267,#17268);
#13740=AXIS2_PLACEMENT_3D('',#21060,#17270,#17271);
#13741=AXIS2_PLACEMENT_3D('',#21062,#17273,#17274);
#13742=AXIS2_PLACEMENT_3D('',#21064,#17276,#17277);
#13743=AXIS2_PLACEMENT_3D('',#21066,#17279,#17280);
#13744=AXIS2_PLACEMENT_3D('',#21068,#17282,#17283);
#13745=AXIS2_PLACEMENT_3D('',#21069,#17284,#17285);
#13746=AXIS2_PLACEMENT_3D('',#21072,#17288,#17289);
#13747=AXIS2_PLACEMENT_3D('',#21074,#17291,#17292);
#13748=AXIS2_PLACEMENT_3D('',#21076,#17294,#17295);
#13749=AXIS2_PLACEMENT_3D('',#21078,#17297,#17298);
#13750=AXIS2_PLACEMENT_3D('',#21080,#17300,#17301);
#13751=AXIS2_PLACEMENT_3D('',#21082,#17303,#17304);
#13752=AXIS2_PLACEMENT_3D('',#21084,#17306,#17307);
#13753=AXIS2_PLACEMENT_3D('',#21085,#17308,#17309);
#13754=AXIS2_PLACEMENT_3D('',#21088,#17312,#17313);
#13755=AXIS2_PLACEMENT_3D('',#21090,#17315,#17316);
#13756=AXIS2_PLACEMENT_3D('',#21092,#17318,#17319);
#13757=AXIS2_PLACEMENT_3D('',#21094,#17321,#17322);
#13758=AXIS2_PLACEMENT_3D('',#21096,#17324,#17325);
#13759=AXIS2_PLACEMENT_3D('',#21098,#17327,#17328);
#13760=AXIS2_PLACEMENT_3D('',#21100,#17330,#17331);
#13761=AXIS2_PLACEMENT_3D('',#21101,#17332,#17333);
#13762=AXIS2_PLACEMENT_3D('',#21102,#17334,#17335);
#13763=AXIS2_PLACEMENT_3D('',#21105,#17338,#17339);
#13764=AXIS2_PLACEMENT_3D('',#21107,#17341,#17342);
#13765=AXIS2_PLACEMENT_3D('',#21108,#17343,#17344);
#13766=AXIS2_PLACEMENT_3D('',#21110,#17346,#17347);
#13767=AXIS2_PLACEMENT_3D('',#21112,#17349,#17350);
#13768=AXIS2_PLACEMENT_3D('',#21114,#17352,#17353);
#13769=AXIS2_PLACEMENT_3D('',#21116,#17355,#17356);
#13770=AXIS2_PLACEMENT_3D('',#21118,#17358,#17359);
#13771=AXIS2_PLACEMENT_3D('',#21120,#17361,#17362);
#13772=AXIS2_PLACEMENT_3D('',#21122,#17364,#17365);
#13773=AXIS2_PLACEMENT_3D('',#21124,#17367,#17368);
#13774=AXIS2_PLACEMENT_3D('',#21126,#17370,#17371);
#13775=AXIS2_PLACEMENT_3D('',#21128,#17373,#17374);
#13776=AXIS2_PLACEMENT_3D('',#21130,#17376,#17377);
#13777=AXIS2_PLACEMENT_3D('',#21132,#17379,#17380);
#13778=AXIS2_PLACEMENT_3D('',#21134,#17382,#17383);
#13779=AXIS2_PLACEMENT_3D('',#21136,#17385,#17386);
#13780=AXIS2_PLACEMENT_3D('',#21137,#17387,#17388);
#13781=AXIS2_PLACEMENT_3D('',#21139,#17390,#17391);
#13782=AXIS2_PLACEMENT_3D('',#21141,#17393,#17394);
#13783=AXIS2_PLACEMENT_3D('',#21143,#17396,#17397);
#13784=AXIS2_PLACEMENT_3D('',#21145,#17399,#17400);
#13785=AXIS2_PLACEMENT_3D('',#21147,#17402,#17403);
#13786=AXIS2_PLACEMENT_3D('',#21149,#17405,#17406);
#13787=AXIS2_PLACEMENT_3D('',#21151,#17408,#17409);
#13788=AXIS2_PLACEMENT_3D('',#21153,#17411,#17412);
#13789=AXIS2_PLACEMENT_3D('',#21155,#17414,#17415);
#13790=AXIS2_PLACEMENT_3D('',#21157,#17417,#17418);
#13791=AXIS2_PLACEMENT_3D('',#21159,#17420,#17421);
#13792=AXIS2_PLACEMENT_3D('',#21161,#17423,#17424);
#13793=AXIS2_PLACEMENT_3D('',#21163,#17426,#17427);
#13794=AXIS2_PLACEMENT_3D('',#21165,#17429,#17430);
#13795=AXIS2_PLACEMENT_3D('',#21166,#17431,#17432);
#13796=AXIS2_PLACEMENT_3D('',#21168,#17434,#17435);
#13797=AXIS2_PLACEMENT_3D('',#21170,#17437,#17438);
#13798=AXIS2_PLACEMENT_3D('',#21172,#17440,#17441);
#13799=AXIS2_PLACEMENT_3D('',#21174,#17443,#17444);
#13800=AXIS2_PLACEMENT_3D('',#21176,#17446,#17447);
#13801=AXIS2_PLACEMENT_3D('',#21178,#17449,#17450);
#13802=AXIS2_PLACEMENT_3D('',#21180,#17452,#17453);
#13803=AXIS2_PLACEMENT_3D('',#21182,#17455,#17456);
#13804=AXIS2_PLACEMENT_3D('',#21184,#17458,#17459);
#13805=AXIS2_PLACEMENT_3D('',#21186,#17461,#17462);
#13806=AXIS2_PLACEMENT_3D('',#21188,#17464,#17465);
#13807=AXIS2_PLACEMENT_3D('',#21190,#17467,#17468);
#13808=AXIS2_PLACEMENT_3D('',#21192,#17470,#17471);
#13809=AXIS2_PLACEMENT_3D('',#21194,#17473,#17474);
#13810=AXIS2_PLACEMENT_3D('',#21195,#17475,#17476);
#13811=AXIS2_PLACEMENT_3D('',#21197,#17478,#17479);
#13812=AXIS2_PLACEMENT_3D('',#21199,#17481,#17482);
#13813=AXIS2_PLACEMENT_3D('',#21201,#17484,#17485);
#13814=AXIS2_PLACEMENT_3D('',#21203,#17487,#17488);
#13815=AXIS2_PLACEMENT_3D('',#21205,#17490,#17491);
#13816=AXIS2_PLACEMENT_3D('',#21207,#17493,#17494);
#13817=AXIS2_PLACEMENT_3D('',#21209,#17496,#17497);
#13818=AXIS2_PLACEMENT_3D('',#21211,#17499,#17500);
#13819=AXIS2_PLACEMENT_3D('',#21213,#17502,#17503);
#13820=AXIS2_PLACEMENT_3D('',#21215,#17505,#17506);
#13821=AXIS2_PLACEMENT_3D('',#21217,#17508,#17509);
#13822=DIRECTION('axis',(0.,0.,1.));
#13823=DIRECTION('refdir',(1.,0.,0.));
#13824=DIRECTION('center_axis',(0.,-1.,0.));
#13825=DIRECTION('ref_axis',(-1.,0.,0.));
#13826=DIRECTION('',(1.,0.,0.));
#13827=DIRECTION('',(0.,0.,-1.));
#13828=DIRECTION('',(-1.,0.,0.));
#13829=DIRECTION('',(0.,0.,-1.));
#13830=DIRECTION('center_axis',(0.,-1.,0.));
#13831=DIRECTION('ref_axis',(-1.,0.,0.));
#13832=DIRECTION('',(1.,0.,0.));
#13833=DIRECTION('',(0.,0.,-1.));
#13834=DIRECTION('',(-1.,0.,0.));
#13835=DIRECTION('',(0.,0.,-1.));
#13836=DIRECTION('center_axis',(0.,1.,0.));
#13837=DIRECTION('ref_axis',(1.,0.,0.));
#13838=DIRECTION('',(-1.,0.,0.));
#13839=DIRECTION('',(0.,0.,-1.));
#13840=DIRECTION('',(1.,0.,0.));
#13841=DIRECTION('',(0.,0.,-1.));
#13842=DIRECTION('center_axis',(0.,1.,0.));
#13843=DIRECTION('ref_axis',(1.,0.,0.));
#13844=DIRECTION('',(-1.,0.,0.));
#13845=DIRECTION('',(0.,0.,-1.));
#13846=DIRECTION('',(1.,0.,0.));
#13847=DIRECTION('',(0.,0.,-1.));
#13848=DIRECTION('center_axis',(0.,-1.,0.));
#13849=DIRECTION('ref_axis',(-1.,0.,0.));
#13850=DIRECTION('',(-1.,0.,0.));
#13851=DIRECTION('',(0.,0.,-1.));
#13852=DIRECTION('',(-1.,0.,0.));
#13853=DIRECTION('',(0.,0.,-1.));
#13854=DIRECTION('center_axis',(0.,-1.,0.));
#13855=DIRECTION('ref_axis',(-1.,0.,0.));
#13856=DIRECTION('',(-1.,0.,0.));
#13857=DIRECTION('',(0.,0.,-1.));
#13858=DIRECTION('',(-1.,0.,0.));
#13859=DIRECTION('',(0.,0.,-1.));
#13860=DIRECTION('center_axis',(0.,1.,0.));
#13861=DIRECTION('ref_axis',(1.,0.,0.));
#13862=DIRECTION('',(-1.,0.,0.));
#13863=DIRECTION('',(0.,0.,-1.));
#13864=DIRECTION('',(1.,0.,0.));
#13865=DIRECTION('',(0.,0.,-1.));
#13866=DIRECTION('center_axis',(0.,1.,0.));
#13867=DIRECTION('ref_axis',(1.,0.,0.));
#13868=DIRECTION('',(-1.,0.,0.));
#13869=DIRECTION('',(0.,0.,-1.));
#13870=DIRECTION('',(1.,0.,0.));
#13871=DIRECTION('',(0.,0.,-1.));
#13872=DIRECTION('center_axis',(0.,0.,1.));
#13873=DIRECTION('ref_axis',(1.,0.,0.));
#13874=DIRECTION('',(8.28724935456521E-15,-1.,0.));
#13875=DIRECTION('center_axis',(0.,0.,-1.));
#13876=DIRECTION('ref_axis',(1.,0.,0.));
#13877=DIRECTION('',(-1.,-1.49117048428143E-15,0.));
#13878=DIRECTION('center_axis',(0.,0.,-1.));
#13879=DIRECTION('ref_axis',(0.,-1.,0.));
#13880=DIRECTION('',(0.,1.,0.));
#13881=DIRECTION('center_axis',(0.,0.,1.));
#13882=DIRECTION('ref_axis',(0.,1.,0.));
#13883=DIRECTION('',(-1.,1.36642833800019E-15,0.));
#13884=DIRECTION('center_axis',(0.,0.,-1.));
#13885=DIRECTION('ref_axis',(0.,-1.,0.));
#13886=DIRECTION('',(0.,1.,0.));
#13887=DIRECTION('center_axis',(0.,0.,-1.));
#13888=DIRECTION('ref_axis',(-1.,0.,0.));
#13889=DIRECTION('',(1.,1.36642833800019E-15,0.));
#13890=DIRECTION('center_axis',(0.,0.,1.));
#13891=DIRECTION('ref_axis',(0.,1.,0.));
#13892=DIRECTION('',(-1.,0.,0.));
#13893=DIRECTION('center_axis',(0.,0.,-1.));
#13894=DIRECTION('ref_axis',(0.,-1.,0.));
#13895=DIRECTION('',(0.,1.,0.));
#13896=DIRECTION('center_axis',(0.,0.,-1.));
#13897=DIRECTION('ref_axis',(-1.,0.,0.));
#13898=DIRECTION('',(1.,-1.36642833800019E-15,0.));
#13899=DIRECTION('center_axis',(0.,0.,-1.));
#13900=DIRECTION('ref_axis',(0.,1.,0.));
#13901=DIRECTION('',(1.36642833800019E-15,-1.,0.));
#13902=DIRECTION('center_axis',(0.,0.,1.));
#13903=DIRECTION('ref_axis',(1.,0.,0.));
#13904=DIRECTION('',(-1.36642833800019E-15,1.,0.));
#13905=DIRECTION('center_axis',(0.,0.,-1.));
#13906=DIRECTION('ref_axis',(-1.,0.,0.));
#13907=DIRECTION('',(1.,2.73285667600038E-15,0.));
#13908=DIRECTION('center_axis',(0.,0.,-1.));
#13909=DIRECTION('ref_axis',(0.,1.,0.));
#13910=DIRECTION('',(0.,-1.,0.));
#13911=DIRECTION('center_axis',(0.,0.,1.));
#13912=DIRECTION('ref_axis',(1.,0.,0.));
#13913=DIRECTION('',(-2.73285667600038E-15,1.,0.));
#13914=DIRECTION('center_axis',(0.,0.,-1.));
#13915=DIRECTION('ref_axis',(-1.,0.,0.));
#13916=DIRECTION('',(1.,-2.73285667600039E-15,0.));
#13917=DIRECTION('center_axis',(0.,0.,-1.));
#13918=DIRECTION('ref_axis',(0.,1.,0.));
#13919=DIRECTION('',(0.,-1.,0.));
#13920=DIRECTION('center_axis',(0.,0.,-1.));
#13921=DIRECTION('ref_axis',(1.,0.,0.));
#13922=DIRECTION('',(-1.,0.,0.));
#13923=DIRECTION('center_axis',(0.,0.,1.));
#13924=DIRECTION('ref_axis',(0.,-1.,0.));
#13925=DIRECTION('',(1.,2.73285667600038E-15,0.));
#13926=DIRECTION('center_axis',(0.,0.,-1.));
#13927=DIRECTION('ref_axis',(0.,1.,0.));
#13928=DIRECTION('',(0.,-1.,0.));
#13929=DIRECTION('center_axis',(0.,0.,-1.));
#13930=DIRECTION('ref_axis',(1.,0.,0.));
#13931=DIRECTION('',(-1.,0.,0.));
#13932=DIRECTION('center_axis',(0.,0.,1.));
#13933=DIRECTION('ref_axis',(-1.,-1.18423789293351E-14,0.));
#13934=DIRECTION('center_axis',(0.,0.,-1.));
#13935=DIRECTION('ref_axis',(0.,1.,0.));
#13936=DIRECTION('',(1.,0.,0.));
#13937=DIRECTION('',(0.,1.,0.));
#13938=DIRECTION('center_axis',(0.,0.,1.));
#13939=DIRECTION('ref_axis',(1.,0.,0.));
#13940=DIRECTION('',(-1.,0.,0.));
#13941=DIRECTION('',(0.,1.,0.));
#13942=DIRECTION('center_axis',(0.,0.,1.));
#13943=DIRECTION('ref_axis',(1.,0.,0.));
#13944=DIRECTION('',(-1.,0.,0.));
#13945=DIRECTION('center_axis',(0.,0.,1.));
#13946=DIRECTION('ref_axis',(0.,1.,0.));
#13947=DIRECTION('',(0.,-1.,0.));
#13948=DIRECTION('',(0.,1.,0.));
#13949=DIRECTION('center_axis',(0.,0.,1.));
#13950=DIRECTION('ref_axis',(1.,0.,0.));
#13951=DIRECTION('',(-1.,0.,0.));
#13952=DIRECTION('center_axis',(0.,0.,1.));
#13953=DIRECTION('ref_axis',(0.,1.,0.));
#13954=DIRECTION('',(0.,-1.,0.));
#13955=DIRECTION('',(0.,1.,0.));
#13956=DIRECTION('center_axis',(0.,0.,1.));
#13957=DIRECTION('ref_axis',(1.,0.,0.));
#13958=DIRECTION('',(-1.,0.,0.));
#13959=DIRECTION('center_axis',(0.,0.,1.));
#13960=DIRECTION('ref_axis',(0.,1.,0.));
#13961=DIRECTION('',(0.,-1.,0.));
#13962=DIRECTION('',(-1.,0.,0.));
#13963=DIRECTION('center_axis',(0.,0.,1.));
#13964=DIRECTION('ref_axis',(0.,1.,0.));
#13965=DIRECTION('',(0.,-1.,0.));
#13966=DIRECTION('',(1.,0.,0.));
#13967=DIRECTION('center_axis',(0.,0.,-1.));
#13968=DIRECTION('ref_axis',(1.,0.,0.));
#13969=DIRECTION('',(0.,-1.,0.));
#13970=DIRECTION('center_axis',(0.,0.,1.));
#13971=DIRECTION('ref_axis',(-1.,0.,0.));
#13972=DIRECTION('',(1.,0.,0.));
#13973=DIRECTION('center_axis',(0.,0.,-1.));
#13974=DIRECTION('ref_axis',(1.,0.,0.));
#13975=DIRECTION('',(0.,-1.,0.));
#13976=DIRECTION('center_axis',(0.,0.,1.));
#13977=DIRECTION('ref_axis',(-1.,0.,0.));
#13978=DIRECTION('',(1.,0.,0.));
#13979=DIRECTION('center_axis',(0.,0.,1.));
#13980=DIRECTION('ref_axis',(0.,-1.,0.));
#13981=DIRECTION('',(0.,1.,0.));
#13982=DIRECTION('center_axis',(0.,0.,-1.));
#13983=DIRECTION('ref_axis',(0.,1.,0.));
#13984=DIRECTION('',(1.,0.,0.));
#13985=DIRECTION('',(0.,1.,0.));
#13986=DIRECTION('',(0.,-1.,0.));
#13987=DIRECTION('center_axis',(0.,0.,1.));
#13988=DIRECTION('ref_axis',(-1.,0.,0.));
#13989=DIRECTION('',(1.,0.,0.));
#13990=DIRECTION('center_axis',(0.,0.,1.));
#13991=DIRECTION('ref_axis',(0.,-1.,0.));
#13992=DIRECTION('',(0.,1.,0.));
#13993=DIRECTION('',(0.,-1.,0.));
#13994=DIRECTION('',(1.,0.,0.));
#13995=DIRECTION('center_axis',(0.,0.,-1.));
#13996=DIRECTION('ref_axis',(1.,0.,0.));
#13997=DIRECTION('',(0.,-1.,0.));
#13998=DIRECTION('center_axis',(0.,0.,1.));
#13999=DIRECTION('ref_axis',(-1.,0.,0.));
#14000=DIRECTION('',(1.,0.,0.));
#14001=DIRECTION('center_axis',(0.,0.,1.));
#14002=DIRECTION('ref_axis',(0.,-1.,0.));
#14003=DIRECTION('',(0.,1.,0.));
#14004=DIRECTION('center_axis',(0.,0.,-1.));
#14005=DIRECTION('ref_axis',(0.,1.,0.));
#14006=DIRECTION('',(1.,0.,0.));
#14007=DIRECTION('center_axis',(0.,0.,1.));
#14008=DIRECTION('ref_axis',(0.,-1.,0.));
#14009=DIRECTION('',(0.,1.,0.));
#14010=DIRECTION('',(0.,-1.,0.));
#14011=DIRECTION('center_axis',(0.,0.,1.));
#14012=DIRECTION('ref_axis',(-1.,0.,0.));
#14013=DIRECTION('',(1.,0.,0.));
#14014=DIRECTION('center_axis',(0.,0.,1.));
#14015=DIRECTION('ref_axis',(0.,-1.,0.));
#14016=DIRECTION('',(0.,1.,0.));
#14017=DIRECTION('center_axis',(0.,0.,1.));
#14018=DIRECTION('ref_axis',(1.,0.,0.));
#14019=DIRECTION('',(-1.,0.,0.));
#14020=DIRECTION('center_axis',(0.,0.,1.));
#14021=DIRECTION('ref_axis',(0.,1.,0.));
#14022=DIRECTION('',(0.,-1.,0.));
#14023=DIRECTION('center_axis',(0.,0.,1.));
#14024=DIRECTION('ref_axis',(-1.,0.,0.));
#14025=DIRECTION('',(1.,0.,0.));
#14026=DIRECTION('center_axis',(0.,0.,1.));
#14027=DIRECTION('ref_axis',(0.,-1.,0.));
#14028=DIRECTION('',(0.,1.,0.));
#14029=DIRECTION('center_axis',(0.,0.,1.));
#14030=DIRECTION('ref_axis',(1.,0.,0.));
#14031=DIRECTION('',(-1.,0.,0.));
#14032=DIRECTION('center_axis',(0.,0.,1.));
#14033=DIRECTION('ref_axis',(0.,1.,0.));
#14034=DIRECTION('',(0.,-1.,0.));
#14035=DIRECTION('center_axis',(0.,0.,1.));
#14036=DIRECTION('ref_axis',(-1.,0.,0.));
#14037=DIRECTION('',(1.,0.,0.));
#14038=DIRECTION('center_axis',(0.,0.,1.));
#14039=DIRECTION('ref_axis',(0.,-1.,0.));
#14040=DIRECTION('',(0.,1.,0.));
#14041=DIRECTION('center_axis',(0.,0.,1.));
#14042=DIRECTION('ref_axis',(1.,0.,0.));
#14043=DIRECTION('',(-1.,0.,0.));
#14044=DIRECTION('center_axis',(0.,0.,1.));
#14045=DIRECTION('ref_axis',(0.,1.,0.));
#14046=DIRECTION('',(0.,-1.,0.));
#14047=DIRECTION('center_axis',(0.,0.,1.));
#14048=DIRECTION('ref_axis',(-1.,0.,0.));
#14049=DIRECTION('',(1.,0.,0.));
#14050=DIRECTION('center_axis',(0.,0.,1.));
#14051=DIRECTION('ref_axis',(0.,-1.,0.));
#14052=DIRECTION('',(0.,1.,0.));
#14053=DIRECTION('center_axis',(0.,0.,1.));
#14054=DIRECTION('ref_axis',(1.,0.,0.));
#14055=DIRECTION('',(-1.,0.,0.));
#14056=DIRECTION('center_axis',(0.,0.,1.));
#14057=DIRECTION('ref_axis',(0.,1.,0.));
#14058=DIRECTION('',(0.,-1.,0.));
#14059=DIRECTION('center_axis',(0.,0.,1.));
#14060=DIRECTION('ref_axis',(-1.,0.,0.));
#14061=DIRECTION('',(1.,0.,0.));
#14062=DIRECTION('center_axis',(0.,0.,1.));
#14063=DIRECTION('ref_axis',(0.,-1.,0.));
#14064=DIRECTION('',(0.,1.,0.));
#14065=DIRECTION('center_axis',(0.,0.,1.));
#14066=DIRECTION('ref_axis',(1.,0.,0.));
#14067=DIRECTION('',(-1.,0.,0.));
#14068=DIRECTION('center_axis',(0.,0.,1.));
#14069=DIRECTION('ref_axis',(0.,1.,0.));
#14070=DIRECTION('',(0.,-1.,0.));
#14071=DIRECTION('center_axis',(0.,0.,1.));
#14072=DIRECTION('ref_axis',(-1.,0.,0.));
#14073=DIRECTION('',(1.,0.,0.));
#14074=DIRECTION('center_axis',(0.,0.,1.));
#14075=DIRECTION('ref_axis',(0.,-1.,0.));
#14076=DIRECTION('',(0.,1.,0.));
#14077=DIRECTION('center_axis',(0.,0.,1.));
#14078=DIRECTION('ref_axis',(1.,0.,0.));
#14079=DIRECTION('',(-1.,0.,0.));
#14080=DIRECTION('center_axis',(0.,0.,1.));
#14081=DIRECTION('ref_axis',(0.,1.,0.));
#14082=DIRECTION('',(0.,-1.,0.));
#14083=DIRECTION('center_axis',(0.,0.,1.));
#14084=DIRECTION('ref_axis',(-1.,0.,0.));
#14085=DIRECTION('',(1.,0.,0.));
#14086=DIRECTION('center_axis',(0.,0.,1.));
#14087=DIRECTION('ref_axis',(0.,-1.,0.));
#14088=DIRECTION('',(0.,1.,0.));
#14089=DIRECTION('center_axis',(0.,0.,1.));
#14090=DIRECTION('ref_axis',(1.,0.,0.));
#14091=DIRECTION('',(-1.,0.,0.));
#14092=DIRECTION('center_axis',(0.,0.,1.));
#14093=DIRECTION('ref_axis',(0.,1.,0.));
#14094=DIRECTION('',(0.,-1.,0.));
#14095=DIRECTION('center_axis',(0.,0.,1.));
#14096=DIRECTION('ref_axis',(-1.,0.,0.));
#14097=DIRECTION('',(1.,0.,0.));
#14098=DIRECTION('center_axis',(0.,0.,1.));
#14099=DIRECTION('ref_axis',(0.,-1.,0.));
#14100=DIRECTION('',(0.,1.,0.));
#14101=DIRECTION('center_axis',(0.,0.,1.));
#14102=DIRECTION('ref_axis',(1.,0.,0.));
#14103=DIRECTION('',(-1.,0.,0.));
#14104=DIRECTION('center_axis',(0.,0.,1.));
#14105=DIRECTION('ref_axis',(0.,1.,0.));
#14106=DIRECTION('',(0.,-1.,0.));
#14107=DIRECTION('center_axis',(0.,0.,1.));
#14108=DIRECTION('ref_axis',(-1.,0.,0.));
#14109=DIRECTION('',(1.,0.,0.));
#14110=DIRECTION('center_axis',(0.,0.,1.));
#14111=DIRECTION('ref_axis',(0.,-1.,0.));
#14112=DIRECTION('',(0.,1.,0.));
#14113=DIRECTION('center_axis',(0.,0.,1.));
#14114=DIRECTION('ref_axis',(1.,0.,0.));
#14115=DIRECTION('',(-1.,0.,0.));
#14116=DIRECTION('center_axis',(0.,0.,1.));
#14117=DIRECTION('ref_axis',(0.,1.,0.));
#14118=DIRECTION('',(0.,-1.,0.));
#14119=DIRECTION('center_axis',(0.,0.,1.));
#14120=DIRECTION('ref_axis',(-1.,0.,0.));
#14121=DIRECTION('',(1.,0.,0.));
#14122=DIRECTION('center_axis',(0.,0.,1.));
#14123=DIRECTION('ref_axis',(0.,-1.,0.));
#14124=DIRECTION('',(0.,1.,0.));
#14125=DIRECTION('center_axis',(0.,0.,1.));
#14126=DIRECTION('ref_axis',(1.,0.,0.));
#14127=DIRECTION('',(-1.,0.,0.));
#14128=DIRECTION('center_axis',(0.,0.,1.));
#14129=DIRECTION('ref_axis',(0.,1.,0.));
#14130=DIRECTION('',(0.,-1.,0.));
#14131=DIRECTION('center_axis',(0.,0.,1.));
#14132=DIRECTION('ref_axis',(-1.,0.,0.));
#14133=DIRECTION('',(1.,0.,0.));
#14134=DIRECTION('center_axis',(0.,0.,1.));
#14135=DIRECTION('ref_axis',(0.,-1.,0.));
#14136=DIRECTION('',(0.,1.,0.));
#14137=DIRECTION('center_axis',(0.,0.,1.));
#14138=DIRECTION('ref_axis',(1.,0.,0.));
#14139=DIRECTION('',(-1.,0.,0.));
#14140=DIRECTION('center_axis',(0.,0.,1.));
#14141=DIRECTION('ref_axis',(0.,1.,0.));
#14142=DIRECTION('',(0.,-1.,0.));
#14143=DIRECTION('center_axis',(0.,0.,1.));
#14144=DIRECTION('ref_axis',(-1.,0.,0.));
#14145=DIRECTION('',(1.,0.,0.));
#14146=DIRECTION('center_axis',(0.,0.,1.));
#14147=DIRECTION('ref_axis',(0.,-1.,0.));
#14148=DIRECTION('',(0.,1.,0.));
#14149=DIRECTION('center_axis',(0.,0.,1.));
#14150=DIRECTION('ref_axis',(1.,0.,0.));
#14151=DIRECTION('',(-1.,0.,0.));
#14152=DIRECTION('center_axis',(0.,0.,1.));
#14153=DIRECTION('ref_axis',(0.,1.,0.));
#14154=DIRECTION('',(0.,-1.,0.));
#14155=DIRECTION('center_axis',(0.,0.,1.));
#14156=DIRECTION('ref_axis',(-1.,0.,0.));
#14157=DIRECTION('',(1.,0.,0.));
#14158=DIRECTION('center_axis',(0.,0.,1.));
#14159=DIRECTION('ref_axis',(0.,-1.,0.));
#14160=DIRECTION('',(0.,1.,0.));
#14161=DIRECTION('center_axis',(0.,0.,1.));
#14162=DIRECTION('ref_axis',(1.,0.,0.));
#14163=DIRECTION('',(-1.,0.,0.));
#14164=DIRECTION('center_axis',(0.,0.,1.));
#14165=DIRECTION('ref_axis',(0.,1.,0.));
#14166=DIRECTION('',(0.,-1.,0.));
#14167=DIRECTION('center_axis',(0.,0.,1.));
#14168=DIRECTION('ref_axis',(-1.,0.,0.));
#14169=DIRECTION('',(1.,0.,0.));
#14170=DIRECTION('center_axis',(0.,0.,1.));
#14171=DIRECTION('ref_axis',(0.,-1.,0.));
#14172=DIRECTION('',(0.,1.,0.));
#14173=DIRECTION('center_axis',(0.,0.,1.));
#14174=DIRECTION('ref_axis',(1.,0.,0.));
#14175=DIRECTION('',(-1.,0.,0.));
#14176=DIRECTION('center_axis',(0.,0.,1.));
#14177=DIRECTION('ref_axis',(0.,1.,0.));
#14178=DIRECTION('center_axis',(0.,0.,-1.));
#14179=DIRECTION('ref_axis',(1.,0.,0.));
#14180=DIRECTION('',(0.,-1.,0.));
#14181=DIRECTION('center_axis',(0.,0.,1.));
#14182=DIRECTION('ref_axis',(-1.,0.,0.));
#14183=DIRECTION('',(1.,0.,0.));
#14184=DIRECTION('center_axis',(0.,0.,-1.));
#14185=DIRECTION('ref_axis',(1.,0.,0.));
#14186=DIRECTION('',(0.,-1.,0.));
#14187=DIRECTION('center_axis',(0.,0.,1.));
#14188=DIRECTION('ref_axis',(-1.,0.,0.));
#14189=DIRECTION('',(1.,0.,0.));
#14190=DIRECTION('center_axis',(0.,0.,1.));
#14191=DIRECTION('ref_axis',(0.,-1.,0.));
#14192=DIRECTION('',(0.,1.,0.));
#14193=DIRECTION('center_axis',(0.,0.,-1.));
#14194=DIRECTION('ref_axis',(0.,1.,0.));
#14195=DIRECTION('',(1.,0.,0.));
#14196=DIRECTION('',(0.,1.,0.));
#14197=DIRECTION('',(0.,-1.,0.));
#14198=DIRECTION('center_axis',(0.,0.,1.));
#14199=DIRECTION('ref_axis',(-1.,0.,0.));
#14200=DIRECTION('',(1.,0.,0.));
#14201=DIRECTION('center_axis',(0.,0.,1.));
#14202=DIRECTION('ref_axis',(0.,-1.,0.));
#14203=DIRECTION('',(0.,1.,0.));
#14204=DIRECTION('',(0.,-1.,0.));
#14205=DIRECTION('',(1.,0.,0.));
#14206=DIRECTION('center_axis',(0.,0.,-1.));
#14207=DIRECTION('ref_axis',(1.,0.,0.));
#14208=DIRECTION('',(0.,-1.,0.));
#14209=DIRECTION('center_axis',(0.,0.,1.));
#14210=DIRECTION('ref_axis',(-1.,0.,0.));
#14211=DIRECTION('',(1.,0.,0.));
#14212=DIRECTION('center_axis',(0.,0.,1.));
#14213=DIRECTION('ref_axis',(0.,-1.,0.));
#14214=DIRECTION('',(0.,1.,0.));
#14215=DIRECTION('center_axis',(0.,0.,-1.));
#14216=DIRECTION('ref_axis',(0.,1.,0.));
#14217=DIRECTION('',(1.,0.,0.));
#14218=DIRECTION('center_axis',(0.,0.,1.));
#14219=DIRECTION('ref_axis',(0.,-1.,0.));
#14220=DIRECTION('',(0.,1.,0.));
#14221=DIRECTION('center_axis',(0.,0.,-1.));
#14222=DIRECTION('ref_axis',(0.,1.,0.));
#14223=DIRECTION('',(1.,0.,0.));
#14224=DIRECTION('',(0.,1.,0.));
#14225=DIRECTION('center_axis',(0.,0.,1.));
#14226=DIRECTION('ref_axis',(1.,0.,0.));
#14227=DIRECTION('',(-1.,0.,0.));
#14228=DIRECTION('',(0.,1.,0.));
#14229=DIRECTION('center_axis',(0.,0.,1.));
#14230=DIRECTION('ref_axis',(1.,0.,0.));
#14231=DIRECTION('',(-1.,0.,0.));
#14232=DIRECTION('center_axis',(0.,0.,1.));
#14233=DIRECTION('ref_axis',(0.,1.,0.));
#14234=DIRECTION('',(0.,-1.,0.));
#14235=DIRECTION('',(0.,1.,0.));
#14236=DIRECTION('center_axis',(0.,0.,1.));
#14237=DIRECTION('ref_axis',(1.,0.,0.));
#14238=DIRECTION('',(-1.,0.,0.));
#14239=DIRECTION('center_axis',(0.,0.,1.));
#14240=DIRECTION('ref_axis',(0.,1.,0.));
#14241=DIRECTION('',(0.,-1.,0.));
#14242=DIRECTION('',(0.,1.,0.));
#14243=DIRECTION('center_axis',(0.,0.,1.));
#14244=DIRECTION('ref_axis',(1.,0.,0.));
#14245=DIRECTION('',(-1.,0.,0.));
#14246=DIRECTION('center_axis',(0.,0.,1.));
#14247=DIRECTION('ref_axis',(0.,1.,0.));
#14248=DIRECTION('',(0.,-1.,0.));
#14249=DIRECTION('',(-1.,0.,0.));
#14250=DIRECTION('center_axis',(0.,0.,1.));
#14251=DIRECTION('ref_axis',(0.,1.,0.));
#14252=DIRECTION('',(0.,-1.,0.));
#14253=DIRECTION('',(1.,0.,0.));
#14254=DIRECTION('center_axis',(0.,0.,-1.));
#14255=DIRECTION('ref_axis',(-1.,0.,0.));
#14256=DIRECTION('',(0.,0.,-1.));
#14257=DIRECTION('center_axis',(0.,0.,1.));
#14258=DIRECTION('ref_axis',(-1.,0.,0.));
#14259=DIRECTION('',(0.,0.,-1.));
#14260=DIRECTION('center_axis',(-2.73285667600039E-15,-1.,0.));
#14261=DIRECTION('ref_axis',(-1.,2.73285667600039E-15,0.));
#14262=DIRECTION('',(-1.,2.73285667600039E-15,0.));
#14263=DIRECTION('',(0.,0.,-1.));
#14264=DIRECTION('center_axis',(0.,0.,-1.));
#14265=DIRECTION('ref_axis',(0.,1.,0.));
#14266=DIRECTION('center_axis',(0.,0.,1.));
#14267=DIRECTION('ref_axis',(0.,1.,0.));
#14268=DIRECTION('',(0.,0.,-1.));
#14269=DIRECTION('center_axis',(-1.,0.,0.));
#14270=DIRECTION('ref_axis',(0.,1.,0.));
#14271=DIRECTION('',(0.,1.,0.));
#14272=DIRECTION('',(0.,0.,-1.));
#14273=DIRECTION('center_axis',(0.,0.,-1.));
#14274=DIRECTION('ref_axis',(1.,0.,0.));
#14275=DIRECTION('center_axis',(0.,0.,1.));
#14276=DIRECTION('ref_axis',(1.,0.,0.));
#14277=DIRECTION('',(0.,0.,-1.));
#14278=DIRECTION('center_axis',(0.,1.,0.));
#14279=DIRECTION('ref_axis',(1.,0.,0.));
#14280=DIRECTION('',(1.,0.,0.));
#14281=DIRECTION('',(0.,0.,-1.));
#14282=DIRECTION('center_axis',(0.,0.,-1.));
#14283=DIRECTION('ref_axis',(0.,-1.,0.));
#14284=DIRECTION('center_axis',(0.,0.,-1.));
#14285=DIRECTION('ref_axis',(0.,-1.,0.));
#14286=DIRECTION('',(0.,0.,-1.));
#14287=DIRECTION('center_axis',(2.73285667600038E-15,-1.,0.));
#14288=DIRECTION('ref_axis',(-1.,-2.73285667600038E-15,0.));
#14289=DIRECTION('',(-1.,-2.73285667600038E-15,0.));
#14290=DIRECTION('',(0.,0.,-1.));
#14291=DIRECTION('center_axis',(0.,0.,-1.));
#14292=DIRECTION('ref_axis',(0.,1.,0.));
#14293=DIRECTION('center_axis',(0.,0.,1.));
#14294=DIRECTION('ref_axis',(0.,1.,0.));
#14295=DIRECTION('',(0.,0.,-1.));
#14296=DIRECTION('center_axis',(-1.,0.,0.));
#14297=DIRECTION('ref_axis',(0.,1.,0.));
#14298=DIRECTION('',(0.,1.,0.));
#14299=DIRECTION('',(0.,0.,-1.));
#14300=DIRECTION('center_axis',(0.,0.,-1.));
#14301=DIRECTION('ref_axis',(1.,0.,0.));
#14302=DIRECTION('center_axis',(0.,0.,1.));
#14303=DIRECTION('ref_axis',(1.,0.,0.));
#14304=DIRECTION('',(0.,0.,-1.));
#14305=DIRECTION('center_axis',(0.,1.,0.));
#14306=DIRECTION('ref_axis',(1.,0.,0.));
#14307=DIRECTION('',(1.,0.,0.));
#14308=DIRECTION('',(0.,0.,-1.));
#14309=DIRECTION('center_axis',(0.,0.,-1.));
#14310=DIRECTION('ref_axis',(-1.,-1.18423789293351E-14,0.));
#14311=DIRECTION('center_axis',(0.,0.,-1.));
#14312=DIRECTION('ref_axis',(-1.,-1.18423789293351E-14,0.));
#14313=DIRECTION('',(0.,0.,-1.));
#14314=DIRECTION('center_axis',(-1.,-8.28724935456521E-15,0.));
#14315=DIRECTION('ref_axis',(-8.28724935456521E-15,1.,0.));
#14316=DIRECTION('',(-8.28724935456521E-15,1.,0.));
#14317=DIRECTION('',(0.,0.,-1.));
#14318=DIRECTION('center_axis',(0.,0.,-1.));
#14319=DIRECTION('ref_axis',(1.,0.,0.));
#14320=DIRECTION('center_axis',(0.,0.,1.));
#14321=DIRECTION('ref_axis',(1.,0.,0.));
#14322=DIRECTION('',(0.,0.,-1.));
#14323=DIRECTION('center_axis',(-1.49117048428143E-15,1.,0.));
#14324=DIRECTION('ref_axis',(1.,1.49117048428143E-15,0.));
#14325=DIRECTION('',(1.,1.49117048428143E-15,0.));
#14326=DIRECTION('',(0.,0.,-1.));
#14327=DIRECTION('center_axis',(0.,0.,-1.));
#14328=DIRECTION('ref_axis',(0.,-1.,0.));
#14329=DIRECTION('center_axis',(0.,0.,1.));
#14330=DIRECTION('ref_axis',(0.,-1.,0.));
#14331=DIRECTION('',(0.,0.,-1.));
#14332=DIRECTION('center_axis',(1.,0.,0.));
#14333=DIRECTION('ref_axis',(0.,-1.,0.));
#14334=DIRECTION('',(0.,-1.,0.));
#14335=DIRECTION('',(0.,0.,-1.));
#14336=DIRECTION('center_axis',(0.,0.,-1.));
#14337=DIRECTION('ref_axis',(0.,1.,0.));
#14338=DIRECTION('center_axis',(0.,0.,-1.));
#14339=DIRECTION('ref_axis',(0.,1.,0.));
#14340=DIRECTION('',(0.,0.,-1.));
#14341=DIRECTION('center_axis',(1.36642833800019E-15,1.,0.));
#14342=DIRECTION('ref_axis',(1.,-1.36642833800019E-15,0.));
#14343=DIRECTION('',(1.,-1.36642833800019E-15,0.));
#14344=DIRECTION('',(0.,0.,-1.));
#14345=DIRECTION('center_axis',(0.,0.,-1.));
#14346=DIRECTION('ref_axis',(0.,-1.,0.));
#14347=DIRECTION('center_axis',(0.,0.,1.));
#14348=DIRECTION('ref_axis',(0.,-1.,0.));
#14349=DIRECTION('',(0.,0.,-1.));
#14350=DIRECTION('center_axis',(1.,0.,0.));
#14351=DIRECTION('ref_axis',(0.,-1.,0.));
#14352=DIRECTION('',(0.,-1.,0.));
#14353=DIRECTION('',(0.,0.,-1.));
#14354=DIRECTION('center_axis',(0.,0.,-1.));
#14355=DIRECTION('ref_axis',(-1.,0.,0.));
#14356=DIRECTION('center_axis',(0.,0.,1.));
#14357=DIRECTION('ref_axis',(-1.,0.,0.));
#14358=DIRECTION('',(0.,0.,-1.));
#14359=DIRECTION('center_axis',(1.36642833800019E-15,-1.,0.));
#14360=DIRECTION('ref_axis',(-1.,-1.36642833800019E-15,0.));
#14361=DIRECTION('',(-1.,-1.36642833800019E-15,0.));
#14362=DIRECTION('',(0.,0.,-1.));
#14363=DIRECTION('center_axis',(0.,0.,-1.));
#14364=DIRECTION('ref_axis',(0.,1.,0.));
#14365=DIRECTION('center_axis',(0.,0.,-1.));
#14366=DIRECTION('ref_axis',(0.,1.,0.));
#14367=DIRECTION('',(0.,0.,-1.));
#14368=DIRECTION('center_axis',(0.,1.,0.));
#14369=DIRECTION('ref_axis',(1.,0.,0.));
#14370=DIRECTION('',(1.,0.,0.));
#14371=DIRECTION('',(0.,0.,-1.));
#14372=DIRECTION('center_axis',(0.,0.,-1.));
#14373=DIRECTION('ref_axis',(0.,-1.,0.));
#14374=DIRECTION('center_axis',(0.,0.,1.));
#14375=DIRECTION('ref_axis',(0.,-1.,0.));
#14376=DIRECTION('',(0.,0.,-1.));
#14377=DIRECTION('center_axis',(1.,0.,0.));
#14378=DIRECTION('ref_axis',(0.,-1.,0.));
#14379=DIRECTION('',(0.,-1.,0.));
#14380=DIRECTION('',(0.,0.,-1.));
#14381=DIRECTION('center_axis',(0.,0.,-1.));
#14382=DIRECTION('ref_axis',(-1.,0.,0.));
#14383=DIRECTION('center_axis',(0.,0.,1.));
#14384=DIRECTION('ref_axis',(-1.,0.,0.));
#14385=DIRECTION('',(0.,0.,-1.));
#14386=DIRECTION('center_axis',(-1.36642833800019E-15,-1.,0.));
#14387=DIRECTION('ref_axis',(-1.,1.36642833800019E-15,0.));
#14388=DIRECTION('',(-1.,1.36642833800019E-15,0.));
#14389=DIRECTION('',(0.,0.,-1.));
#14390=DIRECTION('center_axis',(0.,0.,-1.));
#14391=DIRECTION('ref_axis',(0.,1.,0.));
#14392=DIRECTION('center_axis',(0.,0.,1.));
#14393=DIRECTION('ref_axis',(0.,1.,0.));
#14394=DIRECTION('',(0.,0.,-1.));
#14395=DIRECTION('center_axis',(-1.,-1.36642833800019E-15,0.));
#14396=DIRECTION('ref_axis',(-1.36642833800019E-15,1.,0.));
#14397=DIRECTION('',(-1.36642833800019E-15,1.,0.));
#14398=DIRECTION('',(0.,0.,-1.));
#14399=DIRECTION('center_axis',(0.,0.,-1.));
#14400=DIRECTION('ref_axis',(1.,0.,0.));
#14401=DIRECTION('center_axis',(0.,0.,-1.));
#14402=DIRECTION('ref_axis',(1.,0.,0.));
#14403=DIRECTION('',(0.,0.,-1.));
#14404=DIRECTION('center_axis',(1.,1.36642833800019E-15,0.));
#14405=DIRECTION('ref_axis',(1.36642833800019E-15,-1.,0.));
#14406=DIRECTION('',(1.36642833800019E-15,-1.,0.));
#14407=DIRECTION('',(0.,0.,-1.));
#14408=DIRECTION('center_axis',(0.,0.,-1.));
#14409=DIRECTION('ref_axis',(-1.,0.,0.));
#14410=DIRECTION('center_axis',(0.,0.,1.));
#14411=DIRECTION('ref_axis',(-1.,0.,0.));
#14412=DIRECTION('',(0.,0.,-1.));
#14413=DIRECTION('center_axis',(2.73285667600038E-15,-1.,0.));
#14414=DIRECTION('ref_axis',(-1.,-2.73285667600038E-15,0.));
#14415=DIRECTION('',(-1.,-2.73285667600038E-15,0.));
#14416=DIRECTION('',(0.,0.,-1.));
#14417=DIRECTION('center_axis',(0.,0.,-1.));
#14418=DIRECTION('ref_axis',(0.,1.,0.));
#14419=DIRECTION('center_axis',(0.,0.,1.));
#14420=DIRECTION('ref_axis',(0.,1.,0.));
#14421=DIRECTION('',(0.,0.,-1.));
#14422=DIRECTION('center_axis',(-1.,0.,0.));
#14423=DIRECTION('ref_axis',(0.,1.,0.));
#14424=DIRECTION('',(0.,1.,0.));
#14425=DIRECTION('',(0.,0.,-1.));
#14426=DIRECTION('center_axis',(0.,0.,-1.));
#14427=DIRECTION('ref_axis',(1.,0.,0.));
#14428=DIRECTION('center_axis',(0.,0.,-1.));
#14429=DIRECTION('ref_axis',(1.,0.,0.));
#14430=DIRECTION('',(0.,0.,-1.));
#14431=DIRECTION('center_axis',(1.,2.73285667600038E-15,0.));
#14432=DIRECTION('ref_axis',(2.73285667600038E-15,-1.,0.));
#14433=DIRECTION('',(2.73285667600038E-15,-1.,0.));
#14434=DIRECTION('center_axis',(0.,0.,-1.));
#14435=DIRECTION('ref_axis',(0.,1.,0.));
#14436=DIRECTION('center_axis',(0.,0.,-1.));
#14437=DIRECTION('ref_axis',(0.,1.,0.));
#14438=DIRECTION('',(0.,0.,-1.));
#14439=DIRECTION('center_axis',(0.,0.,1.));
#14440=DIRECTION('ref_axis',(0.,1.,0.));
#14441=DIRECTION('',(0.,0.,-1.));
#14442=DIRECTION('center_axis',(-1.,0.,0.));
#14443=DIRECTION('ref_axis',(0.,1.,0.));
#14444=DIRECTION('',(0.,-1.,0.));
#14445=DIRECTION('',(0.,1.,0.));
#14446=DIRECTION('',(0.,0.,-1.));
#14447=DIRECTION('center_axis',(0.,0.,-1.));
#14448=DIRECTION('ref_axis',(1.,0.,0.));
#14449=DIRECTION('center_axis',(0.,0.,-1.));
#14450=DIRECTION('ref_axis',(1.,0.,0.));
#14451=DIRECTION('center_axis',(0.,0.,1.));
#14452=DIRECTION('ref_axis',(1.,0.,0.));
#14453=DIRECTION('',(0.,0.,-1.));
#14454=DIRECTION('center_axis',(0.,1.,0.));
#14455=DIRECTION('ref_axis',(1.,0.,0.));
#14456=DIRECTION('',(-1.,0.,0.));
#14457=DIRECTION('',(1.,0.,0.));
#14458=DIRECTION('',(0.,0.,-1.));
#14459=DIRECTION('center_axis',(0.,0.,-1.));
#14460=DIRECTION('ref_axis',(0.,-1.,0.));
#14461=DIRECTION('center_axis',(0.,0.,-1.));
#14462=DIRECTION('ref_axis',(0.,-1.,0.));
#14463=DIRECTION('center_axis',(0.,0.,1.));
#14464=DIRECTION('ref_axis',(0.,-1.,0.));
#14465=DIRECTION('',(0.,0.,-1.));
#14466=DIRECTION('center_axis',(1.,2.73285667600038E-15,0.));
#14467=DIRECTION('ref_axis',(2.73285667600038E-15,-1.,0.));
#14468=DIRECTION('',(-2.73285667600038E-15,1.,0.));
#14469=DIRECTION('',(2.73285667600038E-15,-1.,0.));
#14470=DIRECTION('',(0.,0.,-1.));
#14471=DIRECTION('center_axis',(0.,0.,-1.));
#14472=DIRECTION('ref_axis',(-1.,0.,0.));
#14473=DIRECTION('center_axis',(0.,0.,-1.));
#14474=DIRECTION('ref_axis',(-1.,0.,0.));
#14475=DIRECTION('center_axis',(0.,0.,1.));
#14476=DIRECTION('ref_axis',(-1.,0.,0.));
#14477=DIRECTION('',(0.,0.,-1.));
#14478=DIRECTION('center_axis',(2.73285667600038E-15,-1.,0.));
#14479=DIRECTION('ref_axis',(-1.,-2.73285667600038E-15,0.));
#14480=DIRECTION('',(1.,2.73285667600038E-15,0.));
#14481=DIRECTION('',(-1.,-2.73285667600038E-15,0.));
#14482=DIRECTION('center_axis',(0.,0.,-1.));
#14483=DIRECTION('ref_axis',(0.,-1.,0.));
#14484=DIRECTION('center_axis',(0.,0.,-1.));
#14485=DIRECTION('ref_axis',(0.,-1.,0.));
#14486=DIRECTION('',(0.,0.,-1.));
#14487=DIRECTION('center_axis',(0.,0.,1.));
#14488=DIRECTION('ref_axis',(0.,-1.,0.));
#14489=DIRECTION('',(0.,0.,-1.));
#14490=DIRECTION('center_axis',(1.,1.36642833800019E-15,0.));
#14491=DIRECTION('ref_axis',(1.36642833800019E-15,-1.,0.));
#14492=DIRECTION('',(-1.36642833800019E-15,1.,0.));
#14493=DIRECTION('',(1.36642833800019E-15,-1.,0.));
#14494=DIRECTION('',(0.,0.,-1.));
#14495=DIRECTION('center_axis',(0.,0.,-1.));
#14496=DIRECTION('ref_axis',(-1.,0.,0.));
#14497=DIRECTION('center_axis',(0.,0.,-1.));
#14498=DIRECTION('ref_axis',(-1.,0.,0.));
#14499=DIRECTION('center_axis',(0.,0.,1.));
#14500=DIRECTION('ref_axis',(-1.,0.,0.));
#14501=DIRECTION('',(0.,0.,-1.));
#14502=DIRECTION('center_axis',(-4.09928501400059E-15,-1.,0.));
#14503=DIRECTION('ref_axis',(-1.,4.09928501400059E-15,0.));
#14504=DIRECTION('',(1.,-4.09928501400059E-15,0.));
#14505=DIRECTION('',(-1.,4.09928501400059E-15,0.));
#14506=DIRECTION('',(0.,0.,-1.));
#14507=DIRECTION('center_axis',(0.,0.,-1.));
#14508=DIRECTION('ref_axis',(0.,1.,0.));
#14509=DIRECTION('center_axis',(0.,0.,-1.));
#14510=DIRECTION('ref_axis',(0.,1.,0.));
#14511=DIRECTION('center_axis',(0.,0.,1.));
#14512=DIRECTION('ref_axis',(0.,1.,0.));
#14513=DIRECTION('',(0.,0.,-1.));
#14514=DIRECTION('center_axis',(-1.,-2.73285667600038E-15,0.));
#14515=DIRECTION('ref_axis',(-2.73285667600038E-15,1.,0.));
#14516=DIRECTION('',(2.73285667600038E-15,-1.,0.));
#14517=DIRECTION('',(-2.73285667600038E-15,1.,0.));
#14518=DIRECTION('',(0.,0.,-1.));
#14519=DIRECTION('center_axis',(0.,0.,-1.));
#14520=DIRECTION('ref_axis',(1.,0.,0.));
#14521=DIRECTION('center_axis',(0.,0.,-1.));
#14522=DIRECTION('ref_axis',(1.,0.,0.));
#14523=DIRECTION('center_axis',(0.,0.,1.));
#14524=DIRECTION('ref_axis',(1.,0.,0.));
#14525=DIRECTION('',(0.,0.,-1.));
#14526=DIRECTION('center_axis',(3.10823593945801E-16,1.,0.));
#14527=DIRECTION('ref_axis',(1.,-3.10823593945801E-16,0.));
#14528=DIRECTION('',(-1.,3.10823593945801E-16,0.));
#14529=DIRECTION('',(1.,-3.10823593945801E-16,0.));
#14530=DIRECTION('center_axis',(0.,0.,-1.));
#14531=DIRECTION('ref_axis',(-1.,0.,0.));
#14532=DIRECTION('center_axis',(0.,0.,-1.));
#14533=DIRECTION('ref_axis',(-1.,0.,0.));
#14534=DIRECTION('',(0.,0.,-1.));
#14535=DIRECTION('center_axis',(0.,0.,1.));
#14536=DIRECTION('ref_axis',(-1.,0.,0.));
#14537=DIRECTION('',(0.,0.,-1.));
#14538=DIRECTION('center_axis',(-6.83214169000096E-16,-1.,0.));
#14539=DIRECTION('ref_axis',(-1.,6.83214169000096E-16,0.));
#14540=DIRECTION('',(1.,-6.83214169000096E-16,0.));
#14541=DIRECTION('',(-1.,6.83214169000096E-16,0.));
#14542=DIRECTION('',(0.,0.,-1.));
#14543=DIRECTION('center_axis',(0.,0.,-1.));
#14544=DIRECTION('ref_axis',(0.,1.,0.));
#14545=DIRECTION('center_axis',(0.,0.,-1.));
#14546=DIRECTION('ref_axis',(0.,1.,0.));
#14547=DIRECTION('center_axis',(0.,0.,1.));
#14548=DIRECTION('ref_axis',(0.,1.,0.));
#14549=DIRECTION('',(0.,0.,-1.));
#14550=DIRECTION('center_axis',(-1.,0.,0.));
#14551=DIRECTION('ref_axis',(0.,1.,0.));
#14552=DIRECTION('',(0.,-1.,0.));
#14553=DIRECTION('',(0.,1.,0.));
#14554=DIRECTION('',(0.,0.,-1.));
#14555=DIRECTION('center_axis',(0.,0.,-1.));
#14556=DIRECTION('ref_axis',(1.,0.,0.));
#14557=DIRECTION('center_axis',(0.,0.,-1.));
#14558=DIRECTION('ref_axis',(1.,0.,0.));
#14559=DIRECTION('center_axis',(0.,0.,1.));
#14560=DIRECTION('ref_axis',(1.,0.,0.));
#14561=DIRECTION('',(0.,0.,-1.));
#14562=DIRECTION('center_axis',(0.,1.,0.));
#14563=DIRECTION('ref_axis',(1.,0.,0.));
#14564=DIRECTION('',(-1.,0.,0.));
#14565=DIRECTION('',(1.,0.,0.));
#14566=DIRECTION('',(0.,0.,-1.));
#14567=DIRECTION('center_axis',(0.,0.,-1.));
#14568=DIRECTION('ref_axis',(0.,-1.,0.));
#14569=DIRECTION('center_axis',(0.,0.,-1.));
#14570=DIRECTION('ref_axis',(0.,-1.,0.));
#14571=DIRECTION('center_axis',(0.,0.,1.));
#14572=DIRECTION('ref_axis',(0.,-1.,0.));
#14573=DIRECTION('',(0.,0.,-1.));
#14574=DIRECTION('center_axis',(1.,0.,0.));
#14575=DIRECTION('ref_axis',(0.,-1.,0.));
#14576=DIRECTION('',(0.,1.,0.));
#14577=DIRECTION('',(0.,-1.,0.));
#14578=DIRECTION('center_axis',(0.,0.,-1.));
#14579=DIRECTION('ref_axis',(-1.,0.,0.));
#14580=DIRECTION('center_axis',(0.,0.,-1.));
#14581=DIRECTION('ref_axis',(-1.,0.,0.));
#14582=DIRECTION('',(0.,0.,-1.));
#14583=DIRECTION('center_axis',(0.,0.,1.));
#14584=DIRECTION('ref_axis',(-1.,0.,0.));
#14585=DIRECTION('',(0.,0.,-1.));
#14586=DIRECTION('center_axis',(-6.83214169000096E-16,-1.,0.));
#14587=DIRECTION('ref_axis',(-1.,6.83214169000096E-16,0.));
#14588=DIRECTION('',(1.,-6.83214169000096E-16,0.));
#14589=DIRECTION('',(-1.,6.83214169000096E-16,0.));
#14590=DIRECTION('',(0.,0.,-1.));
#14591=DIRECTION('center_axis',(0.,0.,-1.));
#14592=DIRECTION('ref_axis',(0.,1.,0.));
#14593=DIRECTION('center_axis',(0.,0.,-1.));
#14594=DIRECTION('ref_axis',(0.,1.,0.));
#14595=DIRECTION('center_axis',(0.,0.,1.));
#14596=DIRECTION('ref_axis',(0.,1.,0.));
#14597=DIRECTION('',(0.,0.,-1.));
#14598=DIRECTION('center_axis',(-1.,0.,0.));
#14599=DIRECTION('ref_axis',(0.,1.,0.));
#14600=DIRECTION('',(0.,-1.,0.));
#14601=DIRECTION('',(0.,1.,0.));
#14602=DIRECTION('',(0.,0.,-1.));
#14603=DIRECTION('center_axis',(0.,0.,-1.));
#14604=DIRECTION('ref_axis',(1.,0.,0.));
#14605=DIRECTION('center_axis',(0.,0.,-1.));
#14606=DIRECTION('ref_axis',(1.,0.,0.));
#14607=DIRECTION('center_axis',(0.,0.,1.));
#14608=DIRECTION('ref_axis',(1.,0.,0.));
#14609=DIRECTION('',(0.,0.,-1.));
#14610=DIRECTION('center_axis',(0.,1.,0.));
#14611=DIRECTION('ref_axis',(1.,0.,0.));
#14612=DIRECTION('',(-1.,0.,0.));
#14613=DIRECTION('',(1.,0.,0.));
#14614=DIRECTION('',(0.,0.,-1.));
#14615=DIRECTION('center_axis',(0.,0.,-1.));
#14616=DIRECTION('ref_axis',(0.,-1.,0.));
#14617=DIRECTION('center_axis',(0.,0.,-1.));
#14618=DIRECTION('ref_axis',(0.,-1.,0.));
#14619=DIRECTION('center_axis',(0.,0.,1.));
#14620=DIRECTION('ref_axis',(0.,-1.,0.));
#14621=DIRECTION('',(0.,0.,-1.));
#14622=DIRECTION('center_axis',(1.,3.41607084500048E-16,0.));
#14623=DIRECTION('ref_axis',(3.41607084500048E-16,-1.,0.));
#14624=DIRECTION('',(-3.41607084500048E-16,1.,0.));
#14625=DIRECTION('',(3.41607084500048E-16,-1.,0.));
#14626=DIRECTION('center_axis',(0.,0.,-1.));
#14627=DIRECTION('ref_axis',(0.,1.,0.));
#14628=DIRECTION('center_axis',(0.,0.,-1.));
#14629=DIRECTION('ref_axis',(0.,1.,0.));
#14630=DIRECTION('',(0.,0.,-1.));
#14631=DIRECTION('center_axis',(0.,0.,1.));
#14632=DIRECTION('ref_axis',(0.,1.,0.));
#14633=DIRECTION('',(0.,0.,-1.));
#14634=DIRECTION('center_axis',(-1.,0.,0.));
#14635=DIRECTION('ref_axis',(0.,1.,0.));
#14636=DIRECTION('',(0.,-1.,0.));
#14637=DIRECTION('',(0.,1.,0.));
#14638=DIRECTION('',(0.,0.,-1.));
#14639=DIRECTION('center_axis',(0.,0.,-1.));
#14640=DIRECTION('ref_axis',(1.,0.,0.));
#14641=DIRECTION('center_axis',(0.,0.,-1.));
#14642=DIRECTION('ref_axis',(1.,0.,0.));
#14643=DIRECTION('center_axis',(0.,0.,1.));
#14644=DIRECTION('ref_axis',(1.,0.,0.));
#14645=DIRECTION('',(0.,0.,-1.));
#14646=DIRECTION('center_axis',(-6.83214169000096E-16,1.,0.));
#14647=DIRECTION('ref_axis',(1.,6.83214169000096E-16,0.));
#14648=DIRECTION('',(-1.,-6.83214169000096E-16,0.));
#14649=DIRECTION('',(1.,6.83214169000096E-16,0.));
#14650=DIRECTION('',(0.,0.,-1.));
#14651=DIRECTION('center_axis',(0.,0.,-1.));
#14652=DIRECTION('ref_axis',(0.,-1.,0.));
#14653=DIRECTION('center_axis',(0.,0.,-1.));
#14654=DIRECTION('ref_axis',(0.,-1.,0.));
#14655=DIRECTION('center_axis',(0.,0.,1.));
#14656=DIRECTION('ref_axis',(0.,-1.,0.));
#14657=DIRECTION('',(0.,0.,-1.));
#14658=DIRECTION('center_axis',(1.,-1.36642833800019E-15,0.));
#14659=DIRECTION('ref_axis',(-1.36642833800019E-15,-1.,0.));
#14660=DIRECTION('',(1.36642833800019E-15,1.,0.));
#14661=DIRECTION('',(-1.36642833800019E-15,-1.,0.));
#14662=DIRECTION('',(0.,0.,-1.));
#14663=DIRECTION('center_axis',(0.,0.,-1.));
#14664=DIRECTION('ref_axis',(-1.,0.,0.));
#14665=DIRECTION('center_axis',(0.,0.,-1.));
#14666=DIRECTION('ref_axis',(-1.,0.,0.));
#14667=DIRECTION('center_axis',(0.,0.,1.));
#14668=DIRECTION('ref_axis',(-1.,0.,0.));
#14669=DIRECTION('',(0.,0.,-1.));
#14670=DIRECTION('center_axis',(0.,-1.,0.));
#14671=DIRECTION('ref_axis',(-1.,0.,0.));
#14672=DIRECTION('',(1.,0.,0.));
#14673=DIRECTION('',(-1.,0.,0.));
#14674=DIRECTION('center_axis',(0.,0.,-1.));
#14675=DIRECTION('ref_axis',(0.,1.,0.));
#14676=DIRECTION('center_axis',(0.,0.,-1.));
#14677=DIRECTION('ref_axis',(0.,1.,0.));
#14678=DIRECTION('',(0.,0.,-1.));
#14679=DIRECTION('center_axis',(0.,0.,1.));
#14680=DIRECTION('ref_axis',(0.,1.,0.));
#14681=DIRECTION('',(0.,0.,-1.));
#14682=DIRECTION('center_axis',(-1.,0.,0.));
#14683=DIRECTION('ref_axis',(0.,1.,0.));
#14684=DIRECTION('',(0.,-1.,0.));
#14685=DIRECTION('',(0.,1.,0.));
#14686=DIRECTION('',(0.,0.,-1.));
#14687=DIRECTION('center_axis',(0.,0.,-1.));
#14688=DIRECTION('ref_axis',(1.,0.,0.));
#14689=DIRECTION('center_axis',(0.,0.,-1.));
#14690=DIRECTION('ref_axis',(1.,0.,0.));
#14691=DIRECTION('center_axis',(0.,0.,1.));
#14692=DIRECTION('ref_axis',(1.,0.,0.));
#14693=DIRECTION('',(0.,0.,-1.));
#14694=DIRECTION('center_axis',(0.,1.,0.));
#14695=DIRECTION('ref_axis',(1.,0.,0.));
#14696=DIRECTION('',(-1.,0.,0.));
#14697=DIRECTION('',(1.,0.,0.));
#14698=DIRECTION('',(0.,0.,-1.));
#14699=DIRECTION('center_axis',(0.,0.,-1.));
#14700=DIRECTION('ref_axis',(0.,-1.,0.));
#14701=DIRECTION('center_axis',(0.,0.,-1.));
#14702=DIRECTION('ref_axis',(0.,-1.,0.));
#14703=DIRECTION('center_axis',(0.,0.,1.));
#14704=DIRECTION('ref_axis',(0.,-1.,0.));
#14705=DIRECTION('',(0.,0.,-1.));
#14706=DIRECTION('center_axis',(1.,0.,0.));
#14707=DIRECTION('ref_axis',(0.,-1.,0.));
#14708=DIRECTION('',(0.,1.,0.));
#14709=DIRECTION('',(0.,-1.,0.));
#14710=DIRECTION('',(0.,0.,-1.));
#14711=DIRECTION('center_axis',(0.,0.,-1.));
#14712=DIRECTION('ref_axis',(-1.,0.,0.));
#14713=DIRECTION('center_axis',(0.,0.,-1.));
#14714=DIRECTION('ref_axis',(-1.,0.,0.));
#14715=DIRECTION('center_axis',(0.,0.,1.));
#14716=DIRECTION('ref_axis',(-1.,0.,0.));
#14717=DIRECTION('',(0.,0.,-1.));
#14718=DIRECTION('center_axis',(0.,-1.,0.));
#14719=DIRECTION('ref_axis',(-1.,0.,0.));
#14720=DIRECTION('',(1.,0.,0.));
#14721=DIRECTION('',(-1.,0.,0.));
#14722=DIRECTION('center_axis',(0.,0.,-1.));
#14723=DIRECTION('ref_axis',(0.,1.,0.));
#14724=DIRECTION('center_axis',(0.,0.,-1.));
#14725=DIRECTION('ref_axis',(0.,1.,0.));
#14726=DIRECTION('',(0.,0.,-1.));
#14727=DIRECTION('center_axis',(0.,0.,1.));
#14728=DIRECTION('ref_axis',(0.,1.,0.));
#14729=DIRECTION('',(0.,0.,-1.));
#14730=DIRECTION('center_axis',(-1.,0.,0.));
#14731=DIRECTION('ref_axis',(0.,1.,0.));
#14732=DIRECTION('',(0.,-1.,0.));
#14733=DIRECTION('',(0.,1.,0.));
#14734=DIRECTION('',(0.,0.,-1.));
#14735=DIRECTION('center_axis',(0.,0.,-1.));
#14736=DIRECTION('ref_axis',(1.,0.,0.));
#14737=DIRECTION('center_axis',(0.,0.,-1.));
#14738=DIRECTION('ref_axis',(1.,0.,0.));
#14739=DIRECTION('center_axis',(0.,0.,1.));
#14740=DIRECTION('ref_axis',(1.,0.,0.));
#14741=DIRECTION('',(0.,0.,-1.));
#14742=DIRECTION('center_axis',(0.,1.,0.));
#14743=DIRECTION('ref_axis',(1.,0.,0.));
#14744=DIRECTION('',(-1.,0.,0.));
#14745=DIRECTION('',(1.,0.,0.));
#14746=DIRECTION('',(0.,0.,-1.));
#14747=DIRECTION('center_axis',(0.,0.,-1.));
#14748=DIRECTION('ref_axis',(0.,-1.,0.));
#14749=DIRECTION('center_axis',(0.,0.,-1.));
#14750=DIRECTION('ref_axis',(0.,-1.,0.));
#14751=DIRECTION('center_axis',(0.,0.,1.));
#14752=DIRECTION('ref_axis',(0.,-1.,0.));
#14753=DIRECTION('',(0.,0.,-1.));
#14754=DIRECTION('center_axis',(1.,-2.73285667600039E-15,0.));
#14755=DIRECTION('ref_axis',(-2.73285667600039E-15,-1.,0.));
#14756=DIRECTION('',(2.73285667600039E-15,1.,0.));
#14757=DIRECTION('',(-2.73285667600039E-15,-1.,0.));
#14758=DIRECTION('',(0.,0.,-1.));
#14759=DIRECTION('center_axis',(0.,0.,-1.));
#14760=DIRECTION('ref_axis',(-1.,0.,0.));
#14761=DIRECTION('center_axis',(0.,0.,-1.));
#14762=DIRECTION('ref_axis',(-1.,0.,0.));
#14763=DIRECTION('center_axis',(0.,0.,1.));
#14764=DIRECTION('ref_axis',(-1.,0.,0.));
#14765=DIRECTION('',(0.,0.,-1.));
#14766=DIRECTION('center_axis',(2.73285667600038E-15,-1.,0.));
#14767=DIRECTION('ref_axis',(-1.,-2.73285667600038E-15,0.));
#14768=DIRECTION('',(1.,2.73285667600038E-15,0.));
#14769=DIRECTION('',(-1.,-2.73285667600038E-15,0.));
#14770=DIRECTION('center_axis',(0.,0.,-1.));
#14771=DIRECTION('ref_axis',(1.,0.,0.));
#14772=DIRECTION('center_axis',(0.,0.,-1.));
#14773=DIRECTION('ref_axis',(1.,0.,0.));
#14774=DIRECTION('',(0.,0.,-1.));
#14775=DIRECTION('center_axis',(0.,0.,1.));
#14776=DIRECTION('ref_axis',(1.,0.,0.));
#14777=DIRECTION('',(0.,0.,-1.));
#14778=DIRECTION('center_axis',(1.36642833800019E-15,1.,0.));
#14779=DIRECTION('ref_axis',(1.,-1.36642833800019E-15,0.));
#14780=DIRECTION('',(-1.,1.36642833800019E-15,0.));
#14781=DIRECTION('',(1.,-1.36642833800019E-15,0.));
#14782=DIRECTION('',(0.,0.,-1.));
#14783=DIRECTION('center_axis',(0.,0.,-1.));
#14784=DIRECTION('ref_axis',(0.,-1.,0.));
#14785=DIRECTION('center_axis',(0.,0.,-1.));
#14786=DIRECTION('ref_axis',(0.,-1.,0.));
#14787=DIRECTION('center_axis',(0.,0.,1.));
#14788=DIRECTION('ref_axis',(0.,-1.,0.));
#14789=DIRECTION('',(0.,0.,-1.));
#14790=DIRECTION('center_axis',(1.,6.83214169000097E-16,0.));
#14791=DIRECTION('ref_axis',(6.83214169000097E-16,-1.,0.));
#14792=DIRECTION('',(-6.83214169000097E-16,1.,0.));
#14793=DIRECTION('',(6.83214169000097E-16,-1.,0.));
#14794=DIRECTION('',(0.,0.,-1.));
#14795=DIRECTION('center_axis',(0.,0.,-1.));
#14796=DIRECTION('ref_axis',(-1.,0.,0.));
#14797=DIRECTION('center_axis',(0.,0.,-1.));
#14798=DIRECTION('ref_axis',(-1.,0.,0.));
#14799=DIRECTION('center_axis',(0.,0.,1.));
#14800=DIRECTION('ref_axis',(-1.,0.,0.));
#14801=DIRECTION('',(0.,0.,-1.));
#14802=DIRECTION('center_axis',(0.,-1.,0.));
#14803=DIRECTION('ref_axis',(-1.,0.,0.));
#14804=DIRECTION('',(1.,0.,0.));
#14805=DIRECTION('',(-1.,0.,0.));
#14806=DIRECTION('',(0.,0.,-1.));
#14807=DIRECTION('center_axis',(0.,0.,-1.));
#14808=DIRECTION('ref_axis',(0.,1.,0.));
#14809=DIRECTION('center_axis',(0.,0.,-1.));
#14810=DIRECTION('ref_axis',(0.,1.,0.));
#14811=DIRECTION('center_axis',(0.,0.,1.));
#14812=DIRECTION('ref_axis',(0.,1.,0.));
#14813=DIRECTION('',(0.,0.,-1.));
#14814=DIRECTION('center_axis',(-1.,6.83214169000097E-16,0.));
#14815=DIRECTION('ref_axis',(6.83214169000097E-16,1.,0.));
#14816=DIRECTION('',(-6.83214169000097E-16,-1.,0.));
#14817=DIRECTION('',(6.83214169000097E-16,1.,0.));
#14818=DIRECTION('center_axis',(1.22501577884501E-6,-0.99999999999925,0.));
#14819=DIRECTION('ref_axis',(-0.99999999999925,-1.22501577884501E-6,1.21722553541833E-11));
#14820=DIRECTION('',(-0.999999999999249,-1.22521042219332E-6,0.));
#14821=DIRECTION('',(0.,0.,-1.));
#14822=DIRECTION('',(-0.99999999999925,-1.22501577884501E-6,1.21722553541833E-11));
#14823=DIRECTION('',(0.,0.,-1.));
#14824=DIRECTION('center_axis',(0.,0.,-1.));
#14825=DIRECTION('ref_axis',(1.,0.,0.));
#14826=DIRECTION('',(-1.,2.3684757858634E-14,0.));
#14827=DIRECTION('center_axis',(0.,0.,-1.));
#14828=DIRECTION('ref_axis',(1.13674663460019E-6,-0.999999999999354,0.));
#14829=DIRECTION('',(-1.22521042244442E-6,0.999999999999249,0.));
#14830=DIRECTION('center_axis',(0.,0.,-1.));
#14831=DIRECTION('ref_axis',(-0.999999999999249,-1.22521042422718E-6,0.));
#14832=DIRECTION('',(1.,1.05113814235505E-14,0.));
#14833=DIRECTION('center_axis',(0.,0.,-1.));
#14834=DIRECTION('ref_axis',(0.,1.,0.));
#14835=DIRECTION('',(0.,-1.,0.));
#14836=DIRECTION('',(1.22521042175098E-6,-0.999999999999249,-1.49135741277888E-17));
#14837=DIRECTION('',(-1.00326384650978E-14,-1.,0.));
#14838=DIRECTION('center_axis',(0.,0.,-1.));
#14839=DIRECTION('ref_axis',(1.,-8.88178419700128E-15,0.));
#14840=DIRECTION('center_axis',(0.,0.,1.));
#14841=DIRECTION('ref_axis',(1.,0.,0.));
#14842=DIRECTION('',(0.,-1.,0.));
#14843=DIRECTION('center_axis',(0.,0.,1.));
#14844=DIRECTION('ref_axis',(-1.,0.,0.));
#14845=DIRECTION('',(1.,0.,0.));
#14846=DIRECTION('center_axis',(0.,0.,1.));
#14847=DIRECTION('ref_axis',(0.,-1.,0.));
#14848=DIRECTION('',(0.,1.,0.));
#14849=DIRECTION('center_axis',(0.,0.,1.));
#14850=DIRECTION('ref_axis',(1.,0.,0.));
#14851=DIRECTION('',(-1.,0.,0.));
#14852=DIRECTION('center_axis',(0.,0.,1.));
#14853=DIRECTION('ref_axis',(0.,1.,0.));
#14854=DIRECTION('center_axis',(0.,0.,1.));
#14855=DIRECTION('ref_axis',(1.,0.,0.));
#14856=DIRECTION('',(0.,-1.,0.));
#14857=DIRECTION('center_axis',(0.,0.,1.));
#14858=DIRECTION('ref_axis',(-1.,0.,0.));
#14859=DIRECTION('',(1.,0.,0.));
#14860=DIRECTION('center_axis',(0.,0.,1.));
#14861=DIRECTION('ref_axis',(0.,-1.,0.));
#14862=DIRECTION('',(0.,1.,0.));
#14863=DIRECTION('center_axis',(0.,0.,1.));
#14864=DIRECTION('ref_axis',(1.,0.,0.));
#14865=DIRECTION('',(-1.,0.,0.));
#14866=DIRECTION('center_axis',(0.,0.,1.));
#14867=DIRECTION('ref_axis',(0.,1.,0.));
#14868=DIRECTION('center_axis',(0.,0.,1.));
#14869=DIRECTION('ref_axis',(1.,0.,0.));
#14870=DIRECTION('',(0.,-1.,0.));
#14871=DIRECTION('center_axis',(0.,0.,1.));
#14872=DIRECTION('ref_axis',(-1.,0.,0.));
#14873=DIRECTION('',(1.,0.,0.));
#14874=DIRECTION('center_axis',(0.,0.,1.));
#14875=DIRECTION('ref_axis',(0.,-1.,0.));
#14876=DIRECTION('',(0.,1.,0.));
#14877=DIRECTION('center_axis',(0.,0.,1.));
#14878=DIRECTION('ref_axis',(1.,0.,0.));
#14879=DIRECTION('',(-1.,0.,0.));
#14880=DIRECTION('center_axis',(0.,0.,1.));
#14881=DIRECTION('ref_axis',(0.,1.,0.));
#14882=DIRECTION('',(0.,-1.,0.));
#14883=DIRECTION('center_axis',(0.,0.,1.));
#14884=DIRECTION('ref_axis',(-1.,0.,0.));
#14885=DIRECTION('',(1.,0.,0.));
#14886=DIRECTION('center_axis',(0.,0.,1.));
#14887=DIRECTION('ref_axis',(0.,-1.,0.));
#14888=DIRECTION('',(0.,1.,0.));
#14889=DIRECTION('center_axis',(0.,0.,1.));
#14890=DIRECTION('ref_axis',(1.,0.,0.));
#14891=DIRECTION('',(-1.,0.,0.));
#14892=DIRECTION('center_axis',(0.,0.,1.));
#14893=DIRECTION('ref_axis',(0.,1.,0.));
#14894=DIRECTION('',(0.,-1.,0.));
#14895=DIRECTION('center_axis',(0.,0.,1.));
#14896=DIRECTION('ref_axis',(-1.,0.,0.));
#14897=DIRECTION('',(1.,0.,0.));
#14898=DIRECTION('center_axis',(0.,0.,1.));
#14899=DIRECTION('ref_axis',(0.,-1.,0.));
#14900=DIRECTION('',(0.,1.,0.));
#14901=DIRECTION('center_axis',(0.,0.,1.));
#14902=DIRECTION('ref_axis',(1.,0.,0.));
#14903=DIRECTION('',(-1.,0.,0.));
#14904=DIRECTION('center_axis',(0.,0.,1.));
#14905=DIRECTION('ref_axis',(0.,1.,0.));
#14906=DIRECTION('',(0.,-1.,0.));
#14907=DIRECTION('center_axis',(0.,0.,1.));
#14908=DIRECTION('ref_axis',(-1.,0.,0.));
#14909=DIRECTION('',(1.,0.,0.));
#14910=DIRECTION('center_axis',(0.,0.,1.));
#14911=DIRECTION('ref_axis',(0.,-1.,0.));
#14912=DIRECTION('',(0.,1.,0.));
#14913=DIRECTION('center_axis',(0.,0.,1.));
#14914=DIRECTION('ref_axis',(1.,0.,0.));
#14915=DIRECTION('',(-1.,0.,0.));
#14916=DIRECTION('center_axis',(0.,0.,1.));
#14917=DIRECTION('ref_axis',(0.,1.,0.));
#14918=DIRECTION('center_axis',(0.,0.,1.));
#14919=DIRECTION('ref_axis',(1.,0.,0.));
#14920=DIRECTION('',(0.,-1.,0.));
#14921=DIRECTION('center_axis',(0.,0.,1.));
#14922=DIRECTION('ref_axis',(-1.,0.,0.));
#14923=DIRECTION('',(1.,0.,0.));
#14924=DIRECTION('center_axis',(0.,0.,1.));
#14925=DIRECTION('ref_axis',(0.,-1.,0.));
#14926=DIRECTION('',(0.,1.,0.));
#14927=DIRECTION('center_axis',(0.,0.,1.));
#14928=DIRECTION('ref_axis',(1.,0.,0.));
#14929=DIRECTION('',(-1.,0.,0.));
#14930=DIRECTION('center_axis',(0.,0.,1.));
#14931=DIRECTION('ref_axis',(0.,1.,0.));
#14932=DIRECTION('',(0.,-1.,0.));
#14933=DIRECTION('center_axis',(0.,0.,1.));
#14934=DIRECTION('ref_axis',(-1.,0.,0.));
#14935=DIRECTION('',(1.,0.,0.));
#14936=DIRECTION('center_axis',(0.,0.,1.));
#14937=DIRECTION('ref_axis',(0.,-1.,0.));
#14938=DIRECTION('',(0.,1.,0.));
#14939=DIRECTION('center_axis',(0.,0.,1.));
#14940=DIRECTION('ref_axis',(1.,0.,0.));
#14941=DIRECTION('',(-1.,0.,0.));
#14942=DIRECTION('center_axis',(0.,0.,1.));
#14943=DIRECTION('ref_axis',(0.,1.,0.));
#14944=DIRECTION('',(0.,-1.,0.));
#14945=DIRECTION('center_axis',(0.,0.,1.));
#14946=DIRECTION('ref_axis',(-1.,0.,0.));
#14947=DIRECTION('',(1.,0.,0.));
#14948=DIRECTION('center_axis',(0.,0.,1.));
#14949=DIRECTION('ref_axis',(0.,-1.,0.));
#14950=DIRECTION('',(0.,1.,0.));
#14951=DIRECTION('center_axis',(0.,0.,1.));
#14952=DIRECTION('ref_axis',(1.,0.,0.));
#14953=DIRECTION('',(-1.,0.,0.));
#14954=DIRECTION('center_axis',(0.,0.,1.));
#14955=DIRECTION('ref_axis',(0.,1.,0.));
#14956=DIRECTION('',(0.,-1.,0.));
#14957=DIRECTION('center_axis',(0.,0.,1.));
#14958=DIRECTION('ref_axis',(-1.,0.,0.));
#14959=DIRECTION('',(1.,0.,0.));
#14960=DIRECTION('center_axis',(0.,0.,1.));
#14961=DIRECTION('ref_axis',(0.,-1.,0.));
#14962=DIRECTION('',(0.,1.,0.));
#14963=DIRECTION('center_axis',(0.,0.,1.));
#14964=DIRECTION('ref_axis',(1.,0.,0.));
#14965=DIRECTION('',(-1.,0.,0.));
#14966=DIRECTION('center_axis',(0.,0.,1.));
#14967=DIRECTION('ref_axis',(0.,1.,0.));
#14968=DIRECTION('center_axis',(0.,0.,1.));
#14969=DIRECTION('ref_axis',(1.,0.,0.));
#14970=DIRECTION('',(0.,-1.,0.));
#14971=DIRECTION('center_axis',(0.,0.,1.));
#14972=DIRECTION('ref_axis',(-1.,0.,0.));
#14973=DIRECTION('',(1.,0.,0.));
#14974=DIRECTION('center_axis',(0.,0.,1.));
#14975=DIRECTION('ref_axis',(0.,-1.,0.));
#14976=DIRECTION('',(0.,1.,0.));
#14977=DIRECTION('center_axis',(0.,0.,1.));
#14978=DIRECTION('ref_axis',(1.,0.,0.));
#14979=DIRECTION('',(-1.,0.,0.));
#14980=DIRECTION('center_axis',(0.,0.,1.));
#14981=DIRECTION('ref_axis',(0.,1.,0.));
#14982=DIRECTION('',(0.,-1.,0.));
#14983=DIRECTION('center_axis',(0.,0.,1.));
#14984=DIRECTION('ref_axis',(-1.,0.,0.));
#14985=DIRECTION('',(1.,0.,0.));
#14986=DIRECTION('center_axis',(0.,0.,1.));
#14987=DIRECTION('ref_axis',(0.,-1.,0.));
#14988=DIRECTION('',(0.,1.,0.));
#14989=DIRECTION('center_axis',(0.,0.,1.));
#14990=DIRECTION('ref_axis',(1.,0.,0.));
#14991=DIRECTION('',(-1.,0.,0.));
#14992=DIRECTION('center_axis',(0.,0.,1.));
#14993=DIRECTION('ref_axis',(0.,1.,0.));
#14994=DIRECTION('',(0.,-1.,0.));
#14995=DIRECTION('center_axis',(0.,0.,1.));
#14996=DIRECTION('ref_axis',(-1.,0.,0.));
#14997=DIRECTION('',(1.,0.,0.));
#14998=DIRECTION('center_axis',(0.,0.,1.));
#14999=DIRECTION('ref_axis',(0.,-1.,0.));
#15000=DIRECTION('',(0.,1.,0.));
#15001=DIRECTION('center_axis',(0.,0.,1.));
#15002=DIRECTION('ref_axis',(1.,0.,0.));
#15003=DIRECTION('',(-1.,0.,0.));
#15004=DIRECTION('center_axis',(0.,0.,1.));
#15005=DIRECTION('ref_axis',(0.,1.,0.));
#15006=DIRECTION('',(0.,-1.,0.));
#15007=DIRECTION('center_axis',(0.,0.,1.));
#15008=DIRECTION('ref_axis',(-1.,0.,0.));
#15009=DIRECTION('',(1.,0.,0.));
#15010=DIRECTION('center_axis',(0.,0.,1.));
#15011=DIRECTION('ref_axis',(0.,-1.,0.));
#15012=DIRECTION('',(0.,1.,0.));
#15013=DIRECTION('center_axis',(0.,0.,1.));
#15014=DIRECTION('ref_axis',(1.,0.,0.));
#15015=DIRECTION('',(-1.,0.,0.));
#15016=DIRECTION('center_axis',(0.,0.,1.));
#15017=DIRECTION('ref_axis',(0.,1.,0.));
#15018=DIRECTION('center_axis',(0.,0.,1.));
#15019=DIRECTION('ref_axis',(1.,0.,0.));
#15020=DIRECTION('',(0.,-1.,0.));
#15021=DIRECTION('center_axis',(0.,0.,1.));
#15022=DIRECTION('ref_axis',(-1.,0.,0.));
#15023=DIRECTION('',(1.,0.,0.));
#15024=DIRECTION('center_axis',(0.,0.,1.));
#15025=DIRECTION('ref_axis',(0.,-1.,0.));
#15026=DIRECTION('',(0.,1.,0.));
#15027=DIRECTION('center_axis',(0.,0.,1.));
#15028=DIRECTION('ref_axis',(1.,0.,0.));
#15029=DIRECTION('',(-1.,0.,0.));
#15030=DIRECTION('center_axis',(0.,0.,1.));
#15031=DIRECTION('ref_axis',(0.,1.,0.));
#15032=DIRECTION('',(0.,-1.,0.));
#15033=DIRECTION('center_axis',(0.,0.,1.));
#15034=DIRECTION('ref_axis',(-1.,0.,0.));
#15035=DIRECTION('',(1.,0.,0.));
#15036=DIRECTION('center_axis',(0.,0.,1.));
#15037=DIRECTION('ref_axis',(0.,-1.,0.));
#15038=DIRECTION('',(0.,1.,0.));
#15039=DIRECTION('center_axis',(0.,0.,1.));
#15040=DIRECTION('ref_axis',(1.,0.,0.));
#15041=DIRECTION('',(-1.,0.,0.));
#15042=DIRECTION('center_axis',(0.,0.,1.));
#15043=DIRECTION('ref_axis',(0.,1.,0.));
#15044=DIRECTION('',(0.,-1.,0.));
#15045=DIRECTION('center_axis',(0.,0.,1.));
#15046=DIRECTION('ref_axis',(-1.,0.,0.));
#15047=DIRECTION('',(1.,0.,0.));
#15048=DIRECTION('center_axis',(0.,0.,1.));
#15049=DIRECTION('ref_axis',(0.,-1.,0.));
#15050=DIRECTION('',(0.,1.,0.));
#15051=DIRECTION('center_axis',(0.,0.,1.));
#15052=DIRECTION('ref_axis',(1.,0.,0.));
#15053=DIRECTION('',(-1.,0.,0.));
#15054=DIRECTION('center_axis',(0.,0.,1.));
#15055=DIRECTION('ref_axis',(0.,1.,0.));
#15056=DIRECTION('',(0.,-1.,0.));
#15057=DIRECTION('center_axis',(0.,0.,1.));
#15058=DIRECTION('ref_axis',(-1.,0.,0.));
#15059=DIRECTION('',(1.,0.,0.));
#15060=DIRECTION('center_axis',(0.,0.,1.));
#15061=DIRECTION('ref_axis',(0.,-1.,0.));
#15062=DIRECTION('',(0.,1.,0.));
#15063=DIRECTION('center_axis',(0.,0.,1.));
#15064=DIRECTION('ref_axis',(1.,0.,0.));
#15065=DIRECTION('',(-1.,0.,0.));
#15066=DIRECTION('center_axis',(0.,0.,1.));
#15067=DIRECTION('ref_axis',(0.,1.,0.));
#15068=DIRECTION('center_axis',(0.,0.,1.));
#15069=DIRECTION('ref_axis',(1.,0.,0.));
#15070=DIRECTION('',(0.,-1.,0.));
#15071=DIRECTION('center_axis',(0.,0.,1.));
#15072=DIRECTION('ref_axis',(-1.,0.,0.));
#15073=DIRECTION('',(1.,0.,0.));
#15074=DIRECTION('center_axis',(0.,0.,1.));
#15075=DIRECTION('ref_axis',(0.,-1.,0.));
#15076=DIRECTION('',(0.,1.,0.));
#15077=DIRECTION('center_axis',(0.,0.,1.));
#15078=DIRECTION('ref_axis',(1.,0.,0.));
#15079=DIRECTION('',(-1.,0.,0.));
#15080=DIRECTION('center_axis',(0.,0.,1.));
#15081=DIRECTION('ref_axis',(0.,1.,0.));
#15082=DIRECTION('',(0.,-1.,0.));
#15083=DIRECTION('center_axis',(0.,0.,1.));
#15084=DIRECTION('ref_axis',(-1.,0.,0.));
#15085=DIRECTION('',(1.,0.,0.));
#15086=DIRECTION('center_axis',(0.,0.,1.));
#15087=DIRECTION('ref_axis',(0.,-1.,0.));
#15088=DIRECTION('',(0.,1.,0.));
#15089=DIRECTION('center_axis',(0.,0.,1.));
#15090=DIRECTION('ref_axis',(1.,0.,0.));
#15091=DIRECTION('',(-1.,0.,0.));
#15092=DIRECTION('center_axis',(0.,0.,1.));
#15093=DIRECTION('ref_axis',(0.,1.,0.));
#15094=DIRECTION('',(0.,-1.,0.));
#15095=DIRECTION('center_axis',(0.,0.,1.));
#15096=DIRECTION('ref_axis',(-1.,0.,0.));
#15097=DIRECTION('',(1.,0.,0.));
#15098=DIRECTION('center_axis',(0.,0.,1.));
#15099=DIRECTION('ref_axis',(0.,-1.,0.));
#15100=DIRECTION('',(0.,1.,0.));
#15101=DIRECTION('center_axis',(0.,0.,1.));
#15102=DIRECTION('ref_axis',(1.,0.,0.));
#15103=DIRECTION('',(-1.,0.,0.));
#15104=DIRECTION('center_axis',(0.,0.,1.));
#15105=DIRECTION('ref_axis',(0.,1.,0.));
#15106=DIRECTION('',(0.,-1.,0.));
#15107=DIRECTION('center_axis',(0.,0.,1.));
#15108=DIRECTION('ref_axis',(-1.,0.,0.));
#15109=DIRECTION('',(1.,0.,0.));
#15110=DIRECTION('center_axis',(0.,0.,1.));
#15111=DIRECTION('ref_axis',(0.,-1.,0.));
#15112=DIRECTION('',(0.,1.,0.));
#15113=DIRECTION('center_axis',(0.,0.,1.));
#15114=DIRECTION('ref_axis',(1.,0.,0.));
#15115=DIRECTION('',(-1.,0.,0.));
#15116=DIRECTION('center_axis',(0.,0.,1.));
#15117=DIRECTION('ref_axis',(0.,1.,0.));
#15118=DIRECTION('center_axis',(0.,0.,1.));
#15119=DIRECTION('ref_axis',(1.,0.,0.));
#15120=DIRECTION('',(0.,-1.,0.));
#15121=DIRECTION('center_axis',(0.,0.,1.));
#15122=DIRECTION('ref_axis',(-1.,0.,0.));
#15123=DIRECTION('',(1.,0.,0.));
#15124=DIRECTION('center_axis',(0.,0.,1.));
#15125=DIRECTION('ref_axis',(0.,-1.,0.));
#15126=DIRECTION('',(0.,1.,0.));
#15127=DIRECTION('center_axis',(0.,0.,1.));
#15128=DIRECTION('ref_axis',(1.,0.,0.));
#15129=DIRECTION('',(-1.,0.,0.));
#15130=DIRECTION('center_axis',(0.,0.,1.));
#15131=DIRECTION('ref_axis',(0.,1.,0.));
#15132=DIRECTION('',(0.,-1.,0.));
#15133=DIRECTION('center_axis',(0.,0.,1.));
#15134=DIRECTION('ref_axis',(-1.,0.,0.));
#15135=DIRECTION('',(1.,0.,0.));
#15136=DIRECTION('center_axis',(0.,0.,1.));
#15137=DIRECTION('ref_axis',(0.,-1.,0.));
#15138=DIRECTION('',(0.,1.,0.));
#15139=DIRECTION('center_axis',(0.,0.,1.));
#15140=DIRECTION('ref_axis',(1.,0.,0.));
#15141=DIRECTION('',(-1.,0.,0.));
#15142=DIRECTION('center_axis',(0.,0.,1.));
#15143=DIRECTION('ref_axis',(0.,1.,0.));
#15144=DIRECTION('',(0.,-1.,0.));
#15145=DIRECTION('center_axis',(0.,0.,1.));
#15146=DIRECTION('ref_axis',(-1.,0.,0.));
#15147=DIRECTION('',(1.,0.,0.));
#15148=DIRECTION('center_axis',(0.,0.,1.));
#15149=DIRECTION('ref_axis',(0.,-1.,0.));
#15150=DIRECTION('',(0.,1.,0.));
#15151=DIRECTION('center_axis',(0.,0.,1.));
#15152=DIRECTION('ref_axis',(1.,0.,0.));
#15153=DIRECTION('',(-1.,0.,0.));
#15154=DIRECTION('center_axis',(0.,0.,1.));
#15155=DIRECTION('ref_axis',(0.,1.,0.));
#15156=DIRECTION('',(0.,-1.,0.));
#15157=DIRECTION('center_axis',(0.,0.,1.));
#15158=DIRECTION('ref_axis',(-1.,0.,0.));
#15159=DIRECTION('',(1.,0.,0.));
#15160=DIRECTION('center_axis',(0.,0.,1.));
#15161=DIRECTION('ref_axis',(0.,-1.,0.));
#15162=DIRECTION('',(0.,1.,0.));
#15163=DIRECTION('center_axis',(0.,0.,1.));
#15164=DIRECTION('ref_axis',(1.,0.,0.));
#15165=DIRECTION('',(-1.,0.,0.));
#15166=DIRECTION('center_axis',(0.,0.,1.));
#15167=DIRECTION('ref_axis',(0.,1.,0.));
#15168=DIRECTION('center_axis',(0.,0.,1.));
#15169=DIRECTION('ref_axis',(1.,0.,0.));
#15170=DIRECTION('',(1.,-2.3684757858634E-14,0.));
#15171=DIRECTION('center_axis',(0.,0.,1.));
#15172=DIRECTION('ref_axis',(0.,1.,0.));
#15173=DIRECTION('',(-1.77635683940024E-14,-1.,0.));
#15174=DIRECTION('center_axis',(0.,0.,1.));
#15175=DIRECTION('ref_axis',(-1.,-5.32907051820049E-14,0.));
#15176=DIRECTION('',(1.,0.,0.));
#15177=DIRECTION('center_axis',(0.,0.,1.));
#15178=DIRECTION('ref_axis',(1.,5.32907051820049E-14,0.));
#15179=DIRECTION('',(0.,-1.,0.));
#15180=DIRECTION('center_axis',(0.,0.,1.));
#15181=DIRECTION('ref_axis',(3.55271367880032E-14,-1.,0.));
#15182=DIRECTION('',(-1.,0.,0.));
#15183=DIRECTION('center_axis',(0.,0.,1.));
#15184=DIRECTION('ref_axis',(-1.,-3.55271367880045E-14,0.));
#15185=DIRECTION('',(-1.77635683940024E-14,1.,0.));
#15186=DIRECTION('center_axis',(0.,0.,1.));
#15187=DIRECTION('ref_axis',(-3.55271367880032E-14,1.,0.));
#15188=DIRECTION('',(1.,0.,0.));
#15189=DIRECTION('center_axis',(0.,0.,1.));
#15190=DIRECTION('ref_axis',(0.,-1.,0.));
#15191=DIRECTION('',(8.88178419700042E-14,1.,0.));
#15192=DIRECTION('center_axis',(0.,0.,1.));
#15193=DIRECTION('ref_axis',(1.,1.77635683940016E-14,0.));
#15194=DIRECTION('center_axis',(0.,0.,1.));
#15195=DIRECTION('ref_axis',(1.,0.,0.));
#15196=DIRECTION('',(1.,-2.3684757858634E-14,0.));
#15197=DIRECTION('center_axis',(0.,0.,1.));
#15198=DIRECTION('ref_axis',(-1.15463194561043E-13,1.,0.));
#15199=DIRECTION('',(0.,-1.,0.));
#15200=DIRECTION('center_axis',(0.,0.,1.));
#15201=DIRECTION('ref_axis',(-1.,0.,0.));
#15202=DIRECTION('',(1.,0.,0.));
#15203=DIRECTION('center_axis',(0.,0.,1.));
#15204=DIRECTION('ref_axis',(1.,0.,0.));
#15205=DIRECTION('',(0.,-1.,0.));
#15206=DIRECTION('center_axis',(0.,0.,1.));
#15207=DIRECTION('ref_axis',(0.,-1.,0.));
#15208=DIRECTION('',(-1.,0.,0.));
#15209=DIRECTION('center_axis',(0.,0.,1.));
#15210=DIRECTION('ref_axis',(-1.,0.,0.));
#15211=DIRECTION('',(4.4408920985006E-15,1.,0.));
#15212=DIRECTION('center_axis',(0.,0.,1.));
#15213=DIRECTION('ref_axis',(0.,1.,0.));
#15214=DIRECTION('',(1.,-3.79799827707962E-15,0.));
#15215=DIRECTION('center_axis',(0.,0.,1.));
#15216=DIRECTION('ref_axis',(7.99360577730101E-14,-1.,0.));
#15217=DIRECTION('',(0.,1.,0.));
#15218=DIRECTION('center_axis',(0.,0.,1.));
#15219=DIRECTION('ref_axis',(1.,-1.95399252334037E-13,0.));
#15220=DIRECTION('center_axis',(0.,0.,1.));
#15221=DIRECTION('ref_axis',(1.,0.,0.));
#15222=DIRECTION('',(-1.,-1.05113814235505E-14,0.));
#15223=DIRECTION('center_axis',(0.,0.,1.));
#15224=DIRECTION('ref_axis',(0.,-1.,0.));
#15225=DIRECTION('',(0.,-1.,0.));
#15226=DIRECTION('center_axis',(0.,0.,1.));
#15227=DIRECTION('ref_axis',(1.,1.99840144432525E-14,0.));
#15228=DIRECTION('',(-1.,0.,0.));
#15229=DIRECTION('center_axis',(0.,0.,1.));
#15230=DIRECTION('ref_axis',(-1.,-1.99840144432525E-14,0.));
#15231=DIRECTION('',(0.,1.,0.));
#15232=DIRECTION('center_axis',(0.,0.,1.));
#15233=DIRECTION('ref_axis',(0.,1.,0.));
#15234=DIRECTION('',(-1.,1.32226184425812E-15,0.));
#15235=DIRECTION('center_axis',(0.,0.,1.));
#15236=DIRECTION('ref_axis',(1.,5.55111512312551E-14,0.));
#15237=DIRECTION('',(0.,1.,0.));
#15238=DIRECTION('center_axis',(0.,0.,1.));
#15239=DIRECTION('ref_axis',(3.5527136788003E-14,-1.,0.));
#15240=DIRECTION('',(1.,0.,0.));
#15241=DIRECTION('center_axis',(0.,0.,1.));
#15242=DIRECTION('ref_axis',(0.,1.,0.));
#15243=DIRECTION('',(0.,1.,0.));
#15244=DIRECTION('center_axis',(0.,0.,1.));
#15245=DIRECTION('ref_axis',(-1.,-1.99840144432525E-14,0.));
#15246=DIRECTION('center_axis',(-0.999999999999249,-1.22521042222511E-6,
0.));
#15247=DIRECTION('ref_axis',(1.22521042222511E-6,-0.999999999999249,0.));
#15248=DIRECTION('',(0.,0.,1.));
#15249=DIRECTION('',(1.22521042222511E-6,-0.999999999999249,0.));
#15250=DIRECTION('',(0.,0.,1.));
#15251=DIRECTION('center_axis',(0.,0.,1.));
#15252=DIRECTION('ref_axis',(0.,-1.,0.));
#15253=DIRECTION('',(0.,0.,1.));
#15254=DIRECTION('center_axis',(0.,0.,1.));
#15255=DIRECTION('ref_axis',(0.,-1.,0.));
#15256=DIRECTION('',(0.,0.,1.));
#15257=DIRECTION('center_axis',(0.,0.,1.));
#15258=DIRECTION('ref_axis',(1.,-4.44089209850048E-15,0.));
#15259=DIRECTION('',(0.,0.,1.));
#15260=DIRECTION('center_axis',(0.,0.,1.));
#15261=DIRECTION('ref_axis',(1.,-4.44089209850048E-15,0.));
#15262=DIRECTION('',(0.,0.,1.));
#15263=DIRECTION('center_axis',(4.14955522097489E-15,1.,0.));
#15264=DIRECTION('ref_axis',(-1.,4.14955522097489E-15,0.));
#15265=DIRECTION('',(0.,0.,1.));
#15266=DIRECTION('',(-1.,4.14955522097489E-15,0.));
#15267=DIRECTION('',(0.,0.,1.));
#15268=DIRECTION('',(-1.,-1.05113814235505E-14,0.));
#15269=DIRECTION('',(0.,0.,1.));
#15270=DIRECTION('',(-1.,-6.2547646145712E-17,0.));
#15271=DIRECTION('',(0.,0.,1.));
#15272=DIRECTION('',(0.,0.,1.));
#15273=DIRECTION('',(-1.,0.,0.));
#15274=DIRECTION('center_axis',(0.,0.,1.));
#15275=DIRECTION('ref_axis',(-1.11022302462516E-14,1.,0.));
#15276=DIRECTION('center_axis',(0.,0.,1.));
#15277=DIRECTION('ref_axis',(-1.11022302462516E-14,1.,0.));
#15278=DIRECTION('center_axis',(0.,0.,1.));
#15279=DIRECTION('ref_axis',(-0.999999999999249,-1.22521042200674E-6,0.));
#15280=DIRECTION('',(0.,0.,1.));
#15281=DIRECTION('center_axis',(0.,0.,1.));
#15282=DIRECTION('ref_axis',(-0.999999999999249,-1.22521042200674E-6,0.));
#15283=DIRECTION('center_axis',(-7.72682720046725E-16,-1.,0.));
#15284=DIRECTION('ref_axis',(1.,-7.72682720046725E-16,0.));
#15285=DIRECTION('',(0.,0.,1.));
#15286=DIRECTION('',(1.,-2.38089810663656E-14,0.));
#15287=DIRECTION('',(1.,0.,0.));
#15288=DIRECTION('',(0.,0.,1.));
#15289=DIRECTION('',(0.,0.,1.));
#15290=DIRECTION('',(1.,-7.72682720046725E-16,0.));
#15291=DIRECTION('',(0.,0.,1.));
#15292=DIRECTION('center_axis',(0.999999999999249,1.22521042219332E-6,0.));
#15293=DIRECTION('ref_axis',(0.,0.,-1.));
#15294=DIRECTION('',(0.,0.,-1.));
#15295=DIRECTION('',(1.22521042234442E-6,-0.999999999999249,0.));
#15296=DIRECTION('',(0.,0.,-1.));
#15297=DIRECTION('center_axis',(1.,-4.38606627012407E-16,0.));
#15298=DIRECTION('ref_axis',(4.38606627012407E-16,1.,0.));
#15299=DIRECTION('',(0.,0.,1.));
#15300=DIRECTION('',(4.38606627012407E-16,1.,0.));
#15301=DIRECTION('center_axis',(1.22521042219332E-6,-0.999999999999249,
0.));
#15302=DIRECTION('ref_axis',(0.,0.,-1.));
#15303=DIRECTION('',(0.999999999999249,1.22521042219332E-6,0.));
#15304=DIRECTION('center_axis',(0.,0.,1.));
#15305=DIRECTION('ref_axis',(1.,0.,0.));
#15306=DIRECTION('center_axis',(0.,0.,1.));
#15307=DIRECTION('ref_axis',(0.,-1.,0.));
#15308=DIRECTION('',(0.,-1.,0.));
#15309=DIRECTION('center_axis',(0.,0.,1.));
#15310=DIRECTION('ref_axis',(1.,-2.22044604925032E-15,0.));
#15311=DIRECTION('',(-1.,3.69432739068589E-16,0.));
#15312=DIRECTION('center_axis',(0.,0.,1.));
#15313=DIRECTION('ref_axis',(-1.,2.22044604925032E-15,0.));
#15314=DIRECTION('',(0.,1.,0.));
#15315=DIRECTION('center_axis',(0.,0.,1.));
#15316=DIRECTION('ref_axis',(0.,1.,0.));
#15317=DIRECTION('',(1.,0.,0.));
#15318=DIRECTION('center_axis',(0.,0.,1.));
#15319=DIRECTION('ref_axis',(1.,2.22044604925032E-15,0.));
#15320=DIRECTION('',(0.,-1.,0.));
#15321=DIRECTION('center_axis',(0.,0.,1.));
#15322=DIRECTION('ref_axis',(0.,-1.,0.));
#15323=DIRECTION('',(-1.,-3.70718176464019E-16,0.));
#15324=DIRECTION('center_axis',(0.,0.,1.));
#15325=DIRECTION('ref_axis',(0.,1.,0.));
#15326=DIRECTION('',(0.,1.,0.));
#15327=DIRECTION('center_axis',(0.,0.,1.));
#15328=DIRECTION('ref_axis',(-1.,8.88178419700128E-15,0.));
#15329=DIRECTION('center_axis',(0.,-1.,0.));
#15330=DIRECTION('ref_axis',(-1.,0.,0.));
#15331=DIRECTION('',(-1.,0.,0.));
#15332=DIRECTION('',(0.,0.,-1.));
#15333=DIRECTION('',(0.,0.,-1.));
#15334=DIRECTION('center_axis',(1.,0.,0.));
#15335=DIRECTION('ref_axis',(0.,-1.,0.));
#15336=DIRECTION('',(0.,-1.,0.));
#15337=DIRECTION('',(0.,0.,-1.));
#15338=DIRECTION('center_axis',(-1.,0.,0.));
#15339=DIRECTION('ref_axis',(0.,1.,0.));
#15340=DIRECTION('',(0.,1.,0.));
#15341=DIRECTION('',(0.,0.,-1.));
#15342=DIRECTION('',(0.,0.,-1.));
#15343=DIRECTION('center_axis',(0.,-1.,0.));
#15344=DIRECTION('ref_axis',(-1.,0.,0.));
#15345=DIRECTION('',(-1.,0.,0.));
#15346=DIRECTION('',(0.,0.,-1.));
#15347=DIRECTION('center_axis',(-1.,0.,0.));
#15348=DIRECTION('ref_axis',(0.,1.,0.));
#15349=DIRECTION('',(0.,1.,0.));
#15350=DIRECTION('',(0.,0.,-1.));
#15351=DIRECTION('',(0.,0.,-1.));
#15352=DIRECTION('center_axis',(0.,-1.,0.));
#15353=DIRECTION('ref_axis',(-1.,0.,0.));
#15354=DIRECTION('',(-1.,0.,0.));
#15355=DIRECTION('',(0.,0.,-1.));
#15356=DIRECTION('center_axis',(1.,0.,0.));
#15357=DIRECTION('ref_axis',(0.,-1.,0.));
#15358=DIRECTION('',(0.,-1.,0.));
#15359=DIRECTION('',(0.,0.,-1.));
#15360=DIRECTION('',(0.,0.,-1.));
#15361=DIRECTION('center_axis',(0.,-1.,0.));
#15362=DIRECTION('ref_axis',(-1.,0.,0.));
#15363=DIRECTION('',(-1.,0.,0.));
#15364=DIRECTION('',(0.,0.,-1.));
#15365=DIRECTION('center_axis',(1.,0.,0.));
#15366=DIRECTION('ref_axis',(0.,-1.,0.));
#15367=DIRECTION('',(0.,-1.,0.));
#15368=DIRECTION('',(0.,0.,-1.));
#15369=DIRECTION('center_axis',(-1.,0.,0.));
#15370=DIRECTION('ref_axis',(0.,1.,0.));
#15371=DIRECTION('',(0.,1.,0.));
#15372=DIRECTION('',(0.,0.,-1.));
#15373=DIRECTION('center_axis',(-1.,0.,0.));
#15374=DIRECTION('ref_axis',(0.,1.,0.));
#15375=DIRECTION('',(0.,1.,0.));
#15376=DIRECTION('',(0.,0.,-1.));
#15377=DIRECTION('center_axis',(1.,0.,0.));
#15378=DIRECTION('ref_axis',(0.,-1.,0.));
#15379=DIRECTION('',(0.,-1.,0.));
#15380=DIRECTION('',(0.,0.,-1.));
#15381=DIRECTION('center_axis',(0.,0.,1.));
#15382=DIRECTION('ref_axis',(1.,0.,0.));
#15383=DIRECTION('center_axis',(0.,0.,-1.));
#15384=DIRECTION('ref_axis',(1.,-1.95399252334037E-13,0.));
#15385=DIRECTION('',(0.,-1.,0.));
#15386=DIRECTION('center_axis',(0.,0.,-1.));
#15387=DIRECTION('ref_axis',(7.99360577730101E-14,-1.,0.));
#15388=DIRECTION('',(-1.,3.79799827707962E-15,0.));
#15389=DIRECTION('center_axis',(0.,0.,1.));
#15390=DIRECTION('ref_axis',(0.,1.,0.));
#15391=DIRECTION('',(-4.4408920985006E-15,-1.,0.));
#15392=DIRECTION('center_axis',(0.,0.,1.));
#15393=DIRECTION('ref_axis',(-1.,0.,0.));
#15394=DIRECTION('',(1.,0.,0.));
#15395=DIRECTION('center_axis',(0.,0.,1.));
#15396=DIRECTION('ref_axis',(0.,-1.,0.));
#15397=DIRECTION('',(0.,1.,0.));
#15398=DIRECTION('center_axis',(0.,0.,1.));
#15399=DIRECTION('ref_axis',(1.,0.,0.));
#15400=DIRECTION('',(-1.,0.,0.));
#15401=DIRECTION('center_axis',(0.,0.,-1.));
#15402=DIRECTION('ref_axis',(-1.,0.,0.));
#15403=DIRECTION('',(0.,1.,0.));
#15404=DIRECTION('center_axis',(0.,0.,-1.));
#15405=DIRECTION('ref_axis',(-1.15463194561043E-13,1.,0.));
#15406=DIRECTION('center_axis',(0.,0.,-1.));
#15407=DIRECTION('ref_axis',(1.,1.77635683940016E-14,0.));
#15408=DIRECTION('',(-8.88178419700042E-14,-1.,0.));
#15409=DIRECTION('center_axis',(0.,0.,-1.));
#15410=DIRECTION('ref_axis',(0.,-1.,0.));
#15411=DIRECTION('',(-1.,0.,0.));
#15412=DIRECTION('center_axis',(0.,0.,1.));
#15413=DIRECTION('ref_axis',(-3.55271367880032E-14,1.,0.));
#15414=DIRECTION('',(1.77635683940024E-14,-1.,0.));
#15415=DIRECTION('center_axis',(0.,0.,1.));
#15416=DIRECTION('ref_axis',(-1.,-3.55271367880045E-14,0.));
#15417=DIRECTION('',(1.,0.,0.));
#15418=DIRECTION('center_axis',(0.,0.,1.));
#15419=DIRECTION('ref_axis',(3.55271367880032E-14,-1.,0.));
#15420=DIRECTION('',(0.,1.,0.));
#15421=DIRECTION('center_axis',(0.,0.,1.));
#15422=DIRECTION('ref_axis',(1.,5.32907051820049E-14,0.));
#15423=DIRECTION('',(-1.,0.,0.));
#15424=DIRECTION('center_axis',(0.,0.,-1.));
#15425=DIRECTION('ref_axis',(-1.,-5.32907051820049E-14,0.));
#15426=DIRECTION('',(1.77635683940024E-14,1.,0.));
#15427=DIRECTION('center_axis',(0.,0.,-1.));
#15428=DIRECTION('ref_axis',(0.,1.,0.));
#15429=DIRECTION('',(4.38606627012407E-16,1.,0.));
#15430=DIRECTION('center_axis',(0.,0.,-1.));
#15431=DIRECTION('ref_axis',(-1.,-1.99840144432525E-14,0.));
#15432=DIRECTION('',(0.,1.,0.));
#15433=DIRECTION('center_axis',(0.,0.,-1.));
#15434=DIRECTION('ref_axis',(0.,1.,0.));
#15435=DIRECTION('',(1.,0.,0.));
#15436=DIRECTION('center_axis',(0.,0.,1.));
#15437=DIRECTION('ref_axis',(3.5527136788003E-14,-1.,0.));
#15438=DIRECTION('',(0.,1.,0.));
#15439=DIRECTION('center_axis',(0.,0.,1.));
#15440=DIRECTION('ref_axis',(1.,5.55111512312551E-14,0.));
#15441=DIRECTION('',(-1.,1.32226184425812E-15,0.));
#15442=DIRECTION('center_axis',(0.,0.,1.));
#15443=DIRECTION('ref_axis',(0.,1.,0.));
#15444=DIRECTION('',(0.,-1.,0.));
#15445=DIRECTION('center_axis',(0.,0.,1.));
#15446=DIRECTION('ref_axis',(-1.,-1.99840144432525E-14,0.));
#15447=DIRECTION('',(1.,0.,0.));
#15448=DIRECTION('center_axis',(0.,0.,-1.));
#15449=DIRECTION('ref_axis',(1.,1.99840144432525E-14,0.));
#15450=DIRECTION('',(0.,-1.,0.));
#15451=DIRECTION('center_axis',(0.,0.,-1.));
#15452=DIRECTION('ref_axis',(0.,-1.,0.));
#15453=DIRECTION('center_axis',(0.,0.,-1.));
#15454=DIRECTION('ref_axis',(-1.,8.88178419700128E-15,0.));
#15455=DIRECTION('',(0.,1.,0.));
#15456=DIRECTION('center_axis',(0.,0.,-1.));
#15457=DIRECTION('ref_axis',(0.,1.,0.));
#15458=DIRECTION('',(1.,3.70718176464019E-16,0.));
#15459=DIRECTION('center_axis',(0.,0.,1.));
#15460=DIRECTION('ref_axis',(0.,-1.,0.));
#15461=DIRECTION('',(0.,1.,0.));
#15462=DIRECTION('center_axis',(0.,0.,1.));
#15463=DIRECTION('ref_axis',(1.,2.22044604925032E-15,0.));
#15464=DIRECTION('',(-1.,0.,0.));
#15465=DIRECTION('center_axis',(0.,0.,1.));
#15466=DIRECTION('ref_axis',(0.,1.,0.));
#15467=DIRECTION('',(0.,-1.,0.));
#15468=DIRECTION('center_axis',(0.,0.,1.));
#15469=DIRECTION('ref_axis',(-1.,2.22044604925032E-15,0.));
#15470=DIRECTION('',(1.,-3.69432739068589E-16,0.));
#15471=DIRECTION('center_axis',(0.,0.,-1.));
#15472=DIRECTION('ref_axis',(1.,-2.22044604925032E-15,0.));
#15473=DIRECTION('',(0.,-1.,0.));
#15474=DIRECTION('center_axis',(0.,0.,-1.));
#15475=DIRECTION('ref_axis',(0.,-1.,0.));
#15476=DIRECTION('',(0.,1.,0.));
#15477=DIRECTION('center_axis',(0.,0.,-1.));
#15478=DIRECTION('ref_axis',(0.,1.,0.));
#15479=DIRECTION('',(1.,0.,0.));
#15480=DIRECTION('center_axis',(0.,0.,-1.));
#15481=DIRECTION('ref_axis',(1.,0.,0.));
#15482=DIRECTION('',(0.,-1.,0.));
#15483=DIRECTION('center_axis',(0.,0.,-1.));
#15484=DIRECTION('ref_axis',(0.,-1.,0.));
#15485=DIRECTION('',(-1.,0.,0.));
#15486=DIRECTION('center_axis',(0.,0.,-1.));
#15487=DIRECTION('ref_axis',(-1.,0.,0.));
#15488=DIRECTION('',(0.,1.,0.));
#15489=DIRECTION('center_axis',(0.,0.,-1.));
#15490=DIRECTION('ref_axis',(0.,1.,0.));
#15491=DIRECTION('',(1.,0.,0.));
#15492=DIRECTION('center_axis',(0.,0.,-1.));
#15493=DIRECTION('ref_axis',(1.,0.,0.));
#15494=DIRECTION('',(0.,-1.,0.));
#15495=DIRECTION('center_axis',(0.,0.,-1.));
#15496=DIRECTION('ref_axis',(0.,-1.,0.));
#15497=DIRECTION('',(-1.,0.,0.));
#15498=DIRECTION('center_axis',(0.,0.,-1.));
#15499=DIRECTION('ref_axis',(-1.,0.,0.));
#15500=DIRECTION('',(0.,1.,0.));
#15501=DIRECTION('center_axis',(0.,0.,-1.));
#15502=DIRECTION('ref_axis',(0.,1.,0.));
#15503=DIRECTION('',(1.,0.,0.));
#15504=DIRECTION('center_axis',(0.,0.,-1.));
#15505=DIRECTION('ref_axis',(1.,0.,0.));
#15506=DIRECTION('',(0.,-1.,0.));
#15507=DIRECTION('center_axis',(0.,0.,-1.));
#15508=DIRECTION('ref_axis',(0.,-1.,0.));
#15509=DIRECTION('',(-1.,0.,0.));
#15510=DIRECTION('center_axis',(0.,0.,-1.));
#15511=DIRECTION('ref_axis',(-1.,0.,0.));
#15512=DIRECTION('',(0.,1.,0.));
#15513=DIRECTION('center_axis',(0.,0.,-1.));
#15514=DIRECTION('ref_axis',(0.,1.,0.));
#15515=DIRECTION('',(1.,0.,0.));
#15516=DIRECTION('center_axis',(0.,0.,-1.));
#15517=DIRECTION('ref_axis',(1.,0.,0.));
#15518=DIRECTION('',(0.,-1.,0.));
#15519=DIRECTION('center_axis',(0.,0.,-1.));
#15520=DIRECTION('ref_axis',(0.,-1.,0.));
#15521=DIRECTION('',(-1.,0.,0.));
#15522=DIRECTION('center_axis',(0.,0.,-1.));
#15523=DIRECTION('ref_axis',(-1.,0.,0.));
#15524=DIRECTION('',(0.,1.,0.));
#15525=DIRECTION('center_axis',(0.,0.,-1.));
#15526=DIRECTION('ref_axis',(0.,1.,0.));
#15527=DIRECTION('',(1.,0.,0.));
#15528=DIRECTION('center_axis',(0.,0.,-1.));
#15529=DIRECTION('ref_axis',(1.,0.,0.));
#15530=DIRECTION('',(0.,-1.,0.));
#15531=DIRECTION('center_axis',(0.,0.,-1.));
#15532=DIRECTION('ref_axis',(0.,-1.,0.));
#15533=DIRECTION('',(-1.,0.,0.));
#15534=DIRECTION('center_axis',(0.,0.,-1.));
#15535=DIRECTION('ref_axis',(-1.,0.,0.));
#15536=DIRECTION('',(0.,1.,0.));
#15537=DIRECTION('center_axis',(0.,0.,-1.));
#15538=DIRECTION('ref_axis',(0.,1.,0.));
#15539=DIRECTION('',(1.,0.,0.));
#15540=DIRECTION('center_axis',(0.,0.,-1.));
#15541=DIRECTION('ref_axis',(1.,0.,0.));
#15542=DIRECTION('',(0.,-1.,0.));
#15543=DIRECTION('center_axis',(0.,0.,-1.));
#15544=DIRECTION('ref_axis',(0.,-1.,0.));
#15545=DIRECTION('',(-1.,0.,0.));
#15546=DIRECTION('center_axis',(0.,0.,-1.));
#15547=DIRECTION('ref_axis',(-1.,0.,0.));
#15548=DIRECTION('',(0.,1.,0.));
#15549=DIRECTION('center_axis',(0.,0.,-1.));
#15550=DIRECTION('ref_axis',(0.,1.,0.));
#15551=DIRECTION('',(1.,0.,0.));
#15552=DIRECTION('center_axis',(0.,0.,-1.));
#15553=DIRECTION('ref_axis',(1.,0.,0.));
#15554=DIRECTION('',(0.,-1.,0.));
#15555=DIRECTION('center_axis',(0.,0.,-1.));
#15556=DIRECTION('ref_axis',(0.,-1.,0.));
#15557=DIRECTION('',(-1.,0.,0.));
#15558=DIRECTION('center_axis',(0.,0.,-1.));
#15559=DIRECTION('ref_axis',(-1.,0.,0.));
#15560=DIRECTION('',(0.,1.,0.));
#15561=DIRECTION('center_axis',(0.,0.,-1.));
#15562=DIRECTION('ref_axis',(0.,1.,0.));
#15563=DIRECTION('',(1.,0.,0.));
#15564=DIRECTION('center_axis',(0.,0.,-1.));
#15565=DIRECTION('ref_axis',(1.,0.,0.));
#15566=DIRECTION('',(0.,-1.,0.));
#15567=DIRECTION('center_axis',(0.,0.,-1.));
#15568=DIRECTION('ref_axis',(0.,-1.,0.));
#15569=DIRECTION('',(-1.,0.,0.));
#15570=DIRECTION('center_axis',(0.,0.,-1.));
#15571=DIRECTION('ref_axis',(-1.,0.,0.));
#15572=DIRECTION('',(0.,1.,0.));
#15573=DIRECTION('center_axis',(0.,0.,-1.));
#15574=DIRECTION('ref_axis',(0.,1.,0.));
#15575=DIRECTION('',(1.,0.,0.));
#15576=DIRECTION('center_axis',(0.,0.,-1.));
#15577=DIRECTION('ref_axis',(1.,0.,0.));
#15578=DIRECTION('',(0.,-1.,0.));
#15579=DIRECTION('center_axis',(0.,0.,-1.));
#15580=DIRECTION('ref_axis',(0.,-1.,0.));
#15581=DIRECTION('',(-1.,0.,0.));
#15582=DIRECTION('center_axis',(0.,0.,-1.));
#15583=DIRECTION('ref_axis',(-1.,0.,0.));
#15584=DIRECTION('',(0.,1.,0.));
#15585=DIRECTION('center_axis',(0.,0.,-1.));
#15586=DIRECTION('ref_axis',(0.,1.,0.));
#15587=DIRECTION('',(1.,0.,0.));
#15588=DIRECTION('center_axis',(0.,0.,-1.));
#15589=DIRECTION('ref_axis',(1.,0.,0.));
#15590=DIRECTION('',(0.,-1.,0.));
#15591=DIRECTION('center_axis',(0.,0.,-1.));
#15592=DIRECTION('ref_axis',(0.,-1.,0.));
#15593=DIRECTION('',(-1.,0.,0.));
#15594=DIRECTION('center_axis',(0.,0.,-1.));
#15595=DIRECTION('ref_axis',(-1.,0.,0.));
#15596=DIRECTION('',(0.,1.,0.));
#15597=DIRECTION('center_axis',(0.,0.,-1.));
#15598=DIRECTION('ref_axis',(0.,1.,0.));
#15599=DIRECTION('',(1.,0.,0.));
#15600=DIRECTION('center_axis',(0.,0.,-1.));
#15601=DIRECTION('ref_axis',(1.,0.,0.));
#15602=DIRECTION('',(0.,-1.,0.));
#15603=DIRECTION('center_axis',(0.,0.,-1.));
#15604=DIRECTION('ref_axis',(0.,-1.,0.));
#15605=DIRECTION('',(-1.,0.,0.));
#15606=DIRECTION('center_axis',(0.,0.,-1.));
#15607=DIRECTION('ref_axis',(-1.,0.,0.));
#15608=DIRECTION('',(0.,1.,0.));
#15609=DIRECTION('center_axis',(0.,0.,-1.));
#15610=DIRECTION('ref_axis',(0.,1.,0.));
#15611=DIRECTION('',(1.,0.,0.));
#15612=DIRECTION('center_axis',(0.,0.,-1.));
#15613=DIRECTION('ref_axis',(1.,0.,0.));
#15614=DIRECTION('',(0.,-1.,0.));
#15615=DIRECTION('center_axis',(0.,0.,-1.));
#15616=DIRECTION('ref_axis',(0.,-1.,0.));
#15617=DIRECTION('',(-1.,0.,0.));
#15618=DIRECTION('center_axis',(0.,0.,-1.));
#15619=DIRECTION('ref_axis',(-1.,0.,0.));
#15620=DIRECTION('',(0.,1.,0.));
#15621=DIRECTION('center_axis',(0.,0.,-1.));
#15622=DIRECTION('ref_axis',(0.,1.,0.));
#15623=DIRECTION('',(1.,0.,0.));
#15624=DIRECTION('center_axis',(0.,0.,-1.));
#15625=DIRECTION('ref_axis',(1.,0.,0.));
#15626=DIRECTION('',(0.,-1.,0.));
#15627=DIRECTION('center_axis',(0.,0.,-1.));
#15628=DIRECTION('ref_axis',(0.,-1.,0.));
#15629=DIRECTION('',(-1.,0.,0.));
#15630=DIRECTION('center_axis',(0.,0.,-1.));
#15631=DIRECTION('ref_axis',(-1.,0.,0.));
#15632=DIRECTION('',(0.,1.,0.));
#15633=DIRECTION('center_axis',(0.,0.,-1.));
#15634=DIRECTION('ref_axis',(0.,1.,0.));
#15635=DIRECTION('',(1.,0.,0.));
#15636=DIRECTION('center_axis',(0.,0.,-1.));
#15637=DIRECTION('ref_axis',(1.,0.,0.));
#15638=DIRECTION('',(0.,-1.,0.));
#15639=DIRECTION('center_axis',(0.,0.,-1.));
#15640=DIRECTION('ref_axis',(0.,-1.,0.));
#15641=DIRECTION('',(-1.,0.,0.));
#15642=DIRECTION('center_axis',(0.,0.,-1.));
#15643=DIRECTION('ref_axis',(-1.,0.,0.));
#15644=DIRECTION('',(0.,1.,0.));
#15645=DIRECTION('center_axis',(0.,0.,-1.));
#15646=DIRECTION('ref_axis',(0.,1.,0.));
#15647=DIRECTION('',(1.,0.,0.));
#15648=DIRECTION('center_axis',(0.,0.,-1.));
#15649=DIRECTION('ref_axis',(1.,0.,0.));
#15650=DIRECTION('',(0.,-1.,0.));
#15651=DIRECTION('center_axis',(0.,0.,-1.));
#15652=DIRECTION('ref_axis',(0.,-1.,0.));
#15653=DIRECTION('',(-1.,0.,0.));
#15654=DIRECTION('center_axis',(0.,0.,-1.));
#15655=DIRECTION('ref_axis',(-1.,0.,0.));
#15656=DIRECTION('',(0.,1.,0.));
#15657=DIRECTION('center_axis',(0.,0.,-1.));
#15658=DIRECTION('ref_axis',(0.,1.,0.));
#15659=DIRECTION('',(1.,0.,0.));
#15660=DIRECTION('center_axis',(0.,0.,-1.));
#15661=DIRECTION('ref_axis',(1.,0.,0.));
#15662=DIRECTION('',(0.,-1.,0.));
#15663=DIRECTION('center_axis',(0.,0.,-1.));
#15664=DIRECTION('ref_axis',(0.,-1.,0.));
#15665=DIRECTION('',(-1.,0.,0.));
#15666=DIRECTION('center_axis',(0.,0.,-1.));
#15667=DIRECTION('ref_axis',(-1.,0.,0.));
#15668=DIRECTION('',(0.,1.,0.));
#15669=DIRECTION('center_axis',(0.,0.,-1.));
#15670=DIRECTION('ref_axis',(0.,1.,0.));
#15671=DIRECTION('',(1.,0.,0.));
#15672=DIRECTION('center_axis',(0.,0.,-1.));
#15673=DIRECTION('ref_axis',(1.,0.,0.));
#15674=DIRECTION('',(0.,-1.,0.));
#15675=DIRECTION('center_axis',(0.,0.,-1.));
#15676=DIRECTION('ref_axis',(0.,-1.,0.));
#15677=DIRECTION('',(-1.,0.,0.));
#15678=DIRECTION('center_axis',(0.,0.,-1.));
#15679=DIRECTION('ref_axis',(-1.,0.,0.));
#15680=DIRECTION('',(0.,1.,0.));
#15681=DIRECTION('center_axis',(0.,0.,-1.));
#15682=DIRECTION('ref_axis',(0.,1.,0.));
#15683=DIRECTION('',(1.,0.,0.));
#15684=DIRECTION('center_axis',(0.,0.,-1.));
#15685=DIRECTION('ref_axis',(1.,0.,0.));
#15686=DIRECTION('',(0.,-1.,0.));
#15687=DIRECTION('center_axis',(0.,0.,-1.));
#15688=DIRECTION('ref_axis',(0.,-1.,0.));
#15689=DIRECTION('',(-1.,0.,0.));
#15690=DIRECTION('center_axis',(0.,0.,-1.));
#15691=DIRECTION('ref_axis',(-1.,0.,0.));
#15692=DIRECTION('',(0.,1.,0.));
#15693=DIRECTION('center_axis',(0.,0.,-1.));
#15694=DIRECTION('ref_axis',(0.,1.,0.));
#15695=DIRECTION('',(1.,0.,0.));
#15696=DIRECTION('center_axis',(0.,0.,-1.));
#15697=DIRECTION('ref_axis',(1.,0.,0.));
#15698=DIRECTION('',(0.,-1.,0.));
#15699=DIRECTION('center_axis',(0.,0.,-1.));
#15700=DIRECTION('ref_axis',(0.,-1.,0.));
#15701=DIRECTION('',(-1.,0.,0.));
#15702=DIRECTION('center_axis',(0.,0.,-1.));
#15703=DIRECTION('ref_axis',(-1.,0.,0.));
#15704=DIRECTION('',(0.,1.,0.));
#15705=DIRECTION('center_axis',(0.,0.,-1.));
#15706=DIRECTION('ref_axis',(0.,1.,0.));
#15707=DIRECTION('',(1.,0.,0.));
#15708=DIRECTION('center_axis',(0.,0.,-1.));
#15709=DIRECTION('ref_axis',(1.,0.,0.));
#15710=DIRECTION('',(0.,-1.,0.));
#15711=DIRECTION('center_axis',(0.,0.,-1.));
#15712=DIRECTION('ref_axis',(0.,-1.,0.));
#15713=DIRECTION('',(-1.,0.,0.));
#15714=DIRECTION('center_axis',(0.,0.,-1.));
#15715=DIRECTION('ref_axis',(-1.,0.,0.));
#15716=DIRECTION('',(0.,1.,0.));
#15717=DIRECTION('center_axis',(0.,0.,-1.));
#15718=DIRECTION('ref_axis',(0.,1.,0.));
#15719=DIRECTION('',(1.,0.,0.));
#15720=DIRECTION('center_axis',(0.,0.,-1.));
#15721=DIRECTION('ref_axis',(1.,0.,0.));
#15722=DIRECTION('',(0.,-1.,0.));
#15723=DIRECTION('center_axis',(0.,0.,-1.));
#15724=DIRECTION('ref_axis',(0.,-1.,0.));
#15725=DIRECTION('',(-1.,0.,0.));
#15726=DIRECTION('center_axis',(0.,0.,-1.));
#15727=DIRECTION('ref_axis',(-1.,0.,0.));
#15728=DIRECTION('',(0.,1.,0.));
#15729=DIRECTION('center_axis',(0.,0.,-1.));
#15730=DIRECTION('ref_axis',(0.,1.,0.));
#15731=DIRECTION('',(1.,0.,0.));
#15732=DIRECTION('center_axis',(0.,0.,-1.));
#15733=DIRECTION('ref_axis',(1.,0.,0.));
#15734=DIRECTION('',(0.,-1.,0.));
#15735=DIRECTION('center_axis',(0.,0.,-1.));
#15736=DIRECTION('ref_axis',(0.,-1.,0.));
#15737=DIRECTION('',(-1.,0.,0.));
#15738=DIRECTION('center_axis',(0.,0.,-1.));
#15739=DIRECTION('ref_axis',(-1.,0.,0.));
#15740=DIRECTION('',(0.,1.,0.));
#15741=DIRECTION('center_axis',(0.,0.,-1.));
#15742=DIRECTION('ref_axis',(0.,1.,0.));
#15743=DIRECTION('',(1.,0.,0.));
#15744=DIRECTION('center_axis',(0.,0.,-1.));
#15745=DIRECTION('ref_axis',(1.,0.,0.));
#15746=DIRECTION('',(0.,-1.,0.));
#15747=DIRECTION('center_axis',(0.,0.,-1.));
#15748=DIRECTION('ref_axis',(0.,-1.,0.));
#15749=DIRECTION('',(-1.,0.,0.));
#15750=DIRECTION('center_axis',(0.,0.,-1.));
#15751=DIRECTION('ref_axis',(-1.,0.,0.));
#15752=DIRECTION('',(0.,1.,0.));
#15753=DIRECTION('center_axis',(0.,0.,-1.));
#15754=DIRECTION('ref_axis',(0.,1.,0.));
#15755=DIRECTION('',(1.,0.,0.));
#15756=DIRECTION('center_axis',(0.,0.,-1.));
#15757=DIRECTION('ref_axis',(1.,0.,0.));
#15758=DIRECTION('',(0.,-1.,0.));
#15759=DIRECTION('center_axis',(0.,0.,-1.));
#15760=DIRECTION('ref_axis',(0.,-1.,0.));
#15761=DIRECTION('',(-1.,0.,0.));
#15762=DIRECTION('center_axis',(0.,0.,-1.));
#15763=DIRECTION('ref_axis',(-1.,0.,0.));
#15764=DIRECTION('',(0.,1.,0.));
#15765=DIRECTION('center_axis',(0.,0.,-1.));
#15766=DIRECTION('ref_axis',(0.,1.,0.));
#15767=DIRECTION('',(1.,0.,0.));
#15768=DIRECTION('center_axis',(0.,0.,-1.));
#15769=DIRECTION('ref_axis',(1.,0.,0.));
#15770=DIRECTION('',(0.,-1.,0.));
#15771=DIRECTION('center_axis',(0.,0.,-1.));
#15772=DIRECTION('ref_axis',(0.,-1.,0.));
#15773=DIRECTION('',(-1.,0.,0.));
#15774=DIRECTION('center_axis',(0.,0.,-1.));
#15775=DIRECTION('ref_axis',(-1.,0.,0.));
#15776=DIRECTION('',(0.,1.,0.));
#15777=DIRECTION('center_axis',(0.,0.,-1.));
#15778=DIRECTION('ref_axis',(0.,1.,0.));
#15779=DIRECTION('',(1.,0.,0.));
#15780=DIRECTION('center_axis',(0.,0.,-1.));
#15781=DIRECTION('ref_axis',(1.,0.,0.));
#15782=DIRECTION('',(0.,-1.,0.));
#15783=DIRECTION('center_axis',(0.,0.,-1.));
#15784=DIRECTION('ref_axis',(0.,-1.,0.));
#15785=DIRECTION('',(-1.,0.,0.));
#15786=DIRECTION('center_axis',(0.,0.,-1.));
#15787=DIRECTION('ref_axis',(-1.,0.,0.));
#15788=DIRECTION('',(0.,1.,0.));
#15789=DIRECTION('center_axis',(0.,0.,-1.));
#15790=DIRECTION('ref_axis',(0.,1.,0.));
#15791=DIRECTION('',(1.,0.,0.));
#15792=DIRECTION('center_axis',(0.,0.,-1.));
#15793=DIRECTION('ref_axis',(1.,0.,0.));
#15794=DIRECTION('',(0.,-1.,0.));
#15795=DIRECTION('center_axis',(0.,0.,-1.));
#15796=DIRECTION('ref_axis',(0.,-1.,0.));
#15797=DIRECTION('',(-1.,0.,0.));
#15798=DIRECTION('center_axis',(0.,0.,-1.));
#15799=DIRECTION('ref_axis',(-1.,0.,0.));
#15800=DIRECTION('',(0.,1.,0.));
#15801=DIRECTION('center_axis',(0.,0.,-1.));
#15802=DIRECTION('ref_axis',(0.,1.,0.));
#15803=DIRECTION('',(1.,0.,0.));
#15804=DIRECTION('center_axis',(0.,0.,-1.));
#15805=DIRECTION('ref_axis',(1.,0.,0.));
#15806=DIRECTION('',(0.,-1.,0.));
#15807=DIRECTION('center_axis',(0.,0.,-1.));
#15808=DIRECTION('ref_axis',(0.,-1.,0.));
#15809=DIRECTION('',(-1.,0.,0.));
#15810=DIRECTION('center_axis',(0.,0.,-1.));
#15811=DIRECTION('ref_axis',(-1.,0.,0.));
#15812=DIRECTION('',(0.,1.,0.));
#15813=DIRECTION('center_axis',(0.,0.,-1.));
#15814=DIRECTION('ref_axis',(0.,1.,0.));
#15815=DIRECTION('',(1.,0.,0.));
#15816=DIRECTION('center_axis',(0.,0.,-1.));
#15817=DIRECTION('ref_axis',(1.,0.,0.));
#15818=DIRECTION('',(0.,-1.,0.));
#15819=DIRECTION('center_axis',(0.,0.,-1.));
#15820=DIRECTION('ref_axis',(0.,-1.,0.));
#15821=DIRECTION('',(-1.,0.,0.));
#15822=DIRECTION('center_axis',(0.,0.,-1.));
#15823=DIRECTION('ref_axis',(-1.,0.,0.));
#15824=DIRECTION('',(0.,1.,0.));
#15825=DIRECTION('center_axis',(0.,0.,-1.));
#15826=DIRECTION('ref_axis',(0.,1.,0.));
#15827=DIRECTION('',(1.,0.,0.));
#15828=DIRECTION('center_axis',(0.,0.,-1.));
#15829=DIRECTION('ref_axis',(1.,0.,0.));
#15830=DIRECTION('',(0.,-1.,0.));
#15831=DIRECTION('center_axis',(0.,0.,-1.));
#15832=DIRECTION('ref_axis',(0.,-1.,0.));
#15833=DIRECTION('',(-1.,0.,0.));
#15834=DIRECTION('center_axis',(0.,0.,-1.));
#15835=DIRECTION('ref_axis',(-1.,0.,0.));
#15836=DIRECTION('',(0.,1.,0.));
#15837=DIRECTION('center_axis',(0.,0.,-1.));
#15838=DIRECTION('ref_axis',(0.,1.,0.));
#15839=DIRECTION('',(1.,0.,0.));
#15840=DIRECTION('center_axis',(0.,0.,-1.));
#15841=DIRECTION('ref_axis',(1.,0.,0.));
#15842=DIRECTION('',(0.,-1.,0.));
#15843=DIRECTION('center_axis',(0.,0.,-1.));
#15844=DIRECTION('ref_axis',(0.,-1.,0.));
#15845=DIRECTION('',(-1.,0.,0.));
#15846=DIRECTION('center_axis',(0.,0.,-1.));
#15847=DIRECTION('ref_axis',(-1.,0.,0.));
#15848=DIRECTION('',(0.,1.,0.));
#15849=DIRECTION('center_axis',(0.,0.,-1.));
#15850=DIRECTION('ref_axis',(0.,1.,0.));
#15851=DIRECTION('',(1.,0.,0.));
#15852=DIRECTION('center_axis',(0.,0.,-1.));
#15853=DIRECTION('ref_axis',(1.,0.,0.));
#15854=DIRECTION('',(0.,-1.,0.));
#15855=DIRECTION('center_axis',(0.,0.,-1.));
#15856=DIRECTION('ref_axis',(0.,-1.,0.));
#15857=DIRECTION('',(-1.,0.,0.));
#15858=DIRECTION('center_axis',(0.,0.,-1.));
#15859=DIRECTION('ref_axis',(-1.,0.,0.));
#15860=DIRECTION('',(0.,1.,0.));
#15861=DIRECTION('center_axis',(0.,0.,-1.));
#15862=DIRECTION('ref_axis',(0.,1.,0.));
#15863=DIRECTION('',(1.,0.,0.));
#15864=DIRECTION('center_axis',(0.,0.,-1.));
#15865=DIRECTION('ref_axis',(1.,0.,0.));
#15866=DIRECTION('',(0.,-1.,0.));
#15867=DIRECTION('center_axis',(0.,0.,-1.));
#15868=DIRECTION('ref_axis',(0.,-1.,0.));
#15869=DIRECTION('',(-1.,0.,0.));
#15870=DIRECTION('center_axis',(0.,0.,-1.));
#15871=DIRECTION('ref_axis',(-1.,0.,0.));
#15872=DIRECTION('',(0.,1.,0.));
#15873=DIRECTION('center_axis',(0.,0.,-1.));
#15874=DIRECTION('ref_axis',(0.,1.,0.));
#15875=DIRECTION('',(1.,0.,0.));
#15876=DIRECTION('center_axis',(0.,0.,-1.));
#15877=DIRECTION('ref_axis',(1.,0.,0.));
#15878=DIRECTION('',(0.,-1.,0.));
#15879=DIRECTION('center_axis',(0.,0.,-1.));
#15880=DIRECTION('ref_axis',(0.,-1.,0.));
#15881=DIRECTION('',(-1.,0.,0.));
#15882=DIRECTION('center_axis',(0.,0.,-1.));
#15883=DIRECTION('ref_axis',(-1.,0.,0.));
#15884=DIRECTION('',(0.,1.,0.));
#15885=DIRECTION('center_axis',(0.,0.,-1.));
#15886=DIRECTION('ref_axis',(0.,1.,0.));
#15887=DIRECTION('',(1.,0.,0.));
#15888=DIRECTION('center_axis',(0.,0.,-1.));
#15889=DIRECTION('ref_axis',(1.,0.,0.));
#15890=DIRECTION('',(0.,-1.,0.));
#15891=DIRECTION('center_axis',(0.,0.,-1.));
#15892=DIRECTION('ref_axis',(0.,-1.,0.));
#15893=DIRECTION('',(-1.,0.,0.));
#15894=DIRECTION('center_axis',(0.,0.,-1.));
#15895=DIRECTION('ref_axis',(-1.,0.,0.));
#15896=DIRECTION('',(0.,1.,0.));
#15897=DIRECTION('center_axis',(0.,0.,-1.));
#15898=DIRECTION('ref_axis',(0.,1.,0.));
#15899=DIRECTION('',(1.,0.,0.));
#15900=DIRECTION('center_axis',(0.,0.,-1.));
#15901=DIRECTION('ref_axis',(1.,0.,0.));
#15902=DIRECTION('',(0.,-1.,0.));
#15903=DIRECTION('center_axis',(0.,0.,-1.));
#15904=DIRECTION('ref_axis',(0.,-1.,0.));
#15905=DIRECTION('',(-1.,0.,0.));
#15906=DIRECTION('center_axis',(0.,0.,-1.));
#15907=DIRECTION('ref_axis',(-1.,0.,0.));
#15908=DIRECTION('',(0.,1.,0.));
#15909=DIRECTION('center_axis',(0.,0.,-1.));
#15910=DIRECTION('ref_axis',(0.,1.,0.));
#15911=DIRECTION('',(1.,0.,0.));
#15912=DIRECTION('center_axis',(0.,0.,-1.));
#15913=DIRECTION('ref_axis',(1.,0.,0.));
#15914=DIRECTION('',(0.,-1.,0.));
#15915=DIRECTION('center_axis',(0.,0.,-1.));
#15916=DIRECTION('ref_axis',(0.,-1.,0.));
#15917=DIRECTION('',(-1.,0.,0.));
#15918=DIRECTION('center_axis',(0.,0.,-1.));
#15919=DIRECTION('ref_axis',(-1.,0.,0.));
#15920=DIRECTION('',(0.,1.,0.));
#15921=DIRECTION('center_axis',(0.,0.,-1.));
#15922=DIRECTION('ref_axis',(0.,1.,0.));
#15923=DIRECTION('',(1.,0.,0.));
#15924=DIRECTION('center_axis',(0.,0.,-1.));
#15925=DIRECTION('ref_axis',(1.,0.,0.));
#15926=DIRECTION('',(0.,-1.,0.));
#15927=DIRECTION('center_axis',(0.,0.,-1.));
#15928=DIRECTION('ref_axis',(0.,-1.,0.));
#15929=DIRECTION('',(-1.,0.,0.));
#15930=DIRECTION('center_axis',(0.,0.,-1.));
#15931=DIRECTION('ref_axis',(-1.,0.,0.));
#15932=DIRECTION('',(0.,1.,0.));
#15933=DIRECTION('center_axis',(0.,0.,-1.));
#15934=DIRECTION('ref_axis',(0.,1.,0.));
#15935=DIRECTION('',(1.,0.,0.));
#15936=DIRECTION('center_axis',(0.,0.,-1.));
#15937=DIRECTION('ref_axis',(1.,0.,0.));
#15938=DIRECTION('',(0.,-1.,0.));
#15939=DIRECTION('center_axis',(0.,0.,-1.));
#15940=DIRECTION('ref_axis',(0.,-1.,0.));
#15941=DIRECTION('',(-1.,0.,0.));
#15942=DIRECTION('center_axis',(0.,0.,-1.));
#15943=DIRECTION('ref_axis',(-1.,0.,0.));
#15944=DIRECTION('',(0.,1.,0.));
#15945=DIRECTION('center_axis',(0.,0.,-1.));
#15946=DIRECTION('ref_axis',(0.,1.,0.));
#15947=DIRECTION('',(1.,0.,0.));
#15948=DIRECTION('center_axis',(0.,0.,-1.));
#15949=DIRECTION('ref_axis',(1.,0.,0.));
#15950=DIRECTION('',(0.,-1.,0.));
#15951=DIRECTION('center_axis',(0.,0.,-1.));
#15952=DIRECTION('ref_axis',(0.,-1.,0.));
#15953=DIRECTION('',(-1.,0.,0.));
#15954=DIRECTION('center_axis',(0.,0.,-1.));
#15955=DIRECTION('ref_axis',(-1.,0.,0.));
#15956=DIRECTION('center_axis',(0.,0.,1.));
#15957=DIRECTION('ref_axis',(1.,0.,0.));
#15958=DIRECTION('center_axis',(0.,0.,1.));
#15959=DIRECTION('ref_axis',(0.,1.,0.));
#15960=DIRECTION('',(1.,0.,0.));
#15961=DIRECTION('',(0.,1.,0.));
#15962=DIRECTION('center_axis',(0.,0.,1.));
#15963=DIRECTION('ref_axis',(0.,1.,0.));
#15964=DIRECTION('',(1.,0.,0.));
#15965=DIRECTION('center_axis',(0.,0.,1.));
#15966=DIRECTION('ref_axis',(1.,0.,0.));
#15967=DIRECTION('',(0.,-1.,0.));
#15968=DIRECTION('',(0.,1.,0.));
#15969=DIRECTION('center_axis',(0.,0.,-1.));
#15970=DIRECTION('ref_axis',(0.,1.,0.));
#15971=DIRECTION('',(1.,0.,0.));
#15972=DIRECTION('center_axis',(0.,0.,-1.));
#15973=DIRECTION('ref_axis',(1.,0.,0.));
#15974=DIRECTION('',(0.,-1.,0.));
#15975=DIRECTION('center_axis',(0.,0.,1.));
#15976=DIRECTION('ref_axis',(0.,1.,0.));
#15977=DIRECTION('',(-1.,0.,0.));
#15978=DIRECTION('center_axis',(0.,0.,1.));
#15979=DIRECTION('ref_axis',(1.,0.,0.));
#15980=DIRECTION('',(0.,1.,0.));
#15981=DIRECTION('',(-1.,0.,0.));
#15982=DIRECTION('center_axis',(0.,0.,-1.));
#15983=DIRECTION('ref_axis',(1.,0.,0.));
#15984=DIRECTION('center_axis',(0.,0.,1.));
#15985=DIRECTION('ref_axis',(0.,1.,0.));
#15986=DIRECTION('',(0.,1.,0.));
#15987=DIRECTION('center_axis',(0.,0.,1.));
#15988=DIRECTION('ref_axis',(0.,-1.,0.));
#15989=DIRECTION('',(1.,0.,0.));
#15990=DIRECTION('center_axis',(0.,0.,1.));
#15991=DIRECTION('ref_axis',(0.,1.,0.));
#15992=DIRECTION('',(0.,1.,0.));
#15993=DIRECTION('center_axis',(0.,0.,1.));
#15994=DIRECTION('ref_axis',(0.,-1.,0.));
#15995=DIRECTION('',(1.,0.,0.));
#15996=DIRECTION('center_axis',(0.,0.,1.));
#15997=DIRECTION('ref_axis',(-1.,0.,0.));
#15998=DIRECTION('',(0.,-1.,0.));
#15999=DIRECTION('center_axis',(0.,0.,1.));
#16000=DIRECTION('ref_axis',(1.,0.,0.));
#16001=DIRECTION('',(1.,0.,0.));
#16002=DIRECTION('',(0.,-1.,0.));
#16003=DIRECTION('',(0.,-1.,0.));
#16004=DIRECTION('center_axis',(0.,0.,-1.));
#16005=DIRECTION('ref_axis',(0.,-1.,0.));
#16006=DIRECTION('',(-1.,0.,0.));
#16007=DIRECTION('center_axis',(0.,0.,-1.));
#16008=DIRECTION('ref_axis',(-1.,0.,0.));
#16009=DIRECTION('',(0.,-1.,0.));
#16010=DIRECTION('',(-1.,0.,0.));
#16011=DIRECTION('center_axis',(0.,0.,1.));
#16012=DIRECTION('ref_axis',(0.,1.,0.));
#16013=DIRECTION('',(0.,-1.,0.));
#16014=DIRECTION('center_axis',(0.,0.,1.));
#16015=DIRECTION('ref_axis',(0.,-1.,0.));
#16016=DIRECTION('',(-1.,0.,0.));
#16017=DIRECTION('center_axis',(0.,0.,1.));
#16018=DIRECTION('ref_axis',(-1.,0.,0.));
#16019=DIRECTION('',(0.,1.,0.));
#16020=DIRECTION('center_axis',(0.,0.,1.));
#16021=DIRECTION('ref_axis',(1.,0.,0.));
#16022=DIRECTION('',(-1.,0.,0.));
#16023=DIRECTION('center_axis',(0.,0.,1.));
#16024=DIRECTION('ref_axis',(-1.,0.,0.));
#16025=DIRECTION('',(0.,1.,0.));
#16026=DIRECTION('center_axis',(0.,0.,1.));
#16027=DIRECTION('ref_axis',(0.,1.,0.));
#16028=DIRECTION('',(0.,1.,0.));
#16029=DIRECTION('center_axis',(0.,0.,1.));
#16030=DIRECTION('ref_axis',(0.,-1.,0.));
#16031=DIRECTION('',(1.,0.,0.));
#16032=DIRECTION('center_axis',(0.,0.,1.));
#16033=DIRECTION('ref_axis',(0.,1.,0.));
#16034=DIRECTION('',(0.,1.,0.));
#16035=DIRECTION('center_axis',(0.,0.,1.));
#16036=DIRECTION('ref_axis',(0.,-1.,0.));
#16037=DIRECTION('',(1.,0.,0.));
#16038=DIRECTION('center_axis',(0.,0.,1.));
#16039=DIRECTION('ref_axis',(-1.,0.,0.));
#16040=DIRECTION('',(0.,-1.,0.));
#16041=DIRECTION('center_axis',(0.,0.,1.));
#16042=DIRECTION('ref_axis',(1.,0.,0.));
#16043=DIRECTION('',(1.,0.,0.));
#16044=DIRECTION('',(0.,-1.,0.));
#16045=DIRECTION('',(0.,-1.,0.));
#16046=DIRECTION('center_axis',(0.,0.,-1.));
#16047=DIRECTION('ref_axis',(0.,-1.,0.));
#16048=DIRECTION('',(-1.,0.,0.));
#16049=DIRECTION('center_axis',(0.,0.,-1.));
#16050=DIRECTION('ref_axis',(-1.,0.,0.));
#16051=DIRECTION('',(0.,-1.,0.));
#16052=DIRECTION('',(-1.,0.,0.));
#16053=DIRECTION('center_axis',(0.,0.,1.));
#16054=DIRECTION('ref_axis',(0.,1.,0.));
#16055=DIRECTION('',(0.,-1.,0.));
#16056=DIRECTION('center_axis',(0.,0.,1.));
#16057=DIRECTION('ref_axis',(0.,-1.,0.));
#16058=DIRECTION('',(-1.,0.,0.));
#16059=DIRECTION('center_axis',(0.,0.,1.));
#16060=DIRECTION('ref_axis',(-1.,0.,0.));
#16061=DIRECTION('',(0.,1.,0.));
#16062=DIRECTION('center_axis',(0.,0.,1.));
#16063=DIRECTION('ref_axis',(1.,0.,0.));
#16064=DIRECTION('',(-1.,0.,0.));
#16065=DIRECTION('center_axis',(0.,0.,1.));
#16066=DIRECTION('ref_axis',(-1.,0.,0.));
#16067=DIRECTION('',(0.,1.,0.));
#16068=DIRECTION('center_axis',(0.,0.,1.));
#16069=DIRECTION('ref_axis',(1.,0.,0.));
#16070=DIRECTION('center_axis',(0.,0.,1.));
#16071=DIRECTION('ref_axis',(0.,1.,0.));
#16072=DIRECTION('',(1.,0.,0.));
#16073=DIRECTION('',(0.,1.,0.));
#16074=DIRECTION('center_axis',(0.,0.,1.));
#16075=DIRECTION('ref_axis',(0.,1.,0.));
#16076=DIRECTION('',(1.,0.,0.));
#16077=DIRECTION('center_axis',(0.,0.,1.));
#16078=DIRECTION('ref_axis',(1.,0.,0.));
#16079=DIRECTION('',(0.,-1.,0.));
#16080=DIRECTION('',(0.,1.,0.));
#16081=DIRECTION('center_axis',(0.,0.,-1.));
#16082=DIRECTION('ref_axis',(0.,1.,0.));
#16083=DIRECTION('',(1.,0.,0.));
#16084=DIRECTION('center_axis',(0.,0.,-1.));
#16085=DIRECTION('ref_axis',(1.,0.,0.));
#16086=DIRECTION('',(0.,-1.,0.));
#16087=DIRECTION('center_axis',(0.,0.,1.));
#16088=DIRECTION('ref_axis',(0.,1.,0.));
#16089=DIRECTION('',(-1.,0.,0.));
#16090=DIRECTION('center_axis',(0.,0.,1.));
#16091=DIRECTION('ref_axis',(1.,0.,0.));
#16092=DIRECTION('',(0.,1.,0.));
#16093=DIRECTION('',(-1.,0.,0.));
#16094=DIRECTION('center_axis',(0.,0.,-1.));
#16095=DIRECTION('ref_axis',(1.,0.,0.));
#16096=DIRECTION('center_axis',(0.,0.,-1.));
#16097=DIRECTION('ref_axis',(0.,1.,0.));
#16098=DIRECTION('',(0.,0.,-1.));
#16099=DIRECTION('center_axis',(0.,0.,-1.));
#16100=DIRECTION('ref_axis',(0.,1.,0.));
#16101=DIRECTION('',(0.,0.,-1.));
#16102=DIRECTION('center_axis',(0.,0.,-1.));
#16103=DIRECTION('ref_axis',(0.,1.,0.));
#16104=DIRECTION('',(0.,0.,-1.));
#16105=DIRECTION('center_axis',(0.,0.,-1.));
#16106=DIRECTION('ref_axis',(0.,1.,0.));
#16107=DIRECTION('',(0.,0.,-1.));
#16108=DIRECTION('center_axis',(-1.,0.,0.));
#16109=DIRECTION('ref_axis',(0.,1.,0.));
#16110=DIRECTION('',(0.,0.,-1.));
#16111=DIRECTION('center_axis',(0.,0.,-1.));
#16112=DIRECTION('ref_axis',(0.,-1.,0.));
#16113=DIRECTION('',(0.,0.,-1.));
#16114=DIRECTION('center_axis',(0.,1.,0.));
#16115=DIRECTION('ref_axis',(1.,0.,0.));
#16116=DIRECTION('',(0.,0.,-1.));
#16117=DIRECTION('center_axis',(0.,0.,-1.));
#16118=DIRECTION('ref_axis',(0.,1.,0.));
#16119=DIRECTION('',(0.,0.,-1.));
#16120=DIRECTION('center_axis',(-1.,0.,0.));
#16121=DIRECTION('ref_axis',(0.,1.,0.));
#16122=DIRECTION('',(0.,0.,-1.));
#16123=DIRECTION('center_axis',(0.,0.,-1.));
#16124=DIRECTION('ref_axis',(0.,-1.,0.));
#16125=DIRECTION('',(0.,0.,-1.));
#16126=DIRECTION('center_axis',(0.,1.,0.));
#16127=DIRECTION('ref_axis',(1.,0.,0.));
#16128=DIRECTION('',(0.,0.,-1.));
#16129=DIRECTION('center_axis',(0.,0.,-1.));
#16130=DIRECTION('ref_axis',(-1.,0.,0.));
#16131=DIRECTION('',(0.,0.,-1.));
#16132=DIRECTION('center_axis',(1.,0.,0.));
#16133=DIRECTION('ref_axis',(0.,-1.,0.));
#16134=DIRECTION('',(0.,0.,-1.));
#16135=DIRECTION('center_axis',(0.,0.,-1.));
#16136=DIRECTION('ref_axis',(1.,0.,0.));
#16137=DIRECTION('',(0.,0.,-1.));
#16138=DIRECTION('center_axis',(0.,1.,0.));
#16139=DIRECTION('ref_axis',(1.,0.,0.));
#16140=DIRECTION('',(0.,0.,-1.));
#16141=DIRECTION('center_axis',(1.,0.,0.));
#16142=DIRECTION('ref_axis',(0.,-1.,0.));
#16143=DIRECTION('center_axis',(-1.,0.,0.));
#16144=DIRECTION('ref_axis',(0.,1.,0.));
#16145=DIRECTION('',(0.,0.,-1.));
#16146=DIRECTION('center_axis',(0.,1.,0.));
#16147=DIRECTION('ref_axis',(1.,0.,0.));
#16148=DIRECTION('',(0.,0.,-1.));
#16149=DIRECTION('center_axis',(0.,0.,-1.));
#16150=DIRECTION('ref_axis',(0.,1.,0.));
#16151=DIRECTION('',(0.,0.,-1.));
#16152=DIRECTION('center_axis',(-1.,0.,0.));
#16153=DIRECTION('ref_axis',(0.,1.,0.));
#16154=DIRECTION('',(0.,0.,-1.));
#16155=DIRECTION('center_axis',(0.,0.,-1.));
#16156=DIRECTION('ref_axis',(0.,-1.,0.));
#16157=DIRECTION('',(0.,0.,-1.));
#16158=DIRECTION('center_axis',(0.,1.,0.));
#16159=DIRECTION('ref_axis',(1.,0.,0.));
#16160=DIRECTION('',(0.,0.,-1.));
#16161=DIRECTION('center_axis',(0.,0.,-1.));
#16162=DIRECTION('ref_axis',(-1.,0.,0.));
#16163=DIRECTION('',(0.,0.,-1.));
#16164=DIRECTION('center_axis',(1.,0.,0.));
#16165=DIRECTION('ref_axis',(0.,-1.,0.));
#16166=DIRECTION('',(0.,0.,-1.));
#16167=DIRECTION('center_axis',(0.,0.,-1.));
#16168=DIRECTION('ref_axis',(1.,0.,0.));
#16169=DIRECTION('',(0.,0.,-1.));
#16170=DIRECTION('center_axis',(0.,1.,0.));
#16171=DIRECTION('ref_axis',(1.,0.,0.));
#16172=DIRECTION('',(0.,0.,-1.));
#16173=DIRECTION('center_axis',(0.,0.,-1.));
#16174=DIRECTION('ref_axis',(-1.,0.,0.));
#16175=DIRECTION('',(0.,0.,-1.));
#16176=DIRECTION('center_axis',(1.,0.,0.));
#16177=DIRECTION('ref_axis',(0.,-1.,0.));
#16178=DIRECTION('',(0.,0.,-1.));
#16179=DIRECTION('center_axis',(0.,0.,-1.));
#16180=DIRECTION('ref_axis',(1.,0.,0.));
#16181=DIRECTION('center_axis',(0.,-1.,0.));
#16182=DIRECTION('ref_axis',(-1.,0.,0.));
#16183=DIRECTION('',(0.,0.,-1.));
#16184=DIRECTION('center_axis',(1.,0.,0.));
#16185=DIRECTION('ref_axis',(0.,-1.,0.));
#16186=DIRECTION('',(0.,0.,-1.));
#16187=DIRECTION('center_axis',(0.,0.,-1.));
#16188=DIRECTION('ref_axis',(0.,1.,0.));
#16189=DIRECTION('',(0.,0.,-1.));
#16190=DIRECTION('center_axis',(0.,-1.,0.));
#16191=DIRECTION('ref_axis',(-1.,0.,0.));
#16192=DIRECTION('',(0.,0.,-1.));
#16193=DIRECTION('center_axis',(0.,0.,-1.));
#16194=DIRECTION('ref_axis',(1.,0.,0.));
#16195=DIRECTION('',(0.,0.,-1.));
#16196=DIRECTION('center_axis',(-1.,0.,0.));
#16197=DIRECTION('ref_axis',(0.,1.,0.));
#16198=DIRECTION('center_axis',(1.,0.,0.));
#16199=DIRECTION('ref_axis',(0.,-1.,0.));
#16200=DIRECTION('',(0.,0.,-1.));
#16201=DIRECTION('center_axis',(0.,0.,-1.));
#16202=DIRECTION('ref_axis',(0.,1.,0.));
#16203=DIRECTION('',(0.,0.,-1.));
#16204=DIRECTION('center_axis',(0.,-1.,0.));
#16205=DIRECTION('ref_axis',(-1.,0.,0.));
#16206=DIRECTION('',(0.,0.,-1.));
#16207=DIRECTION('center_axis',(0.,0.,-1.));
#16208=DIRECTION('ref_axis',(1.,0.,0.));
#16209=DIRECTION('',(0.,0.,-1.));
#16210=DIRECTION('center_axis',(-1.,0.,0.));
#16211=DIRECTION('ref_axis',(0.,1.,0.));
#16212=DIRECTION('',(0.,0.,-1.));
#16213=DIRECTION('center_axis',(0.,-1.,0.));
#16214=DIRECTION('ref_axis',(-1.,0.,0.));
#16215=DIRECTION('',(0.,0.,-1.));
#16216=DIRECTION('center_axis',(0.,0.,-1.));
#16217=DIRECTION('ref_axis',(1.,0.,0.));
#16218=DIRECTION('center_axis',(-1.,0.,0.));
#16219=DIRECTION('ref_axis',(0.,1.,0.));
#16220=DIRECTION('',(0.,0.,-1.));
#16221=DIRECTION('center_axis',(0.,1.,0.));
#16222=DIRECTION('ref_axis',(1.,0.,0.));
#16223=DIRECTION('',(0.,0.,-1.));
#16224=DIRECTION('center_axis',(0.,0.,-1.));
#16225=DIRECTION('ref_axis',(0.,1.,0.));
#16226=DIRECTION('',(0.,0.,-1.));
#16227=DIRECTION('center_axis',(-1.,0.,0.));
#16228=DIRECTION('ref_axis',(0.,1.,0.));
#16229=DIRECTION('',(0.,0.,-1.));
#16230=DIRECTION('center_axis',(0.,0.,-1.));
#16231=DIRECTION('ref_axis',(0.,-1.,0.));
#16232=DIRECTION('',(0.,0.,-1.));
#16233=DIRECTION('center_axis',(0.,1.,0.));
#16234=DIRECTION('ref_axis',(1.,0.,0.));
#16235=DIRECTION('',(0.,0.,-1.));
#16236=DIRECTION('center_axis',(0.,0.,-1.));
#16237=DIRECTION('ref_axis',(-1.,0.,0.));
#16238=DIRECTION('',(0.,0.,-1.));
#16239=DIRECTION('center_axis',(1.,0.,0.));
#16240=DIRECTION('ref_axis',(0.,-1.,0.));
#16241=DIRECTION('',(0.,0.,-1.));
#16242=DIRECTION('center_axis',(0.,0.,-1.));
#16243=DIRECTION('ref_axis',(1.,0.,0.));
#16244=DIRECTION('',(0.,0.,-1.));
#16245=DIRECTION('center_axis',(0.,1.,0.));
#16246=DIRECTION('ref_axis',(1.,0.,0.));
#16247=DIRECTION('',(0.,0.,-1.));
#16248=DIRECTION('center_axis',(0.,0.,-1.));
#16249=DIRECTION('ref_axis',(-1.,0.,0.));
#16250=DIRECTION('',(0.,0.,-1.));
#16251=DIRECTION('center_axis',(1.,0.,0.));
#16252=DIRECTION('ref_axis',(0.,-1.,0.));
#16253=DIRECTION('',(0.,0.,-1.));
#16254=DIRECTION('center_axis',(0.,0.,-1.));
#16255=DIRECTION('ref_axis',(1.,0.,0.));
#16256=DIRECTION('center_axis',(0.,-1.,0.));
#16257=DIRECTION('ref_axis',(-1.,0.,0.));
#16258=DIRECTION('',(0.,0.,-1.));
#16259=DIRECTION('center_axis',(1.,0.,0.));
#16260=DIRECTION('ref_axis',(0.,-1.,0.));
#16261=DIRECTION('',(0.,0.,-1.));
#16262=DIRECTION('center_axis',(0.,0.,-1.));
#16263=DIRECTION('ref_axis',(0.,1.,0.));
#16264=DIRECTION('',(0.,0.,-1.));
#16265=DIRECTION('center_axis',(0.,-1.,0.));
#16266=DIRECTION('ref_axis',(-1.,0.,0.));
#16267=DIRECTION('',(0.,0.,-1.));
#16268=DIRECTION('center_axis',(0.,0.,-1.));
#16269=DIRECTION('ref_axis',(1.,0.,0.));
#16270=DIRECTION('',(0.,0.,-1.));
#16271=DIRECTION('center_axis',(-1.,0.,0.));
#16272=DIRECTION('ref_axis',(0.,1.,0.));
#16273=DIRECTION('center_axis',(1.,0.,0.));
#16274=DIRECTION('ref_axis',(0.,-1.,0.));
#16275=DIRECTION('',(0.,0.,-1.));
#16276=DIRECTION('center_axis',(0.,0.,-1.));
#16277=DIRECTION('ref_axis',(0.,1.,0.));
#16278=DIRECTION('',(0.,0.,-1.));
#16279=DIRECTION('center_axis',(0.,-1.,0.));
#16280=DIRECTION('ref_axis',(-1.,0.,0.));
#16281=DIRECTION('',(0.,0.,-1.));
#16282=DIRECTION('center_axis',(0.,0.,-1.));
#16283=DIRECTION('ref_axis',(1.,0.,0.));
#16284=DIRECTION('',(0.,0.,-1.));
#16285=DIRECTION('center_axis',(-1.,0.,0.));
#16286=DIRECTION('ref_axis',(0.,1.,0.));
#16287=DIRECTION('',(0.,0.,-1.));
#16288=DIRECTION('center_axis',(0.,-1.,0.));
#16289=DIRECTION('ref_axis',(-1.,0.,0.));
#16290=DIRECTION('',(0.,0.,-1.));
#16291=DIRECTION('center_axis',(0.,0.,-1.));
#16292=DIRECTION('ref_axis',(1.,0.,0.));
#16293=DIRECTION('center_axis',(-1.,0.,0.));
#16294=DIRECTION('ref_axis',(0.,1.,0.));
#16295=DIRECTION('',(0.,0.,-1.));
#16296=DIRECTION('center_axis',(0.,0.,-1.));
#16297=DIRECTION('ref_axis',(0.,-1.,0.));
#16298=DIRECTION('',(0.,0.,-1.));
#16299=DIRECTION('center_axis',(0.,1.,0.));
#16300=DIRECTION('ref_axis',(1.,0.,0.));
#16301=DIRECTION('',(0.,0.,-1.));
#16302=DIRECTION('center_axis',(0.,0.,-1.));
#16303=DIRECTION('ref_axis',(0.,1.,0.));
#16304=DIRECTION('',(0.,0.,-1.));
#16305=DIRECTION('center_axis',(-1.,0.,0.));
#16306=DIRECTION('ref_axis',(0.,1.,0.));
#16307=DIRECTION('',(0.,0.,-1.));
#16308=DIRECTION('center_axis',(0.,0.,-1.));
#16309=DIRECTION('ref_axis',(0.,-1.,0.));
#16310=DIRECTION('',(0.,0.,-1.));
#16311=DIRECTION('center_axis',(0.,1.,0.));
#16312=DIRECTION('ref_axis',(1.,0.,0.));
#16313=DIRECTION('',(0.,0.,-1.));
#16314=DIRECTION('center_axis',(0.,0.,-1.));
#16315=DIRECTION('ref_axis',(-1.,0.,0.));
#16316=DIRECTION('',(0.,0.,-1.));
#16317=DIRECTION('center_axis',(1.,0.,0.));
#16318=DIRECTION('ref_axis',(0.,-1.,0.));
#16319=DIRECTION('',(0.,0.,-1.));
#16320=DIRECTION('center_axis',(0.,0.,-1.));
#16321=DIRECTION('ref_axis',(1.,0.,0.));
#16322=DIRECTION('',(0.,0.,-1.));
#16323=DIRECTION('center_axis',(0.,1.,0.));
#16324=DIRECTION('ref_axis',(1.,0.,0.));
#16325=DIRECTION('',(0.,0.,-1.));
#16326=DIRECTION('center_axis',(1.,0.,0.));
#16327=DIRECTION('ref_axis',(0.,-1.,0.));
#16328=DIRECTION('center_axis',(-1.,0.,0.));
#16329=DIRECTION('ref_axis',(0.,1.,0.));
#16330=DIRECTION('',(0.,0.,-1.));
#16331=DIRECTION('center_axis',(-1.,0.,0.));
#16332=DIRECTION('ref_axis',(0.,1.,0.));
#16333=DIRECTION('',(0.,0.,-1.));
#16334=DIRECTION('center_axis',(-1.,0.,0.));
#16335=DIRECTION('ref_axis',(0.,1.,0.));
#16336=DIRECTION('',(0.,0.,-1.));
#16337=DIRECTION('',(0.,0.,-1.));
#16338=DIRECTION('center_axis',(0.,0.,-1.));
#16339=DIRECTION('ref_axis',(-1.,0.,0.));
#16340=DIRECTION('',(0.,0.,-1.));
#16341=DIRECTION('center_axis',(0.,-1.,0.));
#16342=DIRECTION('ref_axis',(-1.,0.,0.));
#16343=DIRECTION('',(0.,0.,-1.));
#16344=DIRECTION('center_axis',(0.,0.,-1.));
#16345=DIRECTION('ref_axis',(0.,-1.,0.));
#16346=DIRECTION('',(0.,0.,-1.));
#16347=DIRECTION('center_axis',(1.,0.,0.));
#16348=DIRECTION('ref_axis',(0.,-1.,0.));
#16349=DIRECTION('',(0.,0.,-1.));
#16350=DIRECTION('center_axis',(0.,0.,-1.));
#16351=DIRECTION('ref_axis',(1.,0.,0.));
#16352=DIRECTION('',(0.,0.,-1.));
#16353=DIRECTION('center_axis',(0.,1.,0.));
#16354=DIRECTION('ref_axis',(1.,0.,0.));
#16355=DIRECTION('',(0.,0.,-1.));
#16356=DIRECTION('center_axis',(0.,0.,-1.));
#16357=DIRECTION('ref_axis',(0.,1.,0.));
#16358=DIRECTION('center_axis',(-1.,0.,0.));
#16359=DIRECTION('ref_axis',(0.,1.,0.));
#16360=DIRECTION('',(0.,0.,-1.));
#16361=DIRECTION('',(0.,0.,-1.));
#16362=DIRECTION('center_axis',(0.,0.,-1.));
#16363=DIRECTION('ref_axis',(-1.,0.,0.));
#16364=DIRECTION('',(0.,0.,-1.));
#16365=DIRECTION('center_axis',(0.,-1.,0.));
#16366=DIRECTION('ref_axis',(-1.,0.,0.));
#16367=DIRECTION('',(0.,0.,-1.));
#16368=DIRECTION('center_axis',(0.,0.,-1.));
#16369=DIRECTION('ref_axis',(0.,-1.,0.));
#16370=DIRECTION('',(0.,0.,-1.));
#16371=DIRECTION('center_axis',(1.,0.,0.));
#16372=DIRECTION('ref_axis',(0.,-1.,0.));
#16373=DIRECTION('',(0.,0.,-1.));
#16374=DIRECTION('center_axis',(0.,0.,-1.));
#16375=DIRECTION('ref_axis',(1.,0.,0.));
#16376=DIRECTION('',(0.,0.,-1.));
#16377=DIRECTION('center_axis',(0.,1.,0.));
#16378=DIRECTION('ref_axis',(1.,0.,0.));
#16379=DIRECTION('',(0.,0.,-1.));
#16380=DIRECTION('center_axis',(0.,0.,-1.));
#16381=DIRECTION('ref_axis',(0.,1.,0.));
#16382=DIRECTION('center_axis',(-1.,0.,0.));
#16383=DIRECTION('ref_axis',(0.,1.,0.));
#16384=DIRECTION('',(0.,0.,-1.));
#16385=DIRECTION('',(0.,0.,-1.));
#16386=DIRECTION('center_axis',(0.,0.,-1.));
#16387=DIRECTION('ref_axis',(-1.,0.,0.));
#16388=DIRECTION('',(0.,0.,-1.));
#16389=DIRECTION('center_axis',(0.,-1.,0.));
#16390=DIRECTION('ref_axis',(-1.,0.,0.));
#16391=DIRECTION('',(0.,0.,-1.));
#16392=DIRECTION('center_axis',(0.,0.,-1.));
#16393=DIRECTION('ref_axis',(0.,-1.,0.));
#16394=DIRECTION('',(0.,0.,-1.));
#16395=DIRECTION('center_axis',(1.,0.,0.));
#16396=DIRECTION('ref_axis',(0.,-1.,0.));
#16397=DIRECTION('',(0.,0.,-1.));
#16398=DIRECTION('center_axis',(0.,0.,-1.));
#16399=DIRECTION('ref_axis',(1.,0.,0.));
#16400=DIRECTION('',(0.,0.,-1.));
#16401=DIRECTION('center_axis',(0.,1.,0.));
#16402=DIRECTION('ref_axis',(1.,0.,0.));
#16403=DIRECTION('',(0.,0.,-1.));
#16404=DIRECTION('center_axis',(0.,0.,-1.));
#16405=DIRECTION('ref_axis',(0.,1.,0.));
#16406=DIRECTION('center_axis',(-1.,0.,0.));
#16407=DIRECTION('ref_axis',(0.,1.,0.));
#16408=DIRECTION('',(0.,0.,-1.));
#16409=DIRECTION('',(0.,0.,-1.));
#16410=DIRECTION('center_axis',(0.,0.,-1.));
#16411=DIRECTION('ref_axis',(-1.,0.,0.));
#16412=DIRECTION('',(0.,0.,-1.));
#16413=DIRECTION('center_axis',(0.,-1.,0.));
#16414=DIRECTION('ref_axis',(-1.,0.,0.));
#16415=DIRECTION('',(0.,0.,-1.));
#16416=DIRECTION('center_axis',(0.,0.,-1.));
#16417=DIRECTION('ref_axis',(0.,-1.,0.));
#16418=DIRECTION('',(0.,0.,-1.));
#16419=DIRECTION('center_axis',(1.,0.,0.));
#16420=DIRECTION('ref_axis',(0.,-1.,0.));
#16421=DIRECTION('',(0.,0.,-1.));
#16422=DIRECTION('center_axis',(0.,0.,-1.));
#16423=DIRECTION('ref_axis',(1.,0.,0.));
#16424=DIRECTION('',(0.,0.,-1.));
#16425=DIRECTION('center_axis',(0.,1.,0.));
#16426=DIRECTION('ref_axis',(1.,0.,0.));
#16427=DIRECTION('',(0.,0.,-1.));
#16428=DIRECTION('center_axis',(0.,0.,-1.));
#16429=DIRECTION('ref_axis',(0.,1.,0.));
#16430=DIRECTION('center_axis',(-1.,0.,0.));
#16431=DIRECTION('ref_axis',(0.,1.,0.));
#16432=DIRECTION('',(0.,0.,-1.));
#16433=DIRECTION('',(0.,0.,-1.));
#16434=DIRECTION('center_axis',(0.,0.,-1.));
#16435=DIRECTION('ref_axis',(-1.,0.,0.));
#16436=DIRECTION('',(0.,0.,-1.));
#16437=DIRECTION('center_axis',(0.,-1.,0.));
#16438=DIRECTION('ref_axis',(-1.,0.,0.));
#16439=DIRECTION('',(0.,0.,-1.));
#16440=DIRECTION('center_axis',(0.,0.,-1.));
#16441=DIRECTION('ref_axis',(0.,-1.,0.));
#16442=DIRECTION('',(0.,0.,-1.));
#16443=DIRECTION('center_axis',(1.,0.,0.));
#16444=DIRECTION('ref_axis',(0.,-1.,0.));
#16445=DIRECTION('',(0.,0.,-1.));
#16446=DIRECTION('center_axis',(0.,0.,-1.));
#16447=DIRECTION('ref_axis',(1.,0.,0.));
#16448=DIRECTION('',(0.,0.,-1.));
#16449=DIRECTION('center_axis',(0.,1.,0.));
#16450=DIRECTION('ref_axis',(1.,0.,0.));
#16451=DIRECTION('',(0.,0.,-1.));
#16452=DIRECTION('center_axis',(0.,0.,-1.));
#16453=DIRECTION('ref_axis',(0.,1.,0.));
#16454=DIRECTION('center_axis',(-1.,0.,0.));
#16455=DIRECTION('ref_axis',(0.,1.,0.));
#16456=DIRECTION('',(0.,0.,-1.));
#16457=DIRECTION('',(0.,0.,-1.));
#16458=DIRECTION('center_axis',(0.,0.,-1.));
#16459=DIRECTION('ref_axis',(-1.,0.,0.));
#16460=DIRECTION('',(0.,0.,-1.));
#16461=DIRECTION('center_axis',(0.,-1.,0.));
#16462=DIRECTION('ref_axis',(-1.,0.,0.));
#16463=DIRECTION('',(0.,0.,-1.));
#16464=DIRECTION('center_axis',(0.,0.,-1.));
#16465=DIRECTION('ref_axis',(0.,-1.,0.));
#16466=DIRECTION('',(0.,0.,-1.));
#16467=DIRECTION('center_axis',(1.,0.,0.));
#16468=DIRECTION('ref_axis',(0.,-1.,0.));
#16469=DIRECTION('',(0.,0.,-1.));
#16470=DIRECTION('center_axis',(0.,0.,-1.));
#16471=DIRECTION('ref_axis',(1.,0.,0.));
#16472=DIRECTION('',(0.,0.,-1.));
#16473=DIRECTION('center_axis',(0.,1.,0.));
#16474=DIRECTION('ref_axis',(1.,0.,0.));
#16475=DIRECTION('',(0.,0.,-1.));
#16476=DIRECTION('center_axis',(0.,0.,-1.));
#16477=DIRECTION('ref_axis',(0.,1.,0.));
#16478=DIRECTION('center_axis',(-1.,0.,0.));
#16479=DIRECTION('ref_axis',(0.,1.,0.));
#16480=DIRECTION('',(0.,0.,-1.));
#16481=DIRECTION('',(0.,0.,-1.));
#16482=DIRECTION('center_axis',(0.,0.,-1.));
#16483=DIRECTION('ref_axis',(-1.,0.,0.));
#16484=DIRECTION('',(0.,0.,-1.));
#16485=DIRECTION('center_axis',(0.,-1.,0.));
#16486=DIRECTION('ref_axis',(-1.,0.,0.));
#16487=DIRECTION('',(0.,0.,-1.));
#16488=DIRECTION('center_axis',(0.,0.,-1.));
#16489=DIRECTION('ref_axis',(0.,-1.,0.));
#16490=DIRECTION('',(0.,0.,-1.));
#16491=DIRECTION('center_axis',(1.,0.,0.));
#16492=DIRECTION('ref_axis',(0.,-1.,0.));
#16493=DIRECTION('',(0.,0.,-1.));
#16494=DIRECTION('center_axis',(0.,0.,-1.));
#16495=DIRECTION('ref_axis',(1.,0.,0.));
#16496=DIRECTION('',(0.,0.,-1.));
#16497=DIRECTION('center_axis',(0.,1.,0.));
#16498=DIRECTION('ref_axis',(1.,0.,0.));
#16499=DIRECTION('',(0.,0.,-1.));
#16500=DIRECTION('center_axis',(0.,0.,-1.));
#16501=DIRECTION('ref_axis',(0.,1.,0.));
#16502=DIRECTION('center_axis',(-1.,0.,0.));
#16503=DIRECTION('ref_axis',(0.,1.,0.));
#16504=DIRECTION('',(0.,0.,-1.));
#16505=DIRECTION('',(0.,0.,-1.));
#16506=DIRECTION('center_axis',(0.,0.,-1.));
#16507=DIRECTION('ref_axis',(-1.,0.,0.));
#16508=DIRECTION('',(0.,0.,-1.));
#16509=DIRECTION('center_axis',(0.,-1.,0.));
#16510=DIRECTION('ref_axis',(-1.,0.,0.));
#16511=DIRECTION('',(0.,0.,-1.));
#16512=DIRECTION('center_axis',(0.,0.,-1.));
#16513=DIRECTION('ref_axis',(0.,-1.,0.));
#16514=DIRECTION('',(0.,0.,-1.));
#16515=DIRECTION('center_axis',(1.,0.,0.));
#16516=DIRECTION('ref_axis',(0.,-1.,0.));
#16517=DIRECTION('',(0.,0.,-1.));
#16518=DIRECTION('center_axis',(0.,0.,-1.));
#16519=DIRECTION('ref_axis',(1.,0.,0.));
#16520=DIRECTION('',(0.,0.,-1.));
#16521=DIRECTION('center_axis',(0.,1.,0.));
#16522=DIRECTION('ref_axis',(1.,0.,0.));
#16523=DIRECTION('',(0.,0.,-1.));
#16524=DIRECTION('center_axis',(0.,0.,-1.));
#16525=DIRECTION('ref_axis',(0.,1.,0.));
#16526=DIRECTION('center_axis',(-1.,0.,0.));
#16527=DIRECTION('ref_axis',(0.,1.,0.));
#16528=DIRECTION('',(0.,0.,-1.));
#16529=DIRECTION('',(0.,0.,-1.));
#16530=DIRECTION('center_axis',(0.,0.,-1.));
#16531=DIRECTION('ref_axis',(-1.,0.,0.));
#16532=DIRECTION('',(0.,0.,-1.));
#16533=DIRECTION('center_axis',(0.,-1.,0.));
#16534=DIRECTION('ref_axis',(-1.,0.,0.));
#16535=DIRECTION('',(0.,0.,-1.));
#16536=DIRECTION('center_axis',(0.,0.,-1.));
#16537=DIRECTION('ref_axis',(0.,-1.,0.));
#16538=DIRECTION('',(0.,0.,-1.));
#16539=DIRECTION('center_axis',(1.,0.,0.));
#16540=DIRECTION('ref_axis',(0.,-1.,0.));
#16541=DIRECTION('',(0.,0.,-1.));
#16542=DIRECTION('center_axis',(0.,0.,-1.));
#16543=DIRECTION('ref_axis',(1.,0.,0.));
#16544=DIRECTION('',(0.,0.,-1.));
#16545=DIRECTION('center_axis',(0.,1.,0.));
#16546=DIRECTION('ref_axis',(1.,0.,0.));
#16547=DIRECTION('',(0.,0.,-1.));
#16548=DIRECTION('center_axis',(0.,0.,-1.));
#16549=DIRECTION('ref_axis',(0.,1.,0.));
#16550=DIRECTION('center_axis',(-1.,0.,0.));
#16551=DIRECTION('ref_axis',(0.,1.,0.));
#16552=DIRECTION('',(0.,0.,-1.));
#16553=DIRECTION('',(0.,0.,-1.));
#16554=DIRECTION('center_axis',(0.,0.,-1.));
#16555=DIRECTION('ref_axis',(-1.,0.,0.));
#16556=DIRECTION('',(0.,0.,-1.));
#16557=DIRECTION('center_axis',(0.,-1.,0.));
#16558=DIRECTION('ref_axis',(-1.,0.,0.));
#16559=DIRECTION('',(0.,0.,-1.));
#16560=DIRECTION('center_axis',(0.,0.,-1.));
#16561=DIRECTION('ref_axis',(0.,-1.,0.));
#16562=DIRECTION('',(0.,0.,-1.));
#16563=DIRECTION('center_axis',(1.,0.,0.));
#16564=DIRECTION('ref_axis',(0.,-1.,0.));
#16565=DIRECTION('',(0.,0.,-1.));
#16566=DIRECTION('center_axis',(0.,0.,-1.));
#16567=DIRECTION('ref_axis',(1.,0.,0.));
#16568=DIRECTION('',(0.,0.,-1.));
#16569=DIRECTION('center_axis',(0.,1.,0.));
#16570=DIRECTION('ref_axis',(1.,0.,0.));
#16571=DIRECTION('',(0.,0.,-1.));
#16572=DIRECTION('center_axis',(0.,0.,-1.));
#16573=DIRECTION('ref_axis',(0.,1.,0.));
#16574=DIRECTION('center_axis',(-1.,0.,0.));
#16575=DIRECTION('ref_axis',(0.,1.,0.));
#16576=DIRECTION('',(0.,0.,-1.));
#16577=DIRECTION('',(0.,0.,-1.));
#16578=DIRECTION('center_axis',(0.,0.,-1.));
#16579=DIRECTION('ref_axis',(-1.,0.,0.));
#16580=DIRECTION('',(0.,0.,-1.));
#16581=DIRECTION('center_axis',(0.,-1.,0.));
#16582=DIRECTION('ref_axis',(-1.,0.,0.));
#16583=DIRECTION('',(0.,0.,-1.));
#16584=DIRECTION('center_axis',(0.,0.,-1.));
#16585=DIRECTION('ref_axis',(0.,-1.,0.));
#16586=DIRECTION('',(0.,0.,-1.));
#16587=DIRECTION('center_axis',(1.,0.,0.));
#16588=DIRECTION('ref_axis',(0.,-1.,0.));
#16589=DIRECTION('',(0.,0.,-1.));
#16590=DIRECTION('center_axis',(0.,0.,-1.));
#16591=DIRECTION('ref_axis',(1.,0.,0.));
#16592=DIRECTION('',(0.,0.,-1.));
#16593=DIRECTION('center_axis',(0.,1.,0.));
#16594=DIRECTION('ref_axis',(1.,0.,0.));
#16595=DIRECTION('',(0.,0.,-1.));
#16596=DIRECTION('center_axis',(0.,0.,-1.));
#16597=DIRECTION('ref_axis',(0.,1.,0.));
#16598=DIRECTION('center_axis',(-1.,0.,0.));
#16599=DIRECTION('ref_axis',(0.,1.,0.));
#16600=DIRECTION('',(0.,0.,-1.));
#16601=DIRECTION('',(0.,0.,-1.));
#16602=DIRECTION('center_axis',(0.,0.,-1.));
#16603=DIRECTION('ref_axis',(-1.,0.,0.));
#16604=DIRECTION('',(0.,0.,-1.));
#16605=DIRECTION('center_axis',(0.,-1.,0.));
#16606=DIRECTION('ref_axis',(-1.,0.,0.));
#16607=DIRECTION('',(0.,0.,-1.));
#16608=DIRECTION('center_axis',(0.,0.,-1.));
#16609=DIRECTION('ref_axis',(0.,-1.,0.));
#16610=DIRECTION('',(0.,0.,-1.));
#16611=DIRECTION('center_axis',(1.,0.,0.));
#16612=DIRECTION('ref_axis',(0.,-1.,0.));
#16613=DIRECTION('',(0.,0.,-1.));
#16614=DIRECTION('center_axis',(0.,0.,-1.));
#16615=DIRECTION('ref_axis',(1.,0.,0.));
#16616=DIRECTION('',(0.,0.,-1.));
#16617=DIRECTION('center_axis',(0.,1.,0.));
#16618=DIRECTION('ref_axis',(1.,0.,0.));
#16619=DIRECTION('',(0.,0.,-1.));
#16620=DIRECTION('center_axis',(0.,0.,-1.));
#16621=DIRECTION('ref_axis',(0.,1.,0.));
#16622=DIRECTION('center_axis',(-1.,0.,0.));
#16623=DIRECTION('ref_axis',(0.,1.,0.));
#16624=DIRECTION('',(0.,0.,-1.));
#16625=DIRECTION('',(0.,0.,-1.));
#16626=DIRECTION('center_axis',(0.,0.,-1.));
#16627=DIRECTION('ref_axis',(-1.,0.,0.));
#16628=DIRECTION('',(0.,0.,-1.));
#16629=DIRECTION('center_axis',(0.,-1.,0.));
#16630=DIRECTION('ref_axis',(-1.,0.,0.));
#16631=DIRECTION('',(0.,0.,-1.));
#16632=DIRECTION('center_axis',(0.,0.,-1.));
#16633=DIRECTION('ref_axis',(0.,-1.,0.));
#16634=DIRECTION('',(0.,0.,-1.));
#16635=DIRECTION('center_axis',(1.,0.,0.));
#16636=DIRECTION('ref_axis',(0.,-1.,0.));
#16637=DIRECTION('',(0.,0.,-1.));
#16638=DIRECTION('center_axis',(0.,0.,-1.));
#16639=DIRECTION('ref_axis',(1.,0.,0.));
#16640=DIRECTION('',(0.,0.,-1.));
#16641=DIRECTION('center_axis',(0.,1.,0.));
#16642=DIRECTION('ref_axis',(1.,0.,0.));
#16643=DIRECTION('',(0.,0.,-1.));
#16644=DIRECTION('center_axis',(0.,0.,-1.));
#16645=DIRECTION('ref_axis',(0.,1.,0.));
#16646=DIRECTION('center_axis',(-1.,0.,0.));
#16647=DIRECTION('ref_axis',(0.,1.,0.));
#16648=DIRECTION('',(0.,0.,-1.));
#16649=DIRECTION('',(0.,0.,-1.));
#16650=DIRECTION('center_axis',(0.,0.,-1.));
#16651=DIRECTION('ref_axis',(-1.,0.,0.));
#16652=DIRECTION('',(0.,0.,-1.));
#16653=DIRECTION('center_axis',(0.,-1.,0.));
#16654=DIRECTION('ref_axis',(-1.,0.,0.));
#16655=DIRECTION('',(0.,0.,-1.));
#16656=DIRECTION('center_axis',(0.,0.,-1.));
#16657=DIRECTION('ref_axis',(0.,-1.,0.));
#16658=DIRECTION('',(0.,0.,-1.));
#16659=DIRECTION('center_axis',(1.,0.,0.));
#16660=DIRECTION('ref_axis',(0.,-1.,0.));
#16661=DIRECTION('',(0.,0.,-1.));
#16662=DIRECTION('center_axis',(0.,0.,-1.));
#16663=DIRECTION('ref_axis',(1.,0.,0.));
#16664=DIRECTION('',(0.,0.,-1.));
#16665=DIRECTION('center_axis',(0.,1.,0.));
#16666=DIRECTION('ref_axis',(1.,0.,0.));
#16667=DIRECTION('',(0.,0.,-1.));
#16668=DIRECTION('center_axis',(0.,0.,-1.));
#16669=DIRECTION('ref_axis',(0.,1.,0.));
#16670=DIRECTION('center_axis',(-1.,0.,0.));
#16671=DIRECTION('ref_axis',(0.,1.,0.));
#16672=DIRECTION('',(0.,0.,-1.));
#16673=DIRECTION('',(0.,0.,-1.));
#16674=DIRECTION('center_axis',(0.,0.,-1.));
#16675=DIRECTION('ref_axis',(-1.,0.,0.));
#16676=DIRECTION('',(0.,0.,-1.));
#16677=DIRECTION('center_axis',(0.,-1.,0.));
#16678=DIRECTION('ref_axis',(-1.,0.,0.));
#16679=DIRECTION('',(0.,0.,-1.));
#16680=DIRECTION('center_axis',(0.,0.,-1.));
#16681=DIRECTION('ref_axis',(0.,-1.,0.));
#16682=DIRECTION('',(0.,0.,-1.));
#16683=DIRECTION('center_axis',(1.,0.,0.));
#16684=DIRECTION('ref_axis',(0.,-1.,0.));
#16685=DIRECTION('',(0.,0.,-1.));
#16686=DIRECTION('center_axis',(0.,0.,-1.));
#16687=DIRECTION('ref_axis',(1.,0.,0.));
#16688=DIRECTION('',(0.,0.,-1.));
#16689=DIRECTION('center_axis',(0.,1.,0.));
#16690=DIRECTION('ref_axis',(1.,0.,0.));
#16691=DIRECTION('',(0.,0.,-1.));
#16692=DIRECTION('center_axis',(0.,0.,-1.));
#16693=DIRECTION('ref_axis',(0.,1.,0.));
#16694=DIRECTION('center_axis',(-1.,0.,0.));
#16695=DIRECTION('ref_axis',(0.,1.,0.));
#16696=DIRECTION('',(0.,0.,-1.));
#16697=DIRECTION('',(0.,0.,-1.));
#16698=DIRECTION('center_axis',(0.,0.,-1.));
#16699=DIRECTION('ref_axis',(-1.,0.,0.));
#16700=DIRECTION('',(0.,0.,-1.));
#16701=DIRECTION('center_axis',(0.,-1.,0.));
#16702=DIRECTION('ref_axis',(-1.,0.,0.));
#16703=DIRECTION('',(0.,0.,-1.));
#16704=DIRECTION('center_axis',(0.,0.,-1.));
#16705=DIRECTION('ref_axis',(0.,-1.,0.));
#16706=DIRECTION('',(0.,0.,-1.));
#16707=DIRECTION('center_axis',(1.,0.,0.));
#16708=DIRECTION('ref_axis',(0.,-1.,0.));
#16709=DIRECTION('',(0.,0.,-1.));
#16710=DIRECTION('center_axis',(0.,0.,-1.));
#16711=DIRECTION('ref_axis',(1.,0.,0.));
#16712=DIRECTION('',(0.,0.,-1.));
#16713=DIRECTION('center_axis',(0.,1.,0.));
#16714=DIRECTION('ref_axis',(1.,0.,0.));
#16715=DIRECTION('',(0.,0.,-1.));
#16716=DIRECTION('center_axis',(0.,0.,-1.));
#16717=DIRECTION('ref_axis',(0.,1.,0.));
#16718=DIRECTION('center_axis',(-1.,0.,0.));
#16719=DIRECTION('ref_axis',(0.,1.,0.));
#16720=DIRECTION('',(0.,0.,-1.));
#16721=DIRECTION('',(0.,0.,-1.));
#16722=DIRECTION('center_axis',(0.,0.,-1.));
#16723=DIRECTION('ref_axis',(-1.,0.,0.));
#16724=DIRECTION('',(0.,0.,-1.));
#16725=DIRECTION('center_axis',(0.,-1.,0.));
#16726=DIRECTION('ref_axis',(-1.,0.,0.));
#16727=DIRECTION('',(0.,0.,-1.));
#16728=DIRECTION('center_axis',(0.,0.,-1.));
#16729=DIRECTION('ref_axis',(0.,-1.,0.));
#16730=DIRECTION('',(0.,0.,-1.));
#16731=DIRECTION('center_axis',(1.,0.,0.));
#16732=DIRECTION('ref_axis',(0.,-1.,0.));
#16733=DIRECTION('',(0.,0.,-1.));
#16734=DIRECTION('center_axis',(0.,0.,-1.));
#16735=DIRECTION('ref_axis',(1.,0.,0.));
#16736=DIRECTION('',(0.,0.,-1.));
#16737=DIRECTION('center_axis',(0.,1.,0.));
#16738=DIRECTION('ref_axis',(1.,0.,0.));
#16739=DIRECTION('',(0.,0.,-1.));
#16740=DIRECTION('center_axis',(0.,0.,-1.));
#16741=DIRECTION('ref_axis',(0.,1.,0.));
#16742=DIRECTION('center_axis',(-1.,0.,0.));
#16743=DIRECTION('ref_axis',(0.,1.,0.));
#16744=DIRECTION('',(0.,0.,-1.));
#16745=DIRECTION('',(0.,0.,-1.));
#16746=DIRECTION('center_axis',(0.,0.,-1.));
#16747=DIRECTION('ref_axis',(-1.,0.,0.));
#16748=DIRECTION('',(0.,0.,-1.));
#16749=DIRECTION('center_axis',(0.,-1.,0.));
#16750=DIRECTION('ref_axis',(-1.,0.,0.));
#16751=DIRECTION('',(0.,0.,-1.));
#16752=DIRECTION('center_axis',(0.,0.,-1.));
#16753=DIRECTION('ref_axis',(0.,-1.,0.));
#16754=DIRECTION('',(0.,0.,-1.));
#16755=DIRECTION('center_axis',(1.,0.,0.));
#16756=DIRECTION('ref_axis',(0.,-1.,0.));
#16757=DIRECTION('',(0.,0.,-1.));
#16758=DIRECTION('center_axis',(0.,0.,-1.));
#16759=DIRECTION('ref_axis',(1.,0.,0.));
#16760=DIRECTION('',(0.,0.,-1.));
#16761=DIRECTION('center_axis',(0.,1.,0.));
#16762=DIRECTION('ref_axis',(1.,0.,0.));
#16763=DIRECTION('',(0.,0.,-1.));
#16764=DIRECTION('center_axis',(0.,0.,-1.));
#16765=DIRECTION('ref_axis',(0.,1.,0.));
#16766=DIRECTION('center_axis',(-1.,0.,0.));
#16767=DIRECTION('ref_axis',(0.,1.,0.));
#16768=DIRECTION('',(0.,0.,-1.));
#16769=DIRECTION('',(0.,0.,-1.));
#16770=DIRECTION('center_axis',(0.,0.,-1.));
#16771=DIRECTION('ref_axis',(-1.,0.,0.));
#16772=DIRECTION('',(0.,0.,-1.));
#16773=DIRECTION('center_axis',(0.,-1.,0.));
#16774=DIRECTION('ref_axis',(-1.,0.,0.));
#16775=DIRECTION('',(0.,0.,-1.));
#16776=DIRECTION('center_axis',(0.,0.,-1.));
#16777=DIRECTION('ref_axis',(0.,-1.,0.));
#16778=DIRECTION('',(0.,0.,-1.));
#16779=DIRECTION('center_axis',(1.,0.,0.));
#16780=DIRECTION('ref_axis',(0.,-1.,0.));
#16781=DIRECTION('',(0.,0.,-1.));
#16782=DIRECTION('center_axis',(0.,0.,-1.));
#16783=DIRECTION('ref_axis',(1.,0.,0.));
#16784=DIRECTION('',(0.,0.,-1.));
#16785=DIRECTION('center_axis',(0.,1.,0.));
#16786=DIRECTION('ref_axis',(1.,0.,0.));
#16787=DIRECTION('',(0.,0.,-1.));
#16788=DIRECTION('center_axis',(0.,0.,-1.));
#16789=DIRECTION('ref_axis',(0.,1.,0.));
#16790=DIRECTION('center_axis',(-1.,0.,0.));
#16791=DIRECTION('ref_axis',(0.,1.,0.));
#16792=DIRECTION('',(0.,0.,-1.));
#16793=DIRECTION('',(0.,0.,-1.));
#16794=DIRECTION('center_axis',(0.,0.,-1.));
#16795=DIRECTION('ref_axis',(-1.,0.,0.));
#16796=DIRECTION('',(0.,0.,-1.));
#16797=DIRECTION('center_axis',(0.,-1.,0.));
#16798=DIRECTION('ref_axis',(-1.,0.,0.));
#16799=DIRECTION('',(0.,0.,-1.));
#16800=DIRECTION('center_axis',(0.,0.,-1.));
#16801=DIRECTION('ref_axis',(0.,-1.,0.));
#16802=DIRECTION('',(0.,0.,-1.));
#16803=DIRECTION('center_axis',(1.,0.,0.));
#16804=DIRECTION('ref_axis',(0.,-1.,0.));
#16805=DIRECTION('',(0.,0.,-1.));
#16806=DIRECTION('center_axis',(0.,0.,-1.));
#16807=DIRECTION('ref_axis',(1.,0.,0.));
#16808=DIRECTION('',(0.,0.,-1.));
#16809=DIRECTION('center_axis',(0.,1.,0.));
#16810=DIRECTION('ref_axis',(1.,0.,0.));
#16811=DIRECTION('',(0.,0.,-1.));
#16812=DIRECTION('center_axis',(0.,0.,-1.));
#16813=DIRECTION('ref_axis',(0.,1.,0.));
#16814=DIRECTION('center_axis',(-1.,0.,0.));
#16815=DIRECTION('ref_axis',(0.,1.,0.));
#16816=DIRECTION('',(0.,0.,-1.));
#16817=DIRECTION('',(0.,0.,-1.));
#16818=DIRECTION('center_axis',(0.,0.,-1.));
#16819=DIRECTION('ref_axis',(-1.,0.,0.));
#16820=DIRECTION('',(0.,0.,-1.));
#16821=DIRECTION('center_axis',(0.,-1.,0.));
#16822=DIRECTION('ref_axis',(-1.,0.,0.));
#16823=DIRECTION('',(0.,0.,-1.));
#16824=DIRECTION('center_axis',(0.,0.,-1.));
#16825=DIRECTION('ref_axis',(0.,-1.,0.));
#16826=DIRECTION('',(0.,0.,-1.));
#16827=DIRECTION('center_axis',(1.,0.,0.));
#16828=DIRECTION('ref_axis',(0.,-1.,0.));
#16829=DIRECTION('',(0.,0.,-1.));
#16830=DIRECTION('center_axis',(0.,0.,-1.));
#16831=DIRECTION('ref_axis',(1.,0.,0.));
#16832=DIRECTION('',(0.,0.,-1.));
#16833=DIRECTION('center_axis',(0.,1.,0.));
#16834=DIRECTION('ref_axis',(1.,0.,0.));
#16835=DIRECTION('',(0.,0.,-1.));
#16836=DIRECTION('center_axis',(0.,0.,-1.));
#16837=DIRECTION('ref_axis',(0.,1.,0.));
#16838=DIRECTION('center_axis',(-1.,0.,0.));
#16839=DIRECTION('ref_axis',(0.,1.,0.));
#16840=DIRECTION('',(0.,0.,-1.));
#16841=DIRECTION('',(0.,0.,-1.));
#16842=DIRECTION('center_axis',(0.,0.,-1.));
#16843=DIRECTION('ref_axis',(-1.,0.,0.));
#16844=DIRECTION('',(0.,0.,-1.));
#16845=DIRECTION('center_axis',(0.,-1.,0.));
#16846=DIRECTION('ref_axis',(-1.,0.,0.));
#16847=DIRECTION('',(0.,0.,-1.));
#16848=DIRECTION('center_axis',(0.,0.,-1.));
#16849=DIRECTION('ref_axis',(0.,-1.,0.));
#16850=DIRECTION('',(0.,0.,-1.));
#16851=DIRECTION('center_axis',(1.,0.,0.));
#16852=DIRECTION('ref_axis',(0.,-1.,0.));
#16853=DIRECTION('',(0.,0.,-1.));
#16854=DIRECTION('center_axis',(0.,0.,-1.));
#16855=DIRECTION('ref_axis',(1.,0.,0.));
#16856=DIRECTION('',(0.,0.,-1.));
#16857=DIRECTION('center_axis',(0.,1.,0.));
#16858=DIRECTION('ref_axis',(1.,0.,0.));
#16859=DIRECTION('',(0.,0.,-1.));
#16860=DIRECTION('center_axis',(0.,0.,-1.));
#16861=DIRECTION('ref_axis',(0.,1.,0.));
#16862=DIRECTION('center_axis',(-1.,0.,0.));
#16863=DIRECTION('ref_axis',(0.,1.,0.));
#16864=DIRECTION('',(0.,0.,-1.));
#16865=DIRECTION('',(0.,0.,-1.));
#16866=DIRECTION('center_axis',(0.,0.,-1.));
#16867=DIRECTION('ref_axis',(-1.,0.,0.));
#16868=DIRECTION('',(0.,0.,-1.));
#16869=DIRECTION('center_axis',(0.,-1.,0.));
#16870=DIRECTION('ref_axis',(-1.,0.,0.));
#16871=DIRECTION('',(0.,0.,-1.));
#16872=DIRECTION('center_axis',(0.,0.,-1.));
#16873=DIRECTION('ref_axis',(0.,-1.,0.));
#16874=DIRECTION('',(0.,0.,-1.));
#16875=DIRECTION('center_axis',(1.,0.,0.));
#16876=DIRECTION('ref_axis',(0.,-1.,0.));
#16877=DIRECTION('',(0.,0.,-1.));
#16878=DIRECTION('center_axis',(0.,0.,-1.));
#16879=DIRECTION('ref_axis',(1.,0.,0.));
#16880=DIRECTION('',(0.,0.,-1.));
#16881=DIRECTION('center_axis',(0.,1.,0.));
#16882=DIRECTION('ref_axis',(1.,0.,0.));
#16883=DIRECTION('',(0.,0.,-1.));
#16884=DIRECTION('center_axis',(0.,0.,-1.));
#16885=DIRECTION('ref_axis',(0.,1.,0.));
#16886=DIRECTION('center_axis',(-1.,0.,0.));
#16887=DIRECTION('ref_axis',(0.,1.,0.));
#16888=DIRECTION('',(0.,0.,-1.));
#16889=DIRECTION('',(0.,0.,-1.));
#16890=DIRECTION('center_axis',(0.,0.,-1.));
#16891=DIRECTION('ref_axis',(-1.,0.,0.));
#16892=DIRECTION('',(0.,0.,-1.));
#16893=DIRECTION('center_axis',(0.,-1.,0.));
#16894=DIRECTION('ref_axis',(-1.,0.,0.));
#16895=DIRECTION('',(0.,0.,-1.));
#16896=DIRECTION('center_axis',(0.,0.,-1.));
#16897=DIRECTION('ref_axis',(0.,-1.,0.));
#16898=DIRECTION('',(0.,0.,-1.));
#16899=DIRECTION('center_axis',(1.,0.,0.));
#16900=DIRECTION('ref_axis',(0.,-1.,0.));
#16901=DIRECTION('',(0.,0.,-1.));
#16902=DIRECTION('center_axis',(0.,0.,-1.));
#16903=DIRECTION('ref_axis',(1.,0.,0.));
#16904=DIRECTION('',(0.,0.,-1.));
#16905=DIRECTION('center_axis',(0.,1.,0.));
#16906=DIRECTION('ref_axis',(1.,0.,0.));
#16907=DIRECTION('',(0.,0.,-1.));
#16908=DIRECTION('center_axis',(0.,0.,-1.));
#16909=DIRECTION('ref_axis',(0.,1.,0.));
#16910=DIRECTION('center_axis',(-1.,0.,0.));
#16911=DIRECTION('ref_axis',(0.,1.,0.));
#16912=DIRECTION('',(0.,0.,-1.));
#16913=DIRECTION('',(0.,0.,-1.));
#16914=DIRECTION('center_axis',(0.,0.,-1.));
#16915=DIRECTION('ref_axis',(-1.,0.,0.));
#16916=DIRECTION('',(0.,0.,-1.));
#16917=DIRECTION('center_axis',(0.,-1.,0.));
#16918=DIRECTION('ref_axis',(-1.,0.,0.));
#16919=DIRECTION('',(0.,0.,-1.));
#16920=DIRECTION('center_axis',(0.,0.,-1.));
#16921=DIRECTION('ref_axis',(0.,-1.,0.));
#16922=DIRECTION('',(0.,0.,-1.));
#16923=DIRECTION('center_axis',(1.,0.,0.));
#16924=DIRECTION('ref_axis',(0.,-1.,0.));
#16925=DIRECTION('',(0.,0.,-1.));
#16926=DIRECTION('center_axis',(0.,0.,-1.));
#16927=DIRECTION('ref_axis',(1.,0.,0.));
#16928=DIRECTION('',(0.,0.,-1.));
#16929=DIRECTION('center_axis',(0.,1.,0.));
#16930=DIRECTION('ref_axis',(1.,0.,0.));
#16931=DIRECTION('',(0.,0.,-1.));
#16932=DIRECTION('center_axis',(0.,0.,-1.));
#16933=DIRECTION('ref_axis',(0.,1.,0.));
#16934=DIRECTION('center_axis',(-1.,0.,0.));
#16935=DIRECTION('ref_axis',(0.,1.,0.));
#16936=DIRECTION('',(0.,0.,-1.));
#16937=DIRECTION('',(0.,0.,-1.));
#16938=DIRECTION('center_axis',(0.,0.,-1.));
#16939=DIRECTION('ref_axis',(-1.,0.,0.));
#16940=DIRECTION('',(0.,0.,-1.));
#16941=DIRECTION('center_axis',(0.,-1.,0.));
#16942=DIRECTION('ref_axis',(-1.,0.,0.));
#16943=DIRECTION('',(0.,0.,-1.));
#16944=DIRECTION('center_axis',(0.,0.,-1.));
#16945=DIRECTION('ref_axis',(0.,-1.,0.));
#16946=DIRECTION('',(0.,0.,-1.));
#16947=DIRECTION('center_axis',(1.,0.,0.));
#16948=DIRECTION('ref_axis',(0.,-1.,0.));
#16949=DIRECTION('',(0.,0.,-1.));
#16950=DIRECTION('center_axis',(0.,0.,-1.));
#16951=DIRECTION('ref_axis',(1.,0.,0.));
#16952=DIRECTION('',(0.,0.,-1.));
#16953=DIRECTION('center_axis',(0.,1.,0.));
#16954=DIRECTION('ref_axis',(1.,0.,0.));
#16955=DIRECTION('',(0.,0.,-1.));
#16956=DIRECTION('center_axis',(0.,0.,-1.));
#16957=DIRECTION('ref_axis',(0.,1.,0.));
#16958=DIRECTION('center_axis',(-1.,0.,0.));
#16959=DIRECTION('ref_axis',(0.,1.,0.));
#16960=DIRECTION('',(0.,0.,-1.));
#16961=DIRECTION('',(0.,0.,-1.));
#16962=DIRECTION('center_axis',(0.,0.,-1.));
#16963=DIRECTION('ref_axis',(-1.,0.,0.));
#16964=DIRECTION('',(0.,0.,-1.));
#16965=DIRECTION('center_axis',(0.,-1.,0.));
#16966=DIRECTION('ref_axis',(-1.,0.,0.));
#16967=DIRECTION('',(0.,0.,-1.));
#16968=DIRECTION('center_axis',(0.,0.,-1.));
#16969=DIRECTION('ref_axis',(0.,-1.,0.));
#16970=DIRECTION('',(0.,0.,-1.));
#16971=DIRECTION('center_axis',(1.,0.,0.));
#16972=DIRECTION('ref_axis',(0.,-1.,0.));
#16973=DIRECTION('',(0.,0.,-1.));
#16974=DIRECTION('center_axis',(0.,0.,-1.));
#16975=DIRECTION('ref_axis',(1.,0.,0.));
#16976=DIRECTION('',(0.,0.,-1.));
#16977=DIRECTION('center_axis',(0.,1.,0.));
#16978=DIRECTION('ref_axis',(1.,0.,0.));
#16979=DIRECTION('',(0.,0.,-1.));
#16980=DIRECTION('center_axis',(0.,0.,-1.));
#16981=DIRECTION('ref_axis',(0.,1.,0.));
#16982=DIRECTION('center_axis',(-1.,0.,0.));
#16983=DIRECTION('ref_axis',(0.,1.,0.));
#16984=DIRECTION('',(0.,0.,-1.));
#16985=DIRECTION('',(0.,0.,-1.));
#16986=DIRECTION('center_axis',(0.,0.,-1.));
#16987=DIRECTION('ref_axis',(-1.,0.,0.));
#16988=DIRECTION('',(0.,0.,-1.));
#16989=DIRECTION('center_axis',(0.,-1.,0.));
#16990=DIRECTION('ref_axis',(-1.,0.,0.));
#16991=DIRECTION('',(0.,0.,-1.));
#16992=DIRECTION('center_axis',(0.,0.,-1.));
#16993=DIRECTION('ref_axis',(0.,-1.,0.));
#16994=DIRECTION('',(0.,0.,-1.));
#16995=DIRECTION('center_axis',(1.,0.,0.));
#16996=DIRECTION('ref_axis',(0.,-1.,0.));
#16997=DIRECTION('',(0.,0.,-1.));
#16998=DIRECTION('center_axis',(0.,0.,-1.));
#16999=DIRECTION('ref_axis',(1.,0.,0.));
#17000=DIRECTION('',(0.,0.,-1.));
#17001=DIRECTION('center_axis',(0.,1.,0.));
#17002=DIRECTION('ref_axis',(1.,0.,0.));
#17003=DIRECTION('',(0.,0.,-1.));
#17004=DIRECTION('center_axis',(0.,0.,-1.));
#17005=DIRECTION('ref_axis',(0.,1.,0.));
#17006=DIRECTION('center_axis',(-1.,0.,0.));
#17007=DIRECTION('ref_axis',(0.,1.,0.));
#17008=DIRECTION('',(0.,0.,-1.));
#17009=DIRECTION('',(0.,0.,-1.));
#17010=DIRECTION('center_axis',(0.,0.,-1.));
#17011=DIRECTION('ref_axis',(-1.,0.,0.));
#17012=DIRECTION('',(0.,0.,-1.));
#17013=DIRECTION('center_axis',(0.,-1.,0.));
#17014=DIRECTION('ref_axis',(-1.,0.,0.));
#17015=DIRECTION('',(0.,0.,-1.));
#17016=DIRECTION('center_axis',(0.,0.,-1.));
#17017=DIRECTION('ref_axis',(0.,-1.,0.));
#17018=DIRECTION('',(0.,0.,-1.));
#17019=DIRECTION('center_axis',(1.,0.,0.));
#17020=DIRECTION('ref_axis',(0.,-1.,0.));
#17021=DIRECTION('',(0.,0.,-1.));
#17022=DIRECTION('center_axis',(0.,0.,-1.));
#17023=DIRECTION('ref_axis',(1.,0.,0.));
#17024=DIRECTION('',(0.,0.,-1.));
#17025=DIRECTION('center_axis',(0.,1.,0.));
#17026=DIRECTION('ref_axis',(1.,0.,0.));
#17027=DIRECTION('',(0.,0.,-1.));
#17028=DIRECTION('center_axis',(0.,0.,-1.));
#17029=DIRECTION('ref_axis',(0.,1.,0.));
#17030=DIRECTION('center_axis',(-1.,0.,0.));
#17031=DIRECTION('ref_axis',(0.,1.,0.));
#17032=DIRECTION('',(0.,0.,-1.));
#17033=DIRECTION('',(0.,0.,-1.));
#17034=DIRECTION('center_axis',(0.,0.,-1.));
#17035=DIRECTION('ref_axis',(-1.,0.,0.));
#17036=DIRECTION('',(0.,0.,-1.));
#17037=DIRECTION('center_axis',(0.,-1.,0.));
#17038=DIRECTION('ref_axis',(-1.,0.,0.));
#17039=DIRECTION('',(0.,0.,-1.));
#17040=DIRECTION('center_axis',(0.,0.,-1.));
#17041=DIRECTION('ref_axis',(0.,-1.,0.));
#17042=DIRECTION('',(0.,0.,-1.));
#17043=DIRECTION('center_axis',(1.,0.,0.));
#17044=DIRECTION('ref_axis',(0.,-1.,0.));
#17045=DIRECTION('',(0.,0.,-1.));
#17046=DIRECTION('center_axis',(0.,0.,-1.));
#17047=DIRECTION('ref_axis',(1.,0.,0.));
#17048=DIRECTION('',(0.,0.,-1.));
#17049=DIRECTION('center_axis',(0.,1.,0.));
#17050=DIRECTION('ref_axis',(1.,0.,0.));
#17051=DIRECTION('',(0.,0.,-1.));
#17052=DIRECTION('center_axis',(0.,0.,-1.));
#17053=DIRECTION('ref_axis',(0.,1.,0.));
#17054=DIRECTION('center_axis',(0.,0.,-1.));
#17055=DIRECTION('ref_axis',(-1.,0.,0.));
#17056=DIRECTION('',(0.,0.,-1.));
#17057=DIRECTION('center_axis',(0.,-1.,0.));
#17058=DIRECTION('ref_axis',(-1.,0.,0.));
#17059=DIRECTION('',(0.,0.,-1.));
#17060=DIRECTION('center_axis',(0.,0.,-1.));
#17061=DIRECTION('ref_axis',(0.,-1.,0.));
#17062=DIRECTION('',(0.,0.,-1.));
#17063=DIRECTION('center_axis',(1.,0.,0.));
#17064=DIRECTION('ref_axis',(0.,-1.,0.));
#17065=DIRECTION('center_axis',(0.,0.,-1.));
#17066=DIRECTION('ref_axis',(1.,0.,0.));
#17067=DIRECTION('',(0.,0.,-1.));
#17068=DIRECTION('center_axis',(0.,1.,0.));
#17069=DIRECTION('ref_axis',(1.,0.,0.));
#17070=DIRECTION('',(0.,0.,-1.));
#17071=DIRECTION('center_axis',(0.,0.,-1.));
#17072=DIRECTION('ref_axis',(0.,1.,0.));
#17073=DIRECTION('center_axis',(0.,0.,-1.));
#17074=DIRECTION('ref_axis',(-1.,0.,0.));
#17075=DIRECTION('',(0.,0.,-1.));
#17076=DIRECTION('center_axis',(0.,-1.,0.));
#17077=DIRECTION('ref_axis',(-1.,0.,0.));
#17078=DIRECTION('',(0.,0.,-1.));
#17079=DIRECTION('center_axis',(0.,0.,-1.));
#17080=DIRECTION('ref_axis',(0.,-1.,0.));
#17081=DIRECTION('',(0.,0.,-1.));
#17082=DIRECTION('center_axis',(1.,0.,0.));
#17083=DIRECTION('ref_axis',(0.,-1.,0.));
#17084=DIRECTION('center_axis',(0.,0.,-1.));
#17085=DIRECTION('ref_axis',(1.,0.,0.));
#17086=DIRECTION('',(0.,0.,-1.));
#17087=DIRECTION('center_axis',(0.,1.,0.));
#17088=DIRECTION('ref_axis',(1.,0.,0.));
#17089=DIRECTION('',(0.,0.,-1.));
#17090=DIRECTION('center_axis',(0.,0.,-1.));
#17091=DIRECTION('ref_axis',(0.,1.,0.));
#17092=DIRECTION('center_axis',(-1.,0.,0.));
#17093=DIRECTION('ref_axis',(0.,1.,0.));
#17094=DIRECTION('',(0.,0.,-1.));
#17095=DIRECTION('',(0.,0.,-1.));
#17096=DIRECTION('center_axis',(0.,0.,-1.));
#17097=DIRECTION('ref_axis',(-1.,0.,0.));
#17098=DIRECTION('',(0.,0.,-1.));
#17099=DIRECTION('center_axis',(0.,-1.,0.));
#17100=DIRECTION('ref_axis',(-1.,0.,0.));
#17101=DIRECTION('',(0.,0.,-1.));
#17102=DIRECTION('center_axis',(0.,0.,-1.));
#17103=DIRECTION('ref_axis',(0.,-1.,0.));
#17104=DIRECTION('',(0.,0.,-1.));
#17105=DIRECTION('center_axis',(1.,0.,0.));
#17106=DIRECTION('ref_axis',(0.,-1.,0.));
#17107=DIRECTION('',(0.,0.,-1.));
#17108=DIRECTION('center_axis',(0.,0.,-1.));
#17109=DIRECTION('ref_axis',(1.,0.,0.));
#17110=DIRECTION('',(0.,0.,-1.));
#17111=DIRECTION('center_axis',(0.,1.,0.));
#17112=DIRECTION('ref_axis',(1.,0.,0.));
#17113=DIRECTION('',(0.,0.,-1.));
#17114=DIRECTION('center_axis',(0.,0.,-1.));
#17115=DIRECTION('ref_axis',(0.,1.,0.));
#17116=DIRECTION('center_axis',(-1.,0.,0.));
#17117=DIRECTION('ref_axis',(0.,1.,0.));
#17118=DIRECTION('',(0.,0.,-1.));
#17119=DIRECTION('',(0.,0.,-1.));
#17120=DIRECTION('center_axis',(0.,0.,-1.));
#17121=DIRECTION('ref_axis',(-1.,0.,0.));
#17122=DIRECTION('',(0.,0.,-1.));
#17123=DIRECTION('center_axis',(0.,-1.,0.));
#17124=DIRECTION('ref_axis',(-1.,0.,0.));
#17125=DIRECTION('',(0.,0.,-1.));
#17126=DIRECTION('center_axis',(0.,0.,-1.));
#17127=DIRECTION('ref_axis',(0.,-1.,0.));
#17128=DIRECTION('',(0.,0.,-1.));
#17129=DIRECTION('center_axis',(1.,0.,0.));
#17130=DIRECTION('ref_axis',(0.,-1.,0.));
#17131=DIRECTION('',(0.,0.,-1.));
#17132=DIRECTION('center_axis',(0.,0.,-1.));
#17133=DIRECTION('ref_axis',(1.,0.,0.));
#17134=DIRECTION('',(0.,0.,-1.));
#17135=DIRECTION('center_axis',(0.,1.,0.));
#17136=DIRECTION('ref_axis',(1.,0.,0.));
#17137=DIRECTION('',(0.,0.,-1.));
#17138=DIRECTION('center_axis',(0.,0.,-1.));
#17139=DIRECTION('ref_axis',(0.,1.,0.));
#17140=DIRECTION('center_axis',(-1.,0.,0.));
#17141=DIRECTION('ref_axis',(0.,1.,0.));
#17142=DIRECTION('',(0.,0.,-1.));
#17143=DIRECTION('',(0.,0.,-1.));
#17144=DIRECTION('center_axis',(0.,0.,-1.));
#17145=DIRECTION('ref_axis',(-1.,0.,0.));
#17146=DIRECTION('',(0.,0.,-1.));
#17147=DIRECTION('center_axis',(0.,-1.,0.));
#17148=DIRECTION('ref_axis',(-1.,0.,0.));
#17149=DIRECTION('',(0.,0.,-1.));
#17150=DIRECTION('center_axis',(0.,0.,-1.));
#17151=DIRECTION('ref_axis',(0.,-1.,0.));
#17152=DIRECTION('',(0.,0.,-1.));
#17153=DIRECTION('center_axis',(1.,0.,0.));
#17154=DIRECTION('ref_axis',(0.,-1.,0.));
#17155=DIRECTION('',(0.,0.,-1.));
#17156=DIRECTION('center_axis',(0.,0.,-1.));
#17157=DIRECTION('ref_axis',(1.,0.,0.));
#17158=DIRECTION('',(0.,0.,-1.));
#17159=DIRECTION('center_axis',(0.,1.,0.));
#17160=DIRECTION('ref_axis',(1.,0.,0.));
#17161=DIRECTION('',(0.,0.,-1.));
#17162=DIRECTION('center_axis',(0.,0.,-1.));
#17163=DIRECTION('ref_axis',(0.,1.,0.));
#17164=DIRECTION('center_axis',(-1.,0.,0.));
#17165=DIRECTION('ref_axis',(0.,1.,0.));
#17166=DIRECTION('',(0.,0.,-1.));
#17167=DIRECTION('',(0.,0.,-1.));
#17168=DIRECTION('center_axis',(0.,0.,-1.));
#17169=DIRECTION('ref_axis',(-1.,0.,0.));
#17170=DIRECTION('',(0.,0.,-1.));
#17171=DIRECTION('center_axis',(0.,-1.,0.));
#17172=DIRECTION('ref_axis',(-1.,0.,0.));
#17173=DIRECTION('',(0.,0.,-1.));
#17174=DIRECTION('center_axis',(0.,0.,-1.));
#17175=DIRECTION('ref_axis',(0.,-1.,0.));
#17176=DIRECTION('',(0.,0.,-1.));
#17177=DIRECTION('center_axis',(1.,0.,0.));
#17178=DIRECTION('ref_axis',(0.,-1.,0.));
#17179=DIRECTION('',(0.,0.,-1.));
#17180=DIRECTION('center_axis',(0.,0.,-1.));
#17181=DIRECTION('ref_axis',(1.,0.,0.));
#17182=DIRECTION('',(0.,0.,-1.));
#17183=DIRECTION('center_axis',(0.,1.,0.));
#17184=DIRECTION('ref_axis',(1.,0.,0.));
#17185=DIRECTION('',(0.,0.,-1.));
#17186=DIRECTION('center_axis',(0.,0.,-1.));
#17187=DIRECTION('ref_axis',(0.,1.,0.));
#17188=DIRECTION('center_axis',(-1.,0.,0.));
#17189=DIRECTION('ref_axis',(0.,1.,0.));
#17190=DIRECTION('',(0.,0.,-1.));
#17191=DIRECTION('',(0.,0.,-1.));
#17192=DIRECTION('center_axis',(0.,0.,-1.));
#17193=DIRECTION('ref_axis',(-1.,0.,0.));
#17194=DIRECTION('',(0.,0.,-1.));
#17195=DIRECTION('center_axis',(0.,-1.,0.));
#17196=DIRECTION('ref_axis',(-1.,0.,0.));
#17197=DIRECTION('',(0.,0.,-1.));
#17198=DIRECTION('center_axis',(0.,0.,-1.));
#17199=DIRECTION('ref_axis',(0.,-1.,0.));
#17200=DIRECTION('',(0.,0.,-1.));
#17201=DIRECTION('center_axis',(1.,0.,0.));
#17202=DIRECTION('ref_axis',(0.,-1.,0.));
#17203=DIRECTION('',(0.,0.,-1.));
#17204=DIRECTION('center_axis',(0.,0.,-1.));
#17205=DIRECTION('ref_axis',(1.,0.,0.));
#17206=DIRECTION('',(0.,0.,-1.));
#17207=DIRECTION('center_axis',(0.,1.,0.));
#17208=DIRECTION('ref_axis',(1.,0.,0.));
#17209=DIRECTION('',(0.,0.,-1.));
#17210=DIRECTION('center_axis',(0.,0.,-1.));
#17211=DIRECTION('ref_axis',(0.,1.,0.));
#17212=DIRECTION('center_axis',(-1.,0.,0.));
#17213=DIRECTION('ref_axis',(0.,1.,0.));
#17214=DIRECTION('',(0.,0.,-1.));
#17215=DIRECTION('',(0.,0.,-1.));
#17216=DIRECTION('center_axis',(0.,0.,-1.));
#17217=DIRECTION('ref_axis',(-1.,0.,0.));
#17218=DIRECTION('',(0.,0.,-1.));
#17219=DIRECTION('center_axis',(0.,-1.,0.));
#17220=DIRECTION('ref_axis',(-1.,0.,0.));
#17221=DIRECTION('',(0.,0.,-1.));
#17222=DIRECTION('center_axis',(0.,0.,-1.));
#17223=DIRECTION('ref_axis',(0.,-1.,0.));
#17224=DIRECTION('',(0.,0.,-1.));
#17225=DIRECTION('center_axis',(1.,0.,0.));
#17226=DIRECTION('ref_axis',(0.,-1.,0.));
#17227=DIRECTION('',(0.,0.,-1.));
#17228=DIRECTION('center_axis',(0.,0.,-1.));
#17229=DIRECTION('ref_axis',(1.,0.,0.));
#17230=DIRECTION('',(0.,0.,-1.));
#17231=DIRECTION('center_axis',(0.,1.,0.));
#17232=DIRECTION('ref_axis',(1.,0.,0.));
#17233=DIRECTION('',(0.,0.,-1.));
#17234=DIRECTION('center_axis',(0.,0.,-1.));
#17235=DIRECTION('ref_axis',(0.,1.,0.));
#17236=DIRECTION('center_axis',(-1.,0.,0.));
#17237=DIRECTION('ref_axis',(0.,1.,0.));
#17238=DIRECTION('',(0.,0.,-1.));
#17239=DIRECTION('',(0.,0.,-1.));
#17240=DIRECTION('center_axis',(0.,0.,-1.));
#17241=DIRECTION('ref_axis',(-1.,0.,0.));
#17242=DIRECTION('',(0.,0.,-1.));
#17243=DIRECTION('center_axis',(0.,-1.,0.));
#17244=DIRECTION('ref_axis',(-1.,0.,0.));
#17245=DIRECTION('',(0.,0.,-1.));
#17246=DIRECTION('center_axis',(0.,0.,-1.));
#17247=DIRECTION('ref_axis',(0.,-1.,0.));
#17248=DIRECTION('',(0.,0.,-1.));
#17249=DIRECTION('center_axis',(1.,0.,0.));
#17250=DIRECTION('ref_axis',(0.,-1.,0.));
#17251=DIRECTION('',(0.,0.,-1.));
#17252=DIRECTION('center_axis',(0.,0.,-1.));
#17253=DIRECTION('ref_axis',(1.,0.,0.));
#17254=DIRECTION('',(0.,0.,-1.));
#17255=DIRECTION('center_axis',(0.,1.,0.));
#17256=DIRECTION('ref_axis',(1.,0.,0.));
#17257=DIRECTION('',(0.,0.,-1.));
#17258=DIRECTION('center_axis',(0.,0.,-1.));
#17259=DIRECTION('ref_axis',(0.,1.,0.));
#17260=DIRECTION('center_axis',(-1.,0.,0.));
#17261=DIRECTION('ref_axis',(0.,1.,0.));
#17262=DIRECTION('',(0.,0.,-1.));
#17263=DIRECTION('',(0.,0.,-1.));
#17264=DIRECTION('center_axis',(0.,0.,-1.));
#17265=DIRECTION('ref_axis',(-1.,0.,0.));
#17266=DIRECTION('',(0.,0.,-1.));
#17267=DIRECTION('center_axis',(0.,-1.,0.));
#17268=DIRECTION('ref_axis',(-1.,0.,0.));
#17269=DIRECTION('',(0.,0.,-1.));
#17270=DIRECTION('center_axis',(0.,0.,-1.));
#17271=DIRECTION('ref_axis',(0.,-1.,0.));
#17272=DIRECTION('',(0.,0.,-1.));
#17273=DIRECTION('center_axis',(1.,0.,0.));
#17274=DIRECTION('ref_axis',(0.,-1.,0.));
#17275=DIRECTION('',(0.,0.,-1.));
#17276=DIRECTION('center_axis',(0.,0.,-1.));
#17277=DIRECTION('ref_axis',(1.,0.,0.));
#17278=DIRECTION('',(0.,0.,-1.));
#17279=DIRECTION('center_axis',(0.,1.,0.));
#17280=DIRECTION('ref_axis',(1.,0.,0.));
#17281=DIRECTION('',(0.,0.,-1.));
#17282=DIRECTION('center_axis',(0.,0.,-1.));
#17283=DIRECTION('ref_axis',(0.,1.,0.));
#17284=DIRECTION('center_axis',(-1.,0.,0.));
#17285=DIRECTION('ref_axis',(0.,1.,0.));
#17286=DIRECTION('',(0.,0.,-1.));
#17287=DIRECTION('',(0.,0.,-1.));
#17288=DIRECTION('center_axis',(0.,0.,-1.));
#17289=DIRECTION('ref_axis',(-1.,0.,0.));
#17290=DIRECTION('',(0.,0.,-1.));
#17291=DIRECTION('center_axis',(0.,-1.,0.));
#17292=DIRECTION('ref_axis',(-1.,0.,0.));
#17293=DIRECTION('',(0.,0.,-1.));
#17294=DIRECTION('center_axis',(0.,0.,-1.));
#17295=DIRECTION('ref_axis',(0.,-1.,0.));
#17296=DIRECTION('',(0.,0.,-1.));
#17297=DIRECTION('center_axis',(1.,0.,0.));
#17298=DIRECTION('ref_axis',(0.,-1.,0.));
#17299=DIRECTION('',(0.,0.,-1.));
#17300=DIRECTION('center_axis',(0.,0.,-1.));
#17301=DIRECTION('ref_axis',(1.,0.,0.));
#17302=DIRECTION('',(0.,0.,-1.));
#17303=DIRECTION('center_axis',(0.,1.,0.));
#17304=DIRECTION('ref_axis',(1.,0.,0.));
#17305=DIRECTION('',(0.,0.,-1.));
#17306=DIRECTION('center_axis',(0.,0.,-1.));
#17307=DIRECTION('ref_axis',(0.,1.,0.));
#17308=DIRECTION('center_axis',(-1.,0.,0.));
#17309=DIRECTION('ref_axis',(0.,1.,0.));
#17310=DIRECTION('',(0.,0.,-1.));
#17311=DIRECTION('',(0.,0.,-1.));
#17312=DIRECTION('center_axis',(0.,0.,-1.));
#17313=DIRECTION('ref_axis',(-1.,0.,0.));
#17314=DIRECTION('',(0.,0.,-1.));
#17315=DIRECTION('center_axis',(0.,-1.,0.));
#17316=DIRECTION('ref_axis',(-1.,0.,0.));
#17317=DIRECTION('',(0.,0.,-1.));
#17318=DIRECTION('center_axis',(0.,0.,-1.));
#17319=DIRECTION('ref_axis',(0.,-1.,0.));
#17320=DIRECTION('',(0.,0.,-1.));
#17321=DIRECTION('center_axis',(1.,0.,0.));
#17322=DIRECTION('ref_axis',(0.,-1.,0.));
#17323=DIRECTION('',(0.,0.,-1.));
#17324=DIRECTION('center_axis',(0.,0.,-1.));
#17325=DIRECTION('ref_axis',(1.,0.,0.));
#17326=DIRECTION('',(0.,0.,-1.));
#17327=DIRECTION('center_axis',(0.,1.,0.));
#17328=DIRECTION('ref_axis',(1.,0.,0.));
#17329=DIRECTION('',(0.,0.,-1.));
#17330=DIRECTION('center_axis',(0.,0.,-1.));
#17331=DIRECTION('ref_axis',(0.,1.,0.));
#17332=DIRECTION('center_axis',(1.,-4.38606627012407E-16,0.));
#17333=DIRECTION('ref_axis',(4.38606627012407E-16,1.,0.));
#17334=DIRECTION('center_axis',(0.,0.,1.));
#17335=DIRECTION('ref_axis',(0.,1.,0.));
#17336=DIRECTION('',(0.,0.,1.));
#17337=DIRECTION('',(0.,0.,1.));
#17338=DIRECTION('center_axis',(1.,0.,0.));
#17339=DIRECTION('ref_axis',(0.,1.,0.));
#17340=DIRECTION('',(0.,0.,1.));
#17341=DIRECTION('center_axis',(0.,0.,1.));
#17342=DIRECTION('ref_axis',(-1.,-1.99840144432525E-14,0.));
#17343=DIRECTION('center_axis',(0.,0.,1.));
#17344=DIRECTION('ref_axis',(0.,1.,0.));
#17345=DIRECTION('',(0.,0.,1.));
#17346=DIRECTION('center_axis',(1.,-1.77635683940024E-14,0.));
#17347=DIRECTION('ref_axis',(1.77635683940024E-14,1.,0.));
#17348=DIRECTION('',(0.,0.,1.));
#17349=DIRECTION('center_axis',(0.,0.,1.));
#17350=DIRECTION('ref_axis',(-1.,-5.32907051820049E-14,0.));
#17351=DIRECTION('',(0.,0.,1.));
#17352=DIRECTION('center_axis',(0.,1.,0.));
#17353=DIRECTION('ref_axis',(-1.,0.,0.));
#17354=DIRECTION('',(0.,0.,1.));
#17355=DIRECTION('center_axis',(0.,0.,1.));
#17356=DIRECTION('ref_axis',(1.,5.32907051820049E-14,0.));
#17357=DIRECTION('',(0.,0.,1.));
#17358=DIRECTION('center_axis',(1.,0.,0.));
#17359=DIRECTION('ref_axis',(0.,1.,0.));
#17360=DIRECTION('',(0.,0.,1.));
#17361=DIRECTION('center_axis',(0.,0.,1.));
#17362=DIRECTION('ref_axis',(3.55271367880032E-14,-1.,0.));
#17363=DIRECTION('',(0.,0.,1.));
#17364=DIRECTION('center_axis',(0.,-1.,0.));
#17365=DIRECTION('ref_axis',(1.,0.,0.));
#17366=DIRECTION('',(0.,0.,1.));
#17367=DIRECTION('center_axis',(0.,0.,1.));
#17368=DIRECTION('ref_axis',(-1.,-3.55271367880045E-14,0.));
#17369=DIRECTION('',(0.,0.,1.));
#17370=DIRECTION('center_axis',(-1.,-1.77635683940024E-14,0.));
#17371=DIRECTION('ref_axis',(1.77635683940024E-14,-1.,0.));
#17372=DIRECTION('',(0.,0.,1.));
#17373=DIRECTION('center_axis',(0.,0.,1.));
#17374=DIRECTION('ref_axis',(-3.55271367880032E-14,1.,0.));
#17375=DIRECTION('',(0.,0.,1.));
#17376=DIRECTION('center_axis',(0.,1.,0.));
#17377=DIRECTION('ref_axis',(-1.,0.,0.));
#17378=DIRECTION('',(0.,0.,1.));
#17379=DIRECTION('center_axis',(0.,0.,1.));
#17380=DIRECTION('ref_axis',(0.,-1.,0.));
#17381=DIRECTION('',(0.,0.,1.));
#17382=DIRECTION('center_axis',(-1.,8.88178419700042E-14,0.));
#17383=DIRECTION('ref_axis',(-8.88178419700042E-14,-1.,0.));
#17384=DIRECTION('',(0.,0.,1.));
#17385=DIRECTION('center_axis',(0.,0.,1.));
#17386=DIRECTION('ref_axis',(1.,1.77635683940016E-14,0.));
#17387=DIRECTION('center_axis',(0.,0.,1.));
#17388=DIRECTION('ref_axis',(-1.15463194561043E-13,1.,0.));
#17389=DIRECTION('',(0.,0.,1.));
#17390=DIRECTION('center_axis',(1.,0.,0.));
#17391=DIRECTION('ref_axis',(0.,1.,0.));
#17392=DIRECTION('',(0.,0.,1.));
#17393=DIRECTION('center_axis',(0.,0.,1.));
#17394=DIRECTION('ref_axis',(-1.,0.,0.));
#17395=DIRECTION('',(0.,0.,1.));
#17396=DIRECTION('center_axis',(0.,1.,0.));
#17397=DIRECTION('ref_axis',(-1.,0.,0.));
#17398=DIRECTION('',(0.,0.,1.));
#17399=DIRECTION('center_axis',(0.,0.,1.));
#17400=DIRECTION('ref_axis',(1.,0.,0.));
#17401=DIRECTION('',(0.,0.,1.));
#17402=DIRECTION('center_axis',(1.,0.,0.));
#17403=DIRECTION('ref_axis',(0.,1.,0.));
#17404=DIRECTION('',(0.,0.,1.));
#17405=DIRECTION('center_axis',(0.,0.,1.));
#17406=DIRECTION('ref_axis',(0.,-1.,0.));
#17407=DIRECTION('',(0.,0.,1.));
#17408=DIRECTION('center_axis',(0.,-1.,0.));
#17409=DIRECTION('ref_axis',(1.,0.,0.));
#17410=DIRECTION('',(0.,0.,1.));
#17411=DIRECTION('center_axis',(0.,0.,1.));
#17412=DIRECTION('ref_axis',(-1.,0.,0.));
#17413=DIRECTION('',(0.,0.,1.));
#17414=DIRECTION('center_axis',(-1.,4.4408920985006E-15,0.));
#17415=DIRECTION('ref_axis',(-4.4408920985006E-15,-1.,0.));
#17416=DIRECTION('',(0.,0.,1.));
#17417=DIRECTION('center_axis',(0.,0.,1.));
#17418=DIRECTION('ref_axis',(0.,1.,0.));
#17419=DIRECTION('',(0.,0.,1.));
#17420=DIRECTION('center_axis',(3.79799827707962E-15,1.,0.));
#17421=DIRECTION('ref_axis',(-1.,3.79799827707962E-15,0.));
#17422=DIRECTION('',(0.,0.,1.));
#17423=DIRECTION('center_axis',(0.,0.,1.));
#17424=DIRECTION('ref_axis',(7.99360577730101E-14,-1.,0.));
#17425=DIRECTION('',(0.,0.,1.));
#17426=DIRECTION('center_axis',(-1.,0.,0.));
#17427=DIRECTION('ref_axis',(0.,-1.,0.));
#17428=DIRECTION('',(0.,0.,1.));
#17429=DIRECTION('center_axis',(0.,0.,1.));
#17430=DIRECTION('ref_axis',(1.,-1.95399252334037E-13,0.));
#17431=DIRECTION('center_axis',(0.,0.,1.));
#17432=DIRECTION('ref_axis',(0.,-1.,0.));
#17433=DIRECTION('',(0.,0.,1.));
#17434=DIRECTION('center_axis',(-1.,0.,0.));
#17435=DIRECTION('ref_axis',(0.,-1.,0.));
#17436=DIRECTION('',(0.,0.,1.));
#17437=DIRECTION('center_axis',(0.,0.,1.));
#17438=DIRECTION('ref_axis',(1.,-2.22044604925032E-15,0.));
#17439=DIRECTION('',(0.,0.,1.));
#17440=DIRECTION('center_axis',(-3.69432739068589E-16,-1.,0.));
#17441=DIRECTION('ref_axis',(1.,-3.69432739068589E-16,0.));
#17442=DIRECTION('',(0.,0.,1.));
#17443=DIRECTION('center_axis',(0.,0.,1.));
#17444=DIRECTION('ref_axis',(-1.,2.22044604925032E-15,0.));
#17445=DIRECTION('',(0.,0.,1.));
#17446=DIRECTION('center_axis',(-1.,0.,0.));
#17447=DIRECTION('ref_axis',(0.,-1.,0.));
#17448=DIRECTION('',(0.,0.,1.));
#17449=DIRECTION('center_axis',(0.,0.,1.));
#17450=DIRECTION('ref_axis',(0.,1.,0.));
#17451=DIRECTION('',(0.,0.,1.));
#17452=DIRECTION('center_axis',(0.,1.,0.));
#17453=DIRECTION('ref_axis',(-1.,0.,0.));
#17454=DIRECTION('',(0.,0.,1.));
#17455=DIRECTION('center_axis',(0.,0.,1.));
#17456=DIRECTION('ref_axis',(1.,2.22044604925032E-15,0.));
#17457=DIRECTION('',(0.,0.,1.));
#17458=DIRECTION('center_axis',(1.,0.,0.));
#17459=DIRECTION('ref_axis',(0.,1.,0.));
#17460=DIRECTION('',(0.,0.,1.));
#17461=DIRECTION('center_axis',(0.,0.,1.));
#17462=DIRECTION('ref_axis',(0.,-1.,0.));
#17463=DIRECTION('',(0.,0.,1.));
#17464=DIRECTION('center_axis',(3.70718176464019E-16,-1.,0.));
#17465=DIRECTION('ref_axis',(1.,3.70718176464019E-16,0.));
#17466=DIRECTION('',(0.,0.,1.));
#17467=DIRECTION('center_axis',(0.,0.,1.));
#17468=DIRECTION('ref_axis',(0.,1.,0.));
#17469=DIRECTION('',(0.,0.,1.));
#17470=DIRECTION('center_axis',(1.,0.,0.));
#17471=DIRECTION('ref_axis',(0.,1.,0.));
#17472=DIRECTION('',(0.,0.,1.));
#17473=DIRECTION('center_axis',(0.,0.,1.));
#17474=DIRECTION('ref_axis',(-1.,8.88178419700128E-15,0.));
#17475=DIRECTION('center_axis',(0.,0.,1.));
#17476=DIRECTION('ref_axis',(0.,-1.,0.));
#17477=DIRECTION('',(0.,0.,1.));
#17478=DIRECTION('center_axis',(-1.,0.,0.));
#17479=DIRECTION('ref_axis',(0.,-1.,0.));
#17480=DIRECTION('',(0.,0.,1.));
#17481=DIRECTION('center_axis',(0.,0.,1.));
#17482=DIRECTION('ref_axis',(1.,1.99840144432525E-14,0.));
#17483=DIRECTION('',(0.,0.,1.));
#17484=DIRECTION('center_axis',(0.,-1.,0.));
#17485=DIRECTION('ref_axis',(1.,0.,0.));
#17486=DIRECTION('',(0.,0.,1.));
#17487=DIRECTION('center_axis',(0.,0.,1.));
#17488=DIRECTION('ref_axis',(-1.,-1.99840144432525E-14,0.));
#17489=DIRECTION('',(0.,0.,1.));
#17490=DIRECTION('center_axis',(-1.,0.,0.));
#17491=DIRECTION('ref_axis',(0.,-1.,0.));
#17492=DIRECTION('',(0.,0.,1.));
#17493=DIRECTION('center_axis',(0.,0.,1.));
#17494=DIRECTION('ref_axis',(0.,1.,0.));
#17495=DIRECTION('',(0.,0.,1.));
#17496=DIRECTION('center_axis',(1.32226184425812E-15,1.,0.));
#17497=DIRECTION('ref_axis',(-1.,1.32226184425812E-15,0.));
#17498=DIRECTION('',(0.,0.,1.));
#17499=DIRECTION('center_axis',(0.,0.,1.));
#17500=DIRECTION('ref_axis',(1.,5.55111512312551E-14,0.));
#17501=DIRECTION('',(0.,0.,1.));
#17502=DIRECTION('center_axis',(1.,0.,0.));
#17503=DIRECTION('ref_axis',(0.,1.,0.));
#17504=DIRECTION('',(0.,0.,1.));
#17505=DIRECTION('center_axis',(0.,0.,1.));
#17506=DIRECTION('ref_axis',(3.5527136788003E-14,-1.,0.));
#17507=DIRECTION('',(0.,0.,1.));
#17508=DIRECTION('center_axis',(0.,-1.,0.));
#17509=DIRECTION('ref_axis',(1.,0.,0.));
#17510=CARTESIAN_POINT('',(0.,0.,0.));
#17511=CARTESIAN_POINT('Origin',(168.181400481209,-88.6696277027369,6.1));
#17512=CARTESIAN_POINT('',(166.570800481209,-88.6696277027369,6.1));
#17513=CARTESIAN_POINT('',(168.181400481209,-88.6696277027369,6.1));
#17514=CARTESIAN_POINT('',(159.916000481209,-88.6696277027369,6.1));
#17515=CARTESIAN_POINT('',(166.570800481209,-88.6696277027369,4.6));
#17516=CARTESIAN_POINT('',(166.570800481209,-88.6696277027369,6.1));
#17517=CARTESIAN_POINT('',(168.181400481209,-88.6696277027369,4.6));
#17518=CARTESIAN_POINT('',(159.916000481209,-88.6696277027369,4.6));
#17519=CARTESIAN_POINT('',(168.181400481209,-88.6696277027369,6.1));
#17520=CARTESIAN_POINT('Origin',(183.792000481209,-88.6696277027369,6.1));
#17521=CARTESIAN_POINT('',(182.181400481209,-88.6696277027369,6.1));
#17522=CARTESIAN_POINT('',(183.792000481209,-88.6696277027369,6.1));
#17523=CARTESIAN_POINT('',(159.916000481209,-88.6696277027369,6.1));
#17524=CARTESIAN_POINT('',(182.181400481209,-88.6696277027369,4.6));
#17525=CARTESIAN_POINT('',(182.181400481209,-88.6696277027369,6.1));
#17526=CARTESIAN_POINT('',(183.792000481209,-88.6696277027369,4.6));
#17527=CARTESIAN_POINT('',(159.916000481209,-88.6696277027369,4.6));
#17528=CARTESIAN_POINT('',(183.792000481209,-88.6696277027369,6.1));
#17529=CARTESIAN_POINT('Origin',(182.181400481209,-92.4636277027369,6.1));
#17530=CARTESIAN_POINT('',(183.792000481209,-92.4636277027369,6.1));
#17531=CARTESIAN_POINT('',(182.181400481209,-92.4636277027369,6.1));
#17532=CARTESIAN_POINT('',(191.310400481209,-92.4636277027369,6.1));
#17533=CARTESIAN_POINT('',(183.792000481209,-92.4636277027369,4.6));
#17534=CARTESIAN_POINT('',(183.792000481209,-92.4636277027369,6.1));
#17535=CARTESIAN_POINT('',(182.181400481209,-92.4636277027369,4.6));
#17536=CARTESIAN_POINT('',(191.310400481209,-92.4636277027369,4.6));
#17537=CARTESIAN_POINT('',(182.181400481209,-92.4636277027369,6.1));
#17538=CARTESIAN_POINT('Origin',(166.570800481209,-92.4636277027369,6.1));
#17539=CARTESIAN_POINT('',(168.181400481209,-92.4636277027369,6.1));
#17540=CARTESIAN_POINT('',(166.570800481209,-92.4636277027369,6.1));
#17541=CARTESIAN_POINT('',(191.310400481209,-92.4636277027369,6.1));
#17542=CARTESIAN_POINT('',(168.181400481209,-92.4636277027369,4.6));
#17543=CARTESIAN_POINT('',(168.181400481209,-92.4636277027369,6.1));
#17544=CARTESIAN_POINT('',(166.570800481209,-92.4636277027369,4.6));
#17545=CARTESIAN_POINT('',(191.310400481209,-92.4636277027369,4.6));
#17546=CARTESIAN_POINT('',(166.570800481209,-92.4636277027369,6.1));
#17547=CARTESIAN_POINT('Origin',(111.031400481209,-88.6696277027369,6.1));
#17548=CARTESIAN_POINT('',(111.031400481209,-88.6696277027369,6.1));
#17549=CARTESIAN_POINT('',(109.420800481209,-88.6696277027369,6.1));
#17550=CARTESIAN_POINT('',(133.296800481209,-88.6696277027369,6.1));
#17551=CARTESIAN_POINT('',(109.420800481209,-88.6696277027369,4.6));
#17552=CARTESIAN_POINT('',(109.420800481209,-88.6696277027369,6.1));
#17553=CARTESIAN_POINT('',(111.031400481209,-88.6696277027369,4.6));
#17554=CARTESIAN_POINT('',(133.296800481209,-88.6696277027369,4.6));
#17555=CARTESIAN_POINT('',(111.031400481209,-88.6696277027369,6.1));
#17556=CARTESIAN_POINT('Origin',(126.642000481209,-88.6696277027369,6.1));
#17557=CARTESIAN_POINT('',(126.642000481209,-88.6696277027369,6.1));
#17558=CARTESIAN_POINT('',(125.031400481209,-88.6696277027369,6.1));
#17559=CARTESIAN_POINT('',(133.296800481209,-88.6696277027369,6.1));
#17560=CARTESIAN_POINT('',(125.031400481209,-88.6696277027369,4.6));
#17561=CARTESIAN_POINT('',(125.031400481209,-88.6696277027369,6.1));
#17562=CARTESIAN_POINT('',(126.642000481209,-88.6696277027369,4.6));
#17563=CARTESIAN_POINT('',(133.296800481209,-88.6696277027369,4.6));
#17564=CARTESIAN_POINT('',(126.642000481209,-88.6696277027369,6.1));
#17565=CARTESIAN_POINT('Origin',(125.031400481209,-92.4636277027369,6.1));
#17566=CARTESIAN_POINT('',(126.642000481209,-92.4636277027369,6.1));
#17567=CARTESIAN_POINT('',(125.031400481209,-92.4636277027369,6.1));
#17568=CARTESIAN_POINT('',(134.160400481209,-92.4636277027369,6.1));
#17569=CARTESIAN_POINT('',(126.642000481209,-92.4636277027369,4.6));
#17570=CARTESIAN_POINT('',(126.642000481209,-92.4636277027369,6.1));
#17571=CARTESIAN_POINT('',(125.031400481209,-92.4636277027369,4.6));
#17572=CARTESIAN_POINT('',(134.160400481209,-92.4636277027369,4.6));
#17573=CARTESIAN_POINT('',(125.031400481209,-92.4636277027369,6.1));
#17574=CARTESIAN_POINT('Origin',(109.420800481209,-92.4636277027369,6.1));
#17575=CARTESIAN_POINT('',(111.031400481209,-92.4636277027369,6.1));
#17576=CARTESIAN_POINT('',(109.420800481209,-92.4636277027369,6.1));
#17577=CARTESIAN_POINT('',(134.160400481209,-92.4636277027369,6.1));
#17578=CARTESIAN_POINT('',(111.031400481209,-92.4636277027369,4.6));
#17579=CARTESIAN_POINT('',(111.031400481209,-92.4636277027369,6.1));
#17580=CARTESIAN_POINT('',(109.420800481209,-92.4636277027369,4.6));
#17581=CARTESIAN_POINT('',(134.160400481209,-92.4636277027369,4.6));
#17582=CARTESIAN_POINT('',(109.420800481209,-92.4636277027369,6.1));
#17583=CARTESIAN_POINT('Origin',(146.600012334742,-62.8999995216727,4.6));
#17584=CARTESIAN_POINT('',(195.756400481209,-100.955627702737,4.6));
#17585=CARTESIAN_POINT('',(195.756400481209,-101.777999521672,4.6));
#17586=CARTESIAN_POINT('',(195.756400481209,-82.3389995216724,4.6));
#17587=CARTESIAN_POINT('',(194.256400481209,-103.277999521672,4.6));
#17588=CARTESIAN_POINT('Origin',(194.256400481209,-101.777999521672,4.6));
#17589=CARTESIAN_POINT('',(98.9564004812088,-103.277999521673,4.6));
#17590=CARTESIAN_POINT('',(122.778206407975,-103.277999521673,4.6));
#17591=CARTESIAN_POINT('',(97.4564004812088,-101.777999521673,4.6));
#17592=CARTESIAN_POINT('Origin',(98.9564004812088,-101.777999521673,4.6));
#17593=CARTESIAN_POINT('',(97.4564004812088,-100.955627702737,4.6));
#17594=CARTESIAN_POINT('',(97.4564004812088,-81.9278136122048,4.6));
#17595=CARTESIAN_POINT('',(95.9564004812088,-99.4556277027369,4.6));
#17596=CARTESIAN_POINT('Origin',(95.9564004812088,-100.955627702737,4.6));
#17597=CARTESIAN_POINT('',(82.9564004812088,-99.4556277027369,4.6));
#17598=CARTESIAN_POINT('',(114.778206407975,-99.4556277027369,4.6));
#17599=CARTESIAN_POINT('',(81.4564004812088,-97.9556277027369,4.6));
#17600=CARTESIAN_POINT('Origin',(82.9564004812088,-97.9556277027369,4.6));
#17601=CARTESIAN_POINT('',(81.4564004812088,-84.9556277027369,4.6));
#17602=CARTESIAN_POINT('',(81.4564004812088,-73.9278136122048,4.6));
#17603=CARTESIAN_POINT('',(82.9564004812088,-83.4556277027369,4.6));
#17604=CARTESIAN_POINT('Origin',(82.9564004812088,-84.9556277027369,4.6));
#17605=CARTESIAN_POINT('',(95.9314004812088,-83.4556277027369,4.6));
#17606=CARTESIAN_POINT('',(121.265706407975,-83.4556277027369,4.6));
#17607=CARTESIAN_POINT('',(95.9314004812088,-80.4056277027369,4.6));
#17608=CARTESIAN_POINT('Origin',(95.9314004812088,-81.9306277027369,4.6));
#17609=CARTESIAN_POINT('',(42.4751504812088,-80.4056277027369,4.6));
#17610=CARTESIAN_POINT('',(94.5375814079752,-80.4056277027369,4.6));
#17611=CARTESIAN_POINT('',(40.9751504812088,-78.9056277027369,4.6));
#17612=CARTESIAN_POINT('Origin',(42.4751504812088,-78.9056277027369,4.6));
#17613=CARTESIAN_POINT('',(40.9751504812088,-65.9056277027369,4.6));
#17614=CARTESIAN_POINT('',(40.9751504812088,-64.4028136122048,4.6));
#17615=CARTESIAN_POINT('',(42.4751504812088,-64.4056277027369,4.6));
#17616=CARTESIAN_POINT('Origin',(42.4751504812088,-65.9056277027369,4.6));
#17617=CARTESIAN_POINT('',(117.387650481209,-64.4056277027369,4.6));
#17618=CARTESIAN_POINT('',(131.993831407975,-64.4056277027369,4.6));
#17619=CARTESIAN_POINT('',(118.887650481209,-65.9056277027369,4.6));
#17620=CARTESIAN_POINT('Origin',(117.387650481209,-65.9056277027369,4.6));
#17621=CARTESIAN_POINT('',(118.887650481209,-78.8806277027369,4.6));
#17622=CARTESIAN_POINT('',(118.887650481209,-70.8903136122048,4.6));
#17623=CARTESIAN_POINT('',(121.937650481209,-78.8806277027369,4.6));
#17624=CARTESIAN_POINT('Origin',(120.412650481209,-78.8806277027369,4.6));
#17625=CARTESIAN_POINT('',(121.937650481209,-65.9056277027369,4.6));
#17626=CARTESIAN_POINT('',(121.937650481209,-64.4028136122048,4.6));
#17627=CARTESIAN_POINT('',(123.437650481209,-64.4056277027369,4.6));
#17628=CARTESIAN_POINT('Origin',(123.437650481209,-65.9056277027369,4.6));
#17629=CARTESIAN_POINT('',(174.537650481209,-64.4056277027369,4.6));
#17630=CARTESIAN_POINT('',(160.568831407975,-64.4056277027369,4.6));
#17631=CARTESIAN_POINT('',(176.037650481209,-65.9056277027369,4.6));
#17632=CARTESIAN_POINT('Origin',(174.537650481209,-65.9056277027369,4.6));
#17633=CARTESIAN_POINT('',(176.037650481209,-78.8806277027369,4.6));
#17634=CARTESIAN_POINT('',(176.037650481209,-70.8903136122048,4.6));
#17635=CARTESIAN_POINT('',(179.087650481209,-78.8806277027369,4.6));
#17636=CARTESIAN_POINT('Origin',(177.562650481209,-78.8806277027369,4.6));
#17637=CARTESIAN_POINT('',(179.087650481209,-65.9056277027369,4.6));
#17638=CARTESIAN_POINT('',(179.087650481209,-64.4028136122048,4.6));
#17639=CARTESIAN_POINT('',(180.587650481209,-64.4056277027369,4.6));
#17640=CARTESIAN_POINT('Origin',(180.587650481209,-65.9056277027369,4.6));
#17641=CARTESIAN_POINT('',(253.118900481209,-64.4056277027369,4.6));
#17642=CARTESIAN_POINT('',(199.859456407975,-64.4056277027367,4.6));
#17643=CARTESIAN_POINT('',(254.618900481209,-65.9056277027369,4.6));
#17644=CARTESIAN_POINT('Origin',(253.118900481209,-65.9056277027369,4.6));
#17645=CARTESIAN_POINT('',(254.618900481209,-78.9056277027369,4.6));
#17646=CARTESIAN_POINT('',(254.618900481209,-70.9028136122048,4.6));
#17647=CARTESIAN_POINT('',(253.118900481209,-80.4056277027369,4.6));
#17648=CARTESIAN_POINT('Origin',(253.118900481209,-78.9056277027369,4.6));
#17649=CARTESIAN_POINT('',(197.281400481209,-80.4056277027369,4.6));
#17650=CARTESIAN_POINT('',(171.940706407975,-80.4056277027369,4.6));
#17651=CARTESIAN_POINT('',(197.281400481209,-83.4556277027369,4.6));
#17652=CARTESIAN_POINT('Origin',(197.281400481209,-81.9306277027369,4.6));
#17653=CARTESIAN_POINT('',(210.256400481209,-83.4556277027369,4.6));
#17654=CARTESIAN_POINT('',(178.428206407975,-83.455627702737,4.6));
#17655=CARTESIAN_POINT('',(211.756400481209,-84.9556277027369,4.6));
#17656=CARTESIAN_POINT('Origin',(210.256400481209,-84.9556277027369,4.6));
#17657=CARTESIAN_POINT('',(211.756400481209,-97.9556277027369,4.6));
#17658=CARTESIAN_POINT('',(211.756400481209,-80.4278136122048,4.6));
#17659=CARTESIAN_POINT('',(210.256400481209,-99.4556277027369,4.6));
#17660=CARTESIAN_POINT('Origin',(210.256400481209,-97.9556277027369,4.6));
#17661=CARTESIAN_POINT('',(197.256400481209,-99.4556277027369,4.6));
#17662=CARTESIAN_POINT('',(171.928206407975,-99.4556277027369,4.6));
#17663=CARTESIAN_POINT('Origin',(197.256400481209,-100.955627702737,4.6));
#17664=CARTESIAN_POINT('',(133.296800481209,-92.4636277027369,4.6));
#17665=CARTESIAN_POINT('',(133.796800481209,-91.9636277027369,4.6));
#17666=CARTESIAN_POINT('Origin',(133.796800481209,-92.4636277027369,4.6));
#17667=CARTESIAN_POINT('',(134.160400481209,-91.9636277027369,4.6));
#17668=CARTESIAN_POINT('',(140.380206407975,-91.9636277027369,4.6));
#17669=CARTESIAN_POINT('',(134.160400481209,-89.6696277027369,4.6));
#17670=CARTESIAN_POINT('',(134.160400481209,-76.2848136122048,4.6));
#17671=CARTESIAN_POINT('',(133.660400481209,-89.1696277027369,4.6));
#17672=CARTESIAN_POINT('Origin',(133.660400481209,-89.6696277027369,4.6));
#17673=CARTESIAN_POINT('',(133.296800481209,-89.1696277027369,4.6));
#17674=CARTESIAN_POINT('',(133.660400481209,-89.1696277027369,4.6));
#17675=CARTESIAN_POINT('',(133.296800481209,-86.2660277027369,4.6));
#17676=CARTESIAN_POINT('',(133.296800481209,-89.1696277027369,4.6));
#17677=CARTESIAN_POINT('',(132.796800481209,-85.7660277027369,4.6));
#17678=CARTESIAN_POINT('Origin',(132.796800481209,-86.2660277027369,4.6));
#17679=CARTESIAN_POINT('',(127.142000481209,-85.7660277027369,4.6));
#17680=CARTESIAN_POINT('',(132.796800481209,-85.7660277027369,4.6));
#17681=CARTESIAN_POINT('',(126.642000481209,-86.2660277027369,4.6));
#17682=CARTESIAN_POINT('Origin',(127.142000481209,-86.2660277027369,4.6));
#17683=CARTESIAN_POINT('',(126.642000481209,-86.2660277027369,4.6));
#17684=CARTESIAN_POINT('',(125.031400481209,-84.9556277027369,4.6));
#17685=CARTESIAN_POINT('',(125.031400481209,-73.9278136122048,4.6));
#17686=CARTESIAN_POINT('',(124.531400481209,-84.4556277027369,4.6));
#17687=CARTESIAN_POINT('Origin',(124.531400481209,-84.9556277027369,4.6));
#17688=CARTESIAN_POINT('',(111.531400481209,-84.4556277027369,4.6));
#17689=CARTESIAN_POINT('',(129.065706407975,-84.4556277027369,4.6));
#17690=CARTESIAN_POINT('',(111.031400481209,-84.9556277027369,4.6));
#17691=CARTESIAN_POINT('Origin',(111.531400481209,-84.9556277027369,4.6));
#17692=CARTESIAN_POINT('',(111.031400481209,-80.4278136122048,4.6));
#17693=CARTESIAN_POINT('',(109.420800481209,-86.2660277027369,4.6));
#17694=CARTESIAN_POINT('',(109.420800481209,-86.2660277027369,4.6));
#17695=CARTESIAN_POINT('',(108.920800481209,-85.7660277027369,4.6));
#17696=CARTESIAN_POINT('Origin',(108.920800481209,-86.2660277027369,4.6));
#17697=CARTESIAN_POINT('',(103.266000481209,-85.7660277027369,4.6));
#17698=CARTESIAN_POINT('',(103.266000481209,-85.7660277027369,4.6));
#17699=CARTESIAN_POINT('',(102.766000481209,-86.2660277027369,4.6));
#17700=CARTESIAN_POINT('Origin',(103.266000481209,-86.2660277027369,4.6));
#17701=CARTESIAN_POINT('',(102.766000481209,-89.1696277027369,4.6));
#17702=CARTESIAN_POINT('',(102.766000481209,-89.1696277027369,4.6));
#17703=CARTESIAN_POINT('',(102.402400481209,-89.1696277027369,4.6));
#17704=CARTESIAN_POINT('',(102.402400481209,-89.1696277027369,4.6));
#17705=CARTESIAN_POINT('',(101.902400481209,-89.6696277027369,4.6));
#17706=CARTESIAN_POINT('Origin',(102.402400481209,-89.6696277027369,4.6));
#17707=CARTESIAN_POINT('',(101.902400481209,-91.9636277027369,4.6));
#17708=CARTESIAN_POINT('',(101.902400481209,-77.4318136122048,4.6));
#17709=CARTESIAN_POINT('',(102.266000481209,-91.9636277027369,4.6));
#17710=CARTESIAN_POINT('',(124.433006407975,-91.9636277027369,4.6));
#17711=CARTESIAN_POINT('',(102.766000481209,-92.4636277027369,4.6));
#17712=CARTESIAN_POINT('Origin',(102.266000481209,-92.4636277027369,4.6));
#17713=CARTESIAN_POINT('',(102.766000481209,-97.5596277027369,4.6));
#17714=CARTESIAN_POINT('',(102.766000481209,-97.5596277027369,4.6));
#17715=CARTESIAN_POINT('',(103.266000481209,-98.0596277027369,4.6));
#17716=CARTESIAN_POINT('Origin',(103.266000481209,-97.5596277027369,4.6));
#17717=CARTESIAN_POINT('',(104.069400481209,-98.0596277027369,4.6));
#17718=CARTESIAN_POINT('',(104.069400481209,-98.0596277027369,4.6));
#17719=CARTESIAN_POINT('',(104.569400481209,-98.5596277027369,4.6));
#17720=CARTESIAN_POINT('Origin',(104.069400481209,-98.5596277027369,4.6));
#17721=CARTESIAN_POINT('',(104.569400481209,-98.7280277027369,4.6));
#17722=CARTESIAN_POINT('',(104.569400481209,-98.7280277027369,4.6));
#17723=CARTESIAN_POINT('',(105.069400481209,-99.2280277027369,4.6));
#17724=CARTESIAN_POINT('Origin',(105.069400481209,-98.7280277027369,4.6));
#17725=CARTESIAN_POINT('',(107.117400481209,-99.2280277027369,4.6));
#17726=CARTESIAN_POINT('',(107.117400481209,-99.2280277027369,4.6));
#17727=CARTESIAN_POINT('',(107.617400481209,-98.7280277027369,4.6));
#17728=CARTESIAN_POINT('Origin',(107.117400481209,-98.7280277027369,4.6));
#17729=CARTESIAN_POINT('',(107.617400481209,-98.5596277027369,4.6));
#17730=CARTESIAN_POINT('',(107.617400481209,-98.5596277027369,4.6));
#17731=CARTESIAN_POINT('',(108.117400481209,-98.0596277027369,4.6));
#17732=CARTESIAN_POINT('Origin',(108.117400481209,-98.5596277027369,4.6));
#17733=CARTESIAN_POINT('',(109.420800481209,-98.0596277027369,4.6));
#17734=CARTESIAN_POINT('',(109.420800481209,-98.0596277027369,4.6));
#17735=CARTESIAN_POINT('',(109.420800481209,-97.7722277027369,4.6));
#17736=CARTESIAN_POINT('',(111.031400481209,-97.9556277027369,4.6));
#17737=CARTESIAN_POINT('',(111.031400481209,-80.4278136122048,4.6));
#17738=CARTESIAN_POINT('',(111.531400481209,-98.4556277027369,4.6));
#17739=CARTESIAN_POINT('Origin',(111.531400481209,-97.9556277027369,4.6));
#17740=CARTESIAN_POINT('',(124.531400481209,-98.4556277027369,4.6));
#17741=CARTESIAN_POINT('',(135.565706407975,-98.4556277027369,4.6));
#17742=CARTESIAN_POINT('',(125.031400481209,-97.9556277027369,4.6));
#17743=CARTESIAN_POINT('Origin',(124.531400481209,-97.9556277027369,4.6));
#17744=CARTESIAN_POINT('',(125.031400481209,-73.9278136122048,4.6));
#17745=CARTESIAN_POINT('',(126.642000481209,-98.0596277027369,4.6));
#17746=CARTESIAN_POINT('',(126.642000481209,-86.5788277027369,4.6));
#17747=CARTESIAN_POINT('',(127.945400481209,-98.0596277027369,4.6));
#17748=CARTESIAN_POINT('',(126.642000481209,-98.0596277027369,4.6));
#17749=CARTESIAN_POINT('',(128.445400481209,-98.5596277027369,4.6));
#17750=CARTESIAN_POINT('Origin',(127.945400481209,-98.5596277027369,4.6));
#17751=CARTESIAN_POINT('',(128.445400481209,-98.7280277027369,4.6));
#17752=CARTESIAN_POINT('',(128.445400481209,-98.5596277027369,4.6));
#17753=CARTESIAN_POINT('',(128.945400481209,-99.2280277027369,4.6));
#17754=CARTESIAN_POINT('Origin',(128.945400481209,-98.7280277027369,4.6));
#17755=CARTESIAN_POINT('',(130.993400481209,-99.2280277027369,4.6));
#17756=CARTESIAN_POINT('',(128.945400481209,-99.2280277027369,4.6));
#17757=CARTESIAN_POINT('',(131.493400481209,-98.7280277027369,4.6));
#17758=CARTESIAN_POINT('Origin',(130.993400481209,-98.7280277027369,4.6));
#17759=CARTESIAN_POINT('',(131.493400481209,-98.5596277027369,4.6));
#17760=CARTESIAN_POINT('',(131.493400481209,-98.7280277027369,4.6));
#17761=CARTESIAN_POINT('',(131.993400481209,-98.0596277027369,4.6));
#17762=CARTESIAN_POINT('Origin',(131.993400481209,-98.5596277027369,4.6));
#17763=CARTESIAN_POINT('',(132.796800481209,-98.0596277027369,4.6));
#17764=CARTESIAN_POINT('',(131.993400481209,-98.0596277027369,4.6));
#17765=CARTESIAN_POINT('',(133.296800481209,-97.5596277027369,4.6));
#17766=CARTESIAN_POINT('Origin',(132.796800481209,-97.5596277027369,4.6));
#17767=CARTESIAN_POINT('',(133.296800481209,-97.5596277027369,4.6));
#17768=CARTESIAN_POINT('',(199.137650481209,-65.9056277027369,4.6));
#17769=CARTESIAN_POINT('',(199.137650481209,-78.9056277027369,4.6));
#17770=CARTESIAN_POINT('',(199.137650481209,-70.9028136122048,4.6));
#17771=CARTESIAN_POINT('',(199.637650481209,-79.4056277027369,4.6));
#17772=CARTESIAN_POINT('Origin',(199.637650481209,-78.9056277027369,4.6));
#17773=CARTESIAN_POINT('',(212.637650481209,-79.4056277027369,4.6));
#17774=CARTESIAN_POINT('',(179.618831407975,-79.4056277027369,4.6));
#17775=CARTESIAN_POINT('',(213.137650481209,-78.9056277027369,4.6));
#17776=CARTESIAN_POINT('Origin',(212.637650481209,-78.9056277027369,4.6));
#17777=CARTESIAN_POINT('',(213.137650481209,-65.9056277027369,4.6));
#17778=CARTESIAN_POINT('',(213.137650481209,-64.4028136122048,4.6));
#17779=CARTESIAN_POINT('',(212.637650481209,-65.4056277027369,4.6));
#17780=CARTESIAN_POINT('Origin',(212.637650481209,-65.9056277027369,4.6));
#17781=CARTESIAN_POINT('',(199.637650481209,-65.4056277027369,4.6));
#17782=CARTESIAN_POINT('',(173.118831407975,-65.4056277027369,4.6));
#17783=CARTESIAN_POINT('Origin',(199.637650481209,-65.9056277027369,4.6));
#17784=CARTESIAN_POINT('',(122.937650481209,-65.9056277027369,4.6));
#17785=CARTESIAN_POINT('',(122.937650481209,-78.9056277027369,4.6));
#17786=CARTESIAN_POINT('',(122.937650481209,-70.9028136122048,4.6));
#17787=CARTESIAN_POINT('',(123.437650481209,-79.4056277027369,4.6));
#17788=CARTESIAN_POINT('Origin',(123.437650481209,-78.9056277027369,4.6));
#17789=CARTESIAN_POINT('',(136.437650481209,-79.4056277027369,4.6));
#17790=CARTESIAN_POINT('',(141.518831407975,-79.4056277027369,4.6));
#17791=CARTESIAN_POINT('',(136.937650481209,-78.9056277027369,4.6));
#17792=CARTESIAN_POINT('Origin',(136.437650481209,-78.9056277027369,4.6));
#17793=CARTESIAN_POINT('',(136.937650481209,-65.9056277027369,4.6));
#17794=CARTESIAN_POINT('',(136.937650481209,-64.4028136122048,4.6));
#17795=CARTESIAN_POINT('',(136.437650481209,-65.4056277027369,4.6));
#17796=CARTESIAN_POINT('Origin',(136.437650481209,-65.9056277027369,4.6));
#17797=CARTESIAN_POINT('',(123.437650481209,-65.4056277027369,4.6));
#17798=CARTESIAN_POINT('',(135.018831407975,-65.4056277027369,4.6));
#17799=CARTESIAN_POINT('Origin',(123.437650481209,-65.9056277027369,4.6));
#17800=CARTESIAN_POINT('',(82.4564004812088,-84.9556277027369,4.6));
#17801=CARTESIAN_POINT('',(82.4564004812088,-97.9556277027369,4.6));
#17802=CARTESIAN_POINT('',(82.4564004812088,-80.4278136122048,4.6));
#17803=CARTESIAN_POINT('',(82.9564004812088,-98.4556277027369,4.6));
#17804=CARTESIAN_POINT('Origin',(82.9564004812088,-97.9556277027369,4.6));
#17805=CARTESIAN_POINT('',(95.9564004812088,-98.4556277027369,4.6));
#17806=CARTESIAN_POINT('',(121.278206407975,-98.4556277027369,4.6));
#17807=CARTESIAN_POINT('',(96.4564004812088,-97.9556277027369,4.6));
#17808=CARTESIAN_POINT('Origin',(95.9564004812088,-97.9556277027369,4.6));
#17809=CARTESIAN_POINT('',(96.4564004812088,-84.9556277027369,4.6));
#17810=CARTESIAN_POINT('',(96.4564004812088,-73.9278136122048,4.6));
#17811=CARTESIAN_POINT('',(95.9564004812088,-84.4556277027369,4.6));
#17812=CARTESIAN_POINT('Origin',(95.9564004812088,-84.9556277027369,4.6));
#17813=CARTESIAN_POINT('',(82.9564004812088,-84.4556277027369,4.6));
#17814=CARTESIAN_POINT('',(114.778206407975,-84.4556277027369,4.6));
#17815=CARTESIAN_POINT('Origin',(82.9564004812088,-84.9556277027369,4.6));
#17816=CARTESIAN_POINT('',(141.987650481209,-65.9056277027369,4.6));
#17817=CARTESIAN_POINT('',(141.987650481209,-78.9056277027369,4.6));
#17818=CARTESIAN_POINT('',(141.987650481209,-70.9028136122048,4.6));
#17819=CARTESIAN_POINT('',(142.487650481209,-79.4056277027369,4.6));
#17820=CARTESIAN_POINT('Origin',(142.487650481209,-78.9056277027369,4.6));
#17821=CARTESIAN_POINT('',(155.487650481209,-79.4056277027369,4.6));
#17822=CARTESIAN_POINT('',(151.043831407975,-79.4056277027369,4.6));
#17823=CARTESIAN_POINT('',(155.987650481209,-78.9056277027369,4.6));
#17824=CARTESIAN_POINT('Origin',(155.487650481209,-78.9056277027369,4.6));
#17825=CARTESIAN_POINT('',(155.987650481209,-65.9056277027369,4.6));
#17826=CARTESIAN_POINT('',(155.987650481209,-64.4028136122048,4.6));
#17827=CARTESIAN_POINT('',(155.487650481209,-65.4056277027369,4.6));
#17828=CARTESIAN_POINT('Origin',(155.487650481209,-65.9056277027369,4.6));
#17829=CARTESIAN_POINT('',(142.487650481209,-65.4056277027369,4.6));
#17830=CARTESIAN_POINT('',(144.543831407975,-65.4056277027369,4.6));
#17831=CARTESIAN_POINT('Origin',(142.487650481209,-65.9056277027369,4.6));
#17832=CARTESIAN_POINT('',(218.187650481209,-65.9056277027369,4.6));
#17833=CARTESIAN_POINT('',(218.187650481209,-78.9056277027369,4.6));
#17834=CARTESIAN_POINT('',(218.187650481209,-70.9028136122048,4.6));
#17835=CARTESIAN_POINT('',(218.687650481209,-79.4056277027369,4.6));
#17836=CARTESIAN_POINT('Origin',(218.687650481209,-78.9056277027369,4.6));
#17837=CARTESIAN_POINT('',(231.687650481209,-79.4056277027369,4.6));
#17838=CARTESIAN_POINT('',(189.143831407975,-79.4056277027369,4.6));
#17839=CARTESIAN_POINT('',(232.187650481209,-78.9056277027369,4.6));
#17840=CARTESIAN_POINT('Origin',(231.687650481209,-78.9056277027369,4.6));
#17841=CARTESIAN_POINT('',(232.187650481209,-65.9056277027369,4.6));
#17842=CARTESIAN_POINT('',(232.187650481209,-64.4028136122048,4.6));
#17843=CARTESIAN_POINT('',(231.687650481209,-65.4056277027369,4.6));
#17844=CARTESIAN_POINT('Origin',(231.687650481209,-65.9056277027369,4.6));
#17845=CARTESIAN_POINT('',(218.687650481209,-65.4056277027369,4.6));
#17846=CARTESIAN_POINT('',(182.643831407975,-65.4056277027369,4.6));
#17847=CARTESIAN_POINT('Origin',(218.687650481209,-65.9056277027369,4.6));
#17848=CARTESIAN_POINT('',(180.087650481209,-65.9056277027369,4.6));
#17849=CARTESIAN_POINT('',(180.087650481209,-78.9056277027369,4.6));
#17850=CARTESIAN_POINT('',(180.087650481209,-70.9028136122048,4.6));
#17851=CARTESIAN_POINT('',(180.587650481209,-79.4056277027369,4.6));
#17852=CARTESIAN_POINT('Origin',(180.587650481209,-78.9056277027369,4.6));
#17853=CARTESIAN_POINT('',(193.587650481209,-79.4056277027369,4.6));
#17854=CARTESIAN_POINT('',(170.093831407975,-79.4056277027369,4.6));
#17855=CARTESIAN_POINT('',(194.087650481209,-78.9056277027369,4.6));
#17856=CARTESIAN_POINT('Origin',(193.587650481209,-78.9056277027369,4.6));
#17857=CARTESIAN_POINT('',(194.087650481209,-65.9056277027369,4.6));
#17858=CARTESIAN_POINT('',(194.087650481209,-64.4028136122048,4.6));
#17859=CARTESIAN_POINT('',(193.587650481209,-65.4056277027369,4.6));
#17860=CARTESIAN_POINT('Origin',(193.587650481209,-65.9056277027369,4.6));
#17861=CARTESIAN_POINT('',(180.587650481209,-65.4056277027369,4.6));
#17862=CARTESIAN_POINT('',(163.593831407975,-65.4056277027369,4.6));
#17863=CARTESIAN_POINT('Origin',(180.587650481209,-65.9056277027369,4.6));
#17864=CARTESIAN_POINT('',(103.887650481209,-65.9056277027369,4.6));
#17865=CARTESIAN_POINT('',(103.887650481209,-78.9056277027369,4.6));
#17866=CARTESIAN_POINT('',(103.887650481209,-70.9028136122048,4.6));
#17867=CARTESIAN_POINT('',(104.387650481209,-79.4056277027369,4.6));
#17868=CARTESIAN_POINT('Origin',(104.387650481209,-78.9056277027369,4.6));
#17869=CARTESIAN_POINT('',(117.387650481209,-79.4056277027369,4.6));
#17870=CARTESIAN_POINT('',(131.993831407975,-79.4056277027369,4.6));
#17871=CARTESIAN_POINT('',(117.887650481209,-78.9056277027369,4.6));
#17872=CARTESIAN_POINT('Origin',(117.387650481209,-78.9056277027369,4.6));
#17873=CARTESIAN_POINT('',(117.887650481209,-65.9056277027369,4.6));
#17874=CARTESIAN_POINT('',(117.887650481209,-64.4028136122048,4.6));
#17875=CARTESIAN_POINT('',(117.387650481209,-65.4056277027369,4.6));
#17876=CARTESIAN_POINT('Origin',(117.387650481209,-65.9056277027369,4.6));
#17877=CARTESIAN_POINT('',(104.387650481209,-65.4056277027369,4.6));
#17878=CARTESIAN_POINT('',(125.493831407975,-65.4056277027369,4.6));
#17879=CARTESIAN_POINT('Origin',(104.387650481209,-65.9056277027369,4.6));
#17880=CARTESIAN_POINT('',(41.9751504812088,-65.9056277027369,4.6));
#17881=CARTESIAN_POINT('',(41.9751504812088,-78.9056277027369,4.6));
#17882=CARTESIAN_POINT('',(41.9751504812088,-70.9028136122048,4.6));
#17883=CARTESIAN_POINT('',(42.4751504812088,-79.4056277027369,4.6));
#17884=CARTESIAN_POINT('Origin',(42.4751504812088,-78.9056277027369,4.6));
#17885=CARTESIAN_POINT('',(55.4751504812088,-79.4056277027369,4.6));
#17886=CARTESIAN_POINT('',(101.037581407975,-79.4056277027369,4.6));
#17887=CARTESIAN_POINT('',(55.9751504812088,-78.9056277027369,4.6));
#17888=CARTESIAN_POINT('Origin',(55.4751504812088,-78.9056277027369,4.6));
#17889=CARTESIAN_POINT('',(55.9751504812088,-65.9056277027369,4.6));
#17890=CARTESIAN_POINT('',(55.9751504812088,-64.4028136122048,4.6));
#17891=CARTESIAN_POINT('',(55.4751504812088,-65.4056277027369,4.6));
#17892=CARTESIAN_POINT('Origin',(55.4751504812088,-65.9056277027369,4.6));
#17893=CARTESIAN_POINT('',(42.4751504812088,-65.4056277027369,4.6));
#17894=CARTESIAN_POINT('',(94.5375814079752,-65.4056277027369,4.6));
#17895=CARTESIAN_POINT('Origin',(42.4751504812088,-65.9056277027369,4.6));
#17896=CARTESIAN_POINT('',(139.606400481209,-84.9556277027369,4.6));
#17897=CARTESIAN_POINT('',(139.606400481209,-97.9556277027369,4.6));
#17898=CARTESIAN_POINT('',(139.606400481209,-80.4278136122048,4.6));
#17899=CARTESIAN_POINT('',(140.106400481209,-98.4556277027369,4.6));
#17900=CARTESIAN_POINT('Origin',(140.106400481209,-97.9556277027369,4.6));
#17901=CARTESIAN_POINT('',(153.106400481209,-98.4556277027369,4.6));
#17902=CARTESIAN_POINT('',(149.853206407975,-98.4556277027369,4.6));
#17903=CARTESIAN_POINT('',(153.606400481209,-97.9556277027369,4.6));
#17904=CARTESIAN_POINT('Origin',(153.106400481209,-97.9556277027369,4.6));
#17905=CARTESIAN_POINT('',(153.606400481209,-84.9556277027369,4.6));
#17906=CARTESIAN_POINT('',(153.606400481209,-73.9278136122048,4.6));
#17907=CARTESIAN_POINT('',(153.106400481209,-84.4556277027369,4.6));
#17908=CARTESIAN_POINT('Origin',(153.106400481209,-84.9556277027369,4.6));
#17909=CARTESIAN_POINT('',(140.106400481209,-84.4556277027369,4.6));
#17910=CARTESIAN_POINT('',(143.353206407975,-84.4556277027369,4.6));
#17911=CARTESIAN_POINT('Origin',(140.106400481209,-84.9556277027369,4.6));
#17912=CARTESIAN_POINT('',(196.756400481209,-84.9556277027369,4.6));
#17913=CARTESIAN_POINT('',(196.756400481209,-97.9556277027369,4.6));
#17914=CARTESIAN_POINT('',(196.756400481209,-80.4278136122048,4.6));
#17915=CARTESIAN_POINT('',(197.256400481209,-98.4556277027369,4.6));
#17916=CARTESIAN_POINT('Origin',(197.256400481209,-97.9556277027369,4.6));
#17917=CARTESIAN_POINT('',(210.256400481209,-98.4556277027369,4.6));
#17918=CARTESIAN_POINT('',(178.428206407975,-98.4556277027369,4.6));
#17919=CARTESIAN_POINT('',(210.756400481209,-97.9556277027369,4.6));
#17920=CARTESIAN_POINT('Origin',(210.256400481209,-97.9556277027369,4.6));
#17921=CARTESIAN_POINT('',(210.756400481209,-84.9556277027369,4.6));
#17922=CARTESIAN_POINT('',(210.756400481209,-73.9278136122048,4.6));
#17923=CARTESIAN_POINT('',(210.256400481209,-84.4556277027369,4.6));
#17924=CARTESIAN_POINT('Origin',(210.256400481209,-84.9556277027369,4.6));
#17925=CARTESIAN_POINT('',(197.256400481209,-84.4556277027369,4.6));
#17926=CARTESIAN_POINT('',(171.928206407975,-84.4556277027369,4.6));
#17927=CARTESIAN_POINT('Origin',(197.256400481209,-84.9556277027369,4.6));
#17928=CARTESIAN_POINT('',(65.7876504812088,-65.9056277027369,4.6));
#17929=CARTESIAN_POINT('',(65.7876504812088,-78.9056277027369,4.6));
#17930=CARTESIAN_POINT('',(65.7876504812088,-70.9028136122048,4.6));
#17931=CARTESIAN_POINT('',(66.2876504812088,-79.4056277027369,4.6));
#17932=CARTESIAN_POINT('Origin',(66.2876504812088,-78.9056277027369,4.6));
#17933=CARTESIAN_POINT('',(79.2876504812088,-79.4056277027369,4.6));
#17934=CARTESIAN_POINT('',(112.943831407975,-79.4056277027369,4.6));
#17935=CARTESIAN_POINT('',(79.7876504812088,-78.9056277027369,4.6));
#17936=CARTESIAN_POINT('Origin',(79.2876504812088,-78.9056277027369,4.6));
#17937=CARTESIAN_POINT('',(79.7876504812088,-65.9056277027369,4.6));
#17938=CARTESIAN_POINT('',(79.7876504812088,-64.4028136122048,4.6));
#17939=CARTESIAN_POINT('',(79.2876504812088,-65.4056277027369,4.6));
#17940=CARTESIAN_POINT('Origin',(79.2876504812088,-65.9056277027369,4.6));
#17941=CARTESIAN_POINT('',(66.2876504812088,-65.4056277027369,4.6));
#17942=CARTESIAN_POINT('',(106.443831407975,-65.4056277027369,4.6));
#17943=CARTESIAN_POINT('Origin',(66.2876504812088,-65.9056277027369,4.6));
#17944=CARTESIAN_POINT('',(84.8376504812088,-65.9056277027369,4.6));
#17945=CARTESIAN_POINT('',(84.8376504812088,-78.9056277027369,4.6));
#17946=CARTESIAN_POINT('',(84.8376504812088,-70.9028136122048,4.6));
#17947=CARTESIAN_POINT('',(85.3376504812088,-79.4056277027369,4.6));
#17948=CARTESIAN_POINT('Origin',(85.3376504812088,-78.9056277027369,4.6));
#17949=CARTESIAN_POINT('',(98.3376504812088,-79.4056277027369,4.6));
#17950=CARTESIAN_POINT('',(122.468831407975,-79.4056277027369,4.6));
#17951=CARTESIAN_POINT('',(98.8376504812088,-78.9056277027369,4.6));
#17952=CARTESIAN_POINT('Origin',(98.3376504812088,-78.9056277027369,4.6));
#17953=CARTESIAN_POINT('',(98.8376504812088,-65.9056277027369,4.6));
#17954=CARTESIAN_POINT('',(98.8376504812088,-64.4028136122048,4.6));
#17955=CARTESIAN_POINT('',(98.3376504812088,-65.4056277027369,4.6));
#17956=CARTESIAN_POINT('Origin',(98.3376504812088,-65.9056277027369,4.6));
#17957=CARTESIAN_POINT('',(85.3376504812088,-65.4056277027369,4.6));
#17958=CARTESIAN_POINT('',(115.968831407975,-65.4056277027369,4.6));
#17959=CARTESIAN_POINT('Origin',(85.3376504812088,-65.9056277027369,4.6));
#17960=CARTESIAN_POINT('',(161.037650481209,-65.9056277027369,4.6));
#17961=CARTESIAN_POINT('',(161.037650481209,-78.9056277027369,4.6));
#17962=CARTESIAN_POINT('',(161.037650481209,-70.9028136122048,4.6));
#17963=CARTESIAN_POINT('',(161.537650481209,-79.4056277027369,4.6));
#17964=CARTESIAN_POINT('Origin',(161.537650481209,-78.9056277027369,4.6));
#17965=CARTESIAN_POINT('',(174.537650481209,-79.4056277027369,4.6));
#17966=CARTESIAN_POINT('',(160.568831407975,-79.4056277027369,4.6));
#17967=CARTESIAN_POINT('',(175.037650481209,-78.9056277027369,4.6));
#17968=CARTESIAN_POINT('Origin',(174.537650481209,-78.9056277027369,4.6));
#17969=CARTESIAN_POINT('',(175.037650481209,-65.9056277027369,4.6));
#17970=CARTESIAN_POINT('',(175.037650481209,-64.4028136122048,4.6));
#17971=CARTESIAN_POINT('',(174.537650481209,-65.4056277027369,4.6));
#17972=CARTESIAN_POINT('Origin',(174.537650481209,-65.9056277027369,4.6));
#17973=CARTESIAN_POINT('',(161.537650481209,-65.4056277027369,4.6));
#17974=CARTESIAN_POINT('',(154.068831407975,-65.4056277027369,4.6));
#17975=CARTESIAN_POINT('Origin',(161.537650481209,-65.9056277027369,4.6));
#17976=CARTESIAN_POINT('',(239.618900481209,-65.9056277027369,4.6));
#17977=CARTESIAN_POINT('',(239.618900481209,-78.9056277027369,4.6));
#17978=CARTESIAN_POINT('',(239.618900481209,-70.9028136122048,4.6));
#17979=CARTESIAN_POINT('',(240.118900481209,-79.4056277027369,4.6));
#17980=CARTESIAN_POINT('Origin',(240.118900481209,-78.9056277027369,4.6));
#17981=CARTESIAN_POINT('',(253.118900481209,-79.4056277027369,4.6));
#17982=CARTESIAN_POINT('',(199.859456407975,-79.4056277027369,4.6));
#17983=CARTESIAN_POINT('',(253.618900481209,-78.9056277027369,4.6));
#17984=CARTESIAN_POINT('Origin',(253.118900481209,-78.9056277027369,4.6));
#17985=CARTESIAN_POINT('',(253.618900481209,-65.9056277027369,4.6));
#17986=CARTESIAN_POINT('',(253.618900481209,-64.4028136122048,4.6));
#17987=CARTESIAN_POINT('',(253.118900481209,-65.4056277027369,4.6));
#17988=CARTESIAN_POINT('Origin',(253.118900481209,-65.9056277027369,4.6));
#17989=CARTESIAN_POINT('',(240.118900481209,-65.4056277027369,4.6));
#17990=CARTESIAN_POINT('',(193.359456407975,-65.4056277027369,4.6));
#17991=CARTESIAN_POINT('Origin',(240.118900481209,-65.9056277027369,4.6));
#17992=CARTESIAN_POINT('',(159.416000481209,-91.9636277027369,4.6));
#17993=CARTESIAN_POINT('',(159.916000481209,-92.4636277027369,4.6));
#17994=CARTESIAN_POINT('Origin',(159.416000481209,-92.4636277027369,4.6));
#17995=CARTESIAN_POINT('',(159.916000481209,-97.5596277027369,4.6));
#17996=CARTESIAN_POINT('',(159.916000481209,-97.5596277027369,4.6));
#17997=CARTESIAN_POINT('',(160.416000481209,-98.0596277027369,4.6));
#17998=CARTESIAN_POINT('Origin',(160.416000481209,-97.5596277027369,4.6));
#17999=CARTESIAN_POINT('',(161.219400481209,-98.0596277027369,4.6));
#18000=CARTESIAN_POINT('',(161.219400481209,-98.0596277027369,4.6));
#18001=CARTESIAN_POINT('',(161.719400481209,-98.5596277027369,4.6));
#18002=CARTESIAN_POINT('Origin',(161.219400481209,-98.5596277027369,4.6));
#18003=CARTESIAN_POINT('',(161.719400481209,-98.7280277027369,4.6));
#18004=CARTESIAN_POINT('',(161.719400481209,-98.7280277027369,4.6));
#18005=CARTESIAN_POINT('',(162.219400481209,-99.2280277027369,4.6));
#18006=CARTESIAN_POINT('Origin',(162.219400481209,-98.7280277027369,4.6));
#18007=CARTESIAN_POINT('',(164.267400481209,-99.2280277027369,4.6));
#18008=CARTESIAN_POINT('',(164.267400481209,-99.2280277027369,4.6));
#18009=CARTESIAN_POINT('',(164.767400481209,-98.7280277027369,4.6));
#18010=CARTESIAN_POINT('Origin',(164.267400481209,-98.7280277027369,4.6));
#18011=CARTESIAN_POINT('',(164.767400481209,-98.5596277027369,4.6));
#18012=CARTESIAN_POINT('',(164.767400481209,-98.5596277027369,4.6));
#18013=CARTESIAN_POINT('',(165.267400481209,-98.0596277027369,4.6));
#18014=CARTESIAN_POINT('Origin',(165.267400481209,-98.5596277027369,4.6));
#18015=CARTESIAN_POINT('',(166.570800481209,-98.0596277027369,4.6));
#18016=CARTESIAN_POINT('',(166.570800481209,-98.0596277027369,4.6));
#18017=CARTESIAN_POINT('',(166.570800481209,-97.7722277027369,4.6));
#18018=CARTESIAN_POINT('',(168.181400481209,-97.9556277027369,4.6));
#18019=CARTESIAN_POINT('',(168.181400481209,-80.4278136122048,4.6));
#18020=CARTESIAN_POINT('',(168.681400481209,-98.4556277027369,4.6));
#18021=CARTESIAN_POINT('Origin',(168.681400481209,-97.9556277027369,4.6));
#18022=CARTESIAN_POINT('',(181.681400481209,-98.4556277027369,4.6));
#18023=CARTESIAN_POINT('',(164.140706407975,-98.4556277027369,4.6));
#18024=CARTESIAN_POINT('',(182.181400481209,-97.9556277027369,4.6));
#18025=CARTESIAN_POINT('Origin',(181.681400481209,-97.9556277027369,4.6));
#18026=CARTESIAN_POINT('',(182.181400481209,-73.9278136122048,4.6));
#18027=CARTESIAN_POINT('',(183.792000481209,-98.0596277027369,4.6));
#18028=CARTESIAN_POINT('',(183.792000481209,-98.0596277027369,4.6));
#18029=CARTESIAN_POINT('',(185.095400481209,-98.0596277027369,4.6));
#18030=CARTESIAN_POINT('',(183.792000481209,-98.0596277027369,4.6));
#18031=CARTESIAN_POINT('',(185.595400481209,-98.5596277027369,4.6));
#18032=CARTESIAN_POINT('Origin',(185.095400481209,-98.5596277027369,4.6));
#18033=CARTESIAN_POINT('',(185.595400481209,-98.7280277027369,4.6));
#18034=CARTESIAN_POINT('',(185.595400481209,-98.5596277027369,4.6));
#18035=CARTESIAN_POINT('',(186.095400481209,-99.2280277027369,4.6));
#18036=CARTESIAN_POINT('Origin',(186.095400481209,-98.7280277027369,4.6));
#18037=CARTESIAN_POINT('',(188.143400481209,-99.2280277027369,4.6));
#18038=CARTESIAN_POINT('',(186.095400481209,-99.2280277027369,4.6));
#18039=CARTESIAN_POINT('',(188.643400481209,-98.7280277027369,4.6));
#18040=CARTESIAN_POINT('Origin',(188.143400481209,-98.7280277027369,4.6));
#18041=CARTESIAN_POINT('',(188.643400481209,-98.5596277027369,4.6));
#18042=CARTESIAN_POINT('',(188.643400481209,-98.7280277027369,4.6));
#18043=CARTESIAN_POINT('',(189.143400481209,-98.0596277027369,4.6));
#18044=CARTESIAN_POINT('Origin',(189.143400481209,-98.5596277027369,4.6));
#18045=CARTESIAN_POINT('',(189.946800481209,-98.0596277027369,4.6));
#18046=CARTESIAN_POINT('',(189.143400481209,-98.0596277027369,4.6));
#18047=CARTESIAN_POINT('',(190.446800481209,-97.5596277027369,4.6));
#18048=CARTESIAN_POINT('Origin',(189.946800481209,-97.5596277027369,4.6));
#18049=CARTESIAN_POINT('',(190.446800481209,-92.4636277027369,4.6));
#18050=CARTESIAN_POINT('',(190.446800481209,-97.5596277027369,4.6));
#18051=CARTESIAN_POINT('',(190.946800481209,-91.9636277027369,4.6));
#18052=CARTESIAN_POINT('Origin',(190.946800481209,-92.4636277027369,4.6));
#18053=CARTESIAN_POINT('',(191.310400481209,-91.9636277027369,4.6));
#18054=CARTESIAN_POINT('',(168.955206407975,-91.9636277027369,4.6));
#18055=CARTESIAN_POINT('',(191.310400481209,-89.6696277027369,4.6));
#18056=CARTESIAN_POINT('',(191.310400481209,-76.2848136122048,4.6));
#18057=CARTESIAN_POINT('',(190.810400481209,-89.1696277027369,4.6));
#18058=CARTESIAN_POINT('Origin',(190.810400481209,-89.6696277027369,4.6));
#18059=CARTESIAN_POINT('',(190.446800481209,-89.1696277027369,4.6));
#18060=CARTESIAN_POINT('',(190.810400481209,-89.1696277027369,4.6));
#18061=CARTESIAN_POINT('',(190.446800481209,-86.2660277027369,4.6));
#18062=CARTESIAN_POINT('',(190.446800481209,-89.1696277027369,4.6));
#18063=CARTESIAN_POINT('',(189.946800481209,-85.7660277027369,4.6));
#18064=CARTESIAN_POINT('Origin',(189.946800481209,-86.2660277027369,4.6));
#18065=CARTESIAN_POINT('',(184.292000481209,-85.7660277027369,4.6));
#18066=CARTESIAN_POINT('',(189.946800481209,-85.7660277027369,4.6));
#18067=CARTESIAN_POINT('',(183.792000481209,-86.2660277027369,4.6));
#18068=CARTESIAN_POINT('Origin',(184.292000481209,-86.2660277027369,4.6));
#18069=CARTESIAN_POINT('',(183.792000481209,-86.2660277027369,4.6));
#18070=CARTESIAN_POINT('',(182.181400481209,-84.9556277027369,4.6));
#18071=CARTESIAN_POINT('',(182.181400481209,-73.9278136122048,4.6));
#18072=CARTESIAN_POINT('',(181.681400481209,-84.4556277027369,4.6));
#18073=CARTESIAN_POINT('Origin',(181.681400481209,-84.9556277027369,4.6));
#18074=CARTESIAN_POINT('',(168.681400481209,-84.4556277027369,4.6));
#18075=CARTESIAN_POINT('',(157.640706407975,-84.4556277027369,4.6));
#18076=CARTESIAN_POINT('',(168.181400481209,-84.9556277027369,4.6));
#18077=CARTESIAN_POINT('Origin',(168.681400481209,-84.9556277027369,4.6));
#18078=CARTESIAN_POINT('',(168.181400481209,-80.4278136122048,4.6));
#18079=CARTESIAN_POINT('',(166.570800481209,-86.2660277027369,4.6));
#18080=CARTESIAN_POINT('',(166.570800481209,-86.2660277027369,4.6));
#18081=CARTESIAN_POINT('',(166.070800481209,-85.7660277027369,4.6));
#18082=CARTESIAN_POINT('Origin',(166.070800481209,-86.2660277027369,4.6));
#18083=CARTESIAN_POINT('',(160.416000481209,-85.7660277027369,4.6));
#18084=CARTESIAN_POINT('',(160.416000481209,-85.7660277027369,4.6));
#18085=CARTESIAN_POINT('',(159.916000481209,-86.2660277027369,4.6));
#18086=CARTESIAN_POINT('Origin',(160.416000481209,-86.2660277027369,4.6));
#18087=CARTESIAN_POINT('',(159.916000481209,-89.1696277027369,4.6));
#18088=CARTESIAN_POINT('',(159.916000481209,-89.1696277027369,4.6));
#18089=CARTESIAN_POINT('',(159.552400481209,-89.1696277027369,4.6));
#18090=CARTESIAN_POINT('',(159.552400481209,-89.1696277027369,4.6));
#18091=CARTESIAN_POINT('',(159.052400481209,-89.6696277027369,4.6));
#18092=CARTESIAN_POINT('Origin',(159.552400481209,-89.6696277027369,4.6));
#18093=CARTESIAN_POINT('',(159.052400481209,-91.9636277027369,4.6));
#18094=CARTESIAN_POINT('',(159.052400481209,-77.4318136122048,4.6));
#18095=CARTESIAN_POINT('',(153.008006407975,-91.9636277027369,4.6));
#18096=CARTESIAN_POINT('Origin',(180.587650481209,-65.9056277027369,4.6));
#18097=CARTESIAN_POINT('',(179.087650481209,-65.9056277027369,1.2));
#18098=CARTESIAN_POINT('',(179.087650481209,-65.9056277027369,4.6));
#18099=CARTESIAN_POINT('',(180.587650481209,-64.4056277027369,1.2));
#18100=CARTESIAN_POINT('Origin',(180.587650481209,-65.9056277027369,1.2));
#18101=CARTESIAN_POINT('',(180.587650481209,-64.4056277027369,4.6));
#18102=CARTESIAN_POINT('Origin',(253.118900481209,-64.4056277027369,4.6));
#18103=CARTESIAN_POINT('',(253.118900481209,-64.4056277027369,1.2));
#18104=CARTESIAN_POINT('',(253.118900481209,-64.4056277027369,1.2));
#18105=CARTESIAN_POINT('',(253.118900481209,-64.4056277027369,4.6));
#18106=CARTESIAN_POINT('Origin',(253.118900481209,-65.9056277027369,4.6));
#18107=CARTESIAN_POINT('',(254.618900481209,-65.9056277027369,1.2));
#18108=CARTESIAN_POINT('Origin',(253.118900481209,-65.9056277027369,1.2));
#18109=CARTESIAN_POINT('',(254.618900481209,-65.9056277027369,4.6));
#18110=CARTESIAN_POINT('Origin',(254.618900481209,-78.9056277027369,4.6));
#18111=CARTESIAN_POINT('',(254.618900481209,-78.9056277027369,1.2));
#18112=CARTESIAN_POINT('',(254.618900481209,-78.9056277027369,1.2));
#18113=CARTESIAN_POINT('',(254.618900481209,-78.9056277027369,4.6));
#18114=CARTESIAN_POINT('Origin',(253.118900481209,-78.9056277027369,4.6));
#18115=CARTESIAN_POINT('',(253.118900481209,-80.4056277027369,1.2));
#18116=CARTESIAN_POINT('Origin',(253.118900481209,-78.9056277027369,1.2));
#18117=CARTESIAN_POINT('',(253.118900481209,-80.4056277027369,4.6));
#18118=CARTESIAN_POINT('Origin',(197.281400481209,-80.4056277027369,4.6));
#18119=CARTESIAN_POINT('',(197.281400481209,-80.4056277027369,1.2));
#18120=CARTESIAN_POINT('',(240.118900481209,-80.4056277027369,1.2));
#18121=CARTESIAN_POINT('',(197.281400481209,-80.4056277027369,4.6));
#18122=CARTESIAN_POINT('Origin',(197.281400481209,-81.9306277027369,4.6));
#18123=CARTESIAN_POINT('',(197.281400481209,-83.4556277027369,1.2));
#18124=CARTESIAN_POINT('Origin',(197.281400481209,-81.9306277027369,1.2));
#18125=CARTESIAN_POINT('',(197.281400481209,-83.4556277027369,4.6));
#18126=CARTESIAN_POINT('Origin',(210.256400481209,-83.4556277027369,4.6));
#18127=CARTESIAN_POINT('',(210.256400481209,-83.4556277027369,1.2));
#18128=CARTESIAN_POINT('',(210.256400481209,-83.4556277027369,1.2));
#18129=CARTESIAN_POINT('',(210.256400481209,-83.4556277027369,4.6));
#18130=CARTESIAN_POINT('Origin',(210.256400481209,-84.9556277027369,4.6));
#18131=CARTESIAN_POINT('',(211.756400481209,-84.9556277027369,1.2));
#18132=CARTESIAN_POINT('Origin',(210.256400481209,-84.9556277027369,1.2));
#18133=CARTESIAN_POINT('',(211.756400481209,-84.9556277027369,4.6));
#18134=CARTESIAN_POINT('Origin',(211.756400481209,-97.9556277027369,4.6));
#18135=CARTESIAN_POINT('',(211.756400481209,-97.9556277027369,1.2));
#18136=CARTESIAN_POINT('',(211.756400481209,-97.9556277027369,1.2));
#18137=CARTESIAN_POINT('',(211.756400481209,-97.9556277027369,4.6));
#18138=CARTESIAN_POINT('Origin',(210.256400481209,-97.9556277027369,4.6));
#18139=CARTESIAN_POINT('',(210.256400481209,-99.4556277027369,1.2));
#18140=CARTESIAN_POINT('Origin',(210.256400481209,-97.9556277027369,1.2));
#18141=CARTESIAN_POINT('',(210.256400481209,-99.4556277027369,4.6));
#18142=CARTESIAN_POINT('Origin',(197.256400481209,-99.4556277027369,4.6));
#18143=CARTESIAN_POINT('',(197.256400481209,-99.4556277027369,1.2));
#18144=CARTESIAN_POINT('',(197.256400481209,-99.4556277027369,1.2));
#18145=CARTESIAN_POINT('',(197.256400481209,-99.4556277027369,4.6));
#18146=CARTESIAN_POINT('Origin',(197.256400481209,-100.955627702737,4.6));
#18147=CARTESIAN_POINT('',(195.756400481209,-100.955627702737,1.2));
#18148=CARTESIAN_POINT('Origin',(197.256400481209,-100.955627702737,1.2));
#18149=CARTESIAN_POINT('',(195.756400481209,-100.955627702737,4.6));
#18150=CARTESIAN_POINT('Origin',(195.756400481209,-101.777999521672,4.6));
#18151=CARTESIAN_POINT('',(195.756400481209,-101.777999521672,1.2));
#18152=CARTESIAN_POINT('',(195.756400481209,-97.4910358660617,1.2));
#18153=CARTESIAN_POINT('',(195.756400481209,-101.777999521672,4.6));
#18154=CARTESIAN_POINT('Origin',(194.256400481209,-101.777999521672,4.6));
#18155=CARTESIAN_POINT('',(194.256400481209,-103.277999521672,1.2));
#18156=CARTESIAN_POINT('Origin',(194.256400481209,-101.777999521672,1.2));
#18157=CARTESIAN_POINT('',(194.256400481209,-103.277999521672,4.6));
#18158=CARTESIAN_POINT('Origin',(98.9564004812088,-103.277999521673,4.6));
#18159=CARTESIAN_POINT('',(98.9564004812088,-103.277999521673,1.2));
#18160=CARTESIAN_POINT('',(194.256400481209,-103.277999521672,1.2));
#18161=CARTESIAN_POINT('',(98.9564004812088,-103.277999521673,4.6));
#18162=CARTESIAN_POINT('Origin',(98.9564004812088,-101.777999521673,4.6));
#18163=CARTESIAN_POINT('',(97.4564004812088,-101.777999521673,1.2));
#18164=CARTESIAN_POINT('Origin',(98.9564004812088,-101.777999521673,1.2));
#18165=CARTESIAN_POINT('',(97.4564004812088,-101.777999521673,4.6));
#18166=CARTESIAN_POINT('Origin',(97.4564004812088,-100.955627702737,4.6));
#18167=CARTESIAN_POINT('',(97.4564004812088,-100.955627702737,1.2));
#18168=CARTESIAN_POINT('',(97.4564004812088,-97.9556277027369,1.2));
#18169=CARTESIAN_POINT('',(97.4564004812088,-100.955627702737,4.6));
#18170=CARTESIAN_POINT('Origin',(95.9564004812088,-100.955627702737,4.6));
#18171=CARTESIAN_POINT('',(95.9564004812088,-99.4556277027369,1.2));
#18172=CARTESIAN_POINT('Origin',(95.9564004812088,-100.955627702737,1.2));
#18173=CARTESIAN_POINT('',(95.9564004812088,-99.4556277027369,4.6));
#18174=CARTESIAN_POINT('Origin',(82.9564004812088,-99.4556277027369,4.6));
#18175=CARTESIAN_POINT('',(82.9564004812088,-99.4556277027369,1.2));
#18176=CARTESIAN_POINT('',(82.9564004812088,-99.4556277027369,1.2));
#18177=CARTESIAN_POINT('',(82.9564004812088,-99.4556277027369,4.6));
#18178=CARTESIAN_POINT('Origin',(82.9564004812088,-97.9556277027369,4.6));
#18179=CARTESIAN_POINT('',(81.4564004812088,-97.9556277027369,1.2));
#18180=CARTESIAN_POINT('Origin',(82.9564004812088,-97.9556277027369,1.2));
#18181=CARTESIAN_POINT('',(81.4564004812088,-97.9556277027369,4.6));
#18182=CARTESIAN_POINT('Origin',(81.4564004812088,-84.9556277027369,4.6));
#18183=CARTESIAN_POINT('',(81.4564004812088,-84.9556277027369,1.2));
#18184=CARTESIAN_POINT('',(81.4564004812088,-84.9556277027369,1.2));
#18185=CARTESIAN_POINT('',(81.4564004812088,-84.9556277027369,4.6));
#18186=CARTESIAN_POINT('Origin',(82.9564004812088,-84.9556277027369,4.6));
#18187=CARTESIAN_POINT('',(82.9564004812088,-83.4556277027369,1.2));
#18188=CARTESIAN_POINT('Origin',(82.9564004812088,-84.9556277027369,1.2));
#18189=CARTESIAN_POINT('',(82.9564004812088,-83.4556277027369,4.6));
#18190=CARTESIAN_POINT('Origin',(95.9314004812088,-83.4556277027369,4.6));
#18191=CARTESIAN_POINT('',(95.9314004812088,-83.4556277027369,1.2));
#18192=CARTESIAN_POINT('',(95.9564004812088,-83.4556277027369,1.2));
#18193=CARTESIAN_POINT('',(95.9314004812088,-83.4556277027369,4.6));
#18194=CARTESIAN_POINT('Origin',(95.9314004812088,-81.9306277027369,4.6));
#18195=CARTESIAN_POINT('',(95.9314004812088,-80.4056277027369,1.2));
#18196=CARTESIAN_POINT('Origin',(95.9314004812088,-81.9306277027369,1.2));
#18197=CARTESIAN_POINT('',(95.9314004812088,-80.4056277027369,4.6));
#18198=CARTESIAN_POINT('Origin',(42.4751504812088,-80.4056277027369,4.6));
#18199=CARTESIAN_POINT('',(42.4751504812088,-80.4056277027369,1.2));
#18200=CARTESIAN_POINT('',(42.4751504812088,-80.4056277027369,1.2));
#18201=CARTESIAN_POINT('',(42.4751504812088,-80.4056277027369,4.6));
#18202=CARTESIAN_POINT('Origin',(42.4751504812088,-78.9056277027369,4.6));
#18203=CARTESIAN_POINT('',(40.9751504812088,-78.9056277027369,1.2));
#18204=CARTESIAN_POINT('Origin',(42.4751504812088,-78.9056277027369,1.2));
#18205=CARTESIAN_POINT('',(40.9751504812088,-78.9056277027369,4.6));
#18206=CARTESIAN_POINT('Origin',(40.9751504812088,-65.9056277027369,4.6));
#18207=CARTESIAN_POINT('',(40.9751504812088,-65.9056277027369,1.2));
#18208=CARTESIAN_POINT('',(40.9751504812088,-65.9056277027369,1.2));
#18209=CARTESIAN_POINT('',(40.9751504812088,-65.9056277027369,4.6));
#18210=CARTESIAN_POINT('Origin',(42.4751504812088,-65.9056277027369,4.6));
#18211=CARTESIAN_POINT('',(42.4751504812088,-64.4056277027369,1.2));
#18212=CARTESIAN_POINT('Origin',(42.4751504812088,-65.9056277027369,1.2));
#18213=CARTESIAN_POINT('',(42.4751504812088,-64.4056277027369,4.6));
#18214=CARTESIAN_POINT('Origin',(117.387650481209,-64.4056277027369,4.6));
#18215=CARTESIAN_POINT('',(117.387650481209,-64.4056277027369,1.2));
#18216=CARTESIAN_POINT('',(117.387650481209,-64.4056277027369,1.2));
#18217=CARTESIAN_POINT('',(117.387650481209,-64.4056277027369,4.6));
#18218=CARTESIAN_POINT('Origin',(117.387650481209,-65.9056277027369,4.6));
#18219=CARTESIAN_POINT('',(118.887650481209,-65.9056277027369,1.2));
#18220=CARTESIAN_POINT('Origin',(117.387650481209,-65.9056277027369,1.2));
#18221=CARTESIAN_POINT('',(118.887650481209,-65.9056277027369,4.6));
#18222=CARTESIAN_POINT('Origin',(118.887650481209,-78.8806277027369,4.6));
#18223=CARTESIAN_POINT('',(118.887650481209,-78.8806277027369,1.2));
#18224=CARTESIAN_POINT('',(118.887650481209,-78.9056277027369,1.2));
#18225=CARTESIAN_POINT('',(118.887650481209,-78.8806277027369,4.6));
#18226=CARTESIAN_POINT('Origin',(120.412650481209,-78.8806277027369,4.6));
#18227=CARTESIAN_POINT('',(121.937650481209,-78.8806277027369,1.2));
#18228=CARTESIAN_POINT('Origin',(120.412650481209,-78.8806277027369,1.2));
#18229=CARTESIAN_POINT('',(121.937650481209,-78.8806277027369,4.6));
#18230=CARTESIAN_POINT('Origin',(121.937650481209,-65.9056277027369,4.6));
#18231=CARTESIAN_POINT('',(121.937650481209,-65.9056277027369,1.2));
#18232=CARTESIAN_POINT('',(121.937650481209,-65.9056277027369,1.2));
#18233=CARTESIAN_POINT('',(121.937650481209,-65.9056277027369,4.6));
#18234=CARTESIAN_POINT('Origin',(123.437650481209,-65.9056277027369,4.6));
#18235=CARTESIAN_POINT('',(123.437650481209,-64.4056277027369,1.2));
#18236=CARTESIAN_POINT('Origin',(123.437650481209,-65.9056277027369,1.2));
#18237=CARTESIAN_POINT('',(123.437650481209,-64.4056277027369,4.6));
#18238=CARTESIAN_POINT('Origin',(174.537650481209,-64.4056277027369,4.6));
#18239=CARTESIAN_POINT('',(174.537650481209,-64.4056277027369,1.2));
#18240=CARTESIAN_POINT('',(174.537650481209,-64.4056277027369,1.2));
#18241=CARTESIAN_POINT('',(174.537650481209,-64.4056277027369,4.6));
#18242=CARTESIAN_POINT('Origin',(174.537650481209,-65.9056277027369,4.6));
#18243=CARTESIAN_POINT('',(176.037650481209,-65.9056277027369,1.2));
#18244=CARTESIAN_POINT('Origin',(174.537650481209,-65.9056277027369,1.2));
#18245=CARTESIAN_POINT('',(176.037650481209,-65.9056277027369,4.6));
#18246=CARTESIAN_POINT('Origin',(176.037650481209,-78.8806277027369,4.6));
#18247=CARTESIAN_POINT('',(176.037650481209,-78.8806277027369,1.2));
#18248=CARTESIAN_POINT('',(176.037650481209,-78.9056277027369,1.2));
#18249=CARTESIAN_POINT('',(176.037650481209,-78.8806277027369,4.6));
#18250=CARTESIAN_POINT('Origin',(177.562650481209,-78.8806277027369,4.6));
#18251=CARTESIAN_POINT('',(179.087650481209,-78.8806277027369,1.2));
#18252=CARTESIAN_POINT('Origin',(177.562650481209,-78.8806277027369,1.2));
#18253=CARTESIAN_POINT('',(179.087650481209,-78.8806277027369,4.6));
#18254=CARTESIAN_POINT('Origin',(179.087650481209,-65.9056277027369,4.6));
#18255=CARTESIAN_POINT('',(179.087650481209,-65.9056277027369,1.2));
#18256=CARTESIAN_POINT('Origin',(260.262650481209,-46.8556277027369,4.6));
#18257=CARTESIAN_POINT('',(260.262650481209,-45.3556277027369,4.6));
#18258=CARTESIAN_POINT('',(261.762650481209,-46.8556277027369,4.6));
#18259=CARTESIAN_POINT('Origin',(260.262650481209,-46.8556277027369,4.6));
#18260=CARTESIAN_POINT('',(260.262650481209,-45.3556277027369,1.2));
#18261=CARTESIAN_POINT('',(260.262650481209,-45.3556277027369,4.6));
#18262=CARTESIAN_POINT('',(261.762650481209,-46.8556277027369,1.2));
#18263=CARTESIAN_POINT('Origin',(260.262650481209,-46.8556277027369,1.2));
#18264=CARTESIAN_POINT('',(261.762650481209,-46.8556277027369,4.6));
#18265=CARTESIAN_POINT('Origin',(261.762650481209,-59.8556277027369,4.6));
#18266=CARTESIAN_POINT('',(261.762650481209,-59.8556277027369,4.6));
#18267=CARTESIAN_POINT('',(261.762650481209,-61.3778136122048,4.6));
#18268=CARTESIAN_POINT('',(261.762650481209,-59.8556277027369,1.2));
#18269=CARTESIAN_POINT('',(261.762650481209,-59.8556277027369,1.2));
#18270=CARTESIAN_POINT('',(261.762650481209,-59.8556277027369,4.6));
#18271=CARTESIAN_POINT('Origin',(260.262650481209,-59.8556277027369,4.6));
#18272=CARTESIAN_POINT('',(260.262650481209,-61.3556277027369,4.6));
#18273=CARTESIAN_POINT('Origin',(260.262650481209,-59.8556277027369,4.6));
#18274=CARTESIAN_POINT('',(260.262650481209,-61.3556277027369,1.2));
#18275=CARTESIAN_POINT('Origin',(260.262650481209,-59.8556277027369,1.2));
#18276=CARTESIAN_POINT('',(260.262650481209,-61.3556277027369,4.6));
#18277=CARTESIAN_POINT('Origin',(190.112650481209,-61.3556277027369,4.6));
#18278=CARTESIAN_POINT('',(190.112650481209,-61.3556277027369,4.6));
#18279=CARTESIAN_POINT('',(168.356331407975,-61.3556277027369,4.6));
#18280=CARTESIAN_POINT('',(190.112650481209,-61.3556277027369,1.2));
#18281=CARTESIAN_POINT('',(190.112650481209,-61.3556277027369,1.2));
#18282=CARTESIAN_POINT('',(190.112650481209,-61.3556277027369,4.6));
#18283=CARTESIAN_POINT('Origin',(190.112650481209,-59.8556277027369,4.6));
#18284=CARTESIAN_POINT('',(188.612650481209,-59.8556277027369,4.6));
#18285=CARTESIAN_POINT('Origin',(190.112650481209,-59.8556277027369,4.6));
#18286=CARTESIAN_POINT('',(188.612650481209,-59.8556277027369,1.2));
#18287=CARTESIAN_POINT('Origin',(190.112650481209,-59.8556277027369,1.2));
#18288=CARTESIAN_POINT('',(188.612650481209,-59.8556277027369,4.6));
#18289=CARTESIAN_POINT('Origin',(188.612650481209,-46.8556277027369,4.6));
#18290=CARTESIAN_POINT('',(188.612650481209,-46.8556277027369,4.6));
#18291=CARTESIAN_POINT('',(188.612650481209,-54.8778136122048,4.6));
#18292=CARTESIAN_POINT('',(188.612650481209,-46.8556277027369,1.2));
#18293=CARTESIAN_POINT('',(188.612650481209,-46.8556277027369,1.2));
#18294=CARTESIAN_POINT('',(188.612650481209,-46.8556277027369,4.6));
#18295=CARTESIAN_POINT('Origin',(190.112650481209,-46.8556277027369,4.6));
#18296=CARTESIAN_POINT('',(190.112650481209,-45.3556277027369,4.6));
#18297=CARTESIAN_POINT('Origin',(190.112650481209,-46.8556277027369,4.6));
#18298=CARTESIAN_POINT('',(190.112650481209,-45.3556277027369,1.2));
#18299=CARTESIAN_POINT('Origin',(190.112650481209,-46.8556277027369,1.2));
#18300=CARTESIAN_POINT('',(190.112650481209,-45.3556277027369,4.6));
#18301=CARTESIAN_POINT('Origin',(260.262650481209,-45.3556277027369,4.6));
#18302=CARTESIAN_POINT('',(203.431331407975,-45.3556277027371,4.6));
#18303=CARTESIAN_POINT('',(260.262650481209,-45.3556277027369,1.2));
#18304=CARTESIAN_POINT('Origin',(113.912650481209,-59.8556277027369,4.6));
#18305=CARTESIAN_POINT('',(113.912650481209,-61.3556277027369,4.6));
#18306=CARTESIAN_POINT('',(112.412650481209,-59.8556277027369,4.6));
#18307=CARTESIAN_POINT('Origin',(113.912650481209,-59.8556277027369,4.6));
#18308=CARTESIAN_POINT('',(113.912650481209,-61.3556277027369,1.2));
#18309=CARTESIAN_POINT('',(113.912650481209,-61.3556277027369,4.6));
#18310=CARTESIAN_POINT('',(112.412650481209,-59.8556277027369,1.2));
#18311=CARTESIAN_POINT('Origin',(113.912650481209,-59.8556277027369,1.2));
#18312=CARTESIAN_POINT('',(112.412650481209,-59.8556277027369,4.6));
#18313=CARTESIAN_POINT('Origin',(112.412650481209,-46.8556277027369,4.6));
#18314=CARTESIAN_POINT('',(112.412650481209,-46.8556277027369,4.6));
#18315=CARTESIAN_POINT('',(112.412650481209,-54.8778136122048,4.6));
#18316=CARTESIAN_POINT('',(112.412650481209,-46.8556277027369,1.2));
#18317=CARTESIAN_POINT('',(112.412650481209,-46.8556277027369,1.2));
#18318=CARTESIAN_POINT('',(112.412650481209,-46.8556277027369,4.6));
#18319=CARTESIAN_POINT('Origin',(113.912650481209,-46.8556277027369,4.6));
#18320=CARTESIAN_POINT('',(113.912650481209,-45.3556277027369,4.6));
#18321=CARTESIAN_POINT('Origin',(113.912650481209,-46.8556277027369,4.6));
#18322=CARTESIAN_POINT('',(113.912650481209,-45.3556277027369,1.2));
#18323=CARTESIAN_POINT('Origin',(113.912650481209,-46.8556277027369,1.2));
#18324=CARTESIAN_POINT('',(113.912650481209,-45.3556277027369,4.6));
#18325=CARTESIAN_POINT('Origin',(184.062650481209,-45.3556277027369,4.6));
#18326=CARTESIAN_POINT('',(184.062650481209,-45.3556277027369,4.6));
#18327=CARTESIAN_POINT('',(165.331331407975,-45.3556277027368,4.6));
#18328=CARTESIAN_POINT('',(184.062650481209,-45.3556277027369,1.2));
#18329=CARTESIAN_POINT('',(184.062650481209,-45.3556277027369,1.2));
#18330=CARTESIAN_POINT('',(184.062650481209,-45.3556277027369,4.6));
#18331=CARTESIAN_POINT('Origin',(184.062650481209,-46.8556277027369,4.6));
#18332=CARTESIAN_POINT('',(185.562650481209,-46.8556277027369,4.6));
#18333=CARTESIAN_POINT('Origin',(184.062650481209,-46.8556277027369,4.6));
#18334=CARTESIAN_POINT('',(185.562650481209,-46.8556277027369,1.2));
#18335=CARTESIAN_POINT('Origin',(184.062650481209,-46.8556277027369,1.2));
#18336=CARTESIAN_POINT('',(185.562650481209,-46.8556277027369,4.6));
#18337=CARTESIAN_POINT('Origin',(185.562650481209,-59.8556277027369,4.6));
#18338=CARTESIAN_POINT('',(185.562650481209,-59.8556277027369,4.6));
#18339=CARTESIAN_POINT('',(185.562650481209,-61.3778136122048,4.6));
#18340=CARTESIAN_POINT('',(185.562650481209,-59.8556277027369,1.2));
#18341=CARTESIAN_POINT('',(185.562650481209,-59.8556277027369,1.2));
#18342=CARTESIAN_POINT('',(185.562650481209,-59.8556277027369,4.6));
#18343=CARTESIAN_POINT('Origin',(184.062650481209,-59.8556277027369,4.6));
#18344=CARTESIAN_POINT('',(184.062650481209,-61.3556277027369,4.6));
#18345=CARTESIAN_POINT('Origin',(184.062650481209,-59.8556277027369,4.6));
#18346=CARTESIAN_POINT('',(184.062650481209,-61.3556277027369,1.2));
#18347=CARTESIAN_POINT('Origin',(184.062650481209,-59.8556277027369,1.2));
#18348=CARTESIAN_POINT('',(184.062650481209,-61.3556277027369,4.6));
#18349=CARTESIAN_POINT('Origin',(113.912650481209,-61.3556277027369,4.6));
#18350=CARTESIAN_POINT('',(130.256331407975,-61.3556277027369,4.6));
#18351=CARTESIAN_POINT('',(171.062650481209,-61.3556277027369,1.2));
#18352=CARTESIAN_POINT('Origin',(35.3314004812088,-46.8556277027369,4.6));
#18353=CARTESIAN_POINT('',(33.8314004812088,-46.8556277027369,4.6));
#18354=CARTESIAN_POINT('',(35.3314004812088,-45.3556277027369,4.6));
#18355=CARTESIAN_POINT('Origin',(35.3314004812088,-46.8556277027369,4.6));
#18356=CARTESIAN_POINT('',(33.8314004812088,-46.8556277027369,1.2));
#18357=CARTESIAN_POINT('',(33.8314004812088,-46.8556277027369,4.6));
#18358=CARTESIAN_POINT('',(35.3314004812088,-45.3556277027369,1.2));
#18359=CARTESIAN_POINT('Origin',(35.3314004812088,-46.8556277027369,1.2));
#18360=CARTESIAN_POINT('',(35.3314004812088,-45.3556277027369,4.6));
#18361=CARTESIAN_POINT('Origin',(107.862650481209,-45.3556277027369,4.6));
#18362=CARTESIAN_POINT('',(107.862650481209,-45.3556277027369,4.6));
#18363=CARTESIAN_POINT('',(127.231331407975,-45.3556277027369,4.6));
#18364=CARTESIAN_POINT('',(107.862650481209,-45.3556277027369,1.2));
#18365=CARTESIAN_POINT('',(107.862650481209,-45.3556277027369,1.2));
#18366=CARTESIAN_POINT('',(107.862650481209,-45.3556277027369,4.6));
#18367=CARTESIAN_POINT('Origin',(107.862650481209,-46.8556277027369,4.6));
#18368=CARTESIAN_POINT('',(109.362650481209,-46.8556277027369,4.6));
#18369=CARTESIAN_POINT('Origin',(107.862650481209,-46.8556277027369,4.6));
#18370=CARTESIAN_POINT('',(109.362650481209,-46.8556277027369,1.2));
#18371=CARTESIAN_POINT('Origin',(107.862650481209,-46.8556277027369,1.2));
#18372=CARTESIAN_POINT('',(109.362650481209,-46.8556277027369,4.6));
#18373=CARTESIAN_POINT('Origin',(109.362650481209,-59.8556277027369,4.6));
#18374=CARTESIAN_POINT('',(109.362650481209,-59.8556277027369,4.6));
#18375=CARTESIAN_POINT('',(109.362650481209,-61.3778136122048,4.6));
#18376=CARTESIAN_POINT('',(109.362650481209,-59.8556277027369,1.2));
#18377=CARTESIAN_POINT('',(109.362650481209,-59.8556277027369,1.2));
#18378=CARTESIAN_POINT('',(109.362650481209,-59.8556277027369,4.6));
#18379=CARTESIAN_POINT('Origin',(107.862650481209,-59.8556277027369,4.6));
#18380=CARTESIAN_POINT('',(107.862650481209,-61.3556277027369,4.6));
#18381=CARTESIAN_POINT('Origin',(107.862650481209,-59.8556277027369,4.6));
#18382=CARTESIAN_POINT('',(107.862650481209,-61.3556277027369,1.2));
#18383=CARTESIAN_POINT('Origin',(107.862650481209,-59.8556277027369,1.2));
#18384=CARTESIAN_POINT('',(107.862650481209,-61.3556277027369,4.6));
#18385=CARTESIAN_POINT('Origin',(35.3314004812088,-61.3556277027369,4.6));
#18386=CARTESIAN_POINT('',(35.3314004812088,-61.3556277027369,4.6));
#18387=CARTESIAN_POINT('',(90.9657064079752,-61.3556277027369,4.6));
#18388=CARTESIAN_POINT('',(35.3314004812088,-61.3556277027369,1.2));
#18389=CARTESIAN_POINT('',(35.3314004812088,-61.3556277027369,1.2));
#18390=CARTESIAN_POINT('',(35.3314004812088,-61.3556277027369,4.6));
#18391=CARTESIAN_POINT('Origin',(35.3314004812088,-59.8556277027369,4.6));
#18392=CARTESIAN_POINT('',(33.8314004812088,-59.8556277027369,4.6));
#18393=CARTESIAN_POINT('Origin',(35.3314004812088,-59.8556277027369,4.6));
#18394=CARTESIAN_POINT('',(33.8314004812088,-59.8556277027369,1.2));
#18395=CARTESIAN_POINT('Origin',(35.3314004812088,-59.8556277027369,1.2));
#18396=CARTESIAN_POINT('',(33.8314004812088,-59.8556277027369,4.6));
#18397=CARTESIAN_POINT('Origin',(33.8314004812088,-46.8556277027369,4.6));
#18398=CARTESIAN_POINT('',(33.8314004812088,-54.8778136122048,4.6));
#18399=CARTESIAN_POINT('',(33.8314004812088,-46.8556277027369,1.2));
#18400=CARTESIAN_POINT('Origin',(32.9501504812088,-27.8056277027369,4.6));
#18401=CARTESIAN_POINT('',(31.4501504812088,-27.8056277027369,4.6));
#18402=CARTESIAN_POINT('',(32.9501504812088,-26.3056277027369,4.6));
#18403=CARTESIAN_POINT('Origin',(32.9501504812088,-27.8056277027369,4.6));
#18404=CARTESIAN_POINT('',(31.4501504812088,-27.8056277027369,1.2));
#18405=CARTESIAN_POINT('',(31.4501504812088,-27.8056277027369,4.6));
#18406=CARTESIAN_POINT('',(32.9501504812088,-26.3056277027369,1.2));
#18407=CARTESIAN_POINT('Origin',(32.9501504812088,-27.8056277027369,1.2));
#18408=CARTESIAN_POINT('',(32.9501504812088,-26.3056277027369,4.6));
#18409=CARTESIAN_POINT('Origin',(103.100150481209,-26.3056277027369,4.6));
#18410=CARTESIAN_POINT('',(103.100150481209,-26.3056277027369,4.6));
#18411=CARTESIAN_POINT('',(124.850081407975,-26.3056277027369,4.6));
#18412=CARTESIAN_POINT('',(103.100150481209,-26.3056277027369,1.2));
#18413=CARTESIAN_POINT('',(103.100150481209,-26.3056277027369,1.2));
#18414=CARTESIAN_POINT('',(103.100150481209,-26.3056277027369,4.6));
#18415=CARTESIAN_POINT('Origin',(103.100150481209,-27.8056277027369,4.6));
#18416=CARTESIAN_POINT('',(104.600150481209,-27.8056277027369,4.6));
#18417=CARTESIAN_POINT('Origin',(103.100150481209,-27.8056277027369,4.6));
#18418=CARTESIAN_POINT('',(104.600150481209,-27.8056277027369,1.2));
#18419=CARTESIAN_POINT('Origin',(103.100150481209,-27.8056277027369,1.2));
#18420=CARTESIAN_POINT('',(104.600150481209,-27.8056277027369,4.6));
#18421=CARTESIAN_POINT('Origin',(104.600150481209,-40.8056277027369,4.6));
#18422=CARTESIAN_POINT('',(104.600150481209,-40.8056277027369,4.6));
#18423=CARTESIAN_POINT('',(104.600150481209,-51.8528136122048,4.6));
#18424=CARTESIAN_POINT('',(104.600150481209,-40.8056277027369,1.2));
#18425=CARTESIAN_POINT('',(104.600150481209,-40.8056277027369,1.2));
#18426=CARTESIAN_POINT('',(104.600150481209,-40.8056277027369,4.6));
#18427=CARTESIAN_POINT('Origin',(103.100150481209,-40.8056277027369,4.6));
#18428=CARTESIAN_POINT('',(103.100150481209,-42.3056277027369,4.6));
#18429=CARTESIAN_POINT('Origin',(103.100150481209,-40.8056277027369,4.6));
#18430=CARTESIAN_POINT('',(103.100150481209,-42.3056277027369,1.2));
#18431=CARTESIAN_POINT('Origin',(103.100150481209,-40.8056277027369,1.2));
#18432=CARTESIAN_POINT('',(103.100150481209,-42.3056277027369,4.6));
#18433=CARTESIAN_POINT('Origin',(32.9501504812088,-42.3056277027369,4.6));
#18434=CARTESIAN_POINT('',(32.9501504812088,-42.3056277027369,4.6));
#18435=CARTESIAN_POINT('',(89.7750814079752,-42.3056277027369,4.6));
#18436=CARTESIAN_POINT('',(32.9501504812088,-42.3056277027369,1.2));
#18437=CARTESIAN_POINT('',(32.9501504812088,-42.3056277027369,1.2));
#18438=CARTESIAN_POINT('',(32.9501504812088,-42.3056277027369,4.6));
#18439=CARTESIAN_POINT('Origin',(32.9501504812088,-40.8056277027369,4.6));
#18440=CARTESIAN_POINT('',(31.4501504812088,-40.8056277027369,4.6));
#18441=CARTESIAN_POINT('Origin',(32.9501504812088,-40.8056277027369,4.6));
#18442=CARTESIAN_POINT('',(31.4501504812088,-40.8056277027369,1.2));
#18443=CARTESIAN_POINT('Origin',(32.9501504812088,-40.8056277027369,1.2));
#18444=CARTESIAN_POINT('',(31.4501504812088,-40.8056277027369,4.6));
#18445=CARTESIAN_POINT('Origin',(31.4501504812088,-27.8056277027369,4.6));
#18446=CARTESIAN_POINT('',(31.4501504812088,-45.3528136122048,4.6));
#18447=CARTESIAN_POINT('',(31.4501504812088,-27.8056277027369,1.2));
#18448=CARTESIAN_POINT('Origin',(179.300150481209,-27.8056277027369,4.6));
#18449=CARTESIAN_POINT('',(179.300150481209,-26.3056277027369,4.6));
#18450=CARTESIAN_POINT('',(180.800150481209,-27.8056277027369,4.6));
#18451=CARTESIAN_POINT('Origin',(179.300150481209,-27.8056277027369,4.6));
#18452=CARTESIAN_POINT('',(179.300150481209,-26.3056277027369,1.2));
#18453=CARTESIAN_POINT('',(179.300150481209,-26.3056277027369,4.6));
#18454=CARTESIAN_POINT('',(180.800150481209,-27.8056277027369,1.2));
#18455=CARTESIAN_POINT('Origin',(179.300150481209,-27.8056277027369,1.2));
#18456=CARTESIAN_POINT('',(180.800150481209,-27.8056277027369,4.6));
#18457=CARTESIAN_POINT('Origin',(180.800150481209,-40.8056277027369,4.6));
#18458=CARTESIAN_POINT('',(180.800150481209,-40.8056277027369,4.6));
#18459=CARTESIAN_POINT('',(180.800150481209,-51.8528136122048,4.6));
#18460=CARTESIAN_POINT('',(180.800150481209,-40.8056277027369,1.2));
#18461=CARTESIAN_POINT('',(180.800150481209,-40.8056277027369,1.2));
#18462=CARTESIAN_POINT('',(180.800150481209,-40.8056277027369,4.6));
#18463=CARTESIAN_POINT('Origin',(179.300150481209,-40.8056277027369,4.6));
#18464=CARTESIAN_POINT('',(179.300150481209,-42.3056277027369,4.6));
#18465=CARTESIAN_POINT('Origin',(179.300150481209,-40.8056277027369,4.6));
#18466=CARTESIAN_POINT('',(179.300150481209,-42.3056277027369,1.2));
#18467=CARTESIAN_POINT('Origin',(179.300150481209,-40.8056277027369,1.2));
#18468=CARTESIAN_POINT('',(179.300150481209,-42.3056277027369,4.6));
#18469=CARTESIAN_POINT('Origin',(109.150150481209,-42.3056277027369,4.6));
#18470=CARTESIAN_POINT('',(109.150150481209,-42.3056277027369,4.6));
#18471=CARTESIAN_POINT('',(127.875081407975,-42.3056277027369,4.6));
#18472=CARTESIAN_POINT('',(109.150150481209,-42.3056277027369,1.2));
#18473=CARTESIAN_POINT('',(109.150150481209,-42.3056277027369,1.2));
#18474=CARTESIAN_POINT('',(109.150150481209,-42.3056277027369,4.6));
#18475=CARTESIAN_POINT('Origin',(109.150150481209,-40.8056277027369,4.6));
#18476=CARTESIAN_POINT('',(107.650150481209,-40.8056277027369,4.6));
#18477=CARTESIAN_POINT('Origin',(109.150150481209,-40.8056277027369,4.6));
#18478=CARTESIAN_POINT('',(107.650150481209,-40.8056277027369,1.2));
#18479=CARTESIAN_POINT('Origin',(109.150150481209,-40.8056277027369,1.2));
#18480=CARTESIAN_POINT('',(107.650150481209,-40.8056277027369,4.6));
#18481=CARTESIAN_POINT('Origin',(107.650150481209,-27.8056277027369,4.6));
#18482=CARTESIAN_POINT('',(107.650150481209,-27.8056277027369,4.6));
#18483=CARTESIAN_POINT('',(107.650150481209,-45.3528136122048,4.6));
#18484=CARTESIAN_POINT('',(107.650150481209,-27.8056277027369,1.2));
#18485=CARTESIAN_POINT('',(107.650150481209,-27.8056277027369,1.2));
#18486=CARTESIAN_POINT('',(107.650150481209,-27.8056277027369,4.6));
#18487=CARTESIAN_POINT('Origin',(109.150150481209,-27.8056277027369,4.6));
#18488=CARTESIAN_POINT('',(109.150150481209,-26.3056277027369,4.6));
#18489=CARTESIAN_POINT('Origin',(109.150150481209,-27.8056277027369,4.6));
#18490=CARTESIAN_POINT('',(109.150150481209,-26.3056277027369,1.2));
#18491=CARTESIAN_POINT('Origin',(109.150150481209,-27.8056277027369,1.2));
#18492=CARTESIAN_POINT('',(109.150150481209,-26.3056277027369,4.6));
#18493=CARTESIAN_POINT('Origin',(179.300150481209,-26.3056277027369,4.6));
#18494=CARTESIAN_POINT('',(162.950081407975,-26.3056277027369,4.6));
#18495=CARTESIAN_POINT('',(179.300150481209,-26.3056277027369,1.2));
#18496=CARTESIAN_POINT('Origin',(257.881400481209,-27.8056277027369,4.6));
#18497=CARTESIAN_POINT('',(257.881400481209,-26.3056277027369,4.6));
#18498=CARTESIAN_POINT('',(259.381400481209,-27.8056277027369,4.6));
#18499=CARTESIAN_POINT('Origin',(257.881400481209,-27.8056277027369,4.6));
#18500=CARTESIAN_POINT('',(257.881400481209,-26.3056277027369,1.2));
#18501=CARTESIAN_POINT('',(257.881400481209,-26.3056277027369,4.6));
#18502=CARTESIAN_POINT('',(259.381400481209,-27.8056277027369,1.2));
#18503=CARTESIAN_POINT('Origin',(257.881400481209,-27.8056277027369,1.2));
#18504=CARTESIAN_POINT('',(259.381400481209,-27.8056277027369,4.6));
#18505=CARTESIAN_POINT('Origin',(259.381400481209,-40.8056277027369,4.6));
#18506=CARTESIAN_POINT('',(259.381400481209,-40.8056277027369,4.6));
#18507=CARTESIAN_POINT('',(259.381400481209,-51.8528136122048,4.6));
#18508=CARTESIAN_POINT('',(259.381400481209,-40.8056277027369,1.2));
#18509=CARTESIAN_POINT('',(259.381400481209,-40.8056277027369,1.2));
#18510=CARTESIAN_POINT('',(259.381400481209,-40.8056277027369,4.6));
#18511=CARTESIAN_POINT('Origin',(257.881400481209,-40.8056277027369,4.6));
#18512=CARTESIAN_POINT('',(257.881400481209,-42.3056277027369,4.6));
#18513=CARTESIAN_POINT('Origin',(257.881400481209,-40.8056277027369,4.6));
#18514=CARTESIAN_POINT('',(257.881400481209,-42.3056277027369,1.2));
#18515=CARTESIAN_POINT('Origin',(257.881400481209,-40.8056277027369,1.2));
#18516=CARTESIAN_POINT('',(257.881400481209,-42.3056277027369,4.6));
#18517=CARTESIAN_POINT('Origin',(185.350150481209,-42.3056277027369,4.6));
#18518=CARTESIAN_POINT('',(185.350150481209,-42.3056277027369,4.6));
#18519=CARTESIAN_POINT('',(165.975081407975,-42.3056277027369,4.6));
#18520=CARTESIAN_POINT('',(185.350150481209,-42.3056277027369,1.2));
#18521=CARTESIAN_POINT('',(185.350150481209,-42.3056277027369,1.2));
#18522=CARTESIAN_POINT('',(185.350150481209,-42.3056277027369,4.6));
#18523=CARTESIAN_POINT('Origin',(185.350150481209,-40.8056277027369,4.6));
#18524=CARTESIAN_POINT('',(183.850150481209,-40.8056277027369,4.6));
#18525=CARTESIAN_POINT('Origin',(185.350150481209,-40.8056277027369,4.6));
#18526=CARTESIAN_POINT('',(183.850150481209,-40.8056277027369,1.2));
#18527=CARTESIAN_POINT('Origin',(185.350150481209,-40.8056277027369,1.2));
#18528=CARTESIAN_POINT('',(183.850150481209,-40.8056277027369,4.6));
#18529=CARTESIAN_POINT('Origin',(183.850150481209,-27.8056277027369,4.6));
#18530=CARTESIAN_POINT('',(183.850150481209,-27.8056277027369,4.6));
#18531=CARTESIAN_POINT('',(183.850150481209,-45.3528136122048,4.6));
#18532=CARTESIAN_POINT('',(183.850150481209,-27.8056277027369,1.2));
#18533=CARTESIAN_POINT('',(183.850150481209,-27.8056277027369,1.2));
#18534=CARTESIAN_POINT('',(183.850150481209,-27.8056277027369,4.6));
#18535=CARTESIAN_POINT('Origin',(185.350150481209,-27.8056277027369,4.6));
#18536=CARTESIAN_POINT('',(185.350150481209,-26.3056277027369,4.6));
#18537=CARTESIAN_POINT('Origin',(185.350150481209,-27.8056277027369,4.6));
#18538=CARTESIAN_POINT('',(185.350150481209,-26.3056277027369,1.2));
#18539=CARTESIAN_POINT('Origin',(185.350150481209,-27.8056277027369,1.2));
#18540=CARTESIAN_POINT('',(185.350150481209,-26.3056277027369,4.6));
#18541=CARTESIAN_POINT('Origin',(257.881400481209,-26.3056277027369,4.6));
#18542=CARTESIAN_POINT('',(202.240706407975,-26.3056277027369,4.6));
#18543=CARTESIAN_POINT('',(244.881400481209,-26.3056277027369,1.2));
#18544=CARTESIAN_POINT('Origin',(231.687650481209,-84.9556277027369,4.6));
#18545=CARTESIAN_POINT('',(231.687650481209,-83.4556277027369,4.6));
#18546=CARTESIAN_POINT('',(233.187650481209,-84.9556277027369,4.6));
#18547=CARTESIAN_POINT('Origin',(231.687650481209,-84.9556277027369,4.6));
#18548=CARTESIAN_POINT('',(231.687650481209,-83.4556277027369,1.2));
#18549=CARTESIAN_POINT('',(231.687650481209,-83.4556277027369,4.6));
#18550=CARTESIAN_POINT('',(233.187650481209,-84.9556277027369,1.2));
#18551=CARTESIAN_POINT('Origin',(231.687650481209,-84.9556277027369,1.2));
#18552=CARTESIAN_POINT('',(233.187650481209,-84.9556277027369,4.6));
#18553=CARTESIAN_POINT('Origin',(233.187650481209,-97.9556277027369,4.6));
#18554=CARTESIAN_POINT('',(233.187650481209,-97.9556277027369,4.6));
#18555=CARTESIAN_POINT('',(233.187650481209,-80.4278136122048,4.6));
#18556=CARTESIAN_POINT('',(233.187650481209,-97.9556277027369,1.2));
#18557=CARTESIAN_POINT('',(233.187650481209,-97.9556277027369,1.2));
#18558=CARTESIAN_POINT('',(233.187650481209,-97.9556277027369,4.6));
#18559=CARTESIAN_POINT('Origin',(231.687650481209,-97.9556277027369,4.6));
#18560=CARTESIAN_POINT('',(231.687650481209,-99.4556277027369,4.6));
#18561=CARTESIAN_POINT('Origin',(231.687650481209,-97.9556277027369,4.6));
#18562=CARTESIAN_POINT('',(231.687650481209,-99.4556277027369,1.2));
#18563=CARTESIAN_POINT('Origin',(231.687650481209,-97.9556277027369,1.2));
#18564=CARTESIAN_POINT('',(231.687650481209,-99.4556277027369,4.6));
#18565=CARTESIAN_POINT('Origin',(218.687650481209,-99.4556277027369,4.6));
#18566=CARTESIAN_POINT('',(218.687650481209,-99.4556277027369,4.6));
#18567=CARTESIAN_POINT('',(182.643831407975,-99.4556277027369,4.6));
#18568=CARTESIAN_POINT('',(218.687650481209,-99.4556277027369,1.2));
#18569=CARTESIAN_POINT('',(218.687650481209,-99.4556277027369,1.2));
#18570=CARTESIAN_POINT('',(218.687650481209,-99.4556277027369,4.6));
#18571=CARTESIAN_POINT('Origin',(218.687650481209,-97.9556277027369,4.6));
#18572=CARTESIAN_POINT('',(217.187650481209,-97.9556277027369,4.6));
#18573=CARTESIAN_POINT('Origin',(218.687650481209,-97.9556277027369,4.6));
#18574=CARTESIAN_POINT('',(217.187650481209,-97.9556277027369,1.2));
#18575=CARTESIAN_POINT('Origin',(218.687650481209,-97.9556277027369,1.2));
#18576=CARTESIAN_POINT('',(217.187650481209,-97.9556277027369,4.6));
#18577=CARTESIAN_POINT('Origin',(217.187650481209,-84.9556277027369,4.6));
#18578=CARTESIAN_POINT('',(217.187650481209,-84.9556277027369,4.6));
#18579=CARTESIAN_POINT('',(217.187650481209,-73.9278136122049,4.6));
#18580=CARTESIAN_POINT('',(217.187650481209,-84.9556277027369,1.2));
#18581=CARTESIAN_POINT('',(217.187650481209,-84.9556277027369,1.2));
#18582=CARTESIAN_POINT('',(217.187650481209,-84.9556277027369,4.6));
#18583=CARTESIAN_POINT('Origin',(218.687650481209,-84.9556277027369,4.6));
#18584=CARTESIAN_POINT('',(218.687650481209,-83.4556277027369,4.6));
#18585=CARTESIAN_POINT('Origin',(218.687650481209,-84.9556277027369,4.6));
#18586=CARTESIAN_POINT('',(218.687650481209,-83.4556277027369,1.2));
#18587=CARTESIAN_POINT('Origin',(218.687650481209,-84.9556277027369,1.2));
#18588=CARTESIAN_POINT('',(218.687650481209,-83.4556277027369,4.6));
#18589=CARTESIAN_POINT('Origin',(231.687650481209,-83.4556277027369,4.6));
#18590=CARTESIAN_POINT('',(189.143831407975,-83.455627702737,4.6));
#18591=CARTESIAN_POINT('',(231.687650481209,-83.4556277027369,1.2));
#18592=CARTESIAN_POINT('Origin',(74.5251504812088,-97.9556277027369,4.6));
#18593=CARTESIAN_POINT('',(76.0251504812088,-97.9556277027369,4.6));
#18594=CARTESIAN_POINT('',(74.5251504812088,-99.4556277027369,4.6));
#18595=CARTESIAN_POINT('Origin',(74.5251504812088,-97.9556277027369,4.6));
#18596=CARTESIAN_POINT('',(76.0251504812088,-97.9556277027369,1.2));
#18597=CARTESIAN_POINT('',(76.0251504812088,-97.9556277027369,4.6));
#18598=CARTESIAN_POINT('',(74.5251504812088,-99.4556277027369,1.2));
#18599=CARTESIAN_POINT('Origin',(74.5251504812088,-97.9556277027369,1.2));
#18600=CARTESIAN_POINT('',(74.5251504812088,-99.4556277027369,4.6));
#18601=CARTESIAN_POINT('Origin',(61.5251504812088,-99.4556277027369,4.6));
#18602=CARTESIAN_POINT('',(61.5251504812088,-99.4556277027369,4.6));
#18603=CARTESIAN_POINT('',(104.062581407975,-99.4556277027369,4.6));
#18604=CARTESIAN_POINT('',(61.5251504812088,-99.4556277027369,1.2));
#18605=CARTESIAN_POINT('',(61.5251504812088,-99.4556277027369,1.2));
#18606=CARTESIAN_POINT('',(61.5251504812088,-99.4556277027369,4.6));
#18607=CARTESIAN_POINT('Origin',(61.5251504812088,-97.9556277027369,4.6));
#18608=CARTESIAN_POINT('',(60.0251504812088,-97.9556277027369,4.6));
#18609=CARTESIAN_POINT('Origin',(61.5251504812088,-97.9556277027369,4.6));
#18610=CARTESIAN_POINT('',(60.0251504812088,-97.9556277027369,1.2));
#18611=CARTESIAN_POINT('Origin',(61.5251504812088,-97.9556277027369,1.2));
#18612=CARTESIAN_POINT('',(60.0251504812088,-97.9556277027369,4.6));
#18613=CARTESIAN_POINT('Origin',(60.0251504812088,-84.9556277027369,4.6));
#18614=CARTESIAN_POINT('',(60.0251504812088,-84.9556277027369,4.6));
#18615=CARTESIAN_POINT('',(60.0251504812088,-73.9278136122048,4.6));
#18616=CARTESIAN_POINT('',(60.0251504812088,-84.9556277027369,1.2));
#18617=CARTESIAN_POINT('',(60.0251504812088,-84.9556277027369,1.2));
#18618=CARTESIAN_POINT('',(60.0251504812088,-84.9556277027369,4.6));
#18619=CARTESIAN_POINT('Origin',(61.5251504812088,-84.9556277027369,4.6));
#18620=CARTESIAN_POINT('',(61.5251504812088,-83.4556277027369,4.6));
#18621=CARTESIAN_POINT('Origin',(61.5251504812088,-84.9556277027369,4.6));
#18622=CARTESIAN_POINT('',(61.5251504812088,-83.4556277027369,1.2));
#18623=CARTESIAN_POINT('Origin',(61.5251504812088,-84.9556277027369,1.2));
#18624=CARTESIAN_POINT('',(61.5251504812088,-83.4556277027369,4.6));
#18625=CARTESIAN_POINT('Origin',(74.5251504812088,-83.4556277027369,4.6));
#18626=CARTESIAN_POINT('',(74.5251504812088,-83.4556277027369,4.6));
#18627=CARTESIAN_POINT('',(110.562581407975,-83.4556277027369,4.6));
#18628=CARTESIAN_POINT('',(74.5251504812088,-83.4556277027369,1.2));
#18629=CARTESIAN_POINT('',(74.5251504812088,-83.4556277027369,1.2));
#18630=CARTESIAN_POINT('',(74.5251504812088,-83.4556277027369,4.6));
#18631=CARTESIAN_POINT('Origin',(74.5251504812088,-84.9556277027369,4.6));
#18632=CARTESIAN_POINT('',(76.0251504812088,-84.9556277027369,4.6));
#18633=CARTESIAN_POINT('Origin',(74.5251504812088,-84.9556277027369,4.6));
#18634=CARTESIAN_POINT('',(76.0251504812088,-84.9556277027369,1.2));
#18635=CARTESIAN_POINT('Origin',(74.5251504812088,-84.9556277027369,1.2));
#18636=CARTESIAN_POINT('',(76.0251504812088,-84.9556277027369,4.6));
#18637=CARTESIAN_POINT('Origin',(76.0251504812088,-97.9556277027369,4.6));
#18638=CARTESIAN_POINT('',(76.0251504812088,-80.4278136122048,4.6));
#18639=CARTESIAN_POINT('',(76.0251504812088,-97.9556277027369,1.2));
#18640=CARTESIAN_POINT('Origin',(270.600045077154,-99.8588436321069,4.6));
#18641=CARTESIAN_POINT('',(270.600045077154,-99.8588436321069,4.6));
#18642=CARTESIAN_POINT('',(270.599999472499,-99.8588436321628,4.6));
#18643=CARTESIAN_POINT('',(84.6000888590134,-99.8590715211918,4.6));
#18644=CARTESIAN_POINT('',(270.599999472499,-99.8588436321628,1.2));
#18645=CARTESIAN_POINT('',(270.599999472499,-99.8588436321628,4.6));
#18646=CARTESIAN_POINT('',(270.600045077154,-99.8588436321069,1.2));
#18647=CARTESIAN_POINT('',(270.600045077154,-99.8588436321069,1.2));
#18648=CARTESIAN_POINT('',(270.600045077154,-99.8588436321069,4.6));
#18649=CARTESIAN_POINT('Origin',(146.600035137069,-62.8999995216727,1.2));
#18650=CARTESIAN_POINT('',(268.599999472499,-105.399999521673,1.2));
#18651=CARTESIAN_POINT('',(24.6001267125217,-105.399999521672,1.2));
#18652=CARTESIAN_POINT('',(235.63500333786,-105.399999521673,1.2));
#18653=CARTESIAN_POINT('',(22.6001244390299,-103.400001972095,1.2));
#18654=CARTESIAN_POINT('Origin',(24.6001244390285,-103.399999521674,1.2));
#18655=CARTESIAN_POINT('',(22.6000251969857,-22.400001972094,1.2));
#18656=CARTESIAN_POINT('',(22.60012443903,-103.400001972095,1.2));
#18657=CARTESIAN_POINT('',(24.6000251969842,-20.3999995216731,1.2));
#18658=CARTESIAN_POINT('Origin',(24.6000251969842,-22.3999995216731,1.2));
#18659=CARTESIAN_POINT('',(268.599999472499,-20.3999995216727,1.2));
#18660=CARTESIAN_POINT('',(24.6000251969842,-20.3999995216731,1.2));
#18661=CARTESIAN_POINT('',(270.599999472499,-22.3999995216727,1.2));
#18662=CARTESIAN_POINT('Origin',(268.599999472499,-22.3999995216727,1.2));
#18663=CARTESIAN_POINT('',(270.599999472499,-62.6369471533942,1.2));
#18664=CARTESIAN_POINT('',(270.599999472499,-22.3999995216727,1.2));
#18665=CARTESIAN_POINT('',(270.599999472499,-62.6369471533942,1.2));
#18666=CARTESIAN_POINT('',(270.599999472499,-103.399999521673,1.2));
#18667=CARTESIAN_POINT('',(270.599999472499,-99.8588436321628,1.2));
#18668=CARTESIAN_POINT('Origin',(268.599999472499,-103.399999521673,1.2));
#18669=CARTESIAN_POINT('Origin',(146.600012334742,-62.8999995216727,4.6));
#18670=CARTESIAN_POINT('',(61.0251504812088,-84.9556277027369,4.6));
#18671=CARTESIAN_POINT('',(61.0251504812088,-97.9556277027369,4.6));
#18672=CARTESIAN_POINT('',(61.0251504812088,-80.4278136122048,4.6));
#18673=CARTESIAN_POINT('',(61.5251504812088,-98.4556277027369,4.6));
#18674=CARTESIAN_POINT('Origin',(61.5251504812088,-97.9556277027369,4.6));
#18675=CARTESIAN_POINT('',(74.5251504812088,-98.4556277027369,4.6));
#18676=CARTESIAN_POINT('',(110.562581407975,-98.4556277027369,4.6));
#18677=CARTESIAN_POINT('',(75.0251504812088,-97.9556277027369,4.6));
#18678=CARTESIAN_POINT('Origin',(74.5251504812088,-97.9556277027369,4.6));
#18679=CARTESIAN_POINT('',(75.0251504812088,-84.9556277027369,4.6));
#18680=CARTESIAN_POINT('',(75.0251504812088,-73.9278136122048,4.6));
#18681=CARTESIAN_POINT('',(74.5251504812088,-84.4556277027369,4.6));
#18682=CARTESIAN_POINT('Origin',(74.5251504812088,-84.9556277027369,4.6));
#18683=CARTESIAN_POINT('',(61.5251504812088,-84.4556277027369,4.6));
#18684=CARTESIAN_POINT('',(104.062581407975,-84.4556277027369,4.6));
#18685=CARTESIAN_POINT('Origin',(61.5251504812088,-84.9556277027369,4.6));
#18686=CARTESIAN_POINT('Origin',(146.600012334742,-62.8999995216727,4.6));
#18687=CARTESIAN_POINT('',(218.187650481209,-84.9556277027369,4.6));
#18688=CARTESIAN_POINT('',(218.187650481209,-97.9556277027369,4.6));
#18689=CARTESIAN_POINT('',(218.187650481209,-80.4278136122048,4.6));
#18690=CARTESIAN_POINT('',(218.687650481209,-98.4556277027369,4.6));
#18691=CARTESIAN_POINT('Origin',(218.687650481209,-97.9556277027369,4.6));
#18692=CARTESIAN_POINT('',(231.687650481209,-98.4556277027369,4.6));
#18693=CARTESIAN_POINT('',(189.143831407975,-98.4556277027369,4.6));
#18694=CARTESIAN_POINT('',(232.187650481209,-97.9556277027369,4.6));
#18695=CARTESIAN_POINT('Origin',(231.687650481209,-97.9556277027369,4.6));
#18696=CARTESIAN_POINT('',(232.187650481209,-84.9556277027369,4.6));
#18697=CARTESIAN_POINT('',(232.187650481209,-73.9278136122048,4.6));
#18698=CARTESIAN_POINT('',(231.687650481209,-84.4556277027369,4.6));
#18699=CARTESIAN_POINT('Origin',(231.687650481209,-84.9556277027369,4.6));
#18700=CARTESIAN_POINT('',(218.687650481209,-84.4556277027369,4.6));
#18701=CARTESIAN_POINT('',(182.643831407975,-84.4556277027369,4.6));
#18702=CARTESIAN_POINT('Origin',(218.687650481209,-84.9556277027369,4.6));
#18703=CARTESIAN_POINT('Origin',(146.600012334742,-62.8999995216727,4.6));
#18704=CARTESIAN_POINT('',(184.850150481209,-27.8056277027369,4.6));
#18705=CARTESIAN_POINT('',(184.850150481209,-40.8056277027369,4.6));
#18706=CARTESIAN_POINT('',(184.850150481209,-51.8528136122048,4.6));
#18707=CARTESIAN_POINT('',(185.350150481209,-41.3056277027369,4.6));
#18708=CARTESIAN_POINT('Origin',(185.350150481209,-40.8056277027369,4.6));
#18709=CARTESIAN_POINT('',(198.350150481209,-41.3056277027369,4.6));
#18710=CARTESIAN_POINT('',(172.475081407975,-41.3056277027369,4.6));
#18711=CARTESIAN_POINT('',(198.850150481209,-40.8056277027369,4.6));
#18712=CARTESIAN_POINT('Origin',(198.350150481209,-40.8056277027369,4.6));
#18713=CARTESIAN_POINT('',(198.850150481209,-27.8056277027369,4.6));
#18714=CARTESIAN_POINT('',(198.850150481209,-45.3528136122048,4.6));
#18715=CARTESIAN_POINT('',(198.350150481209,-27.3056277027369,4.6));
#18716=CARTESIAN_POINT('Origin',(198.350150481209,-27.8056277027369,4.6));
#18717=CARTESIAN_POINT('',(185.350150481209,-27.3056277027369,4.6));
#18718=CARTESIAN_POINT('',(165.975081407975,-27.3056277027369,4.6));
#18719=CARTESIAN_POINT('Origin',(185.350150481209,-27.8056277027369,4.6));
#18720=CARTESIAN_POINT('',(222.950150481209,-27.8056277027369,4.6));
#18721=CARTESIAN_POINT('',(222.950150481209,-40.8056277027369,4.6));
#18722=CARTESIAN_POINT('',(222.950150481209,-51.8528136122048,4.6));
#18723=CARTESIAN_POINT('',(223.450150481209,-41.3056277027369,4.6));
#18724=CARTESIAN_POINT('Origin',(223.450150481209,-40.8056277027369,4.6));
#18725=CARTESIAN_POINT('',(236.450150481209,-41.3056277027369,4.6));
#18726=CARTESIAN_POINT('',(191.525081407975,-41.3056277027369,4.6));
#18727=CARTESIAN_POINT('',(236.950150481209,-40.8056277027369,4.6));
#18728=CARTESIAN_POINT('Origin',(236.450150481209,-40.8056277027369,4.6));
#18729=CARTESIAN_POINT('',(236.950150481209,-27.8056277027369,4.6));
#18730=CARTESIAN_POINT('',(236.950150481209,-45.3528136122048,4.6));
#18731=CARTESIAN_POINT('',(236.450150481209,-27.3056277027369,4.6));
#18732=CARTESIAN_POINT('Origin',(236.450150481209,-27.8056277027369,4.6));
#18733=CARTESIAN_POINT('',(223.450150481209,-27.3056277027369,4.6));
#18734=CARTESIAN_POINT('',(185.025081407975,-27.3056277027369,4.6));
#18735=CARTESIAN_POINT('Origin',(223.450150481209,-27.8056277027369,4.6));
#18736=CARTESIAN_POINT('',(244.381400481209,-27.8056277027369,4.6));
#18737=CARTESIAN_POINT('',(244.381400481209,-40.8056277027369,4.6));
#18738=CARTESIAN_POINT('',(244.381400481209,-51.8528136122048,4.6));
#18739=CARTESIAN_POINT('',(244.881400481209,-41.3056277027369,4.6));
#18740=CARTESIAN_POINT('Origin',(244.881400481209,-40.8056277027369,4.6));
#18741=CARTESIAN_POINT('',(257.881400481209,-41.3056277027369,4.6));
#18742=CARTESIAN_POINT('',(202.240706407975,-41.3056277027369,4.6));
#18743=CARTESIAN_POINT('',(258.381400481209,-40.8056277027369,4.6));
#18744=CARTESIAN_POINT('Origin',(257.881400481209,-40.8056277027369,4.6));
#18745=CARTESIAN_POINT('',(258.381400481209,-27.8056277027369,4.6));
#18746=CARTESIAN_POINT('',(258.381400481209,-45.3528136122048,4.6));
#18747=CARTESIAN_POINT('',(257.881400481209,-27.3056277027369,4.6));
#18748=CARTESIAN_POINT('Origin',(257.881400481209,-27.8056277027369,4.6));
#18749=CARTESIAN_POINT('',(244.881400481209,-27.3056277027369,4.6));
#18750=CARTESIAN_POINT('',(195.740706407975,-27.3056277027369,4.6));
#18751=CARTESIAN_POINT('Origin',(244.881400481209,-27.8056277027369,4.6));
#18752=CARTESIAN_POINT('',(203.900150481209,-27.8056277027369,4.6));
#18753=CARTESIAN_POINT('',(203.900150481209,-40.8056277027369,4.6));
#18754=CARTESIAN_POINT('',(203.900150481209,-51.8528136122048,4.6));
#18755=CARTESIAN_POINT('',(204.400150481209,-41.3056277027369,4.6));
#18756=CARTESIAN_POINT('Origin',(204.400150481209,-40.8056277027369,4.6));
#18757=CARTESIAN_POINT('',(217.400150481209,-41.3056277027369,4.6));
#18758=CARTESIAN_POINT('',(182.000081407975,-41.3056277027369,4.6));
#18759=CARTESIAN_POINT('',(217.900150481209,-40.8056277027369,4.6));
#18760=CARTESIAN_POINT('Origin',(217.400150481209,-40.8056277027369,4.6));
#18761=CARTESIAN_POINT('',(217.900150481209,-27.8056277027369,4.6));
#18762=CARTESIAN_POINT('',(217.900150481209,-45.3528136122048,4.6));
#18763=CARTESIAN_POINT('',(217.400150481209,-27.3056277027369,4.6));
#18764=CARTESIAN_POINT('Origin',(217.400150481209,-27.8056277027369,4.6));
#18765=CARTESIAN_POINT('',(204.400150481209,-27.3056277027369,4.6));
#18766=CARTESIAN_POINT('',(175.500081407975,-27.3056277027369,4.6));
#18767=CARTESIAN_POINT('Origin',(204.400150481209,-27.8056277027369,4.6));
#18768=CARTESIAN_POINT('Origin',(146.600012334742,-62.8999995216727,4.6));
#18769=CARTESIAN_POINT('',(146.750150481209,-27.8056277027369,4.6));
#18770=CARTESIAN_POINT('',(146.750150481209,-40.8056277027369,4.6));
#18771=CARTESIAN_POINT('',(146.750150481209,-51.8528136122048,4.6));
#18772=CARTESIAN_POINT('',(147.250150481209,-41.3056277027369,4.6));
#18773=CARTESIAN_POINT('Origin',(147.250150481209,-40.8056277027369,4.6));
#18774=CARTESIAN_POINT('',(160.250150481209,-41.3056277027369,4.6));
#18775=CARTESIAN_POINT('',(153.425081407975,-41.3056277027369,4.6));
#18776=CARTESIAN_POINT('',(160.750150481209,-40.8056277027369,4.6));
#18777=CARTESIAN_POINT('Origin',(160.250150481209,-40.8056277027369,4.6));
#18778=CARTESIAN_POINT('',(160.750150481209,-27.8056277027369,4.6));
#18779=CARTESIAN_POINT('',(160.750150481209,-45.3528136122048,4.6));
#18780=CARTESIAN_POINT('',(160.250150481209,-27.3056277027369,4.6));
#18781=CARTESIAN_POINT('Origin',(160.250150481209,-27.8056277027369,4.6));
#18782=CARTESIAN_POINT('',(147.250150481209,-27.3056277027369,4.6));
#18783=CARTESIAN_POINT('',(146.925081407975,-27.3056277027369,4.6));
#18784=CARTESIAN_POINT('Origin',(147.250150481209,-27.8056277027369,4.6));
#18785=CARTESIAN_POINT('',(165.800150481209,-27.8056277027369,4.6));
#18786=CARTESIAN_POINT('',(165.800150481209,-40.8056277027369,4.6));
#18787=CARTESIAN_POINT('',(165.800150481209,-51.8528136122048,4.6));
#18788=CARTESIAN_POINT('',(166.300150481209,-41.3056277027369,4.6));
#18789=CARTESIAN_POINT('Origin',(166.300150481209,-40.8056277027369,4.6));
#18790=CARTESIAN_POINT('',(179.300150481209,-41.3056277027369,4.6));
#18791=CARTESIAN_POINT('',(162.950081407975,-41.3056277027369,4.6));
#18792=CARTESIAN_POINT('',(179.800150481209,-40.8056277027369,4.6));
#18793=CARTESIAN_POINT('Origin',(179.300150481209,-40.8056277027369,4.6));
#18794=CARTESIAN_POINT('',(179.800150481209,-27.8056277027369,4.6));
#18795=CARTESIAN_POINT('',(179.800150481209,-45.3528136122048,4.6));
#18796=CARTESIAN_POINT('',(179.300150481209,-27.3056277027369,4.6));
#18797=CARTESIAN_POINT('Origin',(179.300150481209,-27.8056277027369,4.6));
#18798=CARTESIAN_POINT('',(166.300150481209,-27.3056277027369,4.6));
#18799=CARTESIAN_POINT('',(156.450081407975,-27.3056277027369,4.6));
#18800=CARTESIAN_POINT('Origin',(166.300150481209,-27.8056277027369,4.6));
#18801=CARTESIAN_POINT('',(127.700150481209,-27.8056277027369,4.6));
#18802=CARTESIAN_POINT('',(127.700150481209,-40.8056277027369,4.6));
#18803=CARTESIAN_POINT('',(127.700150481209,-51.8528136122048,4.6));
#18804=CARTESIAN_POINT('',(128.200150481209,-41.3056277027369,4.6));
#18805=CARTESIAN_POINT('Origin',(128.200150481209,-40.8056277027369,4.6));
#18806=CARTESIAN_POINT('',(141.200150481209,-41.3056277027369,4.6));
#18807=CARTESIAN_POINT('',(143.900081407975,-41.3056277027369,4.6));
#18808=CARTESIAN_POINT('',(141.700150481209,-40.8056277027369,4.6));
#18809=CARTESIAN_POINT('Origin',(141.200150481209,-40.8056277027369,4.6));
#18810=CARTESIAN_POINT('',(141.700150481209,-27.8056277027369,4.6));
#18811=CARTESIAN_POINT('',(141.700150481209,-45.3528136122048,4.6));
#18812=CARTESIAN_POINT('',(141.200150481209,-27.3056277027369,4.6));
#18813=CARTESIAN_POINT('Origin',(141.200150481209,-27.8056277027369,4.6));
#18814=CARTESIAN_POINT('',(128.200150481209,-27.3056277027369,4.6));
#18815=CARTESIAN_POINT('',(137.400081407975,-27.3056277027369,4.6));
#18816=CARTESIAN_POINT('Origin',(128.200150481209,-27.8056277027369,4.6));
#18817=CARTESIAN_POINT('',(108.650150481209,-27.8056277027369,4.6));
#18818=CARTESIAN_POINT('',(108.650150481209,-40.8056277027369,4.6));
#18819=CARTESIAN_POINT('',(108.650150481209,-51.8528136122048,4.6));
#18820=CARTESIAN_POINT('',(109.150150481209,-41.3056277027369,4.6));
#18821=CARTESIAN_POINT('Origin',(109.150150481209,-40.8056277027369,4.6));
#18822=CARTESIAN_POINT('',(122.150150481209,-41.3056277027369,4.6));
#18823=CARTESIAN_POINT('',(134.375081407975,-41.3056277027369,4.6));
#18824=CARTESIAN_POINT('',(122.650150481209,-40.8056277027369,4.6));
#18825=CARTESIAN_POINT('Origin',(122.150150481209,-40.8056277027369,4.6));
#18826=CARTESIAN_POINT('',(122.650150481209,-27.8056277027369,4.6));
#18827=CARTESIAN_POINT('',(122.650150481209,-45.3528136122048,4.6));
#18828=CARTESIAN_POINT('',(122.150150481209,-27.3056277027369,4.6));
#18829=CARTESIAN_POINT('Origin',(122.150150481209,-27.8056277027369,4.6));
#18830=CARTESIAN_POINT('',(109.150150481209,-27.3056277027369,4.6));
#18831=CARTESIAN_POINT('',(127.875081407975,-27.3056277027369,4.6));
#18832=CARTESIAN_POINT('Origin',(109.150150481209,-27.8056277027369,4.6));
#18833=CARTESIAN_POINT('Origin',(146.600012334742,-62.8999995216727,4.6));
#18834=CARTESIAN_POINT('',(51.5001504812088,-27.8056277027369,4.6));
#18835=CARTESIAN_POINT('',(51.5001504812088,-40.8056277027369,4.6));
#18836=CARTESIAN_POINT('',(51.5001504812088,-51.8528136122048,4.6));
#18837=CARTESIAN_POINT('',(52.0001504812088,-41.3056277027369,4.6));
#18838=CARTESIAN_POINT('Origin',(52.0001504812088,-40.8056277027369,4.6));
#18839=CARTESIAN_POINT('',(65.0001504812088,-41.3056277027369,4.6));
#18840=CARTESIAN_POINT('',(105.800081407975,-41.3056277027369,4.6));
#18841=CARTESIAN_POINT('',(65.5001504812088,-40.8056277027369,4.6));
#18842=CARTESIAN_POINT('Origin',(65.0001504812088,-40.8056277027369,4.6));
#18843=CARTESIAN_POINT('',(65.5001504812088,-27.8056277027369,4.6));
#18844=CARTESIAN_POINT('',(65.5001504812088,-45.3528136122048,4.6));
#18845=CARTESIAN_POINT('',(65.0001504812088,-27.3056277027369,4.6));
#18846=CARTESIAN_POINT('Origin',(65.0001504812088,-27.8056277027369,4.6));
#18847=CARTESIAN_POINT('',(52.0001504812088,-27.3056277027369,4.6));
#18848=CARTESIAN_POINT('',(99.3000814079752,-27.3056277027369,4.6));
#18849=CARTESIAN_POINT('Origin',(52.0001504812088,-27.8056277027369,4.6));
#18850=CARTESIAN_POINT('',(89.6001504812088,-27.8056277027369,4.6));
#18851=CARTESIAN_POINT('',(89.6001504812088,-40.8056277027369,4.6));
#18852=CARTESIAN_POINT('',(89.6001504812088,-51.8528136122048,4.6));
#18853=CARTESIAN_POINT('',(90.1001504812088,-41.3056277027369,4.6));
#18854=CARTESIAN_POINT('Origin',(90.1001504812088,-40.8056277027369,4.6));
#18855=CARTESIAN_POINT('',(103.100150481209,-41.3056277027369,4.6));
#18856=CARTESIAN_POINT('',(124.850081407975,-41.3056277027369,4.6));
#18857=CARTESIAN_POINT('',(103.600150481209,-40.8056277027369,4.6));
#18858=CARTESIAN_POINT('Origin',(103.100150481209,-40.8056277027369,4.6));
#18859=CARTESIAN_POINT('',(103.600150481209,-27.8056277027369,4.6));
#18860=CARTESIAN_POINT('',(103.600150481209,-45.3528136122048,4.6));
#18861=CARTESIAN_POINT('',(103.100150481209,-27.3056277027369,4.6));
#18862=CARTESIAN_POINT('Origin',(103.100150481209,-27.8056277027369,4.6));
#18863=CARTESIAN_POINT('',(90.1001504812088,-27.3056277027369,4.6));
#18864=CARTESIAN_POINT('',(118.350081407975,-27.3056277027369,4.6));
#18865=CARTESIAN_POINT('Origin',(90.1001504812088,-27.8056277027369,4.6));
#18866=CARTESIAN_POINT('',(32.4501504812088,-27.8056277027369,4.6));
#18867=CARTESIAN_POINT('',(32.4501504812088,-40.8056277027369,4.6));
#18868=CARTESIAN_POINT('',(32.4501504812088,-51.8528136122048,4.6));
#18869=CARTESIAN_POINT('',(32.9501504812088,-41.3056277027369,4.6));
#18870=CARTESIAN_POINT('Origin',(32.9501504812088,-40.8056277027369,4.6));
#18871=CARTESIAN_POINT('',(45.9501504812088,-41.3056277027369,4.6));
#18872=CARTESIAN_POINT('',(96.2750814079752,-41.3056277027369,4.6));
#18873=CARTESIAN_POINT('',(46.4501504812088,-40.8056277027369,4.6));
#18874=CARTESIAN_POINT('Origin',(45.9501504812088,-40.8056277027369,4.6));
#18875=CARTESIAN_POINT('',(46.4501504812088,-27.8056277027369,4.6));
#18876=CARTESIAN_POINT('',(46.4501504812088,-45.3528136122048,4.6));
#18877=CARTESIAN_POINT('',(45.9501504812088,-27.3056277027369,4.6));
#18878=CARTESIAN_POINT('Origin',(45.9501504812088,-27.8056277027369,4.6));
#18879=CARTESIAN_POINT('',(32.9501504812088,-27.3056277027369,4.6));
#18880=CARTESIAN_POINT('',(89.7750814079752,-27.3056277027369,4.6));
#18881=CARTESIAN_POINT('Origin',(32.9501504812088,-27.8056277027369,4.6));
#18882=CARTESIAN_POINT('',(70.5501504812088,-27.8056277027369,4.6));
#18883=CARTESIAN_POINT('',(70.5501504812088,-40.8056277027369,4.6));
#18884=CARTESIAN_POINT('',(70.5501504812088,-51.8528136122048,4.6));
#18885=CARTESIAN_POINT('',(71.0501504812088,-41.3056277027369,4.6));
#18886=CARTESIAN_POINT('Origin',(71.0501504812088,-40.8056277027369,4.6));
#18887=CARTESIAN_POINT('',(84.0501504812088,-41.3056277027369,4.6));
#18888=CARTESIAN_POINT('',(115.325081407975,-41.3056277027369,4.6));
#18889=CARTESIAN_POINT('',(84.5501504812088,-40.8056277027369,4.6));
#18890=CARTESIAN_POINT('Origin',(84.0501504812088,-40.8056277027369,4.6));
#18891=CARTESIAN_POINT('',(84.5501504812088,-27.8056277027369,4.6));
#18892=CARTESIAN_POINT('',(84.5501504812088,-45.3528136122048,4.6));
#18893=CARTESIAN_POINT('',(84.0501504812088,-27.3056277027369,4.6));
#18894=CARTESIAN_POINT('Origin',(84.0501504812088,-27.8056277027369,4.6));
#18895=CARTESIAN_POINT('',(71.0501504812088,-27.3056277027369,4.6));
#18896=CARTESIAN_POINT('',(108.825081407975,-27.3056277027369,4.6));
#18897=CARTESIAN_POINT('Origin',(71.0501504812088,-27.8056277027369,4.6));
#18898=CARTESIAN_POINT('Origin',(146.600012334742,-62.8999995216727,4.6));
#18899=CARTESIAN_POINT('',(94.3626504812088,-46.8556277027369,4.6));
#18900=CARTESIAN_POINT('',(94.3626504812088,-59.8556277027369,4.6));
#18901=CARTESIAN_POINT('',(94.3626504812088,-61.3778136122048,4.6));
#18902=CARTESIAN_POINT('',(94.8626504812088,-60.3556277027369,4.6));
#18903=CARTESIAN_POINT('Origin',(94.8626504812088,-59.8556277027369,4.6));
#18904=CARTESIAN_POINT('',(107.862650481209,-60.3556277027369,4.6));
#18905=CARTESIAN_POINT('',(127.231331407975,-60.3556277027369,4.6));
#18906=CARTESIAN_POINT('',(108.362650481209,-59.8556277027369,4.6));
#18907=CARTESIAN_POINT('Origin',(107.862650481209,-59.8556277027369,4.6));
#18908=CARTESIAN_POINT('',(108.362650481209,-46.8556277027369,4.6));
#18909=CARTESIAN_POINT('',(108.362650481209,-54.8778136122048,4.6));
#18910=CARTESIAN_POINT('',(107.862650481209,-46.3556277027369,4.6));
#18911=CARTESIAN_POINT('Origin',(107.862650481209,-46.8556277027369,4.6));
#18912=CARTESIAN_POINT('',(94.8626504812088,-46.3556277027369,4.6));
#18913=CARTESIAN_POINT('',(120.731331407975,-46.3556277027369,4.6));
#18914=CARTESIAN_POINT('Origin',(94.8626504812088,-46.8556277027369,4.6));
#18915=CARTESIAN_POINT('',(34.8314004812088,-46.8556277027369,4.6));
#18916=CARTESIAN_POINT('',(34.8314004812088,-59.8556277027369,4.6));
#18917=CARTESIAN_POINT('',(34.8314004812088,-61.3778136122048,4.6));
#18918=CARTESIAN_POINT('',(35.3314004812088,-60.3556277027369,4.6));
#18919=CARTESIAN_POINT('Origin',(35.3314004812088,-59.8556277027369,4.6));
#18920=CARTESIAN_POINT('',(48.3314004812088,-60.3556277027369,4.6));
#18921=CARTESIAN_POINT('',(97.4657064079752,-60.3556277027369,4.6));
#18922=CARTESIAN_POINT('',(48.8314004812088,-59.8556277027369,4.6));
#18923=CARTESIAN_POINT('Origin',(48.3314004812088,-59.8556277027369,4.6));
#18924=CARTESIAN_POINT('',(48.8314004812088,-46.8556277027369,4.6));
#18925=CARTESIAN_POINT('',(48.8314004812088,-54.8778136122048,4.6));
#18926=CARTESIAN_POINT('',(48.3314004812088,-46.3556277027369,4.6));
#18927=CARTESIAN_POINT('Origin',(48.3314004812088,-46.8556277027369,4.6));
#18928=CARTESIAN_POINT('',(35.3314004812088,-46.3556277027369,4.6));
#18929=CARTESIAN_POINT('',(90.9657064079752,-46.3556277027369,4.6));
#18930=CARTESIAN_POINT('Origin',(35.3314004812088,-46.8556277027369,4.6));
#18931=CARTESIAN_POINT('',(75.3126504812088,-46.8556277027369,4.6));
#18932=CARTESIAN_POINT('',(75.3126504812088,-59.8556277027369,4.6));
#18933=CARTESIAN_POINT('',(75.3126504812088,-61.3778136122048,4.6));
#18934=CARTESIAN_POINT('',(75.8126504812088,-60.3556277027369,4.6));
#18935=CARTESIAN_POINT('Origin',(75.8126504812088,-59.8556277027369,4.6));
#18936=CARTESIAN_POINT('',(88.8126504812088,-60.3556277027369,4.6));
#18937=CARTESIAN_POINT('',(117.706331407975,-60.3556277027369,4.6));
#18938=CARTESIAN_POINT('',(89.3126504812088,-59.8556277027369,4.6));
#18939=CARTESIAN_POINT('Origin',(88.8126504812088,-59.8556277027369,4.6));
#18940=CARTESIAN_POINT('',(89.3126504812088,-46.8556277027369,4.6));
#18941=CARTESIAN_POINT('',(89.3126504812088,-54.8778136122048,4.6));
#18942=CARTESIAN_POINT('',(88.8126504812088,-46.3556277027369,4.6));
#18943=CARTESIAN_POINT('Origin',(88.8126504812088,-46.8556277027369,4.6));
#18944=CARTESIAN_POINT('',(75.8126504812088,-46.3556277027369,4.6));
#18945=CARTESIAN_POINT('',(111.206331407975,-46.3556277027369,4.6));
#18946=CARTESIAN_POINT('Origin',(75.8126504812088,-46.8556277027369,4.6));
#18947=CARTESIAN_POINT('',(56.2626504812088,-46.8556277027369,4.6));
#18948=CARTESIAN_POINT('',(56.2626504812088,-59.8556277027369,4.6));
#18949=CARTESIAN_POINT('',(56.2626504812088,-61.3778136122048,4.6));
#18950=CARTESIAN_POINT('',(56.7626504812088,-60.3556277027369,4.6));
#18951=CARTESIAN_POINT('Origin',(56.7626504812088,-59.8556277027369,4.6));
#18952=CARTESIAN_POINT('',(69.7626504812088,-60.3556277027369,4.6));
#18953=CARTESIAN_POINT('',(108.181331407975,-60.3556277027369,4.6));
#18954=CARTESIAN_POINT('',(70.2626504812088,-59.8556277027369,4.6));
#18955=CARTESIAN_POINT('Origin',(69.7626504812088,-59.8556277027369,4.6));
#18956=CARTESIAN_POINT('',(70.2626504812088,-46.8556277027369,4.6));
#18957=CARTESIAN_POINT('',(70.2626504812088,-54.8778136122048,4.6));
#18958=CARTESIAN_POINT('',(69.7626504812088,-46.3556277027369,4.6));
#18959=CARTESIAN_POINT('Origin',(69.7626504812088,-46.8556277027369,4.6));
#18960=CARTESIAN_POINT('',(56.7626504812088,-46.3556277027369,4.6));
#18961=CARTESIAN_POINT('',(101.681331407975,-46.3556277027369,4.6));
#18962=CARTESIAN_POINT('Origin',(56.7626504812088,-46.8556277027369,4.6));
#18963=CARTESIAN_POINT('Origin',(146.600012334742,-62.8999995216727,4.6));
#18964=CARTESIAN_POINT('',(132.462650481209,-46.8556277027369,4.6));
#18965=CARTESIAN_POINT('',(132.462650481209,-59.8556277027369,4.6));
#18966=CARTESIAN_POINT('',(132.462650481209,-61.3778136122048,4.6));
#18967=CARTESIAN_POINT('',(132.962650481209,-60.3556277027369,4.6));
#18968=CARTESIAN_POINT('Origin',(132.962650481209,-59.8556277027369,4.6));
#18969=CARTESIAN_POINT('',(145.962650481209,-60.3556277027369,4.6));
#18970=CARTESIAN_POINT('',(146.281331407975,-60.3556277027369,4.6));
#18971=CARTESIAN_POINT('',(146.462650481209,-59.8556277027369,4.6));
#18972=CARTESIAN_POINT('Origin',(145.962650481209,-59.8556277027369,4.6));
#18973=CARTESIAN_POINT('',(146.462650481209,-46.8556277027369,4.6));
#18974=CARTESIAN_POINT('',(146.462650481209,-54.8778136122048,4.6));
#18975=CARTESIAN_POINT('',(145.962650481209,-46.3556277027369,4.6));
#18976=CARTESIAN_POINT('Origin',(145.962650481209,-46.8556277027369,4.6));
#18977=CARTESIAN_POINT('',(132.962650481209,-46.3556277027369,4.6));
#18978=CARTESIAN_POINT('',(139.781331407975,-46.3556277027369,4.6));
#18979=CARTESIAN_POINT('Origin',(132.962650481209,-46.8556277027369,4.6));
#18980=CARTESIAN_POINT('',(113.412650481209,-46.8556277027369,4.6));
#18981=CARTESIAN_POINT('',(113.412650481209,-59.8556277027369,4.6));
#18982=CARTESIAN_POINT('',(113.412650481209,-61.3778136122048,4.6));
#18983=CARTESIAN_POINT('',(113.912650481209,-60.3556277027369,4.6));
#18984=CARTESIAN_POINT('Origin',(113.912650481209,-59.8556277027369,4.6));
#18985=CARTESIAN_POINT('',(126.912650481209,-60.3556277027369,4.6));
#18986=CARTESIAN_POINT('',(136.756331407975,-60.3556277027369,4.6));
#18987=CARTESIAN_POINT('',(127.412650481209,-59.8556277027369,4.6));
#18988=CARTESIAN_POINT('Origin',(126.912650481209,-59.8556277027369,4.6));
#18989=CARTESIAN_POINT('',(127.412650481209,-46.8556277027369,4.6));
#18990=CARTESIAN_POINT('',(127.412650481209,-54.8778136122048,4.6));
#18991=CARTESIAN_POINT('',(126.912650481209,-46.3556277027369,4.6));
#18992=CARTESIAN_POINT('Origin',(126.912650481209,-46.8556277027369,4.6));
#18993=CARTESIAN_POINT('',(113.912650481209,-46.3556277027369,4.6));
#18994=CARTESIAN_POINT('',(130.256331407975,-46.3556277027369,4.6));
#18995=CARTESIAN_POINT('Origin',(113.912650481209,-46.8556277027369,4.6));
#18996=CARTESIAN_POINT('',(151.512650481209,-46.8556277027369,4.6));
#18997=CARTESIAN_POINT('',(151.512650481209,-59.8556277027369,4.6));
#18998=CARTESIAN_POINT('',(151.512650481209,-61.3778136122048,4.6));
#18999=CARTESIAN_POINT('',(152.012650481209,-60.3556277027369,4.6));
#19000=CARTESIAN_POINT('Origin',(152.012650481209,-59.8556277027369,4.6));
#19001=CARTESIAN_POINT('',(165.012650481209,-60.3556277027369,4.6));
#19002=CARTESIAN_POINT('',(155.806331407975,-60.3556277027369,4.6));
#19003=CARTESIAN_POINT('',(165.512650481209,-59.8556277027369,4.6));
#19004=CARTESIAN_POINT('Origin',(165.012650481209,-59.8556277027369,4.6));
#19005=CARTESIAN_POINT('',(165.512650481209,-46.8556277027369,4.6));
#19006=CARTESIAN_POINT('',(165.512650481209,-54.8778136122048,4.6));
#19007=CARTESIAN_POINT('',(165.012650481209,-46.3556277027369,4.6));
#19008=CARTESIAN_POINT('Origin',(165.012650481209,-46.8556277027369,4.6));
#19009=CARTESIAN_POINT('',(152.012650481209,-46.3556277027369,4.6));
#19010=CARTESIAN_POINT('',(149.306331407975,-46.3556277027369,4.6));
#19011=CARTESIAN_POINT('Origin',(152.012650481209,-46.8556277027369,4.6));
#19012=CARTESIAN_POINT('',(170.562650481209,-46.8556277027369,4.6));
#19013=CARTESIAN_POINT('',(170.562650481209,-59.8556277027369,4.6));
#19014=CARTESIAN_POINT('',(170.562650481209,-61.3778136122048,4.6));
#19015=CARTESIAN_POINT('',(171.062650481209,-60.3556277027369,4.6));
#19016=CARTESIAN_POINT('Origin',(171.062650481209,-59.8556277027369,4.6));
#19017=CARTESIAN_POINT('',(184.062650481209,-60.3556277027369,4.6));
#19018=CARTESIAN_POINT('',(165.331331407975,-60.3556277027369,4.6));
#19019=CARTESIAN_POINT('',(184.562650481209,-59.8556277027369,4.6));
#19020=CARTESIAN_POINT('Origin',(184.062650481209,-59.8556277027369,4.6));
#19021=CARTESIAN_POINT('',(184.562650481209,-46.8556277027369,4.6));
#19022=CARTESIAN_POINT('',(184.562650481209,-54.8778136122048,4.6));
#19023=CARTESIAN_POINT('',(184.062650481209,-46.3556277027369,4.6));
#19024=CARTESIAN_POINT('Origin',(184.062650481209,-46.8556277027369,4.6));
#19025=CARTESIAN_POINT('',(171.062650481209,-46.3556277027369,4.6));
#19026=CARTESIAN_POINT('',(158.831331407975,-46.3556277027369,4.6));
#19027=CARTESIAN_POINT('Origin',(171.062650481209,-46.8556277027369,4.6));
#19028=CARTESIAN_POINT('Origin',(146.600012334742,-62.8999995216727,4.6));
#19029=CARTESIAN_POINT('',(208.662650481209,-46.8556277027369,4.6));
#19030=CARTESIAN_POINT('',(208.662650481209,-59.8556277027369,4.6));
#19031=CARTESIAN_POINT('',(208.662650481209,-61.3778136122048,4.6));
#19032=CARTESIAN_POINT('',(209.162650481209,-60.3556277027369,4.6));
#19033=CARTESIAN_POINT('Origin',(209.162650481209,-59.8556277027369,4.6));
#19034=CARTESIAN_POINT('',(222.162650481209,-60.3556277027369,4.6));
#19035=CARTESIAN_POINT('',(184.381331407975,-60.3556277027369,4.6));
#19036=CARTESIAN_POINT('',(222.662650481209,-59.8556277027369,4.6));
#19037=CARTESIAN_POINT('Origin',(222.162650481209,-59.8556277027369,4.6));
#19038=CARTESIAN_POINT('',(222.662650481209,-46.8556277027369,4.6));
#19039=CARTESIAN_POINT('',(222.662650481209,-54.8778136122048,4.6));
#19040=CARTESIAN_POINT('',(222.162650481209,-46.3556277027369,4.6));
#19041=CARTESIAN_POINT('Origin',(222.162650481209,-46.8556277027369,4.6));
#19042=CARTESIAN_POINT('',(209.162650481209,-46.3556277027369,4.6));
#19043=CARTESIAN_POINT('',(177.881331407975,-46.3556277027369,4.6));
#19044=CARTESIAN_POINT('Origin',(209.162650481209,-46.8556277027369,4.6));
#19045=CARTESIAN_POINT('',(246.762650481209,-46.8556277027369,4.6));
#19046=CARTESIAN_POINT('',(246.762650481209,-59.8556277027369,4.6));
#19047=CARTESIAN_POINT('',(246.762650481209,-61.3778136122048,4.6));
#19048=CARTESIAN_POINT('',(247.262650481209,-60.3556277027369,4.6));
#19049=CARTESIAN_POINT('Origin',(247.262650481209,-59.8556277027369,4.6));
#19050=CARTESIAN_POINT('',(260.262650481209,-60.3556277027369,4.6));
#19051=CARTESIAN_POINT('',(203.431331407975,-60.3556277027369,4.6));
#19052=CARTESIAN_POINT('',(260.762650481209,-59.8556277027369,4.6));
#19053=CARTESIAN_POINT('Origin',(260.262650481209,-59.8556277027369,4.6));
#19054=CARTESIAN_POINT('',(260.762650481209,-46.8556277027369,4.6));
#19055=CARTESIAN_POINT('',(260.762650481209,-54.8778136122048,4.6));
#19056=CARTESIAN_POINT('',(260.262650481209,-46.3556277027369,4.6));
#19057=CARTESIAN_POINT('Origin',(260.262650481209,-46.8556277027369,4.6));
#19058=CARTESIAN_POINT('',(247.262650481209,-46.3556277027369,4.6));
#19059=CARTESIAN_POINT('',(196.931331407975,-46.3556277027369,4.6));
#19060=CARTESIAN_POINT('Origin',(247.262650481209,-46.8556277027369,4.6));
#19061=CARTESIAN_POINT('',(189.612650481209,-46.8556277027369,4.6));
#19062=CARTESIAN_POINT('',(189.612650481209,-59.8556277027369,4.6));
#19063=CARTESIAN_POINT('',(189.612650481209,-61.3778136122048,4.6));
#19064=CARTESIAN_POINT('',(190.112650481209,-60.3556277027369,4.6));
#19065=CARTESIAN_POINT('Origin',(190.112650481209,-59.8556277027369,4.6));
#19066=CARTESIAN_POINT('',(203.112650481209,-60.3556277027369,4.6));
#19067=CARTESIAN_POINT('',(174.856331407975,-60.3556277027369,4.6));
#19068=CARTESIAN_POINT('',(203.612650481209,-59.8556277027369,4.6));
#19069=CARTESIAN_POINT('Origin',(203.112650481209,-59.8556277027369,4.6));
#19070=CARTESIAN_POINT('',(203.612650481209,-46.8556277027369,4.6));
#19071=CARTESIAN_POINT('',(203.612650481209,-54.8778136122048,4.6));
#19072=CARTESIAN_POINT('',(203.112650481209,-46.3556277027369,4.6));
#19073=CARTESIAN_POINT('Origin',(203.112650481209,-46.8556277027369,4.6));
#19074=CARTESIAN_POINT('',(190.112650481209,-46.3556277027369,4.6));
#19075=CARTESIAN_POINT('',(168.356331407975,-46.3556277027369,4.6));
#19076=CARTESIAN_POINT('Origin',(190.112650481209,-46.8556277027369,4.6));
#19077=CARTESIAN_POINT('',(227.712650481209,-46.8556277027369,4.6));
#19078=CARTESIAN_POINT('',(227.712650481209,-59.8556277027369,4.6));
#19079=CARTESIAN_POINT('',(227.712650481209,-61.3778136122048,4.6));
#19080=CARTESIAN_POINT('',(228.212650481209,-60.3556277027369,4.6));
#19081=CARTESIAN_POINT('Origin',(228.212650481209,-59.8556277027369,4.6));
#19082=CARTESIAN_POINT('',(241.212650481209,-60.3556277027369,4.6));
#19083=CARTESIAN_POINT('',(193.906331407975,-60.3556277027369,4.6));
#19084=CARTESIAN_POINT('',(241.712650481209,-59.8556277027369,4.6));
#19085=CARTESIAN_POINT('Origin',(241.212650481209,-59.8556277027369,4.6));
#19086=CARTESIAN_POINT('',(241.712650481209,-46.8556277027369,4.6));
#19087=CARTESIAN_POINT('',(241.712650481209,-54.8778136122048,4.6));
#19088=CARTESIAN_POINT('',(241.212650481209,-46.3556277027369,4.6));
#19089=CARTESIAN_POINT('Origin',(241.212650481209,-46.8556277027369,4.6));
#19090=CARTESIAN_POINT('',(228.212650481209,-46.3556277027369,4.6));
#19091=CARTESIAN_POINT('',(187.406331407975,-46.3556277027369,4.6));
#19092=CARTESIAN_POINT('Origin',(228.212650481209,-46.8556277027369,4.6));
#19093=CARTESIAN_POINT('Origin',(146.600012334742,-62.8999995216727,4.6));
#19094=CARTESIAN_POINT('',(223.635003337842,-105.399999521672,4.6));
#19095=CARTESIAN_POINT('',(235.63500333786,-105.399999521673,4.6));
#19096=CARTESIAN_POINT('',(207.60000590362,-105.399999521672,4.6));
#19097=CARTESIAN_POINT('',(234.63500333786,-106.399999521673,4.6));
#19098=CARTESIAN_POINT('Origin',(235.63500333786,-106.399999521673,4.6));
#19099=CARTESIAN_POINT('',(234.63500333786,-108.399999521673,4.6));
#19100=CARTESIAN_POINT('',(234.63500333786,-106.399999521673,4.6));
#19101=CARTESIAN_POINT('',(235.63500333786,-109.399999521673,4.6));
#19102=CARTESIAN_POINT('Origin',(235.63500333786,-108.399999521673,4.6));
#19103=CARTESIAN_POINT('',(253.634374005307,-109.399999521673,4.6));
#19104=CARTESIAN_POINT('',(249.634374005307,-109.399999521673,4.6));
#19105=CARTESIAN_POINT('',(254.634374005307,-110.399999521673,4.6));
#19106=CARTESIAN_POINT('Origin',(253.634374005307,-110.399999521673,4.6));
#19107=CARTESIAN_POINT('',(254.634374005307,-112.399999521673,4.6));
#19108=CARTESIAN_POINT('',(254.634374005307,-110.399999521673,4.6));
#19109=CARTESIAN_POINT('',(253.634374005307,-113.399999521673,4.6));
#19110=CARTESIAN_POINT('Origin',(253.634374005307,-112.399999521673,4.6));
#19111=CARTESIAN_POINT('',(205.634374005307,-113.399999521673,4.6));
#19112=CARTESIAN_POINT('',(209.634374005307,-113.399999521673,4.6));
#19113=CARTESIAN_POINT('',(204.634374005307,-112.399999521673,4.6));
#19114=CARTESIAN_POINT('Origin',(205.634374005307,-112.399999521673,4.6));
#19115=CARTESIAN_POINT('',(204.634374005307,-110.399999521673,4.6));
#19116=CARTESIAN_POINT('',(204.634374005307,-112.399999521673,4.6));
#19117=CARTESIAN_POINT('',(205.634374005307,-109.399999521673,4.6));
#19118=CARTESIAN_POINT('Origin',(205.634374005307,-110.399999521673,4.6));
#19119=CARTESIAN_POINT('',(223.635003337842,-109.399999521673,4.6));
#19120=CARTESIAN_POINT('',(209.634374005307,-109.399999521673,4.6));
#19121=CARTESIAN_POINT('',(224.635003337842,-108.399999521673,4.6));
#19122=CARTESIAN_POINT('Origin',(223.635003337842,-108.399999521673,4.6));
#19123=CARTESIAN_POINT('',(224.635003337843,-106.399999521672,4.6));
#19124=CARTESIAN_POINT('',(224.635003337842,-108.399999521673,4.6));
#19125=CARTESIAN_POINT('Origin',(223.635003337843,-106.399999521672,4.6));
#19126=CARTESIAN_POINT('Origin',(146.600012334742,-62.8999995216727,4.6));
#19127=CARTESIAN_POINT('',(59.6662100611092,-105.399999521673,4.6));
#19128=CARTESIAN_POINT('',(71.6662100611091,-105.399999521673,4.6));
#19129=CARTESIAN_POINT('',(207.60000590362,-105.399999521672,4.6));
#19130=CARTESIAN_POINT('',(70.6662100611094,-106.399999521672,4.6));
#19131=CARTESIAN_POINT('Origin',(71.6662100611092,-106.399999521672,4.6));
#19132=CARTESIAN_POINT('',(70.6662100611092,-108.399999521673,4.6));
#19133=CARTESIAN_POINT('',(70.6662100611092,-106.399999521672,4.6));
#19134=CARTESIAN_POINT('',(71.6662100611092,-109.399999521673,4.6));
#19135=CARTESIAN_POINT('Origin',(71.6662100611092,-108.399999521673,4.6));
#19136=CARTESIAN_POINT('',(89.6349490403738,-109.399999521673,4.6));
#19137=CARTESIAN_POINT('',(85.6349490403738,-109.399999521673,4.6));
#19138=CARTESIAN_POINT('',(90.6349490403738,-110.399999521673,4.6));
#19139=CARTESIAN_POINT('Origin',(89.6349490403738,-110.399999521673,4.6));
#19140=CARTESIAN_POINT('',(90.6349490403738,-112.399999521673,4.6));
#19141=CARTESIAN_POINT('',(90.6349490403738,-110.399999521673,4.6));
#19142=CARTESIAN_POINT('',(89.6349490403738,-113.399999521673,4.6));
#19143=CARTESIAN_POINT('Origin',(89.6349490403738,-112.399999521673,4.6));
#19144=CARTESIAN_POINT('',(41.6349490403738,-113.399999521673,4.6));
#19145=CARTESIAN_POINT('',(45.6349490403738,-113.399999521673,4.6));
#19146=CARTESIAN_POINT('',(40.6349490403738,-112.399999521673,4.6));
#19147=CARTESIAN_POINT('Origin',(41.6349490403738,-112.399999521673,4.6));
#19148=CARTESIAN_POINT('',(40.6349490403738,-110.399999521673,4.6));
#19149=CARTESIAN_POINT('',(40.6349490403738,-112.399999521673,4.6));
#19150=CARTESIAN_POINT('',(41.6349490403738,-109.399999521673,4.6));
#19151=CARTESIAN_POINT('Origin',(41.6349490403738,-110.399999521673,4.6));
#19152=CARTESIAN_POINT('',(59.6662100611092,-109.399999521673,4.6));
#19153=CARTESIAN_POINT('',(45.6349490403738,-109.399999521673,4.6));
#19154=CARTESIAN_POINT('',(60.6662100611092,-108.399999521673,4.6));
#19155=CARTESIAN_POINT('Origin',(59.6662100611092,-108.399999521673,4.6));
#19156=CARTESIAN_POINT('',(60.6662100611092,-106.399999521673,4.6));
#19157=CARTESIAN_POINT('',(60.6662100611092,-108.399999521673,4.6));
#19158=CARTESIAN_POINT('Origin',(59.6662100611092,-106.399999521673,4.6));
#19159=CARTESIAN_POINT('Origin',(146.600012334742,-62.8999995216727,4.6));
#19160=CARTESIAN_POINT('',(235.596013687268,-20.3999995216727,4.6));
#19161=CARTESIAN_POINT('',(223.596013687268,-20.3999995216727,4.6));
#19162=CARTESIAN_POINT('',(85.6000187658627,-20.3999995216725,4.6));
#19163=CARTESIAN_POINT('',(224.596013687268,-19.3999995216727,4.6));
#19164=CARTESIAN_POINT('Origin',(223.596013687268,-19.3999995216727,4.6));
#19165=CARTESIAN_POINT('',(224.596013687268,-17.3999995216727,4.6));
#19166=CARTESIAN_POINT('',(224.596013687268,-17.3999995216727,4.6));
#19167=CARTESIAN_POINT('',(223.596013687268,-16.3999995216727,4.6));
#19168=CARTESIAN_POINT('Origin',(223.596013687268,-17.3999995216727,4.6));
#19169=CARTESIAN_POINT('',(205.634374005307,-16.3999995216727,4.6));
#19170=CARTESIAN_POINT('',(211.155679822672,-16.3999995216727,4.6));
#19171=CARTESIAN_POINT('',(204.634374005307,-15.3999995216727,4.6));
#19172=CARTESIAN_POINT('Origin',(205.634374005307,-15.3999995216727,4.6));
#19173=CARTESIAN_POINT('',(204.634374005307,-13.3999995216727,4.6));
#19174=CARTESIAN_POINT('',(204.634374005307,-15.3999995216727,4.6));
#19175=CARTESIAN_POINT('',(205.634374005307,-12.3999995216727,4.6));
#19176=CARTESIAN_POINT('Origin',(205.634374005307,-13.3999995216728,4.6));
#19177=CARTESIAN_POINT('',(253.634374005307,-12.3999995216727,4.6));
#19178=CARTESIAN_POINT('',(253.634374005307,-12.3999995216727,4.6));
#19179=CARTESIAN_POINT('',(254.634374005307,-13.3999995216727,4.6));
#19180=CARTESIAN_POINT('Origin',(253.634374005307,-13.3999995216728,4.6));
#19181=CARTESIAN_POINT('',(254.634374005307,-15.3999995216727,4.6));
#19182=CARTESIAN_POINT('',(254.634374005307,-15.3999995216727,4.6));
#19183=CARTESIAN_POINT('',(253.634374005307,-16.3999995216727,4.6));
#19184=CARTESIAN_POINT('Origin',(253.634374005307,-15.3999995216727,4.6));
#19185=CARTESIAN_POINT('',(235.596013687268,-16.3999995216727,4.6));
#19186=CARTESIAN_POINT('',(248.5965381359,-16.3999995216727,4.6));
#19187=CARTESIAN_POINT('',(234.596013687268,-17.3999995216727,4.6));
#19188=CARTESIAN_POINT('Origin',(235.596013687268,-17.3999995216727,4.6));
#19189=CARTESIAN_POINT('',(234.596013687268,-19.3999995216727,4.6));
#19190=CARTESIAN_POINT('',(234.596013687268,-19.3999995216727,4.6));
#19191=CARTESIAN_POINT('Origin',(235.596013687268,-19.3999995216727,4.6));
#19192=CARTESIAN_POINT('Origin',(22.6000251969858,-22.400001972094,4.6));
#19193=CARTESIAN_POINT('',(22.6001244390299,-103.400001972095,6.1));
#19194=CARTESIAN_POINT('',(22.60012443903,-103.400001972095,4.6));
#19195=CARTESIAN_POINT('',(22.6000251969857,-22.4000019720939,6.1));
#19196=CARTESIAN_POINT('',(22.60012443903,-103.400001972095,6.1));
#19197=CARTESIAN_POINT('',(22.6000251969857,-22.4000019720939,4.6));
#19198=CARTESIAN_POINT('Origin',(268.599999472499,-103.399999521673,4.6));
#19199=CARTESIAN_POINT('',(270.599999472499,-103.399999521673,6.1));
#19200=CARTESIAN_POINT('',(270.599999472499,-103.399999521673,4.6));
#19201=CARTESIAN_POINT('',(268.599999472499,-105.399999521673,6.1));
#19202=CARTESIAN_POINT('Origin',(268.599999472499,-103.399999521673,6.1));
#19203=CARTESIAN_POINT('',(268.599999472499,-105.399999521673,4.6));
#19204=CARTESIAN_POINT('Origin',(268.599999472499,-22.3999995216727,4.6));
#19205=CARTESIAN_POINT('',(268.599999472499,-20.3999995216727,6.1));
#19206=CARTESIAN_POINT('',(268.599999472499,-20.3999995216727,4.6));
#19207=CARTESIAN_POINT('',(270.599999472499,-22.3999995216727,6.1));
#19208=CARTESIAN_POINT('Origin',(268.599999472499,-22.3999995216727,6.1));
#19209=CARTESIAN_POINT('',(270.599999472499,-22.3999995216727,4.6));
#19210=CARTESIAN_POINT('Origin',(59.6662100611092,-20.3999995216727,4.6));
#19211=CARTESIAN_POINT('',(24.6000251969842,-20.3999995216731,6.1));
#19212=CARTESIAN_POINT('',(24.6000251969842,-20.3999995216731,4.6));
#19213=CARTESIAN_POINT('',(59.6662100611092,-20.3999995216727,6.1));
#19214=CARTESIAN_POINT('',(58.596000879158,-20.3999995216727,6.1));
#19215=CARTESIAN_POINT('',(59.6662100611092,-20.3999995216727,4.6));
#19216=CARTESIAN_POINT('',(59.6662100611092,-20.3999995216727,4.6));
#19217=CARTESIAN_POINT('',(71.6662100611092,-20.3999995216727,4.6));
#19218=CARTESIAN_POINT('',(85.6000187658627,-20.3999995216725,4.6));
#19219=CARTESIAN_POINT('',(71.6662100611092,-20.3999995216727,6.1));
#19220=CARTESIAN_POINT('',(71.6662100611092,-20.3999995216727,4.6));
#19221=CARTESIAN_POINT('',(223.596013687268,-20.3999995216727,6.1));
#19222=CARTESIAN_POINT('',(152.595866245188,-20.3999995216727,6.1));
#19223=CARTESIAN_POINT('',(223.596013687268,-20.3999995216727,4.6));
#19224=CARTESIAN_POINT('',(235.596013687268,-20.3999995216727,6.1));
#19225=CARTESIAN_POINT('',(235.596013687268,-20.3999995216727,4.6));
#19226=CARTESIAN_POINT('',(235.596013687268,-20.3999995216727,6.1));
#19227=CARTESIAN_POINT('Origin',(24.6000251969842,-22.3999995216731,4.6));
#19228=CARTESIAN_POINT('Origin',(24.6000251969842,-22.3999995216731,6.1));
#19229=CARTESIAN_POINT('Origin',(24.6001244390285,-103.399999521674,4.6));
#19230=CARTESIAN_POINT('',(24.6001267125217,-105.399999521672,6.1));
#19231=CARTESIAN_POINT('',(24.6001267125217,-105.399999521672,4.6));
#19232=CARTESIAN_POINT('Origin',(24.6001244390285,-103.399999521674,6.1));
#19233=CARTESIAN_POINT('Origin',(71.6662100611091,-105.399999521673,4.6));
#19234=CARTESIAN_POINT('',(59.6662100611092,-105.399999521673,6.1));
#19235=CARTESIAN_POINT('',(59.6662100611092,-105.399999521673,4.6));
#19236=CARTESIAN_POINT('',(59.6662100611092,-105.399999521673,6.1));
#19237=CARTESIAN_POINT('',(235.63500333786,-105.399999521673,6.1));
#19238=CARTESIAN_POINT('',(268.599999472499,-105.399999521673,6.1));
#19239=CARTESIAN_POINT('',(235.63500333786,-105.399999521673,4.6));
#19240=CARTESIAN_POINT('',(223.635003337842,-105.399999521672,6.1));
#19241=CARTESIAN_POINT('',(223.635003337842,-105.399999521672,4.6));
#19242=CARTESIAN_POINT('',(71.666210061109,-105.399999521673,6.1));
#19243=CARTESIAN_POINT('',(140.634628532775,-105.399999521673,6.1));
#19244=CARTESIAN_POINT('',(71.6662100611091,-105.399999521673,4.6));
#19245=CARTESIAN_POINT('Origin',(270.599999794424,-62.8996981200015,5.35));
#19246=CARTESIAN_POINT('',(270.599999472499,-62.6369471602783,6.1));
#19247=CARTESIAN_POINT('',(270.599999472499,-62.6369471853386,4.975));
#19248=CARTESIAN_POINT('',(270.600045077154,-99.8588436321069,6.1));
#19249=CARTESIAN_POINT('',(270.599953867843,-25.4150506850018,6.1));
#19250=CARTESIAN_POINT('',(270.600045077154,-99.8588436321069,6.1));
#19251=CARTESIAN_POINT('Origin',(270.599999472499,-103.399999521673,4.6));
#19252=CARTESIAN_POINT('',(270.599999472499,-99.8588436321628,6.1));
#19253=CARTESIAN_POINT('',(270.599999472499,-99.8588436321628,5.35));
#19254=CARTESIAN_POINT('',(270.599999472499,-22.3999995216727,6.1));
#19255=CARTESIAN_POINT('Origin',(22.6001201007381,-99.8591474841997,6.1));
#19256=CARTESIAN_POINT('',(22.6001201007381,-99.8591474841997,6.1));
#19257=CARTESIAN_POINT('Origin',(146.600012334742,-62.8999995216727,4.6));
#19258=CARTESIAN_POINT('',(60.6662100611092,-19.3999995216727,4.6));
#19259=CARTESIAN_POINT('Origin',(59.6662100611092,-19.3999995216727,4.6));
#19260=CARTESIAN_POINT('',(60.6662100611092,-17.4008339004752,4.6));
#19261=CARTESIAN_POINT('',(60.6662100611092,-17.4008339004752,4.6));
#19262=CARTESIAN_POINT('',(59.6662100611092,-16.4008339004752,4.6));
#19263=CARTESIAN_POINT('Origin',(59.6662100611092,-17.4008339004752,4.6));
#19264=CARTESIAN_POINT('',(41.6349490403738,-16.4008339004752,4.6));
#19265=CARTESIAN_POINT('',(59.6662100611092,-16.4008339004752,4.6));
#19266=CARTESIAN_POINT('',(40.6349490403738,-15.4008339004752,4.6));
#19267=CARTESIAN_POINT('Origin',(41.6349490403738,-15.4008339004752,4.6));
#19268=CARTESIAN_POINT('',(40.6349490403738,-13.4008339004752,4.6));
#19269=CARTESIAN_POINT('',(40.6349490403738,-15.4008339004752,4.6));
#19270=CARTESIAN_POINT('',(41.6349490403738,-12.4008339004752,4.6));
#19271=CARTESIAN_POINT('Origin',(41.6349490403738,-13.4008339004752,4.6));
#19272=CARTESIAN_POINT('',(89.6349490403738,-12.4008339004752,4.6));
#19273=CARTESIAN_POINT('',(41.6349490403738,-12.4008339004752,4.6));
#19274=CARTESIAN_POINT('',(90.6349490403738,-13.4008339004752,4.6));
#19275=CARTESIAN_POINT('Origin',(89.6349490403738,-13.4008339004752,4.6));
#19276=CARTESIAN_POINT('',(90.6349490403738,-15.4008339004752,4.6));
#19277=CARTESIAN_POINT('',(90.6349490403738,-13.4008339004752,4.6));
#19278=CARTESIAN_POINT('',(89.6349490403738,-16.4008339004752,4.6));
#19279=CARTESIAN_POINT('Origin',(89.6349490403738,-15.4008339004752,4.6));
#19280=CARTESIAN_POINT('',(71.6662100611092,-16.4008339004752,4.6));
#19281=CARTESIAN_POINT('',(89.6349490403738,-16.4008339004752,4.6));
#19282=CARTESIAN_POINT('',(70.6662100611092,-17.4008339004752,4.6));
#19283=CARTESIAN_POINT('Origin',(71.6662100611092,-17.4008339004752,4.6));
#19284=CARTESIAN_POINT('',(70.6662100611092,-19.3999995216727,4.6));
#19285=CARTESIAN_POINT('',(70.6662100611092,-19.3999995216727,4.6));
#19286=CARTESIAN_POINT('Origin',(71.6662100611092,-19.3999995216727,4.6));
#19287=CARTESIAN_POINT('Origin',(134.160400481209,-91.9636277027369,6.1));
#19288=CARTESIAN_POINT('',(134.160400481209,-91.9636277027369,6.1));
#19289=CARTESIAN_POINT('',(133.796800481209,-91.9636277027369,6.1));
#19290=CARTESIAN_POINT('',(140.380206407975,-91.9636277027369,6.1));
#19291=CARTESIAN_POINT('',(134.160400481209,-91.9636277027369,6.1));
#19292=CARTESIAN_POINT('',(133.796800481209,-91.9636277027369,6.1));
#19293=CARTESIAN_POINT('Origin',(134.160400481209,-89.6696277027369,6.1));
#19294=CARTESIAN_POINT('',(134.160400481209,-89.6696277027369,6.1));
#19295=CARTESIAN_POINT('',(134.160400481209,-76.2848136122048,6.1));
#19296=CARTESIAN_POINT('',(134.160400481209,-89.6696277027369,6.1));
#19297=CARTESIAN_POINT('Origin',(159.052400481209,-91.9636277027369,6.1));
#19298=CARTESIAN_POINT('',(159.052400481209,-91.9636277027369,6.1));
#19299=CARTESIAN_POINT('',(159.052400481209,-89.6696277027369,6.1));
#19300=CARTESIAN_POINT('',(159.052400481209,-77.4318136122048,6.1));
#19301=CARTESIAN_POINT('',(159.052400481209,-91.9636277027369,6.1));
#19302=CARTESIAN_POINT('',(159.052400481209,-89.6696277027369,6.1));
#19303=CARTESIAN_POINT('Origin',(159.416000481209,-91.9636277027369,6.1));
#19304=CARTESIAN_POINT('',(159.416000481209,-91.9636277027369,6.1));
#19305=CARTESIAN_POINT('',(153.008006407975,-91.9636277027369,6.1));
#19306=CARTESIAN_POINT('',(159.416000481209,-91.9636277027369,6.1));
#19307=CARTESIAN_POINT('Origin',(101.902400481209,-91.9636277027369,6.1));
#19308=CARTESIAN_POINT('',(101.902400481209,-91.9636277027369,6.1));
#19309=CARTESIAN_POINT('',(101.902400481209,-89.6696277027369,6.1));
#19310=CARTESIAN_POINT('',(101.902400481209,-77.4318136122048,6.1));
#19311=CARTESIAN_POINT('',(101.902400481209,-91.9636277027369,6.1));
#19312=CARTESIAN_POINT('',(101.902400481209,-89.6696277027369,6.1));
#19313=CARTESIAN_POINT('Origin',(102.266000481209,-91.9636277027369,6.1));
#19314=CARTESIAN_POINT('',(102.266000481209,-91.9636277027369,6.1));
#19315=CARTESIAN_POINT('',(124.433006407975,-91.9636277027369,6.1));
#19316=CARTESIAN_POINT('',(102.266000481209,-91.9636277027369,6.1));
#19317=CARTESIAN_POINT('Origin',(191.310400481209,-89.6696277027369,6.1));
#19318=CARTESIAN_POINT('',(191.310400481209,-89.6696277027369,6.1));
#19319=CARTESIAN_POINT('',(191.310400481209,-91.9636277027369,6.1));
#19320=CARTESIAN_POINT('',(191.310400481209,-76.2848136122048,6.1));
#19321=CARTESIAN_POINT('',(191.310400481209,-89.6696277027369,6.1));
#19322=CARTESIAN_POINT('',(191.310400481209,-91.9636277027369,6.1));
#19323=CARTESIAN_POINT('Origin',(191.310400481209,-91.9636277027369,6.1));
#19324=CARTESIAN_POINT('',(190.946800481209,-91.9636277027369,6.1));
#19325=CARTESIAN_POINT('',(168.955206407975,-91.9636277027369,6.1));
#19326=CARTESIAN_POINT('',(190.946800481209,-91.9636277027369,6.1));
#19327=CARTESIAN_POINT('Origin',(125.031400481209,-84.9556277027369,6.1));
#19328=CARTESIAN_POINT('',(125.031400481209,-84.9556277027369,6.1));
#19329=CARTESIAN_POINT('',(125.031400481209,-84.9556277027369,6.1));
#19330=CARTESIAN_POINT('',(125.031400481209,-84.9556277027369,6.1));
#19331=CARTESIAN_POINT('Origin',(168.181400481209,-97.9556277027369,6.1));
#19332=CARTESIAN_POINT('',(168.181400481209,-97.9556277027369,6.1));
#19333=CARTESIAN_POINT('',(168.181400481209,-80.4278136122048,6.1));
#19334=CARTESIAN_POINT('',(168.181400481209,-97.9556277027369,6.1));
#19335=CARTESIAN_POINT('Origin',(111.031400481209,-97.9556277027369,6.1));
#19336=CARTESIAN_POINT('',(111.031400481209,-97.9556277027369,6.1));
#19337=CARTESIAN_POINT('',(111.031400481209,-80.4278136122048,6.1));
#19338=CARTESIAN_POINT('',(111.031400481209,-97.9556277027369,6.1));
#19339=CARTESIAN_POINT('Origin',(182.181400481209,-84.9556277027369,6.1));
#19340=CARTESIAN_POINT('',(182.181400481209,-84.9556277027369,6.1));
#19341=CARTESIAN_POINT('',(182.181400481209,-84.9556277027369,6.1));
#19342=CARTESIAN_POINT('',(182.181400481209,-84.9556277027369,6.1));
#19343=CARTESIAN_POINT('Origin',(146.600012334742,-62.8999995216727,6.1));
#19344=CARTESIAN_POINT('',(60.6662100611092,-106.399999521673,6.1));
#19345=CARTESIAN_POINT('Origin',(59.6662100611092,-106.399999521673,6.1));
#19346=CARTESIAN_POINT('',(60.6662100611092,-108.399999521673,6.1));
#19347=CARTESIAN_POINT('',(60.6662100611092,-108.399999521673,6.1));
#19348=CARTESIAN_POINT('',(59.6662100611092,-109.399999521673,6.1));
#19349=CARTESIAN_POINT('Origin',(59.6662100611092,-108.399999521673,6.1));
#19350=CARTESIAN_POINT('',(41.6349490403739,-109.399999521673,6.1));
#19351=CARTESIAN_POINT('',(45.6349490403738,-109.399999521673,6.1));
#19352=CARTESIAN_POINT('',(40.6349490403738,-110.399999521673,6.1));
#19353=CARTESIAN_POINT('Origin',(41.6349490403738,-110.399999521673,6.1));
#19354=CARTESIAN_POINT('',(40.6349490403738,-112.399999521673,6.1));
#19355=CARTESIAN_POINT('',(40.6349490403738,-112.399999521673,6.1));
#19356=CARTESIAN_POINT('',(41.6349490403739,-113.399999521673,6.1));
#19357=CARTESIAN_POINT('Origin',(41.6349490403738,-112.399999521673,6.1));
#19358=CARTESIAN_POINT('',(89.6349490403738,-113.399999521673,6.1));
#19359=CARTESIAN_POINT('',(45.6349490403738,-113.399999521673,6.1));
#19360=CARTESIAN_POINT('',(90.6349490403738,-112.399999521673,6.1));
#19361=CARTESIAN_POINT('Origin',(89.6349490403738,-112.399999521673,6.1));
#19362=CARTESIAN_POINT('',(90.6349490403738,-110.399999521673,6.1));
#19363=CARTESIAN_POINT('',(90.6349490403738,-110.399999521673,6.1));
#19364=CARTESIAN_POINT('',(89.6349490403738,-109.399999521673,6.1));
#19365=CARTESIAN_POINT('Origin',(89.6349490403738,-110.399999521673,6.1));
#19366=CARTESIAN_POINT('',(71.6662100611092,-109.399999521673,6.1));
#19367=CARTESIAN_POINT('',(85.6349490403738,-109.399999521673,6.1));
#19368=CARTESIAN_POINT('',(70.6662100611092,-108.399999521673,6.1));
#19369=CARTESIAN_POINT('Origin',(71.6662100611092,-108.399999521673,6.1));
#19370=CARTESIAN_POINT('',(70.6662100611094,-106.399999521672,6.1));
#19371=CARTESIAN_POINT('',(70.6662100611092,-106.399999521672,6.1));
#19372=CARTESIAN_POINT('Origin',(71.6662100611092,-106.399999521672,6.1));
#19373=CARTESIAN_POINT('',(224.635003337843,-106.399999521672,6.1));
#19374=CARTESIAN_POINT('Origin',(223.635003337843,-106.399999521672,6.1));
#19375=CARTESIAN_POINT('',(224.635003337842,-108.399999521673,6.1));
#19376=CARTESIAN_POINT('',(224.635003337842,-108.399999521673,6.1));
#19377=CARTESIAN_POINT('',(223.635003337842,-109.399999521673,6.1));
#19378=CARTESIAN_POINT('Origin',(223.635003337842,-108.399999521673,6.1));
#19379=CARTESIAN_POINT('',(205.634374005307,-109.399999521673,6.1));
#19380=CARTESIAN_POINT('',(209.634374005307,-109.399999521673,6.1));
#19381=CARTESIAN_POINT('',(204.634374005307,-110.399999521673,6.1));
#19382=CARTESIAN_POINT('Origin',(205.634374005307,-110.399999521673,6.1));
#19383=CARTESIAN_POINT('',(204.634374005307,-112.399999521673,6.1));
#19384=CARTESIAN_POINT('',(204.634374005307,-112.399999521673,6.1));
#19385=CARTESIAN_POINT('',(205.634374005307,-113.399999521673,6.1));
#19386=CARTESIAN_POINT('Origin',(205.634374005307,-112.399999521673,6.1));
#19387=CARTESIAN_POINT('',(253.634374005307,-113.399999521673,6.1));
#19388=CARTESIAN_POINT('',(209.634374005307,-113.399999521673,6.1));
#19389=CARTESIAN_POINT('',(254.634374005307,-112.399999521673,6.1));
#19390=CARTESIAN_POINT('Origin',(253.634374005307,-112.399999521673,6.1));
#19391=CARTESIAN_POINT('',(254.634374005307,-110.399999521673,6.1));
#19392=CARTESIAN_POINT('',(254.634374005307,-110.399999521673,6.1));
#19393=CARTESIAN_POINT('',(253.634374005307,-109.399999521673,6.1));
#19394=CARTESIAN_POINT('Origin',(253.634374005307,-110.399999521673,6.1));
#19395=CARTESIAN_POINT('',(235.63500333786,-109.399999521673,6.1));
#19396=CARTESIAN_POINT('',(249.634374005307,-109.399999521673,6.1));
#19397=CARTESIAN_POINT('',(234.63500333786,-108.399999521673,6.1));
#19398=CARTESIAN_POINT('Origin',(235.63500333786,-108.399999521673,6.1));
#19399=CARTESIAN_POINT('',(234.63500333786,-106.399999521673,6.1));
#19400=CARTESIAN_POINT('',(234.63500333786,-106.399999521673,6.1));
#19401=CARTESIAN_POINT('Origin',(235.63500333786,-106.399999521673,6.1));
#19402=CARTESIAN_POINT('',(270.599999472499,-22.3999995216727,6.1));
#19403=CARTESIAN_POINT('',(234.596013687268,-19.3999995216727,6.1));
#19404=CARTESIAN_POINT('Origin',(235.596013687268,-19.3999995216727,6.1));
#19405=CARTESIAN_POINT('',(234.596013687268,-17.3999995216727,6.1));
#19406=CARTESIAN_POINT('',(234.596013687268,-19.3999995216727,6.1));
#19407=CARTESIAN_POINT('',(235.596013687268,-16.3999995216727,6.1));
#19408=CARTESIAN_POINT('Origin',(235.596013687268,-17.3999995216727,6.1));
#19409=CARTESIAN_POINT('',(253.634374005307,-16.3999995216727,6.1));
#19410=CARTESIAN_POINT('',(248.5965381359,-16.3999995216727,6.1));
#19411=CARTESIAN_POINT('',(254.634374005307,-15.3999995216727,6.1));
#19412=CARTESIAN_POINT('Origin',(253.634374005307,-15.3999995216727,6.1));
#19413=CARTESIAN_POINT('',(254.634374005307,-13.3999995216727,6.1));
#19414=CARTESIAN_POINT('',(254.634374005307,-15.3999995216727,6.1));
#19415=CARTESIAN_POINT('',(253.634374005307,-12.3999995216727,6.1));
#19416=CARTESIAN_POINT('Origin',(253.634374005307,-13.3999995216728,6.1));
#19417=CARTESIAN_POINT('',(205.634374005307,-12.3999995216727,6.1));
#19418=CARTESIAN_POINT('',(253.634374005307,-12.3999995216727,6.1));
#19419=CARTESIAN_POINT('',(204.634374005307,-13.3999995216727,6.1));
#19420=CARTESIAN_POINT('Origin',(205.634374005307,-13.3999995216728,6.1));
#19421=CARTESIAN_POINT('',(204.634374005307,-15.3999995216727,6.1));
#19422=CARTESIAN_POINT('',(204.634374005307,-15.3999995216727,6.1));
#19423=CARTESIAN_POINT('',(205.634374005307,-16.3999995216727,6.1));
#19424=CARTESIAN_POINT('Origin',(205.634374005307,-15.3999995216727,6.1));
#19425=CARTESIAN_POINT('',(223.596013687268,-16.3999995216727,6.1));
#19426=CARTESIAN_POINT('',(211.155679822672,-16.3999995216727,6.1));
#19427=CARTESIAN_POINT('',(224.596013687268,-17.3999995216727,6.1));
#19428=CARTESIAN_POINT('Origin',(223.596013687268,-17.3999995216727,6.1));
#19429=CARTESIAN_POINT('',(224.596013687268,-19.3999995216727,6.1));
#19430=CARTESIAN_POINT('',(224.596013687268,-17.3999995216727,6.1));
#19431=CARTESIAN_POINT('Origin',(223.596013687268,-19.3999995216727,6.1));
#19432=CARTESIAN_POINT('',(70.6662100611092,-19.3999995216727,6.1));
#19433=CARTESIAN_POINT('Origin',(71.6662100611092,-19.3999995216727,6.1));
#19434=CARTESIAN_POINT('',(70.6662100611092,-17.4008339004752,6.1));
#19435=CARTESIAN_POINT('',(70.6662100611092,-19.3999995216727,6.1));
#19436=CARTESIAN_POINT('',(71.6662100611092,-16.4008339004752,6.1));
#19437=CARTESIAN_POINT('Origin',(71.6662100611092,-17.4008339004752,6.1));
#19438=CARTESIAN_POINT('',(89.6349490403738,-16.4008339004752,6.1));
#19439=CARTESIAN_POINT('',(89.6349490403738,-16.4008339004752,6.1));
#19440=CARTESIAN_POINT('',(90.6349490403738,-15.4008339004752,6.1));
#19441=CARTESIAN_POINT('Origin',(89.6349490403738,-15.4008339004752,6.1));
#19442=CARTESIAN_POINT('',(90.6349490403738,-13.4008339004752,6.1));
#19443=CARTESIAN_POINT('',(90.6349490403738,-13.4008339004752,6.1));
#19444=CARTESIAN_POINT('',(89.6349490403738,-12.4008339004752,6.1));
#19445=CARTESIAN_POINT('Origin',(89.6349490403738,-13.4008339004752,6.1));
#19446=CARTESIAN_POINT('',(41.6349490403739,-12.4008339004752,6.1));
#19447=CARTESIAN_POINT('',(41.6349490403738,-12.4008339004752,6.1));
#19448=CARTESIAN_POINT('',(40.6349490403738,-13.4008339004752,6.1));
#19449=CARTESIAN_POINT('Origin',(41.6349490403738,-13.4008339004752,6.1));
#19450=CARTESIAN_POINT('',(40.6349490403738,-15.4008339004752,6.1));
#19451=CARTESIAN_POINT('',(40.6349490403738,-15.4008339004752,6.1));
#19452=CARTESIAN_POINT('',(41.6349490403739,-16.4008339004752,6.1));
#19453=CARTESIAN_POINT('Origin',(41.6349490403738,-15.4008339004752,6.1));
#19454=CARTESIAN_POINT('',(59.6662100611092,-16.4008339004752,6.1));
#19455=CARTESIAN_POINT('',(59.6662100611092,-16.4008339004752,6.1));
#19456=CARTESIAN_POINT('',(60.6662100611092,-17.4008339004752,6.1));
#19457=CARTESIAN_POINT('Origin',(59.6662100611092,-17.4008339004752,6.1));
#19458=CARTESIAN_POINT('',(60.6662100611092,-19.3999995216727,6.1));
#19459=CARTESIAN_POINT('',(60.6662100611092,-17.4008339004752,6.1));
#19460=CARTESIAN_POINT('Origin',(59.6662100611092,-19.3999995216727,6.1));
#19461=CARTESIAN_POINT('',(203.900150481209,-40.8056277027369,6.1));
#19462=CARTESIAN_POINT('',(203.900150481209,-27.8056277027369,6.1));
#19463=CARTESIAN_POINT('',(203.900150481209,-51.8528136122048,6.1));
#19464=CARTESIAN_POINT('',(204.400150481209,-27.3056277027369,6.1));
#19465=CARTESIAN_POINT('Origin',(204.400150481209,-27.8056277027369,6.1));
#19466=CARTESIAN_POINT('',(217.400150481209,-27.3056277027369,6.1));
#19467=CARTESIAN_POINT('',(175.500081407975,-27.3056277027369,6.1));
#19468=CARTESIAN_POINT('',(217.900150481209,-27.8056277027369,6.1));
#19469=CARTESIAN_POINT('Origin',(217.400150481209,-27.8056277027369,6.1));
#19470=CARTESIAN_POINT('',(217.900150481209,-40.8056277027369,6.1));
#19471=CARTESIAN_POINT('',(217.900150481209,-45.3528136122048,6.1));
#19472=CARTESIAN_POINT('',(217.400150481209,-41.3056277027369,6.1));
#19473=CARTESIAN_POINT('Origin',(217.400150481209,-40.8056277027369,6.1));
#19474=CARTESIAN_POINT('',(204.400150481209,-41.3056277027369,6.1));
#19475=CARTESIAN_POINT('',(182.000081407975,-41.3056277027369,6.1));
#19476=CARTESIAN_POINT('Origin',(204.400150481209,-40.8056277027369,6.1));
#19477=CARTESIAN_POINT('',(244.381400481209,-40.8056277027369,6.1));
#19478=CARTESIAN_POINT('',(244.381400481209,-27.8056277027369,6.1));
#19479=CARTESIAN_POINT('',(244.381400481209,-51.8528136122048,6.1));
#19480=CARTESIAN_POINT('',(244.881400481209,-27.3056277027369,6.1));
#19481=CARTESIAN_POINT('Origin',(244.881400481209,-27.8056277027369,6.1));
#19482=CARTESIAN_POINT('',(257.881400481209,-27.3056277027369,6.1));
#19483=CARTESIAN_POINT('',(195.740706407975,-27.3056277027369,6.1));
#19484=CARTESIAN_POINT('',(258.381400481209,-27.8056277027369,6.1));
#19485=CARTESIAN_POINT('Origin',(257.881400481209,-27.8056277027369,6.1));
#19486=CARTESIAN_POINT('',(258.381400481209,-40.8056277027369,6.1));
#19487=CARTESIAN_POINT('',(258.381400481209,-45.3528136122048,6.1));
#19488=CARTESIAN_POINT('',(257.881400481209,-41.3056277027369,6.1));
#19489=CARTESIAN_POINT('Origin',(257.881400481209,-40.8056277027369,6.1));
#19490=CARTESIAN_POINT('',(244.881400481209,-41.3056277027369,6.1));
#19491=CARTESIAN_POINT('',(202.240706407975,-41.3056277027369,6.1));
#19492=CARTESIAN_POINT('Origin',(244.881400481209,-40.8056277027369,6.1));
#19493=CARTESIAN_POINT('',(199.137650481209,-78.9056277027369,6.1));
#19494=CARTESIAN_POINT('',(199.137650481209,-65.9056277027369,6.1));
#19495=CARTESIAN_POINT('',(199.137650481209,-70.9028136122048,6.1));
#19496=CARTESIAN_POINT('',(199.637650481209,-65.4056277027369,6.1));
#19497=CARTESIAN_POINT('Origin',(199.637650481209,-65.9056277027369,6.1));
#19498=CARTESIAN_POINT('',(212.637650481209,-65.4056277027369,6.1));
#19499=CARTESIAN_POINT('',(173.118831407975,-65.4056277027369,6.1));
#19500=CARTESIAN_POINT('',(213.137650481209,-65.9056277027369,6.1));
#19501=CARTESIAN_POINT('Origin',(212.637650481209,-65.9056277027369,6.1));
#19502=CARTESIAN_POINT('',(213.137650481209,-78.9056277027369,6.1));
#19503=CARTESIAN_POINT('',(213.137650481209,-64.4028136122048,6.1));
#19504=CARTESIAN_POINT('',(212.637650481209,-79.4056277027369,6.1));
#19505=CARTESIAN_POINT('Origin',(212.637650481209,-78.9056277027369,6.1));
#19506=CARTESIAN_POINT('',(199.637650481209,-79.4056277027369,6.1));
#19507=CARTESIAN_POINT('',(179.618831407975,-79.4056277027369,6.1));
#19508=CARTESIAN_POINT('Origin',(199.637650481209,-78.9056277027369,6.1));
#19509=CARTESIAN_POINT('',(170.562650481209,-59.8556277027369,6.1));
#19510=CARTESIAN_POINT('',(170.562650481209,-46.8556277027369,6.1));
#19511=CARTESIAN_POINT('',(170.562650481209,-61.3778136122048,6.1));
#19512=CARTESIAN_POINT('',(171.062650481209,-46.3556277027369,6.1));
#19513=CARTESIAN_POINT('Origin',(171.062650481209,-46.8556277027369,6.1));
#19514=CARTESIAN_POINT('',(184.062650481209,-46.3556277027369,6.1));
#19515=CARTESIAN_POINT('',(158.831331407975,-46.3556277027369,6.1));
#19516=CARTESIAN_POINT('',(184.562650481209,-46.8556277027369,6.1));
#19517=CARTESIAN_POINT('Origin',(184.062650481209,-46.8556277027369,6.1));
#19518=CARTESIAN_POINT('',(184.562650481209,-59.8556277027369,6.1));
#19519=CARTESIAN_POINT('',(184.562650481209,-54.8778136122048,6.1));
#19520=CARTESIAN_POINT('',(184.062650481209,-60.3556277027369,6.1));
#19521=CARTESIAN_POINT('Origin',(184.062650481209,-59.8556277027369,6.1));
#19522=CARTESIAN_POINT('',(171.062650481209,-60.3556277027369,6.1));
#19523=CARTESIAN_POINT('',(165.331331407975,-60.3556277027369,6.1));
#19524=CARTESIAN_POINT('Origin',(171.062650481209,-59.8556277027369,6.1));
#19525=CARTESIAN_POINT('',(146.750150481209,-40.8056277027369,6.1));
#19526=CARTESIAN_POINT('',(146.750150481209,-27.8056277027369,6.1));
#19527=CARTESIAN_POINT('',(146.750150481209,-51.8528136122048,6.1));
#19528=CARTESIAN_POINT('',(147.250150481209,-27.3056277027369,6.1));
#19529=CARTESIAN_POINT('Origin',(147.250150481209,-27.8056277027369,6.1));
#19530=CARTESIAN_POINT('',(160.250150481209,-27.3056277027369,6.1));
#19531=CARTESIAN_POINT('',(146.925081407975,-27.3056277027369,6.1));
#19532=CARTESIAN_POINT('',(160.750150481209,-27.8056277027369,6.1));
#19533=CARTESIAN_POINT('Origin',(160.250150481209,-27.8056277027369,6.1));
#19534=CARTESIAN_POINT('',(160.750150481209,-40.8056277027369,6.1));
#19535=CARTESIAN_POINT('',(160.750150481209,-45.3528136122048,6.1));
#19536=CARTESIAN_POINT('',(160.250150481209,-41.3056277027369,6.1));
#19537=CARTESIAN_POINT('Origin',(160.250150481209,-40.8056277027369,6.1));
#19538=CARTESIAN_POINT('',(147.250150481209,-41.3056277027369,6.1));
#19539=CARTESIAN_POINT('',(153.425081407975,-41.3056277027369,6.1));
#19540=CARTESIAN_POINT('Origin',(147.250150481209,-40.8056277027369,6.1));
#19541=CARTESIAN_POINT('',(122.937650481209,-78.9056277027369,6.1));
#19542=CARTESIAN_POINT('',(122.937650481209,-65.9056277027369,6.1));
#19543=CARTESIAN_POINT('',(122.937650481209,-70.9028136122048,6.1));
#19544=CARTESIAN_POINT('',(123.437650481209,-65.4056277027369,6.1));
#19545=CARTESIAN_POINT('Origin',(123.437650481209,-65.9056277027369,6.1));
#19546=CARTESIAN_POINT('',(136.437650481209,-65.4056277027369,6.1));
#19547=CARTESIAN_POINT('',(135.018831407975,-65.4056277027369,6.1));
#19548=CARTESIAN_POINT('',(136.937650481209,-65.9056277027369,6.1));
#19549=CARTESIAN_POINT('Origin',(136.437650481209,-65.9056277027369,6.1));
#19550=CARTESIAN_POINT('',(136.937650481209,-78.9056277027369,6.1));
#19551=CARTESIAN_POINT('',(136.937650481209,-64.4028136122048,6.1));
#19552=CARTESIAN_POINT('',(136.437650481209,-79.4056277027369,6.1));
#19553=CARTESIAN_POINT('Origin',(136.437650481209,-78.9056277027369,6.1));
#19554=CARTESIAN_POINT('',(123.437650481209,-79.4056277027369,6.1));
#19555=CARTESIAN_POINT('',(141.518831407975,-79.4056277027369,6.1));
#19556=CARTESIAN_POINT('Origin',(123.437650481209,-78.9056277027369,6.1));
#19557=CARTESIAN_POINT('',(94.3626504812088,-59.8556277027369,6.1));
#19558=CARTESIAN_POINT('',(94.3626504812088,-46.8556277027369,6.1));
#19559=CARTESIAN_POINT('',(94.3626504812088,-61.3778136122048,6.1));
#19560=CARTESIAN_POINT('',(94.8626504812088,-46.3556277027369,6.1));
#19561=CARTESIAN_POINT('Origin',(94.8626504812088,-46.8556277027369,6.1));
#19562=CARTESIAN_POINT('',(107.862650481209,-46.3556277027369,6.1));
#19563=CARTESIAN_POINT('',(120.731331407975,-46.3556277027369,6.1));
#19564=CARTESIAN_POINT('',(108.362650481209,-46.8556277027369,6.1));
#19565=CARTESIAN_POINT('Origin',(107.862650481209,-46.8556277027369,6.1));
#19566=CARTESIAN_POINT('',(108.362650481209,-59.8556277027369,6.1));
#19567=CARTESIAN_POINT('',(108.362650481209,-54.8778136122048,6.1));
#19568=CARTESIAN_POINT('',(107.862650481209,-60.3556277027369,6.1));
#19569=CARTESIAN_POINT('Origin',(107.862650481209,-59.8556277027369,6.1));
#19570=CARTESIAN_POINT('',(94.8626504812088,-60.3556277027369,6.1));
#19571=CARTESIAN_POINT('',(127.231331407975,-60.3556277027369,6.1));
#19572=CARTESIAN_POINT('Origin',(94.8626504812088,-59.8556277027369,6.1));
#19573=CARTESIAN_POINT('',(70.5501504812088,-40.8056277027369,6.1));
#19574=CARTESIAN_POINT('',(70.5501504812088,-27.8056277027369,6.1));
#19575=CARTESIAN_POINT('',(70.5501504812088,-51.8528136122048,6.1));
#19576=CARTESIAN_POINT('',(71.0501504812088,-27.3056277027369,6.1));
#19577=CARTESIAN_POINT('Origin',(71.0501504812088,-27.8056277027369,6.1));
#19578=CARTESIAN_POINT('',(84.0501504812088,-27.3056277027369,6.1));
#19579=CARTESIAN_POINT('',(108.825081407975,-27.3056277027369,6.1));
#19580=CARTESIAN_POINT('',(84.5501504812088,-27.8056277027369,6.1));
#19581=CARTESIAN_POINT('Origin',(84.0501504812088,-27.8056277027369,6.1));
#19582=CARTESIAN_POINT('',(84.5501504812088,-40.8056277027369,6.1));
#19583=CARTESIAN_POINT('',(84.5501504812088,-45.3528136122048,6.1));
#19584=CARTESIAN_POINT('',(84.0501504812088,-41.3056277027369,6.1));
#19585=CARTESIAN_POINT('Origin',(84.0501504812088,-40.8056277027369,6.1));
#19586=CARTESIAN_POINT('',(71.0501504812088,-41.3056277027369,6.1));
#19587=CARTESIAN_POINT('',(115.325081407975,-41.3056277027369,6.1));
#19588=CARTESIAN_POINT('Origin',(71.0501504812088,-40.8056277027369,6.1));
#19589=CARTESIAN_POINT('',(34.8314004812088,-59.8556277027369,6.1));
#19590=CARTESIAN_POINT('',(34.8314004812088,-46.8556277027369,6.1));
#19591=CARTESIAN_POINT('',(34.8314004812088,-61.3778136122048,6.1));
#19592=CARTESIAN_POINT('',(35.3314004812088,-46.3556277027369,6.1));
#19593=CARTESIAN_POINT('Origin',(35.3314004812088,-46.8556277027369,6.1));
#19594=CARTESIAN_POINT('',(48.3314004812088,-46.3556277027369,6.1));
#19595=CARTESIAN_POINT('',(90.9657064079752,-46.3556277027369,6.1));
#19596=CARTESIAN_POINT('',(48.8314004812088,-46.8556277027369,6.1));
#19597=CARTESIAN_POINT('Origin',(48.3314004812088,-46.8556277027369,6.1));
#19598=CARTESIAN_POINT('',(48.8314004812088,-59.8556277027369,6.1));
#19599=CARTESIAN_POINT('',(48.8314004812088,-54.8778136122048,6.1));
#19600=CARTESIAN_POINT('',(48.3314004812088,-60.3556277027369,6.1));
#19601=CARTESIAN_POINT('Origin',(48.3314004812088,-59.8556277027369,6.1));
#19602=CARTESIAN_POINT('',(35.3314004812088,-60.3556277027369,6.1));
#19603=CARTESIAN_POINT('',(97.4657064079752,-60.3556277027369,6.1));
#19604=CARTESIAN_POINT('Origin',(35.3314004812088,-59.8556277027369,6.1));
#19605=CARTESIAN_POINT('',(82.4564004812088,-97.9556277027369,6.1));
#19606=CARTESIAN_POINT('',(82.4564004812088,-84.9556277027369,6.1));
#19607=CARTESIAN_POINT('',(82.4564004812088,-80.4278136122048,6.1));
#19608=CARTESIAN_POINT('',(82.9564004812088,-84.4556277027369,6.1));
#19609=CARTESIAN_POINT('Origin',(82.9564004812088,-84.9556277027369,6.1));
#19610=CARTESIAN_POINT('',(95.9564004812088,-84.4556277027369,6.1));
#19611=CARTESIAN_POINT('',(114.778206407975,-84.4556277027369,6.1));
#19612=CARTESIAN_POINT('',(96.4564004812088,-84.9556277027369,6.1));
#19613=CARTESIAN_POINT('Origin',(95.9564004812088,-84.9556277027369,6.1));
#19614=CARTESIAN_POINT('',(96.4564004812088,-97.9556277027369,6.1));
#19615=CARTESIAN_POINT('',(96.4564004812088,-73.9278136122048,6.1));
#19616=CARTESIAN_POINT('',(95.9564004812088,-98.4556277027369,6.1));
#19617=CARTESIAN_POINT('Origin',(95.9564004812088,-97.9556277027369,6.1));
#19618=CARTESIAN_POINT('',(82.9564004812088,-98.4556277027369,6.1));
#19619=CARTESIAN_POINT('',(121.278206407975,-98.4556277027369,6.1));
#19620=CARTESIAN_POINT('Origin',(82.9564004812088,-97.9556277027369,6.1));
#19621=CARTESIAN_POINT('',(61.0251504812088,-97.9556277027369,6.1));
#19622=CARTESIAN_POINT('',(61.0251504812088,-84.9556277027369,6.1));
#19623=CARTESIAN_POINT('',(61.0251504812088,-80.4278136122048,6.1));
#19624=CARTESIAN_POINT('',(61.5251504812088,-84.4556277027369,6.1));
#19625=CARTESIAN_POINT('Origin',(61.5251504812088,-84.9556277027369,6.1));
#19626=CARTESIAN_POINT('',(74.5251504812088,-84.4556277027369,6.1));
#19627=CARTESIAN_POINT('',(104.062581407975,-84.4556277027369,6.1));
#19628=CARTESIAN_POINT('',(75.0251504812088,-84.9556277027369,6.1));
#19629=CARTESIAN_POINT('Origin',(74.5251504812088,-84.9556277027369,6.1));
#19630=CARTESIAN_POINT('',(75.0251504812088,-97.9556277027369,6.1));
#19631=CARTESIAN_POINT('',(75.0251504812088,-73.9278136122048,6.1));
#19632=CARTESIAN_POINT('',(74.5251504812088,-98.4556277027369,6.1));
#19633=CARTESIAN_POINT('Origin',(74.5251504812088,-97.9556277027369,6.1));
#19634=CARTESIAN_POINT('',(61.5251504812088,-98.4556277027369,6.1));
#19635=CARTESIAN_POINT('',(110.562581407975,-98.4556277027369,6.1));
#19636=CARTESIAN_POINT('Origin',(61.5251504812088,-97.9556277027369,6.1));
#19637=CARTESIAN_POINT('',(32.4501504812088,-40.8056277027369,6.1));
#19638=CARTESIAN_POINT('',(32.4501504812088,-27.8056277027369,6.1));
#19639=CARTESIAN_POINT('',(32.4501504812088,-51.8528136122048,6.1));
#19640=CARTESIAN_POINT('',(32.9501504812088,-27.3056277027369,6.1));
#19641=CARTESIAN_POINT('Origin',(32.9501504812088,-27.8056277027369,6.1));
#19642=CARTESIAN_POINT('',(45.9501504812088,-27.3056277027369,6.1));
#19643=CARTESIAN_POINT('',(89.7750814079752,-27.3056277027369,6.1));
#19644=CARTESIAN_POINT('',(46.4501504812088,-27.8056277027369,6.1));
#19645=CARTESIAN_POINT('Origin',(45.9501504812088,-27.8056277027369,6.1));
#19646=CARTESIAN_POINT('',(46.4501504812088,-40.8056277027369,6.1));
#19647=CARTESIAN_POINT('',(46.4501504812088,-45.3528136122048,6.1));
#19648=CARTESIAN_POINT('',(45.9501504812088,-41.3056277027369,6.1));
#19649=CARTESIAN_POINT('Origin',(45.9501504812088,-40.8056277027369,6.1));
#19650=CARTESIAN_POINT('',(32.9501504812088,-41.3056277027369,6.1));
#19651=CARTESIAN_POINT('',(96.2750814079752,-41.3056277027369,6.1));
#19652=CARTESIAN_POINT('Origin',(32.9501504812088,-40.8056277027369,6.1));
#19653=CARTESIAN_POINT('',(75.3126504812088,-59.8556277027369,6.1));
#19654=CARTESIAN_POINT('',(75.3126504812088,-46.8556277027369,6.1));
#19655=CARTESIAN_POINT('',(75.3126504812088,-61.3778136122048,6.1));
#19656=CARTESIAN_POINT('',(75.8126504812088,-46.3556277027369,6.1));
#19657=CARTESIAN_POINT('Origin',(75.8126504812088,-46.8556277027369,6.1));
#19658=CARTESIAN_POINT('',(88.8126504812088,-46.3556277027369,6.1));
#19659=CARTESIAN_POINT('',(111.206331407975,-46.3556277027369,6.1));
#19660=CARTESIAN_POINT('',(89.3126504812088,-46.8556277027369,6.1));
#19661=CARTESIAN_POINT('Origin',(88.8126504812088,-46.8556277027369,6.1));
#19662=CARTESIAN_POINT('',(89.3126504812088,-59.8556277027369,6.1));
#19663=CARTESIAN_POINT('',(89.3126504812088,-54.8778136122048,6.1));
#19664=CARTESIAN_POINT('',(88.8126504812088,-60.3556277027369,6.1));
#19665=CARTESIAN_POINT('Origin',(88.8126504812088,-59.8556277027369,6.1));
#19666=CARTESIAN_POINT('',(75.8126504812088,-60.3556277027369,6.1));
#19667=CARTESIAN_POINT('',(117.706331407975,-60.3556277027369,6.1));
#19668=CARTESIAN_POINT('Origin',(75.8126504812088,-59.8556277027369,6.1));
#19669=CARTESIAN_POINT('',(89.6001504812088,-40.8056277027369,6.1));
#19670=CARTESIAN_POINT('',(89.6001504812088,-27.8056277027369,6.1));
#19671=CARTESIAN_POINT('',(89.6001504812088,-51.8528136122048,6.1));
#19672=CARTESIAN_POINT('',(90.1001504812088,-27.3056277027369,6.1));
#19673=CARTESIAN_POINT('Origin',(90.1001504812088,-27.8056277027369,6.1));
#19674=CARTESIAN_POINT('',(103.100150481209,-27.3056277027369,6.1));
#19675=CARTESIAN_POINT('',(118.350081407975,-27.3056277027369,6.1));
#19676=CARTESIAN_POINT('',(103.600150481209,-27.8056277027369,6.1));
#19677=CARTESIAN_POINT('Origin',(103.100150481209,-27.8056277027369,6.1));
#19678=CARTESIAN_POINT('',(103.600150481209,-40.8056277027369,6.1));
#19679=CARTESIAN_POINT('',(103.600150481209,-45.3528136122048,6.1));
#19680=CARTESIAN_POINT('',(103.100150481209,-41.3056277027369,6.1));
#19681=CARTESIAN_POINT('Origin',(103.100150481209,-40.8056277027369,6.1));
#19682=CARTESIAN_POINT('',(90.1001504812088,-41.3056277027369,6.1));
#19683=CARTESIAN_POINT('',(124.850081407975,-41.3056277027369,6.1));
#19684=CARTESIAN_POINT('Origin',(90.1001504812088,-40.8056277027369,6.1));
#19685=CARTESIAN_POINT('',(141.987650481209,-78.9056277027369,6.1));
#19686=CARTESIAN_POINT('',(141.987650481209,-65.9056277027369,6.1));
#19687=CARTESIAN_POINT('',(141.987650481209,-70.9028136122048,6.1));
#19688=CARTESIAN_POINT('',(142.487650481209,-65.4056277027369,6.1));
#19689=CARTESIAN_POINT('Origin',(142.487650481209,-65.9056277027369,6.1));
#19690=CARTESIAN_POINT('',(155.487650481209,-65.4056277027369,6.1));
#19691=CARTESIAN_POINT('',(144.543831407975,-65.4056277027369,6.1));
#19692=CARTESIAN_POINT('',(155.987650481209,-65.9056277027369,6.1));
#19693=CARTESIAN_POINT('Origin',(155.487650481209,-65.9056277027369,6.1));
#19694=CARTESIAN_POINT('',(155.987650481209,-78.9056277027369,6.1));
#19695=CARTESIAN_POINT('',(155.987650481209,-64.4028136122048,6.1));
#19696=CARTESIAN_POINT('',(155.487650481209,-79.4056277027369,6.1));
#19697=CARTESIAN_POINT('Origin',(155.487650481209,-78.9056277027369,6.1));
#19698=CARTESIAN_POINT('',(142.487650481209,-79.4056277027369,6.1));
#19699=CARTESIAN_POINT('',(151.043831407975,-79.4056277027369,6.1));
#19700=CARTESIAN_POINT('Origin',(142.487650481209,-78.9056277027369,6.1));
#19701=CARTESIAN_POINT('',(151.512650481209,-59.8556277027369,6.1));
#19702=CARTESIAN_POINT('',(151.512650481209,-46.8556277027369,6.1));
#19703=CARTESIAN_POINT('',(151.512650481209,-61.3778136122048,6.1));
#19704=CARTESIAN_POINT('',(152.012650481209,-46.3556277027369,6.1));
#19705=CARTESIAN_POINT('Origin',(152.012650481209,-46.8556277027369,6.1));
#19706=CARTESIAN_POINT('',(165.012650481209,-46.3556277027369,6.1));
#19707=CARTESIAN_POINT('',(149.306331407975,-46.3556277027369,6.1));
#19708=CARTESIAN_POINT('',(165.512650481209,-46.8556277027369,6.1));
#19709=CARTESIAN_POINT('Origin',(165.012650481209,-46.8556277027369,6.1));
#19710=CARTESIAN_POINT('',(165.512650481209,-59.8556277027369,6.1));
#19711=CARTESIAN_POINT('',(165.512650481209,-54.8778136122048,6.1));
#19712=CARTESIAN_POINT('',(165.012650481209,-60.3556277027369,6.1));
#19713=CARTESIAN_POINT('Origin',(165.012650481209,-59.8556277027369,6.1));
#19714=CARTESIAN_POINT('',(152.012650481209,-60.3556277027369,6.1));
#19715=CARTESIAN_POINT('',(155.806331407975,-60.3556277027369,6.1));
#19716=CARTESIAN_POINT('Origin',(152.012650481209,-59.8556277027369,6.1));
#19717=CARTESIAN_POINT('',(165.800150481209,-40.8056277027369,6.1));
#19718=CARTESIAN_POINT('',(165.800150481209,-27.8056277027369,6.1));
#19719=CARTESIAN_POINT('',(165.800150481209,-51.8528136122048,6.1));
#19720=CARTESIAN_POINT('',(166.300150481209,-27.3056277027369,6.1));
#19721=CARTESIAN_POINT('Origin',(166.300150481209,-27.8056277027369,6.1));
#19722=CARTESIAN_POINT('',(179.300150481209,-27.3056277027369,6.1));
#19723=CARTESIAN_POINT('',(156.450081407975,-27.3056277027369,6.1));
#19724=CARTESIAN_POINT('',(179.800150481209,-27.8056277027369,6.1));
#19725=CARTESIAN_POINT('Origin',(179.300150481209,-27.8056277027369,6.1));
#19726=CARTESIAN_POINT('',(179.800150481209,-40.8056277027369,6.1));
#19727=CARTESIAN_POINT('',(179.800150481209,-45.3528136122048,6.1));
#19728=CARTESIAN_POINT('',(179.300150481209,-41.3056277027369,6.1));
#19729=CARTESIAN_POINT('Origin',(179.300150481209,-40.8056277027369,6.1));
#19730=CARTESIAN_POINT('',(166.300150481209,-41.3056277027369,6.1));
#19731=CARTESIAN_POINT('',(162.950081407975,-41.3056277027369,6.1));
#19732=CARTESIAN_POINT('Origin',(166.300150481209,-40.8056277027369,6.1));
#19733=CARTESIAN_POINT('',(218.187650481209,-78.9056277027369,6.1));
#19734=CARTESIAN_POINT('',(218.187650481209,-65.9056277027369,6.1));
#19735=CARTESIAN_POINT('',(218.187650481209,-70.9028136122048,6.1));
#19736=CARTESIAN_POINT('',(218.687650481209,-65.4056277027369,6.1));
#19737=CARTESIAN_POINT('Origin',(218.687650481209,-65.9056277027369,6.1));
#19738=CARTESIAN_POINT('',(231.687650481209,-65.4056277027369,6.1));
#19739=CARTESIAN_POINT('',(182.643831407975,-65.4056277027369,6.1));
#19740=CARTESIAN_POINT('',(232.187650481209,-65.9056277027369,6.1));
#19741=CARTESIAN_POINT('Origin',(231.687650481209,-65.9056277027369,6.1));
#19742=CARTESIAN_POINT('',(232.187650481209,-78.9056277027369,6.1));
#19743=CARTESIAN_POINT('',(232.187650481209,-64.4028136122048,6.1));
#19744=CARTESIAN_POINT('',(231.687650481209,-79.4056277027369,6.1));
#19745=CARTESIAN_POINT('Origin',(231.687650481209,-78.9056277027369,6.1));
#19746=CARTESIAN_POINT('',(218.687650481209,-79.4056277027369,6.1));
#19747=CARTESIAN_POINT('',(189.143831407975,-79.4056277027369,6.1));
#19748=CARTESIAN_POINT('Origin',(218.687650481209,-78.9056277027369,6.1));
#19749=CARTESIAN_POINT('',(222.950150481209,-40.8056277027369,6.1));
#19750=CARTESIAN_POINT('',(222.950150481209,-27.8056277027369,6.1));
#19751=CARTESIAN_POINT('',(222.950150481209,-51.8528136122048,6.1));
#19752=CARTESIAN_POINT('',(223.450150481209,-27.3056277027369,6.1));
#19753=CARTESIAN_POINT('Origin',(223.450150481209,-27.8056277027369,6.1));
#19754=CARTESIAN_POINT('',(236.450150481209,-27.3056277027369,6.1));
#19755=CARTESIAN_POINT('',(185.025081407975,-27.3056277027369,6.1));
#19756=CARTESIAN_POINT('',(236.950150481209,-27.8056277027369,6.1));
#19757=CARTESIAN_POINT('Origin',(236.450150481209,-27.8056277027369,6.1));
#19758=CARTESIAN_POINT('',(236.950150481209,-40.8056277027369,6.1));
#19759=CARTESIAN_POINT('',(236.950150481209,-45.3528136122048,6.1));
#19760=CARTESIAN_POINT('',(236.450150481209,-41.3056277027369,6.1));
#19761=CARTESIAN_POINT('Origin',(236.450150481209,-40.8056277027369,6.1));
#19762=CARTESIAN_POINT('',(223.450150481209,-41.3056277027369,6.1));
#19763=CARTESIAN_POINT('',(191.525081407975,-41.3056277027369,6.1));
#19764=CARTESIAN_POINT('Origin',(223.450150481209,-40.8056277027369,6.1));
#19765=CARTESIAN_POINT('',(208.662650481209,-59.8556277027369,6.1));
#19766=CARTESIAN_POINT('',(208.662650481209,-46.8556277027369,6.1));
#19767=CARTESIAN_POINT('',(208.662650481209,-61.3778136122048,6.1));
#19768=CARTESIAN_POINT('',(209.162650481209,-46.3556277027369,6.1));
#19769=CARTESIAN_POINT('Origin',(209.162650481209,-46.8556277027369,6.1));
#19770=CARTESIAN_POINT('',(222.162650481209,-46.3556277027369,6.1));
#19771=CARTESIAN_POINT('',(177.881331407975,-46.3556277027369,6.1));
#19772=CARTESIAN_POINT('',(222.662650481209,-46.8556277027369,6.1));
#19773=CARTESIAN_POINT('Origin',(222.162650481209,-46.8556277027369,6.1));
#19774=CARTESIAN_POINT('',(222.662650481209,-59.8556277027369,6.1));
#19775=CARTESIAN_POINT('',(222.662650481209,-54.8778136122048,6.1));
#19776=CARTESIAN_POINT('',(222.162650481209,-60.3556277027369,6.1));
#19777=CARTESIAN_POINT('Origin',(222.162650481209,-59.8556277027369,6.1));
#19778=CARTESIAN_POINT('',(209.162650481209,-60.3556277027369,6.1));
#19779=CARTESIAN_POINT('',(184.381331407975,-60.3556277027369,6.1));
#19780=CARTESIAN_POINT('Origin',(209.162650481209,-59.8556277027369,6.1));
#19781=CARTESIAN_POINT('',(246.762650481209,-59.8556277027369,6.1));
#19782=CARTESIAN_POINT('',(246.762650481209,-46.8556277027369,6.1));
#19783=CARTESIAN_POINT('',(246.762650481209,-61.3778136122048,6.1));
#19784=CARTESIAN_POINT('',(247.262650481209,-46.3556277027369,6.1));
#19785=CARTESIAN_POINT('Origin',(247.262650481209,-46.8556277027369,6.1));
#19786=CARTESIAN_POINT('',(260.262650481209,-46.3556277027369,6.1));
#19787=CARTESIAN_POINT('',(196.931331407975,-46.3556277027369,6.1));
#19788=CARTESIAN_POINT('',(260.762650481209,-46.8556277027369,6.1));
#19789=CARTESIAN_POINT('Origin',(260.262650481209,-46.8556277027369,6.1));
#19790=CARTESIAN_POINT('',(260.762650481209,-59.8556277027369,6.1));
#19791=CARTESIAN_POINT('',(260.762650481209,-54.8778136122048,6.1));
#19792=CARTESIAN_POINT('',(260.262650481209,-60.3556277027369,6.1));
#19793=CARTESIAN_POINT('Origin',(260.262650481209,-59.8556277027369,6.1));
#19794=CARTESIAN_POINT('',(247.262650481209,-60.3556277027369,6.1));
#19795=CARTESIAN_POINT('',(203.431331407975,-60.3556277027369,6.1));
#19796=CARTESIAN_POINT('Origin',(247.262650481209,-59.8556277027369,6.1));
#19797=CARTESIAN_POINT('',(189.612650481209,-59.8556277027369,6.1));
#19798=CARTESIAN_POINT('',(189.612650481209,-46.8556277027369,6.1));
#19799=CARTESIAN_POINT('',(189.612650481209,-61.3778136122048,6.1));
#19800=CARTESIAN_POINT('',(190.112650481209,-46.3556277027369,6.1));
#19801=CARTESIAN_POINT('Origin',(190.112650481209,-46.8556277027369,6.1));
#19802=CARTESIAN_POINT('',(203.112650481209,-46.3556277027369,6.1));
#19803=CARTESIAN_POINT('',(168.356331407975,-46.3556277027369,6.1));
#19804=CARTESIAN_POINT('',(203.612650481209,-46.8556277027369,6.1));
#19805=CARTESIAN_POINT('Origin',(203.112650481209,-46.8556277027369,6.1));
#19806=CARTESIAN_POINT('',(203.612650481209,-59.8556277027369,6.1));
#19807=CARTESIAN_POINT('',(203.612650481209,-54.8778136122048,6.1));
#19808=CARTESIAN_POINT('',(203.112650481209,-60.3556277027369,6.1));
#19809=CARTESIAN_POINT('Origin',(203.112650481209,-59.8556277027369,6.1));
#19810=CARTESIAN_POINT('',(190.112650481209,-60.3556277027369,6.1));
#19811=CARTESIAN_POINT('',(174.856331407975,-60.3556277027369,6.1));
#19812=CARTESIAN_POINT('Origin',(190.112650481209,-59.8556277027369,6.1));
#19813=CARTESIAN_POINT('',(180.087650481209,-78.9056277027369,6.1));
#19814=CARTESIAN_POINT('',(180.087650481209,-65.9056277027369,6.1));
#19815=CARTESIAN_POINT('',(180.087650481209,-70.9028136122048,6.1));
#19816=CARTESIAN_POINT('',(180.587650481209,-65.4056277027369,6.1));
#19817=CARTESIAN_POINT('Origin',(180.587650481209,-65.9056277027369,6.1));
#19818=CARTESIAN_POINT('',(193.587650481209,-65.4056277027369,6.1));
#19819=CARTESIAN_POINT('',(163.593831407975,-65.4056277027369,6.1));
#19820=CARTESIAN_POINT('',(194.087650481209,-65.9056277027369,6.1));
#19821=CARTESIAN_POINT('Origin',(193.587650481209,-65.9056277027369,6.1));
#19822=CARTESIAN_POINT('',(194.087650481209,-78.9056277027369,6.1));
#19823=CARTESIAN_POINT('',(194.087650481209,-64.4028136122048,6.1));
#19824=CARTESIAN_POINT('',(193.587650481209,-79.4056277027369,6.1));
#19825=CARTESIAN_POINT('Origin',(193.587650481209,-78.9056277027369,6.1));
#19826=CARTESIAN_POINT('',(180.587650481209,-79.4056277027369,6.1));
#19827=CARTESIAN_POINT('',(170.093831407975,-79.4056277027369,6.1));
#19828=CARTESIAN_POINT('Origin',(180.587650481209,-78.9056277027369,6.1));
#19829=CARTESIAN_POINT('',(127.700150481209,-40.8056277027369,6.1));
#19830=CARTESIAN_POINT('',(127.700150481209,-27.8056277027369,6.1));
#19831=CARTESIAN_POINT('',(127.700150481209,-51.8528136122048,6.1));
#19832=CARTESIAN_POINT('',(128.200150481209,-27.3056277027369,6.1));
#19833=CARTESIAN_POINT('Origin',(128.200150481209,-27.8056277027369,6.1));
#19834=CARTESIAN_POINT('',(141.200150481209,-27.3056277027369,6.1));
#19835=CARTESIAN_POINT('',(137.400081407975,-27.3056277027369,6.1));
#19836=CARTESIAN_POINT('',(141.700150481209,-27.8056277027369,6.1));
#19837=CARTESIAN_POINT('Origin',(141.200150481209,-27.8056277027369,6.1));
#19838=CARTESIAN_POINT('',(141.700150481209,-40.8056277027369,6.1));
#19839=CARTESIAN_POINT('',(141.700150481209,-45.3528136122048,6.1));
#19840=CARTESIAN_POINT('',(141.200150481209,-41.3056277027369,6.1));
#19841=CARTESIAN_POINT('Origin',(141.200150481209,-40.8056277027369,6.1));
#19842=CARTESIAN_POINT('',(128.200150481209,-41.3056277027369,6.1));
#19843=CARTESIAN_POINT('',(143.900081407975,-41.3056277027369,6.1));
#19844=CARTESIAN_POINT('Origin',(128.200150481209,-40.8056277027369,6.1));
#19845=CARTESIAN_POINT('',(113.412650481209,-59.8556277027369,6.1));
#19846=CARTESIAN_POINT('',(113.412650481209,-46.8556277027369,6.1));
#19847=CARTESIAN_POINT('',(113.412650481209,-61.3778136122048,6.1));
#19848=CARTESIAN_POINT('',(113.912650481209,-46.3556277027369,6.1));
#19849=CARTESIAN_POINT('Origin',(113.912650481209,-46.8556277027369,6.1));
#19850=CARTESIAN_POINT('',(126.912650481209,-46.3556277027369,6.1));
#19851=CARTESIAN_POINT('',(130.256331407975,-46.3556277027369,6.1));
#19852=CARTESIAN_POINT('',(127.412650481209,-46.8556277027369,6.1));
#19853=CARTESIAN_POINT('Origin',(126.912650481209,-46.8556277027369,6.1));
#19854=CARTESIAN_POINT('',(127.412650481209,-59.8556277027369,6.1));
#19855=CARTESIAN_POINT('',(127.412650481209,-54.8778136122048,6.1));
#19856=CARTESIAN_POINT('',(126.912650481209,-60.3556277027369,6.1));
#19857=CARTESIAN_POINT('Origin',(126.912650481209,-59.8556277027369,6.1));
#19858=CARTESIAN_POINT('',(113.912650481209,-60.3556277027369,6.1));
#19859=CARTESIAN_POINT('',(136.756331407975,-60.3556277027369,6.1));
#19860=CARTESIAN_POINT('Origin',(113.912650481209,-59.8556277027369,6.1));
#19861=CARTESIAN_POINT('',(103.887650481209,-78.9056277027369,6.1));
#19862=CARTESIAN_POINT('',(103.887650481209,-65.9056277027369,6.1));
#19863=CARTESIAN_POINT('',(103.887650481209,-70.9028136122048,6.1));
#19864=CARTESIAN_POINT('',(104.387650481209,-65.4056277027369,6.1));
#19865=CARTESIAN_POINT('Origin',(104.387650481209,-65.9056277027369,6.1));
#19866=CARTESIAN_POINT('',(117.387650481209,-65.4056277027369,6.1));
#19867=CARTESIAN_POINT('',(125.493831407975,-65.4056277027369,6.1));
#19868=CARTESIAN_POINT('',(117.887650481209,-65.9056277027369,6.1));
#19869=CARTESIAN_POINT('Origin',(117.387650481209,-65.9056277027369,6.1));
#19870=CARTESIAN_POINT('',(117.887650481209,-78.9056277027369,6.1));
#19871=CARTESIAN_POINT('',(117.887650481209,-64.4028136122048,6.1));
#19872=CARTESIAN_POINT('',(117.387650481209,-79.4056277027369,6.1));
#19873=CARTESIAN_POINT('Origin',(117.387650481209,-78.9056277027369,6.1));
#19874=CARTESIAN_POINT('',(104.387650481209,-79.4056277027369,6.1));
#19875=CARTESIAN_POINT('',(131.993831407975,-79.4056277027369,6.1));
#19876=CARTESIAN_POINT('Origin',(104.387650481209,-78.9056277027369,6.1));
#19877=CARTESIAN_POINT('',(56.2626504812088,-59.8556277027369,6.1));
#19878=CARTESIAN_POINT('',(56.2626504812088,-46.8556277027369,6.1));
#19879=CARTESIAN_POINT('',(56.2626504812088,-61.3778136122048,6.1));
#19880=CARTESIAN_POINT('',(56.7626504812088,-46.3556277027369,6.1));
#19881=CARTESIAN_POINT('Origin',(56.7626504812088,-46.8556277027369,6.1));
#19882=CARTESIAN_POINT('',(69.7626504812088,-46.3556277027369,6.1));
#19883=CARTESIAN_POINT('',(101.681331407975,-46.3556277027369,6.1));
#19884=CARTESIAN_POINT('',(70.2626504812088,-46.8556277027369,6.1));
#19885=CARTESIAN_POINT('Origin',(69.7626504812088,-46.8556277027369,6.1));
#19886=CARTESIAN_POINT('',(70.2626504812088,-59.8556277027369,6.1));
#19887=CARTESIAN_POINT('',(70.2626504812088,-54.8778136122048,6.1));
#19888=CARTESIAN_POINT('',(69.7626504812088,-60.3556277027369,6.1));
#19889=CARTESIAN_POINT('Origin',(69.7626504812088,-59.8556277027369,6.1));
#19890=CARTESIAN_POINT('',(56.7626504812088,-60.3556277027369,6.1));
#19891=CARTESIAN_POINT('',(108.181331407975,-60.3556277027369,6.1));
#19892=CARTESIAN_POINT('Origin',(56.7626504812088,-59.8556277027369,6.1));
#19893=CARTESIAN_POINT('',(41.9751504812088,-78.9056277027369,6.1));
#19894=CARTESIAN_POINT('',(41.9751504812088,-65.9056277027369,6.1));
#19895=CARTESIAN_POINT('',(41.9751504812088,-70.9028136122048,6.1));
#19896=CARTESIAN_POINT('',(42.4751504812088,-65.4056277027369,6.1));
#19897=CARTESIAN_POINT('Origin',(42.4751504812088,-65.9056277027369,6.1));
#19898=CARTESIAN_POINT('',(55.4751504812088,-65.4056277027369,6.1));
#19899=CARTESIAN_POINT('',(94.5375814079752,-65.4056277027369,6.1));
#19900=CARTESIAN_POINT('',(55.9751504812088,-65.9056277027369,6.1));
#19901=CARTESIAN_POINT('Origin',(55.4751504812088,-65.9056277027369,6.1));
#19902=CARTESIAN_POINT('',(55.9751504812088,-78.9056277027369,6.1));
#19903=CARTESIAN_POINT('',(55.9751504812088,-64.4028136122048,6.1));
#19904=CARTESIAN_POINT('',(55.4751504812088,-79.4056277027369,6.1));
#19905=CARTESIAN_POINT('Origin',(55.4751504812088,-78.9056277027369,6.1));
#19906=CARTESIAN_POINT('',(42.4751504812088,-79.4056277027369,6.1));
#19907=CARTESIAN_POINT('',(101.037581407975,-79.4056277027369,6.1));
#19908=CARTESIAN_POINT('Origin',(42.4751504812088,-78.9056277027369,6.1));
#19909=CARTESIAN_POINT('',(218.187650481209,-97.9556277027369,6.1));
#19910=CARTESIAN_POINT('',(218.187650481209,-84.9556277027369,6.1));
#19911=CARTESIAN_POINT('',(218.187650481209,-80.4278136122048,6.1));
#19912=CARTESIAN_POINT('',(218.687650481209,-84.4556277027369,6.1));
#19913=CARTESIAN_POINT('Origin',(218.687650481209,-84.9556277027369,6.1));
#19914=CARTESIAN_POINT('',(231.687650481209,-84.4556277027369,6.1));
#19915=CARTESIAN_POINT('',(182.643831407975,-84.4556277027369,6.1));
#19916=CARTESIAN_POINT('',(232.187650481209,-84.9556277027369,6.1));
#19917=CARTESIAN_POINT('Origin',(231.687650481209,-84.9556277027369,6.1));
#19918=CARTESIAN_POINT('',(232.187650481209,-97.9556277027369,6.1));
#19919=CARTESIAN_POINT('',(232.187650481209,-73.9278136122048,6.1));
#19920=CARTESIAN_POINT('',(231.687650481209,-98.4556277027369,6.1));
#19921=CARTESIAN_POINT('Origin',(231.687650481209,-97.9556277027369,6.1));
#19922=CARTESIAN_POINT('',(218.687650481209,-98.4556277027369,6.1));
#19923=CARTESIAN_POINT('',(189.143831407975,-98.4556277027369,6.1));
#19924=CARTESIAN_POINT('Origin',(218.687650481209,-97.9556277027369,6.1));
#19925=CARTESIAN_POINT('',(139.606400481209,-97.9556277027369,6.1));
#19926=CARTESIAN_POINT('',(139.606400481209,-84.9556277027369,6.1));
#19927=CARTESIAN_POINT('',(139.606400481209,-80.4278136122048,6.1));
#19928=CARTESIAN_POINT('',(140.106400481209,-84.4556277027369,6.1));
#19929=CARTESIAN_POINT('Origin',(140.106400481209,-84.9556277027369,6.1));
#19930=CARTESIAN_POINT('',(153.106400481209,-84.4556277027369,6.1));
#19931=CARTESIAN_POINT('',(143.353206407975,-84.4556277027369,6.1));
#19932=CARTESIAN_POINT('',(153.606400481209,-84.9556277027369,6.1));
#19933=CARTESIAN_POINT('Origin',(153.106400481209,-84.9556277027369,6.1));
#19934=CARTESIAN_POINT('',(153.606400481209,-97.9556277027369,6.1));
#19935=CARTESIAN_POINT('',(153.606400481209,-73.9278136122048,6.1));
#19936=CARTESIAN_POINT('',(153.106400481209,-98.4556277027369,6.1));
#19937=CARTESIAN_POINT('Origin',(153.106400481209,-97.9556277027369,6.1));
#19938=CARTESIAN_POINT('',(140.106400481209,-98.4556277027369,6.1));
#19939=CARTESIAN_POINT('',(149.853206407975,-98.4556277027369,6.1));
#19940=CARTESIAN_POINT('Origin',(140.106400481209,-97.9556277027369,6.1));
#19941=CARTESIAN_POINT('',(196.756400481209,-97.9556277027369,6.1));
#19942=CARTESIAN_POINT('',(196.756400481209,-84.9556277027369,6.1));
#19943=CARTESIAN_POINT('',(196.756400481209,-80.4278136122048,6.1));
#19944=CARTESIAN_POINT('',(197.256400481209,-84.4556277027369,6.1));
#19945=CARTESIAN_POINT('Origin',(197.256400481209,-84.9556277027369,6.1));
#19946=CARTESIAN_POINT('',(210.256400481209,-84.4556277027369,6.1));
#19947=CARTESIAN_POINT('',(171.928206407975,-84.4556277027369,6.1));
#19948=CARTESIAN_POINT('',(210.756400481209,-84.9556277027369,6.1));
#19949=CARTESIAN_POINT('Origin',(210.256400481209,-84.9556277027369,6.1));
#19950=CARTESIAN_POINT('',(210.756400481209,-97.9556277027369,6.1));
#19951=CARTESIAN_POINT('',(210.756400481209,-73.9278136122048,6.1));
#19952=CARTESIAN_POINT('',(210.256400481209,-98.4556277027369,6.1));
#19953=CARTESIAN_POINT('Origin',(210.256400481209,-97.9556277027369,6.1));
#19954=CARTESIAN_POINT('',(197.256400481209,-98.4556277027369,6.1));
#19955=CARTESIAN_POINT('',(178.428206407975,-98.4556277027369,6.1));
#19956=CARTESIAN_POINT('Origin',(197.256400481209,-97.9556277027369,6.1));
#19957=CARTESIAN_POINT('',(65.7876504812088,-78.9056277027369,6.1));
#19958=CARTESIAN_POINT('',(65.7876504812088,-65.9056277027369,6.1));
#19959=CARTESIAN_POINT('',(65.7876504812088,-70.9028136122048,6.1));
#19960=CARTESIAN_POINT('',(66.2876504812088,-65.4056277027369,6.1));
#19961=CARTESIAN_POINT('Origin',(66.2876504812088,-65.9056277027369,6.1));
#19962=CARTESIAN_POINT('',(79.2876504812088,-65.4056277027369,6.1));
#19963=CARTESIAN_POINT('',(106.443831407975,-65.4056277027369,6.1));
#19964=CARTESIAN_POINT('',(79.7876504812088,-65.9056277027369,6.1));
#19965=CARTESIAN_POINT('Origin',(79.2876504812088,-65.9056277027369,6.1));
#19966=CARTESIAN_POINT('',(79.7876504812088,-78.9056277027369,6.1));
#19967=CARTESIAN_POINT('',(79.7876504812088,-64.4028136122048,6.1));
#19968=CARTESIAN_POINT('',(79.2876504812088,-79.4056277027369,6.1));
#19969=CARTESIAN_POINT('Origin',(79.2876504812088,-78.9056277027369,6.1));
#19970=CARTESIAN_POINT('',(66.2876504812088,-79.4056277027369,6.1));
#19971=CARTESIAN_POINT('',(112.943831407975,-79.4056277027369,6.1));
#19972=CARTESIAN_POINT('Origin',(66.2876504812088,-78.9056277027369,6.1));
#19973=CARTESIAN_POINT('',(51.5001504812088,-40.8056277027369,6.1));
#19974=CARTESIAN_POINT('',(51.5001504812088,-27.8056277027369,6.1));
#19975=CARTESIAN_POINT('',(51.5001504812088,-51.8528136122048,6.1));
#19976=CARTESIAN_POINT('',(52.0001504812088,-27.3056277027369,6.1));
#19977=CARTESIAN_POINT('Origin',(52.0001504812088,-27.8056277027369,6.1));
#19978=CARTESIAN_POINT('',(65.0001504812088,-27.3056277027369,6.1));
#19979=CARTESIAN_POINT('',(99.3000814079752,-27.3056277027369,6.1));
#19980=CARTESIAN_POINT('',(65.5001504812088,-27.8056277027369,6.1));
#19981=CARTESIAN_POINT('Origin',(65.0001504812088,-27.8056277027369,6.1));
#19982=CARTESIAN_POINT('',(65.5001504812088,-40.8056277027369,6.1));
#19983=CARTESIAN_POINT('',(65.5001504812088,-45.3528136122048,6.1));
#19984=CARTESIAN_POINT('',(65.0001504812088,-41.3056277027369,6.1));
#19985=CARTESIAN_POINT('Origin',(65.0001504812088,-40.8056277027369,6.1));
#19986=CARTESIAN_POINT('',(52.0001504812088,-41.3056277027369,6.1));
#19987=CARTESIAN_POINT('',(105.800081407975,-41.3056277027369,6.1));
#19988=CARTESIAN_POINT('Origin',(52.0001504812088,-40.8056277027369,6.1));
#19989=CARTESIAN_POINT('',(84.8376504812088,-78.9056277027369,6.1));
#19990=CARTESIAN_POINT('',(84.8376504812088,-65.9056277027369,6.1));
#19991=CARTESIAN_POINT('',(84.8376504812088,-70.9028136122048,6.1));
#19992=CARTESIAN_POINT('',(85.3376504812088,-65.4056277027369,6.1));
#19993=CARTESIAN_POINT('Origin',(85.3376504812088,-65.9056277027369,6.1));
#19994=CARTESIAN_POINT('',(98.3376504812088,-65.4056277027369,6.1));
#19995=CARTESIAN_POINT('',(115.968831407975,-65.4056277027369,6.1));
#19996=CARTESIAN_POINT('',(98.8376504812088,-65.9056277027369,6.1));
#19997=CARTESIAN_POINT('Origin',(98.3376504812088,-65.9056277027369,6.1));
#19998=CARTESIAN_POINT('',(98.8376504812088,-78.9056277027369,6.1));
#19999=CARTESIAN_POINT('',(98.8376504812088,-64.4028136122048,6.1));
#20000=CARTESIAN_POINT('',(98.3376504812088,-79.4056277027369,6.1));
#20001=CARTESIAN_POINT('Origin',(98.3376504812088,-78.9056277027369,6.1));
#20002=CARTESIAN_POINT('',(85.3376504812088,-79.4056277027369,6.1));
#20003=CARTESIAN_POINT('',(122.468831407975,-79.4056277027369,6.1));
#20004=CARTESIAN_POINT('Origin',(85.3376504812088,-78.9056277027369,6.1));
#20005=CARTESIAN_POINT('',(108.650150481209,-40.8056277027369,6.1));
#20006=CARTESIAN_POINT('',(108.650150481209,-27.8056277027369,6.1));
#20007=CARTESIAN_POINT('',(108.650150481209,-51.8528136122048,6.1));
#20008=CARTESIAN_POINT('',(109.150150481209,-27.3056277027369,6.1));
#20009=CARTESIAN_POINT('Origin',(109.150150481209,-27.8056277027369,6.1));
#20010=CARTESIAN_POINT('',(122.150150481209,-27.3056277027369,6.1));
#20011=CARTESIAN_POINT('',(127.875081407975,-27.3056277027369,6.1));
#20012=CARTESIAN_POINT('',(122.650150481209,-27.8056277027369,6.1));
#20013=CARTESIAN_POINT('Origin',(122.150150481209,-27.8056277027369,6.1));
#20014=CARTESIAN_POINT('',(122.650150481209,-40.8056277027369,6.1));
#20015=CARTESIAN_POINT('',(122.650150481209,-45.3528136122048,6.1));
#20016=CARTESIAN_POINT('',(122.150150481209,-41.3056277027369,6.1));
#20017=CARTESIAN_POINT('Origin',(122.150150481209,-40.8056277027369,6.1));
#20018=CARTESIAN_POINT('',(109.150150481209,-41.3056277027369,6.1));
#20019=CARTESIAN_POINT('',(134.375081407975,-41.3056277027369,6.1));
#20020=CARTESIAN_POINT('Origin',(109.150150481209,-40.8056277027369,6.1));
#20021=CARTESIAN_POINT('',(132.462650481209,-59.8556277027369,6.1));
#20022=CARTESIAN_POINT('',(132.462650481209,-46.8556277027369,6.1));
#20023=CARTESIAN_POINT('',(132.462650481209,-61.3778136122048,6.1));
#20024=CARTESIAN_POINT('',(132.962650481209,-46.3556277027369,6.1));
#20025=CARTESIAN_POINT('Origin',(132.962650481209,-46.8556277027369,6.1));
#20026=CARTESIAN_POINT('',(145.962650481209,-46.3556277027369,6.1));
#20027=CARTESIAN_POINT('',(139.781331407975,-46.3556277027369,6.1));
#20028=CARTESIAN_POINT('',(146.462650481209,-46.8556277027369,6.1));
#20029=CARTESIAN_POINT('Origin',(145.962650481209,-46.8556277027369,6.1));
#20030=CARTESIAN_POINT('',(146.462650481209,-59.8556277027369,6.1));
#20031=CARTESIAN_POINT('',(146.462650481209,-54.8778136122048,6.1));
#20032=CARTESIAN_POINT('',(145.962650481209,-60.3556277027369,6.1));
#20033=CARTESIAN_POINT('Origin',(145.962650481209,-59.8556277027369,6.1));
#20034=CARTESIAN_POINT('',(132.962650481209,-60.3556277027369,6.1));
#20035=CARTESIAN_POINT('',(146.281331407975,-60.3556277027369,6.1));
#20036=CARTESIAN_POINT('Origin',(132.962650481209,-59.8556277027369,6.1));
#20037=CARTESIAN_POINT('',(161.037650481209,-78.9056277027369,6.1));
#20038=CARTESIAN_POINT('',(161.037650481209,-65.9056277027369,6.1));
#20039=CARTESIAN_POINT('',(161.037650481209,-70.9028136122048,6.1));
#20040=CARTESIAN_POINT('',(161.537650481209,-65.4056277027369,6.1));
#20041=CARTESIAN_POINT('Origin',(161.537650481209,-65.9056277027369,6.1));
#20042=CARTESIAN_POINT('',(174.537650481209,-65.4056277027369,6.1));
#20043=CARTESIAN_POINT('',(154.068831407975,-65.4056277027369,6.1));
#20044=CARTESIAN_POINT('',(175.037650481209,-65.9056277027369,6.1));
#20045=CARTESIAN_POINT('Origin',(174.537650481209,-65.9056277027369,6.1));
#20046=CARTESIAN_POINT('',(175.037650481209,-78.9056277027369,6.1));
#20047=CARTESIAN_POINT('',(175.037650481209,-64.4028136122048,6.1));
#20048=CARTESIAN_POINT('',(174.537650481209,-79.4056277027369,6.1));
#20049=CARTESIAN_POINT('Origin',(174.537650481209,-78.9056277027369,6.1));
#20050=CARTESIAN_POINT('',(161.537650481209,-79.4056277027369,6.1));
#20051=CARTESIAN_POINT('',(160.568831407975,-79.4056277027369,6.1));
#20052=CARTESIAN_POINT('Origin',(161.537650481209,-78.9056277027369,6.1));
#20053=CARTESIAN_POINT('',(184.850150481209,-40.8056277027369,6.1));
#20054=CARTESIAN_POINT('',(184.850150481209,-27.8056277027369,6.1));
#20055=CARTESIAN_POINT('',(184.850150481209,-51.8528136122048,6.1));
#20056=CARTESIAN_POINT('',(185.350150481209,-27.3056277027369,6.1));
#20057=CARTESIAN_POINT('Origin',(185.350150481209,-27.8056277027369,6.1));
#20058=CARTESIAN_POINT('',(198.350150481209,-27.3056277027369,6.1));
#20059=CARTESIAN_POINT('',(165.975081407975,-27.3056277027369,6.1));
#20060=CARTESIAN_POINT('',(198.850150481209,-27.8056277027369,6.1));
#20061=CARTESIAN_POINT('Origin',(198.350150481209,-27.8056277027369,6.1));
#20062=CARTESIAN_POINT('',(198.850150481209,-40.8056277027369,6.1));
#20063=CARTESIAN_POINT('',(198.850150481209,-45.3528136122048,6.1));
#20064=CARTESIAN_POINT('',(198.350150481209,-41.3056277027369,6.1));
#20065=CARTESIAN_POINT('Origin',(198.350150481209,-40.8056277027369,6.1));
#20066=CARTESIAN_POINT('',(185.350150481209,-41.3056277027369,6.1));
#20067=CARTESIAN_POINT('',(172.475081407975,-41.3056277027369,6.1));
#20068=CARTESIAN_POINT('Origin',(185.350150481209,-40.8056277027369,6.1));
#20069=CARTESIAN_POINT('',(239.618900481209,-78.9056277027369,6.1));
#20070=CARTESIAN_POINT('',(239.618900481209,-65.9056277027369,6.1));
#20071=CARTESIAN_POINT('',(239.618900481209,-70.9028136122048,6.1));
#20072=CARTESIAN_POINT('',(240.118900481209,-65.4056277027369,6.1));
#20073=CARTESIAN_POINT('Origin',(240.118900481209,-65.9056277027369,6.1));
#20074=CARTESIAN_POINT('',(253.118900481209,-65.4056277027369,6.1));
#20075=CARTESIAN_POINT('',(193.359456407975,-65.4056277027369,6.1));
#20076=CARTESIAN_POINT('',(253.618900481209,-65.9056277027369,6.1));
#20077=CARTESIAN_POINT('Origin',(253.118900481209,-65.9056277027369,6.1));
#20078=CARTESIAN_POINT('',(253.618900481209,-78.9056277027369,6.1));
#20079=CARTESIAN_POINT('',(253.618900481209,-64.4028136122048,6.1));
#20080=CARTESIAN_POINT('',(253.118900481209,-79.4056277027369,6.1));
#20081=CARTESIAN_POINT('Origin',(253.118900481209,-78.9056277027369,6.1));
#20082=CARTESIAN_POINT('',(240.118900481209,-79.4056277027369,6.1));
#20083=CARTESIAN_POINT('',(199.859456407975,-79.4056277027369,6.1));
#20084=CARTESIAN_POINT('Origin',(240.118900481209,-78.9056277027369,6.1));
#20085=CARTESIAN_POINT('',(227.712650481209,-59.8556277027369,6.1));
#20086=CARTESIAN_POINT('',(227.712650481209,-46.8556277027369,6.1));
#20087=CARTESIAN_POINT('',(227.712650481209,-61.3778136122048,6.1));
#20088=CARTESIAN_POINT('',(228.212650481209,-46.3556277027369,6.1));
#20089=CARTESIAN_POINT('Origin',(228.212650481209,-46.8556277027369,6.1));
#20090=CARTESIAN_POINT('',(241.212650481209,-46.3556277027369,6.1));
#20091=CARTESIAN_POINT('',(187.406331407975,-46.3556277027369,6.1));
#20092=CARTESIAN_POINT('',(241.712650481209,-46.8556277027369,6.1));
#20093=CARTESIAN_POINT('Origin',(241.212650481209,-46.8556277027369,6.1));
#20094=CARTESIAN_POINT('',(241.712650481209,-59.8556277027369,6.1));
#20095=CARTESIAN_POINT('',(241.712650481209,-54.8778136122048,6.1));
#20096=CARTESIAN_POINT('',(241.212650481209,-60.3556277027369,6.1));
#20097=CARTESIAN_POINT('Origin',(241.212650481209,-59.8556277027369,6.1));
#20098=CARTESIAN_POINT('',(228.212650481209,-60.3556277027369,6.1));
#20099=CARTESIAN_POINT('',(193.906331407975,-60.3556277027369,6.1));
#20100=CARTESIAN_POINT('Origin',(228.212650481209,-59.8556277027369,6.1));
#20101=CARTESIAN_POINT('',(159.916000481209,-92.4636277027369,6.1));
#20102=CARTESIAN_POINT('Origin',(159.416000481209,-92.4636277027369,6.1));
#20103=CARTESIAN_POINT('',(159.552400481209,-89.1696277027369,6.1));
#20104=CARTESIAN_POINT('Origin',(159.552400481209,-89.6696277027369,6.1));
#20105=CARTESIAN_POINT('',(159.916000481209,-89.1696277027369,6.1));
#20106=CARTESIAN_POINT('',(159.552400481209,-89.1696277027369,6.1));
#20107=CARTESIAN_POINT('',(159.916000481209,-86.2660277027369,6.1));
#20108=CARTESIAN_POINT('',(159.916000481209,-89.1696277027369,6.1));
#20109=CARTESIAN_POINT('',(160.416000481209,-85.7660277027369,6.1));
#20110=CARTESIAN_POINT('Origin',(160.416000481209,-86.2660277027369,6.1));
#20111=CARTESIAN_POINT('',(166.070800481209,-85.7660277027369,6.1));
#20112=CARTESIAN_POINT('',(160.416000481209,-85.7660277027369,6.1));
#20113=CARTESIAN_POINT('',(166.570800481209,-86.2660277027369,6.1));
#20114=CARTESIAN_POINT('Origin',(166.070800481209,-86.2660277027369,6.1));
#20115=CARTESIAN_POINT('',(166.570800481209,-86.2660277027369,6.1));
#20116=CARTESIAN_POINT('',(168.181400481209,-84.9556277027369,6.1));
#20117=CARTESIAN_POINT('',(168.181400481209,-80.4278136122048,6.1));
#20118=CARTESIAN_POINT('',(168.681400481209,-84.4556277027369,6.1));
#20119=CARTESIAN_POINT('Origin',(168.681400481209,-84.9556277027369,6.1));
#20120=CARTESIAN_POINT('',(181.681400481209,-84.4556277027369,6.1));
#20121=CARTESIAN_POINT('',(157.640706407975,-84.4556277027369,6.1));
#20122=CARTESIAN_POINT('Origin',(181.681400481209,-84.9556277027369,6.1));
#20123=CARTESIAN_POINT('',(183.792000481209,-86.2660277027369,6.1));
#20124=CARTESIAN_POINT('',(183.792000481209,-86.2660277027369,6.1));
#20125=CARTESIAN_POINT('',(184.292000481209,-85.7660277027369,6.1));
#20126=CARTESIAN_POINT('Origin',(184.292000481209,-86.2660277027369,6.1));
#20127=CARTESIAN_POINT('',(189.946800481209,-85.7660277027369,6.1));
#20128=CARTESIAN_POINT('',(189.946800481209,-85.7660277027369,6.1));
#20129=CARTESIAN_POINT('',(190.446800481209,-86.2660277027369,6.1));
#20130=CARTESIAN_POINT('Origin',(189.946800481209,-86.2660277027369,6.1));
#20131=CARTESIAN_POINT('',(190.446800481209,-89.1696277027369,6.1));
#20132=CARTESIAN_POINT('',(190.446800481209,-89.1696277027369,6.1));
#20133=CARTESIAN_POINT('',(190.810400481209,-89.1696277027369,6.1));
#20134=CARTESIAN_POINT('',(190.810400481209,-89.1696277027369,6.1));
#20135=CARTESIAN_POINT('Origin',(190.810400481209,-89.6696277027369,6.1));
#20136=CARTESIAN_POINT('',(190.446800481209,-92.4636277027369,6.1));
#20137=CARTESIAN_POINT('Origin',(190.946800481209,-92.4636277027369,6.1));
#20138=CARTESIAN_POINT('',(190.446800481209,-97.5596277027369,6.1));
#20139=CARTESIAN_POINT('',(190.446800481209,-97.5596277027369,6.1));
#20140=CARTESIAN_POINT('',(189.946800481209,-98.0596277027369,6.1));
#20141=CARTESIAN_POINT('Origin',(189.946800481209,-97.5596277027369,6.1));
#20142=CARTESIAN_POINT('',(189.143400481209,-98.0596277027369,6.1));
#20143=CARTESIAN_POINT('',(189.143400481209,-98.0596277027369,6.1));
#20144=CARTESIAN_POINT('',(188.643400481209,-98.5596277027369,6.1));
#20145=CARTESIAN_POINT('Origin',(189.143400481209,-98.5596277027369,6.1));
#20146=CARTESIAN_POINT('',(188.643400481209,-98.7280277027369,6.1));
#20147=CARTESIAN_POINT('',(188.643400481209,-98.7280277027369,6.1));
#20148=CARTESIAN_POINT('',(188.143400481209,-99.2280277027369,6.1));
#20149=CARTESIAN_POINT('Origin',(188.143400481209,-98.7280277027369,6.1));
#20150=CARTESIAN_POINT('',(186.095400481209,-99.2280277027369,6.1));
#20151=CARTESIAN_POINT('',(186.095400481209,-99.2280277027369,6.1));
#20152=CARTESIAN_POINT('',(185.595400481209,-98.7280277027369,6.1));
#20153=CARTESIAN_POINT('Origin',(186.095400481209,-98.7280277027369,6.1));
#20154=CARTESIAN_POINT('',(185.595400481209,-98.5596277027369,6.1));
#20155=CARTESIAN_POINT('',(185.595400481209,-98.5596277027369,6.1));
#20156=CARTESIAN_POINT('',(185.095400481209,-98.0596277027369,6.1));
#20157=CARTESIAN_POINT('Origin',(185.095400481209,-98.5596277027369,6.1));
#20158=CARTESIAN_POINT('',(183.792000481209,-98.0596277027369,6.1));
#20159=CARTESIAN_POINT('',(183.792000481209,-98.0596277027369,6.1));
#20160=CARTESIAN_POINT('',(183.792000481209,-97.7722277027369,6.1));
#20161=CARTESIAN_POINT('',(182.181400481209,-97.9556277027369,6.1));
#20162=CARTESIAN_POINT('',(182.181400481209,-73.9278136122048,6.1));
#20163=CARTESIAN_POINT('',(181.681400481209,-98.4556277027369,6.1));
#20164=CARTESIAN_POINT('Origin',(181.681400481209,-97.9556277027369,6.1));
#20165=CARTESIAN_POINT('',(168.681400481209,-98.4556277027369,6.1));
#20166=CARTESIAN_POINT('',(164.140706407975,-98.4556277027369,6.1));
#20167=CARTESIAN_POINT('Origin',(168.681400481209,-97.9556277027369,6.1));
#20168=CARTESIAN_POINT('',(166.570800481209,-98.0596277027369,6.1));
#20169=CARTESIAN_POINT('',(166.570800481209,-97.7722277027369,6.1));
#20170=CARTESIAN_POINT('',(165.267400481209,-98.0596277027369,6.1));
#20171=CARTESIAN_POINT('',(166.570800481209,-98.0596277027369,6.1));
#20172=CARTESIAN_POINT('',(164.767400481209,-98.5596277027369,6.1));
#20173=CARTESIAN_POINT('Origin',(165.267400481209,-98.5596277027369,6.1));
#20174=CARTESIAN_POINT('',(164.767400481209,-98.7280277027369,6.1));
#20175=CARTESIAN_POINT('',(164.767400481209,-98.5596277027369,6.1));
#20176=CARTESIAN_POINT('',(164.267400481209,-99.2280277027369,6.1));
#20177=CARTESIAN_POINT('Origin',(164.267400481209,-98.7280277027369,6.1));
#20178=CARTESIAN_POINT('',(162.219400481209,-99.2280277027369,6.1));
#20179=CARTESIAN_POINT('',(164.267400481209,-99.2280277027369,6.1));
#20180=CARTESIAN_POINT('',(161.719400481209,-98.7280277027369,6.1));
#20181=CARTESIAN_POINT('Origin',(162.219400481209,-98.7280277027369,6.1));
#20182=CARTESIAN_POINT('',(161.719400481209,-98.5596277027369,6.1));
#20183=CARTESIAN_POINT('',(161.719400481209,-98.7280277027369,6.1));
#20184=CARTESIAN_POINT('',(161.219400481209,-98.0596277027369,6.1));
#20185=CARTESIAN_POINT('Origin',(161.219400481209,-98.5596277027369,6.1));
#20186=CARTESIAN_POINT('',(160.416000481209,-98.0596277027369,6.1));
#20187=CARTESIAN_POINT('',(161.219400481209,-98.0596277027369,6.1));
#20188=CARTESIAN_POINT('',(159.916000481209,-97.5596277027369,6.1));
#20189=CARTESIAN_POINT('Origin',(160.416000481209,-97.5596277027369,6.1));
#20190=CARTESIAN_POINT('',(159.916000481209,-97.5596277027369,6.1));
#20191=CARTESIAN_POINT('',(133.296800481209,-92.4636277027369,6.1));
#20192=CARTESIAN_POINT('Origin',(133.796800481209,-92.4636277027369,6.1));
#20193=CARTESIAN_POINT('',(133.296800481209,-97.5596277027369,6.1));
#20194=CARTESIAN_POINT('',(133.296800481209,-97.5596277027369,6.1));
#20195=CARTESIAN_POINT('',(132.796800481209,-98.0596277027369,6.1));
#20196=CARTESIAN_POINT('Origin',(132.796800481209,-97.5596277027369,6.1));
#20197=CARTESIAN_POINT('',(131.993400481209,-98.0596277027369,6.1));
#20198=CARTESIAN_POINT('',(131.993400481209,-98.0596277027369,6.1));
#20199=CARTESIAN_POINT('',(131.493400481209,-98.5596277027369,6.1));
#20200=CARTESIAN_POINT('Origin',(131.993400481209,-98.5596277027369,6.1));
#20201=CARTESIAN_POINT('',(131.493400481209,-98.7280277027369,6.1));
#20202=CARTESIAN_POINT('',(131.493400481209,-98.7280277027369,6.1));
#20203=CARTESIAN_POINT('',(130.993400481209,-99.2280277027369,6.1));
#20204=CARTESIAN_POINT('Origin',(130.993400481209,-98.7280277027369,6.1));
#20205=CARTESIAN_POINT('',(128.945400481209,-99.2280277027369,6.1));
#20206=CARTESIAN_POINT('',(128.945400481209,-99.2280277027369,6.1));
#20207=CARTESIAN_POINT('',(128.445400481209,-98.7280277027369,6.1));
#20208=CARTESIAN_POINT('Origin',(128.945400481209,-98.7280277027369,6.1));
#20209=CARTESIAN_POINT('',(128.445400481209,-98.5596277027369,6.1));
#20210=CARTESIAN_POINT('',(128.445400481209,-98.5596277027369,6.1));
#20211=CARTESIAN_POINT('',(127.945400481209,-98.0596277027369,6.1));
#20212=CARTESIAN_POINT('Origin',(127.945400481209,-98.5596277027369,6.1));
#20213=CARTESIAN_POINT('',(126.642000481209,-98.0596277027369,6.1));
#20214=CARTESIAN_POINT('',(126.642000481209,-98.0596277027369,6.1));
#20215=CARTESIAN_POINT('',(126.642000481209,-97.7722277027369,6.1));
#20216=CARTESIAN_POINT('',(125.031400481209,-97.9556277027369,6.1));
#20217=CARTESIAN_POINT('',(125.031400481209,-73.9278136122048,6.1));
#20218=CARTESIAN_POINT('',(124.531400481209,-98.4556277027369,6.1));
#20219=CARTESIAN_POINT('Origin',(124.531400481209,-97.9556277027369,6.1));
#20220=CARTESIAN_POINT('',(111.531400481209,-98.4556277027369,6.1));
#20221=CARTESIAN_POINT('',(135.565706407975,-98.4556277027369,6.1));
#20222=CARTESIAN_POINT('Origin',(111.531400481209,-97.9556277027369,6.1));
#20223=CARTESIAN_POINT('',(109.420800481209,-98.0596277027369,6.1));
#20224=CARTESIAN_POINT('',(109.420800481209,-97.7722277027369,6.1));
#20225=CARTESIAN_POINT('',(108.117400481209,-98.0596277027369,6.1));
#20226=CARTESIAN_POINT('',(109.420800481209,-98.0596277027369,6.1));
#20227=CARTESIAN_POINT('',(107.617400481209,-98.5596277027369,6.1));
#20228=CARTESIAN_POINT('Origin',(108.117400481209,-98.5596277027369,6.1));
#20229=CARTESIAN_POINT('',(107.617400481209,-98.7280277027369,6.1));
#20230=CARTESIAN_POINT('',(107.617400481209,-98.5596277027369,6.1));
#20231=CARTESIAN_POINT('',(107.117400481209,-99.2280277027369,6.1));
#20232=CARTESIAN_POINT('Origin',(107.117400481209,-98.7280277027369,6.1));
#20233=CARTESIAN_POINT('',(105.069400481209,-99.2280277027369,6.1));
#20234=CARTESIAN_POINT('',(107.117400481209,-99.2280277027369,6.1));
#20235=CARTESIAN_POINT('',(104.569400481209,-98.7280277027369,6.1));
#20236=CARTESIAN_POINT('Origin',(105.069400481209,-98.7280277027369,6.1));
#20237=CARTESIAN_POINT('',(104.569400481209,-98.5596277027369,6.1));
#20238=CARTESIAN_POINT('',(104.569400481209,-98.7280277027369,6.1));
#20239=CARTESIAN_POINT('',(104.069400481209,-98.0596277027369,6.1));
#20240=CARTESIAN_POINT('Origin',(104.069400481209,-98.5596277027369,6.1));
#20241=CARTESIAN_POINT('',(103.266000481209,-98.0596277027369,6.1));
#20242=CARTESIAN_POINT('',(104.069400481209,-98.0596277027369,6.1));
#20243=CARTESIAN_POINT('',(102.766000481209,-97.5596277027369,6.1));
#20244=CARTESIAN_POINT('Origin',(103.266000481209,-97.5596277027369,6.1));
#20245=CARTESIAN_POINT('',(102.766000481209,-92.4636277027369,6.1));
#20246=CARTESIAN_POINT('',(102.766000481209,-97.5596277027369,6.1));
#20247=CARTESIAN_POINT('Origin',(102.266000481209,-92.4636277027369,6.1));
#20248=CARTESIAN_POINT('',(102.402400481209,-89.1696277027369,6.1));
#20249=CARTESIAN_POINT('Origin',(102.402400481209,-89.6696277027369,6.1));
#20250=CARTESIAN_POINT('',(102.766000481209,-89.1696277027369,6.1));
#20251=CARTESIAN_POINT('',(102.402400481209,-89.1696277027369,6.1));
#20252=CARTESIAN_POINT('',(102.766000481209,-86.2660277027369,6.1));
#20253=CARTESIAN_POINT('',(102.766000481209,-89.1696277027369,6.1));
#20254=CARTESIAN_POINT('',(103.266000481209,-85.7660277027369,6.1));
#20255=CARTESIAN_POINT('Origin',(103.266000481209,-86.2660277027369,6.1));
#20256=CARTESIAN_POINT('',(108.920800481209,-85.7660277027369,6.1));
#20257=CARTESIAN_POINT('',(103.266000481209,-85.7660277027369,6.1));
#20258=CARTESIAN_POINT('',(109.420800481209,-86.2660277027369,6.1));
#20259=CARTESIAN_POINT('Origin',(108.920800481209,-86.2660277027369,6.1));
#20260=CARTESIAN_POINT('',(109.420800481209,-86.2660277027369,6.1));
#20261=CARTESIAN_POINT('',(111.031400481209,-84.9556277027369,6.1));
#20262=CARTESIAN_POINT('',(111.031400481209,-80.4278136122048,6.1));
#20263=CARTESIAN_POINT('',(111.531400481209,-84.4556277027369,6.1));
#20264=CARTESIAN_POINT('Origin',(111.531400481209,-84.9556277027369,6.1));
#20265=CARTESIAN_POINT('',(124.531400481209,-84.4556277027369,6.1));
#20266=CARTESIAN_POINT('',(129.065706407975,-84.4556277027369,6.1));
#20267=CARTESIAN_POINT('Origin',(124.531400481209,-84.9556277027369,6.1));
#20268=CARTESIAN_POINT('',(126.642000481209,-86.2660277027369,6.1));
#20269=CARTESIAN_POINT('',(126.642000481209,-86.2660277027369,6.1));
#20270=CARTESIAN_POINT('',(127.142000481209,-85.7660277027369,6.1));
#20271=CARTESIAN_POINT('Origin',(127.142000481209,-86.2660277027369,6.1));
#20272=CARTESIAN_POINT('',(132.796800481209,-85.7660277027369,6.1));
#20273=CARTESIAN_POINT('',(132.796800481209,-85.7660277027369,6.1));
#20274=CARTESIAN_POINT('',(133.296800481209,-86.2660277027369,6.1));
#20275=CARTESIAN_POINT('Origin',(132.796800481209,-86.2660277027369,6.1));
#20276=CARTESIAN_POINT('',(133.296800481209,-89.1696277027369,6.1));
#20277=CARTESIAN_POINT('',(133.296800481209,-89.1696277027369,6.1));
#20278=CARTESIAN_POINT('',(133.660400481209,-89.1696277027369,6.1));
#20279=CARTESIAN_POINT('',(133.660400481209,-89.1696277027369,6.1));
#20280=CARTESIAN_POINT('Origin',(133.660400481209,-89.6696277027369,6.1));
#20281=CARTESIAN_POINT('Origin',(159.552400481209,-89.6696277027369,6.1));
#20282=CARTESIAN_POINT('',(159.552400481209,-89.1696277027369,6.1));
#20283=CARTESIAN_POINT('Origin',(190.946800481209,-92.4636277027369,6.1));
#20284=CARTESIAN_POINT('',(190.446800481209,-92.4636277027369,6.1));
#20285=CARTESIAN_POINT('Origin',(102.402400481209,-89.6696277027369,6.1));
#20286=CARTESIAN_POINT('',(102.402400481209,-89.1696277027369,6.1));
#20287=CARTESIAN_POINT('Origin',(133.796800481209,-92.4636277027369,6.1));
#20288=CARTESIAN_POINT('',(133.296800481209,-92.4636277027369,6.1));
#20289=CARTESIAN_POINT('Origin',(190.446800481209,-97.5596277027369,6.1));
#20290=CARTESIAN_POINT('',(190.446800481209,-97.5596277027369,6.1));
#20291=CARTESIAN_POINT('Origin',(189.946800481209,-97.5596277027369,6.1));
#20292=CARTESIAN_POINT('',(189.946800481209,-98.0596277027369,6.1));
#20293=CARTESIAN_POINT('Origin',(189.143400481209,-98.0596277027369,6.1));
#20294=CARTESIAN_POINT('',(189.143400481209,-98.0596277027369,6.1));
#20295=CARTESIAN_POINT('Origin',(189.143400481209,-98.5596277027369,6.1));
#20296=CARTESIAN_POINT('',(188.643400481209,-98.5596277027369,6.1));
#20297=CARTESIAN_POINT('Origin',(188.643400481209,-98.7280277027369,6.1));
#20298=CARTESIAN_POINT('',(188.643400481209,-98.7280277027369,6.1));
#20299=CARTESIAN_POINT('Origin',(188.143400481209,-98.7280277027369,6.1));
#20300=CARTESIAN_POINT('',(188.143400481209,-99.2280277027369,6.1));
#20301=CARTESIAN_POINT('Origin',(186.095400481209,-99.2280277027369,6.1));
#20302=CARTESIAN_POINT('',(186.095400481209,-99.2280277027369,6.1));
#20303=CARTESIAN_POINT('Origin',(186.095400481209,-98.7280277027369,6.1));
#20304=CARTESIAN_POINT('',(185.595400481209,-98.7280277027369,6.1));
#20305=CARTESIAN_POINT('Origin',(185.595400481209,-98.5596277027369,6.1));
#20306=CARTESIAN_POINT('',(185.595400481209,-98.5596277027369,6.1));
#20307=CARTESIAN_POINT('Origin',(185.095400481209,-98.5596277027369,6.1));
#20308=CARTESIAN_POINT('',(185.095400481209,-98.0596277027369,6.1));
#20309=CARTESIAN_POINT('Origin',(183.792000481209,-98.0596277027369,6.1));
#20310=CARTESIAN_POINT('',(183.792000481209,-98.0596277027369,6.1));
#20311=CARTESIAN_POINT('Origin',(183.792000481209,-97.7722277027369,6.1));
#20312=CARTESIAN_POINT('Origin',(166.570800481209,-98.0596277027369,6.1));
#20313=CARTESIAN_POINT('',(166.570800481209,-98.0596277027369,6.1));
#20314=CARTESIAN_POINT('Origin',(165.267400481209,-98.0596277027369,6.1));
#20315=CARTESIAN_POINT('',(165.267400481209,-98.0596277027369,6.1));
#20316=CARTESIAN_POINT('Origin',(165.267400481209,-98.5596277027369,6.1));
#20317=CARTESIAN_POINT('',(164.767400481209,-98.5596277027369,6.1));
#20318=CARTESIAN_POINT('Origin',(164.767400481209,-98.7280277027369,6.1));
#20319=CARTESIAN_POINT('',(164.767400481209,-98.7280277027369,6.1));
#20320=CARTESIAN_POINT('Origin',(164.267400481209,-98.7280277027369,6.1));
#20321=CARTESIAN_POINT('',(164.267400481209,-99.2280277027369,6.1));
#20322=CARTESIAN_POINT('Origin',(162.219400481209,-99.2280277027369,6.1));
#20323=CARTESIAN_POINT('',(162.219400481209,-99.2280277027369,6.1));
#20324=CARTESIAN_POINT('Origin',(162.219400481209,-98.7280277027369,6.1));
#20325=CARTESIAN_POINT('',(161.719400481209,-98.7280277027369,6.1));
#20326=CARTESIAN_POINT('Origin',(161.719400481209,-98.5596277027369,6.1));
#20327=CARTESIAN_POINT('',(161.719400481209,-98.5596277027369,6.1));
#20328=CARTESIAN_POINT('Origin',(161.219400481209,-98.5596277027369,6.1));
#20329=CARTESIAN_POINT('',(161.219400481209,-98.0596277027369,6.1));
#20330=CARTESIAN_POINT('Origin',(160.416000481209,-98.0596277027369,6.1));
#20331=CARTESIAN_POINT('',(160.416000481209,-98.0596277027369,6.1));
#20332=CARTESIAN_POINT('Origin',(160.416000481209,-97.5596277027369,6.1));
#20333=CARTESIAN_POINT('',(159.916000481209,-97.5596277027369,6.1));
#20334=CARTESIAN_POINT('Origin',(159.916000481209,-92.4636277027369,6.1));
#20335=CARTESIAN_POINT('',(159.916000481209,-92.4636277027369,6.1));
#20336=CARTESIAN_POINT('Origin',(159.416000481209,-92.4636277027369,6.1));
#20337=CARTESIAN_POINT('Origin',(159.916000481209,-89.1696277027369,6.1));
#20338=CARTESIAN_POINT('',(159.916000481209,-89.1696277027369,6.1));
#20339=CARTESIAN_POINT('Origin',(159.916000481209,-86.2660277027369,6.1));
#20340=CARTESIAN_POINT('',(159.916000481209,-86.2660277027369,6.1));
#20341=CARTESIAN_POINT('Origin',(160.416000481209,-86.2660277027369,6.1));
#20342=CARTESIAN_POINT('',(160.416000481209,-85.7660277027369,6.1));
#20343=CARTESIAN_POINT('Origin',(166.070800481209,-85.7660277027369,6.1));
#20344=CARTESIAN_POINT('',(166.070800481209,-85.7660277027369,6.1));
#20345=CARTESIAN_POINT('Origin',(166.070800481209,-86.2660277027369,6.1));
#20346=CARTESIAN_POINT('',(166.570800481209,-86.2660277027369,6.1));
#20347=CARTESIAN_POINT('Origin',(166.570800481209,-86.5788277027369,6.1));
#20348=CARTESIAN_POINT('Origin',(183.792000481209,-86.2660277027369,6.1));
#20349=CARTESIAN_POINT('',(183.792000481209,-86.2660277027369,6.1));
#20350=CARTESIAN_POINT('Origin',(184.292000481209,-86.2660277027369,6.1));
#20351=CARTESIAN_POINT('',(184.292000481209,-85.7660277027369,6.1));
#20352=CARTESIAN_POINT('Origin',(189.946800481209,-85.7660277027369,6.1));
#20353=CARTESIAN_POINT('',(189.946800481209,-85.7660277027369,6.1));
#20354=CARTESIAN_POINT('Origin',(189.946800481209,-86.2660277027369,6.1));
#20355=CARTESIAN_POINT('',(190.446800481209,-86.2660277027369,6.1));
#20356=CARTESIAN_POINT('Origin',(190.446800481209,-89.1696277027369,6.1));
#20357=CARTESIAN_POINT('',(190.446800481209,-89.1696277027369,6.1));
#20358=CARTESIAN_POINT('Origin',(190.810400481209,-89.1696277027369,6.1));
#20359=CARTESIAN_POINT('',(190.810400481209,-89.1696277027369,6.1));
#20360=CARTESIAN_POINT('Origin',(190.810400481209,-89.6696277027369,6.1));
#20361=CARTESIAN_POINT('Origin',(109.420800481209,-98.0596277027369,6.1));
#20362=CARTESIAN_POINT('',(109.420800481209,-98.0596277027369,6.1));
#20363=CARTESIAN_POINT('Origin',(108.117400481209,-98.0596277027369,6.1));
#20364=CARTESIAN_POINT('',(108.117400481209,-98.0596277027369,6.1));
#20365=CARTESIAN_POINT('Origin',(108.117400481209,-98.5596277027369,6.1));
#20366=CARTESIAN_POINT('',(107.617400481209,-98.5596277027369,6.1));
#20367=CARTESIAN_POINT('Origin',(107.617400481209,-98.7280277027369,6.1));
#20368=CARTESIAN_POINT('',(107.617400481209,-98.7280277027369,6.1));
#20369=CARTESIAN_POINT('Origin',(107.117400481209,-98.7280277027369,6.1));
#20370=CARTESIAN_POINT('',(107.117400481209,-99.2280277027369,6.1));
#20371=CARTESIAN_POINT('Origin',(105.069400481209,-99.2280277027369,6.1));
#20372=CARTESIAN_POINT('',(105.069400481209,-99.2280277027369,6.1));
#20373=CARTESIAN_POINT('Origin',(105.069400481209,-98.7280277027369,6.1));
#20374=CARTESIAN_POINT('',(104.569400481209,-98.7280277027369,6.1));
#20375=CARTESIAN_POINT('Origin',(104.569400481209,-98.5596277027369,6.1));
#20376=CARTESIAN_POINT('',(104.569400481209,-98.5596277027369,6.1));
#20377=CARTESIAN_POINT('Origin',(104.069400481209,-98.5596277027369,6.1));
#20378=CARTESIAN_POINT('',(104.069400481209,-98.0596277027369,6.1));
#20379=CARTESIAN_POINT('Origin',(103.266000481209,-98.0596277027369,6.1));
#20380=CARTESIAN_POINT('',(103.266000481209,-98.0596277027369,6.1));
#20381=CARTESIAN_POINT('Origin',(103.266000481209,-97.5596277027369,6.1));
#20382=CARTESIAN_POINT('',(102.766000481209,-97.5596277027369,6.1));
#20383=CARTESIAN_POINT('Origin',(102.766000481209,-92.4636277027369,6.1));
#20384=CARTESIAN_POINT('',(102.766000481209,-92.4636277027369,6.1));
#20385=CARTESIAN_POINT('Origin',(102.266000481209,-92.4636277027369,6.1));
#20386=CARTESIAN_POINT('Origin',(102.766000481209,-89.1696277027369,6.1));
#20387=CARTESIAN_POINT('',(102.766000481209,-89.1696277027369,6.1));
#20388=CARTESIAN_POINT('Origin',(102.766000481209,-86.2660277027369,6.1));
#20389=CARTESIAN_POINT('',(102.766000481209,-86.2660277027369,6.1));
#20390=CARTESIAN_POINT('Origin',(103.266000481209,-86.2660277027369,6.1));
#20391=CARTESIAN_POINT('',(103.266000481209,-85.7660277027369,6.1));
#20392=CARTESIAN_POINT('Origin',(108.920800481209,-85.7660277027369,6.1));
#20393=CARTESIAN_POINT('',(108.920800481209,-85.7660277027369,6.1));
#20394=CARTESIAN_POINT('Origin',(108.920800481209,-86.2660277027369,6.1));
#20395=CARTESIAN_POINT('',(109.420800481209,-86.2660277027369,6.1));
#20396=CARTESIAN_POINT('Origin',(109.420800481209,-86.5788277027369,6.1));
#20397=CARTESIAN_POINT('Origin',(126.642000481209,-86.2660277027369,6.1));
#20398=CARTESIAN_POINT('',(126.642000481209,-86.2660277027369,6.1));
#20399=CARTESIAN_POINT('Origin',(127.142000481209,-86.2660277027369,6.1));
#20400=CARTESIAN_POINT('',(127.142000481209,-85.7660277027369,6.1));
#20401=CARTESIAN_POINT('Origin',(132.796800481209,-85.7660277027369,6.1));
#20402=CARTESIAN_POINT('',(132.796800481209,-85.7660277027369,6.1));
#20403=CARTESIAN_POINT('Origin',(132.796800481209,-86.2660277027369,6.1));
#20404=CARTESIAN_POINT('',(133.296800481209,-86.2660277027369,6.1));
#20405=CARTESIAN_POINT('Origin',(133.296800481209,-89.1696277027369,6.1));
#20406=CARTESIAN_POINT('',(133.296800481209,-89.1696277027369,6.1));
#20407=CARTESIAN_POINT('Origin',(133.660400481209,-89.1696277027369,6.1));
#20408=CARTESIAN_POINT('',(133.660400481209,-89.1696277027369,6.1));
#20409=CARTESIAN_POINT('Origin',(133.660400481209,-89.6696277027369,6.1));
#20410=CARTESIAN_POINT('Origin',(133.296800481209,-97.5596277027369,6.1));
#20411=CARTESIAN_POINT('',(133.296800481209,-97.5596277027369,6.1));
#20412=CARTESIAN_POINT('Origin',(132.796800481209,-97.5596277027369,6.1));
#20413=CARTESIAN_POINT('',(132.796800481209,-98.0596277027369,6.1));
#20414=CARTESIAN_POINT('Origin',(131.993400481209,-98.0596277027369,6.1));
#20415=CARTESIAN_POINT('',(131.993400481209,-98.0596277027369,6.1));
#20416=CARTESIAN_POINT('Origin',(131.993400481209,-98.5596277027369,6.1));
#20417=CARTESIAN_POINT('',(131.493400481209,-98.5596277027369,6.1));
#20418=CARTESIAN_POINT('Origin',(131.493400481209,-98.7280277027369,6.1));
#20419=CARTESIAN_POINT('',(131.493400481209,-98.7280277027369,6.1));
#20420=CARTESIAN_POINT('Origin',(130.993400481209,-98.7280277027369,6.1));
#20421=CARTESIAN_POINT('',(130.993400481209,-99.2280277027369,6.1));
#20422=CARTESIAN_POINT('Origin',(128.945400481209,-99.2280277027369,6.1));
#20423=CARTESIAN_POINT('',(128.945400481209,-99.2280277027369,6.1));
#20424=CARTESIAN_POINT('Origin',(128.945400481209,-98.7280277027369,6.1));
#20425=CARTESIAN_POINT('',(128.445400481209,-98.7280277027369,6.1));
#20426=CARTESIAN_POINT('Origin',(128.445400481209,-98.5596277027369,6.1));
#20427=CARTESIAN_POINT('',(128.445400481209,-98.5596277027369,6.1));
#20428=CARTESIAN_POINT('Origin',(127.945400481209,-98.5596277027369,6.1));
#20429=CARTESIAN_POINT('',(127.945400481209,-98.0596277027369,6.1));
#20430=CARTESIAN_POINT('Origin',(126.642000481209,-98.0596277027369,6.1));
#20431=CARTESIAN_POINT('',(126.642000481209,-98.0596277027369,6.1));
#20432=CARTESIAN_POINT('Origin',(126.642000481209,-97.7722277027369,6.1));
#20433=CARTESIAN_POINT('Origin',(168.181400481209,-97.9556277027369,6.1));
#20434=CARTESIAN_POINT('',(168.181400481209,-84.9556277027369,6.1));
#20435=CARTESIAN_POINT('Origin',(111.031400481209,-97.9556277027369,6.1));
#20436=CARTESIAN_POINT('',(111.031400481209,-84.9556277027369,6.1));
#20437=CARTESIAN_POINT('Origin',(227.712650481209,-59.8556277027369,6.1));
#20438=CARTESIAN_POINT('',(227.712650481209,-59.8556277027369,6.1));
#20439=CARTESIAN_POINT('',(227.712650481209,-46.8556277027369,6.1));
#20440=CARTESIAN_POINT('Origin',(228.212650481209,-59.8556277027369,6.1));
#20441=CARTESIAN_POINT('',(228.212650481209,-60.3556277027369,6.1));
#20442=CARTESIAN_POINT('Origin',(241.212650481209,-60.3556277027369,6.1));
#20443=CARTESIAN_POINT('',(241.212650481209,-60.3556277027369,6.1));
#20444=CARTESIAN_POINT('Origin',(241.212650481209,-59.8556277027369,6.1));
#20445=CARTESIAN_POINT('',(241.712650481209,-59.8556277027369,6.1));
#20446=CARTESIAN_POINT('Origin',(241.712650481209,-46.8556277027369,6.1));
#20447=CARTESIAN_POINT('',(241.712650481209,-46.8556277027369,6.1));
#20448=CARTESIAN_POINT('Origin',(241.212650481209,-46.8556277027369,6.1));
#20449=CARTESIAN_POINT('',(241.212650481209,-46.3556277027369,6.1));
#20450=CARTESIAN_POINT('Origin',(228.212650481209,-46.3556277027369,6.1));
#20451=CARTESIAN_POINT('',(228.212650481209,-46.3556277027369,6.1));
#20452=CARTESIAN_POINT('Origin',(228.212650481209,-46.8556277027369,6.1));
#20453=CARTESIAN_POINT('Origin',(239.618900481209,-78.9056277027369,6.1));
#20454=CARTESIAN_POINT('',(239.618900481209,-78.9056277027369,6.1));
#20455=CARTESIAN_POINT('',(239.618900481209,-65.9056277027369,6.1));
#20456=CARTESIAN_POINT('Origin',(240.118900481209,-78.9056277027369,6.1));
#20457=CARTESIAN_POINT('',(240.118900481209,-79.4056277027369,6.1));
#20458=CARTESIAN_POINT('Origin',(253.118900481209,-79.4056277027369,6.1));
#20459=CARTESIAN_POINT('',(253.118900481209,-79.4056277027369,6.1));
#20460=CARTESIAN_POINT('Origin',(253.118900481209,-78.9056277027369,6.1));
#20461=CARTESIAN_POINT('',(253.618900481209,-78.9056277027369,6.1));
#20462=CARTESIAN_POINT('Origin',(253.618900481209,-65.9056277027369,6.1));
#20463=CARTESIAN_POINT('',(253.618900481209,-65.9056277027369,6.1));
#20464=CARTESIAN_POINT('Origin',(253.118900481209,-65.9056277027369,6.1));
#20465=CARTESIAN_POINT('',(253.118900481209,-65.4056277027369,6.1));
#20466=CARTESIAN_POINT('Origin',(240.118900481209,-65.4056277027369,6.1));
#20467=CARTESIAN_POINT('',(240.118900481209,-65.4056277027369,6.1));
#20468=CARTESIAN_POINT('Origin',(240.118900481209,-65.9056277027369,6.1));
#20469=CARTESIAN_POINT('Origin',(184.850150481209,-40.8056277027369,6.1));
#20470=CARTESIAN_POINT('',(184.850150481209,-40.8056277027369,6.1));
#20471=CARTESIAN_POINT('',(184.850150481209,-27.8056277027369,6.1));
#20472=CARTESIAN_POINT('Origin',(185.350150481209,-40.8056277027369,6.1));
#20473=CARTESIAN_POINT('',(185.350150481209,-41.3056277027369,6.1));
#20474=CARTESIAN_POINT('Origin',(198.350150481209,-41.3056277027369,6.1));
#20475=CARTESIAN_POINT('',(198.350150481209,-41.3056277027369,6.1));
#20476=CARTESIAN_POINT('Origin',(198.350150481209,-40.8056277027369,6.1));
#20477=CARTESIAN_POINT('',(198.850150481209,-40.8056277027369,6.1));
#20478=CARTESIAN_POINT('Origin',(198.850150481209,-27.8056277027369,6.1));
#20479=CARTESIAN_POINT('',(198.850150481209,-27.8056277027369,6.1));
#20480=CARTESIAN_POINT('Origin',(198.350150481209,-27.8056277027369,6.1));
#20481=CARTESIAN_POINT('',(198.350150481209,-27.3056277027369,6.1));
#20482=CARTESIAN_POINT('Origin',(185.350150481209,-27.3056277027369,6.1));
#20483=CARTESIAN_POINT('',(185.350150481209,-27.3056277027369,6.1));
#20484=CARTESIAN_POINT('Origin',(185.350150481209,-27.8056277027369,6.1));
#20485=CARTESIAN_POINT('Origin',(161.037650481209,-78.9056277027369,6.1));
#20486=CARTESIAN_POINT('',(161.037650481209,-78.9056277027369,6.1));
#20487=CARTESIAN_POINT('',(161.037650481209,-65.9056277027369,6.1));
#20488=CARTESIAN_POINT('Origin',(161.537650481209,-78.9056277027369,6.1));
#20489=CARTESIAN_POINT('',(161.537650481209,-79.4056277027369,6.1));
#20490=CARTESIAN_POINT('Origin',(174.537650481209,-79.4056277027369,6.1));
#20491=CARTESIAN_POINT('',(174.537650481209,-79.4056277027369,6.1));
#20492=CARTESIAN_POINT('Origin',(174.537650481209,-78.9056277027369,6.1));
#20493=CARTESIAN_POINT('',(175.037650481209,-78.9056277027369,6.1));
#20494=CARTESIAN_POINT('Origin',(175.037650481209,-65.9056277027369,6.1));
#20495=CARTESIAN_POINT('',(175.037650481209,-65.9056277027369,6.1));
#20496=CARTESIAN_POINT('Origin',(174.537650481209,-65.9056277027369,6.1));
#20497=CARTESIAN_POINT('',(174.537650481209,-65.4056277027369,6.1));
#20498=CARTESIAN_POINT('Origin',(161.537650481209,-65.4056277027369,6.1));
#20499=CARTESIAN_POINT('',(161.537650481209,-65.4056277027369,6.1));
#20500=CARTESIAN_POINT('Origin',(161.537650481209,-65.9056277027369,6.1));
#20501=CARTESIAN_POINT('Origin',(132.462650481209,-59.8556277027369,6.1));
#20502=CARTESIAN_POINT('',(132.462650481209,-59.8556277027369,6.1));
#20503=CARTESIAN_POINT('',(132.462650481209,-46.8556277027369,6.1));
#20504=CARTESIAN_POINT('Origin',(132.962650481209,-59.8556277027369,6.1));
#20505=CARTESIAN_POINT('',(132.962650481209,-60.3556277027369,6.1));
#20506=CARTESIAN_POINT('Origin',(145.962650481209,-60.3556277027369,6.1));
#20507=CARTESIAN_POINT('',(145.962650481209,-60.3556277027369,6.1));
#20508=CARTESIAN_POINT('Origin',(145.962650481209,-59.8556277027369,6.1));
#20509=CARTESIAN_POINT('',(146.462650481209,-59.8556277027369,6.1));
#20510=CARTESIAN_POINT('Origin',(146.462650481209,-46.8556277027369,6.1));
#20511=CARTESIAN_POINT('',(146.462650481209,-46.8556277027369,6.1));
#20512=CARTESIAN_POINT('Origin',(145.962650481209,-46.8556277027369,6.1));
#20513=CARTESIAN_POINT('',(145.962650481209,-46.3556277027369,6.1));
#20514=CARTESIAN_POINT('Origin',(132.962650481209,-46.3556277027369,6.1));
#20515=CARTESIAN_POINT('',(132.962650481209,-46.3556277027369,6.1));
#20516=CARTESIAN_POINT('Origin',(132.962650481209,-46.8556277027369,6.1));
#20517=CARTESIAN_POINT('Origin',(108.650150481209,-40.8056277027369,6.1));
#20518=CARTESIAN_POINT('',(108.650150481209,-40.8056277027369,6.1));
#20519=CARTESIAN_POINT('',(108.650150481209,-27.8056277027369,6.1));
#20520=CARTESIAN_POINT('Origin',(109.150150481209,-40.8056277027369,6.1));
#20521=CARTESIAN_POINT('',(109.150150481209,-41.3056277027369,6.1));
#20522=CARTESIAN_POINT('Origin',(122.150150481209,-41.3056277027369,6.1));
#20523=CARTESIAN_POINT('',(122.150150481209,-41.3056277027369,6.1));
#20524=CARTESIAN_POINT('Origin',(122.150150481209,-40.8056277027369,6.1));
#20525=CARTESIAN_POINT('',(122.650150481209,-40.8056277027369,6.1));
#20526=CARTESIAN_POINT('Origin',(122.650150481209,-27.8056277027369,6.1));
#20527=CARTESIAN_POINT('',(122.650150481209,-27.8056277027369,6.1));
#20528=CARTESIAN_POINT('Origin',(122.150150481209,-27.8056277027369,6.1));
#20529=CARTESIAN_POINT('',(122.150150481209,-27.3056277027369,6.1));
#20530=CARTESIAN_POINT('Origin',(109.150150481209,-27.3056277027369,6.1));
#20531=CARTESIAN_POINT('',(109.150150481209,-27.3056277027369,6.1));
#20532=CARTESIAN_POINT('Origin',(109.150150481209,-27.8056277027369,6.1));
#20533=CARTESIAN_POINT('Origin',(84.8376504812088,-78.9056277027369,6.1));
#20534=CARTESIAN_POINT('',(84.8376504812088,-78.9056277027369,6.1));
#20535=CARTESIAN_POINT('',(84.8376504812088,-65.9056277027369,6.1));
#20536=CARTESIAN_POINT('Origin',(85.3376504812088,-78.9056277027369,6.1));
#20537=CARTESIAN_POINT('',(85.3376504812088,-79.4056277027369,6.1));
#20538=CARTESIAN_POINT('Origin',(98.3376504812088,-79.4056277027369,6.1));
#20539=CARTESIAN_POINT('',(98.3376504812088,-79.4056277027369,6.1));
#20540=CARTESIAN_POINT('Origin',(98.3376504812088,-78.9056277027369,6.1));
#20541=CARTESIAN_POINT('',(98.8376504812088,-78.9056277027369,6.1));
#20542=CARTESIAN_POINT('Origin',(98.8376504812088,-65.9056277027369,6.1));
#20543=CARTESIAN_POINT('',(98.8376504812088,-65.9056277027369,6.1));
#20544=CARTESIAN_POINT('Origin',(98.3376504812088,-65.9056277027369,6.1));
#20545=CARTESIAN_POINT('',(98.3376504812088,-65.4056277027369,6.1));
#20546=CARTESIAN_POINT('Origin',(85.3376504812088,-65.4056277027369,6.1));
#20547=CARTESIAN_POINT('',(85.3376504812088,-65.4056277027369,6.1));
#20548=CARTESIAN_POINT('Origin',(85.3376504812088,-65.9056277027369,6.1));
#20549=CARTESIAN_POINT('Origin',(51.5001504812088,-40.8056277027369,6.1));
#20550=CARTESIAN_POINT('',(51.5001504812088,-40.8056277027369,6.1));
#20551=CARTESIAN_POINT('',(51.5001504812088,-27.8056277027369,6.1));
#20552=CARTESIAN_POINT('Origin',(52.0001504812088,-40.8056277027369,6.1));
#20553=CARTESIAN_POINT('',(52.0001504812088,-41.3056277027369,6.1));
#20554=CARTESIAN_POINT('Origin',(65.0001504812088,-41.3056277027369,6.1));
#20555=CARTESIAN_POINT('',(65.0001504812088,-41.3056277027369,6.1));
#20556=CARTESIAN_POINT('Origin',(65.0001504812088,-40.8056277027369,6.1));
#20557=CARTESIAN_POINT('',(65.5001504812088,-40.8056277027369,6.1));
#20558=CARTESIAN_POINT('Origin',(65.5001504812088,-27.8056277027369,6.1));
#20559=CARTESIAN_POINT('',(65.5001504812088,-27.8056277027369,6.1));
#20560=CARTESIAN_POINT('Origin',(65.0001504812088,-27.8056277027369,6.1));
#20561=CARTESIAN_POINT('',(65.0001504812088,-27.3056277027369,6.1));
#20562=CARTESIAN_POINT('Origin',(52.0001504812088,-27.3056277027369,6.1));
#20563=CARTESIAN_POINT('',(52.0001504812088,-27.3056277027369,6.1));
#20564=CARTESIAN_POINT('Origin',(52.0001504812088,-27.8056277027369,6.1));
#20565=CARTESIAN_POINT('Origin',(65.7876504812088,-78.9056277027369,6.1));
#20566=CARTESIAN_POINT('',(65.7876504812088,-78.9056277027369,6.1));
#20567=CARTESIAN_POINT('',(65.7876504812088,-65.9056277027369,6.1));
#20568=CARTESIAN_POINT('Origin',(66.2876504812088,-78.9056277027369,6.1));
#20569=CARTESIAN_POINT('',(66.2876504812088,-79.4056277027369,6.1));
#20570=CARTESIAN_POINT('Origin',(79.2876504812088,-79.4056277027369,6.1));
#20571=CARTESIAN_POINT('',(79.2876504812088,-79.4056277027369,6.1));
#20572=CARTESIAN_POINT('Origin',(79.2876504812088,-78.9056277027369,6.1));
#20573=CARTESIAN_POINT('',(79.7876504812088,-78.9056277027369,6.1));
#20574=CARTESIAN_POINT('Origin',(79.7876504812088,-65.9056277027369,6.1));
#20575=CARTESIAN_POINT('',(79.7876504812088,-65.9056277027369,6.1));
#20576=CARTESIAN_POINT('Origin',(79.2876504812088,-65.9056277027369,6.1));
#20577=CARTESIAN_POINT('',(79.2876504812088,-65.4056277027369,6.1));
#20578=CARTESIAN_POINT('Origin',(66.2876504812088,-65.4056277027369,6.1));
#20579=CARTESIAN_POINT('',(66.2876504812088,-65.4056277027369,6.1));
#20580=CARTESIAN_POINT('Origin',(66.2876504812088,-65.9056277027369,6.1));
#20581=CARTESIAN_POINT('Origin',(196.756400481209,-97.9556277027369,6.1));
#20582=CARTESIAN_POINT('',(196.756400481209,-97.9556277027369,6.1));
#20583=CARTESIAN_POINT('',(196.756400481209,-84.9556277027369,6.1));
#20584=CARTESIAN_POINT('Origin',(197.256400481209,-97.9556277027369,6.1));
#20585=CARTESIAN_POINT('',(197.256400481209,-98.4556277027369,6.1));
#20586=CARTESIAN_POINT('Origin',(210.256400481209,-98.4556277027369,6.1));
#20587=CARTESIAN_POINT('',(210.256400481209,-98.4556277027369,6.1));
#20588=CARTESIAN_POINT('Origin',(210.256400481209,-97.9556277027369,6.1));
#20589=CARTESIAN_POINT('',(210.756400481209,-97.9556277027369,6.1));
#20590=CARTESIAN_POINT('Origin',(210.756400481209,-84.9556277027369,6.1));
#20591=CARTESIAN_POINT('',(210.756400481209,-84.9556277027369,6.1));
#20592=CARTESIAN_POINT('Origin',(210.256400481209,-84.9556277027369,6.1));
#20593=CARTESIAN_POINT('',(210.256400481209,-84.4556277027369,6.1));
#20594=CARTESIAN_POINT('Origin',(197.256400481209,-84.4556277027369,6.1));
#20595=CARTESIAN_POINT('',(197.256400481209,-84.4556277027369,6.1));
#20596=CARTESIAN_POINT('Origin',(197.256400481209,-84.9556277027369,6.1));
#20597=CARTESIAN_POINT('Origin',(139.606400481209,-97.9556277027369,6.1));
#20598=CARTESIAN_POINT('',(139.606400481209,-97.9556277027369,6.1));
#20599=CARTESIAN_POINT('',(139.606400481209,-84.9556277027369,6.1));
#20600=CARTESIAN_POINT('Origin',(140.106400481209,-97.9556277027369,6.1));
#20601=CARTESIAN_POINT('',(140.106400481209,-98.4556277027369,6.1));
#20602=CARTESIAN_POINT('Origin',(153.106400481209,-98.4556277027369,6.1));
#20603=CARTESIAN_POINT('',(153.106400481209,-98.4556277027369,6.1));
#20604=CARTESIAN_POINT('Origin',(153.106400481209,-97.9556277027369,6.1));
#20605=CARTESIAN_POINT('',(153.606400481209,-97.9556277027369,6.1));
#20606=CARTESIAN_POINT('Origin',(153.606400481209,-84.9556277027369,6.1));
#20607=CARTESIAN_POINT('',(153.606400481209,-84.9556277027369,6.1));
#20608=CARTESIAN_POINT('Origin',(153.106400481209,-84.9556277027369,6.1));
#20609=CARTESIAN_POINT('',(153.106400481209,-84.4556277027369,6.1));
#20610=CARTESIAN_POINT('Origin',(140.106400481209,-84.4556277027369,6.1));
#20611=CARTESIAN_POINT('',(140.106400481209,-84.4556277027369,6.1));
#20612=CARTESIAN_POINT('Origin',(140.106400481209,-84.9556277027369,6.1));
#20613=CARTESIAN_POINT('Origin',(218.187650481209,-97.9556277027369,6.1));
#20614=CARTESIAN_POINT('',(218.187650481209,-97.9556277027369,6.1));
#20615=CARTESIAN_POINT('',(218.187650481209,-84.9556277027369,6.1));
#20616=CARTESIAN_POINT('Origin',(218.687650481209,-97.9556277027369,6.1));
#20617=CARTESIAN_POINT('',(218.687650481209,-98.4556277027369,6.1));
#20618=CARTESIAN_POINT('Origin',(231.687650481209,-98.4556277027369,6.1));
#20619=CARTESIAN_POINT('',(231.687650481209,-98.4556277027369,6.1));
#20620=CARTESIAN_POINT('Origin',(231.687650481209,-97.9556277027369,6.1));
#20621=CARTESIAN_POINT('',(232.187650481209,-97.9556277027369,6.1));
#20622=CARTESIAN_POINT('Origin',(232.187650481209,-84.9556277027369,6.1));
#20623=CARTESIAN_POINT('',(232.187650481209,-84.9556277027369,6.1));
#20624=CARTESIAN_POINT('Origin',(231.687650481209,-84.9556277027369,6.1));
#20625=CARTESIAN_POINT('',(231.687650481209,-84.4556277027369,6.1));
#20626=CARTESIAN_POINT('Origin',(218.687650481209,-84.4556277027369,6.1));
#20627=CARTESIAN_POINT('',(218.687650481209,-84.4556277027369,6.1));
#20628=CARTESIAN_POINT('Origin',(218.687650481209,-84.9556277027369,6.1));
#20629=CARTESIAN_POINT('Origin',(41.9751504812088,-78.9056277027369,6.1));
#20630=CARTESIAN_POINT('',(41.9751504812088,-78.9056277027369,6.1));
#20631=CARTESIAN_POINT('',(41.9751504812088,-65.9056277027369,6.1));
#20632=CARTESIAN_POINT('Origin',(42.4751504812088,-78.9056277027369,6.1));
#20633=CARTESIAN_POINT('',(42.4751504812088,-79.4056277027369,6.1));
#20634=CARTESIAN_POINT('Origin',(55.4751504812088,-79.4056277027369,6.1));
#20635=CARTESIAN_POINT('',(55.4751504812088,-79.4056277027369,6.1));
#20636=CARTESIAN_POINT('Origin',(55.4751504812088,-78.9056277027369,6.1));
#20637=CARTESIAN_POINT('',(55.9751504812088,-78.9056277027369,6.1));
#20638=CARTESIAN_POINT('Origin',(55.9751504812088,-65.9056277027369,6.1));
#20639=CARTESIAN_POINT('',(55.9751504812088,-65.9056277027369,6.1));
#20640=CARTESIAN_POINT('Origin',(55.4751504812088,-65.9056277027369,6.1));
#20641=CARTESIAN_POINT('',(55.4751504812088,-65.4056277027369,6.1));
#20642=CARTESIAN_POINT('Origin',(42.4751504812088,-65.4056277027369,6.1));
#20643=CARTESIAN_POINT('',(42.4751504812088,-65.4056277027369,6.1));
#20644=CARTESIAN_POINT('Origin',(42.4751504812088,-65.9056277027369,6.1));
#20645=CARTESIAN_POINT('Origin',(56.2626504812088,-59.8556277027369,6.1));
#20646=CARTESIAN_POINT('',(56.2626504812088,-59.8556277027369,6.1));
#20647=CARTESIAN_POINT('',(56.2626504812088,-46.8556277027369,6.1));
#20648=CARTESIAN_POINT('Origin',(56.7626504812088,-59.8556277027369,6.1));
#20649=CARTESIAN_POINT('',(56.7626504812088,-60.3556277027369,6.1));
#20650=CARTESIAN_POINT('Origin',(69.7626504812088,-60.3556277027369,6.1));
#20651=CARTESIAN_POINT('',(69.7626504812088,-60.3556277027369,6.1));
#20652=CARTESIAN_POINT('Origin',(69.7626504812088,-59.8556277027369,6.1));
#20653=CARTESIAN_POINT('',(70.2626504812088,-59.8556277027369,6.1));
#20654=CARTESIAN_POINT('Origin',(70.2626504812088,-46.8556277027369,6.1));
#20655=CARTESIAN_POINT('',(70.2626504812088,-46.8556277027369,6.1));
#20656=CARTESIAN_POINT('Origin',(69.7626504812088,-46.8556277027369,6.1));
#20657=CARTESIAN_POINT('',(69.7626504812088,-46.3556277027369,6.1));
#20658=CARTESIAN_POINT('Origin',(56.7626504812088,-46.3556277027369,6.1));
#20659=CARTESIAN_POINT('',(56.7626504812088,-46.3556277027369,6.1));
#20660=CARTESIAN_POINT('Origin',(56.7626504812088,-46.8556277027369,6.1));
#20661=CARTESIAN_POINT('Origin',(103.887650481209,-78.9056277027369,6.1));
#20662=CARTESIAN_POINT('',(103.887650481209,-78.9056277027369,6.1));
#20663=CARTESIAN_POINT('',(103.887650481209,-65.9056277027369,6.1));
#20664=CARTESIAN_POINT('Origin',(104.387650481209,-78.9056277027369,6.1));
#20665=CARTESIAN_POINT('',(104.387650481209,-79.4056277027369,6.1));
#20666=CARTESIAN_POINT('Origin',(117.387650481209,-79.4056277027369,6.1));
#20667=CARTESIAN_POINT('',(117.387650481209,-79.4056277027369,6.1));
#20668=CARTESIAN_POINT('Origin',(117.387650481209,-78.9056277027369,6.1));
#20669=CARTESIAN_POINT('',(117.887650481209,-78.9056277027369,6.1));
#20670=CARTESIAN_POINT('Origin',(117.887650481209,-65.9056277027369,6.1));
#20671=CARTESIAN_POINT('',(117.887650481209,-65.9056277027369,6.1));
#20672=CARTESIAN_POINT('Origin',(117.387650481209,-65.9056277027369,6.1));
#20673=CARTESIAN_POINT('',(117.387650481209,-65.4056277027369,6.1));
#20674=CARTESIAN_POINT('Origin',(104.387650481209,-65.4056277027369,6.1));
#20675=CARTESIAN_POINT('',(104.387650481209,-65.4056277027369,6.1));
#20676=CARTESIAN_POINT('Origin',(104.387650481209,-65.9056277027369,6.1));
#20677=CARTESIAN_POINT('Origin',(113.412650481209,-59.8556277027369,6.1));
#20678=CARTESIAN_POINT('',(113.412650481209,-59.8556277027369,6.1));
#20679=CARTESIAN_POINT('',(113.412650481209,-46.8556277027369,6.1));
#20680=CARTESIAN_POINT('Origin',(113.912650481209,-59.8556277027369,6.1));
#20681=CARTESIAN_POINT('',(113.912650481209,-60.3556277027369,6.1));
#20682=CARTESIAN_POINT('Origin',(126.912650481209,-60.3556277027369,6.1));
#20683=CARTESIAN_POINT('',(126.912650481209,-60.3556277027369,6.1));
#20684=CARTESIAN_POINT('Origin',(126.912650481209,-59.8556277027369,6.1));
#20685=CARTESIAN_POINT('',(127.412650481209,-59.8556277027369,6.1));
#20686=CARTESIAN_POINT('Origin',(127.412650481209,-46.8556277027369,6.1));
#20687=CARTESIAN_POINT('',(127.412650481209,-46.8556277027369,6.1));
#20688=CARTESIAN_POINT('Origin',(126.912650481209,-46.8556277027369,6.1));
#20689=CARTESIAN_POINT('',(126.912650481209,-46.3556277027369,6.1));
#20690=CARTESIAN_POINT('Origin',(113.912650481209,-46.3556277027369,6.1));
#20691=CARTESIAN_POINT('',(113.912650481209,-46.3556277027369,6.1));
#20692=CARTESIAN_POINT('Origin',(113.912650481209,-46.8556277027369,6.1));
#20693=CARTESIAN_POINT('Origin',(127.700150481209,-40.8056277027369,6.1));
#20694=CARTESIAN_POINT('',(127.700150481209,-40.8056277027369,6.1));
#20695=CARTESIAN_POINT('',(127.700150481209,-27.8056277027369,6.1));
#20696=CARTESIAN_POINT('Origin',(128.200150481209,-40.8056277027369,6.1));
#20697=CARTESIAN_POINT('',(128.200150481209,-41.3056277027369,6.1));
#20698=CARTESIAN_POINT('Origin',(141.200150481209,-41.3056277027369,6.1));
#20699=CARTESIAN_POINT('',(141.200150481209,-41.3056277027369,6.1));
#20700=CARTESIAN_POINT('Origin',(141.200150481209,-40.8056277027369,6.1));
#20701=CARTESIAN_POINT('',(141.700150481209,-40.8056277027369,6.1));
#20702=CARTESIAN_POINT('Origin',(141.700150481209,-27.8056277027369,6.1));
#20703=CARTESIAN_POINT('',(141.700150481209,-27.8056277027369,6.1));
#20704=CARTESIAN_POINT('Origin',(141.200150481209,-27.8056277027369,6.1));
#20705=CARTESIAN_POINT('',(141.200150481209,-27.3056277027369,6.1));
#20706=CARTESIAN_POINT('Origin',(128.200150481209,-27.3056277027369,6.1));
#20707=CARTESIAN_POINT('',(128.200150481209,-27.3056277027369,6.1));
#20708=CARTESIAN_POINT('Origin',(128.200150481209,-27.8056277027369,6.1));
#20709=CARTESIAN_POINT('Origin',(180.087650481209,-78.9056277027369,6.1));
#20710=CARTESIAN_POINT('',(180.087650481209,-78.9056277027369,6.1));
#20711=CARTESIAN_POINT('',(180.087650481209,-65.9056277027369,6.1));
#20712=CARTESIAN_POINT('Origin',(180.587650481209,-78.9056277027369,6.1));
#20713=CARTESIAN_POINT('',(180.587650481209,-79.4056277027369,6.1));
#20714=CARTESIAN_POINT('Origin',(193.587650481209,-79.4056277027369,6.1));
#20715=CARTESIAN_POINT('',(193.587650481209,-79.4056277027369,6.1));
#20716=CARTESIAN_POINT('Origin',(193.587650481209,-78.9056277027369,6.1));
#20717=CARTESIAN_POINT('',(194.087650481209,-78.9056277027369,6.1));
#20718=CARTESIAN_POINT('Origin',(194.087650481209,-65.9056277027369,6.1));
#20719=CARTESIAN_POINT('',(194.087650481209,-65.9056277027369,6.1));
#20720=CARTESIAN_POINT('Origin',(193.587650481209,-65.9056277027369,6.1));
#20721=CARTESIAN_POINT('',(193.587650481209,-65.4056277027369,6.1));
#20722=CARTESIAN_POINT('Origin',(180.587650481209,-65.4056277027369,6.1));
#20723=CARTESIAN_POINT('',(180.587650481209,-65.4056277027369,6.1));
#20724=CARTESIAN_POINT('Origin',(180.587650481209,-65.9056277027369,6.1));
#20725=CARTESIAN_POINT('Origin',(189.612650481209,-59.8556277027369,6.1));
#20726=CARTESIAN_POINT('',(189.612650481209,-59.8556277027369,6.1));
#20727=CARTESIAN_POINT('',(189.612650481209,-46.8556277027369,6.1));
#20728=CARTESIAN_POINT('Origin',(190.112650481209,-59.8556277027369,6.1));
#20729=CARTESIAN_POINT('',(190.112650481209,-60.3556277027369,6.1));
#20730=CARTESIAN_POINT('Origin',(203.112650481209,-60.3556277027369,6.1));
#20731=CARTESIAN_POINT('',(203.112650481209,-60.3556277027369,6.1));
#20732=CARTESIAN_POINT('Origin',(203.112650481209,-59.8556277027369,6.1));
#20733=CARTESIAN_POINT('',(203.612650481209,-59.8556277027369,6.1));
#20734=CARTESIAN_POINT('Origin',(203.612650481209,-46.8556277027369,6.1));
#20735=CARTESIAN_POINT('',(203.612650481209,-46.8556277027369,6.1));
#20736=CARTESIAN_POINT('Origin',(203.112650481209,-46.8556277027369,6.1));
#20737=CARTESIAN_POINT('',(203.112650481209,-46.3556277027369,6.1));
#20738=CARTESIAN_POINT('Origin',(190.112650481209,-46.3556277027369,6.1));
#20739=CARTESIAN_POINT('',(190.112650481209,-46.3556277027369,6.1));
#20740=CARTESIAN_POINT('Origin',(190.112650481209,-46.8556277027369,6.1));
#20741=CARTESIAN_POINT('Origin',(246.762650481209,-59.8556277027369,6.1));
#20742=CARTESIAN_POINT('',(246.762650481209,-59.8556277027369,6.1));
#20743=CARTESIAN_POINT('',(246.762650481209,-46.8556277027369,6.1));
#20744=CARTESIAN_POINT('Origin',(247.262650481209,-59.8556277027369,6.1));
#20745=CARTESIAN_POINT('',(247.262650481209,-60.3556277027369,6.1));
#20746=CARTESIAN_POINT('Origin',(260.262650481209,-60.3556277027369,6.1));
#20747=CARTESIAN_POINT('',(260.262650481209,-60.3556277027369,6.1));
#20748=CARTESIAN_POINT('Origin',(260.262650481209,-59.8556277027369,6.1));
#20749=CARTESIAN_POINT('',(260.762650481209,-59.8556277027369,6.1));
#20750=CARTESIAN_POINT('Origin',(260.762650481209,-46.8556277027369,6.1));
#20751=CARTESIAN_POINT('',(260.762650481209,-46.8556277027369,6.1));
#20752=CARTESIAN_POINT('Origin',(260.262650481209,-46.8556277027369,6.1));
#20753=CARTESIAN_POINT('',(260.262650481209,-46.3556277027369,6.1));
#20754=CARTESIAN_POINT('Origin',(247.262650481209,-46.3556277027369,6.1));
#20755=CARTESIAN_POINT('',(247.262650481209,-46.3556277027369,6.1));
#20756=CARTESIAN_POINT('Origin',(247.262650481209,-46.8556277027369,6.1));
#20757=CARTESIAN_POINT('Origin',(208.662650481209,-59.8556277027369,6.1));
#20758=CARTESIAN_POINT('',(208.662650481209,-59.8556277027369,6.1));
#20759=CARTESIAN_POINT('',(208.662650481209,-46.8556277027369,6.1));
#20760=CARTESIAN_POINT('Origin',(209.162650481209,-59.8556277027369,6.1));
#20761=CARTESIAN_POINT('',(209.162650481209,-60.3556277027369,6.1));
#20762=CARTESIAN_POINT('Origin',(222.162650481209,-60.3556277027369,6.1));
#20763=CARTESIAN_POINT('',(222.162650481209,-60.3556277027369,6.1));
#20764=CARTESIAN_POINT('Origin',(222.162650481209,-59.8556277027369,6.1));
#20765=CARTESIAN_POINT('',(222.662650481209,-59.8556277027369,6.1));
#20766=CARTESIAN_POINT('Origin',(222.662650481209,-46.8556277027369,6.1));
#20767=CARTESIAN_POINT('',(222.662650481209,-46.8556277027369,6.1));
#20768=CARTESIAN_POINT('Origin',(222.162650481209,-46.8556277027369,6.1));
#20769=CARTESIAN_POINT('',(222.162650481209,-46.3556277027369,6.1));
#20770=CARTESIAN_POINT('Origin',(209.162650481209,-46.3556277027369,6.1));
#20771=CARTESIAN_POINT('',(209.162650481209,-46.3556277027369,6.1));
#20772=CARTESIAN_POINT('Origin',(209.162650481209,-46.8556277027369,6.1));
#20773=CARTESIAN_POINT('Origin',(222.950150481209,-40.8056277027369,6.1));
#20774=CARTESIAN_POINT('',(222.950150481209,-40.8056277027369,6.1));
#20775=CARTESIAN_POINT('',(222.950150481209,-27.8056277027369,6.1));
#20776=CARTESIAN_POINT('Origin',(223.450150481209,-40.8056277027369,6.1));
#20777=CARTESIAN_POINT('',(223.450150481209,-41.3056277027369,6.1));
#20778=CARTESIAN_POINT('Origin',(236.450150481209,-41.3056277027369,6.1));
#20779=CARTESIAN_POINT('',(236.450150481209,-41.3056277027369,6.1));
#20780=CARTESIAN_POINT('Origin',(236.450150481209,-40.8056277027369,6.1));
#20781=CARTESIAN_POINT('',(236.950150481209,-40.8056277027369,6.1));
#20782=CARTESIAN_POINT('Origin',(236.950150481209,-27.8056277027369,6.1));
#20783=CARTESIAN_POINT('',(236.950150481209,-27.8056277027369,6.1));
#20784=CARTESIAN_POINT('Origin',(236.450150481209,-27.8056277027369,6.1));
#20785=CARTESIAN_POINT('',(236.450150481209,-27.3056277027369,6.1));
#20786=CARTESIAN_POINT('Origin',(223.450150481209,-27.3056277027369,6.1));
#20787=CARTESIAN_POINT('',(223.450150481209,-27.3056277027369,6.1));
#20788=CARTESIAN_POINT('Origin',(223.450150481209,-27.8056277027369,6.1));
#20789=CARTESIAN_POINT('Origin',(218.187650481209,-78.9056277027369,6.1));
#20790=CARTESIAN_POINT('',(218.187650481209,-78.9056277027369,6.1));
#20791=CARTESIAN_POINT('',(218.187650481209,-65.9056277027369,6.1));
#20792=CARTESIAN_POINT('Origin',(218.687650481209,-78.9056277027369,6.1));
#20793=CARTESIAN_POINT('',(218.687650481209,-79.4056277027369,6.1));
#20794=CARTESIAN_POINT('Origin',(231.687650481209,-79.4056277027369,6.1));
#20795=CARTESIAN_POINT('',(231.687650481209,-79.4056277027369,6.1));
#20796=CARTESIAN_POINT('Origin',(231.687650481209,-78.9056277027369,6.1));
#20797=CARTESIAN_POINT('',(232.187650481209,-78.9056277027369,6.1));
#20798=CARTESIAN_POINT('Origin',(232.187650481209,-65.9056277027369,6.1));
#20799=CARTESIAN_POINT('',(232.187650481209,-65.9056277027369,6.1));
#20800=CARTESIAN_POINT('Origin',(231.687650481209,-65.9056277027369,6.1));
#20801=CARTESIAN_POINT('',(231.687650481209,-65.4056277027369,6.1));
#20802=CARTESIAN_POINT('Origin',(218.687650481209,-65.4056277027369,6.1));
#20803=CARTESIAN_POINT('',(218.687650481209,-65.4056277027369,6.1));
#20804=CARTESIAN_POINT('Origin',(218.687650481209,-65.9056277027369,6.1));
#20805=CARTESIAN_POINT('Origin',(165.800150481209,-40.8056277027369,6.1));
#20806=CARTESIAN_POINT('',(165.800150481209,-40.8056277027369,6.1));
#20807=CARTESIAN_POINT('',(165.800150481209,-27.8056277027369,6.1));
#20808=CARTESIAN_POINT('Origin',(166.300150481209,-40.8056277027369,6.1));
#20809=CARTESIAN_POINT('',(166.300150481209,-41.3056277027369,6.1));
#20810=CARTESIAN_POINT('Origin',(179.300150481209,-41.3056277027369,6.1));
#20811=CARTESIAN_POINT('',(179.300150481209,-41.3056277027369,6.1));
#20812=CARTESIAN_POINT('Origin',(179.300150481209,-40.8056277027369,6.1));
#20813=CARTESIAN_POINT('',(179.800150481209,-40.8056277027369,6.1));
#20814=CARTESIAN_POINT('Origin',(179.800150481209,-27.8056277027369,6.1));
#20815=CARTESIAN_POINT('',(179.800150481209,-27.8056277027369,6.1));
#20816=CARTESIAN_POINT('Origin',(179.300150481209,-27.8056277027369,6.1));
#20817=CARTESIAN_POINT('',(179.300150481209,-27.3056277027369,6.1));
#20818=CARTESIAN_POINT('Origin',(166.300150481209,-27.3056277027369,6.1));
#20819=CARTESIAN_POINT('',(166.300150481209,-27.3056277027369,6.1));
#20820=CARTESIAN_POINT('Origin',(166.300150481209,-27.8056277027369,6.1));
#20821=CARTESIAN_POINT('Origin',(151.512650481209,-59.8556277027369,6.1));
#20822=CARTESIAN_POINT('',(151.512650481209,-59.8556277027369,6.1));
#20823=CARTESIAN_POINT('',(151.512650481209,-46.8556277027369,6.1));
#20824=CARTESIAN_POINT('Origin',(152.012650481209,-59.8556277027369,6.1));
#20825=CARTESIAN_POINT('',(152.012650481209,-60.3556277027369,6.1));
#20826=CARTESIAN_POINT('Origin',(165.012650481209,-60.3556277027369,6.1));
#20827=CARTESIAN_POINT('',(165.012650481209,-60.3556277027369,6.1));
#20828=CARTESIAN_POINT('Origin',(165.012650481209,-59.8556277027369,6.1));
#20829=CARTESIAN_POINT('',(165.512650481209,-59.8556277027369,6.1));
#20830=CARTESIAN_POINT('Origin',(165.512650481209,-46.8556277027369,6.1));
#20831=CARTESIAN_POINT('',(165.512650481209,-46.8556277027369,6.1));
#20832=CARTESIAN_POINT('Origin',(165.012650481209,-46.8556277027369,6.1));
#20833=CARTESIAN_POINT('',(165.012650481209,-46.3556277027369,6.1));
#20834=CARTESIAN_POINT('Origin',(152.012650481209,-46.3556277027369,6.1));
#20835=CARTESIAN_POINT('',(152.012650481209,-46.3556277027369,6.1));
#20836=CARTESIAN_POINT('Origin',(152.012650481209,-46.8556277027369,6.1));
#20837=CARTESIAN_POINT('Origin',(141.987650481209,-78.9056277027369,6.1));
#20838=CARTESIAN_POINT('',(141.987650481209,-78.9056277027369,6.1));
#20839=CARTESIAN_POINT('',(141.987650481209,-65.9056277027369,6.1));
#20840=CARTESIAN_POINT('Origin',(142.487650481209,-78.9056277027369,6.1));
#20841=CARTESIAN_POINT('',(142.487650481209,-79.4056277027369,6.1));
#20842=CARTESIAN_POINT('Origin',(155.487650481209,-79.4056277027369,6.1));
#20843=CARTESIAN_POINT('',(155.487650481209,-79.4056277027369,6.1));
#20844=CARTESIAN_POINT('Origin',(155.487650481209,-78.9056277027369,6.1));
#20845=CARTESIAN_POINT('',(155.987650481209,-78.9056277027369,6.1));
#20846=CARTESIAN_POINT('Origin',(155.987650481209,-65.9056277027369,6.1));
#20847=CARTESIAN_POINT('',(155.987650481209,-65.9056277027369,6.1));
#20848=CARTESIAN_POINT('Origin',(155.487650481209,-65.9056277027369,6.1));
#20849=CARTESIAN_POINT('',(155.487650481209,-65.4056277027369,6.1));
#20850=CARTESIAN_POINT('Origin',(142.487650481209,-65.4056277027369,6.1));
#20851=CARTESIAN_POINT('',(142.487650481209,-65.4056277027369,6.1));
#20852=CARTESIAN_POINT('Origin',(142.487650481209,-65.9056277027369,6.1));
#20853=CARTESIAN_POINT('Origin',(89.6001504812088,-40.8056277027369,6.1));
#20854=CARTESIAN_POINT('',(89.6001504812088,-40.8056277027369,6.1));
#20855=CARTESIAN_POINT('',(89.6001504812088,-27.8056277027369,6.1));
#20856=CARTESIAN_POINT('Origin',(90.1001504812088,-40.8056277027369,6.1));
#20857=CARTESIAN_POINT('',(90.1001504812088,-41.3056277027369,6.1));
#20858=CARTESIAN_POINT('Origin',(103.100150481209,-41.3056277027369,6.1));
#20859=CARTESIAN_POINT('',(103.100150481209,-41.3056277027369,6.1));
#20860=CARTESIAN_POINT('Origin',(103.100150481209,-40.8056277027369,6.1));
#20861=CARTESIAN_POINT('',(103.600150481209,-40.8056277027369,6.1));
#20862=CARTESIAN_POINT('Origin',(103.600150481209,-27.8056277027369,6.1));
#20863=CARTESIAN_POINT('',(103.600150481209,-27.8056277027369,6.1));
#20864=CARTESIAN_POINT('Origin',(103.100150481209,-27.8056277027369,6.1));
#20865=CARTESIAN_POINT('',(103.100150481209,-27.3056277027369,6.1));
#20866=CARTESIAN_POINT('Origin',(90.1001504812088,-27.3056277027369,6.1));
#20867=CARTESIAN_POINT('',(90.1001504812088,-27.3056277027369,6.1));
#20868=CARTESIAN_POINT('Origin',(90.1001504812088,-27.8056277027369,6.1));
#20869=CARTESIAN_POINT('Origin',(75.3126504812088,-59.8556277027369,6.1));
#20870=CARTESIAN_POINT('',(75.3126504812088,-59.8556277027369,6.1));
#20871=CARTESIAN_POINT('',(75.3126504812088,-46.8556277027369,6.1));
#20872=CARTESIAN_POINT('Origin',(75.8126504812088,-59.8556277027369,6.1));
#20873=CARTESIAN_POINT('',(75.8126504812088,-60.3556277027369,6.1));
#20874=CARTESIAN_POINT('Origin',(88.8126504812088,-60.3556277027369,6.1));
#20875=CARTESIAN_POINT('',(88.8126504812088,-60.3556277027369,6.1));
#20876=CARTESIAN_POINT('Origin',(88.8126504812088,-59.8556277027369,6.1));
#20877=CARTESIAN_POINT('',(89.3126504812088,-59.8556277027369,6.1));
#20878=CARTESIAN_POINT('Origin',(89.3126504812088,-46.8556277027369,6.1));
#20879=CARTESIAN_POINT('',(89.3126504812088,-46.8556277027369,6.1));
#20880=CARTESIAN_POINT('Origin',(88.8126504812088,-46.8556277027369,6.1));
#20881=CARTESIAN_POINT('',(88.8126504812088,-46.3556277027369,6.1));
#20882=CARTESIAN_POINT('Origin',(75.8126504812088,-46.3556277027369,6.1));
#20883=CARTESIAN_POINT('',(75.8126504812088,-46.3556277027369,6.1));
#20884=CARTESIAN_POINT('Origin',(75.8126504812088,-46.8556277027369,6.1));
#20885=CARTESIAN_POINT('Origin',(32.4501504812088,-40.8056277027369,6.1));
#20886=CARTESIAN_POINT('',(32.4501504812088,-40.8056277027369,6.1));
#20887=CARTESIAN_POINT('',(32.4501504812088,-27.8056277027369,6.1));
#20888=CARTESIAN_POINT('Origin',(32.9501504812088,-40.8056277027369,6.1));
#20889=CARTESIAN_POINT('',(32.9501504812088,-41.3056277027369,6.1));
#20890=CARTESIAN_POINT('Origin',(45.9501504812088,-41.3056277027369,6.1));
#20891=CARTESIAN_POINT('',(45.9501504812088,-41.3056277027369,6.1));
#20892=CARTESIAN_POINT('Origin',(45.9501504812088,-40.8056277027369,6.1));
#20893=CARTESIAN_POINT('',(46.4501504812088,-40.8056277027369,6.1));
#20894=CARTESIAN_POINT('Origin',(46.4501504812088,-27.8056277027369,6.1));
#20895=CARTESIAN_POINT('',(46.4501504812088,-27.8056277027369,6.1));
#20896=CARTESIAN_POINT('Origin',(45.9501504812088,-27.8056277027369,6.1));
#20897=CARTESIAN_POINT('',(45.9501504812088,-27.3056277027369,6.1));
#20898=CARTESIAN_POINT('Origin',(32.9501504812088,-27.3056277027369,6.1));
#20899=CARTESIAN_POINT('',(32.9501504812088,-27.3056277027369,6.1));
#20900=CARTESIAN_POINT('Origin',(32.9501504812088,-27.8056277027369,6.1));
#20901=CARTESIAN_POINT('Origin',(61.0251504812088,-97.9556277027369,6.1));
#20902=CARTESIAN_POINT('',(61.0251504812088,-97.9556277027369,6.1));
#20903=CARTESIAN_POINT('',(61.0251504812088,-84.9556277027369,6.1));
#20904=CARTESIAN_POINT('Origin',(61.5251504812088,-97.9556277027369,6.1));
#20905=CARTESIAN_POINT('',(61.5251504812088,-98.4556277027369,6.1));
#20906=CARTESIAN_POINT('Origin',(74.5251504812088,-98.4556277027369,6.1));
#20907=CARTESIAN_POINT('',(74.5251504812088,-98.4556277027369,6.1));
#20908=CARTESIAN_POINT('Origin',(74.5251504812088,-97.9556277027369,6.1));
#20909=CARTESIAN_POINT('',(75.0251504812088,-97.9556277027369,6.1));
#20910=CARTESIAN_POINT('Origin',(75.0251504812088,-84.9556277027369,6.1));
#20911=CARTESIAN_POINT('',(75.0251504812088,-84.9556277027369,6.1));
#20912=CARTESIAN_POINT('Origin',(74.5251504812088,-84.9556277027369,6.1));
#20913=CARTESIAN_POINT('',(74.5251504812088,-84.4556277027369,6.1));
#20914=CARTESIAN_POINT('Origin',(61.5251504812088,-84.4556277027369,6.1));
#20915=CARTESIAN_POINT('',(61.5251504812088,-84.4556277027369,6.1));
#20916=CARTESIAN_POINT('Origin',(61.5251504812088,-84.9556277027369,6.1));
#20917=CARTESIAN_POINT('Origin',(111.531400481209,-97.9556277027369,6.1));
#20918=CARTESIAN_POINT('',(111.531400481209,-98.4556277027369,6.1));
#20919=CARTESIAN_POINT('Origin',(124.531400481209,-98.4556277027369,6.1));
#20920=CARTESIAN_POINT('',(124.531400481209,-98.4556277027369,6.1));
#20921=CARTESIAN_POINT('Origin',(124.531400481209,-97.9556277027369,6.1));
#20922=CARTESIAN_POINT('',(125.031400481209,-97.9556277027369,6.1));
#20923=CARTESIAN_POINT('Origin',(125.031400481209,-84.9556277027369,6.1));
#20924=CARTESIAN_POINT('Origin',(124.531400481209,-84.9556277027369,6.1));
#20925=CARTESIAN_POINT('',(124.531400481209,-84.4556277027369,6.1));
#20926=CARTESIAN_POINT('Origin',(111.531400481209,-84.4556277027369,6.1));
#20927=CARTESIAN_POINT('',(111.531400481209,-84.4556277027369,6.1));
#20928=CARTESIAN_POINT('Origin',(111.531400481209,-84.9556277027369,6.1));
#20929=CARTESIAN_POINT('Origin',(168.681400481209,-97.9556277027369,6.1));
#20930=CARTESIAN_POINT('',(168.681400481209,-98.4556277027369,6.1));
#20931=CARTESIAN_POINT('Origin',(181.681400481209,-98.4556277027369,6.1));
#20932=CARTESIAN_POINT('',(181.681400481209,-98.4556277027369,6.1));
#20933=CARTESIAN_POINT('Origin',(181.681400481209,-97.9556277027369,6.1));
#20934=CARTESIAN_POINT('',(182.181400481209,-97.9556277027369,6.1));
#20935=CARTESIAN_POINT('Origin',(182.181400481209,-84.9556277027369,6.1));
#20936=CARTESIAN_POINT('Origin',(181.681400481209,-84.9556277027369,6.1));
#20937=CARTESIAN_POINT('',(181.681400481209,-84.4556277027369,6.1));
#20938=CARTESIAN_POINT('Origin',(168.681400481209,-84.4556277027369,6.1));
#20939=CARTESIAN_POINT('',(168.681400481209,-84.4556277027369,6.1));
#20940=CARTESIAN_POINT('Origin',(168.681400481209,-84.9556277027369,6.1));
#20941=CARTESIAN_POINT('Origin',(82.4564004812088,-97.9556277027369,6.1));
#20942=CARTESIAN_POINT('',(82.4564004812088,-97.9556277027369,6.1));
#20943=CARTESIAN_POINT('',(82.4564004812088,-84.9556277027369,6.1));
#20944=CARTESIAN_POINT('Origin',(82.9564004812088,-97.9556277027369,6.1));
#20945=CARTESIAN_POINT('',(82.9564004812088,-98.4556277027369,6.1));
#20946=CARTESIAN_POINT('Origin',(95.9564004812088,-98.4556277027369,6.1));
#20947=CARTESIAN_POINT('',(95.9564004812088,-98.4556277027369,6.1));
#20948=CARTESIAN_POINT('Origin',(95.9564004812088,-97.9556277027369,6.1));
#20949=CARTESIAN_POINT('',(96.4564004812088,-97.9556277027369,6.1));
#20950=CARTESIAN_POINT('Origin',(96.4564004812088,-84.9556277027369,6.1));
#20951=CARTESIAN_POINT('',(96.4564004812088,-84.9556277027369,6.1));
#20952=CARTESIAN_POINT('Origin',(95.9564004812088,-84.9556277027369,6.1));
#20953=CARTESIAN_POINT('',(95.9564004812088,-84.4556277027369,6.1));
#20954=CARTESIAN_POINT('Origin',(82.9564004812088,-84.4556277027369,6.1));
#20955=CARTESIAN_POINT('',(82.9564004812088,-84.4556277027369,6.1));
#20956=CARTESIAN_POINT('Origin',(82.9564004812088,-84.9556277027369,6.1));
#20957=CARTESIAN_POINT('Origin',(34.8314004812088,-59.8556277027369,6.1));
#20958=CARTESIAN_POINT('',(34.8314004812088,-59.8556277027369,6.1));
#20959=CARTESIAN_POINT('',(34.8314004812088,-46.8556277027369,6.1));
#20960=CARTESIAN_POINT('Origin',(35.3314004812088,-59.8556277027369,6.1));
#20961=CARTESIAN_POINT('',(35.3314004812088,-60.3556277027369,6.1));
#20962=CARTESIAN_POINT('Origin',(48.3314004812088,-60.3556277027369,6.1));
#20963=CARTESIAN_POINT('',(48.3314004812088,-60.3556277027369,6.1));
#20964=CARTESIAN_POINT('Origin',(48.3314004812088,-59.8556277027369,6.1));
#20965=CARTESIAN_POINT('',(48.8314004812088,-59.8556277027369,6.1));
#20966=CARTESIAN_POINT('Origin',(48.8314004812088,-46.8556277027369,6.1));
#20967=CARTESIAN_POINT('',(48.8314004812088,-46.8556277027369,6.1));
#20968=CARTESIAN_POINT('Origin',(48.3314004812088,-46.8556277027369,6.1));
#20969=CARTESIAN_POINT('',(48.3314004812088,-46.3556277027369,6.1));
#20970=CARTESIAN_POINT('Origin',(35.3314004812088,-46.3556277027369,6.1));
#20971=CARTESIAN_POINT('',(35.3314004812088,-46.3556277027369,6.1));
#20972=CARTESIAN_POINT('Origin',(35.3314004812088,-46.8556277027369,6.1));
#20973=CARTESIAN_POINT('Origin',(70.5501504812088,-40.8056277027369,6.1));
#20974=CARTESIAN_POINT('',(70.5501504812088,-40.8056277027369,6.1));
#20975=CARTESIAN_POINT('',(70.5501504812088,-27.8056277027369,6.1));
#20976=CARTESIAN_POINT('Origin',(71.0501504812088,-40.8056277027369,6.1));
#20977=CARTESIAN_POINT('',(71.0501504812088,-41.3056277027369,6.1));
#20978=CARTESIAN_POINT('Origin',(84.0501504812088,-41.3056277027369,6.1));
#20979=CARTESIAN_POINT('',(84.0501504812088,-41.3056277027369,6.1));
#20980=CARTESIAN_POINT('Origin',(84.0501504812088,-40.8056277027369,6.1));
#20981=CARTESIAN_POINT('',(84.5501504812088,-40.8056277027369,6.1));
#20982=CARTESIAN_POINT('Origin',(84.5501504812088,-27.8056277027369,6.1));
#20983=CARTESIAN_POINT('',(84.5501504812088,-27.8056277027369,6.1));
#20984=CARTESIAN_POINT('Origin',(84.0501504812088,-27.8056277027369,6.1));
#20985=CARTESIAN_POINT('',(84.0501504812088,-27.3056277027369,6.1));
#20986=CARTESIAN_POINT('Origin',(71.0501504812088,-27.3056277027369,6.1));
#20987=CARTESIAN_POINT('',(71.0501504812088,-27.3056277027369,6.1));
#20988=CARTESIAN_POINT('Origin',(71.0501504812088,-27.8056277027369,6.1));
#20989=CARTESIAN_POINT('Origin',(94.3626504812088,-59.8556277027369,6.1));
#20990=CARTESIAN_POINT('',(94.3626504812088,-59.8556277027369,6.1));
#20991=CARTESIAN_POINT('',(94.3626504812088,-46.8556277027369,6.1));
#20992=CARTESIAN_POINT('Origin',(94.8626504812088,-59.8556277027369,6.1));
#20993=CARTESIAN_POINT('',(94.8626504812088,-60.3556277027369,6.1));
#20994=CARTESIAN_POINT('Origin',(107.862650481209,-60.3556277027369,6.1));
#20995=CARTESIAN_POINT('',(107.862650481209,-60.3556277027369,6.1));
#20996=CARTESIAN_POINT('Origin',(107.862650481209,-59.8556277027369,6.1));
#20997=CARTESIAN_POINT('',(108.362650481209,-59.8556277027369,6.1));
#20998=CARTESIAN_POINT('Origin',(108.362650481209,-46.8556277027369,6.1));
#20999=CARTESIAN_POINT('',(108.362650481209,-46.8556277027369,6.1));
#21000=CARTESIAN_POINT('Origin',(107.862650481209,-46.8556277027369,6.1));
#21001=CARTESIAN_POINT('',(107.862650481209,-46.3556277027369,6.1));
#21002=CARTESIAN_POINT('Origin',(94.8626504812088,-46.3556277027369,6.1));
#21003=CARTESIAN_POINT('',(94.8626504812088,-46.3556277027369,6.1));
#21004=CARTESIAN_POINT('Origin',(94.8626504812088,-46.8556277027369,6.1));
#21005=CARTESIAN_POINT('Origin',(122.937650481209,-78.9056277027369,6.1));
#21006=CARTESIAN_POINT('',(122.937650481209,-78.9056277027369,6.1));
#21007=CARTESIAN_POINT('',(122.937650481209,-65.9056277027369,6.1));
#21008=CARTESIAN_POINT('Origin',(123.437650481209,-78.9056277027369,6.1));
#21009=CARTESIAN_POINT('',(123.437650481209,-79.4056277027369,6.1));
#21010=CARTESIAN_POINT('Origin',(136.437650481209,-79.4056277027369,6.1));
#21011=CARTESIAN_POINT('',(136.437650481209,-79.4056277027369,6.1));
#21012=CARTESIAN_POINT('Origin',(136.437650481209,-78.9056277027369,6.1));
#21013=CARTESIAN_POINT('',(136.937650481209,-78.9056277027369,6.1));
#21014=CARTESIAN_POINT('Origin',(136.937650481209,-65.9056277027369,6.1));
#21015=CARTESIAN_POINT('',(136.937650481209,-65.9056277027369,6.1));
#21016=CARTESIAN_POINT('Origin',(136.437650481209,-65.9056277027369,6.1));
#21017=CARTESIAN_POINT('',(136.437650481209,-65.4056277027369,6.1));
#21018=CARTESIAN_POINT('Origin',(123.437650481209,-65.4056277027369,6.1));
#21019=CARTESIAN_POINT('',(123.437650481209,-65.4056277027369,6.1));
#21020=CARTESIAN_POINT('Origin',(123.437650481209,-65.9056277027369,6.1));
#21021=CARTESIAN_POINT('Origin',(146.750150481209,-40.8056277027369,6.1));
#21022=CARTESIAN_POINT('',(146.750150481209,-40.8056277027369,6.1));
#21023=CARTESIAN_POINT('',(146.750150481209,-27.8056277027369,6.1));
#21024=CARTESIAN_POINT('Origin',(147.250150481209,-40.8056277027369,6.1));
#21025=CARTESIAN_POINT('',(147.250150481209,-41.3056277027369,6.1));
#21026=CARTESIAN_POINT('Origin',(160.250150481209,-41.3056277027369,6.1));
#21027=CARTESIAN_POINT('',(160.250150481209,-41.3056277027369,6.1));
#21028=CARTESIAN_POINT('Origin',(160.250150481209,-40.8056277027369,6.1));
#21029=CARTESIAN_POINT('',(160.750150481209,-40.8056277027369,6.1));
#21030=CARTESIAN_POINT('Origin',(160.750150481209,-27.8056277027369,6.1));
#21031=CARTESIAN_POINT('',(160.750150481209,-27.8056277027369,6.1));
#21032=CARTESIAN_POINT('Origin',(160.250150481209,-27.8056277027369,6.1));
#21033=CARTESIAN_POINT('',(160.250150481209,-27.3056277027369,6.1));
#21034=CARTESIAN_POINT('Origin',(147.250150481209,-27.3056277027369,6.1));
#21035=CARTESIAN_POINT('',(147.250150481209,-27.3056277027369,6.1));
#21036=CARTESIAN_POINT('Origin',(147.250150481209,-27.8056277027369,6.1));
#21037=CARTESIAN_POINT('Origin',(170.562650481209,-59.8556277027369,6.1));
#21038=CARTESIAN_POINT('',(170.562650481209,-59.8556277027369,6.1));
#21039=CARTESIAN_POINT('',(170.562650481209,-46.8556277027369,6.1));
#21040=CARTESIAN_POINT('Origin',(171.062650481209,-59.8556277027369,6.1));
#21041=CARTESIAN_POINT('',(171.062650481209,-60.3556277027369,6.1));
#21042=CARTESIAN_POINT('Origin',(184.062650481209,-60.3556277027369,6.1));
#21043=CARTESIAN_POINT('',(184.062650481209,-60.3556277027369,6.1));
#21044=CARTESIAN_POINT('Origin',(184.062650481209,-59.8556277027369,6.1));
#21045=CARTESIAN_POINT('',(184.562650481209,-59.8556277027369,6.1));
#21046=CARTESIAN_POINT('Origin',(184.562650481209,-46.8556277027369,6.1));
#21047=CARTESIAN_POINT('',(184.562650481209,-46.8556277027369,6.1));
#21048=CARTESIAN_POINT('Origin',(184.062650481209,-46.8556277027369,6.1));
#21049=CARTESIAN_POINT('',(184.062650481209,-46.3556277027369,6.1));
#21050=CARTESIAN_POINT('Origin',(171.062650481209,-46.3556277027369,6.1));
#21051=CARTESIAN_POINT('',(171.062650481209,-46.3556277027369,6.1));
#21052=CARTESIAN_POINT('Origin',(171.062650481209,-46.8556277027369,6.1));
#21053=CARTESIAN_POINT('Origin',(199.137650481209,-78.9056277027369,6.1));
#21054=CARTESIAN_POINT('',(199.137650481209,-78.9056277027369,6.1));
#21055=CARTESIAN_POINT('',(199.137650481209,-65.9056277027369,6.1));
#21056=CARTESIAN_POINT('Origin',(199.637650481209,-78.9056277027369,6.1));
#21057=CARTESIAN_POINT('',(199.637650481209,-79.4056277027369,6.1));
#21058=CARTESIAN_POINT('Origin',(212.637650481209,-79.4056277027369,6.1));
#21059=CARTESIAN_POINT('',(212.637650481209,-79.4056277027369,6.1));
#21060=CARTESIAN_POINT('Origin',(212.637650481209,-78.9056277027369,6.1));
#21061=CARTESIAN_POINT('',(213.137650481209,-78.9056277027369,6.1));
#21062=CARTESIAN_POINT('Origin',(213.137650481209,-65.9056277027369,6.1));
#21063=CARTESIAN_POINT('',(213.137650481209,-65.9056277027369,6.1));
#21064=CARTESIAN_POINT('Origin',(212.637650481209,-65.9056277027369,6.1));
#21065=CARTESIAN_POINT('',(212.637650481209,-65.4056277027369,6.1));
#21066=CARTESIAN_POINT('Origin',(199.637650481209,-65.4056277027369,6.1));
#21067=CARTESIAN_POINT('',(199.637650481209,-65.4056277027369,6.1));
#21068=CARTESIAN_POINT('Origin',(199.637650481209,-65.9056277027369,6.1));
#21069=CARTESIAN_POINT('Origin',(244.381400481209,-40.8056277027369,6.1));
#21070=CARTESIAN_POINT('',(244.381400481209,-40.8056277027369,6.1));
#21071=CARTESIAN_POINT('',(244.381400481209,-27.8056277027369,6.1));
#21072=CARTESIAN_POINT('Origin',(244.881400481209,-40.8056277027369,6.1));
#21073=CARTESIAN_POINT('',(244.881400481209,-41.3056277027369,6.1));
#21074=CARTESIAN_POINT('Origin',(257.881400481209,-41.3056277027369,6.1));
#21075=CARTESIAN_POINT('',(257.881400481209,-41.3056277027369,6.1));
#21076=CARTESIAN_POINT('Origin',(257.881400481209,-40.8056277027369,6.1));
#21077=CARTESIAN_POINT('',(258.381400481209,-40.8056277027369,6.1));
#21078=CARTESIAN_POINT('Origin',(258.381400481209,-27.8056277027369,6.1));
#21079=CARTESIAN_POINT('',(258.381400481209,-27.8056277027369,6.1));
#21080=CARTESIAN_POINT('Origin',(257.881400481209,-27.8056277027369,6.1));
#21081=CARTESIAN_POINT('',(257.881400481209,-27.3056277027369,6.1));
#21082=CARTESIAN_POINT('Origin',(244.881400481209,-27.3056277027369,6.1));
#21083=CARTESIAN_POINT('',(244.881400481209,-27.3056277027369,6.1));
#21084=CARTESIAN_POINT('Origin',(244.881400481209,-27.8056277027369,6.1));
#21085=CARTESIAN_POINT('Origin',(203.900150481209,-40.8056277027369,6.1));
#21086=CARTESIAN_POINT('',(203.900150481209,-40.8056277027369,6.1));
#21087=CARTESIAN_POINT('',(203.900150481209,-27.8056277027369,6.1));
#21088=CARTESIAN_POINT('Origin',(204.400150481209,-40.8056277027369,6.1));
#21089=CARTESIAN_POINT('',(204.400150481209,-41.3056277027369,6.1));
#21090=CARTESIAN_POINT('Origin',(217.400150481209,-41.3056277027369,6.1));
#21091=CARTESIAN_POINT('',(217.400150481209,-41.3056277027369,6.1));
#21092=CARTESIAN_POINT('Origin',(217.400150481209,-40.8056277027369,6.1));
#21093=CARTESIAN_POINT('',(217.900150481209,-40.8056277027369,6.1));
#21094=CARTESIAN_POINT('Origin',(217.900150481209,-27.8056277027369,6.1));
#21095=CARTESIAN_POINT('',(217.900150481209,-27.8056277027369,6.1));
#21096=CARTESIAN_POINT('Origin',(217.400150481209,-27.8056277027369,6.1));
#21097=CARTESIAN_POINT('',(217.400150481209,-27.3056277027369,6.1));
#21098=CARTESIAN_POINT('Origin',(204.400150481209,-27.3056277027369,6.1));
#21099=CARTESIAN_POINT('',(204.400150481209,-27.3056277027369,6.1));
#21100=CARTESIAN_POINT('Origin',(204.400150481209,-27.8056277027369,6.1));
#21101=CARTESIAN_POINT('Origin',(270.599999472499,-103.399999521673,4.6));
#21102=CARTESIAN_POINT('Origin',(235.596013687268,-17.3999995216727,4.6));
#21103=CARTESIAN_POINT('',(235.596013687268,-16.3999995216727,4.6));
#21104=CARTESIAN_POINT('',(234.596013687268,-17.3999995216727,4.6));
#21105=CARTESIAN_POINT('Origin',(234.596013687268,-19.3999995216727,4.6));
#21106=CARTESIAN_POINT('',(234.596013687268,-19.3999995216727,4.6));
#21107=CARTESIAN_POINT('Origin',(235.596013687268,-19.3999995216727,4.6));
#21108=CARTESIAN_POINT('Origin',(235.63500333786,-106.399999521673,4.6));
#21109=CARTESIAN_POINT('',(234.63500333786,-106.399999521673,4.6));
#21110=CARTESIAN_POINT('Origin',(234.63500333786,-108.399999521673,4.6));
#21111=CARTESIAN_POINT('',(234.63500333786,-108.399999521673,4.6));
#21112=CARTESIAN_POINT('Origin',(235.63500333786,-108.399999521673,4.6));
#21113=CARTESIAN_POINT('',(235.63500333786,-109.399999521673,4.6));
#21114=CARTESIAN_POINT('Origin',(253.634374005307,-109.399999521673,4.6));
#21115=CARTESIAN_POINT('',(253.634374005307,-109.399999521673,4.6));
#21116=CARTESIAN_POINT('Origin',(253.634374005307,-110.399999521673,4.6));
#21117=CARTESIAN_POINT('',(254.634374005307,-110.399999521673,4.6));
#21118=CARTESIAN_POINT('Origin',(254.634374005307,-112.399999521673,4.6));
#21119=CARTESIAN_POINT('',(254.634374005307,-112.399999521673,4.6));
#21120=CARTESIAN_POINT('Origin',(253.634374005307,-112.399999521673,4.6));
#21121=CARTESIAN_POINT('',(253.634374005307,-113.399999521673,4.6));
#21122=CARTESIAN_POINT('Origin',(205.634374005307,-113.399999521673,4.6));
#21123=CARTESIAN_POINT('',(205.634374005307,-113.399999521673,4.6));
#21124=CARTESIAN_POINT('Origin',(205.634374005307,-112.399999521673,4.6));
#21125=CARTESIAN_POINT('',(204.634374005307,-112.399999521673,4.6));
#21126=CARTESIAN_POINT('Origin',(204.634374005307,-110.399999521673,4.6));
#21127=CARTESIAN_POINT('',(204.634374005307,-110.399999521673,4.6));
#21128=CARTESIAN_POINT('Origin',(205.634374005307,-110.399999521673,4.6));
#21129=CARTESIAN_POINT('',(205.634374005307,-109.399999521673,4.6));
#21130=CARTESIAN_POINT('Origin',(223.635003337842,-109.399999521673,4.6));
#21131=CARTESIAN_POINT('',(223.635003337842,-109.399999521673,4.6));
#21132=CARTESIAN_POINT('Origin',(223.635003337842,-108.399999521673,4.6));
#21133=CARTESIAN_POINT('',(224.635003337842,-108.399999521673,4.6));
#21134=CARTESIAN_POINT('Origin',(224.635003337843,-106.399999521672,4.6));
#21135=CARTESIAN_POINT('',(224.635003337843,-106.399999521672,4.6));
#21136=CARTESIAN_POINT('Origin',(223.635003337843,-106.399999521672,4.6));
#21137=CARTESIAN_POINT('Origin',(71.6662100611092,-106.399999521672,4.6));
#21138=CARTESIAN_POINT('',(70.6662100611094,-106.399999521672,4.6));
#21139=CARTESIAN_POINT('Origin',(70.6662100611092,-108.399999521673,4.6));
#21140=CARTESIAN_POINT('',(70.6662100611092,-108.399999521673,4.6));
#21141=CARTESIAN_POINT('Origin',(71.6662100611092,-108.399999521673,4.6));
#21142=CARTESIAN_POINT('',(71.6662100611092,-109.399999521673,4.6));
#21143=CARTESIAN_POINT('Origin',(89.6349490403738,-109.399999521673,4.6));
#21144=CARTESIAN_POINT('',(89.6349490403738,-109.399999521673,4.6));
#21145=CARTESIAN_POINT('Origin',(89.6349490403738,-110.399999521673,4.6));
#21146=CARTESIAN_POINT('',(90.6349490403738,-110.399999521673,4.6));
#21147=CARTESIAN_POINT('Origin',(90.6349490403738,-112.399999521673,4.6));
#21148=CARTESIAN_POINT('',(90.6349490403738,-112.399999521673,4.6));
#21149=CARTESIAN_POINT('Origin',(89.6349490403738,-112.399999521673,4.6));
#21150=CARTESIAN_POINT('',(89.6349490403738,-113.399999521673,4.6));
#21151=CARTESIAN_POINT('Origin',(41.6349490403738,-113.399999521673,4.6));
#21152=CARTESIAN_POINT('',(41.6349490403738,-113.399999521673,4.6));
#21153=CARTESIAN_POINT('Origin',(41.6349490403738,-112.399999521673,4.6));
#21154=CARTESIAN_POINT('',(40.6349490403738,-112.399999521673,4.6));
#21155=CARTESIAN_POINT('Origin',(40.6349490403738,-110.399999521673,4.6));
#21156=CARTESIAN_POINT('',(40.6349490403738,-110.399999521673,4.6));
#21157=CARTESIAN_POINT('Origin',(41.6349490403738,-110.399999521673,4.6));
#21158=CARTESIAN_POINT('',(41.6349490403738,-109.399999521673,4.6));
#21159=CARTESIAN_POINT('Origin',(59.6662100611092,-109.399999521673,4.6));
#21160=CARTESIAN_POINT('',(59.6662100611092,-109.399999521673,4.6));
#21161=CARTESIAN_POINT('Origin',(59.6662100611092,-108.399999521673,4.6));
#21162=CARTESIAN_POINT('',(60.6662100611092,-108.399999521673,4.6));
#21163=CARTESIAN_POINT('Origin',(60.6662100611092,-106.399999521673,4.6));
#21164=CARTESIAN_POINT('',(60.6662100611092,-106.399999521673,4.6));
#21165=CARTESIAN_POINT('Origin',(59.6662100611092,-106.399999521673,4.6));
#21166=CARTESIAN_POINT('Origin',(59.6662100611092,-19.3999995216727,4.6));
#21167=CARTESIAN_POINT('',(60.6662100611092,-19.3999995216727,4.6));
#21168=CARTESIAN_POINT('Origin',(60.6662100611092,-17.4008339004752,4.6));
#21169=CARTESIAN_POINT('',(60.6662100611092,-17.4008339004752,4.6));
#21170=CARTESIAN_POINT('Origin',(59.6662100611092,-17.4008339004752,4.6));
#21171=CARTESIAN_POINT('',(59.6662100611092,-16.4008339004752,4.6));
#21172=CARTESIAN_POINT('Origin',(41.6349490403738,-16.4008339004752,4.6));
#21173=CARTESIAN_POINT('',(41.6349490403738,-16.4008339004752,4.6));
#21174=CARTESIAN_POINT('Origin',(41.6349490403738,-15.4008339004752,4.6));
#21175=CARTESIAN_POINT('',(40.6349490403738,-15.4008339004752,4.6));
#21176=CARTESIAN_POINT('Origin',(40.6349490403738,-13.4008339004752,4.6));
#21177=CARTESIAN_POINT('',(40.6349490403738,-13.4008339004752,4.6));
#21178=CARTESIAN_POINT('Origin',(41.6349490403738,-13.4008339004752,4.6));
#21179=CARTESIAN_POINT('',(41.6349490403738,-12.4008339004752,4.6));
#21180=CARTESIAN_POINT('Origin',(89.6349490403738,-12.4008339004752,4.6));
#21181=CARTESIAN_POINT('',(89.6349490403738,-12.4008339004752,4.6));
#21182=CARTESIAN_POINT('Origin',(89.6349490403738,-13.4008339004752,4.6));
#21183=CARTESIAN_POINT('',(90.6349490403738,-13.4008339004752,4.6));
#21184=CARTESIAN_POINT('Origin',(90.6349490403738,-15.4008339004752,4.6));
#21185=CARTESIAN_POINT('',(90.6349490403738,-15.4008339004752,4.6));
#21186=CARTESIAN_POINT('Origin',(89.6349490403738,-15.4008339004752,4.6));
#21187=CARTESIAN_POINT('',(89.6349490403738,-16.4008339004752,4.6));
#21188=CARTESIAN_POINT('Origin',(71.6662100611092,-16.4008339004752,4.6));
#21189=CARTESIAN_POINT('',(71.6662100611092,-16.4008339004752,4.6));
#21190=CARTESIAN_POINT('Origin',(71.6662100611092,-17.4008339004752,4.6));
#21191=CARTESIAN_POINT('',(70.6662100611092,-17.4008339004752,4.6));
#21192=CARTESIAN_POINT('Origin',(70.6662100611092,-19.3999995216727,4.6));
#21193=CARTESIAN_POINT('',(70.6662100611092,-19.3999995216727,4.6));
#21194=CARTESIAN_POINT('Origin',(71.6662100611092,-19.3999995216727,4.6));
#21195=CARTESIAN_POINT('Origin',(223.596013687268,-19.3999995216727,4.6));
#21196=CARTESIAN_POINT('',(224.596013687268,-19.3999995216727,4.6));
#21197=CARTESIAN_POINT('Origin',(224.596013687268,-17.3999995216727,4.6));
#21198=CARTESIAN_POINT('',(224.596013687268,-17.3999995216727,4.6));
#21199=CARTESIAN_POINT('Origin',(223.596013687268,-17.3999995216727,4.6));
#21200=CARTESIAN_POINT('',(223.596013687268,-16.3999995216727,4.6));
#21201=CARTESIAN_POINT('Origin',(205.634374005307,-16.3999995216727,4.6));
#21202=CARTESIAN_POINT('',(205.634374005307,-16.3999995216727,4.6));
#21203=CARTESIAN_POINT('Origin',(205.634374005307,-15.3999995216727,4.6));
#21204=CARTESIAN_POINT('',(204.634374005307,-15.3999995216727,4.6));
#21205=CARTESIAN_POINT('Origin',(204.634374005307,-13.3999995216727,4.6));
#21206=CARTESIAN_POINT('',(204.634374005307,-13.3999995216727,4.6));
#21207=CARTESIAN_POINT('Origin',(205.634374005307,-13.3999995216728,4.6));
#21208=CARTESIAN_POINT('',(205.634374005307,-12.3999995216727,4.6));
#21209=CARTESIAN_POINT('Origin',(253.634374005307,-12.3999995216727,4.6));
#21210=CARTESIAN_POINT('',(253.634374005307,-12.3999995216727,4.6));
#21211=CARTESIAN_POINT('Origin',(253.634374005307,-13.3999995216728,4.6));
#21212=CARTESIAN_POINT('',(254.634374005307,-13.3999995216727,4.6));
#21213=CARTESIAN_POINT('Origin',(254.634374005307,-15.3999995216727,4.6));
#21214=CARTESIAN_POINT('',(254.634374005307,-15.3999995216727,4.6));
#21215=CARTESIAN_POINT('Origin',(253.634374005307,-15.3999995216727,4.6));
#21216=CARTESIAN_POINT('',(253.634374005307,-16.3999995216727,4.6));
#21217=CARTESIAN_POINT('Origin',(235.596013687268,-16.3999995216727,4.6));
#21218=UNCERTAINTY_MEASURE_WITH_UNIT(LENGTH_MEASURE(0.01),#21222,
'DISTANCE_ACCURACY_VALUE',
'Maximum model space distance between geometric entities at asserted c
onnectivities');
#21219=UNCERTAINTY_MEASURE_WITH_UNIT(LENGTH_MEASURE(0.01),#21222,
'DISTANCE_ACCURACY_VALUE',
'Maximum model space distance between geometric entities at asserted c
onnectivities');
#21220=(
GEOMETRIC_REPRESENTATION_CONTEXT(3)
GLOBAL_UNCERTAINTY_ASSIGNED_CONTEXT((#21218))
GLOBAL_UNIT_ASSIGNED_CONTEXT((#21222,#21224,#21225))
REPRESENTATION_CONTEXT('','3D')
);
#21221=(
GEOMETRIC_REPRESENTATION_CONTEXT(3)
GLOBAL_UNCERTAINTY_ASSIGNED_CONTEXT((#21219))
GLOBAL_UNIT_ASSIGNED_CONTEXT((#21222,#21224,#21225))
REPRESENTATION_CONTEXT('','3D')
);
#21222=(
LENGTH_UNIT()
NAMED_UNIT(*)
SI_UNIT(.MILLI.,.METRE.)
);
#21223=(
LENGTH_UNIT()
NAMED_UNIT(*)
SI_UNIT($,.METRE.)
);
#21224=(
NAMED_UNIT(*)
PLANE_ANGLE_UNIT()
SI_UNIT($,.RADIAN.)
);
#21225=(
NAMED_UNIT(*)
SI_UNIT($,.STERADIAN.)
SOLID_ANGLE_UNIT()
);
#21226=SHAPE_DEFINITION_REPRESENTATION(#21227,#21228);
#21227=PRODUCT_DEFINITION_SHAPE('',$,#21230);
#21228=SHAPE_REPRESENTATION('',(#12610),#21220);
#21229=PRODUCT_DEFINITION_CONTEXT('part definition',#21234,'design');
#21230=PRODUCT_DEFINITION('Pancake case',
'Plate 2u Clip (3dp renfort) v6',#21231,#21229);
#21231=PRODUCT_DEFINITION_FORMATION('',$,#21236);
#21232=PRODUCT_RELATED_PRODUCT_CATEGORY(
'Plate 2u Clip (3dp renfort) v6','Plate 2u Clip (3dp renfort) v6',(#21236));
#21233=APPLICATION_PROTOCOL_DEFINITION('international standard',
'automotive_design',2009,#21234);
#21234=APPLICATION_CONTEXT(
'Core Data for Automotive Mechanical Design Process');
#21235=PRODUCT_CONTEXT('part definition',#21234,'mechanical');
#21236=PRODUCT('Pancake case','Plate 2u Clip (3dp renfort) v6',$,(#21235));
#21237=PRESENTATION_STYLE_ASSIGNMENT((#21239));
#21238=PRESENTATION_STYLE_ASSIGNMENT((#21240));
#21239=SURFACE_STYLE_USAGE(.BOTH.,#21241);
#21240=SURFACE_STYLE_USAGE(.BOTH.,#21242);
#21241=SURFACE_SIDE_STYLE('',(#21243));
#21242=SURFACE_SIDE_STYLE('',(#21244));
#21243=SURFACE_STYLE_FILL_AREA(#21245);
#21244=SURFACE_STYLE_FILL_AREA(#21246);
#21245=FILL_AREA_STYLE('Acier - Satin\X\E9',(#21247));
#21246=FILL_AREA_STYLE('Plastique - Mat (gris)',(#21248));
#21247=FILL_AREA_STYLE_COLOUR('Acier - Satin\X\E9',#21249);
#21248=FILL_AREA_STYLE_COLOUR('Plastique - Mat (gris)',#21250);
#21249=COLOUR_RGB('Acier - Satin\X\E9',0.627450980392157,0.627450980392157,
0.627450980392157);
#21250=COLOUR_RGB('Plastique - Mat (gris)',0.701960784313725,0.701960784313725,
0.701960784313725);
ENDSEC;
END-ISO-10303-21;
