ISO-10303-21;
HEADER;
/* Generated by software containing ST-Developer
 * from STEP Tools, Inc. (www.steptools.com) 
 */

FILE_DESCRIPTION(
/* description */ (''),
/* implementation_level */ '2;1');

FILE_NAME(
/* name */ 'Top case (v0.5).step',
/* time_stamp */ '2026-01-02T14:33:18+01:00',
/* author */ (''),
/* organization */ (''),
/* preprocessor_version */ 'ST-DEVELOPER v20.1',
/* originating_system */ 'Autodesk Translation Framework v14.21.0.0',
/* authorisation */ '');

FILE_SCHEMA (('AUTOMOTIVE_DESIGN { 1 0 10303 214 3 1 1 }'));
ENDSEC;

DATA;
#10=MECHANICAL_DESIGN_GEOMETRIC_PRESENTATION_REPRESENTATION('',(#21),#4302);
#11=ITEM_DEFINED_TRANSFORMATION($,$,#2505,#2785);
#12=ITEM_DEFINED_TRANSFORMATION($,$,#2504,#2786);
#13=(
REPRESENTATION_RELATIONSHIP($,$,#4317,#4316)
REPRESENTATION_RELATIONSHIP_WITH_TRANSFORMATION(#11)
SHAPE_REPRESENTATION_RELATIONSHIP()
);
#14=(
REPRESENTATION_RELATIONSHIP($,$,#4316,#4315)
REPRESENTATION_RELATIONSHIP_WITH_TRANSFORMATION(#12)
SHAPE_REPRESENTATION_RELATIONSHIP()
);
#15=CONTEXT_DEPENDENT_SHAPE_REPRESENTATION(#13,#4313);
#16=CONTEXT_DEPENDENT_SHAPE_REPRESENTATION(#14,#4314);
#17=NEXT_ASSEMBLY_USAGE_OCCURRENCE('Top Case:1','Top Case:1',
'Top Case:1',#4320,#4321,'Top Case:1');
#18=NEXT_ASSEMBLY_USAGE_OCCURRENCE('Pancake:1','Pancake:1','Pancake:1',
#4319,#4320,'Pancake:1');
#19=SHAPE_REPRESENTATION_RELATIONSHIP('SRR','None',#4317,#20);
#20=ADVANCED_BREP_SHAPE_REPRESENTATION('',(#22),#4301);
#21=STYLED_ITEM('',(#4336),#22);
#22=MANIFOLD_SOLID_BREP('Top case (1)',#2490);
#23=TOROIDAL_SURFACE('',#2697,8.,2.);
#24=TOROIDAL_SURFACE('',#2702,8.00000000000003,2.);
#25=TOROIDAL_SURFACE('',#2706,7.99999999999999,2.);
#26=TOROIDAL_SURFACE('',#2711,8.,2.);
#27=TOROIDAL_SURFACE('',#2726,8.00000000000003,2.);
#28=TOROIDAL_SURFACE('',#2731,8.,2.);
#29=TOROIDAL_SURFACE('',#2735,8.,2.);
#30=TOROIDAL_SURFACE('',#2739,7.99999999999999,2.);
#31=FACE_BOUND('',#337,.T.);
#32=FACE_BOUND('',#340,.T.);
#33=FACE_BOUND('',#345,.T.);
#34=FACE_BOUND('',#348,.T.);
#35=FACE_BOUND('',#353,.T.);
#36=FACE_BOUND('',#356,.T.);
#37=FACE_BOUND('',#361,.T.);
#38=FACE_BOUND('',#364,.T.);
#39=FACE_BOUND('',#369,.T.);
#40=FACE_BOUND('',#372,.T.);
#41=FACE_BOUND('',#377,.T.);
#42=FACE_BOUND('',#382,.T.);
#43=FACE_BOUND('',#387,.T.);
#44=FACE_BOUND('',#390,.T.);
#45=FACE_BOUND('',#391,.T.);
#46=FACE_BOUND('',#392,.T.);
#47=FACE_BOUND('',#393,.T.);
#48=FACE_BOUND('',#394,.T.);
#49=FACE_BOUND('',#395,.T.);
#50=FACE_BOUND('',#396,.T.);
#51=FACE_BOUND('',#397,.T.);
#52=FACE_BOUND('',#398,.T.);
#53=FACE_BOUND('',#399,.T.);
#54=FACE_BOUND('',#400,.T.);
#55=FACE_BOUND('',#401,.T.);
#56=FACE_BOUND('',#402,.T.);
#57=FACE_BOUND('',#408,.T.);
#58=FACE_BOUND('',#464,.T.);
#59=PLANE('',#2513);
#60=PLANE('',#2517);
#61=PLANE('',#2525);
#62=PLANE('',#2529);
#63=PLANE('',#2537);
#64=PLANE('',#2541);
#65=PLANE('',#2549);
#66=PLANE('',#2553);
#67=PLANE('',#2561);
#68=PLANE('',#2565);
#69=PLANE('',#2573);
#70=PLANE('',#2581);
#71=PLANE('',#2589);
#72=PLANE('',#2590);
#73=PLANE('',#2591);
#74=PLANE('',#2622);
#75=PLANE('',#2623);
#76=PLANE('',#2624);
#77=PLANE('',#2625);
#78=PLANE('',#2626);
#79=PLANE('',#2631);
#80=PLANE('',#2632);
#81=PLANE('',#2633);
#82=PLANE('',#2634);
#83=PLANE('',#2635);
#84=PLANE('',#2636);
#85=PLANE('',#2637);
#86=PLANE('',#2638);
#87=PLANE('',#2641);
#88=PLANE('',#2644);
#89=PLANE('',#2647);
#90=PLANE('',#2648);
#91=PLANE('',#2651);
#92=PLANE('',#2654);
#93=PLANE('',#2659);
#94=PLANE('',#2662);
#95=PLANE('',#2665);
#96=PLANE('',#2666);
#97=PLANE('',#2667);
#98=PLANE('',#2670);
#99=PLANE('',#2673);
#100=PLANE('',#2676);
#101=PLANE('',#2680);
#102=PLANE('',#2684);
#103=PLANE('',#2687);
#104=PLANE('',#2690);
#105=PLANE('',#2693);
#106=PLANE('',#2696);
#107=PLANE('',#2715);
#108=PLANE('',#2720);
#109=PLANE('',#2723);
#110=PLANE('',#2742);
#111=PLANE('',#2747);
#112=PLANE('',#2752);
#113=PLANE('',#2755);
#114=PLANE('',#2758);
#115=PLANE('',#2761);
#116=PLANE('',#2764);
#117=PLANE('',#2765);
#118=PLANE('',#2768);
#119=PLANE('',#2771);
#120=PLANE('',#2776);
#121=PLANE('',#2779);
#122=PLANE('',#2782);
#123=PLANE('',#2783);
#124=PLANE('',#2784);
#125=CYLINDRICAL_SURFACE('',#2508,1.54999999999999);
#126=CYLINDRICAL_SURFACE('',#2510,2.5);
#127=CYLINDRICAL_SURFACE('',#2514,2.89999999999999);
#128=CYLINDRICAL_SURFACE('',#2520,1.55000000000001);
#129=CYLINDRICAL_SURFACE('',#2522,2.5);
#130=CYLINDRICAL_SURFACE('',#2526,2.89999999999999);
#131=CYLINDRICAL_SURFACE('',#2532,1.55);
#132=CYLINDRICAL_SURFACE('',#2534,2.5);
#133=CYLINDRICAL_SURFACE('',#2538,2.89999999999999);
#134=CYLINDRICAL_SURFACE('',#2544,1.55);
#135=CYLINDRICAL_SURFACE('',#2546,2.5);
#136=CYLINDRICAL_SURFACE('',#2550,2.9);
#137=CYLINDRICAL_SURFACE('',#2556,1.55000000000002);
#138=CYLINDRICAL_SURFACE('',#2558,2.5);
#139=CYLINDRICAL_SURFACE('',#2562,2.89999999999999);
#140=CYLINDRICAL_SURFACE('',#2568,1.54999999999998);
#141=CYLINDRICAL_SURFACE('',#2570,2.5);
#142=CYLINDRICAL_SURFACE('',#2576,1.55);
#143=CYLINDRICAL_SURFACE('',#2578,2.5);
#144=CYLINDRICAL_SURFACE('',#2584,1.54999999999999);
#145=CYLINDRICAL_SURFACE('',#2586,2.5);
#146=CYLINDRICAL_SURFACE('',#2639,2.00000000000003);
#147=CYLINDRICAL_SURFACE('',#2642,1.99999999999999);
#148=CYLINDRICAL_SURFACE('',#2645,1.99999999999999);
#149=CYLINDRICAL_SURFACE('',#2649,1.99999999999999);
#150=CYLINDRICAL_SURFACE('',#2652,1.99999999999998);
#151=CYLINDRICAL_SURFACE('',#2655,0.999999999999996);
#152=CYLINDRICAL_SURFACE('',#2657,1.99999999999998);
#153=CYLINDRICAL_SURFACE('',#2660,1.00000000000001);
#154=CYLINDRICAL_SURFACE('',#2663,0.999999999999979);
#155=CYLINDRICAL_SURFACE('',#2668,1.00000000000001);
#156=CYLINDRICAL_SURFACE('',#2671,1.99999999999999);
#157=CYLINDRICAL_SURFACE('',#2674,1.99999999999999);
#158=CYLINDRICAL_SURFACE('',#2677,10.);
#159=CYLINDRICAL_SURFACE('',#2681,10.);
#160=CYLINDRICAL_SURFACE('',#2685,5.39999999999999);
#161=CYLINDRICAL_SURFACE('',#2688,5.40000000000003);
#162=CYLINDRICAL_SURFACE('',#2691,5.39999999999999);
#163=CYLINDRICAL_SURFACE('',#2694,5.39999999999999);
#164=CYLINDRICAL_SURFACE('',#2700,2.);
#165=CYLINDRICAL_SURFACE('',#2704,2.);
#166=CYLINDRICAL_SURFACE('',#2709,2.);
#167=CYLINDRICAL_SURFACE('',#2714,2.);
#168=CYLINDRICAL_SURFACE('',#2721,9.99999999999999);
#169=CYLINDRICAL_SURFACE('',#2724,10.);
#170=CYLINDRICAL_SURFACE('',#2729,2.);
#171=CYLINDRICAL_SURFACE('',#2733,2.);
#172=CYLINDRICAL_SURFACE('',#2737,2.);
#173=CYLINDRICAL_SURFACE('',#2741,2.);
#174=CYLINDRICAL_SURFACE('',#2743,0.999999999999996);
#175=CYLINDRICAL_SURFACE('',#2745,0.999999999999996);
#176=CYLINDRICAL_SURFACE('',#2748,0.999999999999996);
#177=CYLINDRICAL_SURFACE('',#2750,0.999999999999996);
#178=CYLINDRICAL_SURFACE('',#2753,2.);
#179=CYLINDRICAL_SURFACE('',#2756,1.99999999999999);
#180=CYLINDRICAL_SURFACE('',#2759,2.);
#181=CYLINDRICAL_SURFACE('',#2762,2.);
#182=CYLINDRICAL_SURFACE('',#2766,0.999999999999999);
#183=CYLINDRICAL_SURFACE('',#2769,1.00000000000001);
#184=CYLINDRICAL_SURFACE('',#2772,2.00000000000003);
#185=CYLINDRICAL_SURFACE('',#2774,2.00000000000006);
#186=CYLINDRICAL_SURFACE('',#2777,2.00000000000006);
#187=CYLINDRICAL_SURFACE('',#2780,2.00000000000002);
#188=FACE_OUTER_BOUND('',#333,.T.);
#189=FACE_OUTER_BOUND('',#334,.T.);
#190=FACE_OUTER_BOUND('',#335,.T.);
#191=FACE_OUTER_BOUND('',#336,.T.);
#192=FACE_OUTER_BOUND('',#338,.T.);
#193=FACE_OUTER_BOUND('',#339,.T.);
#194=FACE_OUTER_BOUND('',#341,.T.);
#195=FACE_OUTER_BOUND('',#342,.T.);
#196=FACE_OUTER_BOUND('',#343,.T.);
#197=FACE_OUTER_BOUND('',#344,.T.);
#198=FACE_OUTER_BOUND('',#346,.T.);
#199=FACE_OUTER_BOUND('',#347,.T.);
#200=FACE_OUTER_BOUND('',#349,.T.);
#201=FACE_OUTER_BOUND('',#350,.T.);
#202=FACE_OUTER_BOUND('',#351,.T.);
#203=FACE_OUTER_BOUND('',#352,.T.);
#204=FACE_OUTER_BOUND('',#354,.T.);
#205=FACE_OUTER_BOUND('',#355,.T.);
#206=FACE_OUTER_BOUND('',#357,.T.);
#207=FACE_OUTER_BOUND('',#358,.T.);
#208=FACE_OUTER_BOUND('',#359,.T.);
#209=FACE_OUTER_BOUND('',#360,.T.);
#210=FACE_OUTER_BOUND('',#362,.T.);
#211=FACE_OUTER_BOUND('',#363,.T.);
#212=FACE_OUTER_BOUND('',#365,.T.);
#213=FACE_OUTER_BOUND('',#366,.T.);
#214=FACE_OUTER_BOUND('',#367,.T.);
#215=FACE_OUTER_BOUND('',#368,.T.);
#216=FACE_OUTER_BOUND('',#370,.T.);
#217=FACE_OUTER_BOUND('',#371,.T.);
#218=FACE_OUTER_BOUND('',#373,.T.);
#219=FACE_OUTER_BOUND('',#374,.T.);
#220=FACE_OUTER_BOUND('',#375,.T.);
#221=FACE_OUTER_BOUND('',#376,.T.);
#222=FACE_OUTER_BOUND('',#378,.T.);
#223=FACE_OUTER_BOUND('',#379,.T.);
#224=FACE_OUTER_BOUND('',#380,.T.);
#225=FACE_OUTER_BOUND('',#381,.T.);
#226=FACE_OUTER_BOUND('',#383,.T.);
#227=FACE_OUTER_BOUND('',#384,.T.);
#228=FACE_OUTER_BOUND('',#385,.T.);
#229=FACE_OUTER_BOUND('',#386,.T.);
#230=FACE_OUTER_BOUND('',#388,.T.);
#231=FACE_OUTER_BOUND('',#389,.T.);
#232=FACE_OUTER_BOUND('',#403,.T.);
#233=FACE_OUTER_BOUND('',#404,.T.);
#234=FACE_OUTER_BOUND('',#405,.T.);
#235=FACE_OUTER_BOUND('',#406,.T.);
#236=FACE_OUTER_BOUND('',#407,.T.);
#237=FACE_OUTER_BOUND('',#409,.T.);
#238=FACE_OUTER_BOUND('',#410,.T.);
#239=FACE_OUTER_BOUND('',#411,.T.);
#240=FACE_OUTER_BOUND('',#412,.T.);
#241=FACE_OUTER_BOUND('',#413,.T.);
#242=FACE_OUTER_BOUND('',#414,.T.);
#243=FACE_OUTER_BOUND('',#415,.T.);
#244=FACE_OUTER_BOUND('',#416,.T.);
#245=FACE_OUTER_BOUND('',#417,.T.);
#246=FACE_OUTER_BOUND('',#418,.T.);
#247=FACE_OUTER_BOUND('',#419,.T.);
#248=FACE_OUTER_BOUND('',#420,.T.);
#249=FACE_OUTER_BOUND('',#421,.T.);
#250=FACE_OUTER_BOUND('',#422,.T.);
#251=FACE_OUTER_BOUND('',#423,.T.);
#252=FACE_OUTER_BOUND('',#424,.T.);
#253=FACE_OUTER_BOUND('',#425,.T.);
#254=FACE_OUTER_BOUND('',#426,.T.);
#255=FACE_OUTER_BOUND('',#427,.T.);
#256=FACE_OUTER_BOUND('',#428,.T.);
#257=FACE_OUTER_BOUND('',#429,.T.);
#258=FACE_OUTER_BOUND('',#430,.T.);
#259=FACE_OUTER_BOUND('',#431,.T.);
#260=FACE_OUTER_BOUND('',#432,.T.);
#261=FACE_OUTER_BOUND('',#433,.T.);
#262=FACE_OUTER_BOUND('',#434,.T.);
#263=FACE_OUTER_BOUND('',#435,.T.);
#264=FACE_OUTER_BOUND('',#436,.T.);
#265=FACE_OUTER_BOUND('',#437,.T.);
#266=FACE_OUTER_BOUND('',#438,.T.);
#267=FACE_OUTER_BOUND('',#439,.T.);
#268=FACE_OUTER_BOUND('',#440,.T.);
#269=FACE_OUTER_BOUND('',#441,.T.);
#270=FACE_OUTER_BOUND('',#442,.T.);
#271=FACE_OUTER_BOUND('',#443,.T.);
#272=FACE_OUTER_BOUND('',#444,.T.);
#273=FACE_OUTER_BOUND('',#445,.T.);
#274=FACE_OUTER_BOUND('',#446,.T.);
#275=FACE_OUTER_BOUND('',#447,.T.);
#276=FACE_OUTER_BOUND('',#448,.T.);
#277=FACE_OUTER_BOUND('',#449,.T.);
#278=FACE_OUTER_BOUND('',#450,.T.);
#279=FACE_OUTER_BOUND('',#451,.T.);
#280=FACE_OUTER_BOUND('',#452,.T.);
#281=FACE_OUTER_BOUND('',#453,.T.);
#282=FACE_OUTER_BOUND('',#454,.T.);
#283=FACE_OUTER_BOUND('',#455,.T.);
#284=FACE_OUTER_BOUND('',#456,.T.);
#285=FACE_OUTER_BOUND('',#457,.T.);
#286=FACE_OUTER_BOUND('',#458,.T.);
#287=FACE_OUTER_BOUND('',#459,.T.);
#288=FACE_OUTER_BOUND('',#460,.T.);
#289=FACE_OUTER_BOUND('',#461,.T.);
#290=FACE_OUTER_BOUND('',#462,.T.);
#291=FACE_OUTER_BOUND('',#463,.T.);
#292=FACE_OUTER_BOUND('',#465,.T.);
#293=FACE_OUTER_BOUND('',#466,.T.);
#294=FACE_OUTER_BOUND('',#467,.T.);
#295=FACE_OUTER_BOUND('',#468,.T.);
#296=FACE_OUTER_BOUND('',#469,.T.);
#297=FACE_OUTER_BOUND('',#470,.T.);
#298=FACE_OUTER_BOUND('',#471,.T.);
#299=FACE_OUTER_BOUND('',#472,.T.);
#300=FACE_OUTER_BOUND('',#473,.T.);
#301=FACE_OUTER_BOUND('',#474,.T.);
#302=FACE_OUTER_BOUND('',#475,.T.);
#303=FACE_OUTER_BOUND('',#476,.T.);
#304=FACE_OUTER_BOUND('',#477,.T.);
#305=FACE_OUTER_BOUND('',#478,.T.);
#306=FACE_OUTER_BOUND('',#479,.T.);
#307=FACE_OUTER_BOUND('',#480,.T.);
#308=FACE_OUTER_BOUND('',#481,.T.);
#309=FACE_OUTER_BOUND('',#482,.T.);
#310=FACE_OUTER_BOUND('',#483,.T.);
#311=FACE_OUTER_BOUND('',#484,.T.);
#312=FACE_OUTER_BOUND('',#485,.T.);
#313=FACE_OUTER_BOUND('',#486,.T.);
#314=FACE_OUTER_BOUND('',#487,.T.);
#315=FACE_OUTER_BOUND('',#488,.T.);
#316=FACE_OUTER_BOUND('',#489,.T.);
#317=FACE_OUTER_BOUND('',#490,.T.);
#318=FACE_OUTER_BOUND('',#491,.T.);
#319=FACE_OUTER_BOUND('',#492,.T.);
#320=FACE_OUTER_BOUND('',#493,.T.);
#321=FACE_OUTER_BOUND('',#494,.T.);
#322=FACE_OUTER_BOUND('',#495,.T.);
#323=FACE_OUTER_BOUND('',#496,.T.);
#324=FACE_OUTER_BOUND('',#497,.T.);
#325=FACE_OUTER_BOUND('',#498,.T.);
#326=FACE_OUTER_BOUND('',#499,.T.);
#327=FACE_OUTER_BOUND('',#500,.T.);
#328=FACE_OUTER_BOUND('',#501,.T.);
#329=FACE_OUTER_BOUND('',#502,.T.);
#330=FACE_OUTER_BOUND('',#503,.T.);
#331=FACE_OUTER_BOUND('',#504,.T.);
#332=FACE_OUTER_BOUND('',#505,.T.);
#333=EDGE_LOOP('',(#1643,#1644,#1645));
#334=EDGE_LOOP('',(#1646,#1647,#1648,#1649));
#335=EDGE_LOOP('',(#1650,#1651,#1652,#1653));
#336=EDGE_LOOP('',(#1654));
#337=EDGE_LOOP('',(#1655));
#338=EDGE_LOOP('',(#1656,#1657,#1658,#1659));
#339=EDGE_LOOP('',(#1660));
#340=EDGE_LOOP('',(#1661));
#341=EDGE_LOOP('',(#1662,#1663,#1664));
#342=EDGE_LOOP('',(#1665,#1666,#1667,#1668));
#343=EDGE_LOOP('',(#1669,#1670,#1671,#1672));
#344=EDGE_LOOP('',(#1673));
#345=EDGE_LOOP('',(#1674));
#346=EDGE_LOOP('',(#1675,#1676,#1677,#1678));
#347=EDGE_LOOP('',(#1679));
#348=EDGE_LOOP('',(#1680));
#349=EDGE_LOOP('',(#1681,#1682,#1683));
#350=EDGE_LOOP('',(#1684,#1685,#1686,#1687));
#351=EDGE_LOOP('',(#1688,#1689,#1690,#1691));
#352=EDGE_LOOP('',(#1692));
#353=EDGE_LOOP('',(#1693));
#354=EDGE_LOOP('',(#1694,#1695,#1696,#1697));
#355=EDGE_LOOP('',(#1698));
#356=EDGE_LOOP('',(#1699));
#357=EDGE_LOOP('',(#1700,#1701,#1702));
#358=EDGE_LOOP('',(#1703,#1704,#1705,#1706));
#359=EDGE_LOOP('',(#1707,#1708,#1709,#1710));
#360=EDGE_LOOP('',(#1711));
#361=EDGE_LOOP('',(#1712));
#362=EDGE_LOOP('',(#1713,#1714,#1715,#1716));
#363=EDGE_LOOP('',(#1717));
#364=EDGE_LOOP('',(#1718));
#365=EDGE_LOOP('',(#1719,#1720,#1721));
#366=EDGE_LOOP('',(#1722,#1723,#1724,#1725));
#367=EDGE_LOOP('',(#1726,#1727,#1728,#1729));
#368=EDGE_LOOP('',(#1730));
#369=EDGE_LOOP('',(#1731));
#370=EDGE_LOOP('',(#1732,#1733,#1734,#1735));
#371=EDGE_LOOP('',(#1736));
#372=EDGE_LOOP('',(#1737));
#373=EDGE_LOOP('',(#1738,#1739,#1740));
#374=EDGE_LOOP('',(#1741,#1742,#1743,#1744));
#375=EDGE_LOOP('',(#1745,#1746,#1747,#1748));
#376=EDGE_LOOP('',(#1749));
#377=EDGE_LOOP('',(#1750));
#378=EDGE_LOOP('',(#1751,#1752,#1753));
#379=EDGE_LOOP('',(#1754,#1755,#1756,#1757));
#380=EDGE_LOOP('',(#1758,#1759,#1760,#1761));
#381=EDGE_LOOP('',(#1762));
#382=EDGE_LOOP('',(#1763));
#383=EDGE_LOOP('',(#1764,#1765,#1766));
#384=EDGE_LOOP('',(#1767,#1768,#1769,#1770));
#385=EDGE_LOOP('',(#1771,#1772,#1773,#1774));
#386=EDGE_LOOP('',(#1775));
#387=EDGE_LOOP('',(#1776));
#388=EDGE_LOOP('',(#1777,#1778,#1779,#1780));
#389=EDGE_LOOP('',(#1781,#1782,#1783,#1784,#1785,#1786,#1787,#1788));
#390=EDGE_LOOP('',(#1789));
#391=EDGE_LOOP('',(#1790));
#392=EDGE_LOOP('',(#1791));
#393=EDGE_LOOP('',(#1792));
#394=EDGE_LOOP('',(#1793));
#395=EDGE_LOOP('',(#1794));
#396=EDGE_LOOP('',(#1795));
#397=EDGE_LOOP('',(#1796));
#398=EDGE_LOOP('',(#1797,#1798,#1799,#1800,#1801,#1802,#1803,#1804,#1805,
#1806,#1807,#1808));
#399=EDGE_LOOP('',(#1809,#1810,#1811,#1812,#1813,#1814,#1815,#1816,#1817,
#1818,#1819,#1820));
#400=EDGE_LOOP('',(#1821,#1822,#1823,#1824,#1825,#1826,#1827,#1828,#1829,
#1830,#1831,#1832,#1833,#1834));
#401=EDGE_LOOP('',(#1835,#1836,#1837,#1838,#1839,#1840,#1841,#1842,#1843,
#1844,#1845,#1846));
#402=EDGE_LOOP('',(#1847,#1848,#1849,#1850,#1851,#1852,#1853,#1854,#1855,
#1856,#1857,#1858,#1859,#1860,#1861,#1862));
#403=EDGE_LOOP('',(#1863,#1864,#1865,#1866));
#404=EDGE_LOOP('',(#1867,#1868,#1869,#1870));
#405=EDGE_LOOP('',(#1871,#1872,#1873,#1874,#1875,#1876,#1877,#1878));
#406=EDGE_LOOP('',(#1879,#1880,#1881,#1882));
#407=EDGE_LOOP('',(#1883,#1884,#1885,#1886,#1887,#1888,#1889,#1890));
#408=EDGE_LOOP('',(#1891,#1892,#1893,#1894,#1895,#1896,#1897,#1898,#1899,
#1900,#1901,#1902,#1903,#1904,#1905,#1906));
#409=EDGE_LOOP('',(#1907,#1908,#1909,#1910));
#410=EDGE_LOOP('',(#1911,#1912,#1913,#1914));
#411=EDGE_LOOP('',(#1915,#1916,#1917,#1918));
#412=EDGE_LOOP('',(#1919,#1920,#1921,#1922));
#413=EDGE_LOOP('',(#1923,#1924,#1925,#1926));
#414=EDGE_LOOP('',(#1927,#1928,#1929,#1930));
#415=EDGE_LOOP('',(#1931,#1932,#1933,#1934));
#416=EDGE_LOOP('',(#1935,#1936,#1937,#1938));
#417=EDGE_LOOP('',(#1939,#1940,#1941,#1942));
#418=EDGE_LOOP('',(#1943,#1944,#1945,#1946));
#419=EDGE_LOOP('',(#1947,#1948,#1949,#1950));
#420=EDGE_LOOP('',(#1951,#1952,#1953,#1954));
#421=EDGE_LOOP('',(#1955,#1956,#1957,#1958));
#422=EDGE_LOOP('',(#1959,#1960,#1961,#1962));
#423=EDGE_LOOP('',(#1963,#1964,#1965,#1966));
#424=EDGE_LOOP('',(#1967,#1968,#1969,#1970));
#425=EDGE_LOOP('',(#1971,#1972,#1973,#1974));
#426=EDGE_LOOP('',(#1975,#1976,#1977,#1978));
#427=EDGE_LOOP('',(#1979,#1980,#1981,#1982));
#428=EDGE_LOOP('',(#1983,#1984,#1985,#1986));
#429=EDGE_LOOP('',(#1987,#1988,#1989,#1990));
#430=EDGE_LOOP('',(#1991,#1992,#1993,#1994));
#431=EDGE_LOOP('',(#1995,#1996,#1997,#1998));
#432=EDGE_LOOP('',(#1999,#2000,#2001,#2002));
#433=EDGE_LOOP('',(#2003,#2004,#2005,#2006));
#434=EDGE_LOOP('',(#2007,#2008,#2009,#2010));
#435=EDGE_LOOP('',(#2011,#2012,#2013,#2014,#2015,#2016,#2017,#2018,#2019,
#2020,#2021,#2022));
#436=EDGE_LOOP('',(#2023,#2024,#2025,#2026));
#437=EDGE_LOOP('',(#2027,#2028,#2029,#2030));
#438=EDGE_LOOP('',(#2031,#2032,#2033,#2034));
#439=EDGE_LOOP('',(#2035,#2036,#2037,#2038));
#440=EDGE_LOOP('',(#2039,#2040,#2041,#2042));
#441=EDGE_LOOP('',(#2043,#2044,#2045,#2046));
#442=EDGE_LOOP('',(#2047,#2048,#2049,#2050,#2051,#2052,#2053,#2054,#2055,
#2056,#2057,#2058));
#443=EDGE_LOOP('',(#2059,#2060,#2061,#2062));
#444=EDGE_LOOP('',(#2063,#2064,#2065,#2066));
#445=EDGE_LOOP('',(#2067,#2068,#2069,#2070));
#446=EDGE_LOOP('',(#2071,#2072,#2073,#2074));
#447=EDGE_LOOP('',(#2075,#2076,#2077,#2078));
#448=EDGE_LOOP('',(#2079,#2080,#2081,#2082));
#449=EDGE_LOOP('',(#2083,#2084,#2085,#2086));
#450=EDGE_LOOP('',(#2087,#2088,#2089,#2090));
#451=EDGE_LOOP('',(#2091,#2092,#2093,#2094));
#452=EDGE_LOOP('',(#2095,#2096,#2097,#2098));
#453=EDGE_LOOP('',(#2099,#2100,#2101,#2102));
#454=EDGE_LOOP('',(#2103,#2104,#2105,#2106));
#455=EDGE_LOOP('',(#2107,#2108,#2109,#2110));
#456=EDGE_LOOP('',(#2111,#2112,#2113,#2114));
#457=EDGE_LOOP('',(#2115,#2116,#2117,#2118));
#458=EDGE_LOOP('',(#2119,#2120,#2121,#2122));
#459=EDGE_LOOP('',(#2123,#2124,#2125,#2126));
#460=EDGE_LOOP('',(#2127,#2128,#2129,#2130));
#461=EDGE_LOOP('',(#2131,#2132,#2133,#2134));
#462=EDGE_LOOP('',(#2135,#2136,#2137,#2138));
#463=EDGE_LOOP('',(#2139,#2140,#2141,#2142,#2143,#2144,#2145,#2146));
#464=EDGE_LOOP('',(#2147,#2148,#2149,#2150,#2151,#2152,#2153,#2154));
#465=EDGE_LOOP('',(#2155,#2156,#2157,#2158));
#466=EDGE_LOOP('',(#2159,#2160,#2161,#2162));
#467=EDGE_LOOP('',(#2163,#2164,#2165,#2166));
#468=EDGE_LOOP('',(#2167,#2168,#2169,#2170));
#469=EDGE_LOOP('',(#2171,#2172,#2173,#2174));
#470=EDGE_LOOP('',(#2175,#2176,#2177,#2178));
#471=EDGE_LOOP('',(#2179,#2180,#2181,#2182));
#472=EDGE_LOOP('',(#2183,#2184,#2185,#2186));
#473=EDGE_LOOP('',(#2187,#2188,#2189,#2190));
#474=EDGE_LOOP('',(#2191,#2192,#2193,#2194));
#475=EDGE_LOOP('',(#2195,#2196,#2197,#2198));
#476=EDGE_LOOP('',(#2199,#2200,#2201,#2202));
#477=EDGE_LOOP('',(#2203,#2204,#2205,#2206));
#478=EDGE_LOOP('',(#2207,#2208,#2209,#2210));
#479=EDGE_LOOP('',(#2211,#2212,#2213,#2214));
#480=EDGE_LOOP('',(#2215,#2216,#2217,#2218));
#481=EDGE_LOOP('',(#2219,#2220,#2221,#2222));
#482=EDGE_LOOP('',(#2223,#2224,#2225,#2226));
#483=EDGE_LOOP('',(#2227,#2228,#2229,#2230));
#484=EDGE_LOOP('',(#2231,#2232,#2233,#2234));
#485=EDGE_LOOP('',(#2235,#2236,#2237,#2238));
#486=EDGE_LOOP('',(#2239,#2240,#2241,#2242));
#487=EDGE_LOOP('',(#2243,#2244,#2245,#2246));
#488=EDGE_LOOP('',(#2247,#2248,#2249,#2250));
#489=EDGE_LOOP('',(#2251,#2252,#2253,#2254));
#490=EDGE_LOOP('',(#2255,#2256,#2257,#2258));
#491=EDGE_LOOP('',(#2259,#2260,#2261,#2262,#2263,#2264,#2265,#2266,#2267,
#2268,#2269,#2270,#2271,#2272));
#492=EDGE_LOOP('',(#2273,#2274,#2275,#2276));
#493=EDGE_LOOP('',(#2277,#2278,#2279,#2280));
#494=EDGE_LOOP('',(#2281,#2282,#2283,#2284));
#495=EDGE_LOOP('',(#2285,#2286,#2287,#2288));
#496=EDGE_LOOP('',(#2289,#2290,#2291,#2292));
#497=EDGE_LOOP('',(#2293,#2294,#2295,#2296));
#498=EDGE_LOOP('',(#2297,#2298,#2299,#2300));
#499=EDGE_LOOP('',(#2301,#2302,#2303,#2304));
#500=EDGE_LOOP('',(#2305,#2306,#2307,#2308));
#501=EDGE_LOOP('',(#2309,#2310,#2311,#2312));
#502=EDGE_LOOP('',(#2313,#2314,#2315,#2316));
#503=EDGE_LOOP('',(#2317,#2318,#2319,#2320));
#504=EDGE_LOOP('',(#2321,#2322,#2323,#2324,#2325,#2326,#2327,#2328,#2329,
#2330,#2331,#2332));
#505=EDGE_LOOP('',(#2333,#2334,#2335,#2336));
#506=LINE('',#3575,#719);
#507=LINE('',#3579,#720);
#508=LINE('',#3584,#721);
#509=LINE('',#3591,#722);
#510=LINE('',#3598,#723);
#511=LINE('',#3602,#724);
#512=LINE('',#3607,#725);
#513=LINE('',#3614,#726);
#514=LINE('',#3621,#727);
#515=LINE('',#3625,#728);
#516=LINE('',#3630,#729);
#517=LINE('',#3637,#730);
#518=LINE('',#3644,#731);
#519=LINE('',#3648,#732);
#520=LINE('',#3653,#733);
#521=LINE('',#3660,#734);
#522=LINE('',#3667,#735);
#523=LINE('',#3671,#736);
#524=LINE('',#3676,#737);
#525=LINE('',#3683,#738);
#526=LINE('',#3690,#739);
#527=LINE('',#3694,#740);
#528=LINE('',#3699,#741);
#529=LINE('',#3706,#742);
#530=LINE('',#3710,#743);
#531=LINE('',#3715,#744);
#532=LINE('',#3722,#745);
#533=LINE('',#3726,#746);
#534=LINE('',#3731,#747);
#535=LINE('',#3737,#748);
#536=LINE('',#3739,#749);
#537=LINE('',#3741,#750);
#538=LINE('',#3742,#751);
#539=LINE('',#3748,#752);
#540=LINE('',#3752,#753);
#541=LINE('',#3756,#754);
#542=LINE('',#3759,#755);
#543=LINE('',#3762,#756);
#544=LINE('',#3766,#757);
#545=LINE('',#3770,#758);
#546=LINE('',#3774,#759);
#547=LINE('',#3778,#760);
#548=LINE('',#3782,#761);
#549=LINE('',#3788,#762);
#550=LINE('',#3792,#763);
#551=LINE('',#3796,#764);
#552=LINE('',#3800,#765);
#553=LINE('',#3804,#766);
#554=LINE('',#3807,#767);
#555=LINE('',#3812,#768);
#556=LINE('',#3818,#769);
#557=LINE('',#3824,#770);
#558=LINE('',#3828,#771);
#559=LINE('',#3832,#772);
#560=LINE('',#3835,#773);
#561=LINE('',#3838,#774);
#562=LINE('',#3842,#775);
#563=LINE('',#3846,#776);
#564=LINE('',#3850,#777);
#565=LINE('',#3854,#778);
#566=LINE('',#3858,#779);
#567=LINE('',#3861,#780);
#568=LINE('',#3863,#781);
#569=LINE('',#3865,#782);
#570=LINE('',#3867,#783);
#571=LINE('',#3869,#784);
#572=LINE('',#3871,#785);
#573=LINE('',#3873,#786);
#574=LINE('',#3875,#787);
#575=LINE('',#3877,#788);
#576=LINE('',#3879,#789);
#577=LINE('',#3881,#790);
#578=LINE('',#3883,#791);
#579=LINE('',#3885,#792);
#580=LINE('',#3887,#793);
#581=LINE('',#3888,#794);
#582=LINE('',#3891,#795);
#583=LINE('',#3892,#796);
#584=LINE('',#3895,#797);
#585=LINE('',#3897,#798);
#586=LINE('',#3898,#799);
#587=LINE('',#3901,#800);
#588=LINE('',#3903,#801);
#589=LINE('',#3904,#802);
#590=LINE('',#3908,#803);
#591=LINE('',#3909,#804);
#592=LINE('',#3910,#805);
#593=LINE('',#3914,#806);
#594=LINE('',#3918,#807);
#595=LINE('',#3922,#808);
#596=LINE('',#3926,#809);
#597=LINE('',#3929,#810);
#598=LINE('',#3931,#811);
#599=LINE('',#3933,#812);
#600=LINE('',#3935,#813);
#601=LINE('',#3936,#814);
#602=LINE('',#3938,#815);
#603=LINE('',#3940,#816);
#604=LINE('',#3942,#817);
#605=LINE('',#3943,#818);
#606=LINE('',#3945,#819);
#607=LINE('',#3947,#820);
#608=LINE('',#3948,#821);
#609=LINE('',#3951,#822);
#610=LINE('',#3954,#823);
#611=LINE('',#3956,#824);
#612=LINE('',#3958,#825);
#613=LINE('',#3963,#826);
#614=LINE('',#3964,#827);
#615=LINE('',#3967,#828);
#616=LINE('',#3968,#829);
#617=LINE('',#3972,#830);
#618=LINE('',#3975,#831);
#619=LINE('',#3976,#832);
#620=LINE('',#3980,#833);
#621=LINE('',#3983,#834);
#622=LINE('',#3984,#835);
#623=LINE('',#3988,#836);
#624=LINE('',#3989,#837);
#625=LINE('',#3990,#838);
#626=LINE('',#3994,#839);
#627=LINE('',#3997,#840);
#628=LINE('',#3998,#841);
#629=LINE('',#4002,#842);
#630=LINE('',#4005,#843);
#631=LINE('',#4006,#844);
#632=LINE('',#4010,#845);
#633=LINE('',#4014,#846);
#634=LINE('',#4017,#847);
#635=LINE('',#4018,#848);
#636=LINE('',#4022,#849);
#637=LINE('',#4025,#850);
#638=LINE('',#4026,#851);
#639=LINE('',#4030,#852);
#640=LINE('',#4032,#853);
#641=LINE('',#4036,#854);
#642=LINE('',#4037,#855);
#643=LINE('',#4041,#856);
#644=LINE('',#4044,#857);
#645=LINE('',#4045,#858);
#646=LINE('',#4049,#859);
#647=LINE('',#4052,#860);
#648=LINE('',#4053,#861);
#649=LINE('',#4062,#862);
#650=LINE('',#4065,#863);
#651=LINE('',#4068,#864);
#652=LINE('',#4070,#865);
#653=LINE('',#4071,#866);
#654=LINE('',#4076,#867);
#655=LINE('',#4080,#868);
#656=LINE('',#4082,#869);
#657=LINE('',#4083,#870);
#658=LINE('',#4087,#871);
#659=LINE('',#4090,#872);
#660=LINE('',#4091,#873);
#661=LINE('',#4095,#874);
#662=LINE('',#4098,#875);
#663=LINE('',#4099,#876);
#664=LINE('',#4103,#877);
#665=LINE('',#4106,#878);
#666=LINE('',#4107,#879);
#667=LINE('',#4112,#880);
#668=LINE('',#4114,#881);
#669=LINE('',#4115,#882);
#670=LINE('',#4126,#883);
#671=LINE('',#4134,#884);
#672=LINE('',#4142,#885);
#673=LINE('',#4146,#886);
#674=LINE('',#4150,#887);
#675=LINE('',#4154,#888);
#676=LINE('',#4158,#889);
#677=LINE('',#4159,#890);
#678=LINE('',#4163,#891);
#679=LINE('',#4166,#892);
#680=LINE('',#4167,#893);
#681=LINE('',#4189,#894);
#682=LINE('',#4190,#895);
#683=LINE('',#4191,#896);
#684=LINE('',#4195,#897);
#685=LINE('',#4199,#898);
#686=LINE('',#4202,#899);
#687=LINE('',#4203,#900);
#688=LINE('',#4207,#901);
#689=LINE('',#4211,#902);
#690=LINE('',#4214,#903);
#691=LINE('',#4215,#904);
#692=LINE('',#4219,#905);
#693=LINE('',#4222,#906);
#694=LINE('',#4223,#907);
#695=LINE('',#4227,#908);
#696=LINE('',#4230,#909);
#697=LINE('',#4231,#910);
#698=LINE('',#4235,#911);
#699=LINE('',#4238,#912);
#700=LINE('',#4239,#913);
#701=LINE('',#4246,#914);
#702=LINE('',#4247,#915);
#703=LINE('',#4248,#916);
#704=LINE('',#4252,#917);
#705=LINE('',#4255,#918);
#706=LINE('',#4256,#919);
#707=LINE('',#4260,#920);
#708=LINE('',#4263,#921);
#709=LINE('',#4264,#922);
#710=LINE('',#4268,#923);
#711=LINE('',#4272,#924);
#712=LINE('',#4275,#925);
#713=LINE('',#4276,#926);
#714=LINE('',#4280,#927);
#715=LINE('',#4283,#928);
#716=LINE('',#4284,#929);
#717=LINE('',#4288,#930);
#718=LINE('',#4290,#931);
#719=VECTOR('',#2797,0.774999999999996);
#720=VECTOR('',#2802,1.54999999999999);
#721=VECTOR('',#2807,2.5);
#722=VECTOR('',#2816,2.89999999999999);
#723=VECTOR('',#2825,0.775000000000003);
#724=VECTOR('',#2830,1.55000000000001);
#725=VECTOR('',#2835,2.5);
#726=VECTOR('',#2844,2.89999999999999);
#727=VECTOR('',#2853,0.774999999999998);
#728=VECTOR('',#2858,1.55);
#729=VECTOR('',#2863,2.5);
#730=VECTOR('',#2872,2.89999999999999);
#731=VECTOR('',#2881,0.774999999999999);
#732=VECTOR('',#2886,1.55);
#733=VECTOR('',#2891,2.5);
#734=VECTOR('',#2900,2.9);
#735=VECTOR('',#2909,0.775000000000011);
#736=VECTOR('',#2914,1.55000000000002);
#737=VECTOR('',#2919,2.5);
#738=VECTOR('',#2928,2.89999999999999);
#739=VECTOR('',#2937,0.774999999999992);
#740=VECTOR('',#2942,1.54999999999998);
#741=VECTOR('',#2947,2.5);
#742=VECTOR('',#2956,0.774999999999998);
#743=VECTOR('',#2961,1.55);
#744=VECTOR('',#2966,2.5);
#745=VECTOR('',#2975,0.774999999999996);
#746=VECTOR('',#2980,1.54999999999999);
#747=VECTOR('',#2985,2.5);
#748=VECTOR('',#2992,10.);
#749=VECTOR('',#2993,10.);
#750=VECTOR('',#2994,10.);
#751=VECTOR('',#2995,10.);
#752=VECTOR('',#3000,10.);
#753=VECTOR('',#3003,10.);
#754=VECTOR('',#3006,10.);
#755=VECTOR('',#3009,10.);
#756=VECTOR('',#3010,10.);
#757=VECTOR('',#3013,10.);
#758=VECTOR('',#3016,10.);
#759=VECTOR('',#3019,10.);
#760=VECTOR('',#3022,10.);
#761=VECTOR('',#3025,10.);
#762=VECTOR('',#3030,10.);
#763=VECTOR('',#3033,10.);
#764=VECTOR('',#3036,10.);
#765=VECTOR('',#3039,10.);
#766=VECTOR('',#3042,10.);
#767=VECTOR('',#3045,10.);
#768=VECTOR('',#3048,10.);
#769=VECTOR('',#3053,10.);
#770=VECTOR('',#3058,10.);
#771=VECTOR('',#3061,10.);
#772=VECTOR('',#3064,10.);
#773=VECTOR('',#3067,10.);
#774=VECTOR('',#3068,10.);
#775=VECTOR('',#3071,10.);
#776=VECTOR('',#3074,10.);
#777=VECTOR('',#3077,10.);
#778=VECTOR('',#3080,10.);
#779=VECTOR('',#3083,10.);
#780=VECTOR('',#3086,10.);
#781=VECTOR('',#3087,10.);
#782=VECTOR('',#3088,10.);
#783=VECTOR('',#3089,10.);
#784=VECTOR('',#3090,10.);
#785=VECTOR('',#3091,10.);
#786=VECTOR('',#3092,10.);
#787=VECTOR('',#3093,10.);
#788=VECTOR('',#3094,10.);
#789=VECTOR('',#3095,10.);
#790=VECTOR('',#3096,10.);
#791=VECTOR('',#3097,10.);
#792=VECTOR('',#3098,10.);
#793=VECTOR('',#3099,10.);
#794=VECTOR('',#3100,10.);
#795=VECTOR('',#3103,10.);
#796=VECTOR('',#3104,10.);
#797=VECTOR('',#3107,10.);
#798=VECTOR('',#3108,10.);
#799=VECTOR('',#3109,10.);
#800=VECTOR('',#3112,10.);
#801=VECTOR('',#3113,10.);
#802=VECTOR('',#3114,10.);
#803=VECTOR('',#3117,10.);
#804=VECTOR('',#3118,10.);
#805=VECTOR('',#3119,10.);
#806=VECTOR('',#3122,10.);
#807=VECTOR('',#3125,10.);
#808=VECTOR('',#3128,10.);
#809=VECTOR('',#3131,10.);
#810=VECTOR('',#3134,10.);
#811=VECTOR('',#3135,10.);
#812=VECTOR('',#3136,10.);
#813=VECTOR('',#3137,10.);
#814=VECTOR('',#3138,10.);
#815=VECTOR('',#3139,10.);
#816=VECTOR('',#3140,10.);
#817=VECTOR('',#3141,10.);
#818=VECTOR('',#3142,10.);
#819=VECTOR('',#3145,10.);
#820=VECTOR('',#3148,10.);
#821=VECTOR('',#3149,10.);
#822=VECTOR('',#3154,10.);
#823=VECTOR('',#3159,10.);
#824=VECTOR('',#3162,10.);
#825=VECTOR('',#3165,10.);
#826=VECTOR('',#3170,10.);
#827=VECTOR('',#3171,10.);
#828=VECTOR('',#3174,10.);
#829=VECTOR('',#3175,10.);
#830=VECTOR('',#3180,10.);
#831=VECTOR('',#3183,10.);
#832=VECTOR('',#3184,10.);
#833=VECTOR('',#3189,10.);
#834=VECTOR('',#3192,10.);
#835=VECTOR('',#3193,10.);
#836=VECTOR('',#3196,10.);
#837=VECTOR('',#3197,10.);
#838=VECTOR('',#3198,10.);
#839=VECTOR('',#3203,10.);
#840=VECTOR('',#3206,10.);
#841=VECTOR('',#3207,10.);
#842=VECTOR('',#3212,10.);
#843=VECTOR('',#3215,10.);
#844=VECTOR('',#3216,10.);
#845=VECTOR('',#3221,10.);
#846=VECTOR('',#3226,10.);
#847=VECTOR('',#3229,10.);
#848=VECTOR('',#3230,10.);
#849=VECTOR('',#3235,10.);
#850=VECTOR('',#3238,10.);
#851=VECTOR('',#3239,10.);
#852=VECTOR('',#3244,10.);
#853=VECTOR('',#3247,10.);
#854=VECTOR('',#3252,10.);
#855=VECTOR('',#3253,10.);
#856=VECTOR('',#3258,10.);
#857=VECTOR('',#3261,10.);
#858=VECTOR('',#3262,10.);
#859=VECTOR('',#3267,10.);
#860=VECTOR('',#3270,10.);
#861=VECTOR('',#3271,10.);
#862=VECTOR('',#3282,10.);
#863=VECTOR('',#3285,10.);
#864=VECTOR('',#3288,10.);
#865=VECTOR('',#3289,10.);
#866=VECTOR('',#3290,10.);
#867=VECTOR('',#3295,10.);
#868=VECTOR('',#3300,10.);
#869=VECTOR('',#3301,10.);
#870=VECTOR('',#3302,10.);
#871=VECTOR('',#3307,10.);
#872=VECTOR('',#3310,10.);
#873=VECTOR('',#3311,10.);
#874=VECTOR('',#3316,10.);
#875=VECTOR('',#3319,10.);
#876=VECTOR('',#3320,10.);
#877=VECTOR('',#3325,10.);
#878=VECTOR('',#3328,10.);
#879=VECTOR('',#3329,10.);
#880=VECTOR('',#3336,10.);
#881=VECTOR('',#3337,10.);
#882=VECTOR('',#3338,10.);
#883=VECTOR('',#3357,10.);
#884=VECTOR('',#3368,10.);
#885=VECTOR('',#3379,10.);
#886=VECTOR('',#3382,10.);
#887=VECTOR('',#3385,10.);
#888=VECTOR('',#3388,10.);
#889=VECTOR('',#3393,10.);
#890=VECTOR('',#3394,10.);
#891=VECTOR('',#3399,10.);
#892=VECTOR('',#3402,10.);
#893=VECTOR('',#3403,10.);
#894=VECTOR('',#3442,10.);
#895=VECTOR('',#3443,10.);
#896=VECTOR('',#3444,10.);
#897=VECTOR('',#3449,10.);
#898=VECTOR('',#3454,10.);
#899=VECTOR('',#3457,10.);
#900=VECTOR('',#3458,10.);
#901=VECTOR('',#3463,10.);
#902=VECTOR('',#3468,10.);
#903=VECTOR('',#3471,10.);
#904=VECTOR('',#3472,10.);
#905=VECTOR('',#3477,10.);
#906=VECTOR('',#3480,10.);
#907=VECTOR('',#3481,10.);
#908=VECTOR('',#3486,10.);
#909=VECTOR('',#3489,10.);
#910=VECTOR('',#3490,10.);
#911=VECTOR('',#3495,10.);
#912=VECTOR('',#3498,10.);
#913=VECTOR('',#3499,10.);
#914=VECTOR('',#3508,10.);
#915=VECTOR('',#3509,10.);
#916=VECTOR('',#3510,10.);
#917=VECTOR('',#3515,10.);
#918=VECTOR('',#3518,10.);
#919=VECTOR('',#3519,10.);
#920=VECTOR('',#3524,10.);
#921=VECTOR('',#3527,10.);
#922=VECTOR('',#3528,10.);
#923=VECTOR('',#3533,10.);
#924=VECTOR('',#3538,10.);
#925=VECTOR('',#3541,10.);
#926=VECTOR('',#3542,10.);
#927=VECTOR('',#3547,10.);
#928=VECTOR('',#3550,10.);
#929=VECTOR('',#3551,10.);
#930=VECTOR('',#3556,10.);
#931=VECTOR('',#3559,10.);
#932=CIRCLE('',#2507,1.54999999999999);
#933=CIRCLE('',#2509,1.54999999999999);
#934=CIRCLE('',#2511,2.5);
#935=CIRCLE('',#2512,2.5);
#936=CIRCLE('',#2515,2.89999999999999);
#937=CIRCLE('',#2516,2.89999999999999);
#938=CIRCLE('',#2519,1.55000000000001);
#939=CIRCLE('',#2521,1.55000000000001);
#940=CIRCLE('',#2523,2.5);
#941=CIRCLE('',#2524,2.5);
#942=CIRCLE('',#2527,2.89999999999999);
#943=CIRCLE('',#2528,2.89999999999999);
#944=CIRCLE('',#2531,1.55);
#945=CIRCLE('',#2533,1.55);
#946=CIRCLE('',#2535,2.5);
#947=CIRCLE('',#2536,2.5);
#948=CIRCLE('',#2539,2.89999999999999);
#949=CIRCLE('',#2540,2.89999999999999);
#950=CIRCLE('',#2543,1.55);
#951=CIRCLE('',#2545,1.55);
#952=CIRCLE('',#2547,2.5);
#953=CIRCLE('',#2548,2.5);
#954=CIRCLE('',#2551,2.9);
#955=CIRCLE('',#2552,2.9);
#956=CIRCLE('',#2555,1.55000000000002);
#957=CIRCLE('',#2557,1.55000000000002);
#958=CIRCLE('',#2559,2.5);
#959=CIRCLE('',#2560,2.5);
#960=CIRCLE('',#2563,2.89999999999999);
#961=CIRCLE('',#2564,2.89999999999999);
#962=CIRCLE('',#2567,1.54999999999998);
#963=CIRCLE('',#2569,1.54999999999998);
#964=CIRCLE('',#2571,2.5);
#965=CIRCLE('',#2572,2.5);
#966=CIRCLE('',#2575,1.55);
#967=CIRCLE('',#2577,1.55);
#968=CIRCLE('',#2579,2.5);
#969=CIRCLE('',#2580,2.5);
#970=CIRCLE('',#2583,1.54999999999999);
#971=CIRCLE('',#2585,1.54999999999999);
#972=CIRCLE('',#2587,2.5);
#973=CIRCLE('',#2588,2.5);
#974=CIRCLE('',#2592,5.39999999999999);
#975=CIRCLE('',#2593,5.39999999999999);
#976=CIRCLE('',#2594,5.39999999999999);
#977=CIRCLE('',#2595,5.40000000000003);
#978=CIRCLE('',#2596,1.99999999999999);
#979=CIRCLE('',#2597,1.99999999999998);
#980=CIRCLE('',#2598,1.99999999999999);
#981=CIRCLE('',#2599,1.99999999999999);
#982=CIRCLE('',#2600,1.00000000000001);
#983=CIRCLE('',#2601,0.999999999999996);
#984=CIRCLE('',#2602,2.00000000000003);
#985=CIRCLE('',#2603,1.99999999999999);
#986=CIRCLE('',#2604,1.99999999999999);
#987=CIRCLE('',#2605,0.999999999999979);
#988=CIRCLE('',#2606,1.00000000000001);
#989=CIRCLE('',#2607,1.99999999999998);
#990=CIRCLE('',#2608,2.);
#991=CIRCLE('',#2609,0.999999999999996);
#992=CIRCLE('',#2610,0.999999999999996);
#993=CIRCLE('',#2611,0.999999999999996);
#994=CIRCLE('',#2612,0.999999999999996);
#995=CIRCLE('',#2613,2.);
#996=CIRCLE('',#2614,1.99999999999999);
#997=CIRCLE('',#2615,2.);
#998=CIRCLE('',#2616,2.00000000000003);
#999=CIRCLE('',#2617,1.00000000000001);
#1000=CIRCLE('',#2618,0.999999999999999);
#1001=CIRCLE('',#2619,2.00000000000006);
#1002=CIRCLE('',#2620,2.00000000000006);
#1003=CIRCLE('',#2621,2.00000000000002);
#1004=CIRCLE('',#2627,8.);
#1005=CIRCLE('',#2628,7.99999999999999);
#1006=CIRCLE('',#2629,8.00000000000003);
#1007=CIRCLE('',#2630,8.);
#1008=CIRCLE('',#2640,2.00000000000003);
#1009=CIRCLE('',#2643,1.99999999999999);
#1010=CIRCLE('',#2646,1.99999999999999);
#1011=CIRCLE('',#2650,1.99999999999999);
#1012=CIRCLE('',#2653,1.99999999999998);
#1013=CIRCLE('',#2656,0.999999999999996);
#1014=CIRCLE('',#2658,1.99999999999998);
#1015=CIRCLE('',#2661,1.00000000000001);
#1016=CIRCLE('',#2664,0.999999999999979);
#1017=CIRCLE('',#2669,1.00000000000001);
#1018=CIRCLE('',#2672,1.99999999999999);
#1019=CIRCLE('',#2675,1.99999999999999);
#1020=CIRCLE('',#2678,10.);
#1021=CIRCLE('',#2679,10.);
#1022=CIRCLE('',#2682,10.);
#1023=CIRCLE('',#2683,10.);
#1024=CIRCLE('',#2686,5.39999999999999);
#1025=CIRCLE('',#2689,5.40000000000003);
#1026=CIRCLE('',#2692,5.39999999999999);
#1027=CIRCLE('',#2695,5.39999999999999);
#1028=CIRCLE('',#2698,2.);
#1029=CIRCLE('',#2699,1.99999999999999);
#1030=CIRCLE('',#2701,2.00000000000001);
#1031=CIRCLE('',#2703,2.);
#1032=CIRCLE('',#2705,2.);
#1033=CIRCLE('',#2707,2.);
#1034=CIRCLE('',#2708,9.99999999999999);
#1035=CIRCLE('',#2710,2.);
#1036=CIRCLE('',#2712,1.99999999999999);
#1037=CIRCLE('',#2713,10.);
#1038=CIRCLE('',#2716,7.99999999999999);
#1039=CIRCLE('',#2717,8.);
#1040=CIRCLE('',#2718,8.);
#1041=CIRCLE('',#2719,8.00000000000003);
#1042=CIRCLE('',#2722,9.99999999999999);
#1043=CIRCLE('',#2725,10.);
#1044=CIRCLE('',#2727,2.);
#1045=CIRCLE('',#2728,1.99999999999999);
#1046=CIRCLE('',#2730,2.00000000000001);
#1047=CIRCLE('',#2732,1.99999999999999);
#1048=CIRCLE('',#2734,1.99999999999999);
#1049=CIRCLE('',#2736,2.);
#1050=CIRCLE('',#2738,2.);
#1051=CIRCLE('',#2740,2.);
#1052=CIRCLE('',#2744,0.999999999999996);
#1053=CIRCLE('',#2746,0.999999999999996);
#1054=CIRCLE('',#2749,0.999999999999996);
#1055=CIRCLE('',#2751,0.999999999999996);
#1056=CIRCLE('',#2754,2.);
#1057=CIRCLE('',#2757,1.99999999999999);
#1058=CIRCLE('',#2760,2.);
#1059=CIRCLE('',#2763,2.);
#1060=CIRCLE('',#2767,0.999999999999999);
#1061=CIRCLE('',#2770,1.00000000000001);
#1062=CIRCLE('',#2773,2.00000000000003);
#1063=CIRCLE('',#2775,2.00000000000006);
#1064=CIRCLE('',#2778,2.00000000000006);
#1065=CIRCLE('',#2781,2.00000000000002);
#1066=VERTEX_POINT('',#3572);
#1067=VERTEX_POINT('',#3574);
#1068=VERTEX_POINT('',#3577);
#1069=VERTEX_POINT('',#3581);
#1070=VERTEX_POINT('',#3583);
#1071=VERTEX_POINT('',#3588);
#1072=VERTEX_POINT('',#3590);
#1073=VERTEX_POINT('',#3595);
#1074=VERTEX_POINT('',#3597);
#1075=VERTEX_POINT('',#3600);
#1076=VERTEX_POINT('',#3604);
#1077=VERTEX_POINT('',#3606);
#1078=VERTEX_POINT('',#3611);
#1079=VERTEX_POINT('',#3613);
#1080=VERTEX_POINT('',#3618);
#1081=VERTEX_POINT('',#3620);
#1082=VERTEX_POINT('',#3623);
#1083=VERTEX_POINT('',#3627);
#1084=VERTEX_POINT('',#3629);
#1085=VERTEX_POINT('',#3634);
#1086=VERTEX_POINT('',#3636);
#1087=VERTEX_POINT('',#3641);
#1088=VERTEX_POINT('',#3643);
#1089=VERTEX_POINT('',#3646);
#1090=VERTEX_POINT('',#3650);
#1091=VERTEX_POINT('',#3652);
#1092=VERTEX_POINT('',#3657);
#1093=VERTEX_POINT('',#3659);
#1094=VERTEX_POINT('',#3664);
#1095=VERTEX_POINT('',#3666);
#1096=VERTEX_POINT('',#3669);
#1097=VERTEX_POINT('',#3673);
#1098=VERTEX_POINT('',#3675);
#1099=VERTEX_POINT('',#3680);
#1100=VERTEX_POINT('',#3682);
#1101=VERTEX_POINT('',#3687);
#1102=VERTEX_POINT('',#3689);
#1103=VERTEX_POINT('',#3692);
#1104=VERTEX_POINT('',#3696);
#1105=VERTEX_POINT('',#3698);
#1106=VERTEX_POINT('',#3703);
#1107=VERTEX_POINT('',#3705);
#1108=VERTEX_POINT('',#3708);
#1109=VERTEX_POINT('',#3712);
#1110=VERTEX_POINT('',#3714);
#1111=VERTEX_POINT('',#3719);
#1112=VERTEX_POINT('',#3721);
#1113=VERTEX_POINT('',#3724);
#1114=VERTEX_POINT('',#3728);
#1115=VERTEX_POINT('',#3730);
#1116=VERTEX_POINT('',#3735);
#1117=VERTEX_POINT('',#3736);
#1118=VERTEX_POINT('',#3738);
#1119=VERTEX_POINT('',#3740);
#1120=VERTEX_POINT('',#3744);
#1121=VERTEX_POINT('',#3745);
#1122=VERTEX_POINT('',#3747);
#1123=VERTEX_POINT('',#3749);
#1124=VERTEX_POINT('',#3751);
#1125=VERTEX_POINT('',#3753);
#1126=VERTEX_POINT('',#3755);
#1127=VERTEX_POINT('',#3757);
#1128=VERTEX_POINT('',#3760);
#1129=VERTEX_POINT('',#3761);
#1130=VERTEX_POINT('',#3763);
#1131=VERTEX_POINT('',#3765);
#1132=VERTEX_POINT('',#3767);
#1133=VERTEX_POINT('',#3769);
#1134=VERTEX_POINT('',#3771);
#1135=VERTEX_POINT('',#3773);
#1136=VERTEX_POINT('',#3775);
#1137=VERTEX_POINT('',#3777);
#1138=VERTEX_POINT('',#3779);
#1139=VERTEX_POINT('',#3781);
#1140=VERTEX_POINT('',#3784);
#1141=VERTEX_POINT('',#3785);
#1142=VERTEX_POINT('',#3787);
#1143=VERTEX_POINT('',#3789);
#1144=VERTEX_POINT('',#3791);
#1145=VERTEX_POINT('',#3793);
#1146=VERTEX_POINT('',#3795);
#1147=VERTEX_POINT('',#3797);
#1148=VERTEX_POINT('',#3799);
#1149=VERTEX_POINT('',#3801);
#1150=VERTEX_POINT('',#3803);
#1151=VERTEX_POINT('',#3805);
#1152=VERTEX_POINT('',#3808);
#1153=VERTEX_POINT('',#3809);
#1154=VERTEX_POINT('',#3811);
#1155=VERTEX_POINT('',#3813);
#1156=VERTEX_POINT('',#3815);
#1157=VERTEX_POINT('',#3817);
#1158=VERTEX_POINT('',#3819);
#1159=VERTEX_POINT('',#3821);
#1160=VERTEX_POINT('',#3823);
#1161=VERTEX_POINT('',#3825);
#1162=VERTEX_POINT('',#3827);
#1163=VERTEX_POINT('',#3829);
#1164=VERTEX_POINT('',#3831);
#1165=VERTEX_POINT('',#3833);
#1166=VERTEX_POINT('',#3836);
#1167=VERTEX_POINT('',#3837);
#1168=VERTEX_POINT('',#3839);
#1169=VERTEX_POINT('',#3841);
#1170=VERTEX_POINT('',#3843);
#1171=VERTEX_POINT('',#3845);
#1172=VERTEX_POINT('',#3847);
#1173=VERTEX_POINT('',#3849);
#1174=VERTEX_POINT('',#3851);
#1175=VERTEX_POINT('',#3853);
#1176=VERTEX_POINT('',#3855);
#1177=VERTEX_POINT('',#3857);
#1178=VERTEX_POINT('',#3860);
#1179=VERTEX_POINT('',#3862);
#1180=VERTEX_POINT('',#3864);
#1181=VERTEX_POINT('',#3866);
#1182=VERTEX_POINT('',#3868);
#1183=VERTEX_POINT('',#3870);
#1184=VERTEX_POINT('',#3872);
#1185=VERTEX_POINT('',#3874);
#1186=VERTEX_POINT('',#3876);
#1187=VERTEX_POINT('',#3878);
#1188=VERTEX_POINT('',#3880);
#1189=VERTEX_POINT('',#3882);
#1190=VERTEX_POINT('',#3884);
#1191=VERTEX_POINT('',#3886);
#1192=VERTEX_POINT('',#3890);
#1193=VERTEX_POINT('',#3894);
#1194=VERTEX_POINT('',#3896);
#1195=VERTEX_POINT('',#3900);
#1196=VERTEX_POINT('',#3902);
#1197=VERTEX_POINT('',#3906);
#1198=VERTEX_POINT('',#3907);
#1199=VERTEX_POINT('',#3912);
#1200=VERTEX_POINT('',#3913);
#1201=VERTEX_POINT('',#3915);
#1202=VERTEX_POINT('',#3917);
#1203=VERTEX_POINT('',#3919);
#1204=VERTEX_POINT('',#3921);
#1205=VERTEX_POINT('',#3923);
#1206=VERTEX_POINT('',#3925);
#1207=VERTEX_POINT('',#3928);
#1208=VERTEX_POINT('',#3930);
#1209=VERTEX_POINT('',#3932);
#1210=VERTEX_POINT('',#3934);
#1211=VERTEX_POINT('',#3937);
#1212=VERTEX_POINT('',#3939);
#1213=VERTEX_POINT('',#3941);
#1214=VERTEX_POINT('',#3960);
#1215=VERTEX_POINT('',#3961);
#1216=VERTEX_POINT('',#3966);
#1217=VERTEX_POINT('',#3970);
#1218=VERTEX_POINT('',#3974);
#1219=VERTEX_POINT('',#3978);
#1220=VERTEX_POINT('',#3982);
#1221=VERTEX_POINT('',#3986);
#1222=VERTEX_POINT('',#3987);
#1223=VERTEX_POINT('',#3992);
#1224=VERTEX_POINT('',#3996);
#1225=VERTEX_POINT('',#4000);
#1226=VERTEX_POINT('',#4004);
#1227=VERTEX_POINT('',#4008);
#1228=VERTEX_POINT('',#4012);
#1229=VERTEX_POINT('',#4016);
#1230=VERTEX_POINT('',#4020);
#1231=VERTEX_POINT('',#4024);
#1232=VERTEX_POINT('',#4028);
#1233=VERTEX_POINT('',#4035);
#1234=VERTEX_POINT('',#4039);
#1235=VERTEX_POINT('',#4043);
#1236=VERTEX_POINT('',#4047);
#1237=VERTEX_POINT('',#4051);
#1238=VERTEX_POINT('',#4058);
#1239=VERTEX_POINT('',#4059);
#1240=VERTEX_POINT('',#4061);
#1241=VERTEX_POINT('',#4063);
#1242=VERTEX_POINT('',#4067);
#1243=VERTEX_POINT('',#4069);
#1244=VERTEX_POINT('',#4073);
#1245=VERTEX_POINT('',#4075);
#1246=VERTEX_POINT('',#4079);
#1247=VERTEX_POINT('',#4081);
#1248=VERTEX_POINT('',#4085);
#1249=VERTEX_POINT('',#4089);
#1250=VERTEX_POINT('',#4093);
#1251=VERTEX_POINT('',#4097);
#1252=VERTEX_POINT('',#4101);
#1253=VERTEX_POINT('',#4105);
#1254=VERTEX_POINT('',#4111);
#1255=VERTEX_POINT('',#4113);
#1256=VERTEX_POINT('',#4124);
#1257=VERTEX_POINT('',#4128);
#1258=VERTEX_POINT('',#4132);
#1259=VERTEX_POINT('',#4140);
#1260=VERTEX_POINT('',#4141);
#1261=VERTEX_POINT('',#4143);
#1262=VERTEX_POINT('',#4145);
#1263=VERTEX_POINT('',#4147);
#1264=VERTEX_POINT('',#4149);
#1265=VERTEX_POINT('',#4151);
#1266=VERTEX_POINT('',#4153);
#1267=VERTEX_POINT('',#4157);
#1268=VERTEX_POINT('',#4161);
#1269=VERTEX_POINT('',#4165);
#1270=VERTEX_POINT('',#4187);
#1271=VERTEX_POINT('',#4188);
#1272=VERTEX_POINT('',#4193);
#1273=VERTEX_POINT('',#4197);
#1274=VERTEX_POINT('',#4201);
#1275=VERTEX_POINT('',#4205);
#1276=VERTEX_POINT('',#4209);
#1277=VERTEX_POINT('',#4213);
#1278=VERTEX_POINT('',#4217);
#1279=VERTEX_POINT('',#4221);
#1280=VERTEX_POINT('',#4225);
#1281=VERTEX_POINT('',#4229);
#1282=VERTEX_POINT('',#4233);
#1283=VERTEX_POINT('',#4237);
#1284=VERTEX_POINT('',#4244);
#1285=VERTEX_POINT('',#4245);
#1286=VERTEX_POINT('',#4250);
#1287=VERTEX_POINT('',#4254);
#1288=VERTEX_POINT('',#4258);
#1289=VERTEX_POINT('',#4262);
#1290=VERTEX_POINT('',#4266);
#1291=VERTEX_POINT('',#4270);
#1292=VERTEX_POINT('',#4274);
#1293=VERTEX_POINT('',#4278);
#1294=VERTEX_POINT('',#4282);
#1295=VERTEX_POINT('',#4286);
#1296=EDGE_CURVE('',#1066,#1066,#932,.T.);
#1297=EDGE_CURVE('',#1066,#1067,#506,.T.);
#1298=EDGE_CURVE('',#1068,#1068,#933,.T.);
#1299=EDGE_CURVE('',#1068,#1066,#507,.T.);
#1300=EDGE_CURVE('',#1069,#1069,#934,.T.);
#1301=EDGE_CURVE('',#1069,#1070,#508,.T.);
#1302=EDGE_CURVE('',#1070,#1070,#935,.T.);
#1303=EDGE_CURVE('',#1071,#1071,#936,.T.);
#1304=EDGE_CURVE('',#1071,#1072,#509,.T.);
#1305=EDGE_CURVE('',#1072,#1072,#937,.T.);
#1306=EDGE_CURVE('',#1073,#1073,#938,.T.);
#1307=EDGE_CURVE('',#1073,#1074,#510,.T.);
#1308=EDGE_CURVE('',#1075,#1075,#939,.T.);
#1309=EDGE_CURVE('',#1075,#1073,#511,.T.);
#1310=EDGE_CURVE('',#1076,#1076,#940,.T.);
#1311=EDGE_CURVE('',#1076,#1077,#512,.T.);
#1312=EDGE_CURVE('',#1077,#1077,#941,.T.);
#1313=EDGE_CURVE('',#1078,#1078,#942,.T.);
#1314=EDGE_CURVE('',#1078,#1079,#513,.T.);
#1315=EDGE_CURVE('',#1079,#1079,#943,.T.);
#1316=EDGE_CURVE('',#1080,#1080,#944,.T.);
#1317=EDGE_CURVE('',#1080,#1081,#514,.T.);
#1318=EDGE_CURVE('',#1082,#1082,#945,.T.);
#1319=EDGE_CURVE('',#1082,#1080,#515,.T.);
#1320=EDGE_CURVE('',#1083,#1083,#946,.T.);
#1321=EDGE_CURVE('',#1083,#1084,#516,.T.);
#1322=EDGE_CURVE('',#1084,#1084,#947,.T.);
#1323=EDGE_CURVE('',#1085,#1085,#948,.T.);
#1324=EDGE_CURVE('',#1085,#1086,#517,.T.);
#1325=EDGE_CURVE('',#1086,#1086,#949,.T.);
#1326=EDGE_CURVE('',#1087,#1087,#950,.T.);
#1327=EDGE_CURVE('',#1087,#1088,#518,.T.);
#1328=EDGE_CURVE('',#1089,#1089,#951,.T.);
#1329=EDGE_CURVE('',#1089,#1087,#519,.T.);
#1330=EDGE_CURVE('',#1090,#1090,#952,.T.);
#1331=EDGE_CURVE('',#1090,#1091,#520,.T.);
#1332=EDGE_CURVE('',#1091,#1091,#953,.T.);
#1333=EDGE_CURVE('',#1092,#1092,#954,.T.);
#1334=EDGE_CURVE('',#1092,#1093,#521,.T.);
#1335=EDGE_CURVE('',#1093,#1093,#955,.T.);
#1336=EDGE_CURVE('',#1094,#1094,#956,.T.);
#1337=EDGE_CURVE('',#1094,#1095,#522,.T.);
#1338=EDGE_CURVE('',#1096,#1096,#957,.T.);
#1339=EDGE_CURVE('',#1096,#1094,#523,.T.);
#1340=EDGE_CURVE('',#1097,#1097,#958,.T.);
#1341=EDGE_CURVE('',#1097,#1098,#524,.T.);
#1342=EDGE_CURVE('',#1098,#1098,#959,.T.);
#1343=EDGE_CURVE('',#1099,#1099,#960,.T.);
#1344=EDGE_CURVE('',#1099,#1100,#525,.T.);
#1345=EDGE_CURVE('',#1100,#1100,#961,.T.);
#1346=EDGE_CURVE('',#1101,#1101,#962,.T.);
#1347=EDGE_CURVE('',#1101,#1102,#526,.T.);
#1348=EDGE_CURVE('',#1103,#1103,#963,.T.);
#1349=EDGE_CURVE('',#1103,#1101,#527,.T.);
#1350=EDGE_CURVE('',#1104,#1104,#964,.T.);
#1351=EDGE_CURVE('',#1104,#1105,#528,.T.);
#1352=EDGE_CURVE('',#1105,#1105,#965,.T.);
#1353=EDGE_CURVE('',#1106,#1106,#966,.T.);
#1354=EDGE_CURVE('',#1106,#1107,#529,.T.);
#1355=EDGE_CURVE('',#1108,#1108,#967,.T.);
#1356=EDGE_CURVE('',#1108,#1106,#530,.T.);
#1357=EDGE_CURVE('',#1109,#1109,#968,.T.);
#1358=EDGE_CURVE('',#1109,#1110,#531,.T.);
#1359=EDGE_CURVE('',#1110,#1110,#969,.T.);
#1360=EDGE_CURVE('',#1111,#1111,#970,.T.);
#1361=EDGE_CURVE('',#1111,#1112,#532,.T.);
#1362=EDGE_CURVE('',#1113,#1113,#971,.T.);
#1363=EDGE_CURVE('',#1113,#1111,#533,.T.);
#1364=EDGE_CURVE('',#1114,#1114,#972,.T.);
#1365=EDGE_CURVE('',#1114,#1115,#534,.T.);
#1366=EDGE_CURVE('',#1115,#1115,#973,.T.);
#1367=EDGE_CURVE('',#1116,#1117,#535,.T.);
#1368=EDGE_CURVE('',#1118,#1116,#536,.T.);
#1369=EDGE_CURVE('',#1119,#1118,#537,.T.);
#1370=EDGE_CURVE('',#1117,#1119,#538,.T.);
#1371=EDGE_CURVE('',#1120,#1121,#974,.T.);
#1372=EDGE_CURVE('',#1121,#1122,#539,.T.);
#1373=EDGE_CURVE('',#1122,#1123,#975,.T.);
#1374=EDGE_CURVE('',#1123,#1124,#540,.T.);
#1375=EDGE_CURVE('',#1124,#1125,#976,.T.);
#1376=EDGE_CURVE('',#1125,#1126,#541,.T.);
#1377=EDGE_CURVE('',#1126,#1127,#977,.T.);
#1378=EDGE_CURVE('',#1127,#1120,#542,.T.);
#1379=EDGE_CURVE('',#1128,#1129,#543,.T.);
#1380=EDGE_CURVE('',#1129,#1130,#978,.T.);
#1381=EDGE_CURVE('',#1130,#1131,#544,.T.);
#1382=EDGE_CURVE('',#1131,#1132,#979,.T.);
#1383=EDGE_CURVE('',#1132,#1133,#545,.T.);
#1384=EDGE_CURVE('',#1133,#1134,#980,.T.);
#1385=EDGE_CURVE('',#1134,#1135,#546,.T.);
#1386=EDGE_CURVE('',#1135,#1136,#981,.T.);
#1387=EDGE_CURVE('',#1136,#1137,#547,.T.);
#1388=EDGE_CURVE('',#1137,#1138,#982,.T.);
#1389=EDGE_CURVE('',#1138,#1139,#548,.T.);
#1390=EDGE_CURVE('',#1139,#1128,#983,.T.);
#1391=EDGE_CURVE('',#1140,#1141,#984,.T.);
#1392=EDGE_CURVE('',#1141,#1142,#549,.T.);
#1393=EDGE_CURVE('',#1142,#1143,#985,.T.);
#1394=EDGE_CURVE('',#1143,#1144,#550,.T.);
#1395=EDGE_CURVE('',#1144,#1145,#986,.T.);
#1396=EDGE_CURVE('',#1145,#1146,#551,.T.);
#1397=EDGE_CURVE('',#1146,#1147,#987,.T.);
#1398=EDGE_CURVE('',#1147,#1148,#552,.T.);
#1399=EDGE_CURVE('',#1148,#1149,#988,.T.);
#1400=EDGE_CURVE('',#1149,#1150,#553,.T.);
#1401=EDGE_CURVE('',#1150,#1151,#989,.T.);
#1402=EDGE_CURVE('',#1151,#1140,#554,.T.);
#1403=EDGE_CURVE('',#1152,#1153,#990,.T.);
#1404=EDGE_CURVE('',#1153,#1154,#555,.T.);
#1405=EDGE_CURVE('',#1154,#1155,#991,.T.);
#1406=EDGE_CURVE('',#1155,#1156,#992,.T.);
#1407=EDGE_CURVE('',#1156,#1157,#556,.T.);
#1408=EDGE_CURVE('',#1157,#1158,#993,.T.);
#1409=EDGE_CURVE('',#1158,#1159,#994,.T.);
#1410=EDGE_CURVE('',#1159,#1160,#557,.T.);
#1411=EDGE_CURVE('',#1160,#1161,#995,.T.);
#1412=EDGE_CURVE('',#1161,#1162,#558,.T.);
#1413=EDGE_CURVE('',#1162,#1163,#996,.T.);
#1414=EDGE_CURVE('',#1163,#1164,#559,.T.);
#1415=EDGE_CURVE('',#1164,#1165,#997,.T.);
#1416=EDGE_CURVE('',#1165,#1152,#560,.T.);
#1417=EDGE_CURVE('',#1166,#1167,#561,.T.);
#1418=EDGE_CURVE('',#1167,#1168,#998,.T.);
#1419=EDGE_CURVE('',#1168,#1169,#562,.T.);
#1420=EDGE_CURVE('',#1169,#1170,#999,.T.);
#1421=EDGE_CURVE('',#1170,#1171,#563,.T.);
#1422=EDGE_CURVE('',#1171,#1172,#1000,.T.);
#1423=EDGE_CURVE('',#1172,#1173,#564,.T.);
#1424=EDGE_CURVE('',#1173,#1174,#1001,.T.);
#1425=EDGE_CURVE('',#1174,#1175,#565,.T.);
#1426=EDGE_CURVE('',#1175,#1176,#1002,.T.);
#1427=EDGE_CURVE('',#1176,#1177,#566,.T.);
#1428=EDGE_CURVE('',#1177,#1166,#1003,.T.);
#1429=EDGE_CURVE('',#1178,#1118,#567,.T.);
#1430=EDGE_CURVE('',#1116,#1179,#568,.T.);
#1431=EDGE_CURVE('',#1179,#1180,#569,.T.);
#1432=EDGE_CURVE('',#1180,#1181,#570,.T.);
#1433=EDGE_CURVE('',#1181,#1182,#571,.T.);
#1434=EDGE_CURVE('',#1182,#1183,#572,.T.);
#1435=EDGE_CURVE('',#1183,#1184,#573,.T.);
#1436=EDGE_CURVE('',#1184,#1185,#574,.T.);
#1437=EDGE_CURVE('',#1185,#1186,#575,.T.);
#1438=EDGE_CURVE('',#1186,#1187,#576,.T.);
#1439=EDGE_CURVE('',#1187,#1188,#577,.T.);
#1440=EDGE_CURVE('',#1188,#1189,#578,.T.);
#1441=EDGE_CURVE('',#1190,#1189,#579,.T.);
#1442=EDGE_CURVE('',#1190,#1191,#580,.T.);
#1443=EDGE_CURVE('',#1191,#1178,#581,.T.);
#1444=EDGE_CURVE('',#1192,#1117,#582,.T.);
#1445=EDGE_CURVE('',#1179,#1192,#583,.T.);
#1446=EDGE_CURVE('',#1189,#1193,#584,.T.);
#1447=EDGE_CURVE('',#1193,#1194,#585,.T.);
#1448=EDGE_CURVE('',#1190,#1194,#586,.T.);
#1449=EDGE_CURVE('',#1195,#1194,#587,.T.);
#1450=EDGE_CURVE('',#1196,#1195,#588,.T.);
#1451=EDGE_CURVE('',#1119,#1196,#589,.T.);
#1452=EDGE_CURVE('',#1197,#1198,#590,.T.);
#1453=EDGE_CURVE('',#1184,#1197,#591,.T.);
#1454=EDGE_CURVE('',#1198,#1183,#592,.T.);
#1455=EDGE_CURVE('',#1199,#1200,#593,.T.);
#1456=EDGE_CURVE('',#1201,#1199,#1004,.T.);
#1457=EDGE_CURVE('',#1202,#1201,#594,.T.);
#1458=EDGE_CURVE('',#1203,#1202,#1005,.T.);
#1459=EDGE_CURVE('',#1204,#1203,#595,.T.);
#1460=EDGE_CURVE('',#1205,#1204,#1006,.T.);
#1461=EDGE_CURVE('',#1206,#1205,#596,.T.);
#1462=EDGE_CURVE('',#1200,#1206,#1007,.T.);
#1463=EDGE_CURVE('',#1193,#1207,#597,.T.);
#1464=EDGE_CURVE('',#1207,#1208,#598,.T.);
#1465=EDGE_CURVE('',#1208,#1209,#599,.T.);
#1466=EDGE_CURVE('',#1209,#1210,#600,.T.);
#1467=EDGE_CURVE('',#1210,#1197,#601,.T.);
#1468=EDGE_CURVE('',#1198,#1211,#602,.T.);
#1469=EDGE_CURVE('',#1211,#1212,#603,.T.);
#1470=EDGE_CURVE('',#1212,#1213,#604,.T.);
#1471=EDGE_CURVE('',#1213,#1192,#605,.T.);
#1472=EDGE_CURVE('',#1188,#1207,#606,.T.);
#1473=EDGE_CURVE('',#1186,#1209,#607,.T.);
#1474=EDGE_CURVE('',#1208,#1187,#608,.T.);
#1475=EDGE_CURVE('',#1210,#1185,#609,.T.);
#1476=EDGE_CURVE('',#1180,#1213,#610,.T.);
#1477=EDGE_CURVE('',#1212,#1181,#611,.T.);
#1478=EDGE_CURVE('',#1182,#1211,#612,.T.);
#1479=EDGE_CURVE('',#1214,#1215,#1008,.T.);
#1480=EDGE_CURVE('',#1215,#1141,#613,.T.);
#1481=EDGE_CURVE('',#1140,#1214,#614,.T.);
#1482=EDGE_CURVE('',#1215,#1216,#615,.T.);
#1483=EDGE_CURVE('',#1142,#1216,#616,.T.);
#1484=EDGE_CURVE('',#1216,#1217,#1009,.T.);
#1485=EDGE_CURVE('',#1143,#1217,#617,.T.);
#1486=EDGE_CURVE('',#1217,#1218,#618,.T.);
#1487=EDGE_CURVE('',#1144,#1218,#619,.T.);
#1488=EDGE_CURVE('',#1218,#1219,#1010,.T.);
#1489=EDGE_CURVE('',#1145,#1219,#620,.T.);
#1490=EDGE_CURVE('',#1220,#1214,#621,.T.);
#1491=EDGE_CURVE('',#1151,#1220,#622,.T.);
#1492=EDGE_CURVE('',#1221,#1222,#623,.T.);
#1493=EDGE_CURVE('',#1222,#1129,#624,.T.);
#1494=EDGE_CURVE('',#1128,#1221,#625,.T.);
#1495=EDGE_CURVE('',#1222,#1223,#1011,.T.);
#1496=EDGE_CURVE('',#1130,#1223,#626,.T.);
#1497=EDGE_CURVE('',#1223,#1224,#627,.T.);
#1498=EDGE_CURVE('',#1131,#1224,#628,.T.);
#1499=EDGE_CURVE('',#1224,#1225,#1012,.T.);
#1500=EDGE_CURVE('',#1132,#1225,#629,.T.);
#1501=EDGE_CURVE('',#1225,#1226,#630,.T.);
#1502=EDGE_CURVE('',#1133,#1226,#631,.T.);
#1503=EDGE_CURVE('',#1227,#1221,#1013,.T.);
#1504=EDGE_CURVE('',#1139,#1227,#632,.T.);
#1505=EDGE_CURVE('',#1228,#1220,#1014,.T.);
#1506=EDGE_CURVE('',#1150,#1228,#633,.T.);
#1507=EDGE_CURVE('',#1229,#1228,#634,.T.);
#1508=EDGE_CURVE('',#1149,#1229,#635,.T.);
#1509=EDGE_CURVE('',#1230,#1229,#1015,.T.);
#1510=EDGE_CURVE('',#1148,#1230,#636,.T.);
#1511=EDGE_CURVE('',#1231,#1230,#637,.T.);
#1512=EDGE_CURVE('',#1147,#1231,#638,.T.);
#1513=EDGE_CURVE('',#1232,#1231,#1016,.T.);
#1514=EDGE_CURVE('',#1146,#1232,#639,.T.);
#1515=EDGE_CURVE('',#1219,#1232,#640,.T.);
#1516=EDGE_CURVE('',#1233,#1227,#641,.T.);
#1517=EDGE_CURVE('',#1138,#1233,#642,.T.);
#1518=EDGE_CURVE('',#1234,#1233,#1017,.T.);
#1519=EDGE_CURVE('',#1137,#1234,#643,.T.);
#1520=EDGE_CURVE('',#1235,#1234,#644,.T.);
#1521=EDGE_CURVE('',#1136,#1235,#645,.T.);
#1522=EDGE_CURVE('',#1236,#1235,#1018,.T.);
#1523=EDGE_CURVE('',#1135,#1236,#646,.T.);
#1524=EDGE_CURVE('',#1237,#1236,#647,.T.);
#1525=EDGE_CURVE('',#1134,#1237,#648,.T.);
#1526=EDGE_CURVE('',#1226,#1237,#1019,.T.);
#1527=EDGE_CURVE('',#1238,#1239,#1020,.T.);
#1528=EDGE_CURVE('',#1238,#1240,#649,.T.);
#1529=EDGE_CURVE('',#1241,#1240,#1021,.T.);
#1530=EDGE_CURVE('',#1239,#1241,#650,.T.);
#1531=EDGE_CURVE('',#1242,#1238,#651,.T.);
#1532=EDGE_CURVE('',#1242,#1243,#652,.T.);
#1533=EDGE_CURVE('',#1240,#1243,#653,.T.);
#1534=EDGE_CURVE('',#1244,#1242,#1022,.T.);
#1535=EDGE_CURVE('',#1244,#1245,#654,.T.);
#1536=EDGE_CURVE('',#1243,#1245,#1023,.T.);
#1537=EDGE_CURVE('',#1246,#1123,#655,.T.);
#1538=EDGE_CURVE('',#1247,#1246,#656,.T.);
#1539=EDGE_CURVE('',#1247,#1124,#657,.T.);
#1540=EDGE_CURVE('',#1248,#1247,#1024,.T.);
#1541=EDGE_CURVE('',#1248,#1125,#658,.T.);
#1542=EDGE_CURVE('',#1249,#1248,#659,.T.);
#1543=EDGE_CURVE('',#1249,#1126,#660,.T.);
#1544=EDGE_CURVE('',#1250,#1249,#1025,.T.);
#1545=EDGE_CURVE('',#1250,#1127,#661,.T.);
#1546=EDGE_CURVE('',#1251,#1250,#662,.T.);
#1547=EDGE_CURVE('',#1120,#1251,#663,.T.);
#1548=EDGE_CURVE('',#1252,#1251,#1026,.T.);
#1549=EDGE_CURVE('',#1252,#1121,#664,.T.);
#1550=EDGE_CURVE('',#1253,#1252,#665,.T.);
#1551=EDGE_CURVE('',#1253,#1122,#666,.T.);
#1552=EDGE_CURVE('',#1246,#1253,#1027,.T.);
#1553=EDGE_CURVE('',#1254,#1244,#667,.T.);
#1554=EDGE_CURVE('',#1254,#1255,#668,.T.);
#1555=EDGE_CURVE('',#1245,#1255,#669,.T.);
#1556=EDGE_CURVE('',#1200,#1245,#1028,.T.);
#1557=EDGE_CURVE('',#1243,#1206,#1029,.T.);
#1558=EDGE_CURVE('',#1240,#1205,#1030,.T.);
#1559=EDGE_CURVE('',#1241,#1204,#1031,.T.);
#1560=EDGE_CURVE('',#1256,#1203,#1032,.T.);
#1561=EDGE_CURVE('',#1256,#1241,#670,.T.);
#1562=EDGE_CURVE('',#1257,#1202,#1033,.T.);
#1563=EDGE_CURVE('',#1257,#1256,#1034,.T.);
#1564=EDGE_CURVE('',#1258,#1201,#1035,.T.);
#1565=EDGE_CURVE('',#1258,#1257,#671,.T.);
#1566=EDGE_CURVE('',#1255,#1199,#1036,.T.);
#1567=EDGE_CURVE('',#1255,#1258,#1037,.T.);
#1568=EDGE_CURVE('',#1259,#1260,#672,.T.);
#1569=EDGE_CURVE('',#1261,#1259,#1038,.T.);
#1570=EDGE_CURVE('',#1262,#1261,#673,.T.);
#1571=EDGE_CURVE('',#1263,#1262,#1039,.T.);
#1572=EDGE_CURVE('',#1264,#1263,#674,.T.);
#1573=EDGE_CURVE('',#1265,#1264,#1040,.T.);
#1574=EDGE_CURVE('',#1266,#1265,#675,.T.);
#1575=EDGE_CURVE('',#1260,#1266,#1041,.T.);
#1576=EDGE_CURVE('',#1239,#1267,#676,.T.);
#1577=EDGE_CURVE('',#1267,#1256,#677,.T.);
#1578=EDGE_CURVE('',#1267,#1268,#1042,.T.);
#1579=EDGE_CURVE('',#1257,#1268,#678,.T.);
#1580=EDGE_CURVE('',#1268,#1269,#679,.T.);
#1581=EDGE_CURVE('',#1269,#1258,#680,.T.);
#1582=EDGE_CURVE('',#1269,#1254,#1043,.T.);
#1583=EDGE_CURVE('',#1260,#1239,#1044,.T.);
#1584=EDGE_CURVE('',#1238,#1266,#1045,.T.);
#1585=EDGE_CURVE('',#1242,#1265,#1046,.T.);
#1586=EDGE_CURVE('',#1244,#1264,#1047,.T.);
#1587=EDGE_CURVE('',#1254,#1263,#1048,.T.);
#1588=EDGE_CURVE('',#1269,#1262,#1049,.T.);
#1589=EDGE_CURVE('',#1268,#1261,#1050,.T.);
#1590=EDGE_CURVE('',#1267,#1259,#1051,.T.);
#1591=EDGE_CURVE('',#1270,#1271,#681,.T.);
#1592=EDGE_CURVE('',#1270,#1160,#682,.T.);
#1593=EDGE_CURVE('',#1271,#1159,#683,.T.);
#1594=EDGE_CURVE('',#1271,#1272,#1052,.T.);
#1595=EDGE_CURVE('',#1272,#1158,#684,.T.);
#1596=EDGE_CURVE('',#1272,#1273,#1053,.T.);
#1597=EDGE_CURVE('',#1273,#1157,#685,.T.);
#1598=EDGE_CURVE('',#1273,#1274,#686,.T.);
#1599=EDGE_CURVE('',#1274,#1156,#687,.T.);
#1600=EDGE_CURVE('',#1274,#1275,#1054,.T.);
#1601=EDGE_CURVE('',#1275,#1155,#688,.T.);
#1602=EDGE_CURVE('',#1275,#1276,#1055,.T.);
#1603=EDGE_CURVE('',#1276,#1154,#689,.T.);
#1604=EDGE_CURVE('',#1276,#1277,#690,.T.);
#1605=EDGE_CURVE('',#1277,#1153,#691,.T.);
#1606=EDGE_CURVE('',#1278,#1270,#1056,.T.);
#1607=EDGE_CURVE('',#1278,#1161,#692,.T.);
#1608=EDGE_CURVE('',#1279,#1278,#693,.T.);
#1609=EDGE_CURVE('',#1279,#1162,#694,.T.);
#1610=EDGE_CURVE('',#1280,#1279,#1057,.T.);
#1611=EDGE_CURVE('',#1280,#1163,#695,.T.);
#1612=EDGE_CURVE('',#1281,#1280,#696,.T.);
#1613=EDGE_CURVE('',#1281,#1164,#697,.T.);
#1614=EDGE_CURVE('',#1282,#1281,#1058,.T.);
#1615=EDGE_CURVE('',#1282,#1165,#698,.T.);
#1616=EDGE_CURVE('',#1283,#1282,#699,.T.);
#1617=EDGE_CURVE('',#1283,#1152,#700,.T.);
#1618=EDGE_CURVE('',#1277,#1283,#1059,.T.);
#1619=EDGE_CURVE('',#1284,#1285,#701,.T.);
#1620=EDGE_CURVE('',#1284,#1173,#702,.T.);
#1621=EDGE_CURVE('',#1285,#1172,#703,.T.);
#1622=EDGE_CURVE('',#1285,#1286,#1060,.T.);
#1623=EDGE_CURVE('',#1286,#1171,#704,.T.);
#1624=EDGE_CURVE('',#1286,#1287,#705,.T.);
#1625=EDGE_CURVE('',#1287,#1170,#706,.T.);
#1626=EDGE_CURVE('',#1287,#1288,#1061,.T.);
#1627=EDGE_CURVE('',#1288,#1169,#707,.T.);
#1628=EDGE_CURVE('',#1288,#1289,#708,.T.);
#1629=EDGE_CURVE('',#1289,#1168,#709,.T.);
#1630=EDGE_CURVE('',#1289,#1290,#1062,.T.);
#1631=EDGE_CURVE('',#1290,#1167,#710,.T.);
#1632=EDGE_CURVE('',#1291,#1284,#1063,.T.);
#1633=EDGE_CURVE('',#1291,#1174,#711,.T.);
#1634=EDGE_CURVE('',#1292,#1291,#712,.T.);
#1635=EDGE_CURVE('',#1292,#1175,#713,.T.);
#1636=EDGE_CURVE('',#1293,#1292,#1064,.T.);
#1637=EDGE_CURVE('',#1293,#1176,#714,.T.);
#1638=EDGE_CURVE('',#1294,#1293,#715,.T.);
#1639=EDGE_CURVE('',#1294,#1177,#716,.T.);
#1640=EDGE_CURVE('',#1295,#1294,#1065,.T.);
#1641=EDGE_CURVE('',#1295,#1166,#717,.T.);
#1642=EDGE_CURVE('',#1290,#1295,#718,.T.);
#1643=ORIENTED_EDGE('',*,*,#1296,.F.);
#1644=ORIENTED_EDGE('',*,*,#1297,.T.);
#1645=ORIENTED_EDGE('',*,*,#1297,.F.);
#1646=ORIENTED_EDGE('',*,*,#1298,.F.);
#1647=ORIENTED_EDGE('',*,*,#1299,.T.);
#1648=ORIENTED_EDGE('',*,*,#1296,.T.);
#1649=ORIENTED_EDGE('',*,*,#1299,.F.);
#1650=ORIENTED_EDGE('',*,*,#1300,.F.);
#1651=ORIENTED_EDGE('',*,*,#1301,.T.);
#1652=ORIENTED_EDGE('',*,*,#1302,.T.);
#1653=ORIENTED_EDGE('',*,*,#1301,.F.);
#1654=ORIENTED_EDGE('',*,*,#1302,.F.);
#1655=ORIENTED_EDGE('',*,*,#1298,.T.);
#1656=ORIENTED_EDGE('',*,*,#1303,.F.);
#1657=ORIENTED_EDGE('',*,*,#1304,.T.);
#1658=ORIENTED_EDGE('',*,*,#1305,.T.);
#1659=ORIENTED_EDGE('',*,*,#1304,.F.);
#1660=ORIENTED_EDGE('',*,*,#1305,.F.);
#1661=ORIENTED_EDGE('',*,*,#1300,.T.);
#1662=ORIENTED_EDGE('',*,*,#1306,.F.);
#1663=ORIENTED_EDGE('',*,*,#1307,.T.);
#1664=ORIENTED_EDGE('',*,*,#1307,.F.);
#1665=ORIENTED_EDGE('',*,*,#1308,.F.);
#1666=ORIENTED_EDGE('',*,*,#1309,.T.);
#1667=ORIENTED_EDGE('',*,*,#1306,.T.);
#1668=ORIENTED_EDGE('',*,*,#1309,.F.);
#1669=ORIENTED_EDGE('',*,*,#1310,.F.);
#1670=ORIENTED_EDGE('',*,*,#1311,.T.);
#1671=ORIENTED_EDGE('',*,*,#1312,.T.);
#1672=ORIENTED_EDGE('',*,*,#1311,.F.);
#1673=ORIENTED_EDGE('',*,*,#1312,.F.);
#1674=ORIENTED_EDGE('',*,*,#1308,.T.);
#1675=ORIENTED_EDGE('',*,*,#1313,.F.);
#1676=ORIENTED_EDGE('',*,*,#1314,.T.);
#1677=ORIENTED_EDGE('',*,*,#1315,.T.);
#1678=ORIENTED_EDGE('',*,*,#1314,.F.);
#1679=ORIENTED_EDGE('',*,*,#1315,.F.);
#1680=ORIENTED_EDGE('',*,*,#1310,.T.);
#1681=ORIENTED_EDGE('',*,*,#1316,.F.);
#1682=ORIENTED_EDGE('',*,*,#1317,.T.);
#1683=ORIENTED_EDGE('',*,*,#1317,.F.);
#1684=ORIENTED_EDGE('',*,*,#1318,.F.);
#1685=ORIENTED_EDGE('',*,*,#1319,.T.);
#1686=ORIENTED_EDGE('',*,*,#1316,.T.);
#1687=ORIENTED_EDGE('',*,*,#1319,.F.);
#1688=ORIENTED_EDGE('',*,*,#1320,.F.);
#1689=ORIENTED_EDGE('',*,*,#1321,.T.);
#1690=ORIENTED_EDGE('',*,*,#1322,.T.);
#1691=ORIENTED_EDGE('',*,*,#1321,.F.);
#1692=ORIENTED_EDGE('',*,*,#1322,.F.);
#1693=ORIENTED_EDGE('',*,*,#1318,.T.);
#1694=ORIENTED_EDGE('',*,*,#1323,.F.);
#1695=ORIENTED_EDGE('',*,*,#1324,.T.);
#1696=ORIENTED_EDGE('',*,*,#1325,.T.);
#1697=ORIENTED_EDGE('',*,*,#1324,.F.);
#1698=ORIENTED_EDGE('',*,*,#1325,.F.);
#1699=ORIENTED_EDGE('',*,*,#1320,.T.);
#1700=ORIENTED_EDGE('',*,*,#1326,.F.);
#1701=ORIENTED_EDGE('',*,*,#1327,.T.);
#1702=ORIENTED_EDGE('',*,*,#1327,.F.);
#1703=ORIENTED_EDGE('',*,*,#1328,.F.);
#1704=ORIENTED_EDGE('',*,*,#1329,.T.);
#1705=ORIENTED_EDGE('',*,*,#1326,.T.);
#1706=ORIENTED_EDGE('',*,*,#1329,.F.);
#1707=ORIENTED_EDGE('',*,*,#1330,.F.);
#1708=ORIENTED_EDGE('',*,*,#1331,.T.);
#1709=ORIENTED_EDGE('',*,*,#1332,.T.);
#1710=ORIENTED_EDGE('',*,*,#1331,.F.);
#1711=ORIENTED_EDGE('',*,*,#1332,.F.);
#1712=ORIENTED_EDGE('',*,*,#1328,.T.);
#1713=ORIENTED_EDGE('',*,*,#1333,.F.);
#1714=ORIENTED_EDGE('',*,*,#1334,.T.);
#1715=ORIENTED_EDGE('',*,*,#1335,.T.);
#1716=ORIENTED_EDGE('',*,*,#1334,.F.);
#1717=ORIENTED_EDGE('',*,*,#1335,.F.);
#1718=ORIENTED_EDGE('',*,*,#1330,.T.);
#1719=ORIENTED_EDGE('',*,*,#1336,.F.);
#1720=ORIENTED_EDGE('',*,*,#1337,.T.);
#1721=ORIENTED_EDGE('',*,*,#1337,.F.);
#1722=ORIENTED_EDGE('',*,*,#1338,.F.);
#1723=ORIENTED_EDGE('',*,*,#1339,.T.);
#1724=ORIENTED_EDGE('',*,*,#1336,.T.);
#1725=ORIENTED_EDGE('',*,*,#1339,.F.);
#1726=ORIENTED_EDGE('',*,*,#1340,.F.);
#1727=ORIENTED_EDGE('',*,*,#1341,.T.);
#1728=ORIENTED_EDGE('',*,*,#1342,.T.);
#1729=ORIENTED_EDGE('',*,*,#1341,.F.);
#1730=ORIENTED_EDGE('',*,*,#1342,.F.);
#1731=ORIENTED_EDGE('',*,*,#1338,.T.);
#1732=ORIENTED_EDGE('',*,*,#1343,.F.);
#1733=ORIENTED_EDGE('',*,*,#1344,.T.);
#1734=ORIENTED_EDGE('',*,*,#1345,.T.);
#1735=ORIENTED_EDGE('',*,*,#1344,.F.);
#1736=ORIENTED_EDGE('',*,*,#1345,.F.);
#1737=ORIENTED_EDGE('',*,*,#1340,.T.);
#1738=ORIENTED_EDGE('',*,*,#1346,.F.);
#1739=ORIENTED_EDGE('',*,*,#1347,.T.);
#1740=ORIENTED_EDGE('',*,*,#1347,.F.);
#1741=ORIENTED_EDGE('',*,*,#1348,.F.);
#1742=ORIENTED_EDGE('',*,*,#1349,.T.);
#1743=ORIENTED_EDGE('',*,*,#1346,.T.);
#1744=ORIENTED_EDGE('',*,*,#1349,.F.);
#1745=ORIENTED_EDGE('',*,*,#1350,.F.);
#1746=ORIENTED_EDGE('',*,*,#1351,.T.);
#1747=ORIENTED_EDGE('',*,*,#1352,.T.);
#1748=ORIENTED_EDGE('',*,*,#1351,.F.);
#1749=ORIENTED_EDGE('',*,*,#1352,.F.);
#1750=ORIENTED_EDGE('',*,*,#1348,.T.);
#1751=ORIENTED_EDGE('',*,*,#1353,.F.);
#1752=ORIENTED_EDGE('',*,*,#1354,.T.);
#1753=ORIENTED_EDGE('',*,*,#1354,.F.);
#1754=ORIENTED_EDGE('',*,*,#1355,.F.);
#1755=ORIENTED_EDGE('',*,*,#1356,.T.);
#1756=ORIENTED_EDGE('',*,*,#1353,.T.);
#1757=ORIENTED_EDGE('',*,*,#1356,.F.);
#1758=ORIENTED_EDGE('',*,*,#1357,.F.);
#1759=ORIENTED_EDGE('',*,*,#1358,.T.);
#1760=ORIENTED_EDGE('',*,*,#1359,.T.);
#1761=ORIENTED_EDGE('',*,*,#1358,.F.);
#1762=ORIENTED_EDGE('',*,*,#1359,.F.);
#1763=ORIENTED_EDGE('',*,*,#1355,.T.);
#1764=ORIENTED_EDGE('',*,*,#1360,.F.);
#1765=ORIENTED_EDGE('',*,*,#1361,.T.);
#1766=ORIENTED_EDGE('',*,*,#1361,.F.);
#1767=ORIENTED_EDGE('',*,*,#1362,.F.);
#1768=ORIENTED_EDGE('',*,*,#1363,.T.);
#1769=ORIENTED_EDGE('',*,*,#1360,.T.);
#1770=ORIENTED_EDGE('',*,*,#1363,.F.);
#1771=ORIENTED_EDGE('',*,*,#1364,.F.);
#1772=ORIENTED_EDGE('',*,*,#1365,.T.);
#1773=ORIENTED_EDGE('',*,*,#1366,.T.);
#1774=ORIENTED_EDGE('',*,*,#1365,.F.);
#1775=ORIENTED_EDGE('',*,*,#1366,.F.);
#1776=ORIENTED_EDGE('',*,*,#1362,.T.);
#1777=ORIENTED_EDGE('',*,*,#1367,.F.);
#1778=ORIENTED_EDGE('',*,*,#1368,.F.);
#1779=ORIENTED_EDGE('',*,*,#1369,.F.);
#1780=ORIENTED_EDGE('',*,*,#1370,.F.);
#1781=ORIENTED_EDGE('',*,*,#1371,.T.);
#1782=ORIENTED_EDGE('',*,*,#1372,.T.);
#1783=ORIENTED_EDGE('',*,*,#1373,.T.);
#1784=ORIENTED_EDGE('',*,*,#1374,.T.);
#1785=ORIENTED_EDGE('',*,*,#1375,.T.);
#1786=ORIENTED_EDGE('',*,*,#1376,.T.);
#1787=ORIENTED_EDGE('',*,*,#1377,.T.);
#1788=ORIENTED_EDGE('',*,*,#1378,.T.);
#1789=ORIENTED_EDGE('',*,*,#1303,.T.);
#1790=ORIENTED_EDGE('',*,*,#1313,.T.);
#1791=ORIENTED_EDGE('',*,*,#1323,.T.);
#1792=ORIENTED_EDGE('',*,*,#1333,.T.);
#1793=ORIENTED_EDGE('',*,*,#1343,.T.);
#1794=ORIENTED_EDGE('',*,*,#1350,.T.);
#1795=ORIENTED_EDGE('',*,*,#1357,.T.);
#1796=ORIENTED_EDGE('',*,*,#1364,.T.);
#1797=ORIENTED_EDGE('',*,*,#1379,.T.);
#1798=ORIENTED_EDGE('',*,*,#1380,.T.);
#1799=ORIENTED_EDGE('',*,*,#1381,.T.);
#1800=ORIENTED_EDGE('',*,*,#1382,.T.);
#1801=ORIENTED_EDGE('',*,*,#1383,.T.);
#1802=ORIENTED_EDGE('',*,*,#1384,.T.);
#1803=ORIENTED_EDGE('',*,*,#1385,.T.);
#1804=ORIENTED_EDGE('',*,*,#1386,.T.);
#1805=ORIENTED_EDGE('',*,*,#1387,.T.);
#1806=ORIENTED_EDGE('',*,*,#1388,.T.);
#1807=ORIENTED_EDGE('',*,*,#1389,.T.);
#1808=ORIENTED_EDGE('',*,*,#1390,.T.);
#1809=ORIENTED_EDGE('',*,*,#1391,.T.);
#1810=ORIENTED_EDGE('',*,*,#1392,.T.);
#1811=ORIENTED_EDGE('',*,*,#1393,.T.);
#1812=ORIENTED_EDGE('',*,*,#1394,.T.);
#1813=ORIENTED_EDGE('',*,*,#1395,.T.);
#1814=ORIENTED_EDGE('',*,*,#1396,.T.);
#1815=ORIENTED_EDGE('',*,*,#1397,.T.);
#1816=ORIENTED_EDGE('',*,*,#1398,.T.);
#1817=ORIENTED_EDGE('',*,*,#1399,.T.);
#1818=ORIENTED_EDGE('',*,*,#1400,.T.);
#1819=ORIENTED_EDGE('',*,*,#1401,.T.);
#1820=ORIENTED_EDGE('',*,*,#1402,.T.);
#1821=ORIENTED_EDGE('',*,*,#1403,.T.);
#1822=ORIENTED_EDGE('',*,*,#1404,.T.);
#1823=ORIENTED_EDGE('',*,*,#1405,.T.);
#1824=ORIENTED_EDGE('',*,*,#1406,.T.);
#1825=ORIENTED_EDGE('',*,*,#1407,.T.);
#1826=ORIENTED_EDGE('',*,*,#1408,.T.);
#1827=ORIENTED_EDGE('',*,*,#1409,.T.);
#1828=ORIENTED_EDGE('',*,*,#1410,.T.);
#1829=ORIENTED_EDGE('',*,*,#1411,.T.);
#1830=ORIENTED_EDGE('',*,*,#1412,.T.);
#1831=ORIENTED_EDGE('',*,*,#1413,.T.);
#1832=ORIENTED_EDGE('',*,*,#1414,.T.);
#1833=ORIENTED_EDGE('',*,*,#1415,.T.);
#1834=ORIENTED_EDGE('',*,*,#1416,.T.);
#1835=ORIENTED_EDGE('',*,*,#1417,.T.);
#1836=ORIENTED_EDGE('',*,*,#1418,.T.);
#1837=ORIENTED_EDGE('',*,*,#1419,.T.);
#1838=ORIENTED_EDGE('',*,*,#1420,.T.);
#1839=ORIENTED_EDGE('',*,*,#1421,.T.);
#1840=ORIENTED_EDGE('',*,*,#1422,.T.);
#1841=ORIENTED_EDGE('',*,*,#1423,.T.);
#1842=ORIENTED_EDGE('',*,*,#1424,.T.);
#1843=ORIENTED_EDGE('',*,*,#1425,.T.);
#1844=ORIENTED_EDGE('',*,*,#1426,.T.);
#1845=ORIENTED_EDGE('',*,*,#1427,.T.);
#1846=ORIENTED_EDGE('',*,*,#1428,.T.);
#1847=ORIENTED_EDGE('',*,*,#1429,.T.);
#1848=ORIENTED_EDGE('',*,*,#1368,.T.);
#1849=ORIENTED_EDGE('',*,*,#1430,.T.);
#1850=ORIENTED_EDGE('',*,*,#1431,.T.);
#1851=ORIENTED_EDGE('',*,*,#1432,.T.);
#1852=ORIENTED_EDGE('',*,*,#1433,.T.);
#1853=ORIENTED_EDGE('',*,*,#1434,.T.);
#1854=ORIENTED_EDGE('',*,*,#1435,.T.);
#1855=ORIENTED_EDGE('',*,*,#1436,.T.);
#1856=ORIENTED_EDGE('',*,*,#1437,.T.);
#1857=ORIENTED_EDGE('',*,*,#1438,.T.);
#1858=ORIENTED_EDGE('',*,*,#1439,.T.);
#1859=ORIENTED_EDGE('',*,*,#1440,.T.);
#1860=ORIENTED_EDGE('',*,*,#1441,.F.);
#1861=ORIENTED_EDGE('',*,*,#1442,.T.);
#1862=ORIENTED_EDGE('',*,*,#1443,.T.);
#1863=ORIENTED_EDGE('',*,*,#1367,.T.);
#1864=ORIENTED_EDGE('',*,*,#1444,.F.);
#1865=ORIENTED_EDGE('',*,*,#1445,.F.);
#1866=ORIENTED_EDGE('',*,*,#1430,.F.);
#1867=ORIENTED_EDGE('',*,*,#1446,.T.);
#1868=ORIENTED_EDGE('',*,*,#1447,.T.);
#1869=ORIENTED_EDGE('',*,*,#1448,.F.);
#1870=ORIENTED_EDGE('',*,*,#1441,.T.);
#1871=ORIENTED_EDGE('',*,*,#1448,.T.);
#1872=ORIENTED_EDGE('',*,*,#1449,.F.);
#1873=ORIENTED_EDGE('',*,*,#1450,.F.);
#1874=ORIENTED_EDGE('',*,*,#1451,.F.);
#1875=ORIENTED_EDGE('',*,*,#1369,.T.);
#1876=ORIENTED_EDGE('',*,*,#1429,.F.);
#1877=ORIENTED_EDGE('',*,*,#1443,.F.);
#1878=ORIENTED_EDGE('',*,*,#1442,.F.);
#1879=ORIENTED_EDGE('',*,*,#1452,.F.);
#1880=ORIENTED_EDGE('',*,*,#1453,.F.);
#1881=ORIENTED_EDGE('',*,*,#1435,.F.);
#1882=ORIENTED_EDGE('',*,*,#1454,.F.);
#1883=ORIENTED_EDGE('',*,*,#1455,.F.);
#1884=ORIENTED_EDGE('',*,*,#1456,.F.);
#1885=ORIENTED_EDGE('',*,*,#1457,.F.);
#1886=ORIENTED_EDGE('',*,*,#1458,.F.);
#1887=ORIENTED_EDGE('',*,*,#1459,.F.);
#1888=ORIENTED_EDGE('',*,*,#1460,.F.);
#1889=ORIENTED_EDGE('',*,*,#1461,.F.);
#1890=ORIENTED_EDGE('',*,*,#1462,.F.);
#1891=ORIENTED_EDGE('',*,*,#1451,.T.);
#1892=ORIENTED_EDGE('',*,*,#1450,.T.);
#1893=ORIENTED_EDGE('',*,*,#1449,.T.);
#1894=ORIENTED_EDGE('',*,*,#1447,.F.);
#1895=ORIENTED_EDGE('',*,*,#1463,.T.);
#1896=ORIENTED_EDGE('',*,*,#1464,.T.);
#1897=ORIENTED_EDGE('',*,*,#1465,.T.);
#1898=ORIENTED_EDGE('',*,*,#1466,.T.);
#1899=ORIENTED_EDGE('',*,*,#1467,.T.);
#1900=ORIENTED_EDGE('',*,*,#1452,.T.);
#1901=ORIENTED_EDGE('',*,*,#1468,.T.);
#1902=ORIENTED_EDGE('',*,*,#1469,.T.);
#1903=ORIENTED_EDGE('',*,*,#1470,.T.);
#1904=ORIENTED_EDGE('',*,*,#1471,.T.);
#1905=ORIENTED_EDGE('',*,*,#1444,.T.);
#1906=ORIENTED_EDGE('',*,*,#1370,.T.);
#1907=ORIENTED_EDGE('',*,*,#1440,.F.);
#1908=ORIENTED_EDGE('',*,*,#1472,.T.);
#1909=ORIENTED_EDGE('',*,*,#1463,.F.);
#1910=ORIENTED_EDGE('',*,*,#1446,.F.);
#1911=ORIENTED_EDGE('',*,*,#1438,.F.);
#1912=ORIENTED_EDGE('',*,*,#1473,.T.);
#1913=ORIENTED_EDGE('',*,*,#1465,.F.);
#1914=ORIENTED_EDGE('',*,*,#1474,.T.);
#1915=ORIENTED_EDGE('',*,*,#1464,.F.);
#1916=ORIENTED_EDGE('',*,*,#1472,.F.);
#1917=ORIENTED_EDGE('',*,*,#1439,.F.);
#1918=ORIENTED_EDGE('',*,*,#1474,.F.);
#1919=ORIENTED_EDGE('',*,*,#1475,.F.);
#1920=ORIENTED_EDGE('',*,*,#1466,.F.);
#1921=ORIENTED_EDGE('',*,*,#1473,.F.);
#1922=ORIENTED_EDGE('',*,*,#1437,.F.);
#1923=ORIENTED_EDGE('',*,*,#1475,.T.);
#1924=ORIENTED_EDGE('',*,*,#1436,.F.);
#1925=ORIENTED_EDGE('',*,*,#1453,.T.);
#1926=ORIENTED_EDGE('',*,*,#1467,.F.);
#1927=ORIENTED_EDGE('',*,*,#1476,.F.);
#1928=ORIENTED_EDGE('',*,*,#1431,.F.);
#1929=ORIENTED_EDGE('',*,*,#1445,.T.);
#1930=ORIENTED_EDGE('',*,*,#1471,.F.);
#1931=ORIENTED_EDGE('',*,*,#1476,.T.);
#1932=ORIENTED_EDGE('',*,*,#1470,.F.);
#1933=ORIENTED_EDGE('',*,*,#1477,.T.);
#1934=ORIENTED_EDGE('',*,*,#1432,.F.);
#1935=ORIENTED_EDGE('',*,*,#1469,.F.);
#1936=ORIENTED_EDGE('',*,*,#1478,.F.);
#1937=ORIENTED_EDGE('',*,*,#1433,.F.);
#1938=ORIENTED_EDGE('',*,*,#1477,.F.);
#1939=ORIENTED_EDGE('',*,*,#1479,.T.);
#1940=ORIENTED_EDGE('',*,*,#1480,.T.);
#1941=ORIENTED_EDGE('',*,*,#1391,.F.);
#1942=ORIENTED_EDGE('',*,*,#1481,.T.);
#1943=ORIENTED_EDGE('',*,*,#1482,.T.);
#1944=ORIENTED_EDGE('',*,*,#1483,.F.);
#1945=ORIENTED_EDGE('',*,*,#1392,.F.);
#1946=ORIENTED_EDGE('',*,*,#1480,.F.);
#1947=ORIENTED_EDGE('',*,*,#1484,.T.);
#1948=ORIENTED_EDGE('',*,*,#1485,.F.);
#1949=ORIENTED_EDGE('',*,*,#1393,.F.);
#1950=ORIENTED_EDGE('',*,*,#1483,.T.);
#1951=ORIENTED_EDGE('',*,*,#1486,.T.);
#1952=ORIENTED_EDGE('',*,*,#1487,.F.);
#1953=ORIENTED_EDGE('',*,*,#1394,.F.);
#1954=ORIENTED_EDGE('',*,*,#1485,.T.);
#1955=ORIENTED_EDGE('',*,*,#1488,.T.);
#1956=ORIENTED_EDGE('',*,*,#1489,.F.);
#1957=ORIENTED_EDGE('',*,*,#1395,.F.);
#1958=ORIENTED_EDGE('',*,*,#1487,.T.);
#1959=ORIENTED_EDGE('',*,*,#1490,.T.);
#1960=ORIENTED_EDGE('',*,*,#1481,.F.);
#1961=ORIENTED_EDGE('',*,*,#1402,.F.);
#1962=ORIENTED_EDGE('',*,*,#1491,.T.);
#1963=ORIENTED_EDGE('',*,*,#1492,.T.);
#1964=ORIENTED_EDGE('',*,*,#1493,.T.);
#1965=ORIENTED_EDGE('',*,*,#1379,.F.);
#1966=ORIENTED_EDGE('',*,*,#1494,.T.);
#1967=ORIENTED_EDGE('',*,*,#1495,.T.);
#1968=ORIENTED_EDGE('',*,*,#1496,.F.);
#1969=ORIENTED_EDGE('',*,*,#1380,.F.);
#1970=ORIENTED_EDGE('',*,*,#1493,.F.);
#1971=ORIENTED_EDGE('',*,*,#1497,.T.);
#1972=ORIENTED_EDGE('',*,*,#1498,.F.);
#1973=ORIENTED_EDGE('',*,*,#1381,.F.);
#1974=ORIENTED_EDGE('',*,*,#1496,.T.);
#1975=ORIENTED_EDGE('',*,*,#1499,.T.);
#1976=ORIENTED_EDGE('',*,*,#1500,.F.);
#1977=ORIENTED_EDGE('',*,*,#1382,.F.);
#1978=ORIENTED_EDGE('',*,*,#1498,.T.);
#1979=ORIENTED_EDGE('',*,*,#1501,.T.);
#1980=ORIENTED_EDGE('',*,*,#1502,.F.);
#1981=ORIENTED_EDGE('',*,*,#1383,.F.);
#1982=ORIENTED_EDGE('',*,*,#1500,.T.);
#1983=ORIENTED_EDGE('',*,*,#1503,.T.);
#1984=ORIENTED_EDGE('',*,*,#1494,.F.);
#1985=ORIENTED_EDGE('',*,*,#1390,.F.);
#1986=ORIENTED_EDGE('',*,*,#1504,.T.);
#1987=ORIENTED_EDGE('',*,*,#1505,.T.);
#1988=ORIENTED_EDGE('',*,*,#1491,.F.);
#1989=ORIENTED_EDGE('',*,*,#1401,.F.);
#1990=ORIENTED_EDGE('',*,*,#1506,.T.);
#1991=ORIENTED_EDGE('',*,*,#1507,.T.);
#1992=ORIENTED_EDGE('',*,*,#1506,.F.);
#1993=ORIENTED_EDGE('',*,*,#1400,.F.);
#1994=ORIENTED_EDGE('',*,*,#1508,.T.);
#1995=ORIENTED_EDGE('',*,*,#1509,.T.);
#1996=ORIENTED_EDGE('',*,*,#1508,.F.);
#1997=ORIENTED_EDGE('',*,*,#1399,.F.);
#1998=ORIENTED_EDGE('',*,*,#1510,.T.);
#1999=ORIENTED_EDGE('',*,*,#1511,.T.);
#2000=ORIENTED_EDGE('',*,*,#1510,.F.);
#2001=ORIENTED_EDGE('',*,*,#1398,.F.);
#2002=ORIENTED_EDGE('',*,*,#1512,.T.);
#2003=ORIENTED_EDGE('',*,*,#1513,.T.);
#2004=ORIENTED_EDGE('',*,*,#1512,.F.);
#2005=ORIENTED_EDGE('',*,*,#1397,.F.);
#2006=ORIENTED_EDGE('',*,*,#1514,.T.);
#2007=ORIENTED_EDGE('',*,*,#1515,.T.);
#2008=ORIENTED_EDGE('',*,*,#1514,.F.);
#2009=ORIENTED_EDGE('',*,*,#1396,.F.);
#2010=ORIENTED_EDGE('',*,*,#1489,.T.);
#2011=ORIENTED_EDGE('',*,*,#1479,.F.);
#2012=ORIENTED_EDGE('',*,*,#1490,.F.);
#2013=ORIENTED_EDGE('',*,*,#1505,.F.);
#2014=ORIENTED_EDGE('',*,*,#1507,.F.);
#2015=ORIENTED_EDGE('',*,*,#1509,.F.);
#2016=ORIENTED_EDGE('',*,*,#1511,.F.);
#2017=ORIENTED_EDGE('',*,*,#1513,.F.);
#2018=ORIENTED_EDGE('',*,*,#1515,.F.);
#2019=ORIENTED_EDGE('',*,*,#1488,.F.);
#2020=ORIENTED_EDGE('',*,*,#1486,.F.);
#2021=ORIENTED_EDGE('',*,*,#1484,.F.);
#2022=ORIENTED_EDGE('',*,*,#1482,.F.);
#2023=ORIENTED_EDGE('',*,*,#1516,.T.);
#2024=ORIENTED_EDGE('',*,*,#1504,.F.);
#2025=ORIENTED_EDGE('',*,*,#1389,.F.);
#2026=ORIENTED_EDGE('',*,*,#1517,.T.);
#2027=ORIENTED_EDGE('',*,*,#1518,.T.);
#2028=ORIENTED_EDGE('',*,*,#1517,.F.);
#2029=ORIENTED_EDGE('',*,*,#1388,.F.);
#2030=ORIENTED_EDGE('',*,*,#1519,.T.);
#2031=ORIENTED_EDGE('',*,*,#1520,.T.);
#2032=ORIENTED_EDGE('',*,*,#1519,.F.);
#2033=ORIENTED_EDGE('',*,*,#1387,.F.);
#2034=ORIENTED_EDGE('',*,*,#1521,.T.);
#2035=ORIENTED_EDGE('',*,*,#1522,.T.);
#2036=ORIENTED_EDGE('',*,*,#1521,.F.);
#2037=ORIENTED_EDGE('',*,*,#1386,.F.);
#2038=ORIENTED_EDGE('',*,*,#1523,.T.);
#2039=ORIENTED_EDGE('',*,*,#1524,.T.);
#2040=ORIENTED_EDGE('',*,*,#1523,.F.);
#2041=ORIENTED_EDGE('',*,*,#1385,.F.);
#2042=ORIENTED_EDGE('',*,*,#1525,.T.);
#2043=ORIENTED_EDGE('',*,*,#1526,.T.);
#2044=ORIENTED_EDGE('',*,*,#1525,.F.);
#2045=ORIENTED_EDGE('',*,*,#1384,.F.);
#2046=ORIENTED_EDGE('',*,*,#1502,.T.);
#2047=ORIENTED_EDGE('',*,*,#1492,.F.);
#2048=ORIENTED_EDGE('',*,*,#1503,.F.);
#2049=ORIENTED_EDGE('',*,*,#1516,.F.);
#2050=ORIENTED_EDGE('',*,*,#1518,.F.);
#2051=ORIENTED_EDGE('',*,*,#1520,.F.);
#2052=ORIENTED_EDGE('',*,*,#1522,.F.);
#2053=ORIENTED_EDGE('',*,*,#1524,.F.);
#2054=ORIENTED_EDGE('',*,*,#1526,.F.);
#2055=ORIENTED_EDGE('',*,*,#1501,.F.);
#2056=ORIENTED_EDGE('',*,*,#1499,.F.);
#2057=ORIENTED_EDGE('',*,*,#1497,.F.);
#2058=ORIENTED_EDGE('',*,*,#1495,.F.);
#2059=ORIENTED_EDGE('',*,*,#1527,.F.);
#2060=ORIENTED_EDGE('',*,*,#1528,.T.);
#2061=ORIENTED_EDGE('',*,*,#1529,.F.);
#2062=ORIENTED_EDGE('',*,*,#1530,.F.);
#2063=ORIENTED_EDGE('',*,*,#1531,.F.);
#2064=ORIENTED_EDGE('',*,*,#1532,.T.);
#2065=ORIENTED_EDGE('',*,*,#1533,.F.);
#2066=ORIENTED_EDGE('',*,*,#1528,.F.);
#2067=ORIENTED_EDGE('',*,*,#1534,.F.);
#2068=ORIENTED_EDGE('',*,*,#1535,.T.);
#2069=ORIENTED_EDGE('',*,*,#1536,.F.);
#2070=ORIENTED_EDGE('',*,*,#1532,.F.);
#2071=ORIENTED_EDGE('',*,*,#1374,.F.);
#2072=ORIENTED_EDGE('',*,*,#1537,.F.);
#2073=ORIENTED_EDGE('',*,*,#1538,.F.);
#2074=ORIENTED_EDGE('',*,*,#1539,.T.);
#2075=ORIENTED_EDGE('',*,*,#1375,.F.);
#2076=ORIENTED_EDGE('',*,*,#1539,.F.);
#2077=ORIENTED_EDGE('',*,*,#1540,.F.);
#2078=ORIENTED_EDGE('',*,*,#1541,.T.);
#2079=ORIENTED_EDGE('',*,*,#1376,.F.);
#2080=ORIENTED_EDGE('',*,*,#1541,.F.);
#2081=ORIENTED_EDGE('',*,*,#1542,.F.);
#2082=ORIENTED_EDGE('',*,*,#1543,.T.);
#2083=ORIENTED_EDGE('',*,*,#1377,.F.);
#2084=ORIENTED_EDGE('',*,*,#1543,.F.);
#2085=ORIENTED_EDGE('',*,*,#1544,.F.);
#2086=ORIENTED_EDGE('',*,*,#1545,.T.);
#2087=ORIENTED_EDGE('',*,*,#1378,.F.);
#2088=ORIENTED_EDGE('',*,*,#1545,.F.);
#2089=ORIENTED_EDGE('',*,*,#1546,.F.);
#2090=ORIENTED_EDGE('',*,*,#1547,.F.);
#2091=ORIENTED_EDGE('',*,*,#1371,.F.);
#2092=ORIENTED_EDGE('',*,*,#1547,.T.);
#2093=ORIENTED_EDGE('',*,*,#1548,.F.);
#2094=ORIENTED_EDGE('',*,*,#1549,.T.);
#2095=ORIENTED_EDGE('',*,*,#1372,.F.);
#2096=ORIENTED_EDGE('',*,*,#1549,.F.);
#2097=ORIENTED_EDGE('',*,*,#1550,.F.);
#2098=ORIENTED_EDGE('',*,*,#1551,.T.);
#2099=ORIENTED_EDGE('',*,*,#1373,.F.);
#2100=ORIENTED_EDGE('',*,*,#1551,.F.);
#2101=ORIENTED_EDGE('',*,*,#1552,.F.);
#2102=ORIENTED_EDGE('',*,*,#1537,.T.);
#2103=ORIENTED_EDGE('',*,*,#1553,.F.);
#2104=ORIENTED_EDGE('',*,*,#1554,.T.);
#2105=ORIENTED_EDGE('',*,*,#1555,.F.);
#2106=ORIENTED_EDGE('',*,*,#1535,.F.);
#2107=ORIENTED_EDGE('',*,*,#1556,.F.);
#2108=ORIENTED_EDGE('',*,*,#1462,.T.);
#2109=ORIENTED_EDGE('',*,*,#1557,.F.);
#2110=ORIENTED_EDGE('',*,*,#1536,.T.);
#2111=ORIENTED_EDGE('',*,*,#1557,.T.);
#2112=ORIENTED_EDGE('',*,*,#1461,.T.);
#2113=ORIENTED_EDGE('',*,*,#1558,.F.);
#2114=ORIENTED_EDGE('',*,*,#1533,.T.);
#2115=ORIENTED_EDGE('',*,*,#1558,.T.);
#2116=ORIENTED_EDGE('',*,*,#1460,.T.);
#2117=ORIENTED_EDGE('',*,*,#1559,.F.);
#2118=ORIENTED_EDGE('',*,*,#1529,.T.);
#2119=ORIENTED_EDGE('',*,*,#1559,.T.);
#2120=ORIENTED_EDGE('',*,*,#1459,.T.);
#2121=ORIENTED_EDGE('',*,*,#1560,.F.);
#2122=ORIENTED_EDGE('',*,*,#1561,.T.);
#2123=ORIENTED_EDGE('',*,*,#1560,.T.);
#2124=ORIENTED_EDGE('',*,*,#1458,.T.);
#2125=ORIENTED_EDGE('',*,*,#1562,.F.);
#2126=ORIENTED_EDGE('',*,*,#1563,.T.);
#2127=ORIENTED_EDGE('',*,*,#1562,.T.);
#2128=ORIENTED_EDGE('',*,*,#1457,.T.);
#2129=ORIENTED_EDGE('',*,*,#1564,.F.);
#2130=ORIENTED_EDGE('',*,*,#1565,.T.);
#2131=ORIENTED_EDGE('',*,*,#1564,.T.);
#2132=ORIENTED_EDGE('',*,*,#1456,.T.);
#2133=ORIENTED_EDGE('',*,*,#1566,.F.);
#2134=ORIENTED_EDGE('',*,*,#1567,.T.);
#2135=ORIENTED_EDGE('',*,*,#1556,.T.);
#2136=ORIENTED_EDGE('',*,*,#1555,.T.);
#2137=ORIENTED_EDGE('',*,*,#1566,.T.);
#2138=ORIENTED_EDGE('',*,*,#1455,.T.);
#2139=ORIENTED_EDGE('',*,*,#1568,.F.);
#2140=ORIENTED_EDGE('',*,*,#1569,.F.);
#2141=ORIENTED_EDGE('',*,*,#1570,.F.);
#2142=ORIENTED_EDGE('',*,*,#1571,.F.);
#2143=ORIENTED_EDGE('',*,*,#1572,.F.);
#2144=ORIENTED_EDGE('',*,*,#1573,.F.);
#2145=ORIENTED_EDGE('',*,*,#1574,.F.);
#2146=ORIENTED_EDGE('',*,*,#1575,.F.);
#2147=ORIENTED_EDGE('',*,*,#1548,.T.);
#2148=ORIENTED_EDGE('',*,*,#1546,.T.);
#2149=ORIENTED_EDGE('',*,*,#1544,.T.);
#2150=ORIENTED_EDGE('',*,*,#1542,.T.);
#2151=ORIENTED_EDGE('',*,*,#1540,.T.);
#2152=ORIENTED_EDGE('',*,*,#1538,.T.);
#2153=ORIENTED_EDGE('',*,*,#1552,.T.);
#2154=ORIENTED_EDGE('',*,*,#1550,.T.);
#2155=ORIENTED_EDGE('',*,*,#1576,.F.);
#2156=ORIENTED_EDGE('',*,*,#1530,.T.);
#2157=ORIENTED_EDGE('',*,*,#1561,.F.);
#2158=ORIENTED_EDGE('',*,*,#1577,.F.);
#2159=ORIENTED_EDGE('',*,*,#1578,.F.);
#2160=ORIENTED_EDGE('',*,*,#1577,.T.);
#2161=ORIENTED_EDGE('',*,*,#1563,.F.);
#2162=ORIENTED_EDGE('',*,*,#1579,.T.);
#2163=ORIENTED_EDGE('',*,*,#1580,.F.);
#2164=ORIENTED_EDGE('',*,*,#1579,.F.);
#2165=ORIENTED_EDGE('',*,*,#1565,.F.);
#2166=ORIENTED_EDGE('',*,*,#1581,.F.);
#2167=ORIENTED_EDGE('',*,*,#1582,.F.);
#2168=ORIENTED_EDGE('',*,*,#1581,.T.);
#2169=ORIENTED_EDGE('',*,*,#1567,.F.);
#2170=ORIENTED_EDGE('',*,*,#1554,.F.);
#2171=ORIENTED_EDGE('',*,*,#1583,.F.);
#2172=ORIENTED_EDGE('',*,*,#1575,.T.);
#2173=ORIENTED_EDGE('',*,*,#1584,.F.);
#2174=ORIENTED_EDGE('',*,*,#1527,.T.);
#2175=ORIENTED_EDGE('',*,*,#1584,.T.);
#2176=ORIENTED_EDGE('',*,*,#1574,.T.);
#2177=ORIENTED_EDGE('',*,*,#1585,.F.);
#2178=ORIENTED_EDGE('',*,*,#1531,.T.);
#2179=ORIENTED_EDGE('',*,*,#1585,.T.);
#2180=ORIENTED_EDGE('',*,*,#1573,.T.);
#2181=ORIENTED_EDGE('',*,*,#1586,.F.);
#2182=ORIENTED_EDGE('',*,*,#1534,.T.);
#2183=ORIENTED_EDGE('',*,*,#1586,.T.);
#2184=ORIENTED_EDGE('',*,*,#1572,.T.);
#2185=ORIENTED_EDGE('',*,*,#1587,.F.);
#2186=ORIENTED_EDGE('',*,*,#1553,.T.);
#2187=ORIENTED_EDGE('',*,*,#1587,.T.);
#2188=ORIENTED_EDGE('',*,*,#1571,.T.);
#2189=ORIENTED_EDGE('',*,*,#1588,.F.);
#2190=ORIENTED_EDGE('',*,*,#1582,.T.);
#2191=ORIENTED_EDGE('',*,*,#1588,.T.);
#2192=ORIENTED_EDGE('',*,*,#1570,.T.);
#2193=ORIENTED_EDGE('',*,*,#1589,.F.);
#2194=ORIENTED_EDGE('',*,*,#1580,.T.);
#2195=ORIENTED_EDGE('',*,*,#1589,.T.);
#2196=ORIENTED_EDGE('',*,*,#1569,.T.);
#2197=ORIENTED_EDGE('',*,*,#1590,.F.);
#2198=ORIENTED_EDGE('',*,*,#1578,.T.);
#2199=ORIENTED_EDGE('',*,*,#1583,.T.);
#2200=ORIENTED_EDGE('',*,*,#1576,.T.);
#2201=ORIENTED_EDGE('',*,*,#1590,.T.);
#2202=ORIENTED_EDGE('',*,*,#1568,.T.);
#2203=ORIENTED_EDGE('',*,*,#1591,.F.);
#2204=ORIENTED_EDGE('',*,*,#1592,.T.);
#2205=ORIENTED_EDGE('',*,*,#1410,.F.);
#2206=ORIENTED_EDGE('',*,*,#1593,.F.);
#2207=ORIENTED_EDGE('',*,*,#1594,.F.);
#2208=ORIENTED_EDGE('',*,*,#1593,.T.);
#2209=ORIENTED_EDGE('',*,*,#1409,.F.);
#2210=ORIENTED_EDGE('',*,*,#1595,.F.);
#2211=ORIENTED_EDGE('',*,*,#1596,.F.);
#2212=ORIENTED_EDGE('',*,*,#1595,.T.);
#2213=ORIENTED_EDGE('',*,*,#1408,.F.);
#2214=ORIENTED_EDGE('',*,*,#1597,.F.);
#2215=ORIENTED_EDGE('',*,*,#1598,.F.);
#2216=ORIENTED_EDGE('',*,*,#1597,.T.);
#2217=ORIENTED_EDGE('',*,*,#1407,.F.);
#2218=ORIENTED_EDGE('',*,*,#1599,.F.);
#2219=ORIENTED_EDGE('',*,*,#1600,.F.);
#2220=ORIENTED_EDGE('',*,*,#1599,.T.);
#2221=ORIENTED_EDGE('',*,*,#1406,.F.);
#2222=ORIENTED_EDGE('',*,*,#1601,.F.);
#2223=ORIENTED_EDGE('',*,*,#1602,.F.);
#2224=ORIENTED_EDGE('',*,*,#1601,.T.);
#2225=ORIENTED_EDGE('',*,*,#1405,.F.);
#2226=ORIENTED_EDGE('',*,*,#1603,.F.);
#2227=ORIENTED_EDGE('',*,*,#1604,.F.);
#2228=ORIENTED_EDGE('',*,*,#1603,.T.);
#2229=ORIENTED_EDGE('',*,*,#1404,.F.);
#2230=ORIENTED_EDGE('',*,*,#1605,.F.);
#2231=ORIENTED_EDGE('',*,*,#1606,.F.);
#2232=ORIENTED_EDGE('',*,*,#1607,.T.);
#2233=ORIENTED_EDGE('',*,*,#1411,.F.);
#2234=ORIENTED_EDGE('',*,*,#1592,.F.);
#2235=ORIENTED_EDGE('',*,*,#1608,.F.);
#2236=ORIENTED_EDGE('',*,*,#1609,.T.);
#2237=ORIENTED_EDGE('',*,*,#1412,.F.);
#2238=ORIENTED_EDGE('',*,*,#1607,.F.);
#2239=ORIENTED_EDGE('',*,*,#1610,.F.);
#2240=ORIENTED_EDGE('',*,*,#1611,.T.);
#2241=ORIENTED_EDGE('',*,*,#1413,.F.);
#2242=ORIENTED_EDGE('',*,*,#1609,.F.);
#2243=ORIENTED_EDGE('',*,*,#1612,.F.);
#2244=ORIENTED_EDGE('',*,*,#1613,.T.);
#2245=ORIENTED_EDGE('',*,*,#1414,.F.);
#2246=ORIENTED_EDGE('',*,*,#1611,.F.);
#2247=ORIENTED_EDGE('',*,*,#1614,.F.);
#2248=ORIENTED_EDGE('',*,*,#1615,.T.);
#2249=ORIENTED_EDGE('',*,*,#1415,.F.);
#2250=ORIENTED_EDGE('',*,*,#1613,.F.);
#2251=ORIENTED_EDGE('',*,*,#1616,.F.);
#2252=ORIENTED_EDGE('',*,*,#1617,.T.);
#2253=ORIENTED_EDGE('',*,*,#1416,.F.);
#2254=ORIENTED_EDGE('',*,*,#1615,.F.);
#2255=ORIENTED_EDGE('',*,*,#1618,.F.);
#2256=ORIENTED_EDGE('',*,*,#1605,.T.);
#2257=ORIENTED_EDGE('',*,*,#1403,.F.);
#2258=ORIENTED_EDGE('',*,*,#1617,.F.);
#2259=ORIENTED_EDGE('',*,*,#1606,.T.);
#2260=ORIENTED_EDGE('',*,*,#1591,.T.);
#2261=ORIENTED_EDGE('',*,*,#1594,.T.);
#2262=ORIENTED_EDGE('',*,*,#1596,.T.);
#2263=ORIENTED_EDGE('',*,*,#1598,.T.);
#2264=ORIENTED_EDGE('',*,*,#1600,.T.);
#2265=ORIENTED_EDGE('',*,*,#1602,.T.);
#2266=ORIENTED_EDGE('',*,*,#1604,.T.);
#2267=ORIENTED_EDGE('',*,*,#1618,.T.);
#2268=ORIENTED_EDGE('',*,*,#1616,.T.);
#2269=ORIENTED_EDGE('',*,*,#1614,.T.);
#2270=ORIENTED_EDGE('',*,*,#1612,.T.);
#2271=ORIENTED_EDGE('',*,*,#1610,.T.);
#2272=ORIENTED_EDGE('',*,*,#1608,.T.);
#2273=ORIENTED_EDGE('',*,*,#1619,.F.);
#2274=ORIENTED_EDGE('',*,*,#1620,.T.);
#2275=ORIENTED_EDGE('',*,*,#1423,.F.);
#2276=ORIENTED_EDGE('',*,*,#1621,.F.);
#2277=ORIENTED_EDGE('',*,*,#1622,.F.);
#2278=ORIENTED_EDGE('',*,*,#1621,.T.);
#2279=ORIENTED_EDGE('',*,*,#1422,.F.);
#2280=ORIENTED_EDGE('',*,*,#1623,.F.);
#2281=ORIENTED_EDGE('',*,*,#1624,.F.);
#2282=ORIENTED_EDGE('',*,*,#1623,.T.);
#2283=ORIENTED_EDGE('',*,*,#1421,.F.);
#2284=ORIENTED_EDGE('',*,*,#1625,.F.);
#2285=ORIENTED_EDGE('',*,*,#1626,.F.);
#2286=ORIENTED_EDGE('',*,*,#1625,.T.);
#2287=ORIENTED_EDGE('',*,*,#1420,.F.);
#2288=ORIENTED_EDGE('',*,*,#1627,.F.);
#2289=ORIENTED_EDGE('',*,*,#1628,.F.);
#2290=ORIENTED_EDGE('',*,*,#1627,.T.);
#2291=ORIENTED_EDGE('',*,*,#1419,.F.);
#2292=ORIENTED_EDGE('',*,*,#1629,.F.);
#2293=ORIENTED_EDGE('',*,*,#1630,.F.);
#2294=ORIENTED_EDGE('',*,*,#1629,.T.);
#2295=ORIENTED_EDGE('',*,*,#1418,.F.);
#2296=ORIENTED_EDGE('',*,*,#1631,.F.);
#2297=ORIENTED_EDGE('',*,*,#1632,.F.);
#2298=ORIENTED_EDGE('',*,*,#1633,.T.);
#2299=ORIENTED_EDGE('',*,*,#1424,.F.);
#2300=ORIENTED_EDGE('',*,*,#1620,.F.);
#2301=ORIENTED_EDGE('',*,*,#1634,.F.);
#2302=ORIENTED_EDGE('',*,*,#1635,.T.);
#2303=ORIENTED_EDGE('',*,*,#1425,.F.);
#2304=ORIENTED_EDGE('',*,*,#1633,.F.);
#2305=ORIENTED_EDGE('',*,*,#1636,.F.);
#2306=ORIENTED_EDGE('',*,*,#1637,.T.);
#2307=ORIENTED_EDGE('',*,*,#1426,.F.);
#2308=ORIENTED_EDGE('',*,*,#1635,.F.);
#2309=ORIENTED_EDGE('',*,*,#1638,.F.);
#2310=ORIENTED_EDGE('',*,*,#1639,.T.);
#2311=ORIENTED_EDGE('',*,*,#1427,.F.);
#2312=ORIENTED_EDGE('',*,*,#1637,.F.);
#2313=ORIENTED_EDGE('',*,*,#1640,.F.);
#2314=ORIENTED_EDGE('',*,*,#1641,.T.);
#2315=ORIENTED_EDGE('',*,*,#1428,.F.);
#2316=ORIENTED_EDGE('',*,*,#1639,.F.);
#2317=ORIENTED_EDGE('',*,*,#1642,.F.);
#2318=ORIENTED_EDGE('',*,*,#1631,.T.);
#2319=ORIENTED_EDGE('',*,*,#1417,.F.);
#2320=ORIENTED_EDGE('',*,*,#1641,.F.);
#2321=ORIENTED_EDGE('',*,*,#1632,.T.);
#2322=ORIENTED_EDGE('',*,*,#1619,.T.);
#2323=ORIENTED_EDGE('',*,*,#1622,.T.);
#2324=ORIENTED_EDGE('',*,*,#1624,.T.);
#2325=ORIENTED_EDGE('',*,*,#1626,.T.);
#2326=ORIENTED_EDGE('',*,*,#1628,.T.);
#2327=ORIENTED_EDGE('',*,*,#1630,.T.);
#2328=ORIENTED_EDGE('',*,*,#1642,.T.);
#2329=ORIENTED_EDGE('',*,*,#1640,.T.);
#2330=ORIENTED_EDGE('',*,*,#1638,.T.);
#2331=ORIENTED_EDGE('',*,*,#1636,.T.);
#2332=ORIENTED_EDGE('',*,*,#1634,.T.);
#2333=ORIENTED_EDGE('',*,*,#1468,.F.);
#2334=ORIENTED_EDGE('',*,*,#1454,.T.);
#2335=ORIENTED_EDGE('',*,*,#1434,.F.);
#2336=ORIENTED_EDGE('',*,*,#1478,.T.);
#2337=CONICAL_SURFACE('',#2506,0.774999999999996,1.02974425867665);
#2338=CONICAL_SURFACE('',#2518,0.775000000000003,1.02974425867665);
#2339=CONICAL_SURFACE('',#2530,0.774999999999998,1.02974425867665);
#2340=CONICAL_SURFACE('',#2542,0.774999999999999,1.02974425867665);
#2341=CONICAL_SURFACE('',#2554,0.775000000000011,1.02974425867665);
#2342=CONICAL_SURFACE('',#2566,0.774999999999992,1.02974425867665);
#2343=CONICAL_SURFACE('',#2574,0.774999999999998,1.02974425867665);
#2344=CONICAL_SURFACE('',#2582,0.774999999999996,1.02974425867665);
#2345=ADVANCED_FACE('',(#188),#2337,.F.);
#2346=ADVANCED_FACE('',(#189),#125,.F.);
#2347=ADVANCED_FACE('',(#190),#126,.T.);
#2348=ADVANCED_FACE('',(#191,#31),#59,.F.);
#2349=ADVANCED_FACE('',(#192),#127,.F.);
#2350=ADVANCED_FACE('',(#193,#32),#60,.F.);
#2351=ADVANCED_FACE('',(#194),#2338,.F.);
#2352=ADVANCED_FACE('',(#195),#128,.F.);
#2353=ADVANCED_FACE('',(#196),#129,.T.);
#2354=ADVANCED_FACE('',(#197,#33),#61,.F.);
#2355=ADVANCED_FACE('',(#198),#130,.F.);
#2356=ADVANCED_FACE('',(#199,#34),#62,.F.);
#2357=ADVANCED_FACE('',(#200),#2339,.F.);
#2358=ADVANCED_FACE('',(#201),#131,.F.);
#2359=ADVANCED_FACE('',(#202),#132,.T.);
#2360=ADVANCED_FACE('',(#203,#35),#63,.F.);
#2361=ADVANCED_FACE('',(#204),#133,.F.);
#2362=ADVANCED_FACE('',(#205,#36),#64,.F.);
#2363=ADVANCED_FACE('',(#206),#2340,.F.);
#2364=ADVANCED_FACE('',(#207),#134,.F.);
#2365=ADVANCED_FACE('',(#208),#135,.T.);
#2366=ADVANCED_FACE('',(#209,#37),#65,.F.);
#2367=ADVANCED_FACE('',(#210),#136,.F.);
#2368=ADVANCED_FACE('',(#211,#38),#66,.F.);
#2369=ADVANCED_FACE('',(#212),#2341,.F.);
#2370=ADVANCED_FACE('',(#213),#137,.F.);
#2371=ADVANCED_FACE('',(#214),#138,.T.);
#2372=ADVANCED_FACE('',(#215,#39),#67,.F.);
#2373=ADVANCED_FACE('',(#216),#139,.F.);
#2374=ADVANCED_FACE('',(#217,#40),#68,.F.);
#2375=ADVANCED_FACE('',(#218),#2342,.F.);
#2376=ADVANCED_FACE('',(#219),#140,.F.);
#2377=ADVANCED_FACE('',(#220),#141,.T.);
#2378=ADVANCED_FACE('',(#221,#41),#69,.F.);
#2379=ADVANCED_FACE('',(#222),#2343,.F.);
#2380=ADVANCED_FACE('',(#223),#142,.F.);
#2381=ADVANCED_FACE('',(#224),#143,.T.);
#2382=ADVANCED_FACE('',(#225,#42),#70,.F.);
#2383=ADVANCED_FACE('',(#226),#2344,.F.);
#2384=ADVANCED_FACE('',(#227),#144,.F.);
#2385=ADVANCED_FACE('',(#228),#145,.T.);
#2386=ADVANCED_FACE('',(#229,#43),#71,.F.);
#2387=ADVANCED_FACE('',(#230),#72,.F.);
#2388=ADVANCED_FACE('',(#231,#44,#45,#46,#47,#48,#49,#50,#51,#52,#53,#54,
#55,#56),#73,.F.);
#2389=ADVANCED_FACE('',(#232),#74,.F.);
#2390=ADVANCED_FACE('',(#233),#75,.T.);
#2391=ADVANCED_FACE('',(#234),#76,.F.);
#2392=ADVANCED_FACE('',(#235),#77,.F.);
#2393=ADVANCED_FACE('',(#236,#57),#78,.T.);
#2394=ADVANCED_FACE('',(#237),#79,.F.);
#2395=ADVANCED_FACE('',(#238),#80,.F.);
#2396=ADVANCED_FACE('',(#239),#81,.F.);
#2397=ADVANCED_FACE('',(#240),#82,.F.);
#2398=ADVANCED_FACE('',(#241),#83,.F.);
#2399=ADVANCED_FACE('',(#242),#84,.F.);
#2400=ADVANCED_FACE('',(#243),#85,.F.);
#2401=ADVANCED_FACE('',(#244),#86,.F.);
#2402=ADVANCED_FACE('',(#245),#146,.F.);
#2403=ADVANCED_FACE('',(#246),#87,.T.);
#2404=ADVANCED_FACE('',(#247),#147,.F.);
#2405=ADVANCED_FACE('',(#248),#88,.T.);
#2406=ADVANCED_FACE('',(#249),#148,.F.);
#2407=ADVANCED_FACE('',(#250),#89,.T.);
#2408=ADVANCED_FACE('',(#251),#90,.T.);
#2409=ADVANCED_FACE('',(#252),#149,.F.);
#2410=ADVANCED_FACE('',(#253),#91,.T.);
#2411=ADVANCED_FACE('',(#254),#150,.F.);
#2412=ADVANCED_FACE('',(#255),#92,.T.);
#2413=ADVANCED_FACE('',(#256),#151,.T.);
#2414=ADVANCED_FACE('',(#257),#152,.F.);
#2415=ADVANCED_FACE('',(#258),#93,.T.);
#2416=ADVANCED_FACE('',(#259),#153,.T.);
#2417=ADVANCED_FACE('',(#260),#94,.T.);
#2418=ADVANCED_FACE('',(#261),#154,.T.);
#2419=ADVANCED_FACE('',(#262),#95,.T.);
#2420=ADVANCED_FACE('',(#263),#96,.F.);
#2421=ADVANCED_FACE('',(#264),#97,.T.);
#2422=ADVANCED_FACE('',(#265),#155,.T.);
#2423=ADVANCED_FACE('',(#266),#98,.T.);
#2424=ADVANCED_FACE('',(#267),#156,.F.);
#2425=ADVANCED_FACE('',(#268),#99,.T.);
#2426=ADVANCED_FACE('',(#269),#157,.F.);
#2427=ADVANCED_FACE('',(#270),#100,.F.);
#2428=ADVANCED_FACE('',(#271),#158,.T.);
#2429=ADVANCED_FACE('',(#272),#101,.T.);
#2430=ADVANCED_FACE('',(#273),#159,.T.);
#2431=ADVANCED_FACE('',(#274),#102,.T.);
#2432=ADVANCED_FACE('',(#275),#160,.F.);
#2433=ADVANCED_FACE('',(#276),#103,.T.);
#2434=ADVANCED_FACE('',(#277),#161,.F.);
#2435=ADVANCED_FACE('',(#278),#104,.T.);
#2436=ADVANCED_FACE('',(#279),#162,.F.);
#2437=ADVANCED_FACE('',(#280),#105,.T.);
#2438=ADVANCED_FACE('',(#281),#163,.F.);
#2439=ADVANCED_FACE('',(#282),#106,.T.);
#2440=ADVANCED_FACE('',(#283),#23,.T.);
#2441=ADVANCED_FACE('',(#284),#164,.T.);
#2442=ADVANCED_FACE('',(#285),#24,.T.);
#2443=ADVANCED_FACE('',(#286),#165,.T.);
#2444=ADVANCED_FACE('',(#287),#25,.T.);
#2445=ADVANCED_FACE('',(#288),#166,.T.);
#2446=ADVANCED_FACE('',(#289),#26,.T.);
#2447=ADVANCED_FACE('',(#290),#167,.T.);
#2448=ADVANCED_FACE('',(#291,#58),#107,.F.);
#2449=ADVANCED_FACE('',(#292),#108,.T.);
#2450=ADVANCED_FACE('',(#293),#168,.T.);
#2451=ADVANCED_FACE('',(#294),#109,.T.);
#2452=ADVANCED_FACE('',(#295),#169,.T.);
#2453=ADVANCED_FACE('',(#296),#27,.T.);
#2454=ADVANCED_FACE('',(#297),#170,.T.);
#2455=ADVANCED_FACE('',(#298),#28,.T.);
#2456=ADVANCED_FACE('',(#299),#171,.T.);
#2457=ADVANCED_FACE('',(#300),#29,.T.);
#2458=ADVANCED_FACE('',(#301),#172,.T.);
#2459=ADVANCED_FACE('',(#302),#30,.T.);
#2460=ADVANCED_FACE('',(#303),#173,.T.);
#2461=ADVANCED_FACE('',(#304),#110,.F.);
#2462=ADVANCED_FACE('',(#305),#174,.T.);
#2463=ADVANCED_FACE('',(#306),#175,.T.);
#2464=ADVANCED_FACE('',(#307),#111,.F.);
#2465=ADVANCED_FACE('',(#308),#176,.T.);
#2466=ADVANCED_FACE('',(#309),#177,.T.);
#2467=ADVANCED_FACE('',(#310),#112,.F.);
#2468=ADVANCED_FACE('',(#311),#178,.F.);
#2469=ADVANCED_FACE('',(#312),#113,.F.);
#2470=ADVANCED_FACE('',(#313),#179,.F.);
#2471=ADVANCED_FACE('',(#314),#114,.F.);
#2472=ADVANCED_FACE('',(#315),#180,.F.);
#2473=ADVANCED_FACE('',(#316),#115,.F.);
#2474=ADVANCED_FACE('',(#317),#181,.F.);
#2475=ADVANCED_FACE('',(#318),#116,.F.);
#2476=ADVANCED_FACE('',(#319),#117,.F.);
#2477=ADVANCED_FACE('',(#320),#182,.T.);
#2478=ADVANCED_FACE('',(#321),#118,.F.);
#2479=ADVANCED_FACE('',(#322),#183,.T.);
#2480=ADVANCED_FACE('',(#323),#119,.F.);
#2481=ADVANCED_FACE('',(#324),#184,.F.);
#2482=ADVANCED_FACE('',(#325),#185,.F.);
#2483=ADVANCED_FACE('',(#326),#120,.F.);
#2484=ADVANCED_FACE('',(#327),#186,.F.);
#2485=ADVANCED_FACE('',(#328),#121,.F.);
#2486=ADVANCED_FACE('',(#329),#187,.F.);
#2487=ADVANCED_FACE('',(#330),#122,.F.);
#2488=ADVANCED_FACE('',(#331),#123,.F.);
#2489=ADVANCED_FACE('',(#332),#124,.F.);
#2490=CLOSED_SHELL('',(#2345,#2346,#2347,#2348,#2349,#2350,#2351,#2352,
#2353,#2354,#2355,#2356,#2357,#2358,#2359,#2360,#2361,#2362,#2363,#2364,
#2365,#2366,#2367,#2368,#2369,#2370,#2371,#2372,#2373,#2374,#2375,#2376,
#2377,#2378,#2379,#2380,#2381,#2382,#2383,#2384,#2385,#2386,#2387,#2388,
#2389,#2390,#2391,#2392,#2393,#2394,#2395,#2396,#2397,#2398,#2399,#2400,
#2401,#2402,#2403,#2404,#2405,#2406,#2407,#2408,#2409,#2410,#2411,#2412,
#2413,#2414,#2415,#2416,#2417,#2418,#2419,#2420,#2421,#2422,#2423,#2424,
#2425,#2426,#2427,#2428,#2429,#2430,#2431,#2432,#2433,#2434,#2435,#2436,
#2437,#2438,#2439,#2440,#2441,#2442,#2443,#2444,#2445,#2446,#2447,#2448,
#2449,#2450,#2451,#2452,#2453,#2454,#2455,#2456,#2457,#2458,#2459,#2460,
#2461,#2462,#2463,#2464,#2465,#2466,#2467,#2468,#2469,#2470,#2471,#2472,
#2473,#2474,#2475,#2476,#2477,#2478,#2479,#2480,#2481,#2482,#2483,#2484,
#2485,#2486,#2487,#2488,#2489));
#2491=DERIVED_UNIT_ELEMENT(#2493,1.);
#2492=DERIVED_UNIT_ELEMENT(#4304,-3.);
#2493=(
MASS_UNIT()
NAMED_UNIT(*)
SI_UNIT(.KILO.,.GRAM.)
);
#2494=DERIVED_UNIT((#2491,#2492));
#2495=MEASURE_REPRESENTATION_ITEM('density measure',
POSITIVE_RATIO_MEASURE(7850.),#2494);
#2496=PROPERTY_DEFINITION_REPRESENTATION(#2501,#2498);
#2497=PROPERTY_DEFINITION_REPRESENTATION(#2502,#2499);
#2498=REPRESENTATION('material name',(#2500),#4301);
#2499=REPRESENTATION('density',(#2495),#4301);
#2500=DESCRIPTIVE_REPRESENTATION_ITEM('Acier','Acier');
#2501=PROPERTY_DEFINITION('material property','material name',#4321);
#2502=PROPERTY_DEFINITION('material property','density of part',#4321);
#2503=AXIS2_PLACEMENT_3D('',#3568,#2787,#2788);
#2504=AXIS2_PLACEMENT_3D('',#3569,#2789,#2790);
#2505=AXIS2_PLACEMENT_3D('',#3570,#2791,#2792);
#2506=AXIS2_PLACEMENT_3D('',#3571,#2793,#2794);
#2507=AXIS2_PLACEMENT_3D('',#3573,#2795,#2796);
#2508=AXIS2_PLACEMENT_3D('',#3576,#2798,#2799);
#2509=AXIS2_PLACEMENT_3D('',#3578,#2800,#2801);
#2510=AXIS2_PLACEMENT_3D('',#3580,#2803,#2804);
#2511=AXIS2_PLACEMENT_3D('',#3582,#2805,#2806);
#2512=AXIS2_PLACEMENT_3D('',#3585,#2808,#2809);
#2513=AXIS2_PLACEMENT_3D('',#3586,#2810,#2811);
#2514=AXIS2_PLACEMENT_3D('',#3587,#2812,#2813);
#2515=AXIS2_PLACEMENT_3D('',#3589,#2814,#2815);
#2516=AXIS2_PLACEMENT_3D('',#3592,#2817,#2818);
#2517=AXIS2_PLACEMENT_3D('',#3593,#2819,#2820);
#2518=AXIS2_PLACEMENT_3D('',#3594,#2821,#2822);
#2519=AXIS2_PLACEMENT_3D('',#3596,#2823,#2824);
#2520=AXIS2_PLACEMENT_3D('',#3599,#2826,#2827);
#2521=AXIS2_PLACEMENT_3D('',#3601,#2828,#2829);
#2522=AXIS2_PLACEMENT_3D('',#3603,#2831,#2832);
#2523=AXIS2_PLACEMENT_3D('',#3605,#2833,#2834);
#2524=AXIS2_PLACEMENT_3D('',#3608,#2836,#2837);
#2525=AXIS2_PLACEMENT_3D('',#3609,#2838,#2839);
#2526=AXIS2_PLACEMENT_3D('',#3610,#2840,#2841);
#2527=AXIS2_PLACEMENT_3D('',#3612,#2842,#2843);
#2528=AXIS2_PLACEMENT_3D('',#3615,#2845,#2846);
#2529=AXIS2_PLACEMENT_3D('',#3616,#2847,#2848);
#2530=AXIS2_PLACEMENT_3D('',#3617,#2849,#2850);
#2531=AXIS2_PLACEMENT_3D('',#3619,#2851,#2852);
#2532=AXIS2_PLACEMENT_3D('',#3622,#2854,#2855);
#2533=AXIS2_PLACEMENT_3D('',#3624,#2856,#2857);
#2534=AXIS2_PLACEMENT_3D('',#3626,#2859,#2860);
#2535=AXIS2_PLACEMENT_3D('',#3628,#2861,#2862);
#2536=AXIS2_PLACEMENT_3D('',#3631,#2864,#2865);
#2537=AXIS2_PLACEMENT_3D('',#3632,#2866,#2867);
#2538=AXIS2_PLACEMENT_3D('',#3633,#2868,#2869);
#2539=AXIS2_PLACEMENT_3D('',#3635,#2870,#2871);
#2540=AXIS2_PLACEMENT_3D('',#3638,#2873,#2874);
#2541=AXIS2_PLACEMENT_3D('',#3639,#2875,#2876);
#2542=AXIS2_PLACEMENT_3D('',#3640,#2877,#2878);
#2543=AXIS2_PLACEMENT_3D('',#3642,#2879,#2880);
#2544=AXIS2_PLACEMENT_3D('',#3645,#2882,#2883);
#2545=AXIS2_PLACEMENT_3D('',#3647,#2884,#2885);
#2546=AXIS2_PLACEMENT_3D('',#3649,#2887,#2888);
#2547=AXIS2_PLACEMENT_3D('',#3651,#2889,#2890);
#2548=AXIS2_PLACEMENT_3D('',#3654,#2892,#2893);
#2549=AXIS2_PLACEMENT_3D('',#3655,#2894,#2895);
#2550=AXIS2_PLACEMENT_3D('',#3656,#2896,#2897);
#2551=AXIS2_PLACEMENT_3D('',#3658,#2898,#2899);
#2552=AXIS2_PLACEMENT_3D('',#3661,#2901,#2902);
#2553=AXIS2_PLACEMENT_3D('',#3662,#2903,#2904);
#2554=AXIS2_PLACEMENT_3D('',#3663,#2905,#2906);
#2555=AXIS2_PLACEMENT_3D('',#3665,#2907,#2908);
#2556=AXIS2_PLACEMENT_3D('',#3668,#2910,#2911);
#2557=AXIS2_PLACEMENT_3D('',#3670,#2912,#2913);
#2558=AXIS2_PLACEMENT_3D('',#3672,#2915,#2916);
#2559=AXIS2_PLACEMENT_3D('',#3674,#2917,#2918);
#2560=AXIS2_PLACEMENT_3D('',#3677,#2920,#2921);
#2561=AXIS2_PLACEMENT_3D('',#3678,#2922,#2923);
#2562=AXIS2_PLACEMENT_3D('',#3679,#2924,#2925);
#2563=AXIS2_PLACEMENT_3D('',#3681,#2926,#2927);
#2564=AXIS2_PLACEMENT_3D('',#3684,#2929,#2930);
#2565=AXIS2_PLACEMENT_3D('',#3685,#2931,#2932);
#2566=AXIS2_PLACEMENT_3D('',#3686,#2933,#2934);
#2567=AXIS2_PLACEMENT_3D('',#3688,#2935,#2936);
#2568=AXIS2_PLACEMENT_3D('',#3691,#2938,#2939);
#2569=AXIS2_PLACEMENT_3D('',#3693,#2940,#2941);
#2570=AXIS2_PLACEMENT_3D('',#3695,#2943,#2944);
#2571=AXIS2_PLACEMENT_3D('',#3697,#2945,#2946);
#2572=AXIS2_PLACEMENT_3D('',#3700,#2948,#2949);
#2573=AXIS2_PLACEMENT_3D('',#3701,#2950,#2951);
#2574=AXIS2_PLACEMENT_3D('',#3702,#2952,#2953);
#2575=AXIS2_PLACEMENT_3D('',#3704,#2954,#2955);
#2576=AXIS2_PLACEMENT_3D('',#3707,#2957,#2958);
#2577=AXIS2_PLACEMENT_3D('',#3709,#2959,#2960);
#2578=AXIS2_PLACEMENT_3D('',#3711,#2962,#2963);
#2579=AXIS2_PLACEMENT_3D('',#3713,#2964,#2965);
#2580=AXIS2_PLACEMENT_3D('',#3716,#2967,#2968);
#2581=AXIS2_PLACEMENT_3D('',#3717,#2969,#2970);
#2582=AXIS2_PLACEMENT_3D('',#3718,#2971,#2972);
#2583=AXIS2_PLACEMENT_3D('',#3720,#2973,#2974);
#2584=AXIS2_PLACEMENT_3D('',#3723,#2976,#2977);
#2585=AXIS2_PLACEMENT_3D('',#3725,#2978,#2979);
#2586=AXIS2_PLACEMENT_3D('',#3727,#2981,#2982);
#2587=AXIS2_PLACEMENT_3D('',#3729,#2983,#2984);
#2588=AXIS2_PLACEMENT_3D('',#3732,#2986,#2987);
#2589=AXIS2_PLACEMENT_3D('',#3733,#2988,#2989);
#2590=AXIS2_PLACEMENT_3D('',#3734,#2990,#2991);
#2591=AXIS2_PLACEMENT_3D('',#3743,#2996,#2997);
#2592=AXIS2_PLACEMENT_3D('',#3746,#2998,#2999);
#2593=AXIS2_PLACEMENT_3D('',#3750,#3001,#3002);
#2594=AXIS2_PLACEMENT_3D('',#3754,#3004,#3005);
#2595=AXIS2_PLACEMENT_3D('',#3758,#3007,#3008);
#2596=AXIS2_PLACEMENT_3D('',#3764,#3011,#3012);
#2597=AXIS2_PLACEMENT_3D('',#3768,#3014,#3015);
#2598=AXIS2_PLACEMENT_3D('',#3772,#3017,#3018);
#2599=AXIS2_PLACEMENT_3D('',#3776,#3020,#3021);
#2600=AXIS2_PLACEMENT_3D('',#3780,#3023,#3024);
#2601=AXIS2_PLACEMENT_3D('',#3783,#3026,#3027);
#2602=AXIS2_PLACEMENT_3D('',#3786,#3028,#3029);
#2603=AXIS2_PLACEMENT_3D('',#3790,#3031,#3032);
#2604=AXIS2_PLACEMENT_3D('',#3794,#3034,#3035);
#2605=AXIS2_PLACEMENT_3D('',#3798,#3037,#3038);
#2606=AXIS2_PLACEMENT_3D('',#3802,#3040,#3041);
#2607=AXIS2_PLACEMENT_3D('',#3806,#3043,#3044);
#2608=AXIS2_PLACEMENT_3D('',#3810,#3046,#3047);
#2609=AXIS2_PLACEMENT_3D('',#3814,#3049,#3050);
#2610=AXIS2_PLACEMENT_3D('',#3816,#3051,#3052);
#2611=AXIS2_PLACEMENT_3D('',#3820,#3054,#3055);
#2612=AXIS2_PLACEMENT_3D('',#3822,#3056,#3057);
#2613=AXIS2_PLACEMENT_3D('',#3826,#3059,#3060);
#2614=AXIS2_PLACEMENT_3D('',#3830,#3062,#3063);
#2615=AXIS2_PLACEMENT_3D('',#3834,#3065,#3066);
#2616=AXIS2_PLACEMENT_3D('',#3840,#3069,#3070);
#2617=AXIS2_PLACEMENT_3D('',#3844,#3072,#3073);
#2618=AXIS2_PLACEMENT_3D('',#3848,#3075,#3076);
#2619=AXIS2_PLACEMENT_3D('',#3852,#3078,#3079);
#2620=AXIS2_PLACEMENT_3D('',#3856,#3081,#3082);
#2621=AXIS2_PLACEMENT_3D('',#3859,#3084,#3085);
#2622=AXIS2_PLACEMENT_3D('',#3889,#3101,#3102);
#2623=AXIS2_PLACEMENT_3D('',#3893,#3105,#3106);
#2624=AXIS2_PLACEMENT_3D('',#3899,#3110,#3111);
#2625=AXIS2_PLACEMENT_3D('',#3905,#3115,#3116);
#2626=AXIS2_PLACEMENT_3D('',#3911,#3120,#3121);
#2627=AXIS2_PLACEMENT_3D('',#3916,#3123,#3124);
#2628=AXIS2_PLACEMENT_3D('',#3920,#3126,#3127);
#2629=AXIS2_PLACEMENT_3D('',#3924,#3129,#3130);
#2630=AXIS2_PLACEMENT_3D('',#3927,#3132,#3133);
#2631=AXIS2_PLACEMENT_3D('',#3944,#3143,#3144);
#2632=AXIS2_PLACEMENT_3D('',#3946,#3146,#3147);
#2633=AXIS2_PLACEMENT_3D('',#3949,#3150,#3151);
#2634=AXIS2_PLACEMENT_3D('',#3950,#3152,#3153);
#2635=AXIS2_PLACEMENT_3D('',#3952,#3155,#3156);
#2636=AXIS2_PLACEMENT_3D('',#3953,#3157,#3158);
#2637=AXIS2_PLACEMENT_3D('',#3955,#3160,#3161);
#2638=AXIS2_PLACEMENT_3D('',#3957,#3163,#3164);
#2639=AXIS2_PLACEMENT_3D('',#3959,#3166,#3167);
#2640=AXIS2_PLACEMENT_3D('',#3962,#3168,#3169);
#2641=AXIS2_PLACEMENT_3D('',#3965,#3172,#3173);
#2642=AXIS2_PLACEMENT_3D('',#3969,#3176,#3177);
#2643=AXIS2_PLACEMENT_3D('',#3971,#3178,#3179);
#2644=AXIS2_PLACEMENT_3D('',#3973,#3181,#3182);
#2645=AXIS2_PLACEMENT_3D('',#3977,#3185,#3186);
#2646=AXIS2_PLACEMENT_3D('',#3979,#3187,#3188);
#2647=AXIS2_PLACEMENT_3D('',#3981,#3190,#3191);
#2648=AXIS2_PLACEMENT_3D('',#3985,#3194,#3195);
#2649=AXIS2_PLACEMENT_3D('',#3991,#3199,#3200);
#2650=AXIS2_PLACEMENT_3D('',#3993,#3201,#3202);
#2651=AXIS2_PLACEMENT_3D('',#3995,#3204,#3205);
#2652=AXIS2_PLACEMENT_3D('',#3999,#3208,#3209);
#2653=AXIS2_PLACEMENT_3D('',#4001,#3210,#3211);
#2654=AXIS2_PLACEMENT_3D('',#4003,#3213,#3214);
#2655=AXIS2_PLACEMENT_3D('',#4007,#3217,#3218);
#2656=AXIS2_PLACEMENT_3D('',#4009,#3219,#3220);
#2657=AXIS2_PLACEMENT_3D('',#4011,#3222,#3223);
#2658=AXIS2_PLACEMENT_3D('',#4013,#3224,#3225);
#2659=AXIS2_PLACEMENT_3D('',#4015,#3227,#3228);
#2660=AXIS2_PLACEMENT_3D('',#4019,#3231,#3232);
#2661=AXIS2_PLACEMENT_3D('',#4021,#3233,#3234);
#2662=AXIS2_PLACEMENT_3D('',#4023,#3236,#3237);
#2663=AXIS2_PLACEMENT_3D('',#4027,#3240,#3241);
#2664=AXIS2_PLACEMENT_3D('',#4029,#3242,#3243);
#2665=AXIS2_PLACEMENT_3D('',#4031,#3245,#3246);
#2666=AXIS2_PLACEMENT_3D('',#4033,#3248,#3249);
#2667=AXIS2_PLACEMENT_3D('',#4034,#3250,#3251);
#2668=AXIS2_PLACEMENT_3D('',#4038,#3254,#3255);
#2669=AXIS2_PLACEMENT_3D('',#4040,#3256,#3257);
#2670=AXIS2_PLACEMENT_3D('',#4042,#3259,#3260);
#2671=AXIS2_PLACEMENT_3D('',#4046,#3263,#3264);
#2672=AXIS2_PLACEMENT_3D('',#4048,#3265,#3266);
#2673=AXIS2_PLACEMENT_3D('',#4050,#3268,#3269);
#2674=AXIS2_PLACEMENT_3D('',#4054,#3272,#3273);
#2675=AXIS2_PLACEMENT_3D('',#4055,#3274,#3275);
#2676=AXIS2_PLACEMENT_3D('',#4056,#3276,#3277);
#2677=AXIS2_PLACEMENT_3D('',#4057,#3278,#3279);
#2678=AXIS2_PLACEMENT_3D('',#4060,#3280,#3281);
#2679=AXIS2_PLACEMENT_3D('',#4064,#3283,#3284);
#2680=AXIS2_PLACEMENT_3D('',#4066,#3286,#3287);
#2681=AXIS2_PLACEMENT_3D('',#4072,#3291,#3292);
#2682=AXIS2_PLACEMENT_3D('',#4074,#3293,#3294);
#2683=AXIS2_PLACEMENT_3D('',#4077,#3296,#3297);
#2684=AXIS2_PLACEMENT_3D('',#4078,#3298,#3299);
#2685=AXIS2_PLACEMENT_3D('',#4084,#3303,#3304);
#2686=AXIS2_PLACEMENT_3D('',#4086,#3305,#3306);
#2687=AXIS2_PLACEMENT_3D('',#4088,#3308,#3309);
#2688=AXIS2_PLACEMENT_3D('',#4092,#3312,#3313);
#2689=AXIS2_PLACEMENT_3D('',#4094,#3314,#3315);
#2690=AXIS2_PLACEMENT_3D('',#4096,#3317,#3318);
#2691=AXIS2_PLACEMENT_3D('',#4100,#3321,#3322);
#2692=AXIS2_PLACEMENT_3D('',#4102,#3323,#3324);
#2693=AXIS2_PLACEMENT_3D('',#4104,#3326,#3327);
#2694=AXIS2_PLACEMENT_3D('',#4108,#3330,#3331);
#2695=AXIS2_PLACEMENT_3D('',#4109,#3332,#3333);
#2696=AXIS2_PLACEMENT_3D('',#4110,#3334,#3335);
#2697=AXIS2_PLACEMENT_3D('',#4116,#3339,#3340);
#2698=AXIS2_PLACEMENT_3D('',#4117,#3341,#3342);
#2699=AXIS2_PLACEMENT_3D('',#4118,#3343,#3344);
#2700=AXIS2_PLACEMENT_3D('',#4119,#3345,#3346);
#2701=AXIS2_PLACEMENT_3D('',#4120,#3347,#3348);
#2702=AXIS2_PLACEMENT_3D('',#4121,#3349,#3350);
#2703=AXIS2_PLACEMENT_3D('',#4122,#3351,#3352);
#2704=AXIS2_PLACEMENT_3D('',#4123,#3353,#3354);
#2705=AXIS2_PLACEMENT_3D('',#4125,#3355,#3356);
#2706=AXIS2_PLACEMENT_3D('',#4127,#3358,#3359);
#2707=AXIS2_PLACEMENT_3D('',#4129,#3360,#3361);
#2708=AXIS2_PLACEMENT_3D('',#4130,#3362,#3363);
#2709=AXIS2_PLACEMENT_3D('',#4131,#3364,#3365);
#2710=AXIS2_PLACEMENT_3D('',#4133,#3366,#3367);
#2711=AXIS2_PLACEMENT_3D('',#4135,#3369,#3370);
#2712=AXIS2_PLACEMENT_3D('',#4136,#3371,#3372);
#2713=AXIS2_PLACEMENT_3D('',#4137,#3373,#3374);
#2714=AXIS2_PLACEMENT_3D('',#4138,#3375,#3376);
#2715=AXIS2_PLACEMENT_3D('',#4139,#3377,#3378);
#2716=AXIS2_PLACEMENT_3D('',#4144,#3380,#3381);
#2717=AXIS2_PLACEMENT_3D('',#4148,#3383,#3384);
#2718=AXIS2_PLACEMENT_3D('',#4152,#3386,#3387);
#2719=AXIS2_PLACEMENT_3D('',#4155,#3389,#3390);
#2720=AXIS2_PLACEMENT_3D('',#4156,#3391,#3392);
#2721=AXIS2_PLACEMENT_3D('',#4160,#3395,#3396);
#2722=AXIS2_PLACEMENT_3D('',#4162,#3397,#3398);
#2723=AXIS2_PLACEMENT_3D('',#4164,#3400,#3401);
#2724=AXIS2_PLACEMENT_3D('',#4168,#3404,#3405);
#2725=AXIS2_PLACEMENT_3D('',#4169,#3406,#3407);
#2726=AXIS2_PLACEMENT_3D('',#4170,#3408,#3409);
#2727=AXIS2_PLACEMENT_3D('',#4171,#3410,#3411);
#2728=AXIS2_PLACEMENT_3D('',#4172,#3412,#3413);
#2729=AXIS2_PLACEMENT_3D('',#4173,#3414,#3415);
#2730=AXIS2_PLACEMENT_3D('',#4174,#3416,#3417);
#2731=AXIS2_PLACEMENT_3D('',#4175,#3418,#3419);
#2732=AXIS2_PLACEMENT_3D('',#4176,#3420,#3421);
#2733=AXIS2_PLACEMENT_3D('',#4177,#3422,#3423);
#2734=AXIS2_PLACEMENT_3D('',#4178,#3424,#3425);
#2735=AXIS2_PLACEMENT_3D('',#4179,#3426,#3427);
#2736=AXIS2_PLACEMENT_3D('',#4180,#3428,#3429);
#2737=AXIS2_PLACEMENT_3D('',#4181,#3430,#3431);
#2738=AXIS2_PLACEMENT_3D('',#4182,#3432,#3433);
#2739=AXIS2_PLACEMENT_3D('',#4183,#3434,#3435);
#2740=AXIS2_PLACEMENT_3D('',#4184,#3436,#3437);
#2741=AXIS2_PLACEMENT_3D('',#4185,#3438,#3439);
#2742=AXIS2_PLACEMENT_3D('',#4186,#3440,#3441);
#2743=AXIS2_PLACEMENT_3D('',#4192,#3445,#3446);
#2744=AXIS2_PLACEMENT_3D('',#4194,#3447,#3448);
#2745=AXIS2_PLACEMENT_3D('',#4196,#3450,#3451);
#2746=AXIS2_PLACEMENT_3D('',#4198,#3452,#3453);
#2747=AXIS2_PLACEMENT_3D('',#4200,#3455,#3456);
#2748=AXIS2_PLACEMENT_3D('',#4204,#3459,#3460);
#2749=AXIS2_PLACEMENT_3D('',#4206,#3461,#3462);
#2750=AXIS2_PLACEMENT_3D('',#4208,#3464,#3465);
#2751=AXIS2_PLACEMENT_3D('',#4210,#3466,#3467);
#2752=AXIS2_PLACEMENT_3D('',#4212,#3469,#3470);
#2753=AXIS2_PLACEMENT_3D('',#4216,#3473,#3474);
#2754=AXIS2_PLACEMENT_3D('',#4218,#3475,#3476);
#2755=AXIS2_PLACEMENT_3D('',#4220,#3478,#3479);
#2756=AXIS2_PLACEMENT_3D('',#4224,#3482,#3483);
#2757=AXIS2_PLACEMENT_3D('',#4226,#3484,#3485);
#2758=AXIS2_PLACEMENT_3D('',#4228,#3487,#3488);
#2759=AXIS2_PLACEMENT_3D('',#4232,#3491,#3492);
#2760=AXIS2_PLACEMENT_3D('',#4234,#3493,#3494);
#2761=AXIS2_PLACEMENT_3D('',#4236,#3496,#3497);
#2762=AXIS2_PLACEMENT_3D('',#4240,#3500,#3501);
#2763=AXIS2_PLACEMENT_3D('',#4241,#3502,#3503);
#2764=AXIS2_PLACEMENT_3D('',#4242,#3504,#3505);
#2765=AXIS2_PLACEMENT_3D('',#4243,#3506,#3507);
#2766=AXIS2_PLACEMENT_3D('',#4249,#3511,#3512);
#2767=AXIS2_PLACEMENT_3D('',#4251,#3513,#3514);
#2768=AXIS2_PLACEMENT_3D('',#4253,#3516,#3517);
#2769=AXIS2_PLACEMENT_3D('',#4257,#3520,#3521);
#2770=AXIS2_PLACEMENT_3D('',#4259,#3522,#3523);
#2771=AXIS2_PLACEMENT_3D('',#4261,#3525,#3526);
#2772=AXIS2_PLACEMENT_3D('',#4265,#3529,#3530);
#2773=AXIS2_PLACEMENT_3D('',#4267,#3531,#3532);
#2774=AXIS2_PLACEMENT_3D('',#4269,#3534,#3535);
#2775=AXIS2_PLACEMENT_3D('',#4271,#3536,#3537);
#2776=AXIS2_PLACEMENT_3D('',#4273,#3539,#3540);
#2777=AXIS2_PLACEMENT_3D('',#4277,#3543,#3544);
#2778=AXIS2_PLACEMENT_3D('',#4279,#3545,#3546);
#2779=AXIS2_PLACEMENT_3D('',#4281,#3548,#3549);
#2780=AXIS2_PLACEMENT_3D('',#4285,#3552,#3553);
#2781=AXIS2_PLACEMENT_3D('',#4287,#3554,#3555);
#2782=AXIS2_PLACEMENT_3D('',#4289,#3557,#3558);
#2783=AXIS2_PLACEMENT_3D('',#4291,#3560,#3561);
#2784=AXIS2_PLACEMENT_3D('',#4292,#3562,#3563);
#2785=AXIS2_PLACEMENT_3D('',#4293,#3564,#3565);
#2786=AXIS2_PLACEMENT_3D('',#4294,#3566,#3567);
#2787=DIRECTION('axis',(0.,0.,1.));
#2788=DIRECTION('refdir',(1.,0.,0.));
#2789=DIRECTION('axis',(0.,0.,1.));
#2790=DIRECTION('refdir',(1.,0.,0.));
#2791=DIRECTION('axis',(0.,0.,1.));
#2792=DIRECTION('refdir',(1.,0.,0.));
#2793=DIRECTION('center_axis',(0.,0.,-1.));
#2794=DIRECTION('ref_axis',(-1.,0.,0.));
#2795=DIRECTION('center_axis',(0.,0.,1.));
#2796=DIRECTION('ref_axis',(-1.,0.,0.));
#2797=DIRECTION('',(-0.857167300702112,-1.04972719113862E-16,0.515038074910054));
#2798=DIRECTION('center_axis',(0.,0.,1.));
#2799=DIRECTION('ref_axis',(-1.,0.,0.));
#2800=DIRECTION('center_axis',(0.,0.,1.));
#2801=DIRECTION('ref_axis',(-1.,0.,0.));
#2802=DIRECTION('',(0.,0.,1.));
#2803=DIRECTION('center_axis',(0.,0.,1.));
#2804=DIRECTION('ref_axis',(1.,0.,0.));
#2805=DIRECTION('center_axis',(0.,0.,1.));
#2806=DIRECTION('ref_axis',(1.,0.,0.));
#2807=DIRECTION('',(0.,0.,-1.));
#2808=DIRECTION('center_axis',(0.,0.,1.));
#2809=DIRECTION('ref_axis',(1.,0.,0.));
#2810=DIRECTION('center_axis',(0.,0.,1.));
#2811=DIRECTION('ref_axis',(1.,0.,0.));
#2812=DIRECTION('center_axis',(0.,0.,1.));
#2813=DIRECTION('ref_axis',(1.,0.,0.));
#2814=DIRECTION('center_axis',(0.,0.,1.));
#2815=DIRECTION('ref_axis',(1.,0.,0.));
#2816=DIRECTION('',(0.,0.,1.));
#2817=DIRECTION('center_axis',(0.,0.,1.));
#2818=DIRECTION('ref_axis',(1.,0.,0.));
#2819=DIRECTION('center_axis',(0.,0.,1.));
#2820=DIRECTION('ref_axis',(1.,0.,0.));
#2821=DIRECTION('center_axis',(0.,0.,-1.));
#2822=DIRECTION('ref_axis',(-1.,0.,0.));
#2823=DIRECTION('center_axis',(0.,0.,1.));
#2824=DIRECTION('ref_axis',(-1.,0.,0.));
#2825=DIRECTION('',(-0.857167300702112,-1.04972719113862E-16,0.515038074910054));
#2826=DIRECTION('center_axis',(0.,0.,1.));
#2827=DIRECTION('ref_axis',(-1.,0.,0.));
#2828=DIRECTION('center_axis',(0.,0.,1.));
#2829=DIRECTION('ref_axis',(-1.,0.,0.));
#2830=DIRECTION('',(0.,0.,1.));
#2831=DIRECTION('center_axis',(0.,0.,1.));
#2832=DIRECTION('ref_axis',(1.,0.,0.));
#2833=DIRECTION('center_axis',(0.,0.,1.));
#2834=DIRECTION('ref_axis',(1.,0.,0.));
#2835=DIRECTION('',(0.,0.,-1.));
#2836=DIRECTION('center_axis',(0.,0.,1.));
#2837=DIRECTION('ref_axis',(1.,0.,0.));
#2838=DIRECTION('center_axis',(0.,0.,1.));
#2839=DIRECTION('ref_axis',(1.,0.,0.));
#2840=DIRECTION('center_axis',(0.,0.,1.));
#2841=DIRECTION('ref_axis',(1.,0.,0.));
#2842=DIRECTION('center_axis',(0.,0.,1.));
#2843=DIRECTION('ref_axis',(1.,0.,0.));
#2844=DIRECTION('',(0.,0.,1.));
#2845=DIRECTION('center_axis',(0.,0.,1.));
#2846=DIRECTION('ref_axis',(1.,0.,0.));
#2847=DIRECTION('center_axis',(0.,0.,1.));
#2848=DIRECTION('ref_axis',(1.,0.,0.));
#2849=DIRECTION('center_axis',(0.,0.,-1.));
#2850=DIRECTION('ref_axis',(-1.,0.,0.));
#2851=DIRECTION('center_axis',(0.,0.,1.));
#2852=DIRECTION('ref_axis',(-1.,0.,0.));
#2853=DIRECTION('',(-0.857167300702112,-1.04972719113862E-16,0.515038074910054));
#2854=DIRECTION('center_axis',(0.,0.,1.));
#2855=DIRECTION('ref_axis',(-1.,0.,0.));
#2856=DIRECTION('center_axis',(0.,0.,1.));
#2857=DIRECTION('ref_axis',(-1.,0.,0.));
#2858=DIRECTION('',(0.,0.,1.));
#2859=DIRECTION('center_axis',(0.,0.,1.));
#2860=DIRECTION('ref_axis',(1.,0.,0.));
#2861=DIRECTION('center_axis',(0.,0.,1.));
#2862=DIRECTION('ref_axis',(1.,0.,0.));
#2863=DIRECTION('',(0.,0.,-1.));
#2864=DIRECTION('center_axis',(0.,0.,1.));
#2865=DIRECTION('ref_axis',(1.,0.,0.));
#2866=DIRECTION('center_axis',(0.,0.,1.));
#2867=DIRECTION('ref_axis',(1.,0.,0.));
#2868=DIRECTION('center_axis',(0.,0.,1.));
#2869=DIRECTION('ref_axis',(1.,0.,0.));
#2870=DIRECTION('center_axis',(0.,0.,1.));
#2871=DIRECTION('ref_axis',(1.,0.,0.));
#2872=DIRECTION('',(0.,0.,1.));
#2873=DIRECTION('center_axis',(0.,0.,1.));
#2874=DIRECTION('ref_axis',(1.,0.,0.));
#2875=DIRECTION('center_axis',(0.,0.,1.));
#2876=DIRECTION('ref_axis',(1.,0.,0.));
#2877=DIRECTION('center_axis',(0.,0.,-1.));
#2878=DIRECTION('ref_axis',(-1.,0.,0.));
#2879=DIRECTION('center_axis',(0.,0.,1.));
#2880=DIRECTION('ref_axis',(-1.,0.,0.));
#2881=DIRECTION('',(-0.857167300702112,-1.04972719113862E-16,0.515038074910054));
#2882=DIRECTION('center_axis',(0.,0.,1.));
#2883=DIRECTION('ref_axis',(-1.,0.,0.));
#2884=DIRECTION('center_axis',(0.,0.,1.));
#2885=DIRECTION('ref_axis',(-1.,0.,0.));
#2886=DIRECTION('',(0.,0.,1.));
#2887=DIRECTION('center_axis',(0.,0.,1.));
#2888=DIRECTION('ref_axis',(1.,0.,0.));
#2889=DIRECTION('center_axis',(0.,0.,1.));
#2890=DIRECTION('ref_axis',(1.,0.,0.));
#2891=DIRECTION('',(0.,0.,-1.));
#2892=DIRECTION('center_axis',(0.,0.,1.));
#2893=DIRECTION('ref_axis',(1.,0.,0.));
#2894=DIRECTION('center_axis',(0.,0.,1.));
#2895=DIRECTION('ref_axis',(1.,0.,0.));
#2896=DIRECTION('center_axis',(0.,0.,1.));
#2897=DIRECTION('ref_axis',(1.,0.,0.));
#2898=DIRECTION('center_axis',(0.,0.,1.));
#2899=DIRECTION('ref_axis',(1.,0.,0.));
#2900=DIRECTION('',(0.,0.,1.));
#2901=DIRECTION('center_axis',(0.,0.,1.));
#2902=DIRECTION('ref_axis',(1.,0.,0.));
#2903=DIRECTION('center_axis',(0.,0.,1.));
#2904=DIRECTION('ref_axis',(1.,0.,0.));
#2905=DIRECTION('center_axis',(0.,0.,-1.));
#2906=DIRECTION('ref_axis',(-1.,0.,0.));
#2907=DIRECTION('center_axis',(0.,0.,1.));
#2908=DIRECTION('ref_axis',(-1.,0.,0.));
#2909=DIRECTION('',(-0.857167300702112,-1.04972719113862E-16,0.515038074910054));
#2910=DIRECTION('center_axis',(0.,0.,1.));
#2911=DIRECTION('ref_axis',(-1.,0.,0.));
#2912=DIRECTION('center_axis',(0.,0.,1.));
#2913=DIRECTION('ref_axis',(-1.,0.,0.));
#2914=DIRECTION('',(0.,0.,1.));
#2915=DIRECTION('center_axis',(0.,0.,1.));
#2916=DIRECTION('ref_axis',(1.,0.,0.));
#2917=DIRECTION('center_axis',(0.,0.,1.));
#2918=DIRECTION('ref_axis',(1.,0.,0.));
#2919=DIRECTION('',(0.,0.,-1.));
#2920=DIRECTION('center_axis',(0.,0.,1.));
#2921=DIRECTION('ref_axis',(1.,0.,0.));
#2922=DIRECTION('center_axis',(0.,0.,1.));
#2923=DIRECTION('ref_axis',(1.,0.,0.));
#2924=DIRECTION('center_axis',(0.,0.,1.));
#2925=DIRECTION('ref_axis',(1.,0.,0.));
#2926=DIRECTION('center_axis',(0.,0.,1.));
#2927=DIRECTION('ref_axis',(1.,0.,0.));
#2928=DIRECTION('',(0.,0.,1.));
#2929=DIRECTION('center_axis',(0.,0.,1.));
#2930=DIRECTION('ref_axis',(1.,0.,0.));
#2931=DIRECTION('center_axis',(0.,0.,1.));
#2932=DIRECTION('ref_axis',(1.,0.,0.));
#2933=DIRECTION('center_axis',(0.,0.,-1.));
#2934=DIRECTION('ref_axis',(-1.,0.,0.));
#2935=DIRECTION('center_axis',(0.,0.,1.));
#2936=DIRECTION('ref_axis',(-1.,0.,0.));
#2937=DIRECTION('',(-0.857167300702112,-1.04972719113862E-16,0.515038074910054));
#2938=DIRECTION('center_axis',(0.,0.,1.));
#2939=DIRECTION('ref_axis',(-1.,0.,0.));
#2940=DIRECTION('center_axis',(0.,0.,1.));
#2941=DIRECTION('ref_axis',(-1.,0.,0.));
#2942=DIRECTION('',(0.,0.,1.));
#2943=DIRECTION('center_axis',(0.,0.,1.));
#2944=DIRECTION('ref_axis',(1.,0.,0.));
#2945=DIRECTION('center_axis',(0.,0.,1.));
#2946=DIRECTION('ref_axis',(1.,0.,0.));
#2947=DIRECTION('',(0.,0.,-1.));
#2948=DIRECTION('center_axis',(0.,0.,1.));
#2949=DIRECTION('ref_axis',(1.,0.,0.));
#2950=DIRECTION('center_axis',(0.,0.,1.));
#2951=DIRECTION('ref_axis',(1.,0.,0.));
#2952=DIRECTION('center_axis',(0.,0.,-1.));
#2953=DIRECTION('ref_axis',(-1.,0.,0.));
#2954=DIRECTION('center_axis',(0.,0.,1.));
#2955=DIRECTION('ref_axis',(-1.,0.,0.));
#2956=DIRECTION('',(-0.857167300702112,-1.04972719113862E-16,0.515038074910054));
#2957=DIRECTION('center_axis',(0.,0.,1.));
#2958=DIRECTION('ref_axis',(-1.,0.,0.));
#2959=DIRECTION('center_axis',(0.,0.,1.));
#2960=DIRECTION('ref_axis',(-1.,0.,0.));
#2961=DIRECTION('',(0.,0.,1.));
#2962=DIRECTION('center_axis',(0.,0.,1.));
#2963=DIRECTION('ref_axis',(1.,0.,0.));
#2964=DIRECTION('center_axis',(0.,0.,1.));
#2965=DIRECTION('ref_axis',(1.,0.,0.));
#2966=DIRECTION('',(0.,0.,-1.));
#2967=DIRECTION('center_axis',(0.,0.,1.));
#2968=DIRECTION('ref_axis',(1.,0.,0.));
#2969=DIRECTION('center_axis',(0.,0.,1.));
#2970=DIRECTION('ref_axis',(1.,0.,0.));
#2971=DIRECTION('center_axis',(0.,0.,-1.));
#2972=DIRECTION('ref_axis',(-1.,0.,0.));
#2973=DIRECTION('center_axis',(0.,0.,1.));
#2974=DIRECTION('ref_axis',(-1.,0.,0.));
#2975=DIRECTION('',(-0.857167300702112,-1.04972719113862E-16,0.515038074910054));
#2976=DIRECTION('center_axis',(0.,0.,1.));
#2977=DIRECTION('ref_axis',(-1.,0.,0.));
#2978=DIRECTION('center_axis',(0.,0.,1.));
#2979=DIRECTION('ref_axis',(-1.,0.,0.));
#2980=DIRECTION('',(0.,0.,1.));
#2981=DIRECTION('center_axis',(0.,0.,1.));
#2982=DIRECTION('ref_axis',(1.,0.,0.));
#2983=DIRECTION('center_axis',(0.,0.,1.));
#2984=DIRECTION('ref_axis',(1.,0.,0.));
#2985=DIRECTION('',(0.,0.,-1.));
#2986=DIRECTION('center_axis',(0.,0.,1.));
#2987=DIRECTION('ref_axis',(1.,0.,0.));
#2988=DIRECTION('center_axis',(0.,0.,1.));
#2989=DIRECTION('ref_axis',(1.,0.,0.));
#2990=DIRECTION('center_axis',(1.,0.,0.));
#2991=DIRECTION('ref_axis',(0.,0.,-1.));
#2992=DIRECTION('',(0.,0.,1.));
#2993=DIRECTION('',(0.,1.,0.));
#2994=DIRECTION('',(0.,0.,-1.));
#2995=DIRECTION('',(0.,-1.,0.));
#2996=DIRECTION('center_axis',(0.,0.,1.));
#2997=DIRECTION('ref_axis',(1.,0.,0.));
#2998=DIRECTION('center_axis',(0.,0.,-1.));
#2999=DIRECTION('ref_axis',(-1.64477485129653E-15,1.,0.));
#3000=DIRECTION('',(1.,-2.73005661793071E-17,0.));
#3001=DIRECTION('center_axis',(0.,0.,-1.));
#3002=DIRECTION('ref_axis',(1.,2.05596856412066E-15,0.));
#3003=DIRECTION('',(0.,-1.,0.));
#3004=DIRECTION('center_axis',(0.,0.,-1.));
#3005=DIRECTION('ref_axis',(1.31581988103722E-14,-1.,0.));
#3006=DIRECTION('',(-1.,-1.45603019622971E-16,0.));
#3007=DIRECTION('center_axis',(0.,0.,-1.));
#3008=DIRECTION('ref_axis',(-1.,-3.28954970259304E-15,0.));
#3009=DIRECTION('',(1.60238374688167E-16,1.,0.));
#3010=DIRECTION('',(-1.,0.,0.));
#3011=DIRECTION('center_axis',(0.,0.,1.));
#3012=DIRECTION('ref_axis',(8.88178419700128E-15,1.,0.));
#3013=DIRECTION('',(-2.2204460492503E-15,-1.,0.));
#3014=DIRECTION('center_axis',(0.,0.,1.));
#3015=DIRECTION('ref_axis',(-1.,8.88178419700132E-15,0.));
#3016=DIRECTION('',(1.,0.,0.));
#3017=DIRECTION('center_axis',(0.,0.,1.));
#3018=DIRECTION('ref_axis',(0.,-1.,0.));
#3019=DIRECTION('',(0.,1.,0.));
#3020=DIRECTION('center_axis',(0.,0.,1.));
#3021=DIRECTION('ref_axis',(1.,0.,0.));
#3022=DIRECTION('',(-1.,-1.0449157878825E-15,0.));
#3023=DIRECTION('center_axis',(0.,0.,-1.));
#3024=DIRECTION('ref_axis',(-8.88178419700113E-15,1.,0.));
#3025=DIRECTION('',(-1.,-1.26882631385732E-15,0.));
#3026=DIRECTION('center_axis',(0.,0.,-1.));
#3027=DIRECTION('ref_axis',(-8.88178419700128E-15,-1.,0.));
#3028=DIRECTION('center_axis',(0.,0.,1.));
#3029=DIRECTION('ref_axis',(-1.,-8.88178419700113E-15,0.));
#3030=DIRECTION('',(1.,0.,0.));
#3031=DIRECTION('center_axis',(0.,0.,1.));
#3032=DIRECTION('ref_axis',(0.,-1.,0.));
#3033=DIRECTION('',(0.,1.,0.));
#3034=DIRECTION('center_axis',(0.,0.,1.));
#3035=DIRECTION('ref_axis',(1.,-8.88178419700128E-15,0.));
#3036=DIRECTION('',(-1.,3.13486341491795E-15,0.));
#3037=DIRECTION('center_axis',(0.,0.,-1.));
#3038=DIRECTION('ref_axis',(3.55271367880058E-14,1.,0.));
#3039=DIRECTION('',(-1.,6.34413156928655E-15,0.));
#3040=DIRECTION('center_axis',(0.,0.,-1.));
#3041=DIRECTION('ref_axis',(0.,-1.,0.));
#3042=DIRECTION('',(-1.,-2.08975421397939E-15,0.));
#3043=DIRECTION('center_axis',(0.,0.,1.));
#3044=DIRECTION('ref_axis',(0.,1.,0.));
#3045=DIRECTION('',(0.,-1.,0.));
#3046=DIRECTION('center_axis',(0.,0.,1.));
#3047=DIRECTION('ref_axis',(-1.,1.11022302462516E-15,0.));
#3048=DIRECTION('',(1.,-2.60749459073752E-16,0.));
#3049=DIRECTION('center_axis',(0.,0.,-1.));
#3050=DIRECTION('ref_axis',(1.,-6.66133814775096E-15,0.));
#3051=DIRECTION('center_axis',(0.,0.,-1.));
#3052=DIRECTION('ref_axis',(1.77635683940026E-14,-1.,0.));
#3053=DIRECTION('',(1.,1.11022302462516E-15,0.));
#3054=DIRECTION('center_axis',(0.,0.,-1.));
#3055=DIRECTION('ref_axis',(-1.,6.66133814775096E-15,0.));
#3056=DIRECTION('center_axis',(0.,0.,-1.));
#3057=DIRECTION('ref_axis',(0.,1.,0.));
#3058=DIRECTION('',(1.,0.,0.));
#3059=DIRECTION('center_axis',(0.,0.,1.));
#3060=DIRECTION('ref_axis',(0.,-1.,0.));
#3061=DIRECTION('',(0.,1.,0.));
#3062=DIRECTION('center_axis',(0.,0.,1.));
#3063=DIRECTION('ref_axis',(1.,1.11022302462516E-15,0.));
#3064=DIRECTION('',(-1.,1.38777878078145E-16,0.));
#3065=DIRECTION('center_axis',(0.,0.,1.));
#3066=DIRECTION('ref_axis',(0.,1.,0.));
#3067=DIRECTION('',(0.,-1.,0.));
#3068=DIRECTION('',(0.,-1.,0.));
#3069=DIRECTION('center_axis',(0.,0.,1.));
#3070=DIRECTION('ref_axis',(-1.,-9.99200722162627E-15,0.));
#3071=DIRECTION('',(1.,-1.30909870206226E-15,0.));
#3072=DIRECTION('center_axis',(0.,0.,-1.));
#3073=DIRECTION('ref_axis',(0.,-1.,0.));
#3074=DIRECTION('',(1.,-3.17206578464329E-16,0.));
#3075=DIRECTION('center_axis',(0.,0.,-1.));
#3076=DIRECTION('ref_axis',(7.10542735760101E-14,1.,0.));
#3077=DIRECTION('',(1.,1.04256325505666E-15,0.));
#3078=DIRECTION('center_axis',(0.,0.,1.));
#3079=DIRECTION('ref_axis',(1.7763568394002E-14,-1.,0.));
#3080=DIRECTION('',(0.,1.,0.));
#3081=DIRECTION('center_axis',(0.,0.,1.));
#3082=DIRECTION('ref_axis',(1.,2.7755575615628E-14,0.));
#3083=DIRECTION('',(-1.,0.,0.));
#3084=DIRECTION('center_axis',(0.,0.,1.));
#3085=DIRECTION('ref_axis',(0.,1.,0.));
#3086=DIRECTION('',(1.,0.,0.));
#3087=DIRECTION('',(1.,0.,0.));
#3088=DIRECTION('',(0.,1.,0.));
#3089=DIRECTION('',(1.,0.,0.));
#3090=DIRECTION('',(0.,1.,0.));
#3091=DIRECTION('',(-1.,0.,0.));
#3092=DIRECTION('',(0.,-1.,0.));
#3093=DIRECTION('',(1.,0.,0.));
#3094=DIRECTION('',(0.,-1.,0.));
#3095=DIRECTION('',(-1.53020342381417E-6,-0.999999999998829,0.));
#3096=DIRECTION('',(0.,-1.,0.));
#3097=DIRECTION('',(1.,0.,0.));
#3098=DIRECTION('',(0.,1.,0.));
#3099=DIRECTION('',(1.,0.,0.));
#3100=DIRECTION('',(1.,0.,0.));
#3101=DIRECTION('center_axis',(0.,-1.,0.));
#3102=DIRECTION('ref_axis',(0.,0.,-1.));
#3103=DIRECTION('',(-1.,0.,0.));
#3104=DIRECTION('',(0.,0.,1.));
#3105=DIRECTION('center_axis',(1.,0.,0.));
#3106=DIRECTION('ref_axis',(0.,0.,-1.));
#3107=DIRECTION('',(0.,0.,1.));
#3108=DIRECTION('',(0.,-1.,0.));
#3109=DIRECTION('',(0.,0.,1.));
#3110=DIRECTION('center_axis',(0.,-1.,0.));
#3111=DIRECTION('ref_axis',(0.,0.,-1.));
#3112=DIRECTION('',(-1.,0.,0.));
#3113=DIRECTION('',(-1.,0.,0.));
#3114=DIRECTION('',(-1.,0.,0.));
#3115=DIRECTION('center_axis',(-1.,0.,0.));
#3116=DIRECTION('ref_axis',(0.,0.,1.));
#3117=DIRECTION('',(0.,1.,0.));
#3118=DIRECTION('',(0.,0.,1.));
#3119=DIRECTION('',(0.,0.,-1.));
#3120=DIRECTION('center_axis',(0.,0.,1.));
#3121=DIRECTION('ref_axis',(1.,0.,0.));
#3122=DIRECTION('',(0.,-1.,0.));
#3123=DIRECTION('center_axis',(0.,0.,-1.));
#3124=DIRECTION('ref_axis',(0.70710678118655,0.707106781186545,0.));
#3125=DIRECTION('',(1.,-2.73005661793071E-17,0.));
#3126=DIRECTION('center_axis',(0.,0.,-1.));
#3127=DIRECTION('ref_axis',(-0.707106781186548,0.707106781186547,0.));
#3128=DIRECTION('',(1.60238374688167E-16,1.,0.));
#3129=DIRECTION('center_axis',(0.,0.,-1.));
#3130=DIRECTION('ref_axis',(-0.707106781186546,-0.707106781186549,0.));
#3131=DIRECTION('',(-1.,-1.45603019622971E-16,0.));
#3132=DIRECTION('center_axis',(0.,0.,-1.));
#3133=DIRECTION('ref_axis',(0.707106781186548,-0.707106781186548,0.));
#3134=DIRECTION('',(-1.,0.,0.));
#3135=DIRECTION('',(0.,1.,0.));
#3136=DIRECTION('',(1.53020342381417E-6,0.999999999998829,0.));
#3137=DIRECTION('',(0.,1.,0.));
#3138=DIRECTION('',(-1.,0.,0.));
#3139=DIRECTION('',(1.,0.,0.));
#3140=DIRECTION('',(0.,-1.,0.));
#3141=DIRECTION('',(-1.,0.,0.));
#3142=DIRECTION('',(0.,-1.,0.));
#3143=DIRECTION('center_axis',(0.,-1.,0.));
#3144=DIRECTION('ref_axis',(0.,0.,-1.));
#3145=DIRECTION('',(0.,0.,1.));
#3146=DIRECTION('center_axis',(-0.999999999998829,1.53020342381417E-6,0.));
#3147=DIRECTION('ref_axis',(0.,0.,1.));
#3148=DIRECTION('',(0.,0.,1.));
#3149=DIRECTION('',(0.,0.,-1.));
#3150=DIRECTION('center_axis',(-1.,0.,0.));
#3151=DIRECTION('ref_axis',(0.,0.,1.));
#3152=DIRECTION('center_axis',(-1.,0.,0.));
#3153=DIRECTION('ref_axis',(0.,0.,1.));
#3154=DIRECTION('',(0.,0.,-1.));
#3155=DIRECTION('center_axis',(0.,-1.,0.));
#3156=DIRECTION('ref_axis',(0.,0.,-1.));
#3157=DIRECTION('center_axis',(1.,0.,0.));
#3158=DIRECTION('ref_axis',(0.,0.,-1.));
#3159=DIRECTION('',(0.,0.,1.));
#3160=DIRECTION('center_axis',(0.,-1.,0.));
#3161=DIRECTION('ref_axis',(0.,0.,-1.));
#3162=DIRECTION('',(0.,0.,-1.));
#3163=DIRECTION('center_axis',(1.,0.,0.));
#3164=DIRECTION('ref_axis',(0.,0.,-1.));
#3165=DIRECTION('',(0.,0.,1.));
#3166=DIRECTION('center_axis',(0.,0.,-1.));
#3167=DIRECTION('ref_axis',(-1.,-8.88178419700113E-15,0.));
#3168=DIRECTION('center_axis',(0.,0.,1.));
#3169=DIRECTION('ref_axis',(-1.,-8.88178419700113E-15,0.));
#3170=DIRECTION('',(0.,0.,-1.));
#3171=DIRECTION('',(0.,0.,1.));
#3172=DIRECTION('center_axis',(0.,1.,0.));
#3173=DIRECTION('ref_axis',(1.,0.,0.));
#3174=DIRECTION('',(1.,0.,0.));
#3175=DIRECTION('',(0.,0.,1.));
#3176=DIRECTION('center_axis',(0.,0.,-1.));
#3177=DIRECTION('ref_axis',(0.,-1.,0.));
#3178=DIRECTION('center_axis',(0.,0.,1.));
#3179=DIRECTION('ref_axis',(0.,-1.,0.));
#3180=DIRECTION('',(0.,0.,1.));
#3181=DIRECTION('center_axis',(-1.,0.,0.));
#3182=DIRECTION('ref_axis',(0.,1.,0.));
#3183=DIRECTION('',(0.,1.,0.));
#3184=DIRECTION('',(0.,0.,1.));
#3185=DIRECTION('center_axis',(0.,0.,-1.));
#3186=DIRECTION('ref_axis',(1.,-8.88178419700128E-15,0.));
#3187=DIRECTION('center_axis',(0.,0.,1.));
#3188=DIRECTION('ref_axis',(1.,-8.88178419700128E-15,0.));
#3189=DIRECTION('',(0.,0.,1.));
#3190=DIRECTION('center_axis',(1.,0.,0.));
#3191=DIRECTION('ref_axis',(0.,-1.,0.));
#3192=DIRECTION('',(0.,-1.,0.));
#3193=DIRECTION('',(0.,0.,1.));
#3194=DIRECTION('center_axis',(0.,-1.,0.));
#3195=DIRECTION('ref_axis',(-1.,0.,0.));
#3196=DIRECTION('',(-1.,0.,0.));
#3197=DIRECTION('',(0.,0.,-1.));
#3198=DIRECTION('',(0.,0.,1.));
#3199=DIRECTION('center_axis',(0.,0.,-1.));
#3200=DIRECTION('ref_axis',(8.88178419700128E-15,1.,0.));
#3201=DIRECTION('center_axis',(0.,0.,1.));
#3202=DIRECTION('ref_axis',(8.88178419700128E-15,1.,0.));
#3203=DIRECTION('',(0.,0.,1.));
#3204=DIRECTION('center_axis',(1.,-2.2204460492503E-15,0.));
#3205=DIRECTION('ref_axis',(-2.2204460492503E-15,-1.,0.));
#3206=DIRECTION('',(-2.2204460492503E-15,-1.,0.));
#3207=DIRECTION('',(0.,0.,1.));
#3208=DIRECTION('center_axis',(0.,0.,-1.));
#3209=DIRECTION('ref_axis',(-1.,8.88178419700132E-15,0.));
#3210=DIRECTION('center_axis',(0.,0.,1.));
#3211=DIRECTION('ref_axis',(-1.,8.88178419700132E-15,0.));
#3212=DIRECTION('',(0.,0.,1.));
#3213=DIRECTION('center_axis',(0.,1.,0.));
#3214=DIRECTION('ref_axis',(1.,0.,0.));
#3215=DIRECTION('',(1.,0.,0.));
#3216=DIRECTION('',(0.,0.,1.));
#3217=DIRECTION('center_axis',(0.,0.,-1.));
#3218=DIRECTION('ref_axis',(-8.88178419700128E-15,-1.,0.));
#3219=DIRECTION('center_axis',(0.,0.,-1.));
#3220=DIRECTION('ref_axis',(-8.88178419700128E-15,-1.,0.));
#3221=DIRECTION('',(0.,0.,1.));
#3222=DIRECTION('center_axis',(0.,0.,-1.));
#3223=DIRECTION('ref_axis',(0.,1.,0.));
#3224=DIRECTION('center_axis',(0.,0.,1.));
#3225=DIRECTION('ref_axis',(0.,1.,0.));
#3226=DIRECTION('',(0.,0.,1.));
#3227=DIRECTION('center_axis',(2.08975421397939E-15,-1.,0.));
#3228=DIRECTION('ref_axis',(-1.,-2.08975421397939E-15,0.));
#3229=DIRECTION('',(-1.,-2.08975421397939E-15,0.));
#3230=DIRECTION('',(0.,0.,1.));
#3231=DIRECTION('center_axis',(0.,0.,-1.));
#3232=DIRECTION('ref_axis',(0.,-1.,0.));
#3233=DIRECTION('center_axis',(0.,0.,-1.));
#3234=DIRECTION('ref_axis',(0.,-1.,0.));
#3235=DIRECTION('',(0.,0.,1.));
#3236=DIRECTION('center_axis',(-6.34413156928655E-15,-1.,0.));
#3237=DIRECTION('ref_axis',(-1.,6.34413156928655E-15,0.));
#3238=DIRECTION('',(-1.,6.34413156928655E-15,0.));
#3239=DIRECTION('',(0.,0.,1.));
#3240=DIRECTION('center_axis',(0.,0.,-1.));
#3241=DIRECTION('ref_axis',(3.55271367880058E-14,1.,0.));
#3242=DIRECTION('center_axis',(0.,0.,-1.));
#3243=DIRECTION('ref_axis',(3.55271367880058E-14,1.,0.));
#3244=DIRECTION('',(0.,0.,1.));
#3245=DIRECTION('center_axis',(-3.13486341491795E-15,-1.,0.));
#3246=DIRECTION('ref_axis',(-1.,3.13486341491795E-15,0.));
#3247=DIRECTION('',(-1.,3.13486341491795E-15,0.));
#3248=DIRECTION('center_axis',(0.,0.,1.));
#3249=DIRECTION('ref_axis',(1.,0.,0.));
#3250=DIRECTION('center_axis',(1.26882631385732E-15,-1.,0.));
#3251=DIRECTION('ref_axis',(-1.,-1.26882631385732E-15,0.));
#3252=DIRECTION('',(-1.,-1.26882631385732E-15,0.));
#3253=DIRECTION('',(0.,0.,1.));
#3254=DIRECTION('center_axis',(0.,0.,-1.));
#3255=DIRECTION('ref_axis',(-8.88178419700113E-15,1.,0.));
#3256=DIRECTION('center_axis',(0.,0.,-1.));
#3257=DIRECTION('ref_axis',(-8.88178419700113E-15,1.,0.));
#3258=DIRECTION('',(0.,0.,1.));
#3259=DIRECTION('center_axis',(1.0449157878825E-15,-1.,0.));
#3260=DIRECTION('ref_axis',(-1.,-1.0449157878825E-15,0.));
#3261=DIRECTION('',(-1.,-1.0449157878825E-15,0.));
#3262=DIRECTION('',(0.,0.,1.));
#3263=DIRECTION('center_axis',(0.,0.,-1.));
#3264=DIRECTION('ref_axis',(1.,0.,0.));
#3265=DIRECTION('center_axis',(0.,0.,1.));
#3266=DIRECTION('ref_axis',(1.,0.,0.));
#3267=DIRECTION('',(0.,0.,1.));
#3268=DIRECTION('center_axis',(-1.,0.,0.));
#3269=DIRECTION('ref_axis',(0.,1.,0.));
#3270=DIRECTION('',(0.,1.,0.));
#3271=DIRECTION('',(0.,0.,1.));
#3272=DIRECTION('center_axis',(0.,0.,-1.));
#3273=DIRECTION('ref_axis',(0.,-1.,0.));
#3274=DIRECTION('center_axis',(0.,0.,1.));
#3275=DIRECTION('ref_axis',(0.,-1.,0.));
#3276=DIRECTION('center_axis',(0.,0.,1.));
#3277=DIRECTION('ref_axis',(1.,0.,0.));
#3278=DIRECTION('center_axis',(0.,0.,1.));
#3279=DIRECTION('ref_axis',(-1.,-1.77635683940024E-15,0.));
#3280=DIRECTION('center_axis',(0.,0.,-1.));
#3281=DIRECTION('ref_axis',(-0.707106781186546,-0.707106781186549,0.));
#3282=DIRECTION('',(0.,0.,1.));
#3283=DIRECTION('center_axis',(0.,0.,1.));
#3284=DIRECTION('ref_axis',(-0.707106781186546,-0.707106781186549,0.));
#3285=DIRECTION('',(0.,0.,1.));
#3286=DIRECTION('center_axis',(1.45603019622971E-16,-1.,0.));
#3287=DIRECTION('ref_axis',(1.,1.45603019622971E-16,0.));
#3288=DIRECTION('',(-1.,-1.45603019622971E-16,0.));
#3289=DIRECTION('',(0.,0.,1.));
#3290=DIRECTION('',(1.,1.45603019622971E-16,0.));
#3291=DIRECTION('center_axis',(0.,0.,1.));
#3292=DIRECTION('ref_axis',(7.105427357601E-15,-1.,0.));
#3293=DIRECTION('center_axis',(0.,0.,-1.));
#3294=DIRECTION('ref_axis',(0.707106781186548,-0.707106781186548,0.));
#3295=DIRECTION('',(0.,0.,1.));
#3296=DIRECTION('center_axis',(0.,0.,1.));
#3297=DIRECTION('ref_axis',(0.707106781186548,-0.707106781186548,0.));
#3298=DIRECTION('center_axis',(-1.,0.,0.));
#3299=DIRECTION('ref_axis',(0.,-1.,0.));
#3300=DIRECTION('',(0.,0.,1.));
#3301=DIRECTION('',(0.,1.,0.));
#3302=DIRECTION('',(0.,0.,1.));
#3303=DIRECTION('center_axis',(0.,0.,1.));
#3304=DIRECTION('ref_axis',(1.31581988103722E-14,-1.,0.));
#3305=DIRECTION('center_axis',(0.,0.,1.));
#3306=DIRECTION('ref_axis',(1.31581988103722E-14,-1.,0.));
#3307=DIRECTION('',(0.,0.,1.));
#3308=DIRECTION('center_axis',(-1.45603019622971E-16,1.,0.));
#3309=DIRECTION('ref_axis',(-1.,-1.45603019622971E-16,0.));
#3310=DIRECTION('',(1.,1.45603019622971E-16,0.));
#3311=DIRECTION('',(0.,0.,1.));
#3312=DIRECTION('center_axis',(0.,0.,1.));
#3313=DIRECTION('ref_axis',(-1.,-3.28954970259304E-15,0.));
#3314=DIRECTION('center_axis',(0.,0.,1.));
#3315=DIRECTION('ref_axis',(-1.,-3.28954970259304E-15,0.));
#3316=DIRECTION('',(0.,0.,1.));
#3317=DIRECTION('center_axis',(1.,-1.60238374688167E-16,0.));
#3318=DIRECTION('ref_axis',(1.60238374688167E-16,1.,0.));
#3319=DIRECTION('',(-1.60238374688167E-16,-1.,0.));
#3320=DIRECTION('',(0.,0.,-1.));
#3321=DIRECTION('center_axis',(0.,0.,1.));
#3322=DIRECTION('ref_axis',(-1.64477485129653E-15,1.,0.));
#3323=DIRECTION('center_axis',(0.,0.,1.));
#3324=DIRECTION('ref_axis',(-1.64477485129653E-15,1.,0.));
#3325=DIRECTION('',(0.,0.,1.));
#3326=DIRECTION('center_axis',(-2.73005661793071E-17,-1.,0.));
#3327=DIRECTION('ref_axis',(1.,-2.73005661793071E-17,0.));
#3328=DIRECTION('',(-1.,2.73005661793071E-17,0.));
#3329=DIRECTION('',(0.,0.,1.));
#3330=DIRECTION('center_axis',(0.,0.,1.));
#3331=DIRECTION('ref_axis',(1.,2.05596856412066E-15,0.));
#3332=DIRECTION('center_axis',(0.,0.,1.));
#3333=DIRECTION('ref_axis',(1.,2.05596856412066E-15,0.));
#3334=DIRECTION('center_axis',(1.,0.,0.));
#3335=DIRECTION('ref_axis',(0.,1.,0.));
#3336=DIRECTION('',(0.,-1.,0.));
#3337=DIRECTION('',(0.,0.,1.));
#3338=DIRECTION('',(0.,1.,0.));
#3339=DIRECTION('center_axis',(0.,0.,1.));
#3340=DIRECTION('ref_axis',(1.,0.,0.));
#3341=DIRECTION('center_axis',(0.,1.,0.));
#3342=DIRECTION('ref_axis',(0.,0.,1.));
#3343=DIRECTION('center_axis',(-1.,0.,0.));
#3344=DIRECTION('ref_axis',(0.,-1.,0.));
#3345=DIRECTION('center_axis',(1.,1.45603019622971E-16,0.));
#3346=DIRECTION('ref_axis',(0.,-0.707106781186546,0.707106781186549));
#3347=DIRECTION('center_axis',(-1.,0.,0.));
#3348=DIRECTION('ref_axis',(0.,-1.,0.));
#3349=DIRECTION('center_axis',(0.,0.,1.));
#3350=DIRECTION('ref_axis',(1.,0.,0.));
#3351=DIRECTION('center_axis',(0.,1.,0.));
#3352=DIRECTION('ref_axis',(-1.,0.,0.));
#3353=DIRECTION('center_axis',(-1.60238374688167E-16,-1.,0.));
#3354=DIRECTION('ref_axis',(-0.707106781186548,0.,0.707106781186548));
#3355=DIRECTION('center_axis',(0.,1.,0.));
#3356=DIRECTION('ref_axis',(-1.,0.,0.));
#3357=DIRECTION('',(-1.60238374688167E-16,-1.,0.));
#3358=DIRECTION('center_axis',(0.,0.,1.));
#3359=DIRECTION('ref_axis',(1.,0.,0.));
#3360=DIRECTION('center_axis',(1.,0.,0.));
#3361=DIRECTION('ref_axis',(0.,1.,0.));
#3362=DIRECTION('center_axis',(0.,0.,1.));
#3363=DIRECTION('ref_axis',(-0.707106781186548,0.707106781186547,0.));
#3364=DIRECTION('center_axis',(-1.,2.73005661793071E-17,0.));
#3365=DIRECTION('ref_axis',(0.,0.707106781186548,0.707106781186548));
#3366=DIRECTION('center_axis',(1.,-1.77635683940025E-14,0.));
#3367=DIRECTION('ref_axis',(1.77635683940025E-14,1.,0.));
#3368=DIRECTION('',(-1.,2.73005661793071E-17,0.));
#3369=DIRECTION('center_axis',(0.,0.,1.));
#3370=DIRECTION('ref_axis',(1.,0.,0.));
#3371=DIRECTION('center_axis',(-1.11022302462516E-15,-1.,0.));
#3372=DIRECTION('ref_axis',(1.,-1.11022302462516E-15,0.));
#3373=DIRECTION('center_axis',(0.,0.,1.));
#3374=DIRECTION('ref_axis',(0.70710678118655,0.707106781186545,0.));
#3375=DIRECTION('center_axis',(0.,1.,0.));
#3376=DIRECTION('ref_axis',(0.70710678118654,0.,0.707106781186555));
#3377=DIRECTION('center_axis',(0.,0.,1.));
#3378=DIRECTION('ref_axis',(1.,0.,0.));
#3379=DIRECTION('',(-1.60238374688167E-16,-1.,0.));
#3380=DIRECTION('center_axis',(0.,0.,1.));
#3381=DIRECTION('ref_axis',(-0.707106781186548,0.707106781186547,0.));
#3382=DIRECTION('',(-1.,2.73005661793071E-17,0.));
#3383=DIRECTION('center_axis',(0.,0.,1.));
#3384=DIRECTION('ref_axis',(0.70710678118655,0.707106781186545,0.));
#3385=DIRECTION('',(0.,1.,0.));
#3386=DIRECTION('center_axis',(0.,0.,1.));
#3387=DIRECTION('ref_axis',(0.707106781186548,-0.707106781186548,0.));
#3388=DIRECTION('',(1.,1.45603019622971E-16,0.));
#3389=DIRECTION('center_axis',(0.,0.,1.));
#3390=DIRECTION('ref_axis',(-0.707106781186546,-0.707106781186549,0.));
#3391=DIRECTION('center_axis',(-1.,1.60238374688167E-16,0.));
#3392=DIRECTION('ref_axis',(-1.60238374688167E-16,-1.,0.));
#3393=DIRECTION('',(1.60238374688167E-16,1.,0.));
#3394=DIRECTION('',(0.,0.,1.));
#3395=DIRECTION('center_axis',(0.,0.,1.));
#3396=DIRECTION('ref_axis',(-8.88178419700126E-16,1.,0.));
#3397=DIRECTION('center_axis',(0.,0.,-1.));
#3398=DIRECTION('ref_axis',(-0.707106781186548,0.707106781186547,0.));
#3399=DIRECTION('',(0.,0.,-1.));
#3400=DIRECTION('center_axis',(2.73005661793071E-17,1.,0.));
#3401=DIRECTION('ref_axis',(-1.,2.73005661793071E-17,0.));
#3402=DIRECTION('',(1.,-2.73005661793071E-17,0.));
#3403=DIRECTION('',(0.,0.,1.));
#3404=DIRECTION('center_axis',(0.,0.,1.));
#3405=DIRECTION('ref_axis',(1.,1.11022302462516E-15,0.));
#3406=DIRECTION('center_axis',(0.,0.,-1.));
#3407=DIRECTION('ref_axis',(0.70710678118655,0.707106781186545,0.));
#3408=DIRECTION('center_axis',(0.,0.,-1.));
#3409=DIRECTION('ref_axis',(-1.,0.,0.));
#3410=DIRECTION('center_axis',(0.,1.,0.));
#3411=DIRECTION('ref_axis',(0.,0.,-1.));
#3412=DIRECTION('center_axis',(1.,2.22044604925032E-15,0.));
#3413=DIRECTION('ref_axis',(2.22044604925032E-15,-1.,0.));
#3414=DIRECTION('center_axis',(-1.,-1.45603019622971E-16,0.));
#3415=DIRECTION('ref_axis',(0.,-0.707106781186546,-0.707106781186549));
#3416=DIRECTION('center_axis',(1.,1.77635683940024E-14,0.));
#3417=DIRECTION('ref_axis',(1.77635683940024E-14,-1.,0.));
#3418=DIRECTION('center_axis',(0.,0.,-1.));
#3419=DIRECTION('ref_axis',(-1.,0.,0.));
#3420=DIRECTION('center_axis',(0.,1.,0.));
#3421=DIRECTION('ref_axis',(1.,0.,0.));
#3422=DIRECTION('center_axis',(0.,-1.,0.));
#3423=DIRECTION('ref_axis',(0.70710678118654,0.,-0.707106781186555));
#3424=DIRECTION('center_axis',(-1.11022302462516E-15,1.,0.));
#3425=DIRECTION('ref_axis',(1.,1.11022302462516E-15,0.));
#3426=DIRECTION('center_axis',(0.,0.,-1.));
#3427=DIRECTION('ref_axis',(-1.,0.,0.));
#3428=DIRECTION('center_axis',(-1.,0.,0.));
#3429=DIRECTION('ref_axis',(0.,1.,0.));
#3430=DIRECTION('center_axis',(1.,-2.73005661793071E-17,0.));
#3431=DIRECTION('ref_axis',(0.,0.707106781186548,-0.707106781186547));
#3432=DIRECTION('center_axis',(-1.,-2.22044604925031E-15,0.));
#3433=DIRECTION('ref_axis',(-2.22044604925031E-15,1.,0.));
#3434=DIRECTION('center_axis',(0.,0.,-1.));
#3435=DIRECTION('ref_axis',(-1.,0.,0.));
#3436=DIRECTION('center_axis',(0.,-1.,0.));
#3437=DIRECTION('ref_axis',(-1.,0.,0.));
#3438=DIRECTION('center_axis',(1.60238374688167E-16,1.,0.));
#3439=DIRECTION('ref_axis',(-0.707106781186548,0.,-0.707106781186547));
#3440=DIRECTION('center_axis',(0.,-1.,0.));
#3441=DIRECTION('ref_axis',(-1.,0.,0.));
#3442=DIRECTION('',(-1.,0.,0.));
#3443=DIRECTION('',(0.,0.,-1.));
#3444=DIRECTION('',(0.,0.,-1.));
#3445=DIRECTION('center_axis',(0.,0.,-1.));
#3446=DIRECTION('ref_axis',(0.,1.,0.));
#3447=DIRECTION('center_axis',(0.,0.,1.));
#3448=DIRECTION('ref_axis',(0.,1.,0.));
#3449=DIRECTION('',(0.,0.,-1.));
#3450=DIRECTION('center_axis',(0.,0.,-1.));
#3451=DIRECTION('ref_axis',(-1.,6.66133814775096E-15,0.));
#3452=DIRECTION('center_axis',(0.,0.,1.));
#3453=DIRECTION('ref_axis',(-1.,6.66133814775096E-15,0.));
#3454=DIRECTION('',(0.,0.,-1.));
#3455=DIRECTION('center_axis',(1.11022302462516E-15,-1.,0.));
#3456=DIRECTION('ref_axis',(-1.,-1.11022302462516E-15,0.));
#3457=DIRECTION('',(-1.,-1.11022302462516E-15,0.));
#3458=DIRECTION('',(0.,0.,-1.));
#3459=DIRECTION('center_axis',(0.,0.,-1.));
#3460=DIRECTION('ref_axis',(1.77635683940026E-14,-1.,0.));
#3461=DIRECTION('center_axis',(0.,0.,1.));
#3462=DIRECTION('ref_axis',(1.77635683940026E-14,-1.,0.));
#3463=DIRECTION('',(0.,0.,-1.));
#3464=DIRECTION('center_axis',(0.,0.,-1.));
#3465=DIRECTION('ref_axis',(1.,-6.66133814775096E-15,0.));
#3466=DIRECTION('center_axis',(0.,0.,1.));
#3467=DIRECTION('ref_axis',(1.,-6.66133814775096E-15,0.));
#3468=DIRECTION('',(0.,0.,-1.));
#3469=DIRECTION('center_axis',(-2.60749459073752E-16,-1.,0.));
#3470=DIRECTION('ref_axis',(-1.,2.60749459073752E-16,0.));
#3471=DIRECTION('',(-1.,2.60749459073752E-16,0.));
#3472=DIRECTION('',(0.,0.,-1.));
#3473=DIRECTION('center_axis',(0.,0.,-1.));
#3474=DIRECTION('ref_axis',(0.,-1.,0.));
#3475=DIRECTION('center_axis',(0.,0.,-1.));
#3476=DIRECTION('ref_axis',(0.,-1.,0.));
#3477=DIRECTION('',(0.,0.,-1.));
#3478=DIRECTION('center_axis',(1.,0.,0.));
#3479=DIRECTION('ref_axis',(0.,-1.,0.));
#3480=DIRECTION('',(0.,-1.,0.));
#3481=DIRECTION('',(0.,0.,-1.));
#3482=DIRECTION('center_axis',(0.,0.,-1.));
#3483=DIRECTION('ref_axis',(1.,1.11022302462516E-15,0.));
#3484=DIRECTION('center_axis',(0.,0.,-1.));
#3485=DIRECTION('ref_axis',(1.,1.11022302462516E-15,0.));
#3486=DIRECTION('',(0.,0.,-1.));
#3487=DIRECTION('center_axis',(1.38777878078145E-16,1.,0.));
#3488=DIRECTION('ref_axis',(1.,-1.38777878078145E-16,0.));
#3489=DIRECTION('',(1.,-1.38777878078145E-16,0.));
#3490=DIRECTION('',(0.,0.,-1.));
#3491=DIRECTION('center_axis',(0.,0.,-1.));
#3492=DIRECTION('ref_axis',(0.,1.,0.));
#3493=DIRECTION('center_axis',(0.,0.,-1.));
#3494=DIRECTION('ref_axis',(0.,1.,0.));
#3495=DIRECTION('',(0.,0.,-1.));
#3496=DIRECTION('center_axis',(-1.,0.,0.));
#3497=DIRECTION('ref_axis',(0.,1.,0.));
#3498=DIRECTION('',(0.,1.,0.));
#3499=DIRECTION('',(0.,0.,-1.));
#3500=DIRECTION('center_axis',(0.,0.,-1.));
#3501=DIRECTION('ref_axis',(-1.,1.11022302462516E-15,0.));
#3502=DIRECTION('center_axis',(0.,0.,-1.));
#3503=DIRECTION('ref_axis',(-1.,1.11022302462516E-15,0.));
#3504=DIRECTION('center_axis',(0.,0.,1.));
#3505=DIRECTION('ref_axis',(1.,0.,0.));
#3506=DIRECTION('center_axis',(1.04256325505666E-15,-1.,0.));
#3507=DIRECTION('ref_axis',(-1.,-1.04256325505666E-15,0.));
#3508=DIRECTION('',(-1.,-1.04256325505666E-15,0.));
#3509=DIRECTION('',(0.,0.,-1.));
#3510=DIRECTION('',(0.,0.,-1.));
#3511=DIRECTION('center_axis',(0.,0.,-1.));
#3512=DIRECTION('ref_axis',(7.10542735760101E-14,1.,0.));
#3513=DIRECTION('center_axis',(0.,0.,1.));
#3514=DIRECTION('ref_axis',(7.10542735760101E-14,1.,0.));
#3515=DIRECTION('',(0.,0.,-1.));
#3516=DIRECTION('center_axis',(-3.17206578464329E-16,-1.,0.));
#3517=DIRECTION('ref_axis',(-1.,3.17206578464329E-16,0.));
#3518=DIRECTION('',(-1.,3.17206578464329E-16,0.));
#3519=DIRECTION('',(0.,0.,-1.));
#3520=DIRECTION('center_axis',(0.,0.,-1.));
#3521=DIRECTION('ref_axis',(0.,-1.,0.));
#3522=DIRECTION('center_axis',(0.,0.,1.));
#3523=DIRECTION('ref_axis',(0.,-1.,0.));
#3524=DIRECTION('',(0.,0.,-1.));
#3525=DIRECTION('center_axis',(-1.30909870206226E-15,-1.,0.));
#3526=DIRECTION('ref_axis',(-1.,1.30909870206226E-15,0.));
#3527=DIRECTION('',(-1.,1.30909870206226E-15,0.));
#3528=DIRECTION('',(0.,0.,-1.));
#3529=DIRECTION('center_axis',(0.,0.,-1.));
#3530=DIRECTION('ref_axis',(-1.,-9.99200722162627E-15,0.));
#3531=DIRECTION('center_axis',(0.,0.,-1.));
#3532=DIRECTION('ref_axis',(-1.,-9.99200722162627E-15,0.));
#3533=DIRECTION('',(0.,0.,-1.));
#3534=DIRECTION('center_axis',(0.,0.,-1.));
#3535=DIRECTION('ref_axis',(1.7763568394002E-14,-1.,0.));
#3536=DIRECTION('center_axis',(0.,0.,-1.));
#3537=DIRECTION('ref_axis',(1.7763568394002E-14,-1.,0.));
#3538=DIRECTION('',(0.,0.,-1.));
#3539=DIRECTION('center_axis',(1.,0.,0.));
#3540=DIRECTION('ref_axis',(0.,-1.,0.));
#3541=DIRECTION('',(0.,-1.,0.));
#3542=DIRECTION('',(0.,0.,-1.));
#3543=DIRECTION('center_axis',(0.,0.,-1.));
#3544=DIRECTION('ref_axis',(1.,2.7755575615628E-14,0.));
#3545=DIRECTION('center_axis',(0.,0.,-1.));
#3546=DIRECTION('ref_axis',(1.,2.7755575615628E-14,0.));
#3547=DIRECTION('',(0.,0.,-1.));
#3548=DIRECTION('center_axis',(0.,1.,0.));
#3549=DIRECTION('ref_axis',(1.,0.,0.));
#3550=DIRECTION('',(1.,0.,0.));
#3551=DIRECTION('',(0.,0.,-1.));
#3552=DIRECTION('center_axis',(0.,0.,-1.));
#3553=DIRECTION('ref_axis',(0.,1.,0.));
#3554=DIRECTION('center_axis',(0.,0.,-1.));
#3555=DIRECTION('ref_axis',(0.,1.,0.));
#3556=DIRECTION('',(0.,0.,-1.));
#3557=DIRECTION('center_axis',(-1.,0.,0.));
#3558=DIRECTION('ref_axis',(0.,1.,0.));
#3559=DIRECTION('',(0.,1.,0.));
#3560=DIRECTION('center_axis',(0.,0.,1.));
#3561=DIRECTION('ref_axis',(1.,0.,0.));
#3562=DIRECTION('center_axis',(0.,1.,0.));
#3563=DIRECTION('ref_axis',(-1.,0.,0.));
#3564=DIRECTION('',(0.,0.,1.));
#3565=DIRECTION('',(1.,0.,0.));
#3566=DIRECTION('',(0.,0.,1.));
#3567=DIRECTION('',(1.,0.,0.));
#3568=CARTESIAN_POINT('',(0.,0.,0.));
#3569=CARTESIAN_POINT('',(0.,0.,0.));
#3570=CARTESIAN_POINT('',(0.,0.,0.));
#3571=CARTESIAN_POINT('Origin',(268.599999472499,-14.3999995216727,6.96566697974636));
#3572=CARTESIAN_POINT('',(270.149999472499,-14.3999995216727,6.5));
#3573=CARTESIAN_POINT('Origin',(268.599999472499,-14.3999995216727,6.5));
#3574=CARTESIAN_POINT('',(268.599999472499,-14.3999995216727,7.43133395949272));
#3575=CARTESIAN_POINT('',(269.374999472499,-14.3999995216727,6.96566697974636));
#3576=CARTESIAN_POINT('Origin',(268.599999472499,-14.3999995216727,3.));
#3577=CARTESIAN_POINT('',(270.149999472499,-14.3999995216727,-0.499999999999999));
#3578=CARTESIAN_POINT('Origin',(268.599999472499,-14.3999995216727,-0.499999999999999));
#3579=CARTESIAN_POINT('',(270.149999472499,-14.3999995216727,3.));
#3580=CARTESIAN_POINT('Origin',(268.599999472499,-14.3999995216727,-0.499999999999999));
#3581=CARTESIAN_POINT('',(266.099999472499,-14.3999995216727,6.5));
#3582=CARTESIAN_POINT('Origin',(268.599999472499,-14.3999995216727,6.5));
#3583=CARTESIAN_POINT('',(266.099999472499,-14.3999995216727,-0.499999999999999));
#3584=CARTESIAN_POINT('',(266.099999472499,-14.3999995216727,-0.499999999999999));
#3585=CARTESIAN_POINT('Origin',(268.599999472499,-14.3999995216727,-0.499999999999999));
#3586=CARTESIAN_POINT('Origin',(146.599999472499,-62.8999995216727,-0.499999999999999));
#3587=CARTESIAN_POINT('Origin',(268.599999472499,-14.3999995216727,-0.499999999999999));
#3588=CARTESIAN_POINT('',(265.699999472499,-14.3999995216727,6.49992572810111));
#3589=CARTESIAN_POINT('Origin',(268.599999472499,-14.3999995216727,6.49992572810111));
#3590=CARTESIAN_POINT('',(265.699999472499,-14.3999995216727,6.5));
#3591=CARTESIAN_POINT('',(265.699999472499,-14.3999995216727,-0.499999999999999));
#3592=CARTESIAN_POINT('Origin',(268.599999472499,-14.3999995216727,6.5));
#3593=CARTESIAN_POINT('Origin',(146.599999472499,-62.8999995216727,6.5));
#3594=CARTESIAN_POINT('Origin',(175.310478607156,-14.3999995216727,6.96566697974636));
#3595=CARTESIAN_POINT('',(176.860478607156,-14.3999995216727,6.5));
#3596=CARTESIAN_POINT('Origin',(175.310478607156,-14.3999995216727,6.5));
#3597=CARTESIAN_POINT('',(175.310478607156,-14.3999995216727,7.43133395949272));
#3598=CARTESIAN_POINT('',(176.085478607156,-14.3999995216727,6.96566697974636));
#3599=CARTESIAN_POINT('Origin',(175.310478607156,-14.3999995216727,3.));
#3600=CARTESIAN_POINT('',(176.860478607156,-14.3999995216727,-0.499999999999999));
#3601=CARTESIAN_POINT('Origin',(175.310478607156,-14.3999995216727,-0.499999999999999));
#3602=CARTESIAN_POINT('',(176.860478607156,-14.3999995216727,3.));
#3603=CARTESIAN_POINT('Origin',(175.310478607156,-14.3999995216727,-0.499999999999999));
#3604=CARTESIAN_POINT('',(172.810478607156,-14.3999995216727,6.5));
#3605=CARTESIAN_POINT('Origin',(175.310478607156,-14.3999995216727,6.5));
#3606=CARTESIAN_POINT('',(172.810478607156,-14.3999995216727,-0.499999999999999));
#3607=CARTESIAN_POINT('',(172.810478607156,-14.3999995216727,-0.499999999999999));
#3608=CARTESIAN_POINT('Origin',(175.310478607156,-14.3999995216727,-0.499999999999999));
#3609=CARTESIAN_POINT('Origin',(146.599999472499,-62.8999995216727,-0.499999999999999));
#3610=CARTESIAN_POINT('Origin',(175.310478607156,-14.3999995216727,-0.499999999999999));
#3611=CARTESIAN_POINT('',(172.410478607156,-14.3999995216727,6.49992572810111));
#3612=CARTESIAN_POINT('Origin',(175.310478607156,-14.3999995216727,6.49992572810111));
#3613=CARTESIAN_POINT('',(172.410478607156,-14.3999995216727,6.5));
#3614=CARTESIAN_POINT('',(172.410478607156,-14.3999995216727,-0.499999999999999));
#3615=CARTESIAN_POINT('Origin',(175.310478607156,-14.3999995216727,6.5));
#3616=CARTESIAN_POINT('Origin',(146.599999472499,-62.8999995216727,6.5));
#3617=CARTESIAN_POINT('Origin',(115.310478607156,-14.3999995216727,6.96566697974636));
#3618=CARTESIAN_POINT('',(116.860478607156,-14.3999995216727,6.5));
#3619=CARTESIAN_POINT('Origin',(115.310478607156,-14.3999995216727,6.5));
#3620=CARTESIAN_POINT('',(115.310478607156,-14.3999995216727,7.43133395949272));
#3621=CARTESIAN_POINT('',(116.085478607156,-14.3999995216727,6.96566697974636));
#3622=CARTESIAN_POINT('Origin',(115.310478607156,-14.3999995216727,3.));
#3623=CARTESIAN_POINT('',(116.860478607156,-14.3999995216727,-0.499999999999999));
#3624=CARTESIAN_POINT('Origin',(115.310478607156,-14.3999995216727,-0.499999999999999));
#3625=CARTESIAN_POINT('',(116.860478607156,-14.3999995216727,3.));
#3626=CARTESIAN_POINT('Origin',(115.310478607156,-14.3999995216727,-0.499999999999999));
#3627=CARTESIAN_POINT('',(112.810478607156,-14.3999995216727,6.5));
#3628=CARTESIAN_POINT('Origin',(115.310478607156,-14.3999995216727,6.5));
#3629=CARTESIAN_POINT('',(112.810478607156,-14.3999995216727,-0.499999999999999));
#3630=CARTESIAN_POINT('',(112.810478607156,-14.3999995216727,-0.499999999999999));
#3631=CARTESIAN_POINT('Origin',(115.310478607156,-14.3999995216727,-0.499999999999999));
#3632=CARTESIAN_POINT('Origin',(146.599999472499,-62.8999995216727,-0.499999999999999));
#3633=CARTESIAN_POINT('Origin',(115.310478607156,-14.3999995216727,-0.499999999999999));
#3634=CARTESIAN_POINT('',(112.410478607156,-14.3999995216727,6.49992572810111));
#3635=CARTESIAN_POINT('Origin',(115.310478607156,-14.3999995216727,6.49992572810111));
#3636=CARTESIAN_POINT('',(112.410478607156,-14.3999995216727,6.5));
#3637=CARTESIAN_POINT('',(112.410478607156,-14.3999995216727,-0.499999999999999));
#3638=CARTESIAN_POINT('Origin',(115.310478607156,-14.3999995216727,6.5));
#3639=CARTESIAN_POINT('Origin',(146.599999472499,-62.8999995216727,6.5));
#3640=CARTESIAN_POINT('Origin',(24.5999994724989,-14.3999995216727,6.96566697974636));
#3641=CARTESIAN_POINT('',(26.1499994724989,-14.3999995216727,6.5));
#3642=CARTESIAN_POINT('Origin',(24.5999994724989,-14.3999995216727,6.5));
#3643=CARTESIAN_POINT('',(24.5999994724989,-14.3999995216727,7.43133395949272));
#3644=CARTESIAN_POINT('',(25.3749994724989,-14.3999995216727,6.96566697974636));
#3645=CARTESIAN_POINT('Origin',(24.5999994724989,-14.3999995216727,3.));
#3646=CARTESIAN_POINT('',(26.1499994724989,-14.3999995216727,-0.499999999999999));
#3647=CARTESIAN_POINT('Origin',(24.5999994724989,-14.3999995216727,-0.499999999999999));
#3648=CARTESIAN_POINT('',(26.1499994724989,-14.3999995216727,3.));
#3649=CARTESIAN_POINT('Origin',(24.5999994724989,-14.3999995216727,-0.499999999999999));
#3650=CARTESIAN_POINT('',(22.0999994724989,-14.3999995216727,6.5));
#3651=CARTESIAN_POINT('Origin',(24.5999994724989,-14.3999995216727,6.5));
#3652=CARTESIAN_POINT('',(22.0999994724989,-14.3999995216727,-0.499999999999999));
#3653=CARTESIAN_POINT('',(22.0999994724989,-14.3999995216727,-0.499999999999999));
#3654=CARTESIAN_POINT('Origin',(24.5999994724989,-14.3999995216727,-0.499999999999999));
#3655=CARTESIAN_POINT('Origin',(146.599999472499,-62.8999995216727,-0.499999999999999));
#3656=CARTESIAN_POINT('Origin',(24.5999994724989,-14.3999995216727,-0.499999999999999));
#3657=CARTESIAN_POINT('',(21.6999994724989,-14.3999995216727,6.49992572810111));
#3658=CARTESIAN_POINT('Origin',(24.5999994724989,-14.3999995216727,6.49992572810111));
#3659=CARTESIAN_POINT('',(21.6999994724989,-14.3999995216727,6.5));
#3660=CARTESIAN_POINT('',(21.6999994724989,-14.3999995216727,-0.499999999999999));
#3661=CARTESIAN_POINT('Origin',(24.5999994724989,-14.3999995216727,6.5));
#3662=CARTESIAN_POINT('Origin',(146.599999472499,-62.8999995216727,6.5));
#3663=CARTESIAN_POINT('Origin',(268.599999472499,-111.399999521673,6.96566697974637));
#3664=CARTESIAN_POINT('',(270.149999472499,-111.399999521673,6.5));
#3665=CARTESIAN_POINT('Origin',(268.599999472499,-111.399999521673,6.5));
#3666=CARTESIAN_POINT('',(268.599999472499,-111.399999521673,7.43133395949273));
#3667=CARTESIAN_POINT('',(269.374999472499,-111.399999521673,6.96566697974637));
#3668=CARTESIAN_POINT('Origin',(268.599999472499,-111.399999521673,3.));
#3669=CARTESIAN_POINT('',(270.149999472499,-111.399999521673,-0.499999999999999));
#3670=CARTESIAN_POINT('Origin',(268.599999472499,-111.399999521673,-0.499999999999999));
#3671=CARTESIAN_POINT('',(270.149999472499,-111.399999521673,3.));
#3672=CARTESIAN_POINT('Origin',(268.599999472499,-111.399999521673,-0.499999999999999));
#3673=CARTESIAN_POINT('',(266.099999472499,-111.399999521673,6.5));
#3674=CARTESIAN_POINT('Origin',(268.599999472499,-111.399999521673,6.5));
#3675=CARTESIAN_POINT('',(266.099999472499,-111.399999521673,-0.499999999999999));
#3676=CARTESIAN_POINT('',(266.099999472499,-111.399999521673,-0.499999999999999));
#3677=CARTESIAN_POINT('Origin',(268.599999472499,-111.399999521673,-0.499999999999999));
#3678=CARTESIAN_POINT('Origin',(146.599999472499,-62.8999995216727,-0.499999999999999));
#3679=CARTESIAN_POINT('Origin',(268.599999472499,-111.399999521673,-0.499999999999999));
#3680=CARTESIAN_POINT('',(265.699999472499,-111.399999521673,6.49992572810111));
#3681=CARTESIAN_POINT('Origin',(268.599999472499,-111.399999521673,6.49992572810111));
#3682=CARTESIAN_POINT('',(265.699999472499,-111.399999521673,6.5));
#3683=CARTESIAN_POINT('',(265.699999472499,-111.399999521673,-0.499999999999999));
#3684=CARTESIAN_POINT('Origin',(268.599999472499,-111.399999521673,6.5));
#3685=CARTESIAN_POINT('Origin',(146.599999472499,-62.8999995216727,6.5));
#3686=CARTESIAN_POINT('Origin',(175.310478607156,-111.399999521673,6.96566697974636));
#3687=CARTESIAN_POINT('',(176.860478607156,-111.399999521673,6.5));
#3688=CARTESIAN_POINT('Origin',(175.310478607156,-111.399999521673,6.5));
#3689=CARTESIAN_POINT('',(175.310478607156,-111.399999521673,7.43133395949271));
#3690=CARTESIAN_POINT('',(176.085478607156,-111.399999521673,6.96566697974636));
#3691=CARTESIAN_POINT('Origin',(175.310478607156,-111.399999521673,3.));
#3692=CARTESIAN_POINT('',(176.860478607156,-111.399999521673,-0.499999999999999));
#3693=CARTESIAN_POINT('Origin',(175.310478607156,-111.399999521673,-0.499999999999999));
#3694=CARTESIAN_POINT('',(176.860478607156,-111.399999521673,3.));
#3695=CARTESIAN_POINT('Origin',(175.310478607156,-111.399999521673,-0.499999999999999));
#3696=CARTESIAN_POINT('',(172.810478607156,-111.399999521673,6.49992572810111));
#3697=CARTESIAN_POINT('Origin',(175.310478607156,-111.399999521673,6.49992572810111));
#3698=CARTESIAN_POINT('',(172.810478607156,-111.399999521673,-0.499999999999999));
#3699=CARTESIAN_POINT('',(172.810478607156,-111.399999521673,-0.499999999999999));
#3700=CARTESIAN_POINT('Origin',(175.310478607156,-111.399999521673,-0.499999999999999));
#3701=CARTESIAN_POINT('Origin',(146.599999472499,-62.8999995216727,-0.499999999999999));
#3702=CARTESIAN_POINT('Origin',(115.310478607156,-111.399999521673,6.96566697974636));
#3703=CARTESIAN_POINT('',(116.860478607156,-111.399999521673,6.5));
#3704=CARTESIAN_POINT('Origin',(115.310478607156,-111.399999521673,6.5));
#3705=CARTESIAN_POINT('',(115.310478607156,-111.399999521673,7.43133395949272));
#3706=CARTESIAN_POINT('',(116.085478607156,-111.399999521673,6.96566697974636));
#3707=CARTESIAN_POINT('Origin',(115.310478607156,-111.399999521673,3.));
#3708=CARTESIAN_POINT('',(116.860478607156,-111.399999521673,-0.499999999999999));
#3709=CARTESIAN_POINT('Origin',(115.310478607156,-111.399999521673,-0.499999999999999));
#3710=CARTESIAN_POINT('',(116.860478607156,-111.399999521673,3.));
#3711=CARTESIAN_POINT('Origin',(115.310478607156,-111.399999521673,-0.499999999999999));
#3712=CARTESIAN_POINT('',(112.810478607156,-111.399999521673,6.49992572810111));
#3713=CARTESIAN_POINT('Origin',(115.310478607156,-111.399999521673,6.49992572810111));
#3714=CARTESIAN_POINT('',(112.810478607156,-111.399999521673,-0.499999999999999));
#3715=CARTESIAN_POINT('',(112.810478607156,-111.399999521673,-0.499999999999999));
#3716=CARTESIAN_POINT('Origin',(115.310478607156,-111.399999521673,-0.499999999999999));
#3717=CARTESIAN_POINT('Origin',(146.599999472499,-62.8999995216727,-0.499999999999999));
#3718=CARTESIAN_POINT('Origin',(24.5999994724989,-111.399999521673,6.96566697974636));
#3719=CARTESIAN_POINT('',(26.1499994724989,-111.399999521673,6.5));
#3720=CARTESIAN_POINT('Origin',(24.5999994724989,-111.399999521673,6.5));
#3721=CARTESIAN_POINT('',(24.5999994724989,-111.399999521673,7.43133395949272));
#3722=CARTESIAN_POINT('',(25.3749994724989,-111.399999521673,6.96566697974636));
#3723=CARTESIAN_POINT('Origin',(24.5999994724989,-111.399999521673,3.));
#3724=CARTESIAN_POINT('',(26.1499994724989,-111.399999521673,-0.499999999999999));
#3725=CARTESIAN_POINT('Origin',(24.5999994724989,-111.399999521673,-0.499999999999999));
#3726=CARTESIAN_POINT('',(26.1499994724989,-111.399999521673,3.));
#3727=CARTESIAN_POINT('Origin',(24.5999994724989,-111.399999521673,-0.499999999999999));
#3728=CARTESIAN_POINT('',(22.0999994724989,-111.399999521673,6.49992572810111));
#3729=CARTESIAN_POINT('Origin',(24.5999994724989,-111.399999521673,6.49992572810111));
#3730=CARTESIAN_POINT('',(22.0999994724989,-111.399999521673,-0.499999999999999));
#3731=CARTESIAN_POINT('',(22.0999994724989,-111.399999521673,-0.499999999999999));
#3732=CARTESIAN_POINT('Origin',(24.5999994724989,-111.399999521673,-0.499999999999999));
#3733=CARTESIAN_POINT('Origin',(146.599999472499,-62.8999995216727,-0.499999999999999));
#3734=CARTESIAN_POINT('Origin',(237.569443,-100.562357,0.));
#3735=CARTESIAN_POINT('',(237.569443,-82.405852,6.49992572810111));
#3736=CARTESIAN_POINT('',(237.569443,-82.405852,13.2979257281011));
#3737=CARTESIAN_POINT('',(237.569443,-82.405852,0.));
#3738=CARTESIAN_POINT('',(237.569443,-101.455359721436,6.49992572810111));
#3739=CARTESIAN_POINT('',(237.569443,-81.7311782608364,6.49992572810111));
#3740=CARTESIAN_POINT('',(237.569443,-101.455359721436,13.2979257281011));
#3741=CARTESIAN_POINT('',(237.569443,-101.455359721436,13.2979257281011));
#3742=CARTESIAN_POINT('',(237.569443,-81.7311782608364,13.2979257281011));
#3743=CARTESIAN_POINT('Origin',(146.599999472499,-62.8999995216727,6.49992572810111));
#3744=CARTESIAN_POINT('',(19.1999994724989,-14.3999995216727,6.49992572810111));
#3745=CARTESIAN_POINT('',(24.5999994724989,-8.99999952167272,6.49992572810111));
#3746=CARTESIAN_POINT('Origin',(24.5999994724989,-14.3999995216727,6.49992572810111));
#3747=CARTESIAN_POINT('',(268.599999472499,-8.99999952167274,6.49992572810111));
#3748=CARTESIAN_POINT('',(268.599999472499,-8.99999952167274,6.49992572810111));
#3749=CARTESIAN_POINT('',(273.999999472499,-14.3999995216727,6.49992572810111));
#3750=CARTESIAN_POINT('Origin',(268.599999472499,-14.3999995216727,6.49992572810111));
#3751=CARTESIAN_POINT('',(273.999999472499,-111.399999521673,6.49992572810111));
#3752=CARTESIAN_POINT('',(273.999999472499,-111.399999521673,6.49992572810111));
#3753=CARTESIAN_POINT('',(268.599999472499,-116.799999521673,6.49992572810111));
#3754=CARTESIAN_POINT('Origin',(268.599999472499,-111.399999521673,6.49992572810111));
#3755=CARTESIAN_POINT('',(24.5999994724989,-116.799999521673,6.49992572810111));
#3756=CARTESIAN_POINT('',(24.5999994724989,-116.799999521673,6.49992572810111));
#3757=CARTESIAN_POINT('',(19.1999994724989,-111.399999521673,6.49992572810111));
#3758=CARTESIAN_POINT('Origin',(24.5999994724989,-111.399999521673,6.49992572810111));
#3759=CARTESIAN_POINT('',(19.1999994724989,-14.3999995216727,6.49992572810111));
#3760=CARTESIAN_POINT('',(58.6349490403738,-108.399999521673,6.49992572810111));
#3761=CARTESIAN_POINT('',(41.6349490403738,-108.399999521673,6.49992572810111));
#3762=CARTESIAN_POINT('',(58.6349490403738,-108.399999521673,6.49992572810111));
#3763=CARTESIAN_POINT('',(39.6349490403738,-110.399999521673,6.49992572810111));
#3764=CARTESIAN_POINT('Origin',(41.6349490403738,-110.399999521673,6.49992572810111));
#3765=CARTESIAN_POINT('',(39.6349490403738,-112.399999521673,6.49992572810111));
#3766=CARTESIAN_POINT('',(39.6349490403738,-110.399999521673,6.49992572810111));
#3767=CARTESIAN_POINT('',(41.6349490403738,-114.399999521673,6.49992572810111));
#3768=CARTESIAN_POINT('Origin',(41.6349490403738,-112.399999521673,6.49992572810111));
#3769=CARTESIAN_POINT('',(89.6349490403739,-114.399999521673,6.49992572810111));
#3770=CARTESIAN_POINT('',(41.6349490403738,-114.399999521673,6.49992572810111));
#3771=CARTESIAN_POINT('',(91.6349490403739,-112.399999521673,6.49992572810111));
#3772=CARTESIAN_POINT('Origin',(89.6349490403739,-112.399999521673,6.49992572810111));
#3773=CARTESIAN_POINT('',(91.6349490403739,-110.399999521673,6.49992572810111));
#3774=CARTESIAN_POINT('',(91.6349490403739,-112.399999521673,6.49992572810111));
#3775=CARTESIAN_POINT('',(89.6349490403739,-108.399999521673,6.49992572810111));
#3776=CARTESIAN_POINT('Origin',(89.6349490403739,-110.399999521673,6.49992572810111));
#3777=CARTESIAN_POINT('',(72.6349490403738,-108.399999521673,6.49992572810111));
#3778=CARTESIAN_POINT('',(89.6349490403739,-108.399999521673,6.49992572810111));
#3779=CARTESIAN_POINT('',(72.6349490403738,-106.399999521673,6.49992572810111));
#3780=CARTESIAN_POINT('Origin',(72.6349490403738,-107.399999521673,6.49992572810111));
#3781=CARTESIAN_POINT('',(58.6349490403738,-106.399999521673,6.49992572810111));
#3782=CARTESIAN_POINT('',(72.6349490403738,-106.399999521673,6.49992572810111));
#3783=CARTESIAN_POINT('Origin',(58.6349490403739,-107.399999521673,6.49992572810111));
#3784=CARTESIAN_POINT('',(203.634374005307,-112.399999521673,6.49992572810111));
#3785=CARTESIAN_POINT('',(205.634374005307,-114.399999521673,6.49992572810111));
#3786=CARTESIAN_POINT('Origin',(205.634374005307,-112.399999521673,6.49992572810111));
#3787=CARTESIAN_POINT('',(253.634374005307,-114.399999521673,6.49992572810111));
#3788=CARTESIAN_POINT('',(253.634374005307,-114.399999521673,6.49992572810111));
#3789=CARTESIAN_POINT('',(255.634374005307,-112.399999521673,6.49992572810111));
#3790=CARTESIAN_POINT('Origin',(253.634374005307,-112.399999521673,6.49992572810111));
#3791=CARTESIAN_POINT('',(255.634374005307,-110.399999521673,6.49992572810111));
#3792=CARTESIAN_POINT('',(255.634374005307,-110.399999521673,6.49992572810111));
#3793=CARTESIAN_POINT('',(253.634374005307,-108.399999521673,6.49992572810111));
#3794=CARTESIAN_POINT('Origin',(253.634374005307,-110.399999521673,6.49992572810111));
#3795=CARTESIAN_POINT('',(236.63500333786,-108.399999521673,6.49992572810111));
#3796=CARTESIAN_POINT('',(236.63500333786,-108.399999521673,6.49992572810111));
#3797=CARTESIAN_POINT('',(236.63500333786,-106.399999521673,6.49992572810111));
#3798=CARTESIAN_POINT('Origin',(236.63500333786,-107.399999521673,6.49992572810111));
#3799=CARTESIAN_POINT('',(222.63500333786,-106.399999521673,6.49992572810111));
#3800=CARTESIAN_POINT('',(236.63500333786,-106.399999521673,6.49992572810111));
#3801=CARTESIAN_POINT('',(222.63500333786,-108.399999521673,6.49992572810111));
#3802=CARTESIAN_POINT('Origin',(222.63500333786,-107.399999521673,6.49992572810111));
#3803=CARTESIAN_POINT('',(205.634374005307,-108.399999521673,6.49992572810111));
#3804=CARTESIAN_POINT('',(205.634374005307,-108.399999521673,6.49992572810111));
#3805=CARTESIAN_POINT('',(203.634374005307,-110.399999521673,6.49992572810111));
#3806=CARTESIAN_POINT('Origin',(205.634374005307,-110.399999521673,6.49992572810111));
#3807=CARTESIAN_POINT('',(203.634374005307,-112.399999521673,6.49992572810111));
#3808=CARTESIAN_POINT('',(39.6349490403738,-15.4008339004752,6.49992572810111));
#3809=CARTESIAN_POINT('',(41.6349490403738,-17.4008339004752,6.49992572810111));
#3810=CARTESIAN_POINT('Origin',(41.6349490403738,-15.4008339004752,6.49992572810111));
#3811=CARTESIAN_POINT('',(58.6662100611092,-17.4008339004752,6.49992572810111));
#3812=CARTESIAN_POINT('',(102.633104766804,-17.4008339004752,6.49992572810111));
#3813=CARTESIAN_POINT('',(59.6662098870623,-18.3999995218906,6.49992572810111));
#3814=CARTESIAN_POINT('Origin',(58.6662100611092,-18.4008339004752,6.49992572810111));
#3815=CARTESIAN_POINT('',(58.6662100611092,-19.3999995216728,6.49992572810111));
#3816=CARTESIAN_POINT('Origin',(58.6662100611092,-18.3999995216728,6.49992572810111));
#3817=CARTESIAN_POINT('',(72.6662100611092,-19.3999995216727,6.49992572810111));
#3818=CARTESIAN_POINT('',(109.633104766804,-19.3999995216727,6.49992572810111));
#3819=CARTESIAN_POINT('',(71.6662102351561,-18.4008339002573,6.49992572810111));
#3820=CARTESIAN_POINT('Origin',(72.6662100611092,-18.3999995216727,6.49992572810111));
#3821=CARTESIAN_POINT('',(72.6662100611092,-17.4008339004752,6.49992572810111));
#3822=CARTESIAN_POINT('Origin',(72.6662100611092,-18.4008339004752,6.49992572810111));
#3823=CARTESIAN_POINT('',(89.6349490403738,-17.4008339004752,6.49992572810111));
#3824=CARTESIAN_POINT('',(118.117474256436,-17.4008339004752,6.49992572810111));
#3825=CARTESIAN_POINT('',(91.6349490403738,-15.4008339004752,6.49992572810111));
#3826=CARTESIAN_POINT('Origin',(89.6349490403738,-15.4008339004752,6.49992572810111));
#3827=CARTESIAN_POINT('',(91.6349490403738,-13.4008339004752,6.49992572810111));
#3828=CARTESIAN_POINT('',(91.6349490403738,-38.150416711074,6.49992572810111));
#3829=CARTESIAN_POINT('',(89.6349490403738,-11.4008339004752,6.49992572810111));
#3830=CARTESIAN_POINT('Origin',(89.6349490403738,-13.4008339004752,6.49992572810111));
#3831=CARTESIAN_POINT('',(41.6349490403738,-11.4008339004752,6.49992572810111));
#3832=CARTESIAN_POINT('',(94.1174742564364,-11.4008339004752,6.49992572810111));
#3833=CARTESIAN_POINT('',(39.6349490403738,-13.4008339004752,6.49992572810111));
#3834=CARTESIAN_POINT('Origin',(41.6349490403738,-13.4008339004752,6.49992572810111));
#3835=CARTESIAN_POINT('',(39.6349490403738,-39.150416711074,6.49992572810111));
#3836=CARTESIAN_POINT('',(203.634374005307,-13.3999995216727,6.49992572810111));
#3837=CARTESIAN_POINT('',(203.634374005307,-15.3999995216727,6.49992572810111));
#3838=CARTESIAN_POINT('',(203.634374005307,-39.1499995216727,6.49992572810111));
#3839=CARTESIAN_POINT('',(205.634374005307,-17.3999995216727,6.49992572810111));
#3840=CARTESIAN_POINT('Origin',(205.634374005307,-15.3999995216727,6.49992572810111));
#3841=CARTESIAN_POINT('',(222.596013687268,-17.3999995216727,6.49992572810111));
#3842=CARTESIAN_POINT('',(184.598006579883,-17.3999995216727,6.49992572810111));
#3843=CARTESIAN_POINT('',(222.596013687268,-19.3999995216727,6.49992572810111));
#3844=CARTESIAN_POINT('Origin',(222.596013687268,-18.3999995216727,6.49992572810111));
#3845=CARTESIAN_POINT('',(236.596013687268,-19.3999995216727,6.49992572810111));
#3846=CARTESIAN_POINT('',(191.598006579883,-19.3999995216727,6.49992572810111));
#3847=CARTESIAN_POINT('',(236.596013687268,-17.3999995216727,6.49992572810111));
#3848=CARTESIAN_POINT('Origin',(236.596013687268,-18.3999995216727,6.49992572810111));
#3849=CARTESIAN_POINT('',(253.634374005307,-17.3999995216727,6.49992572810111));
#3850=CARTESIAN_POINT('',(200.117186738903,-17.3999995216728,6.49992572810111));
#3851=CARTESIAN_POINT('',(255.634374005307,-15.3999995216728,6.49992572810111));
#3852=CARTESIAN_POINT('Origin',(253.634374005307,-15.3999995216727,6.49992572810111));
#3853=CARTESIAN_POINT('',(255.634374005307,-13.3999995216727,6.49992572810111));
#3854=CARTESIAN_POINT('',(255.634374005307,-38.1499995216727,6.49992572810111));
#3855=CARTESIAN_POINT('',(253.634374005307,-11.3999995216727,6.49992572810111));
#3856=CARTESIAN_POINT('Origin',(253.634374005307,-13.3999995216728,6.49992572810111));
#3857=CARTESIAN_POINT('',(205.634374005307,-11.3999995216727,6.49992572810111));
#3858=CARTESIAN_POINT('',(176.117186738903,-11.3999995216727,6.49992572810111));
#3859=CARTESIAN_POINT('Origin',(205.634374005307,-13.3999995216728,6.49992572810111));
#3860=CARTESIAN_POINT('',(237.061443,-101.455357,6.49992572810111));
#3861=CARTESIAN_POINT('',(191.855721236249,-101.455359721436,6.49992572810111));
#3862=CARTESIAN_POINT('',(259.000617,-82.405852,6.49992572810111));
#3863=CARTESIAN_POINT('',(191.855721236249,-82.405852,6.49992572810111));
#3864=CARTESIAN_POINT('',(259.000617,-63.355852,6.49992572810111));
#3865=CARTESIAN_POINT('',(259.000617,-72.2249257608364,6.49992572810111));
#3866=CARTESIAN_POINT('',(263.763117,-63.355852,6.49992572810111));
#3867=CARTESIAN_POINT('',(204.956058236249,-63.355852,6.49992572810111));
#3868=CARTESIAN_POINT('',(263.763117,-24.299852,6.49992572810111));
#3869=CARTESIAN_POINT('',(263.763117,-62.6749257608364,6.49992572810111));
#3870=CARTESIAN_POINT('',(29.449617,-24.299852,6.49992572810111));
#3871=CARTESIAN_POINT('',(204.956058236249,-24.299852,6.49992572810111));
#3872=CARTESIAN_POINT('',(29.449617,-63.355852,6.49992572810111));
#3873=CARTESIAN_POINT('',(29.449617,-43.6249257608364,6.49992572810111));
#3874=CARTESIAN_POINT('',(34.213117,-63.355852,6.49992572810111));
#3875=CARTESIAN_POINT('',(88.2248082362494,-63.355852,6.49992572810111));
#3876=CARTESIAN_POINT('',(34.213117,-81.499852,6.49992572810111));
#3877=CARTESIAN_POINT('',(34.213117,-62.6999257608364,6.49992572810111));
#3878=CARTESIAN_POINT('',(34.2131162282715,-81.5615320093994,6.49992572810111));
#3879=CARTESIAN_POINT('',(34.2131311503672,-72.3742497383342,6.49992572810111));
#3880=CARTESIAN_POINT('',(34.2131162282715,-82.405852,6.49992572810111));
#3881=CARTESIAN_POINT('',(34.2131162282715,-72.2249257608364,6.49992572810111));
#3882=CARTESIAN_POINT('',(55.643443,-82.405852,6.49992572810111));
#3883=CARTESIAN_POINT('',(55.637443,-82.405852,6.49992572810111));
#3884=CARTESIAN_POINT('',(55.643443,-101.455359721436,6.49992572810111));
#3885=CARTESIAN_POINT('',(55.643443,-72.2249257608364,6.49992572810111));
#3886=CARTESIAN_POINT('',(56.086443,-101.455357,6.49992572810111));
#3887=CARTESIAN_POINT('',(101.318221236249,-101.455359721436,6.49992572810111));
#3888=CARTESIAN_POINT('',(101.343221236249,-101.455357,6.49992572810111));
#3889=CARTESIAN_POINT('Origin',(237.111443,-82.405852,0.));
#3890=CARTESIAN_POINT('',(259.000617,-82.405852,13.2979257281011));
#3891=CARTESIAN_POINT('',(191.855721236249,-82.405852,13.2979257281011));
#3892=CARTESIAN_POINT('',(259.000617,-82.405852,13.2979257281011));
#3893=CARTESIAN_POINT('Origin',(55.643443,-81.549852,0.));
#3894=CARTESIAN_POINT('',(55.643443,-82.405852,13.2979257281011));
#3895=CARTESIAN_POINT('',(55.643443,-82.405852,0.));
#3896=CARTESIAN_POINT('',(55.643443,-101.455359721436,13.2979257281011));
#3897=CARTESIAN_POINT('',(55.643443,-72.2249257608364,13.2979257281011));
#3898=CARTESIAN_POINT('',(55.643443,-101.455357,0.));
#3899=CARTESIAN_POINT('Origin',(56.086443,-101.455357,0.));
#3900=CARTESIAN_POINT('',(56.086443,-101.455357,13.2979257281011));
#3901=CARTESIAN_POINT('',(101.318221236249,-101.455359721436,13.2979257281011));
#3902=CARTESIAN_POINT('',(237.061443,-101.455357,13.2979257281011));
#3903=CARTESIAN_POINT('',(101.343221236249,-101.455357,13.2979257281011));
#3904=CARTESIAN_POINT('',(191.855721236249,-101.455359721436,13.2979257281011));
#3905=CARTESIAN_POINT('Origin',(29.449617,-24.349852,0.));
#3906=CARTESIAN_POINT('',(29.449617,-63.355852,13.2979257281011));
#3907=CARTESIAN_POINT('',(29.449617,-24.299852,13.2979257281011));
#3908=CARTESIAN_POINT('',(29.449617,-43.6249257608364,13.2979257281011));
#3909=CARTESIAN_POINT('',(29.449617,-63.355852,13.2979257281011));
#3910=CARTESIAN_POINT('',(29.449617,-24.299852,13.2979257281011));
#3911=CARTESIAN_POINT('Origin',(146.599999472499,-62.8999995216727,13.2979257281011));
#3912=CARTESIAN_POINT('',(276.599999472499,-14.3999995216727,13.2979257281011));
#3913=CARTESIAN_POINT('',(276.599999472499,-111.399999521673,13.2979257281011));
#3914=CARTESIAN_POINT('',(276.599999472499,-87.1499995216728,13.2979257281011));
#3915=CARTESIAN_POINT('',(268.599999472499,-6.39999952167274,13.2979257281011));
#3916=CARTESIAN_POINT('Origin',(268.599999472499,-14.3999995216727,13.2979257281011));
#3917=CARTESIAN_POINT('',(24.5999994724989,-6.39999952167273,13.2979257281011));
#3918=CARTESIAN_POINT('',(207.599999472499,-6.39999952167274,13.2979257281011));
#3919=CARTESIAN_POINT('',(16.5999994724989,-14.3999995216727,13.2979257281011));
#3920=CARTESIAN_POINT('Origin',(24.5999994724989,-14.3999995216727,13.2979257281011));
#3921=CARTESIAN_POINT('',(16.5999994724989,-111.399999521673,13.2979257281011));
#3922=CARTESIAN_POINT('',(16.5999994724989,-38.6499995216727,13.2979257281011));
#3923=CARTESIAN_POINT('',(24.5999994724989,-119.399999521673,13.2979257281011));
#3924=CARTESIAN_POINT('Origin',(24.5999994724989,-111.399999521673,13.2979257281011));
#3925=CARTESIAN_POINT('',(268.599999472499,-119.399999521673,13.2979257281011));
#3926=CARTESIAN_POINT('',(85.5999994724989,-119.399999521673,13.2979257281011));
#3927=CARTESIAN_POINT('Origin',(268.599999472499,-111.399999521673,13.2979257281011));
#3928=CARTESIAN_POINT('',(34.2131162282715,-82.405852,13.2979257281011));
#3929=CARTESIAN_POINT('',(90.6310582362494,-82.405852,13.2979257281011));
#3930=CARTESIAN_POINT('',(34.2131162282715,-81.5615320093994,13.2979257281011));
#3931=CARTESIAN_POINT('',(34.2131162282715,-72.2249257608364,13.2979257281011));
#3932=CARTESIAN_POINT('',(34.213117,-81.499852,13.2979257281011));
#3933=CARTESIAN_POINT('',(34.2131311503672,-72.3742497383342,13.2979257281011));
#3934=CARTESIAN_POINT('',(34.213117,-63.355852,13.2979257281011));
#3935=CARTESIAN_POINT('',(34.213117,-62.6999257608364,13.2979257281011));
#3936=CARTESIAN_POINT('',(88.2248082362494,-63.355852,13.2979257281011));
#3937=CARTESIAN_POINT('',(263.763117,-24.299852,13.2979257281011));
#3938=CARTESIAN_POINT('',(204.956058236249,-24.299852,13.2979257281011));
#3939=CARTESIAN_POINT('',(263.763117,-63.355852,13.2979257281011));
#3940=CARTESIAN_POINT('',(263.763117,-62.6749257608364,13.2979257281011));
#3941=CARTESIAN_POINT('',(259.000617,-63.355852,13.2979257281011));
#3942=CARTESIAN_POINT('',(204.956058236249,-63.355852,13.2979257281011));
#3943=CARTESIAN_POINT('',(259.000617,-72.2249257608364,13.2979257281011));
#3944=CARTESIAN_POINT('Origin',(34.662117,-82.405852,0.));
#3945=CARTESIAN_POINT('',(34.2131162282715,-82.405852,0.));
#3946=CARTESIAN_POINT('Origin',(34.2131166525739,-81.8486719297442,13.2979257281011));
#3947=CARTESIAN_POINT('',(34.213117,-81.499852,0.));
#3948=CARTESIAN_POINT('',(34.2131162282715,-81.5615320093994,6.64896286405055));
#3949=CARTESIAN_POINT('Origin',(34.2131162282715,-81.549852,13.2979257281011));
#3950=CARTESIAN_POINT('Origin',(34.213117,-62.499852,0.));
#3951=CARTESIAN_POINT('',(34.213117,-63.355852,0.));
#3952=CARTESIAN_POINT('Origin',(29.899617,-63.355852,0.));
#3953=CARTESIAN_POINT('Origin',(259.000617,-81.499852,0.));
#3954=CARTESIAN_POINT('',(259.000617,-63.355852,0.));
#3955=CARTESIAN_POINT('Origin',(258.549617,-63.355852,0.));
#3956=CARTESIAN_POINT('',(263.763117,-63.355852,13.2979257281011));
#3957=CARTESIAN_POINT('Origin',(263.763117,-62.449852,0.));
#3958=CARTESIAN_POINT('',(263.763117,-24.299852,13.2979257281011));
#3959=CARTESIAN_POINT('Origin',(205.634374005307,-112.399999521673,12.7979257281011));
#3960=CARTESIAN_POINT('',(203.634374005307,-112.399999521673,7.59992572810111));
#3961=CARTESIAN_POINT('',(205.634374005307,-114.399999521673,7.59992572810111));
#3962=CARTESIAN_POINT('Origin',(205.634374005307,-112.399999521673,7.59992572810111));
#3963=CARTESIAN_POINT('',(205.634374005307,-114.399999521673,12.7979257281011));
#3964=CARTESIAN_POINT('',(203.634374005307,-112.399999521673,12.7979257281011));
#3965=CARTESIAN_POINT('Origin',(205.634374005307,-114.399999521673,12.7979257281011));
#3966=CARTESIAN_POINT('',(253.634374005307,-114.399999521673,7.59992572810111));
#3967=CARTESIAN_POINT('',(217.634374005307,-114.399999521673,7.59992572810111));
#3968=CARTESIAN_POINT('',(253.634374005307,-114.399999521673,12.7979257281011));
#3969=CARTESIAN_POINT('Origin',(253.634374005307,-112.399999521673,12.7979257281011));
#3970=CARTESIAN_POINT('',(255.634374005307,-112.399999521673,7.59992572810111));
#3971=CARTESIAN_POINT('Origin',(253.634374005307,-112.399999521673,7.59992572810111));
#3972=CARTESIAN_POINT('',(255.634374005307,-112.399999521673,12.7979257281011));
#3973=CARTESIAN_POINT('Origin',(255.634374005307,-112.399999521673,12.7979257281011));
#3974=CARTESIAN_POINT('',(255.634374005307,-110.399999521673,7.59992572810111));
#3975=CARTESIAN_POINT('',(255.634374005307,-111.399999521673,7.59992572810111));
#3976=CARTESIAN_POINT('',(255.634374005307,-110.399999521673,12.7979257281011));
#3977=CARTESIAN_POINT('Origin',(253.634374005307,-110.399999521673,12.7979257281011));
#3978=CARTESIAN_POINT('',(253.634374005307,-108.399999521673,7.59992572810111));
#3979=CARTESIAN_POINT('Origin',(253.634374005307,-110.399999521673,7.59992572810111));
#3980=CARTESIAN_POINT('',(253.634374005307,-108.399999521673,12.7979257281011));
#3981=CARTESIAN_POINT('Origin',(203.634374005307,-110.399999521673,12.7979257281011));
#3982=CARTESIAN_POINT('',(203.634374005307,-110.399999521673,7.59992572810111));
#3983=CARTESIAN_POINT('',(203.634374005307,-110.399999521673,7.59992572810111));
#3984=CARTESIAN_POINT('',(203.634374005307,-110.399999521673,12.7979257281011));
#3985=CARTESIAN_POINT('Origin',(58.6349490403738,-108.399999521673,12.7979257281011));
#3986=CARTESIAN_POINT('',(58.6349490403738,-108.399999521673,7.59992572810111));
#3987=CARTESIAN_POINT('',(41.6349490403738,-108.399999521673,7.59992572810111));
#3988=CARTESIAN_POINT('',(62.1349490403738,-108.399999521673,7.59992572810111));
#3989=CARTESIAN_POINT('',(41.6349490403738,-108.399999521673,12.7979257281011));
#3990=CARTESIAN_POINT('',(58.6349490403738,-108.399999521673,12.7979257281011));
#3991=CARTESIAN_POINT('Origin',(41.6349490403738,-110.399999521673,12.7979257281011));
#3992=CARTESIAN_POINT('',(39.6349490403738,-110.399999521673,7.59992572810111));
#3993=CARTESIAN_POINT('Origin',(41.6349490403738,-110.399999521673,7.59992572810111));
#3994=CARTESIAN_POINT('',(39.6349490403738,-110.399999521673,12.7979257281011));
#3995=CARTESIAN_POINT('Origin',(39.6349490403738,-110.399999521673,12.7979257281011));
#3996=CARTESIAN_POINT('',(39.6349490403738,-112.399999521673,7.59992572810111));
#3997=CARTESIAN_POINT('',(39.6349490403738,-110.399999521673,7.59992572810111));
#3998=CARTESIAN_POINT('',(39.6349490403738,-112.399999521673,12.7979257281011));
#3999=CARTESIAN_POINT('Origin',(41.6349490403738,-112.399999521673,12.7979257281011));
#4000=CARTESIAN_POINT('',(41.6349490403738,-114.399999521673,7.59992572810111));
#4001=CARTESIAN_POINT('Origin',(41.6349490403738,-112.399999521673,7.59992572810111));
#4002=CARTESIAN_POINT('',(41.6349490403738,-114.399999521673,12.7979257281011));
#4003=CARTESIAN_POINT('Origin',(41.6349490403738,-114.399999521673,12.7979257281011));
#4004=CARTESIAN_POINT('',(89.6349490403739,-114.399999521673,7.59992572810111));
#4005=CARTESIAN_POINT('',(53.6349490403738,-114.399999521673,7.59992572810111));
#4006=CARTESIAN_POINT('',(89.6349490403739,-114.399999521673,12.7979257281011));
#4007=CARTESIAN_POINT('Origin',(58.6349490403739,-107.399999521673,12.7979257281011));
#4008=CARTESIAN_POINT('',(58.6349490403739,-106.399999521673,7.59992572810111));
#4009=CARTESIAN_POINT('Origin',(58.6349490403739,-107.399999521673,7.59992572810111));
#4010=CARTESIAN_POINT('',(58.6349490403739,-106.399999521673,12.7979257281011));
#4011=CARTESIAN_POINT('Origin',(205.634374005307,-110.399999521673,12.7979257281011));
#4012=CARTESIAN_POINT('',(205.634374005307,-108.399999521673,7.59992572810111));
#4013=CARTESIAN_POINT('Origin',(205.634374005307,-110.399999521673,7.59992572810111));
#4014=CARTESIAN_POINT('',(205.634374005307,-108.399999521673,12.7979257281011));
#4015=CARTESIAN_POINT('Origin',(222.63500333786,-108.399999521673,12.7979257281011));
#4016=CARTESIAN_POINT('',(222.63500333786,-108.399999521673,7.59992572810111));
#4017=CARTESIAN_POINT('',(226.134688671583,-108.399999521673,7.59992572810111));
#4018=CARTESIAN_POINT('',(222.63500333786,-108.399999521673,12.7979257281011));
#4019=CARTESIAN_POINT('Origin',(222.63500333786,-107.399999521673,12.7979257281011));
#4020=CARTESIAN_POINT('',(222.63500333786,-106.399999521673,7.59992572810111));
#4021=CARTESIAN_POINT('Origin',(222.63500333786,-107.399999521673,7.59992572810111));
#4022=CARTESIAN_POINT('',(222.63500333786,-106.399999521673,12.7979257281011));
#4023=CARTESIAN_POINT('Origin',(236.63500333786,-106.399999521673,12.7979257281011));
#4024=CARTESIAN_POINT('',(236.63500333786,-106.399999521673,7.59992572810111));
#4025=CARTESIAN_POINT('',(233.134688671583,-106.399999521673,7.59992572810111));
#4026=CARTESIAN_POINT('',(236.63500333786,-106.399999521673,12.7979257281011));
#4027=CARTESIAN_POINT('Origin',(236.63500333786,-107.399999521673,12.7979257281011));
#4028=CARTESIAN_POINT('',(236.63500333786,-108.399999521673,7.59992572810111));
#4029=CARTESIAN_POINT('Origin',(236.63500333786,-107.399999521673,7.59992572810111));
#4030=CARTESIAN_POINT('',(236.63500333786,-108.399999521673,12.7979257281011));
#4031=CARTESIAN_POINT('Origin',(253.634374005307,-108.399999521673,12.7979257281011));
#4032=CARTESIAN_POINT('',(241.634374005307,-108.399999521673,7.59992572810111));
#4033=CARTESIAN_POINT('Origin',(229.634374005307,-110.399999521673,7.59992572810111));
#4034=CARTESIAN_POINT('Origin',(72.6349490403738,-106.399999521673,12.7979257281011));
#4035=CARTESIAN_POINT('',(72.6349490403738,-106.399999521673,7.59992572810111));
#4036=CARTESIAN_POINT('',(69.1349490403738,-106.399999521673,7.59992572810111));
#4037=CARTESIAN_POINT('',(72.6349490403738,-106.399999521673,12.7979257281011));
#4038=CARTESIAN_POINT('Origin',(72.6349490403738,-107.399999521673,12.7979257281011));
#4039=CARTESIAN_POINT('',(72.6349490403739,-108.399999521673,7.59992572810111));
#4040=CARTESIAN_POINT('Origin',(72.6349490403738,-107.399999521673,7.59992572810111));
#4041=CARTESIAN_POINT('',(72.6349490403739,-108.399999521673,12.7979257281011));
#4042=CARTESIAN_POINT('Origin',(89.6349490403739,-108.399999521673,12.7979257281011));
#4043=CARTESIAN_POINT('',(89.6349490403739,-108.399999521673,7.59992572810111));
#4044=CARTESIAN_POINT('',(77.6349490403739,-108.399999521673,7.59992572810111));
#4045=CARTESIAN_POINT('',(89.6349490403739,-108.399999521673,12.7979257281011));
#4046=CARTESIAN_POINT('Origin',(89.6349490403739,-110.399999521673,12.7979257281011));
#4047=CARTESIAN_POINT('',(91.6349490403739,-110.399999521673,7.59992572810111));
#4048=CARTESIAN_POINT('Origin',(89.6349490403739,-110.399999521673,7.59992572810111));
#4049=CARTESIAN_POINT('',(91.6349490403739,-110.399999521673,12.7979257281011));
#4050=CARTESIAN_POINT('Origin',(91.6349490403739,-112.399999521673,12.7979257281011));
#4051=CARTESIAN_POINT('',(91.6349490403739,-112.399999521673,7.59992572810111));
#4052=CARTESIAN_POINT('',(91.6349490403739,-111.399999521673,7.59992572810111));
#4053=CARTESIAN_POINT('',(91.6349490403739,-112.399999521673,12.7979257281011));
#4054=CARTESIAN_POINT('Origin',(89.6349490403739,-112.399999521673,12.7979257281011));
#4055=CARTESIAN_POINT('Origin',(89.6349490403739,-112.399999521673,7.59992572810111));
#4056=CARTESIAN_POINT('Origin',(65.6349490403738,-110.399999521673,7.59992572810111));
#4057=CARTESIAN_POINT('Origin',(24.5999994724989,-111.399999521673,12.7979257281011));
#4058=CARTESIAN_POINT('',(24.5999994724989,-121.399999521673,2.29792572810111));
#4059=CARTESIAN_POINT('',(14.5999994724989,-111.399999521673,2.29792572810111));
#4060=CARTESIAN_POINT('Origin',(24.5999994724989,-111.399999521673,2.29792572810111));
#4061=CARTESIAN_POINT('',(24.5999994724989,-121.399999521673,11.2979257281011));
#4062=CARTESIAN_POINT('',(24.5999994724989,-121.399999521673,12.7979257281011));
#4063=CARTESIAN_POINT('',(14.5999994724989,-111.399999521673,11.2979257281011));
#4064=CARTESIAN_POINT('Origin',(24.5999994724989,-111.399999521673,11.2979257281011));
#4065=CARTESIAN_POINT('',(14.5999994724989,-111.399999521673,12.7979257281011));
#4066=CARTESIAN_POINT('Origin',(24.5999994724989,-121.399999521673,12.7979257281011));
#4067=CARTESIAN_POINT('',(268.599999472499,-121.399999521673,2.29792572810111));
#4068=CARTESIAN_POINT('',(85.5999994724989,-121.399999521673,2.29792572810111));
#4069=CARTESIAN_POINT('',(268.599999472499,-121.399999521673,11.2979257281011));
#4070=CARTESIAN_POINT('',(268.599999472499,-121.399999521673,12.7979257281011));
#4071=CARTESIAN_POINT('',(85.5999994724989,-121.399999521673,11.2979257281011));
#4072=CARTESIAN_POINT('Origin',(268.599999472499,-111.399999521673,12.7979257281011));
#4073=CARTESIAN_POINT('',(278.599999472499,-111.399999521673,2.29792572810111));
#4074=CARTESIAN_POINT('Origin',(268.599999472499,-111.399999521673,2.29792572810111));
#4075=CARTESIAN_POINT('',(278.599999472499,-111.399999521673,11.2979257281011));
#4076=CARTESIAN_POINT('',(278.599999472499,-111.399999521673,12.7979257281011));
#4077=CARTESIAN_POINT('Origin',(268.599999472499,-111.399999521673,11.2979257281011));
#4078=CARTESIAN_POINT('Origin',(273.999999472499,-14.3999995216727,12.7979257281011));
#4079=CARTESIAN_POINT('',(273.999999472499,-14.3999995216727,0.297925728101109));
#4080=CARTESIAN_POINT('',(273.999999472499,-14.3999995216727,12.7979257281011));
#4081=CARTESIAN_POINT('',(273.999999472499,-111.399999521673,0.297925728101109));
#4082=CARTESIAN_POINT('',(273.999999472499,-111.399999521673,0.297925728101109));
#4083=CARTESIAN_POINT('',(273.999999472499,-111.399999521673,12.7979257281011));
#4084=CARTESIAN_POINT('Origin',(268.599999472499,-111.399999521673,12.7979257281011));
#4085=CARTESIAN_POINT('',(268.599999472499,-116.799999521673,0.297925728101109));
#4086=CARTESIAN_POINT('Origin',(268.599999472499,-111.399999521673,0.297925728101109));
#4087=CARTESIAN_POINT('',(268.599999472499,-116.799999521673,12.7979257281011));
#4088=CARTESIAN_POINT('Origin',(268.599999472499,-116.799999521673,12.7979257281011));
#4089=CARTESIAN_POINT('',(24.5999994724989,-116.799999521673,0.297925728101109));
#4090=CARTESIAN_POINT('',(24.5999994724989,-116.799999521673,0.297925728101109));
#4091=CARTESIAN_POINT('',(24.5999994724989,-116.799999521673,12.7979257281011));
#4092=CARTESIAN_POINT('Origin',(24.5999994724989,-111.399999521673,12.7979257281011));
#4093=CARTESIAN_POINT('',(19.1999994724989,-111.399999521673,0.297925728101109));
#4094=CARTESIAN_POINT('Origin',(24.5999994724989,-111.399999521673,0.297925728101109));
#4095=CARTESIAN_POINT('',(19.1999994724989,-111.399999521673,12.7979257281011));
#4096=CARTESIAN_POINT('Origin',(19.1999994724989,-111.399999521673,12.7979257281011));
#4097=CARTESIAN_POINT('',(19.1999994724989,-14.3999995216727,0.297925728101109));
#4098=CARTESIAN_POINT('',(19.1999994724989,-14.3999995216727,0.297925728101109));
#4099=CARTESIAN_POINT('',(19.1999994724989,-14.3999995216727,12.7979257281011));
#4100=CARTESIAN_POINT('Origin',(24.5999994724989,-14.3999995216727,12.7979257281011));
#4101=CARTESIAN_POINT('',(24.5999994724989,-8.99999952167273,0.297925728101109));
#4102=CARTESIAN_POINT('Origin',(24.5999994724989,-14.3999995216727,0.297925728101109));
#4103=CARTESIAN_POINT('',(24.5999994724989,-8.99999952167273,12.7979257281011));
#4104=CARTESIAN_POINT('Origin',(24.5999994724989,-8.99999952167273,12.7979257281011));
#4105=CARTESIAN_POINT('',(268.599999472499,-8.99999952167274,0.297925728101109));
#4106=CARTESIAN_POINT('',(268.599999472499,-8.99999952167274,0.297925728101109));
#4107=CARTESIAN_POINT('',(268.599999472499,-8.99999952167274,12.7979257281011));
#4108=CARTESIAN_POINT('Origin',(268.599999472499,-14.3999995216727,12.7979257281011));
#4109=CARTESIAN_POINT('Origin',(268.599999472499,-14.3999995216727,0.297925728101109));
#4110=CARTESIAN_POINT('Origin',(278.599999472499,-111.399999521673,12.7979257281011));
#4111=CARTESIAN_POINT('',(278.599999472499,-14.3999995216727,2.29792572810111));
#4112=CARTESIAN_POINT('',(278.599999472499,-87.1499995216728,2.29792572810111));
#4113=CARTESIAN_POINT('',(278.599999472499,-14.3999995216727,11.2979257281011));
#4114=CARTESIAN_POINT('',(278.599999472499,-14.3999995216727,12.7979257281011));
#4115=CARTESIAN_POINT('',(278.599999472499,-87.1499995216728,11.2979257281011));
#4116=CARTESIAN_POINT('Origin',(268.599999472499,-111.399999521673,11.2979257281011));
#4117=CARTESIAN_POINT('Origin',(276.599999472499,-111.399999521673,11.2979257281011));
#4118=CARTESIAN_POINT('Origin',(268.599999472499,-119.399999521673,11.2979257281011));
#4119=CARTESIAN_POINT('Origin',(85.5999994724989,-119.399999521673,11.2979257281011));
#4120=CARTESIAN_POINT('Origin',(24.5999994724989,-119.399999521673,11.2979257281011));
#4121=CARTESIAN_POINT('Origin',(24.5999994724989,-111.399999521673,11.2979257281011));
#4122=CARTESIAN_POINT('Origin',(16.5999994724989,-111.399999521673,11.2979257281011));
#4123=CARTESIAN_POINT('Origin',(16.5999994724989,-38.6499995216727,11.2979257281011));
#4124=CARTESIAN_POINT('',(14.5999994724989,-14.3999995216727,11.2979257281011));
#4125=CARTESIAN_POINT('Origin',(16.5999994724989,-14.3999995216727,11.2979257281011));
#4126=CARTESIAN_POINT('',(14.5999994724989,-38.6499995216727,11.2979257281011));
#4127=CARTESIAN_POINT('Origin',(24.5999994724989,-14.3999995216727,11.2979257281011));
#4128=CARTESIAN_POINT('',(24.5999994724989,-4.39999952167273,11.2979257281011));
#4129=CARTESIAN_POINT('Origin',(24.5999994724989,-6.39999952167273,11.2979257281011));
#4130=CARTESIAN_POINT('Origin',(24.5999994724989,-14.3999995216727,11.2979257281011));
#4131=CARTESIAN_POINT('Origin',(207.599999472499,-6.39999952167274,11.2979257281011));
#4132=CARTESIAN_POINT('',(268.599999472499,-4.39999952167274,11.2979257281011));
#4133=CARTESIAN_POINT('Origin',(268.599999472499,-6.39999952167274,11.2979257281011));
#4134=CARTESIAN_POINT('',(207.599999472499,-4.39999952167274,11.2979257281011));
#4135=CARTESIAN_POINT('Origin',(268.599999472499,-14.3999995216727,11.2979257281011));
#4136=CARTESIAN_POINT('Origin',(276.599999472499,-14.3999995216727,11.2979257281011));
#4137=CARTESIAN_POINT('Origin',(268.599999472499,-14.3999995216727,11.2979257281011));
#4138=CARTESIAN_POINT('Origin',(276.599999472499,-87.1499995216728,11.2979257281011));
#4139=CARTESIAN_POINT('Origin',(146.599999472499,-62.8999995216727,0.297925728101109));
#4140=CARTESIAN_POINT('',(16.5999994724989,-14.3999995216727,0.297925728101109));
#4141=CARTESIAN_POINT('',(16.5999994724989,-111.399999521673,0.297925728101109));
#4142=CARTESIAN_POINT('',(16.5999994724989,-38.6499995216727,0.297925728101109));
#4143=CARTESIAN_POINT('',(24.5999994724989,-6.39999952167273,0.297925728101109));
#4144=CARTESIAN_POINT('Origin',(24.5999994724989,-14.3999995216727,0.297925728101109));
#4145=CARTESIAN_POINT('',(268.599999472499,-6.39999952167274,0.297925728101109));
#4146=CARTESIAN_POINT('',(207.599999472499,-6.39999952167274,0.297925728101109));
#4147=CARTESIAN_POINT('',(276.599999472499,-14.3999995216727,0.297925728101109));
#4148=CARTESIAN_POINT('Origin',(268.599999472499,-14.3999995216727,0.297925728101109));
#4149=CARTESIAN_POINT('',(276.599999472499,-111.399999521673,0.297925728101109));
#4150=CARTESIAN_POINT('',(276.599999472499,-87.1499995216728,0.297925728101109));
#4151=CARTESIAN_POINT('',(268.599999472499,-119.399999521673,0.297925728101109));
#4152=CARTESIAN_POINT('Origin',(268.599999472499,-111.399999521673,0.297925728101109));
#4153=CARTESIAN_POINT('',(24.5999994724989,-119.399999521673,0.297925728101109));
#4154=CARTESIAN_POINT('',(85.5999994724989,-119.399999521673,0.297925728101109));
#4155=CARTESIAN_POINT('Origin',(24.5999994724989,-111.399999521673,0.297925728101109));
#4156=CARTESIAN_POINT('Origin',(14.5999994724989,-14.3999995216727,12.7979257281011));
#4157=CARTESIAN_POINT('',(14.5999994724989,-14.3999995216727,2.29792572810111));
#4158=CARTESIAN_POINT('',(14.5999994724989,-38.6499995216727,2.29792572810111));
#4159=CARTESIAN_POINT('',(14.5999994724989,-14.3999995216727,12.7979257281011));
#4160=CARTESIAN_POINT('Origin',(24.5999994724989,-14.3999995216727,12.7979257281011));
#4161=CARTESIAN_POINT('',(24.5999994724989,-4.39999952167273,2.29792572810111));
#4162=CARTESIAN_POINT('Origin',(24.5999994724989,-14.3999995216727,2.29792572810111));
#4163=CARTESIAN_POINT('',(24.5999994724989,-4.39999952167273,12.7979257281011));
#4164=CARTESIAN_POINT('Origin',(268.599999472499,-4.39999952167274,12.7979257281011));
#4165=CARTESIAN_POINT('',(268.599999472499,-4.39999952167274,2.29792572810111));
#4166=CARTESIAN_POINT('',(207.599999472499,-4.39999952167274,2.29792572810111));
#4167=CARTESIAN_POINT('',(268.599999472499,-4.39999952167274,12.7979257281011));
#4168=CARTESIAN_POINT('Origin',(268.599999472499,-14.3999995216727,12.7979257281011));
#4169=CARTESIAN_POINT('Origin',(268.599999472499,-14.3999995216727,2.29792572810111));
#4170=CARTESIAN_POINT('Origin',(24.5999994724989,-111.399999521673,2.29792572810111));
#4171=CARTESIAN_POINT('Origin',(16.5999994724989,-111.399999521673,2.29792572810111));
#4172=CARTESIAN_POINT('Origin',(24.5999994724989,-119.399999521673,2.29792572810111));
#4173=CARTESIAN_POINT('Origin',(85.5999994724989,-119.399999521673,2.29792572810111));
#4174=CARTESIAN_POINT('Origin',(268.599999472499,-119.399999521673,2.29792572810111));
#4175=CARTESIAN_POINT('Origin',(268.599999472499,-111.399999521673,2.29792572810111));
#4176=CARTESIAN_POINT('Origin',(276.599999472499,-111.399999521673,2.29792572810111));
#4177=CARTESIAN_POINT('Origin',(276.599999472499,-87.1499995216728,2.29792572810111));
#4178=CARTESIAN_POINT('Origin',(276.599999472499,-14.3999995216727,2.29792572810111));
#4179=CARTESIAN_POINT('Origin',(268.599999472499,-14.3999995216727,2.29792572810111));
#4180=CARTESIAN_POINT('Origin',(268.599999472499,-6.39999952167274,2.29792572810111));
#4181=CARTESIAN_POINT('Origin',(207.599999472499,-6.39999952167274,2.29792572810111));
#4182=CARTESIAN_POINT('Origin',(24.5999994724989,-6.39999952167273,2.29792572810111));
#4183=CARTESIAN_POINT('Origin',(24.5999994724989,-14.3999995216727,2.29792572810111));
#4184=CARTESIAN_POINT('Origin',(16.5999994724989,-14.3999995216727,2.29792572810111));
#4185=CARTESIAN_POINT('Origin',(16.5999994724989,-38.6499995216727,2.29792572810111));
#4186=CARTESIAN_POINT('Origin',(89.6349490403738,-17.4008339004752,12.7979257281011));
#4187=CARTESIAN_POINT('',(89.6349490403738,-17.4008339004752,7.59992572810111));
#4188=CARTESIAN_POINT('',(72.6662100611092,-17.4008339004752,7.59992572810111));
#4189=CARTESIAN_POINT('',(118.117474256436,-17.4008339004752,7.59992572810111));
#4190=CARTESIAN_POINT('',(89.6349490403738,-17.4008339004752,12.7979257281011));
#4191=CARTESIAN_POINT('',(72.6662100611092,-17.4008339004752,12.7979257281011));
#4192=CARTESIAN_POINT('Origin',(72.6662100611092,-18.4008339004752,12.7979257281011));
#4193=CARTESIAN_POINT('',(71.6662102351561,-18.4008339002573,7.59992572810111));
#4194=CARTESIAN_POINT('Origin',(72.6662100611092,-18.4008339004752,7.59992572810111));
#4195=CARTESIAN_POINT('',(71.6662102351561,-18.4008339002573,12.7979257281011));
#4196=CARTESIAN_POINT('Origin',(72.6662100611092,-18.3999995216727,12.7979257281011));
#4197=CARTESIAN_POINT('',(72.6662100611092,-19.3999995216727,7.59992572810111));
#4198=CARTESIAN_POINT('Origin',(72.6662100611092,-18.3999995216727,7.59992572810111));
#4199=CARTESIAN_POINT('',(72.6662100611092,-19.3999995216727,12.7979257281011));
#4200=CARTESIAN_POINT('Origin',(72.6662100611092,-19.3999995216727,12.7979257281011));
#4201=CARTESIAN_POINT('',(58.6662100611092,-19.3999995216728,7.59992572810111));
#4202=CARTESIAN_POINT('',(109.633104766804,-19.3999995216727,7.59992572810111));
#4203=CARTESIAN_POINT('',(58.6662100611092,-19.3999995216728,12.7979257281011));
#4204=CARTESIAN_POINT('Origin',(58.6662100611092,-18.3999995216728,12.7979257281011));
#4205=CARTESIAN_POINT('',(59.6662098870623,-18.3999995218906,7.59992572810111));
#4206=CARTESIAN_POINT('Origin',(58.6662100611092,-18.3999995216728,7.59992572810111));
#4207=CARTESIAN_POINT('',(59.6662098870623,-18.3999995218906,12.7979257281011));
#4208=CARTESIAN_POINT('Origin',(58.6662100611092,-18.4008339004752,12.7979257281011));
#4209=CARTESIAN_POINT('',(58.6662100611092,-17.4008339004752,7.59992572810111));
#4210=CARTESIAN_POINT('Origin',(58.6662100611092,-18.4008339004752,7.59992572810111));
#4211=CARTESIAN_POINT('',(58.6662100611092,-17.4008339004752,12.7979257281011));
#4212=CARTESIAN_POINT('Origin',(58.6662100611092,-17.4008339004752,12.7979257281011));
#4213=CARTESIAN_POINT('',(41.6349490403738,-17.4008339004752,7.59992572810111));
#4214=CARTESIAN_POINT('',(102.633104766804,-17.4008339004752,7.59992572810111));
#4215=CARTESIAN_POINT('',(41.6349490403738,-17.4008339004752,12.7979257281011));
#4216=CARTESIAN_POINT('Origin',(89.6349490403738,-15.4008339004752,12.7979257281011));
#4217=CARTESIAN_POINT('',(91.6349490403738,-15.4008339004752,7.59992572810111));
#4218=CARTESIAN_POINT('Origin',(89.6349490403738,-15.4008339004752,7.59992572810111));
#4219=CARTESIAN_POINT('',(91.6349490403738,-15.4008339004752,12.7979257281011));
#4220=CARTESIAN_POINT('Origin',(91.6349490403738,-13.4008339004752,12.7979257281011));
#4221=CARTESIAN_POINT('',(91.6349490403738,-13.4008339004752,7.59992572810111));
#4222=CARTESIAN_POINT('',(91.6349490403738,-38.150416711074,7.59992572810111));
#4223=CARTESIAN_POINT('',(91.6349490403738,-13.4008339004752,12.7979257281011));
#4224=CARTESIAN_POINT('Origin',(89.6349490403738,-13.4008339004752,12.7979257281011));
#4225=CARTESIAN_POINT('',(89.6349490403738,-11.4008339004752,7.59992572810111));
#4226=CARTESIAN_POINT('Origin',(89.6349490403738,-13.4008339004752,7.59992572810111));
#4227=CARTESIAN_POINT('',(89.6349490403738,-11.4008339004752,12.7979257281011));
#4228=CARTESIAN_POINT('Origin',(41.6349490403738,-11.4008339004752,12.7979257281011));
#4229=CARTESIAN_POINT('',(41.6349490403738,-11.4008339004752,7.59992572810111));
#4230=CARTESIAN_POINT('',(94.1174742564364,-11.4008339004752,7.59992572810111));
#4231=CARTESIAN_POINT('',(41.6349490403738,-11.4008339004752,12.7979257281011));
#4232=CARTESIAN_POINT('Origin',(41.6349490403738,-13.4008339004752,12.7979257281011));
#4233=CARTESIAN_POINT('',(39.6349490403738,-13.4008339004752,7.59992572810111));
#4234=CARTESIAN_POINT('Origin',(41.6349490403738,-13.4008339004752,7.59992572810111));
#4235=CARTESIAN_POINT('',(39.6349490403738,-13.4008339004752,12.7979257281011));
#4236=CARTESIAN_POINT('Origin',(39.6349490403738,-15.4008339004752,12.7979257281011));
#4237=CARTESIAN_POINT('',(39.6349490403738,-15.4008339004752,7.59992572810111));
#4238=CARTESIAN_POINT('',(39.6349490403738,-39.150416711074,7.59992572810111));
#4239=CARTESIAN_POINT('',(39.6349490403738,-15.4008339004752,12.7979257281011));
#4240=CARTESIAN_POINT('Origin',(41.6349490403738,-15.4008339004752,12.7979257281011));
#4241=CARTESIAN_POINT('Origin',(41.6349490403738,-15.4008339004752,7.59992572810111));
#4242=CARTESIAN_POINT('Origin',(146.599999472499,-62.8999995216727,7.59992572810111));
#4243=CARTESIAN_POINT('Origin',(253.634374005307,-17.3999995216727,12.7979257281011));
#4244=CARTESIAN_POINT('',(253.634374005307,-17.3999995216727,7.59992572810111));
#4245=CARTESIAN_POINT('',(236.596013687268,-17.3999995216727,7.59992572810111));
#4246=CARTESIAN_POINT('',(200.117186738903,-17.3999995216728,7.59992572810111));
#4247=CARTESIAN_POINT('',(253.634374005307,-17.3999995216727,12.7979257281011));
#4248=CARTESIAN_POINT('',(236.596013687268,-17.3999995216727,12.7979257281011));
#4249=CARTESIAN_POINT('Origin',(236.596013687268,-18.3999995216727,12.7979257281011));
#4250=CARTESIAN_POINT('',(236.596013687268,-19.3999995216727,7.59992572810111));
#4251=CARTESIAN_POINT('Origin',(236.596013687268,-18.3999995216727,7.59992572810111));
#4252=CARTESIAN_POINT('',(236.596013687268,-19.3999995216727,12.7979257281011));
#4253=CARTESIAN_POINT('Origin',(236.596013687268,-19.3999995216727,12.7979257281011));
#4254=CARTESIAN_POINT('',(222.596013687268,-19.3999995216727,7.59992572810111));
#4255=CARTESIAN_POINT('',(191.598006579883,-19.3999995216727,7.59992572810111));
#4256=CARTESIAN_POINT('',(222.596013687268,-19.3999995216727,12.7979257281011));
#4257=CARTESIAN_POINT('Origin',(222.596013687268,-18.3999995216727,12.7979257281011));
#4258=CARTESIAN_POINT('',(222.596013687268,-17.3999995216727,7.59992572810111));
#4259=CARTESIAN_POINT('Origin',(222.596013687268,-18.3999995216727,7.59992572810111));
#4260=CARTESIAN_POINT('',(222.596013687268,-17.3999995216727,12.7979257281011));
#4261=CARTESIAN_POINT('Origin',(222.596013687268,-17.3999995216727,12.7979257281011));
#4262=CARTESIAN_POINT('',(205.634374005307,-17.3999995216727,7.59992572810111));
#4263=CARTESIAN_POINT('',(184.598006579883,-17.3999995216727,7.59992572810111));
#4264=CARTESIAN_POINT('',(205.634374005307,-17.3999995216727,12.7979257281011));
#4265=CARTESIAN_POINT('Origin',(205.634374005307,-15.3999995216727,12.7979257281011));
#4266=CARTESIAN_POINT('',(203.634374005307,-15.3999995216727,7.59992572810111));
#4267=CARTESIAN_POINT('Origin',(205.634374005307,-15.3999995216727,7.59992572810111));
#4268=CARTESIAN_POINT('',(203.634374005307,-15.3999995216727,12.7979257281011));
#4269=CARTESIAN_POINT('Origin',(253.634374005307,-15.3999995216727,12.7979257281011));
#4270=CARTESIAN_POINT('',(255.634374005307,-15.3999995216728,7.59992572810111));
#4271=CARTESIAN_POINT('Origin',(253.634374005307,-15.3999995216727,7.59992572810111));
#4272=CARTESIAN_POINT('',(255.634374005307,-15.3999995216728,12.7979257281011));
#4273=CARTESIAN_POINT('Origin',(255.634374005307,-13.3999995216727,12.7979257281011));
#4274=CARTESIAN_POINT('',(255.634374005307,-13.3999995216727,7.59992572810111));
#4275=CARTESIAN_POINT('',(255.634374005307,-38.1499995216727,7.59992572810111));
#4276=CARTESIAN_POINT('',(255.634374005307,-13.3999995216727,12.7979257281011));
#4277=CARTESIAN_POINT('Origin',(253.634374005307,-13.3999995216728,12.7979257281011));
#4278=CARTESIAN_POINT('',(253.634374005307,-11.3999995216727,7.59992572810111));
#4279=CARTESIAN_POINT('Origin',(253.634374005307,-13.3999995216728,7.59992572810111));
#4280=CARTESIAN_POINT('',(253.634374005307,-11.3999995216727,12.7979257281011));
#4281=CARTESIAN_POINT('Origin',(205.634374005307,-11.3999995216727,12.7979257281011));
#4282=CARTESIAN_POINT('',(205.634374005307,-11.3999995216727,7.59992572810111));
#4283=CARTESIAN_POINT('',(176.117186738903,-11.3999995216727,7.59992572810111));
#4284=CARTESIAN_POINT('',(205.634374005307,-11.3999995216727,12.7979257281011));
#4285=CARTESIAN_POINT('Origin',(205.634374005307,-13.3999995216728,12.7979257281011));
#4286=CARTESIAN_POINT('',(203.634374005307,-13.3999995216727,7.59992572810111));
#4287=CARTESIAN_POINT('Origin',(205.634374005307,-13.3999995216728,7.59992572810111));
#4288=CARTESIAN_POINT('',(203.634374005307,-13.3999995216727,12.7979257281011));
#4289=CARTESIAN_POINT('Origin',(203.634374005307,-15.3999995216727,12.7979257281011));
#4290=CARTESIAN_POINT('',(203.634374005307,-39.1499995216727,7.59992572810111));
#4291=CARTESIAN_POINT('Origin',(146.599999472499,-62.8999995216727,7.59992572810111));
#4292=CARTESIAN_POINT('Origin',(263.262117,-24.299852,0.));
#4293=CARTESIAN_POINT('',(0.,0.,0.));
#4294=CARTESIAN_POINT('',(0.,0.,0.));
#4295=UNCERTAINTY_MEASURE_WITH_UNIT(LENGTH_MEASURE(0.01),#4303,
'DISTANCE_ACCURACY_VALUE',
'Maximum model space distance between geometric entities at asserted c
onnectivities');
#4296=UNCERTAINTY_MEASURE_WITH_UNIT(LENGTH_MEASURE(0.01),#4303,
'DISTANCE_ACCURACY_VALUE',
'Maximum model space distance between geometric entities at asserted c
onnectivities');
#4297=UNCERTAINTY_MEASURE_WITH_UNIT(LENGTH_MEASURE(0.01),#4303,
'DISTANCE_ACCURACY_VALUE',
'Maximum model space distance between geometric entities at asserted c
onnectivities');
#4298=UNCERTAINTY_MEASURE_WITH_UNIT(LENGTH_MEASURE(0.01),#4303,
'DISTANCE_ACCURACY_VALUE',
'Maximum model space distance between geometric entities at asserted c
onnectivities');
#4299=(
GEOMETRIC_REPRESENTATION_CONTEXT(3)
GLOBAL_UNCERTAINTY_ASSIGNED_CONTEXT((#4295))
GLOBAL_UNIT_ASSIGNED_CONTEXT((#4303,#4305,#4306))
REPRESENTATION_CONTEXT('','3D')
);
#4300=(
GEOMETRIC_REPRESENTATION_CONTEXT(3)
GLOBAL_UNCERTAINTY_ASSIGNED_CONTEXT((#4296))
GLOBAL_UNIT_ASSIGNED_CONTEXT((#4303,#4305,#4306))
REPRESENTATION_CONTEXT('','3D')
);
#4301=(
GEOMETRIC_REPRESENTATION_CONTEXT(3)
GLOBAL_UNCERTAINTY_ASSIGNED_CONTEXT((#4297))
GLOBAL_UNIT_ASSIGNED_CONTEXT((#4303,#4305,#4306))
REPRESENTATION_CONTEXT('','3D')
);
#4302=(
GEOMETRIC_REPRESENTATION_CONTEXT(3)
GLOBAL_UNCERTAINTY_ASSIGNED_CONTEXT((#4298))
GLOBAL_UNIT_ASSIGNED_CONTEXT((#4303,#4305,#4306))
REPRESENTATION_CONTEXT('','3D')
);
#4303=(
LENGTH_UNIT()
NAMED_UNIT(*)
SI_UNIT(.MILLI.,.METRE.)
);
#4304=(
LENGTH_UNIT()
NAMED_UNIT(*)
SI_UNIT($,.METRE.)
);
#4305=(
NAMED_UNIT(*)
PLANE_ANGLE_UNIT()
SI_UNIT($,.RADIAN.)
);
#4306=(
NAMED_UNIT(*)
SI_UNIT($,.STERADIAN.)
SOLID_ANGLE_UNIT()
);
#4307=SHAPE_DEFINITION_REPRESENTATION(#4310,#4315);
#4308=SHAPE_DEFINITION_REPRESENTATION(#4311,#4316);
#4309=SHAPE_DEFINITION_REPRESENTATION(#4312,#4317);
#4310=PRODUCT_DEFINITION_SHAPE('',$,#4319);
#4311=PRODUCT_DEFINITION_SHAPE('',$,#4320);
#4312=PRODUCT_DEFINITION_SHAPE('',$,#4321);
#4313=PRODUCT_DEFINITION_SHAPE($,$,#17);
#4314=PRODUCT_DEFINITION_SHAPE($,$,#18);
#4315=SHAPE_REPRESENTATION('',(#2503,#2786),#4299);
#4316=SHAPE_REPRESENTATION('',(#2504,#2785),#4300);
#4317=SHAPE_REPRESENTATION('',(#2505),#4301);
#4318=PRODUCT_DEFINITION_CONTEXT('part definition',#4329,'design');
#4319=PRODUCT_DEFINITION('Pancake case','Pancake case v84',#4322,#4318);
#4320=PRODUCT_DEFINITION('Pancake','Pancake',#4323,#4318);
#4321=PRODUCT_DEFINITION('Top Case','Top Case',#4324,#4318);
#4322=PRODUCT_DEFINITION_FORMATION('',$,#4331);
#4323=PRODUCT_DEFINITION_FORMATION('',$,#4332);
#4324=PRODUCT_DEFINITION_FORMATION('',$,#4333);
#4325=PRODUCT_RELATED_PRODUCT_CATEGORY('Pancake case v84',
'Pancake case v84',(#4331));
#4326=PRODUCT_RELATED_PRODUCT_CATEGORY('Pancake','Pancake',(#4332));
#4327=PRODUCT_RELATED_PRODUCT_CATEGORY('Top Case','Top Case',(#4333));
#4328=APPLICATION_PROTOCOL_DEFINITION('international standard',
'automotive_design',2009,#4329);
#4329=APPLICATION_CONTEXT(
'Core Data for Automotive Mechanical Design Process');
#4330=PRODUCT_CONTEXT('part definition',#4329,'mechanical');
#4331=PRODUCT('Pancake case','Pancake case v84',$,(#4330));
#4332=PRODUCT('Pancake','Pancake',$,(#4330));
#4333=PRODUCT('Top Case','Top Case',$,(#4330));
#4334=PRESENTATION_STYLE_ASSIGNMENT((#4337));
#4335=PRESENTATION_STYLE_ASSIGNMENT((#4338));
#4336=PRESENTATION_STYLE_ASSIGNMENT((#4339));
#4337=SURFACE_STYLE_USAGE(.BOTH.,#4340);
#4338=SURFACE_STYLE_USAGE(.BOTH.,#4341);
#4339=SURFACE_STYLE_USAGE(.BOTH.,#4342);
#4340=SURFACE_SIDE_STYLE('',(#4343));
#4341=SURFACE_SIDE_STYLE('',(#4344));
#4342=SURFACE_SIDE_STYLE('',(#4345));
#4343=SURFACE_STYLE_FILL_AREA(#4346);
#4344=SURFACE_STYLE_FILL_AREA(#4347);
#4345=SURFACE_STYLE_FILL_AREA(#4348);
#4346=FILL_AREA_STYLE('Acier - Satin\X\E9',(#4349));
#4347=FILL_AREA_STYLE('ABS (blanc)',(#4350));
#4348=FILL_AREA_STYLE('ELEGOO PLA BASIC - Wood',(#4351));
#4349=FILL_AREA_STYLE_COLOUR('Acier - Satin\X\E9',#4352);
#4350=FILL_AREA_STYLE_COLOUR('ABS (blanc)',#4353);
#4351=FILL_AREA_STYLE_COLOUR('ELEGOO PLA BASIC - Wood',#4354);
#4352=COLOUR_RGB('Acier - Satin\X\E9',0.627450980392157,0.627450980392157,
0.627450980392157);
#4353=COLOUR_RGB('ABS (blanc)',0.964705882352941,0.964705882352941,0.952941176470588);
#4354=COLOUR_RGB('ELEGOO PLA BASIC - Wood',0.603921568627451,0.482352941176471,
0.309803921568627);
ENDSEC;
END-ISO-10303-21;
