ISO-10303-21;
HEADER;
/* Generated by software containing ST-Developer
 * from STEP Tools, Inc. (www.steptools.com) 
 */

FILE_DESCRIPTION(
/* description */ (''),
/* implementation_level */ '2;1');

FILE_NAME(
/* name */ 'Plate 2u screw.step',
/* time_stamp */ '2025-12-07T22:08:20+01:00',
/* author */ (''),
/* organization */ (''),
/* preprocessor_version */ 'ST-DEVELOPER v20.1',
/* originating_system */ 'Autodesk Translation Framework v14.21.0.0',
/* authorisation */ '');

FILE_SCHEMA (('AUTOMOTIVE_DESIGN { 1 0 10303 214 3 1 1 }'));
ENDSEC;

DATA;
#10=MECHANICAL_DESIGN_GEOMETRIC_PRESENTATION_REPRESENTATION('',(#25),#17523);
#11=ITEM_DEFINED_TRANSFORMATION($,$,#10388,#11403);
#12=ITEM_DEFINED_TRANSFORMATION($,$,#11402,#11404);
#13=ITEM_DEFINED_TRANSFORMATION($,$,#10387,#11405);
#14=(
REPRESENTATION_RELATIONSHIP($,$,#17541,#17540)
REPRESENTATION_RELATIONSHIP_WITH_TRANSFORMATION(#11)
SHAPE_REPRESENTATION_RELATIONSHIP()
);
#15=(
REPRESENTATION_RELATIONSHIP($,$,#17542,#17540)
REPRESENTATION_RELATIONSHIP_WITH_TRANSFORMATION(#12)
SHAPE_REPRESENTATION_RELATIONSHIP()
);
#16=(
REPRESENTATION_RELATIONSHIP($,$,#17540,#17539)
REPRESENTATION_RELATIONSHIP_WITH_TRANSFORMATION(#13)
SHAPE_REPRESENTATION_RELATIONSHIP()
);
#17=CONTEXT_DEPENDENT_SHAPE_REPRESENTATION(#14,#17536);
#18=CONTEXT_DEPENDENT_SHAPE_REPRESENTATION(#15,#17537);
#19=CONTEXT_DEPENDENT_SHAPE_REPRESENTATION(#16,#17538);
#20=NEXT_ASSEMBLY_USAGE_OCCURRENCE('PCB & Plate:1','PCB & Plate:1',
'PCB & Plate:1',#17545,#17546,'PCB & Plate:1');
#21=NEXT_ASSEMBLY_USAGE_OCCURRENCE('Trou vis & USB:1',
'Trou vis & USB:1','Trou vis & USB:1',#17545,#17547,'Trou vis & USB:1');
#22=NEXT_ASSEMBLY_USAGE_OCCURRENCE('Pancake:1','Pancake:1','Pancake:1',
#17544,#17545,'Pancake:1');
#23=SHAPE_REPRESENTATION_RELATIONSHIP('SRR','None',#17541,#24);
#24=ADVANCED_BREP_SHAPE_REPRESENTATION('',(#26),#17521);
#25=STYLED_ITEM('',(#17565),#26);
#26=MANIFOLD_SOLID_BREP('Plate',#10362);
#27=FACE_BOUND('',#1819,.T.);
#28=FACE_BOUND('',#1820,.T.);
#29=FACE_BOUND('',#1821,.T.);
#30=FACE_BOUND('',#1822,.T.);
#31=FACE_BOUND('',#1823,.T.);
#32=FACE_BOUND('',#1824,.T.);
#33=FACE_BOUND('',#1825,.T.);
#34=FACE_BOUND('',#1826,.T.);
#35=FACE_BOUND('',#1827,.T.);
#36=FACE_BOUND('',#1828,.T.);
#37=FACE_BOUND('',#1829,.T.);
#38=FACE_BOUND('',#1830,.T.);
#39=FACE_BOUND('',#1831,.T.);
#40=FACE_BOUND('',#1832,.T.);
#41=FACE_BOUND('',#1833,.T.);
#42=FACE_BOUND('',#1834,.T.);
#43=FACE_BOUND('',#1835,.T.);
#44=FACE_BOUND('',#1836,.T.);
#45=FACE_BOUND('',#1837,.T.);
#46=FACE_BOUND('',#1838,.T.);
#47=FACE_BOUND('',#1839,.T.);
#48=FACE_BOUND('',#1840,.T.);
#49=FACE_BOUND('',#1841,.T.);
#50=FACE_BOUND('',#1842,.T.);
#51=FACE_BOUND('',#1843,.T.);
#52=FACE_BOUND('',#1844,.T.);
#53=FACE_BOUND('',#1845,.T.);
#54=FACE_BOUND('',#1846,.T.);
#55=FACE_BOUND('',#1847,.T.);
#56=FACE_BOUND('',#1848,.T.);
#57=FACE_BOUND('',#1849,.T.);
#58=FACE_BOUND('',#1850,.T.);
#59=FACE_BOUND('',#1851,.T.);
#60=FACE_BOUND('',#1852,.T.);
#61=FACE_BOUND('',#1853,.T.);
#62=FACE_BOUND('',#1854,.T.);
#63=FACE_BOUND('',#1855,.T.);
#64=FACE_BOUND('',#1856,.T.);
#65=FACE_BOUND('',#1857,.T.);
#66=FACE_BOUND('',#1858,.T.);
#67=FACE_BOUND('',#1859,.T.);
#68=FACE_BOUND('',#1860,.T.);
#69=FACE_BOUND('',#1861,.T.);
#70=FACE_BOUND('',#1862,.T.);
#71=FACE_BOUND('',#1863,.T.);
#72=FACE_BOUND('',#1864,.T.);
#73=FACE_BOUND('',#1866,.T.);
#74=FACE_BOUND('',#1867,.T.);
#75=FACE_BOUND('',#1868,.T.);
#76=FACE_BOUND('',#1869,.T.);
#77=FACE_BOUND('',#1870,.T.);
#78=FACE_BOUND('',#1871,.T.);
#79=FACE_BOUND('',#1872,.T.);
#80=FACE_BOUND('',#1873,.T.);
#81=FACE_BOUND('',#1874,.T.);
#82=FACE_BOUND('',#1875,.T.);
#83=FACE_BOUND('',#1876,.T.);
#84=FACE_BOUND('',#1877,.T.);
#85=FACE_BOUND('',#1878,.T.);
#86=FACE_BOUND('',#1879,.T.);
#87=FACE_BOUND('',#1880,.T.);
#88=FACE_BOUND('',#1881,.T.);
#89=FACE_BOUND('',#1882,.T.);
#90=FACE_BOUND('',#1883,.T.);
#91=FACE_BOUND('',#1884,.T.);
#92=FACE_BOUND('',#1885,.T.);
#93=FACE_BOUND('',#1886,.T.);
#94=FACE_BOUND('',#1887,.T.);
#95=FACE_BOUND('',#1888,.T.);
#96=FACE_BOUND('',#1889,.T.);
#97=FACE_BOUND('',#1890,.T.);
#98=FACE_BOUND('',#1891,.T.);
#99=FACE_BOUND('',#1892,.T.);
#100=FACE_BOUND('',#1893,.T.);
#101=FACE_BOUND('',#1894,.T.);
#102=FACE_BOUND('',#1895,.T.);
#103=FACE_BOUND('',#1896,.T.);
#104=FACE_BOUND('',#1897,.T.);
#105=FACE_BOUND('',#1898,.T.);
#106=FACE_BOUND('',#1899,.T.);
#107=FACE_BOUND('',#1900,.T.);
#108=FACE_BOUND('',#1901,.T.);
#109=FACE_BOUND('',#1902,.T.);
#110=FACE_BOUND('',#1903,.T.);
#111=FACE_BOUND('',#1904,.T.);
#112=FACE_BOUND('',#1905,.T.);
#113=FACE_BOUND('',#1906,.T.);
#114=FACE_BOUND('',#1907,.T.);
#115=FACE_BOUND('',#1908,.T.);
#116=FACE_BOUND('',#1909,.T.);
#117=FACE_BOUND('',#1910,.T.);
#118=FACE_BOUND('',#1911,.T.);
#119=CIRCLE('',#10391,0.499999999999972);
#120=CIRCLE('',#10392,0.499999999999972);
#121=CIRCLE('',#10395,0.500000000000003);
#122=CIRCLE('',#10396,0.500000000000003);
#123=CIRCLE('',#10399,0.500000000000007);
#124=CIRCLE('',#10400,0.500000000000007);
#125=CIRCLE('',#10403,0.499999999999998);
#126=CIRCLE('',#10404,0.499999999999998);
#127=CIRCLE('',#10407,0.500000000000007);
#128=CIRCLE('',#10408,0.500000000000007);
#129=CIRCLE('',#10411,0.499999999999998);
#130=CIRCLE('',#10412,0.499999999999998);
#131=CIRCLE('',#10415,0.500000000000007);
#132=CIRCLE('',#10416,0.500000000000007);
#133=CIRCLE('',#10419,0.499999999999998);
#134=CIRCLE('',#10420,0.499999999999998);
#135=CIRCLE('',#10423,0.500000000000007);
#136=CIRCLE('',#10424,0.500000000000007);
#137=CIRCLE('',#10427,0.499999999999998);
#138=CIRCLE('',#10428,0.499999999999998);
#139=CIRCLE('',#10431,0.500000000000007);
#140=CIRCLE('',#10432,0.500000000000007);
#141=CIRCLE('',#10435,0.5);
#142=CIRCLE('',#10436,0.5);
#143=CIRCLE('',#10439,0.500000000000007);
#144=CIRCLE('',#10440,0.500000000000007);
#145=CIRCLE('',#10443,0.499999999999998);
#146=CIRCLE('',#10444,0.499999999999998);
#147=CIRCLE('',#10447,0.500000000000007);
#148=CIRCLE('',#10448,0.500000000000007);
#149=CIRCLE('',#10451,0.499999999999998);
#150=CIRCLE('',#10452,0.499999999999998);
#151=CIRCLE('',#10455,0.500000000000007);
#152=CIRCLE('',#10456,0.500000000000007);
#153=CIRCLE('',#10459,0.500000000000003);
#154=CIRCLE('',#10460,0.500000000000003);
#155=CIRCLE('',#10463,0.500000000000007);
#156=CIRCLE('',#10464,0.500000000000007);
#157=CIRCLE('',#10467,0.499999999999998);
#158=CIRCLE('',#10468,0.499999999999998);
#159=CIRCLE('',#10471,0.499999999999998);
#160=CIRCLE('',#10472,0.499999999999998);
#161=CIRCLE('',#10475,0.499999999999998);
#162=CIRCLE('',#10476,0.499999999999998);
#163=CIRCLE('',#10479,0.499999999999989);
#164=CIRCLE('',#10480,0.499999999999989);
#165=CIRCLE('',#10483,0.5);
#166=CIRCLE('',#10484,0.5);
#167=CIRCLE('',#10487,0.499999999999998);
#168=CIRCLE('',#10488,0.499999999999998);
#169=CIRCLE('',#10491,0.499999999999998);
#170=CIRCLE('',#10492,0.499999999999998);
#171=CIRCLE('',#10495,0.499999999999998);
#172=CIRCLE('',#10496,0.499999999999998);
#173=CIRCLE('',#10499,0.499999999999998);
#174=CIRCLE('',#10500,0.499999999999998);
#175=CIRCLE('',#10503,0.499999999999998);
#176=CIRCLE('',#10504,0.499999999999998);
#177=CIRCLE('',#10507,0.499999999999998);
#178=CIRCLE('',#10508,0.499999999999998);
#179=CIRCLE('',#10511,0.500000000000003);
#180=CIRCLE('',#10512,0.500000000000003);
#181=CIRCLE('',#10515,0.5);
#182=CIRCLE('',#10516,0.5);
#183=CIRCLE('',#10519,0.500000000000003);
#184=CIRCLE('',#10520,0.500000000000003);
#185=CIRCLE('',#10523,0.499999999999998);
#186=CIRCLE('',#10524,0.499999999999998);
#187=CIRCLE('',#10527,0.499999999999998);
#188=CIRCLE('',#10528,0.499999999999998);
#189=CIRCLE('',#10531,0.499999999999998);
#190=CIRCLE('',#10532,0.499999999999998);
#191=CIRCLE('',#10535,0.500000000000007);
#192=CIRCLE('',#10536,0.500000000000007);
#193=CIRCLE('',#10539,0.499999999999998);
#194=CIRCLE('',#10540,0.499999999999998);
#195=CIRCLE('',#10543,0.500000000000007);
#196=CIRCLE('',#10544,0.500000000000007);
#197=CIRCLE('',#10547,0.499999999999998);
#198=CIRCLE('',#10548,0.499999999999998);
#199=CIRCLE('',#10551,0.500000000000007);
#200=CIRCLE('',#10552,0.500000000000007);
#201=CIRCLE('',#10555,0.499999999999998);
#202=CIRCLE('',#10556,0.499999999999998);
#203=CIRCLE('',#10559,0.499999999999989);
#204=CIRCLE('',#10560,0.499999999999989);
#205=CIRCLE('',#10563,0.499999999999998);
#206=CIRCLE('',#10564,0.499999999999998);
#207=CIRCLE('',#10567,0.500000000000007);
#208=CIRCLE('',#10568,0.500000000000007);
#209=CIRCLE('',#10571,0.500000000000025);
#210=CIRCLE('',#10572,0.500000000000025);
#211=CIRCLE('',#10575,0.499999999999972);
#212=CIRCLE('',#10576,0.499999999999972);
#213=CIRCLE('',#10579,0.500000000000043);
#214=CIRCLE('',#10580,0.500000000000043);
#215=CIRCLE('',#10583,0.500000000000025);
#216=CIRCLE('',#10584,0.500000000000025);
#217=CIRCLE('',#10587,0.500000000000025);
#218=CIRCLE('',#10588,0.500000000000025);
#219=CIRCLE('',#10591,0.500000000000025);
#220=CIRCLE('',#10592,0.500000000000025);
#221=CIRCLE('',#10595,0.500000000000007);
#222=CIRCLE('',#10596,0.500000000000007);
#223=CIRCLE('',#10599,0.500000000000025);
#224=CIRCLE('',#10600,0.500000000000025);
#225=CIRCLE('',#10603,0.500000000000016);
#226=CIRCLE('',#10604,0.500000000000016);
#227=CIRCLE('',#10607,0.500000000000007);
#228=CIRCLE('',#10608,0.500000000000007);
#229=CIRCLE('',#10611,0.500000000000025);
#230=CIRCLE('',#10612,0.500000000000025);
#231=CIRCLE('',#10614,0.500000000000043);
#232=CIRCLE('',#10615,0.500000000000043);
#233=CIRCLE('',#10618,0.500000000000025);
#234=CIRCLE('',#10619,0.500000000000025);
#235=CIRCLE('',#10622,0.500000000000025);
#236=CIRCLE('',#10623,0.500000000000025);
#237=CIRCLE('',#10626,0.500000000000025);
#238=CIRCLE('',#10627,0.500000000000025);
#239=CIRCLE('',#10630,0.500000000000007);
#240=CIRCLE('',#10631,0.500000000000007);
#241=CIRCLE('',#10634,0.500000000000025);
#242=CIRCLE('',#10635,0.500000000000025);
#243=CIRCLE('',#10638,0.500000000000016);
#244=CIRCLE('',#10639,0.500000000000016);
#245=CIRCLE('',#10642,0.500000000000007);
#246=CIRCLE('',#10643,0.500000000000007);
#247=CIRCLE('',#10646,0.500000000000025);
#248=CIRCLE('',#10647,0.500000000000025);
#249=CIRCLE('',#10650,0.500000000000007);
#250=CIRCLE('',#10651,0.500000000000007);
#251=CIRCLE('',#10654,0.500000000000025);
#252=CIRCLE('',#10655,0.500000000000025);
#253=CIRCLE('',#10658,0.499999999999972);
#254=CIRCLE('',#10659,0.499999999999972);
#255=CIRCLE('',#10663,0.500000000000007);
#256=CIRCLE('',#10664,0.500000000000007);
#257=CIRCLE('',#10667,0.499999999999998);
#258=CIRCLE('',#10668,0.499999999999998);
#259=CIRCLE('',#10671,0.500000000000007);
#260=CIRCLE('',#10672,0.500000000000007);
#261=CIRCLE('',#10675,0.499999999999998);
#262=CIRCLE('',#10676,0.499999999999998);
#263=CIRCLE('',#10679,0.5);
#264=CIRCLE('',#10680,0.5);
#265=CIRCLE('',#10683,0.499999999999998);
#266=CIRCLE('',#10684,0.499999999999998);
#267=CIRCLE('',#10687,0.500000000000003);
#268=CIRCLE('',#10688,0.500000000000003);
#269=CIRCLE('',#10691,0.499999999999998);
#270=CIRCLE('',#10692,0.499999999999998);
#271=CIRCLE('',#10695,0.499999999999998);
#272=CIRCLE('',#10696,0.499999999999998);
#273=CIRCLE('',#10699,0.500000000000003);
#274=CIRCLE('',#10700,0.500000000000003);
#275=CIRCLE('',#10703,0.500000000000003);
#276=CIRCLE('',#10704,0.500000000000003);
#277=CIRCLE('',#10707,0.499999999999998);
#278=CIRCLE('',#10708,0.499999999999998);
#279=CIRCLE('',#10711,0.499999999999998);
#280=CIRCLE('',#10712,0.499999999999998);
#281=CIRCLE('',#10715,0.499999999999998);
#282=CIRCLE('',#10716,0.499999999999998);
#283=CIRCLE('',#10719,0.499999999999989);
#284=CIRCLE('',#10720,0.499999999999989);
#285=CIRCLE('',#10723,0.499999999999998);
#286=CIRCLE('',#10724,0.499999999999998);
#287=CIRCLE('',#10727,0.499999999999989);
#288=CIRCLE('',#10728,0.499999999999989);
#289=CIRCLE('',#10731,0.500000000000003);
#290=CIRCLE('',#10732,0.500000000000003);
#291=CIRCLE('',#10735,0.500000000000007);
#292=CIRCLE('',#10736,0.500000000000007);
#293=CIRCLE('',#10739,0.499999999999998);
#294=CIRCLE('',#10740,0.499999999999998);
#295=CIRCLE('',#10743,0.499999999999989);
#296=CIRCLE('',#10744,0.499999999999989);
#297=CIRCLE('',#10747,0.499999999999998);
#298=CIRCLE('',#10748,0.499999999999998);
#299=CIRCLE('',#10751,0.500000000000007);
#300=CIRCLE('',#10752,0.500000000000007);
#301=CIRCLE('',#10755,0.5);
#302=CIRCLE('',#10756,0.5);
#303=CIRCLE('',#10759,0.500000000000007);
#304=CIRCLE('',#10760,0.500000000000007);
#305=CIRCLE('',#10763,0.499999999999998);
#306=CIRCLE('',#10764,0.499999999999998);
#307=CIRCLE('',#10767,0.500000000000007);
#308=CIRCLE('',#10768,0.500000000000007);
#309=CIRCLE('',#10771,0.499999999999998);
#310=CIRCLE('',#10772,0.499999999999998);
#311=CIRCLE('',#10775,0.500000000000007);
#312=CIRCLE('',#10776,0.500000000000007);
#313=CIRCLE('',#10779,0.500000000000003);
#314=CIRCLE('',#10780,0.500000000000003);
#315=CIRCLE('',#10783,0.500000000000007);
#316=CIRCLE('',#10784,0.500000000000007);
#317=CIRCLE('',#10787,0.499999999999998);
#318=CIRCLE('',#10788,0.499999999999998);
#319=CIRCLE('',#10791,0.499999999999972);
#320=CIRCLE('',#10792,0.499999999999972);
#321=CIRCLE('',#10795,0.500000000000003);
#322=CIRCLE('',#10796,0.500000000000003);
#323=CIRCLE('',#10799,0.500000000000007);
#324=CIRCLE('',#10800,0.500000000000007);
#325=CIRCLE('',#10803,0.499999999999998);
#326=CIRCLE('',#10804,0.499999999999998);
#327=CIRCLE('',#10807,0.500000000000007);
#328=CIRCLE('',#10808,0.500000000000007);
#329=CIRCLE('',#10811,0.500000000000003);
#330=CIRCLE('',#10812,0.500000000000003);
#331=CIRCLE('',#10815,0.500000000000007);
#332=CIRCLE('',#10816,0.500000000000007);
#333=CIRCLE('',#10819,0.499999999999998);
#334=CIRCLE('',#10820,0.499999999999998);
#335=CIRCLE('',#10823,0.500000000000007);
#336=CIRCLE('',#10824,0.500000000000007);
#337=CIRCLE('',#10827,0.499999999999998);
#338=CIRCLE('',#10828,0.499999999999998);
#339=CIRCLE('',#10831,0.499999999999972);
#340=CIRCLE('',#10832,0.499999999999972);
#341=CIRCLE('',#10835,0.5);
#342=CIRCLE('',#10836,0.5);
#343=CIRCLE('',#10839,0.500000000000007);
#344=CIRCLE('',#10840,0.500000000000007);
#345=CIRCLE('',#10843,0.499999999999998);
#346=CIRCLE('',#10844,0.499999999999998);
#347=CIRCLE('',#10847,0.500000000000007);
#348=CIRCLE('',#10848,0.500000000000007);
#349=CIRCLE('',#10851,0.499999999999998);
#350=CIRCLE('',#10852,0.499999999999998);
#351=CIRCLE('',#10855,0.500000000000007);
#352=CIRCLE('',#10856,0.500000000000007);
#353=CIRCLE('',#10859,0.499999999999998);
#354=CIRCLE('',#10860,0.499999999999998);
#355=CIRCLE('',#10863,0.500000000000007);
#356=CIRCLE('',#10864,0.500000000000007);
#357=CIRCLE('',#10867,0.5);
#358=CIRCLE('',#10868,0.5);
#359=CIRCLE('',#10871,0.500000000000007);
#360=CIRCLE('',#10872,0.500000000000007);
#361=CIRCLE('',#10875,0.500000000000003);
#362=CIRCLE('',#10876,0.500000000000003);
#363=CIRCLE('',#10879,0.500000000000007);
#364=CIRCLE('',#10880,0.500000000000007);
#365=CIRCLE('',#10883,0.499999999999998);
#366=CIRCLE('',#10884,0.499999999999998);
#367=CIRCLE('',#10887,0.500000000000007);
#368=CIRCLE('',#10888,0.500000000000007);
#369=CIRCLE('',#10891,0.499999999999998);
#370=CIRCLE('',#10892,0.499999999999998);
#371=CIRCLE('',#10895,0.500000000000007);
#372=CIRCLE('',#10896,0.500000000000007);
#373=CIRCLE('',#10899,0.499999999999998);
#374=CIRCLE('',#10900,0.499999999999998);
#375=CIRCLE('',#10903,0.499999999999998);
#376=CIRCLE('',#10904,0.499999999999998);
#377=CIRCLE('',#10907,0.499999999999998);
#378=CIRCLE('',#10908,0.499999999999998);
#379=CIRCLE('',#10911,0.499999999999998);
#380=CIRCLE('',#10912,0.499999999999998);
#381=CIRCLE('',#10915,0.5);
#382=CIRCLE('',#10916,0.5);
#383=CIRCLE('',#10919,0.499999999999998);
#384=CIRCLE('',#10920,0.499999999999998);
#385=CIRCLE('',#10923,0.500000000000003);
#386=CIRCLE('',#10924,0.500000000000003);
#387=CIRCLE('',#10927,0.499999999999998);
#388=CIRCLE('',#10928,0.499999999999998);
#389=CIRCLE('',#10931,0.499999999999998);
#390=CIRCLE('',#10932,0.499999999999998);
#391=CIRCLE('',#10935,0.5);
#392=CIRCLE('',#10936,0.5);
#393=CIRCLE('',#10939,0.499999999999998);
#394=CIRCLE('',#10940,0.499999999999998);
#395=CIRCLE('',#10943,0.499999999999998);
#396=CIRCLE('',#10944,0.499999999999998);
#397=CIRCLE('',#10947,0.5);
#398=CIRCLE('',#10948,0.5);
#399=CIRCLE('',#10951,0.499999999999998);
#400=CIRCLE('',#10952,0.499999999999998);
#401=CIRCLE('',#10955,0.499999999999998);
#402=CIRCLE('',#10956,0.499999999999998);
#403=CIRCLE('',#10959,0.500000000000007);
#404=CIRCLE('',#10960,0.500000000000007);
#405=CIRCLE('',#10963,0.499999999999998);
#406=CIRCLE('',#10964,0.499999999999998);
#407=CIRCLE('',#10966,0.500000000000043);
#408=CIRCLE('',#10967,0.500000000000043);
#409=CIRCLE('',#10970,0.500000000000025);
#410=CIRCLE('',#10971,0.500000000000025);
#411=CIRCLE('',#10974,0.500000000000025);
#412=CIRCLE('',#10975,0.500000000000025);
#413=CIRCLE('',#10978,0.500000000000025);
#414=CIRCLE('',#10979,0.500000000000025);
#415=CIRCLE('',#10982,0.500000000000007);
#416=CIRCLE('',#10983,0.500000000000007);
#417=CIRCLE('',#10986,0.500000000000025);
#418=CIRCLE('',#10987,0.500000000000025);
#419=CIRCLE('',#10990,0.500000000000016);
#420=CIRCLE('',#10991,0.500000000000016);
#421=CIRCLE('',#10994,0.500000000000007);
#422=CIRCLE('',#10995,0.500000000000007);
#423=CIRCLE('',#10998,0.500000000000025);
#424=CIRCLE('',#10999,0.500000000000025);
#425=CIRCLE('',#11002,0.500000000000007);
#426=CIRCLE('',#11003,0.500000000000007);
#427=CIRCLE('',#11006,0.500000000000025);
#428=CIRCLE('',#11007,0.500000000000025);
#429=CIRCLE('',#11010,0.499999999999972);
#430=CIRCLE('',#11011,0.499999999999972);
#431=CIRCLE('',#11014,0.500000000000043);
#432=CIRCLE('',#11015,0.500000000000043);
#433=CIRCLE('',#11018,0.500000000000025);
#434=CIRCLE('',#11019,0.500000000000025);
#435=CIRCLE('',#11022,0.500000000000025);
#436=CIRCLE('',#11023,0.500000000000025);
#437=CIRCLE('',#11026,0.500000000000025);
#438=CIRCLE('',#11027,0.500000000000025);
#439=CIRCLE('',#11030,0.500000000000007);
#440=CIRCLE('',#11031,0.500000000000007);
#441=CIRCLE('',#11034,0.500000000000025);
#442=CIRCLE('',#11035,0.500000000000025);
#443=CIRCLE('',#11038,0.500000000000016);
#444=CIRCLE('',#11039,0.500000000000016);
#445=CIRCLE('',#11042,0.500000000000007);
#446=CIRCLE('',#11043,0.500000000000007);
#447=CIRCLE('',#11046,0.500000000000025);
#448=CIRCLE('',#11047,0.500000000000025);
#449=CIRCLE('',#11050,0.500000000000007);
#450=CIRCLE('',#11051,0.500000000000007);
#451=CIRCLE('',#11054,0.500000000000025);
#452=CIRCLE('',#11055,0.500000000000025);
#453=CIRCLE('',#11058,0.499999999999972);
#454=CIRCLE('',#11059,0.499999999999972);
#455=CIRCLE('',#11063,0.500000000000007);
#456=CIRCLE('',#11064,0.500000000000007);
#457=CIRCLE('',#11067,0.499999999999998);
#458=CIRCLE('',#11068,0.499999999999998);
#459=CIRCLE('',#11071,0.500000000000007);
#460=CIRCLE('',#11072,0.500000000000007);
#461=CIRCLE('',#11075,0.499999999999998);
#462=CIRCLE('',#11076,0.499999999999998);
#463=CIRCLE('',#11079,0.499999999999989);
#464=CIRCLE('',#11080,0.499999999999989);
#465=CIRCLE('',#11083,0.499999999999998);
#466=CIRCLE('',#11084,0.499999999999998);
#467=CIRCLE('',#11087,0.500000000000007);
#468=CIRCLE('',#11088,0.500000000000007);
#469=CIRCLE('',#11091,0.499999999999998);
#470=CIRCLE('',#11092,0.499999999999998);
#471=CIRCLE('',#11095,0.499999999999998);
#472=CIRCLE('',#11096,0.499999999999998);
#473=CIRCLE('',#11099,0.499999999999998);
#474=CIRCLE('',#11100,0.499999999999998);
#475=CIRCLE('',#11103,0.499999999999998);
#476=CIRCLE('',#11104,0.499999999999998);
#477=CIRCLE('',#11107,0.499999999999998);
#478=CIRCLE('',#11108,0.499999999999998);
#479=CIRCLE('',#11111,0.5);
#480=CIRCLE('',#11112,0.5);
#481=CIRCLE('',#11115,0.500000000000003);
#482=CIRCLE('',#11116,0.500000000000003);
#483=CIRCLE('',#11119,0.499999999999998);
#484=CIRCLE('',#11120,0.499999999999998);
#485=CIRCLE('',#11123,0.499999999999998);
#486=CIRCLE('',#11124,0.499999999999998);
#487=CIRCLE('',#11127,0.499999999999998);
#488=CIRCLE('',#11128,0.499999999999998);
#489=CIRCLE('',#11131,0.499999999999998);
#490=CIRCLE('',#11132,0.499999999999998);
#491=CIRCLE('',#11135,0.499999999999998);
#492=CIRCLE('',#11136,0.499999999999998);
#493=CIRCLE('',#11139,0.5);
#494=CIRCLE('',#11140,0.5);
#495=CIRCLE('',#11143,0.499999999999998);
#496=CIRCLE('',#11144,0.499999999999998);
#497=CIRCLE('',#11147,0.500000000000003);
#498=CIRCLE('',#11148,0.500000000000003);
#499=CIRCLE('',#11151,0.499999999999998);
#500=CIRCLE('',#11152,0.499999999999998);
#501=CIRCLE('',#11155,0.499999999999998);
#502=CIRCLE('',#11156,0.499999999999998);
#503=CIRCLE('',#11159,0.499999999999989);
#504=CIRCLE('',#11160,0.499999999999989);
#505=CIRCLE('',#11163,0.499999999999998);
#506=CIRCLE('',#11164,0.499999999999998);
#507=CIRCLE('',#11167,0.500000000000007);
#508=CIRCLE('',#11168,0.500000000000007);
#509=CIRCLE('',#11171,0.499999999999998);
#510=CIRCLE('',#11172,0.499999999999998);
#511=CIRCLE('',#11175,0.500000000000007);
#512=CIRCLE('',#11176,0.500000000000007);
#513=CIRCLE('',#11179,0.499999999999998);
#514=CIRCLE('',#11180,0.499999999999998);
#515=CIRCLE('',#11183,0.500000000000007);
#516=CIRCLE('',#11184,0.500000000000007);
#517=CIRCLE('',#11187,0.5);
#518=CIRCLE('',#11188,0.5);
#519=CIRCLE('',#11191,0.500000000000007);
#520=CIRCLE('',#11192,0.500000000000007);
#521=CIRCLE('',#11195,0.500000000000003);
#522=CIRCLE('',#11196,0.500000000000003);
#523=CIRCLE('',#11199,0.499999999999989);
#524=CIRCLE('',#11200,0.499999999999989);
#525=CIRCLE('',#11203,0.499999999999998);
#526=CIRCLE('',#11204,0.499999999999998);
#527=CIRCLE('',#11207,0.500000000000007);
#528=CIRCLE('',#11208,0.500000000000007);
#529=CIRCLE('',#11211,0.499999999999998);
#530=CIRCLE('',#11212,0.499999999999998);
#531=CIRCLE('',#11215,0.500000000000007);
#532=CIRCLE('',#11216,0.500000000000007);
#533=CIRCLE('',#11219,0.499999999999998);
#534=CIRCLE('',#11220,0.499999999999998);
#535=CIRCLE('',#11223,0.500000000000007);
#536=CIRCLE('',#11224,0.500000000000007);
#537=CIRCLE('',#11227,0.499999999999998);
#538=CIRCLE('',#11228,0.499999999999998);
#539=CIRCLE('',#11231,0.500000000000007);
#540=CIRCLE('',#11232,0.500000000000007);
#541=CIRCLE('',#11235,0.5);
#542=CIRCLE('',#11236,0.5);
#543=CIRCLE('',#11239,0.500000000000007);
#544=CIRCLE('',#11240,0.500000000000007);
#545=CIRCLE('',#11243,0.499999999999998);
#546=CIRCLE('',#11244,0.499999999999998);
#547=CIRCLE('',#11247,0.500000000000007);
#548=CIRCLE('',#11248,0.500000000000007);
#549=CIRCLE('',#11251,0.5);
#550=CIRCLE('',#11252,0.5);
#551=CIRCLE('',#11256,2.);
#552=CIRCLE('',#11257,0.999999999999952);
#553=CIRCLE('',#11258,1.00000000000001);
#554=CIRCLE('',#11259,0.999999999999996);
#555=CIRCLE('',#11260,0.999999999999996);
#556=CIRCLE('',#11261,0.999999999999996);
#557=CIRCLE('',#11262,0.999999999999996);
#558=CIRCLE('',#11263,1.00000000000001);
#559=CIRCLE('',#11264,0.999999999999766);
#560=CIRCLE('',#11265,1.00000000000005);
#561=CIRCLE('',#11266,1.00000000000005);
#562=CIRCLE('',#11267,1.00000000000005);
#563=CIRCLE('',#11268,1.00000000000001);
#564=CIRCLE('',#11269,1.00000000000005);
#565=CIRCLE('',#11270,1.00000000000005);
#566=CIRCLE('',#11271,1.00000000000005);
#567=CIRCLE('',#11272,0.999999999999996);
#568=CIRCLE('',#11273,1.99999999999999);
#569=CIRCLE('',#11274,2.00000000000006);
#570=CIRCLE('',#11275,1.00000000000001);
#571=CIRCLE('',#11276,1.00000000000001);
#572=CIRCLE('',#11277,1.00000000000006);
#573=CIRCLE('',#11278,1.00000000000005);
#574=CIRCLE('',#11279,1.00000000000001);
#575=CIRCLE('',#11280,1.00000000000001);
#576=CIRCLE('',#11281,1.00000000000001);
#577=CIRCLE('',#11282,1.00000000000002);
#578=CIRCLE('',#11283,0.999999999999996);
#579=CIRCLE('',#11284,0.999999999999999);
#580=CIRCLE('',#11285,0.999999999999996);
#581=CIRCLE('',#11286,0.999999999999996);
#582=CIRCLE('',#11287,0.999999999999999);
#583=CIRCLE('',#11288,0.999999999999996);
#584=CIRCLE('',#11289,0.999999999999996);
#585=CIRCLE('',#11290,0.999999999999992);
#586=CIRCLE('',#11291,2.);
#587=CIRCLE('',#11293,1.99999999999999);
#588=CIRCLE('',#11294,0.999999999999996);
#589=CIRCLE('',#11295,1.00000000000005);
#590=CIRCLE('',#11296,1.00000000000005);
#591=CIRCLE('',#11297,1.00000000000005);
#592=CIRCLE('',#11298,1.00000000000001);
#593=CIRCLE('',#11299,1.00000000000005);
#594=CIRCLE('',#11300,1.00000000000005);
#595=CIRCLE('',#11301,1.00000000000005);
#596=CIRCLE('',#11302,0.999999999999766);
#597=CIRCLE('',#11303,1.00000000000001);
#598=CIRCLE('',#11304,0.999999999999996);
#599=CIRCLE('',#11305,0.999999999999996);
#600=CIRCLE('',#11306,0.999999999999996);
#601=CIRCLE('',#11307,0.999999999999996);
#602=CIRCLE('',#11308,1.00000000000001);
#603=CIRCLE('',#11309,0.999999999999952);
#604=CIRCLE('',#11310,2.);
#605=CIRCLE('',#11311,2.);
#606=CIRCLE('',#11312,0.999999999999992);
#607=CIRCLE('',#11313,0.999999999999996);
#608=CIRCLE('',#11314,0.999999999999996);
#609=CIRCLE('',#11315,0.999999999999999);
#610=CIRCLE('',#11316,0.999999999999996);
#611=CIRCLE('',#11317,0.999999999999996);
#612=CIRCLE('',#11318,0.999999999999999);
#613=CIRCLE('',#11319,0.999999999999996);
#614=CIRCLE('',#11320,1.00000000000002);
#615=CIRCLE('',#11321,1.00000000000001);
#616=CIRCLE('',#11322,1.00000000000001);
#617=CIRCLE('',#11323,1.00000000000001);
#618=CIRCLE('',#11324,1.00000000000005);
#619=CIRCLE('',#11325,1.00000000000006);
#620=CIRCLE('',#11326,1.00000000000001);
#621=CIRCLE('',#11327,1.00000000000001);
#622=CIRCLE('',#11328,2.00000000000006);
#623=CYLINDRICAL_SURFACE('',#10390,0.499999999999972);
#624=CYLINDRICAL_SURFACE('',#10394,0.500000000000003);
#625=CYLINDRICAL_SURFACE('',#10398,0.500000000000007);
#626=CYLINDRICAL_SURFACE('',#10402,0.499999999999998);
#627=CYLINDRICAL_SURFACE('',#10406,0.500000000000007);
#628=CYLINDRICAL_SURFACE('',#10410,0.499999999999998);
#629=CYLINDRICAL_SURFACE('',#10414,0.500000000000007);
#630=CYLINDRICAL_SURFACE('',#10418,0.499999999999998);
#631=CYLINDRICAL_SURFACE('',#10422,0.500000000000007);
#632=CYLINDRICAL_SURFACE('',#10426,0.499999999999998);
#633=CYLINDRICAL_SURFACE('',#10430,0.500000000000007);
#634=CYLINDRICAL_SURFACE('',#10434,0.5);
#635=CYLINDRICAL_SURFACE('',#10438,0.500000000000007);
#636=CYLINDRICAL_SURFACE('',#10442,0.499999999999998);
#637=CYLINDRICAL_SURFACE('',#10446,0.500000000000007);
#638=CYLINDRICAL_SURFACE('',#10450,0.499999999999998);
#639=CYLINDRICAL_SURFACE('',#10454,0.500000000000007);
#640=CYLINDRICAL_SURFACE('',#10458,0.500000000000003);
#641=CYLINDRICAL_SURFACE('',#10462,0.500000000000007);
#642=CYLINDRICAL_SURFACE('',#10466,0.499999999999998);
#643=CYLINDRICAL_SURFACE('',#10470,0.499999999999998);
#644=CYLINDRICAL_SURFACE('',#10474,0.499999999999998);
#645=CYLINDRICAL_SURFACE('',#10478,0.499999999999989);
#646=CYLINDRICAL_SURFACE('',#10482,0.5);
#647=CYLINDRICAL_SURFACE('',#10486,0.499999999999998);
#648=CYLINDRICAL_SURFACE('',#10490,0.499999999999998);
#649=CYLINDRICAL_SURFACE('',#10494,0.499999999999998);
#650=CYLINDRICAL_SURFACE('',#10498,0.499999999999998);
#651=CYLINDRICAL_SURFACE('',#10502,0.499999999999998);
#652=CYLINDRICAL_SURFACE('',#10506,0.499999999999998);
#653=CYLINDRICAL_SURFACE('',#10510,0.500000000000003);
#654=CYLINDRICAL_SURFACE('',#10514,0.5);
#655=CYLINDRICAL_SURFACE('',#10518,0.500000000000003);
#656=CYLINDRICAL_SURFACE('',#10522,0.499999999999998);
#657=CYLINDRICAL_SURFACE('',#10526,0.499999999999998);
#658=CYLINDRICAL_SURFACE('',#10530,0.499999999999998);
#659=CYLINDRICAL_SURFACE('',#10534,0.500000000000007);
#660=CYLINDRICAL_SURFACE('',#10538,0.499999999999998);
#661=CYLINDRICAL_SURFACE('',#10542,0.500000000000007);
#662=CYLINDRICAL_SURFACE('',#10546,0.499999999999998);
#663=CYLINDRICAL_SURFACE('',#10550,0.500000000000007);
#664=CYLINDRICAL_SURFACE('',#10554,0.499999999999998);
#665=CYLINDRICAL_SURFACE('',#10558,0.499999999999989);
#666=CYLINDRICAL_SURFACE('',#10562,0.499999999999998);
#667=CYLINDRICAL_SURFACE('',#10566,0.500000000000007);
#668=CYLINDRICAL_SURFACE('',#10570,0.500000000000025);
#669=CYLINDRICAL_SURFACE('',#10574,0.499999999999972);
#670=CYLINDRICAL_SURFACE('',#10578,0.500000000000043);
#671=CYLINDRICAL_SURFACE('',#10582,0.500000000000025);
#672=CYLINDRICAL_SURFACE('',#10586,0.500000000000025);
#673=CYLINDRICAL_SURFACE('',#10590,0.500000000000025);
#674=CYLINDRICAL_SURFACE('',#10594,0.500000000000007);
#675=CYLINDRICAL_SURFACE('',#10598,0.500000000000025);
#676=CYLINDRICAL_SURFACE('',#10602,0.500000000000016);
#677=CYLINDRICAL_SURFACE('',#10606,0.500000000000007);
#678=CYLINDRICAL_SURFACE('',#10610,0.500000000000025);
#679=CYLINDRICAL_SURFACE('',#10613,0.500000000000043);
#680=CYLINDRICAL_SURFACE('',#10617,0.500000000000025);
#681=CYLINDRICAL_SURFACE('',#10621,0.500000000000025);
#682=CYLINDRICAL_SURFACE('',#10625,0.500000000000025);
#683=CYLINDRICAL_SURFACE('',#10629,0.500000000000007);
#684=CYLINDRICAL_SURFACE('',#10633,0.500000000000025);
#685=CYLINDRICAL_SURFACE('',#10637,0.500000000000016);
#686=CYLINDRICAL_SURFACE('',#10641,0.500000000000007);
#687=CYLINDRICAL_SURFACE('',#10645,0.500000000000025);
#688=CYLINDRICAL_SURFACE('',#10649,0.500000000000007);
#689=CYLINDRICAL_SURFACE('',#10653,0.500000000000025);
#690=CYLINDRICAL_SURFACE('',#10657,0.499999999999972);
#691=CYLINDRICAL_SURFACE('',#10662,0.500000000000007);
#692=CYLINDRICAL_SURFACE('',#10666,0.499999999999998);
#693=CYLINDRICAL_SURFACE('',#10670,0.500000000000007);
#694=CYLINDRICAL_SURFACE('',#10674,0.499999999999998);
#695=CYLINDRICAL_SURFACE('',#10678,0.5);
#696=CYLINDRICAL_SURFACE('',#10682,0.499999999999998);
#697=CYLINDRICAL_SURFACE('',#10686,0.500000000000003);
#698=CYLINDRICAL_SURFACE('',#10690,0.499999999999998);
#699=CYLINDRICAL_SURFACE('',#10694,0.499999999999998);
#700=CYLINDRICAL_SURFACE('',#10698,0.500000000000003);
#701=CYLINDRICAL_SURFACE('',#10702,0.500000000000003);
#702=CYLINDRICAL_SURFACE('',#10706,0.499999999999998);
#703=CYLINDRICAL_SURFACE('',#10710,0.499999999999998);
#704=CYLINDRICAL_SURFACE('',#10714,0.499999999999998);
#705=CYLINDRICAL_SURFACE('',#10718,0.499999999999989);
#706=CYLINDRICAL_SURFACE('',#10722,0.499999999999998);
#707=CYLINDRICAL_SURFACE('',#10726,0.499999999999989);
#708=CYLINDRICAL_SURFACE('',#10730,0.500000000000003);
#709=CYLINDRICAL_SURFACE('',#10734,0.500000000000007);
#710=CYLINDRICAL_SURFACE('',#10738,0.499999999999998);
#711=CYLINDRICAL_SURFACE('',#10742,0.499999999999989);
#712=CYLINDRICAL_SURFACE('',#10746,0.499999999999998);
#713=CYLINDRICAL_SURFACE('',#10750,0.500000000000007);
#714=CYLINDRICAL_SURFACE('',#10754,0.5);
#715=CYLINDRICAL_SURFACE('',#10758,0.500000000000007);
#716=CYLINDRICAL_SURFACE('',#10762,0.499999999999998);
#717=CYLINDRICAL_SURFACE('',#10766,0.500000000000007);
#718=CYLINDRICAL_SURFACE('',#10770,0.499999999999998);
#719=CYLINDRICAL_SURFACE('',#10774,0.500000000000007);
#720=CYLINDRICAL_SURFACE('',#10778,0.500000000000003);
#721=CYLINDRICAL_SURFACE('',#10782,0.500000000000007);
#722=CYLINDRICAL_SURFACE('',#10786,0.499999999999998);
#723=CYLINDRICAL_SURFACE('',#10790,0.499999999999972);
#724=CYLINDRICAL_SURFACE('',#10794,0.500000000000003);
#725=CYLINDRICAL_SURFACE('',#10798,0.500000000000007);
#726=CYLINDRICAL_SURFACE('',#10802,0.499999999999998);
#727=CYLINDRICAL_SURFACE('',#10806,0.500000000000007);
#728=CYLINDRICAL_SURFACE('',#10810,0.500000000000003);
#729=CYLINDRICAL_SURFACE('',#10814,0.500000000000007);
#730=CYLINDRICAL_SURFACE('',#10818,0.499999999999998);
#731=CYLINDRICAL_SURFACE('',#10822,0.500000000000007);
#732=CYLINDRICAL_SURFACE('',#10826,0.499999999999998);
#733=CYLINDRICAL_SURFACE('',#10830,0.499999999999972);
#734=CYLINDRICAL_SURFACE('',#10834,0.5);
#735=CYLINDRICAL_SURFACE('',#10838,0.500000000000007);
#736=CYLINDRICAL_SURFACE('',#10842,0.499999999999998);
#737=CYLINDRICAL_SURFACE('',#10846,0.500000000000007);
#738=CYLINDRICAL_SURFACE('',#10850,0.499999999999998);
#739=CYLINDRICAL_SURFACE('',#10854,0.500000000000007);
#740=CYLINDRICAL_SURFACE('',#10858,0.499999999999998);
#741=CYLINDRICAL_SURFACE('',#10862,0.500000000000007);
#742=CYLINDRICAL_SURFACE('',#10866,0.5);
#743=CYLINDRICAL_SURFACE('',#10870,0.500000000000007);
#744=CYLINDRICAL_SURFACE('',#10874,0.500000000000003);
#745=CYLINDRICAL_SURFACE('',#10878,0.500000000000007);
#746=CYLINDRICAL_SURFACE('',#10882,0.499999999999998);
#747=CYLINDRICAL_SURFACE('',#10886,0.500000000000007);
#748=CYLINDRICAL_SURFACE('',#10890,0.499999999999998);
#749=CYLINDRICAL_SURFACE('',#10894,0.500000000000007);
#750=CYLINDRICAL_SURFACE('',#10898,0.499999999999998);
#751=CYLINDRICAL_SURFACE('',#10902,0.499999999999998);
#752=CYLINDRICAL_SURFACE('',#10906,0.499999999999998);
#753=CYLINDRICAL_SURFACE('',#10910,0.499999999999998);
#754=CYLINDRICAL_SURFACE('',#10914,0.5);
#755=CYLINDRICAL_SURFACE('',#10918,0.499999999999998);
#756=CYLINDRICAL_SURFACE('',#10922,0.500000000000003);
#757=CYLINDRICAL_SURFACE('',#10926,0.499999999999998);
#758=CYLINDRICAL_SURFACE('',#10930,0.499999999999998);
#759=CYLINDRICAL_SURFACE('',#10934,0.5);
#760=CYLINDRICAL_SURFACE('',#10938,0.499999999999998);
#761=CYLINDRICAL_SURFACE('',#10942,0.499999999999998);
#762=CYLINDRICAL_SURFACE('',#10946,0.5);
#763=CYLINDRICAL_SURFACE('',#10950,0.499999999999998);
#764=CYLINDRICAL_SURFACE('',#10954,0.499999999999998);
#765=CYLINDRICAL_SURFACE('',#10958,0.500000000000007);
#766=CYLINDRICAL_SURFACE('',#10962,0.499999999999998);
#767=CYLINDRICAL_SURFACE('',#10965,0.500000000000043);
#768=CYLINDRICAL_SURFACE('',#10969,0.500000000000025);
#769=CYLINDRICAL_SURFACE('',#10973,0.500000000000025);
#770=CYLINDRICAL_SURFACE('',#10977,0.500000000000025);
#771=CYLINDRICAL_SURFACE('',#10981,0.500000000000007);
#772=CYLINDRICAL_SURFACE('',#10985,0.500000000000025);
#773=CYLINDRICAL_SURFACE('',#10989,0.500000000000016);
#774=CYLINDRICAL_SURFACE('',#10993,0.500000000000007);
#775=CYLINDRICAL_SURFACE('',#10997,0.500000000000025);
#776=CYLINDRICAL_SURFACE('',#11001,0.500000000000007);
#777=CYLINDRICAL_SURFACE('',#11005,0.500000000000025);
#778=CYLINDRICAL_SURFACE('',#11009,0.499999999999972);
#779=CYLINDRICAL_SURFACE('',#11013,0.500000000000043);
#780=CYLINDRICAL_SURFACE('',#11017,0.500000000000025);
#781=CYLINDRICAL_SURFACE('',#11021,0.500000000000025);
#782=CYLINDRICAL_SURFACE('',#11025,0.500000000000025);
#783=CYLINDRICAL_SURFACE('',#11029,0.500000000000007);
#784=CYLINDRICAL_SURFACE('',#11033,0.500000000000025);
#785=CYLINDRICAL_SURFACE('',#11037,0.500000000000016);
#786=CYLINDRICAL_SURFACE('',#11041,0.500000000000007);
#787=CYLINDRICAL_SURFACE('',#11045,0.500000000000025);
#788=CYLINDRICAL_SURFACE('',#11049,0.500000000000007);
#789=CYLINDRICAL_SURFACE('',#11053,0.500000000000025);
#790=CYLINDRICAL_SURFACE('',#11057,0.499999999999972);
#791=CYLINDRICAL_SURFACE('',#11062,0.500000000000007);
#792=CYLINDRICAL_SURFACE('',#11066,0.499999999999998);
#793=CYLINDRICAL_SURFACE('',#11070,0.500000000000007);
#794=CYLINDRICAL_SURFACE('',#11074,0.499999999999998);
#795=CYLINDRICAL_SURFACE('',#11078,0.499999999999989);
#796=CYLINDRICAL_SURFACE('',#11082,0.499999999999998);
#797=CYLINDRICAL_SURFACE('',#11086,0.500000000000007);
#798=CYLINDRICAL_SURFACE('',#11090,0.499999999999998);
#799=CYLINDRICAL_SURFACE('',#11094,0.499999999999998);
#800=CYLINDRICAL_SURFACE('',#11098,0.499999999999998);
#801=CYLINDRICAL_SURFACE('',#11102,0.499999999999998);
#802=CYLINDRICAL_SURFACE('',#11106,0.499999999999998);
#803=CYLINDRICAL_SURFACE('',#11110,0.5);
#804=CYLINDRICAL_SURFACE('',#11114,0.500000000000003);
#805=CYLINDRICAL_SURFACE('',#11118,0.499999999999998);
#806=CYLINDRICAL_SURFACE('',#11122,0.499999999999998);
#807=CYLINDRICAL_SURFACE('',#11126,0.499999999999998);
#808=CYLINDRICAL_SURFACE('',#11130,0.499999999999998);
#809=CYLINDRICAL_SURFACE('',#11134,0.499999999999998);
#810=CYLINDRICAL_SURFACE('',#11138,0.5);
#811=CYLINDRICAL_SURFACE('',#11142,0.499999999999998);
#812=CYLINDRICAL_SURFACE('',#11146,0.500000000000003);
#813=CYLINDRICAL_SURFACE('',#11150,0.499999999999998);
#814=CYLINDRICAL_SURFACE('',#11154,0.499999999999998);
#815=CYLINDRICAL_SURFACE('',#11158,0.499999999999989);
#816=CYLINDRICAL_SURFACE('',#11162,0.499999999999998);
#817=CYLINDRICAL_SURFACE('',#11166,0.500000000000007);
#818=CYLINDRICAL_SURFACE('',#11170,0.499999999999998);
#819=CYLINDRICAL_SURFACE('',#11174,0.500000000000007);
#820=CYLINDRICAL_SURFACE('',#11178,0.499999999999998);
#821=CYLINDRICAL_SURFACE('',#11182,0.500000000000007);
#822=CYLINDRICAL_SURFACE('',#11186,0.5);
#823=CYLINDRICAL_SURFACE('',#11190,0.500000000000007);
#824=CYLINDRICAL_SURFACE('',#11194,0.500000000000003);
#825=CYLINDRICAL_SURFACE('',#11198,0.499999999999989);
#826=CYLINDRICAL_SURFACE('',#11202,0.499999999999998);
#827=CYLINDRICAL_SURFACE('',#11206,0.500000000000007);
#828=CYLINDRICAL_SURFACE('',#11210,0.499999999999998);
#829=CYLINDRICAL_SURFACE('',#11214,0.500000000000007);
#830=CYLINDRICAL_SURFACE('',#11218,0.499999999999998);
#831=CYLINDRICAL_SURFACE('',#11222,0.500000000000007);
#832=CYLINDRICAL_SURFACE('',#11226,0.499999999999998);
#833=CYLINDRICAL_SURFACE('',#11230,0.500000000000007);
#834=CYLINDRICAL_SURFACE('',#11234,0.5);
#835=CYLINDRICAL_SURFACE('',#11238,0.500000000000007);
#836=CYLINDRICAL_SURFACE('',#11242,0.499999999999998);
#837=CYLINDRICAL_SURFACE('',#11246,0.500000000000007);
#838=CYLINDRICAL_SURFACE('',#11250,0.5);
#839=CYLINDRICAL_SURFACE('',#11331,1.00000000000001);
#840=CYLINDRICAL_SURFACE('',#11333,1.00000000000001);
#841=CYLINDRICAL_SURFACE('',#11335,2.00000000000006);
#842=CYLINDRICAL_SURFACE('',#11336,1.99999999999999);
#843=CYLINDRICAL_SURFACE('',#11338,0.999999999999996);
#844=CYLINDRICAL_SURFACE('',#11340,1.00000000000005);
#845=CYLINDRICAL_SURFACE('',#11342,1.00000000000005);
#846=CYLINDRICAL_SURFACE('',#11344,1.00000000000005);
#847=CYLINDRICAL_SURFACE('',#11346,1.00000000000001);
#848=CYLINDRICAL_SURFACE('',#11348,1.00000000000005);
#849=CYLINDRICAL_SURFACE('',#11350,1.00000000000005);
#850=CYLINDRICAL_SURFACE('',#11352,1.00000000000005);
#851=CYLINDRICAL_SURFACE('',#11354,0.999999999999766);
#852=CYLINDRICAL_SURFACE('',#11356,1.00000000000001);
#853=CYLINDRICAL_SURFACE('',#11358,0.999999999999996);
#854=CYLINDRICAL_SURFACE('',#11360,0.999999999999996);
#855=CYLINDRICAL_SURFACE('',#11362,0.999999999999996);
#856=CYLINDRICAL_SURFACE('',#11364,0.999999999999996);
#857=CYLINDRICAL_SURFACE('',#11366,1.00000000000001);
#858=CYLINDRICAL_SURFACE('',#11368,0.999999999999952);
#859=CYLINDRICAL_SURFACE('',#11370,2.);
#860=CYLINDRICAL_SURFACE('',#11372,2.);
#861=CYLINDRICAL_SURFACE('',#11374,0.999999999999992);
#862=CYLINDRICAL_SURFACE('',#11376,0.999999999999996);
#863=CYLINDRICAL_SURFACE('',#11378,0.999999999999996);
#864=CYLINDRICAL_SURFACE('',#11380,0.999999999999999);
#865=CYLINDRICAL_SURFACE('',#11382,0.999999999999996);
#866=CYLINDRICAL_SURFACE('',#11384,0.999999999999996);
#867=CYLINDRICAL_SURFACE('',#11386,0.999999999999999);
#868=CYLINDRICAL_SURFACE('',#11388,0.999999999999996);
#869=CYLINDRICAL_SURFACE('',#11390,1.00000000000002);
#870=CYLINDRICAL_SURFACE('',#11392,1.00000000000001);
#871=CYLINDRICAL_SURFACE('',#11394,1.00000000000001);
#872=CYLINDRICAL_SURFACE('',#11396,1.00000000000001);
#873=CYLINDRICAL_SURFACE('',#11398,1.00000000000005);
#874=CYLINDRICAL_SURFACE('',#11400,1.00000000000006);
#875=FACE_OUTER_BOUND('',#1384,.T.);
#876=FACE_OUTER_BOUND('',#1385,.T.);
#877=FACE_OUTER_BOUND('',#1386,.T.);
#878=FACE_OUTER_BOUND('',#1387,.T.);
#879=FACE_OUTER_BOUND('',#1388,.T.);
#880=FACE_OUTER_BOUND('',#1389,.T.);
#881=FACE_OUTER_BOUND('',#1390,.T.);
#882=FACE_OUTER_BOUND('',#1391,.T.);
#883=FACE_OUTER_BOUND('',#1392,.T.);
#884=FACE_OUTER_BOUND('',#1393,.T.);
#885=FACE_OUTER_BOUND('',#1394,.T.);
#886=FACE_OUTER_BOUND('',#1395,.T.);
#887=FACE_OUTER_BOUND('',#1396,.T.);
#888=FACE_OUTER_BOUND('',#1397,.T.);
#889=FACE_OUTER_BOUND('',#1398,.T.);
#890=FACE_OUTER_BOUND('',#1399,.T.);
#891=FACE_OUTER_BOUND('',#1400,.T.);
#892=FACE_OUTER_BOUND('',#1401,.T.);
#893=FACE_OUTER_BOUND('',#1402,.T.);
#894=FACE_OUTER_BOUND('',#1403,.T.);
#895=FACE_OUTER_BOUND('',#1404,.T.);
#896=FACE_OUTER_BOUND('',#1405,.T.);
#897=FACE_OUTER_BOUND('',#1406,.T.);
#898=FACE_OUTER_BOUND('',#1407,.T.);
#899=FACE_OUTER_BOUND('',#1408,.T.);
#900=FACE_OUTER_BOUND('',#1409,.T.);
#901=FACE_OUTER_BOUND('',#1410,.T.);
#902=FACE_OUTER_BOUND('',#1411,.T.);
#903=FACE_OUTER_BOUND('',#1412,.T.);
#904=FACE_OUTER_BOUND('',#1413,.T.);
#905=FACE_OUTER_BOUND('',#1414,.T.);
#906=FACE_OUTER_BOUND('',#1415,.T.);
#907=FACE_OUTER_BOUND('',#1416,.T.);
#908=FACE_OUTER_BOUND('',#1417,.T.);
#909=FACE_OUTER_BOUND('',#1418,.T.);
#910=FACE_OUTER_BOUND('',#1419,.T.);
#911=FACE_OUTER_BOUND('',#1420,.T.);
#912=FACE_OUTER_BOUND('',#1421,.T.);
#913=FACE_OUTER_BOUND('',#1422,.T.);
#914=FACE_OUTER_BOUND('',#1423,.T.);
#915=FACE_OUTER_BOUND('',#1424,.T.);
#916=FACE_OUTER_BOUND('',#1425,.T.);
#917=FACE_OUTER_BOUND('',#1426,.T.);
#918=FACE_OUTER_BOUND('',#1427,.T.);
#919=FACE_OUTER_BOUND('',#1428,.T.);
#920=FACE_OUTER_BOUND('',#1429,.T.);
#921=FACE_OUTER_BOUND('',#1430,.T.);
#922=FACE_OUTER_BOUND('',#1431,.T.);
#923=FACE_OUTER_BOUND('',#1432,.T.);
#924=FACE_OUTER_BOUND('',#1433,.T.);
#925=FACE_OUTER_BOUND('',#1434,.T.);
#926=FACE_OUTER_BOUND('',#1435,.T.);
#927=FACE_OUTER_BOUND('',#1436,.T.);
#928=FACE_OUTER_BOUND('',#1437,.T.);
#929=FACE_OUTER_BOUND('',#1438,.T.);
#930=FACE_OUTER_BOUND('',#1439,.T.);
#931=FACE_OUTER_BOUND('',#1440,.T.);
#932=FACE_OUTER_BOUND('',#1441,.T.);
#933=FACE_OUTER_BOUND('',#1442,.T.);
#934=FACE_OUTER_BOUND('',#1443,.T.);
#935=FACE_OUTER_BOUND('',#1444,.T.);
#936=FACE_OUTER_BOUND('',#1445,.T.);
#937=FACE_OUTER_BOUND('',#1446,.T.);
#938=FACE_OUTER_BOUND('',#1447,.T.);
#939=FACE_OUTER_BOUND('',#1448,.T.);
#940=FACE_OUTER_BOUND('',#1449,.T.);
#941=FACE_OUTER_BOUND('',#1450,.T.);
#942=FACE_OUTER_BOUND('',#1451,.T.);
#943=FACE_OUTER_BOUND('',#1452,.T.);
#944=FACE_OUTER_BOUND('',#1453,.T.);
#945=FACE_OUTER_BOUND('',#1454,.T.);
#946=FACE_OUTER_BOUND('',#1455,.T.);
#947=FACE_OUTER_BOUND('',#1456,.T.);
#948=FACE_OUTER_BOUND('',#1457,.T.);
#949=FACE_OUTER_BOUND('',#1458,.T.);
#950=FACE_OUTER_BOUND('',#1459,.T.);
#951=FACE_OUTER_BOUND('',#1460,.T.);
#952=FACE_OUTER_BOUND('',#1461,.T.);
#953=FACE_OUTER_BOUND('',#1462,.T.);
#954=FACE_OUTER_BOUND('',#1463,.T.);
#955=FACE_OUTER_BOUND('',#1464,.T.);
#956=FACE_OUTER_BOUND('',#1465,.T.);
#957=FACE_OUTER_BOUND('',#1466,.T.);
#958=FACE_OUTER_BOUND('',#1467,.T.);
#959=FACE_OUTER_BOUND('',#1468,.T.);
#960=FACE_OUTER_BOUND('',#1469,.T.);
#961=FACE_OUTER_BOUND('',#1470,.T.);
#962=FACE_OUTER_BOUND('',#1471,.T.);
#963=FACE_OUTER_BOUND('',#1472,.T.);
#964=FACE_OUTER_BOUND('',#1473,.T.);
#965=FACE_OUTER_BOUND('',#1474,.T.);
#966=FACE_OUTER_BOUND('',#1475,.T.);
#967=FACE_OUTER_BOUND('',#1476,.T.);
#968=FACE_OUTER_BOUND('',#1477,.T.);
#969=FACE_OUTER_BOUND('',#1478,.T.);
#970=FACE_OUTER_BOUND('',#1479,.T.);
#971=FACE_OUTER_BOUND('',#1480,.T.);
#972=FACE_OUTER_BOUND('',#1481,.T.);
#973=FACE_OUTER_BOUND('',#1482,.T.);
#974=FACE_OUTER_BOUND('',#1483,.T.);
#975=FACE_OUTER_BOUND('',#1484,.T.);
#976=FACE_OUTER_BOUND('',#1485,.T.);
#977=FACE_OUTER_BOUND('',#1486,.T.);
#978=FACE_OUTER_BOUND('',#1487,.T.);
#979=FACE_OUTER_BOUND('',#1488,.T.);
#980=FACE_OUTER_BOUND('',#1489,.T.);
#981=FACE_OUTER_BOUND('',#1490,.T.);
#982=FACE_OUTER_BOUND('',#1491,.T.);
#983=FACE_OUTER_BOUND('',#1492,.T.);
#984=FACE_OUTER_BOUND('',#1493,.T.);
#985=FACE_OUTER_BOUND('',#1494,.T.);
#986=FACE_OUTER_BOUND('',#1495,.T.);
#987=FACE_OUTER_BOUND('',#1496,.T.);
#988=FACE_OUTER_BOUND('',#1497,.T.);
#989=FACE_OUTER_BOUND('',#1498,.T.);
#990=FACE_OUTER_BOUND('',#1499,.T.);
#991=FACE_OUTER_BOUND('',#1500,.T.);
#992=FACE_OUTER_BOUND('',#1501,.T.);
#993=FACE_OUTER_BOUND('',#1502,.T.);
#994=FACE_OUTER_BOUND('',#1503,.T.);
#995=FACE_OUTER_BOUND('',#1504,.T.);
#996=FACE_OUTER_BOUND('',#1505,.T.);
#997=FACE_OUTER_BOUND('',#1506,.T.);
#998=FACE_OUTER_BOUND('',#1507,.T.);
#999=FACE_OUTER_BOUND('',#1508,.T.);
#1000=FACE_OUTER_BOUND('',#1509,.T.);
#1001=FACE_OUTER_BOUND('',#1510,.T.);
#1002=FACE_OUTER_BOUND('',#1511,.T.);
#1003=FACE_OUTER_BOUND('',#1512,.T.);
#1004=FACE_OUTER_BOUND('',#1513,.T.);
#1005=FACE_OUTER_BOUND('',#1514,.T.);
#1006=FACE_OUTER_BOUND('',#1515,.T.);
#1007=FACE_OUTER_BOUND('',#1516,.T.);
#1008=FACE_OUTER_BOUND('',#1517,.T.);
#1009=FACE_OUTER_BOUND('',#1518,.T.);
#1010=FACE_OUTER_BOUND('',#1519,.T.);
#1011=FACE_OUTER_BOUND('',#1520,.T.);
#1012=FACE_OUTER_BOUND('',#1521,.T.);
#1013=FACE_OUTER_BOUND('',#1522,.T.);
#1014=FACE_OUTER_BOUND('',#1523,.T.);
#1015=FACE_OUTER_BOUND('',#1524,.T.);
#1016=FACE_OUTER_BOUND('',#1525,.T.);
#1017=FACE_OUTER_BOUND('',#1526,.T.);
#1018=FACE_OUTER_BOUND('',#1527,.T.);
#1019=FACE_OUTER_BOUND('',#1528,.T.);
#1020=FACE_OUTER_BOUND('',#1529,.T.);
#1021=FACE_OUTER_BOUND('',#1530,.T.);
#1022=FACE_OUTER_BOUND('',#1531,.T.);
#1023=FACE_OUTER_BOUND('',#1532,.T.);
#1024=FACE_OUTER_BOUND('',#1533,.T.);
#1025=FACE_OUTER_BOUND('',#1534,.T.);
#1026=FACE_OUTER_BOUND('',#1535,.T.);
#1027=FACE_OUTER_BOUND('',#1536,.T.);
#1028=FACE_OUTER_BOUND('',#1537,.T.);
#1029=FACE_OUTER_BOUND('',#1538,.T.);
#1030=FACE_OUTER_BOUND('',#1539,.T.);
#1031=FACE_OUTER_BOUND('',#1540,.T.);
#1032=FACE_OUTER_BOUND('',#1541,.T.);
#1033=FACE_OUTER_BOUND('',#1542,.T.);
#1034=FACE_OUTER_BOUND('',#1543,.T.);
#1035=FACE_OUTER_BOUND('',#1544,.T.);
#1036=FACE_OUTER_BOUND('',#1545,.T.);
#1037=FACE_OUTER_BOUND('',#1546,.T.);
#1038=FACE_OUTER_BOUND('',#1547,.T.);
#1039=FACE_OUTER_BOUND('',#1548,.T.);
#1040=FACE_OUTER_BOUND('',#1549,.T.);
#1041=FACE_OUTER_BOUND('',#1550,.T.);
#1042=FACE_OUTER_BOUND('',#1551,.T.);
#1043=FACE_OUTER_BOUND('',#1552,.T.);
#1044=FACE_OUTER_BOUND('',#1553,.T.);
#1045=FACE_OUTER_BOUND('',#1554,.T.);
#1046=FACE_OUTER_BOUND('',#1555,.T.);
#1047=FACE_OUTER_BOUND('',#1556,.T.);
#1048=FACE_OUTER_BOUND('',#1557,.T.);
#1049=FACE_OUTER_BOUND('',#1558,.T.);
#1050=FACE_OUTER_BOUND('',#1559,.T.);
#1051=FACE_OUTER_BOUND('',#1560,.T.);
#1052=FACE_OUTER_BOUND('',#1561,.T.);
#1053=FACE_OUTER_BOUND('',#1562,.T.);
#1054=FACE_OUTER_BOUND('',#1563,.T.);
#1055=FACE_OUTER_BOUND('',#1564,.T.);
#1056=FACE_OUTER_BOUND('',#1565,.T.);
#1057=FACE_OUTER_BOUND('',#1566,.T.);
#1058=FACE_OUTER_BOUND('',#1567,.T.);
#1059=FACE_OUTER_BOUND('',#1568,.T.);
#1060=FACE_OUTER_BOUND('',#1569,.T.);
#1061=FACE_OUTER_BOUND('',#1570,.T.);
#1062=FACE_OUTER_BOUND('',#1571,.T.);
#1063=FACE_OUTER_BOUND('',#1572,.T.);
#1064=FACE_OUTER_BOUND('',#1573,.T.);
#1065=FACE_OUTER_BOUND('',#1574,.T.);
#1066=FACE_OUTER_BOUND('',#1575,.T.);
#1067=FACE_OUTER_BOUND('',#1576,.T.);
#1068=FACE_OUTER_BOUND('',#1577,.T.);
#1069=FACE_OUTER_BOUND('',#1578,.T.);
#1070=FACE_OUTER_BOUND('',#1579,.T.);
#1071=FACE_OUTER_BOUND('',#1580,.T.);
#1072=FACE_OUTER_BOUND('',#1581,.T.);
#1073=FACE_OUTER_BOUND('',#1582,.T.);
#1074=FACE_OUTER_BOUND('',#1583,.T.);
#1075=FACE_OUTER_BOUND('',#1584,.T.);
#1076=FACE_OUTER_BOUND('',#1585,.T.);
#1077=FACE_OUTER_BOUND('',#1586,.T.);
#1078=FACE_OUTER_BOUND('',#1587,.T.);
#1079=FACE_OUTER_BOUND('',#1588,.T.);
#1080=FACE_OUTER_BOUND('',#1589,.T.);
#1081=FACE_OUTER_BOUND('',#1590,.T.);
#1082=FACE_OUTER_BOUND('',#1591,.T.);
#1083=FACE_OUTER_BOUND('',#1592,.T.);
#1084=FACE_OUTER_BOUND('',#1593,.T.);
#1085=FACE_OUTER_BOUND('',#1594,.T.);
#1086=FACE_OUTER_BOUND('',#1595,.T.);
#1087=FACE_OUTER_BOUND('',#1596,.T.);
#1088=FACE_OUTER_BOUND('',#1597,.T.);
#1089=FACE_OUTER_BOUND('',#1598,.T.);
#1090=FACE_OUTER_BOUND('',#1599,.T.);
#1091=FACE_OUTER_BOUND('',#1600,.T.);
#1092=FACE_OUTER_BOUND('',#1601,.T.);
#1093=FACE_OUTER_BOUND('',#1602,.T.);
#1094=FACE_OUTER_BOUND('',#1603,.T.);
#1095=FACE_OUTER_BOUND('',#1604,.T.);
#1096=FACE_OUTER_BOUND('',#1605,.T.);
#1097=FACE_OUTER_BOUND('',#1606,.T.);
#1098=FACE_OUTER_BOUND('',#1607,.T.);
#1099=FACE_OUTER_BOUND('',#1608,.T.);
#1100=FACE_OUTER_BOUND('',#1609,.T.);
#1101=FACE_OUTER_BOUND('',#1610,.T.);
#1102=FACE_OUTER_BOUND('',#1611,.T.);
#1103=FACE_OUTER_BOUND('',#1612,.T.);
#1104=FACE_OUTER_BOUND('',#1613,.T.);
#1105=FACE_OUTER_BOUND('',#1614,.T.);
#1106=FACE_OUTER_BOUND('',#1615,.T.);
#1107=FACE_OUTER_BOUND('',#1616,.T.);
#1108=FACE_OUTER_BOUND('',#1617,.T.);
#1109=FACE_OUTER_BOUND('',#1618,.T.);
#1110=FACE_OUTER_BOUND('',#1619,.T.);
#1111=FACE_OUTER_BOUND('',#1620,.T.);
#1112=FACE_OUTER_BOUND('',#1621,.T.);
#1113=FACE_OUTER_BOUND('',#1622,.T.);
#1114=FACE_OUTER_BOUND('',#1623,.T.);
#1115=FACE_OUTER_BOUND('',#1624,.T.);
#1116=FACE_OUTER_BOUND('',#1625,.T.);
#1117=FACE_OUTER_BOUND('',#1626,.T.);
#1118=FACE_OUTER_BOUND('',#1627,.T.);
#1119=FACE_OUTER_BOUND('',#1628,.T.);
#1120=FACE_OUTER_BOUND('',#1629,.T.);
#1121=FACE_OUTER_BOUND('',#1630,.T.);
#1122=FACE_OUTER_BOUND('',#1631,.T.);
#1123=FACE_OUTER_BOUND('',#1632,.T.);
#1124=FACE_OUTER_BOUND('',#1633,.T.);
#1125=FACE_OUTER_BOUND('',#1634,.T.);
#1126=FACE_OUTER_BOUND('',#1635,.T.);
#1127=FACE_OUTER_BOUND('',#1636,.T.);
#1128=FACE_OUTER_BOUND('',#1637,.T.);
#1129=FACE_OUTER_BOUND('',#1638,.T.);
#1130=FACE_OUTER_BOUND('',#1639,.T.);
#1131=FACE_OUTER_BOUND('',#1640,.T.);
#1132=FACE_OUTER_BOUND('',#1641,.T.);
#1133=FACE_OUTER_BOUND('',#1642,.T.);
#1134=FACE_OUTER_BOUND('',#1643,.T.);
#1135=FACE_OUTER_BOUND('',#1644,.T.);
#1136=FACE_OUTER_BOUND('',#1645,.T.);
#1137=FACE_OUTER_BOUND('',#1646,.T.);
#1138=FACE_OUTER_BOUND('',#1647,.T.);
#1139=FACE_OUTER_BOUND('',#1648,.T.);
#1140=FACE_OUTER_BOUND('',#1649,.T.);
#1141=FACE_OUTER_BOUND('',#1650,.T.);
#1142=FACE_OUTER_BOUND('',#1651,.T.);
#1143=FACE_OUTER_BOUND('',#1652,.T.);
#1144=FACE_OUTER_BOUND('',#1653,.T.);
#1145=FACE_OUTER_BOUND('',#1654,.T.);
#1146=FACE_OUTER_BOUND('',#1655,.T.);
#1147=FACE_OUTER_BOUND('',#1656,.T.);
#1148=FACE_OUTER_BOUND('',#1657,.T.);
#1149=FACE_OUTER_BOUND('',#1658,.T.);
#1150=FACE_OUTER_BOUND('',#1659,.T.);
#1151=FACE_OUTER_BOUND('',#1660,.T.);
#1152=FACE_OUTER_BOUND('',#1661,.T.);
#1153=FACE_OUTER_BOUND('',#1662,.T.);
#1154=FACE_OUTER_BOUND('',#1663,.T.);
#1155=FACE_OUTER_BOUND('',#1664,.T.);
#1156=FACE_OUTER_BOUND('',#1665,.T.);
#1157=FACE_OUTER_BOUND('',#1666,.T.);
#1158=FACE_OUTER_BOUND('',#1667,.T.);
#1159=FACE_OUTER_BOUND('',#1668,.T.);
#1160=FACE_OUTER_BOUND('',#1669,.T.);
#1161=FACE_OUTER_BOUND('',#1670,.T.);
#1162=FACE_OUTER_BOUND('',#1671,.T.);
#1163=FACE_OUTER_BOUND('',#1672,.T.);
#1164=FACE_OUTER_BOUND('',#1673,.T.);
#1165=FACE_OUTER_BOUND('',#1674,.T.);
#1166=FACE_OUTER_BOUND('',#1675,.T.);
#1167=FACE_OUTER_BOUND('',#1676,.T.);
#1168=FACE_OUTER_BOUND('',#1677,.T.);
#1169=FACE_OUTER_BOUND('',#1678,.T.);
#1170=FACE_OUTER_BOUND('',#1679,.T.);
#1171=FACE_OUTER_BOUND('',#1680,.T.);
#1172=FACE_OUTER_BOUND('',#1681,.T.);
#1173=FACE_OUTER_BOUND('',#1682,.T.);
#1174=FACE_OUTER_BOUND('',#1683,.T.);
#1175=FACE_OUTER_BOUND('',#1684,.T.);
#1176=FACE_OUTER_BOUND('',#1685,.T.);
#1177=FACE_OUTER_BOUND('',#1686,.T.);
#1178=FACE_OUTER_BOUND('',#1687,.T.);
#1179=FACE_OUTER_BOUND('',#1688,.T.);
#1180=FACE_OUTER_BOUND('',#1689,.T.);
#1181=FACE_OUTER_BOUND('',#1690,.T.);
#1182=FACE_OUTER_BOUND('',#1691,.T.);
#1183=FACE_OUTER_BOUND('',#1692,.T.);
#1184=FACE_OUTER_BOUND('',#1693,.T.);
#1185=FACE_OUTER_BOUND('',#1694,.T.);
#1186=FACE_OUTER_BOUND('',#1695,.T.);
#1187=FACE_OUTER_BOUND('',#1696,.T.);
#1188=FACE_OUTER_BOUND('',#1697,.T.);
#1189=FACE_OUTER_BOUND('',#1698,.T.);
#1190=FACE_OUTER_BOUND('',#1699,.T.);
#1191=FACE_OUTER_BOUND('',#1700,.T.);
#1192=FACE_OUTER_BOUND('',#1701,.T.);
#1193=FACE_OUTER_BOUND('',#1702,.T.);
#1194=FACE_OUTER_BOUND('',#1703,.T.);
#1195=FACE_OUTER_BOUND('',#1704,.T.);
#1196=FACE_OUTER_BOUND('',#1705,.T.);
#1197=FACE_OUTER_BOUND('',#1706,.T.);
#1198=FACE_OUTER_BOUND('',#1707,.T.);
#1199=FACE_OUTER_BOUND('',#1708,.T.);
#1200=FACE_OUTER_BOUND('',#1709,.T.);
#1201=FACE_OUTER_BOUND('',#1710,.T.);
#1202=FACE_OUTER_BOUND('',#1711,.T.);
#1203=FACE_OUTER_BOUND('',#1712,.T.);
#1204=FACE_OUTER_BOUND('',#1713,.T.);
#1205=FACE_OUTER_BOUND('',#1714,.T.);
#1206=FACE_OUTER_BOUND('',#1715,.T.);
#1207=FACE_OUTER_BOUND('',#1716,.T.);
#1208=FACE_OUTER_BOUND('',#1717,.T.);
#1209=FACE_OUTER_BOUND('',#1718,.T.);
#1210=FACE_OUTER_BOUND('',#1719,.T.);
#1211=FACE_OUTER_BOUND('',#1720,.T.);
#1212=FACE_OUTER_BOUND('',#1721,.T.);
#1213=FACE_OUTER_BOUND('',#1722,.T.);
#1214=FACE_OUTER_BOUND('',#1723,.T.);
#1215=FACE_OUTER_BOUND('',#1724,.T.);
#1216=FACE_OUTER_BOUND('',#1725,.T.);
#1217=FACE_OUTER_BOUND('',#1726,.T.);
#1218=FACE_OUTER_BOUND('',#1727,.T.);
#1219=FACE_OUTER_BOUND('',#1728,.T.);
#1220=FACE_OUTER_BOUND('',#1729,.T.);
#1221=FACE_OUTER_BOUND('',#1730,.T.);
#1222=FACE_OUTER_BOUND('',#1731,.T.);
#1223=FACE_OUTER_BOUND('',#1732,.T.);
#1224=FACE_OUTER_BOUND('',#1733,.T.);
#1225=FACE_OUTER_BOUND('',#1734,.T.);
#1226=FACE_OUTER_BOUND('',#1735,.T.);
#1227=FACE_OUTER_BOUND('',#1736,.T.);
#1228=FACE_OUTER_BOUND('',#1737,.T.);
#1229=FACE_OUTER_BOUND('',#1738,.T.);
#1230=FACE_OUTER_BOUND('',#1739,.T.);
#1231=FACE_OUTER_BOUND('',#1740,.T.);
#1232=FACE_OUTER_BOUND('',#1741,.T.);
#1233=FACE_OUTER_BOUND('',#1742,.T.);
#1234=FACE_OUTER_BOUND('',#1743,.T.);
#1235=FACE_OUTER_BOUND('',#1744,.T.);
#1236=FACE_OUTER_BOUND('',#1745,.T.);
#1237=FACE_OUTER_BOUND('',#1746,.T.);
#1238=FACE_OUTER_BOUND('',#1747,.T.);
#1239=FACE_OUTER_BOUND('',#1748,.T.);
#1240=FACE_OUTER_BOUND('',#1749,.T.);
#1241=FACE_OUTER_BOUND('',#1750,.T.);
#1242=FACE_OUTER_BOUND('',#1751,.T.);
#1243=FACE_OUTER_BOUND('',#1752,.T.);
#1244=FACE_OUTER_BOUND('',#1753,.T.);
#1245=FACE_OUTER_BOUND('',#1754,.T.);
#1246=FACE_OUTER_BOUND('',#1755,.T.);
#1247=FACE_OUTER_BOUND('',#1756,.T.);
#1248=FACE_OUTER_BOUND('',#1757,.T.);
#1249=FACE_OUTER_BOUND('',#1758,.T.);
#1250=FACE_OUTER_BOUND('',#1759,.T.);
#1251=FACE_OUTER_BOUND('',#1760,.T.);
#1252=FACE_OUTER_BOUND('',#1761,.T.);
#1253=FACE_OUTER_BOUND('',#1762,.T.);
#1254=FACE_OUTER_BOUND('',#1763,.T.);
#1255=FACE_OUTER_BOUND('',#1764,.T.);
#1256=FACE_OUTER_BOUND('',#1765,.T.);
#1257=FACE_OUTER_BOUND('',#1766,.T.);
#1258=FACE_OUTER_BOUND('',#1767,.T.);
#1259=FACE_OUTER_BOUND('',#1768,.T.);
#1260=FACE_OUTER_BOUND('',#1769,.T.);
#1261=FACE_OUTER_BOUND('',#1770,.T.);
#1262=FACE_OUTER_BOUND('',#1771,.T.);
#1263=FACE_OUTER_BOUND('',#1772,.T.);
#1264=FACE_OUTER_BOUND('',#1773,.T.);
#1265=FACE_OUTER_BOUND('',#1774,.T.);
#1266=FACE_OUTER_BOUND('',#1775,.T.);
#1267=FACE_OUTER_BOUND('',#1776,.T.);
#1268=FACE_OUTER_BOUND('',#1777,.T.);
#1269=FACE_OUTER_BOUND('',#1778,.T.);
#1270=FACE_OUTER_BOUND('',#1779,.T.);
#1271=FACE_OUTER_BOUND('',#1780,.T.);
#1272=FACE_OUTER_BOUND('',#1781,.T.);
#1273=FACE_OUTER_BOUND('',#1782,.T.);
#1274=FACE_OUTER_BOUND('',#1783,.T.);
#1275=FACE_OUTER_BOUND('',#1784,.T.);
#1276=FACE_OUTER_BOUND('',#1785,.T.);
#1277=FACE_OUTER_BOUND('',#1786,.T.);
#1278=FACE_OUTER_BOUND('',#1787,.T.);
#1279=FACE_OUTER_BOUND('',#1788,.T.);
#1280=FACE_OUTER_BOUND('',#1789,.T.);
#1281=FACE_OUTER_BOUND('',#1790,.T.);
#1282=FACE_OUTER_BOUND('',#1791,.T.);
#1283=FACE_OUTER_BOUND('',#1792,.T.);
#1284=FACE_OUTER_BOUND('',#1793,.T.);
#1285=FACE_OUTER_BOUND('',#1794,.T.);
#1286=FACE_OUTER_BOUND('',#1795,.T.);
#1287=FACE_OUTER_BOUND('',#1796,.T.);
#1288=FACE_OUTER_BOUND('',#1797,.T.);
#1289=FACE_OUTER_BOUND('',#1798,.T.);
#1290=FACE_OUTER_BOUND('',#1799,.T.);
#1291=FACE_OUTER_BOUND('',#1800,.T.);
#1292=FACE_OUTER_BOUND('',#1801,.T.);
#1293=FACE_OUTER_BOUND('',#1802,.T.);
#1294=FACE_OUTER_BOUND('',#1803,.T.);
#1295=FACE_OUTER_BOUND('',#1804,.T.);
#1296=FACE_OUTER_BOUND('',#1805,.T.);
#1297=FACE_OUTER_BOUND('',#1806,.T.);
#1298=FACE_OUTER_BOUND('',#1807,.T.);
#1299=FACE_OUTER_BOUND('',#1808,.T.);
#1300=FACE_OUTER_BOUND('',#1809,.T.);
#1301=FACE_OUTER_BOUND('',#1810,.T.);
#1302=FACE_OUTER_BOUND('',#1811,.T.);
#1303=FACE_OUTER_BOUND('',#1812,.T.);
#1304=FACE_OUTER_BOUND('',#1813,.T.);
#1305=FACE_OUTER_BOUND('',#1814,.T.);
#1306=FACE_OUTER_BOUND('',#1815,.T.);
#1307=FACE_OUTER_BOUND('',#1816,.T.);
#1308=FACE_OUTER_BOUND('',#1817,.T.);
#1309=FACE_OUTER_BOUND('',#1818,.T.);
#1310=FACE_OUTER_BOUND('',#1865,.T.);
#1311=FACE_OUTER_BOUND('',#1912,.T.);
#1312=FACE_OUTER_BOUND('',#1913,.T.);
#1313=FACE_OUTER_BOUND('',#1914,.T.);
#1314=FACE_OUTER_BOUND('',#1915,.T.);
#1315=FACE_OUTER_BOUND('',#1916,.T.);
#1316=FACE_OUTER_BOUND('',#1917,.T.);
#1317=FACE_OUTER_BOUND('',#1918,.T.);
#1318=FACE_OUTER_BOUND('',#1919,.T.);
#1319=FACE_OUTER_BOUND('',#1920,.T.);
#1320=FACE_OUTER_BOUND('',#1921,.T.);
#1321=FACE_OUTER_BOUND('',#1922,.T.);
#1322=FACE_OUTER_BOUND('',#1923,.T.);
#1323=FACE_OUTER_BOUND('',#1924,.T.);
#1324=FACE_OUTER_BOUND('',#1925,.T.);
#1325=FACE_OUTER_BOUND('',#1926,.T.);
#1326=FACE_OUTER_BOUND('',#1927,.T.);
#1327=FACE_OUTER_BOUND('',#1928,.T.);
#1328=FACE_OUTER_BOUND('',#1929,.T.);
#1329=FACE_OUTER_BOUND('',#1930,.T.);
#1330=FACE_OUTER_BOUND('',#1931,.T.);
#1331=FACE_OUTER_BOUND('',#1932,.T.);
#1332=FACE_OUTER_BOUND('',#1933,.T.);
#1333=FACE_OUTER_BOUND('',#1934,.T.);
#1334=FACE_OUTER_BOUND('',#1935,.T.);
#1335=FACE_OUTER_BOUND('',#1936,.T.);
#1336=FACE_OUTER_BOUND('',#1937,.T.);
#1337=FACE_OUTER_BOUND('',#1938,.T.);
#1338=FACE_OUTER_BOUND('',#1939,.T.);
#1339=FACE_OUTER_BOUND('',#1940,.T.);
#1340=FACE_OUTER_BOUND('',#1941,.T.);
#1341=FACE_OUTER_BOUND('',#1942,.T.);
#1342=FACE_OUTER_BOUND('',#1943,.T.);
#1343=FACE_OUTER_BOUND('',#1944,.T.);
#1344=FACE_OUTER_BOUND('',#1945,.T.);
#1345=FACE_OUTER_BOUND('',#1946,.T.);
#1346=FACE_OUTER_BOUND('',#1947,.T.);
#1347=FACE_OUTER_BOUND('',#1948,.T.);
#1348=FACE_OUTER_BOUND('',#1949,.T.);
#1349=FACE_OUTER_BOUND('',#1950,.T.);
#1350=FACE_OUTER_BOUND('',#1951,.T.);
#1351=FACE_OUTER_BOUND('',#1952,.T.);
#1352=FACE_OUTER_BOUND('',#1953,.T.);
#1353=FACE_OUTER_BOUND('',#1954,.T.);
#1354=FACE_OUTER_BOUND('',#1955,.T.);
#1355=FACE_OUTER_BOUND('',#1956,.T.);
#1356=FACE_OUTER_BOUND('',#1957,.T.);
#1357=FACE_OUTER_BOUND('',#1958,.T.);
#1358=FACE_OUTER_BOUND('',#1959,.T.);
#1359=FACE_OUTER_BOUND('',#1960,.T.);
#1360=FACE_OUTER_BOUND('',#1961,.T.);
#1361=FACE_OUTER_BOUND('',#1962,.T.);
#1362=FACE_OUTER_BOUND('',#1963,.T.);
#1363=FACE_OUTER_BOUND('',#1964,.T.);
#1364=FACE_OUTER_BOUND('',#1965,.T.);
#1365=FACE_OUTER_BOUND('',#1966,.T.);
#1366=FACE_OUTER_BOUND('',#1967,.T.);
#1367=FACE_OUTER_BOUND('',#1968,.T.);
#1368=FACE_OUTER_BOUND('',#1969,.T.);
#1369=FACE_OUTER_BOUND('',#1970,.T.);
#1370=FACE_OUTER_BOUND('',#1971,.T.);
#1371=FACE_OUTER_BOUND('',#1972,.T.);
#1372=FACE_OUTER_BOUND('',#1973,.T.);
#1373=FACE_OUTER_BOUND('',#1974,.T.);
#1374=FACE_OUTER_BOUND('',#1975,.T.);
#1375=FACE_OUTER_BOUND('',#1976,.T.);
#1376=FACE_OUTER_BOUND('',#1977,.T.);
#1377=FACE_OUTER_BOUND('',#1978,.T.);
#1378=FACE_OUTER_BOUND('',#1979,.T.);
#1379=FACE_OUTER_BOUND('',#1980,.T.);
#1380=FACE_OUTER_BOUND('',#1981,.T.);
#1381=FACE_OUTER_BOUND('',#1982,.T.);
#1382=FACE_OUTER_BOUND('',#1983,.T.);
#1383=FACE_OUTER_BOUND('',#1984,.T.);
#1384=EDGE_LOOP('',(#6554,#6555,#6556,#6557));
#1385=EDGE_LOOP('',(#6558,#6559,#6560,#6561));
#1386=EDGE_LOOP('',(#6562,#6563,#6564,#6565));
#1387=EDGE_LOOP('',(#6566,#6567,#6568,#6569));
#1388=EDGE_LOOP('',(#6570,#6571,#6572,#6573));
#1389=EDGE_LOOP('',(#6574,#6575,#6576,#6577));
#1390=EDGE_LOOP('',(#6578,#6579,#6580,#6581));
#1391=EDGE_LOOP('',(#6582,#6583,#6584,#6585));
#1392=EDGE_LOOP('',(#6586,#6587,#6588,#6589));
#1393=EDGE_LOOP('',(#6590,#6591,#6592,#6593));
#1394=EDGE_LOOP('',(#6594,#6595,#6596,#6597));
#1395=EDGE_LOOP('',(#6598,#6599,#6600,#6601));
#1396=EDGE_LOOP('',(#6602,#6603,#6604,#6605));
#1397=EDGE_LOOP('',(#6606,#6607,#6608,#6609));
#1398=EDGE_LOOP('',(#6610,#6611,#6612,#6613));
#1399=EDGE_LOOP('',(#6614,#6615,#6616,#6617));
#1400=EDGE_LOOP('',(#6618,#6619,#6620,#6621));
#1401=EDGE_LOOP('',(#6622,#6623,#6624,#6625));
#1402=EDGE_LOOP('',(#6626,#6627,#6628,#6629));
#1403=EDGE_LOOP('',(#6630,#6631,#6632,#6633));
#1404=EDGE_LOOP('',(#6634,#6635,#6636,#6637));
#1405=EDGE_LOOP('',(#6638,#6639,#6640,#6641));
#1406=EDGE_LOOP('',(#6642,#6643,#6644,#6645));
#1407=EDGE_LOOP('',(#6646,#6647,#6648,#6649));
#1408=EDGE_LOOP('',(#6650,#6651,#6652,#6653));
#1409=EDGE_LOOP('',(#6654,#6655,#6656,#6657));
#1410=EDGE_LOOP('',(#6658,#6659,#6660,#6661));
#1411=EDGE_LOOP('',(#6662,#6663,#6664,#6665));
#1412=EDGE_LOOP('',(#6666,#6667,#6668,#6669));
#1413=EDGE_LOOP('',(#6670,#6671,#6672,#6673));
#1414=EDGE_LOOP('',(#6674,#6675,#6676,#6677));
#1415=EDGE_LOOP('',(#6678,#6679,#6680,#6681));
#1416=EDGE_LOOP('',(#6682,#6683,#6684,#6685));
#1417=EDGE_LOOP('',(#6686,#6687,#6688,#6689));
#1418=EDGE_LOOP('',(#6690,#6691,#6692,#6693));
#1419=EDGE_LOOP('',(#6694,#6695,#6696,#6697));
#1420=EDGE_LOOP('',(#6698,#6699,#6700,#6701));
#1421=EDGE_LOOP('',(#6702,#6703,#6704,#6705));
#1422=EDGE_LOOP('',(#6706,#6707,#6708,#6709));
#1423=EDGE_LOOP('',(#6710,#6711,#6712,#6713));
#1424=EDGE_LOOP('',(#6714,#6715,#6716,#6717));
#1425=EDGE_LOOP('',(#6718,#6719,#6720,#6721));
#1426=EDGE_LOOP('',(#6722,#6723,#6724,#6725));
#1427=EDGE_LOOP('',(#6726,#6727,#6728,#6729));
#1428=EDGE_LOOP('',(#6730,#6731,#6732,#6733));
#1429=EDGE_LOOP('',(#6734,#6735,#6736,#6737));
#1430=EDGE_LOOP('',(#6738,#6739,#6740,#6741));
#1431=EDGE_LOOP('',(#6742,#6743,#6744,#6745));
#1432=EDGE_LOOP('',(#6746,#6747,#6748,#6749));
#1433=EDGE_LOOP('',(#6750,#6751,#6752,#6753));
#1434=EDGE_LOOP('',(#6754,#6755,#6756,#6757));
#1435=EDGE_LOOP('',(#6758,#6759,#6760,#6761));
#1436=EDGE_LOOP('',(#6762,#6763,#6764,#6765));
#1437=EDGE_LOOP('',(#6766,#6767,#6768,#6769));
#1438=EDGE_LOOP('',(#6770,#6771,#6772,#6773));
#1439=EDGE_LOOP('',(#6774,#6775,#6776,#6777));
#1440=EDGE_LOOP('',(#6778,#6779,#6780,#6781));
#1441=EDGE_LOOP('',(#6782,#6783,#6784,#6785));
#1442=EDGE_LOOP('',(#6786,#6787,#6788,#6789));
#1443=EDGE_LOOP('',(#6790,#6791,#6792,#6793));
#1444=EDGE_LOOP('',(#6794,#6795,#6796,#6797));
#1445=EDGE_LOOP('',(#6798,#6799,#6800,#6801));
#1446=EDGE_LOOP('',(#6802,#6803,#6804,#6805));
#1447=EDGE_LOOP('',(#6806,#6807,#6808,#6809));
#1448=EDGE_LOOP('',(#6810,#6811,#6812,#6813));
#1449=EDGE_LOOP('',(#6814,#6815,#6816,#6817));
#1450=EDGE_LOOP('',(#6818,#6819,#6820,#6821));
#1451=EDGE_LOOP('',(#6822,#6823,#6824,#6825));
#1452=EDGE_LOOP('',(#6826,#6827,#6828,#6829));
#1453=EDGE_LOOP('',(#6830,#6831,#6832,#6833));
#1454=EDGE_LOOP('',(#6834,#6835,#6836,#6837));
#1455=EDGE_LOOP('',(#6838,#6839,#6840,#6841));
#1456=EDGE_LOOP('',(#6842,#6843,#6844,#6845));
#1457=EDGE_LOOP('',(#6846,#6847,#6848,#6849));
#1458=EDGE_LOOP('',(#6850,#6851,#6852,#6853));
#1459=EDGE_LOOP('',(#6854,#6855,#6856,#6857));
#1460=EDGE_LOOP('',(#6858,#6859,#6860,#6861));
#1461=EDGE_LOOP('',(#6862,#6863,#6864,#6865));
#1462=EDGE_LOOP('',(#6866,#6867,#6868,#6869));
#1463=EDGE_LOOP('',(#6870,#6871,#6872,#6873));
#1464=EDGE_LOOP('',(#6874,#6875,#6876,#6877));
#1465=EDGE_LOOP('',(#6878,#6879,#6880,#6881));
#1466=EDGE_LOOP('',(#6882,#6883,#6884,#6885));
#1467=EDGE_LOOP('',(#6886,#6887,#6888,#6889));
#1468=EDGE_LOOP('',(#6890,#6891,#6892,#6893));
#1469=EDGE_LOOP('',(#6894,#6895,#6896,#6897));
#1470=EDGE_LOOP('',(#6898,#6899,#6900,#6901));
#1471=EDGE_LOOP('',(#6902,#6903,#6904,#6905));
#1472=EDGE_LOOP('',(#6906,#6907,#6908,#6909));
#1473=EDGE_LOOP('',(#6910,#6911,#6912,#6913));
#1474=EDGE_LOOP('',(#6914,#6915,#6916,#6917));
#1475=EDGE_LOOP('',(#6918,#6919,#6920,#6921));
#1476=EDGE_LOOP('',(#6922,#6923,#6924,#6925));
#1477=EDGE_LOOP('',(#6926,#6927,#6928,#6929));
#1478=EDGE_LOOP('',(#6930,#6931,#6932,#6933));
#1479=EDGE_LOOP('',(#6934,#6935,#6936,#6937));
#1480=EDGE_LOOP('',(#6938,#6939,#6940,#6941));
#1481=EDGE_LOOP('',(#6942,#6943,#6944,#6945));
#1482=EDGE_LOOP('',(#6946,#6947,#6948,#6949));
#1483=EDGE_LOOP('',(#6950,#6951,#6952,#6953));
#1484=EDGE_LOOP('',(#6954,#6955,#6956,#6957));
#1485=EDGE_LOOP('',(#6958,#6959,#6960,#6961));
#1486=EDGE_LOOP('',(#6962,#6963,#6964,#6965));
#1487=EDGE_LOOP('',(#6966,#6967,#6968,#6969));
#1488=EDGE_LOOP('',(#6970,#6971,#6972,#6973));
#1489=EDGE_LOOP('',(#6974,#6975,#6976,#6977));
#1490=EDGE_LOOP('',(#6978,#6979,#6980,#6981));
#1491=EDGE_LOOP('',(#6982,#6983,#6984,#6985));
#1492=EDGE_LOOP('',(#6986,#6987,#6988,#6989));
#1493=EDGE_LOOP('',(#6990,#6991,#6992,#6993));
#1494=EDGE_LOOP('',(#6994,#6995,#6996,#6997));
#1495=EDGE_LOOP('',(#6998,#6999,#7000,#7001));
#1496=EDGE_LOOP('',(#7002,#7003,#7004,#7005));
#1497=EDGE_LOOP('',(#7006,#7007,#7008,#7009));
#1498=EDGE_LOOP('',(#7010,#7011,#7012,#7013));
#1499=EDGE_LOOP('',(#7014,#7015,#7016,#7017));
#1500=EDGE_LOOP('',(#7018,#7019,#7020,#7021));
#1501=EDGE_LOOP('',(#7022,#7023,#7024,#7025));
#1502=EDGE_LOOP('',(#7026,#7027,#7028,#7029));
#1503=EDGE_LOOP('',(#7030,#7031,#7032,#7033));
#1504=EDGE_LOOP('',(#7034,#7035,#7036,#7037));
#1505=EDGE_LOOP('',(#7038,#7039,#7040,#7041));
#1506=EDGE_LOOP('',(#7042,#7043,#7044,#7045));
#1507=EDGE_LOOP('',(#7046,#7047,#7048,#7049));
#1508=EDGE_LOOP('',(#7050,#7051,#7052,#7053));
#1509=EDGE_LOOP('',(#7054,#7055,#7056,#7057));
#1510=EDGE_LOOP('',(#7058,#7059,#7060,#7061));
#1511=EDGE_LOOP('',(#7062,#7063,#7064,#7065));
#1512=EDGE_LOOP('',(#7066,#7067,#7068,#7069));
#1513=EDGE_LOOP('',(#7070,#7071,#7072,#7073));
#1514=EDGE_LOOP('',(#7074,#7075,#7076,#7077));
#1515=EDGE_LOOP('',(#7078,#7079,#7080,#7081));
#1516=EDGE_LOOP('',(#7082,#7083,#7084,#7085));
#1517=EDGE_LOOP('',(#7086,#7087,#7088,#7089));
#1518=EDGE_LOOP('',(#7090,#7091,#7092,#7093));
#1519=EDGE_LOOP('',(#7094,#7095,#7096,#7097));
#1520=EDGE_LOOP('',(#7098,#7099,#7100,#7101));
#1521=EDGE_LOOP('',(#7102,#7103,#7104,#7105));
#1522=EDGE_LOOP('',(#7106,#7107,#7108,#7109));
#1523=EDGE_LOOP('',(#7110,#7111,#7112,#7113));
#1524=EDGE_LOOP('',(#7114,#7115,#7116,#7117));
#1525=EDGE_LOOP('',(#7118,#7119,#7120,#7121));
#1526=EDGE_LOOP('',(#7122,#7123,#7124,#7125));
#1527=EDGE_LOOP('',(#7126,#7127,#7128,#7129));
#1528=EDGE_LOOP('',(#7130,#7131,#7132,#7133));
#1529=EDGE_LOOP('',(#7134,#7135,#7136,#7137));
#1530=EDGE_LOOP('',(#7138,#7139,#7140,#7141));
#1531=EDGE_LOOP('',(#7142,#7143,#7144,#7145));
#1532=EDGE_LOOP('',(#7146,#7147,#7148,#7149));
#1533=EDGE_LOOP('',(#7150,#7151,#7152,#7153));
#1534=EDGE_LOOP('',(#7154,#7155,#7156,#7157));
#1535=EDGE_LOOP('',(#7158,#7159,#7160,#7161));
#1536=EDGE_LOOP('',(#7162,#7163,#7164,#7165));
#1537=EDGE_LOOP('',(#7166,#7167,#7168,#7169));
#1538=EDGE_LOOP('',(#7170,#7171,#7172,#7173));
#1539=EDGE_LOOP('',(#7174,#7175,#7176,#7177));
#1540=EDGE_LOOP('',(#7178,#7179,#7180,#7181));
#1541=EDGE_LOOP('',(#7182,#7183,#7184,#7185));
#1542=EDGE_LOOP('',(#7186,#7187,#7188,#7189));
#1543=EDGE_LOOP('',(#7190,#7191,#7192,#7193));
#1544=EDGE_LOOP('',(#7194,#7195,#7196,#7197));
#1545=EDGE_LOOP('',(#7198,#7199,#7200,#7201));
#1546=EDGE_LOOP('',(#7202,#7203,#7204,#7205));
#1547=EDGE_LOOP('',(#7206,#7207,#7208,#7209));
#1548=EDGE_LOOP('',(#7210,#7211,#7212,#7213));
#1549=EDGE_LOOP('',(#7214,#7215,#7216,#7217));
#1550=EDGE_LOOP('',(#7218,#7219,#7220,#7221));
#1551=EDGE_LOOP('',(#7222,#7223,#7224,#7225));
#1552=EDGE_LOOP('',(#7226,#7227,#7228,#7229));
#1553=EDGE_LOOP('',(#7230,#7231,#7232,#7233));
#1554=EDGE_LOOP('',(#7234,#7235,#7236,#7237));
#1555=EDGE_LOOP('',(#7238,#7239,#7240,#7241));
#1556=EDGE_LOOP('',(#7242,#7243,#7244,#7245));
#1557=EDGE_LOOP('',(#7246,#7247,#7248,#7249));
#1558=EDGE_LOOP('',(#7250,#7251,#7252,#7253));
#1559=EDGE_LOOP('',(#7254,#7255,#7256,#7257));
#1560=EDGE_LOOP('',(#7258,#7259,#7260,#7261));
#1561=EDGE_LOOP('',(#7262,#7263,#7264,#7265));
#1562=EDGE_LOOP('',(#7266,#7267,#7268,#7269));
#1563=EDGE_LOOP('',(#7270,#7271,#7272,#7273));
#1564=EDGE_LOOP('',(#7274,#7275,#7276,#7277));
#1565=EDGE_LOOP('',(#7278,#7279,#7280,#7281));
#1566=EDGE_LOOP('',(#7282,#7283,#7284,#7285));
#1567=EDGE_LOOP('',(#7286,#7287,#7288,#7289));
#1568=EDGE_LOOP('',(#7290,#7291,#7292,#7293));
#1569=EDGE_LOOP('',(#7294,#7295,#7296,#7297));
#1570=EDGE_LOOP('',(#7298,#7299,#7300,#7301));
#1571=EDGE_LOOP('',(#7302,#7303,#7304,#7305));
#1572=EDGE_LOOP('',(#7306,#7307,#7308,#7309));
#1573=EDGE_LOOP('',(#7310,#7311,#7312,#7313));
#1574=EDGE_LOOP('',(#7314,#7315,#7316,#7317));
#1575=EDGE_LOOP('',(#7318,#7319,#7320,#7321));
#1576=EDGE_LOOP('',(#7322,#7323,#7324,#7325));
#1577=EDGE_LOOP('',(#7326,#7327,#7328,#7329));
#1578=EDGE_LOOP('',(#7330,#7331,#7332,#7333));
#1579=EDGE_LOOP('',(#7334,#7335,#7336,#7337));
#1580=EDGE_LOOP('',(#7338,#7339,#7340,#7341));
#1581=EDGE_LOOP('',(#7342,#7343,#7344,#7345));
#1582=EDGE_LOOP('',(#7346,#7347,#7348,#7349));
#1583=EDGE_LOOP('',(#7350,#7351,#7352,#7353));
#1584=EDGE_LOOP('',(#7354,#7355,#7356,#7357));
#1585=EDGE_LOOP('',(#7358,#7359,#7360,#7361));
#1586=EDGE_LOOP('',(#7362,#7363,#7364,#7365));
#1587=EDGE_LOOP('',(#7366,#7367,#7368,#7369));
#1588=EDGE_LOOP('',(#7370,#7371,#7372,#7373));
#1589=EDGE_LOOP('',(#7374,#7375,#7376,#7377));
#1590=EDGE_LOOP('',(#7378,#7379,#7380,#7381));
#1591=EDGE_LOOP('',(#7382,#7383,#7384,#7385));
#1592=EDGE_LOOP('',(#7386,#7387,#7388,#7389));
#1593=EDGE_LOOP('',(#7390,#7391,#7392,#7393));
#1594=EDGE_LOOP('',(#7394,#7395,#7396,#7397));
#1595=EDGE_LOOP('',(#7398,#7399,#7400,#7401));
#1596=EDGE_LOOP('',(#7402,#7403,#7404,#7405));
#1597=EDGE_LOOP('',(#7406,#7407,#7408,#7409));
#1598=EDGE_LOOP('',(#7410,#7411,#7412,#7413));
#1599=EDGE_LOOP('',(#7414,#7415,#7416,#7417));
#1600=EDGE_LOOP('',(#7418,#7419,#7420,#7421));
#1601=EDGE_LOOP('',(#7422,#7423,#7424,#7425));
#1602=EDGE_LOOP('',(#7426,#7427,#7428,#7429));
#1603=EDGE_LOOP('',(#7430,#7431,#7432,#7433));
#1604=EDGE_LOOP('',(#7434,#7435,#7436,#7437));
#1605=EDGE_LOOP('',(#7438,#7439,#7440,#7441));
#1606=EDGE_LOOP('',(#7442,#7443,#7444,#7445));
#1607=EDGE_LOOP('',(#7446,#7447,#7448,#7449));
#1608=EDGE_LOOP('',(#7450,#7451,#7452,#7453));
#1609=EDGE_LOOP('',(#7454,#7455,#7456,#7457));
#1610=EDGE_LOOP('',(#7458,#7459,#7460,#7461));
#1611=EDGE_LOOP('',(#7462,#7463,#7464,#7465));
#1612=EDGE_LOOP('',(#7466,#7467,#7468,#7469));
#1613=EDGE_LOOP('',(#7470,#7471,#7472,#7473));
#1614=EDGE_LOOP('',(#7474,#7475,#7476,#7477));
#1615=EDGE_LOOP('',(#7478,#7479,#7480,#7481));
#1616=EDGE_LOOP('',(#7482,#7483,#7484,#7485));
#1617=EDGE_LOOP('',(#7486,#7487,#7488,#7489));
#1618=EDGE_LOOP('',(#7490,#7491,#7492,#7493));
#1619=EDGE_LOOP('',(#7494,#7495,#7496,#7497));
#1620=EDGE_LOOP('',(#7498,#7499,#7500,#7501));
#1621=EDGE_LOOP('',(#7502,#7503,#7504,#7505));
#1622=EDGE_LOOP('',(#7506,#7507,#7508,#7509));
#1623=EDGE_LOOP('',(#7510,#7511,#7512,#7513));
#1624=EDGE_LOOP('',(#7514,#7515,#7516,#7517));
#1625=EDGE_LOOP('',(#7518,#7519,#7520,#7521));
#1626=EDGE_LOOP('',(#7522,#7523,#7524,#7525));
#1627=EDGE_LOOP('',(#7526,#7527,#7528,#7529));
#1628=EDGE_LOOP('',(#7530,#7531,#7532,#7533));
#1629=EDGE_LOOP('',(#7534,#7535,#7536,#7537));
#1630=EDGE_LOOP('',(#7538,#7539,#7540,#7541));
#1631=EDGE_LOOP('',(#7542,#7543,#7544,#7545));
#1632=EDGE_LOOP('',(#7546,#7547,#7548,#7549));
#1633=EDGE_LOOP('',(#7550,#7551,#7552,#7553));
#1634=EDGE_LOOP('',(#7554,#7555,#7556,#7557));
#1635=EDGE_LOOP('',(#7558,#7559,#7560,#7561));
#1636=EDGE_LOOP('',(#7562,#7563,#7564,#7565));
#1637=EDGE_LOOP('',(#7566,#7567,#7568,#7569));
#1638=EDGE_LOOP('',(#7570,#7571,#7572,#7573));
#1639=EDGE_LOOP('',(#7574,#7575,#7576,#7577));
#1640=EDGE_LOOP('',(#7578,#7579,#7580,#7581));
#1641=EDGE_LOOP('',(#7582,#7583,#7584,#7585));
#1642=EDGE_LOOP('',(#7586,#7587,#7588,#7589));
#1643=EDGE_LOOP('',(#7590,#7591,#7592,#7593));
#1644=EDGE_LOOP('',(#7594,#7595,#7596,#7597));
#1645=EDGE_LOOP('',(#7598,#7599,#7600,#7601));
#1646=EDGE_LOOP('',(#7602,#7603,#7604,#7605));
#1647=EDGE_LOOP('',(#7606,#7607,#7608,#7609));
#1648=EDGE_LOOP('',(#7610,#7611,#7612,#7613));
#1649=EDGE_LOOP('',(#7614,#7615,#7616,#7617));
#1650=EDGE_LOOP('',(#7618,#7619,#7620,#7621));
#1651=EDGE_LOOP('',(#7622,#7623,#7624,#7625));
#1652=EDGE_LOOP('',(#7626,#7627,#7628,#7629));
#1653=EDGE_LOOP('',(#7630,#7631,#7632,#7633));
#1654=EDGE_LOOP('',(#7634,#7635,#7636,#7637));
#1655=EDGE_LOOP('',(#7638,#7639,#7640,#7641));
#1656=EDGE_LOOP('',(#7642,#7643,#7644,#7645));
#1657=EDGE_LOOP('',(#7646,#7647,#7648,#7649));
#1658=EDGE_LOOP('',(#7650,#7651,#7652,#7653));
#1659=EDGE_LOOP('',(#7654,#7655,#7656,#7657));
#1660=EDGE_LOOP('',(#7658,#7659,#7660,#7661));
#1661=EDGE_LOOP('',(#7662,#7663,#7664,#7665));
#1662=EDGE_LOOP('',(#7666,#7667,#7668,#7669));
#1663=EDGE_LOOP('',(#7670,#7671,#7672,#7673));
#1664=EDGE_LOOP('',(#7674,#7675,#7676,#7677));
#1665=EDGE_LOOP('',(#7678,#7679,#7680,#7681));
#1666=EDGE_LOOP('',(#7682,#7683,#7684,#7685));
#1667=EDGE_LOOP('',(#7686,#7687,#7688,#7689));
#1668=EDGE_LOOP('',(#7690,#7691,#7692,#7693));
#1669=EDGE_LOOP('',(#7694,#7695,#7696,#7697));
#1670=EDGE_LOOP('',(#7698,#7699,#7700,#7701));
#1671=EDGE_LOOP('',(#7702,#7703,#7704,#7705));
#1672=EDGE_LOOP('',(#7706,#7707,#7708,#7709));
#1673=EDGE_LOOP('',(#7710,#7711,#7712,#7713));
#1674=EDGE_LOOP('',(#7714,#7715,#7716,#7717));
#1675=EDGE_LOOP('',(#7718,#7719,#7720,#7721));
#1676=EDGE_LOOP('',(#7722,#7723,#7724,#7725));
#1677=EDGE_LOOP('',(#7726,#7727,#7728,#7729));
#1678=EDGE_LOOP('',(#7730,#7731,#7732,#7733));
#1679=EDGE_LOOP('',(#7734,#7735,#7736,#7737));
#1680=EDGE_LOOP('',(#7738,#7739,#7740,#7741));
#1681=EDGE_LOOP('',(#7742,#7743,#7744,#7745));
#1682=EDGE_LOOP('',(#7746,#7747,#7748,#7749));
#1683=EDGE_LOOP('',(#7750,#7751,#7752,#7753));
#1684=EDGE_LOOP('',(#7754,#7755,#7756,#7757));
#1685=EDGE_LOOP('',(#7758,#7759,#7760,#7761));
#1686=EDGE_LOOP('',(#7762,#7763,#7764,#7765));
#1687=EDGE_LOOP('',(#7766,#7767,#7768,#7769));
#1688=EDGE_LOOP('',(#7770,#7771,#7772,#7773));
#1689=EDGE_LOOP('',(#7774,#7775,#7776,#7777));
#1690=EDGE_LOOP('',(#7778,#7779,#7780,#7781));
#1691=EDGE_LOOP('',(#7782,#7783,#7784,#7785));
#1692=EDGE_LOOP('',(#7786,#7787,#7788,#7789));
#1693=EDGE_LOOP('',(#7790,#7791,#7792,#7793));
#1694=EDGE_LOOP('',(#7794,#7795,#7796,#7797));
#1695=EDGE_LOOP('',(#7798,#7799,#7800,#7801));
#1696=EDGE_LOOP('',(#7802,#7803,#7804,#7805));
#1697=EDGE_LOOP('',(#7806,#7807,#7808,#7809));
#1698=EDGE_LOOP('',(#7810,#7811,#7812,#7813));
#1699=EDGE_LOOP('',(#7814,#7815,#7816,#7817));
#1700=EDGE_LOOP('',(#7818,#7819,#7820,#7821));
#1701=EDGE_LOOP('',(#7822,#7823,#7824,#7825));
#1702=EDGE_LOOP('',(#7826,#7827,#7828,#7829));
#1703=EDGE_LOOP('',(#7830,#7831,#7832,#7833));
#1704=EDGE_LOOP('',(#7834,#7835,#7836,#7837));
#1705=EDGE_LOOP('',(#7838,#7839,#7840,#7841));
#1706=EDGE_LOOP('',(#7842,#7843,#7844,#7845));
#1707=EDGE_LOOP('',(#7846,#7847,#7848,#7849));
#1708=EDGE_LOOP('',(#7850,#7851,#7852,#7853));
#1709=EDGE_LOOP('',(#7854,#7855,#7856,#7857));
#1710=EDGE_LOOP('',(#7858,#7859,#7860,#7861));
#1711=EDGE_LOOP('',(#7862,#7863,#7864,#7865));
#1712=EDGE_LOOP('',(#7866,#7867,#7868,#7869));
#1713=EDGE_LOOP('',(#7870,#7871,#7872,#7873));
#1714=EDGE_LOOP('',(#7874,#7875,#7876,#7877));
#1715=EDGE_LOOP('',(#7878,#7879,#7880,#7881));
#1716=EDGE_LOOP('',(#7882,#7883,#7884,#7885));
#1717=EDGE_LOOP('',(#7886,#7887,#7888,#7889));
#1718=EDGE_LOOP('',(#7890,#7891,#7892,#7893));
#1719=EDGE_LOOP('',(#7894,#7895,#7896,#7897));
#1720=EDGE_LOOP('',(#7898,#7899,#7900,#7901));
#1721=EDGE_LOOP('',(#7902,#7903,#7904,#7905));
#1722=EDGE_LOOP('',(#7906,#7907,#7908,#7909));
#1723=EDGE_LOOP('',(#7910,#7911,#7912,#7913));
#1724=EDGE_LOOP('',(#7914,#7915,#7916,#7917));
#1725=EDGE_LOOP('',(#7918,#7919,#7920,#7921));
#1726=EDGE_LOOP('',(#7922,#7923,#7924,#7925));
#1727=EDGE_LOOP('',(#7926,#7927,#7928,#7929));
#1728=EDGE_LOOP('',(#7930,#7931,#7932,#7933));
#1729=EDGE_LOOP('',(#7934,#7935,#7936,#7937));
#1730=EDGE_LOOP('',(#7938,#7939,#7940,#7941));
#1731=EDGE_LOOP('',(#7942,#7943,#7944,#7945));
#1732=EDGE_LOOP('',(#7946,#7947,#7948,#7949));
#1733=EDGE_LOOP('',(#7950,#7951,#7952,#7953));
#1734=EDGE_LOOP('',(#7954,#7955,#7956,#7957));
#1735=EDGE_LOOP('',(#7958,#7959,#7960,#7961));
#1736=EDGE_LOOP('',(#7962,#7963,#7964,#7965));
#1737=EDGE_LOOP('',(#7966,#7967,#7968,#7969));
#1738=EDGE_LOOP('',(#7970,#7971,#7972,#7973));
#1739=EDGE_LOOP('',(#7974,#7975,#7976,#7977));
#1740=EDGE_LOOP('',(#7978,#7979,#7980,#7981));
#1741=EDGE_LOOP('',(#7982,#7983,#7984,#7985));
#1742=EDGE_LOOP('',(#7986,#7987,#7988,#7989));
#1743=EDGE_LOOP('',(#7990,#7991,#7992,#7993));
#1744=EDGE_LOOP('',(#7994,#7995,#7996,#7997));
#1745=EDGE_LOOP('',(#7998,#7999,#8000,#8001));
#1746=EDGE_LOOP('',(#8002,#8003,#8004,#8005));
#1747=EDGE_LOOP('',(#8006,#8007,#8008,#8009));
#1748=EDGE_LOOP('',(#8010,#8011,#8012,#8013));
#1749=EDGE_LOOP('',(#8014,#8015,#8016,#8017));
#1750=EDGE_LOOP('',(#8018,#8019,#8020,#8021));
#1751=EDGE_LOOP('',(#8022,#8023,#8024,#8025));
#1752=EDGE_LOOP('',(#8026,#8027,#8028,#8029));
#1753=EDGE_LOOP('',(#8030,#8031,#8032,#8033));
#1754=EDGE_LOOP('',(#8034,#8035,#8036,#8037));
#1755=EDGE_LOOP('',(#8038,#8039,#8040,#8041));
#1756=EDGE_LOOP('',(#8042,#8043,#8044,#8045));
#1757=EDGE_LOOP('',(#8046,#8047,#8048,#8049));
#1758=EDGE_LOOP('',(#8050,#8051,#8052,#8053));
#1759=EDGE_LOOP('',(#8054,#8055,#8056,#8057));
#1760=EDGE_LOOP('',(#8058,#8059,#8060,#8061));
#1761=EDGE_LOOP('',(#8062,#8063,#8064,#8065));
#1762=EDGE_LOOP('',(#8066,#8067,#8068,#8069));
#1763=EDGE_LOOP('',(#8070,#8071,#8072,#8073));
#1764=EDGE_LOOP('',(#8074,#8075,#8076,#8077));
#1765=EDGE_LOOP('',(#8078,#8079,#8080,#8081));
#1766=EDGE_LOOP('',(#8082,#8083,#8084,#8085));
#1767=EDGE_LOOP('',(#8086,#8087,#8088,#8089));
#1768=EDGE_LOOP('',(#8090,#8091,#8092,#8093));
#1769=EDGE_LOOP('',(#8094,#8095,#8096,#8097));
#1770=EDGE_LOOP('',(#8098,#8099,#8100,#8101));
#1771=EDGE_LOOP('',(#8102,#8103,#8104,#8105));
#1772=EDGE_LOOP('',(#8106,#8107,#8108,#8109));
#1773=EDGE_LOOP('',(#8110,#8111,#8112,#8113));
#1774=EDGE_LOOP('',(#8114,#8115,#8116,#8117));
#1775=EDGE_LOOP('',(#8118,#8119,#8120,#8121));
#1776=EDGE_LOOP('',(#8122,#8123,#8124,#8125));
#1777=EDGE_LOOP('',(#8126,#8127,#8128,#8129));
#1778=EDGE_LOOP('',(#8130,#8131,#8132,#8133));
#1779=EDGE_LOOP('',(#8134,#8135,#8136,#8137));
#1780=EDGE_LOOP('',(#8138,#8139,#8140,#8141));
#1781=EDGE_LOOP('',(#8142,#8143,#8144,#8145));
#1782=EDGE_LOOP('',(#8146,#8147,#8148,#8149));
#1783=EDGE_LOOP('',(#8150,#8151,#8152,#8153));
#1784=EDGE_LOOP('',(#8154,#8155,#8156,#8157));
#1785=EDGE_LOOP('',(#8158,#8159,#8160,#8161));
#1786=EDGE_LOOP('',(#8162,#8163,#8164,#8165));
#1787=EDGE_LOOP('',(#8166,#8167,#8168,#8169));
#1788=EDGE_LOOP('',(#8170,#8171,#8172,#8173));
#1789=EDGE_LOOP('',(#8174,#8175,#8176,#8177));
#1790=EDGE_LOOP('',(#8178,#8179,#8180,#8181));
#1791=EDGE_LOOP('',(#8182,#8183,#8184,#8185));
#1792=EDGE_LOOP('',(#8186,#8187,#8188,#8189));
#1793=EDGE_LOOP('',(#8190,#8191,#8192,#8193));
#1794=EDGE_LOOP('',(#8194,#8195,#8196,#8197));
#1795=EDGE_LOOP('',(#8198,#8199,#8200,#8201));
#1796=EDGE_LOOP('',(#8202,#8203,#8204,#8205));
#1797=EDGE_LOOP('',(#8206,#8207,#8208,#8209));
#1798=EDGE_LOOP('',(#8210,#8211,#8212,#8213));
#1799=EDGE_LOOP('',(#8214,#8215,#8216,#8217));
#1800=EDGE_LOOP('',(#8218,#8219,#8220,#8221));
#1801=EDGE_LOOP('',(#8222,#8223,#8224,#8225));
#1802=EDGE_LOOP('',(#8226,#8227,#8228,#8229));
#1803=EDGE_LOOP('',(#8230,#8231,#8232,#8233));
#1804=EDGE_LOOP('',(#8234,#8235,#8236,#8237));
#1805=EDGE_LOOP('',(#8238,#8239,#8240,#8241));
#1806=EDGE_LOOP('',(#8242,#8243,#8244,#8245));
#1807=EDGE_LOOP('',(#8246,#8247,#8248,#8249));
#1808=EDGE_LOOP('',(#8250,#8251,#8252,#8253));
#1809=EDGE_LOOP('',(#8254,#8255,#8256,#8257));
#1810=EDGE_LOOP('',(#8258,#8259,#8260,#8261));
#1811=EDGE_LOOP('',(#8262,#8263,#8264,#8265));
#1812=EDGE_LOOP('',(#8266,#8267,#8268,#8269));
#1813=EDGE_LOOP('',(#8270,#8271,#8272,#8273));
#1814=EDGE_LOOP('',(#8274,#8275,#8276,#8277));
#1815=EDGE_LOOP('',(#8278,#8279,#8280,#8281));
#1816=EDGE_LOOP('',(#8282,#8283,#8284,#8285));
#1817=EDGE_LOOP('',(#8286,#8287,#8288,#8289));
#1818=EDGE_LOOP('',(#8290,#8291,#8292,#8293,#8294,#8295,#8296,#8297,#8298,
#8299,#8300,#8301,#8302,#8303,#8304,#8305,#8306,#8307,#8308,#8309,#8310,
#8311,#8312,#8313,#8314,#8315,#8316,#8317,#8318,#8319,#8320,#8321,#8322,
#8323,#8324,#8325,#8326,#8327,#8328,#8329,#8330,#8331,#8332,#8333,#8334,
#8335,#8336,#8337,#8338,#8339,#8340,#8341,#8342,#8343,#8344,#8345,#8346,
#8347,#8348,#8349,#8350,#8351,#8352,#8353,#8354,#8355,#8356,#8357,#8358,
#8359,#8360,#8361,#8362,#8363,#8364));
#1819=EDGE_LOOP('',(#8365,#8366,#8367,#8368,#8369,#8370,#8371,#8372));
#1820=EDGE_LOOP('',(#8373,#8374,#8375,#8376,#8377,#8378,#8379,#8380));
#1821=EDGE_LOOP('',(#8381,#8382,#8383,#8384,#8385,#8386,#8387,#8388));
#1822=EDGE_LOOP('',(#8389,#8390,#8391,#8392,#8393,#8394,#8395,#8396));
#1823=EDGE_LOOP('',(#8397,#8398,#8399,#8400,#8401,#8402,#8403,#8404));
#1824=EDGE_LOOP('',(#8405,#8406,#8407,#8408,#8409,#8410,#8411,#8412));
#1825=EDGE_LOOP('',(#8413,#8414,#8415,#8416,#8417,#8418,#8419,#8420));
#1826=EDGE_LOOP('',(#8421,#8422,#8423,#8424,#8425,#8426,#8427,#8428));
#1827=EDGE_LOOP('',(#8429,#8430,#8431,#8432,#8433,#8434,#8435,#8436));
#1828=EDGE_LOOP('',(#8437,#8438,#8439,#8440,#8441,#8442,#8443,#8444));
#1829=EDGE_LOOP('',(#8445,#8446,#8447,#8448,#8449,#8450,#8451,#8452));
#1830=EDGE_LOOP('',(#8453,#8454,#8455,#8456,#8457,#8458,#8459,#8460,#8461,
#8462,#8463,#8464,#8465,#8466,#8467,#8468,#8469,#8470,#8471,#8472,#8473,
#8474,#8475,#8476));
#1831=EDGE_LOOP('',(#8477,#8478,#8479,#8480,#8481,#8482,#8483,#8484,#8485,
#8486,#8487,#8488,#8489,#8490,#8491,#8492,#8493,#8494,#8495,#8496,#8497,
#8498,#8499,#8500));
#1832=EDGE_LOOP('',(#8501,#8502,#8503,#8504,#8505,#8506,#8507,#8508));
#1833=EDGE_LOOP('',(#8509,#8510,#8511,#8512,#8513,#8514,#8515,#8516));
#1834=EDGE_LOOP('',(#8517,#8518,#8519,#8520,#8521,#8522,#8523,#8524));
#1835=EDGE_LOOP('',(#8525,#8526,#8527,#8528,#8529,#8530,#8531,#8532));
#1836=EDGE_LOOP('',(#8533,#8534,#8535,#8536,#8537,#8538,#8539,#8540));
#1837=EDGE_LOOP('',(#8541,#8542,#8543,#8544,#8545,#8546,#8547,#8548));
#1838=EDGE_LOOP('',(#8549,#8550,#8551,#8552,#8553,#8554,#8555,#8556));
#1839=EDGE_LOOP('',(#8557,#8558,#8559,#8560,#8561,#8562,#8563,#8564));
#1840=EDGE_LOOP('',(#8565,#8566,#8567,#8568,#8569,#8570,#8571,#8572));
#1841=EDGE_LOOP('',(#8573,#8574,#8575,#8576,#8577,#8578,#8579,#8580));
#1842=EDGE_LOOP('',(#8581,#8582,#8583,#8584,#8585,#8586,#8587,#8588));
#1843=EDGE_LOOP('',(#8589,#8590,#8591,#8592,#8593,#8594,#8595,#8596));
#1844=EDGE_LOOP('',(#8597,#8598,#8599,#8600,#8601,#8602,#8603,#8604));
#1845=EDGE_LOOP('',(#8605,#8606,#8607,#8608,#8609,#8610,#8611,#8612));
#1846=EDGE_LOOP('',(#8613,#8614,#8615,#8616,#8617,#8618,#8619,#8620));
#1847=EDGE_LOOP('',(#8621,#8622,#8623,#8624,#8625,#8626,#8627,#8628));
#1848=EDGE_LOOP('',(#8629,#8630,#8631,#8632,#8633,#8634,#8635,#8636));
#1849=EDGE_LOOP('',(#8637,#8638,#8639,#8640,#8641,#8642,#8643,#8644));
#1850=EDGE_LOOP('',(#8645,#8646,#8647,#8648,#8649,#8650,#8651,#8652));
#1851=EDGE_LOOP('',(#8653,#8654,#8655,#8656,#8657,#8658,#8659,#8660,#8661,
#8662,#8663,#8664,#8665,#8666,#8667,#8668,#8669,#8670,#8671,#8672,#8673,
#8674,#8675,#8676));
#1852=EDGE_LOOP('',(#8677,#8678,#8679,#8680,#8681,#8682,#8683,#8684,#8685,
#8686,#8687,#8688,#8689,#8690,#8691,#8692,#8693,#8694,#8695,#8696,#8697,
#8698,#8699,#8700));
#1853=EDGE_LOOP('',(#8701,#8702,#8703,#8704,#8705,#8706,#8707,#8708));
#1854=EDGE_LOOP('',(#8709,#8710,#8711,#8712,#8713,#8714,#8715,#8716));
#1855=EDGE_LOOP('',(#8717,#8718,#8719,#8720,#8721,#8722,#8723,#8724));
#1856=EDGE_LOOP('',(#8725,#8726,#8727,#8728,#8729,#8730,#8731,#8732));
#1857=EDGE_LOOP('',(#8733,#8734,#8735,#8736,#8737,#8738,#8739,#8740));
#1858=EDGE_LOOP('',(#8741,#8742,#8743,#8744,#8745,#8746,#8747,#8748));
#1859=EDGE_LOOP('',(#8749,#8750,#8751,#8752,#8753,#8754,#8755,#8756));
#1860=EDGE_LOOP('',(#8757,#8758,#8759,#8760,#8761,#8762,#8763,#8764));
#1861=EDGE_LOOP('',(#8765,#8766,#8767,#8768,#8769,#8770,#8771,#8772));
#1862=EDGE_LOOP('',(#8773,#8774,#8775,#8776,#8777,#8778,#8779,#8780));
#1863=EDGE_LOOP('',(#8781,#8782,#8783,#8784,#8785,#8786,#8787,#8788));
#1864=EDGE_LOOP('',(#8789,#8790,#8791,#8792,#8793,#8794,#8795,#8796));
#1865=EDGE_LOOP('',(#8797,#8798,#8799,#8800,#8801,#8802,#8803,#8804,#8805,
#8806,#8807,#8808,#8809,#8810,#8811,#8812,#8813,#8814,#8815,#8816,#8817,
#8818,#8819,#8820,#8821,#8822,#8823,#8824,#8825,#8826,#8827,#8828,#8829,
#8830,#8831,#8832,#8833,#8834,#8835,#8836,#8837,#8838,#8839,#8840,#8841,
#8842,#8843,#8844,#8845,#8846,#8847,#8848,#8849,#8850,#8851,#8852,#8853,
#8854,#8855,#8856,#8857,#8858,#8859,#8860,#8861,#8862,#8863,#8864,#8865,
#8866,#8867,#8868,#8869,#8870,#8871));
#1866=EDGE_LOOP('',(#8872,#8873,#8874,#8875,#8876,#8877,#8878,#8879));
#1867=EDGE_LOOP('',(#8880,#8881,#8882,#8883,#8884,#8885,#8886,#8887));
#1868=EDGE_LOOP('',(#8888,#8889,#8890,#8891,#8892,#8893,#8894,#8895));
#1869=EDGE_LOOP('',(#8896,#8897,#8898,#8899,#8900,#8901,#8902,#8903));
#1870=EDGE_LOOP('',(#8904,#8905,#8906,#8907,#8908,#8909,#8910,#8911));
#1871=EDGE_LOOP('',(#8912,#8913,#8914,#8915,#8916,#8917,#8918,#8919));
#1872=EDGE_LOOP('',(#8920,#8921,#8922,#8923,#8924,#8925,#8926,#8927));
#1873=EDGE_LOOP('',(#8928,#8929,#8930,#8931,#8932,#8933,#8934,#8935));
#1874=EDGE_LOOP('',(#8936,#8937,#8938,#8939,#8940,#8941,#8942,#8943));
#1875=EDGE_LOOP('',(#8944,#8945,#8946,#8947,#8948,#8949,#8950,#8951));
#1876=EDGE_LOOP('',(#8952,#8953,#8954,#8955,#8956,#8957,#8958,#8959));
#1877=EDGE_LOOP('',(#8960,#8961,#8962,#8963,#8964,#8965,#8966,#8967,#8968,
#8969,#8970,#8971,#8972,#8973,#8974,#8975,#8976,#8977,#8978,#8979,#8980,
#8981,#8982,#8983));
#1878=EDGE_LOOP('',(#8984,#8985,#8986,#8987,#8988,#8989,#8990,#8991,#8992,
#8993,#8994,#8995,#8996,#8997,#8998,#8999,#9000,#9001,#9002,#9003,#9004,
#9005,#9006,#9007));
#1879=EDGE_LOOP('',(#9008,#9009,#9010,#9011,#9012,#9013,#9014,#9015));
#1880=EDGE_LOOP('',(#9016,#9017,#9018,#9019,#9020,#9021,#9022,#9023));
#1881=EDGE_LOOP('',(#9024,#9025,#9026,#9027,#9028,#9029,#9030,#9031));
#1882=EDGE_LOOP('',(#9032,#9033,#9034,#9035,#9036,#9037,#9038,#9039));
#1883=EDGE_LOOP('',(#9040,#9041,#9042,#9043,#9044,#9045,#9046,#9047));
#1884=EDGE_LOOP('',(#9048,#9049,#9050,#9051,#9052,#9053,#9054,#9055));
#1885=EDGE_LOOP('',(#9056,#9057,#9058,#9059,#9060,#9061,#9062,#9063));
#1886=EDGE_LOOP('',(#9064,#9065,#9066,#9067,#9068,#9069,#9070,#9071));
#1887=EDGE_LOOP('',(#9072,#9073,#9074,#9075,#9076,#9077,#9078,#9079));
#1888=EDGE_LOOP('',(#9080,#9081,#9082,#9083,#9084,#9085,#9086,#9087));
#1889=EDGE_LOOP('',(#9088,#9089,#9090,#9091,#9092,#9093,#9094,#9095));
#1890=EDGE_LOOP('',(#9096,#9097,#9098,#9099,#9100,#9101,#9102,#9103));
#1891=EDGE_LOOP('',(#9104,#9105,#9106,#9107,#9108,#9109,#9110,#9111));
#1892=EDGE_LOOP('',(#9112,#9113,#9114,#9115,#9116,#9117,#9118,#9119));
#1893=EDGE_LOOP('',(#9120,#9121,#9122,#9123,#9124,#9125,#9126,#9127));
#1894=EDGE_LOOP('',(#9128,#9129,#9130,#9131,#9132,#9133,#9134,#9135));
#1895=EDGE_LOOP('',(#9136,#9137,#9138,#9139,#9140,#9141,#9142,#9143));
#1896=EDGE_LOOP('',(#9144,#9145,#9146,#9147,#9148,#9149,#9150,#9151));
#1897=EDGE_LOOP('',(#9152,#9153,#9154,#9155,#9156,#9157,#9158,#9159));
#1898=EDGE_LOOP('',(#9160,#9161,#9162,#9163,#9164,#9165,#9166,#9167,#9168,
#9169,#9170,#9171,#9172,#9173,#9174,#9175,#9176,#9177,#9178,#9179,#9180,
#9181,#9182,#9183));
#1899=EDGE_LOOP('',(#9184,#9185,#9186,#9187,#9188,#9189,#9190,#9191,#9192,
#9193,#9194,#9195,#9196,#9197,#9198,#9199,#9200,#9201,#9202,#9203,#9204,
#9205,#9206,#9207));
#1900=EDGE_LOOP('',(#9208,#9209,#9210,#9211,#9212,#9213,#9214,#9215));
#1901=EDGE_LOOP('',(#9216,#9217,#9218,#9219,#9220,#9221,#9222,#9223));
#1902=EDGE_LOOP('',(#9224,#9225,#9226,#9227,#9228,#9229,#9230,#9231));
#1903=EDGE_LOOP('',(#9232,#9233,#9234,#9235,#9236,#9237,#9238,#9239));
#1904=EDGE_LOOP('',(#9240,#9241,#9242,#9243,#9244,#9245,#9246,#9247));
#1905=EDGE_LOOP('',(#9248,#9249,#9250,#9251,#9252,#9253,#9254,#9255));
#1906=EDGE_LOOP('',(#9256,#9257,#9258,#9259,#9260,#9261,#9262,#9263));
#1907=EDGE_LOOP('',(#9264,#9265,#9266,#9267,#9268,#9269,#9270,#9271));
#1908=EDGE_LOOP('',(#9272,#9273,#9274,#9275,#9276,#9277,#9278,#9279));
#1909=EDGE_LOOP('',(#9280,#9281,#9282,#9283,#9284,#9285,#9286,#9287));
#1910=EDGE_LOOP('',(#9288,#9289,#9290,#9291,#9292,#9293,#9294,#9295));
#1911=EDGE_LOOP('',(#9296,#9297,#9298,#9299,#9300,#9301,#9302,#9303));
#1912=EDGE_LOOP('',(#9304,#9305,#9306,#9307));
#1913=EDGE_LOOP('',(#9308,#9309,#9310,#9311));
#1914=EDGE_LOOP('',(#9312,#9313,#9314,#9315));
#1915=EDGE_LOOP('',(#9316,#9317,#9318,#9319));
#1916=EDGE_LOOP('',(#9320,#9321,#9322,#9323));
#1917=EDGE_LOOP('',(#9324,#9325,#9326,#9327));
#1918=EDGE_LOOP('',(#9328,#9329,#9330,#9331));
#1919=EDGE_LOOP('',(#9332,#9333,#9334,#9335));
#1920=EDGE_LOOP('',(#9336,#9337,#9338,#9339));
#1921=EDGE_LOOP('',(#9340,#9341,#9342,#9343));
#1922=EDGE_LOOP('',(#9344,#9345,#9346,#9347));
#1923=EDGE_LOOP('',(#9348,#9349,#9350,#9351));
#1924=EDGE_LOOP('',(#9352,#9353,#9354,#9355));
#1925=EDGE_LOOP('',(#9356,#9357,#9358,#9359));
#1926=EDGE_LOOP('',(#9360,#9361,#9362,#9363));
#1927=EDGE_LOOP('',(#9364,#9365,#9366,#9367));
#1928=EDGE_LOOP('',(#9368,#9369,#9370,#9371));
#1929=EDGE_LOOP('',(#9372,#9373,#9374,#9375));
#1930=EDGE_LOOP('',(#9376,#9377,#9378,#9379));
#1931=EDGE_LOOP('',(#9380,#9381,#9382,#9383));
#1932=EDGE_LOOP('',(#9384,#9385,#9386,#9387));
#1933=EDGE_LOOP('',(#9388,#9389,#9390,#9391));
#1934=EDGE_LOOP('',(#9392,#9393,#9394,#9395));
#1935=EDGE_LOOP('',(#9396,#9397,#9398,#9399));
#1936=EDGE_LOOP('',(#9400,#9401,#9402,#9403));
#1937=EDGE_LOOP('',(#9404,#9405,#9406,#9407));
#1938=EDGE_LOOP('',(#9408,#9409,#9410,#9411));
#1939=EDGE_LOOP('',(#9412,#9413,#9414,#9415));
#1940=EDGE_LOOP('',(#9416,#9417,#9418,#9419));
#1941=EDGE_LOOP('',(#9420,#9421,#9422,#9423));
#1942=EDGE_LOOP('',(#9424,#9425,#9426,#9427));
#1943=EDGE_LOOP('',(#9428,#9429,#9430,#9431));
#1944=EDGE_LOOP('',(#9432,#9433,#9434,#9435));
#1945=EDGE_LOOP('',(#9436,#9437,#9438,#9439));
#1946=EDGE_LOOP('',(#9440,#9441,#9442,#9443));
#1947=EDGE_LOOP('',(#9444,#9445,#9446,#9447));
#1948=EDGE_LOOP('',(#9448,#9449,#9450,#9451));
#1949=EDGE_LOOP('',(#9452,#9453,#9454,#9455));
#1950=EDGE_LOOP('',(#9456,#9457,#9458,#9459));
#1951=EDGE_LOOP('',(#9460,#9461,#9462,#9463));
#1952=EDGE_LOOP('',(#9464,#9465,#9466,#9467));
#1953=EDGE_LOOP('',(#9468,#9469,#9470,#9471));
#1954=EDGE_LOOP('',(#9472,#9473,#9474,#9475));
#1955=EDGE_LOOP('',(#9476,#9477,#9478,#9479));
#1956=EDGE_LOOP('',(#9480,#9481,#9482,#9483));
#1957=EDGE_LOOP('',(#9484,#9485,#9486,#9487));
#1958=EDGE_LOOP('',(#9488,#9489,#9490,#9491));
#1959=EDGE_LOOP('',(#9492,#9493,#9494,#9495));
#1960=EDGE_LOOP('',(#9496,#9497,#9498,#9499));
#1961=EDGE_LOOP('',(#9500,#9501,#9502,#9503));
#1962=EDGE_LOOP('',(#9504,#9505,#9506,#9507));
#1963=EDGE_LOOP('',(#9508,#9509,#9510,#9511));
#1964=EDGE_LOOP('',(#9512,#9513,#9514,#9515));
#1965=EDGE_LOOP('',(#9516,#9517,#9518,#9519));
#1966=EDGE_LOOP('',(#9520,#9521,#9522,#9523));
#1967=EDGE_LOOP('',(#9524,#9525,#9526,#9527));
#1968=EDGE_LOOP('',(#9528,#9529,#9530,#9531));
#1969=EDGE_LOOP('',(#9532,#9533,#9534,#9535));
#1970=EDGE_LOOP('',(#9536,#9537,#9538,#9539));
#1971=EDGE_LOOP('',(#9540,#9541,#9542,#9543));
#1972=EDGE_LOOP('',(#9544,#9545,#9546,#9547));
#1973=EDGE_LOOP('',(#9548,#9549,#9550,#9551));
#1974=EDGE_LOOP('',(#9552,#9553,#9554,#9555));
#1975=EDGE_LOOP('',(#9556,#9557,#9558,#9559));
#1976=EDGE_LOOP('',(#9560,#9561,#9562,#9563));
#1977=EDGE_LOOP('',(#9564,#9565,#9566,#9567));
#1978=EDGE_LOOP('',(#9568,#9569,#9570,#9571));
#1979=EDGE_LOOP('',(#9572,#9573,#9574,#9575));
#1980=EDGE_LOOP('',(#9576,#9577,#9578,#9579));
#1981=EDGE_LOOP('',(#9580,#9581,#9582,#9583));
#1982=EDGE_LOOP('',(#9584,#9585,#9586,#9587));
#1983=EDGE_LOOP('',(#9588,#9589,#9590,#9591));
#1984=EDGE_LOOP('',(#9592,#9593,#9594,#9595));
#1985=LINE('',#14469,#3002);
#1986=LINE('',#14471,#3003);
#1987=LINE('',#14473,#3004);
#1988=LINE('',#14474,#3005);
#1989=LINE('',#14479,#3006);
#1990=LINE('',#14483,#3007);
#1991=LINE('',#14485,#3008);
#1992=LINE('',#14486,#3009);
#1993=LINE('',#14491,#3010);
#1994=LINE('',#14495,#3011);
#1995=LINE('',#14497,#3012);
#1996=LINE('',#14498,#3013);
#1997=LINE('',#14503,#3014);
#1998=LINE('',#14507,#3015);
#1999=LINE('',#14509,#3016);
#2000=LINE('',#14510,#3017);
#2001=LINE('',#14517,#3018);
#2002=LINE('',#14519,#3019);
#2003=LINE('',#14521,#3020);
#2004=LINE('',#14522,#3021);
#2005=LINE('',#14527,#3022);
#2006=LINE('',#14531,#3023);
#2007=LINE('',#14533,#3024);
#2008=LINE('',#14534,#3025);
#2009=LINE('',#14539,#3026);
#2010=LINE('',#14543,#3027);
#2011=LINE('',#14545,#3028);
#2012=LINE('',#14546,#3029);
#2013=LINE('',#14551,#3030);
#2014=LINE('',#14555,#3031);
#2015=LINE('',#14557,#3032);
#2016=LINE('',#14558,#3033);
#2017=LINE('',#14565,#3034);
#2018=LINE('',#14567,#3035);
#2019=LINE('',#14569,#3036);
#2020=LINE('',#14570,#3037);
#2021=LINE('',#14575,#3038);
#2022=LINE('',#14579,#3039);
#2023=LINE('',#14581,#3040);
#2024=LINE('',#14582,#3041);
#2025=LINE('',#14587,#3042);
#2026=LINE('',#14591,#3043);
#2027=LINE('',#14593,#3044);
#2028=LINE('',#14594,#3045);
#2029=LINE('',#14599,#3046);
#2030=LINE('',#14603,#3047);
#2031=LINE('',#14605,#3048);
#2032=LINE('',#14606,#3049);
#2033=LINE('',#14613,#3050);
#2034=LINE('',#14615,#3051);
#2035=LINE('',#14617,#3052);
#2036=LINE('',#14618,#3053);
#2037=LINE('',#14623,#3054);
#2038=LINE('',#14627,#3055);
#2039=LINE('',#14629,#3056);
#2040=LINE('',#14630,#3057);
#2041=LINE('',#14635,#3058);
#2042=LINE('',#14639,#3059);
#2043=LINE('',#14641,#3060);
#2044=LINE('',#14642,#3061);
#2045=LINE('',#14647,#3062);
#2046=LINE('',#14651,#3063);
#2047=LINE('',#14653,#3064);
#2048=LINE('',#14654,#3065);
#2049=LINE('',#14661,#3066);
#2050=LINE('',#14663,#3067);
#2051=LINE('',#14665,#3068);
#2052=LINE('',#14666,#3069);
#2053=LINE('',#14671,#3070);
#2054=LINE('',#14675,#3071);
#2055=LINE('',#14677,#3072);
#2056=LINE('',#14678,#3073);
#2057=LINE('',#14683,#3074);
#2058=LINE('',#14687,#3075);
#2059=LINE('',#14689,#3076);
#2060=LINE('',#14690,#3077);
#2061=LINE('',#14695,#3078);
#2062=LINE('',#14699,#3079);
#2063=LINE('',#14701,#3080);
#2064=LINE('',#14702,#3081);
#2065=LINE('',#14709,#3082);
#2066=LINE('',#14711,#3083);
#2067=LINE('',#14713,#3084);
#2068=LINE('',#14714,#3085);
#2069=LINE('',#14719,#3086);
#2070=LINE('',#14723,#3087);
#2071=LINE('',#14725,#3088);
#2072=LINE('',#14726,#3089);
#2073=LINE('',#14731,#3090);
#2074=LINE('',#14735,#3091);
#2075=LINE('',#14737,#3092);
#2076=LINE('',#14738,#3093);
#2077=LINE('',#14743,#3094);
#2078=LINE('',#14747,#3095);
#2079=LINE('',#14749,#3096);
#2080=LINE('',#14750,#3097);
#2081=LINE('',#14757,#3098);
#2082=LINE('',#14759,#3099);
#2083=LINE('',#14761,#3100);
#2084=LINE('',#14762,#3101);
#2085=LINE('',#14767,#3102);
#2086=LINE('',#14771,#3103);
#2087=LINE('',#14773,#3104);
#2088=LINE('',#14774,#3105);
#2089=LINE('',#14779,#3106);
#2090=LINE('',#14783,#3107);
#2091=LINE('',#14785,#3108);
#2092=LINE('',#14786,#3109);
#2093=LINE('',#14791,#3110);
#2094=LINE('',#14795,#3111);
#2095=LINE('',#14797,#3112);
#2096=LINE('',#14798,#3113);
#2097=LINE('',#14805,#3114);
#2098=LINE('',#14807,#3115);
#2099=LINE('',#14809,#3116);
#2100=LINE('',#14810,#3117);
#2101=LINE('',#14815,#3118);
#2102=LINE('',#14819,#3119);
#2103=LINE('',#14821,#3120);
#2104=LINE('',#14822,#3121);
#2105=LINE('',#14827,#3122);
#2106=LINE('',#14831,#3123);
#2107=LINE('',#14833,#3124);
#2108=LINE('',#14834,#3125);
#2109=LINE('',#14839,#3126);
#2110=LINE('',#14843,#3127);
#2111=LINE('',#14845,#3128);
#2112=LINE('',#14846,#3129);
#2113=LINE('',#14853,#3130);
#2114=LINE('',#14855,#3131);
#2115=LINE('',#14857,#3132);
#2116=LINE('',#14858,#3133);
#2117=LINE('',#14863,#3134);
#2118=LINE('',#14867,#3135);
#2119=LINE('',#14869,#3136);
#2120=LINE('',#14870,#3137);
#2121=LINE('',#14875,#3138);
#2122=LINE('',#14879,#3139);
#2123=LINE('',#14881,#3140);
#2124=LINE('',#14882,#3141);
#2125=LINE('',#14887,#3142);
#2126=LINE('',#14891,#3143);
#2127=LINE('',#14893,#3144);
#2128=LINE('',#14894,#3145);
#2129=LINE('',#14901,#3146);
#2130=LINE('',#14903,#3147);
#2131=LINE('',#14905,#3148);
#2132=LINE('',#14906,#3149);
#2133=LINE('',#14911,#3150);
#2134=LINE('',#14915,#3151);
#2135=LINE('',#14917,#3152);
#2136=LINE('',#14918,#3153);
#2137=LINE('',#14923,#3154);
#2138=LINE('',#14927,#3155);
#2139=LINE('',#14929,#3156);
#2140=LINE('',#14930,#3157);
#2141=LINE('',#14935,#3158);
#2142=LINE('',#14939,#3159);
#2143=LINE('',#14941,#3160);
#2144=LINE('',#14942,#3161);
#2145=LINE('',#14949,#3162);
#2146=LINE('',#14951,#3163);
#2147=LINE('',#14953,#3164);
#2148=LINE('',#14954,#3165);
#2149=LINE('',#14959,#3166);
#2150=LINE('',#14963,#3167);
#2151=LINE('',#14965,#3168);
#2152=LINE('',#14966,#3169);
#2153=LINE('',#14971,#3170);
#2154=LINE('',#14975,#3171);
#2155=LINE('',#14977,#3172);
#2156=LINE('',#14978,#3173);
#2157=LINE('',#14983,#3174);
#2158=LINE('',#14987,#3175);
#2159=LINE('',#14989,#3176);
#2160=LINE('',#14990,#3177);
#2161=LINE('',#14997,#3178);
#2162=LINE('',#14999,#3179);
#2163=LINE('',#15001,#3180);
#2164=LINE('',#15002,#3181);
#2165=LINE('',#15007,#3182);
#2166=LINE('',#15011,#3183);
#2167=LINE('',#15013,#3184);
#2168=LINE('',#15014,#3185);
#2169=LINE('',#15019,#3186);
#2170=LINE('',#15023,#3187);
#2171=LINE('',#15025,#3188);
#2172=LINE('',#15026,#3189);
#2173=LINE('',#15031,#3190);
#2174=LINE('',#15035,#3191);
#2175=LINE('',#15037,#3192);
#2176=LINE('',#15038,#3193);
#2177=LINE('',#15043,#3194);
#2178=LINE('',#15047,#3195);
#2179=LINE('',#15049,#3196);
#2180=LINE('',#15050,#3197);
#2181=LINE('',#15055,#3198);
#2182=LINE('',#15059,#3199);
#2183=LINE('',#15061,#3200);
#2184=LINE('',#15062,#3201);
#2185=LINE('',#15067,#3202);
#2186=LINE('',#15071,#3203);
#2187=LINE('',#15073,#3204);
#2188=LINE('',#15074,#3205);
#2189=LINE('',#15079,#3206);
#2190=LINE('',#15083,#3207);
#2191=LINE('',#15085,#3208);
#2192=LINE('',#15086,#3209);
#2193=LINE('',#15091,#3210);
#2194=LINE('',#15095,#3211);
#2195=LINE('',#15097,#3212);
#2196=LINE('',#15098,#3213);
#2197=LINE('',#15103,#3214);
#2198=LINE('',#15107,#3215);
#2199=LINE('',#15109,#3216);
#2200=LINE('',#15110,#3217);
#2201=LINE('',#15115,#3218);
#2202=LINE('',#15119,#3219);
#2203=LINE('',#15121,#3220);
#2204=LINE('',#15122,#3221);
#2205=LINE('',#15127,#3222);
#2206=LINE('',#15131,#3223);
#2207=LINE('',#15133,#3224);
#2208=LINE('',#15134,#3225);
#2209=LINE('',#15143,#3226);
#2210=LINE('',#15146,#3227);
#2211=LINE('',#15149,#3228);
#2212=LINE('',#15151,#3229);
#2213=LINE('',#15152,#3230);
#2214=LINE('',#15157,#3231);
#2215=LINE('',#15161,#3232);
#2216=LINE('',#15163,#3233);
#2217=LINE('',#15164,#3234);
#2218=LINE('',#15169,#3235);
#2219=LINE('',#15173,#3236);
#2220=LINE('',#15175,#3237);
#2221=LINE('',#15176,#3238);
#2222=LINE('',#15181,#3239);
#2223=LINE('',#15185,#3240);
#2224=LINE('',#15187,#3241);
#2225=LINE('',#15188,#3242);
#2226=LINE('',#15193,#3243);
#2227=LINE('',#15197,#3244);
#2228=LINE('',#15199,#3245);
#2229=LINE('',#15200,#3246);
#2230=LINE('',#15205,#3247);
#2231=LINE('',#15209,#3248);
#2232=LINE('',#15211,#3249);
#2233=LINE('',#15212,#3250);
#2234=LINE('',#15217,#3251);
#2235=LINE('',#15221,#3252);
#2236=LINE('',#15223,#3253);
#2237=LINE('',#15224,#3254);
#2238=LINE('',#15229,#3255);
#2239=LINE('',#15233,#3256);
#2240=LINE('',#15235,#3257);
#2241=LINE('',#15236,#3258);
#2242=LINE('',#15241,#3259);
#2243=LINE('',#15245,#3260);
#2244=LINE('',#15247,#3261);
#2245=LINE('',#15248,#3262);
#2246=LINE('',#15253,#3263);
#2247=LINE('',#15257,#3264);
#2248=LINE('',#15259,#3265);
#2249=LINE('',#15260,#3266);
#2250=LINE('',#15265,#3267);
#2251=LINE('',#15269,#3268);
#2252=LINE('',#15271,#3269);
#2253=LINE('',#15272,#3270);
#2254=LINE('',#15277,#3271);
#2255=LINE('',#15280,#3272);
#2256=LINE('',#15281,#3273);
#2257=LINE('',#15285,#3274);
#2258=LINE('',#15287,#3275);
#2259=LINE('',#15289,#3276);
#2260=LINE('',#15290,#3277);
#2261=LINE('',#15295,#3278);
#2262=LINE('',#15299,#3279);
#2263=LINE('',#15301,#3280);
#2264=LINE('',#15302,#3281);
#2265=LINE('',#15307,#3282);
#2266=LINE('',#15311,#3283);
#2267=LINE('',#15313,#3284);
#2268=LINE('',#15314,#3285);
#2269=LINE('',#15319,#3286);
#2270=LINE('',#15323,#3287);
#2271=LINE('',#15325,#3288);
#2272=LINE('',#15326,#3289);
#2273=LINE('',#15333,#3290);
#2274=LINE('',#15335,#3291);
#2275=LINE('',#15337,#3292);
#2276=LINE('',#15338,#3293);
#2277=LINE('',#15343,#3294);
#2278=LINE('',#15347,#3295);
#2279=LINE('',#15349,#3296);
#2280=LINE('',#15350,#3297);
#2281=LINE('',#15355,#3298);
#2282=LINE('',#15359,#3299);
#2283=LINE('',#15361,#3300);
#2284=LINE('',#15362,#3301);
#2285=LINE('',#15367,#3302);
#2286=LINE('',#15371,#3303);
#2287=LINE('',#15373,#3304);
#2288=LINE('',#15374,#3305);
#2289=LINE('',#15381,#3306);
#2290=LINE('',#15383,#3307);
#2291=LINE('',#15385,#3308);
#2292=LINE('',#15386,#3309);
#2293=LINE('',#15391,#3310);
#2294=LINE('',#15395,#3311);
#2295=LINE('',#15397,#3312);
#2296=LINE('',#15398,#3313);
#2297=LINE('',#15403,#3314);
#2298=LINE('',#15407,#3315);
#2299=LINE('',#15409,#3316);
#2300=LINE('',#15410,#3317);
#2301=LINE('',#15415,#3318);
#2302=LINE('',#15419,#3319);
#2303=LINE('',#15421,#3320);
#2304=LINE('',#15422,#3321);
#2305=LINE('',#15429,#3322);
#2306=LINE('',#15431,#3323);
#2307=LINE('',#15433,#3324);
#2308=LINE('',#15434,#3325);
#2309=LINE('',#15439,#3326);
#2310=LINE('',#15443,#3327);
#2311=LINE('',#15445,#3328);
#2312=LINE('',#15446,#3329);
#2313=LINE('',#15451,#3330);
#2314=LINE('',#15455,#3331);
#2315=LINE('',#15457,#3332);
#2316=LINE('',#15458,#3333);
#2317=LINE('',#15463,#3334);
#2318=LINE('',#15467,#3335);
#2319=LINE('',#15469,#3336);
#2320=LINE('',#15470,#3337);
#2321=LINE('',#15477,#3338);
#2322=LINE('',#15479,#3339);
#2323=LINE('',#15481,#3340);
#2324=LINE('',#15482,#3341);
#2325=LINE('',#15487,#3342);
#2326=LINE('',#15491,#3343);
#2327=LINE('',#15493,#3344);
#2328=LINE('',#15494,#3345);
#2329=LINE('',#15499,#3346);
#2330=LINE('',#15503,#3347);
#2331=LINE('',#15505,#3348);
#2332=LINE('',#15506,#3349);
#2333=LINE('',#15511,#3350);
#2334=LINE('',#15515,#3351);
#2335=LINE('',#15517,#3352);
#2336=LINE('',#15518,#3353);
#2337=LINE('',#15525,#3354);
#2338=LINE('',#15527,#3355);
#2339=LINE('',#15529,#3356);
#2340=LINE('',#15530,#3357);
#2341=LINE('',#15535,#3358);
#2342=LINE('',#15539,#3359);
#2343=LINE('',#15541,#3360);
#2344=LINE('',#15542,#3361);
#2345=LINE('',#15547,#3362);
#2346=LINE('',#15551,#3363);
#2347=LINE('',#15553,#3364);
#2348=LINE('',#15554,#3365);
#2349=LINE('',#15559,#3366);
#2350=LINE('',#15563,#3367);
#2351=LINE('',#15565,#3368);
#2352=LINE('',#15566,#3369);
#2353=LINE('',#15573,#3370);
#2354=LINE('',#15575,#3371);
#2355=LINE('',#15577,#3372);
#2356=LINE('',#15578,#3373);
#2357=LINE('',#15583,#3374);
#2358=LINE('',#15587,#3375);
#2359=LINE('',#15589,#3376);
#2360=LINE('',#15590,#3377);
#2361=LINE('',#15595,#3378);
#2362=LINE('',#15599,#3379);
#2363=LINE('',#15601,#3380);
#2364=LINE('',#15602,#3381);
#2365=LINE('',#15607,#3382);
#2366=LINE('',#15611,#3383);
#2367=LINE('',#15613,#3384);
#2368=LINE('',#15614,#3385);
#2369=LINE('',#15621,#3386);
#2370=LINE('',#15623,#3387);
#2371=LINE('',#15625,#3388);
#2372=LINE('',#15626,#3389);
#2373=LINE('',#15631,#3390);
#2374=LINE('',#15635,#3391);
#2375=LINE('',#15637,#3392);
#2376=LINE('',#15638,#3393);
#2377=LINE('',#15643,#3394);
#2378=LINE('',#15647,#3395);
#2379=LINE('',#15649,#3396);
#2380=LINE('',#15650,#3397);
#2381=LINE('',#15655,#3398);
#2382=LINE('',#15659,#3399);
#2383=LINE('',#15661,#3400);
#2384=LINE('',#15662,#3401);
#2385=LINE('',#15669,#3402);
#2386=LINE('',#15671,#3403);
#2387=LINE('',#15673,#3404);
#2388=LINE('',#15674,#3405);
#2389=LINE('',#15679,#3406);
#2390=LINE('',#15683,#3407);
#2391=LINE('',#15685,#3408);
#2392=LINE('',#15686,#3409);
#2393=LINE('',#15691,#3410);
#2394=LINE('',#15695,#3411);
#2395=LINE('',#15697,#3412);
#2396=LINE('',#15698,#3413);
#2397=LINE('',#15703,#3414);
#2398=LINE('',#15707,#3415);
#2399=LINE('',#15709,#3416);
#2400=LINE('',#15710,#3417);
#2401=LINE('',#15717,#3418);
#2402=LINE('',#15719,#3419);
#2403=LINE('',#15721,#3420);
#2404=LINE('',#15722,#3421);
#2405=LINE('',#15727,#3422);
#2406=LINE('',#15731,#3423);
#2407=LINE('',#15733,#3424);
#2408=LINE('',#15734,#3425);
#2409=LINE('',#15739,#3426);
#2410=LINE('',#15743,#3427);
#2411=LINE('',#15745,#3428);
#2412=LINE('',#15746,#3429);
#2413=LINE('',#15751,#3430);
#2414=LINE('',#15755,#3431);
#2415=LINE('',#15757,#3432);
#2416=LINE('',#15758,#3433);
#2417=LINE('',#15765,#3434);
#2418=LINE('',#15767,#3435);
#2419=LINE('',#15769,#3436);
#2420=LINE('',#15770,#3437);
#2421=LINE('',#15775,#3438);
#2422=LINE('',#15779,#3439);
#2423=LINE('',#15781,#3440);
#2424=LINE('',#15782,#3441);
#2425=LINE('',#15787,#3442);
#2426=LINE('',#15791,#3443);
#2427=LINE('',#15793,#3444);
#2428=LINE('',#15794,#3445);
#2429=LINE('',#15799,#3446);
#2430=LINE('',#15803,#3447);
#2431=LINE('',#15805,#3448);
#2432=LINE('',#15806,#3449);
#2433=LINE('',#15813,#3450);
#2434=LINE('',#15815,#3451);
#2435=LINE('',#15817,#3452);
#2436=LINE('',#15818,#3453);
#2437=LINE('',#15823,#3454);
#2438=LINE('',#15827,#3455);
#2439=LINE('',#15829,#3456);
#2440=LINE('',#15830,#3457);
#2441=LINE('',#15835,#3458);
#2442=LINE('',#15839,#3459);
#2443=LINE('',#15841,#3460);
#2444=LINE('',#15842,#3461);
#2445=LINE('',#15847,#3462);
#2446=LINE('',#15851,#3463);
#2447=LINE('',#15853,#3464);
#2448=LINE('',#15854,#3465);
#2449=LINE('',#15861,#3466);
#2450=LINE('',#15863,#3467);
#2451=LINE('',#15865,#3468);
#2452=LINE('',#15866,#3469);
#2453=LINE('',#15871,#3470);
#2454=LINE('',#15875,#3471);
#2455=LINE('',#15877,#3472);
#2456=LINE('',#15878,#3473);
#2457=LINE('',#15883,#3474);
#2458=LINE('',#15887,#3475);
#2459=LINE('',#15889,#3476);
#2460=LINE('',#15890,#3477);
#2461=LINE('',#15895,#3478);
#2462=LINE('',#15899,#3479);
#2463=LINE('',#15901,#3480);
#2464=LINE('',#15902,#3481);
#2465=LINE('',#15909,#3482);
#2466=LINE('',#15911,#3483);
#2467=LINE('',#15913,#3484);
#2468=LINE('',#15914,#3485);
#2469=LINE('',#15919,#3486);
#2470=LINE('',#15923,#3487);
#2471=LINE('',#15925,#3488);
#2472=LINE('',#15926,#3489);
#2473=LINE('',#15931,#3490);
#2474=LINE('',#15935,#3491);
#2475=LINE('',#15937,#3492);
#2476=LINE('',#15938,#3493);
#2477=LINE('',#15943,#3494);
#2478=LINE('',#15947,#3495);
#2479=LINE('',#15949,#3496);
#2480=LINE('',#15950,#3497);
#2481=LINE('',#15957,#3498);
#2482=LINE('',#15959,#3499);
#2483=LINE('',#15961,#3500);
#2484=LINE('',#15962,#3501);
#2485=LINE('',#15967,#3502);
#2486=LINE('',#15971,#3503);
#2487=LINE('',#15973,#3504);
#2488=LINE('',#15974,#3505);
#2489=LINE('',#15979,#3506);
#2490=LINE('',#15983,#3507);
#2491=LINE('',#15985,#3508);
#2492=LINE('',#15986,#3509);
#2493=LINE('',#15991,#3510);
#2494=LINE('',#15995,#3511);
#2495=LINE('',#15997,#3512);
#2496=LINE('',#15998,#3513);
#2497=LINE('',#16005,#3514);
#2498=LINE('',#16007,#3515);
#2499=LINE('',#16009,#3516);
#2500=LINE('',#16010,#3517);
#2501=LINE('',#16015,#3518);
#2502=LINE('',#16019,#3519);
#2503=LINE('',#16021,#3520);
#2504=LINE('',#16022,#3521);
#2505=LINE('',#16027,#3522);
#2506=LINE('',#16031,#3523);
#2507=LINE('',#16033,#3524);
#2508=LINE('',#16034,#3525);
#2509=LINE('',#16039,#3526);
#2510=LINE('',#16043,#3527);
#2511=LINE('',#16045,#3528);
#2512=LINE('',#16046,#3529);
#2513=LINE('',#16053,#3530);
#2514=LINE('',#16055,#3531);
#2515=LINE('',#16057,#3532);
#2516=LINE('',#16058,#3533);
#2517=LINE('',#16063,#3534);
#2518=LINE('',#16067,#3535);
#2519=LINE('',#16069,#3536);
#2520=LINE('',#16070,#3537);
#2521=LINE('',#16075,#3538);
#2522=LINE('',#16079,#3539);
#2523=LINE('',#16081,#3540);
#2524=LINE('',#16082,#3541);
#2525=LINE('',#16087,#3542);
#2526=LINE('',#16091,#3543);
#2527=LINE('',#16093,#3544);
#2528=LINE('',#16094,#3545);
#2529=LINE('',#16101,#3546);
#2530=LINE('',#16103,#3547);
#2531=LINE('',#16105,#3548);
#2532=LINE('',#16106,#3549);
#2533=LINE('',#16111,#3550);
#2534=LINE('',#16115,#3551);
#2535=LINE('',#16117,#3552);
#2536=LINE('',#16118,#3553);
#2537=LINE('',#16123,#3554);
#2538=LINE('',#16127,#3555);
#2539=LINE('',#16129,#3556);
#2540=LINE('',#16130,#3557);
#2541=LINE('',#16135,#3558);
#2542=LINE('',#16139,#3559);
#2543=LINE('',#16141,#3560);
#2544=LINE('',#16142,#3561);
#2545=LINE('',#16149,#3562);
#2546=LINE('',#16151,#3563);
#2547=LINE('',#16153,#3564);
#2548=LINE('',#16154,#3565);
#2549=LINE('',#16159,#3566);
#2550=LINE('',#16163,#3567);
#2551=LINE('',#16165,#3568);
#2552=LINE('',#16166,#3569);
#2553=LINE('',#16171,#3570);
#2554=LINE('',#16175,#3571);
#2555=LINE('',#16177,#3572);
#2556=LINE('',#16178,#3573);
#2557=LINE('',#16183,#3574);
#2558=LINE('',#16187,#3575);
#2559=LINE('',#16189,#3576);
#2560=LINE('',#16190,#3577);
#2561=LINE('',#16199,#3578);
#2562=LINE('',#16202,#3579);
#2563=LINE('',#16205,#3580);
#2564=LINE('',#16207,#3581);
#2565=LINE('',#16208,#3582);
#2566=LINE('',#16213,#3583);
#2567=LINE('',#16217,#3584);
#2568=LINE('',#16219,#3585);
#2569=LINE('',#16220,#3586);
#2570=LINE('',#16225,#3587);
#2571=LINE('',#16229,#3588);
#2572=LINE('',#16231,#3589);
#2573=LINE('',#16232,#3590);
#2574=LINE('',#16237,#3591);
#2575=LINE('',#16241,#3592);
#2576=LINE('',#16243,#3593);
#2577=LINE('',#16244,#3594);
#2578=LINE('',#16249,#3595);
#2579=LINE('',#16253,#3596);
#2580=LINE('',#16255,#3597);
#2581=LINE('',#16256,#3598);
#2582=LINE('',#16261,#3599);
#2583=LINE('',#16265,#3600);
#2584=LINE('',#16267,#3601);
#2585=LINE('',#16268,#3602);
#2586=LINE('',#16273,#3603);
#2587=LINE('',#16277,#3604);
#2588=LINE('',#16279,#3605);
#2589=LINE('',#16280,#3606);
#2590=LINE('',#16285,#3607);
#2591=LINE('',#16289,#3608);
#2592=LINE('',#16291,#3609);
#2593=LINE('',#16292,#3610);
#2594=LINE('',#16297,#3611);
#2595=LINE('',#16301,#3612);
#2596=LINE('',#16303,#3613);
#2597=LINE('',#16304,#3614);
#2598=LINE('',#16309,#3615);
#2599=LINE('',#16313,#3616);
#2600=LINE('',#16315,#3617);
#2601=LINE('',#16316,#3618);
#2602=LINE('',#16321,#3619);
#2603=LINE('',#16325,#3620);
#2604=LINE('',#16327,#3621);
#2605=LINE('',#16328,#3622);
#2606=LINE('',#16333,#3623);
#2607=LINE('',#16336,#3624);
#2608=LINE('',#16337,#3625);
#2609=LINE('',#16343,#3626);
#2610=LINE('',#16346,#3627);
#2611=LINE('',#16349,#3628);
#2612=LINE('',#16351,#3629);
#2613=LINE('',#16352,#3630);
#2614=LINE('',#16357,#3631);
#2615=LINE('',#16361,#3632);
#2616=LINE('',#16363,#3633);
#2617=LINE('',#16364,#3634);
#2618=LINE('',#16369,#3635);
#2619=LINE('',#16373,#3636);
#2620=LINE('',#16375,#3637);
#2621=LINE('',#16376,#3638);
#2622=LINE('',#16381,#3639);
#2623=LINE('',#16385,#3640);
#2624=LINE('',#16387,#3641);
#2625=LINE('',#16388,#3642);
#2626=LINE('',#16393,#3643);
#2627=LINE('',#16397,#3644);
#2628=LINE('',#16399,#3645);
#2629=LINE('',#16400,#3646);
#2630=LINE('',#16405,#3647);
#2631=LINE('',#16409,#3648);
#2632=LINE('',#16411,#3649);
#2633=LINE('',#16412,#3650);
#2634=LINE('',#16417,#3651);
#2635=LINE('',#16421,#3652);
#2636=LINE('',#16423,#3653);
#2637=LINE('',#16424,#3654);
#2638=LINE('',#16429,#3655);
#2639=LINE('',#16433,#3656);
#2640=LINE('',#16435,#3657);
#2641=LINE('',#16436,#3658);
#2642=LINE('',#16441,#3659);
#2643=LINE('',#16445,#3660);
#2644=LINE('',#16447,#3661);
#2645=LINE('',#16448,#3662);
#2646=LINE('',#16453,#3663);
#2647=LINE('',#16457,#3664);
#2648=LINE('',#16459,#3665);
#2649=LINE('',#16460,#3666);
#2650=LINE('',#16465,#3667);
#2651=LINE('',#16469,#3668);
#2652=LINE('',#16471,#3669);
#2653=LINE('',#16472,#3670);
#2654=LINE('',#16477,#3671);
#2655=LINE('',#16480,#3672);
#2656=LINE('',#16481,#3673);
#2657=LINE('',#16485,#3674);
#2658=LINE('',#16487,#3675);
#2659=LINE('',#16489,#3676);
#2660=LINE('',#16490,#3677);
#2661=LINE('',#16495,#3678);
#2662=LINE('',#16499,#3679);
#2663=LINE('',#16501,#3680);
#2664=LINE('',#16502,#3681);
#2665=LINE('',#16507,#3682);
#2666=LINE('',#16511,#3683);
#2667=LINE('',#16513,#3684);
#2668=LINE('',#16514,#3685);
#2669=LINE('',#16519,#3686);
#2670=LINE('',#16523,#3687);
#2671=LINE('',#16525,#3688);
#2672=LINE('',#16526,#3689);
#2673=LINE('',#16533,#3690);
#2674=LINE('',#16535,#3691);
#2675=LINE('',#16537,#3692);
#2676=LINE('',#16538,#3693);
#2677=LINE('',#16543,#3694);
#2678=LINE('',#16547,#3695);
#2679=LINE('',#16549,#3696);
#2680=LINE('',#16550,#3697);
#2681=LINE('',#16555,#3698);
#2682=LINE('',#16559,#3699);
#2683=LINE('',#16561,#3700);
#2684=LINE('',#16562,#3701);
#2685=LINE('',#16567,#3702);
#2686=LINE('',#16571,#3703);
#2687=LINE('',#16573,#3704);
#2688=LINE('',#16574,#3705);
#2689=LINE('',#16581,#3706);
#2690=LINE('',#16583,#3707);
#2691=LINE('',#16585,#3708);
#2692=LINE('',#16586,#3709);
#2693=LINE('',#16591,#3710);
#2694=LINE('',#16595,#3711);
#2695=LINE('',#16597,#3712);
#2696=LINE('',#16598,#3713);
#2697=LINE('',#16603,#3714);
#2698=LINE('',#16607,#3715);
#2699=LINE('',#16609,#3716);
#2700=LINE('',#16610,#3717);
#2701=LINE('',#16615,#3718);
#2702=LINE('',#16619,#3719);
#2703=LINE('',#16621,#3720);
#2704=LINE('',#16622,#3721);
#2705=LINE('',#16629,#3722);
#2706=LINE('',#16631,#3723);
#2707=LINE('',#16633,#3724);
#2708=LINE('',#16634,#3725);
#2709=LINE('',#16639,#3726);
#2710=LINE('',#16643,#3727);
#2711=LINE('',#16645,#3728);
#2712=LINE('',#16646,#3729);
#2713=LINE('',#16651,#3730);
#2714=LINE('',#16655,#3731);
#2715=LINE('',#16657,#3732);
#2716=LINE('',#16658,#3733);
#2717=LINE('',#16663,#3734);
#2718=LINE('',#16667,#3735);
#2719=LINE('',#16669,#3736);
#2720=LINE('',#16670,#3737);
#2721=LINE('',#16677,#3738);
#2722=LINE('',#16679,#3739);
#2723=LINE('',#16681,#3740);
#2724=LINE('',#16682,#3741);
#2725=LINE('',#16687,#3742);
#2726=LINE('',#16691,#3743);
#2727=LINE('',#16693,#3744);
#2728=LINE('',#16694,#3745);
#2729=LINE('',#16699,#3746);
#2730=LINE('',#16703,#3747);
#2731=LINE('',#16705,#3748);
#2732=LINE('',#16706,#3749);
#2733=LINE('',#16711,#3750);
#2734=LINE('',#16715,#3751);
#2735=LINE('',#16717,#3752);
#2736=LINE('',#16718,#3753);
#2737=LINE('',#16725,#3754);
#2738=LINE('',#16727,#3755);
#2739=LINE('',#16729,#3756);
#2740=LINE('',#16730,#3757);
#2741=LINE('',#16735,#3758);
#2742=LINE('',#16739,#3759);
#2743=LINE('',#16741,#3760);
#2744=LINE('',#16742,#3761);
#2745=LINE('',#16747,#3762);
#2746=LINE('',#16751,#3763);
#2747=LINE('',#16753,#3764);
#2748=LINE('',#16754,#3765);
#2749=LINE('',#16759,#3766);
#2750=LINE('',#16763,#3767);
#2751=LINE('',#16765,#3768);
#2752=LINE('',#16766,#3769);
#2753=LINE('',#16773,#3770);
#2754=LINE('',#16775,#3771);
#2755=LINE('',#16777,#3772);
#2756=LINE('',#16778,#3773);
#2757=LINE('',#16783,#3774);
#2758=LINE('',#16787,#3775);
#2759=LINE('',#16789,#3776);
#2760=LINE('',#16790,#3777);
#2761=LINE('',#16795,#3778);
#2762=LINE('',#16799,#3779);
#2763=LINE('',#16801,#3780);
#2764=LINE('',#16802,#3781);
#2765=LINE('',#16807,#3782);
#2766=LINE('',#16811,#3783);
#2767=LINE('',#16813,#3784);
#2768=LINE('',#16814,#3785);
#2769=LINE('',#16821,#3786);
#2770=LINE('',#16823,#3787);
#2771=LINE('',#16825,#3788);
#2772=LINE('',#16826,#3789);
#2773=LINE('',#16831,#3790);
#2774=LINE('',#16835,#3791);
#2775=LINE('',#16837,#3792);
#2776=LINE('',#16838,#3793);
#2777=LINE('',#16843,#3794);
#2778=LINE('',#16847,#3795);
#2779=LINE('',#16849,#3796);
#2780=LINE('',#16850,#3797);
#2781=LINE('',#16855,#3798);
#2782=LINE('',#16859,#3799);
#2783=LINE('',#16861,#3800);
#2784=LINE('',#16862,#3801);
#2785=LINE('',#16869,#3802);
#2786=LINE('',#16871,#3803);
#2787=LINE('',#16873,#3804);
#2788=LINE('',#16874,#3805);
#2789=LINE('',#16879,#3806);
#2790=LINE('',#16883,#3807);
#2791=LINE('',#16885,#3808);
#2792=LINE('',#16886,#3809);
#2793=LINE('',#16891,#3810);
#2794=LINE('',#16895,#3811);
#2795=LINE('',#16897,#3812);
#2796=LINE('',#16898,#3813);
#2797=LINE('',#16903,#3814);
#2798=LINE('',#16907,#3815);
#2799=LINE('',#16909,#3816);
#2800=LINE('',#16910,#3817);
#2801=LINE('',#16917,#3818);
#2802=LINE('',#16919,#3819);
#2803=LINE('',#16921,#3820);
#2804=LINE('',#16922,#3821);
#2805=LINE('',#16927,#3822);
#2806=LINE('',#16931,#3823);
#2807=LINE('',#16933,#3824);
#2808=LINE('',#16934,#3825);
#2809=LINE('',#16939,#3826);
#2810=LINE('',#16943,#3827);
#2811=LINE('',#16945,#3828);
#2812=LINE('',#16946,#3829);
#2813=LINE('',#16951,#3830);
#2814=LINE('',#16955,#3831);
#2815=LINE('',#16957,#3832);
#2816=LINE('',#16958,#3833);
#2817=LINE('',#16965,#3834);
#2818=LINE('',#16967,#3835);
#2819=LINE('',#16969,#3836);
#2820=LINE('',#16970,#3837);
#2821=LINE('',#16975,#3838);
#2822=LINE('',#16979,#3839);
#2823=LINE('',#16981,#3840);
#2824=LINE('',#16982,#3841);
#2825=LINE('',#16987,#3842);
#2826=LINE('',#16991,#3843);
#2827=LINE('',#16993,#3844);
#2828=LINE('',#16994,#3845);
#2829=LINE('',#16999,#3846);
#2830=LINE('',#17003,#3847);
#2831=LINE('',#17005,#3848);
#2832=LINE('',#17006,#3849);
#2833=LINE('',#17013,#3850);
#2834=LINE('',#17015,#3851);
#2835=LINE('',#17017,#3852);
#2836=LINE('',#17018,#3853);
#2837=LINE('',#17023,#3854);
#2838=LINE('',#17027,#3855);
#2839=LINE('',#17029,#3856);
#2840=LINE('',#17030,#3857);
#2841=LINE('',#17035,#3858);
#2842=LINE('',#17039,#3859);
#2843=LINE('',#17041,#3860);
#2844=LINE('',#17042,#3861);
#2845=LINE('',#17047,#3862);
#2846=LINE('',#17051,#3863);
#2847=LINE('',#17053,#3864);
#2848=LINE('',#17054,#3865);
#2849=LINE('',#17061,#3866);
#2850=LINE('',#17063,#3867);
#2851=LINE('',#17065,#3868);
#2852=LINE('',#17066,#3869);
#2853=LINE('',#17070,#3870);
#2854=LINE('',#17071,#3871);
#2855=LINE('',#17072,#3872);
#2856=LINE('',#17076,#3873);
#2857=LINE('',#17080,#3874);
#2858=LINE('',#17084,#3875);
#2859=LINE('',#17088,#3876);
#2860=LINE('',#17092,#3877);
#2861=LINE('',#17096,#3878);
#2862=LINE('',#17100,#3879);
#2863=LINE('',#17104,#3880);
#2864=LINE('',#17108,#3881);
#2865=LINE('',#17112,#3882);
#2866=LINE('',#17116,#3883);
#2867=LINE('',#17120,#3884);
#2868=LINE('',#17124,#3885);
#2869=LINE('',#17128,#3886);
#2870=LINE('',#17132,#3887);
#2871=LINE('',#17136,#3888);
#2872=LINE('',#17140,#3889);
#2873=LINE('',#17144,#3890);
#2874=LINE('',#17147,#3891);
#2875=LINE('',#17149,#3892);
#2876=LINE('',#17153,#3893);
#2877=LINE('',#17157,#3894);
#2878=LINE('',#17161,#3895);
#2879=LINE('',#17165,#3896);
#2880=LINE('',#17169,#3897);
#2881=LINE('',#17173,#3898);
#2882=LINE('',#17177,#3899);
#2883=LINE('',#17181,#3900);
#2884=LINE('',#17185,#3901);
#2885=LINE('',#17189,#3902);
#2886=LINE('',#17193,#3903);
#2887=LINE('',#17197,#3904);
#2888=LINE('',#17201,#3905);
#2889=LINE('',#17205,#3906);
#2890=LINE('',#17209,#3907);
#2891=LINE('',#17213,#3908);
#2892=LINE('',#17217,#3909);
#2893=LINE('',#17221,#3910);
#2894=LINE('',#17225,#3911);
#2895=LINE('',#17229,#3912);
#2896=LINE('',#17233,#3913);
#2897=LINE('',#17237,#3914);
#2898=LINE('',#17241,#3915);
#2899=LINE('',#17245,#3916);
#2900=LINE('',#17249,#3917);
#2901=LINE('',#17253,#3918);
#2902=LINE('',#17257,#3919);
#2903=LINE('',#17261,#3920);
#2904=LINE('',#17265,#3921);
#2905=LINE('',#17269,#3922);
#2906=LINE('',#17273,#3923);
#2907=LINE('',#17277,#3924);
#2908=LINE('',#17281,#3925);
#2909=LINE('',#17285,#3926);
#2910=LINE('',#17289,#3927);
#2911=LINE('',#17293,#3928);
#2912=LINE('',#17297,#3929);
#2913=LINE('',#17301,#3930);
#2914=LINE('',#17305,#3931);
#2915=LINE('',#17309,#3932);
#2916=LINE('',#17313,#3933);
#2917=LINE('',#17317,#3934);
#2918=LINE('',#17321,#3935);
#2919=LINE('',#17325,#3936);
#2920=LINE('',#17329,#3937);
#2921=LINE('',#17333,#3938);
#2922=LINE('',#17337,#3939);
#2923=LINE('',#17341,#3940);
#2924=LINE('',#17345,#3941);
#2925=LINE('',#17349,#3942);
#2926=LINE('',#17353,#3943);
#2927=LINE('',#17357,#3944);
#2928=LINE('',#17361,#3945);
#2929=LINE('',#17364,#3946);
#2930=LINE('',#17366,#3947);
#2931=LINE('',#17368,#3948);
#2932=LINE('',#17370,#3949);
#2933=LINE('',#17371,#3950);
#2934=LINE('',#17373,#3951);
#2935=LINE('',#17375,#3952);
#2936=LINE('',#17377,#3953);
#2937=LINE('',#17380,#3954);
#2938=LINE('',#17382,#3955);
#2939=LINE('',#17384,#3956);
#2940=LINE('',#17386,#3957);
#2941=LINE('',#17388,#3958);
#2942=LINE('',#17390,#3959);
#2943=LINE('',#17392,#3960);
#2944=LINE('',#17394,#3961);
#2945=LINE('',#17396,#3962);
#2946=LINE('',#17398,#3963);
#2947=LINE('',#17400,#3964);
#2948=LINE('',#17402,#3965);
#2949=LINE('',#17404,#3966);
#2950=LINE('',#17406,#3967);
#2951=LINE('',#17408,#3968);
#2952=LINE('',#17410,#3969);
#2953=LINE('',#17412,#3970);
#2954=LINE('',#17414,#3971);
#2955=LINE('',#17416,#3972);
#2956=LINE('',#17418,#3973);
#2957=LINE('',#17420,#3974);
#2958=LINE('',#17422,#3975);
#2959=LINE('',#17424,#3976);
#2960=LINE('',#17426,#3977);
#2961=LINE('',#17428,#3978);
#2962=LINE('',#17430,#3979);
#2963=LINE('',#17432,#3980);
#2964=LINE('',#17434,#3981);
#2965=LINE('',#17436,#3982);
#2966=LINE('',#17438,#3983);
#2967=LINE('',#17440,#3984);
#2968=LINE('',#17442,#3985);
#2969=LINE('',#17444,#3986);
#2970=LINE('',#17446,#3987);
#2971=LINE('',#17448,#3988);
#2972=LINE('',#17450,#3989);
#2973=LINE('',#17452,#3990);
#2974=LINE('',#17454,#3991);
#2975=LINE('',#17456,#3992);
#2976=LINE('',#17458,#3993);
#2977=LINE('',#17460,#3994);
#2978=LINE('',#17462,#3995);
#2979=LINE('',#17464,#3996);
#2980=LINE('',#17466,#3997);
#2981=LINE('',#17468,#3998);
#2982=LINE('',#17470,#3999);
#2983=LINE('',#17472,#4000);
#2984=LINE('',#17474,#4001);
#2985=LINE('',#17476,#4002);
#2986=LINE('',#17478,#4003);
#2987=LINE('',#17480,#4004);
#2988=LINE('',#17482,#4005);
#2989=LINE('',#17484,#4006);
#2990=LINE('',#17486,#4007);
#2991=LINE('',#17488,#4008);
#2992=LINE('',#17490,#4009);
#2993=LINE('',#17492,#4010);
#2994=LINE('',#17494,#4011);
#2995=LINE('',#17496,#4012);
#2996=LINE('',#17498,#4013);
#2997=LINE('',#17500,#4014);
#2998=LINE('',#17502,#4015);
#2999=LINE('',#17504,#4016);
#3000=LINE('',#17506,#4017);
#3001=LINE('',#17508,#4018);
#3002=VECTOR('',#11414,10.);
#3003=VECTOR('',#11415,10.);
#3004=VECTOR('',#11416,10.);
#3005=VECTOR('',#11417,10.);
#3006=VECTOR('',#11422,10.);
#3007=VECTOR('',#11427,10.);
#3008=VECTOR('',#11428,10.);
#3009=VECTOR('',#11429,10.);
#3010=VECTOR('',#11434,10.);
#3011=VECTOR('',#11439,10.);
#3012=VECTOR('',#11440,10.);
#3013=VECTOR('',#11441,10.);
#3014=VECTOR('',#11446,10.);
#3015=VECTOR('',#11451,10.);
#3016=VECTOR('',#11452,10.);
#3017=VECTOR('',#11453,10.);
#3018=VECTOR('',#11462,10.);
#3019=VECTOR('',#11463,10.);
#3020=VECTOR('',#11464,10.);
#3021=VECTOR('',#11465,10.);
#3022=VECTOR('',#11470,10.);
#3023=VECTOR('',#11475,10.);
#3024=VECTOR('',#11476,10.);
#3025=VECTOR('',#11477,10.);
#3026=VECTOR('',#11482,10.);
#3027=VECTOR('',#11487,10.);
#3028=VECTOR('',#11488,10.);
#3029=VECTOR('',#11489,10.);
#3030=VECTOR('',#11494,10.);
#3031=VECTOR('',#11499,10.);
#3032=VECTOR('',#11500,10.);
#3033=VECTOR('',#11501,10.);
#3034=VECTOR('',#11510,10.);
#3035=VECTOR('',#11511,10.);
#3036=VECTOR('',#11512,10.);
#3037=VECTOR('',#11513,10.);
#3038=VECTOR('',#11518,10.);
#3039=VECTOR('',#11523,10.);
#3040=VECTOR('',#11524,10.);
#3041=VECTOR('',#11525,10.);
#3042=VECTOR('',#11530,10.);
#3043=VECTOR('',#11535,10.);
#3044=VECTOR('',#11536,10.);
#3045=VECTOR('',#11537,10.);
#3046=VECTOR('',#11542,10.);
#3047=VECTOR('',#11547,10.);
#3048=VECTOR('',#11548,10.);
#3049=VECTOR('',#11549,10.);
#3050=VECTOR('',#11558,10.);
#3051=VECTOR('',#11559,10.);
#3052=VECTOR('',#11560,10.);
#3053=VECTOR('',#11561,10.);
#3054=VECTOR('',#11566,10.);
#3055=VECTOR('',#11571,10.);
#3056=VECTOR('',#11572,10.);
#3057=VECTOR('',#11573,10.);
#3058=VECTOR('',#11578,10.);
#3059=VECTOR('',#11583,10.);
#3060=VECTOR('',#11584,10.);
#3061=VECTOR('',#11585,10.);
#3062=VECTOR('',#11590,10.);
#3063=VECTOR('',#11595,10.);
#3064=VECTOR('',#11596,10.);
#3065=VECTOR('',#11597,10.);
#3066=VECTOR('',#11606,10.);
#3067=VECTOR('',#11607,10.);
#3068=VECTOR('',#11608,10.);
#3069=VECTOR('',#11609,10.);
#3070=VECTOR('',#11614,10.);
#3071=VECTOR('',#11619,10.);
#3072=VECTOR('',#11620,10.);
#3073=VECTOR('',#11621,10.);
#3074=VECTOR('',#11626,10.);
#3075=VECTOR('',#11631,10.);
#3076=VECTOR('',#11632,10.);
#3077=VECTOR('',#11633,10.);
#3078=VECTOR('',#11638,10.);
#3079=VECTOR('',#11643,10.);
#3080=VECTOR('',#11644,10.);
#3081=VECTOR('',#11645,10.);
#3082=VECTOR('',#11654,10.);
#3083=VECTOR('',#11655,10.);
#3084=VECTOR('',#11656,10.);
#3085=VECTOR('',#11657,10.);
#3086=VECTOR('',#11662,10.);
#3087=VECTOR('',#11667,10.);
#3088=VECTOR('',#11668,10.);
#3089=VECTOR('',#11669,10.);
#3090=VECTOR('',#11674,10.);
#3091=VECTOR('',#11679,10.);
#3092=VECTOR('',#11680,10.);
#3093=VECTOR('',#11681,10.);
#3094=VECTOR('',#11686,10.);
#3095=VECTOR('',#11691,10.);
#3096=VECTOR('',#11692,10.);
#3097=VECTOR('',#11693,10.);
#3098=VECTOR('',#11702,10.);
#3099=VECTOR('',#11703,10.);
#3100=VECTOR('',#11704,10.);
#3101=VECTOR('',#11705,10.);
#3102=VECTOR('',#11710,10.);
#3103=VECTOR('',#11715,10.);
#3104=VECTOR('',#11716,10.);
#3105=VECTOR('',#11717,10.);
#3106=VECTOR('',#11722,10.);
#3107=VECTOR('',#11727,10.);
#3108=VECTOR('',#11728,10.);
#3109=VECTOR('',#11729,10.);
#3110=VECTOR('',#11734,10.);
#3111=VECTOR('',#11739,10.);
#3112=VECTOR('',#11740,10.);
#3113=VECTOR('',#11741,10.);
#3114=VECTOR('',#11750,10.);
#3115=VECTOR('',#11751,10.);
#3116=VECTOR('',#11752,10.);
#3117=VECTOR('',#11753,10.);
#3118=VECTOR('',#11758,10.);
#3119=VECTOR('',#11763,10.);
#3120=VECTOR('',#11764,10.);
#3121=VECTOR('',#11765,10.);
#3122=VECTOR('',#11770,10.);
#3123=VECTOR('',#11775,10.);
#3124=VECTOR('',#11776,10.);
#3125=VECTOR('',#11777,10.);
#3126=VECTOR('',#11782,10.);
#3127=VECTOR('',#11787,10.);
#3128=VECTOR('',#11788,10.);
#3129=VECTOR('',#11789,10.);
#3130=VECTOR('',#11798,10.);
#3131=VECTOR('',#11799,10.);
#3132=VECTOR('',#11800,10.);
#3133=VECTOR('',#11801,10.);
#3134=VECTOR('',#11806,10.);
#3135=VECTOR('',#11811,10.);
#3136=VECTOR('',#11812,10.);
#3137=VECTOR('',#11813,10.);
#3138=VECTOR('',#11818,10.);
#3139=VECTOR('',#11823,10.);
#3140=VECTOR('',#11824,10.);
#3141=VECTOR('',#11825,10.);
#3142=VECTOR('',#11830,10.);
#3143=VECTOR('',#11835,10.);
#3144=VECTOR('',#11836,10.);
#3145=VECTOR('',#11837,10.);
#3146=VECTOR('',#11846,10.);
#3147=VECTOR('',#11847,10.);
#3148=VECTOR('',#11848,10.);
#3149=VECTOR('',#11849,10.);
#3150=VECTOR('',#11854,10.);
#3151=VECTOR('',#11859,10.);
#3152=VECTOR('',#11860,10.);
#3153=VECTOR('',#11861,10.);
#3154=VECTOR('',#11866,10.);
#3155=VECTOR('',#11871,10.);
#3156=VECTOR('',#11872,10.);
#3157=VECTOR('',#11873,10.);
#3158=VECTOR('',#11878,10.);
#3159=VECTOR('',#11883,10.);
#3160=VECTOR('',#11884,10.);
#3161=VECTOR('',#11885,10.);
#3162=VECTOR('',#11894,10.);
#3163=VECTOR('',#11895,10.);
#3164=VECTOR('',#11896,10.);
#3165=VECTOR('',#11897,10.);
#3166=VECTOR('',#11902,10.);
#3167=VECTOR('',#11907,10.);
#3168=VECTOR('',#11908,10.);
#3169=VECTOR('',#11909,10.);
#3170=VECTOR('',#11914,10.);
#3171=VECTOR('',#11919,10.);
#3172=VECTOR('',#11920,10.);
#3173=VECTOR('',#11921,10.);
#3174=VECTOR('',#11926,10.);
#3175=VECTOR('',#11931,10.);
#3176=VECTOR('',#11932,10.);
#3177=VECTOR('',#11933,10.);
#3178=VECTOR('',#11942,10.);
#3179=VECTOR('',#11943,10.);
#3180=VECTOR('',#11944,10.);
#3181=VECTOR('',#11945,10.);
#3182=VECTOR('',#11950,10.);
#3183=VECTOR('',#11955,10.);
#3184=VECTOR('',#11956,10.);
#3185=VECTOR('',#11957,10.);
#3186=VECTOR('',#11962,10.);
#3187=VECTOR('',#11967,10.);
#3188=VECTOR('',#11968,10.);
#3189=VECTOR('',#11969,10.);
#3190=VECTOR('',#11974,10.);
#3191=VECTOR('',#11979,10.);
#3192=VECTOR('',#11980,10.);
#3193=VECTOR('',#11981,10.);
#3194=VECTOR('',#11986,10.);
#3195=VECTOR('',#11991,10.);
#3196=VECTOR('',#11992,10.);
#3197=VECTOR('',#11993,10.);
#3198=VECTOR('',#11998,10.);
#3199=VECTOR('',#12003,10.);
#3200=VECTOR('',#12004,10.);
#3201=VECTOR('',#12005,10.);
#3202=VECTOR('',#12010,10.);
#3203=VECTOR('',#12015,10.);
#3204=VECTOR('',#12016,10.);
#3205=VECTOR('',#12017,10.);
#3206=VECTOR('',#12022,10.);
#3207=VECTOR('',#12027,10.);
#3208=VECTOR('',#12028,10.);
#3209=VECTOR('',#12029,10.);
#3210=VECTOR('',#12034,10.);
#3211=VECTOR('',#12039,10.);
#3212=VECTOR('',#12040,10.);
#3213=VECTOR('',#12041,10.);
#3214=VECTOR('',#12046,10.);
#3215=VECTOR('',#12051,10.);
#3216=VECTOR('',#12052,10.);
#3217=VECTOR('',#12053,10.);
#3218=VECTOR('',#12058,10.);
#3219=VECTOR('',#12063,10.);
#3220=VECTOR('',#12064,10.);
#3221=VECTOR('',#12065,10.);
#3222=VECTOR('',#12070,10.);
#3223=VECTOR('',#12075,10.);
#3224=VECTOR('',#12076,10.);
#3225=VECTOR('',#12077,10.);
#3226=VECTOR('',#12088,10.);
#3227=VECTOR('',#12091,10.);
#3228=VECTOR('',#12094,10.);
#3229=VECTOR('',#12095,10.);
#3230=VECTOR('',#12096,10.);
#3231=VECTOR('',#12101,10.);
#3232=VECTOR('',#12106,10.);
#3233=VECTOR('',#12107,10.);
#3234=VECTOR('',#12108,10.);
#3235=VECTOR('',#12113,10.);
#3236=VECTOR('',#12118,10.);
#3237=VECTOR('',#12119,10.);
#3238=VECTOR('',#12120,10.);
#3239=VECTOR('',#12125,10.);
#3240=VECTOR('',#12130,10.);
#3241=VECTOR('',#12131,10.);
#3242=VECTOR('',#12132,10.);
#3243=VECTOR('',#12137,10.);
#3244=VECTOR('',#12142,10.);
#3245=VECTOR('',#12143,10.);
#3246=VECTOR('',#12144,10.);
#3247=VECTOR('',#12149,10.);
#3248=VECTOR('',#12154,10.);
#3249=VECTOR('',#12155,10.);
#3250=VECTOR('',#12156,10.);
#3251=VECTOR('',#12161,10.);
#3252=VECTOR('',#12166,10.);
#3253=VECTOR('',#12167,10.);
#3254=VECTOR('',#12168,10.);
#3255=VECTOR('',#12173,10.);
#3256=VECTOR('',#12178,10.);
#3257=VECTOR('',#12179,10.);
#3258=VECTOR('',#12180,10.);
#3259=VECTOR('',#12185,10.);
#3260=VECTOR('',#12190,10.);
#3261=VECTOR('',#12191,10.);
#3262=VECTOR('',#12192,10.);
#3263=VECTOR('',#12197,10.);
#3264=VECTOR('',#12202,10.);
#3265=VECTOR('',#12203,10.);
#3266=VECTOR('',#12204,10.);
#3267=VECTOR('',#12209,10.);
#3268=VECTOR('',#12214,10.);
#3269=VECTOR('',#12215,10.);
#3270=VECTOR('',#12216,10.);
#3271=VECTOR('',#12221,10.);
#3272=VECTOR('',#12226,10.);
#3273=VECTOR('',#12227,10.);
#3274=VECTOR('',#12230,10.);
#3275=VECTOR('',#12231,10.);
#3276=VECTOR('',#12232,10.);
#3277=VECTOR('',#12233,10.);
#3278=VECTOR('',#12238,10.);
#3279=VECTOR('',#12243,10.);
#3280=VECTOR('',#12244,10.);
#3281=VECTOR('',#12245,10.);
#3282=VECTOR('',#12250,10.);
#3283=VECTOR('',#12255,10.);
#3284=VECTOR('',#12256,10.);
#3285=VECTOR('',#12257,10.);
#3286=VECTOR('',#12262,10.);
#3287=VECTOR('',#12267,10.);
#3288=VECTOR('',#12268,10.);
#3289=VECTOR('',#12269,10.);
#3290=VECTOR('',#12278,10.);
#3291=VECTOR('',#12279,10.);
#3292=VECTOR('',#12280,10.);
#3293=VECTOR('',#12281,10.);
#3294=VECTOR('',#12286,10.);
#3295=VECTOR('',#12291,10.);
#3296=VECTOR('',#12292,10.);
#3297=VECTOR('',#12293,10.);
#3298=VECTOR('',#12298,10.);
#3299=VECTOR('',#12303,10.);
#3300=VECTOR('',#12304,10.);
#3301=VECTOR('',#12305,10.);
#3302=VECTOR('',#12310,10.);
#3303=VECTOR('',#12315,10.);
#3304=VECTOR('',#12316,10.);
#3305=VECTOR('',#12317,10.);
#3306=VECTOR('',#12326,10.);
#3307=VECTOR('',#12327,10.);
#3308=VECTOR('',#12328,10.);
#3309=VECTOR('',#12329,10.);
#3310=VECTOR('',#12334,10.);
#3311=VECTOR('',#12339,10.);
#3312=VECTOR('',#12340,10.);
#3313=VECTOR('',#12341,10.);
#3314=VECTOR('',#12346,10.);
#3315=VECTOR('',#12351,10.);
#3316=VECTOR('',#12352,10.);
#3317=VECTOR('',#12353,10.);
#3318=VECTOR('',#12358,10.);
#3319=VECTOR('',#12363,10.);
#3320=VECTOR('',#12364,10.);
#3321=VECTOR('',#12365,10.);
#3322=VECTOR('',#12374,10.);
#3323=VECTOR('',#12375,10.);
#3324=VECTOR('',#12376,10.);
#3325=VECTOR('',#12377,10.);
#3326=VECTOR('',#12382,10.);
#3327=VECTOR('',#12387,10.);
#3328=VECTOR('',#12388,10.);
#3329=VECTOR('',#12389,10.);
#3330=VECTOR('',#12394,10.);
#3331=VECTOR('',#12399,10.);
#3332=VECTOR('',#12400,10.);
#3333=VECTOR('',#12401,10.);
#3334=VECTOR('',#12406,10.);
#3335=VECTOR('',#12411,10.);
#3336=VECTOR('',#12412,10.);
#3337=VECTOR('',#12413,10.);
#3338=VECTOR('',#12422,10.);
#3339=VECTOR('',#12423,10.);
#3340=VECTOR('',#12424,10.);
#3341=VECTOR('',#12425,10.);
#3342=VECTOR('',#12430,10.);
#3343=VECTOR('',#12435,10.);
#3344=VECTOR('',#12436,10.);
#3345=VECTOR('',#12437,10.);
#3346=VECTOR('',#12442,10.);
#3347=VECTOR('',#12447,10.);
#3348=VECTOR('',#12448,10.);
#3349=VECTOR('',#12449,10.);
#3350=VECTOR('',#12454,10.);
#3351=VECTOR('',#12459,10.);
#3352=VECTOR('',#12460,10.);
#3353=VECTOR('',#12461,10.);
#3354=VECTOR('',#12470,10.);
#3355=VECTOR('',#12471,10.);
#3356=VECTOR('',#12472,10.);
#3357=VECTOR('',#12473,10.);
#3358=VECTOR('',#12478,10.);
#3359=VECTOR('',#12483,10.);
#3360=VECTOR('',#12484,10.);
#3361=VECTOR('',#12485,10.);
#3362=VECTOR('',#12490,10.);
#3363=VECTOR('',#12495,10.);
#3364=VECTOR('',#12496,10.);
#3365=VECTOR('',#12497,10.);
#3366=VECTOR('',#12502,10.);
#3367=VECTOR('',#12507,10.);
#3368=VECTOR('',#12508,10.);
#3369=VECTOR('',#12509,10.);
#3370=VECTOR('',#12518,10.);
#3371=VECTOR('',#12519,10.);
#3372=VECTOR('',#12520,10.);
#3373=VECTOR('',#12521,10.);
#3374=VECTOR('',#12526,10.);
#3375=VECTOR('',#12531,10.);
#3376=VECTOR('',#12532,10.);
#3377=VECTOR('',#12533,10.);
#3378=VECTOR('',#12538,10.);
#3379=VECTOR('',#12543,10.);
#3380=VECTOR('',#12544,10.);
#3381=VECTOR('',#12545,10.);
#3382=VECTOR('',#12550,10.);
#3383=VECTOR('',#12555,10.);
#3384=VECTOR('',#12556,10.);
#3385=VECTOR('',#12557,10.);
#3386=VECTOR('',#12566,10.);
#3387=VECTOR('',#12567,10.);
#3388=VECTOR('',#12568,10.);
#3389=VECTOR('',#12569,10.);
#3390=VECTOR('',#12574,10.);
#3391=VECTOR('',#12579,10.);
#3392=VECTOR('',#12580,10.);
#3393=VECTOR('',#12581,10.);
#3394=VECTOR('',#12586,10.);
#3395=VECTOR('',#12591,10.);
#3396=VECTOR('',#12592,10.);
#3397=VECTOR('',#12593,10.);
#3398=VECTOR('',#12598,10.);
#3399=VECTOR('',#12603,10.);
#3400=VECTOR('',#12604,10.);
#3401=VECTOR('',#12605,10.);
#3402=VECTOR('',#12614,10.);
#3403=VECTOR('',#12615,10.);
#3404=VECTOR('',#12616,10.);
#3405=VECTOR('',#12617,10.);
#3406=VECTOR('',#12622,10.);
#3407=VECTOR('',#12627,10.);
#3408=VECTOR('',#12628,10.);
#3409=VECTOR('',#12629,10.);
#3410=VECTOR('',#12634,10.);
#3411=VECTOR('',#12639,10.);
#3412=VECTOR('',#12640,10.);
#3413=VECTOR('',#12641,10.);
#3414=VECTOR('',#12646,10.);
#3415=VECTOR('',#12651,10.);
#3416=VECTOR('',#12652,10.);
#3417=VECTOR('',#12653,10.);
#3418=VECTOR('',#12662,10.);
#3419=VECTOR('',#12663,10.);
#3420=VECTOR('',#12664,10.);
#3421=VECTOR('',#12665,10.);
#3422=VECTOR('',#12670,10.);
#3423=VECTOR('',#12675,10.);
#3424=VECTOR('',#12676,10.);
#3425=VECTOR('',#12677,10.);
#3426=VECTOR('',#12682,10.);
#3427=VECTOR('',#12687,10.);
#3428=VECTOR('',#12688,10.);
#3429=VECTOR('',#12689,10.);
#3430=VECTOR('',#12694,10.);
#3431=VECTOR('',#12699,10.);
#3432=VECTOR('',#12700,10.);
#3433=VECTOR('',#12701,10.);
#3434=VECTOR('',#12710,10.);
#3435=VECTOR('',#12711,10.);
#3436=VECTOR('',#12712,10.);
#3437=VECTOR('',#12713,10.);
#3438=VECTOR('',#12718,10.);
#3439=VECTOR('',#12723,10.);
#3440=VECTOR('',#12724,10.);
#3441=VECTOR('',#12725,10.);
#3442=VECTOR('',#12730,10.);
#3443=VECTOR('',#12735,10.);
#3444=VECTOR('',#12736,10.);
#3445=VECTOR('',#12737,10.);
#3446=VECTOR('',#12742,10.);
#3447=VECTOR('',#12747,10.);
#3448=VECTOR('',#12748,10.);
#3449=VECTOR('',#12749,10.);
#3450=VECTOR('',#12758,10.);
#3451=VECTOR('',#12759,10.);
#3452=VECTOR('',#12760,10.);
#3453=VECTOR('',#12761,10.);
#3454=VECTOR('',#12766,10.);
#3455=VECTOR('',#12771,10.);
#3456=VECTOR('',#12772,10.);
#3457=VECTOR('',#12773,10.);
#3458=VECTOR('',#12778,10.);
#3459=VECTOR('',#12783,10.);
#3460=VECTOR('',#12784,10.);
#3461=VECTOR('',#12785,10.);
#3462=VECTOR('',#12790,10.);
#3463=VECTOR('',#12795,10.);
#3464=VECTOR('',#12796,10.);
#3465=VECTOR('',#12797,10.);
#3466=VECTOR('',#12806,10.);
#3467=VECTOR('',#12807,10.);
#3468=VECTOR('',#12808,10.);
#3469=VECTOR('',#12809,10.);
#3470=VECTOR('',#12814,10.);
#3471=VECTOR('',#12819,10.);
#3472=VECTOR('',#12820,10.);
#3473=VECTOR('',#12821,10.);
#3474=VECTOR('',#12826,10.);
#3475=VECTOR('',#12831,10.);
#3476=VECTOR('',#12832,10.);
#3477=VECTOR('',#12833,10.);
#3478=VECTOR('',#12838,10.);
#3479=VECTOR('',#12843,10.);
#3480=VECTOR('',#12844,10.);
#3481=VECTOR('',#12845,10.);
#3482=VECTOR('',#12854,10.);
#3483=VECTOR('',#12855,10.);
#3484=VECTOR('',#12856,10.);
#3485=VECTOR('',#12857,10.);
#3486=VECTOR('',#12862,10.);
#3487=VECTOR('',#12867,10.);
#3488=VECTOR('',#12868,10.);
#3489=VECTOR('',#12869,10.);
#3490=VECTOR('',#12874,10.);
#3491=VECTOR('',#12879,10.);
#3492=VECTOR('',#12880,10.);
#3493=VECTOR('',#12881,10.);
#3494=VECTOR('',#12886,10.);
#3495=VECTOR('',#12891,10.);
#3496=VECTOR('',#12892,10.);
#3497=VECTOR('',#12893,10.);
#3498=VECTOR('',#12902,10.);
#3499=VECTOR('',#12903,10.);
#3500=VECTOR('',#12904,10.);
#3501=VECTOR('',#12905,10.);
#3502=VECTOR('',#12910,10.);
#3503=VECTOR('',#12915,10.);
#3504=VECTOR('',#12916,10.);
#3505=VECTOR('',#12917,10.);
#3506=VECTOR('',#12922,10.);
#3507=VECTOR('',#12927,10.);
#3508=VECTOR('',#12928,10.);
#3509=VECTOR('',#12929,10.);
#3510=VECTOR('',#12934,10.);
#3511=VECTOR('',#12939,10.);
#3512=VECTOR('',#12940,10.);
#3513=VECTOR('',#12941,10.);
#3514=VECTOR('',#12950,10.);
#3515=VECTOR('',#12951,10.);
#3516=VECTOR('',#12952,10.);
#3517=VECTOR('',#12953,10.);
#3518=VECTOR('',#12958,10.);
#3519=VECTOR('',#12963,10.);
#3520=VECTOR('',#12964,10.);
#3521=VECTOR('',#12965,10.);
#3522=VECTOR('',#12970,10.);
#3523=VECTOR('',#12975,10.);
#3524=VECTOR('',#12976,10.);
#3525=VECTOR('',#12977,10.);
#3526=VECTOR('',#12982,10.);
#3527=VECTOR('',#12987,10.);
#3528=VECTOR('',#12988,10.);
#3529=VECTOR('',#12989,10.);
#3530=VECTOR('',#12998,10.);
#3531=VECTOR('',#12999,10.);
#3532=VECTOR('',#13000,10.);
#3533=VECTOR('',#13001,10.);
#3534=VECTOR('',#13006,10.);
#3535=VECTOR('',#13011,10.);
#3536=VECTOR('',#13012,10.);
#3537=VECTOR('',#13013,10.);
#3538=VECTOR('',#13018,10.);
#3539=VECTOR('',#13023,10.);
#3540=VECTOR('',#13024,10.);
#3541=VECTOR('',#13025,10.);
#3542=VECTOR('',#13030,10.);
#3543=VECTOR('',#13035,10.);
#3544=VECTOR('',#13036,10.);
#3545=VECTOR('',#13037,10.);
#3546=VECTOR('',#13046,10.);
#3547=VECTOR('',#13047,10.);
#3548=VECTOR('',#13048,10.);
#3549=VECTOR('',#13049,10.);
#3550=VECTOR('',#13054,10.);
#3551=VECTOR('',#13059,10.);
#3552=VECTOR('',#13060,10.);
#3553=VECTOR('',#13061,10.);
#3554=VECTOR('',#13066,10.);
#3555=VECTOR('',#13071,10.);
#3556=VECTOR('',#13072,10.);
#3557=VECTOR('',#13073,10.);
#3558=VECTOR('',#13078,10.);
#3559=VECTOR('',#13083,10.);
#3560=VECTOR('',#13084,10.);
#3561=VECTOR('',#13085,10.);
#3562=VECTOR('',#13094,10.);
#3563=VECTOR('',#13095,10.);
#3564=VECTOR('',#13096,10.);
#3565=VECTOR('',#13097,10.);
#3566=VECTOR('',#13102,10.);
#3567=VECTOR('',#13107,10.);
#3568=VECTOR('',#13108,10.);
#3569=VECTOR('',#13109,10.);
#3570=VECTOR('',#13114,10.);
#3571=VECTOR('',#13119,10.);
#3572=VECTOR('',#13120,10.);
#3573=VECTOR('',#13121,10.);
#3574=VECTOR('',#13126,10.);
#3575=VECTOR('',#13131,10.);
#3576=VECTOR('',#13132,10.);
#3577=VECTOR('',#13133,10.);
#3578=VECTOR('',#13144,10.);
#3579=VECTOR('',#13147,10.);
#3580=VECTOR('',#13150,10.);
#3581=VECTOR('',#13151,10.);
#3582=VECTOR('',#13152,10.);
#3583=VECTOR('',#13157,10.);
#3584=VECTOR('',#13162,10.);
#3585=VECTOR('',#13163,10.);
#3586=VECTOR('',#13164,10.);
#3587=VECTOR('',#13169,10.);
#3588=VECTOR('',#13174,10.);
#3589=VECTOR('',#13175,10.);
#3590=VECTOR('',#13176,10.);
#3591=VECTOR('',#13181,10.);
#3592=VECTOR('',#13186,10.);
#3593=VECTOR('',#13187,10.);
#3594=VECTOR('',#13188,10.);
#3595=VECTOR('',#13193,10.);
#3596=VECTOR('',#13198,10.);
#3597=VECTOR('',#13199,10.);
#3598=VECTOR('',#13200,10.);
#3599=VECTOR('',#13205,10.);
#3600=VECTOR('',#13210,10.);
#3601=VECTOR('',#13211,10.);
#3602=VECTOR('',#13212,10.);
#3603=VECTOR('',#13217,10.);
#3604=VECTOR('',#13222,10.);
#3605=VECTOR('',#13223,10.);
#3606=VECTOR('',#13224,10.);
#3607=VECTOR('',#13229,10.);
#3608=VECTOR('',#13234,10.);
#3609=VECTOR('',#13235,10.);
#3610=VECTOR('',#13236,10.);
#3611=VECTOR('',#13241,10.);
#3612=VECTOR('',#13246,10.);
#3613=VECTOR('',#13247,10.);
#3614=VECTOR('',#13248,10.);
#3615=VECTOR('',#13253,10.);
#3616=VECTOR('',#13258,10.);
#3617=VECTOR('',#13259,10.);
#3618=VECTOR('',#13260,10.);
#3619=VECTOR('',#13265,10.);
#3620=VECTOR('',#13270,10.);
#3621=VECTOR('',#13271,10.);
#3622=VECTOR('',#13272,10.);
#3623=VECTOR('',#13277,10.);
#3624=VECTOR('',#13282,10.);
#3625=VECTOR('',#13283,10.);
#3626=VECTOR('',#13288,10.);
#3627=VECTOR('',#13291,10.);
#3628=VECTOR('',#13294,10.);
#3629=VECTOR('',#13295,10.);
#3630=VECTOR('',#13296,10.);
#3631=VECTOR('',#13301,10.);
#3632=VECTOR('',#13306,10.);
#3633=VECTOR('',#13307,10.);
#3634=VECTOR('',#13308,10.);
#3635=VECTOR('',#13313,10.);
#3636=VECTOR('',#13318,10.);
#3637=VECTOR('',#13319,10.);
#3638=VECTOR('',#13320,10.);
#3639=VECTOR('',#13325,10.);
#3640=VECTOR('',#13330,10.);
#3641=VECTOR('',#13331,10.);
#3642=VECTOR('',#13332,10.);
#3643=VECTOR('',#13337,10.);
#3644=VECTOR('',#13342,10.);
#3645=VECTOR('',#13343,10.);
#3646=VECTOR('',#13344,10.);
#3647=VECTOR('',#13349,10.);
#3648=VECTOR('',#13354,10.);
#3649=VECTOR('',#13355,10.);
#3650=VECTOR('',#13356,10.);
#3651=VECTOR('',#13361,10.);
#3652=VECTOR('',#13366,10.);
#3653=VECTOR('',#13367,10.);
#3654=VECTOR('',#13368,10.);
#3655=VECTOR('',#13373,10.);
#3656=VECTOR('',#13378,10.);
#3657=VECTOR('',#13379,10.);
#3658=VECTOR('',#13380,10.);
#3659=VECTOR('',#13385,10.);
#3660=VECTOR('',#13390,10.);
#3661=VECTOR('',#13391,10.);
#3662=VECTOR('',#13392,10.);
#3663=VECTOR('',#13397,10.);
#3664=VECTOR('',#13402,10.);
#3665=VECTOR('',#13403,10.);
#3666=VECTOR('',#13404,10.);
#3667=VECTOR('',#13409,10.);
#3668=VECTOR('',#13414,10.);
#3669=VECTOR('',#13415,10.);
#3670=VECTOR('',#13416,10.);
#3671=VECTOR('',#13421,10.);
#3672=VECTOR('',#13426,10.);
#3673=VECTOR('',#13427,10.);
#3674=VECTOR('',#13430,10.);
#3675=VECTOR('',#13431,10.);
#3676=VECTOR('',#13432,10.);
#3677=VECTOR('',#13433,10.);
#3678=VECTOR('',#13438,10.);
#3679=VECTOR('',#13443,10.);
#3680=VECTOR('',#13444,10.);
#3681=VECTOR('',#13445,10.);
#3682=VECTOR('',#13450,10.);
#3683=VECTOR('',#13455,10.);
#3684=VECTOR('',#13456,10.);
#3685=VECTOR('',#13457,10.);
#3686=VECTOR('',#13462,10.);
#3687=VECTOR('',#13467,10.);
#3688=VECTOR('',#13468,10.);
#3689=VECTOR('',#13469,10.);
#3690=VECTOR('',#13478,10.);
#3691=VECTOR('',#13479,10.);
#3692=VECTOR('',#13480,10.);
#3693=VECTOR('',#13481,10.);
#3694=VECTOR('',#13486,10.);
#3695=VECTOR('',#13491,10.);
#3696=VECTOR('',#13492,10.);
#3697=VECTOR('',#13493,10.);
#3698=VECTOR('',#13498,10.);
#3699=VECTOR('',#13503,10.);
#3700=VECTOR('',#13504,10.);
#3701=VECTOR('',#13505,10.);
#3702=VECTOR('',#13510,10.);
#3703=VECTOR('',#13515,10.);
#3704=VECTOR('',#13516,10.);
#3705=VECTOR('',#13517,10.);
#3706=VECTOR('',#13526,10.);
#3707=VECTOR('',#13527,10.);
#3708=VECTOR('',#13528,10.);
#3709=VECTOR('',#13529,10.);
#3710=VECTOR('',#13534,10.);
#3711=VECTOR('',#13539,10.);
#3712=VECTOR('',#13540,10.);
#3713=VECTOR('',#13541,10.);
#3714=VECTOR('',#13546,10.);
#3715=VECTOR('',#13551,10.);
#3716=VECTOR('',#13552,10.);
#3717=VECTOR('',#13553,10.);
#3718=VECTOR('',#13558,10.);
#3719=VECTOR('',#13563,10.);
#3720=VECTOR('',#13564,10.);
#3721=VECTOR('',#13565,10.);
#3722=VECTOR('',#13574,10.);
#3723=VECTOR('',#13575,10.);
#3724=VECTOR('',#13576,10.);
#3725=VECTOR('',#13577,10.);
#3726=VECTOR('',#13582,10.);
#3727=VECTOR('',#13587,10.);
#3728=VECTOR('',#13588,10.);
#3729=VECTOR('',#13589,10.);
#3730=VECTOR('',#13594,10.);
#3731=VECTOR('',#13599,10.);
#3732=VECTOR('',#13600,10.);
#3733=VECTOR('',#13601,10.);
#3734=VECTOR('',#13606,10.);
#3735=VECTOR('',#13611,10.);
#3736=VECTOR('',#13612,10.);
#3737=VECTOR('',#13613,10.);
#3738=VECTOR('',#13622,10.);
#3739=VECTOR('',#13623,10.);
#3740=VECTOR('',#13624,10.);
#3741=VECTOR('',#13625,10.);
#3742=VECTOR('',#13630,10.);
#3743=VECTOR('',#13635,10.);
#3744=VECTOR('',#13636,10.);
#3745=VECTOR('',#13637,10.);
#3746=VECTOR('',#13642,10.);
#3747=VECTOR('',#13647,10.);
#3748=VECTOR('',#13648,10.);
#3749=VECTOR('',#13649,10.);
#3750=VECTOR('',#13654,10.);
#3751=VECTOR('',#13659,10.);
#3752=VECTOR('',#13660,10.);
#3753=VECTOR('',#13661,10.);
#3754=VECTOR('',#13670,10.);
#3755=VECTOR('',#13671,10.);
#3756=VECTOR('',#13672,10.);
#3757=VECTOR('',#13673,10.);
#3758=VECTOR('',#13678,10.);
#3759=VECTOR('',#13683,10.);
#3760=VECTOR('',#13684,10.);
#3761=VECTOR('',#13685,10.);
#3762=VECTOR('',#13690,10.);
#3763=VECTOR('',#13695,10.);
#3764=VECTOR('',#13696,10.);
#3765=VECTOR('',#13697,10.);
#3766=VECTOR('',#13702,10.);
#3767=VECTOR('',#13707,10.);
#3768=VECTOR('',#13708,10.);
#3769=VECTOR('',#13709,10.);
#3770=VECTOR('',#13718,10.);
#3771=VECTOR('',#13719,10.);
#3772=VECTOR('',#13720,10.);
#3773=VECTOR('',#13721,10.);
#3774=VECTOR('',#13726,10.);
#3775=VECTOR('',#13731,10.);
#3776=VECTOR('',#13732,10.);
#3777=VECTOR('',#13733,10.);
#3778=VECTOR('',#13738,10.);
#3779=VECTOR('',#13743,10.);
#3780=VECTOR('',#13744,10.);
#3781=VECTOR('',#13745,10.);
#3782=VECTOR('',#13750,10.);
#3783=VECTOR('',#13755,10.);
#3784=VECTOR('',#13756,10.);
#3785=VECTOR('',#13757,10.);
#3786=VECTOR('',#13766,10.);
#3787=VECTOR('',#13767,10.);
#3788=VECTOR('',#13768,10.);
#3789=VECTOR('',#13769,10.);
#3790=VECTOR('',#13774,10.);
#3791=VECTOR('',#13779,10.);
#3792=VECTOR('',#13780,10.);
#3793=VECTOR('',#13781,10.);
#3794=VECTOR('',#13786,10.);
#3795=VECTOR('',#13791,10.);
#3796=VECTOR('',#13792,10.);
#3797=VECTOR('',#13793,10.);
#3798=VECTOR('',#13798,10.);
#3799=VECTOR('',#13803,10.);
#3800=VECTOR('',#13804,10.);
#3801=VECTOR('',#13805,10.);
#3802=VECTOR('',#13814,10.);
#3803=VECTOR('',#13815,10.);
#3804=VECTOR('',#13816,10.);
#3805=VECTOR('',#13817,10.);
#3806=VECTOR('',#13822,10.);
#3807=VECTOR('',#13827,10.);
#3808=VECTOR('',#13828,10.);
#3809=VECTOR('',#13829,10.);
#3810=VECTOR('',#13834,10.);
#3811=VECTOR('',#13839,10.);
#3812=VECTOR('',#13840,10.);
#3813=VECTOR('',#13841,10.);
#3814=VECTOR('',#13846,10.);
#3815=VECTOR('',#13851,10.);
#3816=VECTOR('',#13852,10.);
#3817=VECTOR('',#13853,10.);
#3818=VECTOR('',#13862,10.);
#3819=VECTOR('',#13863,10.);
#3820=VECTOR('',#13864,10.);
#3821=VECTOR('',#13865,10.);
#3822=VECTOR('',#13870,10.);
#3823=VECTOR('',#13875,10.);
#3824=VECTOR('',#13876,10.);
#3825=VECTOR('',#13877,10.);
#3826=VECTOR('',#13882,10.);
#3827=VECTOR('',#13887,10.);
#3828=VECTOR('',#13888,10.);
#3829=VECTOR('',#13889,10.);
#3830=VECTOR('',#13894,10.);
#3831=VECTOR('',#13899,10.);
#3832=VECTOR('',#13900,10.);
#3833=VECTOR('',#13901,10.);
#3834=VECTOR('',#13910,10.);
#3835=VECTOR('',#13911,10.);
#3836=VECTOR('',#13912,10.);
#3837=VECTOR('',#13913,10.);
#3838=VECTOR('',#13918,10.);
#3839=VECTOR('',#13923,10.);
#3840=VECTOR('',#13924,10.);
#3841=VECTOR('',#13925,10.);
#3842=VECTOR('',#13930,10.);
#3843=VECTOR('',#13935,10.);
#3844=VECTOR('',#13936,10.);
#3845=VECTOR('',#13937,10.);
#3846=VECTOR('',#13942,10.);
#3847=VECTOR('',#13947,10.);
#3848=VECTOR('',#13948,10.);
#3849=VECTOR('',#13949,10.);
#3850=VECTOR('',#13958,10.);
#3851=VECTOR('',#13959,10.);
#3852=VECTOR('',#13960,10.);
#3853=VECTOR('',#13961,10.);
#3854=VECTOR('',#13966,10.);
#3855=VECTOR('',#13971,10.);
#3856=VECTOR('',#13972,10.);
#3857=VECTOR('',#13973,10.);
#3858=VECTOR('',#13978,10.);
#3859=VECTOR('',#13983,10.);
#3860=VECTOR('',#13984,10.);
#3861=VECTOR('',#13985,10.);
#3862=VECTOR('',#13990,10.);
#3863=VECTOR('',#13995,10.);
#3864=VECTOR('',#13996,10.);
#3865=VECTOR('',#13997,10.);
#3866=VECTOR('',#14006,10.);
#3867=VECTOR('',#14007,10.);
#3868=VECTOR('',#14008,10.);
#3869=VECTOR('',#14009,10.);
#3870=VECTOR('',#14012,10.);
#3871=VECTOR('',#14013,10.);
#3872=VECTOR('',#14014,10.);
#3873=VECTOR('',#14017,10.);
#3874=VECTOR('',#14020,10.);
#3875=VECTOR('',#14023,10.);
#3876=VECTOR('',#14026,10.);
#3877=VECTOR('',#14029,10.);
#3878=VECTOR('',#14032,10.);
#3879=VECTOR('',#14035,10.);
#3880=VECTOR('',#14038,10.);
#3881=VECTOR('',#14041,10.);
#3882=VECTOR('',#14044,10.);
#3883=VECTOR('',#14047,10.);
#3884=VECTOR('',#14050,10.);
#3885=VECTOR('',#14053,10.);
#3886=VECTOR('',#14056,10.);
#3887=VECTOR('',#14059,10.);
#3888=VECTOR('',#14062,10.);
#3889=VECTOR('',#14065,10.);
#3890=VECTOR('',#14068,10.);
#3891=VECTOR('',#14071,10.);
#3892=VECTOR('',#14072,10.);
#3893=VECTOR('',#14075,10.);
#3894=VECTOR('',#14078,10.);
#3895=VECTOR('',#14081,10.);
#3896=VECTOR('',#14084,10.);
#3897=VECTOR('',#14087,10.);
#3898=VECTOR('',#14090,10.);
#3899=VECTOR('',#14093,10.);
#3900=VECTOR('',#14096,10.);
#3901=VECTOR('',#14099,10.);
#3902=VECTOR('',#14102,10.);
#3903=VECTOR('',#14105,10.);
#3904=VECTOR('',#14108,10.);
#3905=VECTOR('',#14111,10.);
#3906=VECTOR('',#14114,10.);
#3907=VECTOR('',#14117,10.);
#3908=VECTOR('',#14120,10.);
#3909=VECTOR('',#14123,10.);
#3910=VECTOR('',#14128,10.);
#3911=VECTOR('',#14131,10.);
#3912=VECTOR('',#14134,10.);
#3913=VECTOR('',#14137,10.);
#3914=VECTOR('',#14140,10.);
#3915=VECTOR('',#14143,10.);
#3916=VECTOR('',#14146,10.);
#3917=VECTOR('',#14149,10.);
#3918=VECTOR('',#14152,10.);
#3919=VECTOR('',#14155,10.);
#3920=VECTOR('',#14158,10.);
#3921=VECTOR('',#14161,10.);
#3922=VECTOR('',#14164,10.);
#3923=VECTOR('',#14167,10.);
#3924=VECTOR('',#14170,10.);
#3925=VECTOR('',#14173,10.);
#3926=VECTOR('',#14176,10.);
#3927=VECTOR('',#14179,10.);
#3928=VECTOR('',#14182,10.);
#3929=VECTOR('',#14185,10.);
#3930=VECTOR('',#14188,10.);
#3931=VECTOR('',#14191,10.);
#3932=VECTOR('',#14194,10.);
#3933=VECTOR('',#14197,10.);
#3934=VECTOR('',#14200,10.);
#3935=VECTOR('',#14203,10.);
#3936=VECTOR('',#14206,10.);
#3937=VECTOR('',#14209,10.);
#3938=VECTOR('',#14212,10.);
#3939=VECTOR('',#14215,10.);
#3940=VECTOR('',#14218,10.);
#3941=VECTOR('',#14221,10.);
#3942=VECTOR('',#14224,10.);
#3943=VECTOR('',#14227,10.);
#3944=VECTOR('',#14230,10.);
#3945=VECTOR('',#14233,10.);
#3946=VECTOR('',#14236,10.);
#3947=VECTOR('',#14239,10.);
#3948=VECTOR('',#14242,10.);
#3949=VECTOR('',#14245,10.);
#3950=VECTOR('',#14246,10.);
#3951=VECTOR('',#14249,10.);
#3952=VECTOR('',#14252,10.);
#3953=VECTOR('',#14255,10.);
#3954=VECTOR('',#14260,10.);
#3955=VECTOR('',#14263,10.);
#3956=VECTOR('',#14266,10.);
#3957=VECTOR('',#14269,10.);
#3958=VECTOR('',#14272,10.);
#3959=VECTOR('',#14275,10.);
#3960=VECTOR('',#14278,10.);
#3961=VECTOR('',#14281,10.);
#3962=VECTOR('',#14284,10.);
#3963=VECTOR('',#14287,10.);
#3964=VECTOR('',#14290,10.);
#3965=VECTOR('',#14293,10.);
#3966=VECTOR('',#14296,10.);
#3967=VECTOR('',#14299,10.);
#3968=VECTOR('',#14302,10.);
#3969=VECTOR('',#14305,10.);
#3970=VECTOR('',#14308,10.);
#3971=VECTOR('',#14311,10.);
#3972=VECTOR('',#14314,10.);
#3973=VECTOR('',#14317,10.);
#3974=VECTOR('',#14320,10.);
#3975=VECTOR('',#14323,10.);
#3976=VECTOR('',#14326,10.);
#3977=VECTOR('',#14329,10.);
#3978=VECTOR('',#14332,10.);
#3979=VECTOR('',#14335,10.);
#3980=VECTOR('',#14338,10.);
#3981=VECTOR('',#14341,10.);
#3982=VECTOR('',#14344,10.);
#3983=VECTOR('',#14347,10.);
#3984=VECTOR('',#14350,10.);
#3985=VECTOR('',#14353,10.);
#3986=VECTOR('',#14356,10.);
#3987=VECTOR('',#14359,10.);
#3988=VECTOR('',#14362,10.);
#3989=VECTOR('',#14365,10.);
#3990=VECTOR('',#14368,10.);
#3991=VECTOR('',#14371,10.);
#3992=VECTOR('',#14374,10.);
#3993=VECTOR('',#14377,10.);
#3994=VECTOR('',#14380,10.);
#3995=VECTOR('',#14383,10.);
#3996=VECTOR('',#14386,10.);
#3997=VECTOR('',#14389,10.);
#3998=VECTOR('',#14392,10.);
#3999=VECTOR('',#14395,10.);
#4000=VECTOR('',#14398,10.);
#4001=VECTOR('',#14401,10.);
#4002=VECTOR('',#14404,10.);
#4003=VECTOR('',#14407,10.);
#4004=VECTOR('',#14410,10.);
#4005=VECTOR('',#14413,10.);
#4006=VECTOR('',#14416,10.);
#4007=VECTOR('',#14419,10.);
#4008=VECTOR('',#14422,10.);
#4009=VECTOR('',#14425,10.);
#4010=VECTOR('',#14428,10.);
#4011=VECTOR('',#14431,10.);
#4012=VECTOR('',#14434,10.);
#4013=VECTOR('',#14437,10.);
#4014=VECTOR('',#14440,10.);
#4015=VECTOR('',#14443,10.);
#4016=VECTOR('',#14446,10.);
#4017=VECTOR('',#14449,10.);
#4018=VECTOR('',#14452,10.);
#4019=VERTEX_POINT('',#14467);
#4020=VERTEX_POINT('',#14468);
#4021=VERTEX_POINT('',#14470);
#4022=VERTEX_POINT('',#14472);
#4023=VERTEX_POINT('',#14476);
#4024=VERTEX_POINT('',#14478);
#4025=VERTEX_POINT('',#14482);
#4026=VERTEX_POINT('',#14484);
#4027=VERTEX_POINT('',#14488);
#4028=VERTEX_POINT('',#14490);
#4029=VERTEX_POINT('',#14494);
#4030=VERTEX_POINT('',#14496);
#4031=VERTEX_POINT('',#14500);
#4032=VERTEX_POINT('',#14502);
#4033=VERTEX_POINT('',#14506);
#4034=VERTEX_POINT('',#14508);
#4035=VERTEX_POINT('',#14515);
#4036=VERTEX_POINT('',#14516);
#4037=VERTEX_POINT('',#14518);
#4038=VERTEX_POINT('',#14520);
#4039=VERTEX_POINT('',#14524);
#4040=VERTEX_POINT('',#14526);
#4041=VERTEX_POINT('',#14530);
#4042=VERTEX_POINT('',#14532);
#4043=VERTEX_POINT('',#14536);
#4044=VERTEX_POINT('',#14538);
#4045=VERTEX_POINT('',#14542);
#4046=VERTEX_POINT('',#14544);
#4047=VERTEX_POINT('',#14548);
#4048=VERTEX_POINT('',#14550);
#4049=VERTEX_POINT('',#14554);
#4050=VERTEX_POINT('',#14556);
#4051=VERTEX_POINT('',#14563);
#4052=VERTEX_POINT('',#14564);
#4053=VERTEX_POINT('',#14566);
#4054=VERTEX_POINT('',#14568);
#4055=VERTEX_POINT('',#14572);
#4056=VERTEX_POINT('',#14574);
#4057=VERTEX_POINT('',#14578);
#4058=VERTEX_POINT('',#14580);
#4059=VERTEX_POINT('',#14584);
#4060=VERTEX_POINT('',#14586);
#4061=VERTEX_POINT('',#14590);
#4062=VERTEX_POINT('',#14592);
#4063=VERTEX_POINT('',#14596);
#4064=VERTEX_POINT('',#14598);
#4065=VERTEX_POINT('',#14602);
#4066=VERTEX_POINT('',#14604);
#4067=VERTEX_POINT('',#14611);
#4068=VERTEX_POINT('',#14612);
#4069=VERTEX_POINT('',#14614);
#4070=VERTEX_POINT('',#14616);
#4071=VERTEX_POINT('',#14620);
#4072=VERTEX_POINT('',#14622);
#4073=VERTEX_POINT('',#14626);
#4074=VERTEX_POINT('',#14628);
#4075=VERTEX_POINT('',#14632);
#4076=VERTEX_POINT('',#14634);
#4077=VERTEX_POINT('',#14638);
#4078=VERTEX_POINT('',#14640);
#4079=VERTEX_POINT('',#14644);
#4080=VERTEX_POINT('',#14646);
#4081=VERTEX_POINT('',#14650);
#4082=VERTEX_POINT('',#14652);
#4083=VERTEX_POINT('',#14659);
#4084=VERTEX_POINT('',#14660);
#4085=VERTEX_POINT('',#14662);
#4086=VERTEX_POINT('',#14664);
#4087=VERTEX_POINT('',#14668);
#4088=VERTEX_POINT('',#14670);
#4089=VERTEX_POINT('',#14674);
#4090=VERTEX_POINT('',#14676);
#4091=VERTEX_POINT('',#14680);
#4092=VERTEX_POINT('',#14682);
#4093=VERTEX_POINT('',#14686);
#4094=VERTEX_POINT('',#14688);
#4095=VERTEX_POINT('',#14692);
#4096=VERTEX_POINT('',#14694);
#4097=VERTEX_POINT('',#14698);
#4098=VERTEX_POINT('',#14700);
#4099=VERTEX_POINT('',#14707);
#4100=VERTEX_POINT('',#14708);
#4101=VERTEX_POINT('',#14710);
#4102=VERTEX_POINT('',#14712);
#4103=VERTEX_POINT('',#14716);
#4104=VERTEX_POINT('',#14718);
#4105=VERTEX_POINT('',#14722);
#4106=VERTEX_POINT('',#14724);
#4107=VERTEX_POINT('',#14728);
#4108=VERTEX_POINT('',#14730);
#4109=VERTEX_POINT('',#14734);
#4110=VERTEX_POINT('',#14736);
#4111=VERTEX_POINT('',#14740);
#4112=VERTEX_POINT('',#14742);
#4113=VERTEX_POINT('',#14746);
#4114=VERTEX_POINT('',#14748);
#4115=VERTEX_POINT('',#14755);
#4116=VERTEX_POINT('',#14756);
#4117=VERTEX_POINT('',#14758);
#4118=VERTEX_POINT('',#14760);
#4119=VERTEX_POINT('',#14764);
#4120=VERTEX_POINT('',#14766);
#4121=VERTEX_POINT('',#14770);
#4122=VERTEX_POINT('',#14772);
#4123=VERTEX_POINT('',#14776);
#4124=VERTEX_POINT('',#14778);
#4125=VERTEX_POINT('',#14782);
#4126=VERTEX_POINT('',#14784);
#4127=VERTEX_POINT('',#14788);
#4128=VERTEX_POINT('',#14790);
#4129=VERTEX_POINT('',#14794);
#4130=VERTEX_POINT('',#14796);
#4131=VERTEX_POINT('',#14803);
#4132=VERTEX_POINT('',#14804);
#4133=VERTEX_POINT('',#14806);
#4134=VERTEX_POINT('',#14808);
#4135=VERTEX_POINT('',#14812);
#4136=VERTEX_POINT('',#14814);
#4137=VERTEX_POINT('',#14818);
#4138=VERTEX_POINT('',#14820);
#4139=VERTEX_POINT('',#14824);
#4140=VERTEX_POINT('',#14826);
#4141=VERTEX_POINT('',#14830);
#4142=VERTEX_POINT('',#14832);
#4143=VERTEX_POINT('',#14836);
#4144=VERTEX_POINT('',#14838);
#4145=VERTEX_POINT('',#14842);
#4146=VERTEX_POINT('',#14844);
#4147=VERTEX_POINT('',#14851);
#4148=VERTEX_POINT('',#14852);
#4149=VERTEX_POINT('',#14854);
#4150=VERTEX_POINT('',#14856);
#4151=VERTEX_POINT('',#14860);
#4152=VERTEX_POINT('',#14862);
#4153=VERTEX_POINT('',#14866);
#4154=VERTEX_POINT('',#14868);
#4155=VERTEX_POINT('',#14872);
#4156=VERTEX_POINT('',#14874);
#4157=VERTEX_POINT('',#14878);
#4158=VERTEX_POINT('',#14880);
#4159=VERTEX_POINT('',#14884);
#4160=VERTEX_POINT('',#14886);
#4161=VERTEX_POINT('',#14890);
#4162=VERTEX_POINT('',#14892);
#4163=VERTEX_POINT('',#14899);
#4164=VERTEX_POINT('',#14900);
#4165=VERTEX_POINT('',#14902);
#4166=VERTEX_POINT('',#14904);
#4167=VERTEX_POINT('',#14908);
#4168=VERTEX_POINT('',#14910);
#4169=VERTEX_POINT('',#14914);
#4170=VERTEX_POINT('',#14916);
#4171=VERTEX_POINT('',#14920);
#4172=VERTEX_POINT('',#14922);
#4173=VERTEX_POINT('',#14926);
#4174=VERTEX_POINT('',#14928);
#4175=VERTEX_POINT('',#14932);
#4176=VERTEX_POINT('',#14934);
#4177=VERTEX_POINT('',#14938);
#4178=VERTEX_POINT('',#14940);
#4179=VERTEX_POINT('',#14947);
#4180=VERTEX_POINT('',#14948);
#4181=VERTEX_POINT('',#14950);
#4182=VERTEX_POINT('',#14952);
#4183=VERTEX_POINT('',#14956);
#4184=VERTEX_POINT('',#14958);
#4185=VERTEX_POINT('',#14962);
#4186=VERTEX_POINT('',#14964);
#4187=VERTEX_POINT('',#14968);
#4188=VERTEX_POINT('',#14970);
#4189=VERTEX_POINT('',#14974);
#4190=VERTEX_POINT('',#14976);
#4191=VERTEX_POINT('',#14980);
#4192=VERTEX_POINT('',#14982);
#4193=VERTEX_POINT('',#14986);
#4194=VERTEX_POINT('',#14988);
#4195=VERTEX_POINT('',#14995);
#4196=VERTEX_POINT('',#14996);
#4197=VERTEX_POINT('',#14998);
#4198=VERTEX_POINT('',#15000);
#4199=VERTEX_POINT('',#15004);
#4200=VERTEX_POINT('',#15006);
#4201=VERTEX_POINT('',#15010);
#4202=VERTEX_POINT('',#15012);
#4203=VERTEX_POINT('',#15016);
#4204=VERTEX_POINT('',#15018);
#4205=VERTEX_POINT('',#15022);
#4206=VERTEX_POINT('',#15024);
#4207=VERTEX_POINT('',#15028);
#4208=VERTEX_POINT('',#15030);
#4209=VERTEX_POINT('',#15034);
#4210=VERTEX_POINT('',#15036);
#4211=VERTEX_POINT('',#15040);
#4212=VERTEX_POINT('',#15042);
#4213=VERTEX_POINT('',#15046);
#4214=VERTEX_POINT('',#15048);
#4215=VERTEX_POINT('',#15052);
#4216=VERTEX_POINT('',#15054);
#4217=VERTEX_POINT('',#15058);
#4218=VERTEX_POINT('',#15060);
#4219=VERTEX_POINT('',#15064);
#4220=VERTEX_POINT('',#15066);
#4221=VERTEX_POINT('',#15070);
#4222=VERTEX_POINT('',#15072);
#4223=VERTEX_POINT('',#15076);
#4224=VERTEX_POINT('',#15078);
#4225=VERTEX_POINT('',#15082);
#4226=VERTEX_POINT('',#15084);
#4227=VERTEX_POINT('',#15088);
#4228=VERTEX_POINT('',#15090);
#4229=VERTEX_POINT('',#15094);
#4230=VERTEX_POINT('',#15096);
#4231=VERTEX_POINT('',#15100);
#4232=VERTEX_POINT('',#15102);
#4233=VERTEX_POINT('',#15106);
#4234=VERTEX_POINT('',#15108);
#4235=VERTEX_POINT('',#15112);
#4236=VERTEX_POINT('',#15114);
#4237=VERTEX_POINT('',#15118);
#4238=VERTEX_POINT('',#15120);
#4239=VERTEX_POINT('',#15124);
#4240=VERTEX_POINT('',#15126);
#4241=VERTEX_POINT('',#15130);
#4242=VERTEX_POINT('',#15132);
#4243=VERTEX_POINT('',#15139);
#4244=VERTEX_POINT('',#15140);
#4245=VERTEX_POINT('',#15142);
#4246=VERTEX_POINT('',#15144);
#4247=VERTEX_POINT('',#15148);
#4248=VERTEX_POINT('',#15150);
#4249=VERTEX_POINT('',#15154);
#4250=VERTEX_POINT('',#15156);
#4251=VERTEX_POINT('',#15160);
#4252=VERTEX_POINT('',#15162);
#4253=VERTEX_POINT('',#15166);
#4254=VERTEX_POINT('',#15168);
#4255=VERTEX_POINT('',#15172);
#4256=VERTEX_POINT('',#15174);
#4257=VERTEX_POINT('',#15178);
#4258=VERTEX_POINT('',#15180);
#4259=VERTEX_POINT('',#15184);
#4260=VERTEX_POINT('',#15186);
#4261=VERTEX_POINT('',#15190);
#4262=VERTEX_POINT('',#15192);
#4263=VERTEX_POINT('',#15196);
#4264=VERTEX_POINT('',#15198);
#4265=VERTEX_POINT('',#15202);
#4266=VERTEX_POINT('',#15204);
#4267=VERTEX_POINT('',#15208);
#4268=VERTEX_POINT('',#15210);
#4269=VERTEX_POINT('',#15214);
#4270=VERTEX_POINT('',#15216);
#4271=VERTEX_POINT('',#15220);
#4272=VERTEX_POINT('',#15222);
#4273=VERTEX_POINT('',#15226);
#4274=VERTEX_POINT('',#15228);
#4275=VERTEX_POINT('',#15232);
#4276=VERTEX_POINT('',#15234);
#4277=VERTEX_POINT('',#15238);
#4278=VERTEX_POINT('',#15240);
#4279=VERTEX_POINT('',#15244);
#4280=VERTEX_POINT('',#15246);
#4281=VERTEX_POINT('',#15250);
#4282=VERTEX_POINT('',#15252);
#4283=VERTEX_POINT('',#15256);
#4284=VERTEX_POINT('',#15258);
#4285=VERTEX_POINT('',#15262);
#4286=VERTEX_POINT('',#15264);
#4287=VERTEX_POINT('',#15268);
#4288=VERTEX_POINT('',#15270);
#4289=VERTEX_POINT('',#15274);
#4290=VERTEX_POINT('',#15276);
#4291=VERTEX_POINT('',#15283);
#4292=VERTEX_POINT('',#15284);
#4293=VERTEX_POINT('',#15286);
#4294=VERTEX_POINT('',#15288);
#4295=VERTEX_POINT('',#15292);
#4296=VERTEX_POINT('',#15294);
#4297=VERTEX_POINT('',#15298);
#4298=VERTEX_POINT('',#15300);
#4299=VERTEX_POINT('',#15304);
#4300=VERTEX_POINT('',#15306);
#4301=VERTEX_POINT('',#15310);
#4302=VERTEX_POINT('',#15312);
#4303=VERTEX_POINT('',#15316);
#4304=VERTEX_POINT('',#15318);
#4305=VERTEX_POINT('',#15322);
#4306=VERTEX_POINT('',#15324);
#4307=VERTEX_POINT('',#15331);
#4308=VERTEX_POINT('',#15332);
#4309=VERTEX_POINT('',#15334);
#4310=VERTEX_POINT('',#15336);
#4311=VERTEX_POINT('',#15340);
#4312=VERTEX_POINT('',#15342);
#4313=VERTEX_POINT('',#15346);
#4314=VERTEX_POINT('',#15348);
#4315=VERTEX_POINT('',#15352);
#4316=VERTEX_POINT('',#15354);
#4317=VERTEX_POINT('',#15358);
#4318=VERTEX_POINT('',#15360);
#4319=VERTEX_POINT('',#15364);
#4320=VERTEX_POINT('',#15366);
#4321=VERTEX_POINT('',#15370);
#4322=VERTEX_POINT('',#15372);
#4323=VERTEX_POINT('',#15379);
#4324=VERTEX_POINT('',#15380);
#4325=VERTEX_POINT('',#15382);
#4326=VERTEX_POINT('',#15384);
#4327=VERTEX_POINT('',#15388);
#4328=VERTEX_POINT('',#15390);
#4329=VERTEX_POINT('',#15394);
#4330=VERTEX_POINT('',#15396);
#4331=VERTEX_POINT('',#15400);
#4332=VERTEX_POINT('',#15402);
#4333=VERTEX_POINT('',#15406);
#4334=VERTEX_POINT('',#15408);
#4335=VERTEX_POINT('',#15412);
#4336=VERTEX_POINT('',#15414);
#4337=VERTEX_POINT('',#15418);
#4338=VERTEX_POINT('',#15420);
#4339=VERTEX_POINT('',#15427);
#4340=VERTEX_POINT('',#15428);
#4341=VERTEX_POINT('',#15430);
#4342=VERTEX_POINT('',#15432);
#4343=VERTEX_POINT('',#15436);
#4344=VERTEX_POINT('',#15438);
#4345=VERTEX_POINT('',#15442);
#4346=VERTEX_POINT('',#15444);
#4347=VERTEX_POINT('',#15448);
#4348=VERTEX_POINT('',#15450);
#4349=VERTEX_POINT('',#15454);
#4350=VERTEX_POINT('',#15456);
#4351=VERTEX_POINT('',#15460);
#4352=VERTEX_POINT('',#15462);
#4353=VERTEX_POINT('',#15466);
#4354=VERTEX_POINT('',#15468);
#4355=VERTEX_POINT('',#15475);
#4356=VERTEX_POINT('',#15476);
#4357=VERTEX_POINT('',#15478);
#4358=VERTEX_POINT('',#15480);
#4359=VERTEX_POINT('',#15484);
#4360=VERTEX_POINT('',#15486);
#4361=VERTEX_POINT('',#15490);
#4362=VERTEX_POINT('',#15492);
#4363=VERTEX_POINT('',#15496);
#4364=VERTEX_POINT('',#15498);
#4365=VERTEX_POINT('',#15502);
#4366=VERTEX_POINT('',#15504);
#4367=VERTEX_POINT('',#15508);
#4368=VERTEX_POINT('',#15510);
#4369=VERTEX_POINT('',#15514);
#4370=VERTEX_POINT('',#15516);
#4371=VERTEX_POINT('',#15523);
#4372=VERTEX_POINT('',#15524);
#4373=VERTEX_POINT('',#15526);
#4374=VERTEX_POINT('',#15528);
#4375=VERTEX_POINT('',#15532);
#4376=VERTEX_POINT('',#15534);
#4377=VERTEX_POINT('',#15538);
#4378=VERTEX_POINT('',#15540);
#4379=VERTEX_POINT('',#15544);
#4380=VERTEX_POINT('',#15546);
#4381=VERTEX_POINT('',#15550);
#4382=VERTEX_POINT('',#15552);
#4383=VERTEX_POINT('',#15556);
#4384=VERTEX_POINT('',#15558);
#4385=VERTEX_POINT('',#15562);
#4386=VERTEX_POINT('',#15564);
#4387=VERTEX_POINT('',#15571);
#4388=VERTEX_POINT('',#15572);
#4389=VERTEX_POINT('',#15574);
#4390=VERTEX_POINT('',#15576);
#4391=VERTEX_POINT('',#15580);
#4392=VERTEX_POINT('',#15582);
#4393=VERTEX_POINT('',#15586);
#4394=VERTEX_POINT('',#15588);
#4395=VERTEX_POINT('',#15592);
#4396=VERTEX_POINT('',#15594);
#4397=VERTEX_POINT('',#15598);
#4398=VERTEX_POINT('',#15600);
#4399=VERTEX_POINT('',#15604);
#4400=VERTEX_POINT('',#15606);
#4401=VERTEX_POINT('',#15610);
#4402=VERTEX_POINT('',#15612);
#4403=VERTEX_POINT('',#15619);
#4404=VERTEX_POINT('',#15620);
#4405=VERTEX_POINT('',#15622);
#4406=VERTEX_POINT('',#15624);
#4407=VERTEX_POINT('',#15628);
#4408=VERTEX_POINT('',#15630);
#4409=VERTEX_POINT('',#15634);
#4410=VERTEX_POINT('',#15636);
#4411=VERTEX_POINT('',#15640);
#4412=VERTEX_POINT('',#15642);
#4413=VERTEX_POINT('',#15646);
#4414=VERTEX_POINT('',#15648);
#4415=VERTEX_POINT('',#15652);
#4416=VERTEX_POINT('',#15654);
#4417=VERTEX_POINT('',#15658);
#4418=VERTEX_POINT('',#15660);
#4419=VERTEX_POINT('',#15667);
#4420=VERTEX_POINT('',#15668);
#4421=VERTEX_POINT('',#15670);
#4422=VERTEX_POINT('',#15672);
#4423=VERTEX_POINT('',#15676);
#4424=VERTEX_POINT('',#15678);
#4425=VERTEX_POINT('',#15682);
#4426=VERTEX_POINT('',#15684);
#4427=VERTEX_POINT('',#15688);
#4428=VERTEX_POINT('',#15690);
#4429=VERTEX_POINT('',#15694);
#4430=VERTEX_POINT('',#15696);
#4431=VERTEX_POINT('',#15700);
#4432=VERTEX_POINT('',#15702);
#4433=VERTEX_POINT('',#15706);
#4434=VERTEX_POINT('',#15708);
#4435=VERTEX_POINT('',#15715);
#4436=VERTEX_POINT('',#15716);
#4437=VERTEX_POINT('',#15718);
#4438=VERTEX_POINT('',#15720);
#4439=VERTEX_POINT('',#15724);
#4440=VERTEX_POINT('',#15726);
#4441=VERTEX_POINT('',#15730);
#4442=VERTEX_POINT('',#15732);
#4443=VERTEX_POINT('',#15736);
#4444=VERTEX_POINT('',#15738);
#4445=VERTEX_POINT('',#15742);
#4446=VERTEX_POINT('',#15744);
#4447=VERTEX_POINT('',#15748);
#4448=VERTEX_POINT('',#15750);
#4449=VERTEX_POINT('',#15754);
#4450=VERTEX_POINT('',#15756);
#4451=VERTEX_POINT('',#15763);
#4452=VERTEX_POINT('',#15764);
#4453=VERTEX_POINT('',#15766);
#4454=VERTEX_POINT('',#15768);
#4455=VERTEX_POINT('',#15772);
#4456=VERTEX_POINT('',#15774);
#4457=VERTEX_POINT('',#15778);
#4458=VERTEX_POINT('',#15780);
#4459=VERTEX_POINT('',#15784);
#4460=VERTEX_POINT('',#15786);
#4461=VERTEX_POINT('',#15790);
#4462=VERTEX_POINT('',#15792);
#4463=VERTEX_POINT('',#15796);
#4464=VERTEX_POINT('',#15798);
#4465=VERTEX_POINT('',#15802);
#4466=VERTEX_POINT('',#15804);
#4467=VERTEX_POINT('',#15811);
#4468=VERTEX_POINT('',#15812);
#4469=VERTEX_POINT('',#15814);
#4470=VERTEX_POINT('',#15816);
#4471=VERTEX_POINT('',#15820);
#4472=VERTEX_POINT('',#15822);
#4473=VERTEX_POINT('',#15826);
#4474=VERTEX_POINT('',#15828);
#4475=VERTEX_POINT('',#15832);
#4476=VERTEX_POINT('',#15834);
#4477=VERTEX_POINT('',#15838);
#4478=VERTEX_POINT('',#15840);
#4479=VERTEX_POINT('',#15844);
#4480=VERTEX_POINT('',#15846);
#4481=VERTEX_POINT('',#15850);
#4482=VERTEX_POINT('',#15852);
#4483=VERTEX_POINT('',#15859);
#4484=VERTEX_POINT('',#15860);
#4485=VERTEX_POINT('',#15862);
#4486=VERTEX_POINT('',#15864);
#4487=VERTEX_POINT('',#15868);
#4488=VERTEX_POINT('',#15870);
#4489=VERTEX_POINT('',#15874);
#4490=VERTEX_POINT('',#15876);
#4491=VERTEX_POINT('',#15880);
#4492=VERTEX_POINT('',#15882);
#4493=VERTEX_POINT('',#15886);
#4494=VERTEX_POINT('',#15888);
#4495=VERTEX_POINT('',#15892);
#4496=VERTEX_POINT('',#15894);
#4497=VERTEX_POINT('',#15898);
#4498=VERTEX_POINT('',#15900);
#4499=VERTEX_POINT('',#15907);
#4500=VERTEX_POINT('',#15908);
#4501=VERTEX_POINT('',#15910);
#4502=VERTEX_POINT('',#15912);
#4503=VERTEX_POINT('',#15916);
#4504=VERTEX_POINT('',#15918);
#4505=VERTEX_POINT('',#15922);
#4506=VERTEX_POINT('',#15924);
#4507=VERTEX_POINT('',#15928);
#4508=VERTEX_POINT('',#15930);
#4509=VERTEX_POINT('',#15934);
#4510=VERTEX_POINT('',#15936);
#4511=VERTEX_POINT('',#15940);
#4512=VERTEX_POINT('',#15942);
#4513=VERTEX_POINT('',#15946);
#4514=VERTEX_POINT('',#15948);
#4515=VERTEX_POINT('',#15955);
#4516=VERTEX_POINT('',#15956);
#4517=VERTEX_POINT('',#15958);
#4518=VERTEX_POINT('',#15960);
#4519=VERTEX_POINT('',#15964);
#4520=VERTEX_POINT('',#15966);
#4521=VERTEX_POINT('',#15970);
#4522=VERTEX_POINT('',#15972);
#4523=VERTEX_POINT('',#15976);
#4524=VERTEX_POINT('',#15978);
#4525=VERTEX_POINT('',#15982);
#4526=VERTEX_POINT('',#15984);
#4527=VERTEX_POINT('',#15988);
#4528=VERTEX_POINT('',#15990);
#4529=VERTEX_POINT('',#15994);
#4530=VERTEX_POINT('',#15996);
#4531=VERTEX_POINT('',#16003);
#4532=VERTEX_POINT('',#16004);
#4533=VERTEX_POINT('',#16006);
#4534=VERTEX_POINT('',#16008);
#4535=VERTEX_POINT('',#16012);
#4536=VERTEX_POINT('',#16014);
#4537=VERTEX_POINT('',#16018);
#4538=VERTEX_POINT('',#16020);
#4539=VERTEX_POINT('',#16024);
#4540=VERTEX_POINT('',#16026);
#4541=VERTEX_POINT('',#16030);
#4542=VERTEX_POINT('',#16032);
#4543=VERTEX_POINT('',#16036);
#4544=VERTEX_POINT('',#16038);
#4545=VERTEX_POINT('',#16042);
#4546=VERTEX_POINT('',#16044);
#4547=VERTEX_POINT('',#16051);
#4548=VERTEX_POINT('',#16052);
#4549=VERTEX_POINT('',#16054);
#4550=VERTEX_POINT('',#16056);
#4551=VERTEX_POINT('',#16060);
#4552=VERTEX_POINT('',#16062);
#4553=VERTEX_POINT('',#16066);
#4554=VERTEX_POINT('',#16068);
#4555=VERTEX_POINT('',#16072);
#4556=VERTEX_POINT('',#16074);
#4557=VERTEX_POINT('',#16078);
#4558=VERTEX_POINT('',#16080);
#4559=VERTEX_POINT('',#16084);
#4560=VERTEX_POINT('',#16086);
#4561=VERTEX_POINT('',#16090);
#4562=VERTEX_POINT('',#16092);
#4563=VERTEX_POINT('',#16099);
#4564=VERTEX_POINT('',#16100);
#4565=VERTEX_POINT('',#16102);
#4566=VERTEX_POINT('',#16104);
#4567=VERTEX_POINT('',#16108);
#4568=VERTEX_POINT('',#16110);
#4569=VERTEX_POINT('',#16114);
#4570=VERTEX_POINT('',#16116);
#4571=VERTEX_POINT('',#16120);
#4572=VERTEX_POINT('',#16122);
#4573=VERTEX_POINT('',#16126);
#4574=VERTEX_POINT('',#16128);
#4575=VERTEX_POINT('',#16132);
#4576=VERTEX_POINT('',#16134);
#4577=VERTEX_POINT('',#16138);
#4578=VERTEX_POINT('',#16140);
#4579=VERTEX_POINT('',#16147);
#4580=VERTEX_POINT('',#16148);
#4581=VERTEX_POINT('',#16150);
#4582=VERTEX_POINT('',#16152);
#4583=VERTEX_POINT('',#16156);
#4584=VERTEX_POINT('',#16158);
#4585=VERTEX_POINT('',#16162);
#4586=VERTEX_POINT('',#16164);
#4587=VERTEX_POINT('',#16168);
#4588=VERTEX_POINT('',#16170);
#4589=VERTEX_POINT('',#16174);
#4590=VERTEX_POINT('',#16176);
#4591=VERTEX_POINT('',#16180);
#4592=VERTEX_POINT('',#16182);
#4593=VERTEX_POINT('',#16186);
#4594=VERTEX_POINT('',#16188);
#4595=VERTEX_POINT('',#16195);
#4596=VERTEX_POINT('',#16196);
#4597=VERTEX_POINT('',#16198);
#4598=VERTEX_POINT('',#16200);
#4599=VERTEX_POINT('',#16204);
#4600=VERTEX_POINT('',#16206);
#4601=VERTEX_POINT('',#16210);
#4602=VERTEX_POINT('',#16212);
#4603=VERTEX_POINT('',#16216);
#4604=VERTEX_POINT('',#16218);
#4605=VERTEX_POINT('',#16222);
#4606=VERTEX_POINT('',#16224);
#4607=VERTEX_POINT('',#16228);
#4608=VERTEX_POINT('',#16230);
#4609=VERTEX_POINT('',#16234);
#4610=VERTEX_POINT('',#16236);
#4611=VERTEX_POINT('',#16240);
#4612=VERTEX_POINT('',#16242);
#4613=VERTEX_POINT('',#16246);
#4614=VERTEX_POINT('',#16248);
#4615=VERTEX_POINT('',#16252);
#4616=VERTEX_POINT('',#16254);
#4617=VERTEX_POINT('',#16258);
#4618=VERTEX_POINT('',#16260);
#4619=VERTEX_POINT('',#16264);
#4620=VERTEX_POINT('',#16266);
#4621=VERTEX_POINT('',#16270);
#4622=VERTEX_POINT('',#16272);
#4623=VERTEX_POINT('',#16276);
#4624=VERTEX_POINT('',#16278);
#4625=VERTEX_POINT('',#16282);
#4626=VERTEX_POINT('',#16284);
#4627=VERTEX_POINT('',#16288);
#4628=VERTEX_POINT('',#16290);
#4629=VERTEX_POINT('',#16294);
#4630=VERTEX_POINT('',#16296);
#4631=VERTEX_POINT('',#16300);
#4632=VERTEX_POINT('',#16302);
#4633=VERTEX_POINT('',#16306);
#4634=VERTEX_POINT('',#16308);
#4635=VERTEX_POINT('',#16312);
#4636=VERTEX_POINT('',#16314);
#4637=VERTEX_POINT('',#16318);
#4638=VERTEX_POINT('',#16320);
#4639=VERTEX_POINT('',#16324);
#4640=VERTEX_POINT('',#16326);
#4641=VERTEX_POINT('',#16330);
#4642=VERTEX_POINT('',#16332);
#4643=VERTEX_POINT('',#16339);
#4644=VERTEX_POINT('',#16340);
#4645=VERTEX_POINT('',#16342);
#4646=VERTEX_POINT('',#16344);
#4647=VERTEX_POINT('',#16348);
#4648=VERTEX_POINT('',#16350);
#4649=VERTEX_POINT('',#16354);
#4650=VERTEX_POINT('',#16356);
#4651=VERTEX_POINT('',#16360);
#4652=VERTEX_POINT('',#16362);
#4653=VERTEX_POINT('',#16366);
#4654=VERTEX_POINT('',#16368);
#4655=VERTEX_POINT('',#16372);
#4656=VERTEX_POINT('',#16374);
#4657=VERTEX_POINT('',#16378);
#4658=VERTEX_POINT('',#16380);
#4659=VERTEX_POINT('',#16384);
#4660=VERTEX_POINT('',#16386);
#4661=VERTEX_POINT('',#16390);
#4662=VERTEX_POINT('',#16392);
#4663=VERTEX_POINT('',#16396);
#4664=VERTEX_POINT('',#16398);
#4665=VERTEX_POINT('',#16402);
#4666=VERTEX_POINT('',#16404);
#4667=VERTEX_POINT('',#16408);
#4668=VERTEX_POINT('',#16410);
#4669=VERTEX_POINT('',#16414);
#4670=VERTEX_POINT('',#16416);
#4671=VERTEX_POINT('',#16420);
#4672=VERTEX_POINT('',#16422);
#4673=VERTEX_POINT('',#16426);
#4674=VERTEX_POINT('',#16428);
#4675=VERTEX_POINT('',#16432);
#4676=VERTEX_POINT('',#16434);
#4677=VERTEX_POINT('',#16438);
#4678=VERTEX_POINT('',#16440);
#4679=VERTEX_POINT('',#16444);
#4680=VERTEX_POINT('',#16446);
#4681=VERTEX_POINT('',#16450);
#4682=VERTEX_POINT('',#16452);
#4683=VERTEX_POINT('',#16456);
#4684=VERTEX_POINT('',#16458);
#4685=VERTEX_POINT('',#16462);
#4686=VERTEX_POINT('',#16464);
#4687=VERTEX_POINT('',#16468);
#4688=VERTEX_POINT('',#16470);
#4689=VERTEX_POINT('',#16474);
#4690=VERTEX_POINT('',#16476);
#4691=VERTEX_POINT('',#16483);
#4692=VERTEX_POINT('',#16484);
#4693=VERTEX_POINT('',#16486);
#4694=VERTEX_POINT('',#16488);
#4695=VERTEX_POINT('',#16492);
#4696=VERTEX_POINT('',#16494);
#4697=VERTEX_POINT('',#16498);
#4698=VERTEX_POINT('',#16500);
#4699=VERTEX_POINT('',#16504);
#4700=VERTEX_POINT('',#16506);
#4701=VERTEX_POINT('',#16510);
#4702=VERTEX_POINT('',#16512);
#4703=VERTEX_POINT('',#16516);
#4704=VERTEX_POINT('',#16518);
#4705=VERTEX_POINT('',#16522);
#4706=VERTEX_POINT('',#16524);
#4707=VERTEX_POINT('',#16531);
#4708=VERTEX_POINT('',#16532);
#4709=VERTEX_POINT('',#16534);
#4710=VERTEX_POINT('',#16536);
#4711=VERTEX_POINT('',#16540);
#4712=VERTEX_POINT('',#16542);
#4713=VERTEX_POINT('',#16546);
#4714=VERTEX_POINT('',#16548);
#4715=VERTEX_POINT('',#16552);
#4716=VERTEX_POINT('',#16554);
#4717=VERTEX_POINT('',#16558);
#4718=VERTEX_POINT('',#16560);
#4719=VERTEX_POINT('',#16564);
#4720=VERTEX_POINT('',#16566);
#4721=VERTEX_POINT('',#16570);
#4722=VERTEX_POINT('',#16572);
#4723=VERTEX_POINT('',#16579);
#4724=VERTEX_POINT('',#16580);
#4725=VERTEX_POINT('',#16582);
#4726=VERTEX_POINT('',#16584);
#4727=VERTEX_POINT('',#16588);
#4728=VERTEX_POINT('',#16590);
#4729=VERTEX_POINT('',#16594);
#4730=VERTEX_POINT('',#16596);
#4731=VERTEX_POINT('',#16600);
#4732=VERTEX_POINT('',#16602);
#4733=VERTEX_POINT('',#16606);
#4734=VERTEX_POINT('',#16608);
#4735=VERTEX_POINT('',#16612);
#4736=VERTEX_POINT('',#16614);
#4737=VERTEX_POINT('',#16618);
#4738=VERTEX_POINT('',#16620);
#4739=VERTEX_POINT('',#16627);
#4740=VERTEX_POINT('',#16628);
#4741=VERTEX_POINT('',#16630);
#4742=VERTEX_POINT('',#16632);
#4743=VERTEX_POINT('',#16636);
#4744=VERTEX_POINT('',#16638);
#4745=VERTEX_POINT('',#16642);
#4746=VERTEX_POINT('',#16644);
#4747=VERTEX_POINT('',#16648);
#4748=VERTEX_POINT('',#16650);
#4749=VERTEX_POINT('',#16654);
#4750=VERTEX_POINT('',#16656);
#4751=VERTEX_POINT('',#16660);
#4752=VERTEX_POINT('',#16662);
#4753=VERTEX_POINT('',#16666);
#4754=VERTEX_POINT('',#16668);
#4755=VERTEX_POINT('',#16675);
#4756=VERTEX_POINT('',#16676);
#4757=VERTEX_POINT('',#16678);
#4758=VERTEX_POINT('',#16680);
#4759=VERTEX_POINT('',#16684);
#4760=VERTEX_POINT('',#16686);
#4761=VERTEX_POINT('',#16690);
#4762=VERTEX_POINT('',#16692);
#4763=VERTEX_POINT('',#16696);
#4764=VERTEX_POINT('',#16698);
#4765=VERTEX_POINT('',#16702);
#4766=VERTEX_POINT('',#16704);
#4767=VERTEX_POINT('',#16708);
#4768=VERTEX_POINT('',#16710);
#4769=VERTEX_POINT('',#16714);
#4770=VERTEX_POINT('',#16716);
#4771=VERTEX_POINT('',#16723);
#4772=VERTEX_POINT('',#16724);
#4773=VERTEX_POINT('',#16726);
#4774=VERTEX_POINT('',#16728);
#4775=VERTEX_POINT('',#16732);
#4776=VERTEX_POINT('',#16734);
#4777=VERTEX_POINT('',#16738);
#4778=VERTEX_POINT('',#16740);
#4779=VERTEX_POINT('',#16744);
#4780=VERTEX_POINT('',#16746);
#4781=VERTEX_POINT('',#16750);
#4782=VERTEX_POINT('',#16752);
#4783=VERTEX_POINT('',#16756);
#4784=VERTEX_POINT('',#16758);
#4785=VERTEX_POINT('',#16762);
#4786=VERTEX_POINT('',#16764);
#4787=VERTEX_POINT('',#16771);
#4788=VERTEX_POINT('',#16772);
#4789=VERTEX_POINT('',#16774);
#4790=VERTEX_POINT('',#16776);
#4791=VERTEX_POINT('',#16780);
#4792=VERTEX_POINT('',#16782);
#4793=VERTEX_POINT('',#16786);
#4794=VERTEX_POINT('',#16788);
#4795=VERTEX_POINT('',#16792);
#4796=VERTEX_POINT('',#16794);
#4797=VERTEX_POINT('',#16798);
#4798=VERTEX_POINT('',#16800);
#4799=VERTEX_POINT('',#16804);
#4800=VERTEX_POINT('',#16806);
#4801=VERTEX_POINT('',#16810);
#4802=VERTEX_POINT('',#16812);
#4803=VERTEX_POINT('',#16819);
#4804=VERTEX_POINT('',#16820);
#4805=VERTEX_POINT('',#16822);
#4806=VERTEX_POINT('',#16824);
#4807=VERTEX_POINT('',#16828);
#4808=VERTEX_POINT('',#16830);
#4809=VERTEX_POINT('',#16834);
#4810=VERTEX_POINT('',#16836);
#4811=VERTEX_POINT('',#16840);
#4812=VERTEX_POINT('',#16842);
#4813=VERTEX_POINT('',#16846);
#4814=VERTEX_POINT('',#16848);
#4815=VERTEX_POINT('',#16852);
#4816=VERTEX_POINT('',#16854);
#4817=VERTEX_POINT('',#16858);
#4818=VERTEX_POINT('',#16860);
#4819=VERTEX_POINT('',#16867);
#4820=VERTEX_POINT('',#16868);
#4821=VERTEX_POINT('',#16870);
#4822=VERTEX_POINT('',#16872);
#4823=VERTEX_POINT('',#16876);
#4824=VERTEX_POINT('',#16878);
#4825=VERTEX_POINT('',#16882);
#4826=VERTEX_POINT('',#16884);
#4827=VERTEX_POINT('',#16888);
#4828=VERTEX_POINT('',#16890);
#4829=VERTEX_POINT('',#16894);
#4830=VERTEX_POINT('',#16896);
#4831=VERTEX_POINT('',#16900);
#4832=VERTEX_POINT('',#16902);
#4833=VERTEX_POINT('',#16906);
#4834=VERTEX_POINT('',#16908);
#4835=VERTEX_POINT('',#16915);
#4836=VERTEX_POINT('',#16916);
#4837=VERTEX_POINT('',#16918);
#4838=VERTEX_POINT('',#16920);
#4839=VERTEX_POINT('',#16924);
#4840=VERTEX_POINT('',#16926);
#4841=VERTEX_POINT('',#16930);
#4842=VERTEX_POINT('',#16932);
#4843=VERTEX_POINT('',#16936);
#4844=VERTEX_POINT('',#16938);
#4845=VERTEX_POINT('',#16942);
#4846=VERTEX_POINT('',#16944);
#4847=VERTEX_POINT('',#16948);
#4848=VERTEX_POINT('',#16950);
#4849=VERTEX_POINT('',#16954);
#4850=VERTEX_POINT('',#16956);
#4851=VERTEX_POINT('',#16963);
#4852=VERTEX_POINT('',#16964);
#4853=VERTEX_POINT('',#16966);
#4854=VERTEX_POINT('',#16968);
#4855=VERTEX_POINT('',#16972);
#4856=VERTEX_POINT('',#16974);
#4857=VERTEX_POINT('',#16978);
#4858=VERTEX_POINT('',#16980);
#4859=VERTEX_POINT('',#16984);
#4860=VERTEX_POINT('',#16986);
#4861=VERTEX_POINT('',#16990);
#4862=VERTEX_POINT('',#16992);
#4863=VERTEX_POINT('',#16996);
#4864=VERTEX_POINT('',#16998);
#4865=VERTEX_POINT('',#17002);
#4866=VERTEX_POINT('',#17004);
#4867=VERTEX_POINT('',#17011);
#4868=VERTEX_POINT('',#17012);
#4869=VERTEX_POINT('',#17014);
#4870=VERTEX_POINT('',#17016);
#4871=VERTEX_POINT('',#17020);
#4872=VERTEX_POINT('',#17022);
#4873=VERTEX_POINT('',#17026);
#4874=VERTEX_POINT('',#17028);
#4875=VERTEX_POINT('',#17032);
#4876=VERTEX_POINT('',#17034);
#4877=VERTEX_POINT('',#17038);
#4878=VERTEX_POINT('',#17040);
#4879=VERTEX_POINT('',#17044);
#4880=VERTEX_POINT('',#17046);
#4881=VERTEX_POINT('',#17050);
#4882=VERTEX_POINT('',#17052);
#4883=VERTEX_POINT('',#17059);
#4884=VERTEX_POINT('',#17060);
#4885=VERTEX_POINT('',#17062);
#4886=VERTEX_POINT('',#17064);
#4887=VERTEX_POINT('',#17068);
#4888=VERTEX_POINT('',#17069);
#4889=VERTEX_POINT('',#17074);
#4890=VERTEX_POINT('',#17075);
#4891=VERTEX_POINT('',#17077);
#4892=VERTEX_POINT('',#17079);
#4893=VERTEX_POINT('',#17081);
#4894=VERTEX_POINT('',#17083);
#4895=VERTEX_POINT('',#17085);
#4896=VERTEX_POINT('',#17087);
#4897=VERTEX_POINT('',#17089);
#4898=VERTEX_POINT('',#17091);
#4899=VERTEX_POINT('',#17093);
#4900=VERTEX_POINT('',#17095);
#4901=VERTEX_POINT('',#17097);
#4902=VERTEX_POINT('',#17099);
#4903=VERTEX_POINT('',#17101);
#4904=VERTEX_POINT('',#17103);
#4905=VERTEX_POINT('',#17105);
#4906=VERTEX_POINT('',#17107);
#4907=VERTEX_POINT('',#17109);
#4908=VERTEX_POINT('',#17111);
#4909=VERTEX_POINT('',#17113);
#4910=VERTEX_POINT('',#17115);
#4911=VERTEX_POINT('',#17117);
#4912=VERTEX_POINT('',#17119);
#4913=VERTEX_POINT('',#17121);
#4914=VERTEX_POINT('',#17123);
#4915=VERTEX_POINT('',#17125);
#4916=VERTEX_POINT('',#17127);
#4917=VERTEX_POINT('',#17129);
#4918=VERTEX_POINT('',#17131);
#4919=VERTEX_POINT('',#17133);
#4920=VERTEX_POINT('',#17135);
#4921=VERTEX_POINT('',#17137);
#4922=VERTEX_POINT('',#17139);
#4923=VERTEX_POINT('',#17141);
#4924=VERTEX_POINT('',#17143);
#4925=VERTEX_POINT('',#17145);
#4926=VERTEX_POINT('',#17148);
#4927=VERTEX_POINT('',#17150);
#4928=VERTEX_POINT('',#17152);
#4929=VERTEX_POINT('',#17154);
#4930=VERTEX_POINT('',#17156);
#4931=VERTEX_POINT('',#17158);
#4932=VERTEX_POINT('',#17160);
#4933=VERTEX_POINT('',#17162);
#4934=VERTEX_POINT('',#17164);
#4935=VERTEX_POINT('',#17166);
#4936=VERTEX_POINT('',#17168);
#4937=VERTEX_POINT('',#17170);
#4938=VERTEX_POINT('',#17172);
#4939=VERTEX_POINT('',#17174);
#4940=VERTEX_POINT('',#17176);
#4941=VERTEX_POINT('',#17178);
#4942=VERTEX_POINT('',#17180);
#4943=VERTEX_POINT('',#17182);
#4944=VERTEX_POINT('',#17184);
#4945=VERTEX_POINT('',#17186);
#4946=VERTEX_POINT('',#17188);
#4947=VERTEX_POINT('',#17190);
#4948=VERTEX_POINT('',#17192);
#4949=VERTEX_POINT('',#17194);
#4950=VERTEX_POINT('',#17196);
#4951=VERTEX_POINT('',#17198);
#4952=VERTEX_POINT('',#17200);
#4953=VERTEX_POINT('',#17202);
#4954=VERTEX_POINT('',#17204);
#4955=VERTEX_POINT('',#17206);
#4956=VERTEX_POINT('',#17208);
#4957=VERTEX_POINT('',#17210);
#4958=VERTEX_POINT('',#17212);
#4959=VERTEX_POINT('',#17214);
#4960=VERTEX_POINT('',#17216);
#4961=VERTEX_POINT('',#17220);
#4962=VERTEX_POINT('',#17222);
#4963=VERTEX_POINT('',#17224);
#4964=VERTEX_POINT('',#17226);
#4965=VERTEX_POINT('',#17228);
#4966=VERTEX_POINT('',#17230);
#4967=VERTEX_POINT('',#17232);
#4968=VERTEX_POINT('',#17234);
#4969=VERTEX_POINT('',#17236);
#4970=VERTEX_POINT('',#17238);
#4971=VERTEX_POINT('',#17240);
#4972=VERTEX_POINT('',#17242);
#4973=VERTEX_POINT('',#17244);
#4974=VERTEX_POINT('',#17246);
#4975=VERTEX_POINT('',#17248);
#4976=VERTEX_POINT('',#17250);
#4977=VERTEX_POINT('',#17252);
#4978=VERTEX_POINT('',#17254);
#4979=VERTEX_POINT('',#17256);
#4980=VERTEX_POINT('',#17258);
#4981=VERTEX_POINT('',#17260);
#4982=VERTEX_POINT('',#17262);
#4983=VERTEX_POINT('',#17264);
#4984=VERTEX_POINT('',#17266);
#4985=VERTEX_POINT('',#17268);
#4986=VERTEX_POINT('',#17270);
#4987=VERTEX_POINT('',#17272);
#4988=VERTEX_POINT('',#17274);
#4989=VERTEX_POINT('',#17276);
#4990=VERTEX_POINT('',#17278);
#4991=VERTEX_POINT('',#17280);
#4992=VERTEX_POINT('',#17282);
#4993=VERTEX_POINT('',#17284);
#4994=VERTEX_POINT('',#17286);
#4995=VERTEX_POINT('',#17288);
#4996=VERTEX_POINT('',#17290);
#4997=VERTEX_POINT('',#17292);
#4998=VERTEX_POINT('',#17294);
#4999=VERTEX_POINT('',#17296);
#5000=VERTEX_POINT('',#17298);
#5001=VERTEX_POINT('',#17300);
#5002=VERTEX_POINT('',#17302);
#5003=VERTEX_POINT('',#17304);
#5004=VERTEX_POINT('',#17306);
#5005=VERTEX_POINT('',#17308);
#5006=VERTEX_POINT('',#17310);
#5007=VERTEX_POINT('',#17312);
#5008=VERTEX_POINT('',#17314);
#5009=VERTEX_POINT('',#17316);
#5010=VERTEX_POINT('',#17318);
#5011=VERTEX_POINT('',#17320);
#5012=VERTEX_POINT('',#17322);
#5013=VERTEX_POINT('',#17324);
#5014=VERTEX_POINT('',#17326);
#5015=VERTEX_POINT('',#17328);
#5016=VERTEX_POINT('',#17330);
#5017=VERTEX_POINT('',#17332);
#5018=VERTEX_POINT('',#17334);
#5019=VERTEX_POINT('',#17336);
#5020=VERTEX_POINT('',#17338);
#5021=VERTEX_POINT('',#17340);
#5022=VERTEX_POINT('',#17342);
#5023=VERTEX_POINT('',#17344);
#5024=VERTEX_POINT('',#17346);
#5025=VERTEX_POINT('',#17348);
#5026=VERTEX_POINT('',#17350);
#5027=VERTEX_POINT('',#17352);
#5028=VERTEX_POINT('',#17354);
#5029=VERTEX_POINT('',#17356);
#5030=VERTEX_POINT('',#17358);
#5031=VERTEX_POINT('',#17360);
#5032=VERTEX_POINT('',#17362);
#5033=EDGE_CURVE('',#4019,#4020,#1985,.T.);
#5034=EDGE_CURVE('',#4019,#4021,#1986,.T.);
#5035=EDGE_CURVE('',#4022,#4021,#1987,.T.);
#5036=EDGE_CURVE('',#4020,#4022,#1988,.T.);
#5037=EDGE_CURVE('',#4023,#4019,#119,.T.);
#5038=EDGE_CURVE('',#4023,#4024,#1989,.T.);
#5039=EDGE_CURVE('',#4021,#4024,#120,.T.);
#5040=EDGE_CURVE('',#4025,#4023,#1990,.T.);
#5041=EDGE_CURVE('',#4025,#4026,#1991,.T.);
#5042=EDGE_CURVE('',#4024,#4026,#1992,.T.);
#5043=EDGE_CURVE('',#4027,#4025,#121,.T.);
#5044=EDGE_CURVE('',#4027,#4028,#1993,.T.);
#5045=EDGE_CURVE('',#4026,#4028,#122,.T.);
#5046=EDGE_CURVE('',#4029,#4027,#1994,.T.);
#5047=EDGE_CURVE('',#4029,#4030,#1995,.T.);
#5048=EDGE_CURVE('',#4028,#4030,#1996,.T.);
#5049=EDGE_CURVE('',#4031,#4029,#123,.T.);
#5050=EDGE_CURVE('',#4031,#4032,#1997,.T.);
#5051=EDGE_CURVE('',#4030,#4032,#124,.T.);
#5052=EDGE_CURVE('',#4033,#4031,#1998,.T.);
#5053=EDGE_CURVE('',#4033,#4034,#1999,.T.);
#5054=EDGE_CURVE('',#4032,#4034,#2000,.T.);
#5055=EDGE_CURVE('',#4020,#4033,#125,.T.);
#5056=EDGE_CURVE('',#4034,#4022,#126,.T.);
#5057=EDGE_CURVE('',#4035,#4036,#2001,.T.);
#5058=EDGE_CURVE('',#4035,#4037,#2002,.T.);
#5059=EDGE_CURVE('',#4038,#4037,#2003,.T.);
#5060=EDGE_CURVE('',#4036,#4038,#2004,.T.);
#5061=EDGE_CURVE('',#4039,#4035,#127,.T.);
#5062=EDGE_CURVE('',#4039,#4040,#2005,.T.);
#5063=EDGE_CURVE('',#4037,#4040,#128,.T.);
#5064=EDGE_CURVE('',#4041,#4039,#2006,.T.);
#5065=EDGE_CURVE('',#4041,#4042,#2007,.T.);
#5066=EDGE_CURVE('',#4040,#4042,#2008,.T.);
#5067=EDGE_CURVE('',#4043,#4041,#129,.T.);
#5068=EDGE_CURVE('',#4043,#4044,#2009,.T.);
#5069=EDGE_CURVE('',#4042,#4044,#130,.T.);
#5070=EDGE_CURVE('',#4045,#4043,#2010,.T.);
#5071=EDGE_CURVE('',#4045,#4046,#2011,.T.);
#5072=EDGE_CURVE('',#4044,#4046,#2012,.T.);
#5073=EDGE_CURVE('',#4047,#4045,#131,.T.);
#5074=EDGE_CURVE('',#4047,#4048,#2013,.T.);
#5075=EDGE_CURVE('',#4046,#4048,#132,.T.);
#5076=EDGE_CURVE('',#4049,#4047,#2014,.T.);
#5077=EDGE_CURVE('',#4049,#4050,#2015,.T.);
#5078=EDGE_CURVE('',#4048,#4050,#2016,.T.);
#5079=EDGE_CURVE('',#4036,#4049,#133,.T.);
#5080=EDGE_CURVE('',#4050,#4038,#134,.T.);
#5081=EDGE_CURVE('',#4051,#4052,#2017,.T.);
#5082=EDGE_CURVE('',#4051,#4053,#2018,.T.);
#5083=EDGE_CURVE('',#4054,#4053,#2019,.T.);
#5084=EDGE_CURVE('',#4052,#4054,#2020,.T.);
#5085=EDGE_CURVE('',#4055,#4051,#135,.T.);
#5086=EDGE_CURVE('',#4055,#4056,#2021,.T.);
#5087=EDGE_CURVE('',#4053,#4056,#136,.T.);
#5088=EDGE_CURVE('',#4057,#4055,#2022,.T.);
#5089=EDGE_CURVE('',#4057,#4058,#2023,.T.);
#5090=EDGE_CURVE('',#4056,#4058,#2024,.T.);
#5091=EDGE_CURVE('',#4059,#4057,#137,.T.);
#5092=EDGE_CURVE('',#4059,#4060,#2025,.T.);
#5093=EDGE_CURVE('',#4058,#4060,#138,.T.);
#5094=EDGE_CURVE('',#4061,#4059,#2026,.T.);
#5095=EDGE_CURVE('',#4061,#4062,#2027,.T.);
#5096=EDGE_CURVE('',#4060,#4062,#2028,.T.);
#5097=EDGE_CURVE('',#4063,#4061,#139,.T.);
#5098=EDGE_CURVE('',#4063,#4064,#2029,.T.);
#5099=EDGE_CURVE('',#4062,#4064,#140,.T.);
#5100=EDGE_CURVE('',#4065,#4063,#2030,.T.);
#5101=EDGE_CURVE('',#4065,#4066,#2031,.T.);
#5102=EDGE_CURVE('',#4064,#4066,#2032,.T.);
#5103=EDGE_CURVE('',#4052,#4065,#141,.T.);
#5104=EDGE_CURVE('',#4066,#4054,#142,.T.);
#5105=EDGE_CURVE('',#4067,#4068,#2033,.T.);
#5106=EDGE_CURVE('',#4067,#4069,#2034,.T.);
#5107=EDGE_CURVE('',#4070,#4069,#2035,.T.);
#5108=EDGE_CURVE('',#4068,#4070,#2036,.T.);
#5109=EDGE_CURVE('',#4071,#4067,#143,.T.);
#5110=EDGE_CURVE('',#4071,#4072,#2037,.T.);
#5111=EDGE_CURVE('',#4069,#4072,#144,.T.);
#5112=EDGE_CURVE('',#4073,#4071,#2038,.T.);
#5113=EDGE_CURVE('',#4073,#4074,#2039,.T.);
#5114=EDGE_CURVE('',#4072,#4074,#2040,.T.);
#5115=EDGE_CURVE('',#4075,#4073,#145,.T.);
#5116=EDGE_CURVE('',#4075,#4076,#2041,.T.);
#5117=EDGE_CURVE('',#4074,#4076,#146,.T.);
#5118=EDGE_CURVE('',#4077,#4075,#2042,.T.);
#5119=EDGE_CURVE('',#4077,#4078,#2043,.T.);
#5120=EDGE_CURVE('',#4076,#4078,#2044,.T.);
#5121=EDGE_CURVE('',#4079,#4077,#147,.T.);
#5122=EDGE_CURVE('',#4079,#4080,#2045,.T.);
#5123=EDGE_CURVE('',#4078,#4080,#148,.T.);
#5124=EDGE_CURVE('',#4081,#4079,#2046,.T.);
#5125=EDGE_CURVE('',#4081,#4082,#2047,.T.);
#5126=EDGE_CURVE('',#4080,#4082,#2048,.T.);
#5127=EDGE_CURVE('',#4068,#4081,#149,.T.);
#5128=EDGE_CURVE('',#4082,#4070,#150,.T.);
#5129=EDGE_CURVE('',#4083,#4084,#2049,.T.);
#5130=EDGE_CURVE('',#4083,#4085,#2050,.T.);
#5131=EDGE_CURVE('',#4086,#4085,#2051,.T.);
#5132=EDGE_CURVE('',#4084,#4086,#2052,.T.);
#5133=EDGE_CURVE('',#4087,#4083,#151,.T.);
#5134=EDGE_CURVE('',#4087,#4088,#2053,.T.);
#5135=EDGE_CURVE('',#4085,#4088,#152,.T.);
#5136=EDGE_CURVE('',#4089,#4087,#2054,.T.);
#5137=EDGE_CURVE('',#4089,#4090,#2055,.T.);
#5138=EDGE_CURVE('',#4088,#4090,#2056,.T.);
#5139=EDGE_CURVE('',#4091,#4089,#153,.T.);
#5140=EDGE_CURVE('',#4091,#4092,#2057,.T.);
#5141=EDGE_CURVE('',#4090,#4092,#154,.T.);
#5142=EDGE_CURVE('',#4093,#4091,#2058,.T.);
#5143=EDGE_CURVE('',#4093,#4094,#2059,.T.);
#5144=EDGE_CURVE('',#4092,#4094,#2060,.T.);
#5145=EDGE_CURVE('',#4095,#4093,#155,.T.);
#5146=EDGE_CURVE('',#4095,#4096,#2061,.T.);
#5147=EDGE_CURVE('',#4094,#4096,#156,.T.);
#5148=EDGE_CURVE('',#4097,#4095,#2062,.T.);
#5149=EDGE_CURVE('',#4097,#4098,#2063,.T.);
#5150=EDGE_CURVE('',#4096,#4098,#2064,.T.);
#5151=EDGE_CURVE('',#4084,#4097,#157,.T.);
#5152=EDGE_CURVE('',#4098,#4086,#158,.T.);
#5153=EDGE_CURVE('',#4099,#4100,#2065,.T.);
#5154=EDGE_CURVE('',#4099,#4101,#2066,.T.);
#5155=EDGE_CURVE('',#4102,#4101,#2067,.T.);
#5156=EDGE_CURVE('',#4100,#4102,#2068,.T.);
#5157=EDGE_CURVE('',#4103,#4099,#159,.T.);
#5158=EDGE_CURVE('',#4103,#4104,#2069,.T.);
#5159=EDGE_CURVE('',#4101,#4104,#160,.T.);
#5160=EDGE_CURVE('',#4105,#4103,#2070,.T.);
#5161=EDGE_CURVE('',#4105,#4106,#2071,.T.);
#5162=EDGE_CURVE('',#4104,#4106,#2072,.T.);
#5163=EDGE_CURVE('',#4107,#4105,#161,.T.);
#5164=EDGE_CURVE('',#4107,#4108,#2073,.T.);
#5165=EDGE_CURVE('',#4106,#4108,#162,.T.);
#5166=EDGE_CURVE('',#4109,#4107,#2074,.T.);
#5167=EDGE_CURVE('',#4109,#4110,#2075,.T.);
#5168=EDGE_CURVE('',#4108,#4110,#2076,.T.);
#5169=EDGE_CURVE('',#4111,#4109,#163,.T.);
#5170=EDGE_CURVE('',#4111,#4112,#2077,.T.);
#5171=EDGE_CURVE('',#4110,#4112,#164,.T.);
#5172=EDGE_CURVE('',#4113,#4111,#2078,.T.);
#5173=EDGE_CURVE('',#4113,#4114,#2079,.T.);
#5174=EDGE_CURVE('',#4112,#4114,#2080,.T.);
#5175=EDGE_CURVE('',#4100,#4113,#165,.T.);
#5176=EDGE_CURVE('',#4114,#4102,#166,.T.);
#5177=EDGE_CURVE('',#4115,#4116,#2081,.T.);
#5178=EDGE_CURVE('',#4115,#4117,#2082,.T.);
#5179=EDGE_CURVE('',#4118,#4117,#2083,.T.);
#5180=EDGE_CURVE('',#4116,#4118,#2084,.T.);
#5181=EDGE_CURVE('',#4119,#4115,#167,.T.);
#5182=EDGE_CURVE('',#4119,#4120,#2085,.T.);
#5183=EDGE_CURVE('',#4117,#4120,#168,.T.);
#5184=EDGE_CURVE('',#4121,#4119,#2086,.T.);
#5185=EDGE_CURVE('',#4121,#4122,#2087,.T.);
#5186=EDGE_CURVE('',#4120,#4122,#2088,.T.);
#5187=EDGE_CURVE('',#4123,#4121,#169,.T.);
#5188=EDGE_CURVE('',#4123,#4124,#2089,.T.);
#5189=EDGE_CURVE('',#4122,#4124,#170,.T.);
#5190=EDGE_CURVE('',#4125,#4123,#2090,.T.);
#5191=EDGE_CURVE('',#4125,#4126,#2091,.T.);
#5192=EDGE_CURVE('',#4124,#4126,#2092,.T.);
#5193=EDGE_CURVE('',#4127,#4125,#171,.T.);
#5194=EDGE_CURVE('',#4127,#4128,#2093,.T.);
#5195=EDGE_CURVE('',#4126,#4128,#172,.T.);
#5196=EDGE_CURVE('',#4129,#4127,#2094,.T.);
#5197=EDGE_CURVE('',#4129,#4130,#2095,.T.);
#5198=EDGE_CURVE('',#4128,#4130,#2096,.T.);
#5199=EDGE_CURVE('',#4116,#4129,#173,.T.);
#5200=EDGE_CURVE('',#4130,#4118,#174,.T.);
#5201=EDGE_CURVE('',#4131,#4132,#2097,.T.);
#5202=EDGE_CURVE('',#4131,#4133,#2098,.T.);
#5203=EDGE_CURVE('',#4134,#4133,#2099,.T.);
#5204=EDGE_CURVE('',#4132,#4134,#2100,.T.);
#5205=EDGE_CURVE('',#4135,#4131,#175,.T.);
#5206=EDGE_CURVE('',#4135,#4136,#2101,.T.);
#5207=EDGE_CURVE('',#4133,#4136,#176,.T.);
#5208=EDGE_CURVE('',#4137,#4135,#2102,.T.);
#5209=EDGE_CURVE('',#4137,#4138,#2103,.T.);
#5210=EDGE_CURVE('',#4136,#4138,#2104,.T.);
#5211=EDGE_CURVE('',#4139,#4137,#177,.T.);
#5212=EDGE_CURVE('',#4139,#4140,#2105,.T.);
#5213=EDGE_CURVE('',#4138,#4140,#178,.T.);
#5214=EDGE_CURVE('',#4141,#4139,#2106,.T.);
#5215=EDGE_CURVE('',#4141,#4142,#2107,.T.);
#5216=EDGE_CURVE('',#4140,#4142,#2108,.T.);
#5217=EDGE_CURVE('',#4143,#4141,#179,.T.);
#5218=EDGE_CURVE('',#4143,#4144,#2109,.T.);
#5219=EDGE_CURVE('',#4142,#4144,#180,.T.);
#5220=EDGE_CURVE('',#4145,#4143,#2110,.T.);
#5221=EDGE_CURVE('',#4145,#4146,#2111,.T.);
#5222=EDGE_CURVE('',#4144,#4146,#2112,.T.);
#5223=EDGE_CURVE('',#4132,#4145,#181,.T.);
#5224=EDGE_CURVE('',#4146,#4134,#182,.T.);
#5225=EDGE_CURVE('',#4147,#4148,#2113,.T.);
#5226=EDGE_CURVE('',#4147,#4149,#2114,.T.);
#5227=EDGE_CURVE('',#4150,#4149,#2115,.T.);
#5228=EDGE_CURVE('',#4148,#4150,#2116,.T.);
#5229=EDGE_CURVE('',#4151,#4147,#183,.T.);
#5230=EDGE_CURVE('',#4151,#4152,#2117,.T.);
#5231=EDGE_CURVE('',#4149,#4152,#184,.T.);
#5232=EDGE_CURVE('',#4153,#4151,#2118,.T.);
#5233=EDGE_CURVE('',#4153,#4154,#2119,.T.);
#5234=EDGE_CURVE('',#4152,#4154,#2120,.T.);
#5235=EDGE_CURVE('',#4155,#4153,#185,.T.);
#5236=EDGE_CURVE('',#4155,#4156,#2121,.T.);
#5237=EDGE_CURVE('',#4154,#4156,#186,.T.);
#5238=EDGE_CURVE('',#4157,#4155,#2122,.T.);
#5239=EDGE_CURVE('',#4157,#4158,#2123,.T.);
#5240=EDGE_CURVE('',#4156,#4158,#2124,.T.);
#5241=EDGE_CURVE('',#4159,#4157,#187,.T.);
#5242=EDGE_CURVE('',#4159,#4160,#2125,.T.);
#5243=EDGE_CURVE('',#4158,#4160,#188,.T.);
#5244=EDGE_CURVE('',#4161,#4159,#2126,.T.);
#5245=EDGE_CURVE('',#4161,#4162,#2127,.T.);
#5246=EDGE_CURVE('',#4160,#4162,#2128,.T.);
#5247=EDGE_CURVE('',#4148,#4161,#189,.T.);
#5248=EDGE_CURVE('',#4162,#4150,#190,.T.);
#5249=EDGE_CURVE('',#4163,#4164,#2129,.T.);
#5250=EDGE_CURVE('',#4163,#4165,#2130,.T.);
#5251=EDGE_CURVE('',#4166,#4165,#2131,.T.);
#5252=EDGE_CURVE('',#4164,#4166,#2132,.T.);
#5253=EDGE_CURVE('',#4167,#4163,#191,.T.);
#5254=EDGE_CURVE('',#4167,#4168,#2133,.T.);
#5255=EDGE_CURVE('',#4165,#4168,#192,.T.);
#5256=EDGE_CURVE('',#4169,#4167,#2134,.T.);
#5257=EDGE_CURVE('',#4169,#4170,#2135,.T.);
#5258=EDGE_CURVE('',#4168,#4170,#2136,.T.);
#5259=EDGE_CURVE('',#4171,#4169,#193,.T.);
#5260=EDGE_CURVE('',#4171,#4172,#2137,.T.);
#5261=EDGE_CURVE('',#4170,#4172,#194,.T.);
#5262=EDGE_CURVE('',#4173,#4171,#2138,.T.);
#5263=EDGE_CURVE('',#4173,#4174,#2139,.T.);
#5264=EDGE_CURVE('',#4172,#4174,#2140,.T.);
#5265=EDGE_CURVE('',#4175,#4173,#195,.T.);
#5266=EDGE_CURVE('',#4175,#4176,#2141,.T.);
#5267=EDGE_CURVE('',#4174,#4176,#196,.T.);
#5268=EDGE_CURVE('',#4177,#4175,#2142,.T.);
#5269=EDGE_CURVE('',#4177,#4178,#2143,.T.);
#5270=EDGE_CURVE('',#4176,#4178,#2144,.T.);
#5271=EDGE_CURVE('',#4164,#4177,#197,.T.);
#5272=EDGE_CURVE('',#4178,#4166,#198,.T.);
#5273=EDGE_CURVE('',#4179,#4180,#2145,.T.);
#5274=EDGE_CURVE('',#4179,#4181,#2146,.T.);
#5275=EDGE_CURVE('',#4182,#4181,#2147,.T.);
#5276=EDGE_CURVE('',#4180,#4182,#2148,.T.);
#5277=EDGE_CURVE('',#4183,#4179,#199,.T.);
#5278=EDGE_CURVE('',#4183,#4184,#2149,.T.);
#5279=EDGE_CURVE('',#4181,#4184,#200,.T.);
#5280=EDGE_CURVE('',#4185,#4183,#2150,.T.);
#5281=EDGE_CURVE('',#4185,#4186,#2151,.T.);
#5282=EDGE_CURVE('',#4184,#4186,#2152,.T.);
#5283=EDGE_CURVE('',#4187,#4185,#201,.T.);
#5284=EDGE_CURVE('',#4187,#4188,#2153,.T.);
#5285=EDGE_CURVE('',#4186,#4188,#202,.T.);
#5286=EDGE_CURVE('',#4189,#4187,#2154,.T.);
#5287=EDGE_CURVE('',#4189,#4190,#2155,.T.);
#5288=EDGE_CURVE('',#4188,#4190,#2156,.T.);
#5289=EDGE_CURVE('',#4191,#4189,#203,.T.);
#5290=EDGE_CURVE('',#4191,#4192,#2157,.T.);
#5291=EDGE_CURVE('',#4190,#4192,#204,.T.);
#5292=EDGE_CURVE('',#4193,#4191,#2158,.T.);
#5293=EDGE_CURVE('',#4193,#4194,#2159,.T.);
#5294=EDGE_CURVE('',#4192,#4194,#2160,.T.);
#5295=EDGE_CURVE('',#4180,#4193,#205,.T.);
#5296=EDGE_CURVE('',#4194,#4182,#206,.T.);
#5297=EDGE_CURVE('',#4195,#4196,#2161,.T.);
#5298=EDGE_CURVE('',#4195,#4197,#2162,.T.);
#5299=EDGE_CURVE('',#4198,#4197,#2163,.T.);
#5300=EDGE_CURVE('',#4196,#4198,#2164,.T.);
#5301=EDGE_CURVE('',#4199,#4195,#207,.T.);
#5302=EDGE_CURVE('',#4199,#4200,#2165,.T.);
#5303=EDGE_CURVE('',#4197,#4200,#208,.T.);
#5304=EDGE_CURVE('',#4201,#4199,#2166,.T.);
#5305=EDGE_CURVE('',#4201,#4202,#2167,.T.);
#5306=EDGE_CURVE('',#4200,#4202,#2168,.T.);
#5307=EDGE_CURVE('',#4203,#4201,#209,.T.);
#5308=EDGE_CURVE('',#4203,#4204,#2169,.T.);
#5309=EDGE_CURVE('',#4202,#4204,#210,.T.);
#5310=EDGE_CURVE('',#4205,#4203,#2170,.T.);
#5311=EDGE_CURVE('',#4205,#4206,#2171,.T.);
#5312=EDGE_CURVE('',#4204,#4206,#2172,.T.);
#5313=EDGE_CURVE('',#4207,#4205,#211,.T.);
#5314=EDGE_CURVE('',#4207,#4208,#2173,.T.);
#5315=EDGE_CURVE('',#4206,#4208,#212,.T.);
#5316=EDGE_CURVE('',#4209,#4207,#2174,.T.);
#5317=EDGE_CURVE('',#4209,#4210,#2175,.T.);
#5318=EDGE_CURVE('',#4208,#4210,#2176,.T.);
#5319=EDGE_CURVE('',#4211,#4209,#213,.T.);
#5320=EDGE_CURVE('',#4211,#4212,#2177,.T.);
#5321=EDGE_CURVE('',#4210,#4212,#214,.T.);
#5322=EDGE_CURVE('',#4213,#4211,#2178,.T.);
#5323=EDGE_CURVE('',#4213,#4214,#2179,.T.);
#5324=EDGE_CURVE('',#4212,#4214,#2180,.T.);
#5325=EDGE_CURVE('',#4215,#4213,#215,.T.);
#5326=EDGE_CURVE('',#4215,#4216,#2181,.T.);
#5327=EDGE_CURVE('',#4214,#4216,#216,.T.);
#5328=EDGE_CURVE('',#4217,#4215,#2182,.T.);
#5329=EDGE_CURVE('',#4217,#4218,#2183,.T.);
#5330=EDGE_CURVE('',#4216,#4218,#2184,.T.);
#5331=EDGE_CURVE('',#4219,#4217,#217,.T.);
#5332=EDGE_CURVE('',#4219,#4220,#2185,.T.);
#5333=EDGE_CURVE('',#4218,#4220,#218,.T.);
#5334=EDGE_CURVE('',#4221,#4219,#2186,.T.);
#5335=EDGE_CURVE('',#4221,#4222,#2187,.T.);
#5336=EDGE_CURVE('',#4220,#4222,#2188,.T.);
#5337=EDGE_CURVE('',#4223,#4221,#219,.T.);
#5338=EDGE_CURVE('',#4223,#4224,#2189,.T.);
#5339=EDGE_CURVE('',#4222,#4224,#220,.T.);
#5340=EDGE_CURVE('',#4225,#4223,#2190,.T.);
#5341=EDGE_CURVE('',#4225,#4226,#2191,.T.);
#5342=EDGE_CURVE('',#4224,#4226,#2192,.T.);
#5343=EDGE_CURVE('',#4227,#4225,#221,.T.);
#5344=EDGE_CURVE('',#4227,#4228,#2193,.T.);
#5345=EDGE_CURVE('',#4226,#4228,#222,.T.);
#5346=EDGE_CURVE('',#4229,#4227,#2194,.T.);
#5347=EDGE_CURVE('',#4229,#4230,#2195,.T.);
#5348=EDGE_CURVE('',#4228,#4230,#2196,.T.);
#5349=EDGE_CURVE('',#4231,#4229,#223,.T.);
#5350=EDGE_CURVE('',#4231,#4232,#2197,.T.);
#5351=EDGE_CURVE('',#4230,#4232,#224,.T.);
#5352=EDGE_CURVE('',#4233,#4231,#2198,.T.);
#5353=EDGE_CURVE('',#4233,#4234,#2199,.T.);
#5354=EDGE_CURVE('',#4232,#4234,#2200,.T.);
#5355=EDGE_CURVE('',#4235,#4233,#225,.T.);
#5356=EDGE_CURVE('',#4235,#4236,#2201,.T.);
#5357=EDGE_CURVE('',#4234,#4236,#226,.T.);
#5358=EDGE_CURVE('',#4237,#4235,#2202,.T.);
#5359=EDGE_CURVE('',#4237,#4238,#2203,.T.);
#5360=EDGE_CURVE('',#4236,#4238,#2204,.T.);
#5361=EDGE_CURVE('',#4239,#4237,#227,.T.);
#5362=EDGE_CURVE('',#4239,#4240,#2205,.T.);
#5363=EDGE_CURVE('',#4238,#4240,#228,.T.);
#5364=EDGE_CURVE('',#4241,#4239,#2206,.T.);
#5365=EDGE_CURVE('',#4241,#4242,#2207,.T.);
#5366=EDGE_CURVE('',#4240,#4242,#2208,.T.);
#5367=EDGE_CURVE('',#4196,#4241,#229,.T.);
#5368=EDGE_CURVE('',#4242,#4198,#230,.T.);
#5369=EDGE_CURVE('',#4243,#4244,#231,.T.);
#5370=EDGE_CURVE('',#4243,#4245,#2209,.T.);
#5371=EDGE_CURVE('',#4246,#4245,#232,.T.);
#5372=EDGE_CURVE('',#4244,#4246,#2210,.T.);
#5373=EDGE_CURVE('',#4247,#4243,#2211,.T.);
#5374=EDGE_CURVE('',#4247,#4248,#2212,.T.);
#5375=EDGE_CURVE('',#4245,#4248,#2213,.T.);
#5376=EDGE_CURVE('',#4249,#4247,#233,.T.);
#5377=EDGE_CURVE('',#4249,#4250,#2214,.T.);
#5378=EDGE_CURVE('',#4248,#4250,#234,.T.);
#5379=EDGE_CURVE('',#4251,#4249,#2215,.T.);
#5380=EDGE_CURVE('',#4251,#4252,#2216,.T.);
#5381=EDGE_CURVE('',#4250,#4252,#2217,.T.);
#5382=EDGE_CURVE('',#4253,#4251,#235,.T.);
#5383=EDGE_CURVE('',#4253,#4254,#2218,.T.);
#5384=EDGE_CURVE('',#4252,#4254,#236,.T.);
#5385=EDGE_CURVE('',#4255,#4253,#2219,.T.);
#5386=EDGE_CURVE('',#4255,#4256,#2220,.T.);
#5387=EDGE_CURVE('',#4254,#4256,#2221,.T.);
#5388=EDGE_CURVE('',#4257,#4255,#237,.T.);
#5389=EDGE_CURVE('',#4257,#4258,#2222,.T.);
#5390=EDGE_CURVE('',#4256,#4258,#238,.T.);
#5391=EDGE_CURVE('',#4259,#4257,#2223,.T.);
#5392=EDGE_CURVE('',#4259,#4260,#2224,.T.);
#5393=EDGE_CURVE('',#4258,#4260,#2225,.T.);
#5394=EDGE_CURVE('',#4261,#4259,#239,.T.);
#5395=EDGE_CURVE('',#4261,#4262,#2226,.T.);
#5396=EDGE_CURVE('',#4260,#4262,#240,.T.);
#5397=EDGE_CURVE('',#4263,#4261,#2227,.T.);
#5398=EDGE_CURVE('',#4263,#4264,#2228,.T.);
#5399=EDGE_CURVE('',#4262,#4264,#2229,.T.);
#5400=EDGE_CURVE('',#4265,#4263,#241,.T.);
#5401=EDGE_CURVE('',#4265,#4266,#2230,.T.);
#5402=EDGE_CURVE('',#4264,#4266,#242,.T.);
#5403=EDGE_CURVE('',#4267,#4265,#2231,.T.);
#5404=EDGE_CURVE('',#4267,#4268,#2232,.T.);
#5405=EDGE_CURVE('',#4266,#4268,#2233,.T.);
#5406=EDGE_CURVE('',#4269,#4267,#243,.T.);
#5407=EDGE_CURVE('',#4269,#4270,#2234,.T.);
#5408=EDGE_CURVE('',#4268,#4270,#244,.T.);
#5409=EDGE_CURVE('',#4271,#4269,#2235,.T.);
#5410=EDGE_CURVE('',#4271,#4272,#2236,.T.);
#5411=EDGE_CURVE('',#4270,#4272,#2237,.T.);
#5412=EDGE_CURVE('',#4273,#4271,#245,.T.);
#5413=EDGE_CURVE('',#4273,#4274,#2238,.T.);
#5414=EDGE_CURVE('',#4272,#4274,#246,.T.);
#5415=EDGE_CURVE('',#4275,#4273,#2239,.T.);
#5416=EDGE_CURVE('',#4275,#4276,#2240,.T.);
#5417=EDGE_CURVE('',#4274,#4276,#2241,.T.);
#5418=EDGE_CURVE('',#4277,#4275,#247,.T.);
#5419=EDGE_CURVE('',#4277,#4278,#2242,.T.);
#5420=EDGE_CURVE('',#4276,#4278,#248,.T.);
#5421=EDGE_CURVE('',#4279,#4277,#2243,.T.);
#5422=EDGE_CURVE('',#4279,#4280,#2244,.T.);
#5423=EDGE_CURVE('',#4278,#4280,#2245,.T.);
#5424=EDGE_CURVE('',#4281,#4279,#249,.T.);
#5425=EDGE_CURVE('',#4281,#4282,#2246,.T.);
#5426=EDGE_CURVE('',#4280,#4282,#250,.T.);
#5427=EDGE_CURVE('',#4283,#4281,#2247,.T.);
#5428=EDGE_CURVE('',#4283,#4284,#2248,.T.);
#5429=EDGE_CURVE('',#4282,#4284,#2249,.T.);
#5430=EDGE_CURVE('',#4285,#4283,#251,.T.);
#5431=EDGE_CURVE('',#4285,#4286,#2250,.T.);
#5432=EDGE_CURVE('',#4284,#4286,#252,.T.);
#5433=EDGE_CURVE('',#4287,#4285,#2251,.T.);
#5434=EDGE_CURVE('',#4287,#4288,#2252,.T.);
#5435=EDGE_CURVE('',#4286,#4288,#2253,.T.);
#5436=EDGE_CURVE('',#4289,#4287,#253,.T.);
#5437=EDGE_CURVE('',#4289,#4290,#2254,.T.);
#5438=EDGE_CURVE('',#4288,#4290,#254,.T.);
#5439=EDGE_CURVE('',#4244,#4289,#2255,.T.);
#5440=EDGE_CURVE('',#4290,#4246,#2256,.T.);
#5441=EDGE_CURVE('',#4291,#4292,#2257,.T.);
#5442=EDGE_CURVE('',#4291,#4293,#2258,.T.);
#5443=EDGE_CURVE('',#4294,#4293,#2259,.T.);
#5444=EDGE_CURVE('',#4292,#4294,#2260,.T.);
#5445=EDGE_CURVE('',#4295,#4291,#255,.T.);
#5446=EDGE_CURVE('',#4295,#4296,#2261,.T.);
#5447=EDGE_CURVE('',#4293,#4296,#256,.T.);
#5448=EDGE_CURVE('',#4297,#4295,#2262,.T.);
#5449=EDGE_CURVE('',#4297,#4298,#2263,.T.);
#5450=EDGE_CURVE('',#4296,#4298,#2264,.T.);
#5451=EDGE_CURVE('',#4299,#4297,#257,.T.);
#5452=EDGE_CURVE('',#4299,#4300,#2265,.T.);
#5453=EDGE_CURVE('',#4298,#4300,#258,.T.);
#5454=EDGE_CURVE('',#4301,#4299,#2266,.T.);
#5455=EDGE_CURVE('',#4301,#4302,#2267,.T.);
#5456=EDGE_CURVE('',#4300,#4302,#2268,.T.);
#5457=EDGE_CURVE('',#4303,#4301,#259,.T.);
#5458=EDGE_CURVE('',#4303,#4304,#2269,.T.);
#5459=EDGE_CURVE('',#4302,#4304,#260,.T.);
#5460=EDGE_CURVE('',#4305,#4303,#2270,.T.);
#5461=EDGE_CURVE('',#4305,#4306,#2271,.T.);
#5462=EDGE_CURVE('',#4304,#4306,#2272,.T.);
#5463=EDGE_CURVE('',#4292,#4305,#261,.T.);
#5464=EDGE_CURVE('',#4306,#4294,#262,.T.);
#5465=EDGE_CURVE('',#4307,#4308,#2273,.T.);
#5466=EDGE_CURVE('',#4307,#4309,#2274,.T.);
#5467=EDGE_CURVE('',#4310,#4309,#2275,.T.);
#5468=EDGE_CURVE('',#4308,#4310,#2276,.T.);
#5469=EDGE_CURVE('',#4311,#4307,#263,.T.);
#5470=EDGE_CURVE('',#4311,#4312,#2277,.T.);
#5471=EDGE_CURVE('',#4309,#4312,#264,.T.);
#5472=EDGE_CURVE('',#4313,#4311,#2278,.T.);
#5473=EDGE_CURVE('',#4313,#4314,#2279,.T.);
#5474=EDGE_CURVE('',#4312,#4314,#2280,.T.);
#5475=EDGE_CURVE('',#4315,#4313,#265,.T.);
#5476=EDGE_CURVE('',#4315,#4316,#2281,.T.);
#5477=EDGE_CURVE('',#4314,#4316,#266,.T.);
#5478=EDGE_CURVE('',#4317,#4315,#2282,.T.);
#5479=EDGE_CURVE('',#4317,#4318,#2283,.T.);
#5480=EDGE_CURVE('',#4316,#4318,#2284,.T.);
#5481=EDGE_CURVE('',#4319,#4317,#267,.T.);
#5482=EDGE_CURVE('',#4319,#4320,#2285,.T.);
#5483=EDGE_CURVE('',#4318,#4320,#268,.T.);
#5484=EDGE_CURVE('',#4321,#4319,#2286,.T.);
#5485=EDGE_CURVE('',#4321,#4322,#2287,.T.);
#5486=EDGE_CURVE('',#4320,#4322,#2288,.T.);
#5487=EDGE_CURVE('',#4308,#4321,#269,.T.);
#5488=EDGE_CURVE('',#4322,#4310,#270,.T.);
#5489=EDGE_CURVE('',#4323,#4324,#2289,.T.);
#5490=EDGE_CURVE('',#4323,#4325,#2290,.T.);
#5491=EDGE_CURVE('',#4326,#4325,#2291,.T.);
#5492=EDGE_CURVE('',#4324,#4326,#2292,.T.);
#5493=EDGE_CURVE('',#4327,#4323,#271,.T.);
#5494=EDGE_CURVE('',#4327,#4328,#2293,.T.);
#5495=EDGE_CURVE('',#4325,#4328,#272,.T.);
#5496=EDGE_CURVE('',#4329,#4327,#2294,.T.);
#5497=EDGE_CURVE('',#4329,#4330,#2295,.T.);
#5498=EDGE_CURVE('',#4328,#4330,#2296,.T.);
#5499=EDGE_CURVE('',#4331,#4329,#273,.T.);
#5500=EDGE_CURVE('',#4331,#4332,#2297,.T.);
#5501=EDGE_CURVE('',#4330,#4332,#274,.T.);
#5502=EDGE_CURVE('',#4333,#4331,#2298,.T.);
#5503=EDGE_CURVE('',#4333,#4334,#2299,.T.);
#5504=EDGE_CURVE('',#4332,#4334,#2300,.T.);
#5505=EDGE_CURVE('',#4335,#4333,#275,.T.);
#5506=EDGE_CURVE('',#4335,#4336,#2301,.T.);
#5507=EDGE_CURVE('',#4334,#4336,#276,.T.);
#5508=EDGE_CURVE('',#4337,#4335,#2302,.T.);
#5509=EDGE_CURVE('',#4337,#4338,#2303,.T.);
#5510=EDGE_CURVE('',#4336,#4338,#2304,.T.);
#5511=EDGE_CURVE('',#4324,#4337,#277,.T.);
#5512=EDGE_CURVE('',#4338,#4326,#278,.T.);
#5513=EDGE_CURVE('',#4339,#4340,#2305,.T.);
#5514=EDGE_CURVE('',#4339,#4341,#2306,.T.);
#5515=EDGE_CURVE('',#4342,#4341,#2307,.T.);
#5516=EDGE_CURVE('',#4340,#4342,#2308,.T.);
#5517=EDGE_CURVE('',#4343,#4339,#279,.T.);
#5518=EDGE_CURVE('',#4343,#4344,#2309,.T.);
#5519=EDGE_CURVE('',#4341,#4344,#280,.T.);
#5520=EDGE_CURVE('',#4345,#4343,#2310,.T.);
#5521=EDGE_CURVE('',#4345,#4346,#2311,.T.);
#5522=EDGE_CURVE('',#4344,#4346,#2312,.T.);
#5523=EDGE_CURVE('',#4347,#4345,#281,.T.);
#5524=EDGE_CURVE('',#4347,#4348,#2313,.T.);
#5525=EDGE_CURVE('',#4346,#4348,#282,.T.);
#5526=EDGE_CURVE('',#4349,#4347,#2314,.T.);
#5527=EDGE_CURVE('',#4349,#4350,#2315,.T.);
#5528=EDGE_CURVE('',#4348,#4350,#2316,.T.);
#5529=EDGE_CURVE('',#4351,#4349,#283,.T.);
#5530=EDGE_CURVE('',#4351,#4352,#2317,.T.);
#5531=EDGE_CURVE('',#4350,#4352,#284,.T.);
#5532=EDGE_CURVE('',#4353,#4351,#2318,.T.);
#5533=EDGE_CURVE('',#4353,#4354,#2319,.T.);
#5534=EDGE_CURVE('',#4352,#4354,#2320,.T.);
#5535=EDGE_CURVE('',#4340,#4353,#285,.T.);
#5536=EDGE_CURVE('',#4354,#4342,#286,.T.);
#5537=EDGE_CURVE('',#4355,#4356,#2321,.T.);
#5538=EDGE_CURVE('',#4355,#4357,#2322,.T.);
#5539=EDGE_CURVE('',#4358,#4357,#2323,.T.);
#5540=EDGE_CURVE('',#4356,#4358,#2324,.T.);
#5541=EDGE_CURVE('',#4359,#4355,#287,.T.);
#5542=EDGE_CURVE('',#4359,#4360,#2325,.T.);
#5543=EDGE_CURVE('',#4357,#4360,#288,.T.);
#5544=EDGE_CURVE('',#4361,#4359,#2326,.T.);
#5545=EDGE_CURVE('',#4361,#4362,#2327,.T.);
#5546=EDGE_CURVE('',#4360,#4362,#2328,.T.);
#5547=EDGE_CURVE('',#4363,#4361,#289,.T.);
#5548=EDGE_CURVE('',#4363,#4364,#2329,.T.);
#5549=EDGE_CURVE('',#4362,#4364,#290,.T.);
#5550=EDGE_CURVE('',#4365,#4363,#2330,.T.);
#5551=EDGE_CURVE('',#4365,#4366,#2331,.T.);
#5552=EDGE_CURVE('',#4364,#4366,#2332,.T.);
#5553=EDGE_CURVE('',#4367,#4365,#291,.T.);
#5554=EDGE_CURVE('',#4367,#4368,#2333,.T.);
#5555=EDGE_CURVE('',#4366,#4368,#292,.T.);
#5556=EDGE_CURVE('',#4369,#4367,#2334,.T.);
#5557=EDGE_CURVE('',#4369,#4370,#2335,.T.);
#5558=EDGE_CURVE('',#4368,#4370,#2336,.T.);
#5559=EDGE_CURVE('',#4356,#4369,#293,.T.);
#5560=EDGE_CURVE('',#4370,#4358,#294,.T.);
#5561=EDGE_CURVE('',#4371,#4372,#2337,.T.);
#5562=EDGE_CURVE('',#4371,#4373,#2338,.T.);
#5563=EDGE_CURVE('',#4374,#4373,#2339,.T.);
#5564=EDGE_CURVE('',#4372,#4374,#2340,.T.);
#5565=EDGE_CURVE('',#4375,#4371,#295,.T.);
#5566=EDGE_CURVE('',#4375,#4376,#2341,.T.);
#5567=EDGE_CURVE('',#4373,#4376,#296,.T.);
#5568=EDGE_CURVE('',#4377,#4375,#2342,.T.);
#5569=EDGE_CURVE('',#4377,#4378,#2343,.T.);
#5570=EDGE_CURVE('',#4376,#4378,#2344,.T.);
#5571=EDGE_CURVE('',#4379,#4377,#297,.T.);
#5572=EDGE_CURVE('',#4379,#4380,#2345,.T.);
#5573=EDGE_CURVE('',#4378,#4380,#298,.T.);
#5574=EDGE_CURVE('',#4381,#4379,#2346,.T.);
#5575=EDGE_CURVE('',#4381,#4382,#2347,.T.);
#5576=EDGE_CURVE('',#4380,#4382,#2348,.T.);
#5577=EDGE_CURVE('',#4383,#4381,#299,.T.);
#5578=EDGE_CURVE('',#4383,#4384,#2349,.T.);
#5579=EDGE_CURVE('',#4382,#4384,#300,.T.);
#5580=EDGE_CURVE('',#4385,#4383,#2350,.T.);
#5581=EDGE_CURVE('',#4385,#4386,#2351,.T.);
#5582=EDGE_CURVE('',#4384,#4386,#2352,.T.);
#5583=EDGE_CURVE('',#4372,#4385,#301,.T.);
#5584=EDGE_CURVE('',#4386,#4374,#302,.T.);
#5585=EDGE_CURVE('',#4387,#4388,#2353,.T.);
#5586=EDGE_CURVE('',#4387,#4389,#2354,.T.);
#5587=EDGE_CURVE('',#4390,#4389,#2355,.T.);
#5588=EDGE_CURVE('',#4388,#4390,#2356,.T.);
#5589=EDGE_CURVE('',#4391,#4387,#303,.T.);
#5590=EDGE_CURVE('',#4391,#4392,#2357,.T.);
#5591=EDGE_CURVE('',#4389,#4392,#304,.T.);
#5592=EDGE_CURVE('',#4393,#4391,#2358,.T.);
#5593=EDGE_CURVE('',#4393,#4394,#2359,.T.);
#5594=EDGE_CURVE('',#4392,#4394,#2360,.T.);
#5595=EDGE_CURVE('',#4395,#4393,#305,.T.);
#5596=EDGE_CURVE('',#4395,#4396,#2361,.T.);
#5597=EDGE_CURVE('',#4394,#4396,#306,.T.);
#5598=EDGE_CURVE('',#4397,#4395,#2362,.T.);
#5599=EDGE_CURVE('',#4397,#4398,#2363,.T.);
#5600=EDGE_CURVE('',#4396,#4398,#2364,.T.);
#5601=EDGE_CURVE('',#4399,#4397,#307,.T.);
#5602=EDGE_CURVE('',#4399,#4400,#2365,.T.);
#5603=EDGE_CURVE('',#4398,#4400,#308,.T.);
#5604=EDGE_CURVE('',#4401,#4399,#2366,.T.);
#5605=EDGE_CURVE('',#4401,#4402,#2367,.T.);
#5606=EDGE_CURVE('',#4400,#4402,#2368,.T.);
#5607=EDGE_CURVE('',#4388,#4401,#309,.T.);
#5608=EDGE_CURVE('',#4402,#4390,#310,.T.);
#5609=EDGE_CURVE('',#4403,#4404,#2369,.T.);
#5610=EDGE_CURVE('',#4403,#4405,#2370,.T.);
#5611=EDGE_CURVE('',#4406,#4405,#2371,.T.);
#5612=EDGE_CURVE('',#4404,#4406,#2372,.T.);
#5613=EDGE_CURVE('',#4407,#4403,#311,.T.);
#5614=EDGE_CURVE('',#4407,#4408,#2373,.T.);
#5615=EDGE_CURVE('',#4405,#4408,#312,.T.);
#5616=EDGE_CURVE('',#4409,#4407,#2374,.T.);
#5617=EDGE_CURVE('',#4409,#4410,#2375,.T.);
#5618=EDGE_CURVE('',#4408,#4410,#2376,.T.);
#5619=EDGE_CURVE('',#4411,#4409,#313,.T.);
#5620=EDGE_CURVE('',#4411,#4412,#2377,.T.);
#5621=EDGE_CURVE('',#4410,#4412,#314,.T.);
#5622=EDGE_CURVE('',#4413,#4411,#2378,.T.);
#5623=EDGE_CURVE('',#4413,#4414,#2379,.T.);
#5624=EDGE_CURVE('',#4412,#4414,#2380,.T.);
#5625=EDGE_CURVE('',#4415,#4413,#315,.T.);
#5626=EDGE_CURVE('',#4415,#4416,#2381,.T.);
#5627=EDGE_CURVE('',#4414,#4416,#316,.T.);
#5628=EDGE_CURVE('',#4417,#4415,#2382,.T.);
#5629=EDGE_CURVE('',#4417,#4418,#2383,.T.);
#5630=EDGE_CURVE('',#4416,#4418,#2384,.T.);
#5631=EDGE_CURVE('',#4404,#4417,#317,.T.);
#5632=EDGE_CURVE('',#4418,#4406,#318,.T.);
#5633=EDGE_CURVE('',#4419,#4420,#2385,.T.);
#5634=EDGE_CURVE('',#4419,#4421,#2386,.T.);
#5635=EDGE_CURVE('',#4422,#4421,#2387,.T.);
#5636=EDGE_CURVE('',#4420,#4422,#2388,.T.);
#5637=EDGE_CURVE('',#4423,#4419,#319,.T.);
#5638=EDGE_CURVE('',#4423,#4424,#2389,.T.);
#5639=EDGE_CURVE('',#4421,#4424,#320,.T.);
#5640=EDGE_CURVE('',#4425,#4423,#2390,.T.);
#5641=EDGE_CURVE('',#4425,#4426,#2391,.T.);
#5642=EDGE_CURVE('',#4424,#4426,#2392,.T.);
#5643=EDGE_CURVE('',#4427,#4425,#321,.T.);
#5644=EDGE_CURVE('',#4427,#4428,#2393,.T.);
#5645=EDGE_CURVE('',#4426,#4428,#322,.T.);
#5646=EDGE_CURVE('',#4429,#4427,#2394,.T.);
#5647=EDGE_CURVE('',#4429,#4430,#2395,.T.);
#5648=EDGE_CURVE('',#4428,#4430,#2396,.T.);
#5649=EDGE_CURVE('',#4431,#4429,#323,.T.);
#5650=EDGE_CURVE('',#4431,#4432,#2397,.T.);
#5651=EDGE_CURVE('',#4430,#4432,#324,.T.);
#5652=EDGE_CURVE('',#4433,#4431,#2398,.T.);
#5653=EDGE_CURVE('',#4433,#4434,#2399,.T.);
#5654=EDGE_CURVE('',#4432,#4434,#2400,.T.);
#5655=EDGE_CURVE('',#4420,#4433,#325,.T.);
#5656=EDGE_CURVE('',#4434,#4422,#326,.T.);
#5657=EDGE_CURVE('',#4435,#4436,#2401,.T.);
#5658=EDGE_CURVE('',#4435,#4437,#2402,.T.);
#5659=EDGE_CURVE('',#4438,#4437,#2403,.T.);
#5660=EDGE_CURVE('',#4436,#4438,#2404,.T.);
#5661=EDGE_CURVE('',#4439,#4435,#327,.T.);
#5662=EDGE_CURVE('',#4439,#4440,#2405,.T.);
#5663=EDGE_CURVE('',#4437,#4440,#328,.T.);
#5664=EDGE_CURVE('',#4441,#4439,#2406,.T.);
#5665=EDGE_CURVE('',#4441,#4442,#2407,.T.);
#5666=EDGE_CURVE('',#4440,#4442,#2408,.T.);
#5667=EDGE_CURVE('',#4443,#4441,#329,.T.);
#5668=EDGE_CURVE('',#4443,#4444,#2409,.T.);
#5669=EDGE_CURVE('',#4442,#4444,#330,.T.);
#5670=EDGE_CURVE('',#4445,#4443,#2410,.T.);
#5671=EDGE_CURVE('',#4445,#4446,#2411,.T.);
#5672=EDGE_CURVE('',#4444,#4446,#2412,.T.);
#5673=EDGE_CURVE('',#4447,#4445,#331,.T.);
#5674=EDGE_CURVE('',#4447,#4448,#2413,.T.);
#5675=EDGE_CURVE('',#4446,#4448,#332,.T.);
#5676=EDGE_CURVE('',#4449,#4447,#2414,.T.);
#5677=EDGE_CURVE('',#4449,#4450,#2415,.T.);
#5678=EDGE_CURVE('',#4448,#4450,#2416,.T.);
#5679=EDGE_CURVE('',#4436,#4449,#333,.T.);
#5680=EDGE_CURVE('',#4450,#4438,#334,.T.);
#5681=EDGE_CURVE('',#4451,#4452,#2417,.T.);
#5682=EDGE_CURVE('',#4451,#4453,#2418,.T.);
#5683=EDGE_CURVE('',#4454,#4453,#2419,.T.);
#5684=EDGE_CURVE('',#4452,#4454,#2420,.T.);
#5685=EDGE_CURVE('',#4455,#4451,#335,.T.);
#5686=EDGE_CURVE('',#4455,#4456,#2421,.T.);
#5687=EDGE_CURVE('',#4453,#4456,#336,.T.);
#5688=EDGE_CURVE('',#4457,#4455,#2422,.T.);
#5689=EDGE_CURVE('',#4457,#4458,#2423,.T.);
#5690=EDGE_CURVE('',#4456,#4458,#2424,.T.);
#5691=EDGE_CURVE('',#4459,#4457,#337,.T.);
#5692=EDGE_CURVE('',#4459,#4460,#2425,.T.);
#5693=EDGE_CURVE('',#4458,#4460,#338,.T.);
#5694=EDGE_CURVE('',#4461,#4459,#2426,.T.);
#5695=EDGE_CURVE('',#4461,#4462,#2427,.T.);
#5696=EDGE_CURVE('',#4460,#4462,#2428,.T.);
#5697=EDGE_CURVE('',#4463,#4461,#339,.T.);
#5698=EDGE_CURVE('',#4463,#4464,#2429,.T.);
#5699=EDGE_CURVE('',#4462,#4464,#340,.T.);
#5700=EDGE_CURVE('',#4465,#4463,#2430,.T.);
#5701=EDGE_CURVE('',#4465,#4466,#2431,.T.);
#5702=EDGE_CURVE('',#4464,#4466,#2432,.T.);
#5703=EDGE_CURVE('',#4452,#4465,#341,.T.);
#5704=EDGE_CURVE('',#4466,#4454,#342,.T.);
#5705=EDGE_CURVE('',#4467,#4468,#2433,.T.);
#5706=EDGE_CURVE('',#4467,#4469,#2434,.T.);
#5707=EDGE_CURVE('',#4470,#4469,#2435,.T.);
#5708=EDGE_CURVE('',#4468,#4470,#2436,.T.);
#5709=EDGE_CURVE('',#4471,#4467,#343,.T.);
#5710=EDGE_CURVE('',#4471,#4472,#2437,.T.);
#5711=EDGE_CURVE('',#4469,#4472,#344,.T.);
#5712=EDGE_CURVE('',#4473,#4471,#2438,.T.);
#5713=EDGE_CURVE('',#4473,#4474,#2439,.T.);
#5714=EDGE_CURVE('',#4472,#4474,#2440,.T.);
#5715=EDGE_CURVE('',#4475,#4473,#345,.T.);
#5716=EDGE_CURVE('',#4475,#4476,#2441,.T.);
#5717=EDGE_CURVE('',#4474,#4476,#346,.T.);
#5718=EDGE_CURVE('',#4477,#4475,#2442,.T.);
#5719=EDGE_CURVE('',#4477,#4478,#2443,.T.);
#5720=EDGE_CURVE('',#4476,#4478,#2444,.T.);
#5721=EDGE_CURVE('',#4479,#4477,#347,.T.);
#5722=EDGE_CURVE('',#4479,#4480,#2445,.T.);
#5723=EDGE_CURVE('',#4478,#4480,#348,.T.);
#5724=EDGE_CURVE('',#4481,#4479,#2446,.T.);
#5725=EDGE_CURVE('',#4481,#4482,#2447,.T.);
#5726=EDGE_CURVE('',#4480,#4482,#2448,.T.);
#5727=EDGE_CURVE('',#4468,#4481,#349,.T.);
#5728=EDGE_CURVE('',#4482,#4470,#350,.T.);
#5729=EDGE_CURVE('',#4483,#4484,#2449,.T.);
#5730=EDGE_CURVE('',#4483,#4485,#2450,.T.);
#5731=EDGE_CURVE('',#4486,#4485,#2451,.T.);
#5732=EDGE_CURVE('',#4484,#4486,#2452,.T.);
#5733=EDGE_CURVE('',#4487,#4483,#351,.T.);
#5734=EDGE_CURVE('',#4487,#4488,#2453,.T.);
#5735=EDGE_CURVE('',#4485,#4488,#352,.T.);
#5736=EDGE_CURVE('',#4489,#4487,#2454,.T.);
#5737=EDGE_CURVE('',#4489,#4490,#2455,.T.);
#5738=EDGE_CURVE('',#4488,#4490,#2456,.T.);
#5739=EDGE_CURVE('',#4491,#4489,#353,.T.);
#5740=EDGE_CURVE('',#4491,#4492,#2457,.T.);
#5741=EDGE_CURVE('',#4490,#4492,#354,.T.);
#5742=EDGE_CURVE('',#4493,#4491,#2458,.T.);
#5743=EDGE_CURVE('',#4493,#4494,#2459,.T.);
#5744=EDGE_CURVE('',#4492,#4494,#2460,.T.);
#5745=EDGE_CURVE('',#4495,#4493,#355,.T.);
#5746=EDGE_CURVE('',#4495,#4496,#2461,.T.);
#5747=EDGE_CURVE('',#4494,#4496,#356,.T.);
#5748=EDGE_CURVE('',#4497,#4495,#2462,.T.);
#5749=EDGE_CURVE('',#4497,#4498,#2463,.T.);
#5750=EDGE_CURVE('',#4496,#4498,#2464,.T.);
#5751=EDGE_CURVE('',#4484,#4497,#357,.T.);
#5752=EDGE_CURVE('',#4498,#4486,#358,.T.);
#5753=EDGE_CURVE('',#4499,#4500,#2465,.T.);
#5754=EDGE_CURVE('',#4499,#4501,#2466,.T.);
#5755=EDGE_CURVE('',#4502,#4501,#2467,.T.);
#5756=EDGE_CURVE('',#4500,#4502,#2468,.T.);
#5757=EDGE_CURVE('',#4503,#4499,#359,.T.);
#5758=EDGE_CURVE('',#4503,#4504,#2469,.T.);
#5759=EDGE_CURVE('',#4501,#4504,#360,.T.);
#5760=EDGE_CURVE('',#4505,#4503,#2470,.T.);
#5761=EDGE_CURVE('',#4505,#4506,#2471,.T.);
#5762=EDGE_CURVE('',#4504,#4506,#2472,.T.);
#5763=EDGE_CURVE('',#4507,#4505,#361,.T.);
#5764=EDGE_CURVE('',#4507,#4508,#2473,.T.);
#5765=EDGE_CURVE('',#4506,#4508,#362,.T.);
#5766=EDGE_CURVE('',#4509,#4507,#2474,.T.);
#5767=EDGE_CURVE('',#4509,#4510,#2475,.T.);
#5768=EDGE_CURVE('',#4508,#4510,#2476,.T.);
#5769=EDGE_CURVE('',#4511,#4509,#363,.T.);
#5770=EDGE_CURVE('',#4511,#4512,#2477,.T.);
#5771=EDGE_CURVE('',#4510,#4512,#364,.T.);
#5772=EDGE_CURVE('',#4513,#4511,#2478,.T.);
#5773=EDGE_CURVE('',#4513,#4514,#2479,.T.);
#5774=EDGE_CURVE('',#4512,#4514,#2480,.T.);
#5775=EDGE_CURVE('',#4500,#4513,#365,.T.);
#5776=EDGE_CURVE('',#4514,#4502,#366,.T.);
#5777=EDGE_CURVE('',#4515,#4516,#2481,.T.);
#5778=EDGE_CURVE('',#4515,#4517,#2482,.T.);
#5779=EDGE_CURVE('',#4518,#4517,#2483,.T.);
#5780=EDGE_CURVE('',#4516,#4518,#2484,.T.);
#5781=EDGE_CURVE('',#4519,#4515,#367,.T.);
#5782=EDGE_CURVE('',#4519,#4520,#2485,.T.);
#5783=EDGE_CURVE('',#4517,#4520,#368,.T.);
#5784=EDGE_CURVE('',#4521,#4519,#2486,.T.);
#5785=EDGE_CURVE('',#4521,#4522,#2487,.T.);
#5786=EDGE_CURVE('',#4520,#4522,#2488,.T.);
#5787=EDGE_CURVE('',#4523,#4521,#369,.T.);
#5788=EDGE_CURVE('',#4523,#4524,#2489,.T.);
#5789=EDGE_CURVE('',#4522,#4524,#370,.T.);
#5790=EDGE_CURVE('',#4525,#4523,#2490,.T.);
#5791=EDGE_CURVE('',#4525,#4526,#2491,.T.);
#5792=EDGE_CURVE('',#4524,#4526,#2492,.T.);
#5793=EDGE_CURVE('',#4527,#4525,#371,.T.);
#5794=EDGE_CURVE('',#4527,#4528,#2493,.T.);
#5795=EDGE_CURVE('',#4526,#4528,#372,.T.);
#5796=EDGE_CURVE('',#4529,#4527,#2494,.T.);
#5797=EDGE_CURVE('',#4529,#4530,#2495,.T.);
#5798=EDGE_CURVE('',#4528,#4530,#2496,.T.);
#5799=EDGE_CURVE('',#4516,#4529,#373,.T.);
#5800=EDGE_CURVE('',#4530,#4518,#374,.T.);
#5801=EDGE_CURVE('',#4531,#4532,#2497,.T.);
#5802=EDGE_CURVE('',#4531,#4533,#2498,.T.);
#5803=EDGE_CURVE('',#4534,#4533,#2499,.T.);
#5804=EDGE_CURVE('',#4532,#4534,#2500,.T.);
#5805=EDGE_CURVE('',#4535,#4531,#375,.T.);
#5806=EDGE_CURVE('',#4535,#4536,#2501,.T.);
#5807=EDGE_CURVE('',#4533,#4536,#376,.T.);
#5808=EDGE_CURVE('',#4537,#4535,#2502,.T.);
#5809=EDGE_CURVE('',#4537,#4538,#2503,.T.);
#5810=EDGE_CURVE('',#4536,#4538,#2504,.T.);
#5811=EDGE_CURVE('',#4539,#4537,#377,.T.);
#5812=EDGE_CURVE('',#4539,#4540,#2505,.T.);
#5813=EDGE_CURVE('',#4538,#4540,#378,.T.);
#5814=EDGE_CURVE('',#4541,#4539,#2506,.T.);
#5815=EDGE_CURVE('',#4541,#4542,#2507,.T.);
#5816=EDGE_CURVE('',#4540,#4542,#2508,.T.);
#5817=EDGE_CURVE('',#4543,#4541,#379,.T.);
#5818=EDGE_CURVE('',#4543,#4544,#2509,.T.);
#5819=EDGE_CURVE('',#4542,#4544,#380,.T.);
#5820=EDGE_CURVE('',#4545,#4543,#2510,.T.);
#5821=EDGE_CURVE('',#4545,#4546,#2511,.T.);
#5822=EDGE_CURVE('',#4544,#4546,#2512,.T.);
#5823=EDGE_CURVE('',#4532,#4545,#381,.T.);
#5824=EDGE_CURVE('',#4546,#4534,#382,.T.);
#5825=EDGE_CURVE('',#4547,#4548,#2513,.T.);
#5826=EDGE_CURVE('',#4547,#4549,#2514,.T.);
#5827=EDGE_CURVE('',#4550,#4549,#2515,.T.);
#5828=EDGE_CURVE('',#4548,#4550,#2516,.T.);
#5829=EDGE_CURVE('',#4551,#4547,#383,.T.);
#5830=EDGE_CURVE('',#4551,#4552,#2517,.T.);
#5831=EDGE_CURVE('',#4549,#4552,#384,.T.);
#5832=EDGE_CURVE('',#4553,#4551,#2518,.T.);
#5833=EDGE_CURVE('',#4553,#4554,#2519,.T.);
#5834=EDGE_CURVE('',#4552,#4554,#2520,.T.);
#5835=EDGE_CURVE('',#4555,#4553,#385,.T.);
#5836=EDGE_CURVE('',#4555,#4556,#2521,.T.);
#5837=EDGE_CURVE('',#4554,#4556,#386,.T.);
#5838=EDGE_CURVE('',#4557,#4555,#2522,.T.);
#5839=EDGE_CURVE('',#4557,#4558,#2523,.T.);
#5840=EDGE_CURVE('',#4556,#4558,#2524,.T.);
#5841=EDGE_CURVE('',#4559,#4557,#387,.T.);
#5842=EDGE_CURVE('',#4559,#4560,#2525,.T.);
#5843=EDGE_CURVE('',#4558,#4560,#388,.T.);
#5844=EDGE_CURVE('',#4561,#4559,#2526,.T.);
#5845=EDGE_CURVE('',#4561,#4562,#2527,.T.);
#5846=EDGE_CURVE('',#4560,#4562,#2528,.T.);
#5847=EDGE_CURVE('',#4548,#4561,#389,.T.);
#5848=EDGE_CURVE('',#4562,#4550,#390,.T.);
#5849=EDGE_CURVE('',#4563,#4564,#2529,.T.);
#5850=EDGE_CURVE('',#4563,#4565,#2530,.T.);
#5851=EDGE_CURVE('',#4566,#4565,#2531,.T.);
#5852=EDGE_CURVE('',#4564,#4566,#2532,.T.);
#5853=EDGE_CURVE('',#4567,#4563,#391,.T.);
#5854=EDGE_CURVE('',#4567,#4568,#2533,.T.);
#5855=EDGE_CURVE('',#4565,#4568,#392,.T.);
#5856=EDGE_CURVE('',#4569,#4567,#2534,.T.);
#5857=EDGE_CURVE('',#4569,#4570,#2535,.T.);
#5858=EDGE_CURVE('',#4568,#4570,#2536,.T.);
#5859=EDGE_CURVE('',#4571,#4569,#393,.T.);
#5860=EDGE_CURVE('',#4571,#4572,#2537,.T.);
#5861=EDGE_CURVE('',#4570,#4572,#394,.T.);
#5862=EDGE_CURVE('',#4573,#4571,#2538,.T.);
#5863=EDGE_CURVE('',#4573,#4574,#2539,.T.);
#5864=EDGE_CURVE('',#4572,#4574,#2540,.T.);
#5865=EDGE_CURVE('',#4575,#4573,#395,.T.);
#5866=EDGE_CURVE('',#4575,#4576,#2541,.T.);
#5867=EDGE_CURVE('',#4574,#4576,#396,.T.);
#5868=EDGE_CURVE('',#4577,#4575,#2542,.T.);
#5869=EDGE_CURVE('',#4577,#4578,#2543,.T.);
#5870=EDGE_CURVE('',#4576,#4578,#2544,.T.);
#5871=EDGE_CURVE('',#4564,#4577,#397,.T.);
#5872=EDGE_CURVE('',#4578,#4566,#398,.T.);
#5873=EDGE_CURVE('',#4579,#4580,#2545,.T.);
#5874=EDGE_CURVE('',#4579,#4581,#2546,.T.);
#5875=EDGE_CURVE('',#4582,#4581,#2547,.T.);
#5876=EDGE_CURVE('',#4580,#4582,#2548,.T.);
#5877=EDGE_CURVE('',#4583,#4579,#399,.T.);
#5878=EDGE_CURVE('',#4583,#4584,#2549,.T.);
#5879=EDGE_CURVE('',#4581,#4584,#400,.T.);
#5880=EDGE_CURVE('',#4585,#4583,#2550,.T.);
#5881=EDGE_CURVE('',#4585,#4586,#2551,.T.);
#5882=EDGE_CURVE('',#4584,#4586,#2552,.T.);
#5883=EDGE_CURVE('',#4587,#4585,#401,.T.);
#5884=EDGE_CURVE('',#4587,#4588,#2553,.T.);
#5885=EDGE_CURVE('',#4586,#4588,#402,.T.);
#5886=EDGE_CURVE('',#4589,#4587,#2554,.T.);
#5887=EDGE_CURVE('',#4589,#4590,#2555,.T.);
#5888=EDGE_CURVE('',#4588,#4590,#2556,.T.);
#5889=EDGE_CURVE('',#4591,#4589,#403,.T.);
#5890=EDGE_CURVE('',#4591,#4592,#2557,.T.);
#5891=EDGE_CURVE('',#4590,#4592,#404,.T.);
#5892=EDGE_CURVE('',#4593,#4591,#2558,.T.);
#5893=EDGE_CURVE('',#4593,#4594,#2559,.T.);
#5894=EDGE_CURVE('',#4592,#4594,#2560,.T.);
#5895=EDGE_CURVE('',#4580,#4593,#405,.T.);
#5896=EDGE_CURVE('',#4594,#4582,#406,.T.);
#5897=EDGE_CURVE('',#4595,#4596,#407,.T.);
#5898=EDGE_CURVE('',#4595,#4597,#2561,.T.);
#5899=EDGE_CURVE('',#4598,#4597,#408,.T.);
#5900=EDGE_CURVE('',#4596,#4598,#2562,.T.);
#5901=EDGE_CURVE('',#4599,#4595,#2563,.T.);
#5902=EDGE_CURVE('',#4599,#4600,#2564,.T.);
#5903=EDGE_CURVE('',#4597,#4600,#2565,.T.);
#5904=EDGE_CURVE('',#4601,#4599,#409,.T.);
#5905=EDGE_CURVE('',#4601,#4602,#2566,.T.);
#5906=EDGE_CURVE('',#4600,#4602,#410,.T.);
#5907=EDGE_CURVE('',#4603,#4601,#2567,.T.);
#5908=EDGE_CURVE('',#4603,#4604,#2568,.T.);
#5909=EDGE_CURVE('',#4602,#4604,#2569,.T.);
#5910=EDGE_CURVE('',#4605,#4603,#411,.T.);
#5911=EDGE_CURVE('',#4605,#4606,#2570,.T.);
#5912=EDGE_CURVE('',#4604,#4606,#412,.T.);
#5913=EDGE_CURVE('',#4607,#4605,#2571,.T.);
#5914=EDGE_CURVE('',#4607,#4608,#2572,.T.);
#5915=EDGE_CURVE('',#4606,#4608,#2573,.T.);
#5916=EDGE_CURVE('',#4609,#4607,#413,.T.);
#5917=EDGE_CURVE('',#4609,#4610,#2574,.T.);
#5918=EDGE_CURVE('',#4608,#4610,#414,.T.);
#5919=EDGE_CURVE('',#4611,#4609,#2575,.T.);
#5920=EDGE_CURVE('',#4611,#4612,#2576,.T.);
#5921=EDGE_CURVE('',#4610,#4612,#2577,.T.);
#5922=EDGE_CURVE('',#4613,#4611,#415,.T.);
#5923=EDGE_CURVE('',#4613,#4614,#2578,.T.);
#5924=EDGE_CURVE('',#4612,#4614,#416,.T.);
#5925=EDGE_CURVE('',#4615,#4613,#2579,.T.);
#5926=EDGE_CURVE('',#4615,#4616,#2580,.T.);
#5927=EDGE_CURVE('',#4614,#4616,#2581,.T.);
#5928=EDGE_CURVE('',#4617,#4615,#417,.T.);
#5929=EDGE_CURVE('',#4617,#4618,#2582,.T.);
#5930=EDGE_CURVE('',#4616,#4618,#418,.T.);
#5931=EDGE_CURVE('',#4619,#4617,#2583,.T.);
#5932=EDGE_CURVE('',#4619,#4620,#2584,.T.);
#5933=EDGE_CURVE('',#4618,#4620,#2585,.T.);
#5934=EDGE_CURVE('',#4621,#4619,#419,.T.);
#5935=EDGE_CURVE('',#4621,#4622,#2586,.T.);
#5936=EDGE_CURVE('',#4620,#4622,#420,.T.);
#5937=EDGE_CURVE('',#4623,#4621,#2587,.T.);
#5938=EDGE_CURVE('',#4623,#4624,#2588,.T.);
#5939=EDGE_CURVE('',#4622,#4624,#2589,.T.);
#5940=EDGE_CURVE('',#4625,#4623,#421,.T.);
#5941=EDGE_CURVE('',#4625,#4626,#2590,.T.);
#5942=EDGE_CURVE('',#4624,#4626,#422,.T.);
#5943=EDGE_CURVE('',#4627,#4625,#2591,.T.);
#5944=EDGE_CURVE('',#4627,#4628,#2592,.T.);
#5945=EDGE_CURVE('',#4626,#4628,#2593,.T.);
#5946=EDGE_CURVE('',#4629,#4627,#423,.T.);
#5947=EDGE_CURVE('',#4629,#4630,#2594,.T.);
#5948=EDGE_CURVE('',#4628,#4630,#424,.T.);
#5949=EDGE_CURVE('',#4631,#4629,#2595,.T.);
#5950=EDGE_CURVE('',#4631,#4632,#2596,.T.);
#5951=EDGE_CURVE('',#4630,#4632,#2597,.T.);
#5952=EDGE_CURVE('',#4633,#4631,#425,.T.);
#5953=EDGE_CURVE('',#4633,#4634,#2598,.T.);
#5954=EDGE_CURVE('',#4632,#4634,#426,.T.);
#5955=EDGE_CURVE('',#4635,#4633,#2599,.T.);
#5956=EDGE_CURVE('',#4635,#4636,#2600,.T.);
#5957=EDGE_CURVE('',#4634,#4636,#2601,.T.);
#5958=EDGE_CURVE('',#4637,#4635,#427,.T.);
#5959=EDGE_CURVE('',#4637,#4638,#2602,.T.);
#5960=EDGE_CURVE('',#4636,#4638,#428,.T.);
#5961=EDGE_CURVE('',#4639,#4637,#2603,.T.);
#5962=EDGE_CURVE('',#4639,#4640,#2604,.T.);
#5963=EDGE_CURVE('',#4638,#4640,#2605,.T.);
#5964=EDGE_CURVE('',#4641,#4639,#429,.T.);
#5965=EDGE_CURVE('',#4641,#4642,#2606,.T.);
#5966=EDGE_CURVE('',#4640,#4642,#430,.T.);
#5967=EDGE_CURVE('',#4596,#4641,#2607,.T.);
#5968=EDGE_CURVE('',#4642,#4598,#2608,.T.);
#5969=EDGE_CURVE('',#4643,#4644,#431,.T.);
#5970=EDGE_CURVE('',#4643,#4645,#2609,.T.);
#5971=EDGE_CURVE('',#4646,#4645,#432,.T.);
#5972=EDGE_CURVE('',#4644,#4646,#2610,.T.);
#5973=EDGE_CURVE('',#4647,#4643,#2611,.T.);
#5974=EDGE_CURVE('',#4647,#4648,#2612,.T.);
#5975=EDGE_CURVE('',#4645,#4648,#2613,.T.);
#5976=EDGE_CURVE('',#4649,#4647,#433,.T.);
#5977=EDGE_CURVE('',#4649,#4650,#2614,.T.);
#5978=EDGE_CURVE('',#4648,#4650,#434,.T.);
#5979=EDGE_CURVE('',#4651,#4649,#2615,.T.);
#5980=EDGE_CURVE('',#4651,#4652,#2616,.T.);
#5981=EDGE_CURVE('',#4650,#4652,#2617,.T.);
#5982=EDGE_CURVE('',#4653,#4651,#435,.T.);
#5983=EDGE_CURVE('',#4653,#4654,#2618,.T.);
#5984=EDGE_CURVE('',#4652,#4654,#436,.T.);
#5985=EDGE_CURVE('',#4655,#4653,#2619,.T.);
#5986=EDGE_CURVE('',#4655,#4656,#2620,.T.);
#5987=EDGE_CURVE('',#4654,#4656,#2621,.T.);
#5988=EDGE_CURVE('',#4657,#4655,#437,.T.);
#5989=EDGE_CURVE('',#4657,#4658,#2622,.T.);
#5990=EDGE_CURVE('',#4656,#4658,#438,.T.);
#5991=EDGE_CURVE('',#4659,#4657,#2623,.T.);
#5992=EDGE_CURVE('',#4659,#4660,#2624,.T.);
#5993=EDGE_CURVE('',#4658,#4660,#2625,.T.);
#5994=EDGE_CURVE('',#4661,#4659,#439,.T.);
#5995=EDGE_CURVE('',#4661,#4662,#2626,.T.);
#5996=EDGE_CURVE('',#4660,#4662,#440,.T.);
#5997=EDGE_CURVE('',#4663,#4661,#2627,.T.);
#5998=EDGE_CURVE('',#4663,#4664,#2628,.T.);
#5999=EDGE_CURVE('',#4662,#4664,#2629,.T.);
#6000=EDGE_CURVE('',#4665,#4663,#441,.T.);
#6001=EDGE_CURVE('',#4665,#4666,#2630,.T.);
#6002=EDGE_CURVE('',#4664,#4666,#442,.T.);
#6003=EDGE_CURVE('',#4667,#4665,#2631,.T.);
#6004=EDGE_CURVE('',#4667,#4668,#2632,.T.);
#6005=EDGE_CURVE('',#4666,#4668,#2633,.T.);
#6006=EDGE_CURVE('',#4669,#4667,#443,.T.);
#6007=EDGE_CURVE('',#4669,#4670,#2634,.T.);
#6008=EDGE_CURVE('',#4668,#4670,#444,.T.);
#6009=EDGE_CURVE('',#4671,#4669,#2635,.T.);
#6010=EDGE_CURVE('',#4671,#4672,#2636,.T.);
#6011=EDGE_CURVE('',#4670,#4672,#2637,.T.);
#6012=EDGE_CURVE('',#4673,#4671,#445,.T.);
#6013=EDGE_CURVE('',#4673,#4674,#2638,.T.);
#6014=EDGE_CURVE('',#4672,#4674,#446,.T.);
#6015=EDGE_CURVE('',#4675,#4673,#2639,.T.);
#6016=EDGE_CURVE('',#4675,#4676,#2640,.T.);
#6017=EDGE_CURVE('',#4674,#4676,#2641,.T.);
#6018=EDGE_CURVE('',#4677,#4675,#447,.T.);
#6019=EDGE_CURVE('',#4677,#4678,#2642,.T.);
#6020=EDGE_CURVE('',#4676,#4678,#448,.T.);
#6021=EDGE_CURVE('',#4679,#4677,#2643,.T.);
#6022=EDGE_CURVE('',#4679,#4680,#2644,.T.);
#6023=EDGE_CURVE('',#4678,#4680,#2645,.T.);
#6024=EDGE_CURVE('',#4681,#4679,#449,.T.);
#6025=EDGE_CURVE('',#4681,#4682,#2646,.T.);
#6026=EDGE_CURVE('',#4680,#4682,#450,.T.);
#6027=EDGE_CURVE('',#4683,#4681,#2647,.T.);
#6028=EDGE_CURVE('',#4683,#4684,#2648,.T.);
#6029=EDGE_CURVE('',#4682,#4684,#2649,.T.);
#6030=EDGE_CURVE('',#4685,#4683,#451,.T.);
#6031=EDGE_CURVE('',#4685,#4686,#2650,.T.);
#6032=EDGE_CURVE('',#4684,#4686,#452,.T.);
#6033=EDGE_CURVE('',#4687,#4685,#2651,.T.);
#6034=EDGE_CURVE('',#4687,#4688,#2652,.T.);
#6035=EDGE_CURVE('',#4686,#4688,#2653,.T.);
#6036=EDGE_CURVE('',#4689,#4687,#453,.T.);
#6037=EDGE_CURVE('',#4689,#4690,#2654,.T.);
#6038=EDGE_CURVE('',#4688,#4690,#454,.T.);
#6039=EDGE_CURVE('',#4644,#4689,#2655,.T.);
#6040=EDGE_CURVE('',#4690,#4646,#2656,.T.);
#6041=EDGE_CURVE('',#4691,#4692,#2657,.T.);
#6042=EDGE_CURVE('',#4691,#4693,#2658,.T.);
#6043=EDGE_CURVE('',#4694,#4693,#2659,.T.);
#6044=EDGE_CURVE('',#4692,#4694,#2660,.T.);
#6045=EDGE_CURVE('',#4695,#4691,#455,.T.);
#6046=EDGE_CURVE('',#4695,#4696,#2661,.T.);
#6047=EDGE_CURVE('',#4693,#4696,#456,.T.);
#6048=EDGE_CURVE('',#4697,#4695,#2662,.T.);
#6049=EDGE_CURVE('',#4697,#4698,#2663,.T.);
#6050=EDGE_CURVE('',#4696,#4698,#2664,.T.);
#6051=EDGE_CURVE('',#4699,#4697,#457,.T.);
#6052=EDGE_CURVE('',#4699,#4700,#2665,.T.);
#6053=EDGE_CURVE('',#4698,#4700,#458,.T.);
#6054=EDGE_CURVE('',#4701,#4699,#2666,.T.);
#6055=EDGE_CURVE('',#4701,#4702,#2667,.T.);
#6056=EDGE_CURVE('',#4700,#4702,#2668,.T.);
#6057=EDGE_CURVE('',#4703,#4701,#459,.T.);
#6058=EDGE_CURVE('',#4703,#4704,#2669,.T.);
#6059=EDGE_CURVE('',#4702,#4704,#460,.T.);
#6060=EDGE_CURVE('',#4705,#4703,#2670,.T.);
#6061=EDGE_CURVE('',#4705,#4706,#2671,.T.);
#6062=EDGE_CURVE('',#4704,#4706,#2672,.T.);
#6063=EDGE_CURVE('',#4692,#4705,#461,.T.);
#6064=EDGE_CURVE('',#4706,#4694,#462,.T.);
#6065=EDGE_CURVE('',#4707,#4708,#2673,.T.);
#6066=EDGE_CURVE('',#4707,#4709,#2674,.T.);
#6067=EDGE_CURVE('',#4710,#4709,#2675,.T.);
#6068=EDGE_CURVE('',#4708,#4710,#2676,.T.);
#6069=EDGE_CURVE('',#4711,#4707,#463,.T.);
#6070=EDGE_CURVE('',#4711,#4712,#2677,.T.);
#6071=EDGE_CURVE('',#4709,#4712,#464,.T.);
#6072=EDGE_CURVE('',#4713,#4711,#2678,.T.);
#6073=EDGE_CURVE('',#4713,#4714,#2679,.T.);
#6074=EDGE_CURVE('',#4712,#4714,#2680,.T.);
#6075=EDGE_CURVE('',#4715,#4713,#465,.T.);
#6076=EDGE_CURVE('',#4715,#4716,#2681,.T.);
#6077=EDGE_CURVE('',#4714,#4716,#466,.T.);
#6078=EDGE_CURVE('',#4717,#4715,#2682,.T.);
#6079=EDGE_CURVE('',#4717,#4718,#2683,.T.);
#6080=EDGE_CURVE('',#4716,#4718,#2684,.T.);
#6081=EDGE_CURVE('',#4719,#4717,#467,.T.);
#6082=EDGE_CURVE('',#4719,#4720,#2685,.T.);
#6083=EDGE_CURVE('',#4718,#4720,#468,.T.);
#6084=EDGE_CURVE('',#4721,#4719,#2686,.T.);
#6085=EDGE_CURVE('',#4721,#4722,#2687,.T.);
#6086=EDGE_CURVE('',#4720,#4722,#2688,.T.);
#6087=EDGE_CURVE('',#4708,#4721,#469,.T.);
#6088=EDGE_CURVE('',#4722,#4710,#470,.T.);
#6089=EDGE_CURVE('',#4723,#4724,#2689,.T.);
#6090=EDGE_CURVE('',#4723,#4725,#2690,.T.);
#6091=EDGE_CURVE('',#4726,#4725,#2691,.T.);
#6092=EDGE_CURVE('',#4724,#4726,#2692,.T.);
#6093=EDGE_CURVE('',#4727,#4723,#471,.T.);
#6094=EDGE_CURVE('',#4727,#4728,#2693,.T.);
#6095=EDGE_CURVE('',#4725,#4728,#472,.T.);
#6096=EDGE_CURVE('',#4729,#4727,#2694,.T.);
#6097=EDGE_CURVE('',#4729,#4730,#2695,.T.);
#6098=EDGE_CURVE('',#4728,#4730,#2696,.T.);
#6099=EDGE_CURVE('',#4731,#4729,#473,.T.);
#6100=EDGE_CURVE('',#4731,#4732,#2697,.T.);
#6101=EDGE_CURVE('',#4730,#4732,#474,.T.);
#6102=EDGE_CURVE('',#4733,#4731,#2698,.T.);
#6103=EDGE_CURVE('',#4733,#4734,#2699,.T.);
#6104=EDGE_CURVE('',#4732,#4734,#2700,.T.);
#6105=EDGE_CURVE('',#4735,#4733,#475,.T.);
#6106=EDGE_CURVE('',#4735,#4736,#2701,.T.);
#6107=EDGE_CURVE('',#4734,#4736,#476,.T.);
#6108=EDGE_CURVE('',#4737,#4735,#2702,.T.);
#6109=EDGE_CURVE('',#4737,#4738,#2703,.T.);
#6110=EDGE_CURVE('',#4736,#4738,#2704,.T.);
#6111=EDGE_CURVE('',#4724,#4737,#477,.T.);
#6112=EDGE_CURVE('',#4738,#4726,#478,.T.);
#6113=EDGE_CURVE('',#4739,#4740,#2705,.T.);
#6114=EDGE_CURVE('',#4739,#4741,#2706,.T.);
#6115=EDGE_CURVE('',#4742,#4741,#2707,.T.);
#6116=EDGE_CURVE('',#4740,#4742,#2708,.T.);
#6117=EDGE_CURVE('',#4743,#4739,#479,.T.);
#6118=EDGE_CURVE('',#4743,#4744,#2709,.T.);
#6119=EDGE_CURVE('',#4741,#4744,#480,.T.);
#6120=EDGE_CURVE('',#4745,#4743,#2710,.T.);
#6121=EDGE_CURVE('',#4745,#4746,#2711,.T.);
#6122=EDGE_CURVE('',#4744,#4746,#2712,.T.);
#6123=EDGE_CURVE('',#4747,#4745,#481,.T.);
#6124=EDGE_CURVE('',#4747,#4748,#2713,.T.);
#6125=EDGE_CURVE('',#4746,#4748,#482,.T.);
#6126=EDGE_CURVE('',#4749,#4747,#2714,.T.);
#6127=EDGE_CURVE('',#4749,#4750,#2715,.T.);
#6128=EDGE_CURVE('',#4748,#4750,#2716,.T.);
#6129=EDGE_CURVE('',#4751,#4749,#483,.T.);
#6130=EDGE_CURVE('',#4751,#4752,#2717,.T.);
#6131=EDGE_CURVE('',#4750,#4752,#484,.T.);
#6132=EDGE_CURVE('',#4753,#4751,#2718,.T.);
#6133=EDGE_CURVE('',#4753,#4754,#2719,.T.);
#6134=EDGE_CURVE('',#4752,#4754,#2720,.T.);
#6135=EDGE_CURVE('',#4740,#4753,#485,.T.);
#6136=EDGE_CURVE('',#4754,#4742,#486,.T.);
#6137=EDGE_CURVE('',#4755,#4756,#2721,.T.);
#6138=EDGE_CURVE('',#4755,#4757,#2722,.T.);
#6139=EDGE_CURVE('',#4758,#4757,#2723,.T.);
#6140=EDGE_CURVE('',#4756,#4758,#2724,.T.);
#6141=EDGE_CURVE('',#4759,#4755,#487,.T.);
#6142=EDGE_CURVE('',#4759,#4760,#2725,.T.);
#6143=EDGE_CURVE('',#4757,#4760,#488,.T.);
#6144=EDGE_CURVE('',#4761,#4759,#2726,.T.);
#6145=EDGE_CURVE('',#4761,#4762,#2727,.T.);
#6146=EDGE_CURVE('',#4760,#4762,#2728,.T.);
#6147=EDGE_CURVE('',#4763,#4761,#489,.T.);
#6148=EDGE_CURVE('',#4763,#4764,#2729,.T.);
#6149=EDGE_CURVE('',#4762,#4764,#490,.T.);
#6150=EDGE_CURVE('',#4765,#4763,#2730,.T.);
#6151=EDGE_CURVE('',#4765,#4766,#2731,.T.);
#6152=EDGE_CURVE('',#4764,#4766,#2732,.T.);
#6153=EDGE_CURVE('',#4767,#4765,#491,.T.);
#6154=EDGE_CURVE('',#4767,#4768,#2733,.T.);
#6155=EDGE_CURVE('',#4766,#4768,#492,.T.);
#6156=EDGE_CURVE('',#4769,#4767,#2734,.T.);
#6157=EDGE_CURVE('',#4769,#4770,#2735,.T.);
#6158=EDGE_CURVE('',#4768,#4770,#2736,.T.);
#6159=EDGE_CURVE('',#4756,#4769,#493,.T.);
#6160=EDGE_CURVE('',#4770,#4758,#494,.T.);
#6161=EDGE_CURVE('',#4771,#4772,#2737,.T.);
#6162=EDGE_CURVE('',#4771,#4773,#2738,.T.);
#6163=EDGE_CURVE('',#4774,#4773,#2739,.T.);
#6164=EDGE_CURVE('',#4772,#4774,#2740,.T.);
#6165=EDGE_CURVE('',#4775,#4771,#495,.T.);
#6166=EDGE_CURVE('',#4775,#4776,#2741,.T.);
#6167=EDGE_CURVE('',#4773,#4776,#496,.T.);
#6168=EDGE_CURVE('',#4777,#4775,#2742,.T.);
#6169=EDGE_CURVE('',#4777,#4778,#2743,.T.);
#6170=EDGE_CURVE('',#4776,#4778,#2744,.T.);
#6171=EDGE_CURVE('',#4779,#4777,#497,.T.);
#6172=EDGE_CURVE('',#4779,#4780,#2745,.T.);
#6173=EDGE_CURVE('',#4778,#4780,#498,.T.);
#6174=EDGE_CURVE('',#4781,#4779,#2746,.T.);
#6175=EDGE_CURVE('',#4781,#4782,#2747,.T.);
#6176=EDGE_CURVE('',#4780,#4782,#2748,.T.);
#6177=EDGE_CURVE('',#4783,#4781,#499,.T.);
#6178=EDGE_CURVE('',#4783,#4784,#2749,.T.);
#6179=EDGE_CURVE('',#4782,#4784,#500,.T.);
#6180=EDGE_CURVE('',#4785,#4783,#2750,.T.);
#6181=EDGE_CURVE('',#4785,#4786,#2751,.T.);
#6182=EDGE_CURVE('',#4784,#4786,#2752,.T.);
#6183=EDGE_CURVE('',#4772,#4785,#501,.T.);
#6184=EDGE_CURVE('',#4786,#4774,#502,.T.);
#6185=EDGE_CURVE('',#4787,#4788,#2753,.T.);
#6186=EDGE_CURVE('',#4787,#4789,#2754,.T.);
#6187=EDGE_CURVE('',#4790,#4789,#2755,.T.);
#6188=EDGE_CURVE('',#4788,#4790,#2756,.T.);
#6189=EDGE_CURVE('',#4791,#4787,#503,.T.);
#6190=EDGE_CURVE('',#4791,#4792,#2757,.T.);
#6191=EDGE_CURVE('',#4789,#4792,#504,.T.);
#6192=EDGE_CURVE('',#4793,#4791,#2758,.T.);
#6193=EDGE_CURVE('',#4793,#4794,#2759,.T.);
#6194=EDGE_CURVE('',#4792,#4794,#2760,.T.);
#6195=EDGE_CURVE('',#4795,#4793,#505,.T.);
#6196=EDGE_CURVE('',#4795,#4796,#2761,.T.);
#6197=EDGE_CURVE('',#4794,#4796,#506,.T.);
#6198=EDGE_CURVE('',#4797,#4795,#2762,.T.);
#6199=EDGE_CURVE('',#4797,#4798,#2763,.T.);
#6200=EDGE_CURVE('',#4796,#4798,#2764,.T.);
#6201=EDGE_CURVE('',#4799,#4797,#507,.T.);
#6202=EDGE_CURVE('',#4799,#4800,#2765,.T.);
#6203=EDGE_CURVE('',#4798,#4800,#508,.T.);
#6204=EDGE_CURVE('',#4801,#4799,#2766,.T.);
#6205=EDGE_CURVE('',#4801,#4802,#2767,.T.);
#6206=EDGE_CURVE('',#4800,#4802,#2768,.T.);
#6207=EDGE_CURVE('',#4788,#4801,#509,.T.);
#6208=EDGE_CURVE('',#4802,#4790,#510,.T.);
#6209=EDGE_CURVE('',#4803,#4804,#2769,.T.);
#6210=EDGE_CURVE('',#4803,#4805,#2770,.T.);
#6211=EDGE_CURVE('',#4806,#4805,#2771,.T.);
#6212=EDGE_CURVE('',#4804,#4806,#2772,.T.);
#6213=EDGE_CURVE('',#4807,#4803,#511,.T.);
#6214=EDGE_CURVE('',#4807,#4808,#2773,.T.);
#6215=EDGE_CURVE('',#4805,#4808,#512,.T.);
#6216=EDGE_CURVE('',#4809,#4807,#2774,.T.);
#6217=EDGE_CURVE('',#4809,#4810,#2775,.T.);
#6218=EDGE_CURVE('',#4808,#4810,#2776,.T.);
#6219=EDGE_CURVE('',#4811,#4809,#513,.T.);
#6220=EDGE_CURVE('',#4811,#4812,#2777,.T.);
#6221=EDGE_CURVE('',#4810,#4812,#514,.T.);
#6222=EDGE_CURVE('',#4813,#4811,#2778,.T.);
#6223=EDGE_CURVE('',#4813,#4814,#2779,.T.);
#6224=EDGE_CURVE('',#4812,#4814,#2780,.T.);
#6225=EDGE_CURVE('',#4815,#4813,#515,.T.);
#6226=EDGE_CURVE('',#4815,#4816,#2781,.T.);
#6227=EDGE_CURVE('',#4814,#4816,#516,.T.);
#6228=EDGE_CURVE('',#4817,#4815,#2782,.T.);
#6229=EDGE_CURVE('',#4817,#4818,#2783,.T.);
#6230=EDGE_CURVE('',#4816,#4818,#2784,.T.);
#6231=EDGE_CURVE('',#4804,#4817,#517,.T.);
#6232=EDGE_CURVE('',#4818,#4806,#518,.T.);
#6233=EDGE_CURVE('',#4819,#4820,#2785,.T.);
#6234=EDGE_CURVE('',#4819,#4821,#2786,.T.);
#6235=EDGE_CURVE('',#4822,#4821,#2787,.T.);
#6236=EDGE_CURVE('',#4820,#4822,#2788,.T.);
#6237=EDGE_CURVE('',#4823,#4819,#519,.T.);
#6238=EDGE_CURVE('',#4823,#4824,#2789,.T.);
#6239=EDGE_CURVE('',#4821,#4824,#520,.T.);
#6240=EDGE_CURVE('',#4825,#4823,#2790,.T.);
#6241=EDGE_CURVE('',#4825,#4826,#2791,.T.);
#6242=EDGE_CURVE('',#4824,#4826,#2792,.T.);
#6243=EDGE_CURVE('',#4827,#4825,#521,.T.);
#6244=EDGE_CURVE('',#4827,#4828,#2793,.T.);
#6245=EDGE_CURVE('',#4826,#4828,#522,.T.);
#6246=EDGE_CURVE('',#4829,#4827,#2794,.T.);
#6247=EDGE_CURVE('',#4829,#4830,#2795,.T.);
#6248=EDGE_CURVE('',#4828,#4830,#2796,.T.);
#6249=EDGE_CURVE('',#4831,#4829,#523,.T.);
#6250=EDGE_CURVE('',#4831,#4832,#2797,.T.);
#6251=EDGE_CURVE('',#4830,#4832,#524,.T.);
#6252=EDGE_CURVE('',#4833,#4831,#2798,.T.);
#6253=EDGE_CURVE('',#4833,#4834,#2799,.T.);
#6254=EDGE_CURVE('',#4832,#4834,#2800,.T.);
#6255=EDGE_CURVE('',#4820,#4833,#525,.T.);
#6256=EDGE_CURVE('',#4834,#4822,#526,.T.);
#6257=EDGE_CURVE('',#4835,#4836,#2801,.T.);
#6258=EDGE_CURVE('',#4835,#4837,#2802,.T.);
#6259=EDGE_CURVE('',#4838,#4837,#2803,.T.);
#6260=EDGE_CURVE('',#4836,#4838,#2804,.T.);
#6261=EDGE_CURVE('',#4839,#4835,#527,.T.);
#6262=EDGE_CURVE('',#4839,#4840,#2805,.T.);
#6263=EDGE_CURVE('',#4837,#4840,#528,.T.);
#6264=EDGE_CURVE('',#4841,#4839,#2806,.T.);
#6265=EDGE_CURVE('',#4841,#4842,#2807,.T.);
#6266=EDGE_CURVE('',#4840,#4842,#2808,.T.);
#6267=EDGE_CURVE('',#4843,#4841,#529,.T.);
#6268=EDGE_CURVE('',#4843,#4844,#2809,.T.);
#6269=EDGE_CURVE('',#4842,#4844,#530,.T.);
#6270=EDGE_CURVE('',#4845,#4843,#2810,.T.);
#6271=EDGE_CURVE('',#4845,#4846,#2811,.T.);
#6272=EDGE_CURVE('',#4844,#4846,#2812,.T.);
#6273=EDGE_CURVE('',#4847,#4845,#531,.T.);
#6274=EDGE_CURVE('',#4847,#4848,#2813,.T.);
#6275=EDGE_CURVE('',#4846,#4848,#532,.T.);
#6276=EDGE_CURVE('',#4849,#4847,#2814,.T.);
#6277=EDGE_CURVE('',#4849,#4850,#2815,.T.);
#6278=EDGE_CURVE('',#4848,#4850,#2816,.T.);
#6279=EDGE_CURVE('',#4836,#4849,#533,.T.);
#6280=EDGE_CURVE('',#4850,#4838,#534,.T.);
#6281=EDGE_CURVE('',#4851,#4852,#2817,.T.);
#6282=EDGE_CURVE('',#4851,#4853,#2818,.T.);
#6283=EDGE_CURVE('',#4854,#4853,#2819,.T.);
#6284=EDGE_CURVE('',#4852,#4854,#2820,.T.);
#6285=EDGE_CURVE('',#4855,#4851,#535,.T.);
#6286=EDGE_CURVE('',#4855,#4856,#2821,.T.);
#6287=EDGE_CURVE('',#4853,#4856,#536,.T.);
#6288=EDGE_CURVE('',#4857,#4855,#2822,.T.);
#6289=EDGE_CURVE('',#4857,#4858,#2823,.T.);
#6290=EDGE_CURVE('',#4856,#4858,#2824,.T.);
#6291=EDGE_CURVE('',#4859,#4857,#537,.T.);
#6292=EDGE_CURVE('',#4859,#4860,#2825,.T.);
#6293=EDGE_CURVE('',#4858,#4860,#538,.T.);
#6294=EDGE_CURVE('',#4861,#4859,#2826,.T.);
#6295=EDGE_CURVE('',#4861,#4862,#2827,.T.);
#6296=EDGE_CURVE('',#4860,#4862,#2828,.T.);
#6297=EDGE_CURVE('',#4863,#4861,#539,.T.);
#6298=EDGE_CURVE('',#4863,#4864,#2829,.T.);
#6299=EDGE_CURVE('',#4862,#4864,#540,.T.);
#6300=EDGE_CURVE('',#4865,#4863,#2830,.T.);
#6301=EDGE_CURVE('',#4865,#4866,#2831,.T.);
#6302=EDGE_CURVE('',#4864,#4866,#2832,.T.);
#6303=EDGE_CURVE('',#4852,#4865,#541,.T.);
#6304=EDGE_CURVE('',#4866,#4854,#542,.T.);
#6305=EDGE_CURVE('',#4867,#4868,#2833,.T.);
#6306=EDGE_CURVE('',#4867,#4869,#2834,.T.);
#6307=EDGE_CURVE('',#4870,#4869,#2835,.T.);
#6308=EDGE_CURVE('',#4868,#4870,#2836,.T.);
#6309=EDGE_CURVE('',#4871,#4867,#543,.T.);
#6310=EDGE_CURVE('',#4871,#4872,#2837,.T.);
#6311=EDGE_CURVE('',#4869,#4872,#544,.T.);
#6312=EDGE_CURVE('',#4873,#4871,#2838,.T.);
#6313=EDGE_CURVE('',#4873,#4874,#2839,.T.);
#6314=EDGE_CURVE('',#4872,#4874,#2840,.T.);
#6315=EDGE_CURVE('',#4875,#4873,#545,.T.);
#6316=EDGE_CURVE('',#4875,#4876,#2841,.T.);
#6317=EDGE_CURVE('',#4874,#4876,#546,.T.);
#6318=EDGE_CURVE('',#4877,#4875,#2842,.T.);
#6319=EDGE_CURVE('',#4877,#4878,#2843,.T.);
#6320=EDGE_CURVE('',#4876,#4878,#2844,.T.);
#6321=EDGE_CURVE('',#4879,#4877,#547,.T.);
#6322=EDGE_CURVE('',#4879,#4880,#2845,.T.);
#6323=EDGE_CURVE('',#4878,#4880,#548,.T.);
#6324=EDGE_CURVE('',#4881,#4879,#2846,.T.);
#6325=EDGE_CURVE('',#4881,#4882,#2847,.T.);
#6326=EDGE_CURVE('',#4880,#4882,#2848,.T.);
#6327=EDGE_CURVE('',#4868,#4881,#549,.T.);
#6328=EDGE_CURVE('',#4882,#4870,#550,.T.);
#6329=EDGE_CURVE('',#4883,#4884,#2849,.T.);
#6330=EDGE_CURVE('',#4883,#4885,#2850,.T.);
#6331=EDGE_CURVE('',#4886,#4885,#2851,.T.);
#6332=EDGE_CURVE('',#4884,#4886,#2852,.T.);
#6333=EDGE_CURVE('',#4887,#4888,#2853,.T.);
#6334=EDGE_CURVE('',#4887,#4886,#2854,.T.);
#6335=EDGE_CURVE('',#4885,#4888,#2855,.T.);
#6336=EDGE_CURVE('',#4889,#4890,#2856,.T.);
#6337=EDGE_CURVE('',#4890,#4891,#551,.T.);
#6338=EDGE_CURVE('',#4891,#4892,#2857,.T.);
#6339=EDGE_CURVE('',#4892,#4893,#552,.T.);
#6340=EDGE_CURVE('',#4893,#4894,#2858,.T.);
#6341=EDGE_CURVE('',#4894,#4895,#553,.T.);
#6342=EDGE_CURVE('',#4895,#4896,#2859,.T.);
#6343=EDGE_CURVE('',#4896,#4897,#554,.T.);
#6344=EDGE_CURVE('',#4897,#4898,#2860,.T.);
#6345=EDGE_CURVE('',#4898,#4899,#555,.T.);
#6346=EDGE_CURVE('',#4899,#4900,#2861,.T.);
#6347=EDGE_CURVE('',#4900,#4901,#556,.T.);
#6348=EDGE_CURVE('',#4901,#4902,#2862,.T.);
#6349=EDGE_CURVE('',#4902,#4903,#557,.T.);
#6350=EDGE_CURVE('',#4903,#4904,#2863,.T.);
#6351=EDGE_CURVE('',#4904,#4905,#558,.T.);
#6352=EDGE_CURVE('',#4905,#4906,#2864,.T.);
#6353=EDGE_CURVE('',#4906,#4907,#559,.T.);
#6354=EDGE_CURVE('',#4907,#4908,#2865,.T.);
#6355=EDGE_CURVE('',#4908,#4909,#560,.T.);
#6356=EDGE_CURVE('',#4909,#4910,#2866,.T.);
#6357=EDGE_CURVE('',#4910,#4911,#561,.T.);
#6358=EDGE_CURVE('',#4911,#4912,#2867,.T.);
#6359=EDGE_CURVE('',#4912,#4913,#562,.T.);
#6360=EDGE_CURVE('',#4913,#4914,#2868,.T.);
#6361=EDGE_CURVE('',#4914,#4915,#563,.T.);
#6362=EDGE_CURVE('',#4915,#4916,#2869,.T.);
#6363=EDGE_CURVE('',#4916,#4917,#564,.T.);
#6364=EDGE_CURVE('',#4917,#4918,#2870,.T.);
#6365=EDGE_CURVE('',#4918,#4919,#565,.T.);
#6366=EDGE_CURVE('',#4919,#4920,#2871,.T.);
#6367=EDGE_CURVE('',#4920,#4921,#566,.T.);
#6368=EDGE_CURVE('',#4921,#4922,#2872,.T.);
#6369=EDGE_CURVE('',#4922,#4923,#567,.T.);
#6370=EDGE_CURVE('',#4923,#4924,#2873,.T.);
#6371=EDGE_CURVE('',#4924,#4925,#568,.T.);
#6372=EDGE_CURVE('',#4925,#4884,#2874,.T.);
#6373=EDGE_CURVE('',#4887,#4926,#2875,.T.);
#6374=EDGE_CURVE('',#4926,#4927,#569,.T.);
#6375=EDGE_CURVE('',#4927,#4928,#2876,.T.);
#6376=EDGE_CURVE('',#4928,#4929,#570,.T.);
#6377=EDGE_CURVE('',#4929,#4930,#2877,.T.);
#6378=EDGE_CURVE('',#4930,#4931,#571,.T.);
#6379=EDGE_CURVE('',#4931,#4932,#2878,.T.);
#6380=EDGE_CURVE('',#4932,#4933,#572,.T.);
#6381=EDGE_CURVE('',#4933,#4934,#2879,.T.);
#6382=EDGE_CURVE('',#4934,#4935,#573,.T.);
#6383=EDGE_CURVE('',#4935,#4936,#2880,.T.);
#6384=EDGE_CURVE('',#4936,#4937,#574,.T.);
#6385=EDGE_CURVE('',#4937,#4938,#2881,.T.);
#6386=EDGE_CURVE('',#4938,#4939,#575,.T.);
#6387=EDGE_CURVE('',#4939,#4940,#2882,.T.);
#6388=EDGE_CURVE('',#4940,#4941,#576,.T.);
#6389=EDGE_CURVE('',#4941,#4942,#2883,.T.);
#6390=EDGE_CURVE('',#4942,#4943,#577,.T.);
#6391=EDGE_CURVE('',#4943,#4944,#2884,.T.);
#6392=EDGE_CURVE('',#4944,#4945,#578,.T.);
#6393=EDGE_CURVE('',#4945,#4946,#2885,.T.);
#6394=EDGE_CURVE('',#4946,#4947,#579,.T.);
#6395=EDGE_CURVE('',#4947,#4948,#2886,.T.);
#6396=EDGE_CURVE('',#4948,#4949,#580,.T.);
#6397=EDGE_CURVE('',#4949,#4950,#2887,.T.);
#6398=EDGE_CURVE('',#4950,#4951,#581,.T.);
#6399=EDGE_CURVE('',#4951,#4952,#2888,.T.);
#6400=EDGE_CURVE('',#4952,#4953,#582,.T.);
#6401=EDGE_CURVE('',#4953,#4954,#2889,.T.);
#6402=EDGE_CURVE('',#4954,#4955,#583,.T.);
#6403=EDGE_CURVE('',#4955,#4956,#2890,.T.);
#6404=EDGE_CURVE('',#4956,#4957,#584,.T.);
#6405=EDGE_CURVE('',#4957,#4958,#2891,.T.);
#6406=EDGE_CURVE('',#4958,#4959,#585,.T.);
#6407=EDGE_CURVE('',#4959,#4960,#2892,.T.);
#6408=EDGE_CURVE('',#4960,#4889,#586,.T.);
#6409=EDGE_CURVE('',#4883,#4961,#2893,.T.);
#6410=EDGE_CURVE('',#4962,#4961,#587,.T.);
#6411=EDGE_CURVE('',#4962,#4963,#2894,.T.);
#6412=EDGE_CURVE('',#4963,#4964,#588,.T.);
#6413=EDGE_CURVE('',#4964,#4965,#2895,.T.);
#6414=EDGE_CURVE('',#4965,#4966,#589,.T.);
#6415=EDGE_CURVE('',#4966,#4967,#2896,.T.);
#6416=EDGE_CURVE('',#4968,#4967,#590,.T.);
#6417=EDGE_CURVE('',#4968,#4969,#2897,.T.);
#6418=EDGE_CURVE('',#4970,#4969,#591,.T.);
#6419=EDGE_CURVE('',#4970,#4971,#2898,.T.);
#6420=EDGE_CURVE('',#4972,#4971,#592,.T.);
#6421=EDGE_CURVE('',#4972,#4973,#2899,.T.);
#6422=EDGE_CURVE('',#4974,#4973,#593,.T.);
#6423=EDGE_CURVE('',#4974,#4975,#2900,.T.);
#6424=EDGE_CURVE('',#4975,#4976,#594,.T.);
#6425=EDGE_CURVE('',#4976,#4977,#2901,.T.);
#6426=EDGE_CURVE('',#4977,#4978,#595,.T.);
#6427=EDGE_CURVE('',#4978,#4979,#2902,.T.);
#6428=EDGE_CURVE('',#4979,#4980,#596,.T.);
#6429=EDGE_CURVE('',#4980,#4981,#2903,.T.);
#6430=EDGE_CURVE('',#4981,#4982,#597,.T.);
#6431=EDGE_CURVE('',#4982,#4983,#2904,.T.);
#6432=EDGE_CURVE('',#4984,#4983,#598,.T.);
#6433=EDGE_CURVE('',#4984,#4985,#2905,.T.);
#6434=EDGE_CURVE('',#4986,#4985,#599,.T.);
#6435=EDGE_CURVE('',#4986,#4987,#2906,.T.);
#6436=EDGE_CURVE('',#4988,#4987,#600,.T.);
#6437=EDGE_CURVE('',#4988,#4989,#2907,.T.);
#6438=EDGE_CURVE('',#4990,#4989,#601,.T.);
#6439=EDGE_CURVE('',#4990,#4991,#2908,.T.);
#6440=EDGE_CURVE('',#4991,#4992,#602,.T.);
#6441=EDGE_CURVE('',#4992,#4993,#2909,.T.);
#6442=EDGE_CURVE('',#4993,#4994,#603,.T.);
#6443=EDGE_CURVE('',#4994,#4995,#2910,.T.);
#6444=EDGE_CURVE('',#4996,#4995,#604,.T.);
#6445=EDGE_CURVE('',#4996,#4997,#2911,.T.);
#6446=EDGE_CURVE('',#4998,#4997,#605,.T.);
#6447=EDGE_CURVE('',#4998,#4999,#2912,.T.);
#6448=EDGE_CURVE('',#4999,#5000,#606,.T.);
#6449=EDGE_CURVE('',#5001,#5000,#2913,.T.);
#6450=EDGE_CURVE('',#5001,#5002,#607,.T.);
#6451=EDGE_CURVE('',#5002,#5003,#2914,.T.);
#6452=EDGE_CURVE('',#5004,#5003,#608,.T.);
#6453=EDGE_CURVE('',#5004,#5005,#2915,.T.);
#6454=EDGE_CURVE('',#5006,#5005,#609,.T.);
#6455=EDGE_CURVE('',#5006,#5007,#2916,.T.);
#6456=EDGE_CURVE('',#5008,#5007,#610,.T.);
#6457=EDGE_CURVE('',#5008,#5009,#2917,.T.);
#6458=EDGE_CURVE('',#5010,#5009,#611,.T.);
#6459=EDGE_CURVE('',#5010,#5011,#2918,.T.);
#6460=EDGE_CURVE('',#5011,#5012,#612,.T.);
#6461=EDGE_CURVE('',#5013,#5012,#2919,.T.);
#6462=EDGE_CURVE('',#5013,#5014,#613,.T.);
#6463=EDGE_CURVE('',#5014,#5015,#2920,.T.);
#6464=EDGE_CURVE('',#5015,#5016,#614,.T.);
#6465=EDGE_CURVE('',#5017,#5016,#2921,.T.);
#6466=EDGE_CURVE('',#5017,#5018,#615,.T.);
#6467=EDGE_CURVE('',#5018,#5019,#2922,.T.);
#6468=EDGE_CURVE('',#5020,#5019,#616,.T.);
#6469=EDGE_CURVE('',#5020,#5021,#2923,.T.);
#6470=EDGE_CURVE('',#5022,#5021,#617,.T.);
#6471=EDGE_CURVE('',#5023,#5022,#2924,.T.);
#6472=EDGE_CURVE('',#5024,#5023,#618,.T.);
#6473=EDGE_CURVE('',#5025,#5024,#2925,.T.);
#6474=EDGE_CURVE('',#5026,#5025,#619,.T.);
#6475=EDGE_CURVE('',#5027,#5026,#2926,.T.);
#6476=EDGE_CURVE('',#5027,#5028,#620,.T.);
#6477=EDGE_CURVE('',#5029,#5028,#2927,.T.);
#6478=EDGE_CURVE('',#5029,#5030,#621,.T.);
#6479=EDGE_CURVE('',#5030,#5031,#2928,.T.);
#6480=EDGE_CURVE('',#5032,#5031,#622,.T.);
#6481=EDGE_CURVE('',#5032,#4888,#2929,.T.);
#6482=EDGE_CURVE('',#4961,#4925,#2930,.T.);
#6483=EDGE_CURVE('',#5032,#4926,#2931,.T.);
#6484=EDGE_CURVE('',#5027,#4931,#2932,.T.);
#6485=EDGE_CURVE('',#5028,#4930,#2933,.T.);
#6486=EDGE_CURVE('',#5029,#4929,#2934,.T.);
#6487=EDGE_CURVE('',#5030,#4928,#2935,.T.);
#6488=EDGE_CURVE('',#5031,#4927,#2936,.T.);
#6489=EDGE_CURVE('',#4962,#4924,#2937,.T.);
#6490=EDGE_CURVE('',#4963,#4923,#2938,.T.);
#6491=EDGE_CURVE('',#4964,#4922,#2939,.T.);
#6492=EDGE_CURVE('',#4965,#4921,#2940,.T.);
#6493=EDGE_CURVE('',#4966,#4920,#2941,.T.);
#6494=EDGE_CURVE('',#4967,#4919,#2942,.T.);
#6495=EDGE_CURVE('',#4968,#4918,#2943,.T.);
#6496=EDGE_CURVE('',#4969,#4917,#2944,.T.);
#6497=EDGE_CURVE('',#4970,#4916,#2945,.T.);
#6498=EDGE_CURVE('',#4971,#4915,#2946,.T.);
#6499=EDGE_CURVE('',#4972,#4914,#2947,.T.);
#6500=EDGE_CURVE('',#4973,#4913,#2948,.T.);
#6501=EDGE_CURVE('',#4974,#4912,#2949,.T.);
#6502=EDGE_CURVE('',#4975,#4911,#2950,.T.);
#6503=EDGE_CURVE('',#4976,#4910,#2951,.T.);
#6504=EDGE_CURVE('',#4977,#4909,#2952,.T.);
#6505=EDGE_CURVE('',#4978,#4908,#2953,.T.);
#6506=EDGE_CURVE('',#4979,#4907,#2954,.T.);
#6507=EDGE_CURVE('',#4980,#4906,#2955,.T.);
#6508=EDGE_CURVE('',#4981,#4905,#2956,.T.);
#6509=EDGE_CURVE('',#4982,#4904,#2957,.T.);
#6510=EDGE_CURVE('',#4983,#4903,#2958,.T.);
#6511=EDGE_CURVE('',#4984,#4902,#2959,.T.);
#6512=EDGE_CURVE('',#4985,#4901,#2960,.T.);
#6513=EDGE_CURVE('',#4986,#4900,#2961,.T.);
#6514=EDGE_CURVE('',#4987,#4899,#2962,.T.);
#6515=EDGE_CURVE('',#4988,#4898,#2963,.T.);
#6516=EDGE_CURVE('',#4989,#4897,#2964,.T.);
#6517=EDGE_CURVE('',#4990,#4896,#2965,.T.);
#6518=EDGE_CURVE('',#4991,#4895,#2966,.T.);
#6519=EDGE_CURVE('',#4992,#4894,#2967,.T.);
#6520=EDGE_CURVE('',#4993,#4893,#2968,.T.);
#6521=EDGE_CURVE('',#4994,#4892,#2969,.T.);
#6522=EDGE_CURVE('',#4995,#4891,#2970,.T.);
#6523=EDGE_CURVE('',#4996,#4890,#2971,.T.);
#6524=EDGE_CURVE('',#4997,#4889,#2972,.T.);
#6525=EDGE_CURVE('',#4998,#4960,#2973,.T.);
#6526=EDGE_CURVE('',#4999,#4959,#2974,.T.);
#6527=EDGE_CURVE('',#5000,#4958,#2975,.T.);
#6528=EDGE_CURVE('',#5001,#4957,#2976,.T.);
#6529=EDGE_CURVE('',#5002,#4956,#2977,.T.);
#6530=EDGE_CURVE('',#5003,#4955,#2978,.T.);
#6531=EDGE_CURVE('',#5004,#4954,#2979,.T.);
#6532=EDGE_CURVE('',#5005,#4953,#2980,.T.);
#6533=EDGE_CURVE('',#5006,#4952,#2981,.T.);
#6534=EDGE_CURVE('',#5007,#4951,#2982,.T.);
#6535=EDGE_CURVE('',#5008,#4950,#2983,.T.);
#6536=EDGE_CURVE('',#5009,#4949,#2984,.T.);
#6537=EDGE_CURVE('',#5010,#4948,#2985,.T.);
#6538=EDGE_CURVE('',#5011,#4947,#2986,.T.);
#6539=EDGE_CURVE('',#5012,#4946,#2987,.T.);
#6540=EDGE_CURVE('',#5013,#4945,#2988,.T.);
#6541=EDGE_CURVE('',#5014,#4944,#2989,.T.);
#6542=EDGE_CURVE('',#5015,#4943,#2990,.T.);
#6543=EDGE_CURVE('',#5016,#4942,#2991,.T.);
#6544=EDGE_CURVE('',#5017,#4941,#2992,.T.);
#6545=EDGE_CURVE('',#5018,#4940,#2993,.T.);
#6546=EDGE_CURVE('',#5019,#4939,#2994,.T.);
#6547=EDGE_CURVE('',#5020,#4938,#2995,.T.);
#6548=EDGE_CURVE('',#5021,#4937,#2996,.T.);
#6549=EDGE_CURVE('',#5022,#4936,#2997,.T.);
#6550=EDGE_CURVE('',#5023,#4935,#2998,.T.);
#6551=EDGE_CURVE('',#5024,#4934,#2999,.T.);
#6552=EDGE_CURVE('',#5025,#4933,#3000,.T.);
#6553=EDGE_CURVE('',#5026,#4932,#3001,.T.);
#6554=ORIENTED_EDGE('',*,*,#5033,.F.);
#6555=ORIENTED_EDGE('',*,*,#5034,.T.);
#6556=ORIENTED_EDGE('',*,*,#5035,.F.);
#6557=ORIENTED_EDGE('',*,*,#5036,.F.);
#6558=ORIENTED_EDGE('',*,*,#5037,.F.);
#6559=ORIENTED_EDGE('',*,*,#5038,.T.);
#6560=ORIENTED_EDGE('',*,*,#5039,.F.);
#6561=ORIENTED_EDGE('',*,*,#5034,.F.);
#6562=ORIENTED_EDGE('',*,*,#5040,.F.);
#6563=ORIENTED_EDGE('',*,*,#5041,.T.);
#6564=ORIENTED_EDGE('',*,*,#5042,.F.);
#6565=ORIENTED_EDGE('',*,*,#5038,.F.);
#6566=ORIENTED_EDGE('',*,*,#5043,.F.);
#6567=ORIENTED_EDGE('',*,*,#5044,.T.);
#6568=ORIENTED_EDGE('',*,*,#5045,.F.);
#6569=ORIENTED_EDGE('',*,*,#5041,.F.);
#6570=ORIENTED_EDGE('',*,*,#5046,.F.);
#6571=ORIENTED_EDGE('',*,*,#5047,.T.);
#6572=ORIENTED_EDGE('',*,*,#5048,.F.);
#6573=ORIENTED_EDGE('',*,*,#5044,.F.);
#6574=ORIENTED_EDGE('',*,*,#5049,.F.);
#6575=ORIENTED_EDGE('',*,*,#5050,.T.);
#6576=ORIENTED_EDGE('',*,*,#5051,.F.);
#6577=ORIENTED_EDGE('',*,*,#5047,.F.);
#6578=ORIENTED_EDGE('',*,*,#5052,.F.);
#6579=ORIENTED_EDGE('',*,*,#5053,.T.);
#6580=ORIENTED_EDGE('',*,*,#5054,.F.);
#6581=ORIENTED_EDGE('',*,*,#5050,.F.);
#6582=ORIENTED_EDGE('',*,*,#5055,.F.);
#6583=ORIENTED_EDGE('',*,*,#5036,.T.);
#6584=ORIENTED_EDGE('',*,*,#5056,.F.);
#6585=ORIENTED_EDGE('',*,*,#5053,.F.);
#6586=ORIENTED_EDGE('',*,*,#5057,.F.);
#6587=ORIENTED_EDGE('',*,*,#5058,.T.);
#6588=ORIENTED_EDGE('',*,*,#5059,.F.);
#6589=ORIENTED_EDGE('',*,*,#5060,.F.);
#6590=ORIENTED_EDGE('',*,*,#5061,.F.);
#6591=ORIENTED_EDGE('',*,*,#5062,.T.);
#6592=ORIENTED_EDGE('',*,*,#5063,.F.);
#6593=ORIENTED_EDGE('',*,*,#5058,.F.);
#6594=ORIENTED_EDGE('',*,*,#5064,.F.);
#6595=ORIENTED_EDGE('',*,*,#5065,.T.);
#6596=ORIENTED_EDGE('',*,*,#5066,.F.);
#6597=ORIENTED_EDGE('',*,*,#5062,.F.);
#6598=ORIENTED_EDGE('',*,*,#5067,.F.);
#6599=ORIENTED_EDGE('',*,*,#5068,.T.);
#6600=ORIENTED_EDGE('',*,*,#5069,.F.);
#6601=ORIENTED_EDGE('',*,*,#5065,.F.);
#6602=ORIENTED_EDGE('',*,*,#5070,.F.);
#6603=ORIENTED_EDGE('',*,*,#5071,.T.);
#6604=ORIENTED_EDGE('',*,*,#5072,.F.);
#6605=ORIENTED_EDGE('',*,*,#5068,.F.);
#6606=ORIENTED_EDGE('',*,*,#5073,.F.);
#6607=ORIENTED_EDGE('',*,*,#5074,.T.);
#6608=ORIENTED_EDGE('',*,*,#5075,.F.);
#6609=ORIENTED_EDGE('',*,*,#5071,.F.);
#6610=ORIENTED_EDGE('',*,*,#5076,.F.);
#6611=ORIENTED_EDGE('',*,*,#5077,.T.);
#6612=ORIENTED_EDGE('',*,*,#5078,.F.);
#6613=ORIENTED_EDGE('',*,*,#5074,.F.);
#6614=ORIENTED_EDGE('',*,*,#5079,.F.);
#6615=ORIENTED_EDGE('',*,*,#5060,.T.);
#6616=ORIENTED_EDGE('',*,*,#5080,.F.);
#6617=ORIENTED_EDGE('',*,*,#5077,.F.);
#6618=ORIENTED_EDGE('',*,*,#5081,.F.);
#6619=ORIENTED_EDGE('',*,*,#5082,.T.);
#6620=ORIENTED_EDGE('',*,*,#5083,.F.);
#6621=ORIENTED_EDGE('',*,*,#5084,.F.);
#6622=ORIENTED_EDGE('',*,*,#5085,.F.);
#6623=ORIENTED_EDGE('',*,*,#5086,.T.);
#6624=ORIENTED_EDGE('',*,*,#5087,.F.);
#6625=ORIENTED_EDGE('',*,*,#5082,.F.);
#6626=ORIENTED_EDGE('',*,*,#5088,.F.);
#6627=ORIENTED_EDGE('',*,*,#5089,.T.);
#6628=ORIENTED_EDGE('',*,*,#5090,.F.);
#6629=ORIENTED_EDGE('',*,*,#5086,.F.);
#6630=ORIENTED_EDGE('',*,*,#5091,.F.);
#6631=ORIENTED_EDGE('',*,*,#5092,.T.);
#6632=ORIENTED_EDGE('',*,*,#5093,.F.);
#6633=ORIENTED_EDGE('',*,*,#5089,.F.);
#6634=ORIENTED_EDGE('',*,*,#5094,.F.);
#6635=ORIENTED_EDGE('',*,*,#5095,.T.);
#6636=ORIENTED_EDGE('',*,*,#5096,.F.);
#6637=ORIENTED_EDGE('',*,*,#5092,.F.);
#6638=ORIENTED_EDGE('',*,*,#5097,.F.);
#6639=ORIENTED_EDGE('',*,*,#5098,.T.);
#6640=ORIENTED_EDGE('',*,*,#5099,.F.);
#6641=ORIENTED_EDGE('',*,*,#5095,.F.);
#6642=ORIENTED_EDGE('',*,*,#5100,.F.);
#6643=ORIENTED_EDGE('',*,*,#5101,.T.);
#6644=ORIENTED_EDGE('',*,*,#5102,.F.);
#6645=ORIENTED_EDGE('',*,*,#5098,.F.);
#6646=ORIENTED_EDGE('',*,*,#5103,.F.);
#6647=ORIENTED_EDGE('',*,*,#5084,.T.);
#6648=ORIENTED_EDGE('',*,*,#5104,.F.);
#6649=ORIENTED_EDGE('',*,*,#5101,.F.);
#6650=ORIENTED_EDGE('',*,*,#5105,.F.);
#6651=ORIENTED_EDGE('',*,*,#5106,.T.);
#6652=ORIENTED_EDGE('',*,*,#5107,.F.);
#6653=ORIENTED_EDGE('',*,*,#5108,.F.);
#6654=ORIENTED_EDGE('',*,*,#5109,.F.);
#6655=ORIENTED_EDGE('',*,*,#5110,.T.);
#6656=ORIENTED_EDGE('',*,*,#5111,.F.);
#6657=ORIENTED_EDGE('',*,*,#5106,.F.);
#6658=ORIENTED_EDGE('',*,*,#5112,.F.);
#6659=ORIENTED_EDGE('',*,*,#5113,.T.);
#6660=ORIENTED_EDGE('',*,*,#5114,.F.);
#6661=ORIENTED_EDGE('',*,*,#5110,.F.);
#6662=ORIENTED_EDGE('',*,*,#5115,.F.);
#6663=ORIENTED_EDGE('',*,*,#5116,.T.);
#6664=ORIENTED_EDGE('',*,*,#5117,.F.);
#6665=ORIENTED_EDGE('',*,*,#5113,.F.);
#6666=ORIENTED_EDGE('',*,*,#5118,.F.);
#6667=ORIENTED_EDGE('',*,*,#5119,.T.);
#6668=ORIENTED_EDGE('',*,*,#5120,.F.);
#6669=ORIENTED_EDGE('',*,*,#5116,.F.);
#6670=ORIENTED_EDGE('',*,*,#5121,.F.);
#6671=ORIENTED_EDGE('',*,*,#5122,.T.);
#6672=ORIENTED_EDGE('',*,*,#5123,.F.);
#6673=ORIENTED_EDGE('',*,*,#5119,.F.);
#6674=ORIENTED_EDGE('',*,*,#5124,.F.);
#6675=ORIENTED_EDGE('',*,*,#5125,.T.);
#6676=ORIENTED_EDGE('',*,*,#5126,.F.);
#6677=ORIENTED_EDGE('',*,*,#5122,.F.);
#6678=ORIENTED_EDGE('',*,*,#5127,.F.);
#6679=ORIENTED_EDGE('',*,*,#5108,.T.);
#6680=ORIENTED_EDGE('',*,*,#5128,.F.);
#6681=ORIENTED_EDGE('',*,*,#5125,.F.);
#6682=ORIENTED_EDGE('',*,*,#5129,.F.);
#6683=ORIENTED_EDGE('',*,*,#5130,.T.);
#6684=ORIENTED_EDGE('',*,*,#5131,.F.);
#6685=ORIENTED_EDGE('',*,*,#5132,.F.);
#6686=ORIENTED_EDGE('',*,*,#5133,.F.);
#6687=ORIENTED_EDGE('',*,*,#5134,.T.);
#6688=ORIENTED_EDGE('',*,*,#5135,.F.);
#6689=ORIENTED_EDGE('',*,*,#5130,.F.);
#6690=ORIENTED_EDGE('',*,*,#5136,.F.);
#6691=ORIENTED_EDGE('',*,*,#5137,.T.);
#6692=ORIENTED_EDGE('',*,*,#5138,.F.);
#6693=ORIENTED_EDGE('',*,*,#5134,.F.);
#6694=ORIENTED_EDGE('',*,*,#5139,.F.);
#6695=ORIENTED_EDGE('',*,*,#5140,.T.);
#6696=ORIENTED_EDGE('',*,*,#5141,.F.);
#6697=ORIENTED_EDGE('',*,*,#5137,.F.);
#6698=ORIENTED_EDGE('',*,*,#5142,.F.);
#6699=ORIENTED_EDGE('',*,*,#5143,.T.);
#6700=ORIENTED_EDGE('',*,*,#5144,.F.);
#6701=ORIENTED_EDGE('',*,*,#5140,.F.);
#6702=ORIENTED_EDGE('',*,*,#5145,.F.);
#6703=ORIENTED_EDGE('',*,*,#5146,.T.);
#6704=ORIENTED_EDGE('',*,*,#5147,.F.);
#6705=ORIENTED_EDGE('',*,*,#5143,.F.);
#6706=ORIENTED_EDGE('',*,*,#5148,.F.);
#6707=ORIENTED_EDGE('',*,*,#5149,.T.);
#6708=ORIENTED_EDGE('',*,*,#5150,.F.);
#6709=ORIENTED_EDGE('',*,*,#5146,.F.);
#6710=ORIENTED_EDGE('',*,*,#5151,.F.);
#6711=ORIENTED_EDGE('',*,*,#5132,.T.);
#6712=ORIENTED_EDGE('',*,*,#5152,.F.);
#6713=ORIENTED_EDGE('',*,*,#5149,.F.);
#6714=ORIENTED_EDGE('',*,*,#5153,.F.);
#6715=ORIENTED_EDGE('',*,*,#5154,.T.);
#6716=ORIENTED_EDGE('',*,*,#5155,.F.);
#6717=ORIENTED_EDGE('',*,*,#5156,.F.);
#6718=ORIENTED_EDGE('',*,*,#5157,.F.);
#6719=ORIENTED_EDGE('',*,*,#5158,.T.);
#6720=ORIENTED_EDGE('',*,*,#5159,.F.);
#6721=ORIENTED_EDGE('',*,*,#5154,.F.);
#6722=ORIENTED_EDGE('',*,*,#5160,.F.);
#6723=ORIENTED_EDGE('',*,*,#5161,.T.);
#6724=ORIENTED_EDGE('',*,*,#5162,.F.);
#6725=ORIENTED_EDGE('',*,*,#5158,.F.);
#6726=ORIENTED_EDGE('',*,*,#5163,.F.);
#6727=ORIENTED_EDGE('',*,*,#5164,.T.);
#6728=ORIENTED_EDGE('',*,*,#5165,.F.);
#6729=ORIENTED_EDGE('',*,*,#5161,.F.);
#6730=ORIENTED_EDGE('',*,*,#5166,.F.);
#6731=ORIENTED_EDGE('',*,*,#5167,.T.);
#6732=ORIENTED_EDGE('',*,*,#5168,.F.);
#6733=ORIENTED_EDGE('',*,*,#5164,.F.);
#6734=ORIENTED_EDGE('',*,*,#5169,.F.);
#6735=ORIENTED_EDGE('',*,*,#5170,.T.);
#6736=ORIENTED_EDGE('',*,*,#5171,.F.);
#6737=ORIENTED_EDGE('',*,*,#5167,.F.);
#6738=ORIENTED_EDGE('',*,*,#5172,.F.);
#6739=ORIENTED_EDGE('',*,*,#5173,.T.);
#6740=ORIENTED_EDGE('',*,*,#5174,.F.);
#6741=ORIENTED_EDGE('',*,*,#5170,.F.);
#6742=ORIENTED_EDGE('',*,*,#5175,.F.);
#6743=ORIENTED_EDGE('',*,*,#5156,.T.);
#6744=ORIENTED_EDGE('',*,*,#5176,.F.);
#6745=ORIENTED_EDGE('',*,*,#5173,.F.);
#6746=ORIENTED_EDGE('',*,*,#5177,.F.);
#6747=ORIENTED_EDGE('',*,*,#5178,.T.);
#6748=ORIENTED_EDGE('',*,*,#5179,.F.);
#6749=ORIENTED_EDGE('',*,*,#5180,.F.);
#6750=ORIENTED_EDGE('',*,*,#5181,.F.);
#6751=ORIENTED_EDGE('',*,*,#5182,.T.);
#6752=ORIENTED_EDGE('',*,*,#5183,.F.);
#6753=ORIENTED_EDGE('',*,*,#5178,.F.);
#6754=ORIENTED_EDGE('',*,*,#5184,.F.);
#6755=ORIENTED_EDGE('',*,*,#5185,.T.);
#6756=ORIENTED_EDGE('',*,*,#5186,.F.);
#6757=ORIENTED_EDGE('',*,*,#5182,.F.);
#6758=ORIENTED_EDGE('',*,*,#5187,.F.);
#6759=ORIENTED_EDGE('',*,*,#5188,.T.);
#6760=ORIENTED_EDGE('',*,*,#5189,.F.);
#6761=ORIENTED_EDGE('',*,*,#5185,.F.);
#6762=ORIENTED_EDGE('',*,*,#5190,.F.);
#6763=ORIENTED_EDGE('',*,*,#5191,.T.);
#6764=ORIENTED_EDGE('',*,*,#5192,.F.);
#6765=ORIENTED_EDGE('',*,*,#5188,.F.);
#6766=ORIENTED_EDGE('',*,*,#5193,.F.);
#6767=ORIENTED_EDGE('',*,*,#5194,.T.);
#6768=ORIENTED_EDGE('',*,*,#5195,.F.);
#6769=ORIENTED_EDGE('',*,*,#5191,.F.);
#6770=ORIENTED_EDGE('',*,*,#5196,.F.);
#6771=ORIENTED_EDGE('',*,*,#5197,.T.);
#6772=ORIENTED_EDGE('',*,*,#5198,.F.);
#6773=ORIENTED_EDGE('',*,*,#5194,.F.);
#6774=ORIENTED_EDGE('',*,*,#5199,.F.);
#6775=ORIENTED_EDGE('',*,*,#5180,.T.);
#6776=ORIENTED_EDGE('',*,*,#5200,.F.);
#6777=ORIENTED_EDGE('',*,*,#5197,.F.);
#6778=ORIENTED_EDGE('',*,*,#5201,.F.);
#6779=ORIENTED_EDGE('',*,*,#5202,.T.);
#6780=ORIENTED_EDGE('',*,*,#5203,.F.);
#6781=ORIENTED_EDGE('',*,*,#5204,.F.);
#6782=ORIENTED_EDGE('',*,*,#5205,.F.);
#6783=ORIENTED_EDGE('',*,*,#5206,.T.);
#6784=ORIENTED_EDGE('',*,*,#5207,.F.);
#6785=ORIENTED_EDGE('',*,*,#5202,.F.);
#6786=ORIENTED_EDGE('',*,*,#5208,.F.);
#6787=ORIENTED_EDGE('',*,*,#5209,.T.);
#6788=ORIENTED_EDGE('',*,*,#5210,.F.);
#6789=ORIENTED_EDGE('',*,*,#5206,.F.);
#6790=ORIENTED_EDGE('',*,*,#5211,.F.);
#6791=ORIENTED_EDGE('',*,*,#5212,.T.);
#6792=ORIENTED_EDGE('',*,*,#5213,.F.);
#6793=ORIENTED_EDGE('',*,*,#5209,.F.);
#6794=ORIENTED_EDGE('',*,*,#5214,.F.);
#6795=ORIENTED_EDGE('',*,*,#5215,.T.);
#6796=ORIENTED_EDGE('',*,*,#5216,.F.);
#6797=ORIENTED_EDGE('',*,*,#5212,.F.);
#6798=ORIENTED_EDGE('',*,*,#5217,.F.);
#6799=ORIENTED_EDGE('',*,*,#5218,.T.);
#6800=ORIENTED_EDGE('',*,*,#5219,.F.);
#6801=ORIENTED_EDGE('',*,*,#5215,.F.);
#6802=ORIENTED_EDGE('',*,*,#5220,.F.);
#6803=ORIENTED_EDGE('',*,*,#5221,.T.);
#6804=ORIENTED_EDGE('',*,*,#5222,.F.);
#6805=ORIENTED_EDGE('',*,*,#5218,.F.);
#6806=ORIENTED_EDGE('',*,*,#5223,.F.);
#6807=ORIENTED_EDGE('',*,*,#5204,.T.);
#6808=ORIENTED_EDGE('',*,*,#5224,.F.);
#6809=ORIENTED_EDGE('',*,*,#5221,.F.);
#6810=ORIENTED_EDGE('',*,*,#5225,.F.);
#6811=ORIENTED_EDGE('',*,*,#5226,.T.);
#6812=ORIENTED_EDGE('',*,*,#5227,.F.);
#6813=ORIENTED_EDGE('',*,*,#5228,.F.);
#6814=ORIENTED_EDGE('',*,*,#5229,.F.);
#6815=ORIENTED_EDGE('',*,*,#5230,.T.);
#6816=ORIENTED_EDGE('',*,*,#5231,.F.);
#6817=ORIENTED_EDGE('',*,*,#5226,.F.);
#6818=ORIENTED_EDGE('',*,*,#5232,.F.);
#6819=ORIENTED_EDGE('',*,*,#5233,.T.);
#6820=ORIENTED_EDGE('',*,*,#5234,.F.);
#6821=ORIENTED_EDGE('',*,*,#5230,.F.);
#6822=ORIENTED_EDGE('',*,*,#5235,.F.);
#6823=ORIENTED_EDGE('',*,*,#5236,.T.);
#6824=ORIENTED_EDGE('',*,*,#5237,.F.);
#6825=ORIENTED_EDGE('',*,*,#5233,.F.);
#6826=ORIENTED_EDGE('',*,*,#5238,.F.);
#6827=ORIENTED_EDGE('',*,*,#5239,.T.);
#6828=ORIENTED_EDGE('',*,*,#5240,.F.);
#6829=ORIENTED_EDGE('',*,*,#5236,.F.);
#6830=ORIENTED_EDGE('',*,*,#5241,.F.);
#6831=ORIENTED_EDGE('',*,*,#5242,.T.);
#6832=ORIENTED_EDGE('',*,*,#5243,.F.);
#6833=ORIENTED_EDGE('',*,*,#5239,.F.);
#6834=ORIENTED_EDGE('',*,*,#5244,.F.);
#6835=ORIENTED_EDGE('',*,*,#5245,.T.);
#6836=ORIENTED_EDGE('',*,*,#5246,.F.);
#6837=ORIENTED_EDGE('',*,*,#5242,.F.);
#6838=ORIENTED_EDGE('',*,*,#5247,.F.);
#6839=ORIENTED_EDGE('',*,*,#5228,.T.);
#6840=ORIENTED_EDGE('',*,*,#5248,.F.);
#6841=ORIENTED_EDGE('',*,*,#5245,.F.);
#6842=ORIENTED_EDGE('',*,*,#5249,.F.);
#6843=ORIENTED_EDGE('',*,*,#5250,.T.);
#6844=ORIENTED_EDGE('',*,*,#5251,.F.);
#6845=ORIENTED_EDGE('',*,*,#5252,.F.);
#6846=ORIENTED_EDGE('',*,*,#5253,.F.);
#6847=ORIENTED_EDGE('',*,*,#5254,.T.);
#6848=ORIENTED_EDGE('',*,*,#5255,.F.);
#6849=ORIENTED_EDGE('',*,*,#5250,.F.);
#6850=ORIENTED_EDGE('',*,*,#5256,.F.);
#6851=ORIENTED_EDGE('',*,*,#5257,.T.);
#6852=ORIENTED_EDGE('',*,*,#5258,.F.);
#6853=ORIENTED_EDGE('',*,*,#5254,.F.);
#6854=ORIENTED_EDGE('',*,*,#5259,.F.);
#6855=ORIENTED_EDGE('',*,*,#5260,.T.);
#6856=ORIENTED_EDGE('',*,*,#5261,.F.);
#6857=ORIENTED_EDGE('',*,*,#5257,.F.);
#6858=ORIENTED_EDGE('',*,*,#5262,.F.);
#6859=ORIENTED_EDGE('',*,*,#5263,.T.);
#6860=ORIENTED_EDGE('',*,*,#5264,.F.);
#6861=ORIENTED_EDGE('',*,*,#5260,.F.);
#6862=ORIENTED_EDGE('',*,*,#5265,.F.);
#6863=ORIENTED_EDGE('',*,*,#5266,.T.);
#6864=ORIENTED_EDGE('',*,*,#5267,.F.);
#6865=ORIENTED_EDGE('',*,*,#5263,.F.);
#6866=ORIENTED_EDGE('',*,*,#5268,.F.);
#6867=ORIENTED_EDGE('',*,*,#5269,.T.);
#6868=ORIENTED_EDGE('',*,*,#5270,.F.);
#6869=ORIENTED_EDGE('',*,*,#5266,.F.);
#6870=ORIENTED_EDGE('',*,*,#5271,.F.);
#6871=ORIENTED_EDGE('',*,*,#5252,.T.);
#6872=ORIENTED_EDGE('',*,*,#5272,.F.);
#6873=ORIENTED_EDGE('',*,*,#5269,.F.);
#6874=ORIENTED_EDGE('',*,*,#5273,.F.);
#6875=ORIENTED_EDGE('',*,*,#5274,.T.);
#6876=ORIENTED_EDGE('',*,*,#5275,.F.);
#6877=ORIENTED_EDGE('',*,*,#5276,.F.);
#6878=ORIENTED_EDGE('',*,*,#5277,.F.);
#6879=ORIENTED_EDGE('',*,*,#5278,.T.);
#6880=ORIENTED_EDGE('',*,*,#5279,.F.);
#6881=ORIENTED_EDGE('',*,*,#5274,.F.);
#6882=ORIENTED_EDGE('',*,*,#5280,.F.);
#6883=ORIENTED_EDGE('',*,*,#5281,.T.);
#6884=ORIENTED_EDGE('',*,*,#5282,.F.);
#6885=ORIENTED_EDGE('',*,*,#5278,.F.);
#6886=ORIENTED_EDGE('',*,*,#5283,.F.);
#6887=ORIENTED_EDGE('',*,*,#5284,.T.);
#6888=ORIENTED_EDGE('',*,*,#5285,.F.);
#6889=ORIENTED_EDGE('',*,*,#5281,.F.);
#6890=ORIENTED_EDGE('',*,*,#5286,.F.);
#6891=ORIENTED_EDGE('',*,*,#5287,.T.);
#6892=ORIENTED_EDGE('',*,*,#5288,.F.);
#6893=ORIENTED_EDGE('',*,*,#5284,.F.);
#6894=ORIENTED_EDGE('',*,*,#5289,.F.);
#6895=ORIENTED_EDGE('',*,*,#5290,.T.);
#6896=ORIENTED_EDGE('',*,*,#5291,.F.);
#6897=ORIENTED_EDGE('',*,*,#5287,.F.);
#6898=ORIENTED_EDGE('',*,*,#5292,.F.);
#6899=ORIENTED_EDGE('',*,*,#5293,.T.);
#6900=ORIENTED_EDGE('',*,*,#5294,.F.);
#6901=ORIENTED_EDGE('',*,*,#5290,.F.);
#6902=ORIENTED_EDGE('',*,*,#5295,.F.);
#6903=ORIENTED_EDGE('',*,*,#5276,.T.);
#6904=ORIENTED_EDGE('',*,*,#5296,.F.);
#6905=ORIENTED_EDGE('',*,*,#5293,.F.);
#6906=ORIENTED_EDGE('',*,*,#5297,.F.);
#6907=ORIENTED_EDGE('',*,*,#5298,.T.);
#6908=ORIENTED_EDGE('',*,*,#5299,.F.);
#6909=ORIENTED_EDGE('',*,*,#5300,.F.);
#6910=ORIENTED_EDGE('',*,*,#5301,.F.);
#6911=ORIENTED_EDGE('',*,*,#5302,.T.);
#6912=ORIENTED_EDGE('',*,*,#5303,.F.);
#6913=ORIENTED_EDGE('',*,*,#5298,.F.);
#6914=ORIENTED_EDGE('',*,*,#5304,.F.);
#6915=ORIENTED_EDGE('',*,*,#5305,.T.);
#6916=ORIENTED_EDGE('',*,*,#5306,.F.);
#6917=ORIENTED_EDGE('',*,*,#5302,.F.);
#6918=ORIENTED_EDGE('',*,*,#5307,.F.);
#6919=ORIENTED_EDGE('',*,*,#5308,.T.);
#6920=ORIENTED_EDGE('',*,*,#5309,.F.);
#6921=ORIENTED_EDGE('',*,*,#5305,.F.);
#6922=ORIENTED_EDGE('',*,*,#5310,.F.);
#6923=ORIENTED_EDGE('',*,*,#5311,.T.);
#6924=ORIENTED_EDGE('',*,*,#5312,.F.);
#6925=ORIENTED_EDGE('',*,*,#5308,.F.);
#6926=ORIENTED_EDGE('',*,*,#5313,.F.);
#6927=ORIENTED_EDGE('',*,*,#5314,.T.);
#6928=ORIENTED_EDGE('',*,*,#5315,.F.);
#6929=ORIENTED_EDGE('',*,*,#5311,.F.);
#6930=ORIENTED_EDGE('',*,*,#5316,.F.);
#6931=ORIENTED_EDGE('',*,*,#5317,.T.);
#6932=ORIENTED_EDGE('',*,*,#5318,.F.);
#6933=ORIENTED_EDGE('',*,*,#5314,.F.);
#6934=ORIENTED_EDGE('',*,*,#5319,.F.);
#6935=ORIENTED_EDGE('',*,*,#5320,.T.);
#6936=ORIENTED_EDGE('',*,*,#5321,.F.);
#6937=ORIENTED_EDGE('',*,*,#5317,.F.);
#6938=ORIENTED_EDGE('',*,*,#5322,.F.);
#6939=ORIENTED_EDGE('',*,*,#5323,.T.);
#6940=ORIENTED_EDGE('',*,*,#5324,.F.);
#6941=ORIENTED_EDGE('',*,*,#5320,.F.);
#6942=ORIENTED_EDGE('',*,*,#5325,.F.);
#6943=ORIENTED_EDGE('',*,*,#5326,.T.);
#6944=ORIENTED_EDGE('',*,*,#5327,.F.);
#6945=ORIENTED_EDGE('',*,*,#5323,.F.);
#6946=ORIENTED_EDGE('',*,*,#5328,.F.);
#6947=ORIENTED_EDGE('',*,*,#5329,.T.);
#6948=ORIENTED_EDGE('',*,*,#5330,.F.);
#6949=ORIENTED_EDGE('',*,*,#5326,.F.);
#6950=ORIENTED_EDGE('',*,*,#5331,.F.);
#6951=ORIENTED_EDGE('',*,*,#5332,.T.);
#6952=ORIENTED_EDGE('',*,*,#5333,.F.);
#6953=ORIENTED_EDGE('',*,*,#5329,.F.);
#6954=ORIENTED_EDGE('',*,*,#5334,.F.);
#6955=ORIENTED_EDGE('',*,*,#5335,.T.);
#6956=ORIENTED_EDGE('',*,*,#5336,.F.);
#6957=ORIENTED_EDGE('',*,*,#5332,.F.);
#6958=ORIENTED_EDGE('',*,*,#5337,.F.);
#6959=ORIENTED_EDGE('',*,*,#5338,.T.);
#6960=ORIENTED_EDGE('',*,*,#5339,.F.);
#6961=ORIENTED_EDGE('',*,*,#5335,.F.);
#6962=ORIENTED_EDGE('',*,*,#5340,.F.);
#6963=ORIENTED_EDGE('',*,*,#5341,.T.);
#6964=ORIENTED_EDGE('',*,*,#5342,.F.);
#6965=ORIENTED_EDGE('',*,*,#5338,.F.);
#6966=ORIENTED_EDGE('',*,*,#5343,.F.);
#6967=ORIENTED_EDGE('',*,*,#5344,.T.);
#6968=ORIENTED_EDGE('',*,*,#5345,.F.);
#6969=ORIENTED_EDGE('',*,*,#5341,.F.);
#6970=ORIENTED_EDGE('',*,*,#5346,.F.);
#6971=ORIENTED_EDGE('',*,*,#5347,.T.);
#6972=ORIENTED_EDGE('',*,*,#5348,.F.);
#6973=ORIENTED_EDGE('',*,*,#5344,.F.);
#6974=ORIENTED_EDGE('',*,*,#5349,.F.);
#6975=ORIENTED_EDGE('',*,*,#5350,.T.);
#6976=ORIENTED_EDGE('',*,*,#5351,.F.);
#6977=ORIENTED_EDGE('',*,*,#5347,.F.);
#6978=ORIENTED_EDGE('',*,*,#5352,.F.);
#6979=ORIENTED_EDGE('',*,*,#5353,.T.);
#6980=ORIENTED_EDGE('',*,*,#5354,.F.);
#6981=ORIENTED_EDGE('',*,*,#5350,.F.);
#6982=ORIENTED_EDGE('',*,*,#5355,.F.);
#6983=ORIENTED_EDGE('',*,*,#5356,.T.);
#6984=ORIENTED_EDGE('',*,*,#5357,.F.);
#6985=ORIENTED_EDGE('',*,*,#5353,.F.);
#6986=ORIENTED_EDGE('',*,*,#5358,.F.);
#6987=ORIENTED_EDGE('',*,*,#5359,.T.);
#6988=ORIENTED_EDGE('',*,*,#5360,.F.);
#6989=ORIENTED_EDGE('',*,*,#5356,.F.);
#6990=ORIENTED_EDGE('',*,*,#5361,.F.);
#6991=ORIENTED_EDGE('',*,*,#5362,.T.);
#6992=ORIENTED_EDGE('',*,*,#5363,.F.);
#6993=ORIENTED_EDGE('',*,*,#5359,.F.);
#6994=ORIENTED_EDGE('',*,*,#5364,.F.);
#6995=ORIENTED_EDGE('',*,*,#5365,.T.);
#6996=ORIENTED_EDGE('',*,*,#5366,.F.);
#6997=ORIENTED_EDGE('',*,*,#5362,.F.);
#6998=ORIENTED_EDGE('',*,*,#5367,.F.);
#6999=ORIENTED_EDGE('',*,*,#5300,.T.);
#7000=ORIENTED_EDGE('',*,*,#5368,.F.);
#7001=ORIENTED_EDGE('',*,*,#5365,.F.);
#7002=ORIENTED_EDGE('',*,*,#5369,.F.);
#7003=ORIENTED_EDGE('',*,*,#5370,.T.);
#7004=ORIENTED_EDGE('',*,*,#5371,.F.);
#7005=ORIENTED_EDGE('',*,*,#5372,.F.);
#7006=ORIENTED_EDGE('',*,*,#5373,.F.);
#7007=ORIENTED_EDGE('',*,*,#5374,.T.);
#7008=ORIENTED_EDGE('',*,*,#5375,.F.);
#7009=ORIENTED_EDGE('',*,*,#5370,.F.);
#7010=ORIENTED_EDGE('',*,*,#5376,.F.);
#7011=ORIENTED_EDGE('',*,*,#5377,.T.);
#7012=ORIENTED_EDGE('',*,*,#5378,.F.);
#7013=ORIENTED_EDGE('',*,*,#5374,.F.);
#7014=ORIENTED_EDGE('',*,*,#5379,.F.);
#7015=ORIENTED_EDGE('',*,*,#5380,.T.);
#7016=ORIENTED_EDGE('',*,*,#5381,.F.);
#7017=ORIENTED_EDGE('',*,*,#5377,.F.);
#7018=ORIENTED_EDGE('',*,*,#5382,.F.);
#7019=ORIENTED_EDGE('',*,*,#5383,.T.);
#7020=ORIENTED_EDGE('',*,*,#5384,.F.);
#7021=ORIENTED_EDGE('',*,*,#5380,.F.);
#7022=ORIENTED_EDGE('',*,*,#5385,.F.);
#7023=ORIENTED_EDGE('',*,*,#5386,.T.);
#7024=ORIENTED_EDGE('',*,*,#5387,.F.);
#7025=ORIENTED_EDGE('',*,*,#5383,.F.);
#7026=ORIENTED_EDGE('',*,*,#5388,.F.);
#7027=ORIENTED_EDGE('',*,*,#5389,.T.);
#7028=ORIENTED_EDGE('',*,*,#5390,.F.);
#7029=ORIENTED_EDGE('',*,*,#5386,.F.);
#7030=ORIENTED_EDGE('',*,*,#5391,.F.);
#7031=ORIENTED_EDGE('',*,*,#5392,.T.);
#7032=ORIENTED_EDGE('',*,*,#5393,.F.);
#7033=ORIENTED_EDGE('',*,*,#5389,.F.);
#7034=ORIENTED_EDGE('',*,*,#5394,.F.);
#7035=ORIENTED_EDGE('',*,*,#5395,.T.);
#7036=ORIENTED_EDGE('',*,*,#5396,.F.);
#7037=ORIENTED_EDGE('',*,*,#5392,.F.);
#7038=ORIENTED_EDGE('',*,*,#5397,.F.);
#7039=ORIENTED_EDGE('',*,*,#5398,.T.);
#7040=ORIENTED_EDGE('',*,*,#5399,.F.);
#7041=ORIENTED_EDGE('',*,*,#5395,.F.);
#7042=ORIENTED_EDGE('',*,*,#5400,.F.);
#7043=ORIENTED_EDGE('',*,*,#5401,.T.);
#7044=ORIENTED_EDGE('',*,*,#5402,.F.);
#7045=ORIENTED_EDGE('',*,*,#5398,.F.);
#7046=ORIENTED_EDGE('',*,*,#5403,.F.);
#7047=ORIENTED_EDGE('',*,*,#5404,.T.);
#7048=ORIENTED_EDGE('',*,*,#5405,.F.);
#7049=ORIENTED_EDGE('',*,*,#5401,.F.);
#7050=ORIENTED_EDGE('',*,*,#5406,.F.);
#7051=ORIENTED_EDGE('',*,*,#5407,.T.);
#7052=ORIENTED_EDGE('',*,*,#5408,.F.);
#7053=ORIENTED_EDGE('',*,*,#5404,.F.);
#7054=ORIENTED_EDGE('',*,*,#5409,.F.);
#7055=ORIENTED_EDGE('',*,*,#5410,.T.);
#7056=ORIENTED_EDGE('',*,*,#5411,.F.);
#7057=ORIENTED_EDGE('',*,*,#5407,.F.);
#7058=ORIENTED_EDGE('',*,*,#5412,.F.);
#7059=ORIENTED_EDGE('',*,*,#5413,.T.);
#7060=ORIENTED_EDGE('',*,*,#5414,.F.);
#7061=ORIENTED_EDGE('',*,*,#5410,.F.);
#7062=ORIENTED_EDGE('',*,*,#5415,.F.);
#7063=ORIENTED_EDGE('',*,*,#5416,.T.);
#7064=ORIENTED_EDGE('',*,*,#5417,.F.);
#7065=ORIENTED_EDGE('',*,*,#5413,.F.);
#7066=ORIENTED_EDGE('',*,*,#5418,.F.);
#7067=ORIENTED_EDGE('',*,*,#5419,.T.);
#7068=ORIENTED_EDGE('',*,*,#5420,.F.);
#7069=ORIENTED_EDGE('',*,*,#5416,.F.);
#7070=ORIENTED_EDGE('',*,*,#5421,.F.);
#7071=ORIENTED_EDGE('',*,*,#5422,.T.);
#7072=ORIENTED_EDGE('',*,*,#5423,.F.);
#7073=ORIENTED_EDGE('',*,*,#5419,.F.);
#7074=ORIENTED_EDGE('',*,*,#5424,.F.);
#7075=ORIENTED_EDGE('',*,*,#5425,.T.);
#7076=ORIENTED_EDGE('',*,*,#5426,.F.);
#7077=ORIENTED_EDGE('',*,*,#5422,.F.);
#7078=ORIENTED_EDGE('',*,*,#5427,.F.);
#7079=ORIENTED_EDGE('',*,*,#5428,.T.);
#7080=ORIENTED_EDGE('',*,*,#5429,.F.);
#7081=ORIENTED_EDGE('',*,*,#5425,.F.);
#7082=ORIENTED_EDGE('',*,*,#5430,.F.);
#7083=ORIENTED_EDGE('',*,*,#5431,.T.);
#7084=ORIENTED_EDGE('',*,*,#5432,.F.);
#7085=ORIENTED_EDGE('',*,*,#5428,.F.);
#7086=ORIENTED_EDGE('',*,*,#5433,.F.);
#7087=ORIENTED_EDGE('',*,*,#5434,.T.);
#7088=ORIENTED_EDGE('',*,*,#5435,.F.);
#7089=ORIENTED_EDGE('',*,*,#5431,.F.);
#7090=ORIENTED_EDGE('',*,*,#5436,.F.);
#7091=ORIENTED_EDGE('',*,*,#5437,.T.);
#7092=ORIENTED_EDGE('',*,*,#5438,.F.);
#7093=ORIENTED_EDGE('',*,*,#5434,.F.);
#7094=ORIENTED_EDGE('',*,*,#5439,.F.);
#7095=ORIENTED_EDGE('',*,*,#5372,.T.);
#7096=ORIENTED_EDGE('',*,*,#5440,.F.);
#7097=ORIENTED_EDGE('',*,*,#5437,.F.);
#7098=ORIENTED_EDGE('',*,*,#5441,.F.);
#7099=ORIENTED_EDGE('',*,*,#5442,.T.);
#7100=ORIENTED_EDGE('',*,*,#5443,.F.);
#7101=ORIENTED_EDGE('',*,*,#5444,.F.);
#7102=ORIENTED_EDGE('',*,*,#5445,.F.);
#7103=ORIENTED_EDGE('',*,*,#5446,.T.);
#7104=ORIENTED_EDGE('',*,*,#5447,.F.);
#7105=ORIENTED_EDGE('',*,*,#5442,.F.);
#7106=ORIENTED_EDGE('',*,*,#5448,.F.);
#7107=ORIENTED_EDGE('',*,*,#5449,.T.);
#7108=ORIENTED_EDGE('',*,*,#5450,.F.);
#7109=ORIENTED_EDGE('',*,*,#5446,.F.);
#7110=ORIENTED_EDGE('',*,*,#5451,.F.);
#7111=ORIENTED_EDGE('',*,*,#5452,.T.);
#7112=ORIENTED_EDGE('',*,*,#5453,.F.);
#7113=ORIENTED_EDGE('',*,*,#5449,.F.);
#7114=ORIENTED_EDGE('',*,*,#5454,.F.);
#7115=ORIENTED_EDGE('',*,*,#5455,.T.);
#7116=ORIENTED_EDGE('',*,*,#5456,.F.);
#7117=ORIENTED_EDGE('',*,*,#5452,.F.);
#7118=ORIENTED_EDGE('',*,*,#5457,.F.);
#7119=ORIENTED_EDGE('',*,*,#5458,.T.);
#7120=ORIENTED_EDGE('',*,*,#5459,.F.);
#7121=ORIENTED_EDGE('',*,*,#5455,.F.);
#7122=ORIENTED_EDGE('',*,*,#5460,.F.);
#7123=ORIENTED_EDGE('',*,*,#5461,.T.);
#7124=ORIENTED_EDGE('',*,*,#5462,.F.);
#7125=ORIENTED_EDGE('',*,*,#5458,.F.);
#7126=ORIENTED_EDGE('',*,*,#5463,.F.);
#7127=ORIENTED_EDGE('',*,*,#5444,.T.);
#7128=ORIENTED_EDGE('',*,*,#5464,.F.);
#7129=ORIENTED_EDGE('',*,*,#5461,.F.);
#7130=ORIENTED_EDGE('',*,*,#5465,.F.);
#7131=ORIENTED_EDGE('',*,*,#5466,.T.);
#7132=ORIENTED_EDGE('',*,*,#5467,.F.);
#7133=ORIENTED_EDGE('',*,*,#5468,.F.);
#7134=ORIENTED_EDGE('',*,*,#5469,.F.);
#7135=ORIENTED_EDGE('',*,*,#5470,.T.);
#7136=ORIENTED_EDGE('',*,*,#5471,.F.);
#7137=ORIENTED_EDGE('',*,*,#5466,.F.);
#7138=ORIENTED_EDGE('',*,*,#5472,.F.);
#7139=ORIENTED_EDGE('',*,*,#5473,.T.);
#7140=ORIENTED_EDGE('',*,*,#5474,.F.);
#7141=ORIENTED_EDGE('',*,*,#5470,.F.);
#7142=ORIENTED_EDGE('',*,*,#5475,.F.);
#7143=ORIENTED_EDGE('',*,*,#5476,.T.);
#7144=ORIENTED_EDGE('',*,*,#5477,.F.);
#7145=ORIENTED_EDGE('',*,*,#5473,.F.);
#7146=ORIENTED_EDGE('',*,*,#5478,.F.);
#7147=ORIENTED_EDGE('',*,*,#5479,.T.);
#7148=ORIENTED_EDGE('',*,*,#5480,.F.);
#7149=ORIENTED_EDGE('',*,*,#5476,.F.);
#7150=ORIENTED_EDGE('',*,*,#5481,.F.);
#7151=ORIENTED_EDGE('',*,*,#5482,.T.);
#7152=ORIENTED_EDGE('',*,*,#5483,.F.);
#7153=ORIENTED_EDGE('',*,*,#5479,.F.);
#7154=ORIENTED_EDGE('',*,*,#5484,.F.);
#7155=ORIENTED_EDGE('',*,*,#5485,.T.);
#7156=ORIENTED_EDGE('',*,*,#5486,.F.);
#7157=ORIENTED_EDGE('',*,*,#5482,.F.);
#7158=ORIENTED_EDGE('',*,*,#5487,.F.);
#7159=ORIENTED_EDGE('',*,*,#5468,.T.);
#7160=ORIENTED_EDGE('',*,*,#5488,.F.);
#7161=ORIENTED_EDGE('',*,*,#5485,.F.);
#7162=ORIENTED_EDGE('',*,*,#5489,.F.);
#7163=ORIENTED_EDGE('',*,*,#5490,.T.);
#7164=ORIENTED_EDGE('',*,*,#5491,.F.);
#7165=ORIENTED_EDGE('',*,*,#5492,.F.);
#7166=ORIENTED_EDGE('',*,*,#5493,.F.);
#7167=ORIENTED_EDGE('',*,*,#5494,.T.);
#7168=ORIENTED_EDGE('',*,*,#5495,.F.);
#7169=ORIENTED_EDGE('',*,*,#5490,.F.);
#7170=ORIENTED_EDGE('',*,*,#5496,.F.);
#7171=ORIENTED_EDGE('',*,*,#5497,.T.);
#7172=ORIENTED_EDGE('',*,*,#5498,.F.);
#7173=ORIENTED_EDGE('',*,*,#5494,.F.);
#7174=ORIENTED_EDGE('',*,*,#5499,.F.);
#7175=ORIENTED_EDGE('',*,*,#5500,.T.);
#7176=ORIENTED_EDGE('',*,*,#5501,.F.);
#7177=ORIENTED_EDGE('',*,*,#5497,.F.);
#7178=ORIENTED_EDGE('',*,*,#5502,.F.);
#7179=ORIENTED_EDGE('',*,*,#5503,.T.);
#7180=ORIENTED_EDGE('',*,*,#5504,.F.);
#7181=ORIENTED_EDGE('',*,*,#5500,.F.);
#7182=ORIENTED_EDGE('',*,*,#5505,.F.);
#7183=ORIENTED_EDGE('',*,*,#5506,.T.);
#7184=ORIENTED_EDGE('',*,*,#5507,.F.);
#7185=ORIENTED_EDGE('',*,*,#5503,.F.);
#7186=ORIENTED_EDGE('',*,*,#5508,.F.);
#7187=ORIENTED_EDGE('',*,*,#5509,.T.);
#7188=ORIENTED_EDGE('',*,*,#5510,.F.);
#7189=ORIENTED_EDGE('',*,*,#5506,.F.);
#7190=ORIENTED_EDGE('',*,*,#5511,.F.);
#7191=ORIENTED_EDGE('',*,*,#5492,.T.);
#7192=ORIENTED_EDGE('',*,*,#5512,.F.);
#7193=ORIENTED_EDGE('',*,*,#5509,.F.);
#7194=ORIENTED_EDGE('',*,*,#5513,.F.);
#7195=ORIENTED_EDGE('',*,*,#5514,.T.);
#7196=ORIENTED_EDGE('',*,*,#5515,.F.);
#7197=ORIENTED_EDGE('',*,*,#5516,.F.);
#7198=ORIENTED_EDGE('',*,*,#5517,.F.);
#7199=ORIENTED_EDGE('',*,*,#5518,.T.);
#7200=ORIENTED_EDGE('',*,*,#5519,.F.);
#7201=ORIENTED_EDGE('',*,*,#5514,.F.);
#7202=ORIENTED_EDGE('',*,*,#5520,.F.);
#7203=ORIENTED_EDGE('',*,*,#5521,.T.);
#7204=ORIENTED_EDGE('',*,*,#5522,.F.);
#7205=ORIENTED_EDGE('',*,*,#5518,.F.);
#7206=ORIENTED_EDGE('',*,*,#5523,.F.);
#7207=ORIENTED_EDGE('',*,*,#5524,.T.);
#7208=ORIENTED_EDGE('',*,*,#5525,.F.);
#7209=ORIENTED_EDGE('',*,*,#5521,.F.);
#7210=ORIENTED_EDGE('',*,*,#5526,.F.);
#7211=ORIENTED_EDGE('',*,*,#5527,.T.);
#7212=ORIENTED_EDGE('',*,*,#5528,.F.);
#7213=ORIENTED_EDGE('',*,*,#5524,.F.);
#7214=ORIENTED_EDGE('',*,*,#5529,.F.);
#7215=ORIENTED_EDGE('',*,*,#5530,.T.);
#7216=ORIENTED_EDGE('',*,*,#5531,.F.);
#7217=ORIENTED_EDGE('',*,*,#5527,.F.);
#7218=ORIENTED_EDGE('',*,*,#5532,.F.);
#7219=ORIENTED_EDGE('',*,*,#5533,.T.);
#7220=ORIENTED_EDGE('',*,*,#5534,.F.);
#7221=ORIENTED_EDGE('',*,*,#5530,.F.);
#7222=ORIENTED_EDGE('',*,*,#5535,.F.);
#7223=ORIENTED_EDGE('',*,*,#5516,.T.);
#7224=ORIENTED_EDGE('',*,*,#5536,.F.);
#7225=ORIENTED_EDGE('',*,*,#5533,.F.);
#7226=ORIENTED_EDGE('',*,*,#5537,.F.);
#7227=ORIENTED_EDGE('',*,*,#5538,.T.);
#7228=ORIENTED_EDGE('',*,*,#5539,.F.);
#7229=ORIENTED_EDGE('',*,*,#5540,.F.);
#7230=ORIENTED_EDGE('',*,*,#5541,.F.);
#7231=ORIENTED_EDGE('',*,*,#5542,.T.);
#7232=ORIENTED_EDGE('',*,*,#5543,.F.);
#7233=ORIENTED_EDGE('',*,*,#5538,.F.);
#7234=ORIENTED_EDGE('',*,*,#5544,.F.);
#7235=ORIENTED_EDGE('',*,*,#5545,.T.);
#7236=ORIENTED_EDGE('',*,*,#5546,.F.);
#7237=ORIENTED_EDGE('',*,*,#5542,.F.);
#7238=ORIENTED_EDGE('',*,*,#5547,.F.);
#7239=ORIENTED_EDGE('',*,*,#5548,.T.);
#7240=ORIENTED_EDGE('',*,*,#5549,.F.);
#7241=ORIENTED_EDGE('',*,*,#5545,.F.);
#7242=ORIENTED_EDGE('',*,*,#5550,.F.);
#7243=ORIENTED_EDGE('',*,*,#5551,.T.);
#7244=ORIENTED_EDGE('',*,*,#5552,.F.);
#7245=ORIENTED_EDGE('',*,*,#5548,.F.);
#7246=ORIENTED_EDGE('',*,*,#5553,.F.);
#7247=ORIENTED_EDGE('',*,*,#5554,.T.);
#7248=ORIENTED_EDGE('',*,*,#5555,.F.);
#7249=ORIENTED_EDGE('',*,*,#5551,.F.);
#7250=ORIENTED_EDGE('',*,*,#5556,.F.);
#7251=ORIENTED_EDGE('',*,*,#5557,.T.);
#7252=ORIENTED_EDGE('',*,*,#5558,.F.);
#7253=ORIENTED_EDGE('',*,*,#5554,.F.);
#7254=ORIENTED_EDGE('',*,*,#5559,.F.);
#7255=ORIENTED_EDGE('',*,*,#5540,.T.);
#7256=ORIENTED_EDGE('',*,*,#5560,.F.);
#7257=ORIENTED_EDGE('',*,*,#5557,.F.);
#7258=ORIENTED_EDGE('',*,*,#5561,.F.);
#7259=ORIENTED_EDGE('',*,*,#5562,.T.);
#7260=ORIENTED_EDGE('',*,*,#5563,.F.);
#7261=ORIENTED_EDGE('',*,*,#5564,.F.);
#7262=ORIENTED_EDGE('',*,*,#5565,.F.);
#7263=ORIENTED_EDGE('',*,*,#5566,.T.);
#7264=ORIENTED_EDGE('',*,*,#5567,.F.);
#7265=ORIENTED_EDGE('',*,*,#5562,.F.);
#7266=ORIENTED_EDGE('',*,*,#5568,.F.);
#7267=ORIENTED_EDGE('',*,*,#5569,.T.);
#7268=ORIENTED_EDGE('',*,*,#5570,.F.);
#7269=ORIENTED_EDGE('',*,*,#5566,.F.);
#7270=ORIENTED_EDGE('',*,*,#5571,.F.);
#7271=ORIENTED_EDGE('',*,*,#5572,.T.);
#7272=ORIENTED_EDGE('',*,*,#5573,.F.);
#7273=ORIENTED_EDGE('',*,*,#5569,.F.);
#7274=ORIENTED_EDGE('',*,*,#5574,.F.);
#7275=ORIENTED_EDGE('',*,*,#5575,.T.);
#7276=ORIENTED_EDGE('',*,*,#5576,.F.);
#7277=ORIENTED_EDGE('',*,*,#5572,.F.);
#7278=ORIENTED_EDGE('',*,*,#5577,.F.);
#7279=ORIENTED_EDGE('',*,*,#5578,.T.);
#7280=ORIENTED_EDGE('',*,*,#5579,.F.);
#7281=ORIENTED_EDGE('',*,*,#5575,.F.);
#7282=ORIENTED_EDGE('',*,*,#5580,.F.);
#7283=ORIENTED_EDGE('',*,*,#5581,.T.);
#7284=ORIENTED_EDGE('',*,*,#5582,.F.);
#7285=ORIENTED_EDGE('',*,*,#5578,.F.);
#7286=ORIENTED_EDGE('',*,*,#5583,.F.);
#7287=ORIENTED_EDGE('',*,*,#5564,.T.);
#7288=ORIENTED_EDGE('',*,*,#5584,.F.);
#7289=ORIENTED_EDGE('',*,*,#5581,.F.);
#7290=ORIENTED_EDGE('',*,*,#5585,.F.);
#7291=ORIENTED_EDGE('',*,*,#5586,.T.);
#7292=ORIENTED_EDGE('',*,*,#5587,.F.);
#7293=ORIENTED_EDGE('',*,*,#5588,.F.);
#7294=ORIENTED_EDGE('',*,*,#5589,.F.);
#7295=ORIENTED_EDGE('',*,*,#5590,.T.);
#7296=ORIENTED_EDGE('',*,*,#5591,.F.);
#7297=ORIENTED_EDGE('',*,*,#5586,.F.);
#7298=ORIENTED_EDGE('',*,*,#5592,.F.);
#7299=ORIENTED_EDGE('',*,*,#5593,.T.);
#7300=ORIENTED_EDGE('',*,*,#5594,.F.);
#7301=ORIENTED_EDGE('',*,*,#5590,.F.);
#7302=ORIENTED_EDGE('',*,*,#5595,.F.);
#7303=ORIENTED_EDGE('',*,*,#5596,.T.);
#7304=ORIENTED_EDGE('',*,*,#5597,.F.);
#7305=ORIENTED_EDGE('',*,*,#5593,.F.);
#7306=ORIENTED_EDGE('',*,*,#5598,.F.);
#7307=ORIENTED_EDGE('',*,*,#5599,.T.);
#7308=ORIENTED_EDGE('',*,*,#5600,.F.);
#7309=ORIENTED_EDGE('',*,*,#5596,.F.);
#7310=ORIENTED_EDGE('',*,*,#5601,.F.);
#7311=ORIENTED_EDGE('',*,*,#5602,.T.);
#7312=ORIENTED_EDGE('',*,*,#5603,.F.);
#7313=ORIENTED_EDGE('',*,*,#5599,.F.);
#7314=ORIENTED_EDGE('',*,*,#5604,.F.);
#7315=ORIENTED_EDGE('',*,*,#5605,.T.);
#7316=ORIENTED_EDGE('',*,*,#5606,.F.);
#7317=ORIENTED_EDGE('',*,*,#5602,.F.);
#7318=ORIENTED_EDGE('',*,*,#5607,.F.);
#7319=ORIENTED_EDGE('',*,*,#5588,.T.);
#7320=ORIENTED_EDGE('',*,*,#5608,.F.);
#7321=ORIENTED_EDGE('',*,*,#5605,.F.);
#7322=ORIENTED_EDGE('',*,*,#5609,.F.);
#7323=ORIENTED_EDGE('',*,*,#5610,.T.);
#7324=ORIENTED_EDGE('',*,*,#5611,.F.);
#7325=ORIENTED_EDGE('',*,*,#5612,.F.);
#7326=ORIENTED_EDGE('',*,*,#5613,.F.);
#7327=ORIENTED_EDGE('',*,*,#5614,.T.);
#7328=ORIENTED_EDGE('',*,*,#5615,.F.);
#7329=ORIENTED_EDGE('',*,*,#5610,.F.);
#7330=ORIENTED_EDGE('',*,*,#5616,.F.);
#7331=ORIENTED_EDGE('',*,*,#5617,.T.);
#7332=ORIENTED_EDGE('',*,*,#5618,.F.);
#7333=ORIENTED_EDGE('',*,*,#5614,.F.);
#7334=ORIENTED_EDGE('',*,*,#5619,.F.);
#7335=ORIENTED_EDGE('',*,*,#5620,.T.);
#7336=ORIENTED_EDGE('',*,*,#5621,.F.);
#7337=ORIENTED_EDGE('',*,*,#5617,.F.);
#7338=ORIENTED_EDGE('',*,*,#5622,.F.);
#7339=ORIENTED_EDGE('',*,*,#5623,.T.);
#7340=ORIENTED_EDGE('',*,*,#5624,.F.);
#7341=ORIENTED_EDGE('',*,*,#5620,.F.);
#7342=ORIENTED_EDGE('',*,*,#5625,.F.);
#7343=ORIENTED_EDGE('',*,*,#5626,.T.);
#7344=ORIENTED_EDGE('',*,*,#5627,.F.);
#7345=ORIENTED_EDGE('',*,*,#5623,.F.);
#7346=ORIENTED_EDGE('',*,*,#5628,.F.);
#7347=ORIENTED_EDGE('',*,*,#5629,.T.);
#7348=ORIENTED_EDGE('',*,*,#5630,.F.);
#7349=ORIENTED_EDGE('',*,*,#5626,.F.);
#7350=ORIENTED_EDGE('',*,*,#5631,.F.);
#7351=ORIENTED_EDGE('',*,*,#5612,.T.);
#7352=ORIENTED_EDGE('',*,*,#5632,.F.);
#7353=ORIENTED_EDGE('',*,*,#5629,.F.);
#7354=ORIENTED_EDGE('',*,*,#5633,.F.);
#7355=ORIENTED_EDGE('',*,*,#5634,.T.);
#7356=ORIENTED_EDGE('',*,*,#5635,.F.);
#7357=ORIENTED_EDGE('',*,*,#5636,.F.);
#7358=ORIENTED_EDGE('',*,*,#5637,.F.);
#7359=ORIENTED_EDGE('',*,*,#5638,.T.);
#7360=ORIENTED_EDGE('',*,*,#5639,.F.);
#7361=ORIENTED_EDGE('',*,*,#5634,.F.);
#7362=ORIENTED_EDGE('',*,*,#5640,.F.);
#7363=ORIENTED_EDGE('',*,*,#5641,.T.);
#7364=ORIENTED_EDGE('',*,*,#5642,.F.);
#7365=ORIENTED_EDGE('',*,*,#5638,.F.);
#7366=ORIENTED_EDGE('',*,*,#5643,.F.);
#7367=ORIENTED_EDGE('',*,*,#5644,.T.);
#7368=ORIENTED_EDGE('',*,*,#5645,.F.);
#7369=ORIENTED_EDGE('',*,*,#5641,.F.);
#7370=ORIENTED_EDGE('',*,*,#5646,.F.);
#7371=ORIENTED_EDGE('',*,*,#5647,.T.);
#7372=ORIENTED_EDGE('',*,*,#5648,.F.);
#7373=ORIENTED_EDGE('',*,*,#5644,.F.);
#7374=ORIENTED_EDGE('',*,*,#5649,.F.);
#7375=ORIENTED_EDGE('',*,*,#5650,.T.);
#7376=ORIENTED_EDGE('',*,*,#5651,.F.);
#7377=ORIENTED_EDGE('',*,*,#5647,.F.);
#7378=ORIENTED_EDGE('',*,*,#5652,.F.);
#7379=ORIENTED_EDGE('',*,*,#5653,.T.);
#7380=ORIENTED_EDGE('',*,*,#5654,.F.);
#7381=ORIENTED_EDGE('',*,*,#5650,.F.);
#7382=ORIENTED_EDGE('',*,*,#5655,.F.);
#7383=ORIENTED_EDGE('',*,*,#5636,.T.);
#7384=ORIENTED_EDGE('',*,*,#5656,.F.);
#7385=ORIENTED_EDGE('',*,*,#5653,.F.);
#7386=ORIENTED_EDGE('',*,*,#5657,.F.);
#7387=ORIENTED_EDGE('',*,*,#5658,.T.);
#7388=ORIENTED_EDGE('',*,*,#5659,.F.);
#7389=ORIENTED_EDGE('',*,*,#5660,.F.);
#7390=ORIENTED_EDGE('',*,*,#5661,.F.);
#7391=ORIENTED_EDGE('',*,*,#5662,.T.);
#7392=ORIENTED_EDGE('',*,*,#5663,.F.);
#7393=ORIENTED_EDGE('',*,*,#5658,.F.);
#7394=ORIENTED_EDGE('',*,*,#5664,.F.);
#7395=ORIENTED_EDGE('',*,*,#5665,.T.);
#7396=ORIENTED_EDGE('',*,*,#5666,.F.);
#7397=ORIENTED_EDGE('',*,*,#5662,.F.);
#7398=ORIENTED_EDGE('',*,*,#5667,.F.);
#7399=ORIENTED_EDGE('',*,*,#5668,.T.);
#7400=ORIENTED_EDGE('',*,*,#5669,.F.);
#7401=ORIENTED_EDGE('',*,*,#5665,.F.);
#7402=ORIENTED_EDGE('',*,*,#5670,.F.);
#7403=ORIENTED_EDGE('',*,*,#5671,.T.);
#7404=ORIENTED_EDGE('',*,*,#5672,.F.);
#7405=ORIENTED_EDGE('',*,*,#5668,.F.);
#7406=ORIENTED_EDGE('',*,*,#5673,.F.);
#7407=ORIENTED_EDGE('',*,*,#5674,.T.);
#7408=ORIENTED_EDGE('',*,*,#5675,.F.);
#7409=ORIENTED_EDGE('',*,*,#5671,.F.);
#7410=ORIENTED_EDGE('',*,*,#5676,.F.);
#7411=ORIENTED_EDGE('',*,*,#5677,.T.);
#7412=ORIENTED_EDGE('',*,*,#5678,.F.);
#7413=ORIENTED_EDGE('',*,*,#5674,.F.);
#7414=ORIENTED_EDGE('',*,*,#5679,.F.);
#7415=ORIENTED_EDGE('',*,*,#5660,.T.);
#7416=ORIENTED_EDGE('',*,*,#5680,.F.);
#7417=ORIENTED_EDGE('',*,*,#5677,.F.);
#7418=ORIENTED_EDGE('',*,*,#5681,.F.);
#7419=ORIENTED_EDGE('',*,*,#5682,.T.);
#7420=ORIENTED_EDGE('',*,*,#5683,.F.);
#7421=ORIENTED_EDGE('',*,*,#5684,.F.);
#7422=ORIENTED_EDGE('',*,*,#5685,.F.);
#7423=ORIENTED_EDGE('',*,*,#5686,.T.);
#7424=ORIENTED_EDGE('',*,*,#5687,.F.);
#7425=ORIENTED_EDGE('',*,*,#5682,.F.);
#7426=ORIENTED_EDGE('',*,*,#5688,.F.);
#7427=ORIENTED_EDGE('',*,*,#5689,.T.);
#7428=ORIENTED_EDGE('',*,*,#5690,.F.);
#7429=ORIENTED_EDGE('',*,*,#5686,.F.);
#7430=ORIENTED_EDGE('',*,*,#5691,.F.);
#7431=ORIENTED_EDGE('',*,*,#5692,.T.);
#7432=ORIENTED_EDGE('',*,*,#5693,.F.);
#7433=ORIENTED_EDGE('',*,*,#5689,.F.);
#7434=ORIENTED_EDGE('',*,*,#5694,.F.);
#7435=ORIENTED_EDGE('',*,*,#5695,.T.);
#7436=ORIENTED_EDGE('',*,*,#5696,.F.);
#7437=ORIENTED_EDGE('',*,*,#5692,.F.);
#7438=ORIENTED_EDGE('',*,*,#5697,.F.);
#7439=ORIENTED_EDGE('',*,*,#5698,.T.);
#7440=ORIENTED_EDGE('',*,*,#5699,.F.);
#7441=ORIENTED_EDGE('',*,*,#5695,.F.);
#7442=ORIENTED_EDGE('',*,*,#5700,.F.);
#7443=ORIENTED_EDGE('',*,*,#5701,.T.);
#7444=ORIENTED_EDGE('',*,*,#5702,.F.);
#7445=ORIENTED_EDGE('',*,*,#5698,.F.);
#7446=ORIENTED_EDGE('',*,*,#5703,.F.);
#7447=ORIENTED_EDGE('',*,*,#5684,.T.);
#7448=ORIENTED_EDGE('',*,*,#5704,.F.);
#7449=ORIENTED_EDGE('',*,*,#5701,.F.);
#7450=ORIENTED_EDGE('',*,*,#5705,.F.);
#7451=ORIENTED_EDGE('',*,*,#5706,.T.);
#7452=ORIENTED_EDGE('',*,*,#5707,.F.);
#7453=ORIENTED_EDGE('',*,*,#5708,.F.);
#7454=ORIENTED_EDGE('',*,*,#5709,.F.);
#7455=ORIENTED_EDGE('',*,*,#5710,.T.);
#7456=ORIENTED_EDGE('',*,*,#5711,.F.);
#7457=ORIENTED_EDGE('',*,*,#5706,.F.);
#7458=ORIENTED_EDGE('',*,*,#5712,.F.);
#7459=ORIENTED_EDGE('',*,*,#5713,.T.);
#7460=ORIENTED_EDGE('',*,*,#5714,.F.);
#7461=ORIENTED_EDGE('',*,*,#5710,.F.);
#7462=ORIENTED_EDGE('',*,*,#5715,.F.);
#7463=ORIENTED_EDGE('',*,*,#5716,.T.);
#7464=ORIENTED_EDGE('',*,*,#5717,.F.);
#7465=ORIENTED_EDGE('',*,*,#5713,.F.);
#7466=ORIENTED_EDGE('',*,*,#5718,.F.);
#7467=ORIENTED_EDGE('',*,*,#5719,.T.);
#7468=ORIENTED_EDGE('',*,*,#5720,.F.);
#7469=ORIENTED_EDGE('',*,*,#5716,.F.);
#7470=ORIENTED_EDGE('',*,*,#5721,.F.);
#7471=ORIENTED_EDGE('',*,*,#5722,.T.);
#7472=ORIENTED_EDGE('',*,*,#5723,.F.);
#7473=ORIENTED_EDGE('',*,*,#5719,.F.);
#7474=ORIENTED_EDGE('',*,*,#5724,.F.);
#7475=ORIENTED_EDGE('',*,*,#5725,.T.);
#7476=ORIENTED_EDGE('',*,*,#5726,.F.);
#7477=ORIENTED_EDGE('',*,*,#5722,.F.);
#7478=ORIENTED_EDGE('',*,*,#5727,.F.);
#7479=ORIENTED_EDGE('',*,*,#5708,.T.);
#7480=ORIENTED_EDGE('',*,*,#5728,.F.);
#7481=ORIENTED_EDGE('',*,*,#5725,.F.);
#7482=ORIENTED_EDGE('',*,*,#5729,.F.);
#7483=ORIENTED_EDGE('',*,*,#5730,.T.);
#7484=ORIENTED_EDGE('',*,*,#5731,.F.);
#7485=ORIENTED_EDGE('',*,*,#5732,.F.);
#7486=ORIENTED_EDGE('',*,*,#5733,.F.);
#7487=ORIENTED_EDGE('',*,*,#5734,.T.);
#7488=ORIENTED_EDGE('',*,*,#5735,.F.);
#7489=ORIENTED_EDGE('',*,*,#5730,.F.);
#7490=ORIENTED_EDGE('',*,*,#5736,.F.);
#7491=ORIENTED_EDGE('',*,*,#5737,.T.);
#7492=ORIENTED_EDGE('',*,*,#5738,.F.);
#7493=ORIENTED_EDGE('',*,*,#5734,.F.);
#7494=ORIENTED_EDGE('',*,*,#5739,.F.);
#7495=ORIENTED_EDGE('',*,*,#5740,.T.);
#7496=ORIENTED_EDGE('',*,*,#5741,.F.);
#7497=ORIENTED_EDGE('',*,*,#5737,.F.);
#7498=ORIENTED_EDGE('',*,*,#5742,.F.);
#7499=ORIENTED_EDGE('',*,*,#5743,.T.);
#7500=ORIENTED_EDGE('',*,*,#5744,.F.);
#7501=ORIENTED_EDGE('',*,*,#5740,.F.);
#7502=ORIENTED_EDGE('',*,*,#5745,.F.);
#7503=ORIENTED_EDGE('',*,*,#5746,.T.);
#7504=ORIENTED_EDGE('',*,*,#5747,.F.);
#7505=ORIENTED_EDGE('',*,*,#5743,.F.);
#7506=ORIENTED_EDGE('',*,*,#5748,.F.);
#7507=ORIENTED_EDGE('',*,*,#5749,.T.);
#7508=ORIENTED_EDGE('',*,*,#5750,.F.);
#7509=ORIENTED_EDGE('',*,*,#5746,.F.);
#7510=ORIENTED_EDGE('',*,*,#5751,.F.);
#7511=ORIENTED_EDGE('',*,*,#5732,.T.);
#7512=ORIENTED_EDGE('',*,*,#5752,.F.);
#7513=ORIENTED_EDGE('',*,*,#5749,.F.);
#7514=ORIENTED_EDGE('',*,*,#5753,.F.);
#7515=ORIENTED_EDGE('',*,*,#5754,.T.);
#7516=ORIENTED_EDGE('',*,*,#5755,.F.);
#7517=ORIENTED_EDGE('',*,*,#5756,.F.);
#7518=ORIENTED_EDGE('',*,*,#5757,.F.);
#7519=ORIENTED_EDGE('',*,*,#5758,.T.);
#7520=ORIENTED_EDGE('',*,*,#5759,.F.);
#7521=ORIENTED_EDGE('',*,*,#5754,.F.);
#7522=ORIENTED_EDGE('',*,*,#5760,.F.);
#7523=ORIENTED_EDGE('',*,*,#5761,.T.);
#7524=ORIENTED_EDGE('',*,*,#5762,.F.);
#7525=ORIENTED_EDGE('',*,*,#5758,.F.);
#7526=ORIENTED_EDGE('',*,*,#5763,.F.);
#7527=ORIENTED_EDGE('',*,*,#5764,.T.);
#7528=ORIENTED_EDGE('',*,*,#5765,.F.);
#7529=ORIENTED_EDGE('',*,*,#5761,.F.);
#7530=ORIENTED_EDGE('',*,*,#5766,.F.);
#7531=ORIENTED_EDGE('',*,*,#5767,.T.);
#7532=ORIENTED_EDGE('',*,*,#5768,.F.);
#7533=ORIENTED_EDGE('',*,*,#5764,.F.);
#7534=ORIENTED_EDGE('',*,*,#5769,.F.);
#7535=ORIENTED_EDGE('',*,*,#5770,.T.);
#7536=ORIENTED_EDGE('',*,*,#5771,.F.);
#7537=ORIENTED_EDGE('',*,*,#5767,.F.);
#7538=ORIENTED_EDGE('',*,*,#5772,.F.);
#7539=ORIENTED_EDGE('',*,*,#5773,.T.);
#7540=ORIENTED_EDGE('',*,*,#5774,.F.);
#7541=ORIENTED_EDGE('',*,*,#5770,.F.);
#7542=ORIENTED_EDGE('',*,*,#5775,.F.);
#7543=ORIENTED_EDGE('',*,*,#5756,.T.);
#7544=ORIENTED_EDGE('',*,*,#5776,.F.);
#7545=ORIENTED_EDGE('',*,*,#5773,.F.);
#7546=ORIENTED_EDGE('',*,*,#5777,.F.);
#7547=ORIENTED_EDGE('',*,*,#5778,.T.);
#7548=ORIENTED_EDGE('',*,*,#5779,.F.);
#7549=ORIENTED_EDGE('',*,*,#5780,.F.);
#7550=ORIENTED_EDGE('',*,*,#5781,.F.);
#7551=ORIENTED_EDGE('',*,*,#5782,.T.);
#7552=ORIENTED_EDGE('',*,*,#5783,.F.);
#7553=ORIENTED_EDGE('',*,*,#5778,.F.);
#7554=ORIENTED_EDGE('',*,*,#5784,.F.);
#7555=ORIENTED_EDGE('',*,*,#5785,.T.);
#7556=ORIENTED_EDGE('',*,*,#5786,.F.);
#7557=ORIENTED_EDGE('',*,*,#5782,.F.);
#7558=ORIENTED_EDGE('',*,*,#5787,.F.);
#7559=ORIENTED_EDGE('',*,*,#5788,.T.);
#7560=ORIENTED_EDGE('',*,*,#5789,.F.);
#7561=ORIENTED_EDGE('',*,*,#5785,.F.);
#7562=ORIENTED_EDGE('',*,*,#5790,.F.);
#7563=ORIENTED_EDGE('',*,*,#5791,.T.);
#7564=ORIENTED_EDGE('',*,*,#5792,.F.);
#7565=ORIENTED_EDGE('',*,*,#5788,.F.);
#7566=ORIENTED_EDGE('',*,*,#5793,.F.);
#7567=ORIENTED_EDGE('',*,*,#5794,.T.);
#7568=ORIENTED_EDGE('',*,*,#5795,.F.);
#7569=ORIENTED_EDGE('',*,*,#5791,.F.);
#7570=ORIENTED_EDGE('',*,*,#5796,.F.);
#7571=ORIENTED_EDGE('',*,*,#5797,.T.);
#7572=ORIENTED_EDGE('',*,*,#5798,.F.);
#7573=ORIENTED_EDGE('',*,*,#5794,.F.);
#7574=ORIENTED_EDGE('',*,*,#5799,.F.);
#7575=ORIENTED_EDGE('',*,*,#5780,.T.);
#7576=ORIENTED_EDGE('',*,*,#5800,.F.);
#7577=ORIENTED_EDGE('',*,*,#5797,.F.);
#7578=ORIENTED_EDGE('',*,*,#5801,.F.);
#7579=ORIENTED_EDGE('',*,*,#5802,.T.);
#7580=ORIENTED_EDGE('',*,*,#5803,.F.);
#7581=ORIENTED_EDGE('',*,*,#5804,.F.);
#7582=ORIENTED_EDGE('',*,*,#5805,.F.);
#7583=ORIENTED_EDGE('',*,*,#5806,.T.);
#7584=ORIENTED_EDGE('',*,*,#5807,.F.);
#7585=ORIENTED_EDGE('',*,*,#5802,.F.);
#7586=ORIENTED_EDGE('',*,*,#5808,.F.);
#7587=ORIENTED_EDGE('',*,*,#5809,.T.);
#7588=ORIENTED_EDGE('',*,*,#5810,.F.);
#7589=ORIENTED_EDGE('',*,*,#5806,.F.);
#7590=ORIENTED_EDGE('',*,*,#5811,.F.);
#7591=ORIENTED_EDGE('',*,*,#5812,.T.);
#7592=ORIENTED_EDGE('',*,*,#5813,.F.);
#7593=ORIENTED_EDGE('',*,*,#5809,.F.);
#7594=ORIENTED_EDGE('',*,*,#5814,.F.);
#7595=ORIENTED_EDGE('',*,*,#5815,.T.);
#7596=ORIENTED_EDGE('',*,*,#5816,.F.);
#7597=ORIENTED_EDGE('',*,*,#5812,.F.);
#7598=ORIENTED_EDGE('',*,*,#5817,.F.);
#7599=ORIENTED_EDGE('',*,*,#5818,.T.);
#7600=ORIENTED_EDGE('',*,*,#5819,.F.);
#7601=ORIENTED_EDGE('',*,*,#5815,.F.);
#7602=ORIENTED_EDGE('',*,*,#5820,.F.);
#7603=ORIENTED_EDGE('',*,*,#5821,.T.);
#7604=ORIENTED_EDGE('',*,*,#5822,.F.);
#7605=ORIENTED_EDGE('',*,*,#5818,.F.);
#7606=ORIENTED_EDGE('',*,*,#5823,.F.);
#7607=ORIENTED_EDGE('',*,*,#5804,.T.);
#7608=ORIENTED_EDGE('',*,*,#5824,.F.);
#7609=ORIENTED_EDGE('',*,*,#5821,.F.);
#7610=ORIENTED_EDGE('',*,*,#5825,.F.);
#7611=ORIENTED_EDGE('',*,*,#5826,.T.);
#7612=ORIENTED_EDGE('',*,*,#5827,.F.);
#7613=ORIENTED_EDGE('',*,*,#5828,.F.);
#7614=ORIENTED_EDGE('',*,*,#5829,.F.);
#7615=ORIENTED_EDGE('',*,*,#5830,.T.);
#7616=ORIENTED_EDGE('',*,*,#5831,.F.);
#7617=ORIENTED_EDGE('',*,*,#5826,.F.);
#7618=ORIENTED_EDGE('',*,*,#5832,.F.);
#7619=ORIENTED_EDGE('',*,*,#5833,.T.);
#7620=ORIENTED_EDGE('',*,*,#5834,.F.);
#7621=ORIENTED_EDGE('',*,*,#5830,.F.);
#7622=ORIENTED_EDGE('',*,*,#5835,.F.);
#7623=ORIENTED_EDGE('',*,*,#5836,.T.);
#7624=ORIENTED_EDGE('',*,*,#5837,.F.);
#7625=ORIENTED_EDGE('',*,*,#5833,.F.);
#7626=ORIENTED_EDGE('',*,*,#5838,.F.);
#7627=ORIENTED_EDGE('',*,*,#5839,.T.);
#7628=ORIENTED_EDGE('',*,*,#5840,.F.);
#7629=ORIENTED_EDGE('',*,*,#5836,.F.);
#7630=ORIENTED_EDGE('',*,*,#5841,.F.);
#7631=ORIENTED_EDGE('',*,*,#5842,.T.);
#7632=ORIENTED_EDGE('',*,*,#5843,.F.);
#7633=ORIENTED_EDGE('',*,*,#5839,.F.);
#7634=ORIENTED_EDGE('',*,*,#5844,.F.);
#7635=ORIENTED_EDGE('',*,*,#5845,.T.);
#7636=ORIENTED_EDGE('',*,*,#5846,.F.);
#7637=ORIENTED_EDGE('',*,*,#5842,.F.);
#7638=ORIENTED_EDGE('',*,*,#5847,.F.);
#7639=ORIENTED_EDGE('',*,*,#5828,.T.);
#7640=ORIENTED_EDGE('',*,*,#5848,.F.);
#7641=ORIENTED_EDGE('',*,*,#5845,.F.);
#7642=ORIENTED_EDGE('',*,*,#5849,.F.);
#7643=ORIENTED_EDGE('',*,*,#5850,.T.);
#7644=ORIENTED_EDGE('',*,*,#5851,.F.);
#7645=ORIENTED_EDGE('',*,*,#5852,.F.);
#7646=ORIENTED_EDGE('',*,*,#5853,.F.);
#7647=ORIENTED_EDGE('',*,*,#5854,.T.);
#7648=ORIENTED_EDGE('',*,*,#5855,.F.);
#7649=ORIENTED_EDGE('',*,*,#5850,.F.);
#7650=ORIENTED_EDGE('',*,*,#5856,.F.);
#7651=ORIENTED_EDGE('',*,*,#5857,.T.);
#7652=ORIENTED_EDGE('',*,*,#5858,.F.);
#7653=ORIENTED_EDGE('',*,*,#5854,.F.);
#7654=ORIENTED_EDGE('',*,*,#5859,.F.);
#7655=ORIENTED_EDGE('',*,*,#5860,.T.);
#7656=ORIENTED_EDGE('',*,*,#5861,.F.);
#7657=ORIENTED_EDGE('',*,*,#5857,.F.);
#7658=ORIENTED_EDGE('',*,*,#5862,.F.);
#7659=ORIENTED_EDGE('',*,*,#5863,.T.);
#7660=ORIENTED_EDGE('',*,*,#5864,.F.);
#7661=ORIENTED_EDGE('',*,*,#5860,.F.);
#7662=ORIENTED_EDGE('',*,*,#5865,.F.);
#7663=ORIENTED_EDGE('',*,*,#5866,.T.);
#7664=ORIENTED_EDGE('',*,*,#5867,.F.);
#7665=ORIENTED_EDGE('',*,*,#5863,.F.);
#7666=ORIENTED_EDGE('',*,*,#5868,.F.);
#7667=ORIENTED_EDGE('',*,*,#5869,.T.);
#7668=ORIENTED_EDGE('',*,*,#5870,.F.);
#7669=ORIENTED_EDGE('',*,*,#5866,.F.);
#7670=ORIENTED_EDGE('',*,*,#5871,.F.);
#7671=ORIENTED_EDGE('',*,*,#5852,.T.);
#7672=ORIENTED_EDGE('',*,*,#5872,.F.);
#7673=ORIENTED_EDGE('',*,*,#5869,.F.);
#7674=ORIENTED_EDGE('',*,*,#5873,.F.);
#7675=ORIENTED_EDGE('',*,*,#5874,.T.);
#7676=ORIENTED_EDGE('',*,*,#5875,.F.);
#7677=ORIENTED_EDGE('',*,*,#5876,.F.);
#7678=ORIENTED_EDGE('',*,*,#5877,.F.);
#7679=ORIENTED_EDGE('',*,*,#5878,.T.);
#7680=ORIENTED_EDGE('',*,*,#5879,.F.);
#7681=ORIENTED_EDGE('',*,*,#5874,.F.);
#7682=ORIENTED_EDGE('',*,*,#5880,.F.);
#7683=ORIENTED_EDGE('',*,*,#5881,.T.);
#7684=ORIENTED_EDGE('',*,*,#5882,.F.);
#7685=ORIENTED_EDGE('',*,*,#5878,.F.);
#7686=ORIENTED_EDGE('',*,*,#5883,.F.);
#7687=ORIENTED_EDGE('',*,*,#5884,.T.);
#7688=ORIENTED_EDGE('',*,*,#5885,.F.);
#7689=ORIENTED_EDGE('',*,*,#5881,.F.);
#7690=ORIENTED_EDGE('',*,*,#5886,.F.);
#7691=ORIENTED_EDGE('',*,*,#5887,.T.);
#7692=ORIENTED_EDGE('',*,*,#5888,.F.);
#7693=ORIENTED_EDGE('',*,*,#5884,.F.);
#7694=ORIENTED_EDGE('',*,*,#5889,.F.);
#7695=ORIENTED_EDGE('',*,*,#5890,.T.);
#7696=ORIENTED_EDGE('',*,*,#5891,.F.);
#7697=ORIENTED_EDGE('',*,*,#5887,.F.);
#7698=ORIENTED_EDGE('',*,*,#5892,.F.);
#7699=ORIENTED_EDGE('',*,*,#5893,.T.);
#7700=ORIENTED_EDGE('',*,*,#5894,.F.);
#7701=ORIENTED_EDGE('',*,*,#5890,.F.);
#7702=ORIENTED_EDGE('',*,*,#5895,.F.);
#7703=ORIENTED_EDGE('',*,*,#5876,.T.);
#7704=ORIENTED_EDGE('',*,*,#5896,.F.);
#7705=ORIENTED_EDGE('',*,*,#5893,.F.);
#7706=ORIENTED_EDGE('',*,*,#5897,.F.);
#7707=ORIENTED_EDGE('',*,*,#5898,.T.);
#7708=ORIENTED_EDGE('',*,*,#5899,.F.);
#7709=ORIENTED_EDGE('',*,*,#5900,.F.);
#7710=ORIENTED_EDGE('',*,*,#5901,.F.);
#7711=ORIENTED_EDGE('',*,*,#5902,.T.);
#7712=ORIENTED_EDGE('',*,*,#5903,.F.);
#7713=ORIENTED_EDGE('',*,*,#5898,.F.);
#7714=ORIENTED_EDGE('',*,*,#5904,.F.);
#7715=ORIENTED_EDGE('',*,*,#5905,.T.);
#7716=ORIENTED_EDGE('',*,*,#5906,.F.);
#7717=ORIENTED_EDGE('',*,*,#5902,.F.);
#7718=ORIENTED_EDGE('',*,*,#5907,.F.);
#7719=ORIENTED_EDGE('',*,*,#5908,.T.);
#7720=ORIENTED_EDGE('',*,*,#5909,.F.);
#7721=ORIENTED_EDGE('',*,*,#5905,.F.);
#7722=ORIENTED_EDGE('',*,*,#5910,.F.);
#7723=ORIENTED_EDGE('',*,*,#5911,.T.);
#7724=ORIENTED_EDGE('',*,*,#5912,.F.);
#7725=ORIENTED_EDGE('',*,*,#5908,.F.);
#7726=ORIENTED_EDGE('',*,*,#5913,.F.);
#7727=ORIENTED_EDGE('',*,*,#5914,.T.);
#7728=ORIENTED_EDGE('',*,*,#5915,.F.);
#7729=ORIENTED_EDGE('',*,*,#5911,.F.);
#7730=ORIENTED_EDGE('',*,*,#5916,.F.);
#7731=ORIENTED_EDGE('',*,*,#5917,.T.);
#7732=ORIENTED_EDGE('',*,*,#5918,.F.);
#7733=ORIENTED_EDGE('',*,*,#5914,.F.);
#7734=ORIENTED_EDGE('',*,*,#5919,.F.);
#7735=ORIENTED_EDGE('',*,*,#5920,.T.);
#7736=ORIENTED_EDGE('',*,*,#5921,.F.);
#7737=ORIENTED_EDGE('',*,*,#5917,.F.);
#7738=ORIENTED_EDGE('',*,*,#5922,.F.);
#7739=ORIENTED_EDGE('',*,*,#5923,.T.);
#7740=ORIENTED_EDGE('',*,*,#5924,.F.);
#7741=ORIENTED_EDGE('',*,*,#5920,.F.);
#7742=ORIENTED_EDGE('',*,*,#5925,.F.);
#7743=ORIENTED_EDGE('',*,*,#5926,.T.);
#7744=ORIENTED_EDGE('',*,*,#5927,.F.);
#7745=ORIENTED_EDGE('',*,*,#5923,.F.);
#7746=ORIENTED_EDGE('',*,*,#5928,.F.);
#7747=ORIENTED_EDGE('',*,*,#5929,.T.);
#7748=ORIENTED_EDGE('',*,*,#5930,.F.);
#7749=ORIENTED_EDGE('',*,*,#5926,.F.);
#7750=ORIENTED_EDGE('',*,*,#5931,.F.);
#7751=ORIENTED_EDGE('',*,*,#5932,.T.);
#7752=ORIENTED_EDGE('',*,*,#5933,.F.);
#7753=ORIENTED_EDGE('',*,*,#5929,.F.);
#7754=ORIENTED_EDGE('',*,*,#5934,.F.);
#7755=ORIENTED_EDGE('',*,*,#5935,.T.);
#7756=ORIENTED_EDGE('',*,*,#5936,.F.);
#7757=ORIENTED_EDGE('',*,*,#5932,.F.);
#7758=ORIENTED_EDGE('',*,*,#5937,.F.);
#7759=ORIENTED_EDGE('',*,*,#5938,.T.);
#7760=ORIENTED_EDGE('',*,*,#5939,.F.);
#7761=ORIENTED_EDGE('',*,*,#5935,.F.);
#7762=ORIENTED_EDGE('',*,*,#5940,.F.);
#7763=ORIENTED_EDGE('',*,*,#5941,.T.);
#7764=ORIENTED_EDGE('',*,*,#5942,.F.);
#7765=ORIENTED_EDGE('',*,*,#5938,.F.);
#7766=ORIENTED_EDGE('',*,*,#5943,.F.);
#7767=ORIENTED_EDGE('',*,*,#5944,.T.);
#7768=ORIENTED_EDGE('',*,*,#5945,.F.);
#7769=ORIENTED_EDGE('',*,*,#5941,.F.);
#7770=ORIENTED_EDGE('',*,*,#5946,.F.);
#7771=ORIENTED_EDGE('',*,*,#5947,.T.);
#7772=ORIENTED_EDGE('',*,*,#5948,.F.);
#7773=ORIENTED_EDGE('',*,*,#5944,.F.);
#7774=ORIENTED_EDGE('',*,*,#5949,.F.);
#7775=ORIENTED_EDGE('',*,*,#5950,.T.);
#7776=ORIENTED_EDGE('',*,*,#5951,.F.);
#7777=ORIENTED_EDGE('',*,*,#5947,.F.);
#7778=ORIENTED_EDGE('',*,*,#5952,.F.);
#7779=ORIENTED_EDGE('',*,*,#5953,.T.);
#7780=ORIENTED_EDGE('',*,*,#5954,.F.);
#7781=ORIENTED_EDGE('',*,*,#5950,.F.);
#7782=ORIENTED_EDGE('',*,*,#5955,.F.);
#7783=ORIENTED_EDGE('',*,*,#5956,.T.);
#7784=ORIENTED_EDGE('',*,*,#5957,.F.);
#7785=ORIENTED_EDGE('',*,*,#5953,.F.);
#7786=ORIENTED_EDGE('',*,*,#5958,.F.);
#7787=ORIENTED_EDGE('',*,*,#5959,.T.);
#7788=ORIENTED_EDGE('',*,*,#5960,.F.);
#7789=ORIENTED_EDGE('',*,*,#5956,.F.);
#7790=ORIENTED_EDGE('',*,*,#5961,.F.);
#7791=ORIENTED_EDGE('',*,*,#5962,.T.);
#7792=ORIENTED_EDGE('',*,*,#5963,.F.);
#7793=ORIENTED_EDGE('',*,*,#5959,.F.);
#7794=ORIENTED_EDGE('',*,*,#5964,.F.);
#7795=ORIENTED_EDGE('',*,*,#5965,.T.);
#7796=ORIENTED_EDGE('',*,*,#5966,.F.);
#7797=ORIENTED_EDGE('',*,*,#5962,.F.);
#7798=ORIENTED_EDGE('',*,*,#5967,.F.);
#7799=ORIENTED_EDGE('',*,*,#5900,.T.);
#7800=ORIENTED_EDGE('',*,*,#5968,.F.);
#7801=ORIENTED_EDGE('',*,*,#5965,.F.);
#7802=ORIENTED_EDGE('',*,*,#5969,.F.);
#7803=ORIENTED_EDGE('',*,*,#5970,.T.);
#7804=ORIENTED_EDGE('',*,*,#5971,.F.);
#7805=ORIENTED_EDGE('',*,*,#5972,.F.);
#7806=ORIENTED_EDGE('',*,*,#5973,.F.);
#7807=ORIENTED_EDGE('',*,*,#5974,.T.);
#7808=ORIENTED_EDGE('',*,*,#5975,.F.);
#7809=ORIENTED_EDGE('',*,*,#5970,.F.);
#7810=ORIENTED_EDGE('',*,*,#5976,.F.);
#7811=ORIENTED_EDGE('',*,*,#5977,.T.);
#7812=ORIENTED_EDGE('',*,*,#5978,.F.);
#7813=ORIENTED_EDGE('',*,*,#5974,.F.);
#7814=ORIENTED_EDGE('',*,*,#5979,.F.);
#7815=ORIENTED_EDGE('',*,*,#5980,.T.);
#7816=ORIENTED_EDGE('',*,*,#5981,.F.);
#7817=ORIENTED_EDGE('',*,*,#5977,.F.);
#7818=ORIENTED_EDGE('',*,*,#5982,.F.);
#7819=ORIENTED_EDGE('',*,*,#5983,.T.);
#7820=ORIENTED_EDGE('',*,*,#5984,.F.);
#7821=ORIENTED_EDGE('',*,*,#5980,.F.);
#7822=ORIENTED_EDGE('',*,*,#5985,.F.);
#7823=ORIENTED_EDGE('',*,*,#5986,.T.);
#7824=ORIENTED_EDGE('',*,*,#5987,.F.);
#7825=ORIENTED_EDGE('',*,*,#5983,.F.);
#7826=ORIENTED_EDGE('',*,*,#5988,.F.);
#7827=ORIENTED_EDGE('',*,*,#5989,.T.);
#7828=ORIENTED_EDGE('',*,*,#5990,.F.);
#7829=ORIENTED_EDGE('',*,*,#5986,.F.);
#7830=ORIENTED_EDGE('',*,*,#5991,.F.);
#7831=ORIENTED_EDGE('',*,*,#5992,.T.);
#7832=ORIENTED_EDGE('',*,*,#5993,.F.);
#7833=ORIENTED_EDGE('',*,*,#5989,.F.);
#7834=ORIENTED_EDGE('',*,*,#5994,.F.);
#7835=ORIENTED_EDGE('',*,*,#5995,.T.);
#7836=ORIENTED_EDGE('',*,*,#5996,.F.);
#7837=ORIENTED_EDGE('',*,*,#5992,.F.);
#7838=ORIENTED_EDGE('',*,*,#5997,.F.);
#7839=ORIENTED_EDGE('',*,*,#5998,.T.);
#7840=ORIENTED_EDGE('',*,*,#5999,.F.);
#7841=ORIENTED_EDGE('',*,*,#5995,.F.);
#7842=ORIENTED_EDGE('',*,*,#6000,.F.);
#7843=ORIENTED_EDGE('',*,*,#6001,.T.);
#7844=ORIENTED_EDGE('',*,*,#6002,.F.);
#7845=ORIENTED_EDGE('',*,*,#5998,.F.);
#7846=ORIENTED_EDGE('',*,*,#6003,.F.);
#7847=ORIENTED_EDGE('',*,*,#6004,.T.);
#7848=ORIENTED_EDGE('',*,*,#6005,.F.);
#7849=ORIENTED_EDGE('',*,*,#6001,.F.);
#7850=ORIENTED_EDGE('',*,*,#6006,.F.);
#7851=ORIENTED_EDGE('',*,*,#6007,.T.);
#7852=ORIENTED_EDGE('',*,*,#6008,.F.);
#7853=ORIENTED_EDGE('',*,*,#6004,.F.);
#7854=ORIENTED_EDGE('',*,*,#6009,.F.);
#7855=ORIENTED_EDGE('',*,*,#6010,.T.);
#7856=ORIENTED_EDGE('',*,*,#6011,.F.);
#7857=ORIENTED_EDGE('',*,*,#6007,.F.);
#7858=ORIENTED_EDGE('',*,*,#6012,.F.);
#7859=ORIENTED_EDGE('',*,*,#6013,.T.);
#7860=ORIENTED_EDGE('',*,*,#6014,.F.);
#7861=ORIENTED_EDGE('',*,*,#6010,.F.);
#7862=ORIENTED_EDGE('',*,*,#6015,.F.);
#7863=ORIENTED_EDGE('',*,*,#6016,.T.);
#7864=ORIENTED_EDGE('',*,*,#6017,.F.);
#7865=ORIENTED_EDGE('',*,*,#6013,.F.);
#7866=ORIENTED_EDGE('',*,*,#6018,.F.);
#7867=ORIENTED_EDGE('',*,*,#6019,.T.);
#7868=ORIENTED_EDGE('',*,*,#6020,.F.);
#7869=ORIENTED_EDGE('',*,*,#6016,.F.);
#7870=ORIENTED_EDGE('',*,*,#6021,.F.);
#7871=ORIENTED_EDGE('',*,*,#6022,.T.);
#7872=ORIENTED_EDGE('',*,*,#6023,.F.);
#7873=ORIENTED_EDGE('',*,*,#6019,.F.);
#7874=ORIENTED_EDGE('',*,*,#6024,.F.);
#7875=ORIENTED_EDGE('',*,*,#6025,.T.);
#7876=ORIENTED_EDGE('',*,*,#6026,.F.);
#7877=ORIENTED_EDGE('',*,*,#6022,.F.);
#7878=ORIENTED_EDGE('',*,*,#6027,.F.);
#7879=ORIENTED_EDGE('',*,*,#6028,.T.);
#7880=ORIENTED_EDGE('',*,*,#6029,.F.);
#7881=ORIENTED_EDGE('',*,*,#6025,.F.);
#7882=ORIENTED_EDGE('',*,*,#6030,.F.);
#7883=ORIENTED_EDGE('',*,*,#6031,.T.);
#7884=ORIENTED_EDGE('',*,*,#6032,.F.);
#7885=ORIENTED_EDGE('',*,*,#6028,.F.);
#7886=ORIENTED_EDGE('',*,*,#6033,.F.);
#7887=ORIENTED_EDGE('',*,*,#6034,.T.);
#7888=ORIENTED_EDGE('',*,*,#6035,.F.);
#7889=ORIENTED_EDGE('',*,*,#6031,.F.);
#7890=ORIENTED_EDGE('',*,*,#6036,.F.);
#7891=ORIENTED_EDGE('',*,*,#6037,.T.);
#7892=ORIENTED_EDGE('',*,*,#6038,.F.);
#7893=ORIENTED_EDGE('',*,*,#6034,.F.);
#7894=ORIENTED_EDGE('',*,*,#6039,.F.);
#7895=ORIENTED_EDGE('',*,*,#5972,.T.);
#7896=ORIENTED_EDGE('',*,*,#6040,.F.);
#7897=ORIENTED_EDGE('',*,*,#6037,.F.);
#7898=ORIENTED_EDGE('',*,*,#6041,.F.);
#7899=ORIENTED_EDGE('',*,*,#6042,.T.);
#7900=ORIENTED_EDGE('',*,*,#6043,.F.);
#7901=ORIENTED_EDGE('',*,*,#6044,.F.);
#7902=ORIENTED_EDGE('',*,*,#6045,.F.);
#7903=ORIENTED_EDGE('',*,*,#6046,.T.);
#7904=ORIENTED_EDGE('',*,*,#6047,.F.);
#7905=ORIENTED_EDGE('',*,*,#6042,.F.);
#7906=ORIENTED_EDGE('',*,*,#6048,.F.);
#7907=ORIENTED_EDGE('',*,*,#6049,.T.);
#7908=ORIENTED_EDGE('',*,*,#6050,.F.);
#7909=ORIENTED_EDGE('',*,*,#6046,.F.);
#7910=ORIENTED_EDGE('',*,*,#6051,.F.);
#7911=ORIENTED_EDGE('',*,*,#6052,.T.);
#7912=ORIENTED_EDGE('',*,*,#6053,.F.);
#7913=ORIENTED_EDGE('',*,*,#6049,.F.);
#7914=ORIENTED_EDGE('',*,*,#6054,.F.);
#7915=ORIENTED_EDGE('',*,*,#6055,.T.);
#7916=ORIENTED_EDGE('',*,*,#6056,.F.);
#7917=ORIENTED_EDGE('',*,*,#6052,.F.);
#7918=ORIENTED_EDGE('',*,*,#6057,.F.);
#7919=ORIENTED_EDGE('',*,*,#6058,.T.);
#7920=ORIENTED_EDGE('',*,*,#6059,.F.);
#7921=ORIENTED_EDGE('',*,*,#6055,.F.);
#7922=ORIENTED_EDGE('',*,*,#6060,.F.);
#7923=ORIENTED_EDGE('',*,*,#6061,.T.);
#7924=ORIENTED_EDGE('',*,*,#6062,.F.);
#7925=ORIENTED_EDGE('',*,*,#6058,.F.);
#7926=ORIENTED_EDGE('',*,*,#6063,.F.);
#7927=ORIENTED_EDGE('',*,*,#6044,.T.);
#7928=ORIENTED_EDGE('',*,*,#6064,.F.);
#7929=ORIENTED_EDGE('',*,*,#6061,.F.);
#7930=ORIENTED_EDGE('',*,*,#6065,.F.);
#7931=ORIENTED_EDGE('',*,*,#6066,.T.);
#7932=ORIENTED_EDGE('',*,*,#6067,.F.);
#7933=ORIENTED_EDGE('',*,*,#6068,.F.);
#7934=ORIENTED_EDGE('',*,*,#6069,.F.);
#7935=ORIENTED_EDGE('',*,*,#6070,.T.);
#7936=ORIENTED_EDGE('',*,*,#6071,.F.);
#7937=ORIENTED_EDGE('',*,*,#6066,.F.);
#7938=ORIENTED_EDGE('',*,*,#6072,.F.);
#7939=ORIENTED_EDGE('',*,*,#6073,.T.);
#7940=ORIENTED_EDGE('',*,*,#6074,.F.);
#7941=ORIENTED_EDGE('',*,*,#6070,.F.);
#7942=ORIENTED_EDGE('',*,*,#6075,.F.);
#7943=ORIENTED_EDGE('',*,*,#6076,.T.);
#7944=ORIENTED_EDGE('',*,*,#6077,.F.);
#7945=ORIENTED_EDGE('',*,*,#6073,.F.);
#7946=ORIENTED_EDGE('',*,*,#6078,.F.);
#7947=ORIENTED_EDGE('',*,*,#6079,.T.);
#7948=ORIENTED_EDGE('',*,*,#6080,.F.);
#7949=ORIENTED_EDGE('',*,*,#6076,.F.);
#7950=ORIENTED_EDGE('',*,*,#6081,.F.);
#7951=ORIENTED_EDGE('',*,*,#6082,.T.);
#7952=ORIENTED_EDGE('',*,*,#6083,.F.);
#7953=ORIENTED_EDGE('',*,*,#6079,.F.);
#7954=ORIENTED_EDGE('',*,*,#6084,.F.);
#7955=ORIENTED_EDGE('',*,*,#6085,.T.);
#7956=ORIENTED_EDGE('',*,*,#6086,.F.);
#7957=ORIENTED_EDGE('',*,*,#6082,.F.);
#7958=ORIENTED_EDGE('',*,*,#6087,.F.);
#7959=ORIENTED_EDGE('',*,*,#6068,.T.);
#7960=ORIENTED_EDGE('',*,*,#6088,.F.);
#7961=ORIENTED_EDGE('',*,*,#6085,.F.);
#7962=ORIENTED_EDGE('',*,*,#6089,.F.);
#7963=ORIENTED_EDGE('',*,*,#6090,.T.);
#7964=ORIENTED_EDGE('',*,*,#6091,.F.);
#7965=ORIENTED_EDGE('',*,*,#6092,.F.);
#7966=ORIENTED_EDGE('',*,*,#6093,.F.);
#7967=ORIENTED_EDGE('',*,*,#6094,.T.);
#7968=ORIENTED_EDGE('',*,*,#6095,.F.);
#7969=ORIENTED_EDGE('',*,*,#6090,.F.);
#7970=ORIENTED_EDGE('',*,*,#6096,.F.);
#7971=ORIENTED_EDGE('',*,*,#6097,.T.);
#7972=ORIENTED_EDGE('',*,*,#6098,.F.);
#7973=ORIENTED_EDGE('',*,*,#6094,.F.);
#7974=ORIENTED_EDGE('',*,*,#6099,.F.);
#7975=ORIENTED_EDGE('',*,*,#6100,.T.);
#7976=ORIENTED_EDGE('',*,*,#6101,.F.);
#7977=ORIENTED_EDGE('',*,*,#6097,.F.);
#7978=ORIENTED_EDGE('',*,*,#6102,.F.);
#7979=ORIENTED_EDGE('',*,*,#6103,.T.);
#7980=ORIENTED_EDGE('',*,*,#6104,.F.);
#7981=ORIENTED_EDGE('',*,*,#6100,.F.);
#7982=ORIENTED_EDGE('',*,*,#6105,.F.);
#7983=ORIENTED_EDGE('',*,*,#6106,.T.);
#7984=ORIENTED_EDGE('',*,*,#6107,.F.);
#7985=ORIENTED_EDGE('',*,*,#6103,.F.);
#7986=ORIENTED_EDGE('',*,*,#6108,.F.);
#7987=ORIENTED_EDGE('',*,*,#6109,.T.);
#7988=ORIENTED_EDGE('',*,*,#6110,.F.);
#7989=ORIENTED_EDGE('',*,*,#6106,.F.);
#7990=ORIENTED_EDGE('',*,*,#6111,.F.);
#7991=ORIENTED_EDGE('',*,*,#6092,.T.);
#7992=ORIENTED_EDGE('',*,*,#6112,.F.);
#7993=ORIENTED_EDGE('',*,*,#6109,.F.);
#7994=ORIENTED_EDGE('',*,*,#6113,.F.);
#7995=ORIENTED_EDGE('',*,*,#6114,.T.);
#7996=ORIENTED_EDGE('',*,*,#6115,.F.);
#7997=ORIENTED_EDGE('',*,*,#6116,.F.);
#7998=ORIENTED_EDGE('',*,*,#6117,.F.);
#7999=ORIENTED_EDGE('',*,*,#6118,.T.);
#8000=ORIENTED_EDGE('',*,*,#6119,.F.);
#8001=ORIENTED_EDGE('',*,*,#6114,.F.);
#8002=ORIENTED_EDGE('',*,*,#6120,.F.);
#8003=ORIENTED_EDGE('',*,*,#6121,.T.);
#8004=ORIENTED_EDGE('',*,*,#6122,.F.);
#8005=ORIENTED_EDGE('',*,*,#6118,.F.);
#8006=ORIENTED_EDGE('',*,*,#6123,.F.);
#8007=ORIENTED_EDGE('',*,*,#6124,.T.);
#8008=ORIENTED_EDGE('',*,*,#6125,.F.);
#8009=ORIENTED_EDGE('',*,*,#6121,.F.);
#8010=ORIENTED_EDGE('',*,*,#6126,.F.);
#8011=ORIENTED_EDGE('',*,*,#6127,.T.);
#8012=ORIENTED_EDGE('',*,*,#6128,.F.);
#8013=ORIENTED_EDGE('',*,*,#6124,.F.);
#8014=ORIENTED_EDGE('',*,*,#6129,.F.);
#8015=ORIENTED_EDGE('',*,*,#6130,.T.);
#8016=ORIENTED_EDGE('',*,*,#6131,.F.);
#8017=ORIENTED_EDGE('',*,*,#6127,.F.);
#8018=ORIENTED_EDGE('',*,*,#6132,.F.);
#8019=ORIENTED_EDGE('',*,*,#6133,.T.);
#8020=ORIENTED_EDGE('',*,*,#6134,.F.);
#8021=ORIENTED_EDGE('',*,*,#6130,.F.);
#8022=ORIENTED_EDGE('',*,*,#6135,.F.);
#8023=ORIENTED_EDGE('',*,*,#6116,.T.);
#8024=ORIENTED_EDGE('',*,*,#6136,.F.);
#8025=ORIENTED_EDGE('',*,*,#6133,.F.);
#8026=ORIENTED_EDGE('',*,*,#6137,.F.);
#8027=ORIENTED_EDGE('',*,*,#6138,.T.);
#8028=ORIENTED_EDGE('',*,*,#6139,.F.);
#8029=ORIENTED_EDGE('',*,*,#6140,.F.);
#8030=ORIENTED_EDGE('',*,*,#6141,.F.);
#8031=ORIENTED_EDGE('',*,*,#6142,.T.);
#8032=ORIENTED_EDGE('',*,*,#6143,.F.);
#8033=ORIENTED_EDGE('',*,*,#6138,.F.);
#8034=ORIENTED_EDGE('',*,*,#6144,.F.);
#8035=ORIENTED_EDGE('',*,*,#6145,.T.);
#8036=ORIENTED_EDGE('',*,*,#6146,.F.);
#8037=ORIENTED_EDGE('',*,*,#6142,.F.);
#8038=ORIENTED_EDGE('',*,*,#6147,.F.);
#8039=ORIENTED_EDGE('',*,*,#6148,.T.);
#8040=ORIENTED_EDGE('',*,*,#6149,.F.);
#8041=ORIENTED_EDGE('',*,*,#6145,.F.);
#8042=ORIENTED_EDGE('',*,*,#6150,.F.);
#8043=ORIENTED_EDGE('',*,*,#6151,.T.);
#8044=ORIENTED_EDGE('',*,*,#6152,.F.);
#8045=ORIENTED_EDGE('',*,*,#6148,.F.);
#8046=ORIENTED_EDGE('',*,*,#6153,.F.);
#8047=ORIENTED_EDGE('',*,*,#6154,.T.);
#8048=ORIENTED_EDGE('',*,*,#6155,.F.);
#8049=ORIENTED_EDGE('',*,*,#6151,.F.);
#8050=ORIENTED_EDGE('',*,*,#6156,.F.);
#8051=ORIENTED_EDGE('',*,*,#6157,.T.);
#8052=ORIENTED_EDGE('',*,*,#6158,.F.);
#8053=ORIENTED_EDGE('',*,*,#6154,.F.);
#8054=ORIENTED_EDGE('',*,*,#6159,.F.);
#8055=ORIENTED_EDGE('',*,*,#6140,.T.);
#8056=ORIENTED_EDGE('',*,*,#6160,.F.);
#8057=ORIENTED_EDGE('',*,*,#6157,.F.);
#8058=ORIENTED_EDGE('',*,*,#6161,.F.);
#8059=ORIENTED_EDGE('',*,*,#6162,.T.);
#8060=ORIENTED_EDGE('',*,*,#6163,.F.);
#8061=ORIENTED_EDGE('',*,*,#6164,.F.);
#8062=ORIENTED_EDGE('',*,*,#6165,.F.);
#8063=ORIENTED_EDGE('',*,*,#6166,.T.);
#8064=ORIENTED_EDGE('',*,*,#6167,.F.);
#8065=ORIENTED_EDGE('',*,*,#6162,.F.);
#8066=ORIENTED_EDGE('',*,*,#6168,.F.);
#8067=ORIENTED_EDGE('',*,*,#6169,.T.);
#8068=ORIENTED_EDGE('',*,*,#6170,.F.);
#8069=ORIENTED_EDGE('',*,*,#6166,.F.);
#8070=ORIENTED_EDGE('',*,*,#6171,.F.);
#8071=ORIENTED_EDGE('',*,*,#6172,.T.);
#8072=ORIENTED_EDGE('',*,*,#6173,.F.);
#8073=ORIENTED_EDGE('',*,*,#6169,.F.);
#8074=ORIENTED_EDGE('',*,*,#6174,.F.);
#8075=ORIENTED_EDGE('',*,*,#6175,.T.);
#8076=ORIENTED_EDGE('',*,*,#6176,.F.);
#8077=ORIENTED_EDGE('',*,*,#6172,.F.);
#8078=ORIENTED_EDGE('',*,*,#6177,.F.);
#8079=ORIENTED_EDGE('',*,*,#6178,.T.);
#8080=ORIENTED_EDGE('',*,*,#6179,.F.);
#8081=ORIENTED_EDGE('',*,*,#6175,.F.);
#8082=ORIENTED_EDGE('',*,*,#6180,.F.);
#8083=ORIENTED_EDGE('',*,*,#6181,.T.);
#8084=ORIENTED_EDGE('',*,*,#6182,.F.);
#8085=ORIENTED_EDGE('',*,*,#6178,.F.);
#8086=ORIENTED_EDGE('',*,*,#6183,.F.);
#8087=ORIENTED_EDGE('',*,*,#6164,.T.);
#8088=ORIENTED_EDGE('',*,*,#6184,.F.);
#8089=ORIENTED_EDGE('',*,*,#6181,.F.);
#8090=ORIENTED_EDGE('',*,*,#6185,.F.);
#8091=ORIENTED_EDGE('',*,*,#6186,.T.);
#8092=ORIENTED_EDGE('',*,*,#6187,.F.);
#8093=ORIENTED_EDGE('',*,*,#6188,.F.);
#8094=ORIENTED_EDGE('',*,*,#6189,.F.);
#8095=ORIENTED_EDGE('',*,*,#6190,.T.);
#8096=ORIENTED_EDGE('',*,*,#6191,.F.);
#8097=ORIENTED_EDGE('',*,*,#6186,.F.);
#8098=ORIENTED_EDGE('',*,*,#6192,.F.);
#8099=ORIENTED_EDGE('',*,*,#6193,.T.);
#8100=ORIENTED_EDGE('',*,*,#6194,.F.);
#8101=ORIENTED_EDGE('',*,*,#6190,.F.);
#8102=ORIENTED_EDGE('',*,*,#6195,.F.);
#8103=ORIENTED_EDGE('',*,*,#6196,.T.);
#8104=ORIENTED_EDGE('',*,*,#6197,.F.);
#8105=ORIENTED_EDGE('',*,*,#6193,.F.);
#8106=ORIENTED_EDGE('',*,*,#6198,.F.);
#8107=ORIENTED_EDGE('',*,*,#6199,.T.);
#8108=ORIENTED_EDGE('',*,*,#6200,.F.);
#8109=ORIENTED_EDGE('',*,*,#6196,.F.);
#8110=ORIENTED_EDGE('',*,*,#6201,.F.);
#8111=ORIENTED_EDGE('',*,*,#6202,.T.);
#8112=ORIENTED_EDGE('',*,*,#6203,.F.);
#8113=ORIENTED_EDGE('',*,*,#6199,.F.);
#8114=ORIENTED_EDGE('',*,*,#6204,.F.);
#8115=ORIENTED_EDGE('',*,*,#6205,.T.);
#8116=ORIENTED_EDGE('',*,*,#6206,.F.);
#8117=ORIENTED_EDGE('',*,*,#6202,.F.);
#8118=ORIENTED_EDGE('',*,*,#6207,.F.);
#8119=ORIENTED_EDGE('',*,*,#6188,.T.);
#8120=ORIENTED_EDGE('',*,*,#6208,.F.);
#8121=ORIENTED_EDGE('',*,*,#6205,.F.);
#8122=ORIENTED_EDGE('',*,*,#6209,.F.);
#8123=ORIENTED_EDGE('',*,*,#6210,.T.);
#8124=ORIENTED_EDGE('',*,*,#6211,.F.);
#8125=ORIENTED_EDGE('',*,*,#6212,.F.);
#8126=ORIENTED_EDGE('',*,*,#6213,.F.);
#8127=ORIENTED_EDGE('',*,*,#6214,.T.);
#8128=ORIENTED_EDGE('',*,*,#6215,.F.);
#8129=ORIENTED_EDGE('',*,*,#6210,.F.);
#8130=ORIENTED_EDGE('',*,*,#6216,.F.);
#8131=ORIENTED_EDGE('',*,*,#6217,.T.);
#8132=ORIENTED_EDGE('',*,*,#6218,.F.);
#8133=ORIENTED_EDGE('',*,*,#6214,.F.);
#8134=ORIENTED_EDGE('',*,*,#6219,.F.);
#8135=ORIENTED_EDGE('',*,*,#6220,.T.);
#8136=ORIENTED_EDGE('',*,*,#6221,.F.);
#8137=ORIENTED_EDGE('',*,*,#6217,.F.);
#8138=ORIENTED_EDGE('',*,*,#6222,.F.);
#8139=ORIENTED_EDGE('',*,*,#6223,.T.);
#8140=ORIENTED_EDGE('',*,*,#6224,.F.);
#8141=ORIENTED_EDGE('',*,*,#6220,.F.);
#8142=ORIENTED_EDGE('',*,*,#6225,.F.);
#8143=ORIENTED_EDGE('',*,*,#6226,.T.);
#8144=ORIENTED_EDGE('',*,*,#6227,.F.);
#8145=ORIENTED_EDGE('',*,*,#6223,.F.);
#8146=ORIENTED_EDGE('',*,*,#6228,.F.);
#8147=ORIENTED_EDGE('',*,*,#6229,.T.);
#8148=ORIENTED_EDGE('',*,*,#6230,.F.);
#8149=ORIENTED_EDGE('',*,*,#6226,.F.);
#8150=ORIENTED_EDGE('',*,*,#6231,.F.);
#8151=ORIENTED_EDGE('',*,*,#6212,.T.);
#8152=ORIENTED_EDGE('',*,*,#6232,.F.);
#8153=ORIENTED_EDGE('',*,*,#6229,.F.);
#8154=ORIENTED_EDGE('',*,*,#6233,.F.);
#8155=ORIENTED_EDGE('',*,*,#6234,.T.);
#8156=ORIENTED_EDGE('',*,*,#6235,.F.);
#8157=ORIENTED_EDGE('',*,*,#6236,.F.);
#8158=ORIENTED_EDGE('',*,*,#6237,.F.);
#8159=ORIENTED_EDGE('',*,*,#6238,.T.);
#8160=ORIENTED_EDGE('',*,*,#6239,.F.);
#8161=ORIENTED_EDGE('',*,*,#6234,.F.);
#8162=ORIENTED_EDGE('',*,*,#6240,.F.);
#8163=ORIENTED_EDGE('',*,*,#6241,.T.);
#8164=ORIENTED_EDGE('',*,*,#6242,.F.);
#8165=ORIENTED_EDGE('',*,*,#6238,.F.);
#8166=ORIENTED_EDGE('',*,*,#6243,.F.);
#8167=ORIENTED_EDGE('',*,*,#6244,.T.);
#8168=ORIENTED_EDGE('',*,*,#6245,.F.);
#8169=ORIENTED_EDGE('',*,*,#6241,.F.);
#8170=ORIENTED_EDGE('',*,*,#6246,.F.);
#8171=ORIENTED_EDGE('',*,*,#6247,.T.);
#8172=ORIENTED_EDGE('',*,*,#6248,.F.);
#8173=ORIENTED_EDGE('',*,*,#6244,.F.);
#8174=ORIENTED_EDGE('',*,*,#6249,.F.);
#8175=ORIENTED_EDGE('',*,*,#6250,.T.);
#8176=ORIENTED_EDGE('',*,*,#6251,.F.);
#8177=ORIENTED_EDGE('',*,*,#6247,.F.);
#8178=ORIENTED_EDGE('',*,*,#6252,.F.);
#8179=ORIENTED_EDGE('',*,*,#6253,.T.);
#8180=ORIENTED_EDGE('',*,*,#6254,.F.);
#8181=ORIENTED_EDGE('',*,*,#6250,.F.);
#8182=ORIENTED_EDGE('',*,*,#6255,.F.);
#8183=ORIENTED_EDGE('',*,*,#6236,.T.);
#8184=ORIENTED_EDGE('',*,*,#6256,.F.);
#8185=ORIENTED_EDGE('',*,*,#6253,.F.);
#8186=ORIENTED_EDGE('',*,*,#6257,.F.);
#8187=ORIENTED_EDGE('',*,*,#6258,.T.);
#8188=ORIENTED_EDGE('',*,*,#6259,.F.);
#8189=ORIENTED_EDGE('',*,*,#6260,.F.);
#8190=ORIENTED_EDGE('',*,*,#6261,.F.);
#8191=ORIENTED_EDGE('',*,*,#6262,.T.);
#8192=ORIENTED_EDGE('',*,*,#6263,.F.);
#8193=ORIENTED_EDGE('',*,*,#6258,.F.);
#8194=ORIENTED_EDGE('',*,*,#6264,.F.);
#8195=ORIENTED_EDGE('',*,*,#6265,.T.);
#8196=ORIENTED_EDGE('',*,*,#6266,.F.);
#8197=ORIENTED_EDGE('',*,*,#6262,.F.);
#8198=ORIENTED_EDGE('',*,*,#6267,.F.);
#8199=ORIENTED_EDGE('',*,*,#6268,.T.);
#8200=ORIENTED_EDGE('',*,*,#6269,.F.);
#8201=ORIENTED_EDGE('',*,*,#6265,.F.);
#8202=ORIENTED_EDGE('',*,*,#6270,.F.);
#8203=ORIENTED_EDGE('',*,*,#6271,.T.);
#8204=ORIENTED_EDGE('',*,*,#6272,.F.);
#8205=ORIENTED_EDGE('',*,*,#6268,.F.);
#8206=ORIENTED_EDGE('',*,*,#6273,.F.);
#8207=ORIENTED_EDGE('',*,*,#6274,.T.);
#8208=ORIENTED_EDGE('',*,*,#6275,.F.);
#8209=ORIENTED_EDGE('',*,*,#6271,.F.);
#8210=ORIENTED_EDGE('',*,*,#6276,.F.);
#8211=ORIENTED_EDGE('',*,*,#6277,.T.);
#8212=ORIENTED_EDGE('',*,*,#6278,.F.);
#8213=ORIENTED_EDGE('',*,*,#6274,.F.);
#8214=ORIENTED_EDGE('',*,*,#6279,.F.);
#8215=ORIENTED_EDGE('',*,*,#6260,.T.);
#8216=ORIENTED_EDGE('',*,*,#6280,.F.);
#8217=ORIENTED_EDGE('',*,*,#6277,.F.);
#8218=ORIENTED_EDGE('',*,*,#6281,.F.);
#8219=ORIENTED_EDGE('',*,*,#6282,.T.);
#8220=ORIENTED_EDGE('',*,*,#6283,.F.);
#8221=ORIENTED_EDGE('',*,*,#6284,.F.);
#8222=ORIENTED_EDGE('',*,*,#6285,.F.);
#8223=ORIENTED_EDGE('',*,*,#6286,.T.);
#8224=ORIENTED_EDGE('',*,*,#6287,.F.);
#8225=ORIENTED_EDGE('',*,*,#6282,.F.);
#8226=ORIENTED_EDGE('',*,*,#6288,.F.);
#8227=ORIENTED_EDGE('',*,*,#6289,.T.);
#8228=ORIENTED_EDGE('',*,*,#6290,.F.);
#8229=ORIENTED_EDGE('',*,*,#6286,.F.);
#8230=ORIENTED_EDGE('',*,*,#6291,.F.);
#8231=ORIENTED_EDGE('',*,*,#6292,.T.);
#8232=ORIENTED_EDGE('',*,*,#6293,.F.);
#8233=ORIENTED_EDGE('',*,*,#6289,.F.);
#8234=ORIENTED_EDGE('',*,*,#6294,.F.);
#8235=ORIENTED_EDGE('',*,*,#6295,.T.);
#8236=ORIENTED_EDGE('',*,*,#6296,.F.);
#8237=ORIENTED_EDGE('',*,*,#6292,.F.);
#8238=ORIENTED_EDGE('',*,*,#6297,.F.);
#8239=ORIENTED_EDGE('',*,*,#6298,.T.);
#8240=ORIENTED_EDGE('',*,*,#6299,.F.);
#8241=ORIENTED_EDGE('',*,*,#6295,.F.);
#8242=ORIENTED_EDGE('',*,*,#6300,.F.);
#8243=ORIENTED_EDGE('',*,*,#6301,.T.);
#8244=ORIENTED_EDGE('',*,*,#6302,.F.);
#8245=ORIENTED_EDGE('',*,*,#6298,.F.);
#8246=ORIENTED_EDGE('',*,*,#6303,.F.);
#8247=ORIENTED_EDGE('',*,*,#6284,.T.);
#8248=ORIENTED_EDGE('',*,*,#6304,.F.);
#8249=ORIENTED_EDGE('',*,*,#6301,.F.);
#8250=ORIENTED_EDGE('',*,*,#6305,.F.);
#8251=ORIENTED_EDGE('',*,*,#6306,.T.);
#8252=ORIENTED_EDGE('',*,*,#6307,.F.);
#8253=ORIENTED_EDGE('',*,*,#6308,.F.);
#8254=ORIENTED_EDGE('',*,*,#6309,.F.);
#8255=ORIENTED_EDGE('',*,*,#6310,.T.);
#8256=ORIENTED_EDGE('',*,*,#6311,.F.);
#8257=ORIENTED_EDGE('',*,*,#6306,.F.);
#8258=ORIENTED_EDGE('',*,*,#6312,.F.);
#8259=ORIENTED_EDGE('',*,*,#6313,.T.);
#8260=ORIENTED_EDGE('',*,*,#6314,.F.);
#8261=ORIENTED_EDGE('',*,*,#6310,.F.);
#8262=ORIENTED_EDGE('',*,*,#6315,.F.);
#8263=ORIENTED_EDGE('',*,*,#6316,.T.);
#8264=ORIENTED_EDGE('',*,*,#6317,.F.);
#8265=ORIENTED_EDGE('',*,*,#6313,.F.);
#8266=ORIENTED_EDGE('',*,*,#6318,.F.);
#8267=ORIENTED_EDGE('',*,*,#6319,.T.);
#8268=ORIENTED_EDGE('',*,*,#6320,.F.);
#8269=ORIENTED_EDGE('',*,*,#6316,.F.);
#8270=ORIENTED_EDGE('',*,*,#6321,.F.);
#8271=ORIENTED_EDGE('',*,*,#6322,.T.);
#8272=ORIENTED_EDGE('',*,*,#6323,.F.);
#8273=ORIENTED_EDGE('',*,*,#6319,.F.);
#8274=ORIENTED_EDGE('',*,*,#6324,.F.);
#8275=ORIENTED_EDGE('',*,*,#6325,.T.);
#8276=ORIENTED_EDGE('',*,*,#6326,.F.);
#8277=ORIENTED_EDGE('',*,*,#6322,.F.);
#8278=ORIENTED_EDGE('',*,*,#6327,.F.);
#8279=ORIENTED_EDGE('',*,*,#6308,.T.);
#8280=ORIENTED_EDGE('',*,*,#6328,.F.);
#8281=ORIENTED_EDGE('',*,*,#6325,.F.);
#8282=ORIENTED_EDGE('',*,*,#6329,.F.);
#8283=ORIENTED_EDGE('',*,*,#6330,.T.);
#8284=ORIENTED_EDGE('',*,*,#6331,.F.);
#8285=ORIENTED_EDGE('',*,*,#6332,.F.);
#8286=ORIENTED_EDGE('',*,*,#6333,.F.);
#8287=ORIENTED_EDGE('',*,*,#6334,.T.);
#8288=ORIENTED_EDGE('',*,*,#6331,.T.);
#8289=ORIENTED_EDGE('',*,*,#6335,.T.);
#8290=ORIENTED_EDGE('',*,*,#6336,.T.);
#8291=ORIENTED_EDGE('',*,*,#6337,.T.);
#8292=ORIENTED_EDGE('',*,*,#6338,.T.);
#8293=ORIENTED_EDGE('',*,*,#6339,.T.);
#8294=ORIENTED_EDGE('',*,*,#6340,.T.);
#8295=ORIENTED_EDGE('',*,*,#6341,.T.);
#8296=ORIENTED_EDGE('',*,*,#6342,.T.);
#8297=ORIENTED_EDGE('',*,*,#6343,.T.);
#8298=ORIENTED_EDGE('',*,*,#6344,.T.);
#8299=ORIENTED_EDGE('',*,*,#6345,.T.);
#8300=ORIENTED_EDGE('',*,*,#6346,.T.);
#8301=ORIENTED_EDGE('',*,*,#6347,.T.);
#8302=ORIENTED_EDGE('',*,*,#6348,.T.);
#8303=ORIENTED_EDGE('',*,*,#6349,.T.);
#8304=ORIENTED_EDGE('',*,*,#6350,.T.);
#8305=ORIENTED_EDGE('',*,*,#6351,.T.);
#8306=ORIENTED_EDGE('',*,*,#6352,.T.);
#8307=ORIENTED_EDGE('',*,*,#6353,.T.);
#8308=ORIENTED_EDGE('',*,*,#6354,.T.);
#8309=ORIENTED_EDGE('',*,*,#6355,.T.);
#8310=ORIENTED_EDGE('',*,*,#6356,.T.);
#8311=ORIENTED_EDGE('',*,*,#6357,.T.);
#8312=ORIENTED_EDGE('',*,*,#6358,.T.);
#8313=ORIENTED_EDGE('',*,*,#6359,.T.);
#8314=ORIENTED_EDGE('',*,*,#6360,.T.);
#8315=ORIENTED_EDGE('',*,*,#6361,.T.);
#8316=ORIENTED_EDGE('',*,*,#6362,.T.);
#8317=ORIENTED_EDGE('',*,*,#6363,.T.);
#8318=ORIENTED_EDGE('',*,*,#6364,.T.);
#8319=ORIENTED_EDGE('',*,*,#6365,.T.);
#8320=ORIENTED_EDGE('',*,*,#6366,.T.);
#8321=ORIENTED_EDGE('',*,*,#6367,.T.);
#8322=ORIENTED_EDGE('',*,*,#6368,.T.);
#8323=ORIENTED_EDGE('',*,*,#6369,.T.);
#8324=ORIENTED_EDGE('',*,*,#6370,.T.);
#8325=ORIENTED_EDGE('',*,*,#6371,.T.);
#8326=ORIENTED_EDGE('',*,*,#6372,.T.);
#8327=ORIENTED_EDGE('',*,*,#6332,.T.);
#8328=ORIENTED_EDGE('',*,*,#6334,.F.);
#8329=ORIENTED_EDGE('',*,*,#6373,.T.);
#8330=ORIENTED_EDGE('',*,*,#6374,.T.);
#8331=ORIENTED_EDGE('',*,*,#6375,.T.);
#8332=ORIENTED_EDGE('',*,*,#6376,.T.);
#8333=ORIENTED_EDGE('',*,*,#6377,.T.);
#8334=ORIENTED_EDGE('',*,*,#6378,.T.);
#8335=ORIENTED_EDGE('',*,*,#6379,.T.);
#8336=ORIENTED_EDGE('',*,*,#6380,.T.);
#8337=ORIENTED_EDGE('',*,*,#6381,.T.);
#8338=ORIENTED_EDGE('',*,*,#6382,.T.);
#8339=ORIENTED_EDGE('',*,*,#6383,.T.);
#8340=ORIENTED_EDGE('',*,*,#6384,.T.);
#8341=ORIENTED_EDGE('',*,*,#6385,.T.);
#8342=ORIENTED_EDGE('',*,*,#6386,.T.);
#8343=ORIENTED_EDGE('',*,*,#6387,.T.);
#8344=ORIENTED_EDGE('',*,*,#6388,.T.);
#8345=ORIENTED_EDGE('',*,*,#6389,.T.);
#8346=ORIENTED_EDGE('',*,*,#6390,.T.);
#8347=ORIENTED_EDGE('',*,*,#6391,.T.);
#8348=ORIENTED_EDGE('',*,*,#6392,.T.);
#8349=ORIENTED_EDGE('',*,*,#6393,.T.);
#8350=ORIENTED_EDGE('',*,*,#6394,.T.);
#8351=ORIENTED_EDGE('',*,*,#6395,.T.);
#8352=ORIENTED_EDGE('',*,*,#6396,.T.);
#8353=ORIENTED_EDGE('',*,*,#6397,.T.);
#8354=ORIENTED_EDGE('',*,*,#6398,.T.);
#8355=ORIENTED_EDGE('',*,*,#6399,.T.);
#8356=ORIENTED_EDGE('',*,*,#6400,.T.);
#8357=ORIENTED_EDGE('',*,*,#6401,.T.);
#8358=ORIENTED_EDGE('',*,*,#6402,.T.);
#8359=ORIENTED_EDGE('',*,*,#6403,.T.);
#8360=ORIENTED_EDGE('',*,*,#6404,.T.);
#8361=ORIENTED_EDGE('',*,*,#6405,.T.);
#8362=ORIENTED_EDGE('',*,*,#6406,.T.);
#8363=ORIENTED_EDGE('',*,*,#6407,.T.);
#8364=ORIENTED_EDGE('',*,*,#6408,.T.);
#8365=ORIENTED_EDGE('',*,*,#5033,.T.);
#8366=ORIENTED_EDGE('',*,*,#5055,.T.);
#8367=ORIENTED_EDGE('',*,*,#5052,.T.);
#8368=ORIENTED_EDGE('',*,*,#5049,.T.);
#8369=ORIENTED_EDGE('',*,*,#5046,.T.);
#8370=ORIENTED_EDGE('',*,*,#5043,.T.);
#8371=ORIENTED_EDGE('',*,*,#5040,.T.);
#8372=ORIENTED_EDGE('',*,*,#5037,.T.);
#8373=ORIENTED_EDGE('',*,*,#5057,.T.);
#8374=ORIENTED_EDGE('',*,*,#5079,.T.);
#8375=ORIENTED_EDGE('',*,*,#5076,.T.);
#8376=ORIENTED_EDGE('',*,*,#5073,.T.);
#8377=ORIENTED_EDGE('',*,*,#5070,.T.);
#8378=ORIENTED_EDGE('',*,*,#5067,.T.);
#8379=ORIENTED_EDGE('',*,*,#5064,.T.);
#8380=ORIENTED_EDGE('',*,*,#5061,.T.);
#8381=ORIENTED_EDGE('',*,*,#5081,.T.);
#8382=ORIENTED_EDGE('',*,*,#5103,.T.);
#8383=ORIENTED_EDGE('',*,*,#5100,.T.);
#8384=ORIENTED_EDGE('',*,*,#5097,.T.);
#8385=ORIENTED_EDGE('',*,*,#5094,.T.);
#8386=ORIENTED_EDGE('',*,*,#5091,.T.);
#8387=ORIENTED_EDGE('',*,*,#5088,.T.);
#8388=ORIENTED_EDGE('',*,*,#5085,.T.);
#8389=ORIENTED_EDGE('',*,*,#5105,.T.);
#8390=ORIENTED_EDGE('',*,*,#5127,.T.);
#8391=ORIENTED_EDGE('',*,*,#5124,.T.);
#8392=ORIENTED_EDGE('',*,*,#5121,.T.);
#8393=ORIENTED_EDGE('',*,*,#5118,.T.);
#8394=ORIENTED_EDGE('',*,*,#5115,.T.);
#8395=ORIENTED_EDGE('',*,*,#5112,.T.);
#8396=ORIENTED_EDGE('',*,*,#5109,.T.);
#8397=ORIENTED_EDGE('',*,*,#5129,.T.);
#8398=ORIENTED_EDGE('',*,*,#5151,.T.);
#8399=ORIENTED_EDGE('',*,*,#5148,.T.);
#8400=ORIENTED_EDGE('',*,*,#5145,.T.);
#8401=ORIENTED_EDGE('',*,*,#5142,.T.);
#8402=ORIENTED_EDGE('',*,*,#5139,.T.);
#8403=ORIENTED_EDGE('',*,*,#5136,.T.);
#8404=ORIENTED_EDGE('',*,*,#5133,.T.);
#8405=ORIENTED_EDGE('',*,*,#5153,.T.);
#8406=ORIENTED_EDGE('',*,*,#5175,.T.);
#8407=ORIENTED_EDGE('',*,*,#5172,.T.);
#8408=ORIENTED_EDGE('',*,*,#5169,.T.);
#8409=ORIENTED_EDGE('',*,*,#5166,.T.);
#8410=ORIENTED_EDGE('',*,*,#5163,.T.);
#8411=ORIENTED_EDGE('',*,*,#5160,.T.);
#8412=ORIENTED_EDGE('',*,*,#5157,.T.);
#8413=ORIENTED_EDGE('',*,*,#5177,.T.);
#8414=ORIENTED_EDGE('',*,*,#5199,.T.);
#8415=ORIENTED_EDGE('',*,*,#5196,.T.);
#8416=ORIENTED_EDGE('',*,*,#5193,.T.);
#8417=ORIENTED_EDGE('',*,*,#5190,.T.);
#8418=ORIENTED_EDGE('',*,*,#5187,.T.);
#8419=ORIENTED_EDGE('',*,*,#5184,.T.);
#8420=ORIENTED_EDGE('',*,*,#5181,.T.);
#8421=ORIENTED_EDGE('',*,*,#5201,.T.);
#8422=ORIENTED_EDGE('',*,*,#5223,.T.);
#8423=ORIENTED_EDGE('',*,*,#5220,.T.);
#8424=ORIENTED_EDGE('',*,*,#5217,.T.);
#8425=ORIENTED_EDGE('',*,*,#5214,.T.);
#8426=ORIENTED_EDGE('',*,*,#5211,.T.);
#8427=ORIENTED_EDGE('',*,*,#5208,.T.);
#8428=ORIENTED_EDGE('',*,*,#5205,.T.);
#8429=ORIENTED_EDGE('',*,*,#5225,.T.);
#8430=ORIENTED_EDGE('',*,*,#5247,.T.);
#8431=ORIENTED_EDGE('',*,*,#5244,.T.);
#8432=ORIENTED_EDGE('',*,*,#5241,.T.);
#8433=ORIENTED_EDGE('',*,*,#5238,.T.);
#8434=ORIENTED_EDGE('',*,*,#5235,.T.);
#8435=ORIENTED_EDGE('',*,*,#5232,.T.);
#8436=ORIENTED_EDGE('',*,*,#5229,.T.);
#8437=ORIENTED_EDGE('',*,*,#5249,.T.);
#8438=ORIENTED_EDGE('',*,*,#5271,.T.);
#8439=ORIENTED_EDGE('',*,*,#5268,.T.);
#8440=ORIENTED_EDGE('',*,*,#5265,.T.);
#8441=ORIENTED_EDGE('',*,*,#5262,.T.);
#8442=ORIENTED_EDGE('',*,*,#5259,.T.);
#8443=ORIENTED_EDGE('',*,*,#5256,.T.);
#8444=ORIENTED_EDGE('',*,*,#5253,.T.);
#8445=ORIENTED_EDGE('',*,*,#5273,.T.);
#8446=ORIENTED_EDGE('',*,*,#5295,.T.);
#8447=ORIENTED_EDGE('',*,*,#5292,.T.);
#8448=ORIENTED_EDGE('',*,*,#5289,.T.);
#8449=ORIENTED_EDGE('',*,*,#5286,.T.);
#8450=ORIENTED_EDGE('',*,*,#5283,.T.);
#8451=ORIENTED_EDGE('',*,*,#5280,.T.);
#8452=ORIENTED_EDGE('',*,*,#5277,.T.);
#8453=ORIENTED_EDGE('',*,*,#5297,.T.);
#8454=ORIENTED_EDGE('',*,*,#5367,.T.);
#8455=ORIENTED_EDGE('',*,*,#5364,.T.);
#8456=ORIENTED_EDGE('',*,*,#5361,.T.);
#8457=ORIENTED_EDGE('',*,*,#5358,.T.);
#8458=ORIENTED_EDGE('',*,*,#5355,.T.);
#8459=ORIENTED_EDGE('',*,*,#5352,.T.);
#8460=ORIENTED_EDGE('',*,*,#5349,.T.);
#8461=ORIENTED_EDGE('',*,*,#5346,.T.);
#8462=ORIENTED_EDGE('',*,*,#5343,.T.);
#8463=ORIENTED_EDGE('',*,*,#5340,.T.);
#8464=ORIENTED_EDGE('',*,*,#5337,.T.);
#8465=ORIENTED_EDGE('',*,*,#5334,.T.);
#8466=ORIENTED_EDGE('',*,*,#5331,.T.);
#8467=ORIENTED_EDGE('',*,*,#5328,.T.);
#8468=ORIENTED_EDGE('',*,*,#5325,.T.);
#8469=ORIENTED_EDGE('',*,*,#5322,.T.);
#8470=ORIENTED_EDGE('',*,*,#5319,.T.);
#8471=ORIENTED_EDGE('',*,*,#5316,.T.);
#8472=ORIENTED_EDGE('',*,*,#5313,.T.);
#8473=ORIENTED_EDGE('',*,*,#5310,.T.);
#8474=ORIENTED_EDGE('',*,*,#5307,.T.);
#8475=ORIENTED_EDGE('',*,*,#5304,.T.);
#8476=ORIENTED_EDGE('',*,*,#5301,.T.);
#8477=ORIENTED_EDGE('',*,*,#5369,.T.);
#8478=ORIENTED_EDGE('',*,*,#5439,.T.);
#8479=ORIENTED_EDGE('',*,*,#5436,.T.);
#8480=ORIENTED_EDGE('',*,*,#5433,.T.);
#8481=ORIENTED_EDGE('',*,*,#5430,.T.);
#8482=ORIENTED_EDGE('',*,*,#5427,.T.);
#8483=ORIENTED_EDGE('',*,*,#5424,.T.);
#8484=ORIENTED_EDGE('',*,*,#5421,.T.);
#8485=ORIENTED_EDGE('',*,*,#5418,.T.);
#8486=ORIENTED_EDGE('',*,*,#5415,.T.);
#8487=ORIENTED_EDGE('',*,*,#5412,.T.);
#8488=ORIENTED_EDGE('',*,*,#5409,.T.);
#8489=ORIENTED_EDGE('',*,*,#5406,.T.);
#8490=ORIENTED_EDGE('',*,*,#5403,.T.);
#8491=ORIENTED_EDGE('',*,*,#5400,.T.);
#8492=ORIENTED_EDGE('',*,*,#5397,.T.);
#8493=ORIENTED_EDGE('',*,*,#5394,.T.);
#8494=ORIENTED_EDGE('',*,*,#5391,.T.);
#8495=ORIENTED_EDGE('',*,*,#5388,.T.);
#8496=ORIENTED_EDGE('',*,*,#5385,.T.);
#8497=ORIENTED_EDGE('',*,*,#5382,.T.);
#8498=ORIENTED_EDGE('',*,*,#5379,.T.);
#8499=ORIENTED_EDGE('',*,*,#5376,.T.);
#8500=ORIENTED_EDGE('',*,*,#5373,.T.);
#8501=ORIENTED_EDGE('',*,*,#5441,.T.);
#8502=ORIENTED_EDGE('',*,*,#5463,.T.);
#8503=ORIENTED_EDGE('',*,*,#5460,.T.);
#8504=ORIENTED_EDGE('',*,*,#5457,.T.);
#8505=ORIENTED_EDGE('',*,*,#5454,.T.);
#8506=ORIENTED_EDGE('',*,*,#5451,.T.);
#8507=ORIENTED_EDGE('',*,*,#5448,.T.);
#8508=ORIENTED_EDGE('',*,*,#5445,.T.);
#8509=ORIENTED_EDGE('',*,*,#5465,.T.);
#8510=ORIENTED_EDGE('',*,*,#5487,.T.);
#8511=ORIENTED_EDGE('',*,*,#5484,.T.);
#8512=ORIENTED_EDGE('',*,*,#5481,.T.);
#8513=ORIENTED_EDGE('',*,*,#5478,.T.);
#8514=ORIENTED_EDGE('',*,*,#5475,.T.);
#8515=ORIENTED_EDGE('',*,*,#5472,.T.);
#8516=ORIENTED_EDGE('',*,*,#5469,.T.);
#8517=ORIENTED_EDGE('',*,*,#5489,.T.);
#8518=ORIENTED_EDGE('',*,*,#5511,.T.);
#8519=ORIENTED_EDGE('',*,*,#5508,.T.);
#8520=ORIENTED_EDGE('',*,*,#5505,.T.);
#8521=ORIENTED_EDGE('',*,*,#5502,.T.);
#8522=ORIENTED_EDGE('',*,*,#5499,.T.);
#8523=ORIENTED_EDGE('',*,*,#5496,.T.);
#8524=ORIENTED_EDGE('',*,*,#5493,.T.);
#8525=ORIENTED_EDGE('',*,*,#5513,.T.);
#8526=ORIENTED_EDGE('',*,*,#5535,.T.);
#8527=ORIENTED_EDGE('',*,*,#5532,.T.);
#8528=ORIENTED_EDGE('',*,*,#5529,.T.);
#8529=ORIENTED_EDGE('',*,*,#5526,.T.);
#8530=ORIENTED_EDGE('',*,*,#5523,.T.);
#8531=ORIENTED_EDGE('',*,*,#5520,.T.);
#8532=ORIENTED_EDGE('',*,*,#5517,.T.);
#8533=ORIENTED_EDGE('',*,*,#5537,.T.);
#8534=ORIENTED_EDGE('',*,*,#5559,.T.);
#8535=ORIENTED_EDGE('',*,*,#5556,.T.);
#8536=ORIENTED_EDGE('',*,*,#5553,.T.);
#8537=ORIENTED_EDGE('',*,*,#5550,.T.);
#8538=ORIENTED_EDGE('',*,*,#5547,.T.);
#8539=ORIENTED_EDGE('',*,*,#5544,.T.);
#8540=ORIENTED_EDGE('',*,*,#5541,.T.);
#8541=ORIENTED_EDGE('',*,*,#5561,.T.);
#8542=ORIENTED_EDGE('',*,*,#5583,.T.);
#8543=ORIENTED_EDGE('',*,*,#5580,.T.);
#8544=ORIENTED_EDGE('',*,*,#5577,.T.);
#8545=ORIENTED_EDGE('',*,*,#5574,.T.);
#8546=ORIENTED_EDGE('',*,*,#5571,.T.);
#8547=ORIENTED_EDGE('',*,*,#5568,.T.);
#8548=ORIENTED_EDGE('',*,*,#5565,.T.);
#8549=ORIENTED_EDGE('',*,*,#5585,.T.);
#8550=ORIENTED_EDGE('',*,*,#5607,.T.);
#8551=ORIENTED_EDGE('',*,*,#5604,.T.);
#8552=ORIENTED_EDGE('',*,*,#5601,.T.);
#8553=ORIENTED_EDGE('',*,*,#5598,.T.);
#8554=ORIENTED_EDGE('',*,*,#5595,.T.);
#8555=ORIENTED_EDGE('',*,*,#5592,.T.);
#8556=ORIENTED_EDGE('',*,*,#5589,.T.);
#8557=ORIENTED_EDGE('',*,*,#5609,.T.);
#8558=ORIENTED_EDGE('',*,*,#5631,.T.);
#8559=ORIENTED_EDGE('',*,*,#5628,.T.);
#8560=ORIENTED_EDGE('',*,*,#5625,.T.);
#8561=ORIENTED_EDGE('',*,*,#5622,.T.);
#8562=ORIENTED_EDGE('',*,*,#5619,.T.);
#8563=ORIENTED_EDGE('',*,*,#5616,.T.);
#8564=ORIENTED_EDGE('',*,*,#5613,.T.);
#8565=ORIENTED_EDGE('',*,*,#5633,.T.);
#8566=ORIENTED_EDGE('',*,*,#5655,.T.);
#8567=ORIENTED_EDGE('',*,*,#5652,.T.);
#8568=ORIENTED_EDGE('',*,*,#5649,.T.);
#8569=ORIENTED_EDGE('',*,*,#5646,.T.);
#8570=ORIENTED_EDGE('',*,*,#5643,.T.);
#8571=ORIENTED_EDGE('',*,*,#5640,.T.);
#8572=ORIENTED_EDGE('',*,*,#5637,.T.);
#8573=ORIENTED_EDGE('',*,*,#5657,.T.);
#8574=ORIENTED_EDGE('',*,*,#5679,.T.);
#8575=ORIENTED_EDGE('',*,*,#5676,.T.);
#8576=ORIENTED_EDGE('',*,*,#5673,.T.);
#8577=ORIENTED_EDGE('',*,*,#5670,.T.);
#8578=ORIENTED_EDGE('',*,*,#5667,.T.);
#8579=ORIENTED_EDGE('',*,*,#5664,.T.);
#8580=ORIENTED_EDGE('',*,*,#5661,.T.);
#8581=ORIENTED_EDGE('',*,*,#5681,.T.);
#8582=ORIENTED_EDGE('',*,*,#5703,.T.);
#8583=ORIENTED_EDGE('',*,*,#5700,.T.);
#8584=ORIENTED_EDGE('',*,*,#5697,.T.);
#8585=ORIENTED_EDGE('',*,*,#5694,.T.);
#8586=ORIENTED_EDGE('',*,*,#5691,.T.);
#8587=ORIENTED_EDGE('',*,*,#5688,.T.);
#8588=ORIENTED_EDGE('',*,*,#5685,.T.);
#8589=ORIENTED_EDGE('',*,*,#5705,.T.);
#8590=ORIENTED_EDGE('',*,*,#5727,.T.);
#8591=ORIENTED_EDGE('',*,*,#5724,.T.);
#8592=ORIENTED_EDGE('',*,*,#5721,.T.);
#8593=ORIENTED_EDGE('',*,*,#5718,.T.);
#8594=ORIENTED_EDGE('',*,*,#5715,.T.);
#8595=ORIENTED_EDGE('',*,*,#5712,.T.);
#8596=ORIENTED_EDGE('',*,*,#5709,.T.);
#8597=ORIENTED_EDGE('',*,*,#5729,.T.);
#8598=ORIENTED_EDGE('',*,*,#5751,.T.);
#8599=ORIENTED_EDGE('',*,*,#5748,.T.);
#8600=ORIENTED_EDGE('',*,*,#5745,.T.);
#8601=ORIENTED_EDGE('',*,*,#5742,.T.);
#8602=ORIENTED_EDGE('',*,*,#5739,.T.);
#8603=ORIENTED_EDGE('',*,*,#5736,.T.);
#8604=ORIENTED_EDGE('',*,*,#5733,.T.);
#8605=ORIENTED_EDGE('',*,*,#5753,.T.);
#8606=ORIENTED_EDGE('',*,*,#5775,.T.);
#8607=ORIENTED_EDGE('',*,*,#5772,.T.);
#8608=ORIENTED_EDGE('',*,*,#5769,.T.);
#8609=ORIENTED_EDGE('',*,*,#5766,.T.);
#8610=ORIENTED_EDGE('',*,*,#5763,.T.);
#8611=ORIENTED_EDGE('',*,*,#5760,.T.);
#8612=ORIENTED_EDGE('',*,*,#5757,.T.);
#8613=ORIENTED_EDGE('',*,*,#5777,.T.);
#8614=ORIENTED_EDGE('',*,*,#5799,.T.);
#8615=ORIENTED_EDGE('',*,*,#5796,.T.);
#8616=ORIENTED_EDGE('',*,*,#5793,.T.);
#8617=ORIENTED_EDGE('',*,*,#5790,.T.);
#8618=ORIENTED_EDGE('',*,*,#5787,.T.);
#8619=ORIENTED_EDGE('',*,*,#5784,.T.);
#8620=ORIENTED_EDGE('',*,*,#5781,.T.);
#8621=ORIENTED_EDGE('',*,*,#5801,.T.);
#8622=ORIENTED_EDGE('',*,*,#5823,.T.);
#8623=ORIENTED_EDGE('',*,*,#5820,.T.);
#8624=ORIENTED_EDGE('',*,*,#5817,.T.);
#8625=ORIENTED_EDGE('',*,*,#5814,.T.);
#8626=ORIENTED_EDGE('',*,*,#5811,.T.);
#8627=ORIENTED_EDGE('',*,*,#5808,.T.);
#8628=ORIENTED_EDGE('',*,*,#5805,.T.);
#8629=ORIENTED_EDGE('',*,*,#5825,.T.);
#8630=ORIENTED_EDGE('',*,*,#5847,.T.);
#8631=ORIENTED_EDGE('',*,*,#5844,.T.);
#8632=ORIENTED_EDGE('',*,*,#5841,.T.);
#8633=ORIENTED_EDGE('',*,*,#5838,.T.);
#8634=ORIENTED_EDGE('',*,*,#5835,.T.);
#8635=ORIENTED_EDGE('',*,*,#5832,.T.);
#8636=ORIENTED_EDGE('',*,*,#5829,.T.);
#8637=ORIENTED_EDGE('',*,*,#5849,.T.);
#8638=ORIENTED_EDGE('',*,*,#5871,.T.);
#8639=ORIENTED_EDGE('',*,*,#5868,.T.);
#8640=ORIENTED_EDGE('',*,*,#5865,.T.);
#8641=ORIENTED_EDGE('',*,*,#5862,.T.);
#8642=ORIENTED_EDGE('',*,*,#5859,.T.);
#8643=ORIENTED_EDGE('',*,*,#5856,.T.);
#8644=ORIENTED_EDGE('',*,*,#5853,.T.);
#8645=ORIENTED_EDGE('',*,*,#5873,.T.);
#8646=ORIENTED_EDGE('',*,*,#5895,.T.);
#8647=ORIENTED_EDGE('',*,*,#5892,.T.);
#8648=ORIENTED_EDGE('',*,*,#5889,.T.);
#8649=ORIENTED_EDGE('',*,*,#5886,.T.);
#8650=ORIENTED_EDGE('',*,*,#5883,.T.);
#8651=ORIENTED_EDGE('',*,*,#5880,.T.);
#8652=ORIENTED_EDGE('',*,*,#5877,.T.);
#8653=ORIENTED_EDGE('',*,*,#5897,.T.);
#8654=ORIENTED_EDGE('',*,*,#5967,.T.);
#8655=ORIENTED_EDGE('',*,*,#5964,.T.);
#8656=ORIENTED_EDGE('',*,*,#5961,.T.);
#8657=ORIENTED_EDGE('',*,*,#5958,.T.);
#8658=ORIENTED_EDGE('',*,*,#5955,.T.);
#8659=ORIENTED_EDGE('',*,*,#5952,.T.);
#8660=ORIENTED_EDGE('',*,*,#5949,.T.);
#8661=ORIENTED_EDGE('',*,*,#5946,.T.);
#8662=ORIENTED_EDGE('',*,*,#5943,.T.);
#8663=ORIENTED_EDGE('',*,*,#5940,.T.);
#8664=ORIENTED_EDGE('',*,*,#5937,.T.);
#8665=ORIENTED_EDGE('',*,*,#5934,.T.);
#8666=ORIENTED_EDGE('',*,*,#5931,.T.);
#8667=ORIENTED_EDGE('',*,*,#5928,.T.);
#8668=ORIENTED_EDGE('',*,*,#5925,.T.);
#8669=ORIENTED_EDGE('',*,*,#5922,.T.);
#8670=ORIENTED_EDGE('',*,*,#5919,.T.);
#8671=ORIENTED_EDGE('',*,*,#5916,.T.);
#8672=ORIENTED_EDGE('',*,*,#5913,.T.);
#8673=ORIENTED_EDGE('',*,*,#5910,.T.);
#8674=ORIENTED_EDGE('',*,*,#5907,.T.);
#8675=ORIENTED_EDGE('',*,*,#5904,.T.);
#8676=ORIENTED_EDGE('',*,*,#5901,.T.);
#8677=ORIENTED_EDGE('',*,*,#5969,.T.);
#8678=ORIENTED_EDGE('',*,*,#6039,.T.);
#8679=ORIENTED_EDGE('',*,*,#6036,.T.);
#8680=ORIENTED_EDGE('',*,*,#6033,.T.);
#8681=ORIENTED_EDGE('',*,*,#6030,.T.);
#8682=ORIENTED_EDGE('',*,*,#6027,.T.);
#8683=ORIENTED_EDGE('',*,*,#6024,.T.);
#8684=ORIENTED_EDGE('',*,*,#6021,.T.);
#8685=ORIENTED_EDGE('',*,*,#6018,.T.);
#8686=ORIENTED_EDGE('',*,*,#6015,.T.);
#8687=ORIENTED_EDGE('',*,*,#6012,.T.);
#8688=ORIENTED_EDGE('',*,*,#6009,.T.);
#8689=ORIENTED_EDGE('',*,*,#6006,.T.);
#8690=ORIENTED_EDGE('',*,*,#6003,.T.);
#8691=ORIENTED_EDGE('',*,*,#6000,.T.);
#8692=ORIENTED_EDGE('',*,*,#5997,.T.);
#8693=ORIENTED_EDGE('',*,*,#5994,.T.);
#8694=ORIENTED_EDGE('',*,*,#5991,.T.);
#8695=ORIENTED_EDGE('',*,*,#5988,.T.);
#8696=ORIENTED_EDGE('',*,*,#5985,.T.);
#8697=ORIENTED_EDGE('',*,*,#5982,.T.);
#8698=ORIENTED_EDGE('',*,*,#5979,.T.);
#8699=ORIENTED_EDGE('',*,*,#5976,.T.);
#8700=ORIENTED_EDGE('',*,*,#5973,.T.);
#8701=ORIENTED_EDGE('',*,*,#6041,.T.);
#8702=ORIENTED_EDGE('',*,*,#6063,.T.);
#8703=ORIENTED_EDGE('',*,*,#6060,.T.);
#8704=ORIENTED_EDGE('',*,*,#6057,.T.);
#8705=ORIENTED_EDGE('',*,*,#6054,.T.);
#8706=ORIENTED_EDGE('',*,*,#6051,.T.);
#8707=ORIENTED_EDGE('',*,*,#6048,.T.);
#8708=ORIENTED_EDGE('',*,*,#6045,.T.);
#8709=ORIENTED_EDGE('',*,*,#6065,.T.);
#8710=ORIENTED_EDGE('',*,*,#6087,.T.);
#8711=ORIENTED_EDGE('',*,*,#6084,.T.);
#8712=ORIENTED_EDGE('',*,*,#6081,.T.);
#8713=ORIENTED_EDGE('',*,*,#6078,.T.);
#8714=ORIENTED_EDGE('',*,*,#6075,.T.);
#8715=ORIENTED_EDGE('',*,*,#6072,.T.);
#8716=ORIENTED_EDGE('',*,*,#6069,.T.);
#8717=ORIENTED_EDGE('',*,*,#6089,.T.);
#8718=ORIENTED_EDGE('',*,*,#6111,.T.);
#8719=ORIENTED_EDGE('',*,*,#6108,.T.);
#8720=ORIENTED_EDGE('',*,*,#6105,.T.);
#8721=ORIENTED_EDGE('',*,*,#6102,.T.);
#8722=ORIENTED_EDGE('',*,*,#6099,.T.);
#8723=ORIENTED_EDGE('',*,*,#6096,.T.);
#8724=ORIENTED_EDGE('',*,*,#6093,.T.);
#8725=ORIENTED_EDGE('',*,*,#6113,.T.);
#8726=ORIENTED_EDGE('',*,*,#6135,.T.);
#8727=ORIENTED_EDGE('',*,*,#6132,.T.);
#8728=ORIENTED_EDGE('',*,*,#6129,.T.);
#8729=ORIENTED_EDGE('',*,*,#6126,.T.);
#8730=ORIENTED_EDGE('',*,*,#6123,.T.);
#8731=ORIENTED_EDGE('',*,*,#6120,.T.);
#8732=ORIENTED_EDGE('',*,*,#6117,.T.);
#8733=ORIENTED_EDGE('',*,*,#6137,.T.);
#8734=ORIENTED_EDGE('',*,*,#6159,.T.);
#8735=ORIENTED_EDGE('',*,*,#6156,.T.);
#8736=ORIENTED_EDGE('',*,*,#6153,.T.);
#8737=ORIENTED_EDGE('',*,*,#6150,.T.);
#8738=ORIENTED_EDGE('',*,*,#6147,.T.);
#8739=ORIENTED_EDGE('',*,*,#6144,.T.);
#8740=ORIENTED_EDGE('',*,*,#6141,.T.);
#8741=ORIENTED_EDGE('',*,*,#6161,.T.);
#8742=ORIENTED_EDGE('',*,*,#6183,.T.);
#8743=ORIENTED_EDGE('',*,*,#6180,.T.);
#8744=ORIENTED_EDGE('',*,*,#6177,.T.);
#8745=ORIENTED_EDGE('',*,*,#6174,.T.);
#8746=ORIENTED_EDGE('',*,*,#6171,.T.);
#8747=ORIENTED_EDGE('',*,*,#6168,.T.);
#8748=ORIENTED_EDGE('',*,*,#6165,.T.);
#8749=ORIENTED_EDGE('',*,*,#6185,.T.);
#8750=ORIENTED_EDGE('',*,*,#6207,.T.);
#8751=ORIENTED_EDGE('',*,*,#6204,.T.);
#8752=ORIENTED_EDGE('',*,*,#6201,.T.);
#8753=ORIENTED_EDGE('',*,*,#6198,.T.);
#8754=ORIENTED_EDGE('',*,*,#6195,.T.);
#8755=ORIENTED_EDGE('',*,*,#6192,.T.);
#8756=ORIENTED_EDGE('',*,*,#6189,.T.);
#8757=ORIENTED_EDGE('',*,*,#6209,.T.);
#8758=ORIENTED_EDGE('',*,*,#6231,.T.);
#8759=ORIENTED_EDGE('',*,*,#6228,.T.);
#8760=ORIENTED_EDGE('',*,*,#6225,.T.);
#8761=ORIENTED_EDGE('',*,*,#6222,.T.);
#8762=ORIENTED_EDGE('',*,*,#6219,.T.);
#8763=ORIENTED_EDGE('',*,*,#6216,.T.);
#8764=ORIENTED_EDGE('',*,*,#6213,.T.);
#8765=ORIENTED_EDGE('',*,*,#6233,.T.);
#8766=ORIENTED_EDGE('',*,*,#6255,.T.);
#8767=ORIENTED_EDGE('',*,*,#6252,.T.);
#8768=ORIENTED_EDGE('',*,*,#6249,.T.);
#8769=ORIENTED_EDGE('',*,*,#6246,.T.);
#8770=ORIENTED_EDGE('',*,*,#6243,.T.);
#8771=ORIENTED_EDGE('',*,*,#6240,.T.);
#8772=ORIENTED_EDGE('',*,*,#6237,.T.);
#8773=ORIENTED_EDGE('',*,*,#6257,.T.);
#8774=ORIENTED_EDGE('',*,*,#6279,.T.);
#8775=ORIENTED_EDGE('',*,*,#6276,.T.);
#8776=ORIENTED_EDGE('',*,*,#6273,.T.);
#8777=ORIENTED_EDGE('',*,*,#6270,.T.);
#8778=ORIENTED_EDGE('',*,*,#6267,.T.);
#8779=ORIENTED_EDGE('',*,*,#6264,.T.);
#8780=ORIENTED_EDGE('',*,*,#6261,.T.);
#8781=ORIENTED_EDGE('',*,*,#6281,.T.);
#8782=ORIENTED_EDGE('',*,*,#6303,.T.);
#8783=ORIENTED_EDGE('',*,*,#6300,.T.);
#8784=ORIENTED_EDGE('',*,*,#6297,.T.);
#8785=ORIENTED_EDGE('',*,*,#6294,.T.);
#8786=ORIENTED_EDGE('',*,*,#6291,.T.);
#8787=ORIENTED_EDGE('',*,*,#6288,.T.);
#8788=ORIENTED_EDGE('',*,*,#6285,.T.);
#8789=ORIENTED_EDGE('',*,*,#6305,.T.);
#8790=ORIENTED_EDGE('',*,*,#6327,.T.);
#8791=ORIENTED_EDGE('',*,*,#6324,.T.);
#8792=ORIENTED_EDGE('',*,*,#6321,.T.);
#8793=ORIENTED_EDGE('',*,*,#6318,.T.);
#8794=ORIENTED_EDGE('',*,*,#6315,.T.);
#8795=ORIENTED_EDGE('',*,*,#6312,.T.);
#8796=ORIENTED_EDGE('',*,*,#6309,.T.);
#8797=ORIENTED_EDGE('',*,*,#6409,.T.);
#8798=ORIENTED_EDGE('',*,*,#6410,.F.);
#8799=ORIENTED_EDGE('',*,*,#6411,.T.);
#8800=ORIENTED_EDGE('',*,*,#6412,.T.);
#8801=ORIENTED_EDGE('',*,*,#6413,.T.);
#8802=ORIENTED_EDGE('',*,*,#6414,.T.);
#8803=ORIENTED_EDGE('',*,*,#6415,.T.);
#8804=ORIENTED_EDGE('',*,*,#6416,.F.);
#8805=ORIENTED_EDGE('',*,*,#6417,.T.);
#8806=ORIENTED_EDGE('',*,*,#6418,.F.);
#8807=ORIENTED_EDGE('',*,*,#6419,.T.);
#8808=ORIENTED_EDGE('',*,*,#6420,.F.);
#8809=ORIENTED_EDGE('',*,*,#6421,.T.);
#8810=ORIENTED_EDGE('',*,*,#6422,.F.);
#8811=ORIENTED_EDGE('',*,*,#6423,.T.);
#8812=ORIENTED_EDGE('',*,*,#6424,.T.);
#8813=ORIENTED_EDGE('',*,*,#6425,.T.);
#8814=ORIENTED_EDGE('',*,*,#6426,.T.);
#8815=ORIENTED_EDGE('',*,*,#6427,.T.);
#8816=ORIENTED_EDGE('',*,*,#6428,.T.);
#8817=ORIENTED_EDGE('',*,*,#6429,.T.);
#8818=ORIENTED_EDGE('',*,*,#6430,.T.);
#8819=ORIENTED_EDGE('',*,*,#6431,.T.);
#8820=ORIENTED_EDGE('',*,*,#6432,.F.);
#8821=ORIENTED_EDGE('',*,*,#6433,.T.);
#8822=ORIENTED_EDGE('',*,*,#6434,.F.);
#8823=ORIENTED_EDGE('',*,*,#6435,.T.);
#8824=ORIENTED_EDGE('',*,*,#6436,.F.);
#8825=ORIENTED_EDGE('',*,*,#6437,.T.);
#8826=ORIENTED_EDGE('',*,*,#6438,.F.);
#8827=ORIENTED_EDGE('',*,*,#6439,.T.);
#8828=ORIENTED_EDGE('',*,*,#6440,.T.);
#8829=ORIENTED_EDGE('',*,*,#6441,.T.);
#8830=ORIENTED_EDGE('',*,*,#6442,.T.);
#8831=ORIENTED_EDGE('',*,*,#6443,.T.);
#8832=ORIENTED_EDGE('',*,*,#6444,.F.);
#8833=ORIENTED_EDGE('',*,*,#6445,.T.);
#8834=ORIENTED_EDGE('',*,*,#6446,.F.);
#8835=ORIENTED_EDGE('',*,*,#6447,.T.);
#8836=ORIENTED_EDGE('',*,*,#6448,.T.);
#8837=ORIENTED_EDGE('',*,*,#6449,.F.);
#8838=ORIENTED_EDGE('',*,*,#6450,.T.);
#8839=ORIENTED_EDGE('',*,*,#6451,.T.);
#8840=ORIENTED_EDGE('',*,*,#6452,.F.);
#8841=ORIENTED_EDGE('',*,*,#6453,.T.);
#8842=ORIENTED_EDGE('',*,*,#6454,.F.);
#8843=ORIENTED_EDGE('',*,*,#6455,.T.);
#8844=ORIENTED_EDGE('',*,*,#6456,.F.);
#8845=ORIENTED_EDGE('',*,*,#6457,.T.);
#8846=ORIENTED_EDGE('',*,*,#6458,.F.);
#8847=ORIENTED_EDGE('',*,*,#6459,.T.);
#8848=ORIENTED_EDGE('',*,*,#6460,.T.);
#8849=ORIENTED_EDGE('',*,*,#6461,.F.);
#8850=ORIENTED_EDGE('',*,*,#6462,.T.);
#8851=ORIENTED_EDGE('',*,*,#6463,.T.);
#8852=ORIENTED_EDGE('',*,*,#6464,.T.);
#8853=ORIENTED_EDGE('',*,*,#6465,.F.);
#8854=ORIENTED_EDGE('',*,*,#6466,.T.);
#8855=ORIENTED_EDGE('',*,*,#6467,.T.);
#8856=ORIENTED_EDGE('',*,*,#6468,.F.);
#8857=ORIENTED_EDGE('',*,*,#6469,.T.);
#8858=ORIENTED_EDGE('',*,*,#6470,.F.);
#8859=ORIENTED_EDGE('',*,*,#6471,.F.);
#8860=ORIENTED_EDGE('',*,*,#6472,.F.);
#8861=ORIENTED_EDGE('',*,*,#6473,.F.);
#8862=ORIENTED_EDGE('',*,*,#6474,.F.);
#8863=ORIENTED_EDGE('',*,*,#6475,.F.);
#8864=ORIENTED_EDGE('',*,*,#6476,.T.);
#8865=ORIENTED_EDGE('',*,*,#6477,.F.);
#8866=ORIENTED_EDGE('',*,*,#6478,.T.);
#8867=ORIENTED_EDGE('',*,*,#6479,.T.);
#8868=ORIENTED_EDGE('',*,*,#6480,.F.);
#8869=ORIENTED_EDGE('',*,*,#6481,.T.);
#8870=ORIENTED_EDGE('',*,*,#6335,.F.);
#8871=ORIENTED_EDGE('',*,*,#6330,.F.);
#8872=ORIENTED_EDGE('',*,*,#5035,.T.);
#8873=ORIENTED_EDGE('',*,*,#5039,.T.);
#8874=ORIENTED_EDGE('',*,*,#5042,.T.);
#8875=ORIENTED_EDGE('',*,*,#5045,.T.);
#8876=ORIENTED_EDGE('',*,*,#5048,.T.);
#8877=ORIENTED_EDGE('',*,*,#5051,.T.);
#8878=ORIENTED_EDGE('',*,*,#5054,.T.);
#8879=ORIENTED_EDGE('',*,*,#5056,.T.);
#8880=ORIENTED_EDGE('',*,*,#5059,.T.);
#8881=ORIENTED_EDGE('',*,*,#5063,.T.);
#8882=ORIENTED_EDGE('',*,*,#5066,.T.);
#8883=ORIENTED_EDGE('',*,*,#5069,.T.);
#8884=ORIENTED_EDGE('',*,*,#5072,.T.);
#8885=ORIENTED_EDGE('',*,*,#5075,.T.);
#8886=ORIENTED_EDGE('',*,*,#5078,.T.);
#8887=ORIENTED_EDGE('',*,*,#5080,.T.);
#8888=ORIENTED_EDGE('',*,*,#5083,.T.);
#8889=ORIENTED_EDGE('',*,*,#5087,.T.);
#8890=ORIENTED_EDGE('',*,*,#5090,.T.);
#8891=ORIENTED_EDGE('',*,*,#5093,.T.);
#8892=ORIENTED_EDGE('',*,*,#5096,.T.);
#8893=ORIENTED_EDGE('',*,*,#5099,.T.);
#8894=ORIENTED_EDGE('',*,*,#5102,.T.);
#8895=ORIENTED_EDGE('',*,*,#5104,.T.);
#8896=ORIENTED_EDGE('',*,*,#5107,.T.);
#8897=ORIENTED_EDGE('',*,*,#5111,.T.);
#8898=ORIENTED_EDGE('',*,*,#5114,.T.);
#8899=ORIENTED_EDGE('',*,*,#5117,.T.);
#8900=ORIENTED_EDGE('',*,*,#5120,.T.);
#8901=ORIENTED_EDGE('',*,*,#5123,.T.);
#8902=ORIENTED_EDGE('',*,*,#5126,.T.);
#8903=ORIENTED_EDGE('',*,*,#5128,.T.);
#8904=ORIENTED_EDGE('',*,*,#5131,.T.);
#8905=ORIENTED_EDGE('',*,*,#5135,.T.);
#8906=ORIENTED_EDGE('',*,*,#5138,.T.);
#8907=ORIENTED_EDGE('',*,*,#5141,.T.);
#8908=ORIENTED_EDGE('',*,*,#5144,.T.);
#8909=ORIENTED_EDGE('',*,*,#5147,.T.);
#8910=ORIENTED_EDGE('',*,*,#5150,.T.);
#8911=ORIENTED_EDGE('',*,*,#5152,.T.);
#8912=ORIENTED_EDGE('',*,*,#5155,.T.);
#8913=ORIENTED_EDGE('',*,*,#5159,.T.);
#8914=ORIENTED_EDGE('',*,*,#5162,.T.);
#8915=ORIENTED_EDGE('',*,*,#5165,.T.);
#8916=ORIENTED_EDGE('',*,*,#5168,.T.);
#8917=ORIENTED_EDGE('',*,*,#5171,.T.);
#8918=ORIENTED_EDGE('',*,*,#5174,.T.);
#8919=ORIENTED_EDGE('',*,*,#5176,.T.);
#8920=ORIENTED_EDGE('',*,*,#5179,.T.);
#8921=ORIENTED_EDGE('',*,*,#5183,.T.);
#8922=ORIENTED_EDGE('',*,*,#5186,.T.);
#8923=ORIENTED_EDGE('',*,*,#5189,.T.);
#8924=ORIENTED_EDGE('',*,*,#5192,.T.);
#8925=ORIENTED_EDGE('',*,*,#5195,.T.);
#8926=ORIENTED_EDGE('',*,*,#5198,.T.);
#8927=ORIENTED_EDGE('',*,*,#5200,.T.);
#8928=ORIENTED_EDGE('',*,*,#5203,.T.);
#8929=ORIENTED_EDGE('',*,*,#5207,.T.);
#8930=ORIENTED_EDGE('',*,*,#5210,.T.);
#8931=ORIENTED_EDGE('',*,*,#5213,.T.);
#8932=ORIENTED_EDGE('',*,*,#5216,.T.);
#8933=ORIENTED_EDGE('',*,*,#5219,.T.);
#8934=ORIENTED_EDGE('',*,*,#5222,.T.);
#8935=ORIENTED_EDGE('',*,*,#5224,.T.);
#8936=ORIENTED_EDGE('',*,*,#5227,.T.);
#8937=ORIENTED_EDGE('',*,*,#5231,.T.);
#8938=ORIENTED_EDGE('',*,*,#5234,.T.);
#8939=ORIENTED_EDGE('',*,*,#5237,.T.);
#8940=ORIENTED_EDGE('',*,*,#5240,.T.);
#8941=ORIENTED_EDGE('',*,*,#5243,.T.);
#8942=ORIENTED_EDGE('',*,*,#5246,.T.);
#8943=ORIENTED_EDGE('',*,*,#5248,.T.);
#8944=ORIENTED_EDGE('',*,*,#5251,.T.);
#8945=ORIENTED_EDGE('',*,*,#5255,.T.);
#8946=ORIENTED_EDGE('',*,*,#5258,.T.);
#8947=ORIENTED_EDGE('',*,*,#5261,.T.);
#8948=ORIENTED_EDGE('',*,*,#5264,.T.);
#8949=ORIENTED_EDGE('',*,*,#5267,.T.);
#8950=ORIENTED_EDGE('',*,*,#5270,.T.);
#8951=ORIENTED_EDGE('',*,*,#5272,.T.);
#8952=ORIENTED_EDGE('',*,*,#5275,.T.);
#8953=ORIENTED_EDGE('',*,*,#5279,.T.);
#8954=ORIENTED_EDGE('',*,*,#5282,.T.);
#8955=ORIENTED_EDGE('',*,*,#5285,.T.);
#8956=ORIENTED_EDGE('',*,*,#5288,.T.);
#8957=ORIENTED_EDGE('',*,*,#5291,.T.);
#8958=ORIENTED_EDGE('',*,*,#5294,.T.);
#8959=ORIENTED_EDGE('',*,*,#5296,.T.);
#8960=ORIENTED_EDGE('',*,*,#5299,.T.);
#8961=ORIENTED_EDGE('',*,*,#5303,.T.);
#8962=ORIENTED_EDGE('',*,*,#5306,.T.);
#8963=ORIENTED_EDGE('',*,*,#5309,.T.);
#8964=ORIENTED_EDGE('',*,*,#5312,.T.);
#8965=ORIENTED_EDGE('',*,*,#5315,.T.);
#8966=ORIENTED_EDGE('',*,*,#5318,.T.);
#8967=ORIENTED_EDGE('',*,*,#5321,.T.);
#8968=ORIENTED_EDGE('',*,*,#5324,.T.);
#8969=ORIENTED_EDGE('',*,*,#5327,.T.);
#8970=ORIENTED_EDGE('',*,*,#5330,.T.);
#8971=ORIENTED_EDGE('',*,*,#5333,.T.);
#8972=ORIENTED_EDGE('',*,*,#5336,.T.);
#8973=ORIENTED_EDGE('',*,*,#5339,.T.);
#8974=ORIENTED_EDGE('',*,*,#5342,.T.);
#8975=ORIENTED_EDGE('',*,*,#5345,.T.);
#8976=ORIENTED_EDGE('',*,*,#5348,.T.);
#8977=ORIENTED_EDGE('',*,*,#5351,.T.);
#8978=ORIENTED_EDGE('',*,*,#5354,.T.);
#8979=ORIENTED_EDGE('',*,*,#5357,.T.);
#8980=ORIENTED_EDGE('',*,*,#5360,.T.);
#8981=ORIENTED_EDGE('',*,*,#5363,.T.);
#8982=ORIENTED_EDGE('',*,*,#5366,.T.);
#8983=ORIENTED_EDGE('',*,*,#5368,.T.);
#8984=ORIENTED_EDGE('',*,*,#5371,.T.);
#8985=ORIENTED_EDGE('',*,*,#5375,.T.);
#8986=ORIENTED_EDGE('',*,*,#5378,.T.);
#8987=ORIENTED_EDGE('',*,*,#5381,.T.);
#8988=ORIENTED_EDGE('',*,*,#5384,.T.);
#8989=ORIENTED_EDGE('',*,*,#5387,.T.);
#8990=ORIENTED_EDGE('',*,*,#5390,.T.);
#8991=ORIENTED_EDGE('',*,*,#5393,.T.);
#8992=ORIENTED_EDGE('',*,*,#5396,.T.);
#8993=ORIENTED_EDGE('',*,*,#5399,.T.);
#8994=ORIENTED_EDGE('',*,*,#5402,.T.);
#8995=ORIENTED_EDGE('',*,*,#5405,.T.);
#8996=ORIENTED_EDGE('',*,*,#5408,.T.);
#8997=ORIENTED_EDGE('',*,*,#5411,.T.);
#8998=ORIENTED_EDGE('',*,*,#5414,.T.);
#8999=ORIENTED_EDGE('',*,*,#5417,.T.);
#9000=ORIENTED_EDGE('',*,*,#5420,.T.);
#9001=ORIENTED_EDGE('',*,*,#5423,.T.);
#9002=ORIENTED_EDGE('',*,*,#5426,.T.);
#9003=ORIENTED_EDGE('',*,*,#5429,.T.);
#9004=ORIENTED_EDGE('',*,*,#5432,.T.);
#9005=ORIENTED_EDGE('',*,*,#5435,.T.);
#9006=ORIENTED_EDGE('',*,*,#5438,.T.);
#9007=ORIENTED_EDGE('',*,*,#5440,.T.);
#9008=ORIENTED_EDGE('',*,*,#5443,.T.);
#9009=ORIENTED_EDGE('',*,*,#5447,.T.);
#9010=ORIENTED_EDGE('',*,*,#5450,.T.);
#9011=ORIENTED_EDGE('',*,*,#5453,.T.);
#9012=ORIENTED_EDGE('',*,*,#5456,.T.);
#9013=ORIENTED_EDGE('',*,*,#5459,.T.);
#9014=ORIENTED_EDGE('',*,*,#5462,.T.);
#9015=ORIENTED_EDGE('',*,*,#5464,.T.);
#9016=ORIENTED_EDGE('',*,*,#5467,.T.);
#9017=ORIENTED_EDGE('',*,*,#5471,.T.);
#9018=ORIENTED_EDGE('',*,*,#5474,.T.);
#9019=ORIENTED_EDGE('',*,*,#5477,.T.);
#9020=ORIENTED_EDGE('',*,*,#5480,.T.);
#9021=ORIENTED_EDGE('',*,*,#5483,.T.);
#9022=ORIENTED_EDGE('',*,*,#5486,.T.);
#9023=ORIENTED_EDGE('',*,*,#5488,.T.);
#9024=ORIENTED_EDGE('',*,*,#5491,.T.);
#9025=ORIENTED_EDGE('',*,*,#5495,.T.);
#9026=ORIENTED_EDGE('',*,*,#5498,.T.);
#9027=ORIENTED_EDGE('',*,*,#5501,.T.);
#9028=ORIENTED_EDGE('',*,*,#5504,.T.);
#9029=ORIENTED_EDGE('',*,*,#5507,.T.);
#9030=ORIENTED_EDGE('',*,*,#5510,.T.);
#9031=ORIENTED_EDGE('',*,*,#5512,.T.);
#9032=ORIENTED_EDGE('',*,*,#5515,.T.);
#9033=ORIENTED_EDGE('',*,*,#5519,.T.);
#9034=ORIENTED_EDGE('',*,*,#5522,.T.);
#9035=ORIENTED_EDGE('',*,*,#5525,.T.);
#9036=ORIENTED_EDGE('',*,*,#5528,.T.);
#9037=ORIENTED_EDGE('',*,*,#5531,.T.);
#9038=ORIENTED_EDGE('',*,*,#5534,.T.);
#9039=ORIENTED_EDGE('',*,*,#5536,.T.);
#9040=ORIENTED_EDGE('',*,*,#5539,.T.);
#9041=ORIENTED_EDGE('',*,*,#5543,.T.);
#9042=ORIENTED_EDGE('',*,*,#5546,.T.);
#9043=ORIENTED_EDGE('',*,*,#5549,.T.);
#9044=ORIENTED_EDGE('',*,*,#5552,.T.);
#9045=ORIENTED_EDGE('',*,*,#5555,.T.);
#9046=ORIENTED_EDGE('',*,*,#5558,.T.);
#9047=ORIENTED_EDGE('',*,*,#5560,.T.);
#9048=ORIENTED_EDGE('',*,*,#5563,.T.);
#9049=ORIENTED_EDGE('',*,*,#5567,.T.);
#9050=ORIENTED_EDGE('',*,*,#5570,.T.);
#9051=ORIENTED_EDGE('',*,*,#5573,.T.);
#9052=ORIENTED_EDGE('',*,*,#5576,.T.);
#9053=ORIENTED_EDGE('',*,*,#5579,.T.);
#9054=ORIENTED_EDGE('',*,*,#5582,.T.);
#9055=ORIENTED_EDGE('',*,*,#5584,.T.);
#9056=ORIENTED_EDGE('',*,*,#5587,.T.);
#9057=ORIENTED_EDGE('',*,*,#5591,.T.);
#9058=ORIENTED_EDGE('',*,*,#5594,.T.);
#9059=ORIENTED_EDGE('',*,*,#5597,.T.);
#9060=ORIENTED_EDGE('',*,*,#5600,.T.);
#9061=ORIENTED_EDGE('',*,*,#5603,.T.);
#9062=ORIENTED_EDGE('',*,*,#5606,.T.);
#9063=ORIENTED_EDGE('',*,*,#5608,.T.);
#9064=ORIENTED_EDGE('',*,*,#5611,.T.);
#9065=ORIENTED_EDGE('',*,*,#5615,.T.);
#9066=ORIENTED_EDGE('',*,*,#5618,.T.);
#9067=ORIENTED_EDGE('',*,*,#5621,.T.);
#9068=ORIENTED_EDGE('',*,*,#5624,.T.);
#9069=ORIENTED_EDGE('',*,*,#5627,.T.);
#9070=ORIENTED_EDGE('',*,*,#5630,.T.);
#9071=ORIENTED_EDGE('',*,*,#5632,.T.);
#9072=ORIENTED_EDGE('',*,*,#5635,.T.);
#9073=ORIENTED_EDGE('',*,*,#5639,.T.);
#9074=ORIENTED_EDGE('',*,*,#5642,.T.);
#9075=ORIENTED_EDGE('',*,*,#5645,.T.);
#9076=ORIENTED_EDGE('',*,*,#5648,.T.);
#9077=ORIENTED_EDGE('',*,*,#5651,.T.);
#9078=ORIENTED_EDGE('',*,*,#5654,.T.);
#9079=ORIENTED_EDGE('',*,*,#5656,.T.);
#9080=ORIENTED_EDGE('',*,*,#5659,.T.);
#9081=ORIENTED_EDGE('',*,*,#5663,.T.);
#9082=ORIENTED_EDGE('',*,*,#5666,.T.);
#9083=ORIENTED_EDGE('',*,*,#5669,.T.);
#9084=ORIENTED_EDGE('',*,*,#5672,.T.);
#9085=ORIENTED_EDGE('',*,*,#5675,.T.);
#9086=ORIENTED_EDGE('',*,*,#5678,.T.);
#9087=ORIENTED_EDGE('',*,*,#5680,.T.);
#9088=ORIENTED_EDGE('',*,*,#5683,.T.);
#9089=ORIENTED_EDGE('',*,*,#5687,.T.);
#9090=ORIENTED_EDGE('',*,*,#5690,.T.);
#9091=ORIENTED_EDGE('',*,*,#5693,.T.);
#9092=ORIENTED_EDGE('',*,*,#5696,.T.);
#9093=ORIENTED_EDGE('',*,*,#5699,.T.);
#9094=ORIENTED_EDGE('',*,*,#5702,.T.);
#9095=ORIENTED_EDGE('',*,*,#5704,.T.);
#9096=ORIENTED_EDGE('',*,*,#5707,.T.);
#9097=ORIENTED_EDGE('',*,*,#5711,.T.);
#9098=ORIENTED_EDGE('',*,*,#5714,.T.);
#9099=ORIENTED_EDGE('',*,*,#5717,.T.);
#9100=ORIENTED_EDGE('',*,*,#5720,.T.);
#9101=ORIENTED_EDGE('',*,*,#5723,.T.);
#9102=ORIENTED_EDGE('',*,*,#5726,.T.);
#9103=ORIENTED_EDGE('',*,*,#5728,.T.);
#9104=ORIENTED_EDGE('',*,*,#5731,.T.);
#9105=ORIENTED_EDGE('',*,*,#5735,.T.);
#9106=ORIENTED_EDGE('',*,*,#5738,.T.);
#9107=ORIENTED_EDGE('',*,*,#5741,.T.);
#9108=ORIENTED_EDGE('',*,*,#5744,.T.);
#9109=ORIENTED_EDGE('',*,*,#5747,.T.);
#9110=ORIENTED_EDGE('',*,*,#5750,.T.);
#9111=ORIENTED_EDGE('',*,*,#5752,.T.);
#9112=ORIENTED_EDGE('',*,*,#5755,.T.);
#9113=ORIENTED_EDGE('',*,*,#5759,.T.);
#9114=ORIENTED_EDGE('',*,*,#5762,.T.);
#9115=ORIENTED_EDGE('',*,*,#5765,.T.);
#9116=ORIENTED_EDGE('',*,*,#5768,.T.);
#9117=ORIENTED_EDGE('',*,*,#5771,.T.);
#9118=ORIENTED_EDGE('',*,*,#5774,.T.);
#9119=ORIENTED_EDGE('',*,*,#5776,.T.);
#9120=ORIENTED_EDGE('',*,*,#5779,.T.);
#9121=ORIENTED_EDGE('',*,*,#5783,.T.);
#9122=ORIENTED_EDGE('',*,*,#5786,.T.);
#9123=ORIENTED_EDGE('',*,*,#5789,.T.);
#9124=ORIENTED_EDGE('',*,*,#5792,.T.);
#9125=ORIENTED_EDGE('',*,*,#5795,.T.);
#9126=ORIENTED_EDGE('',*,*,#5798,.T.);
#9127=ORIENTED_EDGE('',*,*,#5800,.T.);
#9128=ORIENTED_EDGE('',*,*,#5803,.T.);
#9129=ORIENTED_EDGE('',*,*,#5807,.T.);
#9130=ORIENTED_EDGE('',*,*,#5810,.T.);
#9131=ORIENTED_EDGE('',*,*,#5813,.T.);
#9132=ORIENTED_EDGE('',*,*,#5816,.T.);
#9133=ORIENTED_EDGE('',*,*,#5819,.T.);
#9134=ORIENTED_EDGE('',*,*,#5822,.T.);
#9135=ORIENTED_EDGE('',*,*,#5824,.T.);
#9136=ORIENTED_EDGE('',*,*,#5827,.T.);
#9137=ORIENTED_EDGE('',*,*,#5831,.T.);
#9138=ORIENTED_EDGE('',*,*,#5834,.T.);
#9139=ORIENTED_EDGE('',*,*,#5837,.T.);
#9140=ORIENTED_EDGE('',*,*,#5840,.T.);
#9141=ORIENTED_EDGE('',*,*,#5843,.T.);
#9142=ORIENTED_EDGE('',*,*,#5846,.T.);
#9143=ORIENTED_EDGE('',*,*,#5848,.T.);
#9144=ORIENTED_EDGE('',*,*,#5851,.T.);
#9145=ORIENTED_EDGE('',*,*,#5855,.T.);
#9146=ORIENTED_EDGE('',*,*,#5858,.T.);
#9147=ORIENTED_EDGE('',*,*,#5861,.T.);
#9148=ORIENTED_EDGE('',*,*,#5864,.T.);
#9149=ORIENTED_EDGE('',*,*,#5867,.T.);
#9150=ORIENTED_EDGE('',*,*,#5870,.T.);
#9151=ORIENTED_EDGE('',*,*,#5872,.T.);
#9152=ORIENTED_EDGE('',*,*,#5875,.T.);
#9153=ORIENTED_EDGE('',*,*,#5879,.T.);
#9154=ORIENTED_EDGE('',*,*,#5882,.T.);
#9155=ORIENTED_EDGE('',*,*,#5885,.T.);
#9156=ORIENTED_EDGE('',*,*,#5888,.T.);
#9157=ORIENTED_EDGE('',*,*,#5891,.T.);
#9158=ORIENTED_EDGE('',*,*,#5894,.T.);
#9159=ORIENTED_EDGE('',*,*,#5896,.T.);
#9160=ORIENTED_EDGE('',*,*,#5899,.T.);
#9161=ORIENTED_EDGE('',*,*,#5903,.T.);
#9162=ORIENTED_EDGE('',*,*,#5906,.T.);
#9163=ORIENTED_EDGE('',*,*,#5909,.T.);
#9164=ORIENTED_EDGE('',*,*,#5912,.T.);
#9165=ORIENTED_EDGE('',*,*,#5915,.T.);
#9166=ORIENTED_EDGE('',*,*,#5918,.T.);
#9167=ORIENTED_EDGE('',*,*,#5921,.T.);
#9168=ORIENTED_EDGE('',*,*,#5924,.T.);
#9169=ORIENTED_EDGE('',*,*,#5927,.T.);
#9170=ORIENTED_EDGE('',*,*,#5930,.T.);
#9171=ORIENTED_EDGE('',*,*,#5933,.T.);
#9172=ORIENTED_EDGE('',*,*,#5936,.T.);
#9173=ORIENTED_EDGE('',*,*,#5939,.T.);
#9174=ORIENTED_EDGE('',*,*,#5942,.T.);
#9175=ORIENTED_EDGE('',*,*,#5945,.T.);
#9176=ORIENTED_EDGE('',*,*,#5948,.T.);
#9177=ORIENTED_EDGE('',*,*,#5951,.T.);
#9178=ORIENTED_EDGE('',*,*,#5954,.T.);
#9179=ORIENTED_EDGE('',*,*,#5957,.T.);
#9180=ORIENTED_EDGE('',*,*,#5960,.T.);
#9181=ORIENTED_EDGE('',*,*,#5963,.T.);
#9182=ORIENTED_EDGE('',*,*,#5966,.T.);
#9183=ORIENTED_EDGE('',*,*,#5968,.T.);
#9184=ORIENTED_EDGE('',*,*,#5971,.T.);
#9185=ORIENTED_EDGE('',*,*,#5975,.T.);
#9186=ORIENTED_EDGE('',*,*,#5978,.T.);
#9187=ORIENTED_EDGE('',*,*,#5981,.T.);
#9188=ORIENTED_EDGE('',*,*,#5984,.T.);
#9189=ORIENTED_EDGE('',*,*,#5987,.T.);
#9190=ORIENTED_EDGE('',*,*,#5990,.T.);
#9191=ORIENTED_EDGE('',*,*,#5993,.T.);
#9192=ORIENTED_EDGE('',*,*,#5996,.T.);
#9193=ORIENTED_EDGE('',*,*,#5999,.T.);
#9194=ORIENTED_EDGE('',*,*,#6002,.T.);
#9195=ORIENTED_EDGE('',*,*,#6005,.T.);
#9196=ORIENTED_EDGE('',*,*,#6008,.T.);
#9197=ORIENTED_EDGE('',*,*,#6011,.T.);
#9198=ORIENTED_EDGE('',*,*,#6014,.T.);
#9199=ORIENTED_EDGE('',*,*,#6017,.T.);
#9200=ORIENTED_EDGE('',*,*,#6020,.T.);
#9201=ORIENTED_EDGE('',*,*,#6023,.T.);
#9202=ORIENTED_EDGE('',*,*,#6026,.T.);
#9203=ORIENTED_EDGE('',*,*,#6029,.T.);
#9204=ORIENTED_EDGE('',*,*,#6032,.T.);
#9205=ORIENTED_EDGE('',*,*,#6035,.T.);
#9206=ORIENTED_EDGE('',*,*,#6038,.T.);
#9207=ORIENTED_EDGE('',*,*,#6040,.T.);
#9208=ORIENTED_EDGE('',*,*,#6043,.T.);
#9209=ORIENTED_EDGE('',*,*,#6047,.T.);
#9210=ORIENTED_EDGE('',*,*,#6050,.T.);
#9211=ORIENTED_EDGE('',*,*,#6053,.T.);
#9212=ORIENTED_EDGE('',*,*,#6056,.T.);
#9213=ORIENTED_EDGE('',*,*,#6059,.T.);
#9214=ORIENTED_EDGE('',*,*,#6062,.T.);
#9215=ORIENTED_EDGE('',*,*,#6064,.T.);
#9216=ORIENTED_EDGE('',*,*,#6067,.T.);
#9217=ORIENTED_EDGE('',*,*,#6071,.T.);
#9218=ORIENTED_EDGE('',*,*,#6074,.T.);
#9219=ORIENTED_EDGE('',*,*,#6077,.T.);
#9220=ORIENTED_EDGE('',*,*,#6080,.T.);
#9221=ORIENTED_EDGE('',*,*,#6083,.T.);
#9222=ORIENTED_EDGE('',*,*,#6086,.T.);
#9223=ORIENTED_EDGE('',*,*,#6088,.T.);
#9224=ORIENTED_EDGE('',*,*,#6091,.T.);
#9225=ORIENTED_EDGE('',*,*,#6095,.T.);
#9226=ORIENTED_EDGE('',*,*,#6098,.T.);
#9227=ORIENTED_EDGE('',*,*,#6101,.T.);
#9228=ORIENTED_EDGE('',*,*,#6104,.T.);
#9229=ORIENTED_EDGE('',*,*,#6107,.T.);
#9230=ORIENTED_EDGE('',*,*,#6110,.T.);
#9231=ORIENTED_EDGE('',*,*,#6112,.T.);
#9232=ORIENTED_EDGE('',*,*,#6115,.T.);
#9233=ORIENTED_EDGE('',*,*,#6119,.T.);
#9234=ORIENTED_EDGE('',*,*,#6122,.T.);
#9235=ORIENTED_EDGE('',*,*,#6125,.T.);
#9236=ORIENTED_EDGE('',*,*,#6128,.T.);
#9237=ORIENTED_EDGE('',*,*,#6131,.T.);
#9238=ORIENTED_EDGE('',*,*,#6134,.T.);
#9239=ORIENTED_EDGE('',*,*,#6136,.T.);
#9240=ORIENTED_EDGE('',*,*,#6139,.T.);
#9241=ORIENTED_EDGE('',*,*,#6143,.T.);
#9242=ORIENTED_EDGE('',*,*,#6146,.T.);
#9243=ORIENTED_EDGE('',*,*,#6149,.T.);
#9244=ORIENTED_EDGE('',*,*,#6152,.T.);
#9245=ORIENTED_EDGE('',*,*,#6155,.T.);
#9246=ORIENTED_EDGE('',*,*,#6158,.T.);
#9247=ORIENTED_EDGE('',*,*,#6160,.T.);
#9248=ORIENTED_EDGE('',*,*,#6163,.T.);
#9249=ORIENTED_EDGE('',*,*,#6167,.T.);
#9250=ORIENTED_EDGE('',*,*,#6170,.T.);
#9251=ORIENTED_EDGE('',*,*,#6173,.T.);
#9252=ORIENTED_EDGE('',*,*,#6176,.T.);
#9253=ORIENTED_EDGE('',*,*,#6179,.T.);
#9254=ORIENTED_EDGE('',*,*,#6182,.T.);
#9255=ORIENTED_EDGE('',*,*,#6184,.T.);
#9256=ORIENTED_EDGE('',*,*,#6187,.T.);
#9257=ORIENTED_EDGE('',*,*,#6191,.T.);
#9258=ORIENTED_EDGE('',*,*,#6194,.T.);
#9259=ORIENTED_EDGE('',*,*,#6197,.T.);
#9260=ORIENTED_EDGE('',*,*,#6200,.T.);
#9261=ORIENTED_EDGE('',*,*,#6203,.T.);
#9262=ORIENTED_EDGE('',*,*,#6206,.T.);
#9263=ORIENTED_EDGE('',*,*,#6208,.T.);
#9264=ORIENTED_EDGE('',*,*,#6211,.T.);
#9265=ORIENTED_EDGE('',*,*,#6215,.T.);
#9266=ORIENTED_EDGE('',*,*,#6218,.T.);
#9267=ORIENTED_EDGE('',*,*,#6221,.T.);
#9268=ORIENTED_EDGE('',*,*,#6224,.T.);
#9269=ORIENTED_EDGE('',*,*,#6227,.T.);
#9270=ORIENTED_EDGE('',*,*,#6230,.T.);
#9271=ORIENTED_EDGE('',*,*,#6232,.T.);
#9272=ORIENTED_EDGE('',*,*,#6235,.T.);
#9273=ORIENTED_EDGE('',*,*,#6239,.T.);
#9274=ORIENTED_EDGE('',*,*,#6242,.T.);
#9275=ORIENTED_EDGE('',*,*,#6245,.T.);
#9276=ORIENTED_EDGE('',*,*,#6248,.T.);
#9277=ORIENTED_EDGE('',*,*,#6251,.T.);
#9278=ORIENTED_EDGE('',*,*,#6254,.T.);
#9279=ORIENTED_EDGE('',*,*,#6256,.T.);
#9280=ORIENTED_EDGE('',*,*,#6259,.T.);
#9281=ORIENTED_EDGE('',*,*,#6263,.T.);
#9282=ORIENTED_EDGE('',*,*,#6266,.T.);
#9283=ORIENTED_EDGE('',*,*,#6269,.T.);
#9284=ORIENTED_EDGE('',*,*,#6272,.T.);
#9285=ORIENTED_EDGE('',*,*,#6275,.T.);
#9286=ORIENTED_EDGE('',*,*,#6278,.T.);
#9287=ORIENTED_EDGE('',*,*,#6280,.T.);
#9288=ORIENTED_EDGE('',*,*,#6283,.T.);
#9289=ORIENTED_EDGE('',*,*,#6287,.T.);
#9290=ORIENTED_EDGE('',*,*,#6290,.T.);
#9291=ORIENTED_EDGE('',*,*,#6293,.T.);
#9292=ORIENTED_EDGE('',*,*,#6296,.T.);
#9293=ORIENTED_EDGE('',*,*,#6299,.T.);
#9294=ORIENTED_EDGE('',*,*,#6302,.T.);
#9295=ORIENTED_EDGE('',*,*,#6304,.T.);
#9296=ORIENTED_EDGE('',*,*,#6307,.T.);
#9297=ORIENTED_EDGE('',*,*,#6311,.T.);
#9298=ORIENTED_EDGE('',*,*,#6314,.T.);
#9299=ORIENTED_EDGE('',*,*,#6317,.T.);
#9300=ORIENTED_EDGE('',*,*,#6320,.T.);
#9301=ORIENTED_EDGE('',*,*,#6323,.T.);
#9302=ORIENTED_EDGE('',*,*,#6326,.T.);
#9303=ORIENTED_EDGE('',*,*,#6328,.T.);
#9304=ORIENTED_EDGE('',*,*,#6329,.T.);
#9305=ORIENTED_EDGE('',*,*,#6372,.F.);
#9306=ORIENTED_EDGE('',*,*,#6482,.F.);
#9307=ORIENTED_EDGE('',*,*,#6409,.F.);
#9308=ORIENTED_EDGE('',*,*,#6333,.T.);
#9309=ORIENTED_EDGE('',*,*,#6481,.F.);
#9310=ORIENTED_EDGE('',*,*,#6483,.T.);
#9311=ORIENTED_EDGE('',*,*,#6373,.F.);
#9312=ORIENTED_EDGE('',*,*,#6476,.F.);
#9313=ORIENTED_EDGE('',*,*,#6484,.T.);
#9314=ORIENTED_EDGE('',*,*,#6378,.F.);
#9315=ORIENTED_EDGE('',*,*,#6485,.F.);
#9316=ORIENTED_EDGE('',*,*,#6477,.T.);
#9317=ORIENTED_EDGE('',*,*,#6485,.T.);
#9318=ORIENTED_EDGE('',*,*,#6377,.F.);
#9319=ORIENTED_EDGE('',*,*,#6486,.F.);
#9320=ORIENTED_EDGE('',*,*,#6478,.F.);
#9321=ORIENTED_EDGE('',*,*,#6486,.T.);
#9322=ORIENTED_EDGE('',*,*,#6376,.F.);
#9323=ORIENTED_EDGE('',*,*,#6487,.F.);
#9324=ORIENTED_EDGE('',*,*,#6479,.F.);
#9325=ORIENTED_EDGE('',*,*,#6487,.T.);
#9326=ORIENTED_EDGE('',*,*,#6375,.F.);
#9327=ORIENTED_EDGE('',*,*,#6488,.F.);
#9328=ORIENTED_EDGE('',*,*,#6480,.T.);
#9329=ORIENTED_EDGE('',*,*,#6488,.T.);
#9330=ORIENTED_EDGE('',*,*,#6374,.F.);
#9331=ORIENTED_EDGE('',*,*,#6483,.F.);
#9332=ORIENTED_EDGE('',*,*,#6410,.T.);
#9333=ORIENTED_EDGE('',*,*,#6482,.T.);
#9334=ORIENTED_EDGE('',*,*,#6371,.F.);
#9335=ORIENTED_EDGE('',*,*,#6489,.F.);
#9336=ORIENTED_EDGE('',*,*,#6411,.F.);
#9337=ORIENTED_EDGE('',*,*,#6489,.T.);
#9338=ORIENTED_EDGE('',*,*,#6370,.F.);
#9339=ORIENTED_EDGE('',*,*,#6490,.F.);
#9340=ORIENTED_EDGE('',*,*,#6412,.F.);
#9341=ORIENTED_EDGE('',*,*,#6490,.T.);
#9342=ORIENTED_EDGE('',*,*,#6369,.F.);
#9343=ORIENTED_EDGE('',*,*,#6491,.F.);
#9344=ORIENTED_EDGE('',*,*,#6413,.F.);
#9345=ORIENTED_EDGE('',*,*,#6491,.T.);
#9346=ORIENTED_EDGE('',*,*,#6368,.F.);
#9347=ORIENTED_EDGE('',*,*,#6492,.F.);
#9348=ORIENTED_EDGE('',*,*,#6414,.F.);
#9349=ORIENTED_EDGE('',*,*,#6492,.T.);
#9350=ORIENTED_EDGE('',*,*,#6367,.F.);
#9351=ORIENTED_EDGE('',*,*,#6493,.F.);
#9352=ORIENTED_EDGE('',*,*,#6415,.F.);
#9353=ORIENTED_EDGE('',*,*,#6493,.T.);
#9354=ORIENTED_EDGE('',*,*,#6366,.F.);
#9355=ORIENTED_EDGE('',*,*,#6494,.F.);
#9356=ORIENTED_EDGE('',*,*,#6416,.T.);
#9357=ORIENTED_EDGE('',*,*,#6494,.T.);
#9358=ORIENTED_EDGE('',*,*,#6365,.F.);
#9359=ORIENTED_EDGE('',*,*,#6495,.F.);
#9360=ORIENTED_EDGE('',*,*,#6417,.F.);
#9361=ORIENTED_EDGE('',*,*,#6495,.T.);
#9362=ORIENTED_EDGE('',*,*,#6364,.F.);
#9363=ORIENTED_EDGE('',*,*,#6496,.F.);
#9364=ORIENTED_EDGE('',*,*,#6418,.T.);
#9365=ORIENTED_EDGE('',*,*,#6496,.T.);
#9366=ORIENTED_EDGE('',*,*,#6363,.F.);
#9367=ORIENTED_EDGE('',*,*,#6497,.F.);
#9368=ORIENTED_EDGE('',*,*,#6419,.F.);
#9369=ORIENTED_EDGE('',*,*,#6497,.T.);
#9370=ORIENTED_EDGE('',*,*,#6362,.F.);
#9371=ORIENTED_EDGE('',*,*,#6498,.F.);
#9372=ORIENTED_EDGE('',*,*,#6420,.T.);
#9373=ORIENTED_EDGE('',*,*,#6498,.T.);
#9374=ORIENTED_EDGE('',*,*,#6361,.F.);
#9375=ORIENTED_EDGE('',*,*,#6499,.F.);
#9376=ORIENTED_EDGE('',*,*,#6421,.F.);
#9377=ORIENTED_EDGE('',*,*,#6499,.T.);
#9378=ORIENTED_EDGE('',*,*,#6360,.F.);
#9379=ORIENTED_EDGE('',*,*,#6500,.F.);
#9380=ORIENTED_EDGE('',*,*,#6422,.T.);
#9381=ORIENTED_EDGE('',*,*,#6500,.T.);
#9382=ORIENTED_EDGE('',*,*,#6359,.F.);
#9383=ORIENTED_EDGE('',*,*,#6501,.F.);
#9384=ORIENTED_EDGE('',*,*,#6423,.F.);
#9385=ORIENTED_EDGE('',*,*,#6501,.T.);
#9386=ORIENTED_EDGE('',*,*,#6358,.F.);
#9387=ORIENTED_EDGE('',*,*,#6502,.F.);
#9388=ORIENTED_EDGE('',*,*,#6424,.F.);
#9389=ORIENTED_EDGE('',*,*,#6502,.T.);
#9390=ORIENTED_EDGE('',*,*,#6357,.F.);
#9391=ORIENTED_EDGE('',*,*,#6503,.F.);
#9392=ORIENTED_EDGE('',*,*,#6425,.F.);
#9393=ORIENTED_EDGE('',*,*,#6503,.T.);
#9394=ORIENTED_EDGE('',*,*,#6356,.F.);
#9395=ORIENTED_EDGE('',*,*,#6504,.F.);
#9396=ORIENTED_EDGE('',*,*,#6426,.F.);
#9397=ORIENTED_EDGE('',*,*,#6504,.T.);
#9398=ORIENTED_EDGE('',*,*,#6355,.F.);
#9399=ORIENTED_EDGE('',*,*,#6505,.F.);
#9400=ORIENTED_EDGE('',*,*,#6427,.F.);
#9401=ORIENTED_EDGE('',*,*,#6505,.T.);
#9402=ORIENTED_EDGE('',*,*,#6354,.F.);
#9403=ORIENTED_EDGE('',*,*,#6506,.F.);
#9404=ORIENTED_EDGE('',*,*,#6428,.F.);
#9405=ORIENTED_EDGE('',*,*,#6506,.T.);
#9406=ORIENTED_EDGE('',*,*,#6353,.F.);
#9407=ORIENTED_EDGE('',*,*,#6507,.F.);
#9408=ORIENTED_EDGE('',*,*,#6429,.F.);
#9409=ORIENTED_EDGE('',*,*,#6507,.T.);
#9410=ORIENTED_EDGE('',*,*,#6352,.F.);
#9411=ORIENTED_EDGE('',*,*,#6508,.F.);
#9412=ORIENTED_EDGE('',*,*,#6430,.F.);
#9413=ORIENTED_EDGE('',*,*,#6508,.T.);
#9414=ORIENTED_EDGE('',*,*,#6351,.F.);
#9415=ORIENTED_EDGE('',*,*,#6509,.F.);
#9416=ORIENTED_EDGE('',*,*,#6431,.F.);
#9417=ORIENTED_EDGE('',*,*,#6509,.T.);
#9418=ORIENTED_EDGE('',*,*,#6350,.F.);
#9419=ORIENTED_EDGE('',*,*,#6510,.F.);
#9420=ORIENTED_EDGE('',*,*,#6432,.T.);
#9421=ORIENTED_EDGE('',*,*,#6510,.T.);
#9422=ORIENTED_EDGE('',*,*,#6349,.F.);
#9423=ORIENTED_EDGE('',*,*,#6511,.F.);
#9424=ORIENTED_EDGE('',*,*,#6433,.F.);
#9425=ORIENTED_EDGE('',*,*,#6511,.T.);
#9426=ORIENTED_EDGE('',*,*,#6348,.F.);
#9427=ORIENTED_EDGE('',*,*,#6512,.F.);
#9428=ORIENTED_EDGE('',*,*,#6434,.T.);
#9429=ORIENTED_EDGE('',*,*,#6512,.T.);
#9430=ORIENTED_EDGE('',*,*,#6347,.F.);
#9431=ORIENTED_EDGE('',*,*,#6513,.F.);
#9432=ORIENTED_EDGE('',*,*,#6435,.F.);
#9433=ORIENTED_EDGE('',*,*,#6513,.T.);
#9434=ORIENTED_EDGE('',*,*,#6346,.F.);
#9435=ORIENTED_EDGE('',*,*,#6514,.F.);
#9436=ORIENTED_EDGE('',*,*,#6436,.T.);
#9437=ORIENTED_EDGE('',*,*,#6514,.T.);
#9438=ORIENTED_EDGE('',*,*,#6345,.F.);
#9439=ORIENTED_EDGE('',*,*,#6515,.F.);
#9440=ORIENTED_EDGE('',*,*,#6437,.F.);
#9441=ORIENTED_EDGE('',*,*,#6515,.T.);
#9442=ORIENTED_EDGE('',*,*,#6344,.F.);
#9443=ORIENTED_EDGE('',*,*,#6516,.F.);
#9444=ORIENTED_EDGE('',*,*,#6438,.T.);
#9445=ORIENTED_EDGE('',*,*,#6516,.T.);
#9446=ORIENTED_EDGE('',*,*,#6343,.F.);
#9447=ORIENTED_EDGE('',*,*,#6517,.F.);
#9448=ORIENTED_EDGE('',*,*,#6439,.F.);
#9449=ORIENTED_EDGE('',*,*,#6517,.T.);
#9450=ORIENTED_EDGE('',*,*,#6342,.F.);
#9451=ORIENTED_EDGE('',*,*,#6518,.F.);
#9452=ORIENTED_EDGE('',*,*,#6440,.F.);
#9453=ORIENTED_EDGE('',*,*,#6518,.T.);
#9454=ORIENTED_EDGE('',*,*,#6341,.F.);
#9455=ORIENTED_EDGE('',*,*,#6519,.F.);
#9456=ORIENTED_EDGE('',*,*,#6441,.F.);
#9457=ORIENTED_EDGE('',*,*,#6519,.T.);
#9458=ORIENTED_EDGE('',*,*,#6340,.F.);
#9459=ORIENTED_EDGE('',*,*,#6520,.F.);
#9460=ORIENTED_EDGE('',*,*,#6442,.F.);
#9461=ORIENTED_EDGE('',*,*,#6520,.T.);
#9462=ORIENTED_EDGE('',*,*,#6339,.F.);
#9463=ORIENTED_EDGE('',*,*,#6521,.F.);
#9464=ORIENTED_EDGE('',*,*,#6443,.F.);
#9465=ORIENTED_EDGE('',*,*,#6521,.T.);
#9466=ORIENTED_EDGE('',*,*,#6338,.F.);
#9467=ORIENTED_EDGE('',*,*,#6522,.F.);
#9468=ORIENTED_EDGE('',*,*,#6444,.T.);
#9469=ORIENTED_EDGE('',*,*,#6522,.T.);
#9470=ORIENTED_EDGE('',*,*,#6337,.F.);
#9471=ORIENTED_EDGE('',*,*,#6523,.F.);
#9472=ORIENTED_EDGE('',*,*,#6336,.F.);
#9473=ORIENTED_EDGE('',*,*,#6524,.F.);
#9474=ORIENTED_EDGE('',*,*,#6445,.F.);
#9475=ORIENTED_EDGE('',*,*,#6523,.T.);
#9476=ORIENTED_EDGE('',*,*,#6446,.T.);
#9477=ORIENTED_EDGE('',*,*,#6524,.T.);
#9478=ORIENTED_EDGE('',*,*,#6408,.F.);
#9479=ORIENTED_EDGE('',*,*,#6525,.F.);
#9480=ORIENTED_EDGE('',*,*,#6447,.F.);
#9481=ORIENTED_EDGE('',*,*,#6525,.T.);
#9482=ORIENTED_EDGE('',*,*,#6407,.F.);
#9483=ORIENTED_EDGE('',*,*,#6526,.F.);
#9484=ORIENTED_EDGE('',*,*,#6448,.F.);
#9485=ORIENTED_EDGE('',*,*,#6526,.T.);
#9486=ORIENTED_EDGE('',*,*,#6406,.F.);
#9487=ORIENTED_EDGE('',*,*,#6527,.F.);
#9488=ORIENTED_EDGE('',*,*,#6449,.T.);
#9489=ORIENTED_EDGE('',*,*,#6527,.T.);
#9490=ORIENTED_EDGE('',*,*,#6405,.F.);
#9491=ORIENTED_EDGE('',*,*,#6528,.F.);
#9492=ORIENTED_EDGE('',*,*,#6450,.F.);
#9493=ORIENTED_EDGE('',*,*,#6528,.T.);
#9494=ORIENTED_EDGE('',*,*,#6404,.F.);
#9495=ORIENTED_EDGE('',*,*,#6529,.F.);
#9496=ORIENTED_EDGE('',*,*,#6451,.F.);
#9497=ORIENTED_EDGE('',*,*,#6529,.T.);
#9498=ORIENTED_EDGE('',*,*,#6403,.F.);
#9499=ORIENTED_EDGE('',*,*,#6530,.F.);
#9500=ORIENTED_EDGE('',*,*,#6452,.T.);
#9501=ORIENTED_EDGE('',*,*,#6530,.T.);
#9502=ORIENTED_EDGE('',*,*,#6402,.F.);
#9503=ORIENTED_EDGE('',*,*,#6531,.F.);
#9504=ORIENTED_EDGE('',*,*,#6453,.F.);
#9505=ORIENTED_EDGE('',*,*,#6531,.T.);
#9506=ORIENTED_EDGE('',*,*,#6401,.F.);
#9507=ORIENTED_EDGE('',*,*,#6532,.F.);
#9508=ORIENTED_EDGE('',*,*,#6454,.T.);
#9509=ORIENTED_EDGE('',*,*,#6532,.T.);
#9510=ORIENTED_EDGE('',*,*,#6400,.F.);
#9511=ORIENTED_EDGE('',*,*,#6533,.F.);
#9512=ORIENTED_EDGE('',*,*,#6455,.F.);
#9513=ORIENTED_EDGE('',*,*,#6533,.T.);
#9514=ORIENTED_EDGE('',*,*,#6399,.F.);
#9515=ORIENTED_EDGE('',*,*,#6534,.F.);
#9516=ORIENTED_EDGE('',*,*,#6456,.T.);
#9517=ORIENTED_EDGE('',*,*,#6534,.T.);
#9518=ORIENTED_EDGE('',*,*,#6398,.F.);
#9519=ORIENTED_EDGE('',*,*,#6535,.F.);
#9520=ORIENTED_EDGE('',*,*,#6457,.F.);
#9521=ORIENTED_EDGE('',*,*,#6535,.T.);
#9522=ORIENTED_EDGE('',*,*,#6397,.F.);
#9523=ORIENTED_EDGE('',*,*,#6536,.F.);
#9524=ORIENTED_EDGE('',*,*,#6458,.T.);
#9525=ORIENTED_EDGE('',*,*,#6536,.T.);
#9526=ORIENTED_EDGE('',*,*,#6396,.F.);
#9527=ORIENTED_EDGE('',*,*,#6537,.F.);
#9528=ORIENTED_EDGE('',*,*,#6459,.F.);
#9529=ORIENTED_EDGE('',*,*,#6537,.T.);
#9530=ORIENTED_EDGE('',*,*,#6395,.F.);
#9531=ORIENTED_EDGE('',*,*,#6538,.F.);
#9532=ORIENTED_EDGE('',*,*,#6460,.F.);
#9533=ORIENTED_EDGE('',*,*,#6538,.T.);
#9534=ORIENTED_EDGE('',*,*,#6394,.F.);
#9535=ORIENTED_EDGE('',*,*,#6539,.F.);
#9536=ORIENTED_EDGE('',*,*,#6461,.T.);
#9537=ORIENTED_EDGE('',*,*,#6539,.T.);
#9538=ORIENTED_EDGE('',*,*,#6393,.F.);
#9539=ORIENTED_EDGE('',*,*,#6540,.F.);
#9540=ORIENTED_EDGE('',*,*,#6462,.F.);
#9541=ORIENTED_EDGE('',*,*,#6540,.T.);
#9542=ORIENTED_EDGE('',*,*,#6392,.F.);
#9543=ORIENTED_EDGE('',*,*,#6541,.F.);
#9544=ORIENTED_EDGE('',*,*,#6463,.F.);
#9545=ORIENTED_EDGE('',*,*,#6541,.T.);
#9546=ORIENTED_EDGE('',*,*,#6391,.F.);
#9547=ORIENTED_EDGE('',*,*,#6542,.F.);
#9548=ORIENTED_EDGE('',*,*,#6464,.F.);
#9549=ORIENTED_EDGE('',*,*,#6542,.T.);
#9550=ORIENTED_EDGE('',*,*,#6390,.F.);
#9551=ORIENTED_EDGE('',*,*,#6543,.F.);
#9552=ORIENTED_EDGE('',*,*,#6465,.T.);
#9553=ORIENTED_EDGE('',*,*,#6543,.T.);
#9554=ORIENTED_EDGE('',*,*,#6389,.F.);
#9555=ORIENTED_EDGE('',*,*,#6544,.F.);
#9556=ORIENTED_EDGE('',*,*,#6466,.F.);
#9557=ORIENTED_EDGE('',*,*,#6544,.T.);
#9558=ORIENTED_EDGE('',*,*,#6388,.F.);
#9559=ORIENTED_EDGE('',*,*,#6545,.F.);
#9560=ORIENTED_EDGE('',*,*,#6467,.F.);
#9561=ORIENTED_EDGE('',*,*,#6545,.T.);
#9562=ORIENTED_EDGE('',*,*,#6387,.F.);
#9563=ORIENTED_EDGE('',*,*,#6546,.F.);
#9564=ORIENTED_EDGE('',*,*,#6468,.T.);
#9565=ORIENTED_EDGE('',*,*,#6546,.T.);
#9566=ORIENTED_EDGE('',*,*,#6386,.F.);
#9567=ORIENTED_EDGE('',*,*,#6547,.F.);
#9568=ORIENTED_EDGE('',*,*,#6469,.F.);
#9569=ORIENTED_EDGE('',*,*,#6547,.T.);
#9570=ORIENTED_EDGE('',*,*,#6385,.F.);
#9571=ORIENTED_EDGE('',*,*,#6548,.F.);
#9572=ORIENTED_EDGE('',*,*,#6470,.T.);
#9573=ORIENTED_EDGE('',*,*,#6548,.T.);
#9574=ORIENTED_EDGE('',*,*,#6384,.F.);
#9575=ORIENTED_EDGE('',*,*,#6549,.F.);
#9576=ORIENTED_EDGE('',*,*,#6471,.T.);
#9577=ORIENTED_EDGE('',*,*,#6549,.T.);
#9578=ORIENTED_EDGE('',*,*,#6383,.F.);
#9579=ORIENTED_EDGE('',*,*,#6550,.F.);
#9580=ORIENTED_EDGE('',*,*,#6472,.T.);
#9581=ORIENTED_EDGE('',*,*,#6550,.T.);
#9582=ORIENTED_EDGE('',*,*,#6382,.F.);
#9583=ORIENTED_EDGE('',*,*,#6551,.F.);
#9584=ORIENTED_EDGE('',*,*,#6473,.T.);
#9585=ORIENTED_EDGE('',*,*,#6551,.T.);
#9586=ORIENTED_EDGE('',*,*,#6381,.F.);
#9587=ORIENTED_EDGE('',*,*,#6552,.F.);
#9588=ORIENTED_EDGE('',*,*,#6474,.T.);
#9589=ORIENTED_EDGE('',*,*,#6552,.T.);
#9590=ORIENTED_EDGE('',*,*,#6380,.F.);
#9591=ORIENTED_EDGE('',*,*,#6553,.F.);
#9592=ORIENTED_EDGE('',*,*,#6475,.T.);
#9593=ORIENTED_EDGE('',*,*,#6553,.T.);
#9594=ORIENTED_EDGE('',*,*,#6379,.F.);
#9595=ORIENTED_EDGE('',*,*,#6484,.F.);
#9596=PLANE('',#10389);
#9597=PLANE('',#10393);
#9598=PLANE('',#10397);
#9599=PLANE('',#10401);
#9600=PLANE('',#10405);
#9601=PLANE('',#10409);
#9602=PLANE('',#10413);
#9603=PLANE('',#10417);
#9604=PLANE('',#10421);
#9605=PLANE('',#10425);
#9606=PLANE('',#10429);
#9607=PLANE('',#10433);
#9608=PLANE('',#10437);
#9609=PLANE('',#10441);
#9610=PLANE('',#10445);
#9611=PLANE('',#10449);
#9612=PLANE('',#10453);
#9613=PLANE('',#10457);
#9614=PLANE('',#10461);
#9615=PLANE('',#10465);
#9616=PLANE('',#10469);
#9617=PLANE('',#10473);
#9618=PLANE('',#10477);
#9619=PLANE('',#10481);
#9620=PLANE('',#10485);
#9621=PLANE('',#10489);
#9622=PLANE('',#10493);
#9623=PLANE('',#10497);
#9624=PLANE('',#10501);
#9625=PLANE('',#10505);
#9626=PLANE('',#10509);
#9627=PLANE('',#10513);
#9628=PLANE('',#10517);
#9629=PLANE('',#10521);
#9630=PLANE('',#10525);
#9631=PLANE('',#10529);
#9632=PLANE('',#10533);
#9633=PLANE('',#10537);
#9634=PLANE('',#10541);
#9635=PLANE('',#10545);
#9636=PLANE('',#10549);
#9637=PLANE('',#10553);
#9638=PLANE('',#10557);
#9639=PLANE('',#10561);
#9640=PLANE('',#10565);
#9641=PLANE('',#10569);
#9642=PLANE('',#10573);
#9643=PLANE('',#10577);
#9644=PLANE('',#10581);
#9645=PLANE('',#10585);
#9646=PLANE('',#10589);
#9647=PLANE('',#10593);
#9648=PLANE('',#10597);
#9649=PLANE('',#10601);
#9650=PLANE('',#10605);
#9651=PLANE('',#10609);
#9652=PLANE('',#10616);
#9653=PLANE('',#10620);
#9654=PLANE('',#10624);
#9655=PLANE('',#10628);
#9656=PLANE('',#10632);
#9657=PLANE('',#10636);
#9658=PLANE('',#10640);
#9659=PLANE('',#10644);
#9660=PLANE('',#10648);
#9661=PLANE('',#10652);
#9662=PLANE('',#10656);
#9663=PLANE('',#10660);
#9664=PLANE('',#10661);
#9665=PLANE('',#10665);
#9666=PLANE('',#10669);
#9667=PLANE('',#10673);
#9668=PLANE('',#10677);
#9669=PLANE('',#10681);
#9670=PLANE('',#10685);
#9671=PLANE('',#10689);
#9672=PLANE('',#10693);
#9673=PLANE('',#10697);
#9674=PLANE('',#10701);
#9675=PLANE('',#10705);
#9676=PLANE('',#10709);
#9677=PLANE('',#10713);
#9678=PLANE('',#10717);
#9679=PLANE('',#10721);
#9680=PLANE('',#10725);
#9681=PLANE('',#10729);
#9682=PLANE('',#10733);
#9683=PLANE('',#10737);
#9684=PLANE('',#10741);
#9685=PLANE('',#10745);
#9686=PLANE('',#10749);
#9687=PLANE('',#10753);
#9688=PLANE('',#10757);
#9689=PLANE('',#10761);
#9690=PLANE('',#10765);
#9691=PLANE('',#10769);
#9692=PLANE('',#10773);
#9693=PLANE('',#10777);
#9694=PLANE('',#10781);
#9695=PLANE('',#10785);
#9696=PLANE('',#10789);
#9697=PLANE('',#10793);
#9698=PLANE('',#10797);
#9699=PLANE('',#10801);
#9700=PLANE('',#10805);
#9701=PLANE('',#10809);
#9702=PLANE('',#10813);
#9703=PLANE('',#10817);
#9704=PLANE('',#10821);
#9705=PLANE('',#10825);
#9706=PLANE('',#10829);
#9707=PLANE('',#10833);
#9708=PLANE('',#10837);
#9709=PLANE('',#10841);
#9710=PLANE('',#10845);
#9711=PLANE('',#10849);
#9712=PLANE('',#10853);
#9713=PLANE('',#10857);
#9714=PLANE('',#10861);
#9715=PLANE('',#10865);
#9716=PLANE('',#10869);
#9717=PLANE('',#10873);
#9718=PLANE('',#10877);
#9719=PLANE('',#10881);
#9720=PLANE('',#10885);
#9721=PLANE('',#10889);
#9722=PLANE('',#10893);
#9723=PLANE('',#10897);
#9724=PLANE('',#10901);
#9725=PLANE('',#10905);
#9726=PLANE('',#10909);
#9727=PLANE('',#10913);
#9728=PLANE('',#10917);
#9729=PLANE('',#10921);
#9730=PLANE('',#10925);
#9731=PLANE('',#10929);
#9732=PLANE('',#10933);
#9733=PLANE('',#10937);
#9734=PLANE('',#10941);
#9735=PLANE('',#10945);
#9736=PLANE('',#10949);
#9737=PLANE('',#10953);
#9738=PLANE('',#10957);
#9739=PLANE('',#10961);
#9740=PLANE('',#10968);
#9741=PLANE('',#10972);
#9742=PLANE('',#10976);
#9743=PLANE('',#10980);
#9744=PLANE('',#10984);
#9745=PLANE('',#10988);
#9746=PLANE('',#10992);
#9747=PLANE('',#10996);
#9748=PLANE('',#11000);
#9749=PLANE('',#11004);
#9750=PLANE('',#11008);
#9751=PLANE('',#11012);
#9752=PLANE('',#11016);
#9753=PLANE('',#11020);
#9754=PLANE('',#11024);
#9755=PLANE('',#11028);
#9756=PLANE('',#11032);
#9757=PLANE('',#11036);
#9758=PLANE('',#11040);
#9759=PLANE('',#11044);
#9760=PLANE('',#11048);
#9761=PLANE('',#11052);
#9762=PLANE('',#11056);
#9763=PLANE('',#11060);
#9764=PLANE('',#11061);
#9765=PLANE('',#11065);
#9766=PLANE('',#11069);
#9767=PLANE('',#11073);
#9768=PLANE('',#11077);
#9769=PLANE('',#11081);
#9770=PLANE('',#11085);
#9771=PLANE('',#11089);
#9772=PLANE('',#11093);
#9773=PLANE('',#11097);
#9774=PLANE('',#11101);
#9775=PLANE('',#11105);
#9776=PLANE('',#11109);
#9777=PLANE('',#11113);
#9778=PLANE('',#11117);
#9779=PLANE('',#11121);
#9780=PLANE('',#11125);
#9781=PLANE('',#11129);
#9782=PLANE('',#11133);
#9783=PLANE('',#11137);
#9784=PLANE('',#11141);
#9785=PLANE('',#11145);
#9786=PLANE('',#11149);
#9787=PLANE('',#11153);
#9788=PLANE('',#11157);
#9789=PLANE('',#11161);
#9790=PLANE('',#11165);
#9791=PLANE('',#11169);
#9792=PLANE('',#11173);
#9793=PLANE('',#11177);
#9794=PLANE('',#11181);
#9795=PLANE('',#11185);
#9796=PLANE('',#11189);
#9797=PLANE('',#11193);
#9798=PLANE('',#11197);
#9799=PLANE('',#11201);
#9800=PLANE('',#11205);
#9801=PLANE('',#11209);
#9802=PLANE('',#11213);
#9803=PLANE('',#11217);
#9804=PLANE('',#11221);
#9805=PLANE('',#11225);
#9806=PLANE('',#11229);
#9807=PLANE('',#11233);
#9808=PLANE('',#11237);
#9809=PLANE('',#11241);
#9810=PLANE('',#11245);
#9811=PLANE('',#11249);
#9812=PLANE('',#11253);
#9813=PLANE('',#11254);
#9814=PLANE('',#11255);
#9815=PLANE('',#11292);
#9816=PLANE('',#11329);
#9817=PLANE('',#11330);
#9818=PLANE('',#11332);
#9819=PLANE('',#11334);
#9820=PLANE('',#11337);
#9821=PLANE('',#11339);
#9822=PLANE('',#11341);
#9823=PLANE('',#11343);
#9824=PLANE('',#11345);
#9825=PLANE('',#11347);
#9826=PLANE('',#11349);
#9827=PLANE('',#11351);
#9828=PLANE('',#11353);
#9829=PLANE('',#11355);
#9830=PLANE('',#11357);
#9831=PLANE('',#11359);
#9832=PLANE('',#11361);
#9833=PLANE('',#11363);
#9834=PLANE('',#11365);
#9835=PLANE('',#11367);
#9836=PLANE('',#11369);
#9837=PLANE('',#11371);
#9838=PLANE('',#11373);
#9839=PLANE('',#11375);
#9840=PLANE('',#11377);
#9841=PLANE('',#11379);
#9842=PLANE('',#11381);
#9843=PLANE('',#11383);
#9844=PLANE('',#11385);
#9845=PLANE('',#11387);
#9846=PLANE('',#11389);
#9847=PLANE('',#11391);
#9848=PLANE('',#11393);
#9849=PLANE('',#11395);
#9850=PLANE('',#11397);
#9851=PLANE('',#11399);
#9852=PLANE('',#11401);
#9853=ADVANCED_FACE('',(#875),#9596,.F.);
#9854=ADVANCED_FACE('',(#876),#623,.F.);
#9855=ADVANCED_FACE('',(#877),#9597,.F.);
#9856=ADVANCED_FACE('',(#878),#624,.F.);
#9857=ADVANCED_FACE('',(#879),#9598,.F.);
#9858=ADVANCED_FACE('',(#880),#625,.F.);
#9859=ADVANCED_FACE('',(#881),#9599,.F.);
#9860=ADVANCED_FACE('',(#882),#626,.F.);
#9861=ADVANCED_FACE('',(#883),#9600,.F.);
#9862=ADVANCED_FACE('',(#884),#627,.F.);
#9863=ADVANCED_FACE('',(#885),#9601,.F.);
#9864=ADVANCED_FACE('',(#886),#628,.F.);
#9865=ADVANCED_FACE('',(#887),#9602,.F.);
#9866=ADVANCED_FACE('',(#888),#629,.F.);
#9867=ADVANCED_FACE('',(#889),#9603,.F.);
#9868=ADVANCED_FACE('',(#890),#630,.F.);
#9869=ADVANCED_FACE('',(#891),#9604,.F.);
#9870=ADVANCED_FACE('',(#892),#631,.F.);
#9871=ADVANCED_FACE('',(#893),#9605,.F.);
#9872=ADVANCED_FACE('',(#894),#632,.F.);
#9873=ADVANCED_FACE('',(#895),#9606,.F.);
#9874=ADVANCED_FACE('',(#896),#633,.F.);
#9875=ADVANCED_FACE('',(#897),#9607,.F.);
#9876=ADVANCED_FACE('',(#898),#634,.F.);
#9877=ADVANCED_FACE('',(#899),#9608,.F.);
#9878=ADVANCED_FACE('',(#900),#635,.F.);
#9879=ADVANCED_FACE('',(#901),#9609,.F.);
#9880=ADVANCED_FACE('',(#902),#636,.F.);
#9881=ADVANCED_FACE('',(#903),#9610,.F.);
#9882=ADVANCED_FACE('',(#904),#637,.F.);
#9883=ADVANCED_FACE('',(#905),#9611,.F.);
#9884=ADVANCED_FACE('',(#906),#638,.F.);
#9885=ADVANCED_FACE('',(#907),#9612,.F.);
#9886=ADVANCED_FACE('',(#908),#639,.F.);
#9887=ADVANCED_FACE('',(#909),#9613,.F.);
#9888=ADVANCED_FACE('',(#910),#640,.F.);
#9889=ADVANCED_FACE('',(#911),#9614,.F.);
#9890=ADVANCED_FACE('',(#912),#641,.F.);
#9891=ADVANCED_FACE('',(#913),#9615,.F.);
#9892=ADVANCED_FACE('',(#914),#642,.F.);
#9893=ADVANCED_FACE('',(#915),#9616,.F.);
#9894=ADVANCED_FACE('',(#916),#643,.F.);
#9895=ADVANCED_FACE('',(#917),#9617,.F.);
#9896=ADVANCED_FACE('',(#918),#644,.F.);
#9897=ADVANCED_FACE('',(#919),#9618,.F.);
#9898=ADVANCED_FACE('',(#920),#645,.F.);
#9899=ADVANCED_FACE('',(#921),#9619,.F.);
#9900=ADVANCED_FACE('',(#922),#646,.F.);
#9901=ADVANCED_FACE('',(#923),#9620,.F.);
#9902=ADVANCED_FACE('',(#924),#647,.F.);
#9903=ADVANCED_FACE('',(#925),#9621,.F.);
#9904=ADVANCED_FACE('',(#926),#648,.F.);
#9905=ADVANCED_FACE('',(#927),#9622,.F.);
#9906=ADVANCED_FACE('',(#928),#649,.F.);
#9907=ADVANCED_FACE('',(#929),#9623,.F.);
#9908=ADVANCED_FACE('',(#930),#650,.F.);
#9909=ADVANCED_FACE('',(#931),#9624,.F.);
#9910=ADVANCED_FACE('',(#932),#651,.F.);
#9911=ADVANCED_FACE('',(#933),#9625,.F.);
#9912=ADVANCED_FACE('',(#934),#652,.F.);
#9913=ADVANCED_FACE('',(#935),#9626,.F.);
#9914=ADVANCED_FACE('',(#936),#653,.F.);
#9915=ADVANCED_FACE('',(#937),#9627,.F.);
#9916=ADVANCED_FACE('',(#938),#654,.F.);
#9917=ADVANCED_FACE('',(#939),#9628,.F.);
#9918=ADVANCED_FACE('',(#940),#655,.F.);
#9919=ADVANCED_FACE('',(#941),#9629,.F.);
#9920=ADVANCED_FACE('',(#942),#656,.F.);
#9921=ADVANCED_FACE('',(#943),#9630,.F.);
#9922=ADVANCED_FACE('',(#944),#657,.F.);
#9923=ADVANCED_FACE('',(#945),#9631,.F.);
#9924=ADVANCED_FACE('',(#946),#658,.F.);
#9925=ADVANCED_FACE('',(#947),#9632,.F.);
#9926=ADVANCED_FACE('',(#948),#659,.F.);
#9927=ADVANCED_FACE('',(#949),#9633,.F.);
#9928=ADVANCED_FACE('',(#950),#660,.F.);
#9929=ADVANCED_FACE('',(#951),#9634,.F.);
#9930=ADVANCED_FACE('',(#952),#661,.F.);
#9931=ADVANCED_FACE('',(#953),#9635,.F.);
#9932=ADVANCED_FACE('',(#954),#662,.F.);
#9933=ADVANCED_FACE('',(#955),#9636,.F.);
#9934=ADVANCED_FACE('',(#956),#663,.F.);
#9935=ADVANCED_FACE('',(#957),#9637,.F.);
#9936=ADVANCED_FACE('',(#958),#664,.F.);
#9937=ADVANCED_FACE('',(#959),#9638,.F.);
#9938=ADVANCED_FACE('',(#960),#665,.F.);
#9939=ADVANCED_FACE('',(#961),#9639,.F.);
#9940=ADVANCED_FACE('',(#962),#666,.F.);
#9941=ADVANCED_FACE('',(#963),#9640,.F.);
#9942=ADVANCED_FACE('',(#964),#667,.F.);
#9943=ADVANCED_FACE('',(#965),#9641,.F.);
#9944=ADVANCED_FACE('',(#966),#668,.F.);
#9945=ADVANCED_FACE('',(#967),#9642,.F.);
#9946=ADVANCED_FACE('',(#968),#669,.T.);
#9947=ADVANCED_FACE('',(#969),#9643,.F.);
#9948=ADVANCED_FACE('',(#970),#670,.F.);
#9949=ADVANCED_FACE('',(#971),#9644,.F.);
#9950=ADVANCED_FACE('',(#972),#671,.F.);
#9951=ADVANCED_FACE('',(#973),#9645,.F.);
#9952=ADVANCED_FACE('',(#974),#672,.T.);
#9953=ADVANCED_FACE('',(#975),#9646,.F.);
#9954=ADVANCED_FACE('',(#976),#673,.F.);
#9955=ADVANCED_FACE('',(#977),#9647,.F.);
#9956=ADVANCED_FACE('',(#978),#674,.F.);
#9957=ADVANCED_FACE('',(#979),#9648,.F.);
#9958=ADVANCED_FACE('',(#980),#675,.T.);
#9959=ADVANCED_FACE('',(#981),#9649,.F.);
#9960=ADVANCED_FACE('',(#982),#676,.F.);
#9961=ADVANCED_FACE('',(#983),#9650,.F.);
#9962=ADVANCED_FACE('',(#984),#677,.F.);
#9963=ADVANCED_FACE('',(#985),#9651,.F.);
#9964=ADVANCED_FACE('',(#986),#678,.T.);
#9965=ADVANCED_FACE('',(#987),#679,.F.);
#9966=ADVANCED_FACE('',(#988),#9652,.F.);
#9967=ADVANCED_FACE('',(#989),#680,.F.);
#9968=ADVANCED_FACE('',(#990),#9653,.F.);
#9969=ADVANCED_FACE('',(#991),#681,.T.);
#9970=ADVANCED_FACE('',(#992),#9654,.F.);
#9971=ADVANCED_FACE('',(#993),#682,.F.);
#9972=ADVANCED_FACE('',(#994),#9655,.F.);
#9973=ADVANCED_FACE('',(#995),#683,.F.);
#9974=ADVANCED_FACE('',(#996),#9656,.F.);
#9975=ADVANCED_FACE('',(#997),#684,.T.);
#9976=ADVANCED_FACE('',(#998),#9657,.F.);
#9977=ADVANCED_FACE('',(#999),#685,.F.);
#9978=ADVANCED_FACE('',(#1000),#9658,.F.);
#9979=ADVANCED_FACE('',(#1001),#686,.F.);
#9980=ADVANCED_FACE('',(#1002),#9659,.F.);
#9981=ADVANCED_FACE('',(#1003),#687,.T.);
#9982=ADVANCED_FACE('',(#1004),#9660,.F.);
#9983=ADVANCED_FACE('',(#1005),#688,.F.);
#9984=ADVANCED_FACE('',(#1006),#9661,.F.);
#9985=ADVANCED_FACE('',(#1007),#689,.F.);
#9986=ADVANCED_FACE('',(#1008),#9662,.F.);
#9987=ADVANCED_FACE('',(#1009),#690,.T.);
#9988=ADVANCED_FACE('',(#1010),#9663,.F.);
#9989=ADVANCED_FACE('',(#1011),#9664,.F.);
#9990=ADVANCED_FACE('',(#1012),#691,.F.);
#9991=ADVANCED_FACE('',(#1013),#9665,.F.);
#9992=ADVANCED_FACE('',(#1014),#692,.F.);
#9993=ADVANCED_FACE('',(#1015),#9666,.F.);
#9994=ADVANCED_FACE('',(#1016),#693,.F.);
#9995=ADVANCED_FACE('',(#1017),#9667,.F.);
#9996=ADVANCED_FACE('',(#1018),#694,.F.);
#9997=ADVANCED_FACE('',(#1019),#9668,.F.);
#9998=ADVANCED_FACE('',(#1020),#695,.F.);
#9999=ADVANCED_FACE('',(#1021),#9669,.F.);
#10000=ADVANCED_FACE('',(#1022),#696,.F.);
#10001=ADVANCED_FACE('',(#1023),#9670,.F.);
#10002=ADVANCED_FACE('',(#1024),#697,.F.);
#10003=ADVANCED_FACE('',(#1025),#9671,.F.);
#10004=ADVANCED_FACE('',(#1026),#698,.F.);
#10005=ADVANCED_FACE('',(#1027),#9672,.F.);
#10006=ADVANCED_FACE('',(#1028),#699,.F.);
#10007=ADVANCED_FACE('',(#1029),#9673,.F.);
#10008=ADVANCED_FACE('',(#1030),#700,.F.);
#10009=ADVANCED_FACE('',(#1031),#9674,.F.);
#10010=ADVANCED_FACE('',(#1032),#701,.F.);
#10011=ADVANCED_FACE('',(#1033),#9675,.F.);
#10012=ADVANCED_FACE('',(#1034),#702,.F.);
#10013=ADVANCED_FACE('',(#1035),#9676,.F.);
#10014=ADVANCED_FACE('',(#1036),#703,.F.);
#10015=ADVANCED_FACE('',(#1037),#9677,.F.);
#10016=ADVANCED_FACE('',(#1038),#704,.F.);
#10017=ADVANCED_FACE('',(#1039),#9678,.F.);
#10018=ADVANCED_FACE('',(#1040),#705,.F.);
#10019=ADVANCED_FACE('',(#1041),#9679,.F.);
#10020=ADVANCED_FACE('',(#1042),#706,.F.);
#10021=ADVANCED_FACE('',(#1043),#9680,.F.);
#10022=ADVANCED_FACE('',(#1044),#707,.F.);
#10023=ADVANCED_FACE('',(#1045),#9681,.F.);
#10024=ADVANCED_FACE('',(#1046),#708,.F.);
#10025=ADVANCED_FACE('',(#1047),#9682,.F.);
#10026=ADVANCED_FACE('',(#1048),#709,.F.);
#10027=ADVANCED_FACE('',(#1049),#9683,.F.);
#10028=ADVANCED_FACE('',(#1050),#710,.F.);
#10029=ADVANCED_FACE('',(#1051),#9684,.F.);
#10030=ADVANCED_FACE('',(#1052),#711,.F.);
#10031=ADVANCED_FACE('',(#1053),#9685,.F.);
#10032=ADVANCED_FACE('',(#1054),#712,.F.);
#10033=ADVANCED_FACE('',(#1055),#9686,.F.);
#10034=ADVANCED_FACE('',(#1056),#713,.F.);
#10035=ADVANCED_FACE('',(#1057),#9687,.F.);
#10036=ADVANCED_FACE('',(#1058),#714,.F.);
#10037=ADVANCED_FACE('',(#1059),#9688,.F.);
#10038=ADVANCED_FACE('',(#1060),#715,.F.);
#10039=ADVANCED_FACE('',(#1061),#9689,.F.);
#10040=ADVANCED_FACE('',(#1062),#716,.F.);
#10041=ADVANCED_FACE('',(#1063),#9690,.F.);
#10042=ADVANCED_FACE('',(#1064),#717,.F.);
#10043=ADVANCED_FACE('',(#1065),#9691,.F.);
#10044=ADVANCED_FACE('',(#1066),#718,.F.);
#10045=ADVANCED_FACE('',(#1067),#9692,.F.);
#10046=ADVANCED_FACE('',(#1068),#719,.F.);
#10047=ADVANCED_FACE('',(#1069),#9693,.F.);
#10048=ADVANCED_FACE('',(#1070),#720,.F.);
#10049=ADVANCED_FACE('',(#1071),#9694,.F.);
#10050=ADVANCED_FACE('',(#1072),#721,.F.);
#10051=ADVANCED_FACE('',(#1073),#9695,.F.);
#10052=ADVANCED_FACE('',(#1074),#722,.F.);
#10053=ADVANCED_FACE('',(#1075),#9696,.F.);
#10054=ADVANCED_FACE('',(#1076),#723,.F.);
#10055=ADVANCED_FACE('',(#1077),#9697,.F.);
#10056=ADVANCED_FACE('',(#1078),#724,.F.);
#10057=ADVANCED_FACE('',(#1079),#9698,.F.);
#10058=ADVANCED_FACE('',(#1080),#725,.F.);
#10059=ADVANCED_FACE('',(#1081),#9699,.F.);
#10060=ADVANCED_FACE('',(#1082),#726,.F.);
#10061=ADVANCED_FACE('',(#1083),#9700,.F.);
#10062=ADVANCED_FACE('',(#1084),#727,.F.);
#10063=ADVANCED_FACE('',(#1085),#9701,.F.);
#10064=ADVANCED_FACE('',(#1086),#728,.F.);
#10065=ADVANCED_FACE('',(#1087),#9702,.F.);
#10066=ADVANCED_FACE('',(#1088),#729,.F.);
#10067=ADVANCED_FACE('',(#1089),#9703,.F.);
#10068=ADVANCED_FACE('',(#1090),#730,.F.);
#10069=ADVANCED_FACE('',(#1091),#9704,.F.);
#10070=ADVANCED_FACE('',(#1092),#731,.F.);
#10071=ADVANCED_FACE('',(#1093),#9705,.F.);
#10072=ADVANCED_FACE('',(#1094),#732,.F.);
#10073=ADVANCED_FACE('',(#1095),#9706,.F.);
#10074=ADVANCED_FACE('',(#1096),#733,.F.);
#10075=ADVANCED_FACE('',(#1097),#9707,.F.);
#10076=ADVANCED_FACE('',(#1098),#734,.F.);
#10077=ADVANCED_FACE('',(#1099),#9708,.F.);
#10078=ADVANCED_FACE('',(#1100),#735,.F.);
#10079=ADVANCED_FACE('',(#1101),#9709,.F.);
#10080=ADVANCED_FACE('',(#1102),#736,.F.);
#10081=ADVANCED_FACE('',(#1103),#9710,.F.);
#10082=ADVANCED_FACE('',(#1104),#737,.F.);
#10083=ADVANCED_FACE('',(#1105),#9711,.F.);
#10084=ADVANCED_FACE('',(#1106),#738,.F.);
#10085=ADVANCED_FACE('',(#1107),#9712,.F.);
#10086=ADVANCED_FACE('',(#1108),#739,.F.);
#10087=ADVANCED_FACE('',(#1109),#9713,.F.);
#10088=ADVANCED_FACE('',(#1110),#740,.F.);
#10089=ADVANCED_FACE('',(#1111),#9714,.F.);
#10090=ADVANCED_FACE('',(#1112),#741,.F.);
#10091=ADVANCED_FACE('',(#1113),#9715,.F.);
#10092=ADVANCED_FACE('',(#1114),#742,.F.);
#10093=ADVANCED_FACE('',(#1115),#9716,.F.);
#10094=ADVANCED_FACE('',(#1116),#743,.F.);
#10095=ADVANCED_FACE('',(#1117),#9717,.F.);
#10096=ADVANCED_FACE('',(#1118),#744,.F.);
#10097=ADVANCED_FACE('',(#1119),#9718,.F.);
#10098=ADVANCED_FACE('',(#1120),#745,.F.);
#10099=ADVANCED_FACE('',(#1121),#9719,.F.);
#10100=ADVANCED_FACE('',(#1122),#746,.F.);
#10101=ADVANCED_FACE('',(#1123),#9720,.F.);
#10102=ADVANCED_FACE('',(#1124),#747,.F.);
#10103=ADVANCED_FACE('',(#1125),#9721,.F.);
#10104=ADVANCED_FACE('',(#1126),#748,.F.);
#10105=ADVANCED_FACE('',(#1127),#9722,.F.);
#10106=ADVANCED_FACE('',(#1128),#749,.F.);
#10107=ADVANCED_FACE('',(#1129),#9723,.F.);
#10108=ADVANCED_FACE('',(#1130),#750,.F.);
#10109=ADVANCED_FACE('',(#1131),#9724,.F.);
#10110=ADVANCED_FACE('',(#1132),#751,.F.);
#10111=ADVANCED_FACE('',(#1133),#9725,.F.);
#10112=ADVANCED_FACE('',(#1134),#752,.F.);
#10113=ADVANCED_FACE('',(#1135),#9726,.F.);
#10114=ADVANCED_FACE('',(#1136),#753,.F.);
#10115=ADVANCED_FACE('',(#1137),#9727,.F.);
#10116=ADVANCED_FACE('',(#1138),#754,.F.);
#10117=ADVANCED_FACE('',(#1139),#9728,.F.);
#10118=ADVANCED_FACE('',(#1140),#755,.F.);
#10119=ADVANCED_FACE('',(#1141),#9729,.F.);
#10120=ADVANCED_FACE('',(#1142),#756,.F.);
#10121=ADVANCED_FACE('',(#1143),#9730,.F.);
#10122=ADVANCED_FACE('',(#1144),#757,.F.);
#10123=ADVANCED_FACE('',(#1145),#9731,.F.);
#10124=ADVANCED_FACE('',(#1146),#758,.F.);
#10125=ADVANCED_FACE('',(#1147),#9732,.F.);
#10126=ADVANCED_FACE('',(#1148),#759,.F.);
#10127=ADVANCED_FACE('',(#1149),#9733,.F.);
#10128=ADVANCED_FACE('',(#1150),#760,.F.);
#10129=ADVANCED_FACE('',(#1151),#9734,.F.);
#10130=ADVANCED_FACE('',(#1152),#761,.F.);
#10131=ADVANCED_FACE('',(#1153),#9735,.F.);
#10132=ADVANCED_FACE('',(#1154),#762,.F.);
#10133=ADVANCED_FACE('',(#1155),#9736,.F.);
#10134=ADVANCED_FACE('',(#1156),#763,.F.);
#10135=ADVANCED_FACE('',(#1157),#9737,.F.);
#10136=ADVANCED_FACE('',(#1158),#764,.F.);
#10137=ADVANCED_FACE('',(#1159),#9738,.F.);
#10138=ADVANCED_FACE('',(#1160),#765,.F.);
#10139=ADVANCED_FACE('',(#1161),#9739,.F.);
#10140=ADVANCED_FACE('',(#1162),#766,.F.);
#10141=ADVANCED_FACE('',(#1163),#767,.F.);
#10142=ADVANCED_FACE('',(#1164),#9740,.F.);
#10143=ADVANCED_FACE('',(#1165),#768,.F.);
#10144=ADVANCED_FACE('',(#1166),#9741,.F.);
#10145=ADVANCED_FACE('',(#1167),#769,.T.);
#10146=ADVANCED_FACE('',(#1168),#9742,.F.);
#10147=ADVANCED_FACE('',(#1169),#770,.F.);
#10148=ADVANCED_FACE('',(#1170),#9743,.F.);
#10149=ADVANCED_FACE('',(#1171),#771,.F.);
#10150=ADVANCED_FACE('',(#1172),#9744,.F.);
#10151=ADVANCED_FACE('',(#1173),#772,.T.);
#10152=ADVANCED_FACE('',(#1174),#9745,.F.);
#10153=ADVANCED_FACE('',(#1175),#773,.F.);
#10154=ADVANCED_FACE('',(#1176),#9746,.F.);
#10155=ADVANCED_FACE('',(#1177),#774,.F.);
#10156=ADVANCED_FACE('',(#1178),#9747,.F.);
#10157=ADVANCED_FACE('',(#1179),#775,.T.);
#10158=ADVANCED_FACE('',(#1180),#9748,.F.);
#10159=ADVANCED_FACE('',(#1181),#776,.F.);
#10160=ADVANCED_FACE('',(#1182),#9749,.F.);
#10161=ADVANCED_FACE('',(#1183),#777,.F.);
#10162=ADVANCED_FACE('',(#1184),#9750,.F.);
#10163=ADVANCED_FACE('',(#1185),#778,.T.);
#10164=ADVANCED_FACE('',(#1186),#9751,.F.);
#10165=ADVANCED_FACE('',(#1187),#779,.F.);
#10166=ADVANCED_FACE('',(#1188),#9752,.F.);
#10167=ADVANCED_FACE('',(#1189),#780,.F.);
#10168=ADVANCED_FACE('',(#1190),#9753,.F.);
#10169=ADVANCED_FACE('',(#1191),#781,.T.);
#10170=ADVANCED_FACE('',(#1192),#9754,.F.);
#10171=ADVANCED_FACE('',(#1193),#782,.F.);
#10172=ADVANCED_FACE('',(#1194),#9755,.F.);
#10173=ADVANCED_FACE('',(#1195),#783,.F.);
#10174=ADVANCED_FACE('',(#1196),#9756,.F.);
#10175=ADVANCED_FACE('',(#1197),#784,.T.);
#10176=ADVANCED_FACE('',(#1198),#9757,.F.);
#10177=ADVANCED_FACE('',(#1199),#785,.F.);
#10178=ADVANCED_FACE('',(#1200),#9758,.F.);
#10179=ADVANCED_FACE('',(#1201),#786,.F.);
#10180=ADVANCED_FACE('',(#1202),#9759,.F.);
#10181=ADVANCED_FACE('',(#1203),#787,.T.);
#10182=ADVANCED_FACE('',(#1204),#9760,.F.);
#10183=ADVANCED_FACE('',(#1205),#788,.F.);
#10184=ADVANCED_FACE('',(#1206),#9761,.F.);
#10185=ADVANCED_FACE('',(#1207),#789,.F.);
#10186=ADVANCED_FACE('',(#1208),#9762,.F.);
#10187=ADVANCED_FACE('',(#1209),#790,.T.);
#10188=ADVANCED_FACE('',(#1210),#9763,.F.);
#10189=ADVANCED_FACE('',(#1211),#9764,.F.);
#10190=ADVANCED_FACE('',(#1212),#791,.F.);
#10191=ADVANCED_FACE('',(#1213),#9765,.F.);
#10192=ADVANCED_FACE('',(#1214),#792,.F.);
#10193=ADVANCED_FACE('',(#1215),#9766,.F.);
#10194=ADVANCED_FACE('',(#1216),#793,.F.);
#10195=ADVANCED_FACE('',(#1217),#9767,.F.);
#10196=ADVANCED_FACE('',(#1218),#794,.F.);
#10197=ADVANCED_FACE('',(#1219),#9768,.F.);
#10198=ADVANCED_FACE('',(#1220),#795,.F.);
#10199=ADVANCED_FACE('',(#1221),#9769,.F.);
#10200=ADVANCED_FACE('',(#1222),#796,.F.);
#10201=ADVANCED_FACE('',(#1223),#9770,.F.);
#10202=ADVANCED_FACE('',(#1224),#797,.F.);
#10203=ADVANCED_FACE('',(#1225),#9771,.F.);
#10204=ADVANCED_FACE('',(#1226),#798,.F.);
#10205=ADVANCED_FACE('',(#1227),#9772,.F.);
#10206=ADVANCED_FACE('',(#1228),#799,.F.);
#10207=ADVANCED_FACE('',(#1229),#9773,.F.);
#10208=ADVANCED_FACE('',(#1230),#800,.F.);
#10209=ADVANCED_FACE('',(#1231),#9774,.F.);
#10210=ADVANCED_FACE('',(#1232),#801,.F.);
#10211=ADVANCED_FACE('',(#1233),#9775,.F.);
#10212=ADVANCED_FACE('',(#1234),#802,.F.);
#10213=ADVANCED_FACE('',(#1235),#9776,.F.);
#10214=ADVANCED_FACE('',(#1236),#803,.F.);
#10215=ADVANCED_FACE('',(#1237),#9777,.F.);
#10216=ADVANCED_FACE('',(#1238),#804,.F.);
#10217=ADVANCED_FACE('',(#1239),#9778,.F.);
#10218=ADVANCED_FACE('',(#1240),#805,.F.);
#10219=ADVANCED_FACE('',(#1241),#9779,.F.);
#10220=ADVANCED_FACE('',(#1242),#806,.F.);
#10221=ADVANCED_FACE('',(#1243),#9780,.F.);
#10222=ADVANCED_FACE('',(#1244),#807,.F.);
#10223=ADVANCED_FACE('',(#1245),#9781,.F.);
#10224=ADVANCED_FACE('',(#1246),#808,.F.);
#10225=ADVANCED_FACE('',(#1247),#9782,.F.);
#10226=ADVANCED_FACE('',(#1248),#809,.F.);
#10227=ADVANCED_FACE('',(#1249),#9783,.F.);
#10228=ADVANCED_FACE('',(#1250),#810,.F.);
#10229=ADVANCED_FACE('',(#1251),#9784,.F.);
#10230=ADVANCED_FACE('',(#1252),#811,.F.);
#10231=ADVANCED_FACE('',(#1253),#9785,.F.);
#10232=ADVANCED_FACE('',(#1254),#812,.F.);
#10233=ADVANCED_FACE('',(#1255),#9786,.F.);
#10234=ADVANCED_FACE('',(#1256),#813,.F.);
#10235=ADVANCED_FACE('',(#1257),#9787,.F.);
#10236=ADVANCED_FACE('',(#1258),#814,.F.);
#10237=ADVANCED_FACE('',(#1259),#9788,.F.);
#10238=ADVANCED_FACE('',(#1260),#815,.F.);
#10239=ADVANCED_FACE('',(#1261),#9789,.F.);
#10240=ADVANCED_FACE('',(#1262),#816,.F.);
#10241=ADVANCED_FACE('',(#1263),#9790,.F.);
#10242=ADVANCED_FACE('',(#1264),#817,.F.);
#10243=ADVANCED_FACE('',(#1265),#9791,.F.);
#10244=ADVANCED_FACE('',(#1266),#818,.F.);
#10245=ADVANCED_FACE('',(#1267),#9792,.F.);
#10246=ADVANCED_FACE('',(#1268),#819,.F.);
#10247=ADVANCED_FACE('',(#1269),#9793,.F.);
#10248=ADVANCED_FACE('',(#1270),#820,.F.);
#10249=ADVANCED_FACE('',(#1271),#9794,.F.);
#10250=ADVANCED_FACE('',(#1272),#821,.F.);
#10251=ADVANCED_FACE('',(#1273),#9795,.F.);
#10252=ADVANCED_FACE('',(#1274),#822,.F.);
#10253=ADVANCED_FACE('',(#1275),#9796,.F.);
#10254=ADVANCED_FACE('',(#1276),#823,.F.);
#10255=ADVANCED_FACE('',(#1277),#9797,.F.);
#10256=ADVANCED_FACE('',(#1278),#824,.F.);
#10257=ADVANCED_FACE('',(#1279),#9798,.F.);
#10258=ADVANCED_FACE('',(#1280),#825,.F.);
#10259=ADVANCED_FACE('',(#1281),#9799,.F.);
#10260=ADVANCED_FACE('',(#1282),#826,.F.);
#10261=ADVANCED_FACE('',(#1283),#9800,.F.);
#10262=ADVANCED_FACE('',(#1284),#827,.F.);
#10263=ADVANCED_FACE('',(#1285),#9801,.F.);
#10264=ADVANCED_FACE('',(#1286),#828,.F.);
#10265=ADVANCED_FACE('',(#1287),#9802,.F.);
#10266=ADVANCED_FACE('',(#1288),#829,.F.);
#10267=ADVANCED_FACE('',(#1289),#9803,.F.);
#10268=ADVANCED_FACE('',(#1290),#830,.F.);
#10269=ADVANCED_FACE('',(#1291),#9804,.F.);
#10270=ADVANCED_FACE('',(#1292),#831,.F.);
#10271=ADVANCED_FACE('',(#1293),#9805,.F.);
#10272=ADVANCED_FACE('',(#1294),#832,.F.);
#10273=ADVANCED_FACE('',(#1295),#9806,.F.);
#10274=ADVANCED_FACE('',(#1296),#833,.F.);
#10275=ADVANCED_FACE('',(#1297),#9807,.F.);
#10276=ADVANCED_FACE('',(#1298),#834,.F.);
#10277=ADVANCED_FACE('',(#1299),#9808,.F.);
#10278=ADVANCED_FACE('',(#1300),#835,.F.);
#10279=ADVANCED_FACE('',(#1301),#9809,.F.);
#10280=ADVANCED_FACE('',(#1302),#836,.F.);
#10281=ADVANCED_FACE('',(#1303),#9810,.F.);
#10282=ADVANCED_FACE('',(#1304),#837,.F.);
#10283=ADVANCED_FACE('',(#1305),#9811,.F.);
#10284=ADVANCED_FACE('',(#1306),#838,.F.);
#10285=ADVANCED_FACE('',(#1307),#9812,.T.);
#10286=ADVANCED_FACE('',(#1308),#9813,.T.);
#10287=ADVANCED_FACE('',(#1309,#27,#28,#29,#30,#31,#32,#33,#34,#35,#36,
#37,#38,#39,#40,#41,#42,#43,#44,#45,#46,#47,#48,#49,#50,#51,#52,#53,#54,
#55,#56,#57,#58,#59,#60,#61,#62,#63,#64,#65,#66,#67,#68,#69,#70,#71,#72),
#9814,.T.);
#10288=ADVANCED_FACE('',(#1310,#73,#74,#75,#76,#77,#78,#79,#80,#81,#82,
#83,#84,#85,#86,#87,#88,#89,#90,#91,#92,#93,#94,#95,#96,#97,#98,#99,#100,
#101,#102,#103,#104,#105,#106,#107,#108,#109,#110,#111,#112,#113,#114,#115,
#116,#117,#118),#9815,.F.);
#10289=ADVANCED_FACE('',(#1311),#9816,.T.);
#10290=ADVANCED_FACE('',(#1312),#9817,.T.);
#10291=ADVANCED_FACE('',(#1313),#839,.F.);
#10292=ADVANCED_FACE('',(#1314),#9818,.T.);
#10293=ADVANCED_FACE('',(#1315),#840,.F.);
#10294=ADVANCED_FACE('',(#1316),#9819,.T.);
#10295=ADVANCED_FACE('',(#1317),#841,.T.);
#10296=ADVANCED_FACE('',(#1318),#842,.T.);
#10297=ADVANCED_FACE('',(#1319),#9820,.T.);
#10298=ADVANCED_FACE('',(#1320),#843,.F.);
#10299=ADVANCED_FACE('',(#1321),#9821,.T.);
#10300=ADVANCED_FACE('',(#1322),#844,.F.);
#10301=ADVANCED_FACE('',(#1323),#9822,.T.);
#10302=ADVANCED_FACE('',(#1324),#845,.T.);
#10303=ADVANCED_FACE('',(#1325),#9823,.T.);
#10304=ADVANCED_FACE('',(#1326),#846,.T.);
#10305=ADVANCED_FACE('',(#1327),#9824,.T.);
#10306=ADVANCED_FACE('',(#1328),#847,.T.);
#10307=ADVANCED_FACE('',(#1329),#9825,.T.);
#10308=ADVANCED_FACE('',(#1330),#848,.T.);
#10309=ADVANCED_FACE('',(#1331),#9826,.T.);
#10310=ADVANCED_FACE('',(#1332),#849,.F.);
#10311=ADVANCED_FACE('',(#1333),#9827,.T.);
#10312=ADVANCED_FACE('',(#1334),#850,.F.);
#10313=ADVANCED_FACE('',(#1335),#9828,.T.);
#10314=ADVANCED_FACE('',(#1336),#851,.F.);
#10315=ADVANCED_FACE('',(#1337),#9829,.T.);
#10316=ADVANCED_FACE('',(#1338),#852,.F.);
#10317=ADVANCED_FACE('',(#1339),#9830,.T.);
#10318=ADVANCED_FACE('',(#1340),#853,.T.);
#10319=ADVANCED_FACE('',(#1341),#9831,.T.);
#10320=ADVANCED_FACE('',(#1342),#854,.T.);
#10321=ADVANCED_FACE('',(#1343),#9832,.T.);
#10322=ADVANCED_FACE('',(#1344),#855,.T.);
#10323=ADVANCED_FACE('',(#1345),#9833,.T.);
#10324=ADVANCED_FACE('',(#1346),#856,.T.);
#10325=ADVANCED_FACE('',(#1347),#9834,.T.);
#10326=ADVANCED_FACE('',(#1348),#857,.F.);
#10327=ADVANCED_FACE('',(#1349),#9835,.T.);
#10328=ADVANCED_FACE('',(#1350),#858,.F.);
#10329=ADVANCED_FACE('',(#1351),#9836,.T.);
#10330=ADVANCED_FACE('',(#1352),#859,.T.);
#10331=ADVANCED_FACE('',(#1353),#9837,.T.);
#10332=ADVANCED_FACE('',(#1354),#860,.T.);
#10333=ADVANCED_FACE('',(#1355),#9838,.T.);
#10334=ADVANCED_FACE('',(#1356),#861,.F.);
#10335=ADVANCED_FACE('',(#1357),#9839,.T.);
#10336=ADVANCED_FACE('',(#1358),#862,.F.);
#10337=ADVANCED_FACE('',(#1359),#9840,.T.);
#10338=ADVANCED_FACE('',(#1360),#863,.T.);
#10339=ADVANCED_FACE('',(#1361),#9841,.T.);
#10340=ADVANCED_FACE('',(#1362),#864,.T.);
#10341=ADVANCED_FACE('',(#1363),#9842,.T.);
#10342=ADVANCED_FACE('',(#1364),#865,.T.);
#10343=ADVANCED_FACE('',(#1365),#9843,.T.);
#10344=ADVANCED_FACE('',(#1366),#866,.T.);
#10345=ADVANCED_FACE('',(#1367),#9844,.T.);
#10346=ADVANCED_FACE('',(#1368),#867,.F.);
#10347=ADVANCED_FACE('',(#1369),#9845,.T.);
#10348=ADVANCED_FACE('',(#1370),#868,.F.);
#10349=ADVANCED_FACE('',(#1371),#9846,.T.);
#10350=ADVANCED_FACE('',(#1372),#869,.F.);
#10351=ADVANCED_FACE('',(#1373),#9847,.T.);
#10352=ADVANCED_FACE('',(#1374),#870,.F.);
#10353=ADVANCED_FACE('',(#1375),#9848,.T.);
#10354=ADVANCED_FACE('',(#1376),#871,.T.);
#10355=ADVANCED_FACE('',(#1377),#9849,.T.);
#10356=ADVANCED_FACE('',(#1378),#872,.T.);
#10357=ADVANCED_FACE('',(#1379),#9850,.T.);
#10358=ADVANCED_FACE('',(#1380),#873,.T.);
#10359=ADVANCED_FACE('',(#1381),#9851,.T.);
#10360=ADVANCED_FACE('',(#1382),#874,.T.);
#10361=ADVANCED_FACE('',(#1383),#9852,.T.);
#10362=CLOSED_SHELL('',(#9853,#9854,#9855,#9856,#9857,#9858,#9859,#9860,
#9861,#9862,#9863,#9864,#9865,#9866,#9867,#9868,#9869,#9870,#9871,#9872,
#9873,#9874,#9875,#9876,#9877,#9878,#9879,#9880,#9881,#9882,#9883,#9884,
#9885,#9886,#9887,#9888,#9889,#9890,#9891,#9892,#9893,#9894,#9895,#9896,
#9897,#9898,#9899,#9900,#9901,#9902,#9903,#9904,#9905,#9906,#9907,#9908,
#9909,#9910,#9911,#9912,#9913,#9914,#9915,#9916,#9917,#9918,#9919,#9920,
#9921,#9922,#9923,#9924,#9925,#9926,#9927,#9928,#9929,#9930,#9931,#9932,
#9933,#9934,#9935,#9936,#9937,#9938,#9939,#9940,#9941,#9942,#9943,#9944,
#9945,#9946,#9947,#9948,#9949,#9950,#9951,#9952,#9953,#9954,#9955,#9956,
#9957,#9958,#9959,#9960,#9961,#9962,#9963,#9964,#9965,#9966,#9967,#9968,
#9969,#9970,#9971,#9972,#9973,#9974,#9975,#9976,#9977,#9978,#9979,#9980,
#9981,#9982,#9983,#9984,#9985,#9986,#9987,#9988,#9989,#9990,#9991,#9992,
#9993,#9994,#9995,#9996,#9997,#9998,#9999,#10000,#10001,#10002,#10003,#10004,
#10005,#10006,#10007,#10008,#10009,#10010,#10011,#10012,#10013,#10014,#10015,
#10016,#10017,#10018,#10019,#10020,#10021,#10022,#10023,#10024,#10025,#10026,
#10027,#10028,#10029,#10030,#10031,#10032,#10033,#10034,#10035,#10036,#10037,
#10038,#10039,#10040,#10041,#10042,#10043,#10044,#10045,#10046,#10047,#10048,
#10049,#10050,#10051,#10052,#10053,#10054,#10055,#10056,#10057,#10058,#10059,
#10060,#10061,#10062,#10063,#10064,#10065,#10066,#10067,#10068,#10069,#10070,
#10071,#10072,#10073,#10074,#10075,#10076,#10077,#10078,#10079,#10080,#10081,
#10082,#10083,#10084,#10085,#10086,#10087,#10088,#10089,#10090,#10091,#10092,
#10093,#10094,#10095,#10096,#10097,#10098,#10099,#10100,#10101,#10102,#10103,
#10104,#10105,#10106,#10107,#10108,#10109,#10110,#10111,#10112,#10113,#10114,
#10115,#10116,#10117,#10118,#10119,#10120,#10121,#10122,#10123,#10124,#10125,
#10126,#10127,#10128,#10129,#10130,#10131,#10132,#10133,#10134,#10135,#10136,
#10137,#10138,#10139,#10140,#10141,#10142,#10143,#10144,#10145,#10146,#10147,
#10148,#10149,#10150,#10151,#10152,#10153,#10154,#10155,#10156,#10157,#10158,
#10159,#10160,#10161,#10162,#10163,#10164,#10165,#10166,#10167,#10168,#10169,
#10170,#10171,#10172,#10173,#10174,#10175,#10176,#10177,#10178,#10179,#10180,
#10181,#10182,#10183,#10184,#10185,#10186,#10187,#10188,#10189,#10190,#10191,
#10192,#10193,#10194,#10195,#10196,#10197,#10198,#10199,#10200,#10201,#10202,
#10203,#10204,#10205,#10206,#10207,#10208,#10209,#10210,#10211,#10212,#10213,
#10214,#10215,#10216,#10217,#10218,#10219,#10220,#10221,#10222,#10223,#10224,
#10225,#10226,#10227,#10228,#10229,#10230,#10231,#10232,#10233,#10234,#10235,
#10236,#10237,#10238,#10239,#10240,#10241,#10242,#10243,#10244,#10245,#10246,
#10247,#10248,#10249,#10250,#10251,#10252,#10253,#10254,#10255,#10256,#10257,
#10258,#10259,#10260,#10261,#10262,#10263,#10264,#10265,#10266,#10267,#10268,
#10269,#10270,#10271,#10272,#10273,#10274,#10275,#10276,#10277,#10278,#10279,
#10280,#10281,#10282,#10283,#10284,#10285,#10286,#10287,#10288,#10289,#10290,
#10291,#10292,#10293,#10294,#10295,#10296,#10297,#10298,#10299,#10300,#10301,
#10302,#10303,#10304,#10305,#10306,#10307,#10308,#10309,#10310,#10311,#10312,
#10313,#10314,#10315,#10316,#10317,#10318,#10319,#10320,#10321,#10322,#10323,
#10324,#10325,#10326,#10327,#10328,#10329,#10330,#10331,#10332,#10333,#10334,
#10335,#10336,#10337,#10338,#10339,#10340,#10341,#10342,#10343,#10344,#10345,
#10346,#10347,#10348,#10349,#10350,#10351,#10352,#10353,#10354,#10355,#10356,
#10357,#10358,#10359,#10360,#10361));
#10363=DERIVED_UNIT_ELEMENT(#10367,1.);
#10364=DERIVED_UNIT_ELEMENT(#17525,-3.);
#10365=DERIVED_UNIT_ELEMENT(#10367,1.);
#10366=DERIVED_UNIT_ELEMENT(#17525,-3.);
#10367=(
MASS_UNIT()
NAMED_UNIT(*)
SI_UNIT(.KILO.,.GRAM.)
);
#10368=DERIVED_UNIT((#10363,#10364));
#10369=DERIVED_UNIT((#10365,#10366));
#10370=MEASURE_REPRESENTATION_ITEM('density measure',
POSITIVE_RATIO_MEASURE(7850.),#10368);
#10371=MEASURE_REPRESENTATION_ITEM('density measure',
POSITIVE_RATIO_MEASURE(7850.),#10369);
#10372=PROPERTY_DEFINITION_REPRESENTATION(#10382,#10376);
#10373=PROPERTY_DEFINITION_REPRESENTATION(#10383,#10377);
#10374=PROPERTY_DEFINITION_REPRESENTATION(#10384,#10378);
#10375=PROPERTY_DEFINITION_REPRESENTATION(#10385,#10379);
#10376=REPRESENTATION('material name',(#10380),#17521);
#10377=REPRESENTATION('density',(#10370),#17521);
#10378=REPRESENTATION('material name',(#10381),#17522);
#10379=REPRESENTATION('density',(#10371),#17522);
#10380=DESCRIPTIVE_REPRESENTATION_ITEM('Acier','Acier');
#10381=DESCRIPTIVE_REPRESENTATION_ITEM('Acier','Acier');
#10382=PROPERTY_DEFINITION('material property','material name',#17546);
#10383=PROPERTY_DEFINITION('material property','density of part',#17546);
#10384=PROPERTY_DEFINITION('material property','material name',#17547);
#10385=PROPERTY_DEFINITION('material property','density of part',#17547);
#10386=AXIS2_PLACEMENT_3D('',#14463,#11406,#11407);
#10387=AXIS2_PLACEMENT_3D('',#14464,#11408,#11409);
#10388=AXIS2_PLACEMENT_3D('',#14465,#11410,#11411);
#10389=AXIS2_PLACEMENT_3D('',#14466,#11412,#11413);
#10390=AXIS2_PLACEMENT_3D('',#14475,#11418,#11419);
#10391=AXIS2_PLACEMENT_3D('',#14477,#11420,#11421);
#10392=AXIS2_PLACEMENT_3D('',#14480,#11423,#11424);
#10393=AXIS2_PLACEMENT_3D('',#14481,#11425,#11426);
#10394=AXIS2_PLACEMENT_3D('',#14487,#11430,#11431);
#10395=AXIS2_PLACEMENT_3D('',#14489,#11432,#11433);
#10396=AXIS2_PLACEMENT_3D('',#14492,#11435,#11436);
#10397=AXIS2_PLACEMENT_3D('',#14493,#11437,#11438);
#10398=AXIS2_PLACEMENT_3D('',#14499,#11442,#11443);
#10399=AXIS2_PLACEMENT_3D('',#14501,#11444,#11445);
#10400=AXIS2_PLACEMENT_3D('',#14504,#11447,#11448);
#10401=AXIS2_PLACEMENT_3D('',#14505,#11449,#11450);
#10402=AXIS2_PLACEMENT_3D('',#14511,#11454,#11455);
#10403=AXIS2_PLACEMENT_3D('',#14512,#11456,#11457);
#10404=AXIS2_PLACEMENT_3D('',#14513,#11458,#11459);
#10405=AXIS2_PLACEMENT_3D('',#14514,#11460,#11461);
#10406=AXIS2_PLACEMENT_3D('',#14523,#11466,#11467);
#10407=AXIS2_PLACEMENT_3D('',#14525,#11468,#11469);
#10408=AXIS2_PLACEMENT_3D('',#14528,#11471,#11472);
#10409=AXIS2_PLACEMENT_3D('',#14529,#11473,#11474);
#10410=AXIS2_PLACEMENT_3D('',#14535,#11478,#11479);
#10411=AXIS2_PLACEMENT_3D('',#14537,#11480,#11481);
#10412=AXIS2_PLACEMENT_3D('',#14540,#11483,#11484);
#10413=AXIS2_PLACEMENT_3D('',#14541,#11485,#11486);
#10414=AXIS2_PLACEMENT_3D('',#14547,#11490,#11491);
#10415=AXIS2_PLACEMENT_3D('',#14549,#11492,#11493);
#10416=AXIS2_PLACEMENT_3D('',#14552,#11495,#11496);
#10417=AXIS2_PLACEMENT_3D('',#14553,#11497,#11498);
#10418=AXIS2_PLACEMENT_3D('',#14559,#11502,#11503);
#10419=AXIS2_PLACEMENT_3D('',#14560,#11504,#11505);
#10420=AXIS2_PLACEMENT_3D('',#14561,#11506,#11507);
#10421=AXIS2_PLACEMENT_3D('',#14562,#11508,#11509);
#10422=AXIS2_PLACEMENT_3D('',#14571,#11514,#11515);
#10423=AXIS2_PLACEMENT_3D('',#14573,#11516,#11517);
#10424=AXIS2_PLACEMENT_3D('',#14576,#11519,#11520);
#10425=AXIS2_PLACEMENT_3D('',#14577,#11521,#11522);
#10426=AXIS2_PLACEMENT_3D('',#14583,#11526,#11527);
#10427=AXIS2_PLACEMENT_3D('',#14585,#11528,#11529);
#10428=AXIS2_PLACEMENT_3D('',#14588,#11531,#11532);
#10429=AXIS2_PLACEMENT_3D('',#14589,#11533,#11534);
#10430=AXIS2_PLACEMENT_3D('',#14595,#11538,#11539);
#10431=AXIS2_PLACEMENT_3D('',#14597,#11540,#11541);
#10432=AXIS2_PLACEMENT_3D('',#14600,#11543,#11544);
#10433=AXIS2_PLACEMENT_3D('',#14601,#11545,#11546);
#10434=AXIS2_PLACEMENT_3D('',#14607,#11550,#11551);
#10435=AXIS2_PLACEMENT_3D('',#14608,#11552,#11553);
#10436=AXIS2_PLACEMENT_3D('',#14609,#11554,#11555);
#10437=AXIS2_PLACEMENT_3D('',#14610,#11556,#11557);
#10438=AXIS2_PLACEMENT_3D('',#14619,#11562,#11563);
#10439=AXIS2_PLACEMENT_3D('',#14621,#11564,#11565);
#10440=AXIS2_PLACEMENT_3D('',#14624,#11567,#11568);
#10441=AXIS2_PLACEMENT_3D('',#14625,#11569,#11570);
#10442=AXIS2_PLACEMENT_3D('',#14631,#11574,#11575);
#10443=AXIS2_PLACEMENT_3D('',#14633,#11576,#11577);
#10444=AXIS2_PLACEMENT_3D('',#14636,#11579,#11580);
#10445=AXIS2_PLACEMENT_3D('',#14637,#11581,#11582);
#10446=AXIS2_PLACEMENT_3D('',#14643,#11586,#11587);
#10447=AXIS2_PLACEMENT_3D('',#14645,#11588,#11589);
#10448=AXIS2_PLACEMENT_3D('',#14648,#11591,#11592);
#10449=AXIS2_PLACEMENT_3D('',#14649,#11593,#11594);
#10450=AXIS2_PLACEMENT_3D('',#14655,#11598,#11599);
#10451=AXIS2_PLACEMENT_3D('',#14656,#11600,#11601);
#10452=AXIS2_PLACEMENT_3D('',#14657,#11602,#11603);
#10453=AXIS2_PLACEMENT_3D('',#14658,#11604,#11605);
#10454=AXIS2_PLACEMENT_3D('',#14667,#11610,#11611);
#10455=AXIS2_PLACEMENT_3D('',#14669,#11612,#11613);
#10456=AXIS2_PLACEMENT_3D('',#14672,#11615,#11616);
#10457=AXIS2_PLACEMENT_3D('',#14673,#11617,#11618);
#10458=AXIS2_PLACEMENT_3D('',#14679,#11622,#11623);
#10459=AXIS2_PLACEMENT_3D('',#14681,#11624,#11625);
#10460=AXIS2_PLACEMENT_3D('',#14684,#11627,#11628);
#10461=AXIS2_PLACEMENT_3D('',#14685,#11629,#11630);
#10462=AXIS2_PLACEMENT_3D('',#14691,#11634,#11635);
#10463=AXIS2_PLACEMENT_3D('',#14693,#11636,#11637);
#10464=AXIS2_PLACEMENT_3D('',#14696,#11639,#11640);
#10465=AXIS2_PLACEMENT_3D('',#14697,#11641,#11642);
#10466=AXIS2_PLACEMENT_3D('',#14703,#11646,#11647);
#10467=AXIS2_PLACEMENT_3D('',#14704,#11648,#11649);
#10468=AXIS2_PLACEMENT_3D('',#14705,#11650,#11651);
#10469=AXIS2_PLACEMENT_3D('',#14706,#11652,#11653);
#10470=AXIS2_PLACEMENT_3D('',#14715,#11658,#11659);
#10471=AXIS2_PLACEMENT_3D('',#14717,#11660,#11661);
#10472=AXIS2_PLACEMENT_3D('',#14720,#11663,#11664);
#10473=AXIS2_PLACEMENT_3D('',#14721,#11665,#11666);
#10474=AXIS2_PLACEMENT_3D('',#14727,#11670,#11671);
#10475=AXIS2_PLACEMENT_3D('',#14729,#11672,#11673);
#10476=AXIS2_PLACEMENT_3D('',#14732,#11675,#11676);
#10477=AXIS2_PLACEMENT_3D('',#14733,#11677,#11678);
#10478=AXIS2_PLACEMENT_3D('',#14739,#11682,#11683);
#10479=AXIS2_PLACEMENT_3D('',#14741,#11684,#11685);
#10480=AXIS2_PLACEMENT_3D('',#14744,#11687,#11688);
#10481=AXIS2_PLACEMENT_3D('',#14745,#11689,#11690);
#10482=AXIS2_PLACEMENT_3D('',#14751,#11694,#11695);
#10483=AXIS2_PLACEMENT_3D('',#14752,#11696,#11697);
#10484=AXIS2_PLACEMENT_3D('',#14753,#11698,#11699);
#10485=AXIS2_PLACEMENT_3D('',#14754,#11700,#11701);
#10486=AXIS2_PLACEMENT_3D('',#14763,#11706,#11707);
#10487=AXIS2_PLACEMENT_3D('',#14765,#11708,#11709);
#10488=AXIS2_PLACEMENT_3D('',#14768,#11711,#11712);
#10489=AXIS2_PLACEMENT_3D('',#14769,#11713,#11714);
#10490=AXIS2_PLACEMENT_3D('',#14775,#11718,#11719);
#10491=AXIS2_PLACEMENT_3D('',#14777,#11720,#11721);
#10492=AXIS2_PLACEMENT_3D('',#14780,#11723,#11724);
#10493=AXIS2_PLACEMENT_3D('',#14781,#11725,#11726);
#10494=AXIS2_PLACEMENT_3D('',#14787,#11730,#11731);
#10495=AXIS2_PLACEMENT_3D('',#14789,#11732,#11733);
#10496=AXIS2_PLACEMENT_3D('',#14792,#11735,#11736);
#10497=AXIS2_PLACEMENT_3D('',#14793,#11737,#11738);
#10498=AXIS2_PLACEMENT_3D('',#14799,#11742,#11743);
#10499=AXIS2_PLACEMENT_3D('',#14800,#11744,#11745);
#10500=AXIS2_PLACEMENT_3D('',#14801,#11746,#11747);
#10501=AXIS2_PLACEMENT_3D('',#14802,#11748,#11749);
#10502=AXIS2_PLACEMENT_3D('',#14811,#11754,#11755);
#10503=AXIS2_PLACEMENT_3D('',#14813,#11756,#11757);
#10504=AXIS2_PLACEMENT_3D('',#14816,#11759,#11760);
#10505=AXIS2_PLACEMENT_3D('',#14817,#11761,#11762);
#10506=AXIS2_PLACEMENT_3D('',#14823,#11766,#11767);
#10507=AXIS2_PLACEMENT_3D('',#14825,#11768,#11769);
#10508=AXIS2_PLACEMENT_3D('',#14828,#11771,#11772);
#10509=AXIS2_PLACEMENT_3D('',#14829,#11773,#11774);
#10510=AXIS2_PLACEMENT_3D('',#14835,#11778,#11779);
#10511=AXIS2_PLACEMENT_3D('',#14837,#11780,#11781);
#10512=AXIS2_PLACEMENT_3D('',#14840,#11783,#11784);
#10513=AXIS2_PLACEMENT_3D('',#14841,#11785,#11786);
#10514=AXIS2_PLACEMENT_3D('',#14847,#11790,#11791);
#10515=AXIS2_PLACEMENT_3D('',#14848,#11792,#11793);
#10516=AXIS2_PLACEMENT_3D('',#14849,#11794,#11795);
#10517=AXIS2_PLACEMENT_3D('',#14850,#11796,#11797);
#10518=AXIS2_PLACEMENT_3D('',#14859,#11802,#11803);
#10519=AXIS2_PLACEMENT_3D('',#14861,#11804,#11805);
#10520=AXIS2_PLACEMENT_3D('',#14864,#11807,#11808);
#10521=AXIS2_PLACEMENT_3D('',#14865,#11809,#11810);
#10522=AXIS2_PLACEMENT_3D('',#14871,#11814,#11815);
#10523=AXIS2_PLACEMENT_3D('',#14873,#11816,#11817);
#10524=AXIS2_PLACEMENT_3D('',#14876,#11819,#11820);
#10525=AXIS2_PLACEMENT_3D('',#14877,#11821,#11822);
#10526=AXIS2_PLACEMENT_3D('',#14883,#11826,#11827);
#10527=AXIS2_PLACEMENT_3D('',#14885,#11828,#11829);
#10528=AXIS2_PLACEMENT_3D('',#14888,#11831,#11832);
#10529=AXIS2_PLACEMENT_3D('',#14889,#11833,#11834);
#10530=AXIS2_PLACEMENT_3D('',#14895,#11838,#11839);
#10531=AXIS2_PLACEMENT_3D('',#14896,#11840,#11841);
#10532=AXIS2_PLACEMENT_3D('',#14897,#11842,#11843);
#10533=AXIS2_PLACEMENT_3D('',#14898,#11844,#11845);
#10534=AXIS2_PLACEMENT_3D('',#14907,#11850,#11851);
#10535=AXIS2_PLACEMENT_3D('',#14909,#11852,#11853);
#10536=AXIS2_PLACEMENT_3D('',#14912,#11855,#11856);
#10537=AXIS2_PLACEMENT_3D('',#14913,#11857,#11858);
#10538=AXIS2_PLACEMENT_3D('',#14919,#11862,#11863);
#10539=AXIS2_PLACEMENT_3D('',#14921,#11864,#11865);
#10540=AXIS2_PLACEMENT_3D('',#14924,#11867,#11868);
#10541=AXIS2_PLACEMENT_3D('',#14925,#11869,#11870);
#10542=AXIS2_PLACEMENT_3D('',#14931,#11874,#11875);
#10543=AXIS2_PLACEMENT_3D('',#14933,#11876,#11877);
#10544=AXIS2_PLACEMENT_3D('',#14936,#11879,#11880);
#10545=AXIS2_PLACEMENT_3D('',#14937,#11881,#11882);
#10546=AXIS2_PLACEMENT_3D('',#14943,#11886,#11887);
#10547=AXIS2_PLACEMENT_3D('',#14944,#11888,#11889);
#10548=AXIS2_PLACEMENT_3D('',#14945,#11890,#11891);
#10549=AXIS2_PLACEMENT_3D('',#14946,#11892,#11893);
#10550=AXIS2_PLACEMENT_3D('',#14955,#11898,#11899);
#10551=AXIS2_PLACEMENT_3D('',#14957,#11900,#11901);
#10552=AXIS2_PLACEMENT_3D('',#14960,#11903,#11904);
#10553=AXIS2_PLACEMENT_3D('',#14961,#11905,#11906);
#10554=AXIS2_PLACEMENT_3D('',#14967,#11910,#11911);
#10555=AXIS2_PLACEMENT_3D('',#14969,#11912,#11913);
#10556=AXIS2_PLACEMENT_3D('',#14972,#11915,#11916);
#10557=AXIS2_PLACEMENT_3D('',#14973,#11917,#11918);
#10558=AXIS2_PLACEMENT_3D('',#14979,#11922,#11923);
#10559=AXIS2_PLACEMENT_3D('',#14981,#11924,#11925);
#10560=AXIS2_PLACEMENT_3D('',#14984,#11927,#11928);
#10561=AXIS2_PLACEMENT_3D('',#14985,#11929,#11930);
#10562=AXIS2_PLACEMENT_3D('',#14991,#11934,#11935);
#10563=AXIS2_PLACEMENT_3D('',#14992,#11936,#11937);
#10564=AXIS2_PLACEMENT_3D('',#14993,#11938,#11939);
#10565=AXIS2_PLACEMENT_3D('',#14994,#11940,#11941);
#10566=AXIS2_PLACEMENT_3D('',#15003,#11946,#11947);
#10567=AXIS2_PLACEMENT_3D('',#15005,#11948,#11949);
#10568=AXIS2_PLACEMENT_3D('',#15008,#11951,#11952);
#10569=AXIS2_PLACEMENT_3D('',#15009,#11953,#11954);
#10570=AXIS2_PLACEMENT_3D('',#15015,#11958,#11959);
#10571=AXIS2_PLACEMENT_3D('',#15017,#11960,#11961);
#10572=AXIS2_PLACEMENT_3D('',#15020,#11963,#11964);
#10573=AXIS2_PLACEMENT_3D('',#15021,#11965,#11966);
#10574=AXIS2_PLACEMENT_3D('',#15027,#11970,#11971);
#10575=AXIS2_PLACEMENT_3D('',#15029,#11972,#11973);
#10576=AXIS2_PLACEMENT_3D('',#15032,#11975,#11976);
#10577=AXIS2_PLACEMENT_3D('',#15033,#11977,#11978);
#10578=AXIS2_PLACEMENT_3D('',#15039,#11982,#11983);
#10579=AXIS2_PLACEMENT_3D('',#15041,#11984,#11985);
#10580=AXIS2_PLACEMENT_3D('',#15044,#11987,#11988);
#10581=AXIS2_PLACEMENT_3D('',#15045,#11989,#11990);
#10582=AXIS2_PLACEMENT_3D('',#15051,#11994,#11995);
#10583=AXIS2_PLACEMENT_3D('',#15053,#11996,#11997);
#10584=AXIS2_PLACEMENT_3D('',#15056,#11999,#12000);
#10585=AXIS2_PLACEMENT_3D('',#15057,#12001,#12002);
#10586=AXIS2_PLACEMENT_3D('',#15063,#12006,#12007);
#10587=AXIS2_PLACEMENT_3D('',#15065,#12008,#12009);
#10588=AXIS2_PLACEMENT_3D('',#15068,#12011,#12012);
#10589=AXIS2_PLACEMENT_3D('',#15069,#12013,#12014);
#10590=AXIS2_PLACEMENT_3D('',#15075,#12018,#12019);
#10591=AXIS2_PLACEMENT_3D('',#15077,#12020,#12021);
#10592=AXIS2_PLACEMENT_3D('',#15080,#12023,#12024);
#10593=AXIS2_PLACEMENT_3D('',#15081,#12025,#12026);
#10594=AXIS2_PLACEMENT_3D('',#15087,#12030,#12031);
#10595=AXIS2_PLACEMENT_3D('',#15089,#12032,#12033);
#10596=AXIS2_PLACEMENT_3D('',#15092,#12035,#12036);
#10597=AXIS2_PLACEMENT_3D('',#15093,#12037,#12038);
#10598=AXIS2_PLACEMENT_3D('',#15099,#12042,#12043);
#10599=AXIS2_PLACEMENT_3D('',#15101,#12044,#12045);
#10600=AXIS2_PLACEMENT_3D('',#15104,#12047,#12048);
#10601=AXIS2_PLACEMENT_3D('',#15105,#12049,#12050);
#10602=AXIS2_PLACEMENT_3D('',#15111,#12054,#12055);
#10603=AXIS2_PLACEMENT_3D('',#15113,#12056,#12057);
#10604=AXIS2_PLACEMENT_3D('',#15116,#12059,#12060);
#10605=AXIS2_PLACEMENT_3D('',#15117,#12061,#12062);
#10606=AXIS2_PLACEMENT_3D('',#15123,#12066,#12067);
#10607=AXIS2_PLACEMENT_3D('',#15125,#12068,#12069);
#10608=AXIS2_PLACEMENT_3D('',#15128,#12071,#12072);
#10609=AXIS2_PLACEMENT_3D('',#15129,#12073,#12074);
#10610=AXIS2_PLACEMENT_3D('',#15135,#12078,#12079);
#10611=AXIS2_PLACEMENT_3D('',#15136,#12080,#12081);
#10612=AXIS2_PLACEMENT_3D('',#15137,#12082,#12083);
#10613=AXIS2_PLACEMENT_3D('',#15138,#12084,#12085);
#10614=AXIS2_PLACEMENT_3D('',#15141,#12086,#12087);
#10615=AXIS2_PLACEMENT_3D('',#15145,#12089,#12090);
#10616=AXIS2_PLACEMENT_3D('',#15147,#12092,#12093);
#10617=AXIS2_PLACEMENT_3D('',#15153,#12097,#12098);
#10618=AXIS2_PLACEMENT_3D('',#15155,#12099,#12100);
#10619=AXIS2_PLACEMENT_3D('',#15158,#12102,#12103);
#10620=AXIS2_PLACEMENT_3D('',#15159,#12104,#12105);
#10621=AXIS2_PLACEMENT_3D('',#15165,#12109,#12110);
#10622=AXIS2_PLACEMENT_3D('',#15167,#12111,#12112);
#10623=AXIS2_PLACEMENT_3D('',#15170,#12114,#12115);
#10624=AXIS2_PLACEMENT_3D('',#15171,#12116,#12117);
#10625=AXIS2_PLACEMENT_3D('',#15177,#12121,#12122);
#10626=AXIS2_PLACEMENT_3D('',#15179,#12123,#12124);
#10627=AXIS2_PLACEMENT_3D('',#15182,#12126,#12127);
#10628=AXIS2_PLACEMENT_3D('',#15183,#12128,#12129);
#10629=AXIS2_PLACEMENT_3D('',#15189,#12133,#12134);
#10630=AXIS2_PLACEMENT_3D('',#15191,#12135,#12136);
#10631=AXIS2_PLACEMENT_3D('',#15194,#12138,#12139);
#10632=AXIS2_PLACEMENT_3D('',#15195,#12140,#12141);
#10633=AXIS2_PLACEMENT_3D('',#15201,#12145,#12146);
#10634=AXIS2_PLACEMENT_3D('',#15203,#12147,#12148);
#10635=AXIS2_PLACEMENT_3D('',#15206,#12150,#12151);
#10636=AXIS2_PLACEMENT_3D('',#15207,#12152,#12153);
#10637=AXIS2_PLACEMENT_3D('',#15213,#12157,#12158);
#10638=AXIS2_PLACEMENT_3D('',#15215,#12159,#12160);
#10639=AXIS2_PLACEMENT_3D('',#15218,#12162,#12163);
#10640=AXIS2_PLACEMENT_3D('',#15219,#12164,#12165);
#10641=AXIS2_PLACEMENT_3D('',#15225,#12169,#12170);
#10642=AXIS2_PLACEMENT_3D('',#15227,#12171,#12172);
#10643=AXIS2_PLACEMENT_3D('',#15230,#12174,#12175);
#10644=AXIS2_PLACEMENT_3D('',#15231,#12176,#12177);
#10645=AXIS2_PLACEMENT_3D('',#15237,#12181,#12182);
#10646=AXIS2_PLACEMENT_3D('',#15239,#12183,#12184);
#10647=AXIS2_PLACEMENT_3D('',#15242,#12186,#12187);
#10648=AXIS2_PLACEMENT_3D('',#15243,#12188,#12189);
#10649=AXIS2_PLACEMENT_3D('',#15249,#12193,#12194);
#10650=AXIS2_PLACEMENT_3D('',#15251,#12195,#12196);
#10651=AXIS2_PLACEMENT_3D('',#15254,#12198,#12199);
#10652=AXIS2_PLACEMENT_3D('',#15255,#12200,#12201);
#10653=AXIS2_PLACEMENT_3D('',#15261,#12205,#12206);
#10654=AXIS2_PLACEMENT_3D('',#15263,#12207,#12208);
#10655=AXIS2_PLACEMENT_3D('',#15266,#12210,#12211);
#10656=AXIS2_PLACEMENT_3D('',#15267,#12212,#12213);
#10657=AXIS2_PLACEMENT_3D('',#15273,#12217,#12218);
#10658=AXIS2_PLACEMENT_3D('',#15275,#12219,#12220);
#10659=AXIS2_PLACEMENT_3D('',#15278,#12222,#12223);
#10660=AXIS2_PLACEMENT_3D('',#15279,#12224,#12225);
#10661=AXIS2_PLACEMENT_3D('',#15282,#12228,#12229);
#10662=AXIS2_PLACEMENT_3D('',#15291,#12234,#12235);
#10663=AXIS2_PLACEMENT_3D('',#15293,#12236,#12237);
#10664=AXIS2_PLACEMENT_3D('',#15296,#12239,#12240);
#10665=AXIS2_PLACEMENT_3D('',#15297,#12241,#12242);
#10666=AXIS2_PLACEMENT_3D('',#15303,#12246,#12247);
#10667=AXIS2_PLACEMENT_3D('',#15305,#12248,#12249);
#10668=AXIS2_PLACEMENT_3D('',#15308,#12251,#12252);
#10669=AXIS2_PLACEMENT_3D('',#15309,#12253,#12254);
#10670=AXIS2_PLACEMENT_3D('',#15315,#12258,#12259);
#10671=AXIS2_PLACEMENT_3D('',#15317,#12260,#12261);
#10672=AXIS2_PLACEMENT_3D('',#15320,#12263,#12264);
#10673=AXIS2_PLACEMENT_3D('',#15321,#12265,#12266);
#10674=AXIS2_PLACEMENT_3D('',#15327,#12270,#12271);
#10675=AXIS2_PLACEMENT_3D('',#15328,#12272,#12273);
#10676=AXIS2_PLACEMENT_3D('',#15329,#12274,#12275);
#10677=AXIS2_PLACEMENT_3D('',#15330,#12276,#12277);
#10678=AXIS2_PLACEMENT_3D('',#15339,#12282,#12283);
#10679=AXIS2_PLACEMENT_3D('',#15341,#12284,#12285);
#10680=AXIS2_PLACEMENT_3D('',#15344,#12287,#12288);
#10681=AXIS2_PLACEMENT_3D('',#15345,#12289,#12290);
#10682=AXIS2_PLACEMENT_3D('',#15351,#12294,#12295);
#10683=AXIS2_PLACEMENT_3D('',#15353,#12296,#12297);
#10684=AXIS2_PLACEMENT_3D('',#15356,#12299,#12300);
#10685=AXIS2_PLACEMENT_3D('',#15357,#12301,#12302);
#10686=AXIS2_PLACEMENT_3D('',#15363,#12306,#12307);
#10687=AXIS2_PLACEMENT_3D('',#15365,#12308,#12309);
#10688=AXIS2_PLACEMENT_3D('',#15368,#12311,#12312);
#10689=AXIS2_PLACEMENT_3D('',#15369,#12313,#12314);
#10690=AXIS2_PLACEMENT_3D('',#15375,#12318,#12319);
#10691=AXIS2_PLACEMENT_3D('',#15376,#12320,#12321);
#10692=AXIS2_PLACEMENT_3D('',#15377,#12322,#12323);
#10693=AXIS2_PLACEMENT_3D('',#15378,#12324,#12325);
#10694=AXIS2_PLACEMENT_3D('',#15387,#12330,#12331);
#10695=AXIS2_PLACEMENT_3D('',#15389,#12332,#12333);
#10696=AXIS2_PLACEMENT_3D('',#15392,#12335,#12336);
#10697=AXIS2_PLACEMENT_3D('',#15393,#12337,#12338);
#10698=AXIS2_PLACEMENT_3D('',#15399,#12342,#12343);
#10699=AXIS2_PLACEMENT_3D('',#15401,#12344,#12345);
#10700=AXIS2_PLACEMENT_3D('',#15404,#12347,#12348);
#10701=AXIS2_PLACEMENT_3D('',#15405,#12349,#12350);
#10702=AXIS2_PLACEMENT_3D('',#15411,#12354,#12355);
#10703=AXIS2_PLACEMENT_3D('',#15413,#12356,#12357);
#10704=AXIS2_PLACEMENT_3D('',#15416,#12359,#12360);
#10705=AXIS2_PLACEMENT_3D('',#15417,#12361,#12362);
#10706=AXIS2_PLACEMENT_3D('',#15423,#12366,#12367);
#10707=AXIS2_PLACEMENT_3D('',#15424,#12368,#12369);
#10708=AXIS2_PLACEMENT_3D('',#15425,#12370,#12371);
#10709=AXIS2_PLACEMENT_3D('',#15426,#12372,#12373);
#10710=AXIS2_PLACEMENT_3D('',#15435,#12378,#12379);
#10711=AXIS2_PLACEMENT_3D('',#15437,#12380,#12381);
#10712=AXIS2_PLACEMENT_3D('',#15440,#12383,#12384);
#10713=AXIS2_PLACEMENT_3D('',#15441,#12385,#12386);
#10714=AXIS2_PLACEMENT_3D('',#15447,#12390,#12391);
#10715=AXIS2_PLACEMENT_3D('',#15449,#12392,#12393);
#10716=AXIS2_PLACEMENT_3D('',#15452,#12395,#12396);
#10717=AXIS2_PLACEMENT_3D('',#15453,#12397,#12398);
#10718=AXIS2_PLACEMENT_3D('',#15459,#12402,#12403);
#10719=AXIS2_PLACEMENT_3D('',#15461,#12404,#12405);
#10720=AXIS2_PLACEMENT_3D('',#15464,#12407,#12408);
#10721=AXIS2_PLACEMENT_3D('',#15465,#12409,#12410);
#10722=AXIS2_PLACEMENT_3D('',#15471,#12414,#12415);
#10723=AXIS2_PLACEMENT_3D('',#15472,#12416,#12417);
#10724=AXIS2_PLACEMENT_3D('',#15473,#12418,#12419);
#10725=AXIS2_PLACEMENT_3D('',#15474,#12420,#12421);
#10726=AXIS2_PLACEMENT_3D('',#15483,#12426,#12427);
#10727=AXIS2_PLACEMENT_3D('',#15485,#12428,#12429);
#10728=AXIS2_PLACEMENT_3D('',#15488,#12431,#12432);
#10729=AXIS2_PLACEMENT_3D('',#15489,#12433,#12434);
#10730=AXIS2_PLACEMENT_3D('',#15495,#12438,#12439);
#10731=AXIS2_PLACEMENT_3D('',#15497,#12440,#12441);
#10732=AXIS2_PLACEMENT_3D('',#15500,#12443,#12444);
#10733=AXIS2_PLACEMENT_3D('',#15501,#12445,#12446);
#10734=AXIS2_PLACEMENT_3D('',#15507,#12450,#12451);
#10735=AXIS2_PLACEMENT_3D('',#15509,#12452,#12453);
#10736=AXIS2_PLACEMENT_3D('',#15512,#12455,#12456);
#10737=AXIS2_PLACEMENT_3D('',#15513,#12457,#12458);
#10738=AXIS2_PLACEMENT_3D('',#15519,#12462,#12463);
#10739=AXIS2_PLACEMENT_3D('',#15520,#12464,#12465);
#10740=AXIS2_PLACEMENT_3D('',#15521,#12466,#12467);
#10741=AXIS2_PLACEMENT_3D('',#15522,#12468,#12469);
#10742=AXIS2_PLACEMENT_3D('',#15531,#12474,#12475);
#10743=AXIS2_PLACEMENT_3D('',#15533,#12476,#12477);
#10744=AXIS2_PLACEMENT_3D('',#15536,#12479,#12480);
#10745=AXIS2_PLACEMENT_3D('',#15537,#12481,#12482);
#10746=AXIS2_PLACEMENT_3D('',#15543,#12486,#12487);
#10747=AXIS2_PLACEMENT_3D('',#15545,#12488,#12489);
#10748=AXIS2_PLACEMENT_3D('',#15548,#12491,#12492);
#10749=AXIS2_PLACEMENT_3D('',#15549,#12493,#12494);
#10750=AXIS2_PLACEMENT_3D('',#15555,#12498,#12499);
#10751=AXIS2_PLACEMENT_3D('',#15557,#12500,#12501);
#10752=AXIS2_PLACEMENT_3D('',#15560,#12503,#12504);
#10753=AXIS2_PLACEMENT_3D('',#15561,#12505,#12506);
#10754=AXIS2_PLACEMENT_3D('',#15567,#12510,#12511);
#10755=AXIS2_PLACEMENT_3D('',#15568,#12512,#12513);
#10756=AXIS2_PLACEMENT_3D('',#15569,#12514,#12515);
#10757=AXIS2_PLACEMENT_3D('',#15570,#12516,#12517);
#10758=AXIS2_PLACEMENT_3D('',#15579,#12522,#12523);
#10759=AXIS2_PLACEMENT_3D('',#15581,#12524,#12525);
#10760=AXIS2_PLACEMENT_3D('',#15584,#12527,#12528);
#10761=AXIS2_PLACEMENT_3D('',#15585,#12529,#12530);
#10762=AXIS2_PLACEMENT_3D('',#15591,#12534,#12535);
#10763=AXIS2_PLACEMENT_3D('',#15593,#12536,#12537);
#10764=AXIS2_PLACEMENT_3D('',#15596,#12539,#12540);
#10765=AXIS2_PLACEMENT_3D('',#15597,#12541,#12542);
#10766=AXIS2_PLACEMENT_3D('',#15603,#12546,#12547);
#10767=AXIS2_PLACEMENT_3D('',#15605,#12548,#12549);
#10768=AXIS2_PLACEMENT_3D('',#15608,#12551,#12552);
#10769=AXIS2_PLACEMENT_3D('',#15609,#12553,#12554);
#10770=AXIS2_PLACEMENT_3D('',#15615,#12558,#12559);
#10771=AXIS2_PLACEMENT_3D('',#15616,#12560,#12561);
#10772=AXIS2_PLACEMENT_3D('',#15617,#12562,#12563);
#10773=AXIS2_PLACEMENT_3D('',#15618,#12564,#12565);
#10774=AXIS2_PLACEMENT_3D('',#15627,#12570,#12571);
#10775=AXIS2_PLACEMENT_3D('',#15629,#12572,#12573);
#10776=AXIS2_PLACEMENT_3D('',#15632,#12575,#12576);
#10777=AXIS2_PLACEMENT_3D('',#15633,#12577,#12578);
#10778=AXIS2_PLACEMENT_3D('',#15639,#12582,#12583);
#10779=AXIS2_PLACEMENT_3D('',#15641,#12584,#12585);
#10780=AXIS2_PLACEMENT_3D('',#15644,#12587,#12588);
#10781=AXIS2_PLACEMENT_3D('',#15645,#12589,#12590);
#10782=AXIS2_PLACEMENT_3D('',#15651,#12594,#12595);
#10783=AXIS2_PLACEMENT_3D('',#15653,#12596,#12597);
#10784=AXIS2_PLACEMENT_3D('',#15656,#12599,#12600);
#10785=AXIS2_PLACEMENT_3D('',#15657,#12601,#12602);
#10786=AXIS2_PLACEMENT_3D('',#15663,#12606,#12607);
#10787=AXIS2_PLACEMENT_3D('',#15664,#12608,#12609);
#10788=AXIS2_PLACEMENT_3D('',#15665,#12610,#12611);
#10789=AXIS2_PLACEMENT_3D('',#15666,#12612,#12613);
#10790=AXIS2_PLACEMENT_3D('',#15675,#12618,#12619);
#10791=AXIS2_PLACEMENT_3D('',#15677,#12620,#12621);
#10792=AXIS2_PLACEMENT_3D('',#15680,#12623,#12624);
#10793=AXIS2_PLACEMENT_3D('',#15681,#12625,#12626);
#10794=AXIS2_PLACEMENT_3D('',#15687,#12630,#12631);
#10795=AXIS2_PLACEMENT_3D('',#15689,#12632,#12633);
#10796=AXIS2_PLACEMENT_3D('',#15692,#12635,#12636);
#10797=AXIS2_PLACEMENT_3D('',#15693,#12637,#12638);
#10798=AXIS2_PLACEMENT_3D('',#15699,#12642,#12643);
#10799=AXIS2_PLACEMENT_3D('',#15701,#12644,#12645);
#10800=AXIS2_PLACEMENT_3D('',#15704,#12647,#12648);
#10801=AXIS2_PLACEMENT_3D('',#15705,#12649,#12650);
#10802=AXIS2_PLACEMENT_3D('',#15711,#12654,#12655);
#10803=AXIS2_PLACEMENT_3D('',#15712,#12656,#12657);
#10804=AXIS2_PLACEMENT_3D('',#15713,#12658,#12659);
#10805=AXIS2_PLACEMENT_3D('',#15714,#12660,#12661);
#10806=AXIS2_PLACEMENT_3D('',#15723,#12666,#12667);
#10807=AXIS2_PLACEMENT_3D('',#15725,#12668,#12669);
#10808=AXIS2_PLACEMENT_3D('',#15728,#12671,#12672);
#10809=AXIS2_PLACEMENT_3D('',#15729,#12673,#12674);
#10810=AXIS2_PLACEMENT_3D('',#15735,#12678,#12679);
#10811=AXIS2_PLACEMENT_3D('',#15737,#12680,#12681);
#10812=AXIS2_PLACEMENT_3D('',#15740,#12683,#12684);
#10813=AXIS2_PLACEMENT_3D('',#15741,#12685,#12686);
#10814=AXIS2_PLACEMENT_3D('',#15747,#12690,#12691);
#10815=AXIS2_PLACEMENT_3D('',#15749,#12692,#12693);
#10816=AXIS2_PLACEMENT_3D('',#15752,#12695,#12696);
#10817=AXIS2_PLACEMENT_3D('',#15753,#12697,#12698);
#10818=AXIS2_PLACEMENT_3D('',#15759,#12702,#12703);
#10819=AXIS2_PLACEMENT_3D('',#15760,#12704,#12705);
#10820=AXIS2_PLACEMENT_3D('',#15761,#12706,#12707);
#10821=AXIS2_PLACEMENT_3D('',#15762,#12708,#12709);
#10822=AXIS2_PLACEMENT_3D('',#15771,#12714,#12715);
#10823=AXIS2_PLACEMENT_3D('',#15773,#12716,#12717);
#10824=AXIS2_PLACEMENT_3D('',#15776,#12719,#12720);
#10825=AXIS2_PLACEMENT_3D('',#15777,#12721,#12722);
#10826=AXIS2_PLACEMENT_3D('',#15783,#12726,#12727);
#10827=AXIS2_PLACEMENT_3D('',#15785,#12728,#12729);
#10828=AXIS2_PLACEMENT_3D('',#15788,#12731,#12732);
#10829=AXIS2_PLACEMENT_3D('',#15789,#12733,#12734);
#10830=AXIS2_PLACEMENT_3D('',#15795,#12738,#12739);
#10831=AXIS2_PLACEMENT_3D('',#15797,#12740,#12741);
#10832=AXIS2_PLACEMENT_3D('',#15800,#12743,#12744);
#10833=AXIS2_PLACEMENT_3D('',#15801,#12745,#12746);
#10834=AXIS2_PLACEMENT_3D('',#15807,#12750,#12751);
#10835=AXIS2_PLACEMENT_3D('',#15808,#12752,#12753);
#10836=AXIS2_PLACEMENT_3D('',#15809,#12754,#12755);
#10837=AXIS2_PLACEMENT_3D('',#15810,#12756,#12757);
#10838=AXIS2_PLACEMENT_3D('',#15819,#12762,#12763);
#10839=AXIS2_PLACEMENT_3D('',#15821,#12764,#12765);
#10840=AXIS2_PLACEMENT_3D('',#15824,#12767,#12768);
#10841=AXIS2_PLACEMENT_3D('',#15825,#12769,#12770);
#10842=AXIS2_PLACEMENT_3D('',#15831,#12774,#12775);
#10843=AXIS2_PLACEMENT_3D('',#15833,#12776,#12777);
#10844=AXIS2_PLACEMENT_3D('',#15836,#12779,#12780);
#10845=AXIS2_PLACEMENT_3D('',#15837,#12781,#12782);
#10846=AXIS2_PLACEMENT_3D('',#15843,#12786,#12787);
#10847=AXIS2_PLACEMENT_3D('',#15845,#12788,#12789);
#10848=AXIS2_PLACEMENT_3D('',#15848,#12791,#12792);
#10849=AXIS2_PLACEMENT_3D('',#15849,#12793,#12794);
#10850=AXIS2_PLACEMENT_3D('',#15855,#12798,#12799);
#10851=AXIS2_PLACEMENT_3D('',#15856,#12800,#12801);
#10852=AXIS2_PLACEMENT_3D('',#15857,#12802,#12803);
#10853=AXIS2_PLACEMENT_3D('',#15858,#12804,#12805);
#10854=AXIS2_PLACEMENT_3D('',#15867,#12810,#12811);
#10855=AXIS2_PLACEMENT_3D('',#15869,#12812,#12813);
#10856=AXIS2_PLACEMENT_3D('',#15872,#12815,#12816);
#10857=AXIS2_PLACEMENT_3D('',#15873,#12817,#12818);
#10858=AXIS2_PLACEMENT_3D('',#15879,#12822,#12823);
#10859=AXIS2_PLACEMENT_3D('',#15881,#12824,#12825);
#10860=AXIS2_PLACEMENT_3D('',#15884,#12827,#12828);
#10861=AXIS2_PLACEMENT_3D('',#15885,#12829,#12830);
#10862=AXIS2_PLACEMENT_3D('',#15891,#12834,#12835);
#10863=AXIS2_PLACEMENT_3D('',#15893,#12836,#12837);
#10864=AXIS2_PLACEMENT_3D('',#15896,#12839,#12840);
#10865=AXIS2_PLACEMENT_3D('',#15897,#12841,#12842);
#10866=AXIS2_PLACEMENT_3D('',#15903,#12846,#12847);
#10867=AXIS2_PLACEMENT_3D('',#15904,#12848,#12849);
#10868=AXIS2_PLACEMENT_3D('',#15905,#12850,#12851);
#10869=AXIS2_PLACEMENT_3D('',#15906,#12852,#12853);
#10870=AXIS2_PLACEMENT_3D('',#15915,#12858,#12859);
#10871=AXIS2_PLACEMENT_3D('',#15917,#12860,#12861);
#10872=AXIS2_PLACEMENT_3D('',#15920,#12863,#12864);
#10873=AXIS2_PLACEMENT_3D('',#15921,#12865,#12866);
#10874=AXIS2_PLACEMENT_3D('',#15927,#12870,#12871);
#10875=AXIS2_PLACEMENT_3D('',#15929,#12872,#12873);
#10876=AXIS2_PLACEMENT_3D('',#15932,#12875,#12876);
#10877=AXIS2_PLACEMENT_3D('',#15933,#12877,#12878);
#10878=AXIS2_PLACEMENT_3D('',#15939,#12882,#12883);
#10879=AXIS2_PLACEMENT_3D('',#15941,#12884,#12885);
#10880=AXIS2_PLACEMENT_3D('',#15944,#12887,#12888);
#10881=AXIS2_PLACEMENT_3D('',#15945,#12889,#12890);
#10882=AXIS2_PLACEMENT_3D('',#15951,#12894,#12895);
#10883=AXIS2_PLACEMENT_3D('',#15952,#12896,#12897);
#10884=AXIS2_PLACEMENT_3D('',#15953,#12898,#12899);
#10885=AXIS2_PLACEMENT_3D('',#15954,#12900,#12901);
#10886=AXIS2_PLACEMENT_3D('',#15963,#12906,#12907);
#10887=AXIS2_PLACEMENT_3D('',#15965,#12908,#12909);
#10888=AXIS2_PLACEMENT_3D('',#15968,#12911,#12912);
#10889=AXIS2_PLACEMENT_3D('',#15969,#12913,#12914);
#10890=AXIS2_PLACEMENT_3D('',#15975,#12918,#12919);
#10891=AXIS2_PLACEMENT_3D('',#15977,#12920,#12921);
#10892=AXIS2_PLACEMENT_3D('',#15980,#12923,#12924);
#10893=AXIS2_PLACEMENT_3D('',#15981,#12925,#12926);
#10894=AXIS2_PLACEMENT_3D('',#15987,#12930,#12931);
#10895=AXIS2_PLACEMENT_3D('',#15989,#12932,#12933);
#10896=AXIS2_PLACEMENT_3D('',#15992,#12935,#12936);
#10897=AXIS2_PLACEMENT_3D('',#15993,#12937,#12938);
#10898=AXIS2_PLACEMENT_3D('',#15999,#12942,#12943);
#10899=AXIS2_PLACEMENT_3D('',#16000,#12944,#12945);
#10900=AXIS2_PLACEMENT_3D('',#16001,#12946,#12947);
#10901=AXIS2_PLACEMENT_3D('',#16002,#12948,#12949);
#10902=AXIS2_PLACEMENT_3D('',#16011,#12954,#12955);
#10903=AXIS2_PLACEMENT_3D('',#16013,#12956,#12957);
#10904=AXIS2_PLACEMENT_3D('',#16016,#12959,#12960);
#10905=AXIS2_PLACEMENT_3D('',#16017,#12961,#12962);
#10906=AXIS2_PLACEMENT_3D('',#16023,#12966,#12967);
#10907=AXIS2_PLACEMENT_3D('',#16025,#12968,#12969);
#10908=AXIS2_PLACEMENT_3D('',#16028,#12971,#12972);
#10909=AXIS2_PLACEMENT_3D('',#16029,#12973,#12974);
#10910=AXIS2_PLACEMENT_3D('',#16035,#12978,#12979);
#10911=AXIS2_PLACEMENT_3D('',#16037,#12980,#12981);
#10912=AXIS2_PLACEMENT_3D('',#16040,#12983,#12984);
#10913=AXIS2_PLACEMENT_3D('',#16041,#12985,#12986);
#10914=AXIS2_PLACEMENT_3D('',#16047,#12990,#12991);
#10915=AXIS2_PLACEMENT_3D('',#16048,#12992,#12993);
#10916=AXIS2_PLACEMENT_3D('',#16049,#12994,#12995);
#10917=AXIS2_PLACEMENT_3D('',#16050,#12996,#12997);
#10918=AXIS2_PLACEMENT_3D('',#16059,#13002,#13003);
#10919=AXIS2_PLACEMENT_3D('',#16061,#13004,#13005);
#10920=AXIS2_PLACEMENT_3D('',#16064,#13007,#13008);
#10921=AXIS2_PLACEMENT_3D('',#16065,#13009,#13010);
#10922=AXIS2_PLACEMENT_3D('',#16071,#13014,#13015);
#10923=AXIS2_PLACEMENT_3D('',#16073,#13016,#13017);
#10924=AXIS2_PLACEMENT_3D('',#16076,#13019,#13020);
#10925=AXIS2_PLACEMENT_3D('',#16077,#13021,#13022);
#10926=AXIS2_PLACEMENT_3D('',#16083,#13026,#13027);
#10927=AXIS2_PLACEMENT_3D('',#16085,#13028,#13029);
#10928=AXIS2_PLACEMENT_3D('',#16088,#13031,#13032);
#10929=AXIS2_PLACEMENT_3D('',#16089,#13033,#13034);
#10930=AXIS2_PLACEMENT_3D('',#16095,#13038,#13039);
#10931=AXIS2_PLACEMENT_3D('',#16096,#13040,#13041);
#10932=AXIS2_PLACEMENT_3D('',#16097,#13042,#13043);
#10933=AXIS2_PLACEMENT_3D('',#16098,#13044,#13045);
#10934=AXIS2_PLACEMENT_3D('',#16107,#13050,#13051);
#10935=AXIS2_PLACEMENT_3D('',#16109,#13052,#13053);
#10936=AXIS2_PLACEMENT_3D('',#16112,#13055,#13056);
#10937=AXIS2_PLACEMENT_3D('',#16113,#13057,#13058);
#10938=AXIS2_PLACEMENT_3D('',#16119,#13062,#13063);
#10939=AXIS2_PLACEMENT_3D('',#16121,#13064,#13065);
#10940=AXIS2_PLACEMENT_3D('',#16124,#13067,#13068);
#10941=AXIS2_PLACEMENT_3D('',#16125,#13069,#13070);
#10942=AXIS2_PLACEMENT_3D('',#16131,#13074,#13075);
#10943=AXIS2_PLACEMENT_3D('',#16133,#13076,#13077);
#10944=AXIS2_PLACEMENT_3D('',#16136,#13079,#13080);
#10945=AXIS2_PLACEMENT_3D('',#16137,#13081,#13082);
#10946=AXIS2_PLACEMENT_3D('',#16143,#13086,#13087);
#10947=AXIS2_PLACEMENT_3D('',#16144,#13088,#13089);
#10948=AXIS2_PLACEMENT_3D('',#16145,#13090,#13091);
#10949=AXIS2_PLACEMENT_3D('',#16146,#13092,#13093);
#10950=AXIS2_PLACEMENT_3D('',#16155,#13098,#13099);
#10951=AXIS2_PLACEMENT_3D('',#16157,#13100,#13101);
#10952=AXIS2_PLACEMENT_3D('',#16160,#13103,#13104);
#10953=AXIS2_PLACEMENT_3D('',#16161,#13105,#13106);
#10954=AXIS2_PLACEMENT_3D('',#16167,#13110,#13111);
#10955=AXIS2_PLACEMENT_3D('',#16169,#13112,#13113);
#10956=AXIS2_PLACEMENT_3D('',#16172,#13115,#13116);
#10957=AXIS2_PLACEMENT_3D('',#16173,#13117,#13118);
#10958=AXIS2_PLACEMENT_3D('',#16179,#13122,#13123);
#10959=AXIS2_PLACEMENT_3D('',#16181,#13124,#13125);
#10960=AXIS2_PLACEMENT_3D('',#16184,#13127,#13128);
#10961=AXIS2_PLACEMENT_3D('',#16185,#13129,#13130);
#10962=AXIS2_PLACEMENT_3D('',#16191,#13134,#13135);
#10963=AXIS2_PLACEMENT_3D('',#16192,#13136,#13137);
#10964=AXIS2_PLACEMENT_3D('',#16193,#13138,#13139);
#10965=AXIS2_PLACEMENT_3D('',#16194,#13140,#13141);
#10966=AXIS2_PLACEMENT_3D('',#16197,#13142,#13143);
#10967=AXIS2_PLACEMENT_3D('',#16201,#13145,#13146);
#10968=AXIS2_PLACEMENT_3D('',#16203,#13148,#13149);
#10969=AXIS2_PLACEMENT_3D('',#16209,#13153,#13154);
#10970=AXIS2_PLACEMENT_3D('',#16211,#13155,#13156);
#10971=AXIS2_PLACEMENT_3D('',#16214,#13158,#13159);
#10972=AXIS2_PLACEMENT_3D('',#16215,#13160,#13161);
#10973=AXIS2_PLACEMENT_3D('',#16221,#13165,#13166);
#10974=AXIS2_PLACEMENT_3D('',#16223,#13167,#13168);
#10975=AXIS2_PLACEMENT_3D('',#16226,#13170,#13171);
#10976=AXIS2_PLACEMENT_3D('',#16227,#13172,#13173);
#10977=AXIS2_PLACEMENT_3D('',#16233,#13177,#13178);
#10978=AXIS2_PLACEMENT_3D('',#16235,#13179,#13180);
#10979=AXIS2_PLACEMENT_3D('',#16238,#13182,#13183);
#10980=AXIS2_PLACEMENT_3D('',#16239,#13184,#13185);
#10981=AXIS2_PLACEMENT_3D('',#16245,#13189,#13190);
#10982=AXIS2_PLACEMENT_3D('',#16247,#13191,#13192);
#10983=AXIS2_PLACEMENT_3D('',#16250,#13194,#13195);
#10984=AXIS2_PLACEMENT_3D('',#16251,#13196,#13197);
#10985=AXIS2_PLACEMENT_3D('',#16257,#13201,#13202);
#10986=AXIS2_PLACEMENT_3D('',#16259,#13203,#13204);
#10987=AXIS2_PLACEMENT_3D('',#16262,#13206,#13207);
#10988=AXIS2_PLACEMENT_3D('',#16263,#13208,#13209);
#10989=AXIS2_PLACEMENT_3D('',#16269,#13213,#13214);
#10990=AXIS2_PLACEMENT_3D('',#16271,#13215,#13216);
#10991=AXIS2_PLACEMENT_3D('',#16274,#13218,#13219);
#10992=AXIS2_PLACEMENT_3D('',#16275,#13220,#13221);
#10993=AXIS2_PLACEMENT_3D('',#16281,#13225,#13226);
#10994=AXIS2_PLACEMENT_3D('',#16283,#13227,#13228);
#10995=AXIS2_PLACEMENT_3D('',#16286,#13230,#13231);
#10996=AXIS2_PLACEMENT_3D('',#16287,#13232,#13233);
#10997=AXIS2_PLACEMENT_3D('',#16293,#13237,#13238);
#10998=AXIS2_PLACEMENT_3D('',#16295,#13239,#13240);
#10999=AXIS2_PLACEMENT_3D('',#16298,#13242,#13243);
#11000=AXIS2_PLACEMENT_3D('',#16299,#13244,#13245);
#11001=AXIS2_PLACEMENT_3D('',#16305,#13249,#13250);
#11002=AXIS2_PLACEMENT_3D('',#16307,#13251,#13252);
#11003=AXIS2_PLACEMENT_3D('',#16310,#13254,#13255);
#11004=AXIS2_PLACEMENT_3D('',#16311,#13256,#13257);
#11005=AXIS2_PLACEMENT_3D('',#16317,#13261,#13262);
#11006=AXIS2_PLACEMENT_3D('',#16319,#13263,#13264);
#11007=AXIS2_PLACEMENT_3D('',#16322,#13266,#13267);
#11008=AXIS2_PLACEMENT_3D('',#16323,#13268,#13269);
#11009=AXIS2_PLACEMENT_3D('',#16329,#13273,#13274);
#11010=AXIS2_PLACEMENT_3D('',#16331,#13275,#13276);
#11011=AXIS2_PLACEMENT_3D('',#16334,#13278,#13279);
#11012=AXIS2_PLACEMENT_3D('',#16335,#13280,#13281);
#11013=AXIS2_PLACEMENT_3D('',#16338,#13284,#13285);
#11014=AXIS2_PLACEMENT_3D('',#16341,#13286,#13287);
#11015=AXIS2_PLACEMENT_3D('',#16345,#13289,#13290);
#11016=AXIS2_PLACEMENT_3D('',#16347,#13292,#13293);
#11017=AXIS2_PLACEMENT_3D('',#16353,#13297,#13298);
#11018=AXIS2_PLACEMENT_3D('',#16355,#13299,#13300);
#11019=AXIS2_PLACEMENT_3D('',#16358,#13302,#13303);
#11020=AXIS2_PLACEMENT_3D('',#16359,#13304,#13305);
#11021=AXIS2_PLACEMENT_3D('',#16365,#13309,#13310);
#11022=AXIS2_PLACEMENT_3D('',#16367,#13311,#13312);
#11023=AXIS2_PLACEMENT_3D('',#16370,#13314,#13315);
#11024=AXIS2_PLACEMENT_3D('',#16371,#13316,#13317);
#11025=AXIS2_PLACEMENT_3D('',#16377,#13321,#13322);
#11026=AXIS2_PLACEMENT_3D('',#16379,#13323,#13324);
#11027=AXIS2_PLACEMENT_3D('',#16382,#13326,#13327);
#11028=AXIS2_PLACEMENT_3D('',#16383,#13328,#13329);
#11029=AXIS2_PLACEMENT_3D('',#16389,#13333,#13334);
#11030=AXIS2_PLACEMENT_3D('',#16391,#13335,#13336);
#11031=AXIS2_PLACEMENT_3D('',#16394,#13338,#13339);
#11032=AXIS2_PLACEMENT_3D('',#16395,#13340,#13341);
#11033=AXIS2_PLACEMENT_3D('',#16401,#13345,#13346);
#11034=AXIS2_PLACEMENT_3D('',#16403,#13347,#13348);
#11035=AXIS2_PLACEMENT_3D('',#16406,#13350,#13351);
#11036=AXIS2_PLACEMENT_3D('',#16407,#13352,#13353);
#11037=AXIS2_PLACEMENT_3D('',#16413,#13357,#13358);
#11038=AXIS2_PLACEMENT_3D('',#16415,#13359,#13360);
#11039=AXIS2_PLACEMENT_3D('',#16418,#13362,#13363);
#11040=AXIS2_PLACEMENT_3D('',#16419,#13364,#13365);
#11041=AXIS2_PLACEMENT_3D('',#16425,#13369,#13370);
#11042=AXIS2_PLACEMENT_3D('',#16427,#13371,#13372);
#11043=AXIS2_PLACEMENT_3D('',#16430,#13374,#13375);
#11044=AXIS2_PLACEMENT_3D('',#16431,#13376,#13377);
#11045=AXIS2_PLACEMENT_3D('',#16437,#13381,#13382);
#11046=AXIS2_PLACEMENT_3D('',#16439,#13383,#13384);
#11047=AXIS2_PLACEMENT_3D('',#16442,#13386,#13387);
#11048=AXIS2_PLACEMENT_3D('',#16443,#13388,#13389);
#11049=AXIS2_PLACEMENT_3D('',#16449,#13393,#13394);
#11050=AXIS2_PLACEMENT_3D('',#16451,#13395,#13396);
#11051=AXIS2_PLACEMENT_3D('',#16454,#13398,#13399);
#11052=AXIS2_PLACEMENT_3D('',#16455,#13400,#13401);
#11053=AXIS2_PLACEMENT_3D('',#16461,#13405,#13406);
#11054=AXIS2_PLACEMENT_3D('',#16463,#13407,#13408);
#11055=AXIS2_PLACEMENT_3D('',#16466,#13410,#13411);
#11056=AXIS2_PLACEMENT_3D('',#16467,#13412,#13413);
#11057=AXIS2_PLACEMENT_3D('',#16473,#13417,#13418);
#11058=AXIS2_PLACEMENT_3D('',#16475,#13419,#13420);
#11059=AXIS2_PLACEMENT_3D('',#16478,#13422,#13423);
#11060=AXIS2_PLACEMENT_3D('',#16479,#13424,#13425);
#11061=AXIS2_PLACEMENT_3D('',#16482,#13428,#13429);
#11062=AXIS2_PLACEMENT_3D('',#16491,#13434,#13435);
#11063=AXIS2_PLACEMENT_3D('',#16493,#13436,#13437);
#11064=AXIS2_PLACEMENT_3D('',#16496,#13439,#13440);
#11065=AXIS2_PLACEMENT_3D('',#16497,#13441,#13442);
#11066=AXIS2_PLACEMENT_3D('',#16503,#13446,#13447);
#11067=AXIS2_PLACEMENT_3D('',#16505,#13448,#13449);
#11068=AXIS2_PLACEMENT_3D('',#16508,#13451,#13452);
#11069=AXIS2_PLACEMENT_3D('',#16509,#13453,#13454);
#11070=AXIS2_PLACEMENT_3D('',#16515,#13458,#13459);
#11071=AXIS2_PLACEMENT_3D('',#16517,#13460,#13461);
#11072=AXIS2_PLACEMENT_3D('',#16520,#13463,#13464);
#11073=AXIS2_PLACEMENT_3D('',#16521,#13465,#13466);
#11074=AXIS2_PLACEMENT_3D('',#16527,#13470,#13471);
#11075=AXIS2_PLACEMENT_3D('',#16528,#13472,#13473);
#11076=AXIS2_PLACEMENT_3D('',#16529,#13474,#13475);
#11077=AXIS2_PLACEMENT_3D('',#16530,#13476,#13477);
#11078=AXIS2_PLACEMENT_3D('',#16539,#13482,#13483);
#11079=AXIS2_PLACEMENT_3D('',#16541,#13484,#13485);
#11080=AXIS2_PLACEMENT_3D('',#16544,#13487,#13488);
#11081=AXIS2_PLACEMENT_3D('',#16545,#13489,#13490);
#11082=AXIS2_PLACEMENT_3D('',#16551,#13494,#13495);
#11083=AXIS2_PLACEMENT_3D('',#16553,#13496,#13497);
#11084=AXIS2_PLACEMENT_3D('',#16556,#13499,#13500);
#11085=AXIS2_PLACEMENT_3D('',#16557,#13501,#13502);
#11086=AXIS2_PLACEMENT_3D('',#16563,#13506,#13507);
#11087=AXIS2_PLACEMENT_3D('',#16565,#13508,#13509);
#11088=AXIS2_PLACEMENT_3D('',#16568,#13511,#13512);
#11089=AXIS2_PLACEMENT_3D('',#16569,#13513,#13514);
#11090=AXIS2_PLACEMENT_3D('',#16575,#13518,#13519);
#11091=AXIS2_PLACEMENT_3D('',#16576,#13520,#13521);
#11092=AXIS2_PLACEMENT_3D('',#16577,#13522,#13523);
#11093=AXIS2_PLACEMENT_3D('',#16578,#13524,#13525);
#11094=AXIS2_PLACEMENT_3D('',#16587,#13530,#13531);
#11095=AXIS2_PLACEMENT_3D('',#16589,#13532,#13533);
#11096=AXIS2_PLACEMENT_3D('',#16592,#13535,#13536);
#11097=AXIS2_PLACEMENT_3D('',#16593,#13537,#13538);
#11098=AXIS2_PLACEMENT_3D('',#16599,#13542,#13543);
#11099=AXIS2_PLACEMENT_3D('',#16601,#13544,#13545);
#11100=AXIS2_PLACEMENT_3D('',#16604,#13547,#13548);
#11101=AXIS2_PLACEMENT_3D('',#16605,#13549,#13550);
#11102=AXIS2_PLACEMENT_3D('',#16611,#13554,#13555);
#11103=AXIS2_PLACEMENT_3D('',#16613,#13556,#13557);
#11104=AXIS2_PLACEMENT_3D('',#16616,#13559,#13560);
#11105=AXIS2_PLACEMENT_3D('',#16617,#13561,#13562);
#11106=AXIS2_PLACEMENT_3D('',#16623,#13566,#13567);
#11107=AXIS2_PLACEMENT_3D('',#16624,#13568,#13569);
#11108=AXIS2_PLACEMENT_3D('',#16625,#13570,#13571);
#11109=AXIS2_PLACEMENT_3D('',#16626,#13572,#13573);
#11110=AXIS2_PLACEMENT_3D('',#16635,#13578,#13579);
#11111=AXIS2_PLACEMENT_3D('',#16637,#13580,#13581);
#11112=AXIS2_PLACEMENT_3D('',#16640,#13583,#13584);
#11113=AXIS2_PLACEMENT_3D('',#16641,#13585,#13586);
#11114=AXIS2_PLACEMENT_3D('',#16647,#13590,#13591);
#11115=AXIS2_PLACEMENT_3D('',#16649,#13592,#13593);
#11116=AXIS2_PLACEMENT_3D('',#16652,#13595,#13596);
#11117=AXIS2_PLACEMENT_3D('',#16653,#13597,#13598);
#11118=AXIS2_PLACEMENT_3D('',#16659,#13602,#13603);
#11119=AXIS2_PLACEMENT_3D('',#16661,#13604,#13605);
#11120=AXIS2_PLACEMENT_3D('',#16664,#13607,#13608);
#11121=AXIS2_PLACEMENT_3D('',#16665,#13609,#13610);
#11122=AXIS2_PLACEMENT_3D('',#16671,#13614,#13615);
#11123=AXIS2_PLACEMENT_3D('',#16672,#13616,#13617);
#11124=AXIS2_PLACEMENT_3D('',#16673,#13618,#13619);
#11125=AXIS2_PLACEMENT_3D('',#16674,#13620,#13621);
#11126=AXIS2_PLACEMENT_3D('',#16683,#13626,#13627);
#11127=AXIS2_PLACEMENT_3D('',#16685,#13628,#13629);
#11128=AXIS2_PLACEMENT_3D('',#16688,#13631,#13632);
#11129=AXIS2_PLACEMENT_3D('',#16689,#13633,#13634);
#11130=AXIS2_PLACEMENT_3D('',#16695,#13638,#13639);
#11131=AXIS2_PLACEMENT_3D('',#16697,#13640,#13641);
#11132=AXIS2_PLACEMENT_3D('',#16700,#13643,#13644);
#11133=AXIS2_PLACEMENT_3D('',#16701,#13645,#13646);
#11134=AXIS2_PLACEMENT_3D('',#16707,#13650,#13651);
#11135=AXIS2_PLACEMENT_3D('',#16709,#13652,#13653);
#11136=AXIS2_PLACEMENT_3D('',#16712,#13655,#13656);
#11137=AXIS2_PLACEMENT_3D('',#16713,#13657,#13658);
#11138=AXIS2_PLACEMENT_3D('',#16719,#13662,#13663);
#11139=AXIS2_PLACEMENT_3D('',#16720,#13664,#13665);
#11140=AXIS2_PLACEMENT_3D('',#16721,#13666,#13667);
#11141=AXIS2_PLACEMENT_3D('',#16722,#13668,#13669);
#11142=AXIS2_PLACEMENT_3D('',#16731,#13674,#13675);
#11143=AXIS2_PLACEMENT_3D('',#16733,#13676,#13677);
#11144=AXIS2_PLACEMENT_3D('',#16736,#13679,#13680);
#11145=AXIS2_PLACEMENT_3D('',#16737,#13681,#13682);
#11146=AXIS2_PLACEMENT_3D('',#16743,#13686,#13687);
#11147=AXIS2_PLACEMENT_3D('',#16745,#13688,#13689);
#11148=AXIS2_PLACEMENT_3D('',#16748,#13691,#13692);
#11149=AXIS2_PLACEMENT_3D('',#16749,#13693,#13694);
#11150=AXIS2_PLACEMENT_3D('',#16755,#13698,#13699);
#11151=AXIS2_PLACEMENT_3D('',#16757,#13700,#13701);
#11152=AXIS2_PLACEMENT_3D('',#16760,#13703,#13704);
#11153=AXIS2_PLACEMENT_3D('',#16761,#13705,#13706);
#11154=AXIS2_PLACEMENT_3D('',#16767,#13710,#13711);
#11155=AXIS2_PLACEMENT_3D('',#16768,#13712,#13713);
#11156=AXIS2_PLACEMENT_3D('',#16769,#13714,#13715);
#11157=AXIS2_PLACEMENT_3D('',#16770,#13716,#13717);
#11158=AXIS2_PLACEMENT_3D('',#16779,#13722,#13723);
#11159=AXIS2_PLACEMENT_3D('',#16781,#13724,#13725);
#11160=AXIS2_PLACEMENT_3D('',#16784,#13727,#13728);
#11161=AXIS2_PLACEMENT_3D('',#16785,#13729,#13730);
#11162=AXIS2_PLACEMENT_3D('',#16791,#13734,#13735);
#11163=AXIS2_PLACEMENT_3D('',#16793,#13736,#13737);
#11164=AXIS2_PLACEMENT_3D('',#16796,#13739,#13740);
#11165=AXIS2_PLACEMENT_3D('',#16797,#13741,#13742);
#11166=AXIS2_PLACEMENT_3D('',#16803,#13746,#13747);
#11167=AXIS2_PLACEMENT_3D('',#16805,#13748,#13749);
#11168=AXIS2_PLACEMENT_3D('',#16808,#13751,#13752);
#11169=AXIS2_PLACEMENT_3D('',#16809,#13753,#13754);
#11170=AXIS2_PLACEMENT_3D('',#16815,#13758,#13759);
#11171=AXIS2_PLACEMENT_3D('',#16816,#13760,#13761);
#11172=AXIS2_PLACEMENT_3D('',#16817,#13762,#13763);
#11173=AXIS2_PLACEMENT_3D('',#16818,#13764,#13765);
#11174=AXIS2_PLACEMENT_3D('',#16827,#13770,#13771);
#11175=AXIS2_PLACEMENT_3D('',#16829,#13772,#13773);
#11176=AXIS2_PLACEMENT_3D('',#16832,#13775,#13776);
#11177=AXIS2_PLACEMENT_3D('',#16833,#13777,#13778);
#11178=AXIS2_PLACEMENT_3D('',#16839,#13782,#13783);
#11179=AXIS2_PLACEMENT_3D('',#16841,#13784,#13785);
#11180=AXIS2_PLACEMENT_3D('',#16844,#13787,#13788);
#11181=AXIS2_PLACEMENT_3D('',#16845,#13789,#13790);
#11182=AXIS2_PLACEMENT_3D('',#16851,#13794,#13795);
#11183=AXIS2_PLACEMENT_3D('',#16853,#13796,#13797);
#11184=AXIS2_PLACEMENT_3D('',#16856,#13799,#13800);
#11185=AXIS2_PLACEMENT_3D('',#16857,#13801,#13802);
#11186=AXIS2_PLACEMENT_3D('',#16863,#13806,#13807);
#11187=AXIS2_PLACEMENT_3D('',#16864,#13808,#13809);
#11188=AXIS2_PLACEMENT_3D('',#16865,#13810,#13811);
#11189=AXIS2_PLACEMENT_3D('',#16866,#13812,#13813);
#11190=AXIS2_PLACEMENT_3D('',#16875,#13818,#13819);
#11191=AXIS2_PLACEMENT_3D('',#16877,#13820,#13821);
#11192=AXIS2_PLACEMENT_3D('',#16880,#13823,#13824);
#11193=AXIS2_PLACEMENT_3D('',#16881,#13825,#13826);
#11194=AXIS2_PLACEMENT_3D('',#16887,#13830,#13831);
#11195=AXIS2_PLACEMENT_3D('',#16889,#13832,#13833);
#11196=AXIS2_PLACEMENT_3D('',#16892,#13835,#13836);
#11197=AXIS2_PLACEMENT_3D('',#16893,#13837,#13838);
#11198=AXIS2_PLACEMENT_3D('',#16899,#13842,#13843);
#11199=AXIS2_PLACEMENT_3D('',#16901,#13844,#13845);
#11200=AXIS2_PLACEMENT_3D('',#16904,#13847,#13848);
#11201=AXIS2_PLACEMENT_3D('',#16905,#13849,#13850);
#11202=AXIS2_PLACEMENT_3D('',#16911,#13854,#13855);
#11203=AXIS2_PLACEMENT_3D('',#16912,#13856,#13857);
#11204=AXIS2_PLACEMENT_3D('',#16913,#13858,#13859);
#11205=AXIS2_PLACEMENT_3D('',#16914,#13860,#13861);
#11206=AXIS2_PLACEMENT_3D('',#16923,#13866,#13867);
#11207=AXIS2_PLACEMENT_3D('',#16925,#13868,#13869);
#11208=AXIS2_PLACEMENT_3D('',#16928,#13871,#13872);
#11209=AXIS2_PLACEMENT_3D('',#16929,#13873,#13874);
#11210=AXIS2_PLACEMENT_3D('',#16935,#13878,#13879);
#11211=AXIS2_PLACEMENT_3D('',#16937,#13880,#13881);
#11212=AXIS2_PLACEMENT_3D('',#16940,#13883,#13884);
#11213=AXIS2_PLACEMENT_3D('',#16941,#13885,#13886);
#11214=AXIS2_PLACEMENT_3D('',#16947,#13890,#13891);
#11215=AXIS2_PLACEMENT_3D('',#16949,#13892,#13893);
#11216=AXIS2_PLACEMENT_3D('',#16952,#13895,#13896);
#11217=AXIS2_PLACEMENT_3D('',#16953,#13897,#13898);
#11218=AXIS2_PLACEMENT_3D('',#16959,#13902,#13903);
#11219=AXIS2_PLACEMENT_3D('',#16960,#13904,#13905);
#11220=AXIS2_PLACEMENT_3D('',#16961,#13906,#13907);
#11221=AXIS2_PLACEMENT_3D('',#16962,#13908,#13909);
#11222=AXIS2_PLACEMENT_3D('',#16971,#13914,#13915);
#11223=AXIS2_PLACEMENT_3D('',#16973,#13916,#13917);
#11224=AXIS2_PLACEMENT_3D('',#16976,#13919,#13920);
#11225=AXIS2_PLACEMENT_3D('',#16977,#13921,#13922);
#11226=AXIS2_PLACEMENT_3D('',#16983,#13926,#13927);
#11227=AXIS2_PLACEMENT_3D('',#16985,#13928,#13929);
#11228=AXIS2_PLACEMENT_3D('',#16988,#13931,#13932);
#11229=AXIS2_PLACEMENT_3D('',#16989,#13933,#13934);
#11230=AXIS2_PLACEMENT_3D('',#16995,#13938,#13939);
#11231=AXIS2_PLACEMENT_3D('',#16997,#13940,#13941);
#11232=AXIS2_PLACEMENT_3D('',#17000,#13943,#13944);
#11233=AXIS2_PLACEMENT_3D('',#17001,#13945,#13946);
#11234=AXIS2_PLACEMENT_3D('',#17007,#13950,#13951);
#11235=AXIS2_PLACEMENT_3D('',#17008,#13952,#13953);
#11236=AXIS2_PLACEMENT_3D('',#17009,#13954,#13955);
#11237=AXIS2_PLACEMENT_3D('',#17010,#13956,#13957);
#11238=AXIS2_PLACEMENT_3D('',#17019,#13962,#13963);
#11239=AXIS2_PLACEMENT_3D('',#17021,#13964,#13965);
#11240=AXIS2_PLACEMENT_3D('',#17024,#13967,#13968);
#11241=AXIS2_PLACEMENT_3D('',#17025,#13969,#13970);
#11242=AXIS2_PLACEMENT_3D('',#17031,#13974,#13975);
#11243=AXIS2_PLACEMENT_3D('',#17033,#13976,#13977);
#11244=AXIS2_PLACEMENT_3D('',#17036,#13979,#13980);
#11245=AXIS2_PLACEMENT_3D('',#17037,#13981,#13982);
#11246=AXIS2_PLACEMENT_3D('',#17043,#13986,#13987);
#11247=AXIS2_PLACEMENT_3D('',#17045,#13988,#13989);
#11248=AXIS2_PLACEMENT_3D('',#17048,#13991,#13992);
#11249=AXIS2_PLACEMENT_3D('',#17049,#13993,#13994);
#11250=AXIS2_PLACEMENT_3D('',#17055,#13998,#13999);
#11251=AXIS2_PLACEMENT_3D('',#17056,#14000,#14001);
#11252=AXIS2_PLACEMENT_3D('',#17057,#14002,#14003);
#11253=AXIS2_PLACEMENT_3D('',#17058,#14004,#14005);
#11254=AXIS2_PLACEMENT_3D('',#17067,#14010,#14011);
#11255=AXIS2_PLACEMENT_3D('',#17073,#14015,#14016);
#11256=AXIS2_PLACEMENT_3D('',#17078,#14018,#14019);
#11257=AXIS2_PLACEMENT_3D('',#17082,#14021,#14022);
#11258=AXIS2_PLACEMENT_3D('',#17086,#14024,#14025);
#11259=AXIS2_PLACEMENT_3D('',#17090,#14027,#14028);
#11260=AXIS2_PLACEMENT_3D('',#17094,#14030,#14031);
#11261=AXIS2_PLACEMENT_3D('',#17098,#14033,#14034);
#11262=AXIS2_PLACEMENT_3D('',#17102,#14036,#14037);
#11263=AXIS2_PLACEMENT_3D('',#17106,#14039,#14040);
#11264=AXIS2_PLACEMENT_3D('',#17110,#14042,#14043);
#11265=AXIS2_PLACEMENT_3D('',#17114,#14045,#14046);
#11266=AXIS2_PLACEMENT_3D('',#17118,#14048,#14049);
#11267=AXIS2_PLACEMENT_3D('',#17122,#14051,#14052);
#11268=AXIS2_PLACEMENT_3D('',#17126,#14054,#14055);
#11269=AXIS2_PLACEMENT_3D('',#17130,#14057,#14058);
#11270=AXIS2_PLACEMENT_3D('',#17134,#14060,#14061);
#11271=AXIS2_PLACEMENT_3D('',#17138,#14063,#14064);
#11272=AXIS2_PLACEMENT_3D('',#17142,#14066,#14067);
#11273=AXIS2_PLACEMENT_3D('',#17146,#14069,#14070);
#11274=AXIS2_PLACEMENT_3D('',#17151,#14073,#14074);
#11275=AXIS2_PLACEMENT_3D('',#17155,#14076,#14077);
#11276=AXIS2_PLACEMENT_3D('',#17159,#14079,#14080);
#11277=AXIS2_PLACEMENT_3D('',#17163,#14082,#14083);
#11278=AXIS2_PLACEMENT_3D('',#17167,#14085,#14086);
#11279=AXIS2_PLACEMENT_3D('',#17171,#14088,#14089);
#11280=AXIS2_PLACEMENT_3D('',#17175,#14091,#14092);
#11281=AXIS2_PLACEMENT_3D('',#17179,#14094,#14095);
#11282=AXIS2_PLACEMENT_3D('',#17183,#14097,#14098);
#11283=AXIS2_PLACEMENT_3D('',#17187,#14100,#14101);
#11284=AXIS2_PLACEMENT_3D('',#17191,#14103,#14104);
#11285=AXIS2_PLACEMENT_3D('',#17195,#14106,#14107);
#11286=AXIS2_PLACEMENT_3D('',#17199,#14109,#14110);
#11287=AXIS2_PLACEMENT_3D('',#17203,#14112,#14113);
#11288=AXIS2_PLACEMENT_3D('',#17207,#14115,#14116);
#11289=AXIS2_PLACEMENT_3D('',#17211,#14118,#14119);
#11290=AXIS2_PLACEMENT_3D('',#17215,#14121,#14122);
#11291=AXIS2_PLACEMENT_3D('',#17218,#14124,#14125);
#11292=AXIS2_PLACEMENT_3D('',#17219,#14126,#14127);
#11293=AXIS2_PLACEMENT_3D('',#17223,#14129,#14130);
#11294=AXIS2_PLACEMENT_3D('',#17227,#14132,#14133);
#11295=AXIS2_PLACEMENT_3D('',#17231,#14135,#14136);
#11296=AXIS2_PLACEMENT_3D('',#17235,#14138,#14139);
#11297=AXIS2_PLACEMENT_3D('',#17239,#14141,#14142);
#11298=AXIS2_PLACEMENT_3D('',#17243,#14144,#14145);
#11299=AXIS2_PLACEMENT_3D('',#17247,#14147,#14148);
#11300=AXIS2_PLACEMENT_3D('',#17251,#14150,#14151);
#11301=AXIS2_PLACEMENT_3D('',#17255,#14153,#14154);
#11302=AXIS2_PLACEMENT_3D('',#17259,#14156,#14157);
#11303=AXIS2_PLACEMENT_3D('',#17263,#14159,#14160);
#11304=AXIS2_PLACEMENT_3D('',#17267,#14162,#14163);
#11305=AXIS2_PLACEMENT_3D('',#17271,#14165,#14166);
#11306=AXIS2_PLACEMENT_3D('',#17275,#14168,#14169);
#11307=AXIS2_PLACEMENT_3D('',#17279,#14171,#14172);
#11308=AXIS2_PLACEMENT_3D('',#17283,#14174,#14175);
#11309=AXIS2_PLACEMENT_3D('',#17287,#14177,#14178);
#11310=AXIS2_PLACEMENT_3D('',#17291,#14180,#14181);
#11311=AXIS2_PLACEMENT_3D('',#17295,#14183,#14184);
#11312=AXIS2_PLACEMENT_3D('',#17299,#14186,#14187);
#11313=AXIS2_PLACEMENT_3D('',#17303,#14189,#14190);
#11314=AXIS2_PLACEMENT_3D('',#17307,#14192,#14193);
#11315=AXIS2_PLACEMENT_3D('',#17311,#14195,#14196);
#11316=AXIS2_PLACEMENT_3D('',#17315,#14198,#14199);
#11317=AXIS2_PLACEMENT_3D('',#17319,#14201,#14202);
#11318=AXIS2_PLACEMENT_3D('',#17323,#14204,#14205);
#11319=AXIS2_PLACEMENT_3D('',#17327,#14207,#14208);
#11320=AXIS2_PLACEMENT_3D('',#17331,#14210,#14211);
#11321=AXIS2_PLACEMENT_3D('',#17335,#14213,#14214);
#11322=AXIS2_PLACEMENT_3D('',#17339,#14216,#14217);
#11323=AXIS2_PLACEMENT_3D('',#17343,#14219,#14220);
#11324=AXIS2_PLACEMENT_3D('',#17347,#14222,#14223);
#11325=AXIS2_PLACEMENT_3D('',#17351,#14225,#14226);
#11326=AXIS2_PLACEMENT_3D('',#17355,#14228,#14229);
#11327=AXIS2_PLACEMENT_3D('',#17359,#14231,#14232);
#11328=AXIS2_PLACEMENT_3D('',#17363,#14234,#14235);
#11329=AXIS2_PLACEMENT_3D('',#17365,#14237,#14238);
#11330=AXIS2_PLACEMENT_3D('',#17367,#14240,#14241);
#11331=AXIS2_PLACEMENT_3D('',#17369,#14243,#14244);
#11332=AXIS2_PLACEMENT_3D('',#17372,#14247,#14248);
#11333=AXIS2_PLACEMENT_3D('',#17374,#14250,#14251);
#11334=AXIS2_PLACEMENT_3D('',#17376,#14253,#14254);
#11335=AXIS2_PLACEMENT_3D('',#17378,#14256,#14257);
#11336=AXIS2_PLACEMENT_3D('',#17379,#14258,#14259);
#11337=AXIS2_PLACEMENT_3D('',#17381,#14261,#14262);
#11338=AXIS2_PLACEMENT_3D('',#17383,#14264,#14265);
#11339=AXIS2_PLACEMENT_3D('',#17385,#14267,#14268);
#11340=AXIS2_PLACEMENT_3D('',#17387,#14270,#14271);
#11341=AXIS2_PLACEMENT_3D('',#17389,#14273,#14274);
#11342=AXIS2_PLACEMENT_3D('',#17391,#14276,#14277);
#11343=AXIS2_PLACEMENT_3D('',#17393,#14279,#14280);
#11344=AXIS2_PLACEMENT_3D('',#17395,#14282,#14283);
#11345=AXIS2_PLACEMENT_3D('',#17397,#14285,#14286);
#11346=AXIS2_PLACEMENT_3D('',#17399,#14288,#14289);
#11347=AXIS2_PLACEMENT_3D('',#17401,#14291,#14292);
#11348=AXIS2_PLACEMENT_3D('',#17403,#14294,#14295);
#11349=AXIS2_PLACEMENT_3D('',#17405,#14297,#14298);
#11350=AXIS2_PLACEMENT_3D('',#17407,#14300,#14301);
#11351=AXIS2_PLACEMENT_3D('',#17409,#14303,#14304);
#11352=AXIS2_PLACEMENT_3D('',#17411,#14306,#14307);
#11353=AXIS2_PLACEMENT_3D('',#17413,#14309,#14310);
#11354=AXIS2_PLACEMENT_3D('',#17415,#14312,#14313);
#11355=AXIS2_PLACEMENT_3D('',#17417,#14315,#14316);
#11356=AXIS2_PLACEMENT_3D('',#17419,#14318,#14319);
#11357=AXIS2_PLACEMENT_3D('',#17421,#14321,#14322);
#11358=AXIS2_PLACEMENT_3D('',#17423,#14324,#14325);
#11359=AXIS2_PLACEMENT_3D('',#17425,#14327,#14328);
#11360=AXIS2_PLACEMENT_3D('',#17427,#14330,#14331);
#11361=AXIS2_PLACEMENT_3D('',#17429,#14333,#14334);
#11362=AXIS2_PLACEMENT_3D('',#17431,#14336,#14337);
#11363=AXIS2_PLACEMENT_3D('',#17433,#14339,#14340);
#11364=AXIS2_PLACEMENT_3D('',#17435,#14342,#14343);
#11365=AXIS2_PLACEMENT_3D('',#17437,#14345,#14346);
#11366=AXIS2_PLACEMENT_3D('',#17439,#14348,#14349);
#11367=AXIS2_PLACEMENT_3D('',#17441,#14351,#14352);
#11368=AXIS2_PLACEMENT_3D('',#17443,#14354,#14355);
#11369=AXIS2_PLACEMENT_3D('',#17445,#14357,#14358);
#11370=AXIS2_PLACEMENT_3D('',#17447,#14360,#14361);
#11371=AXIS2_PLACEMENT_3D('',#17449,#14363,#14364);
#11372=AXIS2_PLACEMENT_3D('',#17451,#14366,#14367);
#11373=AXIS2_PLACEMENT_3D('',#17453,#14369,#14370);
#11374=AXIS2_PLACEMENT_3D('',#17455,#14372,#14373);
#11375=AXIS2_PLACEMENT_3D('',#17457,#14375,#14376);
#11376=AXIS2_PLACEMENT_3D('',#17459,#14378,#14379);
#11377=AXIS2_PLACEMENT_3D('',#17461,#14381,#14382);
#11378=AXIS2_PLACEMENT_3D('',#17463,#14384,#14385);
#11379=AXIS2_PLACEMENT_3D('',#17465,#14387,#14388);
#11380=AXIS2_PLACEMENT_3D('',#17467,#14390,#14391);
#11381=AXIS2_PLACEMENT_3D('',#17469,#14393,#14394);
#11382=AXIS2_PLACEMENT_3D('',#17471,#14396,#14397);
#11383=AXIS2_PLACEMENT_3D('',#17473,#14399,#14400);
#11384=AXIS2_PLACEMENT_3D('',#17475,#14402,#14403);
#11385=AXIS2_PLACEMENT_3D('',#17477,#14405,#14406);
#11386=AXIS2_PLACEMENT_3D('',#17479,#14408,#14409);
#11387=AXIS2_PLACEMENT_3D('',#17481,#14411,#14412);
#11388=AXIS2_PLACEMENT_3D('',#17483,#14414,#14415);
#11389=AXIS2_PLACEMENT_3D('',#17485,#14417,#14418);
#11390=AXIS2_PLACEMENT_3D('',#17487,#14420,#14421);
#11391=AXIS2_PLACEMENT_3D('',#17489,#14423,#14424);
#11392=AXIS2_PLACEMENT_3D('',#17491,#14426,#14427);
#11393=AXIS2_PLACEMENT_3D('',#17493,#14429,#14430);
#11394=AXIS2_PLACEMENT_3D('',#17495,#14432,#14433);
#11395=AXIS2_PLACEMENT_3D('',#17497,#14435,#14436);
#11396=AXIS2_PLACEMENT_3D('',#17499,#14438,#14439);
#11397=AXIS2_PLACEMENT_3D('',#17501,#14441,#14442);
#11398=AXIS2_PLACEMENT_3D('',#17503,#14444,#14445);
#11399=AXIS2_PLACEMENT_3D('',#17505,#14447,#14448);
#11400=AXIS2_PLACEMENT_3D('',#17507,#14450,#14451);
#11401=AXIS2_PLACEMENT_3D('',#17509,#14453,#14454);
#11402=AXIS2_PLACEMENT_3D('',#17510,#14455,#14456);
#11403=AXIS2_PLACEMENT_3D('',#17511,#14457,#14458);
#11404=AXIS2_PLACEMENT_3D('',#17512,#14459,#14460);
#11405=AXIS2_PLACEMENT_3D('',#17513,#14461,#14462);
#11406=DIRECTION('axis',(0.,0.,1.));
#11407=DIRECTION('refdir',(1.,0.,0.));
#11408=DIRECTION('axis',(0.,0.,1.));
#11409=DIRECTION('refdir',(1.,0.,0.));
#11410=DIRECTION('axis',(0.,0.,1.));
#11411=DIRECTION('refdir',(1.,0.,0.));
#11412=DIRECTION('center_axis',(-1.,0.,0.));
#11413=DIRECTION('ref_axis',(0.,1.,0.));
#11414=DIRECTION('',(0.,1.,0.));
#11415=DIRECTION('',(0.,0.,-1.));
#11416=DIRECTION('',(0.,-1.,0.));
#11417=DIRECTION('',(0.,0.,-1.));
#11418=DIRECTION('center_axis',(0.,0.,-1.));
#11419=DIRECTION('ref_axis',(-1.,0.,0.));
#11420=DIRECTION('center_axis',(0.,0.,-1.));
#11421=DIRECTION('ref_axis',(-1.,0.,0.));
#11422=DIRECTION('',(0.,0.,-1.));
#11423=DIRECTION('center_axis',(0.,0.,1.));
#11424=DIRECTION('ref_axis',(-1.,0.,0.));
#11425=DIRECTION('center_axis',(0.,-1.,0.));
#11426=DIRECTION('ref_axis',(-1.,0.,0.));
#11427=DIRECTION('',(-1.,0.,0.));
#11428=DIRECTION('',(0.,0.,-1.));
#11429=DIRECTION('',(1.,0.,0.));
#11430=DIRECTION('center_axis',(0.,0.,-1.));
#11431=DIRECTION('ref_axis',(0.,-1.,0.));
#11432=DIRECTION('center_axis',(0.,0.,-1.));
#11433=DIRECTION('ref_axis',(0.,-1.,0.));
#11434=DIRECTION('',(0.,0.,-1.));
#11435=DIRECTION('center_axis',(0.,0.,1.));
#11436=DIRECTION('ref_axis',(0.,-1.,0.));
#11437=DIRECTION('center_axis',(1.,0.,0.));
#11438=DIRECTION('ref_axis',(0.,-1.,0.));
#11439=DIRECTION('',(0.,-1.,0.));
#11440=DIRECTION('',(0.,0.,-1.));
#11441=DIRECTION('',(0.,1.,0.));
#11442=DIRECTION('center_axis',(0.,0.,-1.));
#11443=DIRECTION('ref_axis',(1.,0.,0.));
#11444=DIRECTION('center_axis',(0.,0.,-1.));
#11445=DIRECTION('ref_axis',(1.,0.,0.));
#11446=DIRECTION('',(0.,0.,-1.));
#11447=DIRECTION('center_axis',(0.,0.,1.));
#11448=DIRECTION('ref_axis',(1.,0.,0.));
#11449=DIRECTION('center_axis',(0.,1.,0.));
#11450=DIRECTION('ref_axis',(1.,0.,0.));
#11451=DIRECTION('',(1.,0.,0.));
#11452=DIRECTION('',(0.,0.,-1.));
#11453=DIRECTION('',(-1.,0.,0.));
#11454=DIRECTION('center_axis',(0.,0.,-1.));
#11455=DIRECTION('ref_axis',(0.,1.,0.));
#11456=DIRECTION('center_axis',(0.,0.,-1.));
#11457=DIRECTION('ref_axis',(0.,1.,0.));
#11458=DIRECTION('center_axis',(0.,0.,1.));
#11459=DIRECTION('ref_axis',(0.,1.,0.));
#11460=DIRECTION('center_axis',(-1.,0.,0.));
#11461=DIRECTION('ref_axis',(0.,1.,0.));
#11462=DIRECTION('',(0.,1.,0.));
#11463=DIRECTION('',(0.,0.,-1.));
#11464=DIRECTION('',(0.,-1.,0.));
#11465=DIRECTION('',(0.,0.,-1.));
#11466=DIRECTION('center_axis',(0.,0.,-1.));
#11467=DIRECTION('ref_axis',(-1.,0.,0.));
#11468=DIRECTION('center_axis',(0.,0.,-1.));
#11469=DIRECTION('ref_axis',(-1.,0.,0.));
#11470=DIRECTION('',(0.,0.,-1.));
#11471=DIRECTION('center_axis',(0.,0.,1.));
#11472=DIRECTION('ref_axis',(-1.,0.,0.));
#11473=DIRECTION('center_axis',(0.,-1.,0.));
#11474=DIRECTION('ref_axis',(-1.,0.,0.));
#11475=DIRECTION('',(-1.,0.,0.));
#11476=DIRECTION('',(0.,0.,-1.));
#11477=DIRECTION('',(1.,0.,0.));
#11478=DIRECTION('center_axis',(0.,0.,-1.));
#11479=DIRECTION('ref_axis',(0.,-1.,0.));
#11480=DIRECTION('center_axis',(0.,0.,-1.));
#11481=DIRECTION('ref_axis',(0.,-1.,0.));
#11482=DIRECTION('',(0.,0.,-1.));
#11483=DIRECTION('center_axis',(0.,0.,1.));
#11484=DIRECTION('ref_axis',(0.,-1.,0.));
#11485=DIRECTION('center_axis',(1.,0.,0.));
#11486=DIRECTION('ref_axis',(0.,-1.,0.));
#11487=DIRECTION('',(0.,-1.,0.));
#11488=DIRECTION('',(0.,0.,-1.));
#11489=DIRECTION('',(0.,1.,0.));
#11490=DIRECTION('center_axis',(0.,0.,-1.));
#11491=DIRECTION('ref_axis',(1.,0.,0.));
#11492=DIRECTION('center_axis',(0.,0.,-1.));
#11493=DIRECTION('ref_axis',(1.,0.,0.));
#11494=DIRECTION('',(0.,0.,-1.));
#11495=DIRECTION('center_axis',(0.,0.,1.));
#11496=DIRECTION('ref_axis',(1.,0.,0.));
#11497=DIRECTION('center_axis',(0.,1.,0.));
#11498=DIRECTION('ref_axis',(1.,0.,0.));
#11499=DIRECTION('',(1.,0.,0.));
#11500=DIRECTION('',(0.,0.,-1.));
#11501=DIRECTION('',(-1.,0.,0.));
#11502=DIRECTION('center_axis',(0.,0.,-1.));
#11503=DIRECTION('ref_axis',(0.,1.,0.));
#11504=DIRECTION('center_axis',(0.,0.,-1.));
#11505=DIRECTION('ref_axis',(0.,1.,0.));
#11506=DIRECTION('center_axis',(0.,0.,1.));
#11507=DIRECTION('ref_axis',(0.,1.,0.));
#11508=DIRECTION('center_axis',(-1.,0.,0.));
#11509=DIRECTION('ref_axis',(0.,1.,0.));
#11510=DIRECTION('',(0.,1.,0.));
#11511=DIRECTION('',(0.,0.,-1.));
#11512=DIRECTION('',(0.,-1.,0.));
#11513=DIRECTION('',(0.,0.,-1.));
#11514=DIRECTION('center_axis',(0.,0.,-1.));
#11515=DIRECTION('ref_axis',(-1.,0.,0.));
#11516=DIRECTION('center_axis',(0.,0.,-1.));
#11517=DIRECTION('ref_axis',(-1.,0.,0.));
#11518=DIRECTION('',(0.,0.,-1.));
#11519=DIRECTION('center_axis',(0.,0.,1.));
#11520=DIRECTION('ref_axis',(-1.,0.,0.));
#11521=DIRECTION('center_axis',(0.,-1.,0.));
#11522=DIRECTION('ref_axis',(-1.,0.,0.));
#11523=DIRECTION('',(-1.,0.,0.));
#11524=DIRECTION('',(0.,0.,-1.));
#11525=DIRECTION('',(1.,0.,0.));
#11526=DIRECTION('center_axis',(0.,0.,-1.));
#11527=DIRECTION('ref_axis',(0.,-1.,0.));
#11528=DIRECTION('center_axis',(0.,0.,-1.));
#11529=DIRECTION('ref_axis',(0.,-1.,0.));
#11530=DIRECTION('',(0.,0.,-1.));
#11531=DIRECTION('center_axis',(0.,0.,1.));
#11532=DIRECTION('ref_axis',(0.,-1.,0.));
#11533=DIRECTION('center_axis',(1.,0.,0.));
#11534=DIRECTION('ref_axis',(0.,-1.,0.));
#11535=DIRECTION('',(0.,-1.,0.));
#11536=DIRECTION('',(0.,0.,-1.));
#11537=DIRECTION('',(0.,1.,0.));
#11538=DIRECTION('center_axis',(0.,0.,-1.));
#11539=DIRECTION('ref_axis',(1.,0.,0.));
#11540=DIRECTION('center_axis',(0.,0.,-1.));
#11541=DIRECTION('ref_axis',(1.,0.,0.));
#11542=DIRECTION('',(0.,0.,-1.));
#11543=DIRECTION('center_axis',(0.,0.,1.));
#11544=DIRECTION('ref_axis',(1.,0.,0.));
#11545=DIRECTION('center_axis',(0.,1.,0.));
#11546=DIRECTION('ref_axis',(1.,0.,0.));
#11547=DIRECTION('',(1.,0.,0.));
#11548=DIRECTION('',(0.,0.,-1.));
#11549=DIRECTION('',(-1.,0.,0.));
#11550=DIRECTION('center_axis',(0.,0.,-1.));
#11551=DIRECTION('ref_axis',(0.,1.,0.));
#11552=DIRECTION('center_axis',(0.,0.,-1.));
#11553=DIRECTION('ref_axis',(0.,1.,0.));
#11554=DIRECTION('center_axis',(0.,0.,1.));
#11555=DIRECTION('ref_axis',(0.,1.,0.));
#11556=DIRECTION('center_axis',(-1.,0.,0.));
#11557=DIRECTION('ref_axis',(0.,1.,0.));
#11558=DIRECTION('',(0.,1.,0.));
#11559=DIRECTION('',(0.,0.,-1.));
#11560=DIRECTION('',(0.,-1.,0.));
#11561=DIRECTION('',(0.,0.,-1.));
#11562=DIRECTION('center_axis',(0.,0.,-1.));
#11563=DIRECTION('ref_axis',(-1.,0.,0.));
#11564=DIRECTION('center_axis',(0.,0.,-1.));
#11565=DIRECTION('ref_axis',(-1.,0.,0.));
#11566=DIRECTION('',(0.,0.,-1.));
#11567=DIRECTION('center_axis',(0.,0.,1.));
#11568=DIRECTION('ref_axis',(-1.,0.,0.));
#11569=DIRECTION('center_axis',(0.,-1.,0.));
#11570=DIRECTION('ref_axis',(-1.,0.,0.));
#11571=DIRECTION('',(-1.,0.,0.));
#11572=DIRECTION('',(0.,0.,-1.));
#11573=DIRECTION('',(1.,0.,0.));
#11574=DIRECTION('center_axis',(0.,0.,-1.));
#11575=DIRECTION('ref_axis',(0.,-1.,0.));
#11576=DIRECTION('center_axis',(0.,0.,-1.));
#11577=DIRECTION('ref_axis',(0.,-1.,0.));
#11578=DIRECTION('',(0.,0.,-1.));
#11579=DIRECTION('center_axis',(0.,0.,1.));
#11580=DIRECTION('ref_axis',(0.,-1.,0.));
#11581=DIRECTION('center_axis',(1.,0.,0.));
#11582=DIRECTION('ref_axis',(0.,-1.,0.));
#11583=DIRECTION('',(0.,-1.,0.));
#11584=DIRECTION('',(0.,0.,-1.));
#11585=DIRECTION('',(0.,1.,0.));
#11586=DIRECTION('center_axis',(0.,0.,-1.));
#11587=DIRECTION('ref_axis',(1.,0.,0.));
#11588=DIRECTION('center_axis',(0.,0.,-1.));
#11589=DIRECTION('ref_axis',(1.,0.,0.));
#11590=DIRECTION('',(0.,0.,-1.));
#11591=DIRECTION('center_axis',(0.,0.,1.));
#11592=DIRECTION('ref_axis',(1.,0.,0.));
#11593=DIRECTION('center_axis',(0.,1.,0.));
#11594=DIRECTION('ref_axis',(1.,0.,0.));
#11595=DIRECTION('',(1.,0.,0.));
#11596=DIRECTION('',(0.,0.,-1.));
#11597=DIRECTION('',(-1.,0.,0.));
#11598=DIRECTION('center_axis',(0.,0.,-1.));
#11599=DIRECTION('ref_axis',(0.,1.,0.));
#11600=DIRECTION('center_axis',(0.,0.,-1.));
#11601=DIRECTION('ref_axis',(0.,1.,0.));
#11602=DIRECTION('center_axis',(0.,0.,1.));
#11603=DIRECTION('ref_axis',(0.,1.,0.));
#11604=DIRECTION('center_axis',(-1.,0.,0.));
#11605=DIRECTION('ref_axis',(0.,1.,0.));
#11606=DIRECTION('',(0.,1.,0.));
#11607=DIRECTION('',(0.,0.,-1.));
#11608=DIRECTION('',(0.,-1.,0.));
#11609=DIRECTION('',(0.,0.,-1.));
#11610=DIRECTION('center_axis',(0.,0.,-1.));
#11611=DIRECTION('ref_axis',(-1.,0.,0.));
#11612=DIRECTION('center_axis',(0.,0.,-1.));
#11613=DIRECTION('ref_axis',(-1.,0.,0.));
#11614=DIRECTION('',(0.,0.,-1.));
#11615=DIRECTION('center_axis',(0.,0.,1.));
#11616=DIRECTION('ref_axis',(-1.,0.,0.));
#11617=DIRECTION('center_axis',(0.,-1.,0.));
#11618=DIRECTION('ref_axis',(-1.,0.,0.));
#11619=DIRECTION('',(-1.,0.,0.));
#11620=DIRECTION('',(0.,0.,-1.));
#11621=DIRECTION('',(1.,0.,0.));
#11622=DIRECTION('center_axis',(0.,0.,-1.));
#11623=DIRECTION('ref_axis',(0.,-1.,0.));
#11624=DIRECTION('center_axis',(0.,0.,-1.));
#11625=DIRECTION('ref_axis',(0.,-1.,0.));
#11626=DIRECTION('',(0.,0.,-1.));
#11627=DIRECTION('center_axis',(0.,0.,1.));
#11628=DIRECTION('ref_axis',(0.,-1.,0.));
#11629=DIRECTION('center_axis',(1.,0.,0.));
#11630=DIRECTION('ref_axis',(0.,-1.,0.));
#11631=DIRECTION('',(0.,-1.,0.));
#11632=DIRECTION('',(0.,0.,-1.));
#11633=DIRECTION('',(0.,1.,0.));
#11634=DIRECTION('center_axis',(0.,0.,-1.));
#11635=DIRECTION('ref_axis',(1.,0.,0.));
#11636=DIRECTION('center_axis',(0.,0.,-1.));
#11637=DIRECTION('ref_axis',(1.,0.,0.));
#11638=DIRECTION('',(0.,0.,-1.));
#11639=DIRECTION('center_axis',(0.,0.,1.));
#11640=DIRECTION('ref_axis',(1.,0.,0.));
#11641=DIRECTION('center_axis',(0.,1.,0.));
#11642=DIRECTION('ref_axis',(1.,0.,0.));
#11643=DIRECTION('',(1.,0.,0.));
#11644=DIRECTION('',(0.,0.,-1.));
#11645=DIRECTION('',(-1.,0.,0.));
#11646=DIRECTION('center_axis',(0.,0.,-1.));
#11647=DIRECTION('ref_axis',(0.,1.,0.));
#11648=DIRECTION('center_axis',(0.,0.,-1.));
#11649=DIRECTION('ref_axis',(0.,1.,0.));
#11650=DIRECTION('center_axis',(0.,0.,1.));
#11651=DIRECTION('ref_axis',(0.,1.,0.));
#11652=DIRECTION('center_axis',(-1.,0.,0.));
#11653=DIRECTION('ref_axis',(0.,1.,0.));
#11654=DIRECTION('',(0.,1.,0.));
#11655=DIRECTION('',(0.,0.,-1.));
#11656=DIRECTION('',(0.,-1.,0.));
#11657=DIRECTION('',(0.,0.,-1.));
#11658=DIRECTION('center_axis',(0.,0.,-1.));
#11659=DIRECTION('ref_axis',(-1.,0.,0.));
#11660=DIRECTION('center_axis',(0.,0.,-1.));
#11661=DIRECTION('ref_axis',(-1.,0.,0.));
#11662=DIRECTION('',(0.,0.,-1.));
#11663=DIRECTION('center_axis',(0.,0.,1.));
#11664=DIRECTION('ref_axis',(-1.,0.,0.));
#11665=DIRECTION('center_axis',(0.,-1.,0.));
#11666=DIRECTION('ref_axis',(-1.,0.,0.));
#11667=DIRECTION('',(-1.,0.,0.));
#11668=DIRECTION('',(0.,0.,-1.));
#11669=DIRECTION('',(1.,0.,0.));
#11670=DIRECTION('center_axis',(0.,0.,-1.));
#11671=DIRECTION('ref_axis',(0.,-1.,0.));
#11672=DIRECTION('center_axis',(0.,0.,-1.));
#11673=DIRECTION('ref_axis',(0.,-1.,0.));
#11674=DIRECTION('',(0.,0.,-1.));
#11675=DIRECTION('center_axis',(0.,0.,1.));
#11676=DIRECTION('ref_axis',(0.,-1.,0.));
#11677=DIRECTION('center_axis',(1.,0.,0.));
#11678=DIRECTION('ref_axis',(0.,-1.,0.));
#11679=DIRECTION('',(0.,-1.,0.));
#11680=DIRECTION('',(0.,0.,-1.));
#11681=DIRECTION('',(0.,1.,0.));
#11682=DIRECTION('center_axis',(0.,0.,-1.));
#11683=DIRECTION('ref_axis',(1.,0.,0.));
#11684=DIRECTION('center_axis',(0.,0.,-1.));
#11685=DIRECTION('ref_axis',(1.,0.,0.));
#11686=DIRECTION('',(0.,0.,-1.));
#11687=DIRECTION('center_axis',(0.,0.,1.));
#11688=DIRECTION('ref_axis',(1.,0.,0.));
#11689=DIRECTION('center_axis',(0.,1.,0.));
#11690=DIRECTION('ref_axis',(1.,0.,0.));
#11691=DIRECTION('',(1.,0.,0.));
#11692=DIRECTION('',(0.,0.,-1.));
#11693=DIRECTION('',(-1.,0.,0.));
#11694=DIRECTION('center_axis',(0.,0.,-1.));
#11695=DIRECTION('ref_axis',(0.,1.,0.));
#11696=DIRECTION('center_axis',(0.,0.,-1.));
#11697=DIRECTION('ref_axis',(0.,1.,0.));
#11698=DIRECTION('center_axis',(0.,0.,1.));
#11699=DIRECTION('ref_axis',(0.,1.,0.));
#11700=DIRECTION('center_axis',(-1.,0.,0.));
#11701=DIRECTION('ref_axis',(0.,1.,0.));
#11702=DIRECTION('',(0.,1.,0.));
#11703=DIRECTION('',(0.,0.,-1.));
#11704=DIRECTION('',(0.,-1.,0.));
#11705=DIRECTION('',(0.,0.,-1.));
#11706=DIRECTION('center_axis',(0.,0.,-1.));
#11707=DIRECTION('ref_axis',(-1.,0.,0.));
#11708=DIRECTION('center_axis',(0.,0.,-1.));
#11709=DIRECTION('ref_axis',(-1.,0.,0.));
#11710=DIRECTION('',(0.,0.,-1.));
#11711=DIRECTION('center_axis',(0.,0.,1.));
#11712=DIRECTION('ref_axis',(-1.,0.,0.));
#11713=DIRECTION('center_axis',(0.,-1.,0.));
#11714=DIRECTION('ref_axis',(-1.,0.,0.));
#11715=DIRECTION('',(-1.,0.,0.));
#11716=DIRECTION('',(0.,0.,-1.));
#11717=DIRECTION('',(1.,0.,0.));
#11718=DIRECTION('center_axis',(0.,0.,-1.));
#11719=DIRECTION('ref_axis',(0.,-1.,0.));
#11720=DIRECTION('center_axis',(0.,0.,-1.));
#11721=DIRECTION('ref_axis',(0.,-1.,0.));
#11722=DIRECTION('',(0.,0.,-1.));
#11723=DIRECTION('center_axis',(0.,0.,1.));
#11724=DIRECTION('ref_axis',(0.,-1.,0.));
#11725=DIRECTION('center_axis',(1.,0.,0.));
#11726=DIRECTION('ref_axis',(0.,-1.,0.));
#11727=DIRECTION('',(0.,-1.,0.));
#11728=DIRECTION('',(0.,0.,-1.));
#11729=DIRECTION('',(0.,1.,0.));
#11730=DIRECTION('center_axis',(0.,0.,-1.));
#11731=DIRECTION('ref_axis',(1.,0.,0.));
#11732=DIRECTION('center_axis',(0.,0.,-1.));
#11733=DIRECTION('ref_axis',(1.,0.,0.));
#11734=DIRECTION('',(0.,0.,-1.));
#11735=DIRECTION('center_axis',(0.,0.,1.));
#11736=DIRECTION('ref_axis',(1.,0.,0.));
#11737=DIRECTION('center_axis',(0.,1.,0.));
#11738=DIRECTION('ref_axis',(1.,0.,0.));
#11739=DIRECTION('',(1.,0.,0.));
#11740=DIRECTION('',(0.,0.,-1.));
#11741=DIRECTION('',(-1.,0.,0.));
#11742=DIRECTION('center_axis',(0.,0.,-1.));
#11743=DIRECTION('ref_axis',(0.,1.,0.));
#11744=DIRECTION('center_axis',(0.,0.,-1.));
#11745=DIRECTION('ref_axis',(0.,1.,0.));
#11746=DIRECTION('center_axis',(0.,0.,1.));
#11747=DIRECTION('ref_axis',(0.,1.,0.));
#11748=DIRECTION('center_axis',(-1.,0.,0.));
#11749=DIRECTION('ref_axis',(0.,1.,0.));
#11750=DIRECTION('',(0.,1.,0.));
#11751=DIRECTION('',(0.,0.,-1.));
#11752=DIRECTION('',(0.,-1.,0.));
#11753=DIRECTION('',(0.,0.,-1.));
#11754=DIRECTION('center_axis',(0.,0.,-1.));
#11755=DIRECTION('ref_axis',(-1.,0.,0.));
#11756=DIRECTION('center_axis',(0.,0.,-1.));
#11757=DIRECTION('ref_axis',(-1.,0.,0.));
#11758=DIRECTION('',(0.,0.,-1.));
#11759=DIRECTION('center_axis',(0.,0.,1.));
#11760=DIRECTION('ref_axis',(-1.,0.,0.));
#11761=DIRECTION('center_axis',(0.,-1.,0.));
#11762=DIRECTION('ref_axis',(-1.,0.,0.));
#11763=DIRECTION('',(-1.,0.,0.));
#11764=DIRECTION('',(0.,0.,-1.));
#11765=DIRECTION('',(1.,0.,0.));
#11766=DIRECTION('center_axis',(0.,0.,-1.));
#11767=DIRECTION('ref_axis',(0.,-1.,0.));
#11768=DIRECTION('center_axis',(0.,0.,-1.));
#11769=DIRECTION('ref_axis',(0.,-1.,0.));
#11770=DIRECTION('',(0.,0.,-1.));
#11771=DIRECTION('center_axis',(0.,0.,1.));
#11772=DIRECTION('ref_axis',(0.,-1.,0.));
#11773=DIRECTION('center_axis',(1.,0.,0.));
#11774=DIRECTION('ref_axis',(0.,-1.,0.));
#11775=DIRECTION('',(0.,-1.,0.));
#11776=DIRECTION('',(0.,0.,-1.));
#11777=DIRECTION('',(0.,1.,0.));
#11778=DIRECTION('center_axis',(0.,0.,-1.));
#11779=DIRECTION('ref_axis',(1.,0.,0.));
#11780=DIRECTION('center_axis',(0.,0.,-1.));
#11781=DIRECTION('ref_axis',(1.,0.,0.));
#11782=DIRECTION('',(0.,0.,-1.));
#11783=DIRECTION('center_axis',(0.,0.,1.));
#11784=DIRECTION('ref_axis',(1.,0.,0.));
#11785=DIRECTION('center_axis',(0.,1.,0.));
#11786=DIRECTION('ref_axis',(1.,0.,0.));
#11787=DIRECTION('',(1.,0.,0.));
#11788=DIRECTION('',(0.,0.,-1.));
#11789=DIRECTION('',(-1.,0.,0.));
#11790=DIRECTION('center_axis',(0.,0.,-1.));
#11791=DIRECTION('ref_axis',(0.,1.,0.));
#11792=DIRECTION('center_axis',(0.,0.,-1.));
#11793=DIRECTION('ref_axis',(0.,1.,0.));
#11794=DIRECTION('center_axis',(0.,0.,1.));
#11795=DIRECTION('ref_axis',(0.,1.,0.));
#11796=DIRECTION('center_axis',(-1.,0.,0.));
#11797=DIRECTION('ref_axis',(0.,1.,0.));
#11798=DIRECTION('',(0.,1.,0.));
#11799=DIRECTION('',(0.,0.,-1.));
#11800=DIRECTION('',(0.,-1.,0.));
#11801=DIRECTION('',(0.,0.,-1.));
#11802=DIRECTION('center_axis',(0.,0.,-1.));
#11803=DIRECTION('ref_axis',(-1.,0.,0.));
#11804=DIRECTION('center_axis',(0.,0.,-1.));
#11805=DIRECTION('ref_axis',(-1.,0.,0.));
#11806=DIRECTION('',(0.,0.,-1.));
#11807=DIRECTION('center_axis',(0.,0.,1.));
#11808=DIRECTION('ref_axis',(-1.,0.,0.));
#11809=DIRECTION('center_axis',(0.,-1.,0.));
#11810=DIRECTION('ref_axis',(-1.,0.,0.));
#11811=DIRECTION('',(-1.,0.,0.));
#11812=DIRECTION('',(0.,0.,-1.));
#11813=DIRECTION('',(1.,0.,0.));
#11814=DIRECTION('center_axis',(0.,0.,-1.));
#11815=DIRECTION('ref_axis',(0.,-1.,0.));
#11816=DIRECTION('center_axis',(0.,0.,-1.));
#11817=DIRECTION('ref_axis',(0.,-1.,0.));
#11818=DIRECTION('',(0.,0.,-1.));
#11819=DIRECTION('center_axis',(0.,0.,1.));
#11820=DIRECTION('ref_axis',(0.,-1.,0.));
#11821=DIRECTION('center_axis',(1.,0.,0.));
#11822=DIRECTION('ref_axis',(0.,-1.,0.));
#11823=DIRECTION('',(0.,-1.,0.));
#11824=DIRECTION('',(0.,0.,-1.));
#11825=DIRECTION('',(0.,1.,0.));
#11826=DIRECTION('center_axis',(0.,0.,-1.));
#11827=DIRECTION('ref_axis',(1.,0.,0.));
#11828=DIRECTION('center_axis',(0.,0.,-1.));
#11829=DIRECTION('ref_axis',(1.,0.,0.));
#11830=DIRECTION('',(0.,0.,-1.));
#11831=DIRECTION('center_axis',(0.,0.,1.));
#11832=DIRECTION('ref_axis',(1.,0.,0.));
#11833=DIRECTION('center_axis',(0.,1.,0.));
#11834=DIRECTION('ref_axis',(1.,0.,0.));
#11835=DIRECTION('',(1.,0.,0.));
#11836=DIRECTION('',(0.,0.,-1.));
#11837=DIRECTION('',(-1.,0.,0.));
#11838=DIRECTION('center_axis',(0.,0.,-1.));
#11839=DIRECTION('ref_axis',(0.,1.,0.));
#11840=DIRECTION('center_axis',(0.,0.,-1.));
#11841=DIRECTION('ref_axis',(0.,1.,0.));
#11842=DIRECTION('center_axis',(0.,0.,1.));
#11843=DIRECTION('ref_axis',(0.,1.,0.));
#11844=DIRECTION('center_axis',(-1.,0.,0.));
#11845=DIRECTION('ref_axis',(0.,1.,0.));
#11846=DIRECTION('',(0.,1.,0.));
#11847=DIRECTION('',(0.,0.,-1.));
#11848=DIRECTION('',(0.,-1.,0.));
#11849=DIRECTION('',(0.,0.,-1.));
#11850=DIRECTION('center_axis',(0.,0.,-1.));
#11851=DIRECTION('ref_axis',(-1.,0.,0.));
#11852=DIRECTION('center_axis',(0.,0.,-1.));
#11853=DIRECTION('ref_axis',(-1.,0.,0.));
#11854=DIRECTION('',(0.,0.,-1.));
#11855=DIRECTION('center_axis',(0.,0.,1.));
#11856=DIRECTION('ref_axis',(-1.,0.,0.));
#11857=DIRECTION('center_axis',(0.,-1.,0.));
#11858=DIRECTION('ref_axis',(-1.,0.,0.));
#11859=DIRECTION('',(-1.,0.,0.));
#11860=DIRECTION('',(0.,0.,-1.));
#11861=DIRECTION('',(1.,0.,0.));
#11862=DIRECTION('center_axis',(0.,0.,-1.));
#11863=DIRECTION('ref_axis',(0.,-1.,0.));
#11864=DIRECTION('center_axis',(0.,0.,-1.));
#11865=DIRECTION('ref_axis',(0.,-1.,0.));
#11866=DIRECTION('',(0.,0.,-1.));
#11867=DIRECTION('center_axis',(0.,0.,1.));
#11868=DIRECTION('ref_axis',(0.,-1.,0.));
#11869=DIRECTION('center_axis',(1.,0.,0.));
#11870=DIRECTION('ref_axis',(0.,-1.,0.));
#11871=DIRECTION('',(0.,-1.,0.));
#11872=DIRECTION('',(0.,0.,-1.));
#11873=DIRECTION('',(0.,1.,0.));
#11874=DIRECTION('center_axis',(0.,0.,-1.));
#11875=DIRECTION('ref_axis',(1.,0.,0.));
#11876=DIRECTION('center_axis',(0.,0.,-1.));
#11877=DIRECTION('ref_axis',(1.,0.,0.));
#11878=DIRECTION('',(0.,0.,-1.));
#11879=DIRECTION('center_axis',(0.,0.,1.));
#11880=DIRECTION('ref_axis',(1.,0.,0.));
#11881=DIRECTION('center_axis',(0.,1.,0.));
#11882=DIRECTION('ref_axis',(1.,0.,0.));
#11883=DIRECTION('',(1.,0.,0.));
#11884=DIRECTION('',(0.,0.,-1.));
#11885=DIRECTION('',(-1.,0.,0.));
#11886=DIRECTION('center_axis',(0.,0.,-1.));
#11887=DIRECTION('ref_axis',(0.,1.,0.));
#11888=DIRECTION('center_axis',(0.,0.,-1.));
#11889=DIRECTION('ref_axis',(0.,1.,0.));
#11890=DIRECTION('center_axis',(0.,0.,1.));
#11891=DIRECTION('ref_axis',(0.,1.,0.));
#11892=DIRECTION('center_axis',(-1.,0.,0.));
#11893=DIRECTION('ref_axis',(0.,1.,0.));
#11894=DIRECTION('',(0.,1.,0.));
#11895=DIRECTION('',(0.,0.,-1.));
#11896=DIRECTION('',(0.,-1.,0.));
#11897=DIRECTION('',(0.,0.,-1.));
#11898=DIRECTION('center_axis',(0.,0.,-1.));
#11899=DIRECTION('ref_axis',(-1.,0.,0.));
#11900=DIRECTION('center_axis',(0.,0.,-1.));
#11901=DIRECTION('ref_axis',(-1.,0.,0.));
#11902=DIRECTION('',(0.,0.,-1.));
#11903=DIRECTION('center_axis',(0.,0.,1.));
#11904=DIRECTION('ref_axis',(-1.,0.,0.));
#11905=DIRECTION('center_axis',(0.,-1.,0.));
#11906=DIRECTION('ref_axis',(-1.,0.,0.));
#11907=DIRECTION('',(-1.,0.,0.));
#11908=DIRECTION('',(0.,0.,-1.));
#11909=DIRECTION('',(1.,0.,0.));
#11910=DIRECTION('center_axis',(0.,0.,-1.));
#11911=DIRECTION('ref_axis',(0.,-1.,0.));
#11912=DIRECTION('center_axis',(0.,0.,-1.));
#11913=DIRECTION('ref_axis',(0.,-1.,0.));
#11914=DIRECTION('',(0.,0.,-1.));
#11915=DIRECTION('center_axis',(0.,0.,1.));
#11916=DIRECTION('ref_axis',(0.,-1.,0.));
#11917=DIRECTION('center_axis',(1.,0.,0.));
#11918=DIRECTION('ref_axis',(0.,-1.,0.));
#11919=DIRECTION('',(0.,-1.,0.));
#11920=DIRECTION('',(0.,0.,-1.));
#11921=DIRECTION('',(0.,1.,0.));
#11922=DIRECTION('center_axis',(0.,0.,-1.));
#11923=DIRECTION('ref_axis',(1.,0.,0.));
#11924=DIRECTION('center_axis',(0.,0.,-1.));
#11925=DIRECTION('ref_axis',(1.,0.,0.));
#11926=DIRECTION('',(0.,0.,-1.));
#11927=DIRECTION('center_axis',(0.,0.,1.));
#11928=DIRECTION('ref_axis',(1.,0.,0.));
#11929=DIRECTION('center_axis',(0.,1.,0.));
#11930=DIRECTION('ref_axis',(1.,0.,0.));
#11931=DIRECTION('',(1.,0.,0.));
#11932=DIRECTION('',(0.,0.,-1.));
#11933=DIRECTION('',(-1.,0.,0.));
#11934=DIRECTION('center_axis',(0.,0.,-1.));
#11935=DIRECTION('ref_axis',(0.,1.,0.));
#11936=DIRECTION('center_axis',(0.,0.,-1.));
#11937=DIRECTION('ref_axis',(0.,1.,0.));
#11938=DIRECTION('center_axis',(0.,0.,1.));
#11939=DIRECTION('ref_axis',(0.,1.,0.));
#11940=DIRECTION('center_axis',(3.55271367879969E-14,-1.,0.));
#11941=DIRECTION('ref_axis',(-1.,-3.55271367879969E-14,0.));
#11942=DIRECTION('',(-1.,-3.55271367879969E-14,0.));
#11943=DIRECTION('',(0.,0.,-1.));
#11944=DIRECTION('',(1.,3.55271367879969E-14,0.));
#11945=DIRECTION('',(0.,0.,-1.));
#11946=DIRECTION('center_axis',(0.,0.,-1.));
#11947=DIRECTION('ref_axis',(1.,-1.77635683940023E-14,0.));
#11948=DIRECTION('center_axis',(0.,0.,-1.));
#11949=DIRECTION('ref_axis',(1.,-1.77635683940023E-14,0.));
#11950=DIRECTION('',(0.,0.,-1.));
#11951=DIRECTION('center_axis',(0.,0.,1.));
#11952=DIRECTION('ref_axis',(1.,-1.77635683940023E-14,0.));
#11953=DIRECTION('center_axis',(1.,0.,0.));
#11954=DIRECTION('ref_axis',(0.,-1.,0.));
#11955=DIRECTION('',(0.,-1.,0.));
#11956=DIRECTION('',(0.,0.,-1.));
#11957=DIRECTION('',(0.,1.,0.));
#11958=DIRECTION('center_axis',(0.,0.,-1.));
#11959=DIRECTION('ref_axis',(3.55271367880032E-14,1.,0.));
#11960=DIRECTION('center_axis',(0.,0.,-1.));
#11961=DIRECTION('ref_axis',(3.55271367880032E-14,1.,0.));
#11962=DIRECTION('',(0.,0.,-1.));
#11963=DIRECTION('center_axis',(0.,0.,1.));
#11964=DIRECTION('ref_axis',(3.55271367880032E-14,1.,0.));
#11965=DIRECTION('center_axis',(0.,1.,0.));
#11966=DIRECTION('ref_axis',(1.,0.,0.));
#11967=DIRECTION('',(1.,0.,0.));
#11968=DIRECTION('',(0.,0.,-1.));
#11969=DIRECTION('',(-1.,0.,0.));
#11970=DIRECTION('center_axis',(0.,0.,-1.));
#11971=DIRECTION('ref_axis',(-1.,3.5527136788007E-14,0.));
#11972=DIRECTION('center_axis',(0.,0.,1.));
#11973=DIRECTION('ref_axis',(-1.,3.5527136788007E-14,0.));
#11974=DIRECTION('',(0.,0.,-1.));
#11975=DIRECTION('center_axis',(0.,0.,-1.));
#11976=DIRECTION('ref_axis',(-1.,3.5527136788007E-14,0.));
#11977=DIRECTION('center_axis',(1.,0.,0.));
#11978=DIRECTION('ref_axis',(0.,-1.,0.));
#11979=DIRECTION('',(0.,-1.,0.));
#11980=DIRECTION('',(0.,0.,-1.));
#11981=DIRECTION('',(0.,1.,0.));
#11982=DIRECTION('center_axis',(0.,0.,-1.));
#11983=DIRECTION('ref_axis',(1.42108547152008E-13,1.,0.));
#11984=DIRECTION('center_axis',(0.,0.,-1.));
#11985=DIRECTION('ref_axis',(1.42108547152008E-13,1.,0.));
#11986=DIRECTION('',(0.,0.,-1.));
#11987=DIRECTION('center_axis',(0.,0.,1.));
#11988=DIRECTION('ref_axis',(1.42108547152008E-13,1.,0.));
#11989=DIRECTION('center_axis',(0.,1.,0.));
#11990=DIRECTION('ref_axis',(1.,0.,0.));
#11991=DIRECTION('',(1.,0.,0.));
#11992=DIRECTION('',(0.,0.,-1.));
#11993=DIRECTION('',(-1.,0.,0.));
#11994=DIRECTION('center_axis',(0.,0.,-1.));
#11995=DIRECTION('ref_axis',(-1.,7.10542735760065E-14,0.));
#11996=DIRECTION('center_axis',(0.,0.,-1.));
#11997=DIRECTION('ref_axis',(-1.,7.10542735760065E-14,0.));
#11998=DIRECTION('',(0.,0.,-1.));
#11999=DIRECTION('center_axis',(0.,0.,1.));
#12000=DIRECTION('ref_axis',(-1.,7.10542735760065E-14,0.));
#12001=DIRECTION('center_axis',(-1.,0.,0.));
#12002=DIRECTION('ref_axis',(0.,1.,0.));
#12003=DIRECTION('',(0.,1.,0.));
#12004=DIRECTION('',(0.,0.,-1.));
#12005=DIRECTION('',(0.,-1.,0.));
#12006=DIRECTION('center_axis',(0.,0.,-1.));
#12007=DIRECTION('ref_axis',(3.55271367880032E-14,-1.,0.));
#12008=DIRECTION('center_axis',(0.,0.,1.));
#12009=DIRECTION('ref_axis',(3.55271367880032E-14,-1.,0.));
#12010=DIRECTION('',(0.,0.,-1.));
#12011=DIRECTION('center_axis',(0.,0.,-1.));
#12012=DIRECTION('ref_axis',(3.55271367880032E-14,-1.,0.));
#12013=DIRECTION('center_axis',(0.,1.,0.));
#12014=DIRECTION('ref_axis',(1.,0.,0.));
#12015=DIRECTION('',(1.,0.,0.));
#12016=DIRECTION('',(0.,0.,-1.));
#12017=DIRECTION('',(-1.,0.,0.));
#12018=DIRECTION('center_axis',(0.,0.,-1.));
#12019=DIRECTION('ref_axis',(-1.,5.32907051820049E-14,0.));
#12020=DIRECTION('center_axis',(0.,0.,-1.));
#12021=DIRECTION('ref_axis',(-1.,5.32907051820049E-14,0.));
#12022=DIRECTION('',(0.,0.,-1.));
#12023=DIRECTION('center_axis',(0.,0.,1.));
#12024=DIRECTION('ref_axis',(-1.,5.32907051820049E-14,0.));
#12025=DIRECTION('center_axis',(-1.,0.,0.));
#12026=DIRECTION('ref_axis',(0.,1.,0.));
#12027=DIRECTION('',(0.,1.,0.));
#12028=DIRECTION('',(0.,0.,-1.));
#12029=DIRECTION('',(0.,-1.,0.));
#12030=DIRECTION('center_axis',(0.,0.,-1.));
#12031=DIRECTION('ref_axis',(3.55271367880045E-14,-1.,0.));
#12032=DIRECTION('center_axis',(0.,0.,-1.));
#12033=DIRECTION('ref_axis',(3.55271367880045E-14,-1.,0.));
#12034=DIRECTION('',(0.,0.,-1.));
#12035=DIRECTION('center_axis',(0.,0.,1.));
#12036=DIRECTION('ref_axis',(3.55271367880045E-14,-1.,0.));
#12037=DIRECTION('center_axis',(0.,-1.,0.));
#12038=DIRECTION('ref_axis',(-1.,0.,0.));
#12039=DIRECTION('',(-1.,0.,0.));
#12040=DIRECTION('',(0.,0.,-1.));
#12041=DIRECTION('',(1.,0.,0.));
#12042=DIRECTION('center_axis',(0.,0.,-1.));
#12043=DIRECTION('ref_axis',(1.,5.32907051820049E-14,0.));
#12044=DIRECTION('center_axis',(0.,0.,1.));
#12045=DIRECTION('ref_axis',(1.,5.32907051820049E-14,0.));
#12046=DIRECTION('',(0.,0.,-1.));
#12047=DIRECTION('center_axis',(0.,0.,-1.));
#12048=DIRECTION('ref_axis',(1.,5.32907051820049E-14,0.));
#12049=DIRECTION('center_axis',(-1.,0.,0.));
#12050=DIRECTION('ref_axis',(0.,1.,0.));
#12051=DIRECTION('',(0.,1.,0.));
#12052=DIRECTION('',(0.,0.,-1.));
#12053=DIRECTION('',(0.,-1.,0.));
#12054=DIRECTION('center_axis',(0.,0.,-1.));
#12055=DIRECTION('ref_axis',(3.55271367880039E-14,-1.,0.));
#12056=DIRECTION('center_axis',(0.,0.,-1.));
#12057=DIRECTION('ref_axis',(3.55271367880039E-14,-1.,0.));
#12058=DIRECTION('',(0.,0.,-1.));
#12059=DIRECTION('center_axis',(0.,0.,1.));
#12060=DIRECTION('ref_axis',(3.55271367880039E-14,-1.,0.));
#12061=DIRECTION('center_axis',(-2.22044604925031E-15,-1.,0.));
#12062=DIRECTION('ref_axis',(-1.,2.22044604925031E-15,0.));
#12063=DIRECTION('',(-1.,2.22044604925031E-15,0.));
#12064=DIRECTION('',(0.,0.,-1.));
#12065=DIRECTION('',(1.,-2.22044604925031E-15,0.));
#12066=DIRECTION('center_axis',(0.,0.,-1.));
#12067=DIRECTION('ref_axis',(1.,0.,0.));
#12068=DIRECTION('center_axis',(0.,0.,-1.));
#12069=DIRECTION('ref_axis',(1.,0.,0.));
#12070=DIRECTION('',(0.,0.,-1.));
#12071=DIRECTION('center_axis',(0.,0.,1.));
#12072=DIRECTION('ref_axis',(1.,0.,0.));
#12073=DIRECTION('center_axis',(1.,0.,0.));
#12074=DIRECTION('ref_axis',(0.,-1.,0.));
#12075=DIRECTION('',(0.,-1.,0.));
#12076=DIRECTION('',(0.,0.,-1.));
#12077=DIRECTION('',(0.,1.,0.));
#12078=DIRECTION('center_axis',(0.,0.,-1.));
#12079=DIRECTION('ref_axis',(-7.10542735760065E-14,1.,0.));
#12080=DIRECTION('center_axis',(0.,0.,1.));
#12081=DIRECTION('ref_axis',(-7.10542735760065E-14,1.,0.));
#12082=DIRECTION('center_axis',(0.,0.,-1.));
#12083=DIRECTION('ref_axis',(-7.10542735760065E-14,1.,0.));
#12084=DIRECTION('center_axis',(0.,0.,-1.));
#12085=DIRECTION('ref_axis',(1.42108547152008E-13,1.,0.));
#12086=DIRECTION('center_axis',(0.,0.,-1.));
#12087=DIRECTION('ref_axis',(1.42108547152008E-13,1.,0.));
#12088=DIRECTION('',(0.,0.,-1.));
#12089=DIRECTION('center_axis',(0.,0.,1.));
#12090=DIRECTION('ref_axis',(1.42108547152008E-13,1.,0.));
#12091=DIRECTION('',(0.,0.,-1.));
#12092=DIRECTION('center_axis',(0.,1.,0.));
#12093=DIRECTION('ref_axis',(1.,0.,0.));
#12094=DIRECTION('',(1.,0.,0.));
#12095=DIRECTION('',(0.,0.,-1.));
#12096=DIRECTION('',(-1.,0.,0.));
#12097=DIRECTION('center_axis',(0.,0.,-1.));
#12098=DIRECTION('ref_axis',(-1.,7.10542735760065E-14,0.));
#12099=DIRECTION('center_axis',(0.,0.,-1.));
#12100=DIRECTION('ref_axis',(-1.,7.10542735760065E-14,0.));
#12101=DIRECTION('',(0.,0.,-1.));
#12102=DIRECTION('center_axis',(0.,0.,1.));
#12103=DIRECTION('ref_axis',(-1.,7.10542735760065E-14,0.));
#12104=DIRECTION('center_axis',(-1.,0.,0.));
#12105=DIRECTION('ref_axis',(0.,1.,0.));
#12106=DIRECTION('',(0.,1.,0.));
#12107=DIRECTION('',(0.,0.,-1.));
#12108=DIRECTION('',(0.,-1.,0.));
#12109=DIRECTION('center_axis',(0.,0.,-1.));
#12110=DIRECTION('ref_axis',(3.55271367880032E-14,-1.,0.));
#12111=DIRECTION('center_axis',(0.,0.,1.));
#12112=DIRECTION('ref_axis',(3.55271367880032E-14,-1.,0.));
#12113=DIRECTION('',(0.,0.,-1.));
#12114=DIRECTION('center_axis',(0.,0.,-1.));
#12115=DIRECTION('ref_axis',(3.55271367880032E-14,-1.,0.));
#12116=DIRECTION('center_axis',(0.,1.,0.));
#12117=DIRECTION('ref_axis',(1.,0.,0.));
#12118=DIRECTION('',(1.,0.,0.));
#12119=DIRECTION('',(0.,0.,-1.));
#12120=DIRECTION('',(-1.,0.,0.));
#12121=DIRECTION('center_axis',(0.,0.,-1.));
#12122=DIRECTION('ref_axis',(-1.,5.32907051820049E-14,0.));
#12123=DIRECTION('center_axis',(0.,0.,-1.));
#12124=DIRECTION('ref_axis',(-1.,5.32907051820049E-14,0.));
#12125=DIRECTION('',(0.,0.,-1.));
#12126=DIRECTION('center_axis',(0.,0.,1.));
#12127=DIRECTION('ref_axis',(-1.,5.32907051820049E-14,0.));
#12128=DIRECTION('center_axis',(-1.,0.,0.));
#12129=DIRECTION('ref_axis',(0.,1.,0.));
#12130=DIRECTION('',(0.,1.,0.));
#12131=DIRECTION('',(0.,0.,-1.));
#12132=DIRECTION('',(0.,-1.,0.));
#12133=DIRECTION('center_axis',(0.,0.,-1.));
#12134=DIRECTION('ref_axis',(3.55271367880045E-14,-1.,0.));
#12135=DIRECTION('center_axis',(0.,0.,-1.));
#12136=DIRECTION('ref_axis',(3.55271367880045E-14,-1.,0.));
#12137=DIRECTION('',(0.,0.,-1.));
#12138=DIRECTION('center_axis',(0.,0.,1.));
#12139=DIRECTION('ref_axis',(3.55271367880045E-14,-1.,0.));
#12140=DIRECTION('center_axis',(0.,-1.,0.));
#12141=DIRECTION('ref_axis',(-1.,0.,0.));
#12142=DIRECTION('',(-1.,0.,0.));
#12143=DIRECTION('',(0.,0.,-1.));
#12144=DIRECTION('',(1.,0.,0.));
#12145=DIRECTION('center_axis',(0.,0.,-1.));
#12146=DIRECTION('ref_axis',(1.,5.32907051820049E-14,0.));
#12147=DIRECTION('center_axis',(0.,0.,1.));
#12148=DIRECTION('ref_axis',(1.,5.32907051820049E-14,0.));
#12149=DIRECTION('',(0.,0.,-1.));
#12150=DIRECTION('center_axis',(0.,0.,-1.));
#12151=DIRECTION('ref_axis',(1.,5.32907051820049E-14,0.));
#12152=DIRECTION('center_axis',(-1.,0.,0.));
#12153=DIRECTION('ref_axis',(0.,1.,0.));
#12154=DIRECTION('',(0.,1.,0.));
#12155=DIRECTION('',(0.,0.,-1.));
#12156=DIRECTION('',(0.,-1.,0.));
#12157=DIRECTION('center_axis',(0.,0.,-1.));
#12158=DIRECTION('ref_axis',(3.55271367880039E-14,-1.,0.));
#12159=DIRECTION('center_axis',(0.,0.,-1.));
#12160=DIRECTION('ref_axis',(3.55271367880039E-14,-1.,0.));
#12161=DIRECTION('',(0.,0.,-1.));
#12162=DIRECTION('center_axis',(0.,0.,1.));
#12163=DIRECTION('ref_axis',(3.55271367880039E-14,-1.,0.));
#12164=DIRECTION('center_axis',(-2.22044604925031E-15,-1.,0.));
#12165=DIRECTION('ref_axis',(-1.,2.22044604925031E-15,0.));
#12166=DIRECTION('',(-1.,2.22044604925031E-15,0.));
#12167=DIRECTION('',(0.,0.,-1.));
#12168=DIRECTION('',(1.,-2.22044604925031E-15,0.));
#12169=DIRECTION('center_axis',(0.,0.,-1.));
#12170=DIRECTION('ref_axis',(1.,0.,0.));
#12171=DIRECTION('center_axis',(0.,0.,-1.));
#12172=DIRECTION('ref_axis',(1.,0.,0.));
#12173=DIRECTION('',(0.,0.,-1.));
#12174=DIRECTION('center_axis',(0.,0.,1.));
#12175=DIRECTION('ref_axis',(1.,0.,0.));
#12176=DIRECTION('center_axis',(1.,0.,0.));
#12177=DIRECTION('ref_axis',(0.,-1.,0.));
#12178=DIRECTION('',(0.,-1.,0.));
#12179=DIRECTION('',(0.,0.,-1.));
#12180=DIRECTION('',(0.,1.,0.));
#12181=DIRECTION('center_axis',(0.,0.,-1.));
#12182=DIRECTION('ref_axis',(-7.10542735760065E-14,1.,0.));
#12183=DIRECTION('center_axis',(0.,0.,1.));
#12184=DIRECTION('ref_axis',(-7.10542735760065E-14,1.,0.));
#12185=DIRECTION('',(0.,0.,-1.));
#12186=DIRECTION('center_axis',(0.,0.,-1.));
#12187=DIRECTION('ref_axis',(-7.10542735760065E-14,1.,0.));
#12188=DIRECTION('center_axis',(3.55271367879969E-14,-1.,0.));
#12189=DIRECTION('ref_axis',(-1.,-3.55271367879969E-14,0.));
#12190=DIRECTION('',(-1.,-3.55271367879969E-14,0.));
#12191=DIRECTION('',(0.,0.,-1.));
#12192=DIRECTION('',(1.,3.55271367879969E-14,0.));
#12193=DIRECTION('center_axis',(0.,0.,-1.));
#12194=DIRECTION('ref_axis',(1.,-1.77635683940023E-14,0.));
#12195=DIRECTION('center_axis',(0.,0.,-1.));
#12196=DIRECTION('ref_axis',(1.,-1.77635683940023E-14,0.));
#12197=DIRECTION('',(0.,0.,-1.));
#12198=DIRECTION('center_axis',(0.,0.,1.));
#12199=DIRECTION('ref_axis',(1.,-1.77635683940023E-14,0.));
#12200=DIRECTION('center_axis',(1.,0.,0.));
#12201=DIRECTION('ref_axis',(0.,-1.,0.));
#12202=DIRECTION('',(0.,-1.,0.));
#12203=DIRECTION('',(0.,0.,-1.));
#12204=DIRECTION('',(0.,1.,0.));
#12205=DIRECTION('center_axis',(0.,0.,-1.));
#12206=DIRECTION('ref_axis',(3.55271367880032E-14,1.,0.));
#12207=DIRECTION('center_axis',(0.,0.,-1.));
#12208=DIRECTION('ref_axis',(3.55271367880032E-14,1.,0.));
#12209=DIRECTION('',(0.,0.,-1.));
#12210=DIRECTION('center_axis',(0.,0.,1.));
#12211=DIRECTION('ref_axis',(3.55271367880032E-14,1.,0.));
#12212=DIRECTION('center_axis',(0.,1.,0.));
#12213=DIRECTION('ref_axis',(1.,0.,0.));
#12214=DIRECTION('',(1.,0.,0.));
#12215=DIRECTION('',(0.,0.,-1.));
#12216=DIRECTION('',(-1.,0.,0.));
#12217=DIRECTION('center_axis',(0.,0.,-1.));
#12218=DIRECTION('ref_axis',(-1.,3.5527136788007E-14,0.));
#12219=DIRECTION('center_axis',(0.,0.,1.));
#12220=DIRECTION('ref_axis',(-1.,3.5527136788007E-14,0.));
#12221=DIRECTION('',(0.,0.,-1.));
#12222=DIRECTION('center_axis',(0.,0.,-1.));
#12223=DIRECTION('ref_axis',(-1.,3.5527136788007E-14,0.));
#12224=DIRECTION('center_axis',(1.,0.,0.));
#12225=DIRECTION('ref_axis',(0.,-1.,0.));
#12226=DIRECTION('',(0.,-1.,0.));
#12227=DIRECTION('',(0.,1.,0.));
#12228=DIRECTION('center_axis',(-1.,0.,0.));
#12229=DIRECTION('ref_axis',(0.,1.,0.));
#12230=DIRECTION('',(0.,1.,0.));
#12231=DIRECTION('',(0.,0.,-1.));
#12232=DIRECTION('',(0.,-1.,0.));
#12233=DIRECTION('',(0.,0.,-1.));
#12234=DIRECTION('center_axis',(0.,0.,-1.));
#12235=DIRECTION('ref_axis',(-1.,0.,0.));
#12236=DIRECTION('center_axis',(0.,0.,-1.));
#12237=DIRECTION('ref_axis',(-1.,0.,0.));
#12238=DIRECTION('',(0.,0.,-1.));
#12239=DIRECTION('center_axis',(0.,0.,1.));
#12240=DIRECTION('ref_axis',(-1.,0.,0.));
#12241=DIRECTION('center_axis',(0.,-1.,0.));
#12242=DIRECTION('ref_axis',(-1.,0.,0.));
#12243=DIRECTION('',(-1.,0.,0.));
#12244=DIRECTION('',(0.,0.,-1.));
#12245=DIRECTION('',(1.,0.,0.));
#12246=DIRECTION('center_axis',(0.,0.,-1.));
#12247=DIRECTION('ref_axis',(0.,-1.,0.));
#12248=DIRECTION('center_axis',(0.,0.,-1.));
#12249=DIRECTION('ref_axis',(0.,-1.,0.));
#12250=DIRECTION('',(0.,0.,-1.));
#12251=DIRECTION('center_axis',(0.,0.,1.));
#12252=DIRECTION('ref_axis',(0.,-1.,0.));
#12253=DIRECTION('center_axis',(1.,0.,0.));
#12254=DIRECTION('ref_axis',(0.,-1.,0.));
#12255=DIRECTION('',(0.,-1.,0.));
#12256=DIRECTION('',(0.,0.,-1.));
#12257=DIRECTION('',(0.,1.,0.));
#12258=DIRECTION('center_axis',(0.,0.,-1.));
#12259=DIRECTION('ref_axis',(1.,0.,0.));
#12260=DIRECTION('center_axis',(0.,0.,-1.));
#12261=DIRECTION('ref_axis',(1.,0.,0.));
#12262=DIRECTION('',(0.,0.,-1.));
#12263=DIRECTION('center_axis',(0.,0.,1.));
#12264=DIRECTION('ref_axis',(1.,0.,0.));
#12265=DIRECTION('center_axis',(0.,1.,0.));
#12266=DIRECTION('ref_axis',(1.,0.,0.));
#12267=DIRECTION('',(1.,0.,0.));
#12268=DIRECTION('',(0.,0.,-1.));
#12269=DIRECTION('',(-1.,0.,0.));
#12270=DIRECTION('center_axis',(0.,0.,-1.));
#12271=DIRECTION('ref_axis',(0.,1.,0.));
#12272=DIRECTION('center_axis',(0.,0.,-1.));
#12273=DIRECTION('ref_axis',(0.,1.,0.));
#12274=DIRECTION('center_axis',(0.,0.,1.));
#12275=DIRECTION('ref_axis',(0.,1.,0.));
#12276=DIRECTION('center_axis',(-1.,0.,0.));
#12277=DIRECTION('ref_axis',(0.,1.,0.));
#12278=DIRECTION('',(0.,1.,0.));
#12279=DIRECTION('',(0.,0.,-1.));
#12280=DIRECTION('',(0.,-1.,0.));
#12281=DIRECTION('',(0.,0.,-1.));
#12282=DIRECTION('center_axis',(0.,0.,-1.));
#12283=DIRECTION('ref_axis',(-1.,0.,0.));
#12284=DIRECTION('center_axis',(0.,0.,-1.));
#12285=DIRECTION('ref_axis',(-1.,0.,0.));
#12286=DIRECTION('',(0.,0.,-1.));
#12287=DIRECTION('center_axis',(0.,0.,1.));
#12288=DIRECTION('ref_axis',(-1.,0.,0.));
#12289=DIRECTION('center_axis',(0.,-1.,0.));
#12290=DIRECTION('ref_axis',(-1.,0.,0.));
#12291=DIRECTION('',(-1.,0.,0.));
#12292=DIRECTION('',(0.,0.,-1.));
#12293=DIRECTION('',(1.,0.,0.));
#12294=DIRECTION('center_axis',(0.,0.,-1.));
#12295=DIRECTION('ref_axis',(0.,-1.,0.));
#12296=DIRECTION('center_axis',(0.,0.,-1.));
#12297=DIRECTION('ref_axis',(0.,-1.,0.));
#12298=DIRECTION('',(0.,0.,-1.));
#12299=DIRECTION('center_axis',(0.,0.,1.));
#12300=DIRECTION('ref_axis',(0.,-1.,0.));
#12301=DIRECTION('center_axis',(1.,0.,0.));
#12302=DIRECTION('ref_axis',(0.,-1.,0.));
#12303=DIRECTION('',(0.,-1.,0.));
#12304=DIRECTION('',(0.,0.,-1.));
#12305=DIRECTION('',(0.,1.,0.));
#12306=DIRECTION('center_axis',(0.,0.,-1.));
#12307=DIRECTION('ref_axis',(1.,0.,0.));
#12308=DIRECTION('center_axis',(0.,0.,-1.));
#12309=DIRECTION('ref_axis',(1.,0.,0.));
#12310=DIRECTION('',(0.,0.,-1.));
#12311=DIRECTION('center_axis',(0.,0.,1.));
#12312=DIRECTION('ref_axis',(1.,0.,0.));
#12313=DIRECTION('center_axis',(0.,1.,0.));
#12314=DIRECTION('ref_axis',(1.,0.,0.));
#12315=DIRECTION('',(1.,0.,0.));
#12316=DIRECTION('',(0.,0.,-1.));
#12317=DIRECTION('',(-1.,0.,0.));
#12318=DIRECTION('center_axis',(0.,0.,-1.));
#12319=DIRECTION('ref_axis',(0.,1.,0.));
#12320=DIRECTION('center_axis',(0.,0.,-1.));
#12321=DIRECTION('ref_axis',(0.,1.,0.));
#12322=DIRECTION('center_axis',(0.,0.,1.));
#12323=DIRECTION('ref_axis',(0.,1.,0.));
#12324=DIRECTION('center_axis',(-1.,0.,0.));
#12325=DIRECTION('ref_axis',(0.,1.,0.));
#12326=DIRECTION('',(0.,1.,0.));
#12327=DIRECTION('',(0.,0.,-1.));
#12328=DIRECTION('',(0.,-1.,0.));
#12329=DIRECTION('',(0.,0.,-1.));
#12330=DIRECTION('center_axis',(0.,0.,-1.));
#12331=DIRECTION('ref_axis',(-1.,0.,0.));
#12332=DIRECTION('center_axis',(0.,0.,-1.));
#12333=DIRECTION('ref_axis',(-1.,0.,0.));
#12334=DIRECTION('',(0.,0.,-1.));
#12335=DIRECTION('center_axis',(0.,0.,1.));
#12336=DIRECTION('ref_axis',(-1.,0.,0.));
#12337=DIRECTION('center_axis',(0.,-1.,0.));
#12338=DIRECTION('ref_axis',(-1.,0.,0.));
#12339=DIRECTION('',(-1.,0.,0.));
#12340=DIRECTION('',(0.,0.,-1.));
#12341=DIRECTION('',(1.,0.,0.));
#12342=DIRECTION('center_axis',(0.,0.,-1.));
#12343=DIRECTION('ref_axis',(0.,-1.,0.));
#12344=DIRECTION('center_axis',(0.,0.,-1.));
#12345=DIRECTION('ref_axis',(0.,-1.,0.));
#12346=DIRECTION('',(0.,0.,-1.));
#12347=DIRECTION('center_axis',(0.,0.,1.));
#12348=DIRECTION('ref_axis',(0.,-1.,0.));
#12349=DIRECTION('center_axis',(1.,0.,0.));
#12350=DIRECTION('ref_axis',(0.,-1.,0.));
#12351=DIRECTION('',(0.,-1.,0.));
#12352=DIRECTION('',(0.,0.,-1.));
#12353=DIRECTION('',(0.,1.,0.));
#12354=DIRECTION('center_axis',(0.,0.,-1.));
#12355=DIRECTION('ref_axis',(1.,0.,0.));
#12356=DIRECTION('center_axis',(0.,0.,-1.));
#12357=DIRECTION('ref_axis',(1.,0.,0.));
#12358=DIRECTION('',(0.,0.,-1.));
#12359=DIRECTION('center_axis',(0.,0.,1.));
#12360=DIRECTION('ref_axis',(1.,0.,0.));
#12361=DIRECTION('center_axis',(0.,1.,0.));
#12362=DIRECTION('ref_axis',(1.,0.,0.));
#12363=DIRECTION('',(1.,0.,0.));
#12364=DIRECTION('',(0.,0.,-1.));
#12365=DIRECTION('',(-1.,0.,0.));
#12366=DIRECTION('center_axis',(0.,0.,-1.));
#12367=DIRECTION('ref_axis',(0.,1.,0.));
#12368=DIRECTION('center_axis',(0.,0.,-1.));
#12369=DIRECTION('ref_axis',(0.,1.,0.));
#12370=DIRECTION('center_axis',(0.,0.,1.));
#12371=DIRECTION('ref_axis',(0.,1.,0.));
#12372=DIRECTION('center_axis',(-1.,0.,0.));
#12373=DIRECTION('ref_axis',(0.,1.,0.));
#12374=DIRECTION('',(0.,1.,0.));
#12375=DIRECTION('',(0.,0.,-1.));
#12376=DIRECTION('',(0.,-1.,0.));
#12377=DIRECTION('',(0.,0.,-1.));
#12378=DIRECTION('center_axis',(0.,0.,-1.));
#12379=DIRECTION('ref_axis',(-1.,0.,0.));
#12380=DIRECTION('center_axis',(0.,0.,-1.));
#12381=DIRECTION('ref_axis',(-1.,0.,0.));
#12382=DIRECTION('',(0.,0.,-1.));
#12383=DIRECTION('center_axis',(0.,0.,1.));
#12384=DIRECTION('ref_axis',(-1.,0.,0.));
#12385=DIRECTION('center_axis',(0.,-1.,0.));
#12386=DIRECTION('ref_axis',(-1.,0.,0.));
#12387=DIRECTION('',(-1.,0.,0.));
#12388=DIRECTION('',(0.,0.,-1.));
#12389=DIRECTION('',(1.,0.,0.));
#12390=DIRECTION('center_axis',(0.,0.,-1.));
#12391=DIRECTION('ref_axis',(0.,-1.,0.));
#12392=DIRECTION('center_axis',(0.,0.,-1.));
#12393=DIRECTION('ref_axis',(0.,-1.,0.));
#12394=DIRECTION('',(0.,0.,-1.));
#12395=DIRECTION('center_axis',(0.,0.,1.));
#12396=DIRECTION('ref_axis',(0.,-1.,0.));
#12397=DIRECTION('center_axis',(1.,0.,0.));
#12398=DIRECTION('ref_axis',(0.,-1.,0.));
#12399=DIRECTION('',(0.,-1.,0.));
#12400=DIRECTION('',(0.,0.,-1.));
#12401=DIRECTION('',(0.,1.,0.));
#12402=DIRECTION('center_axis',(0.,0.,-1.));
#12403=DIRECTION('ref_axis',(1.,0.,0.));
#12404=DIRECTION('center_axis',(0.,0.,-1.));
#12405=DIRECTION('ref_axis',(1.,0.,0.));
#12406=DIRECTION('',(0.,0.,-1.));
#12407=DIRECTION('center_axis',(0.,0.,1.));
#12408=DIRECTION('ref_axis',(1.,0.,0.));
#12409=DIRECTION('center_axis',(0.,1.,0.));
#12410=DIRECTION('ref_axis',(1.,0.,0.));
#12411=DIRECTION('',(1.,0.,0.));
#12412=DIRECTION('',(0.,0.,-1.));
#12413=DIRECTION('',(-1.,0.,0.));
#12414=DIRECTION('center_axis',(0.,0.,-1.));
#12415=DIRECTION('ref_axis',(0.,1.,0.));
#12416=DIRECTION('center_axis',(0.,0.,-1.));
#12417=DIRECTION('ref_axis',(0.,1.,0.));
#12418=DIRECTION('center_axis',(0.,0.,1.));
#12419=DIRECTION('ref_axis',(0.,1.,0.));
#12420=DIRECTION('center_axis',(-1.,0.,0.));
#12421=DIRECTION('ref_axis',(0.,1.,0.));
#12422=DIRECTION('',(0.,1.,0.));
#12423=DIRECTION('',(0.,0.,-1.));
#12424=DIRECTION('',(0.,-1.,0.));
#12425=DIRECTION('',(0.,0.,-1.));
#12426=DIRECTION('center_axis',(0.,0.,-1.));
#12427=DIRECTION('ref_axis',(-1.,0.,0.));
#12428=DIRECTION('center_axis',(0.,0.,-1.));
#12429=DIRECTION('ref_axis',(-1.,0.,0.));
#12430=DIRECTION('',(0.,0.,-1.));
#12431=DIRECTION('center_axis',(0.,0.,1.));
#12432=DIRECTION('ref_axis',(-1.,0.,0.));
#12433=DIRECTION('center_axis',(0.,-1.,0.));
#12434=DIRECTION('ref_axis',(-1.,0.,0.));
#12435=DIRECTION('',(-1.,0.,0.));
#12436=DIRECTION('',(0.,0.,-1.));
#12437=DIRECTION('',(1.,0.,0.));
#12438=DIRECTION('center_axis',(0.,0.,-1.));
#12439=DIRECTION('ref_axis',(0.,-1.,0.));
#12440=DIRECTION('center_axis',(0.,0.,-1.));
#12441=DIRECTION('ref_axis',(0.,-1.,0.));
#12442=DIRECTION('',(0.,0.,-1.));
#12443=DIRECTION('center_axis',(0.,0.,1.));
#12444=DIRECTION('ref_axis',(0.,-1.,0.));
#12445=DIRECTION('center_axis',(1.,0.,0.));
#12446=DIRECTION('ref_axis',(0.,-1.,0.));
#12447=DIRECTION('',(0.,-1.,0.));
#12448=DIRECTION('',(0.,0.,-1.));
#12449=DIRECTION('',(0.,1.,0.));
#12450=DIRECTION('center_axis',(0.,0.,-1.));
#12451=DIRECTION('ref_axis',(1.,0.,0.));
#12452=DIRECTION('center_axis',(0.,0.,-1.));
#12453=DIRECTION('ref_axis',(1.,0.,0.));
#12454=DIRECTION('',(0.,0.,-1.));
#12455=DIRECTION('center_axis',(0.,0.,1.));
#12456=DIRECTION('ref_axis',(1.,0.,0.));
#12457=DIRECTION('center_axis',(0.,1.,0.));
#12458=DIRECTION('ref_axis',(1.,0.,0.));
#12459=DIRECTION('',(1.,0.,0.));
#12460=DIRECTION('',(0.,0.,-1.));
#12461=DIRECTION('',(-1.,0.,0.));
#12462=DIRECTION('center_axis',(0.,0.,-1.));
#12463=DIRECTION('ref_axis',(0.,1.,0.));
#12464=DIRECTION('center_axis',(0.,0.,-1.));
#12465=DIRECTION('ref_axis',(0.,1.,0.));
#12466=DIRECTION('center_axis',(0.,0.,1.));
#12467=DIRECTION('ref_axis',(0.,1.,0.));
#12468=DIRECTION('center_axis',(-1.,0.,0.));
#12469=DIRECTION('ref_axis',(0.,1.,0.));
#12470=DIRECTION('',(0.,1.,0.));
#12471=DIRECTION('',(0.,0.,-1.));
#12472=DIRECTION('',(0.,-1.,0.));
#12473=DIRECTION('',(0.,0.,-1.));
#12474=DIRECTION('center_axis',(0.,0.,-1.));
#12475=DIRECTION('ref_axis',(-1.,0.,0.));
#12476=DIRECTION('center_axis',(0.,0.,-1.));
#12477=DIRECTION('ref_axis',(-1.,0.,0.));
#12478=DIRECTION('',(0.,0.,-1.));
#12479=DIRECTION('center_axis',(0.,0.,1.));
#12480=DIRECTION('ref_axis',(-1.,0.,0.));
#12481=DIRECTION('center_axis',(0.,-1.,0.));
#12482=DIRECTION('ref_axis',(-1.,0.,0.));
#12483=DIRECTION('',(-1.,0.,0.));
#12484=DIRECTION('',(0.,0.,-1.));
#12485=DIRECTION('',(1.,0.,0.));
#12486=DIRECTION('center_axis',(0.,0.,-1.));
#12487=DIRECTION('ref_axis',(0.,-1.,0.));
#12488=DIRECTION('center_axis',(0.,0.,-1.));
#12489=DIRECTION('ref_axis',(0.,-1.,0.));
#12490=DIRECTION('',(0.,0.,-1.));
#12491=DIRECTION('center_axis',(0.,0.,1.));
#12492=DIRECTION('ref_axis',(0.,-1.,0.));
#12493=DIRECTION('center_axis',(1.,0.,0.));
#12494=DIRECTION('ref_axis',(0.,-1.,0.));
#12495=DIRECTION('',(0.,-1.,0.));
#12496=DIRECTION('',(0.,0.,-1.));
#12497=DIRECTION('',(0.,1.,0.));
#12498=DIRECTION('center_axis',(0.,0.,-1.));
#12499=DIRECTION('ref_axis',(1.,0.,0.));
#12500=DIRECTION('center_axis',(0.,0.,-1.));
#12501=DIRECTION('ref_axis',(1.,0.,0.));
#12502=DIRECTION('',(0.,0.,-1.));
#12503=DIRECTION('center_axis',(0.,0.,1.));
#12504=DIRECTION('ref_axis',(1.,0.,0.));
#12505=DIRECTION('center_axis',(0.,1.,0.));
#12506=DIRECTION('ref_axis',(1.,0.,0.));
#12507=DIRECTION('',(1.,0.,0.));
#12508=DIRECTION('',(0.,0.,-1.));
#12509=DIRECTION('',(-1.,0.,0.));
#12510=DIRECTION('center_axis',(0.,0.,-1.));
#12511=DIRECTION('ref_axis',(0.,1.,0.));
#12512=DIRECTION('center_axis',(0.,0.,-1.));
#12513=DIRECTION('ref_axis',(0.,1.,0.));
#12514=DIRECTION('center_axis',(0.,0.,1.));
#12515=DIRECTION('ref_axis',(0.,1.,0.));
#12516=DIRECTION('center_axis',(-1.,0.,0.));
#12517=DIRECTION('ref_axis',(0.,1.,0.));
#12518=DIRECTION('',(0.,1.,0.));
#12519=DIRECTION('',(0.,0.,-1.));
#12520=DIRECTION('',(0.,-1.,0.));
#12521=DIRECTION('',(0.,0.,-1.));
#12522=DIRECTION('center_axis',(0.,0.,-1.));
#12523=DIRECTION('ref_axis',(-1.,0.,0.));
#12524=DIRECTION('center_axis',(0.,0.,-1.));
#12525=DIRECTION('ref_axis',(-1.,0.,0.));
#12526=DIRECTION('',(0.,0.,-1.));
#12527=DIRECTION('center_axis',(0.,0.,1.));
#12528=DIRECTION('ref_axis',(-1.,0.,0.));
#12529=DIRECTION('center_axis',(0.,-1.,0.));
#12530=DIRECTION('ref_axis',(-1.,0.,0.));
#12531=DIRECTION('',(-1.,0.,0.));
#12532=DIRECTION('',(0.,0.,-1.));
#12533=DIRECTION('',(1.,0.,0.));
#12534=DIRECTION('center_axis',(0.,0.,-1.));
#12535=DIRECTION('ref_axis',(0.,-1.,0.));
#12536=DIRECTION('center_axis',(0.,0.,-1.));
#12537=DIRECTION('ref_axis',(0.,-1.,0.));
#12538=DIRECTION('',(0.,0.,-1.));
#12539=DIRECTION('center_axis',(0.,0.,1.));
#12540=DIRECTION('ref_axis',(0.,-1.,0.));
#12541=DIRECTION('center_axis',(1.,0.,0.));
#12542=DIRECTION('ref_axis',(0.,-1.,0.));
#12543=DIRECTION('',(0.,-1.,0.));
#12544=DIRECTION('',(0.,0.,-1.));
#12545=DIRECTION('',(0.,1.,0.));
#12546=DIRECTION('center_axis',(0.,0.,-1.));
#12547=DIRECTION('ref_axis',(1.,0.,0.));
#12548=DIRECTION('center_axis',(0.,0.,-1.));
#12549=DIRECTION('ref_axis',(1.,0.,0.));
#12550=DIRECTION('',(0.,0.,-1.));
#12551=DIRECTION('center_axis',(0.,0.,1.));
#12552=DIRECTION('ref_axis',(1.,0.,0.));
#12553=DIRECTION('center_axis',(0.,1.,0.));
#12554=DIRECTION('ref_axis',(1.,0.,0.));
#12555=DIRECTION('',(1.,0.,0.));
#12556=DIRECTION('',(0.,0.,-1.));
#12557=DIRECTION('',(-1.,0.,0.));
#12558=DIRECTION('center_axis',(0.,0.,-1.));
#12559=DIRECTION('ref_axis',(0.,1.,0.));
#12560=DIRECTION('center_axis',(0.,0.,-1.));
#12561=DIRECTION('ref_axis',(0.,1.,0.));
#12562=DIRECTION('center_axis',(0.,0.,1.));
#12563=DIRECTION('ref_axis',(0.,1.,0.));
#12564=DIRECTION('center_axis',(-1.,0.,0.));
#12565=DIRECTION('ref_axis',(0.,1.,0.));
#12566=DIRECTION('',(0.,1.,0.));
#12567=DIRECTION('',(0.,0.,-1.));
#12568=DIRECTION('',(0.,-1.,0.));
#12569=DIRECTION('',(0.,0.,-1.));
#12570=DIRECTION('center_axis',(0.,0.,-1.));
#12571=DIRECTION('ref_axis',(-1.,0.,0.));
#12572=DIRECTION('center_axis',(0.,0.,-1.));
#12573=DIRECTION('ref_axis',(-1.,0.,0.));
#12574=DIRECTION('',(0.,0.,-1.));
#12575=DIRECTION('center_axis',(0.,0.,1.));
#12576=DIRECTION('ref_axis',(-1.,0.,0.));
#12577=DIRECTION('center_axis',(0.,-1.,0.));
#12578=DIRECTION('ref_axis',(-1.,0.,0.));
#12579=DIRECTION('',(-1.,0.,0.));
#12580=DIRECTION('',(0.,0.,-1.));
#12581=DIRECTION('',(1.,0.,0.));
#12582=DIRECTION('center_axis',(0.,0.,-1.));
#12583=DIRECTION('ref_axis',(0.,-1.,0.));
#12584=DIRECTION('center_axis',(0.,0.,-1.));
#12585=DIRECTION('ref_axis',(0.,-1.,0.));
#12586=DIRECTION('',(0.,0.,-1.));
#12587=DIRECTION('center_axis',(0.,0.,1.));
#12588=DIRECTION('ref_axis',(0.,-1.,0.));
#12589=DIRECTION('center_axis',(1.,0.,0.));
#12590=DIRECTION('ref_axis',(0.,-1.,0.));
#12591=DIRECTION('',(0.,-1.,0.));
#12592=DIRECTION('',(0.,0.,-1.));
#12593=DIRECTION('',(0.,1.,0.));
#12594=DIRECTION('center_axis',(0.,0.,-1.));
#12595=DIRECTION('ref_axis',(1.,0.,0.));
#12596=DIRECTION('center_axis',(0.,0.,-1.));
#12597=DIRECTION('ref_axis',(1.,0.,0.));
#12598=DIRECTION('',(0.,0.,-1.));
#12599=DIRECTION('center_axis',(0.,0.,1.));
#12600=DIRECTION('ref_axis',(1.,0.,0.));
#12601=DIRECTION('center_axis',(0.,1.,0.));
#12602=DIRECTION('ref_axis',(1.,0.,0.));
#12603=DIRECTION('',(1.,0.,0.));
#12604=DIRECTION('',(0.,0.,-1.));
#12605=DIRECTION('',(-1.,0.,0.));
#12606=DIRECTION('center_axis',(0.,0.,-1.));
#12607=DIRECTION('ref_axis',(0.,1.,0.));
#12608=DIRECTION('center_axis',(0.,0.,-1.));
#12609=DIRECTION('ref_axis',(0.,1.,0.));
#12610=DIRECTION('center_axis',(0.,0.,1.));
#12611=DIRECTION('ref_axis',(0.,1.,0.));
#12612=DIRECTION('center_axis',(-1.,0.,0.));
#12613=DIRECTION('ref_axis',(0.,1.,0.));
#12614=DIRECTION('',(0.,1.,0.));
#12615=DIRECTION('',(0.,0.,-1.));
#12616=DIRECTION('',(0.,-1.,0.));
#12617=DIRECTION('',(0.,0.,-1.));
#12618=DIRECTION('center_axis',(0.,0.,-1.));
#12619=DIRECTION('ref_axis',(-1.,0.,0.));
#12620=DIRECTION('center_axis',(0.,0.,-1.));
#12621=DIRECTION('ref_axis',(-1.,0.,0.));
#12622=DIRECTION('',(0.,0.,-1.));
#12623=DIRECTION('center_axis',(0.,0.,1.));
#12624=DIRECTION('ref_axis',(-1.,0.,0.));
#12625=DIRECTION('center_axis',(0.,-1.,0.));
#12626=DIRECTION('ref_axis',(-1.,0.,0.));
#12627=DIRECTION('',(-1.,0.,0.));
#12628=DIRECTION('',(0.,0.,-1.));
#12629=DIRECTION('',(1.,0.,0.));
#12630=DIRECTION('center_axis',(0.,0.,-1.));
#12631=DIRECTION('ref_axis',(0.,-1.,0.));
#12632=DIRECTION('center_axis',(0.,0.,-1.));
#12633=DIRECTION('ref_axis',(0.,-1.,0.));
#12634=DIRECTION('',(0.,0.,-1.));
#12635=DIRECTION('center_axis',(0.,0.,1.));
#12636=DIRECTION('ref_axis',(0.,-1.,0.));
#12637=DIRECTION('center_axis',(1.,0.,0.));
#12638=DIRECTION('ref_axis',(0.,-1.,0.));
#12639=DIRECTION('',(0.,-1.,0.));
#12640=DIRECTION('',(0.,0.,-1.));
#12641=DIRECTION('',(0.,1.,0.));
#12642=DIRECTION('center_axis',(0.,0.,-1.));
#12643=DIRECTION('ref_axis',(1.,0.,0.));
#12644=DIRECTION('center_axis',(0.,0.,-1.));
#12645=DIRECTION('ref_axis',(1.,0.,0.));
#12646=DIRECTION('',(0.,0.,-1.));
#12647=DIRECTION('center_axis',(0.,0.,1.));
#12648=DIRECTION('ref_axis',(1.,0.,0.));
#12649=DIRECTION('center_axis',(0.,1.,0.));
#12650=DIRECTION('ref_axis',(1.,0.,0.));
#12651=DIRECTION('',(1.,0.,0.));
#12652=DIRECTION('',(0.,0.,-1.));
#12653=DIRECTION('',(-1.,0.,0.));
#12654=DIRECTION('center_axis',(0.,0.,-1.));
#12655=DIRECTION('ref_axis',(0.,1.,0.));
#12656=DIRECTION('center_axis',(0.,0.,-1.));
#12657=DIRECTION('ref_axis',(0.,1.,0.));
#12658=DIRECTION('center_axis',(0.,0.,1.));
#12659=DIRECTION('ref_axis',(0.,1.,0.));
#12660=DIRECTION('center_axis',(-1.,0.,0.));
#12661=DIRECTION('ref_axis',(0.,1.,0.));
#12662=DIRECTION('',(0.,1.,0.));
#12663=DIRECTION('',(0.,0.,-1.));
#12664=DIRECTION('',(0.,-1.,0.));
#12665=DIRECTION('',(0.,0.,-1.));
#12666=DIRECTION('center_axis',(0.,0.,-1.));
#12667=DIRECTION('ref_axis',(-1.,0.,0.));
#12668=DIRECTION('center_axis',(0.,0.,-1.));
#12669=DIRECTION('ref_axis',(-1.,0.,0.));
#12670=DIRECTION('',(0.,0.,-1.));
#12671=DIRECTION('center_axis',(0.,0.,1.));
#12672=DIRECTION('ref_axis',(-1.,0.,0.));
#12673=DIRECTION('center_axis',(0.,-1.,0.));
#12674=DIRECTION('ref_axis',(-1.,0.,0.));
#12675=DIRECTION('',(-1.,0.,0.));
#12676=DIRECTION('',(0.,0.,-1.));
#12677=DIRECTION('',(1.,0.,0.));
#12678=DIRECTION('center_axis',(0.,0.,-1.));
#12679=DIRECTION('ref_axis',(0.,-1.,0.));
#12680=DIRECTION('center_axis',(0.,0.,-1.));
#12681=DIRECTION('ref_axis',(0.,-1.,0.));
#12682=DIRECTION('',(0.,0.,-1.));
#12683=DIRECTION('center_axis',(0.,0.,1.));
#12684=DIRECTION('ref_axis',(0.,-1.,0.));
#12685=DIRECTION('center_axis',(1.,0.,0.));
#12686=DIRECTION('ref_axis',(0.,-1.,0.));
#12687=DIRECTION('',(0.,-1.,0.));
#12688=DIRECTION('',(0.,0.,-1.));
#12689=DIRECTION('',(0.,1.,0.));
#12690=DIRECTION('center_axis',(0.,0.,-1.));
#12691=DIRECTION('ref_axis',(1.,0.,0.));
#12692=DIRECTION('center_axis',(0.,0.,-1.));
#12693=DIRECTION('ref_axis',(1.,0.,0.));
#12694=DIRECTION('',(0.,0.,-1.));
#12695=DIRECTION('center_axis',(0.,0.,1.));
#12696=DIRECTION('ref_axis',(1.,0.,0.));
#12697=DIRECTION('center_axis',(0.,1.,0.));
#12698=DIRECTION('ref_axis',(1.,0.,0.));
#12699=DIRECTION('',(1.,0.,0.));
#12700=DIRECTION('',(0.,0.,-1.));
#12701=DIRECTION('',(-1.,0.,0.));
#12702=DIRECTION('center_axis',(0.,0.,-1.));
#12703=DIRECTION('ref_axis',(0.,1.,0.));
#12704=DIRECTION('center_axis',(0.,0.,-1.));
#12705=DIRECTION('ref_axis',(0.,1.,0.));
#12706=DIRECTION('center_axis',(0.,0.,1.));
#12707=DIRECTION('ref_axis',(0.,1.,0.));
#12708=DIRECTION('center_axis',(-1.,0.,0.));
#12709=DIRECTION('ref_axis',(0.,1.,0.));
#12710=DIRECTION('',(0.,1.,0.));
#12711=DIRECTION('',(0.,0.,-1.));
#12712=DIRECTION('',(0.,-1.,0.));
#12713=DIRECTION('',(0.,0.,-1.));
#12714=DIRECTION('center_axis',(0.,0.,-1.));
#12715=DIRECTION('ref_axis',(-1.,0.,0.));
#12716=DIRECTION('center_axis',(0.,0.,-1.));
#12717=DIRECTION('ref_axis',(-1.,0.,0.));
#12718=DIRECTION('',(0.,0.,-1.));
#12719=DIRECTION('center_axis',(0.,0.,1.));
#12720=DIRECTION('ref_axis',(-1.,0.,0.));
#12721=DIRECTION('center_axis',(0.,-1.,0.));
#12722=DIRECTION('ref_axis',(-1.,0.,0.));
#12723=DIRECTION('',(-1.,0.,0.));
#12724=DIRECTION('',(0.,0.,-1.));
#12725=DIRECTION('',(1.,0.,0.));
#12726=DIRECTION('center_axis',(0.,0.,-1.));
#12727=DIRECTION('ref_axis',(0.,-1.,0.));
#12728=DIRECTION('center_axis',(0.,0.,-1.));
#12729=DIRECTION('ref_axis',(0.,-1.,0.));
#12730=DIRECTION('',(0.,0.,-1.));
#12731=DIRECTION('center_axis',(0.,0.,1.));
#12732=DIRECTION('ref_axis',(0.,-1.,0.));
#12733=DIRECTION('center_axis',(1.,0.,0.));
#12734=DIRECTION('ref_axis',(0.,-1.,0.));
#12735=DIRECTION('',(0.,-1.,0.));
#12736=DIRECTION('',(0.,0.,-1.));
#12737=DIRECTION('',(0.,1.,0.));
#12738=DIRECTION('center_axis',(0.,0.,-1.));
#12739=DIRECTION('ref_axis',(1.,0.,0.));
#12740=DIRECTION('center_axis',(0.,0.,-1.));
#12741=DIRECTION('ref_axis',(1.,0.,0.));
#12742=DIRECTION('',(0.,0.,-1.));
#12743=DIRECTION('center_axis',(0.,0.,1.));
#12744=DIRECTION('ref_axis',(1.,0.,0.));
#12745=DIRECTION('center_axis',(0.,1.,0.));
#12746=DIRECTION('ref_axis',(1.,0.,0.));
#12747=DIRECTION('',(1.,0.,0.));
#12748=DIRECTION('',(0.,0.,-1.));
#12749=DIRECTION('',(-1.,0.,0.));
#12750=DIRECTION('center_axis',(0.,0.,-1.));
#12751=DIRECTION('ref_axis',(0.,1.,0.));
#12752=DIRECTION('center_axis',(0.,0.,-1.));
#12753=DIRECTION('ref_axis',(0.,1.,0.));
#12754=DIRECTION('center_axis',(0.,0.,1.));
#12755=DIRECTION('ref_axis',(0.,1.,0.));
#12756=DIRECTION('center_axis',(-1.,0.,0.));
#12757=DIRECTION('ref_axis',(0.,1.,0.));
#12758=DIRECTION('',(0.,1.,0.));
#12759=DIRECTION('',(0.,0.,-1.));
#12760=DIRECTION('',(0.,-1.,0.));
#12761=DIRECTION('',(0.,0.,-1.));
#12762=DIRECTION('center_axis',(0.,0.,-1.));
#12763=DIRECTION('ref_axis',(-1.,0.,0.));
#12764=DIRECTION('center_axis',(0.,0.,-1.));
#12765=DIRECTION('ref_axis',(-1.,0.,0.));
#12766=DIRECTION('',(0.,0.,-1.));
#12767=DIRECTION('center_axis',(0.,0.,1.));
#12768=DIRECTION('ref_axis',(-1.,0.,0.));
#12769=DIRECTION('center_axis',(0.,-1.,0.));
#12770=DIRECTION('ref_axis',(-1.,0.,0.));
#12771=DIRECTION('',(-1.,0.,0.));
#12772=DIRECTION('',(0.,0.,-1.));
#12773=DIRECTION('',(1.,0.,0.));
#12774=DIRECTION('center_axis',(0.,0.,-1.));
#12775=DIRECTION('ref_axis',(0.,-1.,0.));
#12776=DIRECTION('center_axis',(0.,0.,-1.));
#12777=DIRECTION('ref_axis',(0.,-1.,0.));
#12778=DIRECTION('',(0.,0.,-1.));
#12779=DIRECTION('center_axis',(0.,0.,1.));
#12780=DIRECTION('ref_axis',(0.,-1.,0.));
#12781=DIRECTION('center_axis',(1.,0.,0.));
#12782=DIRECTION('ref_axis',(0.,-1.,0.));
#12783=DIRECTION('',(0.,-1.,0.));
#12784=DIRECTION('',(0.,0.,-1.));
#12785=DIRECTION('',(0.,1.,0.));
#12786=DIRECTION('center_axis',(0.,0.,-1.));
#12787=DIRECTION('ref_axis',(1.,0.,0.));
#12788=DIRECTION('center_axis',(0.,0.,-1.));
#12789=DIRECTION('ref_axis',(1.,0.,0.));
#12790=DIRECTION('',(0.,0.,-1.));
#12791=DIRECTION('center_axis',(0.,0.,1.));
#12792=DIRECTION('ref_axis',(1.,0.,0.));
#12793=DIRECTION('center_axis',(0.,1.,0.));
#12794=DIRECTION('ref_axis',(1.,0.,0.));
#12795=DIRECTION('',(1.,0.,0.));
#12796=DIRECTION('',(0.,0.,-1.));
#12797=DIRECTION('',(-1.,0.,0.));
#12798=DIRECTION('center_axis',(0.,0.,-1.));
#12799=DIRECTION('ref_axis',(0.,1.,0.));
#12800=DIRECTION('center_axis',(0.,0.,-1.));
#12801=DIRECTION('ref_axis',(0.,1.,0.));
#12802=DIRECTION('center_axis',(0.,0.,1.));
#12803=DIRECTION('ref_axis',(0.,1.,0.));
#12804=DIRECTION('center_axis',(-1.,0.,0.));
#12805=DIRECTION('ref_axis',(0.,1.,0.));
#12806=DIRECTION('',(0.,1.,0.));
#12807=DIRECTION('',(0.,0.,-1.));
#12808=DIRECTION('',(0.,-1.,0.));
#12809=DIRECTION('',(0.,0.,-1.));
#12810=DIRECTION('center_axis',(0.,0.,-1.));
#12811=DIRECTION('ref_axis',(-1.,0.,0.));
#12812=DIRECTION('center_axis',(0.,0.,-1.));
#12813=DIRECTION('ref_axis',(-1.,0.,0.));
#12814=DIRECTION('',(0.,0.,-1.));
#12815=DIRECTION('center_axis',(0.,0.,1.));
#12816=DIRECTION('ref_axis',(-1.,0.,0.));
#12817=DIRECTION('center_axis',(0.,-1.,0.));
#12818=DIRECTION('ref_axis',(-1.,0.,0.));
#12819=DIRECTION('',(-1.,0.,0.));
#12820=DIRECTION('',(0.,0.,-1.));
#12821=DIRECTION('',(1.,0.,0.));
#12822=DIRECTION('center_axis',(0.,0.,-1.));
#12823=DIRECTION('ref_axis',(0.,-1.,0.));
#12824=DIRECTION('center_axis',(0.,0.,-1.));
#12825=DIRECTION('ref_axis',(0.,-1.,0.));
#12826=DIRECTION('',(0.,0.,-1.));
#12827=DIRECTION('center_axis',(0.,0.,1.));
#12828=DIRECTION('ref_axis',(0.,-1.,0.));
#12829=DIRECTION('center_axis',(1.,0.,0.));
#12830=DIRECTION('ref_axis',(0.,-1.,0.));
#12831=DIRECTION('',(0.,-1.,0.));
#12832=DIRECTION('',(0.,0.,-1.));
#12833=DIRECTION('',(0.,1.,0.));
#12834=DIRECTION('center_axis',(0.,0.,-1.));
#12835=DIRECTION('ref_axis',(1.,0.,0.));
#12836=DIRECTION('center_axis',(0.,0.,-1.));
#12837=DIRECTION('ref_axis',(1.,0.,0.));
#12838=DIRECTION('',(0.,0.,-1.));
#12839=DIRECTION('center_axis',(0.,0.,1.));
#12840=DIRECTION('ref_axis',(1.,0.,0.));
#12841=DIRECTION('center_axis',(0.,1.,0.));
#12842=DIRECTION('ref_axis',(1.,0.,0.));
#12843=DIRECTION('',(1.,0.,0.));
#12844=DIRECTION('',(0.,0.,-1.));
#12845=DIRECTION('',(-1.,0.,0.));
#12846=DIRECTION('center_axis',(0.,0.,-1.));
#12847=DIRECTION('ref_axis',(0.,1.,0.));
#12848=DIRECTION('center_axis',(0.,0.,-1.));
#12849=DIRECTION('ref_axis',(0.,1.,0.));
#12850=DIRECTION('center_axis',(0.,0.,1.));
#12851=DIRECTION('ref_axis',(0.,1.,0.));
#12852=DIRECTION('center_axis',(-1.,0.,0.));
#12853=DIRECTION('ref_axis',(0.,1.,0.));
#12854=DIRECTION('',(0.,1.,0.));
#12855=DIRECTION('',(0.,0.,-1.));
#12856=DIRECTION('',(0.,-1.,0.));
#12857=DIRECTION('',(0.,0.,-1.));
#12858=DIRECTION('center_axis',(0.,0.,-1.));
#12859=DIRECTION('ref_axis',(-1.,0.,0.));
#12860=DIRECTION('center_axis',(0.,0.,-1.));
#12861=DIRECTION('ref_axis',(-1.,0.,0.));
#12862=DIRECTION('',(0.,0.,-1.));
#12863=DIRECTION('center_axis',(0.,0.,1.));
#12864=DIRECTION('ref_axis',(-1.,0.,0.));
#12865=DIRECTION('center_axis',(0.,-1.,0.));
#12866=DIRECTION('ref_axis',(-1.,0.,0.));
#12867=DIRECTION('',(-1.,0.,0.));
#12868=DIRECTION('',(0.,0.,-1.));
#12869=DIRECTION('',(1.,0.,0.));
#12870=DIRECTION('center_axis',(0.,0.,-1.));
#12871=DIRECTION('ref_axis',(0.,-1.,0.));
#12872=DIRECTION('center_axis',(0.,0.,-1.));
#12873=DIRECTION('ref_axis',(0.,-1.,0.));
#12874=DIRECTION('',(0.,0.,-1.));
#12875=DIRECTION('center_axis',(0.,0.,1.));
#12876=DIRECTION('ref_axis',(0.,-1.,0.));
#12877=DIRECTION('center_axis',(1.,0.,0.));
#12878=DIRECTION('ref_axis',(0.,-1.,0.));
#12879=DIRECTION('',(0.,-1.,0.));
#12880=DIRECTION('',(0.,0.,-1.));
#12881=DIRECTION('',(0.,1.,0.));
#12882=DIRECTION('center_axis',(0.,0.,-1.));
#12883=DIRECTION('ref_axis',(1.,0.,0.));
#12884=DIRECTION('center_axis',(0.,0.,-1.));
#12885=DIRECTION('ref_axis',(1.,0.,0.));
#12886=DIRECTION('',(0.,0.,-1.));
#12887=DIRECTION('center_axis',(0.,0.,1.));
#12888=DIRECTION('ref_axis',(1.,0.,0.));
#12889=DIRECTION('center_axis',(0.,1.,0.));
#12890=DIRECTION('ref_axis',(1.,0.,0.));
#12891=DIRECTION('',(1.,0.,0.));
#12892=DIRECTION('',(0.,0.,-1.));
#12893=DIRECTION('',(-1.,0.,0.));
#12894=DIRECTION('center_axis',(0.,0.,-1.));
#12895=DIRECTION('ref_axis',(0.,1.,0.));
#12896=DIRECTION('center_axis',(0.,0.,-1.));
#12897=DIRECTION('ref_axis',(0.,1.,0.));
#12898=DIRECTION('center_axis',(0.,0.,1.));
#12899=DIRECTION('ref_axis',(0.,1.,0.));
#12900=DIRECTION('center_axis',(-1.,0.,0.));
#12901=DIRECTION('ref_axis',(0.,1.,0.));
#12902=DIRECTION('',(0.,1.,0.));
#12903=DIRECTION('',(0.,0.,-1.));
#12904=DIRECTION('',(0.,-1.,0.));
#12905=DIRECTION('',(0.,0.,-1.));
#12906=DIRECTION('center_axis',(0.,0.,-1.));
#12907=DIRECTION('ref_axis',(-1.,0.,0.));
#12908=DIRECTION('center_axis',(0.,0.,-1.));
#12909=DIRECTION('ref_axis',(-1.,0.,0.));
#12910=DIRECTION('',(0.,0.,-1.));
#12911=DIRECTION('center_axis',(0.,0.,1.));
#12912=DIRECTION('ref_axis',(-1.,0.,0.));
#12913=DIRECTION('center_axis',(0.,-1.,0.));
#12914=DIRECTION('ref_axis',(-1.,0.,0.));
#12915=DIRECTION('',(-1.,0.,0.));
#12916=DIRECTION('',(0.,0.,-1.));
#12917=DIRECTION('',(1.,0.,0.));
#12918=DIRECTION('center_axis',(0.,0.,-1.));
#12919=DIRECTION('ref_axis',(0.,-1.,0.));
#12920=DIRECTION('center_axis',(0.,0.,-1.));
#12921=DIRECTION('ref_axis',(0.,-1.,0.));
#12922=DIRECTION('',(0.,0.,-1.));
#12923=DIRECTION('center_axis',(0.,0.,1.));
#12924=DIRECTION('ref_axis',(0.,-1.,0.));
#12925=DIRECTION('center_axis',(1.,0.,0.));
#12926=DIRECTION('ref_axis',(0.,-1.,0.));
#12927=DIRECTION('',(0.,-1.,0.));
#12928=DIRECTION('',(0.,0.,-1.));
#12929=DIRECTION('',(0.,1.,0.));
#12930=DIRECTION('center_axis',(0.,0.,-1.));
#12931=DIRECTION('ref_axis',(1.,0.,0.));
#12932=DIRECTION('center_axis',(0.,0.,-1.));
#12933=DIRECTION('ref_axis',(1.,0.,0.));
#12934=DIRECTION('',(0.,0.,-1.));
#12935=DIRECTION('center_axis',(0.,0.,1.));
#12936=DIRECTION('ref_axis',(1.,0.,0.));
#12937=DIRECTION('center_axis',(0.,1.,0.));
#12938=DIRECTION('ref_axis',(1.,0.,0.));
#12939=DIRECTION('',(1.,0.,0.));
#12940=DIRECTION('',(0.,0.,-1.));
#12941=DIRECTION('',(-1.,0.,0.));
#12942=DIRECTION('center_axis',(0.,0.,-1.));
#12943=DIRECTION('ref_axis',(0.,1.,0.));
#12944=DIRECTION('center_axis',(0.,0.,-1.));
#12945=DIRECTION('ref_axis',(0.,1.,0.));
#12946=DIRECTION('center_axis',(0.,0.,1.));
#12947=DIRECTION('ref_axis',(0.,1.,0.));
#12948=DIRECTION('center_axis',(-1.,0.,0.));
#12949=DIRECTION('ref_axis',(0.,1.,0.));
#12950=DIRECTION('',(0.,1.,0.));
#12951=DIRECTION('',(0.,0.,-1.));
#12952=DIRECTION('',(0.,-1.,0.));
#12953=DIRECTION('',(0.,0.,-1.));
#12954=DIRECTION('center_axis',(0.,0.,-1.));
#12955=DIRECTION('ref_axis',(-1.,0.,0.));
#12956=DIRECTION('center_axis',(0.,0.,-1.));
#12957=DIRECTION('ref_axis',(-1.,0.,0.));
#12958=DIRECTION('',(0.,0.,-1.));
#12959=DIRECTION('center_axis',(0.,0.,1.));
#12960=DIRECTION('ref_axis',(-1.,0.,0.));
#12961=DIRECTION('center_axis',(0.,-1.,0.));
#12962=DIRECTION('ref_axis',(-1.,0.,0.));
#12963=DIRECTION('',(-1.,0.,0.));
#12964=DIRECTION('',(0.,0.,-1.));
#12965=DIRECTION('',(1.,0.,0.));
#12966=DIRECTION('center_axis',(0.,0.,-1.));
#12967=DIRECTION('ref_axis',(0.,-1.,0.));
#12968=DIRECTION('center_axis',(0.,0.,-1.));
#12969=DIRECTION('ref_axis',(0.,-1.,0.));
#12970=DIRECTION('',(0.,0.,-1.));
#12971=DIRECTION('center_axis',(0.,0.,1.));
#12972=DIRECTION('ref_axis',(0.,-1.,0.));
#12973=DIRECTION('center_axis',(1.,0.,0.));
#12974=DIRECTION('ref_axis',(0.,-1.,0.));
#12975=DIRECTION('',(0.,-1.,0.));
#12976=DIRECTION('',(0.,0.,-1.));
#12977=DIRECTION('',(0.,1.,0.));
#12978=DIRECTION('center_axis',(0.,0.,-1.));
#12979=DIRECTION('ref_axis',(1.,0.,0.));
#12980=DIRECTION('center_axis',(0.,0.,-1.));
#12981=DIRECTION('ref_axis',(1.,0.,0.));
#12982=DIRECTION('',(0.,0.,-1.));
#12983=DIRECTION('center_axis',(0.,0.,1.));
#12984=DIRECTION('ref_axis',(1.,0.,0.));
#12985=DIRECTION('center_axis',(0.,1.,0.));
#12986=DIRECTION('ref_axis',(1.,0.,0.));
#12987=DIRECTION('',(1.,0.,0.));
#12988=DIRECTION('',(0.,0.,-1.));
#12989=DIRECTION('',(-1.,0.,0.));
#12990=DIRECTION('center_axis',(0.,0.,-1.));
#12991=DIRECTION('ref_axis',(0.,1.,0.));
#12992=DIRECTION('center_axis',(0.,0.,-1.));
#12993=DIRECTION('ref_axis',(0.,1.,0.));
#12994=DIRECTION('center_axis',(0.,0.,1.));
#12995=DIRECTION('ref_axis',(0.,1.,0.));
#12996=DIRECTION('center_axis',(-1.,0.,0.));
#12997=DIRECTION('ref_axis',(0.,1.,0.));
#12998=DIRECTION('',(0.,1.,0.));
#12999=DIRECTION('',(0.,0.,-1.));
#13000=DIRECTION('',(0.,-1.,0.));
#13001=DIRECTION('',(0.,0.,-1.));
#13002=DIRECTION('center_axis',(0.,0.,-1.));
#13003=DIRECTION('ref_axis',(-1.,0.,0.));
#13004=DIRECTION('center_axis',(0.,0.,-1.));
#13005=DIRECTION('ref_axis',(-1.,0.,0.));
#13006=DIRECTION('',(0.,0.,-1.));
#13007=DIRECTION('center_axis',(0.,0.,1.));
#13008=DIRECTION('ref_axis',(-1.,0.,0.));
#13009=DIRECTION('center_axis',(0.,-1.,0.));
#13010=DIRECTION('ref_axis',(-1.,0.,0.));
#13011=DIRECTION('',(-1.,0.,0.));
#13012=DIRECTION('',(0.,0.,-1.));
#13013=DIRECTION('',(1.,0.,0.));
#13014=DIRECTION('center_axis',(0.,0.,-1.));
#13015=DIRECTION('ref_axis',(0.,-1.,0.));
#13016=DIRECTION('center_axis',(0.,0.,-1.));
#13017=DIRECTION('ref_axis',(0.,-1.,0.));
#13018=DIRECTION('',(0.,0.,-1.));
#13019=DIRECTION('center_axis',(0.,0.,1.));
#13020=DIRECTION('ref_axis',(0.,-1.,0.));
#13021=DIRECTION('center_axis',(1.,0.,0.));
#13022=DIRECTION('ref_axis',(0.,-1.,0.));
#13023=DIRECTION('',(0.,-1.,0.));
#13024=DIRECTION('',(0.,0.,-1.));
#13025=DIRECTION('',(0.,1.,0.));
#13026=DIRECTION('center_axis',(0.,0.,-1.));
#13027=DIRECTION('ref_axis',(1.,0.,0.));
#13028=DIRECTION('center_axis',(0.,0.,-1.));
#13029=DIRECTION('ref_axis',(1.,0.,0.));
#13030=DIRECTION('',(0.,0.,-1.));
#13031=DIRECTION('center_axis',(0.,0.,1.));
#13032=DIRECTION('ref_axis',(1.,0.,0.));
#13033=DIRECTION('center_axis',(0.,1.,0.));
#13034=DIRECTION('ref_axis',(1.,0.,0.));
#13035=DIRECTION('',(1.,0.,0.));
#13036=DIRECTION('',(0.,0.,-1.));
#13037=DIRECTION('',(-1.,0.,0.));
#13038=DIRECTION('center_axis',(0.,0.,-1.));
#13039=DIRECTION('ref_axis',(0.,1.,0.));
#13040=DIRECTION('center_axis',(0.,0.,-1.));
#13041=DIRECTION('ref_axis',(0.,1.,0.));
#13042=DIRECTION('center_axis',(0.,0.,1.));
#13043=DIRECTION('ref_axis',(0.,1.,0.));
#13044=DIRECTION('center_axis',(-1.,0.,0.));
#13045=DIRECTION('ref_axis',(0.,1.,0.));
#13046=DIRECTION('',(0.,1.,0.));
#13047=DIRECTION('',(0.,0.,-1.));
#13048=DIRECTION('',(0.,-1.,0.));
#13049=DIRECTION('',(0.,0.,-1.));
#13050=DIRECTION('center_axis',(0.,0.,-1.));
#13051=DIRECTION('ref_axis',(-1.,0.,0.));
#13052=DIRECTION('center_axis',(0.,0.,-1.));
#13053=DIRECTION('ref_axis',(-1.,0.,0.));
#13054=DIRECTION('',(0.,0.,-1.));
#13055=DIRECTION('center_axis',(0.,0.,1.));
#13056=DIRECTION('ref_axis',(-1.,0.,0.));
#13057=DIRECTION('center_axis',(0.,-1.,0.));
#13058=DIRECTION('ref_axis',(-1.,0.,0.));
#13059=DIRECTION('',(-1.,0.,0.));
#13060=DIRECTION('',(0.,0.,-1.));
#13061=DIRECTION('',(1.,0.,0.));
#13062=DIRECTION('center_axis',(0.,0.,-1.));
#13063=DIRECTION('ref_axis',(0.,-1.,0.));
#13064=DIRECTION('center_axis',(0.,0.,-1.));
#13065=DIRECTION('ref_axis',(0.,-1.,0.));
#13066=DIRECTION('',(0.,0.,-1.));
#13067=DIRECTION('center_axis',(0.,0.,1.));
#13068=DIRECTION('ref_axis',(0.,-1.,0.));
#13069=DIRECTION('center_axis',(1.,0.,0.));
#13070=DIRECTION('ref_axis',(0.,-1.,0.));
#13071=DIRECTION('',(0.,-1.,0.));
#13072=DIRECTION('',(0.,0.,-1.));
#13073=DIRECTION('',(0.,1.,0.));
#13074=DIRECTION('center_axis',(0.,0.,-1.));
#13075=DIRECTION('ref_axis',(1.,0.,0.));
#13076=DIRECTION('center_axis',(0.,0.,-1.));
#13077=DIRECTION('ref_axis',(1.,0.,0.));
#13078=DIRECTION('',(0.,0.,-1.));
#13079=DIRECTION('center_axis',(0.,0.,1.));
#13080=DIRECTION('ref_axis',(1.,0.,0.));
#13081=DIRECTION('center_axis',(0.,1.,0.));
#13082=DIRECTION('ref_axis',(1.,0.,0.));
#13083=DIRECTION('',(1.,0.,0.));
#13084=DIRECTION('',(0.,0.,-1.));
#13085=DIRECTION('',(-1.,0.,0.));
#13086=DIRECTION('center_axis',(0.,0.,-1.));
#13087=DIRECTION('ref_axis',(0.,1.,0.));
#13088=DIRECTION('center_axis',(0.,0.,-1.));
#13089=DIRECTION('ref_axis',(0.,1.,0.));
#13090=DIRECTION('center_axis',(0.,0.,1.));
#13091=DIRECTION('ref_axis',(0.,1.,0.));
#13092=DIRECTION('center_axis',(-1.,0.,0.));
#13093=DIRECTION('ref_axis',(0.,1.,0.));
#13094=DIRECTION('',(0.,1.,0.));
#13095=DIRECTION('',(0.,0.,-1.));
#13096=DIRECTION('',(0.,-1.,0.));
#13097=DIRECTION('',(0.,0.,-1.));
#13098=DIRECTION('center_axis',(0.,0.,-1.));
#13099=DIRECTION('ref_axis',(-1.,0.,0.));
#13100=DIRECTION('center_axis',(0.,0.,-1.));
#13101=DIRECTION('ref_axis',(-1.,0.,0.));
#13102=DIRECTION('',(0.,0.,-1.));
#13103=DIRECTION('center_axis',(0.,0.,1.));
#13104=DIRECTION('ref_axis',(-1.,0.,0.));
#13105=DIRECTION('center_axis',(0.,-1.,0.));
#13106=DIRECTION('ref_axis',(-1.,0.,0.));
#13107=DIRECTION('',(-1.,0.,0.));
#13108=DIRECTION('',(0.,0.,-1.));
#13109=DIRECTION('',(1.,0.,0.));
#13110=DIRECTION('center_axis',(0.,0.,-1.));
#13111=DIRECTION('ref_axis',(0.,-1.,0.));
#13112=DIRECTION('center_axis',(0.,0.,-1.));
#13113=DIRECTION('ref_axis',(0.,-1.,0.));
#13114=DIRECTION('',(0.,0.,-1.));
#13115=DIRECTION('center_axis',(0.,0.,1.));
#13116=DIRECTION('ref_axis',(0.,-1.,0.));
#13117=DIRECTION('center_axis',(1.,0.,0.));
#13118=DIRECTION('ref_axis',(0.,-1.,0.));
#13119=DIRECTION('',(0.,-1.,0.));
#13120=DIRECTION('',(0.,0.,-1.));
#13121=DIRECTION('',(0.,1.,0.));
#13122=DIRECTION('center_axis',(0.,0.,-1.));
#13123=DIRECTION('ref_axis',(1.,0.,0.));
#13124=DIRECTION('center_axis',(0.,0.,-1.));
#13125=DIRECTION('ref_axis',(1.,0.,0.));
#13126=DIRECTION('',(0.,0.,-1.));
#13127=DIRECTION('center_axis',(0.,0.,1.));
#13128=DIRECTION('ref_axis',(1.,0.,0.));
#13129=DIRECTION('center_axis',(0.,1.,0.));
#13130=DIRECTION('ref_axis',(1.,0.,0.));
#13131=DIRECTION('',(1.,0.,0.));
#13132=DIRECTION('',(0.,0.,-1.));
#13133=DIRECTION('',(-1.,0.,0.));
#13134=DIRECTION('center_axis',(0.,0.,-1.));
#13135=DIRECTION('ref_axis',(0.,1.,0.));
#13136=DIRECTION('center_axis',(0.,0.,-1.));
#13137=DIRECTION('ref_axis',(0.,1.,0.));
#13138=DIRECTION('center_axis',(0.,0.,1.));
#13139=DIRECTION('ref_axis',(0.,1.,0.));
#13140=DIRECTION('center_axis',(0.,0.,-1.));
#13141=DIRECTION('ref_axis',(1.42108547152008E-13,1.,0.));
#13142=DIRECTION('center_axis',(0.,0.,-1.));
#13143=DIRECTION('ref_axis',(1.42108547152008E-13,1.,0.));
#13144=DIRECTION('',(0.,0.,-1.));
#13145=DIRECTION('center_axis',(0.,0.,1.));
#13146=DIRECTION('ref_axis',(1.42108547152008E-13,1.,0.));
#13147=DIRECTION('',(0.,0.,-1.));
#13148=DIRECTION('center_axis',(0.,1.,0.));
#13149=DIRECTION('ref_axis',(1.,0.,0.));
#13150=DIRECTION('',(1.,0.,0.));
#13151=DIRECTION('',(0.,0.,-1.));
#13152=DIRECTION('',(-1.,0.,0.));
#13153=DIRECTION('center_axis',(0.,0.,-1.));
#13154=DIRECTION('ref_axis',(-1.,7.10542735760065E-14,0.));
#13155=DIRECTION('center_axis',(0.,0.,-1.));
#13156=DIRECTION('ref_axis',(-1.,7.10542735760065E-14,0.));
#13157=DIRECTION('',(0.,0.,-1.));
#13158=DIRECTION('center_axis',(0.,0.,1.));
#13159=DIRECTION('ref_axis',(-1.,7.10542735760065E-14,0.));
#13160=DIRECTION('center_axis',(-1.,0.,0.));
#13161=DIRECTION('ref_axis',(0.,1.,0.));
#13162=DIRECTION('',(0.,1.,0.));
#13163=DIRECTION('',(0.,0.,-1.));
#13164=DIRECTION('',(0.,-1.,0.));
#13165=DIRECTION('center_axis',(0.,0.,-1.));
#13166=DIRECTION('ref_axis',(3.55271367880032E-14,-1.,0.));
#13167=DIRECTION('center_axis',(0.,0.,1.));
#13168=DIRECTION('ref_axis',(3.55271367880032E-14,-1.,0.));
#13169=DIRECTION('',(0.,0.,-1.));
#13170=DIRECTION('center_axis',(0.,0.,-1.));
#13171=DIRECTION('ref_axis',(3.55271367880032E-14,-1.,0.));
#13172=DIRECTION('center_axis',(0.,1.,0.));
#13173=DIRECTION('ref_axis',(1.,0.,0.));
#13174=DIRECTION('',(1.,0.,0.));
#13175=DIRECTION('',(0.,0.,-1.));
#13176=DIRECTION('',(-1.,0.,0.));
#13177=DIRECTION('center_axis',(0.,0.,-1.));
#13178=DIRECTION('ref_axis',(-1.,5.32907051820049E-14,0.));
#13179=DIRECTION('center_axis',(0.,0.,-1.));
#13180=DIRECTION('ref_axis',(-1.,5.32907051820049E-14,0.));
#13181=DIRECTION('',(0.,0.,-1.));
#13182=DIRECTION('center_axis',(0.,0.,1.));
#13183=DIRECTION('ref_axis',(-1.,5.32907051820049E-14,0.));
#13184=DIRECTION('center_axis',(-1.,0.,0.));
#13185=DIRECTION('ref_axis',(0.,1.,0.));
#13186=DIRECTION('',(0.,1.,0.));
#13187=DIRECTION('',(0.,0.,-1.));
#13188=DIRECTION('',(0.,-1.,0.));
#13189=DIRECTION('center_axis',(0.,0.,-1.));
#13190=DIRECTION('ref_axis',(3.55271367880045E-14,-1.,0.));
#13191=DIRECTION('center_axis',(0.,0.,-1.));
#13192=DIRECTION('ref_axis',(3.55271367880045E-14,-1.,0.));
#13193=DIRECTION('',(0.,0.,-1.));
#13194=DIRECTION('center_axis',(0.,0.,1.));
#13195=DIRECTION('ref_axis',(3.55271367880045E-14,-1.,0.));
#13196=DIRECTION('center_axis',(0.,-1.,0.));
#13197=DIRECTION('ref_axis',(-1.,0.,0.));
#13198=DIRECTION('',(-1.,0.,0.));
#13199=DIRECTION('',(0.,0.,-1.));
#13200=DIRECTION('',(1.,0.,0.));
#13201=DIRECTION('center_axis',(0.,0.,-1.));
#13202=DIRECTION('ref_axis',(1.,5.32907051820049E-14,0.));
#13203=DIRECTION('center_axis',(0.,0.,1.));
#13204=DIRECTION('ref_axis',(1.,5.32907051820049E-14,0.));
#13205=DIRECTION('',(0.,0.,-1.));
#13206=DIRECTION('center_axis',(0.,0.,-1.));
#13207=DIRECTION('ref_axis',(1.,5.32907051820049E-14,0.));
#13208=DIRECTION('center_axis',(-1.,0.,0.));
#13209=DIRECTION('ref_axis',(0.,1.,0.));
#13210=DIRECTION('',(0.,1.,0.));
#13211=DIRECTION('',(0.,0.,-1.));
#13212=DIRECTION('',(0.,-1.,0.));
#13213=DIRECTION('center_axis',(0.,0.,-1.));
#13214=DIRECTION('ref_axis',(3.55271367880039E-14,-1.,0.));
#13215=DIRECTION('center_axis',(0.,0.,-1.));
#13216=DIRECTION('ref_axis',(3.55271367880039E-14,-1.,0.));
#13217=DIRECTION('',(0.,0.,-1.));
#13218=DIRECTION('center_axis',(0.,0.,1.));
#13219=DIRECTION('ref_axis',(3.55271367880039E-14,-1.,0.));
#13220=DIRECTION('center_axis',(-2.22044604925031E-15,-1.,0.));
#13221=DIRECTION('ref_axis',(-1.,2.22044604925031E-15,0.));
#13222=DIRECTION('',(-1.,2.22044604925031E-15,0.));
#13223=DIRECTION('',(0.,0.,-1.));
#13224=DIRECTION('',(1.,-2.22044604925031E-15,0.));
#13225=DIRECTION('center_axis',(0.,0.,-1.));
#13226=DIRECTION('ref_axis',(1.,0.,0.));
#13227=DIRECTION('center_axis',(0.,0.,-1.));
#13228=DIRECTION('ref_axis',(1.,0.,0.));
#13229=DIRECTION('',(0.,0.,-1.));
#13230=DIRECTION('center_axis',(0.,0.,1.));
#13231=DIRECTION('ref_axis',(1.,0.,0.));
#13232=DIRECTION('center_axis',(1.,0.,0.));
#13233=DIRECTION('ref_axis',(0.,-1.,0.));
#13234=DIRECTION('',(0.,-1.,0.));
#13235=DIRECTION('',(0.,0.,-1.));
#13236=DIRECTION('',(0.,1.,0.));
#13237=DIRECTION('center_axis',(0.,0.,-1.));
#13238=DIRECTION('ref_axis',(0.,1.,0.));
#13239=DIRECTION('center_axis',(0.,0.,1.));
#13240=DIRECTION('ref_axis',(0.,1.,0.));
#13241=DIRECTION('',(0.,0.,-1.));
#13242=DIRECTION('center_axis',(0.,0.,-1.));
#13243=DIRECTION('ref_axis',(0.,1.,0.));
#13244=DIRECTION('center_axis',(3.55271367879969E-14,-1.,0.));
#13245=DIRECTION('ref_axis',(-1.,-3.55271367879969E-14,0.));
#13246=DIRECTION('',(-1.,-3.55271367879969E-14,0.));
#13247=DIRECTION('',(0.,0.,-1.));
#13248=DIRECTION('',(1.,3.55271367879969E-14,0.));
#13249=DIRECTION('center_axis',(0.,0.,-1.));
#13250=DIRECTION('ref_axis',(1.,-1.77635683940023E-14,0.));
#13251=DIRECTION('center_axis',(0.,0.,-1.));
#13252=DIRECTION('ref_axis',(1.,-1.77635683940023E-14,0.));
#13253=DIRECTION('',(0.,0.,-1.));
#13254=DIRECTION('center_axis',(0.,0.,1.));
#13255=DIRECTION('ref_axis',(1.,-1.77635683940023E-14,0.));
#13256=DIRECTION('center_axis',(1.,0.,0.));
#13257=DIRECTION('ref_axis',(0.,-1.,0.));
#13258=DIRECTION('',(0.,-1.,0.));
#13259=DIRECTION('',(0.,0.,-1.));
#13260=DIRECTION('',(0.,1.,0.));
#13261=DIRECTION('center_axis',(0.,0.,-1.));
#13262=DIRECTION('ref_axis',(0.,1.,0.));
#13263=DIRECTION('center_axis',(0.,0.,-1.));
#13264=DIRECTION('ref_axis',(0.,1.,0.));
#13265=DIRECTION('',(0.,0.,-1.));
#13266=DIRECTION('center_axis',(0.,0.,1.));
#13267=DIRECTION('ref_axis',(0.,1.,0.));
#13268=DIRECTION('center_axis',(0.,1.,0.));
#13269=DIRECTION('ref_axis',(1.,0.,0.));
#13270=DIRECTION('',(1.,0.,0.));
#13271=DIRECTION('',(0.,0.,-1.));
#13272=DIRECTION('',(-1.,0.,0.));
#13273=DIRECTION('center_axis',(0.,0.,-1.));
#13274=DIRECTION('ref_axis',(-1.,3.5527136788007E-14,0.));
#13275=DIRECTION('center_axis',(0.,0.,1.));
#13276=DIRECTION('ref_axis',(-1.,3.5527136788007E-14,0.));
#13277=DIRECTION('',(0.,0.,-1.));
#13278=DIRECTION('center_axis',(0.,0.,-1.));
#13279=DIRECTION('ref_axis',(-1.,3.5527136788007E-14,0.));
#13280=DIRECTION('center_axis',(1.,0.,0.));
#13281=DIRECTION('ref_axis',(0.,-1.,0.));
#13282=DIRECTION('',(0.,-1.,0.));
#13283=DIRECTION('',(0.,1.,0.));
#13284=DIRECTION('center_axis',(0.,0.,-1.));
#13285=DIRECTION('ref_axis',(1.42108547152008E-13,1.,0.));
#13286=DIRECTION('center_axis',(0.,0.,-1.));
#13287=DIRECTION('ref_axis',(1.42108547152008E-13,1.,0.));
#13288=DIRECTION('',(0.,0.,-1.));
#13289=DIRECTION('center_axis',(0.,0.,1.));
#13290=DIRECTION('ref_axis',(1.42108547152008E-13,1.,0.));
#13291=DIRECTION('',(0.,0.,-1.));
#13292=DIRECTION('center_axis',(0.,1.,0.));
#13293=DIRECTION('ref_axis',(1.,0.,0.));
#13294=DIRECTION('',(1.,0.,0.));
#13295=DIRECTION('',(0.,0.,-1.));
#13296=DIRECTION('',(-1.,0.,0.));
#13297=DIRECTION('center_axis',(0.,0.,-1.));
#13298=DIRECTION('ref_axis',(-1.,7.10542735760065E-14,0.));
#13299=DIRECTION('center_axis',(0.,0.,-1.));
#13300=DIRECTION('ref_axis',(-1.,7.10542735760065E-14,0.));
#13301=DIRECTION('',(0.,0.,-1.));
#13302=DIRECTION('center_axis',(0.,0.,1.));
#13303=DIRECTION('ref_axis',(-1.,7.10542735760065E-14,0.));
#13304=DIRECTION('center_axis',(-1.,0.,0.));
#13305=DIRECTION('ref_axis',(0.,1.,0.));
#13306=DIRECTION('',(0.,1.,0.));
#13307=DIRECTION('',(0.,0.,-1.));
#13308=DIRECTION('',(0.,-1.,0.));
#13309=DIRECTION('center_axis',(0.,0.,-1.));
#13310=DIRECTION('ref_axis',(3.55271367880032E-14,-1.,0.));
#13311=DIRECTION('center_axis',(0.,0.,1.));
#13312=DIRECTION('ref_axis',(3.55271367880032E-14,-1.,0.));
#13313=DIRECTION('',(0.,0.,-1.));
#13314=DIRECTION('center_axis',(0.,0.,-1.));
#13315=DIRECTION('ref_axis',(3.55271367880032E-14,-1.,0.));
#13316=DIRECTION('center_axis',(0.,1.,0.));
#13317=DIRECTION('ref_axis',(1.,0.,0.));
#13318=DIRECTION('',(1.,0.,0.));
#13319=DIRECTION('',(0.,0.,-1.));
#13320=DIRECTION('',(-1.,0.,0.));
#13321=DIRECTION('center_axis',(0.,0.,-1.));
#13322=DIRECTION('ref_axis',(-1.,5.32907051820049E-14,0.));
#13323=DIRECTION('center_axis',(0.,0.,-1.));
#13324=DIRECTION('ref_axis',(-1.,5.32907051820049E-14,0.));
#13325=DIRECTION('',(0.,0.,-1.));
#13326=DIRECTION('center_axis',(0.,0.,1.));
#13327=DIRECTION('ref_axis',(-1.,5.32907051820049E-14,0.));
#13328=DIRECTION('center_axis',(-1.,0.,0.));
#13329=DIRECTION('ref_axis',(0.,1.,0.));
#13330=DIRECTION('',(0.,1.,0.));
#13331=DIRECTION('',(0.,0.,-1.));
#13332=DIRECTION('',(0.,-1.,0.));
#13333=DIRECTION('center_axis',(0.,0.,-1.));
#13334=DIRECTION('ref_axis',(3.55271367880045E-14,-1.,0.));
#13335=DIRECTION('center_axis',(0.,0.,-1.));
#13336=DIRECTION('ref_axis',(3.55271367880045E-14,-1.,0.));
#13337=DIRECTION('',(0.,0.,-1.));
#13338=DIRECTION('center_axis',(0.,0.,1.));
#13339=DIRECTION('ref_axis',(3.55271367880045E-14,-1.,0.));
#13340=DIRECTION('center_axis',(0.,-1.,0.));
#13341=DIRECTION('ref_axis',(-1.,0.,0.));
#13342=DIRECTION('',(-1.,0.,0.));
#13343=DIRECTION('',(0.,0.,-1.));
#13344=DIRECTION('',(1.,0.,0.));
#13345=DIRECTION('center_axis',(0.,0.,-1.));
#13346=DIRECTION('ref_axis',(1.,5.32907051820049E-14,0.));
#13347=DIRECTION('center_axis',(0.,0.,1.));
#13348=DIRECTION('ref_axis',(1.,5.32907051820049E-14,0.));
#13349=DIRECTION('',(0.,0.,-1.));
#13350=DIRECTION('center_axis',(0.,0.,-1.));
#13351=DIRECTION('ref_axis',(1.,5.32907051820049E-14,0.));
#13352=DIRECTION('center_axis',(-1.,0.,0.));
#13353=DIRECTION('ref_axis',(0.,1.,0.));
#13354=DIRECTION('',(0.,1.,0.));
#13355=DIRECTION('',(0.,0.,-1.));
#13356=DIRECTION('',(0.,-1.,0.));
#13357=DIRECTION('center_axis',(0.,0.,-1.));
#13358=DIRECTION('ref_axis',(3.55271367880039E-14,-1.,0.));
#13359=DIRECTION('center_axis',(0.,0.,-1.));
#13360=DIRECTION('ref_axis',(3.55271367880039E-14,-1.,0.));
#13361=DIRECTION('',(0.,0.,-1.));
#13362=DIRECTION('center_axis',(0.,0.,1.));
#13363=DIRECTION('ref_axis',(3.55271367880039E-14,-1.,0.));
#13364=DIRECTION('center_axis',(-2.22044604925031E-15,-1.,0.));
#13365=DIRECTION('ref_axis',(-1.,2.22044604925031E-15,0.));
#13366=DIRECTION('',(-1.,2.22044604925031E-15,0.));
#13367=DIRECTION('',(0.,0.,-1.));
#13368=DIRECTION('',(1.,-2.22044604925031E-15,0.));
#13369=DIRECTION('center_axis',(0.,0.,-1.));
#13370=DIRECTION('ref_axis',(1.,0.,0.));
#13371=DIRECTION('center_axis',(0.,0.,-1.));
#13372=DIRECTION('ref_axis',(1.,0.,0.));
#13373=DIRECTION('',(0.,0.,-1.));
#13374=DIRECTION('center_axis',(0.,0.,1.));
#13375=DIRECTION('ref_axis',(1.,0.,0.));
#13376=DIRECTION('center_axis',(1.,0.,0.));
#13377=DIRECTION('ref_axis',(0.,-1.,0.));
#13378=DIRECTION('',(0.,-1.,0.));
#13379=DIRECTION('',(0.,0.,-1.));
#13380=DIRECTION('',(0.,1.,0.));
#13381=DIRECTION('center_axis',(0.,0.,-1.));
#13382=DIRECTION('ref_axis',(-7.10542735760065E-14,1.,0.));
#13383=DIRECTION('center_axis',(0.,0.,1.));
#13384=DIRECTION('ref_axis',(-7.10542735760065E-14,1.,0.));
#13385=DIRECTION('',(0.,0.,-1.));
#13386=DIRECTION('center_axis',(0.,0.,-1.));
#13387=DIRECTION('ref_axis',(-7.10542735760065E-14,1.,0.));
#13388=DIRECTION('center_axis',(3.55271367879969E-14,-1.,0.));
#13389=DIRECTION('ref_axis',(-1.,-3.55271367879969E-14,0.));
#13390=DIRECTION('',(-1.,-3.55271367879969E-14,0.));
#13391=DIRECTION('',(0.,0.,-1.));
#13392=DIRECTION('',(1.,3.55271367879969E-14,0.));
#13393=DIRECTION('center_axis',(0.,0.,-1.));
#13394=DIRECTION('ref_axis',(1.,-1.77635683940023E-14,0.));
#13395=DIRECTION('center_axis',(0.,0.,-1.));
#13396=DIRECTION('ref_axis',(1.,-1.77635683940023E-14,0.));
#13397=DIRECTION('',(0.,0.,-1.));
#13398=DIRECTION('center_axis',(0.,0.,1.));
#13399=DIRECTION('ref_axis',(1.,-1.77635683940023E-14,0.));
#13400=DIRECTION('center_axis',(1.,0.,0.));
#13401=DIRECTION('ref_axis',(0.,-1.,0.));
#13402=DIRECTION('',(0.,-1.,0.));
#13403=DIRECTION('',(0.,0.,-1.));
#13404=DIRECTION('',(0.,1.,0.));
#13405=DIRECTION('center_axis',(0.,0.,-1.));
#13406=DIRECTION('ref_axis',(3.55271367880032E-14,1.,0.));
#13407=DIRECTION('center_axis',(0.,0.,-1.));
#13408=DIRECTION('ref_axis',(3.55271367880032E-14,1.,0.));
#13409=DIRECTION('',(0.,0.,-1.));
#13410=DIRECTION('center_axis',(0.,0.,1.));
#13411=DIRECTION('ref_axis',(3.55271367880032E-14,1.,0.));
#13412=DIRECTION('center_axis',(0.,1.,0.));
#13413=DIRECTION('ref_axis',(1.,0.,0.));
#13414=DIRECTION('',(1.,0.,0.));
#13415=DIRECTION('',(0.,0.,-1.));
#13416=DIRECTION('',(-1.,0.,0.));
#13417=DIRECTION('center_axis',(0.,0.,-1.));
#13418=DIRECTION('ref_axis',(-1.,3.5527136788007E-14,0.));
#13419=DIRECTION('center_axis',(0.,0.,1.));
#13420=DIRECTION('ref_axis',(-1.,3.5527136788007E-14,0.));
#13421=DIRECTION('',(0.,0.,-1.));
#13422=DIRECTION('center_axis',(0.,0.,-1.));
#13423=DIRECTION('ref_axis',(-1.,3.5527136788007E-14,0.));
#13424=DIRECTION('center_axis',(1.,0.,0.));
#13425=DIRECTION('ref_axis',(0.,-1.,0.));
#13426=DIRECTION('',(0.,-1.,0.));
#13427=DIRECTION('',(0.,1.,0.));
#13428=DIRECTION('center_axis',(-1.,0.,0.));
#13429=DIRECTION('ref_axis',(0.,1.,0.));
#13430=DIRECTION('',(0.,1.,0.));
#13431=DIRECTION('',(0.,0.,-1.));
#13432=DIRECTION('',(0.,-1.,0.));
#13433=DIRECTION('',(0.,0.,-1.));
#13434=DIRECTION('center_axis',(0.,0.,-1.));
#13435=DIRECTION('ref_axis',(-1.,0.,0.));
#13436=DIRECTION('center_axis',(0.,0.,-1.));
#13437=DIRECTION('ref_axis',(-1.,0.,0.));
#13438=DIRECTION('',(0.,0.,-1.));
#13439=DIRECTION('center_axis',(0.,0.,1.));
#13440=DIRECTION('ref_axis',(-1.,0.,0.));
#13441=DIRECTION('center_axis',(0.,-1.,0.));
#13442=DIRECTION('ref_axis',(-1.,0.,0.));
#13443=DIRECTION('',(-1.,0.,0.));
#13444=DIRECTION('',(0.,0.,-1.));
#13445=DIRECTION('',(1.,0.,0.));
#13446=DIRECTION('center_axis',(0.,0.,-1.));
#13447=DIRECTION('ref_axis',(0.,-1.,0.));
#13448=DIRECTION('center_axis',(0.,0.,-1.));
#13449=DIRECTION('ref_axis',(0.,-1.,0.));
#13450=DIRECTION('',(0.,0.,-1.));
#13451=DIRECTION('center_axis',(0.,0.,1.));
#13452=DIRECTION('ref_axis',(0.,-1.,0.));
#13453=DIRECTION('center_axis',(1.,0.,0.));
#13454=DIRECTION('ref_axis',(0.,-1.,0.));
#13455=DIRECTION('',(0.,-1.,0.));
#13456=DIRECTION('',(0.,0.,-1.));
#13457=DIRECTION('',(0.,1.,0.));
#13458=DIRECTION('center_axis',(0.,0.,-1.));
#13459=DIRECTION('ref_axis',(1.,0.,0.));
#13460=DIRECTION('center_axis',(0.,0.,-1.));
#13461=DIRECTION('ref_axis',(1.,0.,0.));
#13462=DIRECTION('',(0.,0.,-1.));
#13463=DIRECTION('center_axis',(0.,0.,1.));
#13464=DIRECTION('ref_axis',(1.,0.,0.));
#13465=DIRECTION('center_axis',(0.,1.,0.));
#13466=DIRECTION('ref_axis',(1.,0.,0.));
#13467=DIRECTION('',(1.,0.,0.));
#13468=DIRECTION('',(0.,0.,-1.));
#13469=DIRECTION('',(-1.,0.,0.));
#13470=DIRECTION('center_axis',(0.,0.,-1.));
#13471=DIRECTION('ref_axis',(0.,1.,0.));
#13472=DIRECTION('center_axis',(0.,0.,-1.));
#13473=DIRECTION('ref_axis',(0.,1.,0.));
#13474=DIRECTION('center_axis',(0.,0.,1.));
#13475=DIRECTION('ref_axis',(0.,1.,0.));
#13476=DIRECTION('center_axis',(-1.,0.,0.));
#13477=DIRECTION('ref_axis',(0.,1.,0.));
#13478=DIRECTION('',(0.,1.,0.));
#13479=DIRECTION('',(0.,0.,-1.));
#13480=DIRECTION('',(0.,-1.,0.));
#13481=DIRECTION('',(0.,0.,-1.));
#13482=DIRECTION('center_axis',(0.,0.,-1.));
#13483=DIRECTION('ref_axis',(-1.,0.,0.));
#13484=DIRECTION('center_axis',(0.,0.,-1.));
#13485=DIRECTION('ref_axis',(-1.,0.,0.));
#13486=DIRECTION('',(0.,0.,-1.));
#13487=DIRECTION('center_axis',(0.,0.,1.));
#13488=DIRECTION('ref_axis',(-1.,0.,0.));
#13489=DIRECTION('center_axis',(0.,-1.,0.));
#13490=DIRECTION('ref_axis',(-1.,0.,0.));
#13491=DIRECTION('',(-1.,0.,0.));
#13492=DIRECTION('',(0.,0.,-1.));
#13493=DIRECTION('',(1.,0.,0.));
#13494=DIRECTION('center_axis',(0.,0.,-1.));
#13495=DIRECTION('ref_axis',(0.,-1.,0.));
#13496=DIRECTION('center_axis',(0.,0.,-1.));
#13497=DIRECTION('ref_axis',(0.,-1.,0.));
#13498=DIRECTION('',(0.,0.,-1.));
#13499=DIRECTION('center_axis',(0.,0.,1.));
#13500=DIRECTION('ref_axis',(0.,-1.,0.));
#13501=DIRECTION('center_axis',(1.,0.,0.));
#13502=DIRECTION('ref_axis',(0.,-1.,0.));
#13503=DIRECTION('',(0.,-1.,0.));
#13504=DIRECTION('',(0.,0.,-1.));
#13505=DIRECTION('',(0.,1.,0.));
#13506=DIRECTION('center_axis',(0.,0.,-1.));
#13507=DIRECTION('ref_axis',(1.,0.,0.));
#13508=DIRECTION('center_axis',(0.,0.,-1.));
#13509=DIRECTION('ref_axis',(1.,0.,0.));
#13510=DIRECTION('',(0.,0.,-1.));
#13511=DIRECTION('center_axis',(0.,0.,1.));
#13512=DIRECTION('ref_axis',(1.,0.,0.));
#13513=DIRECTION('center_axis',(0.,1.,0.));
#13514=DIRECTION('ref_axis',(1.,0.,0.));
#13515=DIRECTION('',(1.,0.,0.));
#13516=DIRECTION('',(0.,0.,-1.));
#13517=DIRECTION('',(-1.,0.,0.));
#13518=DIRECTION('center_axis',(0.,0.,-1.));
#13519=DIRECTION('ref_axis',(0.,1.,0.));
#13520=DIRECTION('center_axis',(0.,0.,-1.));
#13521=DIRECTION('ref_axis',(0.,1.,0.));
#13522=DIRECTION('center_axis',(0.,0.,1.));
#13523=DIRECTION('ref_axis',(0.,1.,0.));
#13524=DIRECTION('center_axis',(-1.,0.,0.));
#13525=DIRECTION('ref_axis',(0.,1.,0.));
#13526=DIRECTION('',(0.,1.,0.));
#13527=DIRECTION('',(0.,0.,-1.));
#13528=DIRECTION('',(0.,-1.,0.));
#13529=DIRECTION('',(0.,0.,-1.));
#13530=DIRECTION('center_axis',(0.,0.,-1.));
#13531=DIRECTION('ref_axis',(-1.,0.,0.));
#13532=DIRECTION('center_axis',(0.,0.,-1.));
#13533=DIRECTION('ref_axis',(-1.,0.,0.));
#13534=DIRECTION('',(0.,0.,-1.));
#13535=DIRECTION('center_axis',(0.,0.,1.));
#13536=DIRECTION('ref_axis',(-1.,0.,0.));
#13537=DIRECTION('center_axis',(0.,-1.,0.));
#13538=DIRECTION('ref_axis',(-1.,0.,0.));
#13539=DIRECTION('',(-1.,0.,0.));
#13540=DIRECTION('',(0.,0.,-1.));
#13541=DIRECTION('',(1.,0.,0.));
#13542=DIRECTION('center_axis',(0.,0.,-1.));
#13543=DIRECTION('ref_axis',(0.,-1.,0.));
#13544=DIRECTION('center_axis',(0.,0.,-1.));
#13545=DIRECTION('ref_axis',(0.,-1.,0.));
#13546=DIRECTION('',(0.,0.,-1.));
#13547=DIRECTION('center_axis',(0.,0.,1.));
#13548=DIRECTION('ref_axis',(0.,-1.,0.));
#13549=DIRECTION('center_axis',(1.,0.,0.));
#13550=DIRECTION('ref_axis',(0.,-1.,0.));
#13551=DIRECTION('',(0.,-1.,0.));
#13552=DIRECTION('',(0.,0.,-1.));
#13553=DIRECTION('',(0.,1.,0.));
#13554=DIRECTION('center_axis',(0.,0.,-1.));
#13555=DIRECTION('ref_axis',(1.,0.,0.));
#13556=DIRECTION('center_axis',(0.,0.,-1.));
#13557=DIRECTION('ref_axis',(1.,0.,0.));
#13558=DIRECTION('',(0.,0.,-1.));
#13559=DIRECTION('center_axis',(0.,0.,1.));
#13560=DIRECTION('ref_axis',(1.,0.,0.));
#13561=DIRECTION('center_axis',(0.,1.,0.));
#13562=DIRECTION('ref_axis',(1.,0.,0.));
#13563=DIRECTION('',(1.,0.,0.));
#13564=DIRECTION('',(0.,0.,-1.));
#13565=DIRECTION('',(-1.,0.,0.));
#13566=DIRECTION('center_axis',(0.,0.,-1.));
#13567=DIRECTION('ref_axis',(0.,1.,0.));
#13568=DIRECTION('center_axis',(0.,0.,-1.));
#13569=DIRECTION('ref_axis',(0.,1.,0.));
#13570=DIRECTION('center_axis',(0.,0.,1.));
#13571=DIRECTION('ref_axis',(0.,1.,0.));
#13572=DIRECTION('center_axis',(-1.,0.,0.));
#13573=DIRECTION('ref_axis',(0.,1.,0.));
#13574=DIRECTION('',(0.,1.,0.));
#13575=DIRECTION('',(0.,0.,-1.));
#13576=DIRECTION('',(0.,-1.,0.));
#13577=DIRECTION('',(0.,0.,-1.));
#13578=DIRECTION('center_axis',(0.,0.,-1.));
#13579=DIRECTION('ref_axis',(-1.,0.,0.));
#13580=DIRECTION('center_axis',(0.,0.,-1.));
#13581=DIRECTION('ref_axis',(-1.,0.,0.));
#13582=DIRECTION('',(0.,0.,-1.));
#13583=DIRECTION('center_axis',(0.,0.,1.));
#13584=DIRECTION('ref_axis',(-1.,0.,0.));
#13585=DIRECTION('center_axis',(0.,-1.,0.));
#13586=DIRECTION('ref_axis',(-1.,0.,0.));
#13587=DIRECTION('',(-1.,0.,0.));
#13588=DIRECTION('',(0.,0.,-1.));
#13589=DIRECTION('',(1.,0.,0.));
#13590=DIRECTION('center_axis',(0.,0.,-1.));
#13591=DIRECTION('ref_axis',(0.,-1.,0.));
#13592=DIRECTION('center_axis',(0.,0.,-1.));
#13593=DIRECTION('ref_axis',(0.,-1.,0.));
#13594=DIRECTION('',(0.,0.,-1.));
#13595=DIRECTION('center_axis',(0.,0.,1.));
#13596=DIRECTION('ref_axis',(0.,-1.,0.));
#13597=DIRECTION('center_axis',(1.,0.,0.));
#13598=DIRECTION('ref_axis',(0.,-1.,0.));
#13599=DIRECTION('',(0.,-1.,0.));
#13600=DIRECTION('',(0.,0.,-1.));
#13601=DIRECTION('',(0.,1.,0.));
#13602=DIRECTION('center_axis',(0.,0.,-1.));
#13603=DIRECTION('ref_axis',(1.,0.,0.));
#13604=DIRECTION('center_axis',(0.,0.,-1.));
#13605=DIRECTION('ref_axis',(1.,0.,0.));
#13606=DIRECTION('',(0.,0.,-1.));
#13607=DIRECTION('center_axis',(0.,0.,1.));
#13608=DIRECTION('ref_axis',(1.,0.,0.));
#13609=DIRECTION('center_axis',(0.,1.,0.));
#13610=DIRECTION('ref_axis',(1.,0.,0.));
#13611=DIRECTION('',(1.,0.,0.));
#13612=DIRECTION('',(0.,0.,-1.));
#13613=DIRECTION('',(-1.,0.,0.));
#13614=DIRECTION('center_axis',(0.,0.,-1.));
#13615=DIRECTION('ref_axis',(0.,1.,0.));
#13616=DIRECTION('center_axis',(0.,0.,-1.));
#13617=DIRECTION('ref_axis',(0.,1.,0.));
#13618=DIRECTION('center_axis',(0.,0.,1.));
#13619=DIRECTION('ref_axis',(0.,1.,0.));
#13620=DIRECTION('center_axis',(-1.,0.,0.));
#13621=DIRECTION('ref_axis',(0.,1.,0.));
#13622=DIRECTION('',(0.,1.,0.));
#13623=DIRECTION('',(0.,0.,-1.));
#13624=DIRECTION('',(0.,-1.,0.));
#13625=DIRECTION('',(0.,0.,-1.));
#13626=DIRECTION('center_axis',(0.,0.,-1.));
#13627=DIRECTION('ref_axis',(-1.,0.,0.));
#13628=DIRECTION('center_axis',(0.,0.,-1.));
#13629=DIRECTION('ref_axis',(-1.,0.,0.));
#13630=DIRECTION('',(0.,0.,-1.));
#13631=DIRECTION('center_axis',(0.,0.,1.));
#13632=DIRECTION('ref_axis',(-1.,0.,0.));
#13633=DIRECTION('center_axis',(0.,-1.,0.));
#13634=DIRECTION('ref_axis',(-1.,0.,0.));
#13635=DIRECTION('',(-1.,0.,0.));
#13636=DIRECTION('',(0.,0.,-1.));
#13637=DIRECTION('',(1.,0.,0.));
#13638=DIRECTION('center_axis',(0.,0.,-1.));
#13639=DIRECTION('ref_axis',(0.,-1.,0.));
#13640=DIRECTION('center_axis',(0.,0.,-1.));
#13641=DIRECTION('ref_axis',(0.,-1.,0.));
#13642=DIRECTION('',(0.,0.,-1.));
#13643=DIRECTION('center_axis',(0.,0.,1.));
#13644=DIRECTION('ref_axis',(0.,-1.,0.));
#13645=DIRECTION('center_axis',(1.,0.,0.));
#13646=DIRECTION('ref_axis',(0.,-1.,0.));
#13647=DIRECTION('',(0.,-1.,0.));
#13648=DIRECTION('',(0.,0.,-1.));
#13649=DIRECTION('',(0.,1.,0.));
#13650=DIRECTION('center_axis',(0.,0.,-1.));
#13651=DIRECTION('ref_axis',(1.,0.,0.));
#13652=DIRECTION('center_axis',(0.,0.,-1.));
#13653=DIRECTION('ref_axis',(1.,0.,0.));
#13654=DIRECTION('',(0.,0.,-1.));
#13655=DIRECTION('center_axis',(0.,0.,1.));
#13656=DIRECTION('ref_axis',(1.,0.,0.));
#13657=DIRECTION('center_axis',(0.,1.,0.));
#13658=DIRECTION('ref_axis',(1.,0.,0.));
#13659=DIRECTION('',(1.,0.,0.));
#13660=DIRECTION('',(0.,0.,-1.));
#13661=DIRECTION('',(-1.,0.,0.));
#13662=DIRECTION('center_axis',(0.,0.,-1.));
#13663=DIRECTION('ref_axis',(0.,1.,0.));
#13664=DIRECTION('center_axis',(0.,0.,-1.));
#13665=DIRECTION('ref_axis',(0.,1.,0.));
#13666=DIRECTION('center_axis',(0.,0.,1.));
#13667=DIRECTION('ref_axis',(0.,1.,0.));
#13668=DIRECTION('center_axis',(-1.,0.,0.));
#13669=DIRECTION('ref_axis',(0.,1.,0.));
#13670=DIRECTION('',(0.,1.,0.));
#13671=DIRECTION('',(0.,0.,-1.));
#13672=DIRECTION('',(0.,-1.,0.));
#13673=DIRECTION('',(0.,0.,-1.));
#13674=DIRECTION('center_axis',(0.,0.,-1.));
#13675=DIRECTION('ref_axis',(-1.,0.,0.));
#13676=DIRECTION('center_axis',(0.,0.,-1.));
#13677=DIRECTION('ref_axis',(-1.,0.,0.));
#13678=DIRECTION('',(0.,0.,-1.));
#13679=DIRECTION('center_axis',(0.,0.,1.));
#13680=DIRECTION('ref_axis',(-1.,0.,0.));
#13681=DIRECTION('center_axis',(0.,-1.,0.));
#13682=DIRECTION('ref_axis',(-1.,0.,0.));
#13683=DIRECTION('',(-1.,0.,0.));
#13684=DIRECTION('',(0.,0.,-1.));
#13685=DIRECTION('',(1.,0.,0.));
#13686=DIRECTION('center_axis',(0.,0.,-1.));
#13687=DIRECTION('ref_axis',(0.,-1.,0.));
#13688=DIRECTION('center_axis',(0.,0.,-1.));
#13689=DIRECTION('ref_axis',(0.,-1.,0.));
#13690=DIRECTION('',(0.,0.,-1.));
#13691=DIRECTION('center_axis',(0.,0.,1.));
#13692=DIRECTION('ref_axis',(0.,-1.,0.));
#13693=DIRECTION('center_axis',(1.,0.,0.));
#13694=DIRECTION('ref_axis',(0.,-1.,0.));
#13695=DIRECTION('',(0.,-1.,0.));
#13696=DIRECTION('',(0.,0.,-1.));
#13697=DIRECTION('',(0.,1.,0.));
#13698=DIRECTION('center_axis',(0.,0.,-1.));
#13699=DIRECTION('ref_axis',(1.,0.,0.));
#13700=DIRECTION('center_axis',(0.,0.,-1.));
#13701=DIRECTION('ref_axis',(1.,0.,0.));
#13702=DIRECTION('',(0.,0.,-1.));
#13703=DIRECTION('center_axis',(0.,0.,1.));
#13704=DIRECTION('ref_axis',(1.,0.,0.));
#13705=DIRECTION('center_axis',(0.,1.,0.));
#13706=DIRECTION('ref_axis',(1.,0.,0.));
#13707=DIRECTION('',(1.,0.,0.));
#13708=DIRECTION('',(0.,0.,-1.));
#13709=DIRECTION('',(-1.,0.,0.));
#13710=DIRECTION('center_axis',(0.,0.,-1.));
#13711=DIRECTION('ref_axis',(0.,1.,0.));
#13712=DIRECTION('center_axis',(0.,0.,-1.));
#13713=DIRECTION('ref_axis',(0.,1.,0.));
#13714=DIRECTION('center_axis',(0.,0.,1.));
#13715=DIRECTION('ref_axis',(0.,1.,0.));
#13716=DIRECTION('center_axis',(-1.,0.,0.));
#13717=DIRECTION('ref_axis',(0.,1.,0.));
#13718=DIRECTION('',(0.,1.,0.));
#13719=DIRECTION('',(0.,0.,-1.));
#13720=DIRECTION('',(0.,-1.,0.));
#13721=DIRECTION('',(0.,0.,-1.));
#13722=DIRECTION('center_axis',(0.,0.,-1.));
#13723=DIRECTION('ref_axis',(-1.,0.,0.));
#13724=DIRECTION('center_axis',(0.,0.,-1.));
#13725=DIRECTION('ref_axis',(-1.,0.,0.));
#13726=DIRECTION('',(0.,0.,-1.));
#13727=DIRECTION('center_axis',(0.,0.,1.));
#13728=DIRECTION('ref_axis',(-1.,0.,0.));
#13729=DIRECTION('center_axis',(0.,-1.,0.));
#13730=DIRECTION('ref_axis',(-1.,0.,0.));
#13731=DIRECTION('',(-1.,0.,0.));
#13732=DIRECTION('',(0.,0.,-1.));
#13733=DIRECTION('',(1.,0.,0.));
#13734=DIRECTION('center_axis',(0.,0.,-1.));
#13735=DIRECTION('ref_axis',(0.,-1.,0.));
#13736=DIRECTION('center_axis',(0.,0.,-1.));
#13737=DIRECTION('ref_axis',(0.,-1.,0.));
#13738=DIRECTION('',(0.,0.,-1.));
#13739=DIRECTION('center_axis',(0.,0.,1.));
#13740=DIRECTION('ref_axis',(0.,-1.,0.));
#13741=DIRECTION('center_axis',(1.,0.,0.));
#13742=DIRECTION('ref_axis',(0.,-1.,0.));
#13743=DIRECTION('',(0.,-1.,0.));
#13744=DIRECTION('',(0.,0.,-1.));
#13745=DIRECTION('',(0.,1.,0.));
#13746=DIRECTION('center_axis',(0.,0.,-1.));
#13747=DIRECTION('ref_axis',(1.,0.,0.));
#13748=DIRECTION('center_axis',(0.,0.,-1.));
#13749=DIRECTION('ref_axis',(1.,0.,0.));
#13750=DIRECTION('',(0.,0.,-1.));
#13751=DIRECTION('center_axis',(0.,0.,1.));
#13752=DIRECTION('ref_axis',(1.,0.,0.));
#13753=DIRECTION('center_axis',(0.,1.,0.));
#13754=DIRECTION('ref_axis',(1.,0.,0.));
#13755=DIRECTION('',(1.,0.,0.));
#13756=DIRECTION('',(0.,0.,-1.));
#13757=DIRECTION('',(-1.,0.,0.));
#13758=DIRECTION('center_axis',(0.,0.,-1.));
#13759=DIRECTION('ref_axis',(0.,1.,0.));
#13760=DIRECTION('center_axis',(0.,0.,-1.));
#13761=DIRECTION('ref_axis',(0.,1.,0.));
#13762=DIRECTION('center_axis',(0.,0.,1.));
#13763=DIRECTION('ref_axis',(0.,1.,0.));
#13764=DIRECTION('center_axis',(-1.,0.,0.));
#13765=DIRECTION('ref_axis',(0.,1.,0.));
#13766=DIRECTION('',(0.,1.,0.));
#13767=DIRECTION('',(0.,0.,-1.));
#13768=DIRECTION('',(0.,-1.,0.));
#13769=DIRECTION('',(0.,0.,-1.));
#13770=DIRECTION('center_axis',(0.,0.,-1.));
#13771=DIRECTION('ref_axis',(-1.,0.,0.));
#13772=DIRECTION('center_axis',(0.,0.,-1.));
#13773=DIRECTION('ref_axis',(-1.,0.,0.));
#13774=DIRECTION('',(0.,0.,-1.));
#13775=DIRECTION('center_axis',(0.,0.,1.));
#13776=DIRECTION('ref_axis',(-1.,0.,0.));
#13777=DIRECTION('center_axis',(0.,-1.,0.));
#13778=DIRECTION('ref_axis',(-1.,0.,0.));
#13779=DIRECTION('',(-1.,0.,0.));
#13780=DIRECTION('',(0.,0.,-1.));
#13781=DIRECTION('',(1.,0.,0.));
#13782=DIRECTION('center_axis',(0.,0.,-1.));
#13783=DIRECTION('ref_axis',(0.,-1.,0.));
#13784=DIRECTION('center_axis',(0.,0.,-1.));
#13785=DIRECTION('ref_axis',(0.,-1.,0.));
#13786=DIRECTION('',(0.,0.,-1.));
#13787=DIRECTION('center_axis',(0.,0.,1.));
#13788=DIRECTION('ref_axis',(0.,-1.,0.));
#13789=DIRECTION('center_axis',(1.,0.,0.));
#13790=DIRECTION('ref_axis',(0.,-1.,0.));
#13791=DIRECTION('',(0.,-1.,0.));
#13792=DIRECTION('',(0.,0.,-1.));
#13793=DIRECTION('',(0.,1.,0.));
#13794=DIRECTION('center_axis',(0.,0.,-1.));
#13795=DIRECTION('ref_axis',(1.,0.,0.));
#13796=DIRECTION('center_axis',(0.,0.,-1.));
#13797=DIRECTION('ref_axis',(1.,0.,0.));
#13798=DIRECTION('',(0.,0.,-1.));
#13799=DIRECTION('center_axis',(0.,0.,1.));
#13800=DIRECTION('ref_axis',(1.,0.,0.));
#13801=DIRECTION('center_axis',(0.,1.,0.));
#13802=DIRECTION('ref_axis',(1.,0.,0.));
#13803=DIRECTION('',(1.,0.,0.));
#13804=DIRECTION('',(0.,0.,-1.));
#13805=DIRECTION('',(-1.,0.,0.));
#13806=DIRECTION('center_axis',(0.,0.,-1.));
#13807=DIRECTION('ref_axis',(0.,1.,0.));
#13808=DIRECTION('center_axis',(0.,0.,-1.));
#13809=DIRECTION('ref_axis',(0.,1.,0.));
#13810=DIRECTION('center_axis',(0.,0.,1.));
#13811=DIRECTION('ref_axis',(0.,1.,0.));
#13812=DIRECTION('center_axis',(-1.,0.,0.));
#13813=DIRECTION('ref_axis',(0.,1.,0.));
#13814=DIRECTION('',(0.,1.,0.));
#13815=DIRECTION('',(0.,0.,-1.));
#13816=DIRECTION('',(0.,-1.,0.));
#13817=DIRECTION('',(0.,0.,-1.));
#13818=DIRECTION('center_axis',(0.,0.,-1.));
#13819=DIRECTION('ref_axis',(-1.,0.,0.));
#13820=DIRECTION('center_axis',(0.,0.,-1.));
#13821=DIRECTION('ref_axis',(-1.,0.,0.));
#13822=DIRECTION('',(0.,0.,-1.));
#13823=DIRECTION('center_axis',(0.,0.,1.));
#13824=DIRECTION('ref_axis',(-1.,0.,0.));
#13825=DIRECTION('center_axis',(0.,-1.,0.));
#13826=DIRECTION('ref_axis',(-1.,0.,0.));
#13827=DIRECTION('',(-1.,0.,0.));
#13828=DIRECTION('',(0.,0.,-1.));
#13829=DIRECTION('',(1.,0.,0.));
#13830=DIRECTION('center_axis',(0.,0.,-1.));
#13831=DIRECTION('ref_axis',(0.,-1.,0.));
#13832=DIRECTION('center_axis',(0.,0.,-1.));
#13833=DIRECTION('ref_axis',(0.,-1.,0.));
#13834=DIRECTION('',(0.,0.,-1.));
#13835=DIRECTION('center_axis',(0.,0.,1.));
#13836=DIRECTION('ref_axis',(0.,-1.,0.));
#13837=DIRECTION('center_axis',(1.,0.,0.));
#13838=DIRECTION('ref_axis',(0.,-1.,0.));
#13839=DIRECTION('',(0.,-1.,0.));
#13840=DIRECTION('',(0.,0.,-1.));
#13841=DIRECTION('',(0.,1.,0.));
#13842=DIRECTION('center_axis',(0.,0.,-1.));
#13843=DIRECTION('ref_axis',(1.,0.,0.));
#13844=DIRECTION('center_axis',(0.,0.,-1.));
#13845=DIRECTION('ref_axis',(1.,0.,0.));
#13846=DIRECTION('',(0.,0.,-1.));
#13847=DIRECTION('center_axis',(0.,0.,1.));
#13848=DIRECTION('ref_axis',(1.,0.,0.));
#13849=DIRECTION('center_axis',(0.,1.,0.));
#13850=DIRECTION('ref_axis',(1.,0.,0.));
#13851=DIRECTION('',(1.,0.,0.));
#13852=DIRECTION('',(0.,0.,-1.));
#13853=DIRECTION('',(-1.,0.,0.));
#13854=DIRECTION('center_axis',(0.,0.,-1.));
#13855=DIRECTION('ref_axis',(0.,1.,0.));
#13856=DIRECTION('center_axis',(0.,0.,-1.));
#13857=DIRECTION('ref_axis',(0.,1.,0.));
#13858=DIRECTION('center_axis',(0.,0.,1.));
#13859=DIRECTION('ref_axis',(0.,1.,0.));
#13860=DIRECTION('center_axis',(-1.,0.,0.));
#13861=DIRECTION('ref_axis',(0.,1.,0.));
#13862=DIRECTION('',(0.,1.,0.));
#13863=DIRECTION('',(0.,0.,-1.));
#13864=DIRECTION('',(0.,-1.,0.));
#13865=DIRECTION('',(0.,0.,-1.));
#13866=DIRECTION('center_axis',(0.,0.,-1.));
#13867=DIRECTION('ref_axis',(-1.,0.,0.));
#13868=DIRECTION('center_axis',(0.,0.,-1.));
#13869=DIRECTION('ref_axis',(-1.,0.,0.));
#13870=DIRECTION('',(0.,0.,-1.));
#13871=DIRECTION('center_axis',(0.,0.,1.));
#13872=DIRECTION('ref_axis',(-1.,0.,0.));
#13873=DIRECTION('center_axis',(0.,-1.,0.));
#13874=DIRECTION('ref_axis',(-1.,0.,0.));
#13875=DIRECTION('',(-1.,0.,0.));
#13876=DIRECTION('',(0.,0.,-1.));
#13877=DIRECTION('',(1.,0.,0.));
#13878=DIRECTION('center_axis',(0.,0.,-1.));
#13879=DIRECTION('ref_axis',(0.,-1.,0.));
#13880=DIRECTION('center_axis',(0.,0.,-1.));
#13881=DIRECTION('ref_axis',(0.,-1.,0.));
#13882=DIRECTION('',(0.,0.,-1.));
#13883=DIRECTION('center_axis',(0.,0.,1.));
#13884=DIRECTION('ref_axis',(0.,-1.,0.));
#13885=DIRECTION('center_axis',(1.,0.,0.));
#13886=DIRECTION('ref_axis',(0.,-1.,0.));
#13887=DIRECTION('',(0.,-1.,0.));
#13888=DIRECTION('',(0.,0.,-1.));
#13889=DIRECTION('',(0.,1.,0.));
#13890=DIRECTION('center_axis',(0.,0.,-1.));
#13891=DIRECTION('ref_axis',(1.,0.,0.));
#13892=DIRECTION('center_axis',(0.,0.,-1.));
#13893=DIRECTION('ref_axis',(1.,0.,0.));
#13894=DIRECTION('',(0.,0.,-1.));
#13895=DIRECTION('center_axis',(0.,0.,1.));
#13896=DIRECTION('ref_axis',(1.,0.,0.));
#13897=DIRECTION('center_axis',(0.,1.,0.));
#13898=DIRECTION('ref_axis',(1.,0.,0.));
#13899=DIRECTION('',(1.,0.,0.));
#13900=DIRECTION('',(0.,0.,-1.));
#13901=DIRECTION('',(-1.,0.,0.));
#13902=DIRECTION('center_axis',(0.,0.,-1.));
#13903=DIRECTION('ref_axis',(0.,1.,0.));
#13904=DIRECTION('center_axis',(0.,0.,-1.));
#13905=DIRECTION('ref_axis',(0.,1.,0.));
#13906=DIRECTION('center_axis',(0.,0.,1.));
#13907=DIRECTION('ref_axis',(0.,1.,0.));
#13908=DIRECTION('center_axis',(-1.,0.,0.));
#13909=DIRECTION('ref_axis',(0.,1.,0.));
#13910=DIRECTION('',(0.,1.,0.));
#13911=DIRECTION('',(0.,0.,-1.));
#13912=DIRECTION('',(0.,-1.,0.));
#13913=DIRECTION('',(0.,0.,-1.));
#13914=DIRECTION('center_axis',(0.,0.,-1.));
#13915=DIRECTION('ref_axis',(-1.,0.,0.));
#13916=DIRECTION('center_axis',(0.,0.,-1.));
#13917=DIRECTION('ref_axis',(-1.,0.,0.));
#13918=DIRECTION('',(0.,0.,-1.));
#13919=DIRECTION('center_axis',(0.,0.,1.));
#13920=DIRECTION('ref_axis',(-1.,0.,0.));
#13921=DIRECTION('center_axis',(0.,-1.,0.));
#13922=DIRECTION('ref_axis',(-1.,0.,0.));
#13923=DIRECTION('',(-1.,0.,0.));
#13924=DIRECTION('',(0.,0.,-1.));
#13925=DIRECTION('',(1.,0.,0.));
#13926=DIRECTION('center_axis',(0.,0.,-1.));
#13927=DIRECTION('ref_axis',(0.,-1.,0.));
#13928=DIRECTION('center_axis',(0.,0.,-1.));
#13929=DIRECTION('ref_axis',(0.,-1.,0.));
#13930=DIRECTION('',(0.,0.,-1.));
#13931=DIRECTION('center_axis',(0.,0.,1.));
#13932=DIRECTION('ref_axis',(0.,-1.,0.));
#13933=DIRECTION('center_axis',(1.,0.,0.));
#13934=DIRECTION('ref_axis',(0.,-1.,0.));
#13935=DIRECTION('',(0.,-1.,0.));
#13936=DIRECTION('',(0.,0.,-1.));
#13937=DIRECTION('',(0.,1.,0.));
#13938=DIRECTION('center_axis',(0.,0.,-1.));
#13939=DIRECTION('ref_axis',(1.,0.,0.));
#13940=DIRECTION('center_axis',(0.,0.,-1.));
#13941=DIRECTION('ref_axis',(1.,0.,0.));
#13942=DIRECTION('',(0.,0.,-1.));
#13943=DIRECTION('center_axis',(0.,0.,1.));
#13944=DIRECTION('ref_axis',(1.,0.,0.));
#13945=DIRECTION('center_axis',(0.,1.,0.));
#13946=DIRECTION('ref_axis',(1.,0.,0.));
#13947=DIRECTION('',(1.,0.,0.));
#13948=DIRECTION('',(0.,0.,-1.));
#13949=DIRECTION('',(-1.,0.,0.));
#13950=DIRECTION('center_axis',(0.,0.,-1.));
#13951=DIRECTION('ref_axis',(0.,1.,0.));
#13952=DIRECTION('center_axis',(0.,0.,-1.));
#13953=DIRECTION('ref_axis',(0.,1.,0.));
#13954=DIRECTION('center_axis',(0.,0.,1.));
#13955=DIRECTION('ref_axis',(0.,1.,0.));
#13956=DIRECTION('center_axis',(-1.,0.,0.));
#13957=DIRECTION('ref_axis',(0.,1.,0.));
#13958=DIRECTION('',(0.,1.,0.));
#13959=DIRECTION('',(0.,0.,-1.));
#13960=DIRECTION('',(0.,-1.,0.));
#13961=DIRECTION('',(0.,0.,-1.));
#13962=DIRECTION('center_axis',(0.,0.,-1.));
#13963=DIRECTION('ref_axis',(-1.,0.,0.));
#13964=DIRECTION('center_axis',(0.,0.,-1.));
#13965=DIRECTION('ref_axis',(-1.,0.,0.));
#13966=DIRECTION('',(0.,0.,-1.));
#13967=DIRECTION('center_axis',(0.,0.,1.));
#13968=DIRECTION('ref_axis',(-1.,0.,0.));
#13969=DIRECTION('center_axis',(0.,-1.,0.));
#13970=DIRECTION('ref_axis',(-1.,0.,0.));
#13971=DIRECTION('',(-1.,0.,0.));
#13972=DIRECTION('',(0.,0.,-1.));
#13973=DIRECTION('',(1.,0.,0.));
#13974=DIRECTION('center_axis',(0.,0.,-1.));
#13975=DIRECTION('ref_axis',(0.,-1.,0.));
#13976=DIRECTION('center_axis',(0.,0.,-1.));
#13977=DIRECTION('ref_axis',(0.,-1.,0.));
#13978=DIRECTION('',(0.,0.,-1.));
#13979=DIRECTION('center_axis',(0.,0.,1.));
#13980=DIRECTION('ref_axis',(0.,-1.,0.));
#13981=DIRECTION('center_axis',(1.,0.,0.));
#13982=DIRECTION('ref_axis',(0.,-1.,0.));
#13983=DIRECTION('',(0.,-1.,0.));
#13984=DIRECTION('',(0.,0.,-1.));
#13985=DIRECTION('',(0.,1.,0.));
#13986=DIRECTION('center_axis',(0.,0.,-1.));
#13987=DIRECTION('ref_axis',(1.,0.,0.));
#13988=DIRECTION('center_axis',(0.,0.,-1.));
#13989=DIRECTION('ref_axis',(1.,0.,0.));
#13990=DIRECTION('',(0.,0.,-1.));
#13991=DIRECTION('center_axis',(0.,0.,1.));
#13992=DIRECTION('ref_axis',(1.,0.,0.));
#13993=DIRECTION('center_axis',(0.,1.,0.));
#13994=DIRECTION('ref_axis',(1.,0.,0.));
#13995=DIRECTION('',(1.,0.,0.));
#13996=DIRECTION('',(0.,0.,-1.));
#13997=DIRECTION('',(-1.,0.,0.));
#13998=DIRECTION('center_axis',(0.,0.,-1.));
#13999=DIRECTION('ref_axis',(0.,1.,0.));
#14000=DIRECTION('center_axis',(0.,0.,-1.));
#14001=DIRECTION('ref_axis',(0.,1.,0.));
#14002=DIRECTION('center_axis',(0.,0.,1.));
#14003=DIRECTION('ref_axis',(0.,1.,0.));
#14004=DIRECTION('center_axis',(1.22521042219332E-6,-0.999999999999249,
0.));
#14005=DIRECTION('ref_axis',(0.,0.,-1.));
#14006=DIRECTION('',(0.,0.,1.));
#14007=DIRECTION('',(0.999999999999249,1.22521042219332E-6,0.));
#14008=DIRECTION('',(0.,0.,-1.));
#14009=DIRECTION('',(0.999999999999249,1.22521042219332E-6,0.));
#14010=DIRECTION('center_axis',(0.999999999999249,1.22521042219332E-6,0.));
#14011=DIRECTION('ref_axis',(0.,0.,-1.));
#14012=DIRECTION('',(0.,0.,-1.));
#14013=DIRECTION('',(1.22521042234442E-6,-0.999999999999249,0.));
#14014=DIRECTION('',(-1.22521042222511E-6,0.999999999999249,0.));
#14015=DIRECTION('center_axis',(0.,0.,1.));
#14016=DIRECTION('ref_axis',(1.,0.,0.));
#14017=DIRECTION('',(1.22521042222511E-6,-0.999999999999249,0.));
#14018=DIRECTION('center_axis',(0.,0.,1.));
#14019=DIRECTION('ref_axis',(-0.999999999999249,-1.22521042200674E-6,0.));
#14020=DIRECTION('',(1.,-2.38089810663656E-14,0.));
#14021=DIRECTION('center_axis',(0.,0.,-1.));
#14022=DIRECTION('ref_axis',(1.,-1.95399252334037E-13,0.));
#14023=DIRECTION('',(0.,-1.,0.));
#14024=DIRECTION('center_axis',(0.,0.,-1.));
#14025=DIRECTION('ref_axis',(7.99360577730101E-14,-1.,0.));
#14026=DIRECTION('',(-1.,3.79799827707962E-15,0.));
#14027=DIRECTION('center_axis',(0.,0.,1.));
#14028=DIRECTION('ref_axis',(0.,1.,0.));
#14029=DIRECTION('',(-4.4408920985006E-15,-1.,0.));
#14030=DIRECTION('center_axis',(0.,0.,1.));
#14031=DIRECTION('ref_axis',(-1.,0.,0.));
#14032=DIRECTION('',(1.,0.,0.));
#14033=DIRECTION('center_axis',(0.,0.,1.));
#14034=DIRECTION('ref_axis',(0.,-1.,0.));
#14035=DIRECTION('',(0.,1.,0.));
#14036=DIRECTION('center_axis',(0.,0.,1.));
#14037=DIRECTION('ref_axis',(1.,0.,0.));
#14038=DIRECTION('',(-1.,0.,0.));
#14039=DIRECTION('center_axis',(0.,0.,-1.));
#14040=DIRECTION('ref_axis',(-1.,0.,0.));
#14041=DIRECTION('',(0.,1.,0.));
#14042=DIRECTION('center_axis',(0.,0.,-1.));
#14043=DIRECTION('ref_axis',(-1.15463194561043E-13,1.,0.));
#14044=DIRECTION('',(1.,-7.72682720046725E-16,0.));
#14045=DIRECTION('center_axis',(0.,0.,-1.));
#14046=DIRECTION('ref_axis',(1.,1.77635683940016E-14,0.));
#14047=DIRECTION('',(-8.88178419700042E-14,-1.,0.));
#14048=DIRECTION('center_axis',(0.,0.,-1.));
#14049=DIRECTION('ref_axis',(0.,-1.,0.));
#14050=DIRECTION('',(-1.,0.,0.));
#14051=DIRECTION('center_axis',(0.,0.,1.));
#14052=DIRECTION('ref_axis',(-3.55271367880032E-14,1.,0.));
#14053=DIRECTION('',(1.77635683940024E-14,-1.,0.));
#14054=DIRECTION('center_axis',(0.,0.,1.));
#14055=DIRECTION('ref_axis',(-1.,-3.55271367880045E-14,0.));
#14056=DIRECTION('',(1.,0.,0.));
#14057=DIRECTION('center_axis',(0.,0.,1.));
#14058=DIRECTION('ref_axis',(3.55271367880032E-14,-1.,0.));
#14059=DIRECTION('',(0.,1.,0.));
#14060=DIRECTION('center_axis',(0.,0.,1.));
#14061=DIRECTION('ref_axis',(1.,5.32907051820049E-14,0.));
#14062=DIRECTION('',(-1.,0.,0.));
#14063=DIRECTION('center_axis',(0.,0.,-1.));
#14064=DIRECTION('ref_axis',(-1.,-5.32907051820049E-14,0.));
#14065=DIRECTION('',(1.77635683940024E-14,1.,0.));
#14066=DIRECTION('center_axis',(0.,0.,-1.));
#14067=DIRECTION('ref_axis',(0.,1.,0.));
#14068=DIRECTION('',(1.,0.,0.));
#14069=DIRECTION('center_axis',(0.,0.,1.));
#14070=DIRECTION('ref_axis',(0.,-1.,0.));
#14071=DIRECTION('',(4.38606627012407E-16,1.,0.));
#14072=DIRECTION('',(4.38606627012407E-16,1.,0.));
#14073=DIRECTION('center_axis',(0.,0.,1.));
#14074=DIRECTION('ref_axis',(1.,-4.44089209850048E-15,0.));
#14075=DIRECTION('',(-1.,0.,0.));
#14076=DIRECTION('center_axis',(0.,0.,-1.));
#14077=DIRECTION('ref_axis',(-1.,-1.99840144432525E-14,0.));
#14078=DIRECTION('',(0.,1.,0.));
#14079=DIRECTION('center_axis',(0.,0.,-1.));
#14080=DIRECTION('ref_axis',(0.,1.,0.));
#14081=DIRECTION('',(1.,0.,0.));
#14082=DIRECTION('center_axis',(0.,0.,1.));
#14083=DIRECTION('ref_axis',(3.5527136788003E-14,-1.,0.));
#14084=DIRECTION('',(0.,1.,0.));
#14085=DIRECTION('center_axis',(0.,0.,1.));
#14086=DIRECTION('ref_axis',(1.,5.55111512312551E-14,0.));
#14087=DIRECTION('',(-1.,1.32226184425812E-15,0.));
#14088=DIRECTION('center_axis',(0.,0.,1.));
#14089=DIRECTION('ref_axis',(0.,1.,0.));
#14090=DIRECTION('',(0.,-1.,0.));
#14091=DIRECTION('center_axis',(0.,0.,1.));
#14092=DIRECTION('ref_axis',(-1.,-1.99840144432525E-14,0.));
#14093=DIRECTION('',(1.,0.,0.));
#14094=DIRECTION('center_axis',(0.,0.,-1.));
#14095=DIRECTION('ref_axis',(1.,1.99840144432525E-14,0.));
#14096=DIRECTION('',(0.,-1.,0.));
#14097=DIRECTION('center_axis',(0.,0.,-1.));
#14098=DIRECTION('ref_axis',(0.,-1.,0.));
#14099=DIRECTION('',(-1.,-6.2547646145712E-17,0.));
#14100=DIRECTION('center_axis',(0.,0.,-1.));
#14101=DIRECTION('ref_axis',(-1.,8.88178419700128E-15,0.));
#14102=DIRECTION('',(0.,1.,0.));
#14103=DIRECTION('center_axis',(0.,0.,-1.));
#14104=DIRECTION('ref_axis',(0.,1.,0.));
#14105=DIRECTION('',(1.,3.70718176464019E-16,0.));
#14106=DIRECTION('center_axis',(0.,0.,1.));
#14107=DIRECTION('ref_axis',(0.,-1.,0.));
#14108=DIRECTION('',(0.,1.,0.));
#14109=DIRECTION('center_axis',(0.,0.,1.));
#14110=DIRECTION('ref_axis',(1.,2.22044604925032E-15,0.));
#14111=DIRECTION('',(-1.,0.,0.));
#14112=DIRECTION('center_axis',(0.,0.,1.));
#14113=DIRECTION('ref_axis',(0.,1.,0.));
#14114=DIRECTION('',(0.,-1.,0.));
#14115=DIRECTION('center_axis',(0.,0.,1.));
#14116=DIRECTION('ref_axis',(-1.,2.22044604925032E-15,0.));
#14117=DIRECTION('',(1.,-3.69432739068589E-16,0.));
#14118=DIRECTION('center_axis',(0.,0.,-1.));
#14119=DIRECTION('ref_axis',(1.,-2.22044604925032E-15,0.));
#14120=DIRECTION('',(0.,-1.,0.));
#14121=DIRECTION('center_axis',(0.,0.,-1.));
#14122=DIRECTION('ref_axis',(0.,-1.,0.));
#14123=DIRECTION('',(-1.,4.14955522097489E-15,0.));
#14124=DIRECTION('center_axis',(0.,0.,1.));
#14125=DIRECTION('ref_axis',(-1.11022302462516E-14,1.,0.));
#14126=DIRECTION('center_axis',(0.,0.,1.));
#14127=DIRECTION('ref_axis',(1.,0.,0.));
#14128=DIRECTION('',(-4.38606627012407E-16,-1.,0.));
#14129=DIRECTION('center_axis',(0.,0.,1.));
#14130=DIRECTION('ref_axis',(0.,-1.,0.));
#14131=DIRECTION('',(-1.,0.,0.));
#14132=DIRECTION('center_axis',(0.,0.,1.));
#14133=DIRECTION('ref_axis',(0.,1.,0.));
#14134=DIRECTION('',(-1.77635683940024E-14,-1.,0.));
#14135=DIRECTION('center_axis',(0.,0.,1.));
#14136=DIRECTION('ref_axis',(-1.,-5.32907051820049E-14,0.));
#14137=DIRECTION('',(1.,0.,0.));
#14138=DIRECTION('center_axis',(0.,0.,1.));
#14139=DIRECTION('ref_axis',(1.,5.32907051820049E-14,0.));
#14140=DIRECTION('',(0.,-1.,0.));
#14141=DIRECTION('center_axis',(0.,0.,1.));
#14142=DIRECTION('ref_axis',(3.55271367880032E-14,-1.,0.));
#14143=DIRECTION('',(-1.,0.,0.));
#14144=DIRECTION('center_axis',(0.,0.,1.));
#14145=DIRECTION('ref_axis',(-1.,-3.55271367880045E-14,0.));
#14146=DIRECTION('',(-1.77635683940024E-14,1.,0.));
#14147=DIRECTION('center_axis',(0.,0.,1.));
#14148=DIRECTION('ref_axis',(-3.55271367880032E-14,1.,0.));
#14149=DIRECTION('',(1.,0.,0.));
#14150=DIRECTION('center_axis',(0.,0.,1.));
#14151=DIRECTION('ref_axis',(0.,-1.,0.));
#14152=DIRECTION('',(8.88178419700042E-14,1.,0.));
#14153=DIRECTION('center_axis',(0.,0.,1.));
#14154=DIRECTION('ref_axis',(1.,1.77635683940016E-14,0.));
#14155=DIRECTION('',(-1.,7.72682720046725E-16,0.));
#14156=DIRECTION('center_axis',(0.,0.,1.));
#14157=DIRECTION('ref_axis',(-1.15463194561043E-13,1.,0.));
#14158=DIRECTION('',(0.,-1.,0.));
#14159=DIRECTION('center_axis',(0.,0.,1.));
#14160=DIRECTION('ref_axis',(-1.,0.,0.));
#14161=DIRECTION('',(1.,0.,0.));
#14162=DIRECTION('center_axis',(0.,0.,1.));
#14163=DIRECTION('ref_axis',(1.,0.,0.));
#14164=DIRECTION('',(0.,-1.,0.));
#14165=DIRECTION('center_axis',(0.,0.,1.));
#14166=DIRECTION('ref_axis',(0.,-1.,0.));
#14167=DIRECTION('',(-1.,0.,0.));
#14168=DIRECTION('center_axis',(0.,0.,1.));
#14169=DIRECTION('ref_axis',(-1.,0.,0.));
#14170=DIRECTION('',(4.4408920985006E-15,1.,0.));
#14171=DIRECTION('center_axis',(0.,0.,1.));
#14172=DIRECTION('ref_axis',(0.,1.,0.));
#14173=DIRECTION('',(1.,-3.79799827707962E-15,0.));
#14174=DIRECTION('center_axis',(0.,0.,1.));
#14175=DIRECTION('ref_axis',(7.99360577730101E-14,-1.,0.));
#14176=DIRECTION('',(0.,1.,0.));
#14177=DIRECTION('center_axis',(0.,0.,1.));
#14178=DIRECTION('ref_axis',(1.,-1.95399252334037E-13,0.));
#14179=DIRECTION('',(-1.,2.38089810663656E-14,0.));
#14180=DIRECTION('center_axis',(0.,0.,1.));
#14181=DIRECTION('ref_axis',(-0.999999999999249,-1.22521042200674E-6,0.));
#14182=DIRECTION('',(-1.22521042222511E-6,0.999999999999249,0.));
#14183=DIRECTION('center_axis',(0.,0.,1.));
#14184=DIRECTION('ref_axis',(-1.11022302462516E-14,1.,0.));
#14185=DIRECTION('',(1.,-4.14955522097489E-15,0.));
#14186=DIRECTION('center_axis',(0.,0.,1.));
#14187=DIRECTION('ref_axis',(0.,-1.,0.));
#14188=DIRECTION('',(0.,-1.,0.));
#14189=DIRECTION('center_axis',(0.,0.,1.));
#14190=DIRECTION('ref_axis',(1.,-2.22044604925032E-15,0.));
#14191=DIRECTION('',(-1.,3.69432739068589E-16,0.));
#14192=DIRECTION('center_axis',(0.,0.,1.));
#14193=DIRECTION('ref_axis',(-1.,2.22044604925032E-15,0.));
#14194=DIRECTION('',(0.,1.,0.));
#14195=DIRECTION('center_axis',(0.,0.,1.));
#14196=DIRECTION('ref_axis',(0.,1.,0.));
#14197=DIRECTION('',(1.,0.,0.));
#14198=DIRECTION('center_axis',(0.,0.,1.));
#14199=DIRECTION('ref_axis',(1.,2.22044604925032E-15,0.));
#14200=DIRECTION('',(0.,-1.,0.));
#14201=DIRECTION('center_axis',(0.,0.,1.));
#14202=DIRECTION('ref_axis',(0.,-1.,0.));
#14203=DIRECTION('',(-1.,-3.70718176464019E-16,0.));
#14204=DIRECTION('center_axis',(0.,0.,1.));
#14205=DIRECTION('ref_axis',(0.,1.,0.));
#14206=DIRECTION('',(0.,1.,0.));
#14207=DIRECTION('center_axis',(0.,0.,1.));
#14208=DIRECTION('ref_axis',(-1.,8.88178419700128E-15,0.));
#14209=DIRECTION('',(1.,6.2547646145712E-17,0.));
#14210=DIRECTION('center_axis',(0.,0.,1.));
#14211=DIRECTION('ref_axis',(0.,-1.,0.));
#14212=DIRECTION('',(0.,-1.,0.));
#14213=DIRECTION('center_axis',(0.,0.,1.));
#14214=DIRECTION('ref_axis',(1.,1.99840144432525E-14,0.));
#14215=DIRECTION('',(-1.,0.,0.));
#14216=DIRECTION('center_axis',(0.,0.,1.));
#14217=DIRECTION('ref_axis',(-1.,-1.99840144432525E-14,0.));
#14218=DIRECTION('',(0.,1.,0.));
#14219=DIRECTION('center_axis',(0.,0.,1.));
#14220=DIRECTION('ref_axis',(0.,1.,0.));
#14221=DIRECTION('',(-1.,1.32226184425812E-15,0.));
#14222=DIRECTION('center_axis',(0.,0.,1.));
#14223=DIRECTION('ref_axis',(1.,5.55111512312551E-14,0.));
#14224=DIRECTION('',(0.,1.,0.));
#14225=DIRECTION('center_axis',(0.,0.,1.));
#14226=DIRECTION('ref_axis',(3.5527136788003E-14,-1.,0.));
#14227=DIRECTION('',(1.,0.,0.));
#14228=DIRECTION('center_axis',(0.,0.,1.));
#14229=DIRECTION('ref_axis',(0.,1.,0.));
#14230=DIRECTION('',(0.,1.,0.));
#14231=DIRECTION('center_axis',(0.,0.,1.));
#14232=DIRECTION('ref_axis',(-1.,-1.99840144432525E-14,0.));
#14233=DIRECTION('',(1.,0.,0.));
#14234=DIRECTION('center_axis',(0.,0.,1.));
#14235=DIRECTION('ref_axis',(1.,-4.44089209850048E-15,0.));
#14236=DIRECTION('',(-4.38606627012407E-16,-1.,0.));
#14237=DIRECTION('center_axis',(1.,-4.38606627012407E-16,0.));
#14238=DIRECTION('ref_axis',(4.38606627012407E-16,1.,0.));
#14239=DIRECTION('',(0.,0.,1.));
#14240=DIRECTION('center_axis',(1.,-4.38606627012407E-16,0.));
#14241=DIRECTION('ref_axis',(4.38606627012407E-16,1.,0.));
#14242=DIRECTION('',(0.,0.,1.));
#14243=DIRECTION('center_axis',(0.,0.,1.));
#14244=DIRECTION('ref_axis',(0.,1.,0.));
#14245=DIRECTION('',(0.,0.,1.));
#14246=DIRECTION('',(0.,0.,1.));
#14247=DIRECTION('center_axis',(1.,0.,0.));
#14248=DIRECTION('ref_axis',(0.,1.,0.));
#14249=DIRECTION('',(0.,0.,1.));
#14250=DIRECTION('center_axis',(0.,0.,1.));
#14251=DIRECTION('ref_axis',(-1.,-1.99840144432525E-14,0.));
#14252=DIRECTION('',(0.,0.,1.));
#14253=DIRECTION('center_axis',(0.,1.,0.));
#14254=DIRECTION('ref_axis',(-1.,0.,0.));
#14255=DIRECTION('',(0.,0.,1.));
#14256=DIRECTION('center_axis',(0.,0.,1.));
#14257=DIRECTION('ref_axis',(1.,-4.44089209850048E-15,0.));
#14258=DIRECTION('center_axis',(0.,0.,1.));
#14259=DIRECTION('ref_axis',(0.,-1.,0.));
#14260=DIRECTION('',(0.,0.,1.));
#14261=DIRECTION('center_axis',(0.,-1.,0.));
#14262=DIRECTION('ref_axis',(1.,0.,0.));
#14263=DIRECTION('',(0.,0.,1.));
#14264=DIRECTION('center_axis',(0.,0.,1.));
#14265=DIRECTION('ref_axis',(0.,1.,0.));
#14266=DIRECTION('',(0.,0.,1.));
#14267=DIRECTION('center_axis',(1.,-1.77635683940024E-14,0.));
#14268=DIRECTION('ref_axis',(1.77635683940024E-14,1.,0.));
#14269=DIRECTION('',(0.,0.,1.));
#14270=DIRECTION('center_axis',(0.,0.,1.));
#14271=DIRECTION('ref_axis',(-1.,-5.32907051820049E-14,0.));
#14272=DIRECTION('',(0.,0.,1.));
#14273=DIRECTION('center_axis',(0.,1.,0.));
#14274=DIRECTION('ref_axis',(-1.,0.,0.));
#14275=DIRECTION('',(0.,0.,1.));
#14276=DIRECTION('center_axis',(0.,0.,1.));
#14277=DIRECTION('ref_axis',(1.,5.32907051820049E-14,0.));
#14278=DIRECTION('',(0.,0.,1.));
#14279=DIRECTION('center_axis',(1.,0.,0.));
#14280=DIRECTION('ref_axis',(0.,1.,0.));
#14281=DIRECTION('',(0.,0.,1.));
#14282=DIRECTION('center_axis',(0.,0.,1.));
#14283=DIRECTION('ref_axis',(3.55271367880032E-14,-1.,0.));
#14284=DIRECTION('',(0.,0.,1.));
#14285=DIRECTION('center_axis',(0.,-1.,0.));
#14286=DIRECTION('ref_axis',(1.,0.,0.));
#14287=DIRECTION('',(0.,0.,1.));
#14288=DIRECTION('center_axis',(0.,0.,1.));
#14289=DIRECTION('ref_axis',(-1.,-3.55271367880045E-14,0.));
#14290=DIRECTION('',(0.,0.,1.));
#14291=DIRECTION('center_axis',(-1.,-1.77635683940024E-14,0.));
#14292=DIRECTION('ref_axis',(1.77635683940024E-14,-1.,0.));
#14293=DIRECTION('',(0.,0.,1.));
#14294=DIRECTION('center_axis',(0.,0.,1.));
#14295=DIRECTION('ref_axis',(-3.55271367880032E-14,1.,0.));
#14296=DIRECTION('',(0.,0.,1.));
#14297=DIRECTION('center_axis',(0.,1.,0.));
#14298=DIRECTION('ref_axis',(-1.,0.,0.));
#14299=DIRECTION('',(0.,0.,1.));
#14300=DIRECTION('center_axis',(0.,0.,1.));
#14301=DIRECTION('ref_axis',(0.,-1.,0.));
#14302=DIRECTION('',(0.,0.,1.));
#14303=DIRECTION('center_axis',(-1.,8.88178419700042E-14,0.));
#14304=DIRECTION('ref_axis',(-8.88178419700042E-14,-1.,0.));
#14305=DIRECTION('',(0.,0.,1.));
#14306=DIRECTION('center_axis',(0.,0.,1.));
#14307=DIRECTION('ref_axis',(1.,1.77635683940016E-14,0.));
#14308=DIRECTION('',(0.,0.,1.));
#14309=DIRECTION('center_axis',(-7.72682720046725E-16,-1.,0.));
#14310=DIRECTION('ref_axis',(1.,-7.72682720046725E-16,0.));
#14311=DIRECTION('',(0.,0.,1.));
#14312=DIRECTION('center_axis',(0.,0.,1.));
#14313=DIRECTION('ref_axis',(-1.15463194561043E-13,1.,0.));
#14314=DIRECTION('',(0.,0.,1.));
#14315=DIRECTION('center_axis',(1.,0.,0.));
#14316=DIRECTION('ref_axis',(0.,1.,0.));
#14317=DIRECTION('',(0.,0.,1.));
#14318=DIRECTION('center_axis',(0.,0.,1.));
#14319=DIRECTION('ref_axis',(-1.,0.,0.));
#14320=DIRECTION('',(0.,0.,1.));
#14321=DIRECTION('center_axis',(0.,1.,0.));
#14322=DIRECTION('ref_axis',(-1.,0.,0.));
#14323=DIRECTION('',(0.,0.,1.));
#14324=DIRECTION('center_axis',(0.,0.,1.));
#14325=DIRECTION('ref_axis',(1.,0.,0.));
#14326=DIRECTION('',(0.,0.,1.));
#14327=DIRECTION('center_axis',(1.,0.,0.));
#14328=DIRECTION('ref_axis',(0.,1.,0.));
#14329=DIRECTION('',(0.,0.,1.));
#14330=DIRECTION('center_axis',(0.,0.,1.));
#14331=DIRECTION('ref_axis',(0.,-1.,0.));
#14332=DIRECTION('',(0.,0.,1.));
#14333=DIRECTION('center_axis',(0.,-1.,0.));
#14334=DIRECTION('ref_axis',(1.,0.,0.));
#14335=DIRECTION('',(0.,0.,1.));
#14336=DIRECTION('center_axis',(0.,0.,1.));
#14337=DIRECTION('ref_axis',(-1.,0.,0.));
#14338=DIRECTION('',(0.,0.,1.));
#14339=DIRECTION('center_axis',(-1.,4.4408920985006E-15,0.));
#14340=DIRECTION('ref_axis',(-4.4408920985006E-15,-1.,0.));
#14341=DIRECTION('',(0.,0.,1.));
#14342=DIRECTION('center_axis',(0.,0.,1.));
#14343=DIRECTION('ref_axis',(0.,1.,0.));
#14344=DIRECTION('',(0.,0.,1.));
#14345=DIRECTION('center_axis',(3.79799827707962E-15,1.,0.));
#14346=DIRECTION('ref_axis',(-1.,3.79799827707962E-15,0.));
#14347=DIRECTION('',(0.,0.,1.));
#14348=DIRECTION('center_axis',(0.,0.,1.));
#14349=DIRECTION('ref_axis',(7.99360577730101E-14,-1.,0.));
#14350=DIRECTION('',(0.,0.,1.));
#14351=DIRECTION('center_axis',(-1.,0.,0.));
#14352=DIRECTION('ref_axis',(0.,-1.,0.));
#14353=DIRECTION('',(0.,0.,1.));
#14354=DIRECTION('center_axis',(0.,0.,1.));
#14355=DIRECTION('ref_axis',(1.,-1.95399252334037E-13,0.));
#14356=DIRECTION('',(0.,0.,1.));
#14357=DIRECTION('center_axis',(-2.38089810663656E-14,-1.,0.));
#14358=DIRECTION('ref_axis',(1.,-2.38089810663656E-14,0.));
#14359=DIRECTION('',(0.,0.,1.));
#14360=DIRECTION('center_axis',(0.,0.,1.));
#14361=DIRECTION('ref_axis',(-0.999999999999249,-1.22521042200674E-6,0.));
#14362=DIRECTION('',(0.,0.,1.));
#14363=DIRECTION('center_axis',(-0.999999999999249,-1.22521042222511E-6,
0.));
#14364=DIRECTION('ref_axis',(1.22521042222511E-6,-0.999999999999249,0.));
#14365=DIRECTION('',(0.,0.,1.));
#14366=DIRECTION('center_axis',(0.,0.,1.));
#14367=DIRECTION('ref_axis',(-1.11022302462516E-14,1.,0.));
#14368=DIRECTION('',(0.,0.,1.));
#14369=DIRECTION('center_axis',(4.14955522097489E-15,1.,0.));
#14370=DIRECTION('ref_axis',(-1.,4.14955522097489E-15,0.));
#14371=DIRECTION('',(0.,0.,1.));
#14372=DIRECTION('center_axis',(0.,0.,1.));
#14373=DIRECTION('ref_axis',(0.,-1.,0.));
#14374=DIRECTION('',(0.,0.,1.));
#14375=DIRECTION('center_axis',(-1.,0.,0.));
#14376=DIRECTION('ref_axis',(0.,-1.,0.));
#14377=DIRECTION('',(0.,0.,1.));
#14378=DIRECTION('center_axis',(0.,0.,1.));
#14379=DIRECTION('ref_axis',(1.,-2.22044604925032E-15,0.));
#14380=DIRECTION('',(0.,0.,1.));
#14381=DIRECTION('center_axis',(-3.69432739068589E-16,-1.,0.));
#14382=DIRECTION('ref_axis',(1.,-3.69432739068589E-16,0.));
#14383=DIRECTION('',(0.,0.,1.));
#14384=DIRECTION('center_axis',(0.,0.,1.));
#14385=DIRECTION('ref_axis',(-1.,2.22044604925032E-15,0.));
#14386=DIRECTION('',(0.,0.,1.));
#14387=DIRECTION('center_axis',(-1.,0.,0.));
#14388=DIRECTION('ref_axis',(0.,-1.,0.));
#14389=DIRECTION('',(0.,0.,1.));
#14390=DIRECTION('center_axis',(0.,0.,1.));
#14391=DIRECTION('ref_axis',(0.,1.,0.));
#14392=DIRECTION('',(0.,0.,1.));
#14393=DIRECTION('center_axis',(0.,1.,0.));
#14394=DIRECTION('ref_axis',(-1.,0.,0.));
#14395=DIRECTION('',(0.,0.,1.));
#14396=DIRECTION('center_axis',(0.,0.,1.));
#14397=DIRECTION('ref_axis',(1.,2.22044604925032E-15,0.));
#14398=DIRECTION('',(0.,0.,1.));
#14399=DIRECTION('center_axis',(1.,0.,0.));
#14400=DIRECTION('ref_axis',(0.,1.,0.));
#14401=DIRECTION('',(0.,0.,1.));
#14402=DIRECTION('center_axis',(0.,0.,1.));
#14403=DIRECTION('ref_axis',(0.,-1.,0.));
#14404=DIRECTION('',(0.,0.,1.));
#14405=DIRECTION('center_axis',(3.70718176464019E-16,-1.,0.));
#14406=DIRECTION('ref_axis',(1.,3.70718176464019E-16,0.));
#14407=DIRECTION('',(0.,0.,1.));
#14408=DIRECTION('center_axis',(0.,0.,1.));
#14409=DIRECTION('ref_axis',(0.,1.,0.));
#14410=DIRECTION('',(0.,0.,1.));
#14411=DIRECTION('center_axis',(1.,0.,0.));
#14412=DIRECTION('ref_axis',(0.,1.,0.));
#14413=DIRECTION('',(0.,0.,1.));
#14414=DIRECTION('center_axis',(0.,0.,1.));
#14415=DIRECTION('ref_axis',(-1.,8.88178419700128E-15,0.));
#14416=DIRECTION('',(0.,0.,1.));
#14417=DIRECTION('center_axis',(-6.2547646145712E-17,1.,0.));
#14418=DIRECTION('ref_axis',(-1.,-6.2547646145712E-17,0.));
#14419=DIRECTION('',(0.,0.,1.));
#14420=DIRECTION('center_axis',(0.,0.,1.));
#14421=DIRECTION('ref_axis',(0.,-1.,0.));
#14422=DIRECTION('',(0.,0.,1.));
#14423=DIRECTION('center_axis',(-1.,0.,0.));
#14424=DIRECTION('ref_axis',(0.,-1.,0.));
#14425=DIRECTION('',(0.,0.,1.));
#14426=DIRECTION('center_axis',(0.,0.,1.));
#14427=DIRECTION('ref_axis',(1.,1.99840144432525E-14,0.));
#14428=DIRECTION('',(0.,0.,1.));
#14429=DIRECTION('center_axis',(0.,-1.,0.));
#14430=DIRECTION('ref_axis',(1.,0.,0.));
#14431=DIRECTION('',(0.,0.,1.));
#14432=DIRECTION('center_axis',(0.,0.,1.));
#14433=DIRECTION('ref_axis',(-1.,-1.99840144432525E-14,0.));
#14434=DIRECTION('',(0.,0.,1.));
#14435=DIRECTION('center_axis',(-1.,0.,0.));
#14436=DIRECTION('ref_axis',(0.,-1.,0.));
#14437=DIRECTION('',(0.,0.,1.));
#14438=DIRECTION('center_axis',(0.,0.,1.));
#14439=DIRECTION('ref_axis',(0.,1.,0.));
#14440=DIRECTION('',(0.,0.,1.));
#14441=DIRECTION('center_axis',(1.32226184425812E-15,1.,0.));
#14442=DIRECTION('ref_axis',(-1.,1.32226184425812E-15,0.));
#14443=DIRECTION('',(0.,0.,1.));
#14444=DIRECTION('center_axis',(0.,0.,1.));
#14445=DIRECTION('ref_axis',(1.,5.55111512312551E-14,0.));
#14446=DIRECTION('',(0.,0.,1.));
#14447=DIRECTION('center_axis',(1.,0.,0.));
#14448=DIRECTION('ref_axis',(0.,1.,0.));
#14449=DIRECTION('',(0.,0.,1.));
#14450=DIRECTION('center_axis',(0.,0.,1.));
#14451=DIRECTION('ref_axis',(3.5527136788003E-14,-1.,0.));
#14452=DIRECTION('',(0.,0.,1.));
#14453=DIRECTION('center_axis',(0.,-1.,0.));
#14454=DIRECTION('ref_axis',(1.,0.,0.));
#14455=DIRECTION('axis',(0.,0.,1.));
#14456=DIRECTION('refdir',(1.,0.,0.));
#14457=DIRECTION('',(0.,0.,1.));
#14458=DIRECTION('',(1.,0.,0.));
#14459=DIRECTION('',(0.,0.,1.));
#14460=DIRECTION('',(1.,0.,0.));
#14461=DIRECTION('',(0.,0.,1.));
#14462=DIRECTION('',(1.,0.,0.));
#14463=CARTESIAN_POINT('',(0.,0.,0.));
#14464=CARTESIAN_POINT('',(0.,0.,0.));
#14465=CARTESIAN_POINT('',(0.,0.,0.));
#14466=CARTESIAN_POINT('Origin',(227.712650481209,-59.8556277027369,6.1));
#14467=CARTESIAN_POINT('',(227.712650481209,-59.8556277027369,6.1));
#14468=CARTESIAN_POINT('',(227.712650481209,-46.8556277027369,6.1));
#14469=CARTESIAN_POINT('',(227.712650481209,-61.3778136122048,6.1));
#14470=CARTESIAN_POINT('',(227.712650481209,-59.8556277027369,4.6));
#14471=CARTESIAN_POINT('',(227.712650481209,-59.8556277027369,6.1));
#14472=CARTESIAN_POINT('',(227.712650481209,-46.8556277027369,4.6));
#14473=CARTESIAN_POINT('',(227.712650481209,-61.3778136122048,4.6));
#14474=CARTESIAN_POINT('',(227.712650481209,-46.8556277027369,6.1));
#14475=CARTESIAN_POINT('Origin',(228.212650481209,-59.8556277027369,6.1));
#14476=CARTESIAN_POINT('',(228.212650481209,-60.3556277027369,6.1));
#14477=CARTESIAN_POINT('Origin',(228.212650481209,-59.8556277027369,6.1));
#14478=CARTESIAN_POINT('',(228.212650481209,-60.3556277027369,4.6));
#14479=CARTESIAN_POINT('',(228.212650481209,-60.3556277027369,6.1));
#14480=CARTESIAN_POINT('Origin',(228.212650481209,-59.8556277027369,4.6));
#14481=CARTESIAN_POINT('Origin',(241.212650481209,-60.3556277027369,6.1));
#14482=CARTESIAN_POINT('',(241.212650481209,-60.3556277027369,6.1));
#14483=CARTESIAN_POINT('',(193.906331407975,-60.3556277027369,6.1));
#14484=CARTESIAN_POINT('',(241.212650481209,-60.3556277027369,4.6));
#14485=CARTESIAN_POINT('',(241.212650481209,-60.3556277027369,6.1));
#14486=CARTESIAN_POINT('',(193.906331407975,-60.3556277027369,4.6));
#14487=CARTESIAN_POINT('Origin',(241.212650481209,-59.8556277027369,6.1));
#14488=CARTESIAN_POINT('',(241.712650481209,-59.8556277027369,6.1));
#14489=CARTESIAN_POINT('Origin',(241.212650481209,-59.8556277027369,6.1));
#14490=CARTESIAN_POINT('',(241.712650481209,-59.8556277027369,4.6));
#14491=CARTESIAN_POINT('',(241.712650481209,-59.8556277027369,6.1));
#14492=CARTESIAN_POINT('Origin',(241.212650481209,-59.8556277027369,4.6));
#14493=CARTESIAN_POINT('Origin',(241.712650481209,-46.8556277027369,6.1));
#14494=CARTESIAN_POINT('',(241.712650481209,-46.8556277027369,6.1));
#14495=CARTESIAN_POINT('',(241.712650481209,-54.8778136122048,6.1));
#14496=CARTESIAN_POINT('',(241.712650481209,-46.8556277027369,4.6));
#14497=CARTESIAN_POINT('',(241.712650481209,-46.8556277027369,6.1));
#14498=CARTESIAN_POINT('',(241.712650481209,-54.8778136122048,4.6));
#14499=CARTESIAN_POINT('Origin',(241.212650481209,-46.8556277027369,6.1));
#14500=CARTESIAN_POINT('',(241.212650481209,-46.3556277027369,6.1));
#14501=CARTESIAN_POINT('Origin',(241.212650481209,-46.8556277027369,6.1));
#14502=CARTESIAN_POINT('',(241.212650481209,-46.3556277027369,4.6));
#14503=CARTESIAN_POINT('',(241.212650481209,-46.3556277027369,6.1));
#14504=CARTESIAN_POINT('Origin',(241.212650481209,-46.8556277027369,4.6));
#14505=CARTESIAN_POINT('Origin',(228.212650481209,-46.3556277027369,6.1));
#14506=CARTESIAN_POINT('',(228.212650481209,-46.3556277027369,6.1));
#14507=CARTESIAN_POINT('',(187.406331407975,-46.3556277027369,6.1));
#14508=CARTESIAN_POINT('',(228.212650481209,-46.3556277027369,4.6));
#14509=CARTESIAN_POINT('',(228.212650481209,-46.3556277027369,6.1));
#14510=CARTESIAN_POINT('',(187.406331407975,-46.3556277027369,4.6));
#14511=CARTESIAN_POINT('Origin',(228.212650481209,-46.8556277027369,6.1));
#14512=CARTESIAN_POINT('Origin',(228.212650481209,-46.8556277027369,6.1));
#14513=CARTESIAN_POINT('Origin',(228.212650481209,-46.8556277027369,4.6));
#14514=CARTESIAN_POINT('Origin',(239.618900481209,-78.9056277027369,6.1));
#14515=CARTESIAN_POINT('',(239.618900481209,-78.9056277027369,6.1));
#14516=CARTESIAN_POINT('',(239.618900481209,-65.9056277027369,6.1));
#14517=CARTESIAN_POINT('',(239.618900481209,-70.9028136122048,6.1));
#14518=CARTESIAN_POINT('',(239.618900481209,-78.9056277027369,4.6));
#14519=CARTESIAN_POINT('',(239.618900481209,-78.9056277027369,6.1));
#14520=CARTESIAN_POINT('',(239.618900481209,-65.9056277027369,4.6));
#14521=CARTESIAN_POINT('',(239.618900481209,-70.9028136122048,4.6));
#14522=CARTESIAN_POINT('',(239.618900481209,-65.9056277027369,6.1));
#14523=CARTESIAN_POINT('Origin',(240.118900481209,-78.9056277027369,6.1));
#14524=CARTESIAN_POINT('',(240.118900481209,-79.4056277027369,6.1));
#14525=CARTESIAN_POINT('Origin',(240.118900481209,-78.9056277027369,6.1));
#14526=CARTESIAN_POINT('',(240.118900481209,-79.4056277027369,4.6));
#14527=CARTESIAN_POINT('',(240.118900481209,-79.4056277027369,6.1));
#14528=CARTESIAN_POINT('Origin',(240.118900481209,-78.9056277027369,4.6));
#14529=CARTESIAN_POINT('Origin',(253.118900481209,-79.4056277027369,6.1));
#14530=CARTESIAN_POINT('',(253.118900481209,-79.4056277027369,6.1));
#14531=CARTESIAN_POINT('',(199.859456407975,-79.4056277027369,6.1));
#14532=CARTESIAN_POINT('',(253.118900481209,-79.4056277027369,4.6));
#14533=CARTESIAN_POINT('',(253.118900481209,-79.4056277027369,6.1));
#14534=CARTESIAN_POINT('',(199.859456407975,-79.4056277027369,4.6));
#14535=CARTESIAN_POINT('Origin',(253.118900481209,-78.9056277027369,6.1));
#14536=CARTESIAN_POINT('',(253.618900481209,-78.9056277027369,6.1));
#14537=CARTESIAN_POINT('Origin',(253.118900481209,-78.9056277027369,6.1));
#14538=CARTESIAN_POINT('',(253.618900481209,-78.9056277027369,4.6));
#14539=CARTESIAN_POINT('',(253.618900481209,-78.9056277027369,6.1));
#14540=CARTESIAN_POINT('Origin',(253.118900481209,-78.9056277027369,4.6));
#14541=CARTESIAN_POINT('Origin',(253.618900481209,-65.9056277027369,6.1));
#14542=CARTESIAN_POINT('',(253.618900481209,-65.9056277027369,6.1));
#14543=CARTESIAN_POINT('',(253.618900481209,-64.4028136122048,6.1));
#14544=CARTESIAN_POINT('',(253.618900481209,-65.9056277027369,4.6));
#14545=CARTESIAN_POINT('',(253.618900481209,-65.9056277027369,6.1));
#14546=CARTESIAN_POINT('',(253.618900481209,-64.4028136122048,4.6));
#14547=CARTESIAN_POINT('Origin',(253.118900481209,-65.9056277027369,6.1));
#14548=CARTESIAN_POINT('',(253.118900481209,-65.4056277027369,6.1));
#14549=CARTESIAN_POINT('Origin',(253.118900481209,-65.9056277027369,6.1));
#14550=CARTESIAN_POINT('',(253.118900481209,-65.4056277027369,4.6));
#14551=CARTESIAN_POINT('',(253.118900481209,-65.4056277027369,6.1));
#14552=CARTESIAN_POINT('Origin',(253.118900481209,-65.9056277027369,4.6));
#14553=CARTESIAN_POINT('Origin',(240.118900481209,-65.4056277027369,6.1));
#14554=CARTESIAN_POINT('',(240.118900481209,-65.4056277027369,6.1));
#14555=CARTESIAN_POINT('',(193.359456407975,-65.4056277027369,6.1));
#14556=CARTESIAN_POINT('',(240.118900481209,-65.4056277027369,4.6));
#14557=CARTESIAN_POINT('',(240.118900481209,-65.4056277027369,6.1));
#14558=CARTESIAN_POINT('',(193.359456407975,-65.4056277027369,4.6));
#14559=CARTESIAN_POINT('Origin',(240.118900481209,-65.9056277027369,6.1));
#14560=CARTESIAN_POINT('Origin',(240.118900481209,-65.9056277027369,6.1));
#14561=CARTESIAN_POINT('Origin',(240.118900481209,-65.9056277027369,4.6));
#14562=CARTESIAN_POINT('Origin',(184.850150481209,-40.8056277027369,6.1));
#14563=CARTESIAN_POINT('',(184.850150481209,-40.8056277027369,6.1));
#14564=CARTESIAN_POINT('',(184.850150481209,-27.8056277027369,6.1));
#14565=CARTESIAN_POINT('',(184.850150481209,-51.8528136122048,6.1));
#14566=CARTESIAN_POINT('',(184.850150481209,-40.8056277027369,4.6));
#14567=CARTESIAN_POINT('',(184.850150481209,-40.8056277027369,6.1));
#14568=CARTESIAN_POINT('',(184.850150481209,-27.8056277027369,4.6));
#14569=CARTESIAN_POINT('',(184.850150481209,-51.8528136122048,4.6));
#14570=CARTESIAN_POINT('',(184.850150481209,-27.8056277027369,6.1));
#14571=CARTESIAN_POINT('Origin',(185.350150481209,-40.8056277027369,6.1));
#14572=CARTESIAN_POINT('',(185.350150481209,-41.3056277027369,6.1));
#14573=CARTESIAN_POINT('Origin',(185.350150481209,-40.8056277027369,6.1));
#14574=CARTESIAN_POINT('',(185.350150481209,-41.3056277027369,4.6));
#14575=CARTESIAN_POINT('',(185.350150481209,-41.3056277027369,6.1));
#14576=CARTESIAN_POINT('Origin',(185.350150481209,-40.8056277027369,4.6));
#14577=CARTESIAN_POINT('Origin',(198.350150481209,-41.3056277027369,6.1));
#14578=CARTESIAN_POINT('',(198.350150481209,-41.3056277027369,6.1));
#14579=CARTESIAN_POINT('',(172.475081407975,-41.3056277027369,6.1));
#14580=CARTESIAN_POINT('',(198.350150481209,-41.3056277027369,4.6));
#14581=CARTESIAN_POINT('',(198.350150481209,-41.3056277027369,6.1));
#14582=CARTESIAN_POINT('',(172.475081407975,-41.3056277027369,4.6));
#14583=CARTESIAN_POINT('Origin',(198.350150481209,-40.8056277027369,6.1));
#14584=CARTESIAN_POINT('',(198.850150481209,-40.8056277027369,6.1));
#14585=CARTESIAN_POINT('Origin',(198.350150481209,-40.8056277027369,6.1));
#14586=CARTESIAN_POINT('',(198.850150481209,-40.8056277027369,4.6));
#14587=CARTESIAN_POINT('',(198.850150481209,-40.8056277027369,6.1));
#14588=CARTESIAN_POINT('Origin',(198.350150481209,-40.8056277027369,4.6));
#14589=CARTESIAN_POINT('Origin',(198.850150481209,-27.8056277027369,6.1));
#14590=CARTESIAN_POINT('',(198.850150481209,-27.8056277027369,6.1));
#14591=CARTESIAN_POINT('',(198.850150481209,-45.3528136122048,6.1));
#14592=CARTESIAN_POINT('',(198.850150481209,-27.8056277027369,4.6));
#14593=CARTESIAN_POINT('',(198.850150481209,-27.8056277027369,6.1));
#14594=CARTESIAN_POINT('',(198.850150481209,-45.3528136122048,4.6));
#14595=CARTESIAN_POINT('Origin',(198.350150481209,-27.8056277027369,6.1));
#14596=CARTESIAN_POINT('',(198.350150481209,-27.3056277027369,6.1));
#14597=CARTESIAN_POINT('Origin',(198.350150481209,-27.8056277027369,6.1));
#14598=CARTESIAN_POINT('',(198.350150481209,-27.3056277027369,4.6));
#14599=CARTESIAN_POINT('',(198.350150481209,-27.3056277027369,6.1));
#14600=CARTESIAN_POINT('Origin',(198.350150481209,-27.8056277027369,4.6));
#14601=CARTESIAN_POINT('Origin',(185.350150481209,-27.3056277027369,6.1));
#14602=CARTESIAN_POINT('',(185.350150481209,-27.3056277027369,6.1));
#14603=CARTESIAN_POINT('',(165.975081407975,-27.3056277027369,6.1));
#14604=CARTESIAN_POINT('',(185.350150481209,-27.3056277027369,4.6));
#14605=CARTESIAN_POINT('',(185.350150481209,-27.3056277027369,6.1));
#14606=CARTESIAN_POINT('',(165.975081407975,-27.3056277027369,4.6));
#14607=CARTESIAN_POINT('Origin',(185.350150481209,-27.8056277027369,6.1));
#14608=CARTESIAN_POINT('Origin',(185.350150481209,-27.8056277027369,6.1));
#14609=CARTESIAN_POINT('Origin',(185.350150481209,-27.8056277027369,4.6));
#14610=CARTESIAN_POINT('Origin',(161.037650481209,-78.9056277027369,6.1));
#14611=CARTESIAN_POINT('',(161.037650481209,-78.9056277027369,6.1));
#14612=CARTESIAN_POINT('',(161.037650481209,-65.9056277027369,6.1));
#14613=CARTESIAN_POINT('',(161.037650481209,-70.9028136122048,6.1));
#14614=CARTESIAN_POINT('',(161.037650481209,-78.9056277027369,4.6));
#14615=CARTESIAN_POINT('',(161.037650481209,-78.9056277027369,6.1));
#14616=CARTESIAN_POINT('',(161.037650481209,-65.9056277027369,4.6));
#14617=CARTESIAN_POINT('',(161.037650481209,-70.9028136122048,4.6));
#14618=CARTESIAN_POINT('',(161.037650481209,-65.9056277027369,6.1));
#14619=CARTESIAN_POINT('Origin',(161.537650481209,-78.9056277027369,6.1));
#14620=CARTESIAN_POINT('',(161.537650481209,-79.4056277027369,6.1));
#14621=CARTESIAN_POINT('Origin',(161.537650481209,-78.9056277027369,6.1));
#14622=CARTESIAN_POINT('',(161.537650481209,-79.4056277027369,4.6));
#14623=CARTESIAN_POINT('',(161.537650481209,-79.4056277027369,6.1));
#14624=CARTESIAN_POINT('Origin',(161.537650481209,-78.9056277027369,4.6));
#14625=CARTESIAN_POINT('Origin',(174.537650481209,-79.4056277027369,6.1));
#14626=CARTESIAN_POINT('',(174.537650481209,-79.4056277027369,6.1));
#14627=CARTESIAN_POINT('',(160.568831407975,-79.4056277027369,6.1));
#14628=CARTESIAN_POINT('',(174.537650481209,-79.4056277027369,4.6));
#14629=CARTESIAN_POINT('',(174.537650481209,-79.4056277027369,6.1));
#14630=CARTESIAN_POINT('',(160.568831407975,-79.4056277027369,4.6));
#14631=CARTESIAN_POINT('Origin',(174.537650481209,-78.9056277027369,6.1));
#14632=CARTESIAN_POINT('',(175.037650481209,-78.9056277027369,6.1));
#14633=CARTESIAN_POINT('Origin',(174.537650481209,-78.9056277027369,6.1));
#14634=CARTESIAN_POINT('',(175.037650481209,-78.9056277027369,4.6));
#14635=CARTESIAN_POINT('',(175.037650481209,-78.9056277027369,6.1));
#14636=CARTESIAN_POINT('Origin',(174.537650481209,-78.9056277027369,4.6));
#14637=CARTESIAN_POINT('Origin',(175.037650481209,-65.9056277027369,6.1));
#14638=CARTESIAN_POINT('',(175.037650481209,-65.9056277027369,6.1));
#14639=CARTESIAN_POINT('',(175.037650481209,-64.4028136122048,6.1));
#14640=CARTESIAN_POINT('',(175.037650481209,-65.9056277027369,4.6));
#14641=CARTESIAN_POINT('',(175.037650481209,-65.9056277027369,6.1));
#14642=CARTESIAN_POINT('',(175.037650481209,-64.4028136122048,4.6));
#14643=CARTESIAN_POINT('Origin',(174.537650481209,-65.9056277027369,6.1));
#14644=CARTESIAN_POINT('',(174.537650481209,-65.4056277027369,6.1));
#14645=CARTESIAN_POINT('Origin',(174.537650481209,-65.9056277027369,6.1));
#14646=CARTESIAN_POINT('',(174.537650481209,-65.4056277027369,4.6));
#14647=CARTESIAN_POINT('',(174.537650481209,-65.4056277027369,6.1));
#14648=CARTESIAN_POINT('Origin',(174.537650481209,-65.9056277027369,4.6));
#14649=CARTESIAN_POINT('Origin',(161.537650481209,-65.4056277027369,6.1));
#14650=CARTESIAN_POINT('',(161.537650481209,-65.4056277027369,6.1));
#14651=CARTESIAN_POINT('',(154.068831407975,-65.4056277027369,6.1));
#14652=CARTESIAN_POINT('',(161.537650481209,-65.4056277027369,4.6));
#14653=CARTESIAN_POINT('',(161.537650481209,-65.4056277027369,6.1));
#14654=CARTESIAN_POINT('',(154.068831407975,-65.4056277027369,4.6));
#14655=CARTESIAN_POINT('Origin',(161.537650481209,-65.9056277027369,6.1));
#14656=CARTESIAN_POINT('Origin',(161.537650481209,-65.9056277027369,6.1));
#14657=CARTESIAN_POINT('Origin',(161.537650481209,-65.9056277027369,4.6));
#14658=CARTESIAN_POINT('Origin',(132.462650481209,-59.8556277027369,6.1));
#14659=CARTESIAN_POINT('',(132.462650481209,-59.8556277027369,6.1));
#14660=CARTESIAN_POINT('',(132.462650481209,-46.8556277027369,6.1));
#14661=CARTESIAN_POINT('',(132.462650481209,-61.3778136122048,6.1));
#14662=CARTESIAN_POINT('',(132.462650481209,-59.8556277027369,4.6));
#14663=CARTESIAN_POINT('',(132.462650481209,-59.8556277027369,6.1));
#14664=CARTESIAN_POINT('',(132.462650481209,-46.8556277027369,4.6));
#14665=CARTESIAN_POINT('',(132.462650481209,-61.3778136122048,4.6));
#14666=CARTESIAN_POINT('',(132.462650481209,-46.8556277027369,6.1));
#14667=CARTESIAN_POINT('Origin',(132.962650481209,-59.8556277027369,6.1));
#14668=CARTESIAN_POINT('',(132.962650481209,-60.3556277027369,6.1));
#14669=CARTESIAN_POINT('Origin',(132.962650481209,-59.8556277027369,6.1));
#14670=CARTESIAN_POINT('',(132.962650481209,-60.3556277027369,4.6));
#14671=CARTESIAN_POINT('',(132.962650481209,-60.3556277027369,6.1));
#14672=CARTESIAN_POINT('Origin',(132.962650481209,-59.8556277027369,4.6));
#14673=CARTESIAN_POINT('Origin',(145.962650481209,-60.3556277027369,6.1));
#14674=CARTESIAN_POINT('',(145.962650481209,-60.3556277027369,6.1));
#14675=CARTESIAN_POINT('',(146.281331407975,-60.3556277027369,6.1));
#14676=CARTESIAN_POINT('',(145.962650481209,-60.3556277027369,4.6));
#14677=CARTESIAN_POINT('',(145.962650481209,-60.3556277027369,6.1));
#14678=CARTESIAN_POINT('',(146.281331407975,-60.3556277027369,4.6));
#14679=CARTESIAN_POINT('Origin',(145.962650481209,-59.8556277027369,6.1));
#14680=CARTESIAN_POINT('',(146.462650481209,-59.8556277027369,6.1));
#14681=CARTESIAN_POINT('Origin',(145.962650481209,-59.8556277027369,6.1));
#14682=CARTESIAN_POINT('',(146.462650481209,-59.8556277027369,4.6));
#14683=CARTESIAN_POINT('',(146.462650481209,-59.8556277027369,6.1));
#14684=CARTESIAN_POINT('Origin',(145.962650481209,-59.8556277027369,4.6));
#14685=CARTESIAN_POINT('Origin',(146.462650481209,-46.8556277027369,6.1));
#14686=CARTESIAN_POINT('',(146.462650481209,-46.8556277027369,6.1));
#14687=CARTESIAN_POINT('',(146.462650481209,-54.8778136122048,6.1));
#14688=CARTESIAN_POINT('',(146.462650481209,-46.8556277027369,4.6));
#14689=CARTESIAN_POINT('',(146.462650481209,-46.8556277027369,6.1));
#14690=CARTESIAN_POINT('',(146.462650481209,-54.8778136122048,4.6));
#14691=CARTESIAN_POINT('Origin',(145.962650481209,-46.8556277027369,6.1));
#14692=CARTESIAN_POINT('',(145.962650481209,-46.3556277027369,6.1));
#14693=CARTESIAN_POINT('Origin',(145.962650481209,-46.8556277027369,6.1));
#14694=CARTESIAN_POINT('',(145.962650481209,-46.3556277027369,4.6));
#14695=CARTESIAN_POINT('',(145.962650481209,-46.3556277027369,6.1));
#14696=CARTESIAN_POINT('Origin',(145.962650481209,-46.8556277027369,4.6));
#14697=CARTESIAN_POINT('Origin',(132.962650481209,-46.3556277027369,6.1));
#14698=CARTESIAN_POINT('',(132.962650481209,-46.3556277027369,6.1));
#14699=CARTESIAN_POINT('',(139.781331407975,-46.3556277027369,6.1));
#14700=CARTESIAN_POINT('',(132.962650481209,-46.3556277027369,4.6));
#14701=CARTESIAN_POINT('',(132.962650481209,-46.3556277027369,6.1));
#14702=CARTESIAN_POINT('',(139.781331407975,-46.3556277027369,4.6));
#14703=CARTESIAN_POINT('Origin',(132.962650481209,-46.8556277027369,6.1));
#14704=CARTESIAN_POINT('Origin',(132.962650481209,-46.8556277027369,6.1));
#14705=CARTESIAN_POINT('Origin',(132.962650481209,-46.8556277027369,4.6));
#14706=CARTESIAN_POINT('Origin',(108.650150481209,-40.8056277027369,6.1));
#14707=CARTESIAN_POINT('',(108.650150481209,-40.8056277027369,6.1));
#14708=CARTESIAN_POINT('',(108.650150481209,-27.8056277027369,6.1));
#14709=CARTESIAN_POINT('',(108.650150481209,-51.8528136122048,6.1));
#14710=CARTESIAN_POINT('',(108.650150481209,-40.8056277027369,4.6));
#14711=CARTESIAN_POINT('',(108.650150481209,-40.8056277027369,6.1));
#14712=CARTESIAN_POINT('',(108.650150481209,-27.8056277027369,4.6));
#14713=CARTESIAN_POINT('',(108.650150481209,-51.8528136122048,4.6));
#14714=CARTESIAN_POINT('',(108.650150481209,-27.8056277027369,6.1));
#14715=CARTESIAN_POINT('Origin',(109.150150481209,-40.8056277027369,6.1));
#14716=CARTESIAN_POINT('',(109.150150481209,-41.3056277027369,6.1));
#14717=CARTESIAN_POINT('Origin',(109.150150481209,-40.8056277027369,6.1));
#14718=CARTESIAN_POINT('',(109.150150481209,-41.3056277027369,4.6));
#14719=CARTESIAN_POINT('',(109.150150481209,-41.3056277027369,6.1));
#14720=CARTESIAN_POINT('Origin',(109.150150481209,-40.8056277027369,4.6));
#14721=CARTESIAN_POINT('Origin',(122.150150481209,-41.3056277027369,6.1));
#14722=CARTESIAN_POINT('',(122.150150481209,-41.3056277027369,6.1));
#14723=CARTESIAN_POINT('',(134.375081407975,-41.3056277027369,6.1));
#14724=CARTESIAN_POINT('',(122.150150481209,-41.3056277027369,4.6));
#14725=CARTESIAN_POINT('',(122.150150481209,-41.3056277027369,6.1));
#14726=CARTESIAN_POINT('',(134.375081407975,-41.3056277027369,4.6));
#14727=CARTESIAN_POINT('Origin',(122.150150481209,-40.8056277027369,6.1));
#14728=CARTESIAN_POINT('',(122.650150481209,-40.8056277027369,6.1));
#14729=CARTESIAN_POINT('Origin',(122.150150481209,-40.8056277027369,6.1));
#14730=CARTESIAN_POINT('',(122.650150481209,-40.8056277027369,4.6));
#14731=CARTESIAN_POINT('',(122.650150481209,-40.8056277027369,6.1));
#14732=CARTESIAN_POINT('Origin',(122.150150481209,-40.8056277027369,4.6));
#14733=CARTESIAN_POINT('Origin',(122.650150481209,-27.8056277027369,6.1));
#14734=CARTESIAN_POINT('',(122.650150481209,-27.8056277027369,6.1));
#14735=CARTESIAN_POINT('',(122.650150481209,-45.3528136122048,6.1));
#14736=CARTESIAN_POINT('',(122.650150481209,-27.8056277027369,4.6));
#14737=CARTESIAN_POINT('',(122.650150481209,-27.8056277027369,6.1));
#14738=CARTESIAN_POINT('',(122.650150481209,-45.3528136122048,4.6));
#14739=CARTESIAN_POINT('Origin',(122.150150481209,-27.8056277027369,6.1));
#14740=CARTESIAN_POINT('',(122.150150481209,-27.3056277027369,6.1));
#14741=CARTESIAN_POINT('Origin',(122.150150481209,-27.8056277027369,6.1));
#14742=CARTESIAN_POINT('',(122.150150481209,-27.3056277027369,4.6));
#14743=CARTESIAN_POINT('',(122.150150481209,-27.3056277027369,6.1));
#14744=CARTESIAN_POINT('Origin',(122.150150481209,-27.8056277027369,4.6));
#14745=CARTESIAN_POINT('Origin',(109.150150481209,-27.3056277027369,6.1));
#14746=CARTESIAN_POINT('',(109.150150481209,-27.3056277027369,6.1));
#14747=CARTESIAN_POINT('',(127.875081407975,-27.3056277027369,6.1));
#14748=CARTESIAN_POINT('',(109.150150481209,-27.3056277027369,4.6));
#14749=CARTESIAN_POINT('',(109.150150481209,-27.3056277027369,6.1));
#14750=CARTESIAN_POINT('',(127.875081407975,-27.3056277027369,4.6));
#14751=CARTESIAN_POINT('Origin',(109.150150481209,-27.8056277027369,6.1));
#14752=CARTESIAN_POINT('Origin',(109.150150481209,-27.8056277027369,6.1));
#14753=CARTESIAN_POINT('Origin',(109.150150481209,-27.8056277027369,4.6));
#14754=CARTESIAN_POINT('Origin',(84.8376504812088,-78.9056277027369,6.1));
#14755=CARTESIAN_POINT('',(84.8376504812088,-78.9056277027369,6.1));
#14756=CARTESIAN_POINT('',(84.8376504812088,-65.9056277027369,6.1));
#14757=CARTESIAN_POINT('',(84.8376504812088,-70.9028136122048,6.1));
#14758=CARTESIAN_POINT('',(84.8376504812088,-78.9056277027369,4.6));
#14759=CARTESIAN_POINT('',(84.8376504812088,-78.9056277027369,6.1));
#14760=CARTESIAN_POINT('',(84.8376504812088,-65.9056277027369,4.6));
#14761=CARTESIAN_POINT('',(84.8376504812088,-70.9028136122048,4.6));
#14762=CARTESIAN_POINT('',(84.8376504812088,-65.9056277027369,6.1));
#14763=CARTESIAN_POINT('Origin',(85.3376504812088,-78.9056277027369,6.1));
#14764=CARTESIAN_POINT('',(85.3376504812088,-79.4056277027369,6.1));
#14765=CARTESIAN_POINT('Origin',(85.3376504812088,-78.9056277027369,6.1));
#14766=CARTESIAN_POINT('',(85.3376504812088,-79.4056277027369,4.6));
#14767=CARTESIAN_POINT('',(85.3376504812088,-79.4056277027369,6.1));
#14768=CARTESIAN_POINT('Origin',(85.3376504812088,-78.9056277027369,4.6));
#14769=CARTESIAN_POINT('Origin',(98.3376504812088,-79.4056277027369,6.1));
#14770=CARTESIAN_POINT('',(98.3376504812088,-79.4056277027369,6.1));
#14771=CARTESIAN_POINT('',(122.468831407975,-79.4056277027369,6.1));
#14772=CARTESIAN_POINT('',(98.3376504812088,-79.4056277027369,4.6));
#14773=CARTESIAN_POINT('',(98.3376504812088,-79.4056277027369,6.1));
#14774=CARTESIAN_POINT('',(122.468831407975,-79.4056277027369,4.6));
#14775=CARTESIAN_POINT('Origin',(98.3376504812088,-78.9056277027369,6.1));
#14776=CARTESIAN_POINT('',(98.8376504812088,-78.9056277027369,6.1));
#14777=CARTESIAN_POINT('Origin',(98.3376504812088,-78.9056277027369,6.1));
#14778=CARTESIAN_POINT('',(98.8376504812088,-78.9056277027369,4.6));
#14779=CARTESIAN_POINT('',(98.8376504812088,-78.9056277027369,6.1));
#14780=CARTESIAN_POINT('Origin',(98.3376504812088,-78.9056277027369,4.6));
#14781=CARTESIAN_POINT('Origin',(98.8376504812088,-65.9056277027369,6.1));
#14782=CARTESIAN_POINT('',(98.8376504812088,-65.9056277027369,6.1));
#14783=CARTESIAN_POINT('',(98.8376504812088,-64.4028136122048,6.1));
#14784=CARTESIAN_POINT('',(98.8376504812088,-65.9056277027369,4.6));
#14785=CARTESIAN_POINT('',(98.8376504812088,-65.9056277027369,6.1));
#14786=CARTESIAN_POINT('',(98.8376504812088,-64.4028136122048,4.6));
#14787=CARTESIAN_POINT('Origin',(98.3376504812088,-65.9056277027369,6.1));
#14788=CARTESIAN_POINT('',(98.3376504812088,-65.4056277027369,6.1));
#14789=CARTESIAN_POINT('Origin',(98.3376504812088,-65.9056277027369,6.1));
#14790=CARTESIAN_POINT('',(98.3376504812088,-65.4056277027369,4.6));
#14791=CARTESIAN_POINT('',(98.3376504812088,-65.4056277027369,6.1));
#14792=CARTESIAN_POINT('Origin',(98.3376504812088,-65.9056277027369,4.6));
#14793=CARTESIAN_POINT('Origin',(85.3376504812088,-65.4056277027369,6.1));
#14794=CARTESIAN_POINT('',(85.3376504812088,-65.4056277027369,6.1));
#14795=CARTESIAN_POINT('',(115.968831407975,-65.4056277027369,6.1));
#14796=CARTESIAN_POINT('',(85.3376504812088,-65.4056277027369,4.6));
#14797=CARTESIAN_POINT('',(85.3376504812088,-65.4056277027369,6.1));
#14798=CARTESIAN_POINT('',(115.968831407975,-65.4056277027369,4.6));
#14799=CARTESIAN_POINT('Origin',(85.3376504812088,-65.9056277027369,6.1));
#14800=CARTESIAN_POINT('Origin',(85.3376504812088,-65.9056277027369,6.1));
#14801=CARTESIAN_POINT('Origin',(85.3376504812088,-65.9056277027369,4.6));
#14802=CARTESIAN_POINT('Origin',(51.5001504812088,-40.8056277027369,6.1));
#14803=CARTESIAN_POINT('',(51.5001504812088,-40.8056277027369,6.1));
#14804=CARTESIAN_POINT('',(51.5001504812088,-27.8056277027369,6.1));
#14805=CARTESIAN_POINT('',(51.5001504812088,-51.8528136122048,6.1));
#14806=CARTESIAN_POINT('',(51.5001504812088,-40.8056277027369,4.6));
#14807=CARTESIAN_POINT('',(51.5001504812088,-40.8056277027369,6.1));
#14808=CARTESIAN_POINT('',(51.5001504812088,-27.8056277027369,4.6));
#14809=CARTESIAN_POINT('',(51.5001504812088,-51.8528136122048,4.6));
#14810=CARTESIAN_POINT('',(51.5001504812088,-27.8056277027369,6.1));
#14811=CARTESIAN_POINT('Origin',(52.0001504812088,-40.8056277027369,6.1));
#14812=CARTESIAN_POINT('',(52.0001504812088,-41.3056277027369,6.1));
#14813=CARTESIAN_POINT('Origin',(52.0001504812088,-40.8056277027369,6.1));
#14814=CARTESIAN_POINT('',(52.0001504812088,-41.3056277027369,4.6));
#14815=CARTESIAN_POINT('',(52.0001504812088,-41.3056277027369,6.1));
#14816=CARTESIAN_POINT('Origin',(52.0001504812088,-40.8056277027369,4.6));
#14817=CARTESIAN_POINT('Origin',(65.0001504812088,-41.3056277027369,6.1));
#14818=CARTESIAN_POINT('',(65.0001504812088,-41.3056277027369,6.1));
#14819=CARTESIAN_POINT('',(105.800081407975,-41.3056277027369,6.1));
#14820=CARTESIAN_POINT('',(65.0001504812088,-41.3056277027369,4.6));
#14821=CARTESIAN_POINT('',(65.0001504812088,-41.3056277027369,6.1));
#14822=CARTESIAN_POINT('',(105.800081407975,-41.3056277027369,4.6));
#14823=CARTESIAN_POINT('Origin',(65.0001504812088,-40.8056277027369,6.1));
#14824=CARTESIAN_POINT('',(65.5001504812088,-40.8056277027369,6.1));
#14825=CARTESIAN_POINT('Origin',(65.0001504812088,-40.8056277027369,6.1));
#14826=CARTESIAN_POINT('',(65.5001504812088,-40.8056277027369,4.6));
#14827=CARTESIAN_POINT('',(65.5001504812088,-40.8056277027369,6.1));
#14828=CARTESIAN_POINT('Origin',(65.0001504812088,-40.8056277027369,4.6));
#14829=CARTESIAN_POINT('Origin',(65.5001504812088,-27.8056277027369,6.1));
#14830=CARTESIAN_POINT('',(65.5001504812088,-27.8056277027369,6.1));
#14831=CARTESIAN_POINT('',(65.5001504812088,-45.3528136122048,6.1));
#14832=CARTESIAN_POINT('',(65.5001504812088,-27.8056277027369,4.6));
#14833=CARTESIAN_POINT('',(65.5001504812088,-27.8056277027369,6.1));
#14834=CARTESIAN_POINT('',(65.5001504812088,-45.3528136122048,4.6));
#14835=CARTESIAN_POINT('Origin',(65.0001504812088,-27.8056277027369,6.1));
#14836=CARTESIAN_POINT('',(65.0001504812088,-27.3056277027369,6.1));
#14837=CARTESIAN_POINT('Origin',(65.0001504812088,-27.8056277027369,6.1));
#14838=CARTESIAN_POINT('',(65.0001504812088,-27.3056277027369,4.6));
#14839=CARTESIAN_POINT('',(65.0001504812088,-27.3056277027369,6.1));
#14840=CARTESIAN_POINT('Origin',(65.0001504812088,-27.8056277027369,4.6));
#14841=CARTESIAN_POINT('Origin',(52.0001504812088,-27.3056277027369,6.1));
#14842=CARTESIAN_POINT('',(52.0001504812088,-27.3056277027369,6.1));
#14843=CARTESIAN_POINT('',(99.3000814079752,-27.3056277027369,6.1));
#14844=CARTESIAN_POINT('',(52.0001504812088,-27.3056277027369,4.6));
#14845=CARTESIAN_POINT('',(52.0001504812088,-27.3056277027369,6.1));
#14846=CARTESIAN_POINT('',(99.3000814079752,-27.3056277027369,4.6));
#14847=CARTESIAN_POINT('Origin',(52.0001504812088,-27.8056277027369,6.1));
#14848=CARTESIAN_POINT('Origin',(52.0001504812088,-27.8056277027369,6.1));
#14849=CARTESIAN_POINT('Origin',(52.0001504812088,-27.8056277027369,4.6));
#14850=CARTESIAN_POINT('Origin',(65.7876504812088,-78.9056277027369,6.1));
#14851=CARTESIAN_POINT('',(65.7876504812088,-78.9056277027369,6.1));
#14852=CARTESIAN_POINT('',(65.7876504812088,-65.9056277027369,6.1));
#14853=CARTESIAN_POINT('',(65.7876504812088,-70.9028136122048,6.1));
#14854=CARTESIAN_POINT('',(65.7876504812088,-78.9056277027369,4.6));
#14855=CARTESIAN_POINT('',(65.7876504812088,-78.9056277027369,6.1));
#14856=CARTESIAN_POINT('',(65.7876504812088,-65.9056277027369,4.6));
#14857=CARTESIAN_POINT('',(65.7876504812088,-70.9028136122048,4.6));
#14858=CARTESIAN_POINT('',(65.7876504812088,-65.9056277027369,6.1));
#14859=CARTESIAN_POINT('Origin',(66.2876504812088,-78.9056277027369,6.1));
#14860=CARTESIAN_POINT('',(66.2876504812088,-79.4056277027369,6.1));
#14861=CARTESIAN_POINT('Origin',(66.2876504812088,-78.9056277027369,6.1));
#14862=CARTESIAN_POINT('',(66.2876504812088,-79.4056277027369,4.6));
#14863=CARTESIAN_POINT('',(66.2876504812088,-79.4056277027369,6.1));
#14864=CARTESIAN_POINT('Origin',(66.2876504812088,-78.9056277027369,4.6));
#14865=CARTESIAN_POINT('Origin',(79.2876504812088,-79.4056277027369,6.1));
#14866=CARTESIAN_POINT('',(79.2876504812088,-79.4056277027369,6.1));
#14867=CARTESIAN_POINT('',(112.943831407975,-79.4056277027369,6.1));
#14868=CARTESIAN_POINT('',(79.2876504812088,-79.4056277027369,4.6));
#14869=CARTESIAN_POINT('',(79.2876504812088,-79.4056277027369,6.1));
#14870=CARTESIAN_POINT('',(112.943831407975,-79.4056277027369,4.6));
#14871=CARTESIAN_POINT('Origin',(79.2876504812088,-78.9056277027369,6.1));
#14872=CARTESIAN_POINT('',(79.7876504812088,-78.9056277027369,6.1));
#14873=CARTESIAN_POINT('Origin',(79.2876504812088,-78.9056277027369,6.1));
#14874=CARTESIAN_POINT('',(79.7876504812088,-78.9056277027369,4.6));
#14875=CARTESIAN_POINT('',(79.7876504812088,-78.9056277027369,6.1));
#14876=CARTESIAN_POINT('Origin',(79.2876504812088,-78.9056277027369,4.6));
#14877=CARTESIAN_POINT('Origin',(79.7876504812088,-65.9056277027369,6.1));
#14878=CARTESIAN_POINT('',(79.7876504812088,-65.9056277027369,6.1));
#14879=CARTESIAN_POINT('',(79.7876504812088,-64.4028136122048,6.1));
#14880=CARTESIAN_POINT('',(79.7876504812088,-65.9056277027369,4.6));
#14881=CARTESIAN_POINT('',(79.7876504812088,-65.9056277027369,6.1));
#14882=CARTESIAN_POINT('',(79.7876504812088,-64.4028136122048,4.6));
#14883=CARTESIAN_POINT('Origin',(79.2876504812088,-65.9056277027369,6.1));
#14884=CARTESIAN_POINT('',(79.2876504812088,-65.4056277027369,6.1));
#14885=CARTESIAN_POINT('Origin',(79.2876504812088,-65.9056277027369,6.1));
#14886=CARTESIAN_POINT('',(79.2876504812088,-65.4056277027369,4.6));
#14887=CARTESIAN_POINT('',(79.2876504812088,-65.4056277027369,6.1));
#14888=CARTESIAN_POINT('Origin',(79.2876504812088,-65.9056277027369,4.6));
#14889=CARTESIAN_POINT('Origin',(66.2876504812088,-65.4056277027369,6.1));
#14890=CARTESIAN_POINT('',(66.2876504812088,-65.4056277027369,6.1));
#14891=CARTESIAN_POINT('',(106.443831407975,-65.4056277027369,6.1));
#14892=CARTESIAN_POINT('',(66.2876504812088,-65.4056277027369,4.6));
#14893=CARTESIAN_POINT('',(66.2876504812088,-65.4056277027369,6.1));
#14894=CARTESIAN_POINT('',(106.443831407975,-65.4056277027369,4.6));
#14895=CARTESIAN_POINT('Origin',(66.2876504812088,-65.9056277027369,6.1));
#14896=CARTESIAN_POINT('Origin',(66.2876504812088,-65.9056277027369,6.1));
#14897=CARTESIAN_POINT('Origin',(66.2876504812088,-65.9056277027369,4.6));
#14898=CARTESIAN_POINT('Origin',(196.756400481209,-97.9556277027369,6.1));
#14899=CARTESIAN_POINT('',(196.756400481209,-97.9556277027369,6.1));
#14900=CARTESIAN_POINT('',(196.756400481209,-84.9556277027369,6.1));
#14901=CARTESIAN_POINT('',(196.756400481209,-80.4278136122048,6.1));
#14902=CARTESIAN_POINT('',(196.756400481209,-97.9556277027369,4.6));
#14903=CARTESIAN_POINT('',(196.756400481209,-97.9556277027369,6.1));
#14904=CARTESIAN_POINT('',(196.756400481209,-84.9556277027369,4.6));
#14905=CARTESIAN_POINT('',(196.756400481209,-80.4278136122048,4.6));
#14906=CARTESIAN_POINT('',(196.756400481209,-84.9556277027369,6.1));
#14907=CARTESIAN_POINT('Origin',(197.256400481209,-97.9556277027369,6.1));
#14908=CARTESIAN_POINT('',(197.256400481209,-98.4556277027369,6.1));
#14909=CARTESIAN_POINT('Origin',(197.256400481209,-97.9556277027369,6.1));
#14910=CARTESIAN_POINT('',(197.256400481209,-98.4556277027369,4.6));
#14911=CARTESIAN_POINT('',(197.256400481209,-98.4556277027369,6.1));
#14912=CARTESIAN_POINT('Origin',(197.256400481209,-97.9556277027369,4.6));
#14913=CARTESIAN_POINT('Origin',(210.256400481209,-98.4556277027369,6.1));
#14914=CARTESIAN_POINT('',(210.256400481209,-98.4556277027369,6.1));
#14915=CARTESIAN_POINT('',(178.428206407975,-98.4556277027369,6.1));
#14916=CARTESIAN_POINT('',(210.256400481209,-98.4556277027369,4.6));
#14917=CARTESIAN_POINT('',(210.256400481209,-98.4556277027369,6.1));
#14918=CARTESIAN_POINT('',(178.428206407975,-98.4556277027369,4.6));
#14919=CARTESIAN_POINT('Origin',(210.256400481209,-97.9556277027369,6.1));
#14920=CARTESIAN_POINT('',(210.756400481209,-97.9556277027369,6.1));
#14921=CARTESIAN_POINT('Origin',(210.256400481209,-97.9556277027369,6.1));
#14922=CARTESIAN_POINT('',(210.756400481209,-97.9556277027369,4.6));
#14923=CARTESIAN_POINT('',(210.756400481209,-97.9556277027369,6.1));
#14924=CARTESIAN_POINT('Origin',(210.256400481209,-97.9556277027369,4.6));
#14925=CARTESIAN_POINT('Origin',(210.756400481209,-84.9556277027369,6.1));
#14926=CARTESIAN_POINT('',(210.756400481209,-84.9556277027369,6.1));
#14927=CARTESIAN_POINT('',(210.756400481209,-73.9278136122048,6.1));
#14928=CARTESIAN_POINT('',(210.756400481209,-84.9556277027369,4.6));
#14929=CARTESIAN_POINT('',(210.756400481209,-84.9556277027369,6.1));
#14930=CARTESIAN_POINT('',(210.756400481209,-73.9278136122048,4.6));
#14931=CARTESIAN_POINT('Origin',(210.256400481209,-84.9556277027369,6.1));
#14932=CARTESIAN_POINT('',(210.256400481209,-84.4556277027369,6.1));
#14933=CARTESIAN_POINT('Origin',(210.256400481209,-84.9556277027369,6.1));
#14934=CARTESIAN_POINT('',(210.256400481209,-84.4556277027369,4.6));
#14935=CARTESIAN_POINT('',(210.256400481209,-84.4556277027369,6.1));
#14936=CARTESIAN_POINT('Origin',(210.256400481209,-84.9556277027369,4.6));
#14937=CARTESIAN_POINT('Origin',(197.256400481209,-84.4556277027369,6.1));
#14938=CARTESIAN_POINT('',(197.256400481209,-84.4556277027369,6.1));
#14939=CARTESIAN_POINT('',(171.928206407975,-84.4556277027369,6.1));
#14940=CARTESIAN_POINT('',(197.256400481209,-84.4556277027369,4.6));
#14941=CARTESIAN_POINT('',(197.256400481209,-84.4556277027369,6.1));
#14942=CARTESIAN_POINT('',(171.928206407975,-84.4556277027369,4.6));
#14943=CARTESIAN_POINT('Origin',(197.256400481209,-84.9556277027369,6.1));
#14944=CARTESIAN_POINT('Origin',(197.256400481209,-84.9556277027369,6.1));
#14945=CARTESIAN_POINT('Origin',(197.256400481209,-84.9556277027369,4.6));
#14946=CARTESIAN_POINT('Origin',(139.606400481209,-97.9556277027369,6.1));
#14947=CARTESIAN_POINT('',(139.606400481209,-97.9556277027369,6.1));
#14948=CARTESIAN_POINT('',(139.606400481209,-84.9556277027369,6.1));
#14949=CARTESIAN_POINT('',(139.606400481209,-80.4278136122048,6.1));
#14950=CARTESIAN_POINT('',(139.606400481209,-97.9556277027369,4.6));
#14951=CARTESIAN_POINT('',(139.606400481209,-97.9556277027369,6.1));
#14952=CARTESIAN_POINT('',(139.606400481209,-84.9556277027369,4.6));
#14953=CARTESIAN_POINT('',(139.606400481209,-80.4278136122048,4.6));
#14954=CARTESIAN_POINT('',(139.606400481209,-84.9556277027369,6.1));
#14955=CARTESIAN_POINT('Origin',(140.106400481209,-97.9556277027369,6.1));
#14956=CARTESIAN_POINT('',(140.106400481209,-98.4556277027369,6.1));
#14957=CARTESIAN_POINT('Origin',(140.106400481209,-97.9556277027369,6.1));
#14958=CARTESIAN_POINT('',(140.106400481209,-98.4556277027369,4.6));
#14959=CARTESIAN_POINT('',(140.106400481209,-98.4556277027369,6.1));
#14960=CARTESIAN_POINT('Origin',(140.106400481209,-97.9556277027369,4.6));
#14961=CARTESIAN_POINT('Origin',(153.106400481209,-98.4556277027369,6.1));
#14962=CARTESIAN_POINT('',(153.106400481209,-98.4556277027369,6.1));
#14963=CARTESIAN_POINT('',(149.853206407975,-98.4556277027369,6.1));
#14964=CARTESIAN_POINT('',(153.106400481209,-98.4556277027369,4.6));
#14965=CARTESIAN_POINT('',(153.106400481209,-98.4556277027369,6.1));
#14966=CARTESIAN_POINT('',(149.853206407975,-98.4556277027369,4.6));
#14967=CARTESIAN_POINT('Origin',(153.106400481209,-97.9556277027369,6.1));
#14968=CARTESIAN_POINT('',(153.606400481209,-97.9556277027369,6.1));
#14969=CARTESIAN_POINT('Origin',(153.106400481209,-97.9556277027369,6.1));
#14970=CARTESIAN_POINT('',(153.606400481209,-97.9556277027369,4.6));
#14971=CARTESIAN_POINT('',(153.606400481209,-97.9556277027369,6.1));
#14972=CARTESIAN_POINT('Origin',(153.106400481209,-97.9556277027369,4.6));
#14973=CARTESIAN_POINT('Origin',(153.606400481209,-84.9556277027369,6.1));
#14974=CARTESIAN_POINT('',(153.606400481209,-84.9556277027369,6.1));
#14975=CARTESIAN_POINT('',(153.606400481209,-73.9278136122048,6.1));
#14976=CARTESIAN_POINT('',(153.606400481209,-84.9556277027369,4.6));
#14977=CARTESIAN_POINT('',(153.606400481209,-84.9556277027369,6.1));
#14978=CARTESIAN_POINT('',(153.606400481209,-73.9278136122048,4.6));
#14979=CARTESIAN_POINT('Origin',(153.106400481209,-84.9556277027369,6.1));
#14980=CARTESIAN_POINT('',(153.106400481209,-84.4556277027369,6.1));
#14981=CARTESIAN_POINT('Origin',(153.106400481209,-84.9556277027369,6.1));
#14982=CARTESIAN_POINT('',(153.106400481209,-84.4556277027369,4.6));
#14983=CARTESIAN_POINT('',(153.106400481209,-84.4556277027369,6.1));
#14984=CARTESIAN_POINT('Origin',(153.106400481209,-84.9556277027369,4.6));
#14985=CARTESIAN_POINT('Origin',(140.106400481209,-84.4556277027369,6.1));
#14986=CARTESIAN_POINT('',(140.106400481209,-84.4556277027369,6.1));
#14987=CARTESIAN_POINT('',(143.353206407975,-84.4556277027369,6.1));
#14988=CARTESIAN_POINT('',(140.106400481209,-84.4556277027369,4.6));
#14989=CARTESIAN_POINT('',(140.106400481209,-84.4556277027369,6.1));
#14990=CARTESIAN_POINT('',(143.353206407975,-84.4556277027369,4.6));
#14991=CARTESIAN_POINT('Origin',(140.106400481209,-84.9556277027369,6.1));
#14992=CARTESIAN_POINT('Origin',(140.106400481209,-84.9556277027369,6.1));
#14993=CARTESIAN_POINT('Origin',(140.106400481209,-84.9556277027369,4.6));
#14994=CARTESIAN_POINT('Origin',(109.343400481209,-98.4556277027369,6.1));
#14995=CARTESIAN_POINT('',(109.343400481209,-98.4556277027369,6.1));
#14996=CARTESIAN_POINT('',(109.093400481209,-98.4556277027369,6.1));
#14997=CARTESIAN_POINT('',(127.971706407976,-98.4556277027362,6.1));
#14998=CARTESIAN_POINT('',(109.343400481209,-98.4556277027369,4.6));
#14999=CARTESIAN_POINT('',(109.343400481209,-98.4556277027369,6.1));
#15000=CARTESIAN_POINT('',(109.093400481209,-98.4556277027369,4.6));
#15001=CARTESIAN_POINT('',(127.971706407976,-98.4556277027362,4.6));
#15002=CARTESIAN_POINT('',(109.093400481209,-98.4556277027369,6.1));
#15003=CARTESIAN_POINT('Origin',(109.343400481209,-97.9556277027369,6.1));
#15004=CARTESIAN_POINT('',(109.843400481209,-97.9556277027369,6.1));
#15005=CARTESIAN_POINT('Origin',(109.343400481209,-97.9556277027369,6.1));
#15006=CARTESIAN_POINT('',(109.843400481209,-97.9556277027369,4.6));
#15007=CARTESIAN_POINT('',(109.843400481209,-97.9556277027369,6.1));
#15008=CARTESIAN_POINT('Origin',(109.343400481209,-97.9556277027369,4.6));
#15009=CARTESIAN_POINT('Origin',(109.843400481209,-84.9556277027369,6.1));
#15010=CARTESIAN_POINT('',(109.843400481209,-84.9556277027369,6.1));
#15011=CARTESIAN_POINT('',(109.843400481209,-73.9278136122048,6.1));
#15012=CARTESIAN_POINT('',(109.843400481209,-84.9556277027369,4.6));
#15013=CARTESIAN_POINT('',(109.843400481209,-84.9556277027369,6.1));
#15014=CARTESIAN_POINT('',(109.843400481209,-73.9278136122048,4.6));
#15015=CARTESIAN_POINT('Origin',(109.343400481209,-84.9556277027369,6.1));
#15016=CARTESIAN_POINT('',(109.343400481209,-84.4556277027369,6.1));
#15017=CARTESIAN_POINT('Origin',(109.343400481209,-84.9556277027369,6.1));
#15018=CARTESIAN_POINT('',(109.343400481209,-84.4556277027369,4.6));
#15019=CARTESIAN_POINT('',(109.343400481209,-84.4556277027369,6.1));
#15020=CARTESIAN_POINT('Origin',(109.343400481209,-84.9556277027369,4.6));
#15021=CARTESIAN_POINT('Origin',(109.093400481209,-84.4556277027369,6.1));
#15022=CARTESIAN_POINT('',(109.093400481209,-84.4556277027369,6.1));
#15023=CARTESIAN_POINT('',(127.846706407975,-84.4556277027369,6.1));
#15024=CARTESIAN_POINT('',(109.093400481209,-84.4556277027369,4.6));
#15025=CARTESIAN_POINT('',(109.093400481209,-84.4556277027369,6.1));
#15026=CARTESIAN_POINT('',(127.846706407975,-84.4556277027369,4.6));
#15027=CARTESIAN_POINT('Origin',(109.093400481209,-83.9556277027369,6.1));
#15028=CARTESIAN_POINT('',(108.593400481209,-83.9556277027369,6.1));
#15029=CARTESIAN_POINT('Origin',(109.093400481209,-83.9556277027369,6.1));
#15030=CARTESIAN_POINT('',(108.593400481209,-83.9556277027369,4.6));
#15031=CARTESIAN_POINT('',(108.593400481209,-83.9556277027369,6.1));
#15032=CARTESIAN_POINT('Origin',(109.093400481209,-83.9556277027369,4.6));
#15033=CARTESIAN_POINT('Origin',(108.593400481209,-83.4556277027369,6.1));
#15034=CARTESIAN_POINT('',(108.593400481209,-83.4556277027369,6.1));
#15035=CARTESIAN_POINT('',(108.593400481209,-73.1778136122048,6.1));
#15036=CARTESIAN_POINT('',(108.593400481209,-83.4556277027369,4.6));
#15037=CARTESIAN_POINT('',(108.593400481209,-83.4556277027369,6.1));
#15038=CARTESIAN_POINT('',(108.593400481209,-73.1778136122048,4.6));
#15039=CARTESIAN_POINT('Origin',(108.093400481209,-83.4556277027369,6.1));
#15040=CARTESIAN_POINT('',(108.093400481209,-82.9556277027369,6.1));
#15041=CARTESIAN_POINT('Origin',(108.093400481209,-83.4556277027369,6.1));
#15042=CARTESIAN_POINT('',(108.093400481209,-82.9556277027369,4.6));
#15043=CARTESIAN_POINT('',(108.093400481209,-82.9556277027369,6.1));
#15044=CARTESIAN_POINT('Origin',(108.093400481209,-83.4556277027369,4.6));
#15045=CARTESIAN_POINT('Origin',(104.093400481209,-82.9556277027369,6.1));
#15046=CARTESIAN_POINT('',(104.093400481209,-82.9556277027369,6.1));
#15047=CARTESIAN_POINT('',(125.346706407975,-82.9556277027369,6.1));
#15048=CARTESIAN_POINT('',(104.093400481209,-82.9556277027369,4.6));
#15049=CARTESIAN_POINT('',(104.093400481209,-82.9556277027369,6.1));
#15050=CARTESIAN_POINT('',(125.346706407975,-82.9556277027369,4.6));
#15051=CARTESIAN_POINT('Origin',(104.093400481209,-83.4556277027369,6.1));
#15052=CARTESIAN_POINT('',(103.593400481209,-83.4556277027369,6.1));
#15053=CARTESIAN_POINT('Origin',(104.093400481209,-83.4556277027369,6.1));
#15054=CARTESIAN_POINT('',(103.593400481209,-83.4556277027369,4.6));
#15055=CARTESIAN_POINT('',(103.593400481209,-83.4556277027369,6.1));
#15056=CARTESIAN_POINT('Origin',(104.093400481209,-83.4556277027369,4.6));
#15057=CARTESIAN_POINT('Origin',(103.593400481209,-83.9556277027369,6.1));
#15058=CARTESIAN_POINT('',(103.593400481209,-83.9556277027369,6.1));
#15059=CARTESIAN_POINT('',(103.593400481209,-73.4278136122048,6.1));
#15060=CARTESIAN_POINT('',(103.593400481209,-83.9556277027369,4.6));
#15061=CARTESIAN_POINT('',(103.593400481209,-83.9556277027369,6.1));
#15062=CARTESIAN_POINT('',(103.593400481209,-73.4278136122048,4.6));
#15063=CARTESIAN_POINT('Origin',(103.093400481209,-83.9556277027369,6.1));
#15064=CARTESIAN_POINT('',(103.093400481209,-84.4556277027369,6.1));
#15065=CARTESIAN_POINT('Origin',(103.093400481209,-83.9556277027369,6.1));
#15066=CARTESIAN_POINT('',(103.093400481209,-84.4556277027369,4.6));
#15067=CARTESIAN_POINT('',(103.093400481209,-84.4556277027369,6.1));
#15068=CARTESIAN_POINT('Origin',(103.093400481209,-83.9556277027369,4.6));
#15069=CARTESIAN_POINT('Origin',(102.843400481209,-84.4556277027369,6.1));
#15070=CARTESIAN_POINT('',(102.843400481209,-84.4556277027369,6.1));
#15071=CARTESIAN_POINT('',(124.721706407975,-84.4556277027369,6.1));
#15072=CARTESIAN_POINT('',(102.843400481209,-84.4556277027369,4.6));
#15073=CARTESIAN_POINT('',(102.843400481209,-84.4556277027369,6.1));
#15074=CARTESIAN_POINT('',(124.721706407975,-84.4556277027369,4.6));
#15075=CARTESIAN_POINT('Origin',(102.843400481209,-84.9556277027369,6.1));
#15076=CARTESIAN_POINT('',(102.343400481209,-84.9556277027369,6.1));
#15077=CARTESIAN_POINT('Origin',(102.843400481209,-84.9556277027369,6.1));
#15078=CARTESIAN_POINT('',(102.343400481209,-84.9556277027369,4.6));
#15079=CARTESIAN_POINT('',(102.343400481209,-84.9556277027369,6.1));
#15080=CARTESIAN_POINT('Origin',(102.843400481209,-84.9556277027369,4.6));
#15081=CARTESIAN_POINT('Origin',(102.343400481209,-97.9556277027369,6.1));
#15082=CARTESIAN_POINT('',(102.343400481209,-97.9556277027369,6.1));
#15083=CARTESIAN_POINT('',(102.343400481209,-80.4278136122048,6.1));
#15084=CARTESIAN_POINT('',(102.343400481209,-97.9556277027369,4.6));
#15085=CARTESIAN_POINT('',(102.343400481209,-97.9556277027369,6.1));
#15086=CARTESIAN_POINT('',(102.343400481209,-80.4278136122048,4.6));
#15087=CARTESIAN_POINT('Origin',(102.843400481209,-97.9556277027369,6.1));
#15088=CARTESIAN_POINT('',(102.843400481209,-98.4556277027369,6.1));
#15089=CARTESIAN_POINT('Origin',(102.843400481209,-97.9556277027369,6.1));
#15090=CARTESIAN_POINT('',(102.843400481209,-98.4556277027369,4.6));
#15091=CARTESIAN_POINT('',(102.843400481209,-98.4556277027369,6.1));
#15092=CARTESIAN_POINT('Origin',(102.843400481209,-97.9556277027369,4.6));
#15093=CARTESIAN_POINT('Origin',(103.093400481209,-98.4556277027369,6.1));
#15094=CARTESIAN_POINT('',(103.093400481209,-98.4556277027369,6.1));
#15095=CARTESIAN_POINT('',(124.846706407975,-98.4556277027369,6.1));
#15096=CARTESIAN_POINT('',(103.093400481209,-98.4556277027369,4.6));
#15097=CARTESIAN_POINT('',(103.093400481209,-98.4556277027369,6.1));
#15098=CARTESIAN_POINT('',(124.846706407975,-98.4556277027369,4.6));
#15099=CARTESIAN_POINT('Origin',(103.093400481209,-98.9556277027369,6.1));
#15100=CARTESIAN_POINT('',(103.593400481209,-98.9556277027369,6.1));
#15101=CARTESIAN_POINT('Origin',(103.093400481209,-98.9556277027369,6.1));
#15102=CARTESIAN_POINT('',(103.593400481209,-98.9556277027369,4.6));
#15103=CARTESIAN_POINT('',(103.593400481209,-98.9556277027369,6.1));
#15104=CARTESIAN_POINT('Origin',(103.093400481209,-98.9556277027369,4.6));
#15105=CARTESIAN_POINT('Origin',(103.593400481209,-99.4556277027369,6.1));
#15106=CARTESIAN_POINT('',(103.593400481209,-99.4556277027369,6.1));
#15107=CARTESIAN_POINT('',(103.593400481209,-81.1778136122048,6.1));
#15108=CARTESIAN_POINT('',(103.593400481209,-99.4556277027369,4.6));
#15109=CARTESIAN_POINT('',(103.593400481209,-99.4556277027369,6.1));
#15110=CARTESIAN_POINT('',(103.593400481209,-81.1778136122048,4.6));
#15111=CARTESIAN_POINT('Origin',(104.093400481209,-99.4556277027369,6.1));
#15112=CARTESIAN_POINT('',(104.093400481209,-99.9556277027369,6.1));
#15113=CARTESIAN_POINT('Origin',(104.093400481209,-99.4556277027369,6.1));
#15114=CARTESIAN_POINT('',(104.093400481209,-99.9556277027369,4.6));
#15115=CARTESIAN_POINT('',(104.093400481209,-99.9556277027369,6.1));
#15116=CARTESIAN_POINT('Origin',(104.093400481209,-99.4556277027369,4.6));
#15117=CARTESIAN_POINT('Origin',(108.093400481209,-99.9556277027369,6.1));
#15118=CARTESIAN_POINT('',(108.093400481209,-99.9556277027369,6.1));
#15119=CARTESIAN_POINT('',(127.346706407975,-99.9556277027369,6.1));
#15120=CARTESIAN_POINT('',(108.093400481209,-99.9556277027369,4.6));
#15121=CARTESIAN_POINT('',(108.093400481209,-99.9556277027369,6.1));
#15122=CARTESIAN_POINT('',(127.346706407975,-99.9556277027369,4.6));
#15123=CARTESIAN_POINT('Origin',(108.093400481209,-99.4556277027369,6.1));
#15124=CARTESIAN_POINT('',(108.593400481209,-99.4556277027369,6.1));
#15125=CARTESIAN_POINT('Origin',(108.093400481209,-99.4556277027369,6.1));
#15126=CARTESIAN_POINT('',(108.593400481209,-99.4556277027369,4.6));
#15127=CARTESIAN_POINT('',(108.593400481209,-99.4556277027369,6.1));
#15128=CARTESIAN_POINT('Origin',(108.093400481209,-99.4556277027369,4.6));
#15129=CARTESIAN_POINT('Origin',(108.593400481209,-98.9556277027369,6.1));
#15130=CARTESIAN_POINT('',(108.593400481209,-98.9556277027369,6.1));
#15131=CARTESIAN_POINT('',(108.593400481209,-80.9278136122048,6.1));
#15132=CARTESIAN_POINT('',(108.593400481209,-98.9556277027369,4.6));
#15133=CARTESIAN_POINT('',(108.593400481209,-98.9556277027369,6.1));
#15134=CARTESIAN_POINT('',(108.593400481209,-80.9278136122048,4.6));
#15135=CARTESIAN_POINT('Origin',(109.093400481209,-98.9556277027369,6.1));
#15136=CARTESIAN_POINT('Origin',(109.093400481209,-98.9556277027369,6.1));
#15137=CARTESIAN_POINT('Origin',(109.093400481209,-98.9556277027369,4.6));
#15138=CARTESIAN_POINT('Origin',(165.243400481209,-83.4556277027369,6.1));
#15139=CARTESIAN_POINT('',(165.243400481209,-82.9556277027369,6.1));
#15140=CARTESIAN_POINT('',(165.743400481209,-83.4556277027369,6.1));
#15141=CARTESIAN_POINT('Origin',(165.243400481209,-83.4556277027369,6.1));
#15142=CARTESIAN_POINT('',(165.243400481209,-82.9556277027369,4.6));
#15143=CARTESIAN_POINT('',(165.243400481209,-82.9556277027369,6.1));
#15144=CARTESIAN_POINT('',(165.743400481209,-83.4556277027369,4.6));
#15145=CARTESIAN_POINT('Origin',(165.243400481209,-83.4556277027369,4.6));
#15146=CARTESIAN_POINT('',(165.743400481209,-83.4556277027369,6.1));
#15147=CARTESIAN_POINT('Origin',(161.243400481209,-82.9556277027369,6.1));
#15148=CARTESIAN_POINT('',(161.243400481209,-82.9556277027369,6.1));
#15149=CARTESIAN_POINT('',(153.921706407975,-82.9556277027369,6.1));
#15150=CARTESIAN_POINT('',(161.243400481209,-82.9556277027369,4.6));
#15151=CARTESIAN_POINT('',(161.243400481209,-82.9556277027369,6.1));
#15152=CARTESIAN_POINT('',(153.921706407975,-82.9556277027369,4.6));
#15153=CARTESIAN_POINT('Origin',(161.243400481209,-83.4556277027369,6.1));
#15154=CARTESIAN_POINT('',(160.743400481209,-83.4556277027369,6.1));
#15155=CARTESIAN_POINT('Origin',(161.243400481209,-83.4556277027369,6.1));
#15156=CARTESIAN_POINT('',(160.743400481209,-83.4556277027369,4.6));
#15157=CARTESIAN_POINT('',(160.743400481209,-83.4556277027369,6.1));
#15158=CARTESIAN_POINT('Origin',(161.243400481209,-83.4556277027369,4.6));
#15159=CARTESIAN_POINT('Origin',(160.743400481209,-83.9556277027369,6.1));
#15160=CARTESIAN_POINT('',(160.743400481209,-83.9556277027369,6.1));
#15161=CARTESIAN_POINT('',(160.743400481209,-73.4278136122048,6.1));
#15162=CARTESIAN_POINT('',(160.743400481209,-83.9556277027369,4.6));
#15163=CARTESIAN_POINT('',(160.743400481209,-83.9556277027369,6.1));
#15164=CARTESIAN_POINT('',(160.743400481209,-73.4278136122048,4.6));
#15165=CARTESIAN_POINT('Origin',(160.243400481209,-83.9556277027369,6.1));
#15166=CARTESIAN_POINT('',(160.243400481209,-84.4556277027369,6.1));
#15167=CARTESIAN_POINT('Origin',(160.243400481209,-83.9556277027369,6.1));
#15168=CARTESIAN_POINT('',(160.243400481209,-84.4556277027369,4.6));
#15169=CARTESIAN_POINT('',(160.243400481209,-84.4556277027369,6.1));
#15170=CARTESIAN_POINT('Origin',(160.243400481209,-83.9556277027369,4.6));
#15171=CARTESIAN_POINT('Origin',(159.993400481209,-84.4556277027369,6.1));
#15172=CARTESIAN_POINT('',(159.993400481209,-84.4556277027369,6.1));
#15173=CARTESIAN_POINT('',(153.296706407975,-84.4556277027369,6.1));
#15174=CARTESIAN_POINT('',(159.993400481209,-84.4556277027369,4.6));
#15175=CARTESIAN_POINT('',(159.993400481209,-84.4556277027369,6.1));
#15176=CARTESIAN_POINT('',(153.296706407975,-84.4556277027369,4.6));
#15177=CARTESIAN_POINT('Origin',(159.993400481209,-84.9556277027369,6.1));
#15178=CARTESIAN_POINT('',(159.493400481209,-84.9556277027369,6.1));
#15179=CARTESIAN_POINT('Origin',(159.993400481209,-84.9556277027369,6.1));
#15180=CARTESIAN_POINT('',(159.493400481209,-84.9556277027369,4.6));
#15181=CARTESIAN_POINT('',(159.493400481209,-84.9556277027369,6.1));
#15182=CARTESIAN_POINT('Origin',(159.993400481209,-84.9556277027369,4.6));
#15183=CARTESIAN_POINT('Origin',(159.493400481209,-97.9556277027369,6.1));
#15184=CARTESIAN_POINT('',(159.493400481209,-97.9556277027369,6.1));
#15185=CARTESIAN_POINT('',(159.493400481209,-80.4278136122048,6.1));
#15186=CARTESIAN_POINT('',(159.493400481209,-97.9556277027369,4.6));
#15187=CARTESIAN_POINT('',(159.493400481209,-97.9556277027369,6.1));
#15188=CARTESIAN_POINT('',(159.493400481209,-80.4278136122048,4.6));
#15189=CARTESIAN_POINT('Origin',(159.993400481209,-97.9556277027369,6.1));
#15190=CARTESIAN_POINT('',(159.993400481209,-98.4556277027369,6.1));
#15191=CARTESIAN_POINT('Origin',(159.993400481209,-97.9556277027369,6.1));
#15192=CARTESIAN_POINT('',(159.993400481209,-98.4556277027369,4.6));
#15193=CARTESIAN_POINT('',(159.993400481209,-98.4556277027369,6.1));
#15194=CARTESIAN_POINT('Origin',(159.993400481209,-97.9556277027369,4.6));
#15195=CARTESIAN_POINT('Origin',(160.243400481209,-98.4556277027369,6.1));
#15196=CARTESIAN_POINT('',(160.243400481209,-98.4556277027369,6.1));
#15197=CARTESIAN_POINT('',(153.421706407975,-98.4556277027369,6.1));
#15198=CARTESIAN_POINT('',(160.243400481209,-98.4556277027369,4.6));
#15199=CARTESIAN_POINT('',(160.243400481209,-98.4556277027369,6.1));
#15200=CARTESIAN_POINT('',(153.421706407975,-98.4556277027369,4.6));
#15201=CARTESIAN_POINT('Origin',(160.243400481209,-98.9556277027369,6.1));
#15202=CARTESIAN_POINT('',(160.743400481209,-98.9556277027369,6.1));
#15203=CARTESIAN_POINT('Origin',(160.243400481209,-98.9556277027369,6.1));
#15204=CARTESIAN_POINT('',(160.743400481209,-98.9556277027369,4.6));
#15205=CARTESIAN_POINT('',(160.743400481209,-98.9556277027369,6.1));
#15206=CARTESIAN_POINT('Origin',(160.243400481209,-98.9556277027369,4.6));
#15207=CARTESIAN_POINT('Origin',(160.743400481209,-99.4556277027369,6.1));
#15208=CARTESIAN_POINT('',(160.743400481209,-99.4556277027369,6.1));
#15209=CARTESIAN_POINT('',(160.743400481209,-81.1778136122048,6.1));
#15210=CARTESIAN_POINT('',(160.743400481209,-99.4556277027369,4.6));
#15211=CARTESIAN_POINT('',(160.743400481209,-99.4556277027369,6.1));
#15212=CARTESIAN_POINT('',(160.743400481209,-81.1778136122048,4.6));
#15213=CARTESIAN_POINT('Origin',(161.243400481209,-99.4556277027369,6.1));
#15214=CARTESIAN_POINT('',(161.243400481209,-99.9556277027369,6.1));
#15215=CARTESIAN_POINT('Origin',(161.243400481209,-99.4556277027369,6.1));
#15216=CARTESIAN_POINT('',(161.243400481209,-99.9556277027369,4.6));
#15217=CARTESIAN_POINT('',(161.243400481209,-99.9556277027369,6.1));
#15218=CARTESIAN_POINT('Origin',(161.243400481209,-99.4556277027369,4.6));
#15219=CARTESIAN_POINT('Origin',(165.243400481209,-99.9556277027369,6.1));
#15220=CARTESIAN_POINT('',(165.243400481209,-99.9556277027369,6.1));
#15221=CARTESIAN_POINT('',(155.921706407975,-99.9556277027369,6.1));
#15222=CARTESIAN_POINT('',(165.243400481209,-99.9556277027369,4.6));
#15223=CARTESIAN_POINT('',(165.243400481209,-99.9556277027369,6.1));
#15224=CARTESIAN_POINT('',(155.921706407975,-99.9556277027369,4.6));
#15225=CARTESIAN_POINT('Origin',(165.243400481209,-99.4556277027369,6.1));
#15226=CARTESIAN_POINT('',(165.743400481209,-99.4556277027369,6.1));
#15227=CARTESIAN_POINT('Origin',(165.243400481209,-99.4556277027369,6.1));
#15228=CARTESIAN_POINT('',(165.743400481209,-99.4556277027369,4.6));
#15229=CARTESIAN_POINT('',(165.743400481209,-99.4556277027369,6.1));
#15230=CARTESIAN_POINT('Origin',(165.243400481209,-99.4556277027369,4.6));
#15231=CARTESIAN_POINT('Origin',(165.743400481209,-98.9556277027369,6.1));
#15232=CARTESIAN_POINT('',(165.743400481209,-98.9556277027369,6.1));
#15233=CARTESIAN_POINT('',(165.743400481209,-80.9278136122048,6.1));
#15234=CARTESIAN_POINT('',(165.743400481209,-98.9556277027369,4.6));
#15235=CARTESIAN_POINT('',(165.743400481209,-98.9556277027369,6.1));
#15236=CARTESIAN_POINT('',(165.743400481209,-80.9278136122048,4.6));
#15237=CARTESIAN_POINT('Origin',(166.243400481209,-98.9556277027369,6.1));
#15238=CARTESIAN_POINT('',(166.243400481209,-98.4556277027369,6.1));
#15239=CARTESIAN_POINT('Origin',(166.243400481209,-98.9556277027369,6.1));
#15240=CARTESIAN_POINT('',(166.243400481209,-98.4556277027369,4.6));
#15241=CARTESIAN_POINT('',(166.243400481209,-98.4556277027369,6.1));
#15242=CARTESIAN_POINT('Origin',(166.243400481209,-98.9556277027369,4.6));
#15243=CARTESIAN_POINT('Origin',(166.493400481209,-98.4556277027369,6.1));
#15244=CARTESIAN_POINT('',(166.493400481209,-98.4556277027369,6.1));
#15245=CARTESIAN_POINT('',(156.546706407976,-98.4556277027372,6.1));
#15246=CARTESIAN_POINT('',(166.493400481209,-98.4556277027369,4.6));
#15247=CARTESIAN_POINT('',(166.493400481209,-98.4556277027369,6.1));
#15248=CARTESIAN_POINT('',(156.546706407976,-98.4556277027372,4.6));
#15249=CARTESIAN_POINT('Origin',(166.493400481209,-97.9556277027369,6.1));
#15250=CARTESIAN_POINT('',(166.993400481209,-97.9556277027369,6.1));
#15251=CARTESIAN_POINT('Origin',(166.493400481209,-97.9556277027369,6.1));
#15252=CARTESIAN_POINT('',(166.993400481209,-97.9556277027369,4.6));
#15253=CARTESIAN_POINT('',(166.993400481209,-97.9556277027369,6.1));
#15254=CARTESIAN_POINT('Origin',(166.493400481209,-97.9556277027369,4.6));
#15255=CARTESIAN_POINT('Origin',(166.993400481209,-84.9556277027369,6.1));
#15256=CARTESIAN_POINT('',(166.993400481209,-84.9556277027369,6.1));
#15257=CARTESIAN_POINT('',(166.993400481209,-73.9278136122048,6.1));
#15258=CARTESIAN_POINT('',(166.993400481209,-84.9556277027369,4.6));
#15259=CARTESIAN_POINT('',(166.993400481209,-84.9556277027369,6.1));
#15260=CARTESIAN_POINT('',(166.993400481209,-73.9278136122048,4.6));
#15261=CARTESIAN_POINT('Origin',(166.493400481209,-84.9556277027369,6.1));
#15262=CARTESIAN_POINT('',(166.493400481209,-84.4556277027369,6.1));
#15263=CARTESIAN_POINT('Origin',(166.493400481209,-84.9556277027369,6.1));
#15264=CARTESIAN_POINT('',(166.493400481209,-84.4556277027369,4.6));
#15265=CARTESIAN_POINT('',(166.493400481209,-84.4556277027369,6.1));
#15266=CARTESIAN_POINT('Origin',(166.493400481209,-84.9556277027369,4.6));
#15267=CARTESIAN_POINT('Origin',(166.243400481209,-84.4556277027369,6.1));
#15268=CARTESIAN_POINT('',(166.243400481209,-84.4556277027369,6.1));
#15269=CARTESIAN_POINT('',(156.421706407975,-84.4556277027369,6.1));
#15270=CARTESIAN_POINT('',(166.243400481209,-84.4556277027369,4.6));
#15271=CARTESIAN_POINT('',(166.243400481209,-84.4556277027369,6.1));
#15272=CARTESIAN_POINT('',(156.421706407975,-84.4556277027369,4.6));
#15273=CARTESIAN_POINT('Origin',(166.243400481209,-83.9556277027369,6.1));
#15274=CARTESIAN_POINT('',(165.743400481209,-83.9556277027369,6.1));
#15275=CARTESIAN_POINT('Origin',(166.243400481209,-83.9556277027369,6.1));
#15276=CARTESIAN_POINT('',(165.743400481209,-83.9556277027369,4.6));
#15277=CARTESIAN_POINT('',(165.743400481209,-83.9556277027369,6.1));
#15278=CARTESIAN_POINT('Origin',(166.243400481209,-83.9556277027369,4.6));
#15279=CARTESIAN_POINT('Origin',(165.743400481209,-83.4556277027369,6.1));
#15280=CARTESIAN_POINT('',(165.743400481209,-73.1778136122048,6.1));
#15281=CARTESIAN_POINT('',(165.743400481209,-73.1778136122048,4.6));
#15282=CARTESIAN_POINT('Origin',(218.187650481209,-97.9556277027369,6.1));
#15283=CARTESIAN_POINT('',(218.187650481209,-97.9556277027369,6.1));
#15284=CARTESIAN_POINT('',(218.187650481209,-84.9556277027369,6.1));
#15285=CARTESIAN_POINT('',(218.187650481209,-80.4278136122048,6.1));
#15286=CARTESIAN_POINT('',(218.187650481209,-97.9556277027369,4.6));
#15287=CARTESIAN_POINT('',(218.187650481209,-97.9556277027369,6.1));
#15288=CARTESIAN_POINT('',(218.187650481209,-84.9556277027369,4.6));
#15289=CARTESIAN_POINT('',(218.187650481209,-80.4278136122048,4.6));
#15290=CARTESIAN_POINT('',(218.187650481209,-84.9556277027369,6.1));
#15291=CARTESIAN_POINT('Origin',(218.687650481209,-97.9556277027369,6.1));
#15292=CARTESIAN_POINT('',(218.687650481209,-98.4556277027369,6.1));
#15293=CARTESIAN_POINT('Origin',(218.687650481209,-97.9556277027369,6.1));
#15294=CARTESIAN_POINT('',(218.687650481209,-98.4556277027369,4.6));
#15295=CARTESIAN_POINT('',(218.687650481209,-98.4556277027369,6.1));
#15296=CARTESIAN_POINT('Origin',(218.687650481209,-97.9556277027369,4.6));
#15297=CARTESIAN_POINT('Origin',(231.687650481209,-98.4556277027369,6.1));
#15298=CARTESIAN_POINT('',(231.687650481209,-98.4556277027369,6.1));
#15299=CARTESIAN_POINT('',(189.143831407975,-98.4556277027369,6.1));
#15300=CARTESIAN_POINT('',(231.687650481209,-98.4556277027369,4.6));
#15301=CARTESIAN_POINT('',(231.687650481209,-98.4556277027369,6.1));
#15302=CARTESIAN_POINT('',(189.143831407975,-98.4556277027369,4.6));
#15303=CARTESIAN_POINT('Origin',(231.687650481209,-97.9556277027369,6.1));
#15304=CARTESIAN_POINT('',(232.187650481209,-97.9556277027369,6.1));
#15305=CARTESIAN_POINT('Origin',(231.687650481209,-97.9556277027369,6.1));
#15306=CARTESIAN_POINT('',(232.187650481209,-97.9556277027369,4.6));
#15307=CARTESIAN_POINT('',(232.187650481209,-97.9556277027369,6.1));
#15308=CARTESIAN_POINT('Origin',(231.687650481209,-97.9556277027369,4.6));
#15309=CARTESIAN_POINT('Origin',(232.187650481209,-84.9556277027369,6.1));
#15310=CARTESIAN_POINT('',(232.187650481209,-84.9556277027369,6.1));
#15311=CARTESIAN_POINT('',(232.187650481209,-73.9278136122048,6.1));
#15312=CARTESIAN_POINT('',(232.187650481209,-84.9556277027369,4.6));
#15313=CARTESIAN_POINT('',(232.187650481209,-84.9556277027369,6.1));
#15314=CARTESIAN_POINT('',(232.187650481209,-73.9278136122048,4.6));
#15315=CARTESIAN_POINT('Origin',(231.687650481209,-84.9556277027369,6.1));
#15316=CARTESIAN_POINT('',(231.687650481209,-84.4556277027369,6.1));
#15317=CARTESIAN_POINT('Origin',(231.687650481209,-84.9556277027369,6.1));
#15318=CARTESIAN_POINT('',(231.687650481209,-84.4556277027369,4.6));
#15319=CARTESIAN_POINT('',(231.687650481209,-84.4556277027369,6.1));
#15320=CARTESIAN_POINT('Origin',(231.687650481209,-84.9556277027369,4.6));
#15321=CARTESIAN_POINT('Origin',(218.687650481209,-84.4556277027369,6.1));
#15322=CARTESIAN_POINT('',(218.687650481209,-84.4556277027369,6.1));
#15323=CARTESIAN_POINT('',(182.643831407975,-84.4556277027369,6.1));
#15324=CARTESIAN_POINT('',(218.687650481209,-84.4556277027369,4.6));
#15325=CARTESIAN_POINT('',(218.687650481209,-84.4556277027369,6.1));
#15326=CARTESIAN_POINT('',(182.643831407975,-84.4556277027369,4.6));
#15327=CARTESIAN_POINT('Origin',(218.687650481209,-84.9556277027369,6.1));
#15328=CARTESIAN_POINT('Origin',(218.687650481209,-84.9556277027369,6.1));
#15329=CARTESIAN_POINT('Origin',(218.687650481209,-84.9556277027369,4.6));
#15330=CARTESIAN_POINT('Origin',(41.9751504812088,-78.9056277027369,6.1));
#15331=CARTESIAN_POINT('',(41.9751504812088,-78.9056277027369,6.1));
#15332=CARTESIAN_POINT('',(41.9751504812088,-65.9056277027369,6.1));
#15333=CARTESIAN_POINT('',(41.9751504812088,-70.9028136122048,6.1));
#15334=CARTESIAN_POINT('',(41.9751504812088,-78.9056277027369,4.6));
#15335=CARTESIAN_POINT('',(41.9751504812088,-78.9056277027369,6.1));
#15336=CARTESIAN_POINT('',(41.9751504812088,-65.9056277027369,4.6));
#15337=CARTESIAN_POINT('',(41.9751504812088,-70.9028136122048,4.6));
#15338=CARTESIAN_POINT('',(41.9751504812088,-65.9056277027369,6.1));
#15339=CARTESIAN_POINT('Origin',(42.4751504812088,-78.9056277027369,6.1));
#15340=CARTESIAN_POINT('',(42.4751504812088,-79.4056277027369,6.1));
#15341=CARTESIAN_POINT('Origin',(42.4751504812088,-78.9056277027369,6.1));
#15342=CARTESIAN_POINT('',(42.4751504812088,-79.4056277027369,4.6));
#15343=CARTESIAN_POINT('',(42.4751504812088,-79.4056277027369,6.1));
#15344=CARTESIAN_POINT('Origin',(42.4751504812088,-78.9056277027369,4.6));
#15345=CARTESIAN_POINT('Origin',(55.4751504812088,-79.4056277027369,6.1));
#15346=CARTESIAN_POINT('',(55.4751504812088,-79.4056277027369,6.1));
#15347=CARTESIAN_POINT('',(101.037581407975,-79.4056277027369,6.1));
#15348=CARTESIAN_POINT('',(55.4751504812088,-79.4056277027369,4.6));
#15349=CARTESIAN_POINT('',(55.4751504812088,-79.4056277027369,6.1));
#15350=CARTESIAN_POINT('',(101.037581407975,-79.4056277027369,4.6));
#15351=CARTESIAN_POINT('Origin',(55.4751504812088,-78.9056277027369,6.1));
#15352=CARTESIAN_POINT('',(55.9751504812088,-78.9056277027369,6.1));
#15353=CARTESIAN_POINT('Origin',(55.4751504812088,-78.9056277027369,6.1));
#15354=CARTESIAN_POINT('',(55.9751504812088,-78.9056277027369,4.6));
#15355=CARTESIAN_POINT('',(55.9751504812088,-78.9056277027369,6.1));
#15356=CARTESIAN_POINT('Origin',(55.4751504812088,-78.9056277027369,4.6));
#15357=CARTESIAN_POINT('Origin',(55.9751504812088,-65.9056277027369,6.1));
#15358=CARTESIAN_POINT('',(55.9751504812088,-65.9056277027369,6.1));
#15359=CARTESIAN_POINT('',(55.9751504812088,-64.4028136122048,6.1));
#15360=CARTESIAN_POINT('',(55.9751504812088,-65.9056277027369,4.6));
#15361=CARTESIAN_POINT('',(55.9751504812088,-65.9056277027369,6.1));
#15362=CARTESIAN_POINT('',(55.9751504812088,-64.4028136122048,4.6));
#15363=CARTESIAN_POINT('Origin',(55.4751504812088,-65.9056277027369,6.1));
#15364=CARTESIAN_POINT('',(55.4751504812088,-65.4056277027369,6.1));
#15365=CARTESIAN_POINT('Origin',(55.4751504812088,-65.9056277027369,6.1));
#15366=CARTESIAN_POINT('',(55.4751504812088,-65.4056277027369,4.6));
#15367=CARTESIAN_POINT('',(55.4751504812088,-65.4056277027369,6.1));
#15368=CARTESIAN_POINT('Origin',(55.4751504812088,-65.9056277027369,4.6));
#15369=CARTESIAN_POINT('Origin',(42.4751504812088,-65.4056277027369,6.1));
#15370=CARTESIAN_POINT('',(42.4751504812088,-65.4056277027369,6.1));
#15371=CARTESIAN_POINT('',(94.5375814079752,-65.4056277027369,6.1));
#15372=CARTESIAN_POINT('',(42.4751504812088,-65.4056277027369,4.6));
#15373=CARTESIAN_POINT('',(42.4751504812088,-65.4056277027369,6.1));
#15374=CARTESIAN_POINT('',(94.5375814079752,-65.4056277027369,4.6));
#15375=CARTESIAN_POINT('Origin',(42.4751504812088,-65.9056277027369,6.1));
#15376=CARTESIAN_POINT('Origin',(42.4751504812088,-65.9056277027369,6.1));
#15377=CARTESIAN_POINT('Origin',(42.4751504812088,-65.9056277027369,4.6));
#15378=CARTESIAN_POINT('Origin',(56.2626504812088,-59.8556277027369,6.1));
#15379=CARTESIAN_POINT('',(56.2626504812088,-59.8556277027369,6.1));
#15380=CARTESIAN_POINT('',(56.2626504812088,-46.8556277027369,6.1));
#15381=CARTESIAN_POINT('',(56.2626504812088,-61.3778136122048,6.1));
#15382=CARTESIAN_POINT('',(56.2626504812088,-59.8556277027369,4.6));
#15383=CARTESIAN_POINT('',(56.2626504812088,-59.8556277027369,6.1));
#15384=CARTESIAN_POINT('',(56.2626504812088,-46.8556277027369,4.6));
#15385=CARTESIAN_POINT('',(56.2626504812088,-61.3778136122048,4.6));
#15386=CARTESIAN_POINT('',(56.2626504812088,-46.8556277027369,6.1));
#15387=CARTESIAN_POINT('Origin',(56.7626504812088,-59.8556277027369,6.1));
#15388=CARTESIAN_POINT('',(56.7626504812088,-60.3556277027369,6.1));
#15389=CARTESIAN_POINT('Origin',(56.7626504812088,-59.8556277027369,6.1));
#15390=CARTESIAN_POINT('',(56.7626504812088,-60.3556277027369,4.6));
#15391=CARTESIAN_POINT('',(56.7626504812088,-60.3556277027369,6.1));
#15392=CARTESIAN_POINT('Origin',(56.7626504812088,-59.8556277027369,4.6));
#15393=CARTESIAN_POINT('Origin',(69.7626504812088,-60.3556277027369,6.1));
#15394=CARTESIAN_POINT('',(69.7626504812088,-60.3556277027369,6.1));
#15395=CARTESIAN_POINT('',(108.181331407975,-60.3556277027369,6.1));
#15396=CARTESIAN_POINT('',(69.7626504812088,-60.3556277027369,4.6));
#15397=CARTESIAN_POINT('',(69.7626504812088,-60.3556277027369,6.1));
#15398=CARTESIAN_POINT('',(108.181331407975,-60.3556277027369,4.6));
#15399=CARTESIAN_POINT('Origin',(69.7626504812088,-59.8556277027369,6.1));
#15400=CARTESIAN_POINT('',(70.2626504812088,-59.8556277027369,6.1));
#15401=CARTESIAN_POINT('Origin',(69.7626504812088,-59.8556277027369,6.1));
#15402=CARTESIAN_POINT('',(70.2626504812088,-59.8556277027369,4.6));
#15403=CARTESIAN_POINT('',(70.2626504812088,-59.8556277027369,6.1));
#15404=CARTESIAN_POINT('Origin',(69.7626504812088,-59.8556277027369,4.6));
#15405=CARTESIAN_POINT('Origin',(70.2626504812088,-46.8556277027369,6.1));
#15406=CARTESIAN_POINT('',(70.2626504812088,-46.8556277027369,6.1));
#15407=CARTESIAN_POINT('',(70.2626504812088,-54.8778136122048,6.1));
#15408=CARTESIAN_POINT('',(70.2626504812088,-46.8556277027369,4.6));
#15409=CARTESIAN_POINT('',(70.2626504812088,-46.8556277027369,6.1));
#15410=CARTESIAN_POINT('',(70.2626504812088,-54.8778136122048,4.6));
#15411=CARTESIAN_POINT('Origin',(69.7626504812088,-46.8556277027369,6.1));
#15412=CARTESIAN_POINT('',(69.7626504812088,-46.3556277027369,6.1));
#15413=CARTESIAN_POINT('Origin',(69.7626504812088,-46.8556277027369,6.1));
#15414=CARTESIAN_POINT('',(69.7626504812088,-46.3556277027369,4.6));
#15415=CARTESIAN_POINT('',(69.7626504812088,-46.3556277027369,6.1));
#15416=CARTESIAN_POINT('Origin',(69.7626504812088,-46.8556277027369,4.6));
#15417=CARTESIAN_POINT('Origin',(56.7626504812088,-46.3556277027369,6.1));
#15418=CARTESIAN_POINT('',(56.7626504812088,-46.3556277027369,6.1));
#15419=CARTESIAN_POINT('',(101.681331407975,-46.3556277027369,6.1));
#15420=CARTESIAN_POINT('',(56.7626504812088,-46.3556277027369,4.6));
#15421=CARTESIAN_POINT('',(56.7626504812088,-46.3556277027369,6.1));
#15422=CARTESIAN_POINT('',(101.681331407975,-46.3556277027369,4.6));
#15423=CARTESIAN_POINT('Origin',(56.7626504812088,-46.8556277027369,6.1));
#15424=CARTESIAN_POINT('Origin',(56.7626504812088,-46.8556277027369,6.1));
#15425=CARTESIAN_POINT('Origin',(56.7626504812088,-46.8556277027369,4.6));
#15426=CARTESIAN_POINT('Origin',(103.887650481209,-78.9056277027369,6.1));
#15427=CARTESIAN_POINT('',(103.887650481209,-78.9056277027369,6.1));
#15428=CARTESIAN_POINT('',(103.887650481209,-65.9056277027369,6.1));
#15429=CARTESIAN_POINT('',(103.887650481209,-70.9028136122048,6.1));
#15430=CARTESIAN_POINT('',(103.887650481209,-78.9056277027369,4.6));
#15431=CARTESIAN_POINT('',(103.887650481209,-78.9056277027369,6.1));
#15432=CARTESIAN_POINT('',(103.887650481209,-65.9056277027369,4.6));
#15433=CARTESIAN_POINT('',(103.887650481209,-70.9028136122048,4.6));
#15434=CARTESIAN_POINT('',(103.887650481209,-65.9056277027369,6.1));
#15435=CARTESIAN_POINT('Origin',(104.387650481209,-78.9056277027369,6.1));
#15436=CARTESIAN_POINT('',(104.387650481209,-79.4056277027369,6.1));
#15437=CARTESIAN_POINT('Origin',(104.387650481209,-78.9056277027369,6.1));
#15438=CARTESIAN_POINT('',(104.387650481209,-79.4056277027369,4.6));
#15439=CARTESIAN_POINT('',(104.387650481209,-79.4056277027369,6.1));
#15440=CARTESIAN_POINT('Origin',(104.387650481209,-78.9056277027369,4.6));
#15441=CARTESIAN_POINT('Origin',(117.387650481209,-79.4056277027369,6.1));
#15442=CARTESIAN_POINT('',(117.387650481209,-79.4056277027369,6.1));
#15443=CARTESIAN_POINT('',(131.993831407975,-79.4056277027369,6.1));
#15444=CARTESIAN_POINT('',(117.387650481209,-79.4056277027369,4.6));
#15445=CARTESIAN_POINT('',(117.387650481209,-79.4056277027369,6.1));
#15446=CARTESIAN_POINT('',(131.993831407975,-79.4056277027369,4.6));
#15447=CARTESIAN_POINT('Origin',(117.387650481209,-78.9056277027369,6.1));
#15448=CARTESIAN_POINT('',(117.887650481209,-78.9056277027369,6.1));
#15449=CARTESIAN_POINT('Origin',(117.387650481209,-78.9056277027369,6.1));
#15450=CARTESIAN_POINT('',(117.887650481209,-78.9056277027369,4.6));
#15451=CARTESIAN_POINT('',(117.887650481209,-78.9056277027369,6.1));
#15452=CARTESIAN_POINT('Origin',(117.387650481209,-78.9056277027369,4.6));
#15453=CARTESIAN_POINT('Origin',(117.887650481209,-65.9056277027369,6.1));
#15454=CARTESIAN_POINT('',(117.887650481209,-65.9056277027369,6.1));
#15455=CARTESIAN_POINT('',(117.887650481209,-64.4028136122048,6.1));
#15456=CARTESIAN_POINT('',(117.887650481209,-65.9056277027369,4.6));
#15457=CARTESIAN_POINT('',(117.887650481209,-65.9056277027369,6.1));
#15458=CARTESIAN_POINT('',(117.887650481209,-64.4028136122048,4.6));
#15459=CARTESIAN_POINT('Origin',(117.387650481209,-65.9056277027369,6.1));
#15460=CARTESIAN_POINT('',(117.387650481209,-65.4056277027369,6.1));
#15461=CARTESIAN_POINT('Origin',(117.387650481209,-65.9056277027369,6.1));
#15462=CARTESIAN_POINT('',(117.387650481209,-65.4056277027369,4.6));
#15463=CARTESIAN_POINT('',(117.387650481209,-65.4056277027369,6.1));
#15464=CARTESIAN_POINT('Origin',(117.387650481209,-65.9056277027369,4.6));
#15465=CARTESIAN_POINT('Origin',(104.387650481209,-65.4056277027369,6.1));
#15466=CARTESIAN_POINT('',(104.387650481209,-65.4056277027369,6.1));
#15467=CARTESIAN_POINT('',(125.493831407975,-65.4056277027369,6.1));
#15468=CARTESIAN_POINT('',(104.387650481209,-65.4056277027369,4.6));
#15469=CARTESIAN_POINT('',(104.387650481209,-65.4056277027369,6.1));
#15470=CARTESIAN_POINT('',(125.493831407975,-65.4056277027369,4.6));
#15471=CARTESIAN_POINT('Origin',(104.387650481209,-65.9056277027369,6.1));
#15472=CARTESIAN_POINT('Origin',(104.387650481209,-65.9056277027369,6.1));
#15473=CARTESIAN_POINT('Origin',(104.387650481209,-65.9056277027369,4.6));
#15474=CARTESIAN_POINT('Origin',(113.412650481209,-59.8556277027369,6.1));
#15475=CARTESIAN_POINT('',(113.412650481209,-59.8556277027369,6.1));
#15476=CARTESIAN_POINT('',(113.412650481209,-46.8556277027369,6.1));
#15477=CARTESIAN_POINT('',(113.412650481209,-61.3778136122048,6.1));
#15478=CARTESIAN_POINT('',(113.412650481209,-59.8556277027369,4.6));
#15479=CARTESIAN_POINT('',(113.412650481209,-59.8556277027369,6.1));
#15480=CARTESIAN_POINT('',(113.412650481209,-46.8556277027369,4.6));
#15481=CARTESIAN_POINT('',(113.412650481209,-61.3778136122048,4.6));
#15482=CARTESIAN_POINT('',(113.412650481209,-46.8556277027369,6.1));
#15483=CARTESIAN_POINT('Origin',(113.912650481209,-59.8556277027369,6.1));
#15484=CARTESIAN_POINT('',(113.912650481209,-60.3556277027369,6.1));
#15485=CARTESIAN_POINT('Origin',(113.912650481209,-59.8556277027369,6.1));
#15486=CARTESIAN_POINT('',(113.912650481209,-60.3556277027369,4.6));
#15487=CARTESIAN_POINT('',(113.912650481209,-60.3556277027369,6.1));
#15488=CARTESIAN_POINT('Origin',(113.912650481209,-59.8556277027369,4.6));
#15489=CARTESIAN_POINT('Origin',(126.912650481209,-60.3556277027369,6.1));
#15490=CARTESIAN_POINT('',(126.912650481209,-60.3556277027369,6.1));
#15491=CARTESIAN_POINT('',(136.756331407975,-60.3556277027369,6.1));
#15492=CARTESIAN_POINT('',(126.912650481209,-60.3556277027369,4.6));
#15493=CARTESIAN_POINT('',(126.912650481209,-60.3556277027369,6.1));
#15494=CARTESIAN_POINT('',(136.756331407975,-60.3556277027369,4.6));
#15495=CARTESIAN_POINT('Origin',(126.912650481209,-59.8556277027369,6.1));
#15496=CARTESIAN_POINT('',(127.412650481209,-59.8556277027369,6.1));
#15497=CARTESIAN_POINT('Origin',(126.912650481209,-59.8556277027369,6.1));
#15498=CARTESIAN_POINT('',(127.412650481209,-59.8556277027369,4.6));
#15499=CARTESIAN_POINT('',(127.412650481209,-59.8556277027369,6.1));
#15500=CARTESIAN_POINT('Origin',(126.912650481209,-59.8556277027369,4.6));
#15501=CARTESIAN_POINT('Origin',(127.412650481209,-46.8556277027369,6.1));
#15502=CARTESIAN_POINT('',(127.412650481209,-46.8556277027369,6.1));
#15503=CARTESIAN_POINT('',(127.412650481209,-54.8778136122048,6.1));
#15504=CARTESIAN_POINT('',(127.412650481209,-46.8556277027369,4.6));
#15505=CARTESIAN_POINT('',(127.412650481209,-46.8556277027369,6.1));
#15506=CARTESIAN_POINT('',(127.412650481209,-54.8778136122048,4.6));
#15507=CARTESIAN_POINT('Origin',(126.912650481209,-46.8556277027369,6.1));
#15508=CARTESIAN_POINT('',(126.912650481209,-46.3556277027369,6.1));
#15509=CARTESIAN_POINT('Origin',(126.912650481209,-46.8556277027369,6.1));
#15510=CARTESIAN_POINT('',(126.912650481209,-46.3556277027369,4.6));
#15511=CARTESIAN_POINT('',(126.912650481209,-46.3556277027369,6.1));
#15512=CARTESIAN_POINT('Origin',(126.912650481209,-46.8556277027369,4.6));
#15513=CARTESIAN_POINT('Origin',(113.912650481209,-46.3556277027369,6.1));
#15514=CARTESIAN_POINT('',(113.912650481209,-46.3556277027369,6.1));
#15515=CARTESIAN_POINT('',(130.256331407975,-46.3556277027369,6.1));
#15516=CARTESIAN_POINT('',(113.912650481209,-46.3556277027369,4.6));
#15517=CARTESIAN_POINT('',(113.912650481209,-46.3556277027369,6.1));
#15518=CARTESIAN_POINT('',(130.256331407975,-46.3556277027369,4.6));
#15519=CARTESIAN_POINT('Origin',(113.912650481209,-46.8556277027369,6.1));
#15520=CARTESIAN_POINT('Origin',(113.912650481209,-46.8556277027369,6.1));
#15521=CARTESIAN_POINT('Origin',(113.912650481209,-46.8556277027369,4.6));
#15522=CARTESIAN_POINT('Origin',(127.700150481209,-40.8056277027369,6.1));
#15523=CARTESIAN_POINT('',(127.700150481209,-40.8056277027369,6.1));
#15524=CARTESIAN_POINT('',(127.700150481209,-27.8056277027369,6.1));
#15525=CARTESIAN_POINT('',(127.700150481209,-51.8528136122048,6.1));
#15526=CARTESIAN_POINT('',(127.700150481209,-40.8056277027369,4.6));
#15527=CARTESIAN_POINT('',(127.700150481209,-40.8056277027369,6.1));
#15528=CARTESIAN_POINT('',(127.700150481209,-27.8056277027369,4.6));
#15529=CARTESIAN_POINT('',(127.700150481209,-51.8528136122048,4.6));
#15530=CARTESIAN_POINT('',(127.700150481209,-27.8056277027369,6.1));
#15531=CARTESIAN_POINT('Origin',(128.200150481209,-40.8056277027369,6.1));
#15532=CARTESIAN_POINT('',(128.200150481209,-41.3056277027369,6.1));
#15533=CARTESIAN_POINT('Origin',(128.200150481209,-40.8056277027369,6.1));
#15534=CARTESIAN_POINT('',(128.200150481209,-41.3056277027369,4.6));
#15535=CARTESIAN_POINT('',(128.200150481209,-41.3056277027369,6.1));
#15536=CARTESIAN_POINT('Origin',(128.200150481209,-40.8056277027369,4.6));
#15537=CARTESIAN_POINT('Origin',(141.200150481209,-41.3056277027369,6.1));
#15538=CARTESIAN_POINT('',(141.200150481209,-41.3056277027369,6.1));
#15539=CARTESIAN_POINT('',(143.900081407975,-41.3056277027369,6.1));
#15540=CARTESIAN_POINT('',(141.200150481209,-41.3056277027369,4.6));
#15541=CARTESIAN_POINT('',(141.200150481209,-41.3056277027369,6.1));
#15542=CARTESIAN_POINT('',(143.900081407975,-41.3056277027369,4.6));
#15543=CARTESIAN_POINT('Origin',(141.200150481209,-40.8056277027369,6.1));
#15544=CARTESIAN_POINT('',(141.700150481209,-40.8056277027369,6.1));
#15545=CARTESIAN_POINT('Origin',(141.200150481209,-40.8056277027369,6.1));
#15546=CARTESIAN_POINT('',(141.700150481209,-40.8056277027369,4.6));
#15547=CARTESIAN_POINT('',(141.700150481209,-40.8056277027369,6.1));
#15548=CARTESIAN_POINT('Origin',(141.200150481209,-40.8056277027369,4.6));
#15549=CARTESIAN_POINT('Origin',(141.700150481209,-27.8056277027369,6.1));
#15550=CARTESIAN_POINT('',(141.700150481209,-27.8056277027369,6.1));
#15551=CARTESIAN_POINT('',(141.700150481209,-45.3528136122048,6.1));
#15552=CARTESIAN_POINT('',(141.700150481209,-27.8056277027369,4.6));
#15553=CARTESIAN_POINT('',(141.700150481209,-27.8056277027369,6.1));
#15554=CARTESIAN_POINT('',(141.700150481209,-45.3528136122048,4.6));
#15555=CARTESIAN_POINT('Origin',(141.200150481209,-27.8056277027369,6.1));
#15556=CARTESIAN_POINT('',(141.200150481209,-27.3056277027369,6.1));
#15557=CARTESIAN_POINT('Origin',(141.200150481209,-27.8056277027369,6.1));
#15558=CARTESIAN_POINT('',(141.200150481209,-27.3056277027369,4.6));
#15559=CARTESIAN_POINT('',(141.200150481209,-27.3056277027369,6.1));
#15560=CARTESIAN_POINT('Origin',(141.200150481209,-27.8056277027369,4.6));
#15561=CARTESIAN_POINT('Origin',(128.200150481209,-27.3056277027369,6.1));
#15562=CARTESIAN_POINT('',(128.200150481209,-27.3056277027369,6.1));
#15563=CARTESIAN_POINT('',(137.400081407975,-27.3056277027369,6.1));
#15564=CARTESIAN_POINT('',(128.200150481209,-27.3056277027369,4.6));
#15565=CARTESIAN_POINT('',(128.200150481209,-27.3056277027369,6.1));
#15566=CARTESIAN_POINT('',(137.400081407975,-27.3056277027369,4.6));
#15567=CARTESIAN_POINT('Origin',(128.200150481209,-27.8056277027369,6.1));
#15568=CARTESIAN_POINT('Origin',(128.200150481209,-27.8056277027369,6.1));
#15569=CARTESIAN_POINT('Origin',(128.200150481209,-27.8056277027369,4.6));
#15570=CARTESIAN_POINT('Origin',(180.087650481209,-78.9056277027369,6.1));
#15571=CARTESIAN_POINT('',(180.087650481209,-78.9056277027369,6.1));
#15572=CARTESIAN_POINT('',(180.087650481209,-65.9056277027369,6.1));
#15573=CARTESIAN_POINT('',(180.087650481209,-70.9028136122048,6.1));
#15574=CARTESIAN_POINT('',(180.087650481209,-78.9056277027369,4.6));
#15575=CARTESIAN_POINT('',(180.087650481209,-78.9056277027369,6.1));
#15576=CARTESIAN_POINT('',(180.087650481209,-65.9056277027369,4.6));
#15577=CARTESIAN_POINT('',(180.087650481209,-70.9028136122048,4.6));
#15578=CARTESIAN_POINT('',(180.087650481209,-65.9056277027369,6.1));
#15579=CARTESIAN_POINT('Origin',(180.587650481209,-78.9056277027369,6.1));
#15580=CARTESIAN_POINT('',(180.587650481209,-79.4056277027369,6.1));
#15581=CARTESIAN_POINT('Origin',(180.587650481209,-78.9056277027369,6.1));
#15582=CARTESIAN_POINT('',(180.587650481209,-79.4056277027369,4.6));
#15583=CARTESIAN_POINT('',(180.587650481209,-79.4056277027369,6.1));
#15584=CARTESIAN_POINT('Origin',(180.587650481209,-78.9056277027369,4.6));
#15585=CARTESIAN_POINT('Origin',(193.587650481209,-79.4056277027369,6.1));
#15586=CARTESIAN_POINT('',(193.587650481209,-79.4056277027369,6.1));
#15587=CARTESIAN_POINT('',(170.093831407975,-79.4056277027369,6.1));
#15588=CARTESIAN_POINT('',(193.587650481209,-79.4056277027369,4.6));
#15589=CARTESIAN_POINT('',(193.587650481209,-79.4056277027369,6.1));
#15590=CARTESIAN_POINT('',(170.093831407975,-79.4056277027369,4.6));
#15591=CARTESIAN_POINT('Origin',(193.587650481209,-78.9056277027369,6.1));
#15592=CARTESIAN_POINT('',(194.087650481209,-78.9056277027369,6.1));
#15593=CARTESIAN_POINT('Origin',(193.587650481209,-78.9056277027369,6.1));
#15594=CARTESIAN_POINT('',(194.087650481209,-78.9056277027369,4.6));
#15595=CARTESIAN_POINT('',(194.087650481209,-78.9056277027369,6.1));
#15596=CARTESIAN_POINT('Origin',(193.587650481209,-78.9056277027369,4.6));
#15597=CARTESIAN_POINT('Origin',(194.087650481209,-65.9056277027369,6.1));
#15598=CARTESIAN_POINT('',(194.087650481209,-65.9056277027369,6.1));
#15599=CARTESIAN_POINT('',(194.087650481209,-64.4028136122048,6.1));
#15600=CARTESIAN_POINT('',(194.087650481209,-65.9056277027369,4.6));
#15601=CARTESIAN_POINT('',(194.087650481209,-65.9056277027369,6.1));
#15602=CARTESIAN_POINT('',(194.087650481209,-64.4028136122048,4.6));
#15603=CARTESIAN_POINT('Origin',(193.587650481209,-65.9056277027369,6.1));
#15604=CARTESIAN_POINT('',(193.587650481209,-65.4056277027369,6.1));
#15605=CARTESIAN_POINT('Origin',(193.587650481209,-65.9056277027369,6.1));
#15606=CARTESIAN_POINT('',(193.587650481209,-65.4056277027369,4.6));
#15607=CARTESIAN_POINT('',(193.587650481209,-65.4056277027369,6.1));
#15608=CARTESIAN_POINT('Origin',(193.587650481209,-65.9056277027369,4.6));
#15609=CARTESIAN_POINT('Origin',(180.587650481209,-65.4056277027369,6.1));
#15610=CARTESIAN_POINT('',(180.587650481209,-65.4056277027369,6.1));
#15611=CARTESIAN_POINT('',(163.593831407975,-65.4056277027369,6.1));
#15612=CARTESIAN_POINT('',(180.587650481209,-65.4056277027369,4.6));
#15613=CARTESIAN_POINT('',(180.587650481209,-65.4056277027369,6.1));
#15614=CARTESIAN_POINT('',(163.593831407975,-65.4056277027369,4.6));
#15615=CARTESIAN_POINT('Origin',(180.587650481209,-65.9056277027369,6.1));
#15616=CARTESIAN_POINT('Origin',(180.587650481209,-65.9056277027369,6.1));
#15617=CARTESIAN_POINT('Origin',(180.587650481209,-65.9056277027369,4.6));
#15618=CARTESIAN_POINT('Origin',(189.612650481209,-59.8556277027369,6.1));
#15619=CARTESIAN_POINT('',(189.612650481209,-59.8556277027369,6.1));
#15620=CARTESIAN_POINT('',(189.612650481209,-46.8556277027369,6.1));
#15621=CARTESIAN_POINT('',(189.612650481209,-61.3778136122048,6.1));
#15622=CARTESIAN_POINT('',(189.612650481209,-59.8556277027369,4.6));
#15623=CARTESIAN_POINT('',(189.612650481209,-59.8556277027369,6.1));
#15624=CARTESIAN_POINT('',(189.612650481209,-46.8556277027369,4.6));
#15625=CARTESIAN_POINT('',(189.612650481209,-61.3778136122048,4.6));
#15626=CARTESIAN_POINT('',(189.612650481209,-46.8556277027369,6.1));
#15627=CARTESIAN_POINT('Origin',(190.112650481209,-59.8556277027369,6.1));
#15628=CARTESIAN_POINT('',(190.112650481209,-60.3556277027369,6.1));
#15629=CARTESIAN_POINT('Origin',(190.112650481209,-59.8556277027369,6.1));
#15630=CARTESIAN_POINT('',(190.112650481209,-60.3556277027369,4.6));
#15631=CARTESIAN_POINT('',(190.112650481209,-60.3556277027369,6.1));
#15632=CARTESIAN_POINT('Origin',(190.112650481209,-59.8556277027369,4.6));
#15633=CARTESIAN_POINT('Origin',(203.112650481209,-60.3556277027369,6.1));
#15634=CARTESIAN_POINT('',(203.112650481209,-60.3556277027369,6.1));
#15635=CARTESIAN_POINT('',(174.856331407975,-60.3556277027369,6.1));
#15636=CARTESIAN_POINT('',(203.112650481209,-60.3556277027369,4.6));
#15637=CARTESIAN_POINT('',(203.112650481209,-60.3556277027369,6.1));
#15638=CARTESIAN_POINT('',(174.856331407975,-60.3556277027369,4.6));
#15639=CARTESIAN_POINT('Origin',(203.112650481209,-59.8556277027369,6.1));
#15640=CARTESIAN_POINT('',(203.612650481209,-59.8556277027369,6.1));
#15641=CARTESIAN_POINT('Origin',(203.112650481209,-59.8556277027369,6.1));
#15642=CARTESIAN_POINT('',(203.612650481209,-59.8556277027369,4.6));
#15643=CARTESIAN_POINT('',(203.612650481209,-59.8556277027369,6.1));
#15644=CARTESIAN_POINT('Origin',(203.112650481209,-59.8556277027369,4.6));
#15645=CARTESIAN_POINT('Origin',(203.612650481209,-46.8556277027369,6.1));
#15646=CARTESIAN_POINT('',(203.612650481209,-46.8556277027369,6.1));
#15647=CARTESIAN_POINT('',(203.612650481209,-54.8778136122048,6.1));
#15648=CARTESIAN_POINT('',(203.612650481209,-46.8556277027369,4.6));
#15649=CARTESIAN_POINT('',(203.612650481209,-46.8556277027369,6.1));
#15650=CARTESIAN_POINT('',(203.612650481209,-54.8778136122048,4.6));
#15651=CARTESIAN_POINT('Origin',(203.112650481209,-46.8556277027369,6.1));
#15652=CARTESIAN_POINT('',(203.112650481209,-46.3556277027369,6.1));
#15653=CARTESIAN_POINT('Origin',(203.112650481209,-46.8556277027369,6.1));
#15654=CARTESIAN_POINT('',(203.112650481209,-46.3556277027369,4.6));
#15655=CARTESIAN_POINT('',(203.112650481209,-46.3556277027369,6.1));
#15656=CARTESIAN_POINT('Origin',(203.112650481209,-46.8556277027369,4.6));
#15657=CARTESIAN_POINT('Origin',(190.112650481209,-46.3556277027369,6.1));
#15658=CARTESIAN_POINT('',(190.112650481209,-46.3556277027369,6.1));
#15659=CARTESIAN_POINT('',(168.356331407975,-46.3556277027369,6.1));
#15660=CARTESIAN_POINT('',(190.112650481209,-46.3556277027369,4.6));
#15661=CARTESIAN_POINT('',(190.112650481209,-46.3556277027369,6.1));
#15662=CARTESIAN_POINT('',(168.356331407975,-46.3556277027369,4.6));
#15663=CARTESIAN_POINT('Origin',(190.112650481209,-46.8556277027369,6.1));
#15664=CARTESIAN_POINT('Origin',(190.112650481209,-46.8556277027369,6.1));
#15665=CARTESIAN_POINT('Origin',(190.112650481209,-46.8556277027369,4.6));
#15666=CARTESIAN_POINT('Origin',(246.762650481209,-59.8556277027369,6.1));
#15667=CARTESIAN_POINT('',(246.762650481209,-59.8556277027369,6.1));
#15668=CARTESIAN_POINT('',(246.762650481209,-46.8556277027369,6.1));
#15669=CARTESIAN_POINT('',(246.762650481209,-61.3778136122048,6.1));
#15670=CARTESIAN_POINT('',(246.762650481209,-59.8556277027369,4.6));
#15671=CARTESIAN_POINT('',(246.762650481209,-59.8556277027369,6.1));
#15672=CARTESIAN_POINT('',(246.762650481209,-46.8556277027369,4.6));
#15673=CARTESIAN_POINT('',(246.762650481209,-61.3778136122048,4.6));
#15674=CARTESIAN_POINT('',(246.762650481209,-46.8556277027369,6.1));
#15675=CARTESIAN_POINT('Origin',(247.262650481209,-59.8556277027369,6.1));
#15676=CARTESIAN_POINT('',(247.262650481209,-60.3556277027369,6.1));
#15677=CARTESIAN_POINT('Origin',(247.262650481209,-59.8556277027369,6.1));
#15678=CARTESIAN_POINT('',(247.262650481209,-60.3556277027369,4.6));
#15679=CARTESIAN_POINT('',(247.262650481209,-60.3556277027369,6.1));
#15680=CARTESIAN_POINT('Origin',(247.262650481209,-59.8556277027369,4.6));
#15681=CARTESIAN_POINT('Origin',(260.262650481209,-60.3556277027369,6.1));
#15682=CARTESIAN_POINT('',(260.262650481209,-60.3556277027369,6.1));
#15683=CARTESIAN_POINT('',(203.431331407975,-60.3556277027369,6.1));
#15684=CARTESIAN_POINT('',(260.262650481209,-60.3556277027369,4.6));
#15685=CARTESIAN_POINT('',(260.262650481209,-60.3556277027369,6.1));
#15686=CARTESIAN_POINT('',(203.431331407975,-60.3556277027369,4.6));
#15687=CARTESIAN_POINT('Origin',(260.262650481209,-59.8556277027369,6.1));
#15688=CARTESIAN_POINT('',(260.762650481209,-59.8556277027369,6.1));
#15689=CARTESIAN_POINT('Origin',(260.262650481209,-59.8556277027369,6.1));
#15690=CARTESIAN_POINT('',(260.762650481209,-59.8556277027369,4.6));
#15691=CARTESIAN_POINT('',(260.762650481209,-59.8556277027369,6.1));
#15692=CARTESIAN_POINT('Origin',(260.262650481209,-59.8556277027369,4.6));
#15693=CARTESIAN_POINT('Origin',(260.762650481209,-46.8556277027369,6.1));
#15694=CARTESIAN_POINT('',(260.762650481209,-46.8556277027369,6.1));
#15695=CARTESIAN_POINT('',(260.762650481209,-54.8778136122048,6.1));
#15696=CARTESIAN_POINT('',(260.762650481209,-46.8556277027369,4.6));
#15697=CARTESIAN_POINT('',(260.762650481209,-46.8556277027369,6.1));
#15698=CARTESIAN_POINT('',(260.762650481209,-54.8778136122048,4.6));
#15699=CARTESIAN_POINT('Origin',(260.262650481209,-46.8556277027369,6.1));
#15700=CARTESIAN_POINT('',(260.262650481209,-46.3556277027369,6.1));
#15701=CARTESIAN_POINT('Origin',(260.262650481209,-46.8556277027369,6.1));
#15702=CARTESIAN_POINT('',(260.262650481209,-46.3556277027369,4.6));
#15703=CARTESIAN_POINT('',(260.262650481209,-46.3556277027369,6.1));
#15704=CARTESIAN_POINT('Origin',(260.262650481209,-46.8556277027369,4.6));
#15705=CARTESIAN_POINT('Origin',(247.262650481209,-46.3556277027369,6.1));
#15706=CARTESIAN_POINT('',(247.262650481209,-46.3556277027369,6.1));
#15707=CARTESIAN_POINT('',(196.931331407975,-46.3556277027369,6.1));
#15708=CARTESIAN_POINT('',(247.262650481209,-46.3556277027369,4.6));
#15709=CARTESIAN_POINT('',(247.262650481209,-46.3556277027369,6.1));
#15710=CARTESIAN_POINT('',(196.931331407975,-46.3556277027369,4.6));
#15711=CARTESIAN_POINT('Origin',(247.262650481209,-46.8556277027369,6.1));
#15712=CARTESIAN_POINT('Origin',(247.262650481209,-46.8556277027369,6.1));
#15713=CARTESIAN_POINT('Origin',(247.262650481209,-46.8556277027369,4.6));
#15714=CARTESIAN_POINT('Origin',(208.662650481209,-59.8556277027369,6.1));
#15715=CARTESIAN_POINT('',(208.662650481209,-59.8556277027369,6.1));
#15716=CARTESIAN_POINT('',(208.662650481209,-46.8556277027369,6.1));
#15717=CARTESIAN_POINT('',(208.662650481209,-61.3778136122048,6.1));
#15718=CARTESIAN_POINT('',(208.662650481209,-59.8556277027369,4.6));
#15719=CARTESIAN_POINT('',(208.662650481209,-59.8556277027369,6.1));
#15720=CARTESIAN_POINT('',(208.662650481209,-46.8556277027369,4.6));
#15721=CARTESIAN_POINT('',(208.662650481209,-61.3778136122048,4.6));
#15722=CARTESIAN_POINT('',(208.662650481209,-46.8556277027369,6.1));
#15723=CARTESIAN_POINT('Origin',(209.162650481209,-59.8556277027369,6.1));
#15724=CARTESIAN_POINT('',(209.162650481209,-60.3556277027369,6.1));
#15725=CARTESIAN_POINT('Origin',(209.162650481209,-59.8556277027369,6.1));
#15726=CARTESIAN_POINT('',(209.162650481209,-60.3556277027369,4.6));
#15727=CARTESIAN_POINT('',(209.162650481209,-60.3556277027369,6.1));
#15728=CARTESIAN_POINT('Origin',(209.162650481209,-59.8556277027369,4.6));
#15729=CARTESIAN_POINT('Origin',(222.162650481209,-60.3556277027369,6.1));
#15730=CARTESIAN_POINT('',(222.162650481209,-60.3556277027369,6.1));
#15731=CARTESIAN_POINT('',(184.381331407975,-60.3556277027369,6.1));
#15732=CARTESIAN_POINT('',(222.162650481209,-60.3556277027369,4.6));
#15733=CARTESIAN_POINT('',(222.162650481209,-60.3556277027369,6.1));
#15734=CARTESIAN_POINT('',(184.381331407975,-60.3556277027369,4.6));
#15735=CARTESIAN_POINT('Origin',(222.162650481209,-59.8556277027369,6.1));
#15736=CARTESIAN_POINT('',(222.662650481209,-59.8556277027369,6.1));
#15737=CARTESIAN_POINT('Origin',(222.162650481209,-59.8556277027369,6.1));
#15738=CARTESIAN_POINT('',(222.662650481209,-59.8556277027369,4.6));
#15739=CARTESIAN_POINT('',(222.662650481209,-59.8556277027369,6.1));
#15740=CARTESIAN_POINT('Origin',(222.162650481209,-59.8556277027369,4.6));
#15741=CARTESIAN_POINT('Origin',(222.662650481209,-46.8556277027369,6.1));
#15742=CARTESIAN_POINT('',(222.662650481209,-46.8556277027369,6.1));
#15743=CARTESIAN_POINT('',(222.662650481209,-54.8778136122048,6.1));
#15744=CARTESIAN_POINT('',(222.662650481209,-46.8556277027369,4.6));
#15745=CARTESIAN_POINT('',(222.662650481209,-46.8556277027369,6.1));
#15746=CARTESIAN_POINT('',(222.662650481209,-54.8778136122048,4.6));
#15747=CARTESIAN_POINT('Origin',(222.162650481209,-46.8556277027369,6.1));
#15748=CARTESIAN_POINT('',(222.162650481209,-46.3556277027369,6.1));
#15749=CARTESIAN_POINT('Origin',(222.162650481209,-46.8556277027369,6.1));
#15750=CARTESIAN_POINT('',(222.162650481209,-46.3556277027369,4.6));
#15751=CARTESIAN_POINT('',(222.162650481209,-46.3556277027369,6.1));
#15752=CARTESIAN_POINT('Origin',(222.162650481209,-46.8556277027369,4.6));
#15753=CARTESIAN_POINT('Origin',(209.162650481209,-46.3556277027369,6.1));
#15754=CARTESIAN_POINT('',(209.162650481209,-46.3556277027369,6.1));
#15755=CARTESIAN_POINT('',(177.881331407975,-46.3556277027369,6.1));
#15756=CARTESIAN_POINT('',(209.162650481209,-46.3556277027369,4.6));
#15757=CARTESIAN_POINT('',(209.162650481209,-46.3556277027369,6.1));
#15758=CARTESIAN_POINT('',(177.881331407975,-46.3556277027369,4.6));
#15759=CARTESIAN_POINT('Origin',(209.162650481209,-46.8556277027369,6.1));
#15760=CARTESIAN_POINT('Origin',(209.162650481209,-46.8556277027369,6.1));
#15761=CARTESIAN_POINT('Origin',(209.162650481209,-46.8556277027369,4.6));
#15762=CARTESIAN_POINT('Origin',(222.950150481209,-40.8056277027369,6.1));
#15763=CARTESIAN_POINT('',(222.950150481209,-40.8056277027369,6.1));
#15764=CARTESIAN_POINT('',(222.950150481209,-27.8056277027369,6.1));
#15765=CARTESIAN_POINT('',(222.950150481209,-51.8528136122048,6.1));
#15766=CARTESIAN_POINT('',(222.950150481209,-40.8056277027369,4.6));
#15767=CARTESIAN_POINT('',(222.950150481209,-40.8056277027369,6.1));
#15768=CARTESIAN_POINT('',(222.950150481209,-27.8056277027369,4.6));
#15769=CARTESIAN_POINT('',(222.950150481209,-51.8528136122048,4.6));
#15770=CARTESIAN_POINT('',(222.950150481209,-27.8056277027369,6.1));
#15771=CARTESIAN_POINT('Origin',(223.450150481209,-40.8056277027369,6.1));
#15772=CARTESIAN_POINT('',(223.450150481209,-41.3056277027369,6.1));
#15773=CARTESIAN_POINT('Origin',(223.450150481209,-40.8056277027369,6.1));
#15774=CARTESIAN_POINT('',(223.450150481209,-41.3056277027369,4.6));
#15775=CARTESIAN_POINT('',(223.450150481209,-41.3056277027369,6.1));
#15776=CARTESIAN_POINT('Origin',(223.450150481209,-40.8056277027369,4.6));
#15777=CARTESIAN_POINT('Origin',(236.450150481209,-41.3056277027369,6.1));
#15778=CARTESIAN_POINT('',(236.450150481209,-41.3056277027369,6.1));
#15779=CARTESIAN_POINT('',(191.525081407975,-41.3056277027369,6.1));
#15780=CARTESIAN_POINT('',(236.450150481209,-41.3056277027369,4.6));
#15781=CARTESIAN_POINT('',(236.450150481209,-41.3056277027369,6.1));
#15782=CARTESIAN_POINT('',(191.525081407975,-41.3056277027369,4.6));
#15783=CARTESIAN_POINT('Origin',(236.450150481209,-40.8056277027369,6.1));
#15784=CARTESIAN_POINT('',(236.950150481209,-40.8056277027369,6.1));
#15785=CARTESIAN_POINT('Origin',(236.450150481209,-40.8056277027369,6.1));
#15786=CARTESIAN_POINT('',(236.950150481209,-40.8056277027369,4.6));
#15787=CARTESIAN_POINT('',(236.950150481209,-40.8056277027369,6.1));
#15788=CARTESIAN_POINT('Origin',(236.450150481209,-40.8056277027369,4.6));
#15789=CARTESIAN_POINT('Origin',(236.950150481209,-27.8056277027369,6.1));
#15790=CARTESIAN_POINT('',(236.950150481209,-27.8056277027369,6.1));
#15791=CARTESIAN_POINT('',(236.950150481209,-45.3528136122048,6.1));
#15792=CARTESIAN_POINT('',(236.950150481209,-27.8056277027369,4.6));
#15793=CARTESIAN_POINT('',(236.950150481209,-27.8056277027369,6.1));
#15794=CARTESIAN_POINT('',(236.950150481209,-45.3528136122048,4.6));
#15795=CARTESIAN_POINT('Origin',(236.450150481209,-27.8056277027369,6.1));
#15796=CARTESIAN_POINT('',(236.450150481209,-27.3056277027369,6.1));
#15797=CARTESIAN_POINT('Origin',(236.450150481209,-27.8056277027369,6.1));
#15798=CARTESIAN_POINT('',(236.450150481209,-27.3056277027369,4.6));
#15799=CARTESIAN_POINT('',(236.450150481209,-27.3056277027369,6.1));
#15800=CARTESIAN_POINT('Origin',(236.450150481209,-27.8056277027369,4.6));
#15801=CARTESIAN_POINT('Origin',(223.450150481209,-27.3056277027369,6.1));
#15802=CARTESIAN_POINT('',(223.450150481209,-27.3056277027369,6.1));
#15803=CARTESIAN_POINT('',(185.025081407975,-27.3056277027369,6.1));
#15804=CARTESIAN_POINT('',(223.450150481209,-27.3056277027369,4.6));
#15805=CARTESIAN_POINT('',(223.450150481209,-27.3056277027369,6.1));
#15806=CARTESIAN_POINT('',(185.025081407975,-27.3056277027369,4.6));
#15807=CARTESIAN_POINT('Origin',(223.450150481209,-27.8056277027369,6.1));
#15808=CARTESIAN_POINT('Origin',(223.450150481209,-27.8056277027369,6.1));
#15809=CARTESIAN_POINT('Origin',(223.450150481209,-27.8056277027369,4.6));
#15810=CARTESIAN_POINT('Origin',(218.187650481209,-78.9056277027369,6.1));
#15811=CARTESIAN_POINT('',(218.187650481209,-78.9056277027369,6.1));
#15812=CARTESIAN_POINT('',(218.187650481209,-65.9056277027369,6.1));
#15813=CARTESIAN_POINT('',(218.187650481209,-70.9028136122048,6.1));
#15814=CARTESIAN_POINT('',(218.187650481209,-78.9056277027369,4.6));
#15815=CARTESIAN_POINT('',(218.187650481209,-78.9056277027369,6.1));
#15816=CARTESIAN_POINT('',(218.187650481209,-65.9056277027369,4.6));
#15817=CARTESIAN_POINT('',(218.187650481209,-70.9028136122048,4.6));
#15818=CARTESIAN_POINT('',(218.187650481209,-65.9056277027369,6.1));
#15819=CARTESIAN_POINT('Origin',(218.687650481209,-78.9056277027369,6.1));
#15820=CARTESIAN_POINT('',(218.687650481209,-79.4056277027369,6.1));
#15821=CARTESIAN_POINT('Origin',(218.687650481209,-78.9056277027369,6.1));
#15822=CARTESIAN_POINT('',(218.687650481209,-79.4056277027369,4.6));
#15823=CARTESIAN_POINT('',(218.687650481209,-79.4056277027369,6.1));
#15824=CARTESIAN_POINT('Origin',(218.687650481209,-78.9056277027369,4.6));
#15825=CARTESIAN_POINT('Origin',(231.687650481209,-79.4056277027369,6.1));
#15826=CARTESIAN_POINT('',(231.687650481209,-79.4056277027369,6.1));
#15827=CARTESIAN_POINT('',(189.143831407975,-79.4056277027369,6.1));
#15828=CARTESIAN_POINT('',(231.687650481209,-79.4056277027369,4.6));
#15829=CARTESIAN_POINT('',(231.687650481209,-79.4056277027369,6.1));
#15830=CARTESIAN_POINT('',(189.143831407975,-79.4056277027369,4.6));
#15831=CARTESIAN_POINT('Origin',(231.687650481209,-78.9056277027369,6.1));
#15832=CARTESIAN_POINT('',(232.187650481209,-78.9056277027369,6.1));
#15833=CARTESIAN_POINT('Origin',(231.687650481209,-78.9056277027369,6.1));
#15834=CARTESIAN_POINT('',(232.187650481209,-78.9056277027369,4.6));
#15835=CARTESIAN_POINT('',(232.187650481209,-78.9056277027369,6.1));
#15836=CARTESIAN_POINT('Origin',(231.687650481209,-78.9056277027369,4.6));
#15837=CARTESIAN_POINT('Origin',(232.187650481209,-65.9056277027369,6.1));
#15838=CARTESIAN_POINT('',(232.187650481209,-65.9056277027369,6.1));
#15839=CARTESIAN_POINT('',(232.187650481209,-64.4028136122048,6.1));
#15840=CARTESIAN_POINT('',(232.187650481209,-65.9056277027369,4.6));
#15841=CARTESIAN_POINT('',(232.187650481209,-65.9056277027369,6.1));
#15842=CARTESIAN_POINT('',(232.187650481209,-64.4028136122048,4.6));
#15843=CARTESIAN_POINT('Origin',(231.687650481209,-65.9056277027369,6.1));
#15844=CARTESIAN_POINT('',(231.687650481209,-65.4056277027369,6.1));
#15845=CARTESIAN_POINT('Origin',(231.687650481209,-65.9056277027369,6.1));
#15846=CARTESIAN_POINT('',(231.687650481209,-65.4056277027369,4.6));
#15847=CARTESIAN_POINT('',(231.687650481209,-65.4056277027369,6.1));
#15848=CARTESIAN_POINT('Origin',(231.687650481209,-65.9056277027369,4.6));
#15849=CARTESIAN_POINT('Origin',(218.687650481209,-65.4056277027369,6.1));
#15850=CARTESIAN_POINT('',(218.687650481209,-65.4056277027369,6.1));
#15851=CARTESIAN_POINT('',(182.643831407975,-65.4056277027369,6.1));
#15852=CARTESIAN_POINT('',(218.687650481209,-65.4056277027369,4.6));
#15853=CARTESIAN_POINT('',(218.687650481209,-65.4056277027369,6.1));
#15854=CARTESIAN_POINT('',(182.643831407975,-65.4056277027369,4.6));
#15855=CARTESIAN_POINT('Origin',(218.687650481209,-65.9056277027369,6.1));
#15856=CARTESIAN_POINT('Origin',(218.687650481209,-65.9056277027369,6.1));
#15857=CARTESIAN_POINT('Origin',(218.687650481209,-65.9056277027369,4.6));
#15858=CARTESIAN_POINT('Origin',(165.800150481209,-40.8056277027369,6.1));
#15859=CARTESIAN_POINT('',(165.800150481209,-40.8056277027369,6.1));
#15860=CARTESIAN_POINT('',(165.800150481209,-27.8056277027369,6.1));
#15861=CARTESIAN_POINT('',(165.800150481209,-51.8528136122048,6.1));
#15862=CARTESIAN_POINT('',(165.800150481209,-40.8056277027369,4.6));
#15863=CARTESIAN_POINT('',(165.800150481209,-40.8056277027369,6.1));
#15864=CARTESIAN_POINT('',(165.800150481209,-27.8056277027369,4.6));
#15865=CARTESIAN_POINT('',(165.800150481209,-51.8528136122048,4.6));
#15866=CARTESIAN_POINT('',(165.800150481209,-27.8056277027369,6.1));
#15867=CARTESIAN_POINT('Origin',(166.300150481209,-40.8056277027369,6.1));
#15868=CARTESIAN_POINT('',(166.300150481209,-41.3056277027369,6.1));
#15869=CARTESIAN_POINT('Origin',(166.300150481209,-40.8056277027369,6.1));
#15870=CARTESIAN_POINT('',(166.300150481209,-41.3056277027369,4.6));
#15871=CARTESIAN_POINT('',(166.300150481209,-41.3056277027369,6.1));
#15872=CARTESIAN_POINT('Origin',(166.300150481209,-40.8056277027369,4.6));
#15873=CARTESIAN_POINT('Origin',(179.300150481209,-41.3056277027369,6.1));
#15874=CARTESIAN_POINT('',(179.300150481209,-41.3056277027369,6.1));
#15875=CARTESIAN_POINT('',(162.950081407975,-41.3056277027369,6.1));
#15876=CARTESIAN_POINT('',(179.300150481209,-41.3056277027369,4.6));
#15877=CARTESIAN_POINT('',(179.300150481209,-41.3056277027369,6.1));
#15878=CARTESIAN_POINT('',(162.950081407975,-41.3056277027369,4.6));
#15879=CARTESIAN_POINT('Origin',(179.300150481209,-40.8056277027369,6.1));
#15880=CARTESIAN_POINT('',(179.800150481209,-40.8056277027369,6.1));
#15881=CARTESIAN_POINT('Origin',(179.300150481209,-40.8056277027369,6.1));
#15882=CARTESIAN_POINT('',(179.800150481209,-40.8056277027369,4.6));
#15883=CARTESIAN_POINT('',(179.800150481209,-40.8056277027369,6.1));
#15884=CARTESIAN_POINT('Origin',(179.300150481209,-40.8056277027369,4.6));
#15885=CARTESIAN_POINT('Origin',(179.800150481209,-27.8056277027369,6.1));
#15886=CARTESIAN_POINT('',(179.800150481209,-27.8056277027369,6.1));
#15887=CARTESIAN_POINT('',(179.800150481209,-45.3528136122048,6.1));
#15888=CARTESIAN_POINT('',(179.800150481209,-27.8056277027369,4.6));
#15889=CARTESIAN_POINT('',(179.800150481209,-27.8056277027369,6.1));
#15890=CARTESIAN_POINT('',(179.800150481209,-45.3528136122048,4.6));
#15891=CARTESIAN_POINT('Origin',(179.300150481209,-27.8056277027369,6.1));
#15892=CARTESIAN_POINT('',(179.300150481209,-27.3056277027369,6.1));
#15893=CARTESIAN_POINT('Origin',(179.300150481209,-27.8056277027369,6.1));
#15894=CARTESIAN_POINT('',(179.300150481209,-27.3056277027369,4.6));
#15895=CARTESIAN_POINT('',(179.300150481209,-27.3056277027369,6.1));
#15896=CARTESIAN_POINT('Origin',(179.300150481209,-27.8056277027369,4.6));
#15897=CARTESIAN_POINT('Origin',(166.300150481209,-27.3056277027369,6.1));
#15898=CARTESIAN_POINT('',(166.300150481209,-27.3056277027369,6.1));
#15899=CARTESIAN_POINT('',(156.450081407975,-27.3056277027369,6.1));
#15900=CARTESIAN_POINT('',(166.300150481209,-27.3056277027369,4.6));
#15901=CARTESIAN_POINT('',(166.300150481209,-27.3056277027369,6.1));
#15902=CARTESIAN_POINT('',(156.450081407975,-27.3056277027369,4.6));
#15903=CARTESIAN_POINT('Origin',(166.300150481209,-27.8056277027369,6.1));
#15904=CARTESIAN_POINT('Origin',(166.300150481209,-27.8056277027369,6.1));
#15905=CARTESIAN_POINT('Origin',(166.300150481209,-27.8056277027369,4.6));
#15906=CARTESIAN_POINT('Origin',(151.512650481209,-59.8556277027369,6.1));
#15907=CARTESIAN_POINT('',(151.512650481209,-59.8556277027369,6.1));
#15908=CARTESIAN_POINT('',(151.512650481209,-46.8556277027369,6.1));
#15909=CARTESIAN_POINT('',(151.512650481209,-61.3778136122048,6.1));
#15910=CARTESIAN_POINT('',(151.512650481209,-59.8556277027369,4.6));
#15911=CARTESIAN_POINT('',(151.512650481209,-59.8556277027369,6.1));
#15912=CARTESIAN_POINT('',(151.512650481209,-46.8556277027369,4.6));
#15913=CARTESIAN_POINT('',(151.512650481209,-61.3778136122048,4.6));
#15914=CARTESIAN_POINT('',(151.512650481209,-46.8556277027369,6.1));
#15915=CARTESIAN_POINT('Origin',(152.012650481209,-59.8556277027369,6.1));
#15916=CARTESIAN_POINT('',(152.012650481209,-60.3556277027369,6.1));
#15917=CARTESIAN_POINT('Origin',(152.012650481209,-59.8556277027369,6.1));
#15918=CARTESIAN_POINT('',(152.012650481209,-60.3556277027369,4.6));
#15919=CARTESIAN_POINT('',(152.012650481209,-60.3556277027369,6.1));
#15920=CARTESIAN_POINT('Origin',(152.012650481209,-59.8556277027369,4.6));
#15921=CARTESIAN_POINT('Origin',(165.012650481209,-60.3556277027369,6.1));
#15922=CARTESIAN_POINT('',(165.012650481209,-60.3556277027369,6.1));
#15923=CARTESIAN_POINT('',(155.806331407975,-60.3556277027369,6.1));
#15924=CARTESIAN_POINT('',(165.012650481209,-60.3556277027369,4.6));
#15925=CARTESIAN_POINT('',(165.012650481209,-60.3556277027369,6.1));
#15926=CARTESIAN_POINT('',(155.806331407975,-60.3556277027369,4.6));
#15927=CARTESIAN_POINT('Origin',(165.012650481209,-59.8556277027369,6.1));
#15928=CARTESIAN_POINT('',(165.512650481209,-59.8556277027369,6.1));
#15929=CARTESIAN_POINT('Origin',(165.012650481209,-59.8556277027369,6.1));
#15930=CARTESIAN_POINT('',(165.512650481209,-59.8556277027369,4.6));
#15931=CARTESIAN_POINT('',(165.512650481209,-59.8556277027369,6.1));
#15932=CARTESIAN_POINT('Origin',(165.012650481209,-59.8556277027369,4.6));
#15933=CARTESIAN_POINT('Origin',(165.512650481209,-46.8556277027369,6.1));
#15934=CARTESIAN_POINT('',(165.512650481209,-46.8556277027369,6.1));
#15935=CARTESIAN_POINT('',(165.512650481209,-54.8778136122048,6.1));
#15936=CARTESIAN_POINT('',(165.512650481209,-46.8556277027369,4.6));
#15937=CARTESIAN_POINT('',(165.512650481209,-46.8556277027369,6.1));
#15938=CARTESIAN_POINT('',(165.512650481209,-54.8778136122048,4.6));
#15939=CARTESIAN_POINT('Origin',(165.012650481209,-46.8556277027369,6.1));
#15940=CARTESIAN_POINT('',(165.012650481209,-46.3556277027369,6.1));
#15941=CARTESIAN_POINT('Origin',(165.012650481209,-46.8556277027369,6.1));
#15942=CARTESIAN_POINT('',(165.012650481209,-46.3556277027369,4.6));
#15943=CARTESIAN_POINT('',(165.012650481209,-46.3556277027369,6.1));
#15944=CARTESIAN_POINT('Origin',(165.012650481209,-46.8556277027369,4.6));
#15945=CARTESIAN_POINT('Origin',(152.012650481209,-46.3556277027369,6.1));
#15946=CARTESIAN_POINT('',(152.012650481209,-46.3556277027369,6.1));
#15947=CARTESIAN_POINT('',(149.306331407975,-46.3556277027369,6.1));
#15948=CARTESIAN_POINT('',(152.012650481209,-46.3556277027369,4.6));
#15949=CARTESIAN_POINT('',(152.012650481209,-46.3556277027369,6.1));
#15950=CARTESIAN_POINT('',(149.306331407975,-46.3556277027369,4.6));
#15951=CARTESIAN_POINT('Origin',(152.012650481209,-46.8556277027369,6.1));
#15952=CARTESIAN_POINT('Origin',(152.012650481209,-46.8556277027369,6.1));
#15953=CARTESIAN_POINT('Origin',(152.012650481209,-46.8556277027369,4.6));
#15954=CARTESIAN_POINT('Origin',(141.987650481209,-78.9056277027369,6.1));
#15955=CARTESIAN_POINT('',(141.987650481209,-78.9056277027369,6.1));
#15956=CARTESIAN_POINT('',(141.987650481209,-65.9056277027369,6.1));
#15957=CARTESIAN_POINT('',(141.987650481209,-70.9028136122048,6.1));
#15958=CARTESIAN_POINT('',(141.987650481209,-78.9056277027369,4.6));
#15959=CARTESIAN_POINT('',(141.987650481209,-78.9056277027369,6.1));
#15960=CARTESIAN_POINT('',(141.987650481209,-65.9056277027369,4.6));
#15961=CARTESIAN_POINT('',(141.987650481209,-70.9028136122048,4.6));
#15962=CARTESIAN_POINT('',(141.987650481209,-65.9056277027369,6.1));
#15963=CARTESIAN_POINT('Origin',(142.487650481209,-78.9056277027369,6.1));
#15964=CARTESIAN_POINT('',(142.487650481209,-79.4056277027369,6.1));
#15965=CARTESIAN_POINT('Origin',(142.487650481209,-78.9056277027369,6.1));
#15966=CARTESIAN_POINT('',(142.487650481209,-79.4056277027369,4.6));
#15967=CARTESIAN_POINT('',(142.487650481209,-79.4056277027369,6.1));
#15968=CARTESIAN_POINT('Origin',(142.487650481209,-78.9056277027369,4.6));
#15969=CARTESIAN_POINT('Origin',(155.487650481209,-79.4056277027369,6.1));
#15970=CARTESIAN_POINT('',(155.487650481209,-79.4056277027369,6.1));
#15971=CARTESIAN_POINT('',(151.043831407975,-79.4056277027369,6.1));
#15972=CARTESIAN_POINT('',(155.487650481209,-79.4056277027369,4.6));
#15973=CARTESIAN_POINT('',(155.487650481209,-79.4056277027369,6.1));
#15974=CARTESIAN_POINT('',(151.043831407975,-79.4056277027369,4.6));
#15975=CARTESIAN_POINT('Origin',(155.487650481209,-78.9056277027369,6.1));
#15976=CARTESIAN_POINT('',(155.987650481209,-78.9056277027369,6.1));
#15977=CARTESIAN_POINT('Origin',(155.487650481209,-78.9056277027369,6.1));
#15978=CARTESIAN_POINT('',(155.987650481209,-78.9056277027369,4.6));
#15979=CARTESIAN_POINT('',(155.987650481209,-78.9056277027369,6.1));
#15980=CARTESIAN_POINT('Origin',(155.487650481209,-78.9056277027369,4.6));
#15981=CARTESIAN_POINT('Origin',(155.987650481209,-65.9056277027369,6.1));
#15982=CARTESIAN_POINT('',(155.987650481209,-65.9056277027369,6.1));
#15983=CARTESIAN_POINT('',(155.987650481209,-64.4028136122048,6.1));
#15984=CARTESIAN_POINT('',(155.987650481209,-65.9056277027369,4.6));
#15985=CARTESIAN_POINT('',(155.987650481209,-65.9056277027369,6.1));
#15986=CARTESIAN_POINT('',(155.987650481209,-64.4028136122048,4.6));
#15987=CARTESIAN_POINT('Origin',(155.487650481209,-65.9056277027369,6.1));
#15988=CARTESIAN_POINT('',(155.487650481209,-65.4056277027369,6.1));
#15989=CARTESIAN_POINT('Origin',(155.487650481209,-65.9056277027369,6.1));
#15990=CARTESIAN_POINT('',(155.487650481209,-65.4056277027369,4.6));
#15991=CARTESIAN_POINT('',(155.487650481209,-65.4056277027369,6.1));
#15992=CARTESIAN_POINT('Origin',(155.487650481209,-65.9056277027369,4.6));
#15993=CARTESIAN_POINT('Origin',(142.487650481209,-65.4056277027369,6.1));
#15994=CARTESIAN_POINT('',(142.487650481209,-65.4056277027369,6.1));
#15995=CARTESIAN_POINT('',(144.543831407975,-65.4056277027369,6.1));
#15996=CARTESIAN_POINT('',(142.487650481209,-65.4056277027369,4.6));
#15997=CARTESIAN_POINT('',(142.487650481209,-65.4056277027369,6.1));
#15998=CARTESIAN_POINT('',(144.543831407975,-65.4056277027369,4.6));
#15999=CARTESIAN_POINT('Origin',(142.487650481209,-65.9056277027369,6.1));
#16000=CARTESIAN_POINT('Origin',(142.487650481209,-65.9056277027369,6.1));
#16001=CARTESIAN_POINT('Origin',(142.487650481209,-65.9056277027369,4.6));
#16002=CARTESIAN_POINT('Origin',(89.6001504812088,-40.8056277027369,6.1));
#16003=CARTESIAN_POINT('',(89.6001504812088,-40.8056277027369,6.1));
#16004=CARTESIAN_POINT('',(89.6001504812088,-27.8056277027369,6.1));
#16005=CARTESIAN_POINT('',(89.6001504812088,-51.8528136122048,6.1));
#16006=CARTESIAN_POINT('',(89.6001504812088,-40.8056277027369,4.6));
#16007=CARTESIAN_POINT('',(89.6001504812088,-40.8056277027369,6.1));
#16008=CARTESIAN_POINT('',(89.6001504812088,-27.8056277027369,4.6));
#16009=CARTESIAN_POINT('',(89.6001504812088,-51.8528136122048,4.6));
#16010=CARTESIAN_POINT('',(89.6001504812088,-27.8056277027369,6.1));
#16011=CARTESIAN_POINT('Origin',(90.1001504812088,-40.8056277027369,6.1));
#16012=CARTESIAN_POINT('',(90.1001504812088,-41.3056277027369,6.1));
#16013=CARTESIAN_POINT('Origin',(90.1001504812088,-40.8056277027369,6.1));
#16014=CARTESIAN_POINT('',(90.1001504812088,-41.3056277027369,4.6));
#16015=CARTESIAN_POINT('',(90.1001504812088,-41.3056277027369,6.1));
#16016=CARTESIAN_POINT('Origin',(90.1001504812088,-40.8056277027369,4.6));
#16017=CARTESIAN_POINT('Origin',(103.100150481209,-41.3056277027369,6.1));
#16018=CARTESIAN_POINT('',(103.100150481209,-41.3056277027369,6.1));
#16019=CARTESIAN_POINT('',(124.850081407975,-41.3056277027369,6.1));
#16020=CARTESIAN_POINT('',(103.100150481209,-41.3056277027369,4.6));
#16021=CARTESIAN_POINT('',(103.100150481209,-41.3056277027369,6.1));
#16022=CARTESIAN_POINT('',(124.850081407975,-41.3056277027369,4.6));
#16023=CARTESIAN_POINT('Origin',(103.100150481209,-40.8056277027369,6.1));
#16024=CARTESIAN_POINT('',(103.600150481209,-40.8056277027369,6.1));
#16025=CARTESIAN_POINT('Origin',(103.100150481209,-40.8056277027369,6.1));
#16026=CARTESIAN_POINT('',(103.600150481209,-40.8056277027369,4.6));
#16027=CARTESIAN_POINT('',(103.600150481209,-40.8056277027369,6.1));
#16028=CARTESIAN_POINT('Origin',(103.100150481209,-40.8056277027369,4.6));
#16029=CARTESIAN_POINT('Origin',(103.600150481209,-27.8056277027369,6.1));
#16030=CARTESIAN_POINT('',(103.600150481209,-27.8056277027369,6.1));
#16031=CARTESIAN_POINT('',(103.600150481209,-45.3528136122048,6.1));
#16032=CARTESIAN_POINT('',(103.600150481209,-27.8056277027369,4.6));
#16033=CARTESIAN_POINT('',(103.600150481209,-27.8056277027369,6.1));
#16034=CARTESIAN_POINT('',(103.600150481209,-45.3528136122048,4.6));
#16035=CARTESIAN_POINT('Origin',(103.100150481209,-27.8056277027369,6.1));
#16036=CARTESIAN_POINT('',(103.100150481209,-27.3056277027369,6.1));
#16037=CARTESIAN_POINT('Origin',(103.100150481209,-27.8056277027369,6.1));
#16038=CARTESIAN_POINT('',(103.100150481209,-27.3056277027369,4.6));
#16039=CARTESIAN_POINT('',(103.100150481209,-27.3056277027369,6.1));
#16040=CARTESIAN_POINT('Origin',(103.100150481209,-27.8056277027369,4.6));
#16041=CARTESIAN_POINT('Origin',(90.1001504812088,-27.3056277027369,6.1));
#16042=CARTESIAN_POINT('',(90.1001504812088,-27.3056277027369,6.1));
#16043=CARTESIAN_POINT('',(118.350081407975,-27.3056277027369,6.1));
#16044=CARTESIAN_POINT('',(90.1001504812088,-27.3056277027369,4.6));
#16045=CARTESIAN_POINT('',(90.1001504812088,-27.3056277027369,6.1));
#16046=CARTESIAN_POINT('',(118.350081407975,-27.3056277027369,4.6));
#16047=CARTESIAN_POINT('Origin',(90.1001504812088,-27.8056277027369,6.1));
#16048=CARTESIAN_POINT('Origin',(90.1001504812088,-27.8056277027369,6.1));
#16049=CARTESIAN_POINT('Origin',(90.1001504812088,-27.8056277027369,4.6));
#16050=CARTESIAN_POINT('Origin',(75.3126504812088,-59.8556277027369,6.1));
#16051=CARTESIAN_POINT('',(75.3126504812088,-59.8556277027369,6.1));
#16052=CARTESIAN_POINT('',(75.3126504812088,-46.8556277027369,6.1));
#16053=CARTESIAN_POINT('',(75.3126504812088,-61.3778136122048,6.1));
#16054=CARTESIAN_POINT('',(75.3126504812088,-59.8556277027369,4.6));
#16055=CARTESIAN_POINT('',(75.3126504812088,-59.8556277027369,6.1));
#16056=CARTESIAN_POINT('',(75.3126504812088,-46.8556277027369,4.6));
#16057=CARTESIAN_POINT('',(75.3126504812088,-61.3778136122048,4.6));
#16058=CARTESIAN_POINT('',(75.3126504812088,-46.8556277027369,6.1));
#16059=CARTESIAN_POINT('Origin',(75.8126504812088,-59.8556277027369,6.1));
#16060=CARTESIAN_POINT('',(75.8126504812088,-60.3556277027369,6.1));
#16061=CARTESIAN_POINT('Origin',(75.8126504812088,-59.8556277027369,6.1));
#16062=CARTESIAN_POINT('',(75.8126504812088,-60.3556277027369,4.6));
#16063=CARTESIAN_POINT('',(75.8126504812088,-60.3556277027369,6.1));
#16064=CARTESIAN_POINT('Origin',(75.8126504812088,-59.8556277027369,4.6));
#16065=CARTESIAN_POINT('Origin',(88.8126504812088,-60.3556277027369,6.1));
#16066=CARTESIAN_POINT('',(88.8126504812088,-60.3556277027369,6.1));
#16067=CARTESIAN_POINT('',(117.706331407975,-60.3556277027369,6.1));
#16068=CARTESIAN_POINT('',(88.8126504812088,-60.3556277027369,4.6));
#16069=CARTESIAN_POINT('',(88.8126504812088,-60.3556277027369,6.1));
#16070=CARTESIAN_POINT('',(117.706331407975,-60.3556277027369,4.6));
#16071=CARTESIAN_POINT('Origin',(88.8126504812088,-59.8556277027369,6.1));
#16072=CARTESIAN_POINT('',(89.3126504812088,-59.8556277027369,6.1));
#16073=CARTESIAN_POINT('Origin',(88.8126504812088,-59.8556277027369,6.1));
#16074=CARTESIAN_POINT('',(89.3126504812088,-59.8556277027369,4.6));
#16075=CARTESIAN_POINT('',(89.3126504812088,-59.8556277027369,6.1));
#16076=CARTESIAN_POINT('Origin',(88.8126504812088,-59.8556277027369,4.6));
#16077=CARTESIAN_POINT('Origin',(89.3126504812088,-46.8556277027369,6.1));
#16078=CARTESIAN_POINT('',(89.3126504812088,-46.8556277027369,6.1));
#16079=CARTESIAN_POINT('',(89.3126504812088,-54.8778136122048,6.1));
#16080=CARTESIAN_POINT('',(89.3126504812088,-46.8556277027369,4.6));
#16081=CARTESIAN_POINT('',(89.3126504812088,-46.8556277027369,6.1));
#16082=CARTESIAN_POINT('',(89.3126504812088,-54.8778136122048,4.6));
#16083=CARTESIAN_POINT('Origin',(88.8126504812088,-46.8556277027369,6.1));
#16084=CARTESIAN_POINT('',(88.8126504812088,-46.3556277027369,6.1));
#16085=CARTESIAN_POINT('Origin',(88.8126504812088,-46.8556277027369,6.1));
#16086=CARTESIAN_POINT('',(88.8126504812088,-46.3556277027369,4.6));
#16087=CARTESIAN_POINT('',(88.8126504812088,-46.3556277027369,6.1));
#16088=CARTESIAN_POINT('Origin',(88.8126504812088,-46.8556277027369,4.6));
#16089=CARTESIAN_POINT('Origin',(75.8126504812088,-46.3556277027369,6.1));
#16090=CARTESIAN_POINT('',(75.8126504812088,-46.3556277027369,6.1));
#16091=CARTESIAN_POINT('',(111.206331407975,-46.3556277027369,6.1));
#16092=CARTESIAN_POINT('',(75.8126504812088,-46.3556277027369,4.6));
#16093=CARTESIAN_POINT('',(75.8126504812088,-46.3556277027369,6.1));
#16094=CARTESIAN_POINT('',(111.206331407975,-46.3556277027369,4.6));
#16095=CARTESIAN_POINT('Origin',(75.8126504812088,-46.8556277027369,6.1));
#16096=CARTESIAN_POINT('Origin',(75.8126504812088,-46.8556277027369,6.1));
#16097=CARTESIAN_POINT('Origin',(75.8126504812088,-46.8556277027369,4.6));
#16098=CARTESIAN_POINT('Origin',(32.4501504812088,-40.8056277027369,6.1));
#16099=CARTESIAN_POINT('',(32.4501504812088,-40.8056277027369,6.1));
#16100=CARTESIAN_POINT('',(32.4501504812088,-27.8056277027369,6.1));
#16101=CARTESIAN_POINT('',(32.4501504812088,-51.8528136122048,6.1));
#16102=CARTESIAN_POINT('',(32.4501504812088,-40.8056277027369,4.6));
#16103=CARTESIAN_POINT('',(32.4501504812088,-40.8056277027369,6.1));
#16104=CARTESIAN_POINT('',(32.4501504812088,-27.8056277027369,4.6));
#16105=CARTESIAN_POINT('',(32.4501504812088,-51.8528136122048,4.6));
#16106=CARTESIAN_POINT('',(32.4501504812088,-27.8056277027369,6.1));
#16107=CARTESIAN_POINT('Origin',(32.9501504812088,-40.8056277027369,6.1));
#16108=CARTESIAN_POINT('',(32.9501504812088,-41.3056277027369,6.1));
#16109=CARTESIAN_POINT('Origin',(32.9501504812088,-40.8056277027369,6.1));
#16110=CARTESIAN_POINT('',(32.9501504812088,-41.3056277027369,4.6));
#16111=CARTESIAN_POINT('',(32.9501504812088,-41.3056277027369,6.1));
#16112=CARTESIAN_POINT('Origin',(32.9501504812088,-40.8056277027369,4.6));
#16113=CARTESIAN_POINT('Origin',(45.9501504812088,-41.3056277027369,6.1));
#16114=CARTESIAN_POINT('',(45.9501504812088,-41.3056277027369,6.1));
#16115=CARTESIAN_POINT('',(96.2750814079752,-41.3056277027369,6.1));
#16116=CARTESIAN_POINT('',(45.9501504812088,-41.3056277027369,4.6));
#16117=CARTESIAN_POINT('',(45.9501504812088,-41.3056277027369,6.1));
#16118=CARTESIAN_POINT('',(96.2750814079752,-41.3056277027369,4.6));
#16119=CARTESIAN_POINT('Origin',(45.9501504812088,-40.8056277027369,6.1));
#16120=CARTESIAN_POINT('',(46.4501504812088,-40.8056277027369,6.1));
#16121=CARTESIAN_POINT('Origin',(45.9501504812088,-40.8056277027369,6.1));
#16122=CARTESIAN_POINT('',(46.4501504812088,-40.8056277027369,4.6));
#16123=CARTESIAN_POINT('',(46.4501504812088,-40.8056277027369,6.1));
#16124=CARTESIAN_POINT('Origin',(45.9501504812088,-40.8056277027369,4.6));
#16125=CARTESIAN_POINT('Origin',(46.4501504812088,-27.8056277027369,6.1));
#16126=CARTESIAN_POINT('',(46.4501504812088,-27.8056277027369,6.1));
#16127=CARTESIAN_POINT('',(46.4501504812088,-45.3528136122048,6.1));
#16128=CARTESIAN_POINT('',(46.4501504812088,-27.8056277027369,4.6));
#16129=CARTESIAN_POINT('',(46.4501504812088,-27.8056277027369,6.1));
#16130=CARTESIAN_POINT('',(46.4501504812088,-45.3528136122048,4.6));
#16131=CARTESIAN_POINT('Origin',(45.9501504812088,-27.8056277027369,6.1));
#16132=CARTESIAN_POINT('',(45.9501504812088,-27.3056277027369,6.1));
#16133=CARTESIAN_POINT('Origin',(45.9501504812088,-27.8056277027369,6.1));
#16134=CARTESIAN_POINT('',(45.9501504812088,-27.3056277027369,4.6));
#16135=CARTESIAN_POINT('',(45.9501504812088,-27.3056277027369,6.1));
#16136=CARTESIAN_POINT('Origin',(45.9501504812088,-27.8056277027369,4.6));
#16137=CARTESIAN_POINT('Origin',(32.9501504812088,-27.3056277027369,6.1));
#16138=CARTESIAN_POINT('',(32.9501504812088,-27.3056277027369,6.1));
#16139=CARTESIAN_POINT('',(89.7750814079752,-27.3056277027369,6.1));
#16140=CARTESIAN_POINT('',(32.9501504812088,-27.3056277027369,4.6));
#16141=CARTESIAN_POINT('',(32.9501504812088,-27.3056277027369,6.1));
#16142=CARTESIAN_POINT('',(89.7750814079752,-27.3056277027369,4.6));
#16143=CARTESIAN_POINT('Origin',(32.9501504812088,-27.8056277027369,6.1));
#16144=CARTESIAN_POINT('Origin',(32.9501504812088,-27.8056277027369,6.1));
#16145=CARTESIAN_POINT('Origin',(32.9501504812088,-27.8056277027369,4.6));
#16146=CARTESIAN_POINT('Origin',(61.0251504812088,-97.9556277027369,6.1));
#16147=CARTESIAN_POINT('',(61.0251504812088,-97.9556277027369,6.1));
#16148=CARTESIAN_POINT('',(61.0251504812088,-84.9556277027369,6.1));
#16149=CARTESIAN_POINT('',(61.0251504812088,-80.4278136122048,6.1));
#16150=CARTESIAN_POINT('',(61.0251504812088,-97.9556277027369,4.6));
#16151=CARTESIAN_POINT('',(61.0251504812088,-97.9556277027369,6.1));
#16152=CARTESIAN_POINT('',(61.0251504812088,-84.9556277027369,4.6));
#16153=CARTESIAN_POINT('',(61.0251504812088,-80.4278136122048,4.6));
#16154=CARTESIAN_POINT('',(61.0251504812088,-84.9556277027369,6.1));
#16155=CARTESIAN_POINT('Origin',(61.5251504812088,-97.9556277027369,6.1));
#16156=CARTESIAN_POINT('',(61.5251504812088,-98.4556277027369,6.1));
#16157=CARTESIAN_POINT('Origin',(61.5251504812088,-97.9556277027369,6.1));
#16158=CARTESIAN_POINT('',(61.5251504812088,-98.4556277027369,4.6));
#16159=CARTESIAN_POINT('',(61.5251504812088,-98.4556277027369,6.1));
#16160=CARTESIAN_POINT('Origin',(61.5251504812088,-97.9556277027369,4.6));
#16161=CARTESIAN_POINT('Origin',(74.5251504812088,-98.4556277027369,6.1));
#16162=CARTESIAN_POINT('',(74.5251504812088,-98.4556277027369,6.1));
#16163=CARTESIAN_POINT('',(110.562581407975,-98.4556277027369,6.1));
#16164=CARTESIAN_POINT('',(74.5251504812088,-98.4556277027369,4.6));
#16165=CARTESIAN_POINT('',(74.5251504812088,-98.4556277027369,6.1));
#16166=CARTESIAN_POINT('',(110.562581407975,-98.4556277027369,4.6));
#16167=CARTESIAN_POINT('Origin',(74.5251504812088,-97.9556277027369,6.1));
#16168=CARTESIAN_POINT('',(75.0251504812088,-97.9556277027369,6.1));
#16169=CARTESIAN_POINT('Origin',(74.5251504812088,-97.9556277027369,6.1));
#16170=CARTESIAN_POINT('',(75.0251504812088,-97.9556277027369,4.6));
#16171=CARTESIAN_POINT('',(75.0251504812088,-97.9556277027369,6.1));
#16172=CARTESIAN_POINT('Origin',(74.5251504812088,-97.9556277027369,4.6));
#16173=CARTESIAN_POINT('Origin',(75.0251504812088,-84.9556277027369,6.1));
#16174=CARTESIAN_POINT('',(75.0251504812088,-84.9556277027369,6.1));
#16175=CARTESIAN_POINT('',(75.0251504812088,-73.9278136122048,6.1));
#16176=CARTESIAN_POINT('',(75.0251504812088,-84.9556277027369,4.6));
#16177=CARTESIAN_POINT('',(75.0251504812088,-84.9556277027369,6.1));
#16178=CARTESIAN_POINT('',(75.0251504812088,-73.9278136122048,4.6));
#16179=CARTESIAN_POINT('Origin',(74.5251504812088,-84.9556277027369,6.1));
#16180=CARTESIAN_POINT('',(74.5251504812088,-84.4556277027369,6.1));
#16181=CARTESIAN_POINT('Origin',(74.5251504812088,-84.9556277027369,6.1));
#16182=CARTESIAN_POINT('',(74.5251504812088,-84.4556277027369,4.6));
#16183=CARTESIAN_POINT('',(74.5251504812088,-84.4556277027369,6.1));
#16184=CARTESIAN_POINT('Origin',(74.5251504812088,-84.9556277027369,4.6));
#16185=CARTESIAN_POINT('Origin',(61.5251504812088,-84.4556277027369,6.1));
#16186=CARTESIAN_POINT('',(61.5251504812088,-84.4556277027369,6.1));
#16187=CARTESIAN_POINT('',(104.062581407975,-84.4556277027369,6.1));
#16188=CARTESIAN_POINT('',(61.5251504812088,-84.4556277027369,4.6));
#16189=CARTESIAN_POINT('',(61.5251504812088,-84.4556277027369,6.1));
#16190=CARTESIAN_POINT('',(104.062581407975,-84.4556277027369,4.6));
#16191=CARTESIAN_POINT('Origin',(61.5251504812088,-84.9556277027369,6.1));
#16192=CARTESIAN_POINT('Origin',(61.5251504812088,-84.9556277027369,6.1));
#16193=CARTESIAN_POINT('Origin',(61.5251504812088,-84.9556277027369,4.6));
#16194=CARTESIAN_POINT('Origin',(189.119400481209,-83.4556277027369,6.1));
#16195=CARTESIAN_POINT('',(189.119400481209,-82.9556277027369,6.1));
#16196=CARTESIAN_POINT('',(189.619400481209,-83.4556277027369,6.1));
#16197=CARTESIAN_POINT('Origin',(189.119400481209,-83.4556277027369,6.1));
#16198=CARTESIAN_POINT('',(189.119400481209,-82.9556277027369,4.6));
#16199=CARTESIAN_POINT('',(189.119400481209,-82.9556277027369,6.1));
#16200=CARTESIAN_POINT('',(189.619400481209,-83.4556277027369,4.6));
#16201=CARTESIAN_POINT('Origin',(189.119400481209,-83.4556277027369,4.6));
#16202=CARTESIAN_POINT('',(189.619400481209,-83.4556277027369,6.1));
#16203=CARTESIAN_POINT('Origin',(185.119400481209,-82.9556277027369,6.1));
#16204=CARTESIAN_POINT('',(185.119400481209,-82.9556277027369,6.1));
#16205=CARTESIAN_POINT('',(165.859706407975,-82.9556277027369,6.1));
#16206=CARTESIAN_POINT('',(185.119400481209,-82.9556277027369,4.6));
#16207=CARTESIAN_POINT('',(185.119400481209,-82.9556277027369,6.1));
#16208=CARTESIAN_POINT('',(165.859706407975,-82.9556277027369,4.6));
#16209=CARTESIAN_POINT('Origin',(185.119400481209,-83.4556277027369,6.1));
#16210=CARTESIAN_POINT('',(184.619400481209,-83.4556277027369,6.1));
#16211=CARTESIAN_POINT('Origin',(185.119400481209,-83.4556277027369,6.1));
#16212=CARTESIAN_POINT('',(184.619400481209,-83.4556277027369,4.6));
#16213=CARTESIAN_POINT('',(184.619400481209,-83.4556277027369,6.1));
#16214=CARTESIAN_POINT('Origin',(185.119400481209,-83.4556277027369,4.6));
#16215=CARTESIAN_POINT('Origin',(184.619400481209,-83.9556277027369,6.1));
#16216=CARTESIAN_POINT('',(184.619400481209,-83.9556277027369,6.1));
#16217=CARTESIAN_POINT('',(184.619400481209,-73.4278136122048,6.1));
#16218=CARTESIAN_POINT('',(184.619400481209,-83.9556277027369,4.6));
#16219=CARTESIAN_POINT('',(184.619400481209,-83.9556277027369,6.1));
#16220=CARTESIAN_POINT('',(184.619400481209,-73.4278136122048,4.6));
#16221=CARTESIAN_POINT('Origin',(184.119400481209,-83.9556277027369,6.1));
#16222=CARTESIAN_POINT('',(184.119400481209,-84.4556277027369,6.1));
#16223=CARTESIAN_POINT('Origin',(184.119400481209,-83.9556277027369,6.1));
#16224=CARTESIAN_POINT('',(184.119400481209,-84.4556277027369,4.6));
#16225=CARTESIAN_POINT('',(184.119400481209,-84.4556277027369,6.1));
#16226=CARTESIAN_POINT('Origin',(184.119400481209,-83.9556277027369,4.6));
#16227=CARTESIAN_POINT('Origin',(183.869400481209,-84.4556277027369,6.1));
#16228=CARTESIAN_POINT('',(183.869400481209,-84.4556277027369,6.1));
#16229=CARTESIAN_POINT('',(165.234706407975,-84.4556277027369,6.1));
#16230=CARTESIAN_POINT('',(183.869400481209,-84.4556277027369,4.6));
#16231=CARTESIAN_POINT('',(183.869400481209,-84.4556277027369,6.1));
#16232=CARTESIAN_POINT('',(165.234706407975,-84.4556277027369,4.6));
#16233=CARTESIAN_POINT('Origin',(183.869400481209,-84.9556277027369,6.1));
#16234=CARTESIAN_POINT('',(183.369400481209,-84.9556277027369,6.1));
#16235=CARTESIAN_POINT('Origin',(183.869400481209,-84.9556277027369,6.1));
#16236=CARTESIAN_POINT('',(183.369400481209,-84.9556277027369,4.6));
#16237=CARTESIAN_POINT('',(183.369400481209,-84.9556277027369,6.1));
#16238=CARTESIAN_POINT('Origin',(183.869400481209,-84.9556277027369,4.6));
#16239=CARTESIAN_POINT('Origin',(183.369400481209,-97.9556277027369,6.1));
#16240=CARTESIAN_POINT('',(183.369400481209,-97.9556277027369,6.1));
#16241=CARTESIAN_POINT('',(183.369400481209,-80.4278136122048,6.1));
#16242=CARTESIAN_POINT('',(183.369400481209,-97.9556277027369,4.6));
#16243=CARTESIAN_POINT('',(183.369400481209,-97.9556277027369,6.1));
#16244=CARTESIAN_POINT('',(183.369400481209,-80.4278136122048,4.6));
#16245=CARTESIAN_POINT('Origin',(183.869400481209,-97.9556277027369,6.1));
#16246=CARTESIAN_POINT('',(183.869400481209,-98.4556277027369,6.1));
#16247=CARTESIAN_POINT('Origin',(183.869400481209,-97.9556277027369,6.1));
#16248=CARTESIAN_POINT('',(183.869400481209,-98.4556277027369,4.6));
#16249=CARTESIAN_POINT('',(183.869400481209,-98.4556277027369,6.1));
#16250=CARTESIAN_POINT('Origin',(183.869400481209,-97.9556277027369,4.6));
#16251=CARTESIAN_POINT('Origin',(184.119400481209,-98.4556277027369,6.1));
#16252=CARTESIAN_POINT('',(184.119400481209,-98.4556277027369,6.1));
#16253=CARTESIAN_POINT('',(165.359706407975,-98.4556277027369,6.1));
#16254=CARTESIAN_POINT('',(184.119400481209,-98.4556277027369,4.6));
#16255=CARTESIAN_POINT('',(184.119400481209,-98.4556277027369,6.1));
#16256=CARTESIAN_POINT('',(165.359706407975,-98.4556277027369,4.6));
#16257=CARTESIAN_POINT('Origin',(184.119400481209,-98.9556277027369,6.1));
#16258=CARTESIAN_POINT('',(184.619400481209,-98.9556277027369,6.1));
#16259=CARTESIAN_POINT('Origin',(184.119400481209,-98.9556277027369,6.1));
#16260=CARTESIAN_POINT('',(184.619400481209,-98.9556277027369,4.6));
#16261=CARTESIAN_POINT('',(184.619400481209,-98.9556277027369,6.1));
#16262=CARTESIAN_POINT('Origin',(184.119400481209,-98.9556277027369,4.6));
#16263=CARTESIAN_POINT('Origin',(184.619400481209,-99.4556277027369,6.1));
#16264=CARTESIAN_POINT('',(184.619400481209,-99.4556277027369,6.1));
#16265=CARTESIAN_POINT('',(184.619400481209,-81.1778136122048,6.1));
#16266=CARTESIAN_POINT('',(184.619400481209,-99.4556277027369,4.6));
#16267=CARTESIAN_POINT('',(184.619400481209,-99.4556277027369,6.1));
#16268=CARTESIAN_POINT('',(184.619400481209,-81.1778136122048,4.6));
#16269=CARTESIAN_POINT('Origin',(185.119400481209,-99.4556277027369,6.1));
#16270=CARTESIAN_POINT('',(185.119400481209,-99.9556277027369,6.1));
#16271=CARTESIAN_POINT('Origin',(185.119400481209,-99.4556277027369,6.1));
#16272=CARTESIAN_POINT('',(185.119400481209,-99.9556277027369,4.6));
#16273=CARTESIAN_POINT('',(185.119400481209,-99.9556277027369,6.1));
#16274=CARTESIAN_POINT('Origin',(185.119400481209,-99.4556277027369,4.6));
#16275=CARTESIAN_POINT('Origin',(189.119400481209,-99.9556277027369,6.1));
#16276=CARTESIAN_POINT('',(189.119400481209,-99.9556277027369,6.1));
#16277=CARTESIAN_POINT('',(167.859706407975,-99.9556277027369,6.1));
#16278=CARTESIAN_POINT('',(189.119400481209,-99.9556277027369,4.6));
#16279=CARTESIAN_POINT('',(189.119400481209,-99.9556277027369,6.1));
#16280=CARTESIAN_POINT('',(167.859706407975,-99.9556277027369,4.6));
#16281=CARTESIAN_POINT('Origin',(189.119400481209,-99.4556277027369,6.1));
#16282=CARTESIAN_POINT('',(189.619400481209,-99.4556277027369,6.1));
#16283=CARTESIAN_POINT('Origin',(189.119400481209,-99.4556277027369,6.1));
#16284=CARTESIAN_POINT('',(189.619400481209,-99.4556277027369,4.6));
#16285=CARTESIAN_POINT('',(189.619400481209,-99.4556277027369,6.1));
#16286=CARTESIAN_POINT('Origin',(189.119400481209,-99.4556277027369,4.6));
#16287=CARTESIAN_POINT('Origin',(189.619400481209,-98.9556277027369,6.1));
#16288=CARTESIAN_POINT('',(189.619400481209,-98.9556277027369,6.1));
#16289=CARTESIAN_POINT('',(189.619400481209,-80.9278136122048,6.1));
#16290=CARTESIAN_POINT('',(189.619400481209,-98.9556277027369,4.6));
#16291=CARTESIAN_POINT('',(189.619400481209,-98.9556277027369,6.1));
#16292=CARTESIAN_POINT('',(189.619400481209,-80.9278136122048,4.6));
#16293=CARTESIAN_POINT('Origin',(190.119400481209,-98.9556277027369,6.1));
#16294=CARTESIAN_POINT('',(190.119400481209,-98.4556277027369,6.1));
#16295=CARTESIAN_POINT('Origin',(190.119400481209,-98.9556277027369,6.1));
#16296=CARTESIAN_POINT('',(190.119400481209,-98.4556277027369,4.6));
#16297=CARTESIAN_POINT('',(190.119400481209,-98.4556277027369,6.1));
#16298=CARTESIAN_POINT('Origin',(190.119400481209,-98.9556277027369,4.6));
#16299=CARTESIAN_POINT('Origin',(190.369400481209,-98.4556277027369,6.1));
#16300=CARTESIAN_POINT('',(190.369400481209,-98.4556277027369,6.1));
#16301=CARTESIAN_POINT('',(168.484706407976,-98.4556277027377,6.1));
#16302=CARTESIAN_POINT('',(190.369400481209,-98.4556277027369,4.6));
#16303=CARTESIAN_POINT('',(190.369400481209,-98.4556277027369,6.1));
#16304=CARTESIAN_POINT('',(168.484706407976,-98.4556277027377,4.6));
#16305=CARTESIAN_POINT('Origin',(190.369400481209,-97.9556277027369,6.1));
#16306=CARTESIAN_POINT('',(190.869400481209,-97.9556277027369,6.1));
#16307=CARTESIAN_POINT('Origin',(190.369400481209,-97.9556277027369,6.1));
#16308=CARTESIAN_POINT('',(190.869400481209,-97.9556277027369,4.6));
#16309=CARTESIAN_POINT('',(190.869400481209,-97.9556277027369,6.1));
#16310=CARTESIAN_POINT('Origin',(190.369400481209,-97.9556277027369,4.6));
#16311=CARTESIAN_POINT('Origin',(190.869400481209,-84.9556277027369,6.1));
#16312=CARTESIAN_POINT('',(190.869400481209,-84.9556277027369,6.1));
#16313=CARTESIAN_POINT('',(190.869400481209,-73.9278136122048,6.1));
#16314=CARTESIAN_POINT('',(190.869400481209,-84.9556277027369,4.6));
#16315=CARTESIAN_POINT('',(190.869400481209,-84.9556277027369,6.1));
#16316=CARTESIAN_POINT('',(190.869400481209,-73.9278136122048,4.6));
#16317=CARTESIAN_POINT('Origin',(190.369400481209,-84.9556277027369,6.1));
#16318=CARTESIAN_POINT('',(190.369400481209,-84.4556277027369,6.1));
#16319=CARTESIAN_POINT('Origin',(190.369400481209,-84.9556277027369,6.1));
#16320=CARTESIAN_POINT('',(190.369400481209,-84.4556277027369,4.6));
#16321=CARTESIAN_POINT('',(190.369400481209,-84.4556277027369,6.1));
#16322=CARTESIAN_POINT('Origin',(190.369400481209,-84.9556277027369,4.6));
#16323=CARTESIAN_POINT('Origin',(190.119400481209,-84.4556277027369,6.1));
#16324=CARTESIAN_POINT('',(190.119400481209,-84.4556277027369,6.1));
#16325=CARTESIAN_POINT('',(168.359706407975,-84.4556277027369,6.1));
#16326=CARTESIAN_POINT('',(190.119400481209,-84.4556277027369,4.6));
#16327=CARTESIAN_POINT('',(190.119400481209,-84.4556277027369,6.1));
#16328=CARTESIAN_POINT('',(168.359706407975,-84.4556277027369,4.6));
#16329=CARTESIAN_POINT('Origin',(190.119400481209,-83.9556277027369,6.1));
#16330=CARTESIAN_POINT('',(189.619400481209,-83.9556277027369,6.1));
#16331=CARTESIAN_POINT('Origin',(190.119400481209,-83.9556277027369,6.1));
#16332=CARTESIAN_POINT('',(189.619400481209,-83.9556277027369,4.6));
#16333=CARTESIAN_POINT('',(189.619400481209,-83.9556277027369,6.1));
#16334=CARTESIAN_POINT('Origin',(190.119400481209,-83.9556277027369,4.6));
#16335=CARTESIAN_POINT('Origin',(189.619400481209,-83.4556277027369,6.1));
#16336=CARTESIAN_POINT('',(189.619400481209,-73.1778136122048,6.1));
#16337=CARTESIAN_POINT('',(189.619400481209,-73.1778136122048,4.6));
#16338=CARTESIAN_POINT('Origin',(131.925148246035,-83.4556277027369,6.1));
#16339=CARTESIAN_POINT('',(131.925148246035,-82.9556277027369,6.1));
#16340=CARTESIAN_POINT('',(132.425148246035,-83.4556277027369,6.1));
#16341=CARTESIAN_POINT('Origin',(131.925148246035,-83.4556277027369,6.1));
#16342=CARTESIAN_POINT('',(131.925148246035,-82.9556277027369,4.6));
#16343=CARTESIAN_POINT('',(131.925148246035,-82.9556277027369,6.1));
#16344=CARTESIAN_POINT('',(132.425148246035,-83.4556277027369,4.6));
#16345=CARTESIAN_POINT('Origin',(131.925148246035,-83.4556277027369,4.6));
#16346=CARTESIAN_POINT('',(132.425148246035,-83.4556277027369,6.1));
#16347=CARTESIAN_POINT('Origin',(127.925148246035,-82.9556277027369,6.1));
#16348=CARTESIAN_POINT('',(127.925148246035,-82.9556277027369,6.1));
#16349=CARTESIAN_POINT('',(137.262580290388,-82.9556277027369,6.1));
#16350=CARTESIAN_POINT('',(127.925148246035,-82.9556277027369,4.6));
#16351=CARTESIAN_POINT('',(127.925148246035,-82.9556277027369,6.1));
#16352=CARTESIAN_POINT('',(137.262580290388,-82.9556277027369,4.6));
#16353=CARTESIAN_POINT('Origin',(127.925148246035,-83.4556277027369,6.1));
#16354=CARTESIAN_POINT('',(127.425148246035,-83.4556277027369,6.1));
#16355=CARTESIAN_POINT('Origin',(127.925148246035,-83.4556277027369,6.1));
#16356=CARTESIAN_POINT('',(127.425148246035,-83.4556277027369,4.6));
#16357=CARTESIAN_POINT('',(127.425148246035,-83.4556277027369,6.1));
#16358=CARTESIAN_POINT('Origin',(127.925148246035,-83.4556277027369,4.6));
#16359=CARTESIAN_POINT('Origin',(127.425148246035,-83.9556277027369,6.1));
#16360=CARTESIAN_POINT('',(127.425148246035,-83.9556277027369,6.1));
#16361=CARTESIAN_POINT('',(127.425148246035,-73.4278136122048,6.1));
#16362=CARTESIAN_POINT('',(127.425148246035,-83.9556277027369,4.6));
#16363=CARTESIAN_POINT('',(127.425148246035,-83.9556277027369,6.1));
#16364=CARTESIAN_POINT('',(127.425148246035,-73.4278136122048,4.6));
#16365=CARTESIAN_POINT('Origin',(126.925148246035,-83.9556277027369,6.1));
#16366=CARTESIAN_POINT('',(126.925148246035,-84.4556277027369,6.1));
#16367=CARTESIAN_POINT('Origin',(126.925148246035,-83.9556277027369,6.1));
#16368=CARTESIAN_POINT('',(126.925148246035,-84.4556277027369,4.6));
#16369=CARTESIAN_POINT('',(126.925148246035,-84.4556277027369,6.1));
#16370=CARTESIAN_POINT('Origin',(126.925148246035,-83.9556277027369,4.6));
#16371=CARTESIAN_POINT('Origin',(126.675148246035,-84.4556277027369,6.1));
#16372=CARTESIAN_POINT('',(126.675148246035,-84.4556277027369,6.1));
#16373=CARTESIAN_POINT('',(136.637580290388,-84.4556277027369,6.1));
#16374=CARTESIAN_POINT('',(126.675148246035,-84.4556277027369,4.6));
#16375=CARTESIAN_POINT('',(126.675148246035,-84.4556277027369,6.1));
#16376=CARTESIAN_POINT('',(136.637580290388,-84.4556277027369,4.6));
#16377=CARTESIAN_POINT('Origin',(126.675148246035,-84.9556277027369,6.1));
#16378=CARTESIAN_POINT('',(126.175148246035,-84.9556277027369,6.1));
#16379=CARTESIAN_POINT('Origin',(126.675148246035,-84.9556277027369,6.1));
#16380=CARTESIAN_POINT('',(126.175148246035,-84.9556277027369,4.6));
#16381=CARTESIAN_POINT('',(126.175148246035,-84.9556277027369,6.1));
#16382=CARTESIAN_POINT('Origin',(126.675148246035,-84.9556277027369,4.6));
#16383=CARTESIAN_POINT('Origin',(126.175148246035,-97.9556277027369,6.1));
#16384=CARTESIAN_POINT('',(126.175148246035,-97.9556277027369,6.1));
#16385=CARTESIAN_POINT('',(126.175148246035,-80.4278136122048,6.1));
#16386=CARTESIAN_POINT('',(126.175148246035,-97.9556277027369,4.6));
#16387=CARTESIAN_POINT('',(126.175148246035,-97.9556277027369,6.1));
#16388=CARTESIAN_POINT('',(126.175148246035,-80.4278136122048,4.6));
#16389=CARTESIAN_POINT('Origin',(126.675148246035,-97.9556277027369,6.1));
#16390=CARTESIAN_POINT('',(126.675148246035,-98.4556277027369,6.1));
#16391=CARTESIAN_POINT('Origin',(126.675148246035,-97.9556277027369,6.1));
#16392=CARTESIAN_POINT('',(126.675148246035,-98.4556277027369,4.6));
#16393=CARTESIAN_POINT('',(126.675148246035,-98.4556277027369,6.1));
#16394=CARTESIAN_POINT('Origin',(126.675148246035,-97.9556277027369,4.6));
#16395=CARTESIAN_POINT('Origin',(126.925148246035,-98.4556277027369,6.1));
#16396=CARTESIAN_POINT('',(126.925148246035,-98.4556277027369,6.1));
#16397=CARTESIAN_POINT('',(136.762580290388,-98.4556277027369,6.1));
#16398=CARTESIAN_POINT('',(126.925148246035,-98.4556277027369,4.6));
#16399=CARTESIAN_POINT('',(126.925148246035,-98.4556277027369,6.1));
#16400=CARTESIAN_POINT('',(136.762580290388,-98.4556277027369,4.6));
#16401=CARTESIAN_POINT('Origin',(126.925148246035,-98.9556277027369,6.1));
#16402=CARTESIAN_POINT('',(127.425148246035,-98.9556277027369,6.1));
#16403=CARTESIAN_POINT('Origin',(126.925148246035,-98.9556277027369,6.1));
#16404=CARTESIAN_POINT('',(127.425148246035,-98.9556277027369,4.6));
#16405=CARTESIAN_POINT('',(127.425148246035,-98.9556277027369,6.1));
#16406=CARTESIAN_POINT('Origin',(126.925148246035,-98.9556277027369,4.6));
#16407=CARTESIAN_POINT('Origin',(127.425148246035,-99.4556277027369,6.1));
#16408=CARTESIAN_POINT('',(127.425148246035,-99.4556277027369,6.1));
#16409=CARTESIAN_POINT('',(127.425148246035,-81.1778136122048,6.1));
#16410=CARTESIAN_POINT('',(127.425148246035,-99.4556277027369,4.6));
#16411=CARTESIAN_POINT('',(127.425148246035,-99.4556277027369,6.1));
#16412=CARTESIAN_POINT('',(127.425148246035,-81.1778136122048,4.6));
#16413=CARTESIAN_POINT('Origin',(127.925148246035,-99.4556277027369,6.1));
#16414=CARTESIAN_POINT('',(127.925148246035,-99.9556277027369,6.1));
#16415=CARTESIAN_POINT('Origin',(127.925148246035,-99.4556277027369,6.1));
#16416=CARTESIAN_POINT('',(127.925148246035,-99.9556277027369,4.6));
#16417=CARTESIAN_POINT('',(127.925148246035,-99.9556277027369,6.1));
#16418=CARTESIAN_POINT('Origin',(127.925148246035,-99.4556277027369,4.6));
#16419=CARTESIAN_POINT('Origin',(131.925148246035,-99.9556277027369,6.1));
#16420=CARTESIAN_POINT('',(131.925148246035,-99.9556277027369,6.1));
#16421=CARTESIAN_POINT('',(139.262580290388,-99.9556277027369,6.1));
#16422=CARTESIAN_POINT('',(131.925148246035,-99.9556277027369,4.6));
#16423=CARTESIAN_POINT('',(131.925148246035,-99.9556277027369,6.1));
#16424=CARTESIAN_POINT('',(139.262580290388,-99.9556277027369,4.6));
#16425=CARTESIAN_POINT('Origin',(131.925148246035,-99.4556277027369,6.1));
#16426=CARTESIAN_POINT('',(132.425148246035,-99.4556277027369,6.1));
#16427=CARTESIAN_POINT('Origin',(131.925148246035,-99.4556277027369,6.1));
#16428=CARTESIAN_POINT('',(132.425148246035,-99.4556277027369,4.6));
#16429=CARTESIAN_POINT('',(132.425148246035,-99.4556277027369,6.1));
#16430=CARTESIAN_POINT('Origin',(131.925148246035,-99.4556277027369,4.6));
#16431=CARTESIAN_POINT('Origin',(132.425148246035,-98.9556277027369,6.1));
#16432=CARTESIAN_POINT('',(132.425148246035,-98.9556277027369,6.1));
#16433=CARTESIAN_POINT('',(132.425148246035,-80.9278136122048,6.1));
#16434=CARTESIAN_POINT('',(132.425148246035,-98.9556277027369,4.6));
#16435=CARTESIAN_POINT('',(132.425148246035,-98.9556277027369,6.1));
#16436=CARTESIAN_POINT('',(132.425148246035,-80.9278136122048,4.6));
#16437=CARTESIAN_POINT('Origin',(132.925148246035,-98.9556277027369,6.1));
#16438=CARTESIAN_POINT('',(132.925148246035,-98.4556277027369,6.1));
#16439=CARTESIAN_POINT('Origin',(132.925148246035,-98.9556277027369,6.1));
#16440=CARTESIAN_POINT('',(132.925148246035,-98.4556277027369,4.6));
#16441=CARTESIAN_POINT('',(132.925148246035,-98.4556277027369,6.1));
#16442=CARTESIAN_POINT('Origin',(132.925148246035,-98.9556277027369,4.6));
#16443=CARTESIAN_POINT('Origin',(133.175148246035,-98.4556277027369,6.1));
#16444=CARTESIAN_POINT('',(133.175148246035,-98.4556277027369,6.1));
#16445=CARTESIAN_POINT('',(139.887580290389,-98.4556277027367,6.1));
#16446=CARTESIAN_POINT('',(133.175148246035,-98.4556277027369,4.6));
#16447=CARTESIAN_POINT('',(133.175148246035,-98.4556277027369,6.1));
#16448=CARTESIAN_POINT('',(139.887580290389,-98.4556277027367,4.6));
#16449=CARTESIAN_POINT('Origin',(133.175148246035,-97.9556277027369,6.1));
#16450=CARTESIAN_POINT('',(133.675148246035,-97.9556277027369,6.1));
#16451=CARTESIAN_POINT('Origin',(133.175148246035,-97.9556277027369,6.1));
#16452=CARTESIAN_POINT('',(133.675148246035,-97.9556277027369,4.6));
#16453=CARTESIAN_POINT('',(133.675148246035,-97.9556277027369,6.1));
#16454=CARTESIAN_POINT('Origin',(133.175148246035,-97.9556277027369,4.6));
#16455=CARTESIAN_POINT('Origin',(133.675148246035,-84.9556277027369,6.1));
#16456=CARTESIAN_POINT('',(133.675148246035,-84.9556277027369,6.1));
#16457=CARTESIAN_POINT('',(133.675148246035,-73.9278136122048,6.1));
#16458=CARTESIAN_POINT('',(133.675148246035,-84.9556277027369,4.6));
#16459=CARTESIAN_POINT('',(133.675148246035,-84.9556277027369,6.1));
#16460=CARTESIAN_POINT('',(133.675148246035,-73.9278136122048,4.6));
#16461=CARTESIAN_POINT('Origin',(133.175148246035,-84.9556277027369,6.1));
#16462=CARTESIAN_POINT('',(133.175148246035,-84.4556277027369,6.1));
#16463=CARTESIAN_POINT('Origin',(133.175148246035,-84.9556277027369,6.1));
#16464=CARTESIAN_POINT('',(133.175148246035,-84.4556277027369,4.6));
#16465=CARTESIAN_POINT('',(133.175148246035,-84.4556277027369,6.1));
#16466=CARTESIAN_POINT('Origin',(133.175148246035,-84.9556277027369,4.6));
#16467=CARTESIAN_POINT('Origin',(132.925148246035,-84.4556277027369,6.1));
#16468=CARTESIAN_POINT('',(132.925148246035,-84.4556277027369,6.1));
#16469=CARTESIAN_POINT('',(139.762580290388,-84.4556277027369,6.1));
#16470=CARTESIAN_POINT('',(132.925148246035,-84.4556277027369,4.6));
#16471=CARTESIAN_POINT('',(132.925148246035,-84.4556277027369,6.1));
#16472=CARTESIAN_POINT('',(139.762580290388,-84.4556277027369,4.6));
#16473=CARTESIAN_POINT('Origin',(132.925148246035,-83.9556277027369,6.1));
#16474=CARTESIAN_POINT('',(132.425148246035,-83.9556277027369,6.1));
#16475=CARTESIAN_POINT('Origin',(132.925148246035,-83.9556277027369,6.1));
#16476=CARTESIAN_POINT('',(132.425148246035,-83.9556277027369,4.6));
#16477=CARTESIAN_POINT('',(132.425148246035,-83.9556277027369,6.1));
#16478=CARTESIAN_POINT('Origin',(132.925148246035,-83.9556277027369,4.6));
#16479=CARTESIAN_POINT('Origin',(132.425148246035,-83.4556277027369,6.1));
#16480=CARTESIAN_POINT('',(132.425148246035,-73.1778136122048,6.1));
#16481=CARTESIAN_POINT('',(132.425148246035,-73.1778136122048,4.6));
#16482=CARTESIAN_POINT('Origin',(111.031400481209,-97.9556277027369,6.1));
#16483=CARTESIAN_POINT('',(111.031400481209,-97.9556277027369,6.1));
#16484=CARTESIAN_POINT('',(111.031400481209,-84.9556277027369,6.1));
#16485=CARTESIAN_POINT('',(111.031400481209,-80.4278136122048,6.1));
#16486=CARTESIAN_POINT('',(111.031400481209,-97.9556277027369,4.6));
#16487=CARTESIAN_POINT('',(111.031400481209,-97.9556277027369,6.1));
#16488=CARTESIAN_POINT('',(111.031400481209,-84.9556277027369,4.6));
#16489=CARTESIAN_POINT('',(111.031400481209,-80.4278136122048,4.6));
#16490=CARTESIAN_POINT('',(111.031400481209,-84.9556277027369,6.1));
#16491=CARTESIAN_POINT('Origin',(111.531400481209,-97.9556277027369,6.1));
#16492=CARTESIAN_POINT('',(111.531400481209,-98.4556277027369,6.1));
#16493=CARTESIAN_POINT('Origin',(111.531400481209,-97.9556277027369,6.1));
#16494=CARTESIAN_POINT('',(111.531400481209,-98.4556277027369,4.6));
#16495=CARTESIAN_POINT('',(111.531400481209,-98.4556277027369,6.1));
#16496=CARTESIAN_POINT('Origin',(111.531400481209,-97.9556277027369,4.6));
#16497=CARTESIAN_POINT('Origin',(124.531400481209,-98.4556277027369,6.1));
#16498=CARTESIAN_POINT('',(124.531400481209,-98.4556277027369,6.1));
#16499=CARTESIAN_POINT('',(135.565706407975,-98.4556277027369,6.1));
#16500=CARTESIAN_POINT('',(124.531400481209,-98.4556277027369,4.6));
#16501=CARTESIAN_POINT('',(124.531400481209,-98.4556277027369,6.1));
#16502=CARTESIAN_POINT('',(135.565706407975,-98.4556277027369,4.6));
#16503=CARTESIAN_POINT('Origin',(124.531400481209,-97.9556277027369,6.1));
#16504=CARTESIAN_POINT('',(125.031400481209,-97.9556277027369,6.1));
#16505=CARTESIAN_POINT('Origin',(124.531400481209,-97.9556277027369,6.1));
#16506=CARTESIAN_POINT('',(125.031400481209,-97.9556277027369,4.6));
#16507=CARTESIAN_POINT('',(125.031400481209,-97.9556277027369,6.1));
#16508=CARTESIAN_POINT('Origin',(124.531400481209,-97.9556277027369,4.6));
#16509=CARTESIAN_POINT('Origin',(125.031400481209,-84.9556277027369,6.1));
#16510=CARTESIAN_POINT('',(125.031400481209,-84.9556277027369,6.1));
#16511=CARTESIAN_POINT('',(125.031400481209,-73.9278136122048,6.1));
#16512=CARTESIAN_POINT('',(125.031400481209,-84.9556277027369,4.6));
#16513=CARTESIAN_POINT('',(125.031400481209,-84.9556277027369,6.1));
#16514=CARTESIAN_POINT('',(125.031400481209,-73.9278136122048,4.6));
#16515=CARTESIAN_POINT('Origin',(124.531400481209,-84.9556277027369,6.1));
#16516=CARTESIAN_POINT('',(124.531400481209,-84.4556277027369,6.1));
#16517=CARTESIAN_POINT('Origin',(124.531400481209,-84.9556277027369,6.1));
#16518=CARTESIAN_POINT('',(124.531400481209,-84.4556277027369,4.6));
#16519=CARTESIAN_POINT('',(124.531400481209,-84.4556277027369,6.1));
#16520=CARTESIAN_POINT('Origin',(124.531400481209,-84.9556277027369,4.6));
#16521=CARTESIAN_POINT('Origin',(111.531400481209,-84.4556277027369,6.1));
#16522=CARTESIAN_POINT('',(111.531400481209,-84.4556277027369,6.1));
#16523=CARTESIAN_POINT('',(129.065706407975,-84.4556277027369,6.1));
#16524=CARTESIAN_POINT('',(111.531400481209,-84.4556277027369,4.6));
#16525=CARTESIAN_POINT('',(111.531400481209,-84.4556277027369,6.1));
#16526=CARTESIAN_POINT('',(129.065706407975,-84.4556277027369,4.6));
#16527=CARTESIAN_POINT('Origin',(111.531400481209,-84.9556277027369,6.1));
#16528=CARTESIAN_POINT('Origin',(111.531400481209,-84.9556277027369,6.1));
#16529=CARTESIAN_POINT('Origin',(111.531400481209,-84.9556277027369,4.6));
#16530=CARTESIAN_POINT('Origin',(168.181400481209,-97.9556277027369,6.1));
#16531=CARTESIAN_POINT('',(168.181400481209,-97.9556277027369,6.1));
#16532=CARTESIAN_POINT('',(168.181400481209,-84.9556277027369,6.1));
#16533=CARTESIAN_POINT('',(168.181400481209,-80.4278136122048,6.1));
#16534=CARTESIAN_POINT('',(168.181400481209,-97.9556277027369,4.6));
#16535=CARTESIAN_POINT('',(168.181400481209,-97.9556277027369,6.1));
#16536=CARTESIAN_POINT('',(168.181400481209,-84.9556277027369,4.6));
#16537=CARTESIAN_POINT('',(168.181400481209,-80.4278136122048,4.6));
#16538=CARTESIAN_POINT('',(168.181400481209,-84.9556277027369,6.1));
#16539=CARTESIAN_POINT('Origin',(168.681400481209,-97.9556277027369,6.1));
#16540=CARTESIAN_POINT('',(168.681400481209,-98.4556277027369,6.1));
#16541=CARTESIAN_POINT('Origin',(168.681400481209,-97.9556277027369,6.1));
#16542=CARTESIAN_POINT('',(168.681400481209,-98.4556277027369,4.6));
#16543=CARTESIAN_POINT('',(168.681400481209,-98.4556277027369,6.1));
#16544=CARTESIAN_POINT('Origin',(168.681400481209,-97.9556277027369,4.6));
#16545=CARTESIAN_POINT('Origin',(181.681400481209,-98.4556277027369,6.1));
#16546=CARTESIAN_POINT('',(181.681400481209,-98.4556277027369,6.1));
#16547=CARTESIAN_POINT('',(164.140706407975,-98.4556277027369,6.1));
#16548=CARTESIAN_POINT('',(181.681400481209,-98.4556277027369,4.6));
#16549=CARTESIAN_POINT('',(181.681400481209,-98.4556277027369,6.1));
#16550=CARTESIAN_POINT('',(164.140706407975,-98.4556277027369,4.6));
#16551=CARTESIAN_POINT('Origin',(181.681400481209,-97.9556277027369,6.1));
#16552=CARTESIAN_POINT('',(182.181400481209,-97.9556277027369,6.1));
#16553=CARTESIAN_POINT('Origin',(181.681400481209,-97.9556277027369,6.1));
#16554=CARTESIAN_POINT('',(182.181400481209,-97.9556277027369,4.6));
#16555=CARTESIAN_POINT('',(182.181400481209,-97.9556277027369,6.1));
#16556=CARTESIAN_POINT('Origin',(181.681400481209,-97.9556277027369,4.6));
#16557=CARTESIAN_POINT('Origin',(182.181400481209,-84.9556277027369,6.1));
#16558=CARTESIAN_POINT('',(182.181400481209,-84.9556277027369,6.1));
#16559=CARTESIAN_POINT('',(182.181400481209,-73.9278136122048,6.1));
#16560=CARTESIAN_POINT('',(182.181400481209,-84.9556277027369,4.6));
#16561=CARTESIAN_POINT('',(182.181400481209,-84.9556277027369,6.1));
#16562=CARTESIAN_POINT('',(182.181400481209,-73.9278136122048,4.6));
#16563=CARTESIAN_POINT('Origin',(181.681400481209,-84.9556277027369,6.1));
#16564=CARTESIAN_POINT('',(181.681400481209,-84.4556277027369,6.1));
#16565=CARTESIAN_POINT('Origin',(181.681400481209,-84.9556277027369,6.1));
#16566=CARTESIAN_POINT('',(181.681400481209,-84.4556277027369,4.6));
#16567=CARTESIAN_POINT('',(181.681400481209,-84.4556277027369,6.1));
#16568=CARTESIAN_POINT('Origin',(181.681400481209,-84.9556277027369,4.6));
#16569=CARTESIAN_POINT('Origin',(168.681400481209,-84.4556277027369,6.1));
#16570=CARTESIAN_POINT('',(168.681400481209,-84.4556277027369,6.1));
#16571=CARTESIAN_POINT('',(157.640706407975,-84.4556277027369,6.1));
#16572=CARTESIAN_POINT('',(168.681400481209,-84.4556277027369,4.6));
#16573=CARTESIAN_POINT('',(168.681400481209,-84.4556277027369,6.1));
#16574=CARTESIAN_POINT('',(157.640706407975,-84.4556277027369,4.6));
#16575=CARTESIAN_POINT('Origin',(168.681400481209,-84.9556277027369,6.1));
#16576=CARTESIAN_POINT('Origin',(168.681400481209,-84.9556277027369,6.1));
#16577=CARTESIAN_POINT('Origin',(168.681400481209,-84.9556277027369,4.6));
#16578=CARTESIAN_POINT('Origin',(82.4564004812088,-97.9556277027369,6.1));
#16579=CARTESIAN_POINT('',(82.4564004812088,-97.9556277027369,6.1));
#16580=CARTESIAN_POINT('',(82.4564004812088,-84.9556277027369,6.1));
#16581=CARTESIAN_POINT('',(82.4564004812088,-80.4278136122048,6.1));
#16582=CARTESIAN_POINT('',(82.4564004812088,-97.9556277027369,4.6));
#16583=CARTESIAN_POINT('',(82.4564004812088,-97.9556277027369,6.1));
#16584=CARTESIAN_POINT('',(82.4564004812088,-84.9556277027369,4.6));
#16585=CARTESIAN_POINT('',(82.4564004812088,-80.4278136122048,4.6));
#16586=CARTESIAN_POINT('',(82.4564004812088,-84.9556277027369,6.1));
#16587=CARTESIAN_POINT('Origin',(82.9564004812088,-97.9556277027369,6.1));
#16588=CARTESIAN_POINT('',(82.9564004812088,-98.4556277027369,6.1));
#16589=CARTESIAN_POINT('Origin',(82.9564004812088,-97.9556277027369,6.1));
#16590=CARTESIAN_POINT('',(82.9564004812088,-98.4556277027369,4.6));
#16591=CARTESIAN_POINT('',(82.9564004812088,-98.4556277027369,6.1));
#16592=CARTESIAN_POINT('Origin',(82.9564004812088,-97.9556277027369,4.6));
#16593=CARTESIAN_POINT('Origin',(95.9564004812088,-98.4556277027369,6.1));
#16594=CARTESIAN_POINT('',(95.9564004812088,-98.4556277027369,6.1));
#16595=CARTESIAN_POINT('',(121.278206407975,-98.4556277027369,6.1));
#16596=CARTESIAN_POINT('',(95.9564004812088,-98.4556277027369,4.6));
#16597=CARTESIAN_POINT('',(95.9564004812088,-98.4556277027369,6.1));
#16598=CARTESIAN_POINT('',(121.278206407975,-98.4556277027369,4.6));
#16599=CARTESIAN_POINT('Origin',(95.9564004812088,-97.9556277027369,6.1));
#16600=CARTESIAN_POINT('',(96.4564004812088,-97.9556277027369,6.1));
#16601=CARTESIAN_POINT('Origin',(95.9564004812088,-97.9556277027369,6.1));
#16602=CARTESIAN_POINT('',(96.4564004812088,-97.9556277027369,4.6));
#16603=CARTESIAN_POINT('',(96.4564004812088,-97.9556277027369,6.1));
#16604=CARTESIAN_POINT('Origin',(95.9564004812088,-97.9556277027369,4.6));
#16605=CARTESIAN_POINT('Origin',(96.4564004812088,-84.9556277027369,6.1));
#16606=CARTESIAN_POINT('',(96.4564004812088,-84.9556277027369,6.1));
#16607=CARTESIAN_POINT('',(96.4564004812088,-73.9278136122048,6.1));
#16608=CARTESIAN_POINT('',(96.4564004812088,-84.9556277027369,4.6));
#16609=CARTESIAN_POINT('',(96.4564004812088,-84.9556277027369,6.1));
#16610=CARTESIAN_POINT('',(96.4564004812088,-73.9278136122048,4.6));
#16611=CARTESIAN_POINT('Origin',(95.9564004812088,-84.9556277027369,6.1));
#16612=CARTESIAN_POINT('',(95.9564004812088,-84.4556277027369,6.1));
#16613=CARTESIAN_POINT('Origin',(95.9564004812088,-84.9556277027369,6.1));
#16614=CARTESIAN_POINT('',(95.9564004812088,-84.4556277027369,4.6));
#16615=CARTESIAN_POINT('',(95.9564004812088,-84.4556277027369,6.1));
#16616=CARTESIAN_POINT('Origin',(95.9564004812088,-84.9556277027369,4.6));
#16617=CARTESIAN_POINT('Origin',(82.9564004812088,-84.4556277027369,6.1));
#16618=CARTESIAN_POINT('',(82.9564004812088,-84.4556277027369,6.1));
#16619=CARTESIAN_POINT('',(114.778206407975,-84.4556277027369,6.1));
#16620=CARTESIAN_POINT('',(82.9564004812088,-84.4556277027369,4.6));
#16621=CARTESIAN_POINT('',(82.9564004812088,-84.4556277027369,6.1));
#16622=CARTESIAN_POINT('',(114.778206407975,-84.4556277027369,4.6));
#16623=CARTESIAN_POINT('Origin',(82.9564004812088,-84.9556277027369,6.1));
#16624=CARTESIAN_POINT('Origin',(82.9564004812088,-84.9556277027369,6.1));
#16625=CARTESIAN_POINT('Origin',(82.9564004812088,-84.9556277027369,4.6));
#16626=CARTESIAN_POINT('Origin',(34.8314004812088,-59.8556277027369,6.1));
#16627=CARTESIAN_POINT('',(34.8314004812088,-59.8556277027369,6.1));
#16628=CARTESIAN_POINT('',(34.8314004812088,-46.8556277027369,6.1));
#16629=CARTESIAN_POINT('',(34.8314004812088,-61.3778136122048,6.1));
#16630=CARTESIAN_POINT('',(34.8314004812088,-59.8556277027369,4.6));
#16631=CARTESIAN_POINT('',(34.8314004812088,-59.8556277027369,6.1));
#16632=CARTESIAN_POINT('',(34.8314004812088,-46.8556277027369,4.6));
#16633=CARTESIAN_POINT('',(34.8314004812088,-61.3778136122048,4.6));
#16634=CARTESIAN_POINT('',(34.8314004812088,-46.8556277027369,6.1));
#16635=CARTESIAN_POINT('Origin',(35.3314004812088,-59.8556277027369,6.1));
#16636=CARTESIAN_POINT('',(35.3314004812088,-60.3556277027369,6.1));
#16637=CARTESIAN_POINT('Origin',(35.3314004812088,-59.8556277027369,6.1));
#16638=CARTESIAN_POINT('',(35.3314004812088,-60.3556277027369,4.6));
#16639=CARTESIAN_POINT('',(35.3314004812088,-60.3556277027369,6.1));
#16640=CARTESIAN_POINT('Origin',(35.3314004812088,-59.8556277027369,4.6));
#16641=CARTESIAN_POINT('Origin',(48.3314004812088,-60.3556277027369,6.1));
#16642=CARTESIAN_POINT('',(48.3314004812088,-60.3556277027369,6.1));
#16643=CARTESIAN_POINT('',(97.4657064079752,-60.3556277027369,6.1));
#16644=CARTESIAN_POINT('',(48.3314004812088,-60.3556277027369,4.6));
#16645=CARTESIAN_POINT('',(48.3314004812088,-60.3556277027369,6.1));
#16646=CARTESIAN_POINT('',(97.4657064079752,-60.3556277027369,4.6));
#16647=CARTESIAN_POINT('Origin',(48.3314004812088,-59.8556277027369,6.1));
#16648=CARTESIAN_POINT('',(48.8314004812088,-59.8556277027369,6.1));
#16649=CARTESIAN_POINT('Origin',(48.3314004812088,-59.8556277027369,6.1));
#16650=CARTESIAN_POINT('',(48.8314004812088,-59.8556277027369,4.6));
#16651=CARTESIAN_POINT('',(48.8314004812088,-59.8556277027369,6.1));
#16652=CARTESIAN_POINT('Origin',(48.3314004812088,-59.8556277027369,4.6));
#16653=CARTESIAN_POINT('Origin',(48.8314004812088,-46.8556277027369,6.1));
#16654=CARTESIAN_POINT('',(48.8314004812088,-46.8556277027369,6.1));
#16655=CARTESIAN_POINT('',(48.8314004812088,-54.8778136122048,6.1));
#16656=CARTESIAN_POINT('',(48.8314004812088,-46.8556277027369,4.6));
#16657=CARTESIAN_POINT('',(48.8314004812088,-46.8556277027369,6.1));
#16658=CARTESIAN_POINT('',(48.8314004812088,-54.8778136122048,4.6));
#16659=CARTESIAN_POINT('Origin',(48.3314004812088,-46.8556277027369,6.1));
#16660=CARTESIAN_POINT('',(48.3314004812088,-46.3556277027369,6.1));
#16661=CARTESIAN_POINT('Origin',(48.3314004812088,-46.8556277027369,6.1));
#16662=CARTESIAN_POINT('',(48.3314004812088,-46.3556277027369,4.6));
#16663=CARTESIAN_POINT('',(48.3314004812088,-46.3556277027369,6.1));
#16664=CARTESIAN_POINT('Origin',(48.3314004812088,-46.8556277027369,4.6));
#16665=CARTESIAN_POINT('Origin',(35.3314004812088,-46.3556277027369,6.1));
#16666=CARTESIAN_POINT('',(35.3314004812088,-46.3556277027369,6.1));
#16667=CARTESIAN_POINT('',(90.9657064079752,-46.3556277027369,6.1));
#16668=CARTESIAN_POINT('',(35.3314004812088,-46.3556277027369,4.6));
#16669=CARTESIAN_POINT('',(35.3314004812088,-46.3556277027369,6.1));
#16670=CARTESIAN_POINT('',(90.9657064079752,-46.3556277027369,4.6));
#16671=CARTESIAN_POINT('Origin',(35.3314004812088,-46.8556277027369,6.1));
#16672=CARTESIAN_POINT('Origin',(35.3314004812088,-46.8556277027369,6.1));
#16673=CARTESIAN_POINT('Origin',(35.3314004812088,-46.8556277027369,4.6));
#16674=CARTESIAN_POINT('Origin',(70.5501504812088,-40.8056277027369,6.1));
#16675=CARTESIAN_POINT('',(70.5501504812088,-40.8056277027369,6.1));
#16676=CARTESIAN_POINT('',(70.5501504812088,-27.8056277027369,6.1));
#16677=CARTESIAN_POINT('',(70.5501504812088,-51.8528136122048,6.1));
#16678=CARTESIAN_POINT('',(70.5501504812088,-40.8056277027369,4.6));
#16679=CARTESIAN_POINT('',(70.5501504812088,-40.8056277027369,6.1));
#16680=CARTESIAN_POINT('',(70.5501504812088,-27.8056277027369,4.6));
#16681=CARTESIAN_POINT('',(70.5501504812088,-51.8528136122048,4.6));
#16682=CARTESIAN_POINT('',(70.5501504812088,-27.8056277027369,6.1));
#16683=CARTESIAN_POINT('Origin',(71.0501504812088,-40.8056277027369,6.1));
#16684=CARTESIAN_POINT('',(71.0501504812088,-41.3056277027369,6.1));
#16685=CARTESIAN_POINT('Origin',(71.0501504812088,-40.8056277027369,6.1));
#16686=CARTESIAN_POINT('',(71.0501504812088,-41.3056277027369,4.6));
#16687=CARTESIAN_POINT('',(71.0501504812088,-41.3056277027369,6.1));
#16688=CARTESIAN_POINT('Origin',(71.0501504812088,-40.8056277027369,4.6));
#16689=CARTESIAN_POINT('Origin',(84.0501504812088,-41.3056277027369,6.1));
#16690=CARTESIAN_POINT('',(84.0501504812088,-41.3056277027369,6.1));
#16691=CARTESIAN_POINT('',(115.325081407975,-41.3056277027369,6.1));
#16692=CARTESIAN_POINT('',(84.0501504812088,-41.3056277027369,4.6));
#16693=CARTESIAN_POINT('',(84.0501504812088,-41.3056277027369,6.1));
#16694=CARTESIAN_POINT('',(115.325081407975,-41.3056277027369,4.6));
#16695=CARTESIAN_POINT('Origin',(84.0501504812088,-40.8056277027369,6.1));
#16696=CARTESIAN_POINT('',(84.5501504812088,-40.8056277027369,6.1));
#16697=CARTESIAN_POINT('Origin',(84.0501504812088,-40.8056277027369,6.1));
#16698=CARTESIAN_POINT('',(84.5501504812088,-40.8056277027369,4.6));
#16699=CARTESIAN_POINT('',(84.5501504812088,-40.8056277027369,6.1));
#16700=CARTESIAN_POINT('Origin',(84.0501504812088,-40.8056277027369,4.6));
#16701=CARTESIAN_POINT('Origin',(84.5501504812088,-27.8056277027369,6.1));
#16702=CARTESIAN_POINT('',(84.5501504812088,-27.8056277027369,6.1));
#16703=CARTESIAN_POINT('',(84.5501504812088,-45.3528136122048,6.1));
#16704=CARTESIAN_POINT('',(84.5501504812088,-27.8056277027369,4.6));
#16705=CARTESIAN_POINT('',(84.5501504812088,-27.8056277027369,6.1));
#16706=CARTESIAN_POINT('',(84.5501504812088,-45.3528136122048,4.6));
#16707=CARTESIAN_POINT('Origin',(84.0501504812088,-27.8056277027369,6.1));
#16708=CARTESIAN_POINT('',(84.0501504812088,-27.3056277027369,6.1));
#16709=CARTESIAN_POINT('Origin',(84.0501504812088,-27.8056277027369,6.1));
#16710=CARTESIAN_POINT('',(84.0501504812088,-27.3056277027369,4.6));
#16711=CARTESIAN_POINT('',(84.0501504812088,-27.3056277027369,6.1));
#16712=CARTESIAN_POINT('Origin',(84.0501504812088,-27.8056277027369,4.6));
#16713=CARTESIAN_POINT('Origin',(71.0501504812088,-27.3056277027369,6.1));
#16714=CARTESIAN_POINT('',(71.0501504812088,-27.3056277027369,6.1));
#16715=CARTESIAN_POINT('',(108.825081407975,-27.3056277027369,6.1));
#16716=CARTESIAN_POINT('',(71.0501504812088,-27.3056277027369,4.6));
#16717=CARTESIAN_POINT('',(71.0501504812088,-27.3056277027369,6.1));
#16718=CARTESIAN_POINT('',(108.825081407975,-27.3056277027369,4.6));
#16719=CARTESIAN_POINT('Origin',(71.0501504812088,-27.8056277027369,6.1));
#16720=CARTESIAN_POINT('Origin',(71.0501504812088,-27.8056277027369,6.1));
#16721=CARTESIAN_POINT('Origin',(71.0501504812088,-27.8056277027369,4.6));
#16722=CARTESIAN_POINT('Origin',(94.3626504812088,-59.8556277027369,6.1));
#16723=CARTESIAN_POINT('',(94.3626504812088,-59.8556277027369,6.1));
#16724=CARTESIAN_POINT('',(94.3626504812088,-46.8556277027369,6.1));
#16725=CARTESIAN_POINT('',(94.3626504812088,-61.3778136122048,6.1));
#16726=CARTESIAN_POINT('',(94.3626504812088,-59.8556277027369,4.6));
#16727=CARTESIAN_POINT('',(94.3626504812088,-59.8556277027369,6.1));
#16728=CARTESIAN_POINT('',(94.3626504812088,-46.8556277027369,4.6));
#16729=CARTESIAN_POINT('',(94.3626504812088,-61.3778136122048,4.6));
#16730=CARTESIAN_POINT('',(94.3626504812088,-46.8556277027369,6.1));
#16731=CARTESIAN_POINT('Origin',(94.8626504812088,-59.8556277027369,6.1));
#16732=CARTESIAN_POINT('',(94.8626504812088,-60.3556277027369,6.1));
#16733=CARTESIAN_POINT('Origin',(94.8626504812088,-59.8556277027369,6.1));
#16734=CARTESIAN_POINT('',(94.8626504812088,-60.3556277027369,4.6));
#16735=CARTESIAN_POINT('',(94.8626504812088,-60.3556277027369,6.1));
#16736=CARTESIAN_POINT('Origin',(94.8626504812088,-59.8556277027369,4.6));
#16737=CARTESIAN_POINT('Origin',(107.862650481209,-60.3556277027369,6.1));
#16738=CARTESIAN_POINT('',(107.862650481209,-60.3556277027369,6.1));
#16739=CARTESIAN_POINT('',(127.231331407975,-60.3556277027369,6.1));
#16740=CARTESIAN_POINT('',(107.862650481209,-60.3556277027369,4.6));
#16741=CARTESIAN_POINT('',(107.862650481209,-60.3556277027369,6.1));
#16742=CARTESIAN_POINT('',(127.231331407975,-60.3556277027369,4.6));
#16743=CARTESIAN_POINT('Origin',(107.862650481209,-59.8556277027369,6.1));
#16744=CARTESIAN_POINT('',(108.362650481209,-59.8556277027369,6.1));
#16745=CARTESIAN_POINT('Origin',(107.862650481209,-59.8556277027369,6.1));
#16746=CARTESIAN_POINT('',(108.362650481209,-59.8556277027369,4.6));
#16747=CARTESIAN_POINT('',(108.362650481209,-59.8556277027369,6.1));
#16748=CARTESIAN_POINT('Origin',(107.862650481209,-59.8556277027369,4.6));
#16749=CARTESIAN_POINT('Origin',(108.362650481209,-46.8556277027369,6.1));
#16750=CARTESIAN_POINT('',(108.362650481209,-46.8556277027369,6.1));
#16751=CARTESIAN_POINT('',(108.362650481209,-54.8778136122048,6.1));
#16752=CARTESIAN_POINT('',(108.362650481209,-46.8556277027369,4.6));
#16753=CARTESIAN_POINT('',(108.362650481209,-46.8556277027369,6.1));
#16754=CARTESIAN_POINT('',(108.362650481209,-54.8778136122048,4.6));
#16755=CARTESIAN_POINT('Origin',(107.862650481209,-46.8556277027369,6.1));
#16756=CARTESIAN_POINT('',(107.862650481209,-46.3556277027369,6.1));
#16757=CARTESIAN_POINT('Origin',(107.862650481209,-46.8556277027369,6.1));
#16758=CARTESIAN_POINT('',(107.862650481209,-46.3556277027369,4.6));
#16759=CARTESIAN_POINT('',(107.862650481209,-46.3556277027369,6.1));
#16760=CARTESIAN_POINT('Origin',(107.862650481209,-46.8556277027369,4.6));
#16761=CARTESIAN_POINT('Origin',(94.8626504812088,-46.3556277027369,6.1));
#16762=CARTESIAN_POINT('',(94.8626504812088,-46.3556277027369,6.1));
#16763=CARTESIAN_POINT('',(120.731331407975,-46.3556277027369,6.1));
#16764=CARTESIAN_POINT('',(94.8626504812088,-46.3556277027369,4.6));
#16765=CARTESIAN_POINT('',(94.8626504812088,-46.3556277027369,6.1));
#16766=CARTESIAN_POINT('',(120.731331407975,-46.3556277027369,4.6));
#16767=CARTESIAN_POINT('Origin',(94.8626504812088,-46.8556277027369,6.1));
#16768=CARTESIAN_POINT('Origin',(94.8626504812088,-46.8556277027369,6.1));
#16769=CARTESIAN_POINT('Origin',(94.8626504812088,-46.8556277027369,4.6));
#16770=CARTESIAN_POINT('Origin',(122.937650481209,-78.9056277027369,6.1));
#16771=CARTESIAN_POINT('',(122.937650481209,-78.9056277027369,6.1));
#16772=CARTESIAN_POINT('',(122.937650481209,-65.9056277027369,6.1));
#16773=CARTESIAN_POINT('',(122.937650481209,-70.9028136122048,6.1));
#16774=CARTESIAN_POINT('',(122.937650481209,-78.9056277027369,4.6));
#16775=CARTESIAN_POINT('',(122.937650481209,-78.9056277027369,6.1));
#16776=CARTESIAN_POINT('',(122.937650481209,-65.9056277027369,4.6));
#16777=CARTESIAN_POINT('',(122.937650481209,-70.9028136122048,4.6));
#16778=CARTESIAN_POINT('',(122.937650481209,-65.9056277027369,6.1));
#16779=CARTESIAN_POINT('Origin',(123.437650481209,-78.9056277027369,6.1));
#16780=CARTESIAN_POINT('',(123.437650481209,-79.4056277027369,6.1));
#16781=CARTESIAN_POINT('Origin',(123.437650481209,-78.9056277027369,6.1));
#16782=CARTESIAN_POINT('',(123.437650481209,-79.4056277027369,4.6));
#16783=CARTESIAN_POINT('',(123.437650481209,-79.4056277027369,6.1));
#16784=CARTESIAN_POINT('Origin',(123.437650481209,-78.9056277027369,4.6));
#16785=CARTESIAN_POINT('Origin',(136.437650481209,-79.4056277027369,6.1));
#16786=CARTESIAN_POINT('',(136.437650481209,-79.4056277027369,6.1));
#16787=CARTESIAN_POINT('',(141.518831407975,-79.4056277027369,6.1));
#16788=CARTESIAN_POINT('',(136.437650481209,-79.4056277027369,4.6));
#16789=CARTESIAN_POINT('',(136.437650481209,-79.4056277027369,6.1));
#16790=CARTESIAN_POINT('',(141.518831407975,-79.4056277027369,4.6));
#16791=CARTESIAN_POINT('Origin',(136.437650481209,-78.9056277027369,6.1));
#16792=CARTESIAN_POINT('',(136.937650481209,-78.9056277027369,6.1));
#16793=CARTESIAN_POINT('Origin',(136.437650481209,-78.9056277027369,6.1));
#16794=CARTESIAN_POINT('',(136.937650481209,-78.9056277027369,4.6));
#16795=CARTESIAN_POINT('',(136.937650481209,-78.9056277027369,6.1));
#16796=CARTESIAN_POINT('Origin',(136.437650481209,-78.9056277027369,4.6));
#16797=CARTESIAN_POINT('Origin',(136.937650481209,-65.9056277027369,6.1));
#16798=CARTESIAN_POINT('',(136.937650481209,-65.9056277027369,6.1));
#16799=CARTESIAN_POINT('',(136.937650481209,-64.4028136122048,6.1));
#16800=CARTESIAN_POINT('',(136.937650481209,-65.9056277027369,4.6));
#16801=CARTESIAN_POINT('',(136.937650481209,-65.9056277027369,6.1));
#16802=CARTESIAN_POINT('',(136.937650481209,-64.4028136122048,4.6));
#16803=CARTESIAN_POINT('Origin',(136.437650481209,-65.9056277027369,6.1));
#16804=CARTESIAN_POINT('',(136.437650481209,-65.4056277027369,6.1));
#16805=CARTESIAN_POINT('Origin',(136.437650481209,-65.9056277027369,6.1));
#16806=CARTESIAN_POINT('',(136.437650481209,-65.4056277027369,4.6));
#16807=CARTESIAN_POINT('',(136.437650481209,-65.4056277027369,6.1));
#16808=CARTESIAN_POINT('Origin',(136.437650481209,-65.9056277027369,4.6));
#16809=CARTESIAN_POINT('Origin',(123.437650481209,-65.4056277027369,6.1));
#16810=CARTESIAN_POINT('',(123.437650481209,-65.4056277027369,6.1));
#16811=CARTESIAN_POINT('',(135.018831407975,-65.4056277027369,6.1));
#16812=CARTESIAN_POINT('',(123.437650481209,-65.4056277027369,4.6));
#16813=CARTESIAN_POINT('',(123.437650481209,-65.4056277027369,6.1));
#16814=CARTESIAN_POINT('',(135.018831407975,-65.4056277027369,4.6));
#16815=CARTESIAN_POINT('Origin',(123.437650481209,-65.9056277027369,6.1));
#16816=CARTESIAN_POINT('Origin',(123.437650481209,-65.9056277027369,6.1));
#16817=CARTESIAN_POINT('Origin',(123.437650481209,-65.9056277027369,4.6));
#16818=CARTESIAN_POINT('Origin',(146.750150481209,-40.8056277027369,6.1));
#16819=CARTESIAN_POINT('',(146.750150481209,-40.8056277027369,6.1));
#16820=CARTESIAN_POINT('',(146.750150481209,-27.8056277027369,6.1));
#16821=CARTESIAN_POINT('',(146.750150481209,-51.8528136122048,6.1));
#16822=CARTESIAN_POINT('',(146.750150481209,-40.8056277027369,4.6));
#16823=CARTESIAN_POINT('',(146.750150481209,-40.8056277027369,6.1));
#16824=CARTESIAN_POINT('',(146.750150481209,-27.8056277027369,4.6));
#16825=CARTESIAN_POINT('',(146.750150481209,-51.8528136122048,4.6));
#16826=CARTESIAN_POINT('',(146.750150481209,-27.8056277027369,6.1));
#16827=CARTESIAN_POINT('Origin',(147.250150481209,-40.8056277027369,6.1));
#16828=CARTESIAN_POINT('',(147.250150481209,-41.3056277027369,6.1));
#16829=CARTESIAN_POINT('Origin',(147.250150481209,-40.8056277027369,6.1));
#16830=CARTESIAN_POINT('',(147.250150481209,-41.3056277027369,4.6));
#16831=CARTESIAN_POINT('',(147.250150481209,-41.3056277027369,6.1));
#16832=CARTESIAN_POINT('Origin',(147.250150481209,-40.8056277027369,4.6));
#16833=CARTESIAN_POINT('Origin',(160.250150481209,-41.3056277027369,6.1));
#16834=CARTESIAN_POINT('',(160.250150481209,-41.3056277027369,6.1));
#16835=CARTESIAN_POINT('',(153.425081407975,-41.3056277027369,6.1));
#16836=CARTESIAN_POINT('',(160.250150481209,-41.3056277027369,4.6));
#16837=CARTESIAN_POINT('',(160.250150481209,-41.3056277027369,6.1));
#16838=CARTESIAN_POINT('',(153.425081407975,-41.3056277027369,4.6));
#16839=CARTESIAN_POINT('Origin',(160.250150481209,-40.8056277027369,6.1));
#16840=CARTESIAN_POINT('',(160.750150481209,-40.8056277027369,6.1));
#16841=CARTESIAN_POINT('Origin',(160.250150481209,-40.8056277027369,6.1));
#16842=CARTESIAN_POINT('',(160.750150481209,-40.8056277027369,4.6));
#16843=CARTESIAN_POINT('',(160.750150481209,-40.8056277027369,6.1));
#16844=CARTESIAN_POINT('Origin',(160.250150481209,-40.8056277027369,4.6));
#16845=CARTESIAN_POINT('Origin',(160.750150481209,-27.8056277027369,6.1));
#16846=CARTESIAN_POINT('',(160.750150481209,-27.8056277027369,6.1));
#16847=CARTESIAN_POINT('',(160.750150481209,-45.3528136122048,6.1));
#16848=CARTESIAN_POINT('',(160.750150481209,-27.8056277027369,4.6));
#16849=CARTESIAN_POINT('',(160.750150481209,-27.8056277027369,6.1));
#16850=CARTESIAN_POINT('',(160.750150481209,-45.3528136122048,4.6));
#16851=CARTESIAN_POINT('Origin',(160.250150481209,-27.8056277027369,6.1));
#16852=CARTESIAN_POINT('',(160.250150481209,-27.3056277027369,6.1));
#16853=CARTESIAN_POINT('Origin',(160.250150481209,-27.8056277027369,6.1));
#16854=CARTESIAN_POINT('',(160.250150481209,-27.3056277027369,4.6));
#16855=CARTESIAN_POINT('',(160.250150481209,-27.3056277027369,6.1));
#16856=CARTESIAN_POINT('Origin',(160.250150481209,-27.8056277027369,4.6));
#16857=CARTESIAN_POINT('Origin',(147.250150481209,-27.3056277027369,6.1));
#16858=CARTESIAN_POINT('',(147.250150481209,-27.3056277027369,6.1));
#16859=CARTESIAN_POINT('',(146.925081407975,-27.3056277027369,6.1));
#16860=CARTESIAN_POINT('',(147.250150481209,-27.3056277027369,4.6));
#16861=CARTESIAN_POINT('',(147.250150481209,-27.3056277027369,6.1));
#16862=CARTESIAN_POINT('',(146.925081407975,-27.3056277027369,4.6));
#16863=CARTESIAN_POINT('Origin',(147.250150481209,-27.8056277027369,6.1));
#16864=CARTESIAN_POINT('Origin',(147.250150481209,-27.8056277027369,6.1));
#16865=CARTESIAN_POINT('Origin',(147.250150481209,-27.8056277027369,4.6));
#16866=CARTESIAN_POINT('Origin',(170.562650481209,-59.8556277027369,6.1));
#16867=CARTESIAN_POINT('',(170.562650481209,-59.8556277027369,6.1));
#16868=CARTESIAN_POINT('',(170.562650481209,-46.8556277027369,6.1));
#16869=CARTESIAN_POINT('',(170.562650481209,-61.3778136122048,6.1));
#16870=CARTESIAN_POINT('',(170.562650481209,-59.8556277027369,4.6));
#16871=CARTESIAN_POINT('',(170.562650481209,-59.8556277027369,6.1));
#16872=CARTESIAN_POINT('',(170.562650481209,-46.8556277027369,4.6));
#16873=CARTESIAN_POINT('',(170.562650481209,-61.3778136122048,4.6));
#16874=CARTESIAN_POINT('',(170.562650481209,-46.8556277027369,6.1));
#16875=CARTESIAN_POINT('Origin',(171.062650481209,-59.8556277027369,6.1));
#16876=CARTESIAN_POINT('',(171.062650481209,-60.3556277027369,6.1));
#16877=CARTESIAN_POINT('Origin',(171.062650481209,-59.8556277027369,6.1));
#16878=CARTESIAN_POINT('',(171.062650481209,-60.3556277027369,4.6));
#16879=CARTESIAN_POINT('',(171.062650481209,-60.3556277027369,6.1));
#16880=CARTESIAN_POINT('Origin',(171.062650481209,-59.8556277027369,4.6));
#16881=CARTESIAN_POINT('Origin',(184.062650481209,-60.3556277027369,6.1));
#16882=CARTESIAN_POINT('',(184.062650481209,-60.3556277027369,6.1));
#16883=CARTESIAN_POINT('',(165.331331407975,-60.3556277027369,6.1));
#16884=CARTESIAN_POINT('',(184.062650481209,-60.3556277027369,4.6));
#16885=CARTESIAN_POINT('',(184.062650481209,-60.3556277027369,6.1));
#16886=CARTESIAN_POINT('',(165.331331407975,-60.3556277027369,4.6));
#16887=CARTESIAN_POINT('Origin',(184.062650481209,-59.8556277027369,6.1));
#16888=CARTESIAN_POINT('',(184.562650481209,-59.8556277027369,6.1));
#16889=CARTESIAN_POINT('Origin',(184.062650481209,-59.8556277027369,6.1));
#16890=CARTESIAN_POINT('',(184.562650481209,-59.8556277027369,4.6));
#16891=CARTESIAN_POINT('',(184.562650481209,-59.8556277027369,6.1));
#16892=CARTESIAN_POINT('Origin',(184.062650481209,-59.8556277027369,4.6));
#16893=CARTESIAN_POINT('Origin',(184.562650481209,-46.8556277027369,6.1));
#16894=CARTESIAN_POINT('',(184.562650481209,-46.8556277027369,6.1));
#16895=CARTESIAN_POINT('',(184.562650481209,-54.8778136122048,6.1));
#16896=CARTESIAN_POINT('',(184.562650481209,-46.8556277027369,4.6));
#16897=CARTESIAN_POINT('',(184.562650481209,-46.8556277027369,6.1));
#16898=CARTESIAN_POINT('',(184.562650481209,-54.8778136122048,4.6));
#16899=CARTESIAN_POINT('Origin',(184.062650481209,-46.8556277027369,6.1));
#16900=CARTESIAN_POINT('',(184.062650481209,-46.3556277027369,6.1));
#16901=CARTESIAN_POINT('Origin',(184.062650481209,-46.8556277027369,6.1));
#16902=CARTESIAN_POINT('',(184.062650481209,-46.3556277027369,4.6));
#16903=CARTESIAN_POINT('',(184.062650481209,-46.3556277027369,6.1));
#16904=CARTESIAN_POINT('Origin',(184.062650481209,-46.8556277027369,4.6));
#16905=CARTESIAN_POINT('Origin',(171.062650481209,-46.3556277027369,6.1));
#16906=CARTESIAN_POINT('',(171.062650481209,-46.3556277027369,6.1));
#16907=CARTESIAN_POINT('',(158.831331407975,-46.3556277027369,6.1));
#16908=CARTESIAN_POINT('',(171.062650481209,-46.3556277027369,4.6));
#16909=CARTESIAN_POINT('',(171.062650481209,-46.3556277027369,6.1));
#16910=CARTESIAN_POINT('',(158.831331407975,-46.3556277027369,4.6));
#16911=CARTESIAN_POINT('Origin',(171.062650481209,-46.8556277027369,6.1));
#16912=CARTESIAN_POINT('Origin',(171.062650481209,-46.8556277027369,6.1));
#16913=CARTESIAN_POINT('Origin',(171.062650481209,-46.8556277027369,4.6));
#16914=CARTESIAN_POINT('Origin',(199.137650481209,-78.9056277027369,6.1));
#16915=CARTESIAN_POINT('',(199.137650481209,-78.9056277027369,6.1));
#16916=CARTESIAN_POINT('',(199.137650481209,-65.9056277027369,6.1));
#16917=CARTESIAN_POINT('',(199.137650481209,-70.9028136122048,6.1));
#16918=CARTESIAN_POINT('',(199.137650481209,-78.9056277027369,4.6));
#16919=CARTESIAN_POINT('',(199.137650481209,-78.9056277027369,6.1));
#16920=CARTESIAN_POINT('',(199.137650481209,-65.9056277027369,4.6));
#16921=CARTESIAN_POINT('',(199.137650481209,-70.9028136122048,4.6));
#16922=CARTESIAN_POINT('',(199.137650481209,-65.9056277027369,6.1));
#16923=CARTESIAN_POINT('Origin',(199.637650481209,-78.9056277027369,6.1));
#16924=CARTESIAN_POINT('',(199.637650481209,-79.4056277027369,6.1));
#16925=CARTESIAN_POINT('Origin',(199.637650481209,-78.9056277027369,6.1));
#16926=CARTESIAN_POINT('',(199.637650481209,-79.4056277027369,4.6));
#16927=CARTESIAN_POINT('',(199.637650481209,-79.4056277027369,6.1));
#16928=CARTESIAN_POINT('Origin',(199.637650481209,-78.9056277027369,4.6));
#16929=CARTESIAN_POINT('Origin',(212.637650481209,-79.4056277027369,6.1));
#16930=CARTESIAN_POINT('',(212.637650481209,-79.4056277027369,6.1));
#16931=CARTESIAN_POINT('',(179.618831407975,-79.4056277027369,6.1));
#16932=CARTESIAN_POINT('',(212.637650481209,-79.4056277027369,4.6));
#16933=CARTESIAN_POINT('',(212.637650481209,-79.4056277027369,6.1));
#16934=CARTESIAN_POINT('',(179.618831407975,-79.4056277027369,4.6));
#16935=CARTESIAN_POINT('Origin',(212.637650481209,-78.9056277027369,6.1));
#16936=CARTESIAN_POINT('',(213.137650481209,-78.9056277027369,6.1));
#16937=CARTESIAN_POINT('Origin',(212.637650481209,-78.9056277027369,6.1));
#16938=CARTESIAN_POINT('',(213.137650481209,-78.9056277027369,4.6));
#16939=CARTESIAN_POINT('',(213.137650481209,-78.9056277027369,6.1));
#16940=CARTESIAN_POINT('Origin',(212.637650481209,-78.9056277027369,4.6));
#16941=CARTESIAN_POINT('Origin',(213.137650481209,-65.9056277027369,6.1));
#16942=CARTESIAN_POINT('',(213.137650481209,-65.9056277027369,6.1));
#16943=CARTESIAN_POINT('',(213.137650481209,-64.4028136122048,6.1));
#16944=CARTESIAN_POINT('',(213.137650481209,-65.9056277027369,4.6));
#16945=CARTESIAN_POINT('',(213.137650481209,-65.9056277027369,6.1));
#16946=CARTESIAN_POINT('',(213.137650481209,-64.4028136122048,4.6));
#16947=CARTESIAN_POINT('Origin',(212.637650481209,-65.9056277027369,6.1));
#16948=CARTESIAN_POINT('',(212.637650481209,-65.4056277027369,6.1));
#16949=CARTESIAN_POINT('Origin',(212.637650481209,-65.9056277027369,6.1));
#16950=CARTESIAN_POINT('',(212.637650481209,-65.4056277027369,4.6));
#16951=CARTESIAN_POINT('',(212.637650481209,-65.4056277027369,6.1));
#16952=CARTESIAN_POINT('Origin',(212.637650481209,-65.9056277027369,4.6));
#16953=CARTESIAN_POINT('Origin',(199.637650481209,-65.4056277027369,6.1));
#16954=CARTESIAN_POINT('',(199.637650481209,-65.4056277027369,6.1));
#16955=CARTESIAN_POINT('',(173.118831407975,-65.4056277027369,6.1));
#16956=CARTESIAN_POINT('',(199.637650481209,-65.4056277027369,4.6));
#16957=CARTESIAN_POINT('',(199.637650481209,-65.4056277027369,6.1));
#16958=CARTESIAN_POINT('',(173.118831407975,-65.4056277027369,4.6));
#16959=CARTESIAN_POINT('Origin',(199.637650481209,-65.9056277027369,6.1));
#16960=CARTESIAN_POINT('Origin',(199.637650481209,-65.9056277027369,6.1));
#16961=CARTESIAN_POINT('Origin',(199.637650481209,-65.9056277027369,4.6));
#16962=CARTESIAN_POINT('Origin',(244.381400481209,-40.8056277027369,6.1));
#16963=CARTESIAN_POINT('',(244.381400481209,-40.8056277027369,6.1));
#16964=CARTESIAN_POINT('',(244.381400481209,-27.8056277027369,6.1));
#16965=CARTESIAN_POINT('',(244.381400481209,-51.8528136122048,6.1));
#16966=CARTESIAN_POINT('',(244.381400481209,-40.8056277027369,4.6));
#16967=CARTESIAN_POINT('',(244.381400481209,-40.8056277027369,6.1));
#16968=CARTESIAN_POINT('',(244.381400481209,-27.8056277027369,4.6));
#16969=CARTESIAN_POINT('',(244.381400481209,-51.8528136122048,4.6));
#16970=CARTESIAN_POINT('',(244.381400481209,-27.8056277027369,6.1));
#16971=CARTESIAN_POINT('Origin',(244.881400481209,-40.8056277027369,6.1));
#16972=CARTESIAN_POINT('',(244.881400481209,-41.3056277027369,6.1));
#16973=CARTESIAN_POINT('Origin',(244.881400481209,-40.8056277027369,6.1));
#16974=CARTESIAN_POINT('',(244.881400481209,-41.3056277027369,4.6));
#16975=CARTESIAN_POINT('',(244.881400481209,-41.3056277027369,6.1));
#16976=CARTESIAN_POINT('Origin',(244.881400481209,-40.8056277027369,4.6));
#16977=CARTESIAN_POINT('Origin',(257.881400481209,-41.3056277027369,6.1));
#16978=CARTESIAN_POINT('',(257.881400481209,-41.3056277027369,6.1));
#16979=CARTESIAN_POINT('',(202.240706407975,-41.3056277027369,6.1));
#16980=CARTESIAN_POINT('',(257.881400481209,-41.3056277027369,4.6));
#16981=CARTESIAN_POINT('',(257.881400481209,-41.3056277027369,6.1));
#16982=CARTESIAN_POINT('',(202.240706407975,-41.3056277027369,4.6));
#16983=CARTESIAN_POINT('Origin',(257.881400481209,-40.8056277027369,6.1));
#16984=CARTESIAN_POINT('',(258.381400481209,-40.8056277027369,6.1));
#16985=CARTESIAN_POINT('Origin',(257.881400481209,-40.8056277027369,6.1));
#16986=CARTESIAN_POINT('',(258.381400481209,-40.8056277027369,4.6));
#16987=CARTESIAN_POINT('',(258.381400481209,-40.8056277027369,6.1));
#16988=CARTESIAN_POINT('Origin',(257.881400481209,-40.8056277027369,4.6));
#16989=CARTESIAN_POINT('Origin',(258.381400481209,-27.8056277027369,6.1));
#16990=CARTESIAN_POINT('',(258.381400481209,-27.8056277027369,6.1));
#16991=CARTESIAN_POINT('',(258.381400481209,-45.3528136122048,6.1));
#16992=CARTESIAN_POINT('',(258.381400481209,-27.8056277027369,4.6));
#16993=CARTESIAN_POINT('',(258.381400481209,-27.8056277027369,6.1));
#16994=CARTESIAN_POINT('',(258.381400481209,-45.3528136122048,4.6));
#16995=CARTESIAN_POINT('Origin',(257.881400481209,-27.8056277027369,6.1));
#16996=CARTESIAN_POINT('',(257.881400481209,-27.3056277027369,6.1));
#16997=CARTESIAN_POINT('Origin',(257.881400481209,-27.8056277027369,6.1));
#16998=CARTESIAN_POINT('',(257.881400481209,-27.3056277027369,4.6));
#16999=CARTESIAN_POINT('',(257.881400481209,-27.3056277027369,6.1));
#17000=CARTESIAN_POINT('Origin',(257.881400481209,-27.8056277027369,4.6));
#17001=CARTESIAN_POINT('Origin',(244.881400481209,-27.3056277027369,6.1));
#17002=CARTESIAN_POINT('',(244.881400481209,-27.3056277027369,6.1));
#17003=CARTESIAN_POINT('',(195.740706407975,-27.3056277027369,6.1));
#17004=CARTESIAN_POINT('',(244.881400481209,-27.3056277027369,4.6));
#17005=CARTESIAN_POINT('',(244.881400481209,-27.3056277027369,6.1));
#17006=CARTESIAN_POINT('',(195.740706407975,-27.3056277027369,4.6));
#17007=CARTESIAN_POINT('Origin',(244.881400481209,-27.8056277027369,6.1));
#17008=CARTESIAN_POINT('Origin',(244.881400481209,-27.8056277027369,6.1));
#17009=CARTESIAN_POINT('Origin',(244.881400481209,-27.8056277027369,4.6));
#17010=CARTESIAN_POINT('Origin',(203.900150481209,-40.8056277027369,6.1));
#17011=CARTESIAN_POINT('',(203.900150481209,-40.8056277027369,6.1));
#17012=CARTESIAN_POINT('',(203.900150481209,-27.8056277027369,6.1));
#17013=CARTESIAN_POINT('',(203.900150481209,-51.8528136122048,6.1));
#17014=CARTESIAN_POINT('',(203.900150481209,-40.8056277027369,4.6));
#17015=CARTESIAN_POINT('',(203.900150481209,-40.8056277027369,6.1));
#17016=CARTESIAN_POINT('',(203.900150481209,-27.8056277027369,4.6));
#17017=CARTESIAN_POINT('',(203.900150481209,-51.8528136122048,4.6));
#17018=CARTESIAN_POINT('',(203.900150481209,-27.8056277027369,6.1));
#17019=CARTESIAN_POINT('Origin',(204.400150481209,-40.8056277027369,6.1));
#17020=CARTESIAN_POINT('',(204.400150481209,-41.3056277027369,6.1));
#17021=CARTESIAN_POINT('Origin',(204.400150481209,-40.8056277027369,6.1));
#17022=CARTESIAN_POINT('',(204.400150481209,-41.3056277027369,4.6));
#17023=CARTESIAN_POINT('',(204.400150481209,-41.3056277027369,6.1));
#17024=CARTESIAN_POINT('Origin',(204.400150481209,-40.8056277027369,4.6));
#17025=CARTESIAN_POINT('Origin',(217.400150481209,-41.3056277027369,6.1));
#17026=CARTESIAN_POINT('',(217.400150481209,-41.3056277027369,6.1));
#17027=CARTESIAN_POINT('',(182.000081407975,-41.3056277027369,6.1));
#17028=CARTESIAN_POINT('',(217.400150481209,-41.3056277027369,4.6));
#17029=CARTESIAN_POINT('',(217.400150481209,-41.3056277027369,6.1));
#17030=CARTESIAN_POINT('',(182.000081407975,-41.3056277027369,4.6));
#17031=CARTESIAN_POINT('Origin',(217.400150481209,-40.8056277027369,6.1));
#17032=CARTESIAN_POINT('',(217.900150481209,-40.8056277027369,6.1));
#17033=CARTESIAN_POINT('Origin',(217.400150481209,-40.8056277027369,6.1));
#17034=CARTESIAN_POINT('',(217.900150481209,-40.8056277027369,4.6));
#17035=CARTESIAN_POINT('',(217.900150481209,-40.8056277027369,6.1));
#17036=CARTESIAN_POINT('Origin',(217.400150481209,-40.8056277027369,4.6));
#17037=CARTESIAN_POINT('Origin',(217.900150481209,-27.8056277027369,6.1));
#17038=CARTESIAN_POINT('',(217.900150481209,-27.8056277027369,6.1));
#17039=CARTESIAN_POINT('',(217.900150481209,-45.3528136122048,6.1));
#17040=CARTESIAN_POINT('',(217.900150481209,-27.8056277027369,4.6));
#17041=CARTESIAN_POINT('',(217.900150481209,-27.8056277027369,6.1));
#17042=CARTESIAN_POINT('',(217.900150481209,-45.3528136122048,4.6));
#17043=CARTESIAN_POINT('Origin',(217.400150481209,-27.8056277027369,6.1));
#17044=CARTESIAN_POINT('',(217.400150481209,-27.3056277027369,6.1));
#17045=CARTESIAN_POINT('Origin',(217.400150481209,-27.8056277027369,6.1));
#17046=CARTESIAN_POINT('',(217.400150481209,-27.3056277027369,4.6));
#17047=CARTESIAN_POINT('',(217.400150481209,-27.3056277027369,6.1));
#17048=CARTESIAN_POINT('Origin',(217.400150481209,-27.8056277027369,4.6));
#17049=CARTESIAN_POINT('Origin',(204.400150481209,-27.3056277027369,6.1));
#17050=CARTESIAN_POINT('',(204.400150481209,-27.3056277027369,6.1));
#17051=CARTESIAN_POINT('',(175.500081407975,-27.3056277027369,6.1));
#17052=CARTESIAN_POINT('',(204.400150481209,-27.3056277027369,4.6));
#17053=CARTESIAN_POINT('',(204.400150481209,-27.3056277027369,6.1));
#17054=CARTESIAN_POINT('',(175.500081407975,-27.3056277027369,4.6));
#17055=CARTESIAN_POINT('Origin',(204.400150481209,-27.8056277027369,6.1));
#17056=CARTESIAN_POINT('Origin',(204.400150481209,-27.8056277027369,6.1));
#17057=CARTESIAN_POINT('Origin',(204.400150481209,-27.8056277027369,4.6));
#17058=CARTESIAN_POINT('Origin',(22.6001201007381,-99.8591474841997,6.1));
#17059=CARTESIAN_POINT('',(270.599999472499,-99.8588436321628,4.6));
#17060=CARTESIAN_POINT('',(270.599999472499,-99.8588436321628,6.1));
#17061=CARTESIAN_POINT('',(270.599999472499,-99.8588436321628,5.35));
#17062=CARTESIAN_POINT('',(270.600045077154,-99.8588436321069,4.6));
#17063=CARTESIAN_POINT('',(22.6001201007381,-99.8591474841997,4.6));
#17064=CARTESIAN_POINT('',(270.600045077154,-99.8588436321069,6.1));
#17065=CARTESIAN_POINT('',(270.600045077154,-99.8588436321069,6.1));
#17066=CARTESIAN_POINT('',(22.6001201007381,-99.8591474841997,6.1));
#17067=CARTESIAN_POINT('Origin',(270.599999794424,-62.8996981200015,5.35));
#17068=CARTESIAN_POINT('',(270.599999472499,-62.6369471602783,6.1));
#17069=CARTESIAN_POINT('',(270.599999472499,-62.6369471533942,4.6));
#17070=CARTESIAN_POINT('',(270.599999472499,-62.6369471853386,4.975));
#17071=CARTESIAN_POINT('',(270.599953867843,-25.4150506850018,6.1));
#17072=CARTESIAN_POINT('',(270.600045077154,-99.8588436321069,4.6));
#17073=CARTESIAN_POINT('Origin',(146.600012334742,-62.8999995216727,6.1));
#17074=CARTESIAN_POINT('',(22.6000251969857,-22.4000019720939,6.1));
#17075=CARTESIAN_POINT('',(22.6001244390299,-103.400001972095,6.1));
#17076=CARTESIAN_POINT('',(22.60012443903,-103.400001972095,6.1));
#17077=CARTESIAN_POINT('',(24.6001267125217,-105.399999521672,6.1));
#17078=CARTESIAN_POINT('Origin',(24.6001244390285,-103.399999521674,6.1));
#17079=CARTESIAN_POINT('',(59.6662100611092,-105.399999521673,6.1));
#17080=CARTESIAN_POINT('',(59.6662100611092,-105.399999521673,6.1));
#17081=CARTESIAN_POINT('',(60.6662100611092,-106.399999521673,6.1));
#17082=CARTESIAN_POINT('Origin',(59.6662100611092,-106.399999521673,6.1));
#17083=CARTESIAN_POINT('',(60.6662100611092,-108.399999521673,6.1));
#17084=CARTESIAN_POINT('',(60.6662100611092,-108.399999521673,6.1));
#17085=CARTESIAN_POINT('',(59.6662100611092,-109.399999521673,6.1));
#17086=CARTESIAN_POINT('Origin',(59.6662100611092,-108.399999521673,6.1));
#17087=CARTESIAN_POINT('',(41.6349490403739,-109.399999521673,6.1));
#17088=CARTESIAN_POINT('',(45.6349490403738,-109.399999521673,6.1));
#17089=CARTESIAN_POINT('',(40.6349490403738,-110.399999521673,6.1));
#17090=CARTESIAN_POINT('Origin',(41.6349490403738,-110.399999521673,6.1));
#17091=CARTESIAN_POINT('',(40.6349490403738,-112.399999521673,6.1));
#17092=CARTESIAN_POINT('',(40.6349490403738,-112.399999521673,6.1));
#17093=CARTESIAN_POINT('',(41.6349490403739,-113.399999521673,6.1));
#17094=CARTESIAN_POINT('Origin',(41.6349490403738,-112.399999521673,6.1));
#17095=CARTESIAN_POINT('',(89.6349490403738,-113.399999521673,6.1));
#17096=CARTESIAN_POINT('',(45.6349490403738,-113.399999521673,6.1));
#17097=CARTESIAN_POINT('',(90.6349490403738,-112.399999521673,6.1));
#17098=CARTESIAN_POINT('Origin',(89.6349490403738,-112.399999521673,6.1));
#17099=CARTESIAN_POINT('',(90.6349490403738,-110.399999521673,6.1));
#17100=CARTESIAN_POINT('',(90.6349490403738,-110.399999521673,6.1));
#17101=CARTESIAN_POINT('',(89.6349490403738,-109.399999521673,6.1));
#17102=CARTESIAN_POINT('Origin',(89.6349490403738,-110.399999521673,6.1));
#17103=CARTESIAN_POINT('',(71.6662100611092,-109.399999521673,6.1));
#17104=CARTESIAN_POINT('',(85.6349490403738,-109.399999521673,6.1));
#17105=CARTESIAN_POINT('',(70.6662100611092,-108.399999521673,6.1));
#17106=CARTESIAN_POINT('Origin',(71.6662100611092,-108.399999521673,6.1));
#17107=CARTESIAN_POINT('',(70.6662100611094,-106.399999521672,6.1));
#17108=CARTESIAN_POINT('',(70.6662100611092,-106.399999521672,6.1));
#17109=CARTESIAN_POINT('',(71.666210061109,-105.399999521673,6.1));
#17110=CARTESIAN_POINT('Origin',(71.6662100611092,-106.399999521672,6.1));
#17111=CARTESIAN_POINT('',(223.635003337842,-105.399999521672,6.1));
#17112=CARTESIAN_POINT('',(140.634628532775,-105.399999521673,6.1));
#17113=CARTESIAN_POINT('',(224.635003337843,-106.399999521672,6.1));
#17114=CARTESIAN_POINT('Origin',(223.635003337843,-106.399999521672,6.1));
#17115=CARTESIAN_POINT('',(224.635003337842,-108.399999521673,6.1));
#17116=CARTESIAN_POINT('',(224.635003337842,-108.399999521673,6.1));
#17117=CARTESIAN_POINT('',(223.635003337842,-109.399999521673,6.1));
#17118=CARTESIAN_POINT('Origin',(223.635003337842,-108.399999521673,6.1));
#17119=CARTESIAN_POINT('',(205.634374005307,-109.399999521673,6.1));
#17120=CARTESIAN_POINT('',(209.634374005307,-109.399999521673,6.1));
#17121=CARTESIAN_POINT('',(204.634374005307,-110.399999521673,6.1));
#17122=CARTESIAN_POINT('Origin',(205.634374005307,-110.399999521673,6.1));
#17123=CARTESIAN_POINT('',(204.634374005307,-112.399999521673,6.1));
#17124=CARTESIAN_POINT('',(204.634374005307,-112.399999521673,6.1));
#17125=CARTESIAN_POINT('',(205.634374005307,-113.399999521673,6.1));
#17126=CARTESIAN_POINT('Origin',(205.634374005307,-112.399999521673,6.1));
#17127=CARTESIAN_POINT('',(253.634374005307,-113.399999521673,6.1));
#17128=CARTESIAN_POINT('',(209.634374005307,-113.399999521673,6.1));
#17129=CARTESIAN_POINT('',(254.634374005307,-112.399999521673,6.1));
#17130=CARTESIAN_POINT('Origin',(253.634374005307,-112.399999521673,6.1));
#17131=CARTESIAN_POINT('',(254.634374005307,-110.399999521673,6.1));
#17132=CARTESIAN_POINT('',(254.634374005307,-110.399999521673,6.1));
#17133=CARTESIAN_POINT('',(253.634374005307,-109.399999521673,6.1));
#17134=CARTESIAN_POINT('Origin',(253.634374005307,-110.399999521673,6.1));
#17135=CARTESIAN_POINT('',(235.63500333786,-109.399999521673,6.1));
#17136=CARTESIAN_POINT('',(249.634374005307,-109.399999521673,6.1));
#17137=CARTESIAN_POINT('',(234.63500333786,-108.399999521673,6.1));
#17138=CARTESIAN_POINT('Origin',(235.63500333786,-108.399999521673,6.1));
#17139=CARTESIAN_POINT('',(234.63500333786,-106.399999521673,6.1));
#17140=CARTESIAN_POINT('',(234.63500333786,-106.399999521673,6.1));
#17141=CARTESIAN_POINT('',(235.63500333786,-105.399999521673,6.1));
#17142=CARTESIAN_POINT('Origin',(235.63500333786,-106.399999521673,6.1));
#17143=CARTESIAN_POINT('',(268.599999472499,-105.399999521673,6.1));
#17144=CARTESIAN_POINT('',(268.599999472499,-105.399999521673,6.1));
#17145=CARTESIAN_POINT('',(270.599999472499,-103.399999521673,6.1));
#17146=CARTESIAN_POINT('Origin',(268.599999472499,-103.399999521673,6.1));
#17147=CARTESIAN_POINT('',(270.599999472499,-22.3999995216727,6.1));
#17148=CARTESIAN_POINT('',(270.599999472499,-22.3999995216727,6.1));
#17149=CARTESIAN_POINT('',(270.599999472499,-22.3999995216727,6.1));
#17150=CARTESIAN_POINT('',(268.599999472499,-20.3999995216727,6.1));
#17151=CARTESIAN_POINT('Origin',(268.599999472499,-22.3999995216727,6.1));
#17152=CARTESIAN_POINT('',(235.596013687268,-20.3999995216727,6.1));
#17153=CARTESIAN_POINT('',(235.596013687268,-20.3999995216727,6.1));
#17154=CARTESIAN_POINT('',(234.596013687268,-19.3999995216727,6.1));
#17155=CARTESIAN_POINT('Origin',(235.596013687268,-19.3999995216727,6.1));
#17156=CARTESIAN_POINT('',(234.596013687268,-17.3999995216727,6.1));
#17157=CARTESIAN_POINT('',(234.596013687268,-19.3999995216727,6.1));
#17158=CARTESIAN_POINT('',(235.596013687268,-16.3999995216727,6.1));
#17159=CARTESIAN_POINT('Origin',(235.596013687268,-17.3999995216727,6.1));
#17160=CARTESIAN_POINT('',(253.634374005307,-16.3999995216727,6.1));
#17161=CARTESIAN_POINT('',(248.5965381359,-16.3999995216727,6.1));
#17162=CARTESIAN_POINT('',(254.634374005307,-15.3999995216727,6.1));
#17163=CARTESIAN_POINT('Origin',(253.634374005307,-15.3999995216727,6.1));
#17164=CARTESIAN_POINT('',(254.634374005307,-13.3999995216727,6.1));
#17165=CARTESIAN_POINT('',(254.634374005307,-15.3999995216727,6.1));
#17166=CARTESIAN_POINT('',(253.634374005307,-12.3999995216727,6.1));
#17167=CARTESIAN_POINT('Origin',(253.634374005307,-13.3999995216728,6.1));
#17168=CARTESIAN_POINT('',(205.634374005307,-12.3999995216727,6.1));
#17169=CARTESIAN_POINT('',(253.634374005307,-12.3999995216727,6.1));
#17170=CARTESIAN_POINT('',(204.634374005307,-13.3999995216727,6.1));
#17171=CARTESIAN_POINT('Origin',(205.634374005307,-13.3999995216728,6.1));
#17172=CARTESIAN_POINT('',(204.634374005307,-15.3999995216727,6.1));
#17173=CARTESIAN_POINT('',(204.634374005307,-15.3999995216727,6.1));
#17174=CARTESIAN_POINT('',(205.634374005307,-16.3999995216727,6.1));
#17175=CARTESIAN_POINT('Origin',(205.634374005307,-15.3999995216727,6.1));
#17176=CARTESIAN_POINT('',(223.596013687268,-16.3999995216727,6.1));
#17177=CARTESIAN_POINT('',(211.155679822672,-16.3999995216727,6.1));
#17178=CARTESIAN_POINT('',(224.596013687268,-17.3999995216727,6.1));
#17179=CARTESIAN_POINT('Origin',(223.596013687268,-17.3999995216727,6.1));
#17180=CARTESIAN_POINT('',(224.596013687268,-19.3999995216727,6.1));
#17181=CARTESIAN_POINT('',(224.596013687268,-17.3999995216727,6.1));
#17182=CARTESIAN_POINT('',(223.596013687268,-20.3999995216727,6.1));
#17183=CARTESIAN_POINT('Origin',(223.596013687268,-19.3999995216727,6.1));
#17184=CARTESIAN_POINT('',(71.6662100611092,-20.3999995216727,6.1));
#17185=CARTESIAN_POINT('',(152.595866245188,-20.3999995216727,6.1));
#17186=CARTESIAN_POINT('',(70.6662100611092,-19.3999995216727,6.1));
#17187=CARTESIAN_POINT('Origin',(71.6662100611092,-19.3999995216727,6.1));
#17188=CARTESIAN_POINT('',(70.6662100611092,-17.4008339004752,6.1));
#17189=CARTESIAN_POINT('',(70.6662100611092,-19.3999995216727,6.1));
#17190=CARTESIAN_POINT('',(71.6662100611092,-16.4008339004752,6.1));
#17191=CARTESIAN_POINT('Origin',(71.6662100611092,-17.4008339004752,6.1));
#17192=CARTESIAN_POINT('',(89.6349490403738,-16.4008339004752,6.1));
#17193=CARTESIAN_POINT('',(89.6349490403738,-16.4008339004752,6.1));
#17194=CARTESIAN_POINT('',(90.6349490403738,-15.4008339004752,6.1));
#17195=CARTESIAN_POINT('Origin',(89.6349490403738,-15.4008339004752,6.1));
#17196=CARTESIAN_POINT('',(90.6349490403738,-13.4008339004752,6.1));
#17197=CARTESIAN_POINT('',(90.6349490403738,-13.4008339004752,6.1));
#17198=CARTESIAN_POINT('',(89.6349490403738,-12.4008339004752,6.1));
#17199=CARTESIAN_POINT('Origin',(89.6349490403738,-13.4008339004752,6.1));
#17200=CARTESIAN_POINT('',(41.6349490403739,-12.4008339004752,6.1));
#17201=CARTESIAN_POINT('',(41.6349490403738,-12.4008339004752,6.1));
#17202=CARTESIAN_POINT('',(40.6349490403738,-13.4008339004752,6.1));
#17203=CARTESIAN_POINT('Origin',(41.6349490403738,-13.4008339004752,6.1));
#17204=CARTESIAN_POINT('',(40.6349490403738,-15.4008339004752,6.1));
#17205=CARTESIAN_POINT('',(40.6349490403738,-15.4008339004752,6.1));
#17206=CARTESIAN_POINT('',(41.6349490403739,-16.4008339004752,6.1));
#17207=CARTESIAN_POINT('Origin',(41.6349490403738,-15.4008339004752,6.1));
#17208=CARTESIAN_POINT('',(59.6662100611092,-16.4008339004752,6.1));
#17209=CARTESIAN_POINT('',(59.6662100611092,-16.4008339004752,6.1));
#17210=CARTESIAN_POINT('',(60.6662100611092,-17.4008339004752,6.1));
#17211=CARTESIAN_POINT('Origin',(59.6662100611092,-17.4008339004752,6.1));
#17212=CARTESIAN_POINT('',(60.6662100611092,-19.3999995216727,6.1));
#17213=CARTESIAN_POINT('',(60.6662100611092,-17.4008339004752,6.1));
#17214=CARTESIAN_POINT('',(59.6662100611092,-20.3999995216727,6.1));
#17215=CARTESIAN_POINT('Origin',(59.6662100611092,-19.3999995216727,6.1));
#17216=CARTESIAN_POINT('',(24.6000251969842,-20.3999995216731,6.1));
#17217=CARTESIAN_POINT('',(58.596000879158,-20.3999995216727,6.1));
#17218=CARTESIAN_POINT('Origin',(24.6000251969842,-22.3999995216731,6.1));
#17219=CARTESIAN_POINT('Origin',(146.600012334742,-62.8999995216727,4.6));
#17220=CARTESIAN_POINT('',(270.599999472499,-103.399999521673,4.6));
#17221=CARTESIAN_POINT('',(270.599999472499,-22.3999995216727,4.6));
#17222=CARTESIAN_POINT('',(268.599999472499,-105.399999521673,4.6));
#17223=CARTESIAN_POINT('Origin',(268.599999472499,-103.399999521673,4.6));
#17224=CARTESIAN_POINT('',(235.63500333786,-105.399999521673,4.6));
#17225=CARTESIAN_POINT('',(268.599999472499,-105.399999521673,4.6));
#17226=CARTESIAN_POINT('',(234.63500333786,-106.399999521673,4.6));
#17227=CARTESIAN_POINT('Origin',(235.63500333786,-106.399999521673,4.6));
#17228=CARTESIAN_POINT('',(234.63500333786,-108.399999521673,4.6));
#17229=CARTESIAN_POINT('',(234.63500333786,-106.399999521673,4.6));
#17230=CARTESIAN_POINT('',(235.63500333786,-109.399999521673,4.6));
#17231=CARTESIAN_POINT('Origin',(235.63500333786,-108.399999521673,4.6));
#17232=CARTESIAN_POINT('',(253.634374005307,-109.399999521673,4.6));
#17233=CARTESIAN_POINT('',(249.634374005307,-109.399999521673,4.6));
#17234=CARTESIAN_POINT('',(254.634374005307,-110.399999521673,4.6));
#17235=CARTESIAN_POINT('Origin',(253.634374005307,-110.399999521673,4.6));
#17236=CARTESIAN_POINT('',(254.634374005307,-112.399999521673,4.6));
#17237=CARTESIAN_POINT('',(254.634374005307,-110.399999521673,4.6));
#17238=CARTESIAN_POINT('',(253.634374005307,-113.399999521673,4.6));
#17239=CARTESIAN_POINT('Origin',(253.634374005307,-112.399999521673,4.6));
#17240=CARTESIAN_POINT('',(205.634374005307,-113.399999521673,4.6));
#17241=CARTESIAN_POINT('',(209.634374005307,-113.399999521673,4.6));
#17242=CARTESIAN_POINT('',(204.634374005307,-112.399999521673,4.6));
#17243=CARTESIAN_POINT('Origin',(205.634374005307,-112.399999521673,4.6));
#17244=CARTESIAN_POINT('',(204.634374005307,-110.399999521673,4.6));
#17245=CARTESIAN_POINT('',(204.634374005307,-112.399999521673,4.6));
#17246=CARTESIAN_POINT('',(205.634374005307,-109.399999521673,4.6));
#17247=CARTESIAN_POINT('Origin',(205.634374005307,-110.399999521673,4.6));
#17248=CARTESIAN_POINT('',(223.635003337842,-109.399999521673,4.6));
#17249=CARTESIAN_POINT('',(209.634374005307,-109.399999521673,4.6));
#17250=CARTESIAN_POINT('',(224.635003337842,-108.399999521673,4.6));
#17251=CARTESIAN_POINT('Origin',(223.635003337842,-108.399999521673,4.6));
#17252=CARTESIAN_POINT('',(224.635003337843,-106.399999521672,4.6));
#17253=CARTESIAN_POINT('',(224.635003337842,-108.399999521673,4.6));
#17254=CARTESIAN_POINT('',(223.635003337842,-105.399999521672,4.6));
#17255=CARTESIAN_POINT('Origin',(223.635003337843,-106.399999521672,4.6));
#17256=CARTESIAN_POINT('',(71.6662100611091,-105.399999521673,4.6));
#17257=CARTESIAN_POINT('',(140.634628532775,-105.399999521673,4.6));
#17258=CARTESIAN_POINT('',(70.6662100611094,-106.399999521672,4.6));
#17259=CARTESIAN_POINT('Origin',(71.6662100611092,-106.399999521672,4.6));
#17260=CARTESIAN_POINT('',(70.6662100611092,-108.399999521673,4.6));
#17261=CARTESIAN_POINT('',(70.6662100611092,-106.399999521672,4.6));
#17262=CARTESIAN_POINT('',(71.6662100611092,-109.399999521673,4.6));
#17263=CARTESIAN_POINT('Origin',(71.6662100611092,-108.399999521673,4.6));
#17264=CARTESIAN_POINT('',(89.6349490403738,-109.399999521673,4.6));
#17265=CARTESIAN_POINT('',(85.6349490403738,-109.399999521673,4.6));
#17266=CARTESIAN_POINT('',(90.6349490403738,-110.399999521673,4.6));
#17267=CARTESIAN_POINT('Origin',(89.6349490403738,-110.399999521673,4.6));
#17268=CARTESIAN_POINT('',(90.6349490403738,-112.399999521673,4.6));
#17269=CARTESIAN_POINT('',(90.6349490403738,-110.399999521673,4.6));
#17270=CARTESIAN_POINT('',(89.6349490403738,-113.399999521673,4.6));
#17271=CARTESIAN_POINT('Origin',(89.6349490403738,-112.399999521673,4.6));
#17272=CARTESIAN_POINT('',(41.6349490403738,-113.399999521673,4.6));
#17273=CARTESIAN_POINT('',(45.6349490403738,-113.399999521673,4.6));
#17274=CARTESIAN_POINT('',(40.6349490403738,-112.399999521673,4.6));
#17275=CARTESIAN_POINT('Origin',(41.6349490403738,-112.399999521673,4.6));
#17276=CARTESIAN_POINT('',(40.6349490403738,-110.399999521673,4.6));
#17277=CARTESIAN_POINT('',(40.6349490403738,-112.399999521673,4.6));
#17278=CARTESIAN_POINT('',(41.6349490403738,-109.399999521673,4.6));
#17279=CARTESIAN_POINT('Origin',(41.6349490403738,-110.399999521673,4.6));
#17280=CARTESIAN_POINT('',(59.6662100611092,-109.399999521673,4.6));
#17281=CARTESIAN_POINT('',(45.6349490403738,-109.399999521673,4.6));
#17282=CARTESIAN_POINT('',(60.6662100611092,-108.399999521673,4.6));
#17283=CARTESIAN_POINT('Origin',(59.6662100611092,-108.399999521673,4.6));
#17284=CARTESIAN_POINT('',(60.6662100611092,-106.399999521673,4.6));
#17285=CARTESIAN_POINT('',(60.6662100611092,-108.399999521673,4.6));
#17286=CARTESIAN_POINT('',(59.6662100611092,-105.399999521673,4.6));
#17287=CARTESIAN_POINT('Origin',(59.6662100611092,-106.399999521673,4.6));
#17288=CARTESIAN_POINT('',(24.6001267125217,-105.399999521672,4.6));
#17289=CARTESIAN_POINT('',(59.6662100611092,-105.399999521673,4.6));
#17290=CARTESIAN_POINT('',(22.60012443903,-103.400001972095,4.6));
#17291=CARTESIAN_POINT('Origin',(24.6001244390285,-103.399999521674,4.6));
#17292=CARTESIAN_POINT('',(22.6000251969857,-22.4000019720939,4.6));
#17293=CARTESIAN_POINT('',(22.60012443903,-103.400001972095,4.6));
#17294=CARTESIAN_POINT('',(24.6000251969842,-20.3999995216731,4.6));
#17295=CARTESIAN_POINT('Origin',(24.6000251969842,-22.3999995216731,4.6));
#17296=CARTESIAN_POINT('',(59.6662100611092,-20.3999995216727,4.6));
#17297=CARTESIAN_POINT('',(58.596000879158,-20.3999995216727,4.6));
#17298=CARTESIAN_POINT('',(60.6662100611092,-19.3999995216727,4.6));
#17299=CARTESIAN_POINT('Origin',(59.6662100611092,-19.3999995216727,4.6));
#17300=CARTESIAN_POINT('',(60.6662100611092,-17.4008339004752,4.6));
#17301=CARTESIAN_POINT('',(60.6662100611092,-17.4008339004752,4.6));
#17302=CARTESIAN_POINT('',(59.6662100611092,-16.4008339004752,4.6));
#17303=CARTESIAN_POINT('Origin',(59.6662100611092,-17.4008339004752,4.6));
#17304=CARTESIAN_POINT('',(41.6349490403738,-16.4008339004752,4.6));
#17305=CARTESIAN_POINT('',(59.6662100611092,-16.4008339004752,4.6));
#17306=CARTESIAN_POINT('',(40.6349490403738,-15.4008339004752,4.6));
#17307=CARTESIAN_POINT('Origin',(41.6349490403738,-15.4008339004752,4.6));
#17308=CARTESIAN_POINT('',(40.6349490403738,-13.4008339004752,4.6));
#17309=CARTESIAN_POINT('',(40.6349490403738,-15.4008339004752,4.6));
#17310=CARTESIAN_POINT('',(41.6349490403738,-12.4008339004752,4.6));
#17311=CARTESIAN_POINT('Origin',(41.6349490403738,-13.4008339004752,4.6));
#17312=CARTESIAN_POINT('',(89.6349490403738,-12.4008339004752,4.6));
#17313=CARTESIAN_POINT('',(41.6349490403738,-12.4008339004752,4.6));
#17314=CARTESIAN_POINT('',(90.6349490403738,-13.4008339004752,4.6));
#17315=CARTESIAN_POINT('Origin',(89.6349490403738,-13.4008339004752,4.6));
#17316=CARTESIAN_POINT('',(90.6349490403738,-15.4008339004752,4.6));
#17317=CARTESIAN_POINT('',(90.6349490403738,-13.4008339004752,4.6));
#17318=CARTESIAN_POINT('',(89.6349490403738,-16.4008339004752,4.6));
#17319=CARTESIAN_POINT('Origin',(89.6349490403738,-15.4008339004752,4.6));
#17320=CARTESIAN_POINT('',(71.6662100611092,-16.4008339004752,4.6));
#17321=CARTESIAN_POINT('',(89.6349490403738,-16.4008339004752,4.6));
#17322=CARTESIAN_POINT('',(70.6662100611092,-17.4008339004752,4.6));
#17323=CARTESIAN_POINT('Origin',(71.6662100611092,-17.4008339004752,4.6));
#17324=CARTESIAN_POINT('',(70.6662100611092,-19.3999995216727,4.6));
#17325=CARTESIAN_POINT('',(70.6662100611092,-19.3999995216727,4.6));
#17326=CARTESIAN_POINT('',(71.6662100611092,-20.3999995216727,4.6));
#17327=CARTESIAN_POINT('Origin',(71.6662100611092,-19.3999995216727,4.6));
#17328=CARTESIAN_POINT('',(223.596013687268,-20.3999995216727,4.6));
#17329=CARTESIAN_POINT('',(152.595866245188,-20.3999995216727,4.6));
#17330=CARTESIAN_POINT('',(224.596013687268,-19.3999995216727,4.6));
#17331=CARTESIAN_POINT('Origin',(223.596013687268,-19.3999995216727,4.6));
#17332=CARTESIAN_POINT('',(224.596013687268,-17.3999995216727,4.6));
#17333=CARTESIAN_POINT('',(224.596013687268,-17.3999995216727,4.6));
#17334=CARTESIAN_POINT('',(223.596013687268,-16.3999995216727,4.6));
#17335=CARTESIAN_POINT('Origin',(223.596013687268,-17.3999995216727,4.6));
#17336=CARTESIAN_POINT('',(205.634374005307,-16.3999995216727,4.6));
#17337=CARTESIAN_POINT('',(211.155679822672,-16.3999995216727,4.6));
#17338=CARTESIAN_POINT('',(204.634374005307,-15.3999995216727,4.6));
#17339=CARTESIAN_POINT('Origin',(205.634374005307,-15.3999995216727,4.6));
#17340=CARTESIAN_POINT('',(204.634374005307,-13.3999995216727,4.6));
#17341=CARTESIAN_POINT('',(204.634374005307,-15.3999995216727,4.6));
#17342=CARTESIAN_POINT('',(205.634374005307,-12.3999995216727,4.6));
#17343=CARTESIAN_POINT('Origin',(205.634374005307,-13.3999995216728,4.6));
#17344=CARTESIAN_POINT('',(253.634374005307,-12.3999995216727,4.6));
#17345=CARTESIAN_POINT('',(253.634374005307,-12.3999995216727,4.6));
#17346=CARTESIAN_POINT('',(254.634374005307,-13.3999995216727,4.6));
#17347=CARTESIAN_POINT('Origin',(253.634374005307,-13.3999995216728,4.6));
#17348=CARTESIAN_POINT('',(254.634374005307,-15.3999995216727,4.6));
#17349=CARTESIAN_POINT('',(254.634374005307,-15.3999995216727,4.6));
#17350=CARTESIAN_POINT('',(253.634374005307,-16.3999995216727,4.6));
#17351=CARTESIAN_POINT('Origin',(253.634374005307,-15.3999995216727,4.6));
#17352=CARTESIAN_POINT('',(235.596013687268,-16.3999995216727,4.6));
#17353=CARTESIAN_POINT('',(248.5965381359,-16.3999995216727,4.6));
#17354=CARTESIAN_POINT('',(234.596013687268,-17.3999995216727,4.6));
#17355=CARTESIAN_POINT('Origin',(235.596013687268,-17.3999995216727,4.6));
#17356=CARTESIAN_POINT('',(234.596013687268,-19.3999995216727,4.6));
#17357=CARTESIAN_POINT('',(234.596013687268,-19.3999995216727,4.6));
#17358=CARTESIAN_POINT('',(235.596013687268,-20.3999995216727,4.6));
#17359=CARTESIAN_POINT('Origin',(235.596013687268,-19.3999995216727,4.6));
#17360=CARTESIAN_POINT('',(268.599999472499,-20.3999995216727,4.6));
#17361=CARTESIAN_POINT('',(235.596013687268,-20.3999995216727,4.6));
#17362=CARTESIAN_POINT('',(270.599999472499,-22.3999995216727,4.6));
#17363=CARTESIAN_POINT('Origin',(268.599999472499,-22.3999995216727,4.6));
#17364=CARTESIAN_POINT('',(270.599999472499,-22.3999995216727,4.6));
#17365=CARTESIAN_POINT('Origin',(270.599999472499,-103.399999521673,4.6));
#17366=CARTESIAN_POINT('',(270.599999472499,-103.399999521673,4.6));
#17367=CARTESIAN_POINT('Origin',(270.599999472499,-103.399999521673,4.6));
#17368=CARTESIAN_POINT('',(270.599999472499,-22.3999995216727,4.6));
#17369=CARTESIAN_POINT('Origin',(235.596013687268,-17.3999995216727,4.6));
#17370=CARTESIAN_POINT('',(235.596013687268,-16.3999995216727,4.6));
#17371=CARTESIAN_POINT('',(234.596013687268,-17.3999995216727,4.6));
#17372=CARTESIAN_POINT('Origin',(234.596013687268,-19.3999995216727,4.6));
#17373=CARTESIAN_POINT('',(234.596013687268,-19.3999995216727,4.6));
#17374=CARTESIAN_POINT('Origin',(235.596013687268,-19.3999995216727,4.6));
#17375=CARTESIAN_POINT('',(235.596013687268,-20.3999995216727,4.6));
#17376=CARTESIAN_POINT('Origin',(268.599999472499,-20.3999995216727,4.6));
#17377=CARTESIAN_POINT('',(268.599999472499,-20.3999995216727,4.6));
#17378=CARTESIAN_POINT('Origin',(268.599999472499,-22.3999995216727,4.6));
#17379=CARTESIAN_POINT('Origin',(268.599999472499,-103.399999521673,4.6));
#17380=CARTESIAN_POINT('',(268.599999472499,-105.399999521673,4.6));
#17381=CARTESIAN_POINT('Origin',(235.63500333786,-105.399999521673,4.6));
#17382=CARTESIAN_POINT('',(235.63500333786,-105.399999521673,4.6));
#17383=CARTESIAN_POINT('Origin',(235.63500333786,-106.399999521673,4.6));
#17384=CARTESIAN_POINT('',(234.63500333786,-106.399999521673,4.6));
#17385=CARTESIAN_POINT('Origin',(234.63500333786,-108.399999521673,4.6));
#17386=CARTESIAN_POINT('',(234.63500333786,-108.399999521673,4.6));
#17387=CARTESIAN_POINT('Origin',(235.63500333786,-108.399999521673,4.6));
#17388=CARTESIAN_POINT('',(235.63500333786,-109.399999521673,4.6));
#17389=CARTESIAN_POINT('Origin',(253.634374005307,-109.399999521673,4.6));
#17390=CARTESIAN_POINT('',(253.634374005307,-109.399999521673,4.6));
#17391=CARTESIAN_POINT('Origin',(253.634374005307,-110.399999521673,4.6));
#17392=CARTESIAN_POINT('',(254.634374005307,-110.399999521673,4.6));
#17393=CARTESIAN_POINT('Origin',(254.634374005307,-112.399999521673,4.6));
#17394=CARTESIAN_POINT('',(254.634374005307,-112.399999521673,4.6));
#17395=CARTESIAN_POINT('Origin',(253.634374005307,-112.399999521673,4.6));
#17396=CARTESIAN_POINT('',(253.634374005307,-113.399999521673,4.6));
#17397=CARTESIAN_POINT('Origin',(205.634374005307,-113.399999521673,4.6));
#17398=CARTESIAN_POINT('',(205.634374005307,-113.399999521673,4.6));
#17399=CARTESIAN_POINT('Origin',(205.634374005307,-112.399999521673,4.6));
#17400=CARTESIAN_POINT('',(204.634374005307,-112.399999521673,4.6));
#17401=CARTESIAN_POINT('Origin',(204.634374005307,-110.399999521673,4.6));
#17402=CARTESIAN_POINT('',(204.634374005307,-110.399999521673,4.6));
#17403=CARTESIAN_POINT('Origin',(205.634374005307,-110.399999521673,4.6));
#17404=CARTESIAN_POINT('',(205.634374005307,-109.399999521673,4.6));
#17405=CARTESIAN_POINT('Origin',(223.635003337842,-109.399999521673,4.6));
#17406=CARTESIAN_POINT('',(223.635003337842,-109.399999521673,4.6));
#17407=CARTESIAN_POINT('Origin',(223.635003337842,-108.399999521673,4.6));
#17408=CARTESIAN_POINT('',(224.635003337842,-108.399999521673,4.6));
#17409=CARTESIAN_POINT('Origin',(224.635003337843,-106.399999521672,4.6));
#17410=CARTESIAN_POINT('',(224.635003337843,-106.399999521672,4.6));
#17411=CARTESIAN_POINT('Origin',(223.635003337843,-106.399999521672,4.6));
#17412=CARTESIAN_POINT('',(223.635003337842,-105.399999521672,4.6));
#17413=CARTESIAN_POINT('Origin',(71.6662100611091,-105.399999521673,4.6));
#17414=CARTESIAN_POINT('',(71.6662100611091,-105.399999521673,4.6));
#17415=CARTESIAN_POINT('Origin',(71.6662100611092,-106.399999521672,4.6));
#17416=CARTESIAN_POINT('',(70.6662100611094,-106.399999521672,4.6));
#17417=CARTESIAN_POINT('Origin',(70.6662100611092,-108.399999521673,4.6));
#17418=CARTESIAN_POINT('',(70.6662100611092,-108.399999521673,4.6));
#17419=CARTESIAN_POINT('Origin',(71.6662100611092,-108.399999521673,4.6));
#17420=CARTESIAN_POINT('',(71.6662100611092,-109.399999521673,4.6));
#17421=CARTESIAN_POINT('Origin',(89.6349490403738,-109.399999521673,4.6));
#17422=CARTESIAN_POINT('',(89.6349490403738,-109.399999521673,4.6));
#17423=CARTESIAN_POINT('Origin',(89.6349490403738,-110.399999521673,4.6));
#17424=CARTESIAN_POINT('',(90.6349490403738,-110.399999521673,4.6));
#17425=CARTESIAN_POINT('Origin',(90.6349490403738,-112.399999521673,4.6));
#17426=CARTESIAN_POINT('',(90.6349490403738,-112.399999521673,4.6));
#17427=CARTESIAN_POINT('Origin',(89.6349490403738,-112.399999521673,4.6));
#17428=CARTESIAN_POINT('',(89.6349490403738,-113.399999521673,4.6));
#17429=CARTESIAN_POINT('Origin',(41.6349490403738,-113.399999521673,4.6));
#17430=CARTESIAN_POINT('',(41.6349490403738,-113.399999521673,4.6));
#17431=CARTESIAN_POINT('Origin',(41.6349490403738,-112.399999521673,4.6));
#17432=CARTESIAN_POINT('',(40.6349490403738,-112.399999521673,4.6));
#17433=CARTESIAN_POINT('Origin',(40.6349490403738,-110.399999521673,4.6));
#17434=CARTESIAN_POINT('',(40.6349490403738,-110.399999521673,4.6));
#17435=CARTESIAN_POINT('Origin',(41.6349490403738,-110.399999521673,4.6));
#17436=CARTESIAN_POINT('',(41.6349490403738,-109.399999521673,4.6));
#17437=CARTESIAN_POINT('Origin',(59.6662100611092,-109.399999521673,4.6));
#17438=CARTESIAN_POINT('',(59.6662100611092,-109.399999521673,4.6));
#17439=CARTESIAN_POINT('Origin',(59.6662100611092,-108.399999521673,4.6));
#17440=CARTESIAN_POINT('',(60.6662100611092,-108.399999521673,4.6));
#17441=CARTESIAN_POINT('Origin',(60.6662100611092,-106.399999521673,4.6));
#17442=CARTESIAN_POINT('',(60.6662100611092,-106.399999521673,4.6));
#17443=CARTESIAN_POINT('Origin',(59.6662100611092,-106.399999521673,4.6));
#17444=CARTESIAN_POINT('',(59.6662100611092,-105.399999521673,4.6));
#17445=CARTESIAN_POINT('Origin',(24.6001267125217,-105.399999521672,4.6));
#17446=CARTESIAN_POINT('',(24.6001267125217,-105.399999521672,4.6));
#17447=CARTESIAN_POINT('Origin',(24.6001244390285,-103.399999521674,4.6));
#17448=CARTESIAN_POINT('',(22.60012443903,-103.400001972095,4.6));
#17449=CARTESIAN_POINT('Origin',(22.6000251969858,-22.400001972094,4.6));
#17450=CARTESIAN_POINT('',(22.6000251969857,-22.4000019720939,4.6));
#17451=CARTESIAN_POINT('Origin',(24.6000251969842,-22.3999995216731,4.6));
#17452=CARTESIAN_POINT('',(24.6000251969842,-20.3999995216731,4.6));
#17453=CARTESIAN_POINT('Origin',(59.6662100611092,-20.3999995216727,4.6));
#17454=CARTESIAN_POINT('',(59.6662100611092,-20.3999995216727,4.6));
#17455=CARTESIAN_POINT('Origin',(59.6662100611092,-19.3999995216727,4.6));
#17456=CARTESIAN_POINT('',(60.6662100611092,-19.3999995216727,4.6));
#17457=CARTESIAN_POINT('Origin',(60.6662100611092,-17.4008339004752,4.6));
#17458=CARTESIAN_POINT('',(60.6662100611092,-17.4008339004752,4.6));
#17459=CARTESIAN_POINT('Origin',(59.6662100611092,-17.4008339004752,4.6));
#17460=CARTESIAN_POINT('',(59.6662100611092,-16.4008339004752,4.6));
#17461=CARTESIAN_POINT('Origin',(41.6349490403738,-16.4008339004752,4.6));
#17462=CARTESIAN_POINT('',(41.6349490403738,-16.4008339004752,4.6));
#17463=CARTESIAN_POINT('Origin',(41.6349490403738,-15.4008339004752,4.6));
#17464=CARTESIAN_POINT('',(40.6349490403738,-15.4008339004752,4.6));
#17465=CARTESIAN_POINT('Origin',(40.6349490403738,-13.4008339004752,4.6));
#17466=CARTESIAN_POINT('',(40.6349490403738,-13.4008339004752,4.6));
#17467=CARTESIAN_POINT('Origin',(41.6349490403738,-13.4008339004752,4.6));
#17468=CARTESIAN_POINT('',(41.6349490403738,-12.4008339004752,4.6));
#17469=CARTESIAN_POINT('Origin',(89.6349490403738,-12.4008339004752,4.6));
#17470=CARTESIAN_POINT('',(89.6349490403738,-12.4008339004752,4.6));
#17471=CARTESIAN_POINT('Origin',(89.6349490403738,-13.4008339004752,4.6));
#17472=CARTESIAN_POINT('',(90.6349490403738,-13.4008339004752,4.6));
#17473=CARTESIAN_POINT('Origin',(90.6349490403738,-15.4008339004752,4.6));
#17474=CARTESIAN_POINT('',(90.6349490403738,-15.4008339004752,4.6));
#17475=CARTESIAN_POINT('Origin',(89.6349490403738,-15.4008339004752,4.6));
#17476=CARTESIAN_POINT('',(89.6349490403738,-16.4008339004752,4.6));
#17477=CARTESIAN_POINT('Origin',(71.6662100611092,-16.4008339004752,4.6));
#17478=CARTESIAN_POINT('',(71.6662100611092,-16.4008339004752,4.6));
#17479=CARTESIAN_POINT('Origin',(71.6662100611092,-17.4008339004752,4.6));
#17480=CARTESIAN_POINT('',(70.6662100611092,-17.4008339004752,4.6));
#17481=CARTESIAN_POINT('Origin',(70.6662100611092,-19.3999995216727,4.6));
#17482=CARTESIAN_POINT('',(70.6662100611092,-19.3999995216727,4.6));
#17483=CARTESIAN_POINT('Origin',(71.6662100611092,-19.3999995216727,4.6));
#17484=CARTESIAN_POINT('',(71.6662100611092,-20.3999995216727,4.6));
#17485=CARTESIAN_POINT('Origin',(223.596013687268,-20.3999995216727,4.6));
#17486=CARTESIAN_POINT('',(223.596013687268,-20.3999995216727,4.6));
#17487=CARTESIAN_POINT('Origin',(223.596013687268,-19.3999995216727,4.6));
#17488=CARTESIAN_POINT('',(224.596013687268,-19.3999995216727,4.6));
#17489=CARTESIAN_POINT('Origin',(224.596013687268,-17.3999995216727,4.6));
#17490=CARTESIAN_POINT('',(224.596013687268,-17.3999995216727,4.6));
#17491=CARTESIAN_POINT('Origin',(223.596013687268,-17.3999995216727,4.6));
#17492=CARTESIAN_POINT('',(223.596013687268,-16.3999995216727,4.6));
#17493=CARTESIAN_POINT('Origin',(205.634374005307,-16.3999995216727,4.6));
#17494=CARTESIAN_POINT('',(205.634374005307,-16.3999995216727,4.6));
#17495=CARTESIAN_POINT('Origin',(205.634374005307,-15.3999995216727,4.6));
#17496=CARTESIAN_POINT('',(204.634374005307,-15.3999995216727,4.6));
#17497=CARTESIAN_POINT('Origin',(204.634374005307,-13.3999995216727,4.6));
#17498=CARTESIAN_POINT('',(204.634374005307,-13.3999995216727,4.6));
#17499=CARTESIAN_POINT('Origin',(205.634374005307,-13.3999995216728,4.6));
#17500=CARTESIAN_POINT('',(205.634374005307,-12.3999995216727,4.6));
#17501=CARTESIAN_POINT('Origin',(253.634374005307,-12.3999995216727,4.6));
#17502=CARTESIAN_POINT('',(253.634374005307,-12.3999995216727,4.6));
#17503=CARTESIAN_POINT('Origin',(253.634374005307,-13.3999995216728,4.6));
#17504=CARTESIAN_POINT('',(254.634374005307,-13.3999995216727,4.6));
#17505=CARTESIAN_POINT('Origin',(254.634374005307,-15.3999995216727,4.6));
#17506=CARTESIAN_POINT('',(254.634374005307,-15.3999995216727,4.6));
#17507=CARTESIAN_POINT('Origin',(253.634374005307,-15.3999995216727,4.6));
#17508=CARTESIAN_POINT('',(253.634374005307,-16.3999995216727,4.6));
#17509=CARTESIAN_POINT('Origin',(235.596013687268,-16.3999995216727,4.6));
#17510=CARTESIAN_POINT('',(0.,0.,0.));
#17511=CARTESIAN_POINT('',(0.,0.,0.));
#17512=CARTESIAN_POINT('',(0.,0.,0.));
#17513=CARTESIAN_POINT('',(0.,0.,0.));
#17514=UNCERTAINTY_MEASURE_WITH_UNIT(LENGTH_MEASURE(0.01),#17524,
'DISTANCE_ACCURACY_VALUE',
'Maximum model space distance between geometric entities at asserted c
onnectivities');
#17515=UNCERTAINTY_MEASURE_WITH_UNIT(LENGTH_MEASURE(0.01),#17524,
'DISTANCE_ACCURACY_VALUE',
'Maximum model space distance between geometric entities at asserted c
onnectivities');
#17516=UNCERTAINTY_MEASURE_WITH_UNIT(LENGTH_MEASURE(0.01),#17524,
'DISTANCE_ACCURACY_VALUE',
'Maximum model space distance between geometric entities at asserted c
onnectivities');
#17517=UNCERTAINTY_MEASURE_WITH_UNIT(LENGTH_MEASURE(0.01),#17524,
'DISTANCE_ACCURACY_VALUE',
'Maximum model space distance between geometric entities at asserted c
onnectivities');
#17518=UNCERTAINTY_MEASURE_WITH_UNIT(LENGTH_MEASURE(0.01),#17524,
'DISTANCE_ACCURACY_VALUE',
'Maximum model space distance between geometric entities at asserted c
onnectivities');
#17519=(
GEOMETRIC_REPRESENTATION_CONTEXT(3)
GLOBAL_UNCERTAINTY_ASSIGNED_CONTEXT((#17514))
GLOBAL_UNIT_ASSIGNED_CONTEXT((#17524,#17526,#17527))
REPRESENTATION_CONTEXT('','3D')
);
#17520=(
GEOMETRIC_REPRESENTATION_CONTEXT(3)
GLOBAL_UNCERTAINTY_ASSIGNED_CONTEXT((#17515))
GLOBAL_UNIT_ASSIGNED_CONTEXT((#17524,#17526,#17527))
REPRESENTATION_CONTEXT('','3D')
);
#17521=(
GEOMETRIC_REPRESENTATION_CONTEXT(3)
GLOBAL_UNCERTAINTY_ASSIGNED_CONTEXT((#17516))
GLOBAL_UNIT_ASSIGNED_CONTEXT((#17524,#17526,#17527))
REPRESENTATION_CONTEXT('','3D')
);
#17522=(
GEOMETRIC_REPRESENTATION_CONTEXT(3)
GLOBAL_UNCERTAINTY_ASSIGNED_CONTEXT((#17517))
GLOBAL_UNIT_ASSIGNED_CONTEXT((#17524,#17526,#17527))
REPRESENTATION_CONTEXT('','3D')
);
#17523=(
GEOMETRIC_REPRESENTATION_CONTEXT(3)
GLOBAL_UNCERTAINTY_ASSIGNED_CONTEXT((#17518))
GLOBAL_UNIT_ASSIGNED_CONTEXT((#17524,#17526,#17527))
REPRESENTATION_CONTEXT('','3D')
);
#17524=(
LENGTH_UNIT()
NAMED_UNIT(*)
SI_UNIT(.MILLI.,.METRE.)
);
#17525=(
LENGTH_UNIT()
NAMED_UNIT(*)
SI_UNIT($,.METRE.)
);
#17526=(
NAMED_UNIT(*)
PLANE_ANGLE_UNIT()
SI_UNIT($,.RADIAN.)
);
#17527=(
NAMED_UNIT(*)
SI_UNIT($,.STERADIAN.)
SOLID_ANGLE_UNIT()
);
#17528=SHAPE_DEFINITION_REPRESENTATION(#17532,#17539);
#17529=SHAPE_DEFINITION_REPRESENTATION(#17533,#17540);
#17530=SHAPE_DEFINITION_REPRESENTATION(#17534,#17541);
#17531=SHAPE_DEFINITION_REPRESENTATION(#17535,#17542);
#17532=PRODUCT_DEFINITION_SHAPE('',$,#17544);
#17533=PRODUCT_DEFINITION_SHAPE('',$,#17545);
#17534=PRODUCT_DEFINITION_SHAPE('',$,#17546);
#17535=PRODUCT_DEFINITION_SHAPE('',$,#17547);
#17536=PRODUCT_DEFINITION_SHAPE($,$,#20);
#17537=PRODUCT_DEFINITION_SHAPE($,$,#21);
#17538=PRODUCT_DEFINITION_SHAPE($,$,#22);
#17539=SHAPE_REPRESENTATION('',(#10386,#11405),#17519);
#17540=SHAPE_REPRESENTATION('',(#10387,#11403,#11404),#17520);
#17541=SHAPE_REPRESENTATION('',(#10388),#17521);
#17542=SHAPE_REPRESENTATION('',(#11402),#17522);
#17543=PRODUCT_DEFINITION_CONTEXT('part definition',#17557,'design');
#17544=PRODUCT_DEFINITION('Pancake case','Pancake case v75',#17548,#17543);
#17545=PRODUCT_DEFINITION('Pancake','Pancake',#17549,#17543);
#17546=PRODUCT_DEFINITION('PCB & Plate','PCB & Plate',#17550,#17543);
#17547=PRODUCT_DEFINITION('Trou vis & USB','Trou vis & USB',#17551,#17543);
#17548=PRODUCT_DEFINITION_FORMATION('',$,#17559);
#17549=PRODUCT_DEFINITION_FORMATION('',$,#17560);
#17550=PRODUCT_DEFINITION_FORMATION('',$,#17561);
#17551=PRODUCT_DEFINITION_FORMATION('',$,#17562);
#17552=PRODUCT_RELATED_PRODUCT_CATEGORY('Pancake case v75',
'Pancake case v75',(#17559));
#17553=PRODUCT_RELATED_PRODUCT_CATEGORY('Pancake','Pancake',(#17560));
#17554=PRODUCT_RELATED_PRODUCT_CATEGORY('PCB & Plate','PCB & Plate',(#17561));
#17555=PRODUCT_RELATED_PRODUCT_CATEGORY('Trou vis & USB',
'Trou vis & USB',(#17562));
#17556=APPLICATION_PROTOCOL_DEFINITION('international standard',
'automotive_design',2009,#17557);
#17557=APPLICATION_CONTEXT(
'Core Data for Automotive Mechanical Design Process');
#17558=PRODUCT_CONTEXT('part definition',#17557,'mechanical');
#17559=PRODUCT('Pancake case','Pancake case v75',$,(#17558));
#17560=PRODUCT('Pancake','Pancake',$,(#17558));
#17561=PRODUCT('PCB & Plate','PCB & Plate',$,(#17558));
#17562=PRODUCT('Trou vis & USB','Trou vis & USB',$,(#17558));
#17563=PRESENTATION_STYLE_ASSIGNMENT((#17567));
#17564=PRESENTATION_STYLE_ASSIGNMENT((#17568));
#17565=PRESENTATION_STYLE_ASSIGNMENT((#17569));
#17566=PRESENTATION_STYLE_ASSIGNMENT((#17570));
#17567=SURFACE_STYLE_USAGE(.BOTH.,#17571);
#17568=SURFACE_STYLE_USAGE(.BOTH.,#17572);
#17569=SURFACE_STYLE_USAGE(.BOTH.,#17573);
#17570=SURFACE_STYLE_USAGE(.BOTH.,#17574);
#17571=SURFACE_SIDE_STYLE('',(#17575));
#17572=SURFACE_SIDE_STYLE('',(#17576));
#17573=SURFACE_SIDE_STYLE('',(#17577));
#17574=SURFACE_SIDE_STYLE('',(#17578));
#17575=SURFACE_STYLE_FILL_AREA(#17579);
#17576=SURFACE_STYLE_FILL_AREA(#17580);
#17577=SURFACE_STYLE_FILL_AREA(#17581);
#17578=SURFACE_STYLE_FILL_AREA(#17582);
#17579=FILL_AREA_STYLE('Acier - Satin\X\E9',(#17583));
#17580=FILL_AREA_STYLE('ABS (blanc)',(#17584));
#17581=FILL_AREA_STYLE('Plastique - Mat (gris)',(#17585));
#17582=FILL_AREA_STYLE('Violet perso',(#17586));
#17583=FILL_AREA_STYLE_COLOUR('Acier - Satin\X\E9',#17587);
#17584=FILL_AREA_STYLE_COLOUR('ABS (blanc)',#17588);
#17585=FILL_AREA_STYLE_COLOUR('Plastique - Mat (gris)',#17589);
#17586=FILL_AREA_STYLE_COLOUR('Violet perso',#17590);
#17587=COLOUR_RGB('Acier - Satin\X\E9',0.627450980392157,0.627450980392157,
0.627450980392157);
#17588=COLOUR_RGB('ABS (blanc)',0.964705882352941,0.964705882352941,0.952941176470588);
#17589=COLOUR_RGB('Plastique - Mat (gris)',0.701960784313725,0.701960784313725,
0.701960784313725);
#17590=COLOUR_RGB('Violet perso',0.498039215686275,0.0352941176470588,0.352941176470588);
ENDSEC;
END-ISO-10303-21;
